Time,Speed,WheelsOffRoad,SteeringAngle,ThrottlePos,BrakePos,LanePosition,DistanceTravelledm,CamHeightm,PropOfTotalHeight,RoadDirection,RoadSlope,RoadHeadingChange,RoadSlopeAngle,RoadAttribute
163.3399,21.84706,0,-0.5781645,0.5156176,0,1.413029,478.7073,0.8818187,9.106265E-08,Right,Flat,0.09691329,-0.02178192,TransSlide
163.3799,21.89332,0,-0.7017624,0.5156176,0,1.406773,479.5826,0.8800871,1.076195E-06,Right,Flat,0.09691329,-0.03812408,TransSlide
163.4199,21.94109,0,-0.8729678,0.5156176,0,1.399292,480.4597,0.8789114,3.013346E-06,Straight,Flat,0,-0.05448914,TransSlide
163.4599,21.99101,0,-0.9910727,0.5156176,0,1.388584,481.3389,0.8804182,5.935629E-06,Straight,Flat,0,-0.06622314,TransSlide
163.4999,22.03939,0,-1.132067,0.5156176,0,1.377531,482.22,0.8818585,9.843045E-06,Straight,Flat,-0.01978234,-0.07559204,TransSlide
163.5399,22.08454,0,-1.229113,0.5156176,0,1.366104,483.1029,0.882418,1.472731E-05,Straight,Flat,0,-0.08499146,TransSlide
163.5799,22.13385,0,-1.2813,0.5156176,0,1.354126,483.9878,0.8820276,2.057188E-05,Straight,Flat,-0.01978234,-0.09441376,TransSlide
163.6199,22.18233,0,-1.310597,0.5156176,0,1.341225,484.8746,0.8811548,2.73933E-05,Straight,Flat,-0.01978234,-0.1038666,TransSlide
163.6599,22.23009,0,-1.315175,0.5156176,0,1.327139,485.7633,0.8804542,3.519985E-05,Straight,Flat,-0.01978234,-0.1133499,TransSlide
163.6999,22.27723,0,-1.31609,0.5156176,0,1.311718,486.654,0.8798488,4.39667E-05,Straight,Flat,-0.01978234,-0.1228409,TransSlide
163.7399,22.32377,0,-1.31609,0.5156176,0,1.294686,487.5464,0.8793139,5.371041E-05,Straight,Flat,-0.01978234,-0.13237,TransSlide
163.7799,22.36997,0,-1.31609,0.5156176,0,1.275591,488.4408,0.8790917,6.443924E-05,Straight,Flat,-0.01978234,-0.141922,TransSlide
163.8199,22.41505,0,-1.304188,0.5156176,0,1.254084,489.3369,0.8791682,7.61201E-05,Straight,Down,-0.01978234,-0.1514969,TransSlide
163.8599,22.45947,0,-1.280385,0.5156176,0,1.229887,490.2348,0.8783337,8.878608E-05,Straight,Down,-0.01978234,-0.1611023,TransSlide
163.8999,22.50351,0,-1.233693,0.5156176,0,1.203026,491.1346,0.8777097,0.0001024372,Straight,Down,-0.01978234,-0.1707382,TransSlide
163.9399,22.54669,0,-1.186084,0.5312428,0,1.172883,492.036,0.8773905,0.0001170652,Straight,Down,-0.01978234,-0.180397,TransSlide
163.9799,22.59187,0,-1.1458,0.5351492,0,1.139264,492.9392,0.8773066,0.0001326534,Straight,Down,0,-0.1900787,TransSlide
164.0199,22.63826,0,-1.06981,0.5351492,0,1.102118,493.8443,0.8773856,0.0001492268,Straight,Down,-0.01978234,-0.199791,TransSlide
164.0599,22.68127,0,-0.9993142,0.5351492,0,1.061339,494.7511,0.8768412,0.0001667771,Straight,Down,0,-0.2095337,TransSlide
164.0999,22.72973,0,-0.9105062,0.5351492,0,1.023587,495.6598,0.8781751,0.0001852877,Left,Down,-0.07132626,-0.2192917,TransSlide
164.1399,22.77764,0,-0.8317691,0.5390555,0,0.9840463,496.5704,0.8800607,0.0002047751,Left,Down,-0.09691329,-0.2258224,TransSlide
164.1799,22.82293,0,-0.7612717,0.5546807,0,0.9406034,497.4829,0.8813362,0.0002252476,Left,Down,-0.09891172,-0.2305756,TransSlide
164.2199,22.87487,0,-0.67155,0.5624933,0,0.8931994,498.3974,0.8823892,0.0002466804,Left,Down,-0.09691329,-0.2353439,TransSlide
164.2599,22.92831,0,-0.6056303,0.5624933,0,0.8416402,499.314,0.8808475,0.0002691232,Left,Down,-0.09691329,-0.2401352,TransSlide
164.2999,22.97665,0,-0.5177379,0.5624933,0,0.7861807,500.2326,0.8785315,0.000292485,Left,Down,-0.09691329,-0.2449341,TransSlide
164.3399,23.03114,0,-0.4518199,0.5624933,0,0.7314825,501.1533,0.8779081,0.0003168649,Left,Down,-0.1101434,-0.2497406,TransSlide
164.3799,23.08677,0,-0.4106212,0.5312428,0,0.6768572,502.0762,0.8791743,0.0003421969,Left,Down,-0.1341704,-0.2540436,TransSlide
164.4199,23.13455,0,-0.3749138,0.5195239,0,0.6181569,503.0011,0.8805736,0.000368514,Left,Down,-0.132704,-0.2568359,TransSlide
164.4599,23.17798,0,-0.3584343,0.5117113,0,0.5555416,503.9277,0.8809174,0.000395808,Left,Down,-0.132704,-0.2596436,TransSlide
164.4999,23.21589,0,-0.3575188,0.507805,0,0.4892286,504.856,0.8777422,0.0004240622,Left,Down,-0.132704,-0.2624588,TransSlide
164.5399,23.2608,0,-0.3620964,0.4999924,0,0.4273894,505.7859,0.878096,0.0004533016,Left,Down,-0.1480375,-0.265274,TransSlide
164.5799,23.30509,0,-0.3694206,0.4999771,0,0.3627575,506.7177,0.8795452,0.0004835178,Left,Down,-0.1582588,-0.2673264,TransSlide
164.6199,23.34275,0,-0.3758293,0.4880751,0,0.2944555,507.651,0.8812537,0.0005146944,Left,Down,-0.1582588,-0.2686462,TransSlide
164.6599,23.37613,0,-0.3758293,0.476173,0,0.2229885,508.5858,0.8776301,0.0005468478,Left,Down,-0.1594904,-0.2699738,TransSlide
164.6999,23.41403,0,-0.3758293,0.4603037,0,0.1576403,509.5219,0.8783242,0.0005799863,Left,Down,-0.1713202,-0.2713013,TransSlide
164.7399,23.45234,0,-0.3758293,0.4603037,0,0.08872655,510.4597,0.8803508,0.0006140851,Left,Down,-0.1813082,-0.2719498,TransSlide
164.7799,23.47672,0,-0.3639275,0.4603037,0,0.01682493,511.3986,0.8798417,0.0006491608,Left,Down,-0.1802258,-0.2720337,TransSlide
164.8199,23.5085,0,-0.3465325,0.4603037,0,-0.05285555,512.3386,0.8783164,0.0006852216,Left,Down,-0.1823843,-0.2721252,TransSlide
164.8599,23.54561,0,-0.3346306,0.4603037,0,-0.1210549,513.28,0.8794712,0.0007222344,Left,Down,-0.199792,-0.2721558,TransSlide
164.8999,23.57638,0,-0.3337151,0.4603037,0,-0.1921964,514.2228,0.8807617,0.0007602324,Left,Down,-0.1988102,-0.2711716,TransSlide
164.9399,23.60345,0,-0.3337151,0.4603037,0,-0.2621074,515.1666,0.8784295,0.0007991824,Left,Down,-0.199792,-0.2701645,TransSlide
164.9799,23.64012,0,-0.3337151,0.4603037,0,-0.3290009,516.1118,0.8798452,0.0008391506,Left,Down,-0.2148914,-0.2691574,TransSlide
165.0199,23.67148,0,-0.3282219,0.4603037,0,-0.3986436,517.0584,0.8803505,0.0008800708,Left,Down,-0.2167048,-0.2673492,TransSlide
165.0599,23.69952,0,-0.3218132,0.4603037,0,-0.464552,518.006,0.8792285,0.0009219431,Left,Down,-0.2185032,-0.2653961,TransSlide
165.0999,23.73794,0,-0.3208977,0.4523537,0,-0.5298228,518.9551,0.881077,0.0009648253,Left,Down,-0.23239,-0.2633896,TransSlide
165.1399,23.76156,0,-0.3208977,0.432517,0,-0.5972242,519.9054,0.8784993,0.001008635,Left,Down,-0.23239,-0.2605743,TransSlide
165.1799,23.78966,0,-0.3346306,0.4166476,0,-0.6577649,520.8567,0.8798627,0.001053454,Left,Down,-0.2390311,-0.2577438,TransSlide
165.2199,23.81501,0,-0.3620964,0.3968109,0,-0.721126,521.8091,0.88105,0.001099234,Left,Down,-0.2470816,-0.2546005,TransSlide
165.2599,23.83013,0,-0.3923088,0.3769741,0,-0.7805798,522.7622,0.879489,0.00114599,Left,Down,-0.2470816,-0.2509689,TransSlide
165.2999,23.84878,0,-0.4472423,0.3690242,0,-0.8388236,523.716,0.8816517,0.001193707,Left,Down,-0.2594432,-0.2473373,TransSlide
165.3399,23.85704,0,-0.5168223,0.3650568,0,-0.8964387,524.6702,0.8794519,0.001242434,Left,Down,-0.2601963,-0.2430344,TransSlide
165.3799,23.87105,0,-0.5607694,0.3650568,0,-0.9498655,525.6248,0.8814343,0.001292088,Left,Down,-0.268341,-0.2386475,TransSlide
165.4199,23.88046,0,-0.6001371,0.3650568,0,-1.00404,526.5799,0.8794726,0.001342752,Left,Down,-0.2741124,-0.2338791,TransSlide
165.4599,23.89089,0,-0.6193632,0.3650568,0,-1.052723,527.5354,0.8812445,0.001394368,Left,Down,-0.2783625,-0.2287979,TransSlide
165.4999,23.90079,0,-0.6504929,0.3650568,0,-1.103174,528.4913,0.8792136,0.001446936,Left,Down,-0.2866737,-0.2234573,TransSlide
165.5399,23.91047,0,-0.6843674,0.3650568,0,-1.146838,529.4476,0.8810814,0.001500489,Left,Down,-0.2887141,-0.2177124,TransSlide
165.5799,23.91986,0,-0.6971848,0.3650568,0,-1.192474,530.4043,0.8789991,0.001555027,Left,Down,-0.2980514,-0.2118378,TransSlide
165.6199,23.9321,0,-0.7017624,0.3650568,0,-1.231668,531.3615,0.8809578,0.001610551,Left,Down,-0.3000144,-0.2054443,TransSlide
165.6599,23.94026,0,-0.7017624,0.3650568,0,-1.272035,532.319,0.878954,0.001667001,Left,Down,-0.3090104,-0.1989441,TransSlide
165.6999,23.95173,0,-0.7090867,0.3650568,0,-1.307021,533.2769,0.8811403,0.001724453,Left,Down,-0.3121605,-0.1919403,TransSlide
165.7399,23.96072,0,-0.754863,0.3650568,0,-1.341569,534.2352,0.8793848,0.001782866,Left,Down,-0.3208161,-0.1848145,TransSlide
165.7799,23.96824,0,-0.8152896,0.3610895,0,-1.372626,535.1938,0.8817148,0.001842264,Left,Down,-0.3238513,-0.1772232,TransSlide
165.8199,23.98021,0,-0.8967733,0.3372854,0,-1.400932,536.1529,0.8798469,0.001902613,Left,Down,-0.3316129,-0.1694565,TransSlide
165.8599,23.98091,0,-0.93431,0.3214161,0,-1.428465,537.1122,0.8804414,0.001963948,Left,Down,-0.3368816,-0.1613007,TransSlide
165.8999,23.98557,0,-0.9571981,0.297612,0,-1.451483,538.0716,0.8806382,0.002026268,Left,Down,-0.3414966,-0.1528702,TransSlide
165.9399,23.9756,0,-0.9681845,0.2698253,0,-1.474425,539.0306,0.8786058,0.002089532,Left,Flat,-0.3488659,-0.1441727,TransSlide
165.9799,23.96703,0,-0.9919882,0.2460212,0,-1.493043,539.9896,0.8813183,0.002153789,Left,Flat,-0.3516591,-0.1351166,TransSlide
166.0199,23.9518,0,-1.057908,0.2182498,0,-1.509671,540.9478,0.8798115,0.002218998,Left,Flat,-0.3609945,-0.1259079,TransSlide
166.0599,23.92782,0,-1.12749,0.2142824,0,-1.525627,541.9052,0.8791368,0.002285184,Left,Flat,-0.364769,-0.1162033,TransSlide
166.0999,23.90546,0,-1.191577,0.2103151,0,-1.536849,542.8616,0.8806841,0.00235233,Left,Flat,-0.3706227,-0.1063461,TransSlide
166.1399,23.87622,0,-1.204394,0.2103151,0,-1.547081,543.817,0.8788437,0.002420429,Left,Flat,-0.3769049,-0.09617615,TransSlide
166.1799,23.84979,0,-1.191577,0.2103151,0,-1.555932,544.7713,0.8792838,0.002489545,Left,Flat,-0.3815487,-0.08570099,TransSlide
166.2199,23.82656,0,-1.1458,0.2103151,0,-1.560675,545.7245,0.8799554,0.002559606,Left,Flat,-0.3891652,-0.07504272,TransSlide
166.2599,23.79662,0,-1.085374,0.2103151,0,-1.56438,546.6767,0.878334,0.002630659,Left,Flat,-0.3936644,-0.06396484,TransSlide
166.2999,23.76986,0,-0.9855795,0.1864958,0,-1.567548,547.6279,0.8796828,0.002702657,Left,Flat,-0.3981127,-0.05268097,TransSlide
166.3399,23.7405,0,-0.8967733,0.1071336,0,-1.566146,548.5778,0.8777009,0.002775647,Left,Flat,-0.4059006,-0.04116058,TransSlide
166.3799,23.68912,0,-0.843671,0.03967346,0,-1.563343,549.5258,0.87398,0.002849582,Left,Flat,-0.4102162,-0.02924347,TransSlide
166.4199,23.62633,0,-0.8088809,0,0,-1.560906,550.4716,0.8732052,0.00292451,Left,Flat,-0.4140146,-0.01715088,TransSlide
166.4599,23.54978,0,-0.8043033,0,0,-1.553969,551.4144,0.8696566,0.003000382,Left,Flat,-0.4073442,-0.004325867,TransSlide
166.4999,23.47418,0,-0.8043033,0,0,-1.547276,552.3541,0.8709252,0.003077214,Left,Flat,-0.3981127,0.05020905,TransSlide
166.5399,23.39649,0,-0.8024722,0,0,-1.540527,553.2907,0.8715828,0.003155056,Left,Flat,-0.3881583,0.1099472,TransSlide
166.5799,23.31985,0,-0.7969791,0,0,-1.530114,554.2242,0.8715225,0.003233825,Left,Up,-0.3727285,0.1758347,TransSlide
166.6199,23.24202,0,-0.777753,0,0,-1.522167,555.1547,0.874587,0.003313604,Left,Up,-0.3663747,0.2385864,TransSlide
166.6599,23.16443,0,-0.762189,0,0,-1.510361,556.0821,0.8734268,0.003394311,Left,Up,-0.3527702,0.3001328,TransSlide
166.6999,23.08762,0,-0.7209885,0,0,-1.50085,557.0063,0.8760852,0.003476027,Left,Up,-0.3449174,0.3585815,TransSlide
166.7399,23.01017,0,-0.6660569,0,0,-1.488471,557.9276,0.8748471,0.00355867,Left,Up,-0.3345502,0.4156723,TransSlide
166.7799,22.9338,0,-0.6303495,0,0,-1.477945,558.8456,0.8769748,0.003642299,Left,Up,-0.3268584,0.4703827,TransSlide
166.8199,22.8561,0,-0.6083769,0,0,-1.464398,559.7606,0.8756391,0.003726905,Left,Up,-0.3165179,0.5236282,TransSlide
166.8599,22.7798,0,-0.6083769,0,0,-1.454115,560.6725,0.8780903,0.003812437,Left,Up,-0.309643,0.574646,TransSlide
166.8999,22.7025,0,-0.6248564,0,0,-1.43932,561.5814,0.8770616,0.003899013,Left,Up,-0.2993615,0.6244431,TransSlide
166.9399,22.62607,0,-0.6651413,0,0,-1.428396,562.4872,0.8779486,0.003986483,Left,Up,-0.2967354,0.6718445,TransSlide
166.9799,22.54816,0,-0.7127488,0,0,-1.414007,563.39,0.8781279,0.004074962,Left,Up,-0.2825486,0.7188263,TransSlide
167.0199,22.47275,0,-0.7914859,0,0,-1.401806,564.2896,0.8771506,0.004164369,Left,Up,-0.2825486,0.7627106,TransSlide
167.0599,22.39452,0,-0.8619815,0,0,-1.390177,565.1862,0.8794078,0.004254795,Left,Up,-0.2690692,0.8064499,TransSlide
167.0999,22.31809,0,-0.8912802,0,0,-1.377164,566.0797,0.878699,0.004346139,Left,Up,-0.2654082,0.8477478,TransSlide
167.1399,22.24132,0,-0.9022665,0,0,-1.367872,566.9701,0.8789293,0.004438468,Left,Up,-0.2609472,0.8880692,TransSlide
167.1799,22.1634,0,-0.9022665,0,0,-1.356133,567.8574,0.8797569,0.004531774,Left,Up,-0.2486604,0.9276352,TransSlide
167.2199,22.08709,0,-0.9022665,0,0,-1.345622,568.7416,0.8790766,0.004626041,Left,Up,-0.249446,0.9646225,TransSlide
167.2599,22.00992,0,-0.9105062,0,0,-1.338879,569.6228,0.8806071,0.004721292,Left,Up,-0.2406627,1.001465,TransSlide
167.2999,21.93263,0,-0.9398031,0,0,-1.328081,570.5009,0.8805495,0.004817463,Left,Up,-0.23239,1.036804,TransSlide
167.3399,21.85665,0,-0.9700155,0,0,-1.319998,571.3759,0.8798811,0.004914643,Left,Up,-0.23239,1.070404,TransSlide
167.3799,21.77859,0,-0.984664,0,0,-1.315772,572.2478,0.8805015,0.005012759,Left,Up,-0.2238118,1.103874,TransSlide
167.4199,21.70138,0,-0.9855795,0,0,-1.308816,573.1166,0.8810518,0.005111876,Left,Up,-0.2167048,1.135696,TransSlide
167.4599,21.62497,0,-0.9636068,0,0,-1.303728,573.9824,0.8805428,0.005211921,Left,Up,-0.2167048,1.166008,TransSlide
167.4999,21.54861,0,-0.9260702,0,0,-1.302153,574.8451,0.8791777,0.005312926,Left,Up,-0.2112177,1.196175,TransSlide
167.5399,21.47131,0,-0.8400089,0,0,-1.300933,575.7047,0.8818397,0.005414908,Left,Up,-0.199792,1.225433,TransSlide
167.5799,21.39451,0,-0.7722598,0,0,-1.298534,576.5613,0.8814701,0.005517842,Left,Up,-0.2007689,1.252541,TransSlide
167.6199,21.31933,0,-0.6477463,0.02777142,0,-1.299589,577.4148,0.8800954,0.005621794,Left,Up,-0.2007689,1.279526,TransSlide
167.6599,21.24678,0,-0.5186534,0.06746013,0,-1.304149,578.2654,0.8814449,0.00572664,Left,Up,-0.1876719,1.306389,TransSlide
167.6999,21.18344,0,-0.4408336,0.07539482,0,-1.305818,579.1133,0.8823451,0.00583253,Left,Up,-0.1855749,1.330948,TransSlide
167.7399,21.12398,0,-0.3575188,0.07936218,0,-1.308573,579.9589,0.8821809,0.005939313,Left,Up,-0.1855749,1.354897,TransSlide
167.7799,21.06649,0,-0.3163201,0.07936218,0,-1.314106,580.8021,0.88118,0.006047049,Left,Up,-0.1823843,1.378761,TransSlide
167.8199,21.00957,0,-0.2632177,0.07936218,0,-1.322873,581.6431,0.882102,0.006155794,Left,Up,-0.1701742,1.402481,TransSlide
167.8599,20.95166,0,-0.1899755,0.07936218,0,-1.329437,582.4817,0.8836349,0.006265466,Left,Up,-0.1690205,1.423439,TransSlide
167.8999,20.89459,0,-0.1240557,0.07936218,0,-1.335675,583.3181,0.8835245,0.006376149,Left,Up,-0.1701742,1.444328,TransSlide
167.9399,20.83768,0,-0.0453186,0.07936218,0,-1.344324,584.1521,0.882908,0.006487758,Left,Up,-0.1701742,1.465149,TransSlide
167.9799,20.78136,0,-0.004119873,0.07936218,0,-1.355582,584.9839,0.8819482,0.006600353,Left,Up,-0.1570175,1.485878,TransSlide
168.0199,20.72545,0,0.03982544,0.07936218,0,-1.369402,585.8135,0.8849223,0.006713876,Left,Up,-0.1545051,1.504547,TransSlide
168.0599,20.66909,0,0.07003784,0.08332952,0,-1.377198,586.6409,0.8848141,0.006828399,Left,Up,-0.1532334,1.5224,TransSlide
168.0999,20.61425,0,0.08926392,0.08729687,0,-1.386624,587.466,0.884495,0.006943858,Left,Up,-0.1545051,1.540192,TransSlide
168.1399,20.56026,0,0.1185644,0.1031662,0,-1.397967,588.2889,0.8839467,0.007060261,Left,Up,-0.1519511,1.55793,TransSlide
168.1799,20.50916,0,0.1350439,0.1111009,0,-1.411095,589.1097,0.8833689,0.007177682,Left,Up,-0.1398823,1.575592,TransSlide
168.2199,20.461,0,0.1423681,0.1150683,0,-1.425786,589.9287,0.8854554,0.007295997,Left,Up,-0.1384764,1.590683,TransSlide
168.2599,20.41276,0,0.1460302,0.1150683,0,-1.436007,590.7457,0.8862078,0.007415331,Left,Up,-0.1384764,1.605484,TransSlide
168.2999,20.36525,0,0.1533544,0.1150683,0,-1.4448,591.5608,0.8860493,0.007535583,Left,Up,-0.1384764,1.620239,TransSlide
168.3399,20.31822,0,0.1725805,0.1150683,0,-1.454703,592.374,0.885465,0.007656846,Left,Up,-0.1384764,1.634964,TransSlide
168.3799,20.2715,0,0.1899755,0.1150683,0,-1.465525,593.1854,0.8854488,0.007779011,Left,Up,-0.1297215,1.649635,TransSlide
168.4199,20.22476,0,0.2009618,0.1150683,0,-1.477084,593.9948,0.8849478,0.007902118,Left,Up,-0.1219466,1.662933,TransSlide
168.4599,20.17837,0,0.2009618,0.1150683,0,-1.489398,594.8024,0.8866215,0.008026279,Left,Up,-0.1219466,1.67469,TransSlide
168.4999,20.13103,0,0.2009618,0.1150683,0,-1.496831,595.6082,0.8875601,0.008151324,Left,Up,-0.1219466,1.686417,TransSlide
168.5399,20.08401,0,0.18906,0.1150683,0,-1.501759,596.412,0.887257,0.008277388,Left,Up,-0.1219466,1.69812,TransSlide
168.5799,20.0373,0,0.1707494,0.1150683,0,-1.507097,597.214,0.8866149,0.008404321,Left,Up,-0.1235407,1.709785,TransSlide
168.6199,19.99092,0,0.1414526,0.1150683,0,-1.512986,598.0141,0.8864195,0.008532322,Left,Up,-0.1153499,1.721413,TransSlide
168.6599,19.94437,0,0.09475708,0.1150683,0,-1.519059,598.8123,0.8867558,0.008661184,Left,Up,-0.1046783,1.73243,TransSlide
168.6999,19.89808,0,0.06454468,0.1150683,0,-1.525432,599.6087,0.8866645,0.008791064,Left,Up,-0.1046783,1.740997,TransSlide
168.7399,19.85222,0,0.03250122,0.1150683,0,-1.532259,600.4033,0.8877925,0.008921864,Left,Up,-0.1046783,1.749542,TransSlide
168.7799,19.80537,0,0.009613037,0.1150683,0,-1.535768,601.1959,0.8892425,0.009053622,Left,Up,-0.1065312,1.758072,TransSlide
168.8199,19.75893,0,-0.02426147,0.1190356,0,-1.534207,601.9868,0.8891104,0.009186392,Left,Up,-0.1046783,1.766579,TransSlide
168.8599,19.71379,0,-0.07187068,0.154757,0,-1.532577,602.7758,0.8884618,0.009320055,Left,Up,-0.1046783,1.775063,TransSlide
168.8999,19.67483,0,-0.1066607,0.1904631,0,-1.531049,603.5631,0.8880932,0.009454729,Left,Up,-0.1046783,1.783531,TransSlide
168.9399,19.64334,0,-0.1542681,0.2420539,0,-1.529659,604.3491,0.8879502,0.009590304,Left,Up,-0.09278741,1.791969,TransSlide
168.9799,19.62303,0,-0.1963842,0.2618906,0,-1.528252,605.1342,0.8881564,0.00972689,Left,Up,-0.08622923,1.798126,TransSlide
169.0199,19.60839,0,-0.2375829,0.2658579,0,-1.526918,605.9187,0.8882424,0.009864362,Left,Up,-0.08622923,1.803246,TransSlide
169.0599,19.59588,0,-0.239414,0.2698253,0,-1.525749,606.7026,0.8878632,0.01000288,Left,Up,-0.08846933,1.808372,TransSlide
169.0999,19.58483,0,-0.239414,0.3015793,0,-1.524804,607.4861,0.8890906,0.01014227,Left,Up,-0.08846933,1.813484,TransSlide
169.1399,19.57715,0,-0.2201879,0.3372854,0,-1.519989,608.2693,0.8898802,0.01028261,Left,Up,-0.08846933,1.818596,TransSlide
169.1799,19.57804,0,-0.2037084,0.3650568,0,-1.510541,609.0524,0.8895884,0.01042399,Left,Up,-0.08622923,1.823708,TransSlide
169.2199,19.58646,0,-0.1853979,0.3809415,0,-1.501052,609.8358,0.889182,0.01056624,Left,Up,-0.08846933,1.828812,TransSlide
169.2599,19.59949,0,-0.1670855,0.3809415,0,-1.492041,610.6196,0.8889986,0.01070953,Left,Up,-0.08622923,1.833923,TransSlide
169.2999,19.61185,0,-0.1478595,0.3849088,0,-1.483204,611.4039,0.8891138,0.01085368,Left,Up,-0.07401875,1.839035,TransSlide
169.3399,19.62468,0,-0.1121539,0.3888762,0,-1.474899,612.1887,0.8892033,0.01099888,Left,Up,-0.0656106,1.842064,TransSlide
169.3799,19.63829,0,-0.08285701,0.4087129,0,-1.466755,612.9741,0.8892962,0.01114494,Left,Up,-0.0656106,1.843147,TransSlide
169.4199,19.6569,0,-0.06637752,0.4245823,0,-1.458699,613.7602,0.8895629,0.01129198,Left,Up,-0.06255726,1.844238,TransSlide
169.4599,19.67809,0,-0.06637752,0.4245823,0,-1.450765,614.5471,0.889724,0.01144001,Left,Up,-0.0656106,1.845322,TransSlide
169.4999,19.69962,0,-0.07187068,0.4245823,0,-1.442976,615.3349,0.8895248,0.01158896,Left,Up,-0.0656106,1.846405,TransSlide
169.5399,19.72126,0,-0.0892657,0.4245823,0,-1.435523,616.1235,0.8898993,0.0117389,Left,Up,-0.0656106,1.847488,TransSlide
169.5799,19.74307,0,-0.100252,0.4047455,0,-1.428578,616.913,0.8904725,0.01188976,Left,Up,-0.0656106,1.848572,TransSlide
169.6199,19.763,0,-0.1194781,0.4007782,0,-1.416294,617.7034,0.891084,0.0120416,Left,Up,-0.0656106,1.849655,TransSlide
169.6599,19.78047,0,-0.13138,0.3968109,0,-1.398993,618.4944,0.8916472,0.01219434,Left,Up,-0.0656106,1.850739,TransSlide
169.6999,19.79657,0,-0.1359576,0.3928435,0,-1.381933,619.2861,0.8920474,0.01234809,Left,Up,-0.0656106,1.851814,TransSlide
169.7399,19.81227,0,-0.1359576,0.3888762,0,-1.365202,620.0784,0.8922046,0.01250274,Left,Up,-0.0656106,1.852905,TransSlide
169.7799,19.82708,0,-0.1286334,0.3849088,0,-1.348769,620.8713,0.8920811,0.01265833,Straight,Up,-0.03956468,1.853981,TransSlide
169.8199,19.841,0,-0.1011676,0.3769741,0,-1.3327,621.6648,0.8919005,0.01281494,Straight,Up,-0.01978234,1.850838,TransSlide
169.8599,19.85338,0,-0.0590533,0.3769741,0,-1.317075,622.4589,0.8916419,0.01297245,Straight,Up,-0.01978234,1.840355,TransSlide
169.8999,19.86542,0,-0.01693726,0.3729915,0,-1.301926,623.2534,0.891476,0.01313094,Straight,Up,-0.01978234,1.829872,TransSlide
169.9399,19.87684,0,0.05081177,0.3729915,0,-1.286959,624.0483,0.8915741,0.01329032,Straight,Up,-0.01978234,1.819382,TransSlide
169.9799,19.88791,0,0.1112366,0.3729915,0,-1.272353,624.8437,0.8917257,0.01345075,Straight,Up,-0.01978234,1.808884,TransSlide
170.0199,19.89888,0,0.1945531,0.3729915,0,-1.257904,625.6395,0.8917888,0.013612,Straight,Up,-0.01978234,1.798378,TransSlide
170.0599,19.90987,0,0.2732885,0.3729915,0,-1.243759,626.4358,0.8918415,0.01377425,Straight,Up,-0.01978234,1.787872,TransSlide
170.0999,19.92081,0,0.3208959,0.3729915,0,-1.229566,627.2325,0.8920375,0.01393751,Straight,Up,-0.01978234,1.777359,TransSlide
170.1399,19.93173,0,0.3620982,0.3729915,0,-1.215422,628.0297,0.8922566,0.01410163,Straight,Up,-0.01978234,1.766846,TransSlide
170.1799,19.94257,0,0.3804088,0.3729915,0,-1.201136,628.8273,0.8924824,0.01426676,Straight,Up,-0.01978234,1.756317,TransSlide
170.2199,19.95343,0,0.3923106,0.3729915,0,-1.186983,629.6253,0.892724,0.01443279,Straight,Up,-0.01978234,1.745796,TransSlide
170.2599,19.96422,0,0.3978038,0.3729915,0,-1.172518,630.4238,0.8930434,0.01459983,Straight,Up,-0.01978234,1.735252,TransSlide
170.2999,19.97496,0,0.3978038,0.3729915,0,-1.157936,631.2227,0.8931808,0.01476777,Straight,Up,-0.01978234,1.724716,TransSlide
170.3399,19.98568,0,0.3978038,0.3729915,0,-1.142949,632.022,0.8933767,0.01493669,Straight,Up,-0.01978234,1.714172,TransSlide
170.3799,19.9963,0,0.3978038,0.3729915,0,-1.127716,632.8217,0.8935725,0.01510651,Straight,Up,-0.01978234,1.703613,TransSlide
170.4199,20.00689,0,0.3978038,0.3729915,0,-1.112033,633.6219,0.893802,0.01527727,Straight,Up,-0.01978234,1.693047,TransSlide
170.4599,20.01743,0,0.3913951,0.3690242,0,-1.095805,634.4225,0.893965,0.01544902,Straight,Up,-0.01978234,1.682487,TransSlide
170.4999,20.02697,0,0.3904796,0.3690242,0,-1.079285,635.2234,0.8940932,0.01562166,Straight,Up,-0.01978234,1.671913,TransSlide
170.5399,20.0365,0,0.3740001,0.3690242,0,-1.06209,636.0248,0.894267,0.01579532,Straight,Up,-0.01978234,1.661331,TransSlide
170.5799,20.04597,0,0.3556895,0.3690242,0,-1.044281,636.8266,0.8945398,0.01596985,Straight,Up,-0.01978234,1.650734,TransSlide
170.6199,20.0554,0,0.3337133,0.3690242,0,-1.025945,637.6287,0.8947757,0.01614542,Straight,Up,-0.01978234,1.640144,TransSlide
170.6599,20.06477,0,0.3016698,0.3690242,0,-1.006969,638.4312,0.8950077,0.01632181,Straight,Up,-0.01978234,1.629539,TransSlide
170.6999,20.07412,0,0.2623022,0.3690242,0,-0.9871715,639.2341,0.8952193,0.01649925,Straight,Up,-0.01978234,1.618935,TransSlide
170.7399,20.08342,0,0.208286,0.3690242,0,-0.9665725,640.0373,0.8956004,0.01667756,Straight,Up,-0.01978234,1.608322,TransSlide
170.7799,20.0927,0,0.1643407,0.3690242,0,-0.9452167,640.8409,0.8956962,0.0168568,Straight,Up,-0.01978234,1.597702,TransSlide
170.8199,20.10198,0,0.1112366,0.3690242,0,-0.9231849,641.6448,0.895888,0.01703707,Straight,Up,-0.01978234,1.587074,TransSlide
170.8599,20.11113,0,0.06271362,0.3690242,0,-0.9002857,642.4492,0.8959764,0.01721818,Straight,Up,-0.01978234,1.576439,TransSlide
170.8999,20.1205,0,0.02792358,0.3690242,0,-0.8765436,643.254,0.8959177,0.01740033,Straight,Up,-0.01978234,1.565796,TransSlide
170.9399,20.12984,0,-0.01052856,0.3690242,0,-0.85208,644.0591,0.8959304,0.01758335,Straight,Up,0,1.555153,TransSlide
170.9799,20.13917,0,-0.02792358,0.3650568,0,-0.827127,644.8646,0.8962039,0.01776734,Straight,Up,-0.01978234,1.544502,TransSlide
171.0199,20.14794,0,-0.04074097,0.3650568,0,-0.8012297,645.6704,0.8963553,0.01795224,Straight,Up,-0.01978234,1.533836,TransSlide
171.0599,20.15641,0,-0.05172729,0.3610895,0,-0.7747759,646.4766,0.8963364,0.01813808,Straight,Up,-0.01978234,1.52317,TransSlide
171.0999,20.16447,0,-0.0590533,0.3531548,0,-0.7477313,647.283,0.8964019,0.01832492,Straight,Up,-0.01978234,1.512505,TransSlide
171.1399,20.17114,0,-0.07736385,0.3372854,0,-0.7203437,648.0898,0.8963898,0.01851264,Straight,Up,-0.01978234,1.501823,TransSlide
171.1799,20.17417,0,-0.09384334,0.3372854,0,-0.6922829,648.8968,0.8964505,0.01870135,Straight,Up,-0.01978234,1.491142,TransSlide
171.2199,20.17668,0,-0.1066607,0.3333181,0,-0.6637781,649.7038,0.8966559,0.01889095,Straight,Up,-0.01978234,1.480461,TransSlide
171.2599,20.17666,0,-0.1185626,0.3214161,0,-0.6350184,650.5108,0.8959575,0.01908154,Straight,Up,-0.01978234,1.469788,TransSlide
171.2999,20.17959,0,-0.1286334,0.3174487,0,-0.6070878,651.3179,0.8970838,0.01927302,Straight,Up,-0.01978234,1.459106,TransSlide
171.3399,20.1803,0,-0.1368731,0.3174487,0,-0.5796709,652.1252,0.8997644,0.01946548,Straight,Up,-0.01978234,1.448441,TransSlide
171.3799,20.17997,0,-0.1368731,0.3174487,0,-0.551952,652.9324,0.901799,0.01965881,Straight,Up,-0.01978234,1.437775,TransSlide
171.4199,20.17927,0,-0.1368731,0.3174487,0,-0.5240821,653.7396,0.9024894,0.01985309,Straight,Up,-0.01978234,1.427086,TransSlide
171.4599,20.18052,0,-0.1368731,0.3372854,0,-0.496003,654.5468,0.9023917,0.02004839,Straight,Up,-0.01978234,1.416397,TransSlide
171.4999,20.18415,0,-0.1368731,0.3531548,0,-0.4679798,655.3541,0.9018322,0.02024451,Straight,Up,0.04845664,1.405701,TransSlide
171.5399,20.19227,0,-0.1368731,0.3690242,0,-0.4397468,656.1617,0.9013131,0.02044165,Right,Up,0.05595291,1.381508,TransSlide
171.5799,20.20366,0,-0.1249713,0.3729915,0,-0.4114123,656.9697,0.9006306,0.02063966,Right,Up,0.05595291,1.354675,TransSlide
171.6199,20.21612,0,-0.1130694,0.3928435,0,-0.3830627,657.7782,0.8995879,0.02083871,Right,Up,0.05595291,1.32785,TransSlide
171.6599,20.2319,0,-0.09018123,0.4245823,0,-0.3549163,658.5873,0.8995461,0.02103857,Right,Up,0.05595291,1.300995,TransSlide
171.6999,20.2554,0,-0.08835018,0.444419,0,-0.3268648,659.3973,0.9001833,0.0212394,Right,Up,0.05595291,1.274124,TransSlide
171.7399,20.28186,0,-0.08835018,0.4523537,0,-0.2988873,660.2083,0.899918,0.02144123,Right,Up,0.05595291,1.247223,TransSlide
171.7799,20.31435,0,-0.08835018,0.4563211,0,-0.2755156,661.0205,0.9005314,0.02164391,Right,Up,0.05595291,1.220291,TransSlide
171.8199,20.34637,0,-0.09475887,0.4563211,0,-0.2542987,661.834,0.9016933,0.02184759,Right,Up,0.05595291,1.193314,TransSlide
171.8599,20.37788,0,-0.1048297,0.4563211,0,-0.2331536,662.6488,0.9026539,0.02205214,Right,Up,0.05595291,1.166283,TransSlide
171.8999,20.4102,0,-0.1139849,0.4563211,0,-0.2122176,663.4648,0.9027088,0.02225769,Right,Up,0.05233916,1.139206,TransSlide
171.9399,20.44229,0,-0.1469439,0.4603037,0,-0.1914258,664.2822,0.9022787,0.0224641,Right,Up,0.05595291,1.112076,TransSlide
171.9799,20.47535,0,-0.1789892,0.4603037,0,-0.1707591,665.1009,0.9011321,0.02267153,Right,Up,0.08622923,1.084908,TransSlide
172.0199,20.50956,0,-0.2146947,0.4603037,0,-0.1504907,665.921,0.9017915,0.02287979,Right,Up,0.08846933,1.049416,TransSlide
172.0599,20.54338,0,-0.2192724,0.4603037,0,-0.1309034,666.7424,0.9018115,0.023089,Right,Up,0.08846933,1.012657,TransSlide
172.0999,20.57722,0,-0.2073705,0.4603037,0,-0.11864,667.5651,0.9026412,0.02329919,Right,Up,0.09065409,0.9758453,TransSlide
172.1399,20.61117,0,-0.1963842,0.4801404,0,-0.1067258,668.3892,0.9029216,0.02351026,Right,Up,0.09065409,0.9389572,TransSlide
172.1799,20.64755,0,-0.1963842,0.4960098,0,-0.09536594,669.2148,0.9029948,0.02372232,Right,Up,0.08846933,0.9019928,TransSlide
172.2199,20.68822,0,-0.1963842,0.5117113,0,-0.08453107,670.0419,0.902004,0.02393524,Right,Up,0.08846933,0.8649673,TransSlide
172.2599,20.73456,0,-0.1963842,0.5117113,0,-0.07448268,670.8708,0.9021075,0.02414919,Right,Up,0.09691329,0.8278732,TransSlide
172.2999,20.78157,0,-0.1963842,0.5117113,0,-0.06600532,671.7016,0.902742,0.02436394,Right,Up,0.1203313,0.7893982,TransSlide
172.3399,20.82713,0,-0.2027929,0.5117113,0,-0.0644401,672.5342,0.9033408,0.02457974,Right,Up,0.1203313,0.7432404,TransSlide
172.3799,20.87278,0,-0.2192724,0.5117113,0,-0.06303102,673.3687,0.9035598,0.02479634,Right,Up,0.1203313,0.6969757,TransSlide
172.4199,20.91702,0,-0.2384984,0.4960098,0,-0.06179047,674.205,0.9024974,0.0250139,Right,Up,0.1203313,0.6506195,TransSlide
172.4599,20.96258,0,-0.2861059,0.4920424,0,-0.06104505,675.043,0.9031097,0.02523244,Right,Up,0.1203313,0.6041794,TransSlide
172.4999,21.00803,0,-0.3263909,0.4920424,0,-0.06516615,675.8829,0.9045296,0.02545184,Right,Up,0.1341704,0.5576782,TransSlide
172.5399,21.05061,0,-0.3675896,0.4920424,0,-0.07338625,676.7245,0.9060794,0.02567227,Right,Up,0.1506579,0.5082779,TransSlide
172.5799,21.09371,0,-0.3703362,0.4920424,0,-0.08250365,677.5678,0.9066389,0.02589351,Right,Up,0.1493534,0.4526978,TransSlide
172.6199,21.13731,0,-0.3675896,0.507805,0,-0.09266323,678.4128,0.9062214,0.02611578,Right,Up,0.1506579,0.3969727,TransSlide
172.6599,21.18573,0,-0.3447014,0.5117113,0,-0.1040514,679.2598,0.905748,0.02633888,Right,Up,0.1506579,0.3411102,TransSlide
172.6999,21.23422,0,-0.3218132,0.5117113,0,-0.1165293,680.1086,0.9053239,0.02656291,Right,Up,0.1735894,0.2851257,TransSlide
172.7399,21.27934,0,-0.2861059,0.5156176,0,-0.1296423,680.9594,0.9037715,0.02678794,Right,Up,0.1802258,0.222702,TransSlide
172.7799,21.33243,0,-0.2330053,0.5234302,0,-0.1436998,681.8121,0.9058095,0.02701382,Right,Up,0.1802258,0.1575317,TransSlide
172.8199,21.38215,0,-0.18906,0.5312428,0,-0.1509385,682.6669,0.9061099,0.0272407,Right,Flat,0.1619255,0.09220123,TransSlide
172.8599,21.43217,0,-0.1240557,0.5429618,0,-0.1573796,683.5237,0.9058039,0.02746839,Left,Flat,-0.1312212,0.02672577,TransSlide
172.8999,21.48676,0,-0.1048297,0.5468681,0,-0.1646714,684.3826,0.9044294,0.02769712,Left,Flat,-0.1607126,-0.00365448,TransSlide
172.9399,21.54448,0,-0.1011676,0.5468681,0,-0.1729953,685.2438,0.9046088,0.02792669,Left,Flat,-0.1619255,-0.0294342,TransSlide
172.9799,21.6012,0,-0.1011676,0.5468681,0,-0.1788362,686.1073,0.9058379,0.02815724,Left,Flat,-0.1607126,-0.05528259,TransSlide
173.0199,21.65569,0,-0.1011676,0.5468681,0,-0.1797788,686.973,0.9059358,0.02838862,Left,Flat,-0.1582588,-0.08118439,TransSlide
173.0599,21.71008,0,-0.0892657,0.5468681,0,-0.1813704,687.8408,0.9055066,0.02862093,Left,Flat,-0.1582588,-0.1012573,TransSlide
173.0999,21.76667,0,-0.05722046,0.5468681,0,-0.1839914,688.711,0.9047826,0.02885426,Left,Flat,-0.1582588,-0.1212769,TransSlide
173.1399,21.82231,0,-0.005950928,0.5468681,0,-0.1875972,689.5833,0.9048643,0.02908842,Left,Flat,-0.1594904,-0.1413193,TransSlide
173.1799,21.88051,0,0.05081177,0.5468681,0,-0.1920526,690.458,0.9065297,0.02932356,Left,Down,-0.1426525,-0.1614075,TransSlide
173.2199,21.93581,0,0.08010864,0.5234302,0,-0.1875317,691.3349,0.9070459,0.02955956,Left,Down,-0.1297215,-0.1802826,TransSlide
173.2599,21.98742,0,0.09841919,0.5156176,0,-0.1833955,692.2139,0.9069239,0.02979654,Left,Down,-0.1297215,-0.1976395,TransSlide
173.2999,22.03872,0,0.09841919,0.5038987,0,-0.1797866,693.095,0.9066144,0.03003437,Left,Down,-0.1297215,-0.2150421,TransSlide
173.3399,22.08538,0,0.09841919,0.4999771,0,-0.1768661,693.9779,0.9063454,0.03027308,Left,Down,-0.1297215,-0.2324829,TransSlide
173.3799,22.13002,0,0.09384155,0.4920424,0,-0.1743641,694.8627,0.9057323,0.03051284,Left,Down,-0.1266688,-0.2499542,TransSlide
173.4199,22.174,0,0.09384155,0.4722057,0,-0.1724138,695.7492,0.9061622,0.03075341,Left,Down,-0.09691329,-0.2674484,TransSlide
173.4599,22.21491,0,0.09292603,0.4483864,0,-0.1708308,696.6374,0.9071224,0.03099499,Left,Down,-0.09891172,-0.2818985,TransSlide
173.4999,22.25016,0,0.08926392,0.432517,0,-0.1619869,697.5271,0.9079078,0.03123737,Left,Down,-0.09891172,-0.2963638,TransSlide
173.5399,22.28183,0,0.08926392,0.4126802,0,-0.1505271,698.418,0.9083596,0.03148076,Left,Down,-0.09891172,-0.3108521,TransSlide
173.5799,22.30973,0,0.08926392,0.4007782,0,-0.1395787,699.3101,0.9085622,0.03172499,Left,Down,-0.09691329,-0.3253632,TransSlide
173.6199,22.33493,0,0.1039124,0.3968109,0,-0.1290011,700.2033,0.9085669,0.03197024,Left,Down,-0.09891172,-0.3398972,TransSlide
173.6599,22.35824,0,0.1112366,0.3928435,0,-0.1185753,701.0974,0.9085127,0.03221628,Left,Down,-0.09691329,-0.3544388,TransSlide
173.6999,22.38053,0,0.1121521,0.3928435,0,-0.1081132,701.9924,0.9084962,0.03246323,Left,Down,-0.06852804,-0.3689957,TransSlide
173.7399,22.40271,0,0.1176488,0.3928435,0,-0.09768277,702.8883,0.9085314,0.03271121,Left,Down,-0.05595291,-0.3810425,TransSlide
173.7799,22.42479,0,0.1240575,0.3928435,0,-0.08742285,703.7851,0.908686,0.03295998,Left,Down,-0.05595291,-0.3915939,TransSlide
173.8199,22.44666,0,0.1286352,0.3928435,0,-0.07723925,704.6827,0.9087396,0.03320974,Left,Down,-0.05595291,-0.4021378,TransSlide
173.8599,22.46858,0,0.1286352,0.3888762,0,-0.06672594,705.5813,0.9086218,0.03346036,Left,Down,-0.05595291,-0.4126968,TransSlide
173.8999,22.48992,0,0.1286352,0.3809415,0,-0.05612352,706.4807,0.9093456,0.03371195,Left,Down,-0.05233916,-0.4232712,TransSlide
173.9399,22.51013,0,0.09292603,0.3809415,0,-0.04549089,707.3809,0.9099712,0.03396437,Left,Down,-0.05595291,-0.4338455,TransSlide
173.9799,22.52943,0,0.0453186,0.3809415,0,-0.03472614,708.2818,0.9103336,0.03421781,Left,Down,-0.05595291,-0.4444275,TransSlide
174.0199,22.54863,0,0.02883911,0.3809415,0,-0.02300018,709.1835,0.9104688,0.03447206,Left,Down,-0.05595291,-0.4550247,TransSlide
174.0599,22.56903,0,0.02883911,0.3769741,0,-0.006718814,710.0861,0.9113365,0.03472719,Left,Down,-0.05934703,-0.4656219,TransSlide
174.0999,22.58876,0,0.02883911,0.3769741,0,0.009531945,710.9894,0.9120857,0.03498334,Left,Down,-0.05595291,-0.4762421,TransSlide
174.1399,22.60725,0,0.02883911,0.3650568,0,0.02578852,711.8936,0.9123138,0.0352403,Left,Down,-0.05595291,-0.4868622,TransSlide
174.1799,22.62495,0,0.0151062,0.3452201,0,0.04248017,712.7984,0.9124415,0.03549824,Left,Down,-0.05233916,-0.4974976,TransSlide
174.2199,22.63891,0,-0.0050354,0.3253834,0,0.05925822,713.7038,0.9124989,0.03575701,Left,Down,-0.05595291,-0.5081329,TransSlide
174.2599,22.648,0,-0.02792358,0.3015793,0,0.07593477,714.6096,0.9125004,0.0360168,Straight,Down,0,-0.5187759,TransSlide
174.2999,22.65178,0,-0.03433228,0.27776,0,0.09286314,715.5157,0.91254,0.03627736,Straight,Down,0,-0.524498,TransSlide
174.3399,22.64986,0,-0.03433228,0.2539559,0,0.1100344,716.4217,0.912711,0.03653885,Straight,Down,0,-0.529213,TransSlide
174.3799,22.64314,0,-0.03433228,0.2380865,0,0.1272592,717.3275,0.9129366,0.03680135,Straight,Down,0,-0.5339279,TransSlide
174.4199,22.63256,0,-0.03433228,0.2341192,0,0.1447311,718.2329,0.9131261,0.03706462,Straight,Down,0,-0.5386429,TransSlide
174.4599,22.62074,0,-0.03433228,0.2261845,0,0.1624739,719.1378,0.9135881,0.03732891,Straight,Down,0,-0.5433426,TransSlide
174.4999,22.6072,0,-0.03433228,0.2261845,0,0.1803856,720.0422,0.9137695,0.037594,Straight,Down,0,-0.5480499,TransSlide
174.5399,22.59331,0,-0.03433228,0.2261845,0,0.1986475,720.9461,0.9139283,0.0378601,Straight,Down,0,-0.5527496,TransSlide
174.5799,22.57943,0,-0.03433228,0.2261845,0,0.2168455,721.8494,0.9140637,0.03812698,Straight,Down,0.01978234,-0.557457,TransSlide
174.6199,22.56561,0,-0.03433228,0.2261845,0,0.235222,722.7522,0.9143762,0.0383949,Straight,Down,0,-0.562149,TransSlide
174.6599,22.55182,0,-0.03433228,0.2261845,0,0.253821,723.6544,0.9149106,0.03866357,Straight,Down,0,-0.5668488,TransSlide
174.6999,22.53809,0,-0.03433228,0.2261845,0,0.2722887,724.5561,0.9153585,0.03893317,Straight,Down,0,-0.5715408,TransSlide
174.7399,22.52439,0,-0.02883911,0.2261845,0,0.2912468,725.4572,0.9157848,0.03920377,Straight,Down,0,-0.5762253,TransSlide
174.7799,22.51071,0,-0.0050354,0.2261845,0,0.3102925,726.3578,0.9160791,0.03947515,Straight,Down,0,-0.5809097,TransSlide
174.8199,22.49721,0,0.02700806,0.2261845,0,0.329416,727.2578,0.9161755,0.03974754,Straight,Down,0,-0.5855942,TransSlide
174.8599,22.48373,0,0.05081177,0.2261845,0,0.3491327,728.1573,0.9168053,0.04002075,Straight,Down,0.01978234,-0.5902786,TransSlide
174.8999,22.47015,0,0.05630493,0.2261845,0,0.3685732,729.0562,0.9174106,0.04029493,Straight,Down,0,-0.5949554,TransSlide
174.9399,22.45693,0,0.06454468,0.2261845,0,0.388668,729.9547,0.9177167,0.04056991,Straight,Down,0.01978234,-0.5996246,TransSlide
174.9799,22.44375,0,0.08834839,0.2261845,0,0.4088799,730.8525,0.9180273,0.04084576,Straight,Down,0,-0.6043015,TransSlide
175.0199,22.43057,0,0.1167297,0.2261845,0,0.4286888,731.7499,0.9180833,0.04112265,Straight,Down,0.01978234,-0.6089706,TransSlide
175.0599,22.4174,0,0.1643407,0.2261845,0,0.4489932,732.6467,0.9180483,0.04140032,Straight,Down,0,-0.6136322,TransSlide
175.0999,22.40434,0,0.2119482,0.2261845,0,0.4688239,733.543,0.9180672,0.04167897,Straight,Down,0,-0.6183014,TransSlide
175.1399,22.39139,0,0.2677953,0.2261845,0,0.4889109,734.4388,0.9183056,0.0419584,Straight,Down,0,-0.622963,TransSlide
175.1799,22.37828,0,0.3099096,0.2261845,0,0.5052667,735.334,0.9185015,0.04223887,Straight,Down,0,-0.6276245,TransSlide
175.2199,22.3652,0,0.3428686,0.2261845,0,0.5163937,736.2288,0.9184653,0.04252008,Straight,Down,0,-0.6322784,TransSlide
175.2599,22.35216,0,0.3794932,0.2261845,0,0.5278806,737.123,0.9185087,0.04280234,Straight,Down,0,-0.63694,TransSlide
175.2999,22.33917,0,0.4216075,0.2261845,0,0.5394655,738.0167,0.9187869,0.04308534,Straight,Down,0,-0.6415939,TransSlide
175.3399,22.32615,0,0.488441,0.2261845,0,0.5512341,738.9099,0.9192021,0.04336924,Straight,Down,0,-0.6462402,TransSlide
175.3799,22.3131,0,0.5534434,0.2261845,0,0.5636637,739.8026,0.9196541,0.04365415,Straight,Down,0,-0.6508865,TransSlide
175.4199,22.29993,0,0.5955613,0.2261845,0,0.576715,740.6946,0.9197497,0.04393984,Straight,Down,0.03956468,-0.6555328,TransSlide
175.4599,22.28711,0,0.6495774,0.2261845,0,0.5906187,741.5862,0.9203854,0.04422653,Right,Down,0.06255726,-0.6580276,TransSlide
175.4999,22.27472,0,0.6733811,0.2261845,0,0.6052109,742.4774,0.9215392,0.04451401,Right,Down,0.05934703,-0.658371,TransSlide
175.5399,22.26229,0,0.6880295,0.2261845,0,0.6209855,743.368,0.9223515,0.04480246,Right,Down,0.06255726,-0.6587143,TransSlide
175.5799,22.24914,0,0.6880295,0.2261845,0,0.6350647,744.2581,0.9227108,0.0450917,Right,Down,0.06255726,-0.6590652,TransSlide
175.6199,22.2359,0,0.6880295,0.2261845,0,0.6444021,745.1476,0.9219728,0.04538194,Right,Down,0.05934703,-0.6594009,TransSlide
175.6599,22.2228,0,0.6880295,0.2261845,0,0.6550983,746.0367,0.9213615,0.04567296,Right,Down,0.06255726,-0.6597366,TransSlide
175.6999,22.20997,0,0.6880295,0.2261845,0,0.6673272,746.9252,0.9210355,0.04596484,Right,Down,0.05934703,-0.66008,TransSlide
175.7399,22.19617,0,0.6880295,0.2261845,0,0.6811097,747.8132,0.9210712,0.04625774,Right,Down,0.06255726,-0.6604233,TransSlide
175.7799,22.18283,0,0.6889451,0.2261845,0,0.6963457,748.7007,0.9214236,0.04655141,Right,Down,0.06255726,-0.660759,TransSlide
175.8199,22.17022,0,0.702678,0.2261845,0,0.7132187,749.5876,0.923078,0.04684607,Right,Down,0.07132626,-0.6610947,TransSlide
175.8599,22.15763,0,0.7420456,0.2261845,0,0.7318401,750.4741,0.9249498,0.04714153,Right,Down,0.08622923,-0.6609955,TransSlide
175.8999,22.14312,0,0.7960618,0.2261845,0,0.7451929,751.36,0.9246816,0.04743794,Right,Down,0.08622923,-0.6595078,TransSlide
175.9399,22.1293,0,0.868392,0.2261845,0,0.7589998,752.2453,0.9242089,0.04773516,Right,Down,0.08622923,-0.65802,TransSlide
175.9799,22.11631,0,0.9132528,0.2261845,0,0.7751746,753.1301,0.9237174,0.04803322,Right,Down,0.08622923,-0.6565247,TransSlide
176.0199,22.10161,0,0.9150839,0.2261845,0,0.7939929,754.0143,0.9230643,0.04833228,Right,Down,0.08622923,-0.6550293,TransSlide
176.0599,22.08812,0,0.903182,0.2261845,0,0.8152449,754.8979,0.9242945,0.04863215,Right,Down,0.08622923,-0.6535416,TransSlide
176.0999,22.07516,0,0.8912802,0.2261845,0,0.8391521,755.7811,0.926541,0.04893297,Right,Down,0.08622923,-0.6520462,TransSlide
176.1399,22.05961,0,0.8674765,0.2222171,0,0.8591137,756.6636,0.9267309,0.04923457,Right,Down,0.1008706,-0.6505585,TransSlide
176.1799,22.04398,0,0.8482504,0.2063325,0,0.8794127,757.5455,0.9259145,0.04953716,Right,Down,0.1065312,-0.64814,TransSlide
176.2199,22.02704,0,0.8317709,0.1983978,0,0.9025701,758.4268,0.9249811,0.04984055,Right,Down,0.1083524,-0.6451874,TransSlide
176.2599,22.0074,0,0.7960618,0.1626917,0,0.9283223,759.3073,0.9246597,0.05014488,Right,Down,0.1083524,-0.6422424,TransSlide
176.2999,21.98281,0,0.7667649,0.1269856,0,0.9569801,760.1869,0.9269667,0.05045,Right,Down,0.1065312,-0.6392975,TransSlide
176.3399,21.94708,0,0.7429612,0.08729687,0,0.9845887,761.0652,0.9283883,0.05075598,Right,Down,0.1065312,-0.6363449,TransSlide
176.3799,21.90408,0,0.7118332,0.04365606,0,1.010396,761.9418,0.92756,0.05106298,Right,Down,0.1170339,-0.6334,TransSlide
176.4199,21.85251,0,0.6834519,0.003967346,0,1.039218,762.8165,0.9261915,0.05137072,Right,Down,0.1251145,-0.6298447,TransSlide
176.4599,21.79316,0,0.6468308,0,0,1.070902,763.6888,0.9259868,0.05167944,Right,Down,0.1251145,-0.6256409,TransSlide
176.4999,21.72928,0,0.6138718,0,0,1.105815,764.5587,0.928679,0.05198893,Right,Down,0.1251145,-0.6214447,TransSlide
176.5399,21.66558,0,0.5598521,0,0,1.136498,765.4259,0.9290513,0.05229942,Right,Down,0.1266688,-0.6172562,TransSlide
176.5799,21.60299,0,0.4930186,0,0,1.168481,766.2906,0.9281586,0.05261067,Right,Down,0.1297215,-0.6130753,TransSlide
176.6199,21.54071,0,0.4325938,0,0,1.203264,767.1529,0.9263507,0.05292273,Right,Down,0.1426525,-0.6087723,TransSlide
176.6599,21.47826,0,0.3327978,0,0,1.240931,768.0126,0.9288585,0.05323587,Right,Down,0.1426525,-0.6034546,TransSlide
176.6999,21.41537,0,0.2595556,0,0,1.277244,768.8699,0.9305503,0.05354968,Right,Down,0.1426525,-0.5981369,TransSlide
176.7399,21.35401,0,0.1698339,0,0,1.311754,769.7246,0.9298664,0.05386455,Right,Down,0.1426525,-0.5928268,TransSlide
176.7799,21.29317,0,0.1167297,0,0,1.348558,770.5769,0.9276553,0.05418012,Right,Down,0.1493534,-0.5875397,TransSlide
176.8199,21.23139,0,0.1048279,0,0,1.38794,771.4268,0.9302286,0.05449671,Right,Down,0.1607126,-0.581871,TransSlide
176.8599,21.16977,0,0.1048279,0,0,1.424714,772.2742,0.9315546,0.05481401,Right,Down,0.1594904,-0.5755157,TransSlide
176.8999,21.11003,0,0.1222265,0,0,1.460263,773.1191,0.9305204,0.05513234,Right,Down,0.1607126,-0.5691681,TransSlide
176.9399,21.0501,0,0.1515234,0,0,1.497842,773.9618,0.9292536,0.0554514,Right,Down,0.1619255,-0.5628357,TransSlide
176.9799,20.9889,0,0.1945531,0,0,1.537628,774.802,0.9327224,0.05577133,Right,Down,0.1758294,-0.5565186,TransSlide
177.0199,20.9285,0,0.2357519,0,0,1.571272,775.6398,0.9321508,0.05609224,Right,Down,0.1769387,-0.5491867,TransSlide
177.0599,20.87053,0,0.2980077,0,0,1.607005,776.4752,0.929967,0.05641393,Right,Down,0.1769387,-0.5418472,TransSlide
177.0999,20.80948,0,0.3437841,0,0,1.644604,777.3082,0.9321106,0.05673656,Right,Down,0.1802258,-0.5345306,TransSlide
177.1399,20.74919,0,0.3511083,0,0,1.679047,778.1387,0.9331179,0.05705995,Right,Down,0.1928145,-0.5272293,TransSlide
177.1799,20.69156,0,0.3511083,0,0,1.712489,778.967,0.9313023,0.05738432,Right,Down,0.1928145,-0.5189438,TransSlide
177.2199,20.6314,0,0.3511083,0,0,1.74749,779.7928,0.932382,0.05770943,Right,Down,0.1928145,-0.5106659,TransSlide
177.2599,20.571,0,0.3373754,0,0,1.780129,780.6163,0.9339852,0.05803553,Right,Down,0.2007689,-0.5024109,TransSlide
177.2999,20.51347,0,0.3154027,0,0,1.810171,781.4374,0.9321122,0.05836237,Right,Down,0.2093567,-0.4938431,TransSlide
177.3399,20.45421,0,0.2980077,0,0,1.841676,782.2561,0.9332771,0.05869005,Right,Down,0.2093567,-0.4846497,TransSlide
177.3799,20.39425,0,0.2659643,0,0,1.870154,783.0724,0.9345858,0.05901877,Right,Down,0.2112177,-0.4754791,TransSlide
177.4199,20.33687,0,0.2504003,0,0,1.896274,783.8865,0.9322765,0.05934814,Right,Down,0.2246844,-0.4663315,TransSlide
177.4599,20.27768,0,0.2485693,0,0,1.923665,784.6982,0.9347945,0.05967859,Right,Down,0.2246844,-0.4563217,TransSlide
177.4999,20.21852,0,0.2485693,0,0,1.946808,785.5075,0.9348187,0.0600097,Right,Down,0.2255535,-0.4462509,TransSlide
177.5399,20.16125,0,0.2485693,0,0,1.968888,786.3145,0.9329258,0.06034184,Right,Down,0.2382111,-0.4362106,TransSlide
177.5799,20.1014,0,0.2485693,0,0,1.992094,787.1192,0.9365513,0.06067467,Right,Down,0.2414744,-0.425499,TransSlide
177.6199,20.0434,0,0.2485693,0,0,2.009008,787.9215,0.934218,0.06100837,Right,Down,0.2414744,-0.4145584,TransSlide
177.6599,19.98571,0,0.2623022,0,0,2.027179,788.7215,0.9353625,0.06134305,Right,Down,0.254109,-0.4036484,TransSlide
177.6999,19.92622,0,0.3089941,0,0,2.042639,789.5191,0.936253,0.06167848,Right,Down,0.2579304,-0.3920822,TransSlide
177.7399,19.86925,0,0.3630137,0,0,2.055264,790.3145,0.9340949,0.06201489,Right,Down,0.2586879,-0.3802872,TransSlide
177.7799,19.81105,0,0.4335093,0,0,2.068785,791.1075,0.9381281,0.06235201,Right,Down,0.2719625,-0.3684998,TransSlide
177.8199,19.75345,0,0.4756236,0,0,2.076195,791.8982,0.9347515,0.06269012,Right,Down,0.2733977,-0.3559647,TransSlide
177.8599,19.69561,0,0.5305552,0,0,2.085316,792.6866,0.937993,0.06302894,Right,Down,0.2790645,-0.3433151,TransSlide
177.8999,19.63695,0,0.6184494,0,0,2.089559,793.4727,0.9364614,0.06336875,Right,Down,0.2900664,-0.3305435,TransSlide
177.9399,19.57884,0,0.7008469,0.03570611,0,2.093458,794.2564,0.9373543,0.0637093,Right,Down,0.2907402,-0.3170242,TransSlide
177.9799,19.52602,0,0.8253622,0.1111009,0,2.09501,795.038,0.9377517,0.06405068,Right,Down,0.3006659,-0.3035202,TransSlide
178.0199,19.49,0,0.9040976,0.1626917,0,2.094353,795.8179,0.9372792,0.06439305,Right,Down,0.3064671,-0.2895508,TransSlide
178.0599,19.46347,0,0.9855795,0.2142824,0,2.092556,796.5967,0.938655,0.06473614,Right,Down,0.3121605,-0.2751465,TransSlide
178.0999,19.45495,0,1.048751,0.2539559,0,2.088202,797.3749,0.9378589,0.0650802,Right,Down,0.3238513,-0.2606583,TransSlide
178.1399,19.44521,0,1.090869,0.2658579,0,2.082574,798.1529,0.9392012,0.06542496,Right,Down,0.3238513,-0.2453156,TransSlide
178.1799,19.45016,0,1.1458,0.2936446,0,2.074743,798.9308,0.9389579,0.06577072,Right,Down,0.3374619,-0.2299728,TransSlide
178.2199,19.44653,0,1.191577,0.3253834,0,2.064994,799.7087,0.9391987,0.06611717,Right,Down,0.3403488,-0.2138977,TransSlide
178.2599,19.46515,0,1.232775,0.3690242,0,2.054046,800.4872,0.9393148,0.06646464,Right,Down,0.3511023,-0.1975861,TransSlide
178.2999,19.48144,0,1.245593,0.3809415,0,2.040469,801.2663,0.9405597,0.06681279,Right,Down,0.3577275,-0.1807632,TransSlide
178.3399,19.50749,0,1.245593,0.3809415,0,2.026828,802.0464,0.9403051,0.06716181,Right,Down,0.3674413,-0.1634598,TransSlide
178.3799,19.53148,0,1.242846,0.3809415,0,2.008508,802.8275,0.9430618,0.06751177,Right,Flat,0.3748225,-0.1456833,TransSlide
178.4199,19.55453,0,1.233691,0.3809415,0,1.991951,803.6095,0.9405897,0.06786249,Right,Flat,0.3846134,-0.1273651,TransSlide
178.4599,19.58115,0,1.21538,0.3809415,0,1.970921,804.3925,0.9429321,0.06821416,Right,Flat,0.3911712,-0.108551,TransSlide
178.4999,19.60148,0,1.197985,0.3809415,0,1.951981,805.1763,0.9402514,0.06856654,Right,Flat,0.4029978,-0.08921051,TransSlide
178.5399,19.62689,0,1.178759,0.3809415,0,1.929172,805.9612,0.9426316,0.06891987,Right,Flat,0.4092611,-0.06924438,TransSlide
178.5799,19.64605,0,1.131152,0.3809415,0,1.908432,806.7468,0.9403047,0.06927396,Right,Flat,0.4233615,-0.04889679,TransSlide
178.6199,19.67132,0,1.102771,0.3809415,0,1.88411,807.5335,0.9425902,0.06962884,Right,Flat,0.4191812,-0.02774048,TransSlide
178.6599,19.68879,0,1.086291,0.3809415,0,1.86158,808.3209,0.9411621,0.06998471,Right,Flat,0.393167,-0.006324768,TransSlide
178.6999,19.7145,0,1.086291,0.3888762,0,1.83645,809.1093,0.9428288,0.0703413,Right,Flat,0.3896677,0.015625,TransSlide
178.7399,19.7317,0,1.086291,0.4126802,0,1.81287,809.8983,0.9423162,0.07069886,Right,Flat,0.3794918,0.03756714,TransSlide
178.7799,19.76383,0,1.085376,0.4245823,0,1.787434,810.6885,0.9430498,0.07105712,Right,Flat,0.3774237,0.05912781,TransSlide
178.8199,19.78771,0,1.075305,0.4285496,0,1.763213,811.4798,0.9438791,0.07141633,Right,Flat,0.3727285,0.08068848,TransSlide
178.8599,19.82447,0,1.067065,0.4364843,0,1.738513,812.2724,0.9434044,0.07177625,Right,Flat,0.3716771,0.1018295,TransSlide
178.8999,19.85092,0,1.063403,0.444419,0,1.713454,813.0662,0.945473,0.07213715,Right,Flat,0.3669084,0.1229706,TransSlide
178.9399,19.88955,0,1.063403,0.444419,0,1.689065,813.8614,0.9437467,0.07249875,Right,Flat,0.365305,0.1436691,TransSlide
178.9799,19.91974,0,1.063403,0.444419,0,1.663082,814.6578,0.9468319,0.07286114,Right,Up,0.3593647,0.1643982,TransSlide
179.0199,19.95541,0,1.063403,0.444419,0,1.639851,815.4556,0.9439499,0.07322452,Right,Up,0.358274,0.1846313,TransSlide
179.0599,19.98831,0,1.063403,0.444419,0,1.612662,816.2548,0.9467467,0.07358862,Right,Up,0.3516591,0.2048874,TransSlide
179.0999,20.01968,0,1.063403,0.444419,0,1.589299,817.0552,0.9453599,0.07395367,Right,Up,0.3516591,0.2246399,TransSlide
179.1399,20.05312,0,1.063403,0.444419,0,1.563442,817.8571,0.9465151,0.07431943,Right,Up,0.3454843,0.2443771,TransSlide
179.1799,20.08258,0,1.061572,0.4206149,0,1.539435,818.6601,0.9472961,0.07468615,Right,Up,0.343781,0.2636795,TransSlide
179.2199,20.11214,0,1.056079,0.4126802,0,1.515115,819.4643,0.9464858,0.07505355,Right,Up,0.3380413,0.2828751,TransSlide
179.2599,20.13722,0,1.055163,0.4047455,0,1.490442,820.2696,0.949056,0.07542182,Right,Up,0.3357179,0.3016739,TransSlide
179.2999,20.16182,0,1.055163,0.4007782,0,1.468598,821.0758,0.9463751,0.07579101,Right,Up,0.3304307,0.3202896,TransSlide
179.3399,20.18459,0,1.055163,0.4007782,0,1.443131,821.8829,0.9487736,0.07616092,Right,Up,0.3268584,0.3385925,TransSlide
179.3799,20.20522,0,1.048751,0.3928435,0,1.421282,822.6909,0.9484053,0.07653175,Right,Up,0.3238513,0.3565903,TransSlide
179.4199,20.2239,0,1.039596,0.3888762,0,1.398003,823.4997,0.9484635,0.07690332,Right,Up,0.3177519,0.3744125,TransSlide
179.4599,20.24492,0,1.031356,0.3888762,0,1.375582,824.3093,0.9509272,0.07727582,Right,Up,0.3165179,0.3917542,TransSlide
179.4999,20.26317,0,1.019454,0.3849088,0,1.356489,825.1197,0.9484292,0.077649,Right,Up,0.3090104,0.4090805,TransSlide
179.5399,20.28266,0,1.008468,0.3849088,0,1.333095,825.9307,0.9502105,0.07802317,Right,Up,0.3090104,0.4257355,TransSlide
179.5799,20.29868,0,0.9901571,0.3849088,0,1.313488,826.7425,0.9513514,0.078398,Right,Up,0.301316,0.4423752,TransSlide
179.6199,20.31361,0,0.9691,0.3849088,0,1.294891,827.5549,0.9500985,0.07877365,Right,Up,0.2987072,0.4585419,TransSlide
179.6599,20.33517,0,0.9425497,0.3809415,0,1.274181,828.368,0.9520072,0.0791503,Right,Up,0.2947506,0.4744415,TransSlide
179.6999,20.34983,0,0.9095907,0.3809415,0,1.257326,829.1819,0.9518871,0.07952759,Right,Up,0.2873554,0.4901886,TransSlide
179.7399,20.36465,0,0.8784628,0.3809415,0,1.239416,829.9963,0.9513347,0.07990585,Right,Up,0.2873554,0.5052795,TransSlide
179.7799,20.38418,0,0.8308554,0.3809415,0,1.221407,830.8114,0.9533673,0.08028478,Right,Up,0.2804634,0.5203781,TransSlide
179.8199,20.39791,0,0.7905686,0.3809415,0,1.207015,831.6272,0.9527946,0.08066467,Right,Up,0.2762456,0.5349731,TransSlide
179.8599,20.41391,0,0.7429612,0.3809415,0,1.190792,832.4435,0.9527104,0.08104525,Right,Up,0.2748253,0.5492096,TransSlide
179.8999,20.43371,0,0.6788743,0.3809415,0,1.174965,833.2607,0.9546076,0.08142681,Right,Up,0.2654082,0.5634537,TransSlide
179.9399,20.44616,0,0.619365,0.3809415,0,1.162816,834.0784,0.9541197,0.08180899,Right,Up,0.2639296,0.576889,TransSlide
179.9799,20.46277,0,0.5397105,0.3809415,0,1.148925,834.8967,0.9535923,0.08219204,Right,Up,0.2601963,0.5902328,TransSlide
180.0199,20.48231,0,0.4866099,0.3809415,0,1.134511,835.7158,0.9549713,0.08257601,Right,Up,0.25101,0.6034393,TransSlide
180.0599,20.49596,0,0.4335093,0.3809415,0,1.123195,836.5356,0.9558705,0.08296067,Right,Up,0.25101,0.6158447,TransSlide
180.0999,20.51169,0,0.3996348,0.3809415,0,1.112588,837.3558,0.9545772,0.08334626,Right,Up,0.2454926,0.6282425,TransSlide
180.1399,20.52934,0,0.3868175,0.3809415,0,1.098722,838.1768,0.9552379,0.08373255,Right,Up,0.2373883,0.6404037,TransSlide
180.1799,20.54811,0,0.3794932,0.3809415,0,1.087732,838.9986,0.9575887,0.08411977,Right,Up,0.2382111,0.6517944,TransSlide
180.2199,20.55992,0,0.3575206,0.3809415,0,1.079534,839.8209,0.9563148,0.08450768,Right,Up,0.2332305,0.6631699,TransSlide
180.2599,20.57765,0,0.2980077,0.3809415,0,1.068088,840.6438,0.9560015,0.08489639,Right,Up,0.2220564,0.6743851,TransSlide
180.2999,20.59691,0,0.2128637,0.3809415,0,1.056153,841.4675,0.9571173,0.08528603,Right,Up,0.2229358,0.6846771,TransSlide
180.3399,20.61246,0,0.1414526,0.3809415,0,1.046662,842.2918,0.9593162,0.08567638,Right,Up,0.2220564,0.6949539,TransSlide
180.3799,20.62622,0,0.06454468,0.3809415,0,1.039137,843.1167,0.9578769,0.08606765,Right,Up,0.20842,0.7052307,TransSlide
180.4199,20.6438,0,0.02700806,0.3809415,0,1.027065,843.9423,0.9578198,0.08645958,Right,Up,0.2065338,0.7145081,TransSlide
180.4599,20.66234,0,-0.005950928,0.3809415,0,1.014271,844.7687,0.9587607,0.0868525,Right,Up,0.2055842,0.7235794,TransSlide
180.4999,20.67906,0,-0.02243042,0.3809415,0,1.003465,845.5957,0.960862,0.08724604,Right,Up,0.1988102,0.7326431,TransSlide
180.5399,20.69287,0,-0.02243042,0.3809415,0,0.9943721,846.4233,0.960448,0.08764053,Right,Up,0.1866263,0.7414627,TransSlide
180.5799,20.70971,0,-0.02426147,0.3809415,0,0.9841881,847.2515,0.9596829,0.08803571,Right,Up,0.1876719,0.7491837,TransSlide
180.6199,20.72802,0,-0.03341675,0.3809415,0,0.9690458,848.0804,0.9603789,0.08843166,Right,Up,0.1866263,0.7569046,TransSlide
180.6599,20.74459,0,-0.0352478,0.3809415,0,0.9549829,848.91,0.9612899,0.0888286,Right,Up,0.1802258,0.7646179,TransSlide
180.6999,20.76066,0,-0.06546199,0.3809415,0,0.9422116,849.7403,0.9628523,0.08922613,Right,Up,0.166689,0.7719955,TransSlide
180.7399,20.77644,0,-0.0956744,0.3809415,0,0.9306104,850.5712,0.9626771,0.08962465,Right,Up,0.165511,0.7781906,TransSlide
180.7799,20.79176,0,-0.1533526,0.3809415,0,0.9198189,851.4026,0.9614628,0.09002382,Right,Up,0.166689,0.7843704,TransSlide
180.8199,20.80947,0,-0.1945531,0.3809415,0,0.9013052,852.2349,0.9618694,0.09042395,Right,Up,0.165511,0.7905426,TransSlide
180.8599,20.82596,0,-0.2211034,0.3809415,0,0.8829929,853.0677,0.9627177,0.0908247,Right,Up,0.1467098,0.7967224,TransSlide
180.8999,20.84069,0,-0.2256811,0.3809415,0,0.8655508,853.9012,0.9636228,0.09122626,Right,Up,0.1412742,0.8016357,TransSlide
180.9399,20.85777,0,-0.2146947,0.3809415,0,0.8484535,854.7354,0.9644786,0.0916288,Right,Up,0.1398823,0.8059692,TransSlide
180.9799,20.87389,0,-0.1789892,0.3809415,0,0.8318204,855.5702,0.9652087,0.09203193,Right,Up,0.1412742,0.8103027,TransSlide
181.0199,20.88905,0,-0.1533526,0.3809415,0,0.815632,856.4056,0.96457,0.09243605,Right,Up,0.1398823,0.8146362,TransSlide
181.0599,20.90386,0,-0.1130694,0.3809415,0,0.7996385,857.2416,0.9636261,0.09284077,Right,Up,0.1282043,0.8189621,TransSlide
181.0999,20.9205,0,-0.06637752,0.3650568,0,0.7751111,858.0782,0.9642346,0.0932465,Right,Up,0.1065312,0.8226242,TransSlide
181.1399,20.93371,0,-0.0453186,0.3372854,0,0.7493027,858.9155,0.9650493,0.09365279,Right,Up,0.1083524,0.824501,TransSlide
181.1799,20.94077,0,-0.03982544,0.289662,0,0.7236665,859.7531,0.9660895,0.09406007,Right,Up,0.1065312,0.8263855,TransSlide
181.2199,20.93878,0,-0.03982544,0.2380865,0,0.6980605,860.5907,0.9667419,0.09446801,Right,Up,0.1065312,0.82827,TransSlide
181.2599,20.92502,0,-0.03982544,0.1864958,0,0.6724781,861.4279,0.967184,0.09487668,Right,Up,0.1065312,0.8301392,TransSlide
181.2999,20.9004,0,-0.04806519,0.1626917,0,0.6467555,862.2642,0.9675191,0.09528635,Right,Up,0.1065312,0.8320084,TransSlide
181.3399,20.86962,0,-0.05355835,0.1468223,0,0.6211951,863.0993,0.9677012,0.09569664,Right,Up,0.08622923,0.8338776,TransSlide
181.3799,20.83548,0,-0.05355835,0.1190356,0,0.5954973,863.933,0.9678547,0.09610788,Straight,Up,0,0.8356628,TransSlide
181.4199,20.79566,0,-0.05355835,0.09126421,0,0.5698404,864.7653,0.9680719,0.09651972,Straight,Up,0,0.8299408,TransSlide
181.4599,20.74945,0,-0.05355835,0.03967346,0,0.5441333,865.5957,0.9683016,0.09693254,Straight,Up,0,0.8242264,TransSlide
181.4999,20.69362,0,-0.05355835,0,0,0.5183576,866.4241,0.9684646,0.09734596,Straight,Up,0,0.8185425,TransSlide
181.5399,20.62726,0,-0.05355835,0,0,0.4925361,867.2498,0.9686543,0.09776033,Straight,Up,0,0.8128586,TransSlide
181.5799,20.56042,0,-0.05355835,0,0,0.466576,868.0729,0.9689559,0.09817532,Straight,Up,0,0.8072052,TransSlide
181.6199,20.49376,0,-0.05355835,0,0,0.4406476,868.8932,0.9693124,0.0985911,Straight,Up,0,0.8015594,TransSlide
181.6599,20.42731,0,-0.03982544,0,0,0.4146111,869.711,0.9696801,0.09900782,Straight,Up,0,0.7959366,TransSlide
181.6999,20.36105,0,-0.02883911,0,0,0.3884627,870.5261,0.9700809,0.09942517,Straight,Up,0,0.790329,TransSlide
181.7399,20.29499,0,-0.0151062,0,0,0.3621399,871.3386,0.970371,0.09984348,Straight,Up,0,0.7847443,TransSlide
181.7799,20.2291,0,0.00869751,0,0,0.3356687,872.1484,0.9706985,0.1002624,Straight,Up,0,0.7791748,TransSlide
181.8199,20.16337,0,0.02700806,0,0,0.3089721,872.9556,0.9713125,0.1006822,Straight,Up,0,0.7736282,TransSlide
181.8599,20.09785,0,0.06362915,0,0,0.2823099,873.7601,0.9718736,0.1011027,Straight,Up,0,0.7680893,TransSlide
181.8999,20.03255,0,0.08743286,0,0,0.2553254,874.5621,0.972037,0.1015239,Straight,Up,0.01978234,0.7625732,TransSlide
181.9399,19.96733,0,0.08926392,0,0,0.2283928,875.3615,0.9723027,0.1019461,Straight,Up,0,0.7570724,TransSlide
181.9799,19.90232,0,0.08926392,0,0,0.201399,876.1582,0.9725739,0.1023689,Straight,Up,0,0.7515945,TransSlide
182.0199,19.8375,0,0.07461548,0,0,0.1743118,876.9523,0.9728438,0.1027926,Straight,Up,0,0.7461319,TransSlide
182.0599,19.77288,0,0.02151489,0,0,0.1472812,877.7439,0.9731649,0.103217,Straight,Up,0,0.7406845,TransSlide
182.0999,19.7084,0,-0.04714966,0,0,0.1202146,878.5329,0.9734352,0.1036423,Straight,Up,0,0.73526,TransSlide
182.1399,19.64432,0,-0.1066607,0,0,0.09327343,879.3193,0.9738952,0.1040681,Straight,Up,0,0.7298508,TransSlide
182.1799,19.58123,0,-0.16617,0,0,0.06615487,880.1032,0.9731408,0.104495,Straight,Up,0,0.7244644,TransSlide
182.2199,19.51822,0,-0.2018774,0,0,0.04490975,880.8846,0.9746375,0.1049224,Straight,Up,0,0.7190857,TransSlide
182.2599,19.45527,0,-0.2320898,0,0,0.02473664,881.6634,0.9762608,0.1053506,Straight,Up,0,0.7137375,TransSlide
182.2999,19.39295,0,-0.239414,0,0,0.00435549,882.4398,0.9775432,0.1057797,Straight,Up,0,0.7083969,TransSlide
182.3399,19.33063,0,-0.2439916,0,0,-0.01613259,883.2136,0.9785034,0.1062095,Straight,Up,0,0.7030792,TransSlide
182.3799,19.26821,0,-0.2513158,0,0,-0.03681749,883.9849,0.9792347,0.1066401,Straight,Up,0,0.6977692,TransSlide
182.4199,19.20715,0,-0.2513158,0,0,-0.05749813,884.7538,0.9777211,0.1070714,Straight,Up,0,0.6924667,TransSlide
182.4599,19.1466,0,-0.2494848,0,0,-0.07562715,885.5203,0.9765613,0.1075036,Straight,Up,0,0.6871948,TransSlide
182.4999,19.08577,0,-0.2449071,0,0,-0.08937433,886.2844,0.9776912,0.1079364,Straight,Up,0,0.6819382,TransSlide
182.5399,19.02467,0,-0.2375829,0,0,-0.1035496,887.046,0.9789394,0.10837,Left,Up,-0.07132626,0.6766968,TransSlide
182.5799,18.96404,0,-0.2320898,0,0,-0.1180794,887.8051,0.9806588,0.1088045,Left,Up,-0.1101434,0.6673203,TransSlide
182.6199,18.90435,0,-0.2320898,0,0,-0.1327956,888.5619,0.9794502,0.1092396,Left,Up,-0.1101434,0.6543884,TransSlide
182.6599,18.84529,0,-0.2320898,0,0,-0.1446292,889.3163,0.9785489,0.1096756,Left,Up,-0.1101434,0.64151,TransSlide
182.6999,18.78608,0,-0.2375829,0,0,-0.1528315,890.0684,0.9795159,0.1101123,Left,Up,-0.1101434,0.6286621,TransSlide
182.7399,18.72567,0,-0.2494848,0,0,-0.1617881,890.818,0.9815027,0.1105498,Left,Up,-0.1101434,0.6158524,TransSlide
182.7799,18.66783,0,-0.2751195,0,0,-0.1708029,891.5653,0.9815098,0.1109879,Left,Up,-0.1101434,0.6030807,TransSlide
182.8199,18.60992,0,-0.3108269,0,0,-0.1773442,892.3103,0.9801102,0.111427,Left,Up,-0.1426525,0.5903473,TransSlide
182.8599,18.55194,0,-0.3437859,0,0,-0.1801376,893.053,0.9808564,0.1118666,Left,Up,-0.1519511,0.575737,TransSlide
182.8999,18.49302,0,-0.380407,0,0,-0.1839143,893.7933,0.9827729,0.112307,Left,Up,-0.1506579,0.5602875,TransSlide
182.9399,18.43679,0,-0.3923088,0,0,-0.1884553,894.5313,0.9804575,0.1127484,Left,Up,-0.1519511,0.5448761,TransSlide
182.9799,18.38,0,-0.3932244,0,0,-0.1870726,895.2671,0.9806889,0.1131903,Left,Up,-0.1519511,0.5295029,TransSlide
183.0199,18.3218,0,-0.3932244,0,0,-0.1860103,896.0005,0.9822308,0.1136331,Left,Up,-0.1724585,0.5141678,TransSlide
183.0599,18.26577,0,-0.3941399,0,0,-0.1858727,896.7317,0.9814387,0.1140766,Left,Up,-0.1866263,0.497879,TransSlide
183.0999,18.2103,0,-0.399633,0,0,-0.1813778,897.4606,0.9810208,0.1145209,Left,Up,-0.1866263,0.4803467,TransSlide
183.1399,18.15409,0,-0.4005486,0,0,-0.1754195,898.1874,0.9829372,0.1149659,Left,Up,-0.1866263,0.4628372,TransSlide
183.1799,18.09829,0,-0.4042107,0,0,-0.1708091,898.9119,0.9818112,0.1154117,Left,Up,-0.1988102,0.4453964,TransSlide
183.2199,18.04379,0,-0.4042107,0,0,-0.1613569,899.6342,0.9823837,0.1158581,Left,Up,-0.2176059,0.4277267,TransSlide
183.2599,17.98835,0,-0.4042107,0,0,-0.1510982,900.3542,0.9844138,0.1163053,Left,Up,-0.2167048,0.4083633,TransSlide
183.2999,17.93321,0,-0.4042107,0,0,-0.1413462,901.0721,0.9821738,0.1167534,Left,Up,-0.2167048,0.389061,TransSlide
183.3399,17.87864,0,-0.4042107,0,0,-0.126174,901.7878,0.9846769,0.1172021,Left,Up,-0.2332305,0.3697968,TransSlide
183.3799,17.82415,0,-0.4042107,0,0,-0.1120863,902.5013,0.9853338,0.1176517,Left,Up,-0.2446942,0.3499298,TransSlide
183.4199,17.77025,0,-0.4060417,0,0,-0.09479564,903.2127,0.9847651,0.1181018,Left,Up,-0.2454926,0.3289108,TransSlide
183.4599,17.71807,0,-0.4161143,0,0,-0.07576701,903.9219,0.983934,0.1185529,Left,Up,-0.2517883,0.3079529,TransSlide
183.4999,17.66497,0,-0.4234385,0,0,-0.05734703,904.629,0.9833709,0.1190046,Left,Up,-0.2705197,0.2870712,TransSlide
183.5399,17.61325,0,-0.4234385,0,0,-0.03904095,905.3341,0.9857296,0.119457,Left,Up,-0.2719625,0.2647018,TransSlide
183.5799,17.56109,0,-0.4179454,0,0,-0.02187857,906.037,0.9877105,0.1199103,Left,Up,-0.2762456,0.2422256,TransSlide
183.6199,17.51026,0,-0.382238,0,0,-0.005756825,906.738,0.9893939,0.1203642,Left,Up,-0.2934199,0.2198029,TransSlide
183.6599,17.45922,0,-0.3401238,0.01190204,0,0.009230524,907.4368,0.9899856,0.120819,Left,Up,-0.2967354,0.1961288,TransSlide
183.6999,17.41038,0,-0.274204,0.04762341,0,0.02292076,908.1337,0.9900241,0.1212743,Left,Up,-0.3039024,0.1721954,TransSlide
183.7399,17.36895,0,-0.2265966,0.08729687,0,0.0354363,908.8289,0.9898513,0.1217306,Left,Flat,-0.3202056,0.1483002,TransSlide
183.7799,17.33768,0,-0.1853979,0.1388876,0,0.0470472,909.5226,0.9897516,0.1221874,Left,Flat,-0.3202056,0.1229782,TransSlide
183.8199,17.3169,0,-0.1780736,0.1745937,0,0.05754346,910.2155,0.9903109,0.1226452,Left,Flat,-0.332791,0.09764099,TransSlide
183.8599,17.30396,0,-0.1780736,0.1785611,0,0.06687781,910.9077,0.9901934,0.1231035,Left,Flat,-0.3432113,0.07184601,TransSlide
183.8999,17.2926,0,-0.1780736,0.1785611,0,0.07538539,911.5995,0.9892663,0.1235625,Left,Flat,-0.2594432,0.04506683,TransSlide
183.9399,17.28012,0,-0.1780736,0.1825284,0,0.08296275,912.2908,0.9879334,0.1240225,Right,Flat,0.05595291,0.01831818,TransSlide
183.9799,17.27299,0,-0.1707476,0.1983978,0,0.08929607,912.9818,0.9850366,0.124483,Right,Flat,0.06852804,-0.01727295,TransSlide
184.0199,17.26871,0,-0.1469439,0.2222171,0,0.09155285,913.6726,0.9888641,0.1249444,Right,Flat,0.06852804,-0.0542984,TransSlide
184.0599,17.26851,0,-0.1130694,0.2380865,0,0.09314829,914.3633,0.9922128,0.1254064,Right,Flat,0.07132626,-0.09132385,TransSlide
184.0999,17.2719,0,-0.06546199,0.2420539,0,0.09401265,915.0542,0.9952584,0.1258693,Right,Flat,0.06852804,-0.1283569,TransSlide
184.1399,17.27733,0,-0.02334595,0.2460212,0,0.09417111,915.7452,0.9967091,0.1263327,Right,Down,0.06852804,-0.1654816,TransSlide
184.1799,17.28564,0,0.02883911,0.2460212,0,0.09379375,916.4365,0.997052,0.1267968,Right,Down,0.06852804,-0.2026672,TransSlide
184.2199,17.29379,0,0.06362915,0.2460212,0,0.09275815,917.1282,0.9967267,0.1272619,Right,Down,0.06852804,-0.2398911,TransSlide
184.2599,17.30183,0,0.06912231,0.2460212,0,0.09123167,917.8201,0.9962856,0.1277275,Right,Down,0.07132626,-0.2771454,TransSlide
184.2999,17.30978,0,0.06912231,0.2499886,0,0.08911553,918.5125,0.9958618,0.128194,Right,Down,0.07132626,-0.3144226,TransSlide
184.3399,17.31827,0,0.06912231,0.27776,0,0.08646473,919.2051,0.9955457,0.1286611,Right,Down,0.07132626,-0.3517075,TransSlide
184.3799,17.33255,0,0.07553101,0.3134814,0,0.08333042,919.8983,0.995431,0.1291291,Right,Down,0.07132626,-0.3890381,TransSlide
184.4199,17.3544,0,0.09475708,0.3452201,0,0.08004773,920.5922,0.9953895,0.1295976,Straight,Down,0.03426402,-0.4263992,TransSlide
184.4599,17.38339,0,0.1222265,0.3571222,0,0.07633576,921.2872,0.9956109,0.130067,Straight,Down,0,-0.4550323,TransSlide
184.4999,17.41448,0,0.1588476,0.3610895,0,0.07224566,921.9835,0.9960171,0.1305369,Straight,Down,0,-0.4652328,TransSlide
184.5399,17.44719,0,0.1881444,0.3610895,0,0.06799012,922.681,0.9964058,0.1310076,Straight,Down,0,-0.4754562,TransSlide
184.5799,17.47983,0,0.2192724,0.3650568,0,0.0636757,923.3799,0.9968762,0.1314792,Straight,Down,0,-0.4856949,TransSlide
184.6199,17.51332,0,0.2430761,0.3809415,0,0.05922335,924.0801,0.9973107,0.1319513,Straight,Down,-0.01978234,-0.4959641,TransSlide
184.6599,17.54902,0,0.2485693,0.3888762,0,0.05476791,924.7816,0.9977211,0.1324243,Straight,Down,-0.01978234,-0.5062408,TransSlide
184.6999,17.58711,0,0.2485693,0.4047455,0,0.05038142,925.4847,0.9982357,0.1328978,Straight,Down,0,-0.5165405,TransSlide
184.7399,17.62846,0,0.2485693,0.4087129,0,0.04602051,926.1895,0.9986455,0.1333723,Straight,Down,-0.01978234,-0.5268707,TransSlide
184.7799,17.67102,0,0.2137792,0.4126802,0,0.04172778,926.8958,0.9991072,0.1338473,Straight,Down,0,-0.5372238,TransSlide
184.8199,17.71439,0,0.171665,0.4126802,0,0.03743079,927.604,0.9996896,0.1343231,Straight,Down,0,-0.5475998,TransSlide
184.8599,17.75756,0,0.1478612,0.4126802,0,0.03320006,928.3139,1.000147,0.1347995,Straight,Down,0,-0.5580063,TransSlide
184.8999,17.80054,0,0.1414526,0.4126802,0,0.02910647,929.0255,1.000521,0.1352767,Straight,Down,0,-0.5684357,TransSlide
184.9399,17.84342,0,0.1414526,0.4126802,0,0.02514035,929.7388,1.000893,0.1357547,Straight,Down,0,-0.5788803,TransSlide
184.9799,17.88612,0,0.1414526,0.4126802,0,0.02130285,930.4539,1.001315,0.1362332,Straight,Down,0,-0.5893631,TransSlide
185.0199,17.92874,0,0.1414526,0.3888762,0,0.01775941,931.1706,1.001704,0.1367126,Straight,Down,0,-0.5998611,TransSlide
185.0599,17.96774,0,0.1414526,0.3849088,0,0.01446626,931.889,1.002083,0.1371926,Straight,Down,-0.01978234,-0.6103745,TransSlide
185.0999,18.00412,0,0.1414526,0.3729915,0,0.01156053,932.6088,1.002467,0.1376734,Straight,Down,-0.01978234,-0.6209259,TransSlide
185.1399,18.03782,0,0.1359594,0.3690242,0,0.00897637,933.33,1.002885,0.1381548,Straight,Down,0,-0.631485,TransSlide
185.1799,18.07071,0,0.1112366,0.3650568,0,0.006740898,934.0525,1.003232,0.1386368,Straight,Down,-0.01978234,-0.642067,TransSlide
185.2199,18.10263,0,0.07095337,0.3650568,0,0.004778564,934.7763,1.003721,0.1391198,Straight,Down,0,-0.6526718,TransSlide
185.2599,18.13419,0,0.04623413,0.3610895,0,0.00325945,935.5013,1.004249,0.1396033,Straight,Down,0,-0.6632843,TransSlide
185.2999,18.16503,0,0.02059937,0.3571222,0,0.002101034,936.2276,1.004704,0.1400876,Straight,Down,0,-0.6739197,TransSlide
185.3399,18.19464,0,-0.004119873,0.3491875,0,0.000962764,936.9551,1.005131,0.1405725,Straight,Down,-0.01978234,-0.6845703,TransSlide
185.3799,18.22208,0,-0.03982544,0.3372854,0,0.0001603961,937.6837,1.005735,0.1410583,Straight,Down,-0.01978234,-0.6952438,TransSlide
185.4199,18.24753,0,-0.08285701,0.3174487,0,-0.0006171763,938.4133,1.006393,0.1415446,Straight,Down,-0.01978234,-0.705925,TransSlide
185.4599,18.2689,0,-0.1176471,0.3055466,0,-0.001383513,939.1438,1.006599,0.1420317,Straight,Down,0,-0.7166214,TransSlide
185.4999,18.28787,0,-0.1423663,0.289662,0,-0.001913905,939.8752,1.006832,0.1425194,Straight,Down,-0.01978234,-0.7273254,TransSlide
185.5399,18.30271,0,-0.1469439,0.2856947,0,-0.002433836,940.6071,1.007199,0.1430078,Straight,Down,0,-0.7380371,TransSlide
185.5799,18.31614,0,-0.1469439,0.2817273,0,-0.003115326,941.3397,1.00744,0.143497,Straight,Down,-0.01978234,-0.748764,TransSlide
185.6199,18.32836,0,-0.1469439,0.2817273,0,-0.003613561,942.0727,1.007714,0.1439868,Straight,Down,0,-0.759491,TransSlide
185.6599,18.34069,0,-0.1469439,0.2817273,0,-0.004168749,942.8062,1.008143,0.1444774,Straight,Down,0,-0.7702332,TransSlide
185.6999,18.35303,0,-0.1469439,0.2817273,0,-0.004959881,943.5402,1.008718,0.1449686,Straight,Down,0,-0.7809753,TransSlide
185.7399,18.3654,0,-0.1469439,0.2817273,0,-0.005403489,944.2747,1.009342,0.1454606,Straight,Down,0,-0.7917252,TransSlide
185.7799,18.37759,0,-0.1542681,0.2817273,0,-0.00606522,945.0097,1.010072,0.1459532,Straight,Down,-0.01978234,-0.8024826,TransSlide
185.8199,18.38972,0,-0.18906,0.2817273,0,-0.006599098,945.7452,1.010775,0.1464464,Straight,Down,-0.01978234,-0.8132477,TransSlide
185.8599,18.40185,0,-0.2320898,0.2817273,0,-0.007414252,946.4811,1.011233,0.1469405,Straight,Down,-0.01978234,-0.824028,TransSlide
185.8999,18.41394,0,-0.2925146,0.2817273,0,-0.008249164,947.2176,1.011568,0.1474351,Straight,Down,0,-0.8348007,TransSlide
185.9399,18.42546,0,-0.3382927,0.3015793,0,-0.00930801,947.9545,1.011307,0.1479306,Straight,Down,0,-0.8455887,TransSlide
185.9799,18.442,0,-0.3877312,0.3015793,0,-0.007041931,948.692,1.012281,0.1484266,Straight,Down,0,-0.856369,TransSlide
186.0199,18.45942,0,-0.4179454,0.3055466,0,-0.002541542,949.4302,1.014285,0.1489234,Straight,Down,0,-0.8671646,TransSlide
186.0599,18.47755,0,-0.4344249,0.3055466,0,0.001505554,950.1692,1.015962,0.1494208,Straight,Down,-0.01978234,-0.8779755,TransSlide
186.0999,18.49499,0,-0.439918,0.3055466,0,0.004838228,950.9088,1.016844,0.149919,Straight,Down,-0.01978234,-0.8888016,TransSlide
186.1399,18.51402,0,-0.439918,0.3055466,0,0.007704824,951.6492,1.017325,0.1504177,Straight,Down,-0.01978234,-0.8996429,TransSlide
186.1799,18.53287,0,-0.439918,0.3055466,0,0.009980977,952.3903,1.017402,0.1509171,Straight,Down,0,-0.9104996,TransSlide
186.2199,18.55159,0,-0.439918,0.3055466,0,0.01154736,953.1322,1.017293,0.1514174,Straight,Down,0,-0.9213715,TransSlide
186.2599,18.57016,0,-0.439918,0.3055466,0,0.01232648,953.8748,1.017306,0.1519181,Straight,Down,0,-0.9322586,TransSlide
186.2999,18.58861,0,-0.439918,0.3055466,0,0.01238769,954.6182,1.017555,0.1524197,Straight,Down,0,-0.9431534,TransSlide
186.3399,18.60695,0,-0.439918,0.3055466,0,0.0116969,955.3622,1.017817,0.1529218,Straight,Down,0,-0.9540558,TransSlide
186.3799,18.6252,0,-0.4417491,0.3055466,0,0.01024365,956.1071,1.018183,0.1534248,Straight,Down,-0.01978234,-0.9649811,TransSlide
186.4199,18.6434,0,-0.4417491,0.3055466,0,0.007969052,956.8526,1.018323,0.1539283,Straight,Down,-0.02797646,-0.975914,TransSlide
186.4599,18.66147,0,-0.4362559,0.3055466,0,0.004478306,957.5989,1.018708,0.1544326,Straight,Down,-0.02797646,-0.9780731,TransSlide
186.4999,18.6795,0,-0.4124522,0.3055466,0,0.0001375377,958.3459,1.019318,0.1549374,Straight,Down,-0.03426402,-0.9796448,TransSlide
186.5399,18.69749,0,-0.3639275,0.3055466,0,-0.005517006,959.0936,1.019932,0.1554429,Straight,Down,-0.03426402,-0.9812088,TransSlide
186.5799,18.71537,0,-0.3025872,0.3055466,0,-0.01229084,959.8421,1.020529,0.1559492,Straight,Down,-0.02797646,-0.9827805,TransSlide
186.6199,18.73323,0,-0.256809,0.3055466,0,-0.02014869,960.5913,1.021085,0.1564561,Straight,Down,-0.03426402,-0.9843521,TransSlide
186.6599,18.75083,0,-0.239414,0.3055466,0,-0.02897125,961.3411,1.022034,0.1569638,Straight,Down,-0.03426402,-0.9859314,TransSlide
186.6999,18.76844,0,-0.2320898,0.3055466,0,-0.03893286,962.0917,1.022021,0.1574719,Straight,Down,-0.02797646,-0.9875031,TransSlide
186.7399,18.78611,0,-0.2256811,0.3055466,0,-0.04979214,962.843,1.022008,0.1579809,Straight,Down,-0.02797646,-0.9890823,TransSlide
186.7799,18.80337,0,-0.2037084,0.3055466,0,-0.0619652,963.5949,1.022236,0.1584904,Straight,Down,-0.02797646,-0.9906616,TransSlide
186.8199,18.8206,0,-0.1716632,0.309514,0,-0.07518509,964.3475,1.022467,0.1590006,Straight,Down,-0.02797646,-0.9922409,TransSlide
186.8599,18.83827,0,-0.1414508,0.3174487,0,-0.08945724,965.1009,1.022848,0.1595116,Straight,Down,-0.03426402,-0.9938202,TransSlide
186.8999,18.85743,0,-0.09475887,0.3253834,0,-0.1048212,965.855,1.02293,0.1600231,Straight,Down,-0.03426402,-0.9954071,TransSlide
186.9399,18.87936,0,-0.05722046,0.3253834,0,-0.1174134,966.6099,1.0234,0.1605355,Straight,Down,-0.03426402,-0.996994,TransSlide
186.9799,18.90124,0,0.00869751,0.3293507,0,-0.1268144,967.3658,1.024622,0.1610483,Straight,Down,-0.03426402,-0.9985809,TransSlide
187.0199,18.92394,0,0.06271362,0.3333181,0,-0.1370255,968.1225,1.025702,0.161562,Straight,Down,-0.03426402,-1.000168,TransSlide
187.0599,18.94672,0,0.08926392,0.3333181,0,-0.1479999,968.8801,1.02662,0.1620761,Straight,Down,-0.02797646,-1.001762,TransSlide
187.0999,18.97057,0,0.1057434,0.3333181,0,-0.1596894,969.6387,1.027249,0.1625911,Straight,Down,-0.02797646,-1.003349,TransSlide
187.1399,18.99427,0,0.110321,0.3333181,0,-0.1718691,970.3982,1.027707,0.1631065,Straight,Down,-0.03426402,-1.004951,TransSlide
187.1799,19.01794,0,0.1048279,0.3333181,0,-0.1845233,971.1587,1.028126,0.1636226,Straight,Down,-0.03426402,-1.006538,TransSlide
187.2199,19.04153,0,0.1048279,0.3333181,0,-0.1977533,971.9202,1.028482,0.1641396,Straight,Down,-0.03426402,-1.008148,TransSlide
187.2599,19.065,0,0.1048279,0.3333181,0,-0.2114342,972.6825,1.028818,0.164657,Straight,Down,-0.02797646,-1.009743,TransSlide
187.2999,19.0884,0,0.09384155,0.3333181,0,-0.2256816,973.4458,1.029107,0.1651753,Straight,Down,-0.02797646,-1.011353,TransSlide
187.3399,19.11174,0,0.08102417,0.3333181,0,-0.240199,974.2101,1.029393,0.165694,Straight,Down,-0.02797646,-1.012955,TransSlide
187.3799,19.13499,0,0.06454468,0.3333181,0,-0.2552375,974.9752,1.029752,0.1662136,Straight,Down,-0.03956468,-1.014557,TransSlide
187.4199,19.15828,0,0.06271362,0.3333181,0,-0.2708629,975.7413,1.030367,0.1667336,Straight,Down,-0.04423466,-1.014282,TransSlide
187.4599,19.18101,0,0.06271362,0.3333181,0,-0.2868769,976.5084,1.031212,0.1672543,Straight,Down,-0.03956468,-1.013428,TransSlide
187.4999,19.20414,0,0.06271362,0.3333181,0,-0.3030866,977.2763,1.030772,0.1677758,Straight,Down,-0.03956468,-1.012566,TransSlide
187.5399,19.22641,0,0.06271362,0.3333181,0,-0.3194618,978.0451,1.030471,0.1682978,Straight,Down,-0.03956468,-1.011696,TransSlide
187.5799,19.24883,0,0.04623413,0.297612,0,-0.3362662,978.8148,1.03055,0.1688206,Straight,Down,-0.03956468,-1.010834,TransSlide
187.6199,19.26311,0,0.02059937,0.2698253,0,-0.3530454,979.5852,1.030652,0.1693439,Straight,Down,-0.03956468,-1.009972,TransSlide
187.6599,19.27374,0,-0.005950928,0.2539559,0,-0.3661062,980.3561,1.031195,0.169868,Straight,Down,-0.03956468,-1.009109,TransSlide
187.6999,19.2798,0,-0.03341675,0.2182498,0,-0.3755094,981.1273,1.032188,0.1703925,Straight,Down,-0.04423466,-1.00824,TransSlide
187.7399,19.27799,0,-0.05264282,0.1706264,0,-0.3850337,981.8984,1.033258,0.1709179,Straight,Down,-0.04423466,-1.007378,TransSlide
187.7799,19.26636,0,-0.06546199,0.1349203,0,-0.3946676,982.6692,1.034041,0.1714438,Straight,Down,-0.03956468,-1.006508,TransSlide
187.8199,19.2471,0,-0.08285701,0.07936218,0,-0.4042522,983.4393,1.034672,0.1719703,Straight,Down,-0.03956468,-1.005638,TransSlide
187.8599,19.21754,0,-0.08743465,0.05952545,0,-0.4140522,984.2083,1.035122,0.1724976,Straight,Down,-0.03956468,-1.004776,TransSlide
187.8999,19.18224,0,-0.08835018,0.05159075,0,-0.423887,984.976,1.035513,0.1730254,Straight,Down,-0.03956468,-1.003914,TransSlide
187.9399,19.14414,0,-0.09018123,0.04762341,0,-0.4338019,985.7422,1.035822,0.1735539,Straight,Down,-0.04423466,-1.003052,TransSlide
187.9799,19.10489,0,-0.09018123,0.04762341,0,-0.4437695,986.5068,1.036274,0.174083,Straight,Down,-0.03956468,-1.00219,TransSlide
188.0199,19.06528,0,-0.09018123,0.04762341,0,-0.4539059,987.2698,1.03676,0.1746128,Straight,Down,-0.03956468,-1.001328,TransSlide
188.0599,19.02556,0,-0.09018123,0.04762341,0,-0.4643543,988.0312,1.03767,0.1751431,Straight,Down,-0.03956468,-1.000473,TransSlide
188.0999,18.98592,0,-0.09018123,0.04762341,0,-0.4748693,988.791,1.037808,0.1756743,Straight,Down,-0.04845664,-0.9996185,TransSlide
188.1399,18.9462,0,-0.09018123,0.04762341,0,-0.4854152,989.5493,1.037288,0.1762058,Left,Down,-0.05233916,-0.9975967,TransSlide
188.1799,18.90669,0,-0.09018123,0.04762341,0,-0.4960337,990.3059,1.037094,0.176738,Left,Down,-0.05233916,-0.995079,TransSlide
188.2199,18.86756,0,-0.07003963,0.04762341,0,-0.5069695,991.061,1.037009,0.1772711,Left,Down,-0.05233916,-0.9925766,TransSlide
188.2599,18.82842,0,-0.04714966,0.04762341,0,-0.5106039,991.8146,1.038009,0.1778045,Left,Down,-0.05233916,-0.9900818,TransSlide
188.2999,18.78924,0,-0.04714966,0.04762341,0,-0.5141063,992.5665,1.039035,0.1783388,Left,Down,-0.05233916,-0.987587,TransSlide
188.3399,18.75023,0,-0.04714966,0.04762341,0,-0.517716,993.3169,1.040138,0.1788735,Left,Down,-0.05233916,-0.9850998,TransSlide
188.3799,18.71141,0,-0.07095516,0.04762341,0,-0.5215442,994.0657,1.041001,0.179409,Left,Down,-0.05233916,-0.9826126,TransSlide
188.4199,18.67277,0,-0.08835018,0.04762341,0,-0.5256692,994.813,1.041657,0.179945,Straight,Down,-0.04845664,-0.9801331,TransSlide
188.4599,18.63427,0,-0.1011676,0.04762341,0,-0.529928,995.5588,1.042192,0.1804816,Left,Down,-0.05233916,-0.9776535,TransSlide
188.4999,18.59591,0,-0.1066607,0.04762341,0,-0.5344063,996.303,1.042607,0.181019,Straight,Down,-0.04845664,-0.9751892,TransSlide
188.5399,18.55757,0,-0.1176471,0.04762341,0,-0.5392556,997.0457,1.043139,0.1815568,Straight,Down,-0.04845664,-0.9727173,TransSlide
188.5799,18.51912,0,-0.1286334,0.04762341,0,-0.5444975,997.7869,1.044145,0.1820955,Straight,Down,-0.04845664,-0.9702606,TransSlide
188.6199,18.48071,0,-0.1432818,0.04762341,0,-0.5500544,998.5265,1.04455,0.1826345,Left,Down,-0.05233916,-0.967804,TransSlide
188.6599,18.44214,0,-0.1542681,0.04762341,0,-0.5557729,999.2645,1.044038,0.1831744,Left,Down,-0.05233916,-0.9653473,TransSlide
188.6999,18.40398,0,-0.1615924,0.04762341,0,-0.5616965,1000.001,1.043481,0.1837148,Left,Down,-0.05934703,-0.9628983,TransSlide
188.7399,18.36614,0,-0.1615924,0.04762341,0,-0.5648078,1000.736,1.043659,0.1842559,Left,Down,-0.06255726,-0.9595184,TransSlide
188.7799,18.3282,0,-0.1615924,0.04762341,0,-0.5642227,1001.47,1.044666,0.1847974,Left,Down,-0.06255726,-0.9557114,TransSlide
188.8199,18.29016,0,-0.1615924,0.04762341,0,-0.5636772,1002.202,1.045797,0.1853396,Left,Down,-0.06255726,-0.9519119,TransSlide
188.8599,18.25245,0,-0.1615924,0.04762341,0,-0.5635728,1002.932,1.046967,0.1858825,Left,Down,-0.05934703,-0.9481201,TransSlide
188.8999,18.21485,0,-0.1615924,0.04762341,0,-0.5636255,1003.661,1.048059,0.1864259,Left,Down,-0.06255726,-0.9443359,TransSlide
188.9399,18.17742,0,-0.1615924,0.04762341,0,-0.5642098,1004.388,1.049029,0.1869701,Left,Down,-0.05934703,-0.9405594,TransSlide
188.9799,18.14012,0,-0.1615924,0.04762341,0,-0.5650648,1005.114,1.049571,0.1875147,Left,Down,-0.05934703,-0.9367905,TransSlide
189.0199,18.10268,0,-0.1615924,0.04762341,0,-0.5666023,1005.839,1.050519,0.1880601,Left,Down,-0.06255726,-0.9330292,TransSlide
189.0599,18.06506,0,-0.1615924,0.04762341,0,-0.5686865,1006.562,1.051775,0.1886059,Left,Down,-0.06255726,-0.9292679,TransSlide
189.0999,18.02736,0,-0.1615924,0.04762341,0,-0.5711984,1007.283,1.051155,0.1891524,Left,Down,-0.06255726,-0.9255142,TransSlide
189.1399,17.99025,0,-0.1615924,0.04762341,0,-0.5740557,1008.003,1.050297,0.1896996,Left,Down,-0.06255726,-0.9217682,TransSlide
189.1799,17.95328,0,-0.1615924,0.04762341,0,-0.5741993,1008.722,1.050015,0.1902472,Left,Down,-0.06255726,-0.9180374,TransSlide
189.2199,17.91619,0,-0.1615924,0.04762341,0,-0.5706366,1009.439,1.051184,0.1907957,Left,Down,-0.06852804,-0.9143066,TransSlide
189.2599,17.87901,0,-0.1615924,0.04762341,0,-0.5674382,1010.154,1.052344,0.1913445,Left,Down,-0.07132626,-0.9097748,TransSlide
189.2999,17.84224,0,-0.1615924,0.04762341,0,-0.564669,1010.869,1.053329,0.1918942,Left,Down,-0.07132626,-0.9048004,TransSlide
189.3399,17.80552,0,-0.1615924,0.04762341,0,-0.5621176,1011.581,1.054182,0.1924442,Left,Down,-0.07132626,-0.8998337,TransSlide
189.3799,17.76898,0,-0.1615924,0.04762341,0,-0.5601247,1012.292,1.054938,0.1929951,Left,Down,-0.07132626,-0.8948746,TransSlide
189.4199,17.73229,0,-0.1615924,0.04762341,0,-0.5587369,1013.002,1.055966,0.1935463,Left,Down,-0.07132626,-0.8899231,TransSlide
189.4599,17.69537,0,-0.1652545,0.04365606,0,-0.5578015,1013.71,1.057533,0.1940981,Left,Down,-0.07132626,-0.8849792,TransSlide
189.4999,17.65775,0,-0.1780736,0.04365606,0,-0.5571316,1014.417,1.056665,0.1946508,Left,Down,-0.07132626,-0.880043,TransSlide
189.5399,17.62068,0,-0.1954687,0.04365606,0,-0.5567759,1015.122,1.055569,0.1952038,Left,Down,-0.07132626,-0.8751068,TransSlide
189.5799,17.58369,0,-0.2037084,0.04365606,0,-0.5526147,1015.826,1.055649,0.1957577,Left,Down,-0.07132626,-0.8701935,TransSlide
189.6199,17.54643,0,-0.2037084,0.04365606,0,-0.546721,1016.528,1.056826,0.1963119,Left,Down,-0.07132626,-0.8652954,TransSlide
189.6599,17.50908,0,-0.2037084,0.03967346,0,-0.5412677,1017.229,1.058002,0.1968669,Left,Down,-0.07661668,-0.8603973,TransSlide
189.6999,17.47121,0,-0.2037084,0.02380407,0,-0.5362619,1017.928,1.059067,0.1974223,Left,Down,-0.08156469,-0.8552856,TransSlide
189.7399,17.43053,0,-0.2037084,0.01190204,0,-0.5319393,1018.626,1.059873,0.1979785,Left,Down,-0.08392937,-0.8491821,TransSlide
189.7799,17.38665,0,-0.2037084,0.007934691,0,-0.5283965,1019.322,1.060908,0.1985351,Left,Down,-0.08392937,-0.8430786,TransSlide
189.8199,17.34166,0,-0.2183568,0.007934691,0,-0.5254139,1020.016,1.062354,0.1990923,Left,Down,-0.08156469,-0.836998,TransSlide
189.8599,17.29688,0,-0.239414,0.007934691,0,-0.5228024,1020.708,1.061341,0.1996502,Left,Down,-0.08392937,-0.8309174,TransSlide
189.8999,17.25284,0,-0.274204,0.007934691,0,-0.5209259,1021.399,1.059637,0.2002086,Left,Down,-0.08392937,-0.8248596,TransSlide
189.9399,17.20857,0,-0.298925,0.007934691,0,-0.512895,1022.087,1.060163,0.2007677,Left,Down,-0.08156469,-0.8188171,TransSlide
189.9799,17.16412,0,-0.3163201,0.003967346,0,-0.5055875,1022.774,1.061179,0.2013272,Left,Down,-0.08392937,-0.8127899,TransSlide
190.0199,17.11941,0,-0.3620964,0,0,-0.4988776,1023.46,1.062466,0.2018875,Left,Down,-0.08156469,-0.8067856,TransSlide
190.0599,17.07361,0,-0.4170299,0,0,-0.4927409,1024.143,1.063478,0.2024482,Left,Down,-0.08622923,-0.8007889,TransSlide
190.0999,17.02742,0,-0.4939342,0,0,-0.4875046,1024.825,1.064803,0.2030094,Left,Down,-0.09487279,-0.7948074,TransSlide
190.1399,16.98082,0,-0.5433744,0,0,-0.4831935,1025.504,1.066333,0.2035715,Left,Down,-0.09487279,-0.7875977,TransSlide
190.1799,16.93528,0,-0.5534452,0,0,-0.4796173,1026.182,1.064817,0.2041339,Left,Down,-0.09487279,-0.7804108,TransSlide
190.2199,16.89015,0,-0.5534452,0,0,-0.4760012,1026.858,1.063127,0.204697,Left,Down,-0.09487279,-0.7732391,TransSlide
190.2599,16.84472,0,-0.5534452,0,0,-0.4674971,1027.533,1.063619,0.2052606,Left,Down,-0.09487279,-0.7660751,TransSlide
190.2999,16.79906,0,-0.5589384,0,0,-0.459972,1028.205,1.064694,0.205825,Left,Down,-0.09487279,-0.7589493,TransSlide
190.3399,16.75382,0,-0.5662626,0,0,-0.4533038,1028.876,1.065863,0.2063897,Left,Down,-0.09278741,-0.7518387,TransSlide
190.3799,16.70835,0,-0.5781645,0,0,-0.4476824,1029.544,1.067189,0.2069552,Left,Down,-0.09487279,-0.7447433,TransSlide
190.4199,16.66208,0,-0.5845731,0,0,-0.4432203,1030.211,1.069212,0.207521,Left,Down,-0.09891172,-0.737648,TransSlide
190.4599,16.61654,0,-0.5845731,0,0,-0.4397823,1030.876,1.068553,0.2080874,Left,Down,-0.1065312,-0.7305832,TransSlide
190.4999,16.57195,0,-0.5662626,0,0,-0.4375001,1031.54,1.066336,0.2086546,Left,Down,-0.1065312,-0.7223816,TransSlide
190.5399,16.52708,0,-0.5470365,0,0,-0.4297928,1032.201,1.066742,0.2092222,Left,Down,-0.1083524,-0.7140884,TransSlide
190.5799,16.48185,0,-0.5314726,0,0,-0.4236094,1032.861,1.067749,0.2097905,Left,Down,-0.1083524,-0.7058182,TransSlide
190.6199,16.43655,0,-0.5003428,0,0,-0.418651,1033.519,1.069124,0.2103592,Left,Down,-0.1065312,-0.6975784,TransSlide
190.6599,16.39095,0,-0.4783702,0,0,-0.4150245,1034.175,1.071172,0.2109287,Left,Down,-0.1083524,-0.6893463,TransSlide
190.6999,16.34554,0,-0.4637218,0,0,-0.4123702,1034.829,1.072908,0.2114985,Left,Down,-0.1065312,-0.6811295,TransSlide
190.7399,16.3014,0,-0.4591441,0.04365606,0,-0.4108058,1035.482,1.070717,0.2120689,Left,Down,-0.1083524,-0.6729355,TransSlide
190.7799,16.26485,0,-0.4591441,0.07539482,0,-0.4065317,1036.132,1.069908,0.21264,Left,Down,-0.1186941,-0.6647568,TransSlide
190.8199,16.23634,0,-0.4646373,0.08729687,0,-0.4009488,1036.782,1.070475,0.2132116,Left,Down,-0.1219466,-0.6557465,TransSlide
190.8599,16.21047,0,-0.4829478,0.08729687,0,-0.3969178,1037.431,1.071789,0.2137838,Left,Down,-0.1219466,-0.646286,TransSlide
190.8999,16.1843,0,-0.5076671,0.08729687,0,-0.3940921,1038.078,1.074204,0.2143564,Left,Down,-0.1219466,-0.6368484,TransSlide
190.9399,16.15794,0,-0.5360502,0.08729687,0,-0.3924641,1038.725,1.075948,0.2149298,Left,Down,-0.1219466,-0.6274109,TransSlide
190.9799,16.13312,0,-0.5433744,0.08729687,0,-0.3919722,1039.37,1.073483,0.2155036,Left,Down,-0.1219466,-0.6179886,TransSlide
191.0199,16.10846,0,-0.5470365,0.09126421,0,-0.3877407,1040.015,1.073429,0.2160781,Left,Down,-0.1219466,-0.6085739,TransSlide
191.0599,16.0843,0,-0.5470365,0.09523156,0,-0.3836901,1040.659,1.07445,0.2166529,Left,Down,-0.1297215,-0.5991821,TransSlide
191.0999,16.06013,0,-0.5470365,0.1150683,0,-0.3813128,1041.301,1.076313,0.2172283,Left,Down,-0.1370561,-0.5895462,TransSlide
191.1399,16.03885,0,-0.5543607,0.1388876,0,-0.3805084,1041.943,1.079007,0.2178044,Left,Down,-0.1370561,-0.578804,TransSlide
191.1799,16.02429,0,-0.5827421,0.1626917,0,-0.3806854,1042.584,1.077472,0.2183809,Left,Down,-0.1356209,-0.5680695,TransSlide
191.2199,16.01539,0,-0.654155,0.1785611,0,-0.3793732,1043.225,1.076188,0.2189582,Left,Down,-0.1356209,-0.5573425,TransSlide
191.2599,16.01035,0,-0.7264817,0.1904631,0,-0.3756602,1043.865,1.076799,0.2195358,Left,Down,-0.1370561,-0.546608,TransSlide
191.2999,16.00809,0,-0.8271915,0.2063325,0,-0.3741894,1044.505,1.078548,0.2201141,Left,Down,-0.1384764,-0.5358887,TransSlide
191.3399,16.00565,0,-0.8967733,0.2420539,0,-0.374294,1045.146,1.082037,0.2206928,Left,Down,-0.1480375,-0.5251617,TransSlide
191.3799,16.01193,0,-0.9260702,0.2658579,0,-0.3754791,1045.786,1.080373,0.2212723,Left,Down,-0.1519511,-0.5136032,TransSlide
191.4199,16.02577,0,-0.93431,0.2936446,0,-0.3749288,1046.427,1.079771,0.221852,Left,Down,-0.1519511,-0.5014191,TransSlide
191.4599,16.04491,0,-0.93431,0.3015793,0,-0.3733103,1047.068,1.080338,0.2224324,Left,Down,-0.1519511,-0.4892197,TransSlide
191.4999,16.06662,0,-0.93431,0.3015793,0,-0.3742239,1047.711,1.083011,0.2230134,Left,Down,-0.1519511,-0.477005,TransSlide
191.5399,16.08185,0,-0.93431,0.3015793,0,-0.3763735,1048.354,1.083948,0.2235948,Left,Down,-0.1545051,-0.4647675,TransSlide
191.5799,16.10433,0,-0.9288168,0.3015793,0,-0.3781584,1048.998,1.081266,0.224177,Left,Down,-0.1643245,-0.4525223,TransSlide
191.6199,16.12595,0,-0.9224081,0.3015793,0,-0.3766957,1049.643,1.081556,0.2247594,Left,Down,-0.1690205,-0.43927,TransSlide
191.6599,16.14865,0,-0.9150839,0.3015793,0,-0.3776387,1050.289,1.08358,0.2253426,Left,Down,-0.1678588,-0.4254303,TransSlide
191.6999,16.16456,0,-0.9141684,0.3015793,0,-0.3804344,1050.935,1.085473,0.2259262,Left,Down,-0.1690205,-0.4115677,TransSlide
191.7399,16.18306,0,-0.9040976,0.3015793,0,-0.3827719,1051.582,1.083171,0.2265103,Left,Down,-0.1690205,-0.3976822,TransSlide
191.7799,16.20217,0,-0.8921957,0.3015793,0,-0.3827525,1052.23,1.082229,0.2270951,Left,Down,-0.1780411,-0.3837738,TransSlide
191.8199,16.22325,0,-0.8564883,0.3055466,0,-0.385113,1052.879,1.081855,0.2276802,Left,Down,-0.1866263,-0.3693848,TransSlide
191.8599,16.23983,0,-0.8088809,0.3055466,0,-0.3897377,1053.528,1.08377,0.2282661,Left,Down,-0.1876719,-0.3537903,TransSlide
191.8999,16.25737,0,-0.7557786,0.3055466,0,-0.3913351,1054.178,1.083836,0.2288523,Left,Down,-0.1866263,-0.3381729,TransSlide
191.9399,16.27397,0,-0.7035935,0.3055466,0,-0.3932641,1054.829,1.082283,0.2294393,Left,Down,-0.1866263,-0.3225479,TransSlide
191.9799,16.29322,0,-0.6916916,0.3055466,0,-0.3974282,1055.48,1.083585,0.2300265,Left,Down,-0.1988102,-0.3068924,TransSlide
192.0199,16.3112,0,-0.6907761,0.3055466,0,-0.3998157,1056.133,1.085865,0.2306145,Left,Down,-0.2065338,-0.2904205,TransSlide
192.0599,16.32737,0,-0.6898606,0.3055466,0,-0.400752,1056.786,1.085312,0.2312029,Left,Down,-0.2055842,-0.2730026,TransSlide
192.0999,16.3445,0,-0.6889451,0.3055466,0,-0.4036769,1057.439,1.087508,0.2317917,Left,Down,-0.2065338,-0.2555618,TransSlide
192.1399,16.36427,0,-0.6889451,0.309514,0,-0.403876,1058.094,1.089158,0.2323813,Left,Down,-0.2148914,-0.2380829,TransSlide
192.1799,16.38044,0,-0.6852829,0.3293507,0,-0.4035417,1058.749,1.088477,0.2329711,Left,Down,-0.2264194,-0.2203598,TransSlide
192.2199,16.40121,0,-0.7035935,0.3491875,0,-0.4050395,1059.405,1.090436,0.2335618,Left,Down,-0.2264194,-0.201004,TransSlide
192.2599,16.42926,0,-0.7191575,0.3531548,0,-0.4041145,1060.061,1.092067,0.2341527,Left,Down,-0.2264194,-0.1815872,TransSlide
192.2999,16.45364,0,-0.7338059,0.3531548,0,-0.4025913,1060.719,1.091318,0.2347443,Left,Down,-0.2365626,-0.162178,TransSlide
192.3399,16.48241,0,-0.7383835,0.3571222,0,-0.4027866,1061.378,1.091762,0.2353363,Left,Flat,-0.2478722,-0.1423035,TransSlide
192.3799,16.51275,0,-0.7383835,0.3571222,0,-0.4021938,1062.039,1.093971,0.2359287,Left,Flat,-0.2470816,-0.1208267,TransSlide
192.4199,16.53872,0,-0.7383835,0.3571222,0,-0.3996837,1062.7,1.093578,0.2365219,Left,Flat,-0.2502292,-0.09933472,TransSlide
192.4599,16.56968,0,-0.7328904,0.3610895,0,-0.3989276,1063.362,1.092341,0.2371154,Left,Flat,-0.2661444,-0.07781982,TransSlide
192.4999,16.59996,0,-0.7145798,0.3729915,0,-0.4001908,1064.026,1.095397,0.2377097,Left,Flat,-0.2712421,-0.05625916,TransSlide
192.5399,16.63,0,-0.6852829,0.3729915,0,-0.3965375,1064.691,1.095586,0.2383042,Left,Flat,-0.2719625,-0.0346756,TransSlide
192.5799,16.65946,0,-0.6486619,0.3729915,0,-0.3944586,1065.357,1.095217,0.2388995,Left,Flat,-0.2967354,-0.01306915,TransSlide
192.6199,16.6928,0,-0.5909818,0.3729915,0,-0.3940593,1066.024,1.094909,0.239495,Left,Flat,-0.3109043,-0.008155823,TransSlide
192.6599,16.72452,0,-0.5241466,0.3729915,0,-0.3937248,1066.693,1.097426,0.2400913,Left,Flat,-0.309643,-0.02011108,TransSlide
192.6999,16.75617,0,-0.4692149,0.3491875,0,-0.3900812,1067.363,1.097752,0.2406878,Left,Flat,-0.2973941,-0.0320816,TransSlide
192.7399,16.78181,0,-0.4042107,0.3372854,0,-0.3875966,1068.034,1.097022,0.2412849,Left,Flat,-0.2927522,-0.04360199,TransSlide
192.7799,16.81083,0,-0.3703362,0.3333181,0,-0.386881,1068.706,1.097137,0.2418826,Left,Flat,-0.2907402,-0.05485535,TransSlide
192.8199,16.83295,0,-0.3620964,0.3293507,0,-0.3850552,1069.379,1.099582,0.2424807,Left,Flat,-0.2790645,-0.06612396,TransSlide
192.8599,16.85448,0,-0.3620964,0.3293507,0,-0.3803379,1070.053,1.100023,0.2430795,Left,Flat,-0.2741124,-0.07696533,TransSlide
192.8999,16.87528,0,-0.3620964,0.3293507,0,-0.3765448,1070.728,1.099686,0.2436786,Left,Flat,-0.2741124,-0.08753204,TransSlide
192.9399,16.90274,0,-0.3620964,0.3491875,0,-0.3742049,1071.404,1.098746,0.2442784,Left,Flat,-0.2631872,-0.09811401,TransSlide
192.9799,16.92683,0,-0.3620964,0.3610895,0,-0.3738136,1072.081,1.101986,0.2448784,Left,Flat,-0.2564087,-0.1084137,TransSlide
193.0199,16.95535,0,-0.3877312,0.3729915,0,-0.3675936,1072.759,1.102375,0.2454792,Left,Flat,-0.2564087,-0.1183014,TransSlide
193.0599,16.9859,0,-0.4060417,0.3729915,0,-0.3627313,1073.438,1.102746,0.2460803,Left,Flat,-0.25101,-0.128212,TransSlide
193.0999,17.0163,0,-0.4106212,0.3729915,0,-0.3588644,1074.118,1.101601,0.2466819,Left,Flat,-0.2390311,-0.1381302,TransSlide
193.1399,17.05181,0,-0.4106212,0.3729915,0,-0.3568031,1074.8,1.102441,0.2472841,Left,Flat,-0.2390311,-0.1473618,TransSlide
193.1799,17.08309,0,-0.4106212,0.3729915,0,-0.3537557,1075.483,1.104622,0.2478866,Left,Down,-0.2390311,-0.156601,TransSlide
193.2199,17.11438,0,-0.4106212,0.3729915,0,-0.3472953,1076.167,1.105109,0.2484899,Left,Down,-0.2298502,-0.1658554,TransSlide
193.2599,17.14499,0,-0.4115367,0.3729915,0,-0.3417774,1076.852,1.105211,0.2490934,Left,Down,-0.2211734,-0.1749115,TransSlide
193.2999,17.17806,0,-0.4170299,0.3729915,0,-0.3373479,1077.539,1.104212,0.2496977,Left,Down,-0.2220564,-0.1834869,TransSlide
193.3399,17.21212,0,-0.4234385,0.3729915,0,-0.3342837,1078.227,1.105263,0.2503022,Left,Down,-0.2211734,-0.1920853,TransSlide
193.3799,17.2425,0,-0.4289317,0.3729915,0,-0.3306709,1078.917,1.107512,0.2509072,Left,Down,-0.2121421,-0.2006912,TransSlide
193.4199,17.27342,0,-0.4289317,0.3729915,0,-0.3228417,1079.607,1.108027,0.2515129,Left,Down,-0.2046302,-0.2090378,TransSlide
193.4599,17.30395,0,-0.4289317,0.3729915,0,-0.3159102,1080.299,1.108172,0.2521188,Left,Down,-0.2046302,-0.2169647,TransSlide
193.4999,17.33668,0,-0.4289317,0.3729915,0,-0.3101538,1080.992,1.107735,0.2527255,Left,Down,-0.2046302,-0.2249146,TransSlide
193.5399,17.36838,0,-0.4234385,0.3729915,0,-0.3056359,1081.687,1.107317,0.2533324,Left,Down,-0.1978235,-0.2328644,TransSlide
193.5799,17.40052,0,-0.4234385,0.3729915,0,-0.3027116,1082.382,1.10992,0.25394,Left,Down,-0.1866263,-0.2407761,TransSlide
193.6199,17.43136,0,-0.4234385,0.3729915,0,-0.2957456,1083.079,1.111053,0.2545479,Left,Down,-0.1876719,-0.2480545,TransSlide
193.6599,17.46142,0,-0.4234385,0.3729915,0,-0.2874503,1083.777,1.111477,0.2551565,Left,Down,-0.1887116,-0.2553482,TransSlide
193.6999,17.49265,0,-0.4234385,0.3729915,0,-0.2803681,1084.477,1.1114,0.2557653,Left,Down,-0.1876719,-0.2626572,TransSlide
193.7399,17.52444,0,-0.4234385,0.3769741,0,-0.2743761,1085.177,1.111193,0.2563747,Left,Down,-0.1780411,-0.2699738,TransSlide
193.7799,17.55701,0,-0.4234385,0.3888762,0,-0.2697444,1085.88,1.110711,0.2569847,Left,Down,-0.1713202,-0.2769775,TransSlide
193.8199,17.59283,0,-0.4234385,0.4206149,0,-0.2665845,1086.583,1.112915,0.2575949,Left,Down,-0.1713202,-0.2836227,TransSlide
193.8599,17.63316,0,-0.4234385,0.444419,0,-0.2613131,1087.288,1.114601,0.2582059,Left,Down,-0.1713202,-0.2902756,TransSlide
193.8999,17.67824,0,-0.4179454,0.4483864,0,-0.2529272,1087.995,1.115048,0.2588171,Left,Down,-0.1713202,-0.2969437,TransSlide
193.9399,17.725,0,-0.4179454,0.4483864,0,-0.2454219,1088.703,1.115002,0.259429,Left,Down,-0.1619255,-0.3036423,TransSlide
193.9799,17.77419,0,-0.4179454,0.4483864,0,-0.2394102,1089.413,1.11498,0.2600412,Left,Down,-0.1545051,-0.3100357,TransSlide
194.0199,17.82057,0,-0.4179454,0.4483864,0,-0.2343104,1090.126,1.114704,0.2606538,Left,Down,-0.1557664,-0.3160629,TransSlide
194.0599,17.8678,0,-0.4179454,0.4483864,0,-0.2305636,1090.84,1.114651,0.2612671,Left,Down,-0.1545051,-0.3221054,TransSlide
194.0999,17.91627,0,-0.4179454,0.4483864,0,-0.2280147,1091.556,1.116711,0.2618806,Left,Down,-0.1545051,-0.3281555,TransSlide
194.1399,17.96245,0,-0.4179454,0.4483864,0,-0.2227774,1092.274,1.118107,0.2624949,Left,Down,-0.1506579,-0.3342285,TransSlide
194.1799,18.00836,0,-0.4179454,0.4483864,0,-0.2149141,1092.994,1.118414,0.2631094,Left,Down,-0.1384764,-0.3403015,TransSlide
194.2199,18.0549,0,-0.4124522,0.4483864,0,-0.2084061,1093.716,1.11838,0.2637245,Left,Down,-0.1384764,-0.345726,TransSlide
194.2599,18.1027,0,-0.3932244,0.4483864,0,-0.203385,1094.439,1.118376,0.2643399,Left,Down,-0.1384764,-0.3511276,TransSlide
194.2999,18.14841,0,-0.3813225,0.4483864,0,-0.1994766,1095.165,1.118514,0.264956,Left,Down,-0.1384764,-0.3565521,TransSlide
194.3399,18.19446,0,-0.3620964,0.4245823,0,-0.1965511,1095.892,1.118391,0.2655723,Left,Down,-0.1384764,-0.3619766,TransSlide
194.3799,18.23805,0,-0.3437859,0.4206149,0,-0.1949545,1096.621,1.119633,0.266189,Left,Down,-0.1356209,-0.3674164,TransSlide
194.4199,18.27919,0,-0.3108269,0.4166476,0,-0.1944218,1097.352,1.121604,0.2668065,Left,Down,-0.1235407,-0.3728638,TransSlide
194.4599,18.31755,0,-0.2604711,0.4126802,0,-0.1894487,1098.084,1.122406,0.2674242,Left,Down,-0.1219466,-0.3777237,TransSlide
194.4999,18.35528,0,-0.2183568,0.4087129,0,-0.1830274,1098.818,1.122455,0.2680426,Left,Down,-0.1219466,-0.3824768,TransSlide
194.5399,18.39281,0,-0.1716632,0.4087129,0,-0.1777382,1099.553,1.122401,0.2686611,Left,Down,-0.1219466,-0.3872375,TransSlide
194.5799,18.43064,0,-0.148775,0.4087129,0,-0.1735745,1100.29,1.12253,0.2692804,Left,Down,-0.1219466,-0.3920135,TransSlide
194.6199,18.46781,0,-0.1414508,0.4087129,0,-0.1705413,1101.029,1.122935,0.2698999,Left,Down,-0.1219466,-0.3967896,TransSlide
194.6599,18.50425,0,-0.1414508,0.4087129,0,-0.1683159,1101.769,1.123198,0.2705201,Left,Down,-0.1170339,-0.4015732,TransSlide
194.6999,18.54139,0,-0.1414508,0.4047455,0,-0.1670893,1102.51,1.123156,0.2711404,Left,Down,-0.1046783,-0.4063416,TransSlide
194.7399,18.57784,0,-0.1414508,0.4047455,0,-0.1669789,1103.253,1.124375,0.2717613,Left,Down,-0.1046783,-0.4104004,TransSlide
194.7799,18.61502,0,-0.1414508,0.4047455,0,-0.1678948,1103.997,1.125897,0.2723828,Left,Down,-0.1065312,-0.4144745,TransSlide
194.8199,18.64989,0,-0.1414508,0.4047455,0,-0.1664175,1104.743,1.127131,0.2730045,Left,Down,-0.1065312,-0.4185486,TransSlide
194.8599,18.68564,0,-0.1304644,0.4047455,0,-0.1608172,1105.49,1.127347,0.2736269,Left,Down,-0.1065312,-0.4226379,TransSlide
194.8999,18.72179,0,-0.1121539,0.4047455,0,-0.1560042,1106.238,1.127361,0.2742495,Left,Down,-0.1046783,-0.4267273,TransSlide
194.9399,18.75835,0,-0.07553279,0.4047455,0,-0.1520528,1106.988,1.12739,0.2748728,Left,Down,-0.1046783,-0.4308319,TransSlide
194.9799,18.79379,0,-0.04714966,0.4047455,0,-0.1489127,1107.739,1.127759,0.2754962,Left,Down,-0.09691329,-0.4349365,TransSlide
195.0199,18.82923,0,-0.005950928,0.4047455,0,-0.146485,1108.492,1.128231,0.2761202,Left,Down,-0.08846933,-0.4388123,TransSlide
195.0599,18.86459,0,0.04623413,0.4047455,0,-0.1444142,1109.246,1.128803,0.2767447,Left,Down,-0.08846933,-0.4421463,TransSlide
195.0999,18.89966,0,0.09384155,0.4007782,0,-0.1428773,1110.002,1.129348,0.2773695,Left,Down,-0.08846933,-0.445488,TransSlide
195.1399,18.93417,0,0.1643407,0.4007782,0,-0.1417038,1110.759,1.129392,0.277995,Left,Down,-0.08846933,-0.4488373,TransSlide
195.1799,18.96855,0,0.206455,0.4007782,0,-0.1409339,1111.518,1.130346,0.2786206,Left,Down,-0.08846933,-0.4521866,TransSlide
195.2199,19.00342,0,0.2366674,0.4007782,0,-0.1404175,1112.277,1.131638,0.279247,Left,Down,-0.08846933,-0.4555511,TransSlide
195.2599,19.03798,0,0.2540624,0.4007782,0,-0.1401676,1113.039,1.132996,0.2798735,Left,Down,-0.08846933,-0.4589081,TransSlide
195.2999,19.07214,0,0.2604711,0.4007782,0,-0.1353247,1113.801,1.133683,0.2805007,Left,Down,-0.08846933,-0.4622803,TransSlide
195.3399,19.10612,0,0.2604711,0.4007782,0,-0.1264971,1114.565,1.133931,0.281128,Left,Down,-0.08156469,-0.4656525,TransSlide
195.3799,19.14045,0,0.2604711,0.4007782,0,-0.1181964,1115.33,1.134085,0.2817558,Left,Down,-0.07132626,-0.4689484,TransSlide
195.4199,19.17483,0,0.2604711,0.4007782,0,-0.1097504,1116.097,1.134416,0.2823843,Left,Down,-0.07132626,-0.4714584,TransSlide
195.4599,19.20864,0,0.2320898,0.4007782,0,-0.1014494,1116.865,1.134938,0.2830129,Left,Down,-0.06852804,-0.4739609,TransSlide
195.4999,19.24235,0,0.2073705,0.4007782,0,-0.09313744,1117.634,1.135512,0.2836422,Left,Down,-0.06852804,-0.4764709,TransSlide
195.5399,19.27588,0,0.1826513,0.4007782,0,-0.08477128,1118.405,1.136134,0.2842717,Left,Down,-0.06852804,-0.478981,TransSlide
195.5799,19.30935,0,0.1661718,0.4007782,0,-0.07631058,1119.177,1.136717,0.2849019,Left,Down,-0.06852804,-0.4815063,TransSlide
195.6199,19.34271,0,0.1469457,0.4007782,0,-0.06771079,1119.95,1.137317,0.2855322,Left,Down,-0.06852804,-0.484024,TransSlide
195.6599,19.37595,0,0.123142,0.4007782,0,-0.0588983,1120.725,1.137962,0.286163,Left,Down,-0.07132626,-0.4865494,TransSlide
195.6999,19.40914,0,0.09292603,0.4007782,0,-0.04968908,1121.501,1.138543,0.2867944,Left,Down,-0.06852804,-0.4890823,TransSlide
195.7399,19.4422,0,0.0453186,0.4007782,0,-0.04029351,1122.279,1.13914,0.287426,Left,Down,-0.06852804,-0.4916153,TransSlide
195.7799,19.47492,0,0.0151062,0.4007782,0,-0.03060699,1123.057,1.139652,0.2880582,Left,Down,-0.07132626,-0.4941559,TransSlide
195.8199,19.50808,0,-0.005950928,0.4285496,0,-0.02050745,1123.837,1.139982,0.2886906,Left,Down,-0.05595291,-0.4966965,TransSlide
195.8599,19.5471,0,-0.0151062,0.4364843,0,-0.01032346,1124.619,1.140787,0.2893237,Straight,Down,-0.04423466,-0.4988174,TransSlide
195.8999,19.58754,0,-0.0151062,0.4404517,0,-3.71933E-05,1125.402,1.141736,0.2899569,Straight,Down,-0.04423466,-0.5001678,TransSlide
195.9399,19.62861,0,-0.01602173,0.4483864,0,0.01067796,1126.187,1.142568,0.2905908,Straight,Down,-0.04423466,-0.5015259,TransSlide
195.9799,19.67167,0,-0.01602173,0.4801404,0,0.02176854,1126.973,1.143223,0.2912248,Straight,Down,-0.04423466,-0.5028839,TransSlide
196.0199,19.72108,0,-0.01602173,0.5038987,0,0.0328351,1127.761,1.143953,0.2918593,Straight,Down,-0.04423466,-0.5042419,TransSlide
196.0599,19.77506,0,-0.01693726,0.507805,0,0.04777518,1128.552,1.144322,0.2924944,Straight,Down,-0.04423466,-0.5056076,TransSlide
196.0999,19.83068,0,-0.02151489,0.507805,0,0.06538892,1129.344,1.144474,0.2931297,Straight,Down,-0.04845664,-0.5069733,TransSlide
196.1399,19.88618,0,-0.02151489,0.507805,0,0.08319831,1130.139,1.14457,0.2937656,Straight,Down,-0.04423466,-0.5083466,TransSlide
196.1799,19.94163,0,-0.02151489,0.4920424,0,0.1011789,1130.936,1.14491,0.2944016,Straight,Down,-0.04423466,-0.5097275,TransSlide
196.2199,19.99456,0,-0.02151489,0.4801404,0,0.1193572,1131.736,1.145361,0.2950384,Straight,Down,-0.04423466,-0.5111008,TransSlide
196.2599,20.04364,0,-0.02151489,0.4722057,0,0.1377957,1132.537,1.145938,0.2956752,Straight,Down,-0.04423466,-0.5124893,TransSlide
196.2999,20.09084,0,-0.02151489,0.4722057,0,0.1563354,1133.34,1.14654,0.2963127,Straight,Down,-0.04423466,-0.5138702,TransSlide
196.3399,20.13764,0,-0.02151489,0.4722057,0,0.1751723,1134.145,1.147225,0.2969504,Straight,Down,-0.04423466,-0.5152588,TransSlide
196.3799,20.18426,0,-0.02151489,0.4682384,0,0.1941134,1134.952,1.147761,0.2975885,Straight,Down,-0.03956468,-0.516655,TransSlide
196.4199,20.23026,0,-0.02243042,0.4682384,0,0.213156,1135.761,1.148354,0.2982272,Straight,Down,-0.04845664,-0.5180435,TransSlide
196.4599,20.27577,0,-0.02426147,0.4682384,0,0.2323647,1136.571,1.148996,0.298866,Straight,Down,-0.04423466,-0.5194397,TransSlide
196.4999,20.32116,0,-0.02792358,0.4682384,0,0.2515154,1137.384,1.149566,0.2995055,Straight,Down,-0.04423466,-0.5208359,TransSlide
196.5399,20.36639,0,-0.02883911,0.464271,0,0.2707258,1138.198,1.150116,0.3001452,Straight,Down,-0.03956468,-0.5222473,TransSlide
196.5799,20.41099,0,-0.02975464,0.464271,0,0.2900023,1139.014,1.150774,0.3007854,Straight,Down,0,-0.5236435,TransSlide
196.6199,20.45509,0,-0.02975464,0.464271,0,0.3092572,1139.832,1.151367,0.3014258,Straight,Down,0,-0.5231171,TransSlide
196.6599,20.49904,0,-0.02975464,0.464271,0,0.3284327,1140.651,1.151935,0.3020667,Straight,Down,0,-0.5218658,TransSlide
196.6999,20.54292,0,-0.02975464,0.4603037,0,0.3477856,1141.473,1.152508,0.3027081,Straight,Down,0,-0.5206223,TransSlide
196.7399,20.58613,0,-0.02975464,0.4523537,0,0.3669572,1142.296,1.153153,0.3033496,Straight,Down,0,-0.519371,TransSlide
196.7799,20.62741,0,-0.02975464,0.4483864,0,0.3861602,1143.12,1.153541,0.3039918,Straight,Down,0,-0.5181122,TransSlide
196.8199,20.66738,0,-0.02243042,0.4364843,0,0.4053558,1143.947,1.153989,0.3046342,Straight,Down,0,-0.516861,TransSlide
196.8599,20.7053,0,-0.02151489,0.4007782,0,0.4243713,1144.774,1.15442,0.3052771,Straight,Down,0,-0.5156021,TransSlide
196.8999,20.73631,0,-0.02151489,0.3650568,0,0.4435247,1145.604,1.154988,0.3059202,Straight,Down,0,-0.5143433,TransSlide
196.9399,20.75819,0,-0.02151489,0.3333181,0,0.4624762,1146.434,1.155535,0.3065639,Straight,Down,0,-0.5130844,TransSlide
196.9799,20.77388,0,-0.02151489,0.3293507,0,0.4814173,1147.264,1.156191,0.3072078,Straight,Down,0,-0.5118256,TransSlide
197.0199,20.78737,0,-0.02883911,0.3253834,0,0.5001871,1148.096,1.156839,0.307852,Straight,Down,0,-0.5105591,TransSlide
197.0599,20.80027,0,-0.04074097,0.3253834,0,0.5189081,1148.928,1.157455,0.3084969,Straight,Down,0,-0.5093002,TransSlide
197.0999,20.81279,0,-0.04806519,0.3253834,0,0.5373645,1149.76,1.157993,0.3091418,Straight,Down,0,-0.5080338,TransSlide
197.1399,20.8253,0,-0.05813599,0.3253834,0,0.5559418,1150.593,1.158508,0.3097874,Straight,Down,0,-0.5067673,TransSlide
197.1799,20.83772,0,-0.06546199,0.3253834,0,0.5744865,1151.426,1.159021,0.3104331,Straight,Down,0,-0.5055084,TransSlide
197.2199,20.85024,0,-0.07187068,0.3253834,0,0.5929034,1152.26,1.15936,0.3110795,Straight,Down,0,-0.5042343,TransSlide
197.2599,20.86268,0,-0.0892657,0.3253834,0,0.6111479,1153.095,1.160043,0.3117259,Straight,Down,0,-0.5029755,TransSlide
197.2999,20.87498,0,-0.0993365,0.3253834,0,0.6290247,1153.929,1.160836,0.3123728,Straight,Down,0,-0.5017014,TransSlide
197.3399,20.88743,0,-0.1066607,0.3253834,0,0.6468759,1154.765,1.161555,0.3130202,Straight,Down,0,-0.5004272,TransSlide
197.3799,20.89975,0,-0.1194781,0.3253834,0,0.6644474,1155.601,1.162276,0.3136677,Straight,Down,0,-0.4991684,TransSlide
197.4199,20.9122,0,-0.1670855,0.3253834,0,0.6817834,1156.437,1.162925,0.3143159,Straight,Down,0,-0.4978943,TransSlide
197.4599,20.92457,0,-0.1853979,0.3253834,0,0.6989179,1157.274,1.163535,0.3149642,Straight,Down,0,-0.4966278,TransSlide
197.4999,20.93679,0,-0.1835668,0.3253834,0,0.7159551,1158.111,1.163976,0.3156131,Straight,Down,0,-0.4953537,TransSlide
197.5399,20.94912,0,-0.1670855,0.3253834,0,0.7326758,1158.949,1.164438,0.3162621,Straight,Down,0,-0.4940872,TransSlide
197.5799,20.9614,0,-0.1551837,0.3253834,0,0.7490463,1159.787,1.165046,0.3169117,Straight,Down,0,-0.4928055,TransSlide
197.6199,20.97364,0,-0.1469439,0.3253834,0,0.7650042,1160.626,1.165671,0.3175614,Straight,Down,0,-0.491539,TransSlide
197.6599,20.98585,0,-0.1112384,0.3253834,0,0.7806455,1161.465,1.166352,0.3182115,Straight,Down,0,-0.4902573,TransSlide
197.6999,20.99802,0,-0.06454647,0.3253834,0,0.7958773,1162.305,1.166946,0.3188621,Straight,Down,0,-0.4889908,TransSlide
197.7399,21.01013,0,0.06546021,0.3253834,0,0.810791,1163.145,1.167529,0.3195129,Straight,Down,0,-0.4877167,TransSlide
197.7799,21.02263,0,0.1881444,0.3253834,0,0.825597,1163.986,1.168559,0.3201643,Straight,Down,0,-0.4864349,TransSlide
197.8199,21.03371,0,0.3337133,0.3253834,0,0.8340935,1164.827,1.168517,0.3208158,Straight,Down,0,-0.4851608,TransSlide
197.8599,21.04504,0,0.4344249,0.3253834,0,0.8409587,1165.668,1.168352,0.3214678,Straight,Down,0,-0.4838791,TransSlide
197.8999,21.05694,0,0.4701304,0.3253834,0,0.8478782,1166.511,1.168322,0.32212,Straight,Down,0,-0.482605,TransSlide
197.9399,21.06797,0,0.4866099,0.3253834,0,0.8549302,1167.353,1.168729,0.3227728,Straight,Down,0,-0.4813232,TransSlide
197.9799,21.0789,0,0.4866099,0.3253834,0,0.8620775,1168.196,1.169313,0.3234257,Straight,Down,0,-0.4800415,TransSlide
198.0199,21.0898,0,0.4866099,0.3253834,0,0.869355,1169.04,1.170254,0.3240789,Straight,Down,0,-0.4787674,TransSlide
198.0599,21.10043,0,0.4866099,0.3253834,0,0.8767475,1169.884,1.170984,0.3247327,Straight,Down,0,-0.477478,TransSlide
198.0999,21.11147,0,0.4866099,0.3253834,0,0.8846263,1170.728,1.171832,0.3253866,Straight,Down,0,-0.4762039,TransSlide
198.1399,21.12285,0,0.4866099,0.3253834,0,0.8927794,1171.573,1.173386,0.326041,Straight,Down,0,-0.4749222,TransSlide
198.1799,21.13403,0,0.4866099,0.3253834,0,0.9014078,1172.418,1.174583,0.3266956,Straight,Down,0,-0.4736328,TransSlide
198.2199,21.14617,0,0.4866099,0.3214161,0,0.910965,1173.264,1.175705,0.3273508,Straight,Down,0,-0.4723587,TransSlide
198.2599,21.15516,0,0.4866099,0.2936446,0,0.9169031,1174.11,1.17613,0.328006,Straight,Down,0,-0.4710693,TransSlide
198.2999,21.15951,0,0.4866099,0.2579232,0,0.919509,1174.956,1.175637,0.3286616,Straight,Down,0.01978234,-0.4697876,TransSlide
198.3399,21.15585,0,0.4866099,0.2182498,0,0.9228327,1175.803,1.175244,0.3293178,Right,Down,0.05595291,-0.4682388,TransSlide
198.3799,21.14458,0,0.4866099,0.1864958,0,0.9271251,1176.649,1.175396,0.329974,Right,Down,0.05934703,-0.4638519,TransSlide
198.4199,21.12537,0,0.4866099,0.1785611,0,0.9325569,1177.494,1.175716,0.3306309,Right,Down,0.05595291,-0.4594803,TransSlide
198.4599,21.10343,0,0.4866099,0.1745937,0,0.939099,1178.338,1.176067,0.3312878,Right,Down,0.05595291,-0.4551086,TransSlide
198.4999,21.08107,0,0.4866099,0.1745937,0,0.9466543,1179.182,1.177978,0.3319453,Right,Down,0.05595291,-0.450737,TransSlide
198.5399,21.05889,0,0.4811168,0.1745937,0,0.9555237,1180.024,1.180105,0.3326029,Right,Down,0.05595291,-0.446373,TransSlide
198.5799,21.03496,0,0.4765391,0.1745937,0,0.9615843,1180.866,1.180964,0.333261,Right,Down,0.05595291,-0.4420013,TransSlide
198.6199,21.01166,0,0.4747081,0.1745937,0,0.96486,1181.707,1.1805,0.3339192,Right,Down,0.05595291,-0.4376373,TransSlide
198.6599,20.98858,0,0.4701304,0.1745937,0,0.9693201,1182.546,1.1799,0.3345777,Right,Down,0.05595291,-0.4332733,TransSlide
198.6999,20.9656,0,0.4701304,0.1745937,0,0.9755492,1183.385,1.179567,0.3352369,Right,Down,0.05934703,-0.4289093,TransSlide
198.7399,20.94293,0,0.4701304,0.1745937,0,0.9833099,1184.223,1.180344,0.335896,Right,Down,0.05934703,-0.4245605,TransSlide
198.7799,20.92093,0,0.4701304,0.1745937,0,0.9923866,1185.06,1.182554,0.3365558,Right,Down,0.07661668,-0.4202194,TransSlide
198.8199,20.89719,0,0.4701304,0.1745937,0,1.000987,1185.896,1.184804,0.3372157,Right,Down,0.08392937,-0.4148102,TransSlide
198.8599,20.87322,0,0.4646373,0.1944305,0,1.005128,1186.732,1.184407,0.3378761,Right,Down,0.08392937,-0.4088669,TransSlide
198.8999,20.85275,0,0.4573131,0.1944305,0,1.01079,1187.566,1.18387,0.3385365,Right,Down,0.08392937,-0.4029236,TransSlide
198.9399,20.83418,0,0.4444957,0.1944305,0,1.018413,1188.399,1.182774,0.3391975,Right,Down,0.08392937,-0.3969879,TransSlide
198.9799,20.81618,0,0.4335093,0.1944305,0,1.02747,1189.232,1.184237,0.3398586,Right,Down,0.08392937,-0.3910599,TransSlide
199.0199,20.79763,0,0.4289317,0.1944305,0,1.038321,1190.064,1.187512,0.34052,Right,Down,0.08392937,-0.3851318,TransSlide
199.0599,20.77748,0,0.4234385,0.1944305,0,1.042739,1190.896,1.18737,0.341182,Right,Down,0.08392937,-0.3792114,TransSlide
199.0999,20.75813,0,0.4161143,0.1944305,0,1.048862,1191.726,1.186642,0.341844,Right,Down,0.1008706,-0.3732834,TransSlide
199.1399,20.74079,0,0.3996348,0.1944305,0,1.056817,1192.556,1.185355,0.3425066,Right,Down,0.1101434,-0.3665085,TransSlide
199.1799,20.7234,0,0.3859019,0.1944305,0,1.066172,1193.385,1.18817,0.3431692,Right,Down,0.1083524,-0.3591156,TransSlide
199.2199,20.70299,0,0.3859019,0.1944305,0,1.072639,1194.213,1.189862,0.3438324,Right,Down,0.1101434,-0.3517227,TransSlide
199.2599,20.68284,0,0.3859019,0.1983978,0,1.077538,1195.041,1.189449,0.3444957,Right,Down,0.1101434,-0.3443375,TransSlide
199.2999,20.6645,0,0.3913951,0.1983978,0,1.08392,1195.868,1.187644,0.3451592,Right,Down,0.1083524,-0.3369446,TransSlide
199.3399,20.64894,0,0.3923106,0.1983978,0,1.091882,1196.694,1.190929,0.3458233,Right,Down,0.1170339,-0.329567,TransSlide
199.3799,20.62958,0,0.3923106,0.2063325,0,1.095656,1197.519,1.192088,0.3464875,Right,Down,0.1341704,-0.3218842,TransSlide
199.4199,20.6111,0,0.3923106,0.2063325,0,1.099267,1198.344,1.191105,0.3471522,Right,Down,0.1341704,-0.3130493,TransSlide
199.4599,20.59809,0,0.3987193,0.2103151,0,1.104176,1199.168,1.191099,0.3478169,Right,Down,0.132704,-0.3042221,TransSlide
199.4999,20.58149,0,0.4042125,0.2103151,0,1.108506,1199.991,1.193935,0.3484822,Right,Down,0.132704,-0.2953873,TransSlide
199.5399,20.56445,0,0.4087901,0.2142824,0,1.108584,1200.814,1.193325,0.3491476,Right,Down,0.1370561,-0.2865677,TransSlide
199.5799,20.55014,0,0.4087901,0.2182498,0,1.110537,1201.636,1.192456,0.3498135,Right,Down,0.1570175,-0.2777557,TransSlide
199.6199,20.53745,0,0.4087901,0.2222171,0,1.112379,1202.458,1.195765,0.3504794,Right,Down,0.1582588,-0.2676239,TransSlide
199.6599,20.52177,0,0.4087901,0.2222171,0,1.109244,1203.279,1.194582,0.3511456,Right,Down,0.1582588,-0.2573471,TransSlide
199.6999,20.50945,0,0.4087901,0.2222171,0,1.107916,1204.099,1.194311,0.3518124,Right,Down,0.1582588,-0.2470703,TransSlide
199.7399,20.49808,0,0.4087901,0.2222171,0,1.104314,1204.919,1.19654,0.3524792,Right,Down,0.1713202,-0.2367935,TransSlide
199.7799,20.48409,0,0.4087901,0.2222171,0,1.097585,1205.739,1.197632,0.3531465,Right,Down,0.1823843,-0.225914,TransSlide
199.8199,20.46958,0,0.4087901,0.2222171,0,1.092901,1206.558,1.198447,0.3538139,Right,Down,0.183454,-0.2141571,TransSlide
199.8599,20.4577,0,0.4087901,0.2222171,0,1.080842,1207.376,1.198214,0.3544818,Right,Down,0.183454,-0.2024002,TransSlide
199.8999,20.44467,0,0.4087901,0.2222171,0,1.070186,1208.194,1.19829,0.3551497,Right,Down,0.1988102,-0.1906509,TransSlide
199.9399,20.43194,0,0.4087901,0.2222171,0,1.061142,1209.012,1.198528,0.3558179,Right,Down,0.20842,-0.1780853,TransSlide
199.9799,20.41911,0,0.4087901,0.2222171,0,1.053826,1209.829,1.199266,0.3564867,Right,Down,0.2093567,-0.1648254,TransSlide
200.0199,20.40498,0,0.4087901,0.2222171,0,1.04496,1210.645,1.200169,0.3571555,Right,Down,0.2158,-0.1515656,TransSlide
200.0599,20.39119,0,0.4087901,0.2222171,0,1.032226,1211.461,1.200282,0.3578248,Right,Flat,0.2349025,-0.1381607,TransSlide
200.0999,20.37757,0,0.4087901,0.2222171,0,1.021102,1212.276,1.200509,0.3584941,Right,Flat,0.2349025,-0.1233215,TransSlide
200.1399,20.3642,0,0.4087901,0.2222171,0,1.011644,1213.091,1.201029,0.359164,Right,Flat,0.2406627,-0.1084976,TransSlide
200.1799,20.35035,0,0.4087901,0.2222171,0,1.00388,1213.905,1.201765,0.3598339,Right,Flat,0.2624426,-0.09368134,TransSlide
200.2199,20.33662,0,0.4087901,0.2222171,0,0.9976692,1214.718,1.203032,0.3605043,Right,Flat,0.2624426,-0.07723999,TransSlide
200.2599,20.32209,0,0.4087901,0.2222171,0,0.9869381,1215.531,1.203559,0.3611747,Right,Flat,0.2733977,-0.06079865,TransSlide
200.2999,20.30783,0,0.4087901,0.2222171,0,0.9752997,1216.344,1.203754,0.3618455,Right,Flat,0.2907402,-0.04398346,TransSlide
200.3399,20.29379,0,0.4087901,0.2222171,0,0.9653393,1217.156,1.203946,0.3625167,Right,Flat,0.289391,-0.02588654,TransSlide
200.3799,20.2796,0,0.4087901,0.2222171,0,0.9568568,1217.967,1.204471,0.3631879,Right,Flat,0.1907741,-0.0078125,TransSlide
200.4199,20.26528,0,0.4087901,0.2222171,0,0.9499909,1218.778,1.20529,0.3638597,Right,Flat,0.1690205,0.01620483,TransSlide
200.4599,20.25096,0,0.4042125,0.2222171,0,0.9445405,1219.588,1.206101,0.3645315,Right,Flat,0.1690205,0.04191589,TransSlide
200.4999,20.23682,0,0.3996348,0.2222171,0,0.9405848,1220.398,1.207349,0.3652038,Right,Flat,0.1701742,0.06761169,TransSlide
200.5399,20.22183,0,0.3996348,0.2222171,0,0.9325116,1221.207,1.207965,0.3658761,Right,Flat,0.1582588,0.09329224,TransSlide
200.5799,20.20714,0,0.3996348,0.2023651,0,0.9230493,1222.015,1.208162,0.3665489,Right,Flat,0.1341704,0.1182861,TransSlide
200.6199,20.19,0,0.3996348,0.2023651,0,0.9153457,1222.823,1.208425,0.3672217,Right,Flat,0.1356209,0.1394653,TransSlide
200.6599,20.17117,0,0.3987193,0.1983978,0,0.9090689,1223.63,1.208974,0.3678948,Right,Up,0.1356209,0.160614,TransSlide
200.6999,20.15116,0,0.3923106,0.1983978,0,0.9042354,1224.436,1.209636,0.3685684,Right,Up,0.1341704,0.1817398,TransSlide
200.7399,20.13122,0,0.3794932,0.1983978,0,0.9011557,1225.242,1.210481,0.369242,Right,Up,0.1356209,0.2028503,TransSlide
200.7799,20.11135,0,0.3575206,0.1983978,0,0.8994731,1226.046,1.211284,0.3699161,Right,Up,0.1203313,0.223938,TransSlide
200.8199,20.09159,0,0.3327978,0.1983978,0,0.8991042,1226.85,1.212129,0.3705902,Right,Up,0.1083524,0.2429886,TransSlide
200.8599,20.07199,0,0.291599,0.1983978,0,0.9002455,1227.653,1.213322,0.3712648,Right,Up,0.1083524,0.2596588,TransSlide
200.8999,20.05165,0,0.2623022,0.1983978,0,0.8976014,1228.456,1.213915,0.3719394,Right,Up,0.1083524,0.276329,TransSlide
200.9399,20.03165,0,0.2311742,0.1983978,0,0.8927616,1229.257,1.214075,0.3726143,Right,Up,0.1065312,0.2929688,TransSlide
200.9799,20.01165,0,0.208286,0.1983978,0,0.8891767,1230.058,1.21431,0.3732896,Right,Up,0.1101434,0.3096008,TransSlide
201.0199,19.99189,0,0.1954687,0.1983978,0,0.8871032,1230.858,1.214874,0.373965,Right,Up,0.1083524,0.32621,TransSlide
201.0599,19.97194,0,0.1789892,0.1983978,0,0.8863612,1231.657,1.215746,0.3746409,Right,Up,0.09691329,0.342804,TransSlide
201.0999,19.95203,0,0.1643407,0.1983978,0,0.8869133,1232.455,1.216604,0.3753167,Right,Up,0.08392937,0.3579788,TransSlide
201.1399,19.93219,0,0.1423681,0.1983978,0,0.8888195,1233.252,1.217588,0.375993,Right,Up,0.08392937,0.370636,TransSlide
201.1799,19.91245,0,0.1176488,0.1983978,0,0.8919352,1234.049,1.218484,0.3766694,Right,Up,0.08392937,0.3832855,TransSlide
201.2199,19.89285,0,0.09933472,0.1983978,0,0.8961779,1234.845,1.219296,0.3773462,Right,Up,0.08622923,0.3959198,TransSlide
201.2599,19.87332,0,0.07461548,0.1983978,0,0.9014269,1235.64,1.220097,0.378023,Right,Up,0.08392937,0.4085464,TransSlide
201.2999,19.8539,0,0.06362915,0.1983978,0,0.9077873,1236.434,1.220893,0.3787,Right,Up,0.08622923,0.4211502,TransSlide
201.3399,19.83463,0,0.05081177,0.1983978,0,0.9152291,1237.228,1.221978,0.3793776,Right,Up,0.08622923,0.433754,TransSlide
201.3799,19.81466,0,0.03982544,0.1983978,0,0.9189429,1238.021,1.222657,0.3800551,Right,Up,0.08622923,0.4463425,TransSlide
201.4199,19.79497,0,0.03250122,0.1983978,0,0.9193629,1238.813,1.222652,0.3807331,Right,Up,0.07912937,0.4589157,TransSlide
201.4599,19.77543,0,0.02792358,0.1944305,0,0.9206197,1239.604,1.222788,0.3814111,Right,Up,0.0656106,0.4707642,TransSlide
201.4999,19.75509,0,0.02792358,0.1944305,0,0.922505,1240.394,1.223251,0.3820896,Right,Up,0.06255726,0.4798431,TransSlide
201.5399,19.73453,0,0.02792358,0.1944305,0,0.9251027,1241.184,1.224162,0.382768,Right,Up,0.0656106,0.4889069,TransSlide
201.5799,19.71401,0,0.02334595,0.1944305,0,0.9282242,1241.973,1.225296,0.3834467,Right,Up,0.0656106,0.4979553,TransSlide
201.6199,19.69357,0,0.02059937,0.1944305,0,0.9320385,1242.761,1.22637,0.3841258,Right,Up,0.06255726,0.5070114,TransSlide
201.6599,19.6732,0,0.003204346,0.1944305,0,0.9363351,1243.548,1.227446,0.3848049,Right,Up,0.0656106,0.516037,TransSlide
201.6999,19.65292,0,-0.01602173,0.1944305,0,0.9411907,1244.334,1.228325,0.3854845,Right,Up,0.0656106,0.5250702,TransSlide
201.7399,19.63271,0,-0.04623413,0.1944305,0,0.9464385,1245.12,1.229179,0.3861641,Right,Up,0.0656106,0.5340805,TransSlide
201.7799,19.61258,0,-0.07187068,0.1944305,0,0.9520361,1245.904,1.229967,0.3868442,Right,Up,0.0656106,0.5430832,TransSlide
201.8199,19.5925,0,-0.0892657,0.1944305,0,0.9580811,1246.688,1.230875,0.3875242,Right,Up,0.0656106,0.5520782,TransSlide
201.8599,19.5725,0,-0.1048297,0.1944305,0,0.9642711,1247.471,1.231831,0.3882047,Right,Up,0.06255726,0.5610657,TransSlide
201.8999,19.55258,0,-0.1112384,0.1944305,0,0.9706649,1248.254,1.232565,0.3888851,Right,Up,0.05934703,0.5700455,TransSlide
201.9399,19.5327,0,-0.1112384,0.1944305,0,0.9772772,1249.035,1.233354,0.3895658,Straight,Up,0.04845664,0.57901,TransSlide
201.9799,19.51286,0,-0.1112384,0.1944305,0,0.9841583,1249.816,1.23408,0.390247,Straight,Up,0.04845664,0.5848312,TransSlide
202.0199,19.49326,0,-0.1112384,0.1944305,0,0.991158,1250.596,1.234714,0.3909281,Straight,Up,0.04845664,0.5906296,TransSlide
202.0599,19.47308,0,-0.09475887,0.1944305,0,0.99731,1251.375,1.235643,0.3916096,Straight,Up,0.04845664,0.5964127,TransSlide
202.0999,19.45298,0,-0.07644832,0.1944305,0,0.9954736,1252.153,1.235678,0.3922912,Straight,Up,0.04845664,0.6022034,TransSlide
202.1399,19.43303,0,-0.05172729,0.1944305,0,0.9938832,1252.931,1.235914,0.3929731,Straight,Up,0.04423466,0.6079788,TransSlide
202.1799,19.41326,0,-0.03890991,0.1944305,0,0.9923036,1253.708,1.236289,0.3936551,Straight,Up,0.04423466,0.6137466,TransSlide
202.2199,19.39308,0,-0.0352478,0.1944305,0,0.9908911,1254.483,1.23674,0.3943375,Straight,Up,0.04423466,0.6195145,TransSlide
202.2599,19.373,0,-0.0352478,0.1944305,0,0.9895715,1255.259,1.23734,0.3950198,Straight,Up,0.04845664,0.6252747,TransSlide
202.2999,19.35299,0,-0.0352478,0.1944305,0,0.9881221,1256.033,1.238066,0.3957024,Straight,Up,0.04845664,0.6310272,TransSlide
202.3399,19.33306,0,-0.02243042,0.1944305,0,0.986596,1256.806,1.238828,0.3963854,Straight,Up,0.04845664,0.6367645,TransSlide
202.3799,19.31318,0,0.02243042,0.1944305,0,0.9848472,1257.579,1.239561,0.3970684,Straight,Up,0.04845664,0.6425018,TransSlide
202.4199,19.29339,0,0.06271362,0.1944305,0,0.9831785,1258.351,1.240287,0.3977518,Straight,Up,0.04423466,0.6482391,TransSlide
202.4599,19.27364,0,0.110321,0.1944305,0,0.9815284,1259.122,1.240978,0.3984352,Straight,Up,0.04845664,0.6539612,TransSlide
202.4999,19.25397,0,0.1277196,0.1944305,0,0.980086,1259.893,1.24168,0.399119,Straight,Up,0.04423466,0.6596832,TransSlide
202.5399,19.23435,0,0.1414526,0.1944305,0,0.9785219,1260.662,1.242472,0.3998028,Straight,Up,0.04845664,0.66539,TransSlide
202.5799,19.21478,0,0.1533544,0.1944305,0,0.977018,1261.431,1.243132,0.4004867,Straight,Up,0.04845664,0.6711044,TransSlide
202.6199,19.1953,0,0.1597631,0.2142824,0,0.9756515,1262.199,1.243652,0.4011711,Straight,Up,0.03956468,0.6768036,TransSlide
202.6599,19.17853,0,0.1643407,0.2142824,0,0.9743749,1262.966,1.244262,0.4018554,Straight,Up,0.02797646,0.6813812,TransSlide
202.6999,19.1634,0,0.1643407,0.2142824,0,0.9730363,1263.733,1.244976,0.4025402,Straight,Up,0.02797646,0.6839066,TransSlide
202.7399,19.14838,0,0.1643407,0.2142824,0,0.9718876,1264.499,1.245695,0.403225,Straight,Up,0.02797646,0.6864395,TransSlide
202.7799,19.13344,0,0.1661718,0.2182498,0,0.9710225,1265.264,1.246442,0.4039101,Straight,Up,0.02797646,0.6889648,TransSlide
202.8199,19.11947,0,0.171665,0.2182498,0,0.970114,1266.029,1.247094,0.4045952,Straight,Up,0.02797646,0.6914825,TransSlide
202.8599,19.1055,0,0.1844823,0.2182498,0,0.9695565,1266.794,1.247716,0.4052808,Straight,Up,0.02797646,0.6940079,TransSlide
202.8999,19.09155,0,0.1899755,0.2182498,0,0.9690346,1267.557,1.248332,0.4059663,Straight,Up,0.03426402,0.6965256,TransSlide
202.9399,19.07762,0,0.1936376,0.2222171,0,0.9686987,1268.321,1.248973,0.4066519,Straight,Up,0.02797646,0.6990356,TransSlide
202.9799,19.06466,0,0.1936376,0.2222171,0,0.9688025,1269.084,1.249693,0.407338,Straight,Up,0.02797646,0.701561,TransSlide
203.0199,19.05171,0,0.1936376,0.2222171,0,0.9691191,1269.846,1.250295,0.408024,Straight,Up,0.02797646,0.704071,TransSlide
203.0599,19.03878,0,0.1698339,0.2261845,0,0.969601,1270.607,1.250816,0.4087104,Straight,Up,0.02797646,0.7065811,TransSlide
203.0999,19.0264,0,0.1368749,0.2261845,0,0.9704421,1271.368,1.25149,0.4093968,Straight,Up,0.01978234,0.7090912,TransSlide
203.1399,19.0144,0,0.1167297,0.2301518,0,0.9715238,1272.129,1.252146,0.4100836,Straight,Up,0.02797646,0.7116013,TransSlide
203.1799,19.00338,0,0.09933472,0.2341192,0,0.9729379,1272.889,1.252724,0.4107704,Straight,Up,0.02797646,0.7141037,TransSlide
203.2199,18.99265,0,0.09475708,0.2380865,0,0.9744834,1273.649,1.253163,0.4114573,Straight,Up,0.02797646,0.7166061,TransSlide
203.2599,18.98343,0,0.08834839,0.2380865,0,0.9748743,1274.409,1.253662,0.4121446,Straight,Up,0.02797646,0.7191162,TransSlide
203.2999,18.97443,0,0.07461548,0.2420539,0,0.969417,1275.168,1.254652,0.4128318,Straight,Up,0.02797646,0.721611,TransSlide
203.3399,18.96639,0,0.05630493,0.2539559,0,0.9642235,1275.926,1.255619,0.4135195,Straight,Up,0.02797646,0.7241135,TransSlide
203.3799,18.96014,0,0.03250122,0.2698253,0,0.9592729,1276.685,1.256405,0.414207,Straight,Up,0.02797646,0.7266159,TransSlide
203.4199,18.95786,0,0.02059937,0.27776,0,0.9548337,1277.443,1.257062,0.4148951,Straight,Up,0.01978234,0.7291107,TransSlide
203.4599,18.95756,0,0.00869751,0.2817273,0,0.9505999,1278.201,1.257551,0.415583,Straight,Up,0.02797646,0.7316132,TransSlide
203.4999,18.95846,0,0.003204346,0.2817273,0,0.9465508,1278.96,1.257977,0.4162713,Straight,Up,0.02797646,0.7341156,TransSlide
203.5399,18.95929,0,-0.0050354,0.2936446,0,0.942897,1279.718,1.25848,0.4169596,Straight,Up,0.01978234,0.7366104,TransSlide
203.5799,18.96214,0,-0.0151062,0.3055466,0,0.9395903,1280.476,1.258997,0.417648,Straight,Up,0.02797646,0.7391129,TransSlide
203.6199,18.96834,0,-0.02426147,0.3174487,0,0.9365369,1281.235,1.259576,0.4183368,Straight,Up,0.02797646,0.7416153,TransSlide
203.6599,18.97679,0,-0.03890991,0.3174487,0,0.9336212,1281.994,1.260167,0.4190255,Straight,Up,0.02797646,0.7441101,TransSlide
203.6999,18.98537,0,-0.05264282,0.3174487,0,0.9310362,1282.753,1.260621,0.4197147,Straight,Up,0.01978234,0.7466125,TransSlide
203.7399,18.99394,0,-0.06454647,0.3174487,0,0.9284858,1283.513,1.261148,0.4204037,Straight,Up,0.02797646,0.749115,TransSlide
203.7799,19.00248,0,-0.07553279,0.3174487,0,0.9259694,1284.273,1.261768,0.4210931,Straight,Up,0.02797646,0.7516174,TransSlide
203.8199,19.01101,0,-0.07553279,0.3174487,0,0.9237827,1285.033,1.262467,0.4217825,Straight,Up,0.01978234,0.7541275,TransSlide
203.8599,19.01952,0,-0.07553279,0.3174487,0,0.9215213,1285.794,1.263066,0.4224723,Straight,Up,0,0.7552643,TransSlide
203.8999,19.028,0,-0.07553279,0.3174487,0,0.919349,1286.555,1.263667,0.4231619,Straight,Up,0,0.7513885,TransSlide
203.9399,19.03645,0,-0.07736385,0.3174487,0,0.9172375,1287.316,1.264276,0.4238517,Straight,Up,0,0.7474899,TransSlide
203.9799,19.04487,0,-0.0892657,0.3174487,0,0.9151531,1288.078,1.264876,0.4245419,Straight,Up,0,0.7436066,TransSlide
204.0199,19.05325,0,-0.0956744,0.3174487,0,0.9131315,1288.84,1.265448,0.425232,Straight,Up,0,0.7397156,TransSlide
204.0599,19.06163,0,-0.1057452,0.3174487,0,0.9112339,1289.603,1.265962,0.4259225,Straight,Up,0,0.7358246,TransSlide
204.0999,19.06998,0,-0.1066607,0.3174487,0,0.909148,1290.365,1.266574,0.4266129,Straight,Up,0,0.731926,TransSlide
204.1399,19.07828,0,-0.1112384,0.3174487,0,0.9068447,1291.128,1.267221,0.4273037,Straight,Up,0,0.728035,TransSlide
204.1799,19.08656,0,-0.1112384,0.3174487,0,0.9045627,1291.892,1.267852,0.4279943,Straight,Up,0,0.7241364,TransSlide
204.2199,19.09482,0,-0.08835018,0.3174487,0,0.902182,1292.655,1.268526,0.4286852,Straight,Up,0,0.7202377,TransSlide
204.2599,19.10306,0,-0.04714966,0.3214161,0,0.8995618,1293.419,1.269049,0.4293764,Straight,Up,0,0.7163315,TransSlide
204.2999,19.1118,0,0.004119873,0.3214161,0,0.8968598,1294.184,1.269571,0.4300674,Straight,Up,0,0.7124329,TransSlide
204.3399,19.12084,0,0.03982544,0.3214161,0,0.8941711,1294.948,1.270131,0.4307589,Straight,Up,0,0.7085266,TransSlide
204.3799,19.12985,0,0.08651733,0.3253834,0,0.8915048,1295.714,1.270778,0.4314503,Straight,Up,0,0.7046204,TransSlide
204.4199,19.13939,0,0.110321,0.3253834,0,0.8886409,1296.479,1.271274,0.432142,Straight,Up,0,0.7007141,TransSlide
204.4599,19.14925,0,0.1222265,0.3293507,0,0.885851,1297.245,1.271754,0.4328337,Straight,Up,0,0.6968079,TransSlide
204.4999,19.1596,0,0.1222265,0.3293507,0,0.8830596,1298.011,1.272351,0.4335257,Straight,Up,0,0.692894,TransSlide
204.5399,19.17023,0,0.1222265,0.3293507,0,0.8802999,1298.778,1.27303,0.4342175,Straight,Up,0,0.6889801,TransSlide
204.5799,19.18085,0,0.1222265,0.3293507,0,0.8773772,1299.545,1.273544,0.4349096,Straight,Up,0,0.6850586,TransSlide
204.6199,19.19143,0,0.123142,0.3293507,0,0.8744055,1300.313,1.274181,0.435602,Straight,Up,0,0.6811371,TransSlide
204.6599,19.202,0,0.1295507,0.3055466,0,0.8714157,1301.08,1.274751,0.4362943,Straight,Up,0,0.6772156,TransSlide
204.6999,19.20732,0,0.140537,0.3055466,0,0.8684012,1301.849,1.27527,0.4369869,Straight,Up,0,0.6732941,TransSlide
204.7399,19.21257,0,0.1460302,0.3015793,0,0.8655369,1302.617,1.275841,0.4376794,Straight,Up,0,0.6693726,TransSlide
204.7799,19.21733,0,0.1469457,0.297612,0,0.8627241,1303.386,1.276495,0.4383723,Straight,Up,0,0.665451,TransSlide
204.8199,19.2212,0,0.1469457,0.297612,0,0.860071,1304.155,1.277054,0.439065,Straight,Up,0,0.6615219,TransSlide
204.8599,19.22474,0,0.1368749,0.297612,0,0.8575403,1304.923,1.277572,0.4397579,Straight,Up,0,0.6576004,TransSlide
204.8999,19.22825,0,0.1176488,0.297612,0,0.8552119,1305.693,1.278136,0.4404512,Straight,Up,0,0.6536713,TransSlide
204.9399,19.23173,0,0.1039124,0.2936446,0,0.8529899,1306.462,1.278735,0.4411443,Straight,Up,0,0.6497421,TransSlide
204.9799,19.23427,0,0.08834839,0.2936446,0,0.8509799,1307.231,1.279393,0.4418378,Straight,Up,0,0.6458206,TransSlide
205.0199,19.23685,0,0.07553101,0.2936446,0,0.8490905,1308.001,1.280024,0.4425311,Straight,Up,0,0.6418915,TransSlide
205.0599,19.23943,0,0.05813599,0.2936446,0,0.8473664,1308.77,1.280573,0.4432248,Straight,Up,0,0.6379547,TransSlide
205.0999,19.24201,0,0.03982544,0.2936446,0,0.8457361,1309.54,1.281106,0.4439183,Straight,Up,0,0.6340256,TransSlide
205.1399,19.24461,0,0.03250122,0.2936446,0,0.8443367,1310.31,1.281717,0.4446123,Straight,Up,0,0.6301041,TransSlide
205.1799,19.24717,0,0.02243042,0.2936446,0,0.84315,1311.079,1.282276,0.4453061,Straight,Up,0,0.6261673,TransSlide
205.2199,19.24972,0,0.0151062,0.289662,0,0.8421396,1311.849,1.282896,0.4459999,Straight,Up,0,0.6222305,TransSlide
205.2599,19.25134,0,-0.004119873,0.2856947,0,0.8413574,1312.619,1.283452,0.4466942,Straight,Up,0,0.618309,TransSlide
205.2999,19.25246,0,-0.02334595,0.27776,0,0.8406007,1313.389,1.284082,0.4473883,Straight,Up,0,0.6143723,TransSlide
205.3399,19.25183,0,-0.0352478,0.2737926,0,0.8400606,1314.159,1.284679,0.4480827,Straight,Up,0,0.6104431,TransSlide
205.3799,19.25037,0,-0.05264282,0.2618906,0,0.8396856,1314.929,1.285223,0.448777,Straight,Up,0,0.606514,TransSlide
205.4199,19.24658,0,-0.07003963,0.2539559,0,0.8393997,1315.699,1.28581,0.4494717,Straight,Up,0,0.6025848,TransSlide
205.4599,19.24118,0,-0.08743465,0.2301518,0,0.8391769,1316.469,1.286445,0.4501662,Straight,Up,0,0.5986481,TransSlide
205.4999,19.23069,0,-0.09384334,0.2063325,0,0.8390309,1317.238,1.287072,0.450861,Straight,Up,0,0.5947189,TransSlide
205.5399,19.21501,0,-0.09384334,0.1944305,0,0.8389723,1318.007,1.287709,0.4515557,Straight,Up,0,0.5907974,TransSlide
205.5799,19.19659,0,-0.09384334,0.1785611,0,0.8388565,1318.775,1.288119,0.4522505,Straight,Up,0,0.5868759,TransSlide
205.6199,19.17424,0,-0.09384334,0.166659,0,0.8390293,1319.542,1.288706,0.4529456,Straight,Up,0,0.582962,TransSlide
205.6599,19.14938,0,-0.09384334,0.1507896,0,0.8390521,1320.309,1.289397,0.4536406,Straight,Up,0,0.5790482,TransSlide
205.6999,19.12106,0,-0.100252,0.142855,0,0.8393047,1321.074,1.289952,0.4543359,Straight,Up,0,0.5751419,TransSlide
205.7399,19.09121,0,-0.1066607,0.142855,0,0.8393873,1321.838,1.290513,0.455031,Straight,Up,0,0.5712357,TransSlide
205.7799,19.06115,0,-0.1194781,0.142855,0,0.8393722,1322.6,1.291042,0.4557265,Straight,Up,0,0.5673447,TransSlide
205.8199,19.03118,0,-0.1304644,0.142855,0,0.8391796,1323.362,1.291695,0.4564219,Straight,Up,0,0.5634613,TransSlide
205.8599,19.0013,0,-0.1377887,0.142855,0,0.8388062,1324.122,1.292346,0.4571173,Straight,Up,0,0.5595779,TransSlide
205.8999,18.97149,0,-0.1377887,0.142855,0,0.8382831,1324.881,1.292997,0.457813,Straight,Up,0,0.5557022,TransSlide
205.9399,18.94178,0,-0.1377887,0.1626917,0,0.8376833,1325.639,1.293681,0.4585086,Straight,Up,0,0.5518341,TransSlide
205.9799,18.91482,0,-0.1231402,0.1706264,0,0.8367683,1326.396,1.294218,0.4592045,Straight,Up,0,0.547966,TransSlide
206.0199,18.891,0,-0.1130694,0.1706264,0,0.8358407,1327.152,1.294865,0.4599002,Straight,Up,0,0.5441132,TransSlide
206.0599,18.86759,0,-0.1112384,0.1745937,0,0.8345646,1327.907,1.295339,0.4605963,Straight,Up,0.01978234,0.5402527,TransSlide
206.0999,18.84481,0,-0.1112384,0.1785611,0,0.8331829,1328.661,1.29586,0.4612922,Straight,Up,0,0.5364075,TransSlide
206.1399,18.82337,0,-0.1066607,0.1785611,0,0.8315449,1329.414,1.296437,0.4619884,Straight,Up,0,0.5325623,TransSlide
206.1799,18.80193,0,-0.1011676,0.1825284,0,0.8296907,1330.167,1.296996,0.4626844,Straight,Up,0,0.528717,TransSlide
206.2199,18.78149,0,-0.09018123,0.1825284,0,0.8274932,1330.918,1.297536,0.4633805,Straight,Up,0,0.5248795,TransSlide
206.2599,18.76106,0,-0.08285701,0.1825284,0,0.8250865,1331.669,1.298171,0.464077,Straight,Up,0,0.5210495,TransSlide
206.2999,18.74067,0,-0.08102596,0.1825284,0,0.8223159,1332.418,1.298771,0.4647732,Straight,Up,0,0.5172195,TransSlide
206.3399,18.72035,0,-0.07187068,0.1825284,0,0.8194687,1333.167,1.299422,0.4654698,Straight,Up,0,0.5133972,TransSlide
206.3799,18.70008,0,-0.05355835,0.1825284,0,0.8163135,1333.916,1.300169,0.4661662,Straight,Up,0,0.5095749,TransSlide
206.4199,18.67988,0,-0.02883911,0.1825284,0,0.8128475,1334.663,1.300765,0.4668629,Straight,Up,0,0.5057602,TransSlide
206.4599,18.65975,0,0.01419067,0.1825284,0,0.8091325,1335.41,1.301413,0.4675594,Straight,Up,0,0.5019455,TransSlide
206.4999,18.63966,0,0.03890991,0.1825284,0,0.805274,1336.155,1.302047,0.468256,Straight,Up,0,0.4981384,TransSlide
206.5399,18.61966,0,0.04714966,0.1825284,0,0.8011506,1336.9,1.30269,0.4689529,Straight,Up,0,0.494339,TransSlide
206.5799,18.59972,0,0.05081177,0.1825284,0,0.7969939,1337.645,1.303436,0.4696496,Straight,Up,0,0.4905319,TransSlide
206.6199,18.57983,0,0.05081177,0.1825284,0,0.7924288,1338.388,1.304003,0.4703466,Straight,Up,0,0.4867325,TransSlide
206.6599,18.56001,0,0.05081177,0.1825284,0,0.7878451,1339.13,1.304734,0.4710434,Straight,Up,0,0.4829483,TransSlide
206.6999,18.54025,0,0.05081177,0.1825284,0,0.7830522,1339.872,1.30533,0.4717405,Straight,Up,0,0.4791641,TransSlide
206.7399,18.52056,0,0.05081177,0.1825284,0,0.7781656,1340.613,1.306053,0.4724375,Straight,Up,0,0.4753799,TransSlide
206.7799,18.50093,0,0.05081177,0.1825284,0,0.7730887,1341.354,1.306605,0.4731347,Straight,Up,0,0.4716034,TransSlide
206.8199,18.48042,0,0.03890991,0.1825284,0,0.7679246,1342.093,1.306791,0.4738317,Straight,Up,0,0.4678268,TransSlide
206.8599,18.46299,0,0.02883911,0.1825284,0,0.7632716,1342.832,1.306089,0.4745288,Straight,Up,0,0.4640503,TransSlide
206.8999,18.44539,0,0.02334595,0.1825284,0,0.7623607,1343.57,1.30899,0.4752262,Straight,Up,0,0.4602966,TransSlide
206.9399,18.42743,0,0.02059937,0.1825284,0,0.7612693,1344.307,1.311432,0.4759234,Straight,Up,0,0.456543,TransSlide
206.9799,18.40863,0,0.00869751,0.1825284,0,0.7600602,1345.044,1.313421,0.4766209,Straight,Up,0,0.4527817,TransSlide
207.0199,18.39203,0,-0.005950928,0.1825284,0,0.7588397,1345.779,1.314402,0.4773182,Straight,Up,0,0.449028,TransSlide
207.0599,18.3755,0,-0.02883911,0.1825284,0,0.7574849,1346.515,1.314648,0.4780158,Straight,Up,0,0.4452744,TransSlide
207.0999,18.35902,0,-0.04074097,0.1825284,0,0.7560801,1347.249,1.314668,0.4787131,Straight,Up,0,0.4415207,TransSlide
207.1399,18.34252,0,-0.04623413,0.1825284,0,0.7547593,1347.983,1.314595,0.4794108,Straight,Up,0,0.4377747,TransSlide
207.1799,18.32606,0,-0.05264282,0.1825284,0,0.7535126,1348.716,1.31464,0.4801082,Straight,Up,0,0.4340286,TransSlide
207.2199,18.30964,0,-0.06546199,0.1825284,0,0.751997,1349.449,1.314715,0.4808057,Straight,Up,0,0.4302902,TransSlide
207.2599,18.2932,0,-0.07736385,0.1825284,0,0.75062,1350.181,1.314954,0.4815035,Straight,Up,0,0.4265518,TransSlide
207.2999,18.27682,0,-0.08194149,0.1825284,0,0.749047,1350.912,1.315363,0.482201,Straight,Up,0,0.422821,TransSlide
207.3399,18.26051,0,-0.08194149,0.1825284,0,0.7474086,1351.643,1.315816,0.4828989,Straight,Up,0,0.4190903,TransSlide
207.3799,18.24422,0,-0.08194149,0.1825284,0,0.7455187,1352.372,1.316212,0.4835965,Straight,Up,0,0.4153595,TransSlide
207.4199,18.228,0,-0.08194149,0.1825284,0,0.7436459,1353.102,1.316723,0.4842945,Straight,Up,0,0.4116364,TransSlide
207.4599,18.21181,0,-0.08194149,0.1825284,0,0.7416154,1353.83,1.317294,0.4849921,Straight,Up,-0.01978234,0.4079132,TransSlide
207.4999,18.19567,0,-0.08194149,0.1825284,0,0.7393683,1354.558,1.317909,0.4856898,Straight,Up,-0.03426402,0.3977737,TransSlide
207.5399,18.17958,0,-0.07187068,0.1864958,0,0.7370274,1355.286,1.318614,0.4863878,Straight,Up,-0.03426402,0.3830872,TransSlide
207.5799,18.16406,0,-0.07003963,0.1864958,0,0.7344154,1356.012,1.319009,0.4870856,Straight,Up,-0.03426402,0.3684158,TransSlide
207.6199,18.1497,0,-0.07003963,0.1864958,0,0.7317812,1356.739,1.318512,0.4877837,Straight,Up,-0.03956468,0.353775,TransSlide
207.6599,18.13594,0,-0.07187068,0.1864958,0,0.7339853,1357.464,1.320276,0.4884815,Straight,Up,-0.03426402,0.3391418,TransSlide
207.6999,18.12195,0,-0.08102596,0.1864958,0,0.7368473,1358.189,1.322115,0.4891796,Straight,Up,-0.03426402,0.3245239,TransSlide
207.7399,18.10808,0,-0.08285701,0.1864958,0,0.7395647,1358.914,1.323828,0.4898775,Straight,Up,-0.03426402,0.3099136,TransSlide
207.7799,18.09436,0,-0.09384334,0.1864958,0,0.7422326,1359.638,1.324848,0.4905756,Straight,Up,-0.03956468,0.295311,TransSlide
207.8199,18.08124,0,-0.100252,0.1864958,0,0.7447788,1360.361,1.325421,0.4912735,Straight,Up,-0.03426402,0.2807083,TransSlide
207.8599,18.06825,0,-0.1048297,0.1864958,0,0.7470545,1361.084,1.325776,0.4919714,Straight,Up,-0.03956468,0.2661133,TransSlide
207.8999,18.05524,0,-0.1048297,0.1904631,0,0.749063,1361.806,1.326065,0.4926696,Straight,Up,-0.03426402,0.2515335,TransSlide
207.9399,18.04323,0,-0.1048297,0.1904631,0,0.7506673,1362.528,1.326183,0.4933676,Straight,Up,-0.03426402,0.2369537,TransSlide
207.9799,18.03113,0,-0.1048297,0.1904631,0,0.7522298,1363.249,1.326537,0.4940658,Straight,Up,-0.03956468,0.2223892,TransSlide
208.0199,18.01907,0,-0.1048297,0.1904631,0,0.7535525,1363.97,1.32702,0.4947638,Straight,Up,-0.03956468,0.20784,TransSlide
208.0599,18.00703,0,-0.0892657,0.1944305,0,0.7545164,1364.69,1.327487,0.495462,Straight,Up,-0.03426402,0.1932907,TransSlide
208.0999,17.99559,0,-0.06546199,0.1944305,0,0.7552018,1365.41,1.32789,0.49616,Straight,Up,-0.03956468,0.1787567,TransSlide
208.1399,17.98446,0,-0.05172729,0.1944305,0,0.7556776,1366.13,1.328295,0.496858,Straight,Up,-0.03956468,0.1642303,TransSlide
208.1799,17.97337,0,-0.03433228,0.1983978,0,0.7560243,1366.849,1.328884,0.4975563,Straight,Flat,-0.03956468,0.1497116,TransSlide
208.2199,17.96328,0,-0.02975464,0.2063325,0,0.7561378,1367.567,1.329381,0.4982543,Straight,Flat,-0.02797646,0.1352005,TransSlide
208.2599,17.95469,0,-0.02975464,0.2103151,0,0.755996,1368.286,1.330029,0.4989526,Straight,Flat,0,0.1212921,TransSlide
208.2999,17.94688,0,-0.02334595,0.2142824,0,0.7555459,1369.003,1.330747,0.4996506,Straight,Flat,0,0.1180115,TransSlide
208.3399,17.94034,0,-0.01602173,0.2182498,0,0.7550685,1369.721,1.331387,0.5003489,Straight,Flat,0,0.1147385,TransSlide
208.3799,17.93435,0,-0.005950928,0.2182498,0,0.7542479,1370.438,1.331932,0.5010469,Straight,Flat,0,0.1114578,TransSlide
208.4199,17.92863,0,0.003204346,0.2182498,0,0.7533437,1371.156,1.332504,0.5017452,Straight,Flat,0,0.1081772,TransSlide
208.4599,17.92296,0,0.004119873,0.2182498,0,0.7522639,1371.873,1.333055,0.5024431,Straight,Flat,0,0.1049118,TransSlide
208.4999,17.91732,0,0.00869751,0.2182498,0,0.7510353,1372.589,1.333561,0.5031412,Straight,Flat,0,0.1016312,TransSlide
208.5399,17.9117,0,0.0151062,0.2182498,0,0.7497809,1373.306,1.334132,0.5038394,Straight,Flat,0,0.09835815,TransSlide
208.5799,17.90609,0,0.02243042,0.2182498,0,0.7483423,1374.022,1.33473,0.5045374,Straight,Flat,0,0.09508514,TransSlide
208.6199,17.90049,0,0.02243042,0.2182498,0,0.7467965,1374.738,1.335292,0.5052357,Straight,Flat,0,0.09181213,TransSlide
208.6599,17.89493,0,0.02243042,0.2182498,0,0.7451007,1375.454,1.335899,0.5059336,Straight,Flat,0,0.08854675,TransSlide
208.6999,17.88936,0,0.02243042,0.2182498,0,0.7432383,1376.17,1.336518,0.5066319,Straight,Flat,0,0.08527374,TransSlide
208.7399,17.88383,0,0.02792358,0.2182498,0,0.7412373,1376.885,1.337094,0.5073298,Straight,Flat,0,0.08200836,TransSlide
208.7799,17.87831,0,0.03799438,0.2182498,0,0.7391304,1377.6,1.33777,0.508028,Straight,Flat,0,0.07873535,TransSlide
208.8199,17.87281,0,0.05081177,0.2182498,0,0.7369348,1378.315,1.338372,0.5087259,Straight,Flat,-0.01978234,0.07546997,TransSlide
208.8599,17.86732,0,0.06271362,0.2182498,0,0.7345642,1379.03,1.338917,0.5094238,Straight,Flat,0,0.07220459,TransSlide
208.8999,17.86185,0,0.08651733,0.2182498,0,0.7322512,1379.745,1.339539,0.510122,Straight,Flat,0,0.06893921,TransSlide
208.9399,17.85638,0,0.09841919,0.2182498,0,0.729958,1380.459,1.340157,0.5108198,Straight,Flat,0,0.06567383,TransSlide
208.9799,17.85095,0,0.1048279,0.2182498,0,0.7276633,1381.173,1.340756,0.5115179,Straight,Flat,0,0.06240845,TransSlide
209.0199,17.84552,0,0.1057434,0.2222171,0,0.7254184,1381.887,1.341271,0.5122157,Straight,Flat,0,0.0591507,TransSlide
209.0599,17.83736,0,0.1057434,0.2222171,0,0.7229072,1382.6,1.341313,0.5129138,Straight,Flat,0,0.05589294,TransSlide
209.0999,17.83648,0,0.1057434,0.2499886,0,0.7205182,1383.314,1.341095,0.5136116,Straight,Flat,0,0.05263519,TransSlide
209.1399,17.83709,0,0.1057434,0.2539559,0,0.7189441,1384.027,1.344439,0.5143093,Straight,Flat,0,0.04937744,TransSlide
209.1799,17.83923,0,0.09475708,0.2658579,0,0.7172576,1384.741,1.344798,0.5150073,Straight,Flat,0,0.04611206,TransSlide
209.2199,17.83999,0,0.07644653,0.2658579,0,0.7150822,1385.454,1.344962,0.515705,Straight,Flat,0,0.04285431,TransSlide
209.2599,17.84731,0,0.06546021,0.2658579,0,0.7132016,1386.168,1.344924,0.5164029,Straight,Flat,0,0.03958893,TransSlide
209.2999,17.8534,0,0.05630493,0.2658579,0,0.7114764,1386.882,1.345194,0.5171005,Straight,Flat,0,0.03632355,TransSlide
209.3399,17.85858,0,0.05081177,0.2658579,0,0.7099007,1387.597,1.345766,0.5177984,Straight,Flat,0,0.03305817,TransSlide
209.3799,17.86348,0,0.03982544,0.2658579,0,0.7084967,1388.311,1.346463,0.5184959,Straight,Flat,0,0.02979279,TransSlide
209.4199,17.86829,0,0.02700806,0.2698253,0,0.707207,1389.026,1.347069,0.5191938,Straight,Flat,0,0.02653503,TransSlide
209.4599,17.87371,0,-0.0004577637,0.2698253,0,0.7059404,1389.741,1.347808,0.5198912,Straight,Flat,0,-0.07989502,TransSharp
209.4999,17.87934,0,-0.0004577637,0.2698253,0,0.704868,1390.456,1.348547,0.5205886,Straight,Flat,-0.01978234,-0.08744812,TransSharp
209.5399,17.885,0,-0.004119873,0.2698253,0,0.703868,1391.171,1.349248,0.5212863,Straight,Flat,0,-0.09500122,TransSharp
209.5799,17.89065,0,-0.01693726,0.2698253,0,0.7030553,1391.887,1.349957,0.5219837,Straight,Flat,-0.01978234,-0.102562,TransSharp
209.6199,17.89629,0,-0.0453186,0.2698253,0,0.7022618,1392.603,1.350661,0.5226813,Straight,Flat,0,-0.1101303,TransSharp
209.6599,17.90193,0,-0.06363094,0.2698253,0,0.7015102,1393.319,1.351339,0.5233786,Straight,Flat,0,-0.117691,TransSharp
209.6999,17.90753,0,-0.07553279,0.2698253,0,0.7007927,1394.035,1.352016,0.524076,Straight,Flat,0,-0.1252518,TransSharp
209.7399,17.91312,0,-0.07553279,0.2698253,0,0.7000225,1394.751,1.352526,0.5247732,Straight,Flat,0,-0.1328201,TransSharp
209.7799,17.91871,0,-0.07553279,0.2698253,0,0.6993549,1395.468,1.353046,0.5254703,Straight,Flat,0,-0.1403961,TransSharp
209.8199,17.92426,0,-0.07644832,0.2698253,0,0.6988206,1396.185,1.353677,0.5261677,Straight,Flat,-0.01978234,-0.1479645,TransSharp
209.8599,17.92971,0,-0.08194149,0.2698253,0,0.6983173,1396.902,1.354129,0.5268647,Straight,Down,0,-0.1555405,TransSharp
209.8999,17.93554,0,-0.08835018,0.2698253,0,0.6977757,1397.62,1.354466,0.527562,Straight,Down,0,-0.1631241,TransSharp
209.9399,17.94123,0,-0.0956744,0.2698253,0,0.6973391,1398.337,1.354799,0.5282589,Straight,Down,0,-0.1707001,TransSharp
209.9799,17.94687,0,-0.1112384,0.2698253,0,0.6968963,1399.055,1.356063,0.5289561,Straight,Down,0,-0.1782761,TransSharp
210.0199,17.95227,0,-0.13138,0.2698253,0,0.6964104,1399.773,1.357094,0.5296529,Straight,Down,0,-0.1858673,TransSharp
210.0599,17.95832,0,-0.1478595,0.2698253,0,0.6958305,1400.491,1.358034,0.5303499,Straight,Down,0,-0.1934509,TransSharp
210.0999,17.96428,0,-0.148775,0.2698253,0,0.6950339,1401.21,1.358809,0.5310466,Straight,Down,0,-0.2010345,TransSharp
210.1399,17.97015,0,-0.148775,0.2698253,0,0.6940722,1401.928,1.359329,0.5317432,Straight,Down,0,-0.2086334,TransSharp
210.1799,17.97589,0,-0.1377887,0.2698253,0,0.6929317,1402.647,1.359917,0.5324401,Straight,Down,0,-0.2162247,TransSharp
210.2199,17.98183,0,-0.1194781,0.2698253,0,0.6915393,1403.367,1.360505,0.5331365,Straight,Down,0,-0.2238235,TransSharp
210.2599,17.98774,0,-0.1112384,0.2698253,0,0.6898338,1404.086,1.361034,0.5338333,Straight,Down,-0.01978234,-0.2314224,TransSharp
210.2999,17.99363,0,-0.09475887,0.2698253,0,0.688033,1404.806,1.361617,0.5345296,Straight,Down,0,-0.2390289,TransSharp
210.3399,17.99813,0,-0.08835018,0.2698253,0,0.6861257,1405.526,1.361842,0.5352262,Straight,Down,-0.02797646,-0.2466278,TransSharp
210.3799,18.00607,0,-0.07187068,0.2698253,0,0.6849402,1406.246,1.361624,0.5359225,Left,Down,-0.1065312,-0.2542267,TransSharp
210.4199,18.01329,0,-0.05355835,0.2698253,0,0.6874658,1406.966,1.363683,0.5366189,Left,Down,-0.1203313,-0.3143616,TransSharp
210.4599,18.02017,0,-0.03890991,0.2698253,0,0.6898954,1407.687,1.3656,0.5373151,Left,Down,-0.1203313,-0.3854141,TransSharp
210.4999,18.026,0,-0.01602173,0.2698253,0,0.6922591,1408.408,1.367115,0.5380111,Left,Down,-0.1203313,-0.4564896,TransSharp
210.5399,18.03379,0,-0.0004577637,0.2698253,0,0.6950665,1409.129,1.366916,0.5387073,Left,Down,-0.1203313,-0.5276184,TransSharp
210.5799,18.0427,0,0.01602173,0.2698253,0,0.6972969,1409.851,1.367129,0.5394031,Left,Down,-0.1203313,-0.5987549,TransSharp
210.6199,18.05173,0,0.03341675,0.2698253,0,0.6988299,1410.573,1.369177,0.5400993,Left,Down,-0.1203313,-0.6698837,TransSharp
210.6599,18.06197,0,0.0453186,0.2698253,0,0.7002906,1411.295,1.370206,0.540795,Left,Down,-0.09278741,-0.7409897,TransSharp
210.6999,18.07176,0,0.04714966,0.2499886,0,0.7066405,1412.018,1.372478,0.5414909,Left,Down,-0.08392937,-0.7998657,TransSharp
210.7399,18.0774,0,0.04714966,0.2499886,0,0.7125217,1412.741,1.373891,0.5421864,Left,Down,-0.08392937,-0.8521652,TransSharp
210.7799,18.08379,0,0.04714966,0.2499886,0,0.7178694,1413.464,1.374752,0.5428819,Left,Down,-0.08392937,-0.9045105,TransSharp
210.8199,18.09092,0,0.04714966,0.2499886,0,0.7231648,1414.188,1.374809,0.5435776,Left,Down,-0.08392937,-0.9569244,TransSharp
210.8599,18.09817,0,0.04714966,0.2499886,0,0.7283075,1414.912,1.374525,0.5442729,Left,Down,-0.08392937,-1.009377,TransSharp
210.8999,18.1051,0,0.04714966,0.2499886,0,0.7338346,1415.636,1.373858,0.5449684,Left,Down,-0.08392937,-1.061836,TransSharp
210.9399,18.11267,0,0.04714966,0.2499886,0,0.7394737,1416.36,1.37275,0.5456635,Left,Down,-0.08622923,-1.114304,TransSharp
210.9799,18.12117,0,0.04714966,0.2499886,0,0.7447118,1417.085,1.374208,0.5463589,Left,Down,-0.08622923,-1.166756,TransSharp
211.0199,18.1293,0,0.04714966,0.2499886,0,0.7497886,1417.81,1.375514,0.5470538,Left,Down,-0.08392937,-1.219223,TransSharp
211.0599,18.13605,0,0.04714966,0.2499886,0,0.7553006,1418.536,1.374941,0.547749,Left,Down,-0.05233916,-1.271645,TransSharp
211.0999,18.14759,0,0.04714966,0.2499886,0,0.762938,1419.261,1.376387,0.5484437,Straight,Down,0,-1.316681,TransSharp
211.1399,18.15872,0,0.04714966,0.2499886,0,0.7710531,1419.987,1.379275,0.5491384,Straight,Down,0.01978234,-1.329834,TransSharp
211.1799,18.1693,0,0.04714966,0.2499886,0,0.7791469,1420.714,1.381824,0.5498333,Straight,Down,0.01978234,-1.343002,TransSharp
211.2199,18.17895,0,0.04714966,0.2499886,0,0.7870978,1421.441,1.383185,0.5505278,Straight,Down,0.01978234,-1.356194,TransSharp
211.2599,18.19172,0,0.04714966,0.2499886,0,0.7951862,1422.169,1.383339,0.5512224,Straight,Down,0.01978234,-1.3694,TransSharp
211.2999,18.20406,0,0.03890991,0.2499886,0,0.8033257,1422.897,1.382957,0.5519167,Straight,Down,0,-1.382629,TransSharp
211.3399,18.21624,0,0.02151489,0.2460212,0,0.8115059,1423.626,1.382399,0.5526112,Straight,Down,0,-1.395866,TransSharp
211.3799,18.22731,0,-0.02334595,0.2460212,0,0.8196706,1424.354,1.381897,0.5533053,Straight,Down,0.01978234,-1.409111,TransSharp
211.4199,18.23834,0,-0.06546199,0.2460212,0,0.8279608,1425.084,1.381619,0.5539992,Straight,Down,0.01978234,-1.422363,TransSharp
211.4599,18.24933,0,-0.0993365,0.2460212,0,0.8361522,1425.814,1.381587,0.5546934,Straight,Down,0.01978234,-1.435631,TransSharp
211.4999,18.26027,0,-0.1432818,0.2460212,0,0.8443506,1426.544,1.381666,0.5553872,Straight,Down,0.01978234,-1.448891,TransSharp
211.5399,18.27114,0,-0.1725787,0.2460212,0,0.8523898,1427.275,1.381921,0.5560811,Straight,Down,0.01978234,-1.462166,TransSharp
211.5799,18.28197,0,-0.1954687,0.2460212,0,0.8602206,1428.006,1.382372,0.5567746,Straight,Down,0.01978234,-1.475456,TransSharp
211.6199,18.29277,0,-0.1954687,0.2460212,0,0.8680733,1428.738,1.382866,0.5574684,Straight,Down,0.01978234,-1.488747,TransSharp
211.6599,18.30352,0,-0.190891,0.2460212,0,0.8757057,1429.47,1.383377,0.5581617,Straight,Down,0.01978234,-1.502037,TransSharp
211.6999,18.31428,0,-0.1789892,0.2460212,0,0.8833567,1430.202,1.383935,0.5588552,Straight,Down,0.01978234,-1.51535,TransSharp
211.7399,18.32498,0,-0.1734942,0.2460212,0,0.8909085,1430.935,1.384487,0.5595483,Straight,Down,0.01978234,-1.528664,TransSharp
211.7799,18.33565,0,-0.1670855,0.2460212,0,0.8980806,1431.668,1.385099,0.5602413,Straight,Down,0.01978234,-1.541977,TransSharp
211.8199,18.34627,0,-0.1615924,0.2460212,0,0.9051923,1432.402,1.385601,0.5609344,Straight,Down,0,-1.555305,TransSharp
211.8599,18.35687,0,-0.1606768,0.2460212,0,0.91202,1433.136,1.386159,0.5616271,Straight,Down,0,-1.568642,TransSharp
211.8999,18.36744,0,-0.1606768,0.2460212,0,0.9187965,1433.871,1.386846,0.5623201,Straight,Down,0.01978234,-1.581993,TransSharp
211.9399,18.37795,0,-0.1606768,0.2460212,0,0.9252115,1434.606,1.3875,0.5630125,Straight,Down,0.01978234,-1.595337,TransSharp
211.9799,18.38837,0,-0.1670855,0.2460212,0,0.9315391,1435.341,1.388042,0.5637052,Straight,Down,0,-1.608696,TransSharp
212.0199,18.39897,0,-0.1670855,0.2460212,0,0.9374552,1436.077,1.388297,0.5643975,Straight,Down,0.01978234,-1.622063,TransSharp
212.0599,18.40957,0,-0.1670855,0.2460212,0,0.9430488,1436.813,1.388536,0.5650899,Straight,Down,0.01978234,-1.635437,TransSharp
212.0999,18.42009,0,-0.1670855,0.2460212,0,0.9484264,1437.55,1.389598,0.5657819,Straight,Down,0.01978234,-1.648819,TransSharp
212.1399,18.43048,0,-0.1670855,0.2460212,0,0.9535703,1438.287,1.390734,0.5664738,Straight,Down,0,-1.662209,TransSharp
212.1799,18.44095,0,-0.1606768,0.2460212,0,0.9582237,1439.025,1.391527,0.5671658,Straight,Down,0.01978234,-1.675598,TransSharp
212.2199,18.45171,0,-0.1295489,0.2460212,0,0.9625622,1439.763,1.392311,0.5678574,Straight,Down,0,-1.689003,TransSharp
212.2599,18.46238,0,-0.1011676,0.2460212,0,0.9664884,1440.501,1.392989,0.5685492,Straight,Down,0.01978234,-1.702408,TransSharp
212.2999,18.47296,0,-0.05172729,0.2460212,0,0.9700558,1441.24,1.393577,0.5692405,Straight,Down,0,-1.715828,TransSharp
212.3399,18.48346,0,0.00869751,0.2460212,0,0.9732584,1441.979,1.394253,0.569932,Straight,Down,0.01978234,-1.729248,TransSharp
212.3799,18.49413,0,0.05264282,0.2460212,0,0.9760544,1442.719,1.394772,0.5706231,Straight,Down,0,-1.742683,TransSharp
212.4199,18.50475,0,0.110321,0.2460212,0,0.9786669,1443.459,1.395309,0.571314,Straight,Down,0.01978234,-1.756126,TransSharp
212.4599,18.51536,0,0.140537,0.2460212,0,0.9810081,1444.199,1.395906,0.5720051,Straight,Down,0.01978234,-1.769577,TransSharp
212.4999,18.52592,0,0.1661718,0.2460212,0,0.9832982,1444.94,1.396408,0.5726958,Straight,Down,0.01978234,-1.783035,TransSharp
212.5399,18.53645,0,0.1707494,0.2460212,0,0.9854496,1445.682,1.397004,0.5733866,Straight,Down,0.01978234,-1.796501,TransSharp
212.5799,18.5464,0,0.1707494,0.2460212,0,0.987594,1446.423,1.398392,0.574077,Straight,Down,0.03956468,-1.809982,TransSharp
212.6199,18.55587,0,0.1707494,0.2420539,0,0.9834265,1447.165,1.39815,0.5747675,Right,Down,0.06852804,-1.806274,TransSharp
212.6599,18.56453,0,0.1707494,0.2380865,0,0.9785092,1447.908,1.397763,0.5754576,Right,Down,0.06852804,-1.782799,TransSharp
212.6999,18.57275,0,0.171665,0.2341192,0,0.9735516,1448.651,1.397539,0.5761478,Right,Down,0.06852804,-1.759308,TransSharp
212.7399,18.57981,0,0.171665,0.2341192,0,0.9684744,1449.394,1.397844,0.5768375,Right,Down,0.0656106,-1.735825,TransSharp
212.7799,18.58635,0,0.1725805,0.2341192,0,0.9633588,1450.137,1.398612,0.5775272,Right,Down,0.06852804,-1.712349,TransSharp
212.8199,18.59245,0,0.1826513,0.2341192,0,0.9584872,1450.881,1.39945,0.578217,Right,Down,0.06852804,-1.688858,TransSharp
212.8599,18.59933,0,0.1936376,0.2341192,0,0.954222,1451.625,1.399596,0.5789063,Right,Down,0.06852804,-1.665367,TransSharp
212.8999,18.60628,0,0.2137792,0.2341192,0,0.9497739,1452.369,1.40161,0.5795957,Right,Down,0.06852804,-1.641884,TransSharp
212.9399,18.61386,0,0.2320898,0.2341192,0,0.9455401,1453.114,1.403836,0.5802848,Right,Down,0.0656106,-1.618393,TransSharp
212.9799,18.62145,0,0.2421606,0.2341192,0,0.9417154,1453.858,1.406061,0.5809739,Right,Down,0.0656106,-1.594879,TransSharp
213.0199,18.62608,0,0.2549779,0.2341192,0,0.9386171,1454.603,1.409588,0.5816627,Right,Down,0.09065409,-1.57132,TransSharp
213.0599,18.63078,0,0.2623022,0.2341192,0,0.9292366,1455.348,1.406856,0.5823512,Right,Down,0.09891172,-1.537842,TransSharp
213.0999,18.63628,0,0.274204,0.2341192,0,0.9200514,1456.094,1.404438,0.5830399,Right,Down,0.09891172,-1.49794,TransSharp
213.1399,18.64277,0,0.2851903,0.2341192,0,0.9111556,1456.839,1.402413,0.5837281,Right,Down,0.09891172,-1.458031,TransSharp
213.1799,18.64637,0,0.291599,0.2341192,0,0.9029832,1457.585,1.401817,0.5844164,Right,Down,0.09891172,-1.418175,TransSharp
213.2199,18.65065,0,0.3144872,0.2341192,0,0.895684,1458.331,1.401168,0.5851043,Right,Down,0.09891172,-1.378372,TransSharp
213.2599,18.65625,0,0.3337133,0.2341192,0,0.8884541,1459.077,1.404522,0.5857924,Right,Down,0.09891172,-1.3386,TransSharp
213.2999,18.6632,0,0.3694224,0.2539559,0,0.8817365,1459.824,1.408907,0.58648,Right,Down,0.1046783,-1.29879,TransSharp
213.3399,18.6666,0,0.4170299,0.2539559,0,0.8741274,1460.57,1.412597,0.5871676,Right,Down,0.1251145,-1.258881,TransSharp
213.3799,18.67248,0,0.4527354,0.2539559,0,0.8635075,1461.317,1.410332,0.5878549,Right,Down,0.1282043,-1.205879,TransSharp
213.4199,18.68018,0,0.505836,0.2539559,0,0.8529524,1462.064,1.408074,0.588542,Right,Down,0.1266688,-1.151863,TransSharp
213.4599,18.68881,0,0.5397105,0.2539559,0,0.8437532,1462.812,1.405465,0.5892291,Right,Down,0.1266688,-1.097885,TransSharp
213.4999,18.69506,0,0.5754161,0.2579232,0,0.8355366,1463.56,1.404968,0.5899158,Right,Down,0.1266688,-1.044029,TransSharp
213.5399,18.70694,0,0.6184494,0.2579232,0,0.8279197,1464.308,1.409872,0.5906026,Right,Down,0.1312212,-0.9901733,TransSharp
213.5799,18.7077,0,0.6587327,0.2618906,0,0.8198372,1465.056,1.4153,0.591289,Right,Down,0.1506579,-0.9362183,TransSharp
213.6199,18.71121,0,0.7182419,0.2618906,0,0.809172,1465.804,1.413375,0.5919755,Right,Down,0.1532334,-0.8703079,TransSharp
213.6599,18.71646,0,0.754863,0.2658579,0,0.799511,1466.553,1.410848,0.5926614,Right,Down,0.1545051,-0.8031006,TransSharp
213.6999,18.72651,0,0.7914841,0.2658579,0,0.7915273,1467.302,1.40712,0.5933476,Right,Down,0.1532334,-0.7359467,TransSharp
213.7399,18.73844,0,0.8143723,0.2658579,0,0.7845179,1468.051,1.410678,0.5940332,Right,Down,0.1570175,-0.6689224,TransSharp
213.7799,18.73783,0,0.8427572,0.2658579,0,0.7780679,1468.801,1.417403,0.5947187,Right,Down,0.1769387,-0.6017914,TransSharp
213.8199,18.73931,0,0.920577,0.2658579,0,0.7683814,1469.55,1.415917,0.5954043,Right,Down,0.1791368,-0.5236816,TransSharp
213.8599,18.74105,0,0.9919882,0.2658579,0,0.76157,1470.3,1.412776,0.5960893,Right,Down,0.1791368,-0.4437561,TransSharp
213.8999,18.75298,0,1.097277,0.2658579,0,0.7553769,1471.05,1.409924,0.5967745,Right,Down,0.1791368,-0.3638992,TransSharp
213.9399,18.75362,0,1.185168,0.2658579,0,0.7516645,1471.8,1.418016,0.5974592,Right,Down,0.1958353,-0.2840271,TransSharp
213.9799,18.75269,0,1.25017,0.2658579,0,0.7451705,1472.55,1.418123,0.598144,Right,Down,0.2046302,-0.1968079,TransSharp
214.0199,18.74998,0,1.367362,0.2658579,0,0.7415937,1473.3,1.415422,0.5988284,Right,Flat,0.2046302,-0.1044159,TransSharp
214.0599,18.75759,0,1.467154,0.2658579,0,0.7395178,1474.05,1.41272,0.5995125,Right,Flat,0.2074791,-0.0120163,TransSharp
214.0999,18.75397,0,1.585261,0.2658579,0,0.7402977,1474.801,1.421506,0.6001967,Right,Flat,0.2264194,0.08039093,TransSharp
214.1399,18.7509,0,1.677729,0.2658579,0,0.7384338,1475.551,1.419496,0.6008804,Right,Up,0.2306999,0.1828842,TransSharp
214.1799,18.74443,0,1.712519,0.2658579,0,0.7412148,1476.301,1.415301,0.6015643,Right,Up,0.2306999,0.2877274,TransSharp
214.2199,18.75105,0,1.736323,0.2658579,0,0.7465361,1477.051,1.419077,0.6022477,Right,Up,0.2446942,0.3927841,TransSharp
214.2599,18.74245,0,1.746393,0.2658579,0,0.7519718,1477.8,1.422024,0.6029311,Right,Up,0.2571706,0.5028534,TransSharp
214.2999,18.73259,0,1.76013,0.2658579,0,0.7594004,1478.55,1.418277,0.603614,Right,Up,0.2564087,0.6202164,TransSharp
214.3399,18.72874,0,1.777525,0.2658579,0,0.7708733,1479.299,1.420213,0.604297,Right,Up,0.2705197,0.7377853,TransSharp
214.3799,18.71925,0,1.78668,0.2658579,0,0.7834951,1480.048,1.423865,0.6049796,Right,Up,0.2825486,0.8601685,TransSharp
214.4199,18.70839,0,1.78668,0.2658579,0,0.7976664,1480.797,1.419138,0.605662,Right,Up,0.2832403,0.9899368,TransSharp
214.4599,18.70041,0,1.78668,0.2658579,0,0.8160434,1481.545,1.420775,0.6063444,Right,Up,0.4635163,1.119675,TransSharp
214.4999,18.69582,0,1.78668,0.2658579,0,0.8347001,1482.293,1.422602,0.6070263,Right,Up,0.9356545,1.239845,TransSharp
214.5399,18.68964,0,1.78668,0.2658579,0,0.8504759,1483.041,1.426849,0.6077083,Right,Up,0.8891146,1.177658,TransSharp
214.5799,18.67913,0,1.78668,0.2658579,0,0.8630271,1483.788,1.429467,0.6083899,Right,Up,0.8444148,1.117958,TransSharp
214.6199,18.67078,0,1.78668,0.2658579,0,0.8709144,1484.535,1.431298,0.6090714,Right,Up,0.8006416,1.06073,TransSharp
214.6599,18.6625,0,1.78668,0.2658579,0,0.8750626,1485.282,1.432383,0.6097525,Right,Up,0.758472,1.005997,TransSharp
214.6999,18.65646,0,1.777525,0.2658579,0,0.8765186,1486.029,1.433131,0.6104334,Right,Up,0.7184606,0.9536057,TransSharp
214.7399,18.64923,0,1.772032,0.2658579,0,0.8759397,1486.775,1.433766,0.6111143,Right,Up,0.6807005,0.9034348,TransSharp
214.7799,18.64621,0,1.76013,0.2658579,0,0.8738488,1487.521,1.433552,0.6117948,Right,Up,0.645587,0.8553238,TransSharp
214.8199,18.63678,0,1.72259,0.2658579,0,0.8707289,1488.266,1.433602,0.6124753,Right,Up,0.6122975,0.8090591,TransSharp
214.8599,18.6242,0,1.672236,0.2658579,0,0.8657511,1489.012,1.437021,0.6131552,Right,Up,0.5821548,0.765152,TransSharp
214.8999,18.61972,0,1.577021,0.2658579,0,0.8603566,1489.757,1.437705,0.6138353,Right,Up,0.5517841,0.7230453,TransSharp
214.9399,18.62437,0,1.450675,0.2658579,0,0.8552134,1490.502,1.436606,0.6145149,Right,Up,0.5256317,0.6824875,TransSharp
214.9799,18.61634,0,1.343558,0.2658579,0,0.8498192,1491.246,1.437631,0.6151945,Right,Up,0.4949555,0.643364,TransSharp
215.0199,18.60362,0,1.203479,0.2658579,0,0.8431798,1491.99,1.439024,0.6158736,Right,Up,0.4722982,0.6063843,TransSharp
215.0599,18.60052,0,1.103686,0.2658579,0,0.8384656,1492.735,1.43675,0.6165525,Right,Up,0.4502396,0.5704117,TransSharp
215.0999,18.60108,0,0.9983969,0.2658579,0,0.8321598,1493.479,1.441665,0.6172315,Right,Up,0.4233615,0.5361557,TransSharp
215.1399,18.59515,0,0.920577,0.2658579,0,0.8278492,1494.223,1.438215,0.6179099,Right,Up,0.4073442,0.5031509,TransSharp
215.1799,18.58656,0,0.8674765,0.2658579,0,0.8229653,1494.966,1.442966,0.6185884,Right,Up,0.3820612,0.4714432,TransSharp
215.2199,18.58846,0,0.7914841,0.2658579,0,0.8200731,1495.71,1.438887,0.6192664,Right,Up,0.3642322,0.440834,TransSharp
215.2599,18.58166,0,0.702678,0.2658579,0,0.8164549,1496.453,1.443505,0.6199444,Right,Up,0.343781,0.4116516,TransSharp
215.2999,18.58305,0,0.5479503,0.2658579,0,0.815909,1497.197,1.439173,0.6206219,Right,Up,0.3208161,0.3831558,TransSharp
215.3399,18.58274,0,0.3749156,0.2658579,0,0.812273,1497.94,1.443009,0.6212994,Right,Up,0.3195939,0.3565292,TransSharp
215.3799,18.57907,0,0.2421606,0.2658579,0,0.8123443,1498.683,1.442762,0.6219764,Right,Up,0.2866737,0.3299026,TransSharp
215.4199,18.57813,0,0.08834839,0.2658579,0,0.811466,1499.427,1.441827,0.6226532,Right,Up,0.2748253,0.3050461,TransSharp
215.4599,18.58107,0,-0.01052856,0.2658579,0,0.8099495,1500.17,1.444908,0.6233301,Right,Up,0.272681,0.2810593,TransSharp
215.4999,18.58067,0,-0.1121539,0.2658579,0,0.8110363,1500.913,1.444014,0.6240065,Right,Up,0.2382111,0.2571106,TransSharp
215.5399,18.58015,0,-0.1799047,0.2658579,0,0.810323,1501.656,1.44351,0.6246828,Right,Up,0.2264194,0.2350464,TransSharp
215.5799,18.58405,0,-0.2256811,0.2658579,0,0.8086253,1502.399,1.445004,0.6253586,Right,Up,0.2255535,0.2138672,TransSharp
215.6199,18.5845,0,-0.2796972,0.2658579,0,0.8086493,1503.143,1.447968,0.6260345,Right,Up,0.2158,0.1927109,TransSharp
215.6599,18.58386,0,-0.3273064,0.2658579,0,0.8111223,1503.886,1.444789,0.6267098,Right,Up,0.1769387,0.1715698,TransSharp
215.6999,18.58768,0,-0.3859001,0.2658579,0,0.8081651,1504.629,1.445439,0.6273849,Right,Up,0.1713202,0.1531143,TransSharp
215.7399,18.59209,0,-0.4408336,0.2658579,0,0.805226,1505.373,1.446553,0.62806,Right,Flat,0.1713202,0.1350708,TransSharp
215.7799,18.59407,0,-0.4692149,0.2658579,0,0.8031726,1506.117,1.449295,0.6287346,Right,Flat,0.1713202,0.1170349,TransSharp
215.8199,18.59433,0,-0.471046,0.2658579,0,0.8027759,1506.86,1.449798,0.6294093,Right,Flat,0.1619255,0.09897614,TransSharp
215.8599,18.59709,0,-0.471046,0.2698253,0,0.8030707,1507.604,1.447101,0.6300833,Right,Flat,0.1083524,0.08092499,TransSharp
215.8999,18.60153,0,-0.4756236,0.2698253,0,0.795579,1508.348,1.447594,0.6307575,Right,Flat,0.09691329,0.06612396,TransSharp
215.9399,18.60655,0,-0.4893565,0.2698253,0,0.7867719,1509.092,1.448982,0.6314311,Right,Flat,0.09691329,0.05223083,TransSharp
215.9799,18.60933,0,-0.4985118,0.2698253,0,0.7788916,1509.837,1.450667,0.6321047,Right,Flat,0.09487279,0.03834534,TransSharp
216.0199,18.61304,0,-0.5131602,0.2698253,0,0.7711093,1510.581,1.451749,0.6327778,Right,Flat,0.09487279,0.02445221,TransSharp
216.0599,18.61726,0,-0.5360502,0.2698253,0,0.7634792,1511.326,1.452279,0.6334506,Right,Flat,0.09691329,0.01054382,TransSharp
216.0999,18.62134,0,-0.5488676,0.2698253,0,0.7551824,1512.071,1.452954,0.6341234,Right,Flat,0.09691329,-0.003372192,TransSharp
216.1399,18.62509,0,-0.5525297,0.2698253,0,0.7469135,1512.816,1.452783,0.6347957,Right,Flat,0.09691329,-0.01729584,TransSharp
216.1799,18.62824,0,-0.5525297,0.2698253,0,0.738574,1513.561,1.452,0.635468,Right,Flat,0.09691329,-0.03123474,TransSharp
216.2199,18.63064,0,-0.5470365,0.2698253,0,0.7299355,1514.306,1.450819,0.6361398,Right,Flat,0.07132626,-0.04516602,TransSharp
216.2599,18.63586,0,-0.5470365,0.2698253,0,0.7184137,1515.051,1.450693,0.6368115,Straight,Flat,0,-0.05908203,TransSharp
216.2999,18.64023,0,-0.5433744,0.2698253,0,0.7040215,1515.797,1.452451,0.6374828,Straight,Flat,-0.01978234,-0.06744385,TransSharp
216.3399,18.64389,0,-0.5406278,0.2698253,0,0.688773,1516.543,1.45451,0.6381537,Straight,Flat,0,-0.07539368,TransSharp
216.3799,18.6467,0,-0.530557,0.2698253,0,0.6725707,1517.289,1.456102,0.6388247,Straight,Flat,0,-0.08335114,TransSharp
216.4199,18.65146,0,-0.5177379,0.2698253,0,0.6552126,1518.035,1.456935,0.6394951,Straight,Flat,-0.01978234,-0.09131622,TransSharp
216.4599,18.65595,0,-0.4994273,0.2698253,0,0.6369104,1518.781,1.457382,0.6401656,Straight,Flat,-0.01978234,-0.09929657,TransSharp
216.4999,18.66036,0,-0.4774547,0.2698253,0,0.6173204,1519.527,1.457677,0.6408355,Straight,Flat,0,-0.1072693,TransSharp
216.5399,18.66468,0,-0.4701304,0.2698253,0,0.5966828,1520.274,1.45803,0.6415053,Straight,Flat,0,-0.1152573,TransSharp
216.5799,18.66891,0,-0.4692149,0.2698253,0,0.5745706,1521.021,1.458328,0.6421747,Straight,Flat,0,-0.1232452,TransSharp
216.6199,18.67308,0,-0.4692149,0.2737926,0,0.551073,1521.767,1.45862,0.642844,Straight,Flat,-0.01978234,-0.1312485,TransSharp
216.6599,18.67779,0,-0.4692149,0.2737926,0,0.5263375,1522.514,1.459029,0.6435128,Straight,Flat,0,-0.1392517,TransSharp
216.6999,18.68273,0,-0.4600596,0.297612,0,0.5001014,1523.262,1.459499,0.6441813,Straight,Flat,-0.01978234,-0.1472549,TransSharp
216.7399,18.69149,0,-0.4463267,0.3293507,0,0.4723177,1524.009,1.460084,0.6448497,Straight,Down,-0.01978234,-0.1552658,TransSharp
216.7799,18.70761,0,-0.4289317,0.3412528,0,0.4429776,1524.757,1.460953,0.6455176,Straight,Down,0,-0.1632919,TransSharp
216.8199,18.72644,0,-0.3868157,0.3452201,0,0.412278,1525.506,1.461179,0.6461856,Straight,Down,-0.01978234,-0.1713333,TransSharp
216.8599,18.74685,0,-0.3401238,0.3452201,0,0.3802767,1526.256,1.461176,0.646853,Straight,Down,0,-0.1793823,TransSharp
216.8999,18.767,0,-0.2623022,0.3452201,0,0.3466319,1527.006,1.461405,0.6475203,Straight,Down,-0.01978234,-0.1874466,TransSharp
216.9399,18.78695,0,-0.1945531,0.3452201,0,0.3113052,1527.758,1.461961,0.6481871,Straight,Down,-0.01978234,-0.1955185,TransSharp
216.9799,18.80692,0,-0.1533526,0.3452201,0,0.2746458,1528.51,1.462564,0.6488538,Straight,Down,-0.01978234,-0.2036057,TransSharp
217.0199,18.82615,0,-0.1112384,0.3214161,0,0.2368857,1529.262,1.462413,0.6495201,Straight,Down,-0.01978234,-0.2116928,TransSharp
217.0599,18.84218,0,-0.09475887,0.3174487,0,0.2029034,1530.016,1.463688,0.650186,Left,Down,-0.07661668,-0.2197952,TransSharp
217.0999,18.857,0,-0.09018123,0.3174487,0,0.170245,1530.77,1.465666,0.6508519,Left,Down,-0.09891172,-0.2252502,TransSharp
217.1399,18.87186,0,-0.09018123,0.3174487,0,0.1364742,1531.525,1.467384,0.6515173,Left,Down,-0.09691329,-0.2291794,TransSharp
217.1799,18.8861,0,-0.09018123,0.3174487,0,0.1016148,1532.28,1.468482,0.6521825,Left,Down,-0.09891172,-0.2331009,TransSharp
217.2199,18.90185,0,-0.1176471,0.3174487,0,0.06531453,1533.036,1.469484,0.6528473,Left,Down,-0.09891172,-0.2370453,TransSharp
217.2599,18.91689,0,-0.1286334,0.3134814,0,0.02799648,1533.793,1.470055,0.653512,Left,Down,-0.09691329,-0.2409897,TransSharp
217.2999,18.92909,0,-0.1432818,0.3134814,0,-0.009920925,1534.55,1.468748,0.6541761,Left,Down,-0.09691329,-0.2449341,TransSharp
217.3399,18.94381,0,-0.1533526,0.3134814,0,-0.04783523,1535.307,1.467159,0.65484,Left,Down,-0.1027921,-0.2488785,TransSharp
217.3799,18.95902,0,-0.1533526,0.3134814,0,-0.08063081,1536.065,1.468545,0.6555038,Left,Down,-0.1297215,-0.2528381,TransSharp
217.4199,18.97357,0,-0.1533526,0.3134814,0,-0.1142923,1536.824,1.470092,0.656167,Left,Down,-0.132704,-0.2553253,TransSharp
217.4599,18.98662,0,-0.1533526,0.3134814,0,-0.1487527,1537.583,1.47188,0.6568303,Left,Down,-0.132704,-0.2576141,TransSharp
217.4999,19.00108,0,-0.1533526,0.3134814,0,-0.1843354,1538.343,1.473908,0.6574929,Left,Down,-0.132704,-0.2598953,TransSharp
217.5399,19.01284,0,-0.1533526,0.3134814,0,-0.2203629,1539.104,1.472251,0.6581554,Left,Down,-0.132704,-0.2621918,TransSharp
217.5799,19.02858,0,-0.1533526,0.3134814,0,-0.25352,1539.865,1.471346,0.6588175,Left,Down,-0.1412742,-0.2644882,TransSharp
217.6199,19.04423,0,-0.1533526,0.3134814,0,-0.2838236,1540.626,1.472464,0.6594794,Left,Down,-0.1594904,-0.2667084,TransSharp
217.6599,19.05913,0,-0.1533526,0.3134814,0,-0.3152488,1541.389,1.474262,0.6601409,Left,Down,-0.1582588,-0.2677841,TransSharp
217.6999,19.07134,0,-0.1533526,0.3134814,0,-0.3472148,1542.151,1.476682,0.6608019,Left,Down,-0.1582588,-0.2688599,TransSharp
217.7399,19.08338,0,-0.1551837,0.3134814,0,-0.3792726,1542.915,1.474548,0.661463,Left,Down,-0.1594904,-0.2699356,TransSharp
217.7799,19.09897,0,-0.1670855,0.3134814,0,-0.4066314,1543.678,1.474329,0.6621234,Left,Down,-0.166689,-0.2710037,TransSharp
217.8199,19.11493,0,-0.2092016,0.3134814,0,-0.4326991,1544.443,1.475283,0.6627838,Left,Down,-0.1802258,-0.2719116,TransSharp
217.8599,19.12986,0,-0.2558935,0.3134814,0,-0.4604523,1545.208,1.4778,0.6634436,Left,Down,-0.1802258,-0.2719803,TransSharp
217.8999,19.13967,0,-0.3208977,0.3134814,0,-0.487832,1545.973,1.477573,0.6641034,Left,Down,-0.1813082,-0.2720566,TransSharp
217.9399,19.15512,0,-0.380407,0.3134814,0,-0.5119222,1546.739,1.476422,0.6647626,Left,Down,-0.183454,-0.2721252,TransSharp
217.9799,19.17002,0,-0.4051262,0.3134814,0,-0.5330181,1547.506,1.477218,0.6654214,Left,Down,-0.1978235,-0.2721939,TransSharp
218.0199,19.18632,0,-0.4161143,0.3134814,0,-0.5565704,1548.273,1.479822,0.6660802,Left,Down,-0.199792,-0.2715302,TransSharp
218.0599,19.19534,0,-0.4161143,0.3134814,0,-0.5796866,1549.041,1.478966,0.6667385,Left,Down,-0.199792,-0.2707291,TransSharp
218.0999,19.21082,0,-0.4161143,0.3134814,0,-0.5984338,1549.809,1.478558,0.6673966,Left,Down,-0.2027088,-0.2699203,TransSharp
218.1399,19.22676,0,-0.4161143,0.3134814,0,-0.6159683,1550.578,1.479954,0.6680542,Left,Down,-0.2158,-0.2691116,TransSharp
218.1799,19.23841,0,-0.4161143,0.3134814,0,-0.6350821,1551.348,1.482577,0.6687117,Left,Down,-0.2167048,-0.2676315,TransSharp
218.2199,19.25129,0,-0.4161143,0.3134814,0,-0.6520148,1552.117,1.480212,0.6693686,Left,Down,-0.2167048,-0.2660522,TransSharp
218.2599,19.2663,0,-0.4234385,0.3134814,0,-0.6645284,1552.888,1.481469,0.6700255,Left,Down,-0.2246844,-0.264473,TransSharp
218.2999,19.2805,0,-0.4353404,0.3134814,0,-0.6791961,1553.659,1.484083,0.6706817,Left,Down,-0.23239,-0.262619,TransSharp
218.3399,19.29105,0,-0.4701304,0.3134814,0,-0.6931915,1554.431,1.481543,0.6713376,Left,Down,-0.23239,-0.2603531,TransSharp
218.3799,19.30639,0,-0.4994273,0.3134814,0,-0.7012316,1555.203,1.482872,0.6719934,Left,Down,-0.2365626,-0.2580719,TransSharp
218.4199,19.32108,0,-0.5351347,0.3134814,0,-0.711355,1555.976,1.485381,0.6726487,Left,Down,-0.2470816,-0.255722,TransSharp
218.4599,19.331,0,-0.5534452,0.3134814,0,-0.7216833,1556.749,1.483221,0.6733038,Left,Down,-0.2470816,-0.2528076,TransSharp
218.4999,19.34659,0,-0.5653471,0.3134814,0,-0.7261751,1557.522,1.484653,0.6739584,Left,Down,-0.2502292,-0.2498932,TransSharp
218.5399,19.35854,0,-0.5891508,0.3134814,0,-0.7324722,1558.297,1.487157,0.6746129,Left,Down,-0.2601963,-0.2469559,TransSharp
218.5799,19.37017,0,-0.6129545,0.3134814,0,-0.7377678,1559.071,1.48484,0.6752668,Left,Down,-0.2609472,-0.2434311,TransSharp
218.6199,19.38678,0,-0.6440824,0.3134814,0,-0.7390781,1559.847,1.48682,0.6759206,Left,Down,-0.2646699,-0.2398987,TransSharp
218.6599,19.39724,0,-0.6779587,0.3134814,0,-0.7423182,1560.622,1.487453,0.6765738,Left,Down,-0.2733977,-0.2362976,TransSharp
218.6999,19.40918,0,-0.702678,0.3134814,0,-0.7415544,1561.399,1.486791,0.6772267,Left,Down,-0.2733977,-0.2322159,TransSharp
218.7399,19.42459,0,-0.7447922,0.3134814,0,-0.7400891,1562.176,1.489191,0.6778795,Left,Down,-0.2804634,-0.2281113,TransSharp
218.7799,19.43817,0,-0.7924014,0.3134814,0,-0.7404295,1562.953,1.486967,0.6785316,Left,Down,-0.2859903,-0.223793,TransSharp
218.8199,19.45078,0,-0.8555728,0.3134814,0,-0.7349749,1563.731,1.489122,0.6791837,Left,Down,-0.2859903,-0.2191544,TransSharp
218.8599,19.46012,0,-0.8986044,0.3134814,0,-0.7313082,1564.509,1.490293,0.6798352,Left,Down,-0.2954137,-0.2145081,TransSharp
218.8999,19.4719,0,-0.9260702,0.3134814,0,-0.7253119,1565.288,1.4894,0.6804866,Left,Down,-0.2980514,-0.2094955,TransSharp
218.9399,19.4835,0,-0.9562826,0.3134814,0,-0.7184633,1566.067,1.492183,0.6811373,Left,Down,-0.3019647,-0.2043228,TransSharp
218.9799,19.49791,0,-0.9929037,0.3134814,0,-0.7120436,1566.847,1.489777,0.6817878,Left,Down,-0.309643,-0.1990585,TransSharp
219.0199,19.50989,0,-1.046006,0.3134814,0,-0.7022773,1567.627,1.492638,0.6824381,Left,Down,-0.3102743,-0.1933899,TransSharp
219.0599,19.51947,0,-1.099107,0.3134814,0,-0.6947613,1568.408,1.490293,0.6830878,Left,Down,-0.3183671,-0.187706,TransSharp
219.0999,19.53352,0,-1.126574,0.3134814,0,-0.6826187,1569.189,1.49331,0.6837375,Left,Down,-0.3208161,-0.1816711,TransSharp
219.1399,19.5411,0,-1.132067,0.3134814,0,-0.6726949,1569.97,1.492374,0.6843864,Left,Down,-0.3262592,-0.1755142,TransSharp
219.1799,19.5547,0,-1.132067,0.3134814,0,-0.6598139,1570.753,1.493801,0.6850353,Left,Down,-0.3310224,-0.1691513,TransSharp
219.2199,19.56188,0,-1.132067,0.3134814,0,-0.6478212,1571.535,1.494449,0.6856836,Left,Down,-0.3351346,-0.1625366,TransSharp
219.2599,19.57686,0,-1.132067,0.3134814,0,-0.6340963,1572.318,1.494265,0.6863317,Left,Down,-0.3414966,-0.1558228,TransSharp
219.2999,19.5825,0,-1.12749,0.3134814,0,-0.6202395,1573.101,1.496,0.6869792,Left,Flat,-0.343781,-0.1487503,TransSharp
219.3399,19.59941,0,-1.116503,0.3134814,0,-0.6054308,1573.885,1.495144,0.6876265,Left,Flat,-0.3516591,-0.1416779,TransSharp
219.3799,19.60313,0,-1.105515,0.3134814,0,-0.5903055,1574.669,1.496905,0.6882735,Left,Flat,-0.3527702,-0.1341705,TransSharp
219.4199,19.62093,0,-1.099107,0.3134814,0,-0.5739439,1575.453,1.496263,0.68892,Left,Flat,-0.360452,-0.1266479,TransSharp
219.4599,19.62309,0,-1.099107,0.3134814,0,-0.5578848,1576.238,1.497445,0.6895664,Left,Flat,-0.3626169,-0.1187668,TransSharp
219.4999,19.64208,0,-1.099107,0.3134814,0,-0.540475,1577.024,1.497389,0.690212,Left,Flat,-0.3695653,-0.1108246,TransSharp
219.5399,19.64271,0,-1.099107,0.3134814,0,-0.5235592,1577.809,1.497541,0.6908576,Left,Flat,-0.3716771,-0.1025391,TransSharp
219.5799,19.66116,0,-1.098191,0.3134814,0,-0.5045482,1578.595,1.499084,0.6915026,Left,Flat,-0.3789758,-0.09418488,TransSharp
219.6199,19.66241,0,-1.086289,0.3134814,0,-0.4868031,1579.381,1.497493,0.6921474,Left,Flat,-0.3815487,-0.08551025,TransSharp
219.6599,19.67606,0,-1.068894,0.3134814,0,-0.4665789,1580.168,1.500642,0.6927917,Left,Flat,-0.3886621,-0.07675171,TransSharp
219.6999,19.68082,0,-1.051499,0.3134814,0,-0.4470913,1580.956,1.498056,0.6934355,Left,Flat,-0.3906707,-0.06765747,TransSharp
219.7399,19.68985,0,-1.044175,0.3134814,0,-0.426031,1581.743,1.503008,0.6940792,Left,Flat,-0.3976209,-0.0585022,TransSharp
219.7799,19.69725,0,-1.039597,0.3134814,0,-0.4050093,1582.531,1.500385,0.6947224,Left,Flat,-0.4005627,-0.04898071,TransSharp
219.8199,19.70418,0,-1.039597,0.3134814,0,-0.3831181,1583.319,1.501373,0.6953653,Left,Flat,-0.4063823,-0.03938293,TransSharp
219.8599,19.70856,0,-1.038682,0.3134814,0,-0.3593987,1584.108,1.498782,0.6960077,Left,Flat,-0.409739,-0.02947998,TransSharp
219.8999,19.71733,0,-1.03502,0.3134814,0,-0.3370722,1584.896,1.499634,0.6966498,Left,Flat,-0.414487,-0.01947021,TransSharp
219.9399,19.71978,0,-1.034104,0.3134814,0,-0.311103,1585.685,1.497923,0.6972914,Left,Flat,-0.4092611,-0.009223938,TransSharp
219.9799,19.72753,0,-1.033189,0.3134814,0,-0.2888769,1586.474,1.501531,0.6979326,Left,Flat,-0.4068635,0.02209473,TransSharp
220.0199,19.73009,0,-1.033189,0.3134814,0,-0.2612306,1587.263,1.499132,0.6985736,Left,Flat,-0.3921704,0.06784058,TransSharp
220.0599,19.73656,0,-1.033189,0.3134814,0,-0.2384307,1588.053,1.503573,0.699214,Left,Flat,-0.3871488,0.1209641,TransSharp
220.0999,19.74008,0,-1.044175,0.3134814,0,-0.2103998,1588.842,1.501131,0.6998543,Left,Up,-0.3727285,0.1766663,TransSharp
220.1399,19.74511,0,-1.063401,0.3134814,0,-0.1872361,1589.632,1.505137,0.7004939,Left,Up,-0.3690354,0.2299576,TransSharp
220.1799,19.7479,0,-1.076218,0.3134814,0,-0.1593078,1590.422,1.503306,0.7011334,Left,Up,-0.354982,0.2827682,TransSharp
220.2199,19.75308,0,-1.086289,0.3134814,0,-0.1355289,1591.212,1.505241,0.7017723,Left,Up,-0.3522151,0.3332062,TransSharp
220.2599,19.75526,0,-1.086289,0.3134814,0,-0.1089698,1592.002,1.505846,0.7024111,Left,Up,-0.3386196,0.383194,TransSharp
220.2999,19.75996,0,-1.080796,0.3134814,0,-0.08447412,1592.792,1.504659,0.7030491,Left,Up,-0.3345502,0.4310379,TransSharp
220.3399,19.75693,0,-1.076218,0.3134814,0,-0.06040463,1593.583,1.508164,0.7036867,Left,Up,-0.324455,0.478157,TransSharp
220.3799,19.75674,0,-1.074387,0.3134814,0,-0.03486523,1594.373,1.506286,0.7043243,Left,Up,-0.3165179,0.523941,TransSharp
220.4199,19.75986,0,-1.074387,0.3134814,0,-0.01327452,1595.163,1.509402,0.7049611,Left,Up,-0.3121605,0.5681763,TransSharp
220.4599,19.76241,0,-1.06981,0.3134814,0,0.01152411,1595.954,1.509071,0.7055978,Left,Up,-0.2993615,0.6122208,TransSharp
220.4999,19.76634,0,-1.068894,0.3134814,0,0.03393385,1596.745,1.507606,0.7062339,Left,Up,-0.2993615,0.6535873,TransSharp
220.5399,19.76602,0,-1.067979,0.3134814,0,0.05427858,1597.535,1.511521,0.7068698,Left,Up,-0.2887141,0.6949997,TransSharp
220.5799,19.76367,0,-1.064317,0.3134814,0,0.07692969,1598.326,1.510421,0.7075051,Left,Up,-0.2818553,0.7349625,TransSharp
220.6199,19.76673,0,-1.057908,0.3134814,0,0.09612995,1599.116,1.510512,0.70814,Left,Up,-0.2811602,0.7735291,TransSharp
220.6599,19.76755,0,-1.038682,0.3134814,0,0.1145612,1599.907,1.513241,0.7087747,Left,Up,-0.2668786,0.8121262,TransSharp
220.6999,19.76408,0,-1.009385,0.3134814,0,0.1341101,1600.697,1.512368,0.7094087,Left,Up,-0.2654082,0.8483734,TransSharp
220.7399,19.76553,0,-0.9562826,0.3134814,0,0.1503365,1601.488,1.512347,0.7100426,Left,Up,-0.2624426,0.8841934,TransSharp
220.7799,19.76543,0,-0.9269857,0.3134814,0,0.1654625,1602.279,1.515048,0.7106758,Left,Up,-0.2486604,0.9200058,TransSharp
220.8199,19.76285,0,-0.9095907,0.3134814,0,0.1819477,1603.069,1.51449,0.7113089,Left,Up,-0.2486604,0.953125,TransSharp
220.8599,19.76373,0,-0.9086752,0.3134814,0,0.1953562,1603.86,1.513335,0.7119413,Left,Up,-0.2462884,0.9861832,TransSharp
220.8999,19.76385,0,-0.9050131,0.3134814,0,0.2061962,1604.65,1.51689,0.7125736,Left,Up,-0.2332305,1.019249,TransSharp
220.9399,19.76188,0,-0.8921957,0.3134814,0,0.2198217,1605.441,1.516609,0.7132051,Left,Up,-0.23239,1.049805,TransSharp
220.9799,19.7578,0,-0.8848715,0.3134814,0,0.2308011,1606.231,1.514871,0.7138363,Left,Up,-0.23239,1.080147,TransSharp
221.0199,19.76278,0,-0.8802938,0.3134814,0,0.2375594,1607.022,1.517879,0.7144673,Left,Up,-0.2211734,1.110504,TransSharp
221.0599,19.75937,0,-0.878461,0.3134814,0,0.2465013,1607.812,1.518953,0.7150976,Left,Up,-0.2167048,1.139023,TransSharp
221.0999,19.75544,0,-0.878461,0.3134814,0,0.2548012,1608.602,1.518497,0.7157277,Left,Up,-0.2167048,1.166679,TransSharp
221.1399,19.75653,0,-0.8693057,0.3134814,0,0.2595259,1609.392,1.517384,0.7163573,Left,Up,-0.2112177,1.194328,TransSharp
221.1799,19.75549,0,-0.8509952,0.3134814,0,0.2607157,1610.183,1.521522,0.7169865,Left,Up,-0.2007689,1.221565,TransSharp
221.2199,19.75271,0,-0.8143741,0.3134814,0,0.2659139,1610.973,1.521362,0.7176152,Left,Up,-0.2007689,1.24659,TransSharp
221.2599,19.74845,0,-0.7795841,0.3134814,0,0.2689281,1611.763,1.520534,0.7182437,Left,Up,-0.199792,1.271576,TransSharp
221.2999,19.75241,0,-0.7493699,0.3134814,0,0.2681617,1612.553,1.520153,0.7188715,Left,Up,-0.1928145,1.296547,TransSharp
221.3399,19.74905,0,-0.7319748,0.3134814,0,0.2642072,1613.343,1.52408,0.7194988,Left,Up,-0.1855749,1.320473,TransSharp
221.3799,19.74568,0,-0.7255661,0.3134814,0,0.2645346,1614.133,1.524061,0.720126,Left,Up,-0.1855749,1.34285,TransSharp
221.4199,19.74125,0,-0.7209885,0.3134814,0,0.2627892,1614.922,1.523619,0.7207526,Left,Up,-0.1845175,1.365211,TransSharp
221.4599,19.74203,0,-0.7154953,0.3134814,0,0.2577333,1615.712,1.522105,0.7213789,Left,Up,-0.1769387,1.38755,TransSharp
221.4999,19.74156,0,-0.7136643,0.3134814,0,0.2490897,1616.502,1.52556,0.7220045,Left,Up,-0.1701742,1.408974,TransSharp
221.5399,19.73762,0,-0.6797898,0.3134814,0,0.2425817,1617.291,1.527189,0.72263,Left,Up,-0.1701742,1.428703,TransSharp
221.5799,19.73398,0,-0.6431669,0.3134814,0,0.2367904,1618.081,1.527249,0.7232548,Left,Up,-0.1701742,1.44841,TransSharp
221.6199,19.73096,0,-0.5900663,0.3134814,0,0.2282274,1618.87,1.526579,0.7238791,Left,Up,-0.1678588,1.468109,TransSharp
221.6599,19.7301,0,-0.5250621,0.3134814,0,0.2166366,1619.659,1.526381,0.7245033,Left,Up,-0.1557664,1.487778,TransSharp
221.6999,19.73014,0,-0.4701304,0.3134814,0,0.2019108,1620.449,1.530194,0.7251267,Left,Up,-0.1545051,1.50531,TransSharp
221.7399,19.72674,0,-0.382238,0.3134814,0,0.1906792,1621.238,1.531779,0.72575,Left,Up,-0.1545051,1.522331,TransSharp
221.7799,19.7234,0,-0.3154045,0.3134814,0,0.1798501,1622.027,1.53185,0.7263727,Left,Up,-0.1545051,1.53933,TransSharp
221.8199,19.72155,0,-0.239414,0.3134814,0,0.1666399,1622.815,1.531869,0.7269951,Left,Up,-0.1532334,1.556328,TransSharp
221.8599,19.71943,0,-0.2018774,0.3134814,0,0.1514682,1623.604,1.532103,0.7276167,Left,Up,-0.1398823,1.573296,TransSharp
221.8999,19.72062,0,-0.1945531,0.3134814,0,0.1334468,1624.393,1.534833,0.7282383,Left,Up,-0.1384764,1.588188,TransSharp
221.9399,19.71733,0,-0.1945531,0.3134814,0,0.1150641,1625.182,1.53829,0.7288591,Left,Up,-0.1384764,1.602463,TransSharp
221.9799,19.71399,0,-0.1945531,0.3134814,0,0.1012413,1625.97,1.53839,0.7294794,Left,Up,-0.1370561,1.616722,TransSharp
222.0199,19.71172,0,-0.18906,0.3134814,0,0.08551359,1626.759,1.538118,0.7300996,Left,Up,-0.1384764,1.630981,TransSharp
222.0599,19.71146,0,-0.1853979,0.3134814,0,0.06720519,1627.547,1.537918,0.7307191,Left,Up,-0.132704,1.645233,TransSharp
222.0999,19.70863,0,-0.1835668,0.3134814,0,0.04756868,1628.336,1.537717,0.7313384,Left,Up,-0.1219466,1.659058,TransSharp
222.1399,19.70763,0,-0.1725787,0.3134814,0,0.02589855,1629.124,1.539373,0.7319569,Left,Up,-0.1219466,1.670502,TransSharp
222.1799,19.70584,0,-0.1652545,0.3134814,0,0.002450883,1629.912,1.542565,0.7325753,Left,Up,-0.1219466,1.681953,TransSharp
222.2199,19.70242,0,-0.148775,0.3134814,0,-0.01431361,1630.701,1.542695,0.733193,Left,Up,-0.1219466,1.69339,TransSharp
222.2599,19.69991,0,-0.13138,0.3134814,0,-0.03178826,1631.489,1.542375,0.7338102,Left,Up,-0.1219466,1.704834,TransSharp
222.2999,19.69993,0,-0.1011676,0.3134814,0,-0.0509676,1632.277,1.542114,0.7344272,Left,Up,-0.1219466,1.716263,TransSharp
222.3399,19.69728,0,-0.02975464,0.3134814,0,-0.07162267,1633.065,1.542335,0.7350435,Left,Up,-0.1083524,1.727669,TransSharp
222.3799,19.69482,0,0.03799438,0.3134814,0,-0.09272057,1633.852,1.54236,0.7356597,Left,Up,-0.1046783,1.736923,TransSharp
222.4199,19.69292,0,0.1222265,0.3134814,0,-0.1150625,1634.64,1.543508,0.736275,Left,Up,-0.1046783,1.745361,TransSharp
222.4599,19.69226,0,0.1725805,0.3134814,0,-0.1383711,1635.428,1.54599,0.7368902,Left,Up,-0.1046783,1.753807,TransSharp
222.4999,19.68887,0,0.1936376,0.3134814,0,-0.1574032,1636.215,1.547257,0.7375047,Left,Up,-0.1046783,1.762238,TransSharp
222.5399,19.68624,0,0.1954687,0.3134814,0,-0.1730244,1637.003,1.547158,0.7381188,Left,Up,-0.1046783,1.770676,TransSharp
222.5799,19.68418,0,0.1954687,0.3134814,0,-0.1896386,1637.79,1.546932,0.7387325,Left,Up,-0.1046783,1.779114,TransSharp
222.6199,19.68255,0,0.1954687,0.3134814,0,-0.2070074,1638.578,1.547088,0.7393455,Left,Up,-0.09891172,1.787529,TransSharp
222.6599,19.68029,0,0.1954687,0.3134814,0,-0.2250012,1639.365,1.54764,0.7399584,Left,Up,-0.08622923,1.795418,TransSharp
222.6999,19.67737,0,0.1954687,0.3134814,0,-0.2432302,1640.152,1.548227,0.7405705,Left,Up,-0.08622923,1.800537,TransSharp
222.7399,19.67524,0,0.1963842,0.3134814,0,-0.261417,1640.939,1.548421,0.7411824,Left,Up,-0.08846933,1.805649,TransSharp
222.7799,19.67348,0,0.2009618,0.3134814,0,-0.2803271,1641.726,1.550049,0.7417936,Left,Up,-0.08846933,1.81076,TransSharp
222.8199,19.67218,0,0.2009618,0.3134814,0,-0.2994797,1642.513,1.552024,0.7424046,Left,Up,-0.08622923,1.815872,TransSharp
222.8599,19.66899,0,0.1899755,0.3134814,0,-0.3129866,1643.3,1.552881,0.7430149,Left,Up,-0.08622923,1.820976,TransSharp
222.8999,19.66631,0,0.171665,0.3134814,0,-0.3232574,1644.086,1.552655,0.7436249,Left,Up,-0.08622923,1.826088,TransSharp
222.9399,19.66439,0,0.1414526,0.3134814,0,-0.3338416,1644.873,1.552527,0.7442341,Left,Up,-0.08622923,1.831192,TransSharp
222.9799,19.6624,0,0.123142,0.3134814,0,-0.3443297,1645.659,1.552833,0.744843,Left,Up,-0.08156469,1.836296,TransSharp
223.0199,19.6599,0,0.1130676,0.3134814,0,-0.3548867,1646.446,1.553196,0.7454516,Left,Up,-0.0656106,1.841385,TransSharp
223.0599,19.6573,0,0.1130676,0.3134814,0,-0.364973,1647.232,1.553886,0.7460595,Left,Up,-0.0656106,1.84256,TransSharp
223.0999,19.65467,0,0.1121521,0.3134814,0,-0.375026,1648.018,1.554525,0.7466671,Left,Up,-0.0656106,1.843643,TransSharp
223.1399,19.65196,0,0.1057434,0.3134814,0,-0.3849295,1648.804,1.555157,0.747274,Left,Up,-0.0656106,1.844719,TransSharp
223.1799,19.64957,0,0.09475708,0.3134814,0,-0.3942683,1649.59,1.555442,0.7478807,Left,Up,-0.0656106,1.845802,TransSharp
223.2199,19.64718,0,0.08651733,0.3134814,0,-0.4035397,1650.376,1.556441,0.7484867,Left,Up,-0.06255726,1.846878,TransSharp
223.2599,19.64527,0,0.06546021,0.3134814,0,-0.4128568,1651.162,1.557699,0.7490922,Left,Up,-0.0656106,1.847954,TransSharp
223.2999,19.64282,0,0.05081177,0.3134814,0,-0.4217598,1651.948,1.558554,0.7496973,Left,Up,-0.0656106,1.84903,TransSharp
223.3399,19.64157,0,0.02243042,0.3134814,0,-0.4227472,1652.734,1.559456,0.7503018,Left,Up,-0.06852804,1.850098,TransSharp
223.3799,19.64,0,-0.0050354,0.3134814,0,-0.420355,1653.519,1.560524,0.7509061,Left,Up,-0.0656106,1.851166,TransSharp
223.4199,19.63855,0,-0.01602173,0.3134814,0,-0.4178472,1654.305,1.561371,0.7515096,Left,Up,-0.0656106,1.852242,TransSharp
223.4599,19.63722,0,-0.03890991,0.3134814,0,-0.4153188,1655.09,1.561886,0.7521129,Left,Up,-0.0656106,1.85331,TransSharp
223.4999,19.63605,0,-0.04714966,0.3134814,0,-0.4123943,1655.876,1.56225,0.7527154,Straight,Up,-0.02797646,1.85437,TransSharp
223.5399,19.63489,0,-0.05722046,0.3134814,0,-0.4091871,1656.661,1.562475,0.7533177,Straight,Up,-0.01978234,1.847183,TransSharp
223.5799,19.63368,0,-0.06546199,0.3134814,0,-0.4059073,1657.446,1.562606,0.7539192,Straight,Up,-0.01978234,1.836845,TransSharp
223.6199,19.63248,0,-0.07095516,0.3134814,0,-0.4024954,1658.232,1.562813,0.7545204,Straight,Up,0,1.826515,TransSharp
223.6599,19.63125,0,-0.07553279,0.3134814,0,-0.3987834,1659.017,1.563294,0.7551211,Straight,Up,-0.01978234,1.81617,TransSharp
223.6999,19.63003,0,-0.07553279,0.3134814,0,-0.3949539,1659.802,1.563729,0.7557212,Straight,Up,-0.01978234,1.80584,TransSharp
223.7399,19.62881,0,-0.07553279,0.3134814,0,-0.3909729,1660.587,1.564049,0.7563209,Straight,Up,-0.01978234,1.795502,TransSharp
223.7799,19.62761,0,-0.05355835,0.3134814,0,-0.3867611,1661.372,1.564378,0.75692,Straight,Up,-0.01978234,1.785172,TransSharp
223.8199,19.6264,0,-0.05172729,0.3134814,0,-0.3825422,1662.158,1.56473,0.7575188,Straight,Up,-0.01978234,1.774834,TransSharp
223.8599,19.62519,0,-0.05172729,0.3134814,0,-0.3784046,1662.943,1.565051,0.7581169,Straight,Up,0,1.764503,TransSharp
223.8999,19.62398,0,-0.05172729,0.3134814,0,-0.3741324,1663.727,1.565537,0.7587144,Straight,Up,-0.01978234,1.754173,TransSharp
223.9399,19.62278,0,-0.05172729,0.3134814,0,-0.3697221,1664.512,1.566183,0.7593117,Straight,Up,-0.01978234,1.743843,TransSharp
223.9799,19.6216,0,-0.05172729,0.3134814,0,-0.3653492,1665.297,1.56681,0.7599083,Straight,Up,-0.01978234,1.733505,TransSharp
224.0199,19.62039,0,-0.04623413,0.3134814,0,-0.3610162,1666.082,1.567362,0.7605045,Straight,Up,-0.01978234,1.723175,TransSharp
224.0599,19.61922,0,-0.02426147,0.3134814,0,-0.3567469,1666.867,1.567858,0.7611001,Straight,Up,-0.01978234,1.712845,TransSharp
224.0999,19.61803,0,-0.0004577637,0.3134814,0,-0.3524679,1667.652,1.568391,0.7616953,Straight,Up,0,1.702515,TransSharp
224.1399,19.61686,0,0.03890991,0.3134814,0,-0.3482914,1668.436,1.568885,0.7622899,Straight,Up,-0.01978234,1.692192,TransSharp
224.1799,19.61569,0,0.0819397,0.3134814,0,-0.3443654,1669.221,1.569349,0.7628841,Straight,Up,-0.01978234,1.681862,TransSharp
224.2199,19.6145,0,0.110321,0.3134814,0,-0.3405806,1670.006,1.56983,0.7634776,Straight,Up,0,1.671532,TransSharp
224.2599,19.61333,0,0.1350439,0.3134814,0,-0.3368952,1670.79,1.570441,0.7640706,Straight,Up,-0.01978234,1.661209,TransSharp
224.2999,19.61216,0,0.1469457,0.3134814,0,-0.3331152,1671.575,1.571046,0.7646633,Straight,Up,-0.01978234,1.650879,TransSharp
224.3399,19.61098,0,0.1524389,0.3134814,0,-0.3293804,1672.359,1.571701,0.7652552,Straight,Up,-0.01978234,1.640556,TransSharp
224.3799,19.60981,0,0.1524389,0.3134814,0,-0.3254526,1673.143,1.572345,0.7658468,Straight,Up,-0.01978234,1.630226,TransSharp
224.4199,19.60864,0,0.1524389,0.3134814,0,-0.3215702,1673.928,1.572927,0.7664378,Straight,Up,-0.01978234,1.619896,TransSharp
224.4599,19.60749,0,0.1524389,0.3134814,0,-0.3173309,1674.712,1.573801,0.7670284,Straight,Up,-0.01978234,1.609573,TransSharp
224.4999,19.60625,0,0.1524389,0.3134814,0,-0.3129618,1675.496,1.574558,0.7676182,Straight,Up,-0.01978234,1.599251,TransSharp
224.5399,19.60516,0,0.1460302,0.3134814,0,-0.3086005,1676.281,1.575065,0.7682078,Straight,Up,-0.01978234,1.588921,TransSharp
224.5799,19.60408,0,0.1167297,0.3134814,0,-0.3039847,1677.065,1.575421,0.7687967,Straight,Up,-0.01978234,1.578606,TransSharp
224.6199,19.60298,0,0.09841919,0.3134814,0,-0.2992398,1677.849,1.576052,0.769385,Straight,Up,0,1.568275,TransSharp
224.6599,19.60181,0,0.08651733,0.3134814,0,-0.294378,1678.633,1.577078,0.769973,Straight,Up,-0.01978234,1.557953,TransSharp
224.6999,19.60077,0,0.08010864,0.3134814,0,-0.2891655,1679.417,1.577906,0.7705603,Straight,Up,-0.01978234,1.547638,TransSharp
224.7399,19.59976,0,0.08010864,0.3134814,0,-0.2836597,1680.201,1.578638,0.7711472,Straight,Up,-0.01978234,1.537308,TransSharp
224.7799,19.59879,0,0.08010864,0.3134814,0,-0.2778661,1680.985,1.579287,0.7717334,Straight,Up,-0.01978234,1.526985,TransSharp
224.8199,19.5978,0,0.08010864,0.3134814,0,-0.2719407,1681.769,1.579821,0.7723193,Straight,Up,0,1.516663,TransSharp
224.8599,19.59676,0,0.08010864,0.3134814,0,-0.2656419,1682.553,1.58042,0.7729045,Straight,Up,0,1.50634,TransSharp
224.8999,19.59578,0,0.07644653,0.3134814,0,-0.2593624,1683.337,1.581027,0.7734891,Straight,Up,-0.01978234,1.49601,TransSharp
224.9399,19.59485,0,0.06362915,0.3134814,0,-0.2528284,1684.12,1.581637,0.7740733,Straight,Up,-0.01978234,1.485695,TransSharp
224.9799,19.59335,0,0.03982544,0.3134814,0,-0.2460813,1684.904,1.582241,0.7746569,Straight,Up,0,1.475365,TransSharp
225.0199,19.5927,0,0.02700806,0.3134814,0,-0.2391475,1685.688,1.58123,0.7752401,Straight,Up,-0.01978234,1.46505,TransSharp
225.0599,19.59439,0,0.02059937,0.3134814,0,-0.2340907,1686.471,1.58393,0.7758226,Straight,Up,-0.01978234,1.454742,TransSharp
225.0999,19.59528,0,0.02059937,0.3134814,0,-0.2288446,1687.255,1.586286,0.7764047,Straight,Up,0,1.444435,TransSharp
225.1399,19.59389,0,0.02059937,0.3134814,0,-0.2235015,1688.039,1.58825,0.7769861,Straight,Up,-0.01978234,1.434128,TransSharp
225.1799,19.59606,0,0.01602173,0.3134814,0,-0.2179221,1688.823,1.588882,0.7775672,Straight,Up,-0.01978234,1.423798,TransSharp
225.2199,19.59815,0,0.01602173,0.3134814,0,-0.2121738,1689.607,1.588944,0.7781475,Straight,Up,0,1.413467,TransSharp
225.2599,19.60006,0,0.01602173,0.3134814,0,-0.2060989,1690.391,1.588929,0.7787272,Right,Up,0.05233916,1.401863,TransSharp
225.2999,19.60181,0,0.01602173,0.3134814,0,-0.1999853,1691.175,1.588583,0.7793067,Right,Up,0.05595291,1.375969,TransSharp
225.3399,19.60318,0,0.01419067,0.3134814,0,-0.1935624,1691.959,1.5883,0.7798854,Right,Up,0.05595291,1.35006,TransSharp
225.3799,19.60524,0,-0.0050354,0.3134814,0,-0.1867472,1692.743,1.587885,0.7804638,Right,Up,0.05233916,1.324158,TransSharp
225.4199,19.60702,0,-0.02243042,0.3134814,0,-0.1800477,1693.527,1.588596,0.7810413,Right,Up,0.05595291,1.298256,TransSharp
225.4599,19.60916,0,-0.02792358,0.3134814,0,-0.1734537,1694.312,1.589465,0.7816186,Right,Up,0.05595291,1.272362,TransSharp
225.4999,19.61051,0,-0.02792358,0.3134814,0,-0.1665295,1695.096,1.589388,0.7821951,Right,Up,0.05595291,1.246468,TransSharp
225.5399,19.61398,0,-0.02792358,0.3134814,0,-0.1636982,1695.881,1.590286,0.782771,Right,Up,0.05595291,1.220566,TransSharp
225.5799,19.61708,0,-0.02792358,0.3134814,0,-0.1632433,1696.665,1.591408,0.7833467,Right,Up,0.05595291,1.194664,TransSharp
225.6199,19.62001,0,-0.01693726,0.3134814,0,-0.1626118,1697.45,1.592435,0.7839214,Right,Up,0.05233916,1.168755,TransSharp
225.6599,19.62305,0,0.0050354,0.3134814,0,-0.1616773,1698.235,1.593048,0.784496,Right,Up,0.05595291,1.142822,TransSharp
225.6999,19.6265,0,0.02151489,0.3134814,0,-0.1604193,1699.02,1.593263,0.7850697,Right,Up,0.05595291,1.116882,TransSharp
225.7399,19.6301,0,0.03250122,0.3134814,0,-0.1587879,1699.805,1.592657,0.7856431,Right,Up,0.07912937,1.090935,TransSharp
225.7799,19.63435,0,0.03341675,0.3134814,0,-0.1573304,1700.591,1.593273,0.7862157,Right,Up,0.08846933,1.05925,TransSharp
225.8199,19.63835,0,0.03982544,0.3134814,0,-0.1558535,1701.376,1.594145,0.786788,Right,Up,0.08846933,1.024239,TransSharp
225.8599,19.64273,0,0.06271362,0.3134814,0,-0.1586612,1702.162,1.59519,0.7873595,Right,Up,0.08846933,0.9892197,TransSharp
225.8999,19.64718,0,0.08834839,0.3134814,0,-0.1635626,1702.948,1.595948,0.7879304,Right,Up,0.08846933,0.9541855,TransSharp
225.9399,19.65224,0,0.1295507,0.3134814,0,-0.1687851,1703.734,1.596252,0.7885011,Right,Up,0.08846933,0.919136,TransSharp
225.9799,19.6564,0,0.1661718,0.3134814,0,-0.1737868,1704.52,1.596509,0.7890708,Right,Up,0.09065409,0.8840561,TransSharp
226.0199,19.66203,0,0.18906,0.3333181,0,-0.1783597,1705.306,1.596041,0.7896403,Right,Up,0.08846933,0.8489838,TransSharp
226.0599,19.67104,0,0.2018774,0.3333181,0,-0.1829403,1706.093,1.597181,0.790209,Right,Up,0.1083524,0.8138962,TransSharp
226.0999,19.68165,0,0.2027929,0.3333181,0,-0.1910535,1706.88,1.598057,0.7907774,Right,Up,0.1203313,0.7746506,TransSharp
226.1399,19.69158,0,0.2027929,0.3333181,0,-0.2017988,1707.668,1.598665,0.7913449,Right,Up,0.1203313,0.7311325,TransSharp
226.1799,19.70178,0,0.2027929,0.3333181,0,-0.2124919,1708.456,1.599288,0.7919121,Right,Up,0.1186941,0.6875687,TransSharp
226.2199,19.7121,0,0.206455,0.3333181,0,-0.2228378,1709.244,1.598628,0.7924786,Right,Up,0.1203313,0.6439896,TransSharp
226.2599,19.72449,0,0.206455,0.3333181,0,-0.2333759,1710.033,1.599446,0.7930444,Right,Up,0.1203313,0.6003952,TransSharp
226.2999,19.73778,0,0.206455,0.3333181,0,-0.2482904,1710.823,1.601073,0.7936099,Right,Up,0.1341704,0.5567932,TransSharp
226.3399,19.74945,0,0.206455,0.3333181,0,-0.2652878,1711.612,1.602631,0.7941746,Right,Up,0.1506579,0.5107498,TransSharp
226.3799,19.76199,0,0.206455,0.3333181,0,-0.2817082,1712.403,1.603479,0.7947389,Right,Up,0.1506579,0.4587708,TransSharp
226.4199,19.77488,0,0.1945531,0.3333181,0,-0.2980903,1713.194,1.603842,0.7953025,Right,Up,0.1506579,0.4067078,TransSharp
226.4599,19.7887,0,0.1826513,0.3333181,0,-0.3144841,1713.985,1.603588,0.7958657,Right,Up,0.1506579,0.3545837,TransSharp
226.4999,19.8022,0,0.1707494,0.3333181,0,-0.3305613,1714.777,1.603111,0.7964281,Right,Up,0.165511,0.3024139,TransSharp
226.5399,19.81455,0,0.1652563,0.3134814,0,-0.3459099,1715.569,1.602265,0.79699,Right,Up,0.1802258,0.2472458,TransSharp
226.5799,19.82557,0,0.1606786,0.309514,0,-0.3609278,1716.362,1.602667,0.7975514,Right,Up,0.1802258,0.1866837,TransSharp
226.6199,19.83398,0,0.1588476,0.3055466,0,-0.3722189,1717.156,1.604576,0.798112,Right,Flat,0.1802258,0.126091,TransSharp
226.6599,19.84192,0,0.1295507,0.297612,0,-0.3779013,1717.949,1.604844,0.7986723,Right,Flat,0.0656106,0.06544495,TransSharp
226.6999,19.84684,0,0.09933472,0.2936446,0,-0.3824924,1718.743,1.604239,0.7992318,Left,Flat,-0.1607126,0.01346588,TransSharp
226.7399,19.85294,0,0.04440308,0.289662,0,-0.3866917,1719.537,1.602818,0.799791,Left,Flat,-0.1607126,-0.0103302,TransSharp
226.7799,19.85989,0,-0.01144409,0.2856947,0,-0.3910234,1720.331,1.60412,0.8003494,Left,Flat,-0.1607126,-0.03411865,TransSharp
226.8199,19.86391,0,-0.05264282,0.2856947,0,-0.3903871,1721.126,1.605364,0.8009073,Left,Flat,-0.1607126,-0.05792236,TransSharp
226.8599,19.86721,0,-0.1048297,0.2817273,0,-0.385348,1721.921,1.605809,0.8014645,Left,Flat,-0.1582588,-0.08171844,TransSharp
226.8999,19.87051,0,-0.1286334,0.2817273,0,-0.3797895,1722.715,1.605705,0.802021,Left,Flat,-0.1582588,-0.100029,TransSharp
226.9399,19.87407,0,-0.1377887,0.2817273,0,-0.3740394,1723.51,1.605404,0.8025773,Left,Flat,-0.1582588,-0.1183472,TransSharp
226.9799,19.87795,0,-0.1377887,0.2817273,0,-0.3677892,1724.305,1.604997,0.8031326,Left,Flat,-0.1582588,-0.1366501,TransSharp
227.0199,19.88283,0,-0.1377887,0.2817273,0,-0.3617645,1725.101,1.606881,0.8036877,Left,Down,-0.1506579,-0.1549606,TransSharp
227.0599,19.88655,0,-0.1377887,0.2817273,0,-0.3497176,1725.896,1.608135,0.8042418,Left,Down,-0.1297215,-0.1731644,TransSharp
227.0999,19.89013,0,-0.1377887,0.2817273,0,-0.3339956,1726.692,1.608709,0.8047957,Left,Down,-0.1297215,-0.1889114,TransSharp
227.1399,19.89416,0,-0.1432818,0.2817273,0,-0.3184316,1727.487,1.6089,0.8053487,Left,Down,-0.1297215,-0.2046738,TransSharp
227.1799,19.89864,0,-0.1652545,0.2817273,0,-0.3028212,1728.283,1.608973,0.8059012,Left,Down,-0.1297215,-0.2204514,TransSharp
227.2199,19.90289,0,-0.18906,0.2817273,0,-0.2873252,1729.079,1.609013,0.8064532,Left,Down,-0.1297215,-0.2362213,TransSharp
227.2599,19.90702,0,-0.2192724,0.2817273,0,-0.2715979,1729.875,1.60857,0.8070045,Left,Down,-0.1203313,-0.2519913,TransSharp
227.2999,19.91162,0,-0.2330053,0.2817273,0,-0.2560437,1730.672,1.609376,0.8075553,Left,Down,-0.09891172,-0.2677078,TransSharp
227.3399,19.91645,0,-0.239414,0.2817273,0,-0.2406364,1731.469,1.610405,0.8081053,Left,Down,-0.09691329,-0.2807007,TransSharp
227.3799,19.92101,0,-0.239414,0.2817273,0,-0.219595,1732.265,1.611396,0.808655,Left,Down,-0.09691329,-0.2937012,TransSharp
227.4199,19.92563,0,-0.239414,0.2817273,0,-0.1945186,1733.062,1.612068,0.8092039,Left,Down,-0.09891172,-0.3067093,TransSharp
227.4599,19.93087,0,-0.2201879,0.27776,0,-0.1701345,1733.859,1.612507,0.8097523,Left,Down,-0.09691329,-0.3197174,TransSharp
227.4999,19.93551,0,-0.2073705,0.27776,0,-0.1459682,1734.657,1.612802,0.8102999,Left,Down,-0.09691329,-0.3327332,TransSharp
227.5399,19.93979,0,-0.1844823,0.27776,0,-0.1220719,1735.454,1.612958,0.810847,Left,Down,-0.09691329,-0.3457565,TransSharp
227.5799,19.94405,0,-0.1652545,0.27776,0,-0.09868196,1736.252,1.613021,0.8113936,Left,Down,-0.09691329,-0.3587723,TransSharp
227.6199,19.94823,0,-0.1478595,0.2737926,0,-0.07553959,1737.05,1.613117,0.8119395,Left,Down,-0.06255726,-0.371788,TransSharp
227.6599,19.95186,0,-0.1194781,0.2737926,0,-0.0525797,1737.848,1.613399,0.8124849,Left,Down,-0.05595291,-0.381958,TransSharp
227.6999,19.95513,0,-0.1057452,0.2737926,0,-0.0300979,1738.646,1.613729,0.8130294,Left,Down,-0.05595291,-0.3913651,TransSharp
227.7399,19.95833,0,-0.0956744,0.2737926,0,-0.007938057,1739.445,1.614004,0.8135736,Left,Down,-0.05595291,-0.4007797,TransSharp
227.7799,19.96166,0,-0.09475887,0.2737926,0,0.01427487,1740.243,1.614237,0.814117,Left,Down,-0.05595291,-0.4101868,TransSharp
227.8199,19.96496,0,-0.09475887,0.2737926,0,0.03577337,1741.042,1.614918,0.81466,Left,Down,-0.05595291,-0.4195938,TransSharp
227.8599,19.96858,0,-0.09475887,0.2737926,0,0.05676201,1741.84,1.616041,0.8152022,Left,Down,-0.05595291,-0.4290085,TransSharp
227.8999,19.97202,0,-0.09018123,0.2737926,0,0.07730743,1742.639,1.616904,0.8157437,Left,Down,-0.05595291,-0.4384232,TransSharp
227.9399,19.97528,0,-0.08835018,0.2737926,0,0.09765294,1743.438,1.617218,0.8162848,Left,Down,-0.05595291,-0.4478302,TransSharp
227.9799,19.97957,0,-0.07736385,0.2737926,0,0.1191747,1744.237,1.617669,0.8168252,Left,Down,-0.05595291,-0.4572372,TransSharp
228.0199,19.98393,0,-0.07553279,0.2737926,0,0.1431365,1745.037,1.61862,0.817365,Left,Down,-0.05595291,-0.4666519,TransSharp
228.0599,19.98809,0,-0.07553279,0.2737926,0,0.1666225,1745.836,1.619462,0.8179041,Left,Down,-0.05595291,-0.476059,TransSharp
228.0999,19.99195,0,-0.07553279,0.2737926,0,0.1896316,1746.636,1.620024,0.8184427,Left,Down,-0.05595291,-0.4854813,TransSharp
228.1399,19.99639,0,-0.07553279,0.2737926,0,0.2122513,1747.436,1.620422,0.8189806,Left,Down,-0.05595291,-0.4948959,TransSharp
228.1799,20.00082,0,-0.1011676,0.2737926,0,0.2343864,1748.236,1.620728,0.8195177,Left,Down,-0.05595291,-0.5043182,TransSharp
228.2199,20.00516,0,-0.1304644,0.2737926,0,0.2561956,1749.036,1.62098,0.8200546,Straight,Down,-0.02797646,-0.5137329,TransSharp
228.2599,20.00947,0,-0.1945531,0.2737926,0,0.2772842,1749.836,1.621141,0.8205906,Straight,Down,0,-0.5217209,TransSharp
228.2999,20.01371,0,-0.3035027,0.2737926,0,0.2978118,1750.637,1.62145,0.821126,Straight,Down,0,-0.5258942,TransSharp
228.3399,20.01793,0,-0.3868157,0.2737926,0,0.3176126,1751.437,1.621803,0.8216608,Straight,Down,0.01978234,-0.5300598,TransSharp
228.3799,20.02205,0,-0.4774547,0.2737926,0,0.3364316,1752.238,1.622238,0.8221951,Straight,Down,0,-0.5342331,TransSharp
228.4199,20.02615,0,-0.5113292,0.2737926,0,0.3547202,1753.039,1.622689,0.8227285,Straight,Down,0.01978234,-0.5384064,TransSharp
228.4599,20.03018,0,-0.5131602,0.2737926,0,0.3720109,1753.84,1.62306,0.8232616,Straight,Down,0,-0.5425797,TransSharp
228.4999,20.03418,0,-0.4939342,0.2737926,0,0.38852,1754.641,1.623403,0.8237938,Straight,Down,0,-0.5467453,TransSharp
228.5399,20.03815,0,-0.488441,0.2737926,0,0.4044961,1755.443,1.623689,0.8243253,Straight,Down,0,-0.5509186,TransSharp
228.5799,20.04207,0,-0.4820323,0.2737926,0,0.4195706,1756.245,1.624033,0.8248565,Straight,Down,0,-0.5550919,TransSharp
228.6199,20.04594,0,-0.4783702,0.2737926,0,0.43389,1757.046,1.624493,0.8253868,Straight,Down,0,-0.5592575,TransSharp
228.6599,20.04977,0,-0.4756236,0.2737926,0,0.4473501,1757.848,1.624924,0.8259166,Straight,Down,0,-0.5634308,TransSharp
228.6999,20.05356,0,-0.4545665,0.2737926,0,0.4600408,1758.651,1.625331,0.8264456,Straight,Down,0,-0.5676041,TransSharp
228.7399,20.0573,0,-0.439918,0.2737926,0,0.4714836,1759.453,1.625844,0.8269742,Straight,Down,0.01978234,-0.5717697,TransSharp
228.7799,20.06096,0,-0.4051262,0.2737926,0,0.4819225,1760.255,1.62634,0.827502,Straight,Down,0,-0.575943,TransSharp
228.8199,20.0647,0,-0.3675896,0.2737926,0,0.4913893,1761.058,1.626723,0.8280291,Straight,Down,0,-0.5801086,TransSharp
228.8599,20.06849,0,-0.297094,0.2737926,0,0.4997233,1761.86,1.627212,0.8285558,Straight,Down,0,-0.5842819,TransSharp
228.8999,20.07225,0,-0.2037084,0.2737926,0,0.507117,1762.663,1.627969,0.8290817,Straight,Down,0,-0.5884552,TransSharp
228.9399,20.0759,0,-0.1377887,0.2737926,0,0.5133985,1763.466,1.628725,0.829607,Straight,Down,0.01978234,-0.5926208,TransSharp
228.9799,20.0798,0,-0.04623413,0.2737926,0,0.5184234,1764.269,1.629198,0.8301316,Straight,Down,0,-0.5967865,TransSharp
229.0199,20.0838,0,0.03250122,0.2737926,0,0.5225894,1765.073,1.629679,0.8306556,Straight,Down,0,-0.6009521,TransSharp
229.0599,20.0878,0,0.1286352,0.2737926,0,0.5258679,1765.876,1.630144,0.831179,Straight,Down,0,-0.6051178,TransSharp
229.0999,20.09177,0,0.2201879,0.2737926,0,0.5281929,1766.68,1.630701,0.8317018,Straight,Down,0,-0.6092911,TransSharp
229.1399,20.09594,0,0.2906835,0.2737926,0,0.5296214,1767.484,1.631225,0.8322238,Straight,Down,0,-0.6134567,TransSharp
229.1799,20.10014,0,0.3804088,0.2737926,0,0.5302885,1768.288,1.631752,0.8327451,Straight,Down,0,-0.6176224,TransSharp
229.2199,20.10441,0,0.4344249,0.2737926,0,0.5304067,1769.092,1.632202,0.833266,Straight,Down,0,-0.621788,TransSharp
229.2599,20.10862,0,0.4975963,0.2737926,0,0.5294702,1769.896,1.632785,0.833786,Straight,Down,0,-0.6259537,TransSharp
229.2999,20.11279,0,0.5168223,0.2737926,0,0.521154,1770.701,1.632958,0.8343056,Straight,Down,0,-0.630127,TransSharp
229.3399,20.117,0,0.5168223,0.2737926,0,0.5125751,1771.505,1.633281,0.8348243,Straight,Down,0,-0.6342926,TransSharp
229.3799,20.1213,0,0.5168223,0.2737926,0,0.5039773,1772.31,1.63377,0.8353426,Straight,Down,0,-0.6384659,TransSharp
229.4199,20.12537,0,0.5168223,0.2737926,0,0.4952613,1773.115,1.634256,0.83586,Straight,Down,0,-0.6426392,TransSharp
229.4599,20.12948,0,0.5168223,0.2737926,0,0.4867003,1773.92,1.634741,0.836377,Straight,Down,0,-0.6468124,TransSharp
229.4999,20.13354,0,0.5122447,0.2737926,0,0.4783787,1774.726,1.635221,0.836893,Straight,Down,0,-0.6509857,TransSharp
229.5399,20.13743,0,0.5104136,0.2737926,0,0.4704224,1775.531,1.635446,0.8374085,Straight,Down,0.03426402,-0.655159,TransSharp
229.5799,20.14156,0,0.5104136,0.2737926,0,0.4628543,1776.337,1.635989,0.8379235,Right,Down,0.06255726,-0.6579666,TransSharp
229.6199,20.14604,0,0.5159068,0.297612,0,0.455571,1777.142,1.63726,0.8384376,Right,Down,0.06255726,-0.6582794,TransSharp
229.6599,20.15591,0,0.5342174,0.297612,0,0.4488538,1777.949,1.638405,0.8389513,Right,Down,0.06255726,-0.6585846,TransSharp
229.6999,20.16547,0,0.5644298,0.297612,0,0.4431733,1778.755,1.639705,0.8394641,Right,Down,0.06255726,-0.6588898,TransSharp
229.7399,20.17396,0,0.5955613,0.297612,0,0.4308282,1779.562,1.639535,0.8399765,Right,Down,0.06255726,-0.6592026,TransSharp
229.7799,20.18297,0,0.6422532,0.297612,0,0.4185807,1780.369,1.63926,0.840488,Right,Down,0.06255726,-0.6595154,TransSharp
229.8199,20.19246,0,0.6596482,0.297612,0,0.4075227,1781.177,1.638914,0.8409988,Right,Down,0.06255726,-0.6598206,TransSharp
229.8599,20.20087,0,0.6651413,0.3015793,0,0.3978184,1781.985,1.639089,0.8415091,Right,Down,0.06255726,-0.6601257,TransSharp
229.8999,20.20959,0,0.6605637,0.3055466,0,0.3897029,1782.793,1.639334,0.8420187,Right,Down,0.05934703,-0.6604385,TransSharp
229.9399,20.21939,0,0.6495774,0.3055466,0,0.3832409,1783.602,1.639531,0.8425277,Right,Down,0.05934703,-0.6607437,TransSharp
229.9799,20.23024,0,0.6248581,0.3055466,0,0.3779595,1784.411,1.641158,0.8430359,Right,Down,0.0656106,-0.6610413,TransSharp
230.0199,20.24138,0,0.6056321,0.3055466,0,0.3741851,1785.22,1.64318,0.8435435,Right,Down,0.08622923,-0.6613541,TransSharp
230.0599,20.25015,0,0.5827403,0.3055466,0,0.3670343,1786.03,1.643734,0.8440503,Right,Down,0.08622923,-0.659996,TransSharp
230.0999,20.2596,0,0.5662608,0.3055466,0,0.3584601,1786.841,1.643375,0.8445567,Right,Down,0.08622923,-0.658638,TransSharp
230.1399,20.26967,0,0.5653453,0.3055466,0,0.3512396,1787.651,1.642928,0.8450621,Right,Down,0.08622923,-0.65728,TransSharp
230.1799,20.27936,0,0.5653453,0.3055466,0,0.3458535,1788.463,1.642713,0.845567,Right,Down,0.08622923,-0.6559219,TransSharp
230.2199,20.28854,0,0.5653453,0.3055466,0,0.3425204,1789.274,1.642261,0.8460714,Right,Down,0.08622923,-0.6545563,TransSharp
230.2599,20.29917,0,0.5598521,0.3055466,0,0.3407944,1790.086,1.644058,0.8465748,Right,Down,0.08622923,-0.6531982,TransSharp
230.2999,20.30906,0,0.5534434,0.3055466,0,0.3408115,1790.898,1.646578,0.8470777,Right,Down,0.08622923,-0.6518326,TransSharp
230.3399,20.31725,0,0.540626,0.3055466,0,0.3350841,1791.711,1.646391,0.8475798,Right,Down,0.1008706,-0.6504593,TransSharp
230.3799,20.32629,0,0.5168223,0.3055466,0,0.3310428,1792.524,1.64589,0.8480815,Right,Down,0.1065312,-0.6481857,TransSharp
230.4199,20.33713,0,0.4985118,0.3055466,0,0.3289499,1793.337,1.64537,0.8485823,Right,Down,0.1083524,-0.6454849,TransSharp
230.4599,20.34535,0,0.4774547,0.3055466,0,0.3290991,1794.151,1.644551,0.8490823,Right,Down,0.1065312,-0.6427689,TransSharp
230.4999,20.35704,0,0.4582286,0.3055466,0,0.3308549,1794.965,1.646631,0.8495819,Right,Down,0.1065312,-0.6400528,TransSharp
230.5399,20.36524,0,0.4463267,0.3055466,0,0.3322249,1795.779,1.648729,0.8500806,Right,Down,0.1083524,-0.6373367,TransSharp
230.5799,20.37303,0,0.4444957,0.3055466,0,0.3301242,1796.594,1.648603,0.8505788,Right,Down,0.1101434,-0.634613,TransSharp
230.6199,20.38184,0,0.4444957,0.3055466,0,0.3297294,1797.409,1.648021,0.8510762,Right,Down,0.1251145,-0.6318817,TransSharp
230.6599,20.39119,0,0.4518199,0.3055466,0,0.3314907,1798.225,1.646825,0.8515731,Right,Down,0.1251145,-0.6279678,TransSharp
230.6999,20.40276,0,0.4646373,0.3055466,0,0.3348493,1799.041,1.648412,0.852069,Right,Down,0.1266688,-0.624054,TransSharp
230.7399,20.41064,0,0.4811168,0.3055466,0,0.3378635,1799.857,1.650753,0.8525645,Right,Down,0.1251145,-0.6201401,TransSharp
230.7799,20.41803,0,0.4994273,0.3055466,0,0.3370984,1800.674,1.65066,0.8530591,Right,Down,0.1251145,-0.6162109,TransSharp
230.8199,20.42566,0,0.5159068,0.3055466,0,0.3385458,1801.491,1.649865,0.8535531,Right,Down,0.132704,-0.6122818,TransSharp
230.8599,20.43579,0,0.5351329,0.3055466,0,0.3419358,1802.308,1.648664,0.8540465,Right,Down,0.1426525,-0.6080627,TransSharp
230.8999,20.44659,0,0.5470347,0.3055466,0,0.3469743,1803.126,1.651683,0.854539,Right,Down,0.1426525,-0.6030197,TransSharp
230.9399,20.4537,0,0.5534434,0.3055466,0,0.3478201,1803.944,1.652531,0.855031,Right,Down,0.1426525,-0.5979767,TransSharp
230.9799,20.4607,0,0.5708385,0.3055466,0,0.349025,1804.762,1.652398,0.8555222,Right,Down,0.1426525,-0.592926,TransSharp
231.0199,20.46893,0,0.5937302,0.3055466,0,0.3523069,1805.581,1.650729,0.8560128,Right,Down,0.1493534,-0.5878677,TransSharp
231.0599,20.48068,0,0.6468308,0.3055466,0,0.3571816,1806.4,1.653365,0.8565025,Right,Down,0.1594904,-0.5825272,TransSharp
231.0999,20.48721,0,0.7118332,0.3055466,0,0.3584822,1807.22,1.654438,0.8569918,Right,Down,0.1594904,-0.5764084,TransSharp
231.1399,20.49295,0,0.7731736,0.3055466,0,0.3597843,1808.04,1.654005,0.8574802,Right,Down,0.1594904,-0.570282,TransSharp
231.1799,20.50016,0,0.8482504,0.3055466,0,0.3635075,1808.859,1.652108,0.8579679,Right,Down,0.1594904,-0.5641556,TransSharp
231.2199,20.51072,0,0.885787,0.3055466,0,0.3690962,1809.68,1.655949,0.8584551,Right,Down,0.1735894,-0.5580063,TransSharp
231.2599,20.51704,0,0.9150839,0.3055466,0,0.3693202,1810.5,1.655906,0.8589414,Right,Down,0.1769387,-0.5511093,TransSharp
231.2999,20.52111,0,0.9214926,0.3055466,0,0.3723289,1811.321,1.654799,0.8594272,Right,Down,0.1769387,-0.5439301,TransSharp
231.3399,20.53503,0,0.9214926,0.3055466,0,0.3772206,1812.142,1.655465,0.859912,Right,Down,0.1769387,-0.5367508,TransSharp
231.3799,20.53913,0,0.9214926,0.3055466,0,0.3801895,1812.964,1.657433,0.8603963,Right,Down,0.1887116,-0.5295563,TransSharp
231.4199,20.54359,0,0.9214926,0.3055466,0,0.381931,1813.786,1.656852,0.8608798,Right,Down,0.191797,-0.5216827,TransSharp
231.4599,20.55199,0,0.9279013,0.3055466,0,0.3863806,1814.608,1.656068,0.8613626,Right,Down,0.1928145,-0.5134735,TransSharp
231.4999,20.55875,0,0.9379721,0.3055466,0,0.3903998,1815.43,1.658896,0.8618448,Right,Down,0.1958353,-0.5052567,TransSharp
231.5399,20.56316,0,0.9443808,0.3055466,0,0.3918337,1816.252,1.658206,0.8623262,Right,Down,0.2093567,-0.4970398,TransSharp
231.5799,20.57047,0,0.9571981,0.3055466,0,0.3964635,1817.075,1.657533,0.862807,Right,Down,0.2093567,-0.4878387,TransSharp
231.6199,20.57724,0,0.9663534,0.3055466,0,0.4007241,1817.898,1.660126,0.863287,Right,Down,0.20842,-0.4785995,TransSharp
231.6599,20.58002,0,0.9736776,0.3055466,0,0.4028445,1818.721,1.659183,0.8637664,Right,Down,0.2193969,-0.4693756,TransSharp
231.6999,20.58714,0,0.9782553,0.3055466,0,0.4084986,1819.545,1.659626,0.864245,Right,Down,0.2246844,-0.4595566,TransSharp
231.7399,20.5931,0,0.9782553,0.3055466,0,0.412352,1820.368,1.66112,0.864723,Right,Down,0.2246844,-0.4493256,TransSharp
231.7799,20.59482,0,0.9782553,0.3055466,0,0.4160915,1821.192,1.659417,0.8652001,Right,Down,0.2332305,-0.4391022,TransSharp
231.8199,20.60087,0,0.9782553,0.3055466,0,0.4234283,1822.016,1.66247,0.8656765,Right,Down,0.2406627,-0.4284058,TransSharp
231.8599,20.60559,0,0.9782553,0.3055466,0,0.4259644,1822.84,1.661597,0.8661523,Right,Down,0.2406627,-0.4171753,TransSharp
231.8999,20.61372,0,0.984664,0.3055466,0,0.431562,1823.665,1.661054,0.8666273,Right,Down,0.25101,-0.4059525,TransSharp
231.9399,20.61833,0,0.9929037,0.3055466,0,0.4367171,1824.489,1.663467,0.8671018,Right,Down,0.2571706,-0.3941956,TransSharp
231.9799,20.61903,0,1.009383,0.3055466,0,0.4408285,1825.314,1.661465,0.8675753,Right,Down,0.2571706,-0.381958,TransSharp
232.0199,20.62183,0,1.015792,0.3055466,0,0.4479429,1826.139,1.665054,0.8680484,Right,Down,0.2697954,-0.3697128,TransSharp
232.0599,20.62476,0,1.021285,0.3055466,0,0.4508111,1826.964,1.662833,0.8685204,Right,Down,0.2741124,-0.3567276,TransSharp
232.0999,20.63192,0,1.021285,0.3055466,0,0.4576779,1827.789,1.665368,0.8689919,Right,Down,0.2790645,-0.343483,TransSharp
232.1399,20.63478,0,1.021285,0.3055466,0,0.4610427,1828.615,1.664322,0.8694627,Right,Down,0.2900664,-0.3300476,TransSharp
232.1799,20.6408,0,1.025863,0.3055466,0,0.4665915,1829.44,1.665347,0.8699327,Right,Down,0.2907402,-0.3157959,TransSharp
232.2199,20.64053,0,1.031356,0.3055466,0,0.4706595,1830.266,1.665382,0.8704021,Right,Down,0.302612,-0.3015289,TransSharp
232.2599,20.64666,0,1.037765,0.3055466,0,0.4754249,1831.091,1.665991,0.8708706,Right,Down,0.3071049,-0.2865601,TransSharp
232.2999,20.64351,0,1.044173,0.3055466,0,0.478708,1831.917,1.665797,0.8713385,Right,Down,0.315279,-0.2712784,TransSharp
232.3399,20.65137,0,1.054244,0.3055466,0,0.4830801,1832.743,1.667366,0.8718055,Right,Down,0.3238513,-0.2555923,TransSharp
232.3799,20.64812,0,1.072558,0.3055466,0,0.4854307,1833.569,1.666014,0.8722721,Right,Down,0.329838,-0.239296,TransSharp
232.4199,20.65486,0,1.085376,0.3055466,0,0.4894429,1834.396,1.669567,0.8727377,Right,Down,0.3403488,-0.2227859,TransSharp
232.4599,20.65542,0,1.098193,0.3055466,0,0.4896994,1835.222,1.665911,0.8732026,Right,Down,0.3443497,-0.2054596,TransSharp
232.4999,20.65982,0,1.098193,0.3055466,0,0.4917923,1836.048,1.668844,0.8736669,Right,Down,0.3577275,-0.1880569,TransSharp
232.5399,20.66362,0,1.098193,0.3055466,0,0.4912712,1836.875,1.668832,0.8741304,Right,Down,0.3620769,-0.1697235,TransSharp
232.5799,20.66484,0,1.098193,0.3055466,0,0.4901333,1837.701,1.670576,0.8745933,Right,Down,0.3743001,-0.1512604,TransSharp
232.6199,20.6663,0,1.098193,0.3055466,0,0.4886905,1838.528,1.672461,0.8750552,Right,Flat,0.3810355,-0.1319046,TransSharp
232.6599,20.6713,0,1.098193,0.3055466,0,0.4852606,1839.355,1.672129,0.8755167,Right,Flat,0.3911712,-0.1122589,TransSharp
232.6999,20.67048,0,1.098193,0.3055466,0,0.4828027,1840.182,1.672463,0.8759771,Right,Flat,0.4015385,-0.09187317,TransSharp
232.7399,20.67866,0,1.096362,0.3055466,0,0.4780191,1841.009,1.672167,0.8764371,Right,Flat,0.4087828,-0.07095337,TransSharp
232.7799,20.67564,0,1.090869,0.3055466,0,0.4750588,1841.835,1.671901,0.8768961,Right,Flat,0.4228991,-0.0495224,TransSharp
232.8199,20.68221,0,1.090869,0.3055466,0,0.4693209,1842.663,1.671937,0.8773544,Right,Flat,0.4182466,-0.02731323,TransSharp
232.8599,20.67949,0,1.090869,0.3055466,0,0.4661905,1843.49,1.671904,0.8778122,Right,Flat,0.392669,-0.00478363,TransSharp
232.8999,20.68504,0,1.090869,0.3055466,0,0.4606003,1844.317,1.672152,0.878269,Right,Flat,0.3881583,0.01822662,TransSharp
232.9399,20.68272,0,1.086291,0.3055466,0,0.4572924,1845.145,1.672337,0.8787253,Right,Flat,0.3794918,0.0411377,TransSharp
232.9799,20.68729,0,1.075305,0.3055466,0,0.4516642,1845.972,1.672456,0.8791807,Right,Flat,0.3769049,0.06369019,TransSharp
233.0199,20.68522,0,1.067065,0.3055466,0,0.4481967,1846.799,1.673473,0.8796355,Right,Flat,0.3732531,0.08609009,TransSharp
233.0599,20.68907,0,1.056079,0.3055466,0,0.4431849,1847.627,1.673047,0.8800893,Right,Flat,0.3695653,0.1081314,TransSharp
233.0999,20.68741,0,1.045089,0.3055466,0,0.4395047,1848.454,1.674738,0.8805425,Right,Flat,0.3663747,0.1299667,TransSharp
233.1399,20.69133,0,1.039596,0.3055466,0,0.435117,1849.282,1.673488,0.880995,Right,Up,0.3626169,0.1514664,TransSharp
233.1799,20.68917,0,1.037765,0.3055466,0,0.4311296,1850.11,1.676108,0.8814467,Right,Up,0.3588198,0.1727524,TransSharp
233.2199,20.69342,0,1.033187,0.3055466,0,0.4280511,1850.937,1.674088,0.8818977,Right,Up,0.3555328,0.1936874,TransSharp
233.2599,20.69273,0,1.033187,0.3055466,0,0.4234589,1851.765,1.676464,0.8823479,Right,Up,0.3522151,0.2143784,TransSharp
233.2999,20.69359,0,1.026778,0.3055466,0,0.4222082,1852.593,1.67447,0.8827975,Right,Up,0.3483046,0.234726,TransSharp
233.3399,20.69405,0,1.02037,0.3055466,0,0.4172898,1853.42,1.676747,0.8832462,Right,Up,0.3443497,0.254837,TransSharp
233.3799,20.69191,0,1.009383,0.3055466,0,0.4164495,1854.248,1.675852,0.8836943,Right,Up,0.3409232,0.2745667,TransSharp
233.4199,20.69247,0,0.9983969,0.3055466,0,0.4124485,1855.076,1.676895,0.8841415,Right,Up,0.3357179,0.2940826,TransSharp
233.4599,20.69083,0,0.9929037,0.3055466,0,0.4116171,1855.903,1.677963,0.8845879,Right,Up,0.3333784,0.3131638,TransSharp
233.4999,20.6911,0,0.9919882,0.3055466,0,0.4101243,1856.731,1.676957,0.8850338,Right,Up,0.3274564,0.3321075,TransSharp
233.5399,20.69216,0,0.9919882,0.3055466,0,0.4086796,1857.559,1.679192,0.8854787,Right,Up,0.3262592,0.3504944,TransSharp
233.5799,20.69285,0,0.9910727,0.3055466,0,0.4101444,1858.386,1.677419,0.8859231,Right,Up,0.3189811,0.3688507,TransSharp
233.6199,20.69273,0,0.9736776,0.3055466,0,0.408236,1859.214,1.678936,0.8863665,Right,Up,0.3183671,0.3865662,TransSharp
233.6599,20.69087,0,0.9553671,0.3055466,0,0.4102572,1860.042,1.679539,0.8868093,Right,Up,0.3109043,0.4042053,TransSharp
233.6999,20.68936,0,0.9196615,0.3055466,0,0.411564,1860.869,1.678758,0.8872513,Right,Up,0.3083766,0.4213409,TransSharp
233.7399,20.69147,0,0.8912802,0.3055466,0,0.4127705,1861.697,1.680755,0.8876924,Right,Up,0.3032579,0.4382401,TransSharp
233.7799,20.68972,0,0.8482504,0.3055466,0,0.4175238,1862.524,1.679486,0.888133,Right,Up,0.2987072,0.454834,TransSharp
233.8199,20.68875,0,0.7978928,0.3055466,0,0.4187059,1863.352,1.680224,0.8885726,Right,Up,0.2967354,0.4709396,TransSharp
233.8599,20.68814,0,0.7713425,0.3055466,0,0.4223621,1864.18,1.682358,0.8890117,Right,Up,0.2880355,0.4870453,TransSharp
233.8999,20.68548,0,0.7365525,0.3055466,0,0.4285373,1865.007,1.680497,0.8894499,Right,Up,0.2873554,0.502327,TransSharp
233.9399,20.68682,0,0.7145798,0.3055466,0,0.4312447,1865.834,1.681779,0.8898874,Right,Up,0.2818553,0.5175858,TransSharp
233.9799,20.68619,0,0.6944382,0.3055466,0,0.4373351,1866.662,1.683305,0.890324,Right,Up,0.2762456,0.5324936,TransSharp
234.0199,20.68373,0,0.6642258,0.3055466,0,0.4446993,1867.489,1.681722,0.8907601,Right,Up,0.2762456,0.5468521,TransSharp
234.0599,20.68495,0,0.6413376,0.3055466,0,0.4495504,1868.317,1.6828,0.8911952,Right,Up,0.2668786,0.5612106,TransSharp
234.0999,20.68464,0,0.5818248,0.3055466,0,0.4575403,1869.144,1.684418,0.8916295,Right,Up,0.2646699,0.5748901,TransSharp
234.1399,20.68216,0,0.5296397,0.3055466,0,0.4670448,1869.971,1.682913,0.8920632,Right,Up,0.261696,0.5883179,TransSharp
234.1799,20.68292,0,0.4637218,0.3055466,0,0.4733789,1870.799,1.683853,0.892496,Right,Up,0.2517883,0.6017151,TransSharp
234.2199,20.68482,0,0.405128,0.3055466,0,0.482103,1871.626,1.686165,0.8929282,Right,Up,0.25101,0.6141815,TransSharp
234.2599,20.6811,0,0.3630137,0.3055466,0,0.494156,1872.453,1.684281,0.8933595,Right,Up,0.2470816,0.6266174,TransSharp
234.2999,20.68182,0,0.3080785,0.3055466,0,0.5007721,1873.281,1.68501,0.8937901,Right,Up,0.2382111,0.6389389,TransSharp
234.3399,20.68452,0,0.2659643,0.3055466,0,0.5089333,1874.108,1.686382,0.8942199,Right,Up,0.2373883,0.6503525,TransSharp
234.3799,20.67988,0,0.2137792,0.3055466,0,0.5200797,1874.935,1.687019,0.894649,Right,Up,0.2349025,0.6617432,TransSharp
234.4199,20.68106,0,0.171665,0.3055466,0,0.5307662,1875.762,1.68592,0.8950773,Right,Up,0.2220564,0.6730881,TransSharp
234.4599,20.68199,0,0.1515234,0.3055466,0,0.5380293,1876.59,1.686425,0.8955047,Right,Up,0.2220564,0.6833801,TransSharp
234.4999,20.68423,0,0.123142,0.3055466,0,0.5468988,1877.417,1.688415,0.8959315,Right,Up,0.2220564,0.6936417,TransSharp
234.5399,20.68073,0,0.1121521,0.3055466,0,0.5583931,1878.244,1.688288,0.8963574,Right,Up,0.2093567,0.7039032,TransSharp
234.5799,20.6817,0,0.1121521,0.3055466,0,0.5680618,1879.072,1.687626,0.8967827,Right,Up,0.2055842,0.7133102,TransSharp
234.6199,20.68306,0,0.123142,0.3055466,0,0.5746822,1879.899,1.688289,0.897207,Right,Up,0.2055842,0.7223358,TransSharp
234.6599,20.68441,0,0.1295507,0.3055466,0,0.5826606,1880.726,1.689782,0.8976308,Right,Up,0.2017412,0.7313614,TransSharp
234.6999,20.68282,0,0.1295507,0.3055466,0,0.5927085,1881.554,1.690586,0.8980535,Right,Up,0.1876719,0.7403259,TransSharp
234.7399,20.68217,0,0.1112366,0.3055466,0,0.6045561,1882.381,1.689024,0.8984756,Right,Up,0.1876719,0.7480011,TransSharp
234.7799,20.68292,0,0.08010864,0.3055466,0,0.608979,1883.208,1.689553,0.898897,Right,Up,0.1866263,0.755661,TransSharp
234.8199,20.68419,0,0.06271362,0.3055466,0,0.6140583,1884.036,1.690583,0.8993174,Right,Up,0.1823843,0.7633133,TransSharp
234.8599,20.68361,0,0.05813599,0.3055466,0,0.6204644,1884.863,1.691973,0.8997373,Right,Up,0.165511,0.7708969,TransSharp
234.8999,20.68363,0,0.05813599,0.3055466,0,0.6281053,1885.691,1.692766,0.9001562,Right,Up,0.165511,0.7770233,TransSharp
234.9399,20.68255,0,0.05813599,0.3055466,0,0.6369871,1886.518,1.6916,0.9005745,Right,Up,0.165511,0.7831421,TransSharp
234.9799,20.68314,0,0.05813599,0.3055466,0,0.641073,1887.345,1.691324,0.9009919,Right,Up,0.166689,0.7892532,TransSharp
235.0199,20.68423,0,0.05813599,0.3055466,0,0.6422841,1888.173,1.692107,0.9014086,Right,Up,0.1519511,0.7953491,TransSharp
235.0599,20.68382,0,0.05813599,0.3055466,0,0.6448175,1889,1.693094,0.9018244,Right,Up,0.1398823,0.800621,TransSharp
235.0999,20.6836,0,0.05813599,0.3055466,0,0.6481444,1889.828,1.693811,0.9022394,Right,Up,0.1412742,0.8048935,TransSharp
235.1399,20.68394,0,0.06546021,0.3055466,0,0.6520799,1890.655,1.694818,0.9026537,Right,Up,0.1412742,0.8091583,TransSharp
235.1799,20.68357,0,0.06546021,0.3055466,0,0.6570394,1891.482,1.694566,0.9030672,Right,Up,0.1412742,0.8134232,TransSharp
235.2199,20.68247,0,0.06546021,0.3055466,0,0.6627706,1892.31,1.693843,0.9034799,Right,Up,0.1356209,0.817688,TransSharp
235.2599,20.68347,0,0.06546021,0.3055466,0,0.6642793,1893.137,1.693534,0.9038918,Right,Up,0.1083524,0.8219376,TransSharp
235.2999,20.68378,0,0.06546021,0.3055466,0,0.660995,1893.964,1.694396,0.904303,Right,Up,0.1065312,0.8238831,TransSharp
235.3399,20.68366,0,0.06546021,0.3055466,0,0.658591,1894.792,1.695497,0.9047133,Right,Up,0.1065312,0.8257217,TransSharp
235.3799,20.68312,0,0.06546021,0.3055466,0,0.6566686,1895.619,1.69625,0.9051228,Right,Up,0.1083524,0.8275681,TransSharp
235.4199,20.68333,0,0.06546021,0.3055466,0,0.6554226,1896.447,1.696844,0.9055316,Right,Up,0.1065312,0.8294067,TransSharp
235.4599,20.68358,0,0.05813599,0.3055466,0,0.6547365,1897.274,1.697168,0.9059396,Right,Up,0.1083524,0.8312531,TransSharp
235.4999,20.68386,0,0.05813599,0.3055466,0,0.6543758,1898.101,1.697495,0.9063469,Right,Up,0.1065312,0.8330841,TransSharp
235.5399,20.68409,0,0.05264282,0.3055466,0,0.6545044,1898.929,1.697877,0.9067532,Straight,Up,0.03956468,0.8349152,TransSharp
235.5799,20.68428,0,0.02334595,0.3055466,0,0.6549786,1899.756,1.698169,0.9071589,Straight,Up,0,0.8325348,TransSharp
235.6199,20.68452,0,-0.02151489,0.3055466,0,0.655745,1900.584,1.698306,0.9075636,Straight,Up,0,0.8268967,TransSharp
235.6599,20.68474,0,-0.06454647,0.3055466,0,0.656979,1901.411,1.698565,0.9079677,Straight,Up,0,0.8212509,TransSharp
235.6999,20.68497,0,-0.1194781,0.3055466,0,0.6586496,1902.238,1.698789,0.9083709,Straight,Up,0,0.8156128,TransSharp
235.7399,20.68517,0,-0.1707476,0.3055466,0,0.6604081,1903.066,1.699132,0.9087732,Straight,Up,0,0.809967,TransSharp
235.7799,20.68537,0,-0.2449071,0.3055466,0,0.6620585,1903.893,1.699368,0.909175,Straight,Up,0,0.8043289,TransSharp
235.8199,20.68556,0,-0.3163201,0.3055466,0,0.6637125,1904.721,1.69956,0.9095757,Straight,Up,0,0.7986832,TransSharp
235.8599,20.68577,0,-0.3620964,0.3055466,0,0.6652459,1905.548,1.699834,0.9099758,Straight,Up,0,0.793045,TransSharp
235.8999,20.68595,0,-0.4005486,0.3055466,0,0.666342,1906.375,1.700102,0.910375,Straight,Up,0,0.7873993,TransSharp
235.9399,20.68615,0,-0.4170299,0.3055466,0,0.6672757,1907.203,1.70051,0.9107735,Straight,Up,0,0.7817612,TransSharp
235.9799,20.68616,0,-0.4362559,0.3055466,0,0.6676832,1908.03,1.70096,0.9111711,Straight,Up,0,0.7761154,TransSharp
236.0199,20.68618,0,-0.4829478,0.3055466,0,0.667789,1908.858,1.701088,0.911568,Straight,Up,0,0.7704773,TransSharp
236.0599,20.6863,0,-0.5296415,0.3055466,0,0.6677115,1909.685,1.701148,0.9119639,Straight,Up,0,0.7648315,TransSharp
236.0999,20.68607,0,-0.5955595,0.3055466,0,0.6673291,1910.512,1.701317,0.9123591,Straight,Up,0,0.7591858,TransSharp
236.1399,20.68579,0,-0.6477463,0.3055466,0,0.6661211,1911.34,1.701622,0.9127536,Straight,Up,0,0.7535477,TransSharp
236.1799,20.68544,0,-0.7081711,0.3055466,0,0.6642921,1912.167,1.701912,0.9131472,Straight,Up,0,0.7478943,TransSharp
236.2199,20.68506,0,-0.7631046,0.3055466,0,0.6618315,1912.995,1.702156,0.9135401,Straight,Up,0,0.7422485,TransSharp
236.2599,20.68446,0,-0.8024722,0.3055466,0,0.6581056,1913.822,1.702385,0.913932,Straight,Up,0,0.7365952,TransSharp
236.2999,20.68377,0,-0.8390933,0.3055466,0,0.6533921,1914.649,1.702803,0.9143233,Straight,Up,0,0.7309418,TransSharp
236.3399,20.68208,0,-0.8491641,0.3055466,0,0.6474307,1915.477,1.702311,0.9147136,Straight,Up,0,0.725296,TransSharp
236.3799,20.68313,0,-0.8500797,0.3055466,0,0.6463692,1916.304,1.704086,0.9151031,Straight,Up,0,0.7196426,TransSharp
236.4199,20.68342,0,-0.8509952,0.3055466,0,0.6449531,1917.131,1.705912,0.915492,Straight,Up,0,0.7139893,TransSharp
236.4599,20.68214,0,-0.8574039,0.3055466,0,0.6417618,1917.959,1.707202,0.9158799,Straight,Up,0,0.7083359,TransSharp
236.4999,20.68292,0,-0.8619815,0.3055466,0,0.6362468,1918.786,1.708327,0.9162672,Straight,Up,0,0.7026749,TransSharp
236.5399,20.68255,0,-0.8619815,0.3055466,0,0.6291451,1919.614,1.707656,0.9166535,Straight,Up,0,0.6969986,TransSharp
236.5799,20.68106,0,-0.8555728,0.3055466,0,0.6199952,1920.441,1.70547,0.917039,Straight,Up,0,0.6913223,TransSharp
236.6199,20.68293,0,-0.845502,0.3055466,0,0.6149982,1921.268,1.70587,0.9174237,Straight,Up,0.01978234,0.6856537,TransSharp
236.6599,20.6834,0,-0.8336002,0.3055466,0,0.6090864,1922.096,1.707057,0.9178076,Straight,Up,-0.01978234,0.6799774,TransSharp
236.6999,20.68262,0,-0.8043033,0.3055466,0,0.6007694,1922.923,1.709058,0.9181907,Left,Up,-0.1101434,0.6742935,TransSharp
236.7399,20.68013,0,-0.777753,0.3055466,0,0.5904324,1923.75,1.708157,0.9185729,Left,Up,-0.1101434,0.6602097,TransSharp
236.7799,20.68122,0,-0.7255661,0.3055466,0,0.5801558,1924.577,1.706538,0.9189544,Left,Up,-0.1101434,0.6460876,TransSharp
236.8199,20.68355,0,-0.67155,0.309514,0,0.5729008,1925.405,1.707701,0.919335,Left,Up,-0.1101434,0.6319733,TransSharp
236.8599,20.68593,0,-0.631265,0.309514,0,0.5623022,1926.232,1.710128,0.9197149,Left,Up,-0.1101434,0.617836,TransSharp
236.8999,20.6823,0,-0.6056303,0.309514,0,0.5499792,1927.059,1.708751,0.9200938,Left,Up,-0.1101434,0.6036835,TransSharp
236.9399,20.68613,0,-0.6001371,0.309514,0,0.5404729,1927.887,1.708491,0.9204721,Left,Up,-0.1440177,0.5895233,TransSharp
236.9799,20.69091,0,-0.5909818,0.309514,0,0.5301936,1928.714,1.710208,0.9208494,Left,Up,-0.1519511,0.572937,TransSharp
237.0199,20.68925,0,-0.5772489,0.309514,0,0.5177764,1929.542,1.710576,0.9212259,Left,Up,-0.1519511,0.5556183,TransSharp
237.0599,20.69211,0,-0.561685,0.309514,0,0.5068958,1930.37,1.709494,0.9216017,Left,Up,-0.1519511,0.5382843,TransSharp
237.0999,20.69749,0,-0.5415434,0.309514,0,0.4971822,1931.198,1.711436,0.9219765,Left,Up,-0.1619255,0.5209274,TransSharp
237.1399,20.69779,0,-0.523231,0.309514,0,0.4849328,1932.026,1.711303,0.9223506,Left,Up,-0.1866263,0.5032654,TransSharp
237.1799,20.70022,0,-0.4875255,0.309514,0,0.4757743,1932.854,1.71101,0.9227239,Left,Up,-0.1866263,0.4832764,TransSharp
237.2199,20.70574,0,-0.439918,0.309514,0,0.466605,1933.682,1.71343,0.9230964,Left,Up,-0.1866263,0.4632568,TransSharp
237.2599,20.70786,0,-0.3987175,0.309514,0,0.4557783,1934.51,1.710964,0.9234679,Left,Up,-0.2007689,0.4432449,TransSharp
237.2999,20.71341,0,-0.3263909,0.309514,0,0.4502481,1935.338,1.713592,0.9238388,Left,Up,-0.2176059,0.4223557,TransSharp
237.3399,20.71539,0,-0.2677953,0.309514,0,0.4422295,1936.167,1.712628,0.9242087,Left,Up,-0.2167048,0.3999634,TransSharp
237.3799,20.72088,0,-0.1799047,0.309514,0,0.4384241,1936.996,1.713942,0.9245777,Left,Up,-0.2246844,0.3775787,TransSharp
237.4199,20.72455,0,-0.09475887,0.309514,0,0.4344417,1937.825,1.714938,0.9249461,Left,Up,-0.2446942,0.3549194,TransSharp
237.4599,20.72941,0,-0.04623413,0.309514,0,0.4332674,1938.654,1.714009,0.9253136,Left,Up,-0.2454926,0.3303146,TransSharp
237.4999,20.73219,0,-0.0050354,0.309514,0,0.4341694,1939.483,1.712922,0.9256802,Left,Up,-0.254109,0.3056793,TransSharp
237.5399,20.74256,0,0.02151489,0.309514,0,0.4336491,1940.313,1.714266,0.926046,Left,Up,-0.2719625,0.2807236,TransSharp
237.5799,20.74891,0,0.0453186,0.309514,0,0.4327173,1941.143,1.716898,0.926411,Left,Up,-0.2719625,0.2540741,TransSharp
237.6199,20.75562,0,0.0819397,0.309514,0,0.4301723,1941.973,1.719026,0.9267752,Left,Up,-0.2880355,0.2273865,TransSharp
237.6599,20.76218,0,0.1185644,0.309514,0,0.4259973,1942.803,1.719736,0.9271386,Left,Up,-0.2967354,0.1996078,TransSharp
237.6999,20.77086,0,0.1771581,0.309514,0,0.4205826,1943.634,1.71959,0.927501,Left,Up,-0.3051875,0.1709442,TransSharp
237.7399,20.7793,0,0.2192724,0.309514,0,0.413942,1944.465,1.719129,0.9278625,Left,Flat,-0.3202056,0.1418991,TransSharp
237.7799,20.78782,0,0.2384984,0.309514,0,0.405775,1945.296,1.719146,0.9282235,Left,Flat,-0.324455,0.1113663,TransSharp
237.8199,20.79586,0,0.2439916,0.309514,0,0.3965336,1946.128,1.718547,0.9285834,Left,Flat,-0.3432113,0.08080292,TransSharp
237.8599,20.80276,0,0.2439916,0.309514,0,0.3868107,1946.96,1.717053,0.9289426,Left,Flat,-0.2914124,0.04849243,TransSharp
237.8999,20.80663,0,0.2439916,0.309514,0,0.3761502,1947.792,1.715208,0.9293008,Right,Flat,0.05934703,0.01615906,TransSharp
237.9399,20.81667,0,0.2439916,0.309514,0,0.3627424,1948.625,1.714486,0.9296584,Right,Flat,0.06852804,-0.02803802,TransSharp
237.9799,20.82861,0,0.2439916,0.309514,0,0.3467473,1949.458,1.718813,0.930015,Right,Flat,0.06852804,-0.07286072,TransSharp
238.0199,20.83835,0,0.2494848,0.309514,0,0.3303892,1950.292,1.722741,0.9303707,Right,Flat,0.07132626,-0.117691,TransSharp
238.0599,20.8444,0,0.2595556,0.309514,0,0.3139765,1951.125,1.725067,0.9307258,Right,Down,0.06852804,-0.1626053,TransSharp
238.0999,20.85744,0,0.274204,0.309514,0,0.2972221,1951.959,1.725623,0.9310798,Right,Down,0.06852804,-0.2076035,TransSharp
238.1399,20.86954,0,0.2861059,0.309514,0,0.2802558,1952.794,1.725287,0.9314332,Right,Down,0.06852804,-0.252655,TransSharp
238.1799,20.88118,0,0.291599,0.309514,0,0.2632503,1953.629,1.724475,0.9317855,Right,Down,0.06852804,-0.2977371,TransSharp
238.2199,20.89256,0,0.291599,0.2856947,0,0.2463944,1954.464,1.72367,0.9321372,Right,Down,0.06852804,-0.3428497,TransSharp
238.2599,20.89861,0,0.291599,0.27776,0,0.2296144,1955.3,1.722955,0.932488,Right,Down,0.06852804,-0.3879776,TransSharp
238.2999,20.90304,0,0.291599,0.2737926,0,0.213285,1956.136,1.722515,0.9328379,Straight,Down,0.02797646,-0.4331131,TransSharp
238.3399,20.90611,0,0.291599,0.2261845,0,0.1970621,1956.973,1.722229,0.9331869,Straight,Down,0,-0.4589615,TransSharp
238.3799,20.90071,0,0.2806127,0.1825284,0,0.1810175,1957.809,1.722067,0.933535,Straight,Down,-0.01978234,-0.4712296,TransSharp
238.4199,20.88632,0,0.2668798,0.1349203,0,0.1657194,1958.644,1.722222,0.9338825,Straight,Down,0,-0.4834976,TransSharp
238.4599,20.86027,0,0.2604711,0.1111009,0,0.1506894,1959.479,1.722325,0.934229,Straight,Down,-0.01978234,-0.4957504,TransSharp
238.4999,20.82799,0,0.2595556,0.08332952,0,0.1362084,1960.312,1.722504,0.9345748,Straight,Down,-0.01978234,-0.5079956,TransSharp
238.5399,20.79051,0,0.2595556,0.04365606,0,0.1220541,1961.144,1.722719,0.9349195,Straight,Down,0,-0.5202026,TransSharp
238.5799,20.74524,0,0.2595556,0.003967346,0,0.1086815,1961.975,1.722977,0.9352636,Straight,Down,0,-0.5323868,TransSharp
238.6199,20.69187,0,0.2595556,0,0,0.09591687,1962.803,1.723296,0.9356067,Straight,Down,-0.01978234,-0.5445404,TransSharp
238.6599,20.6354,0,0.2595556,0,0,0.08397123,1963.629,1.723613,0.9359489,Straight,Down,0,-0.5566559,TransSharp
238.6999,20.57906,0,0.2595556,0,0,0.07265362,1964.453,1.723917,0.9362904,Straight,Down,0,-0.5687485,TransSharp
238.7399,20.52288,0,0.2558935,0,0,0.06210002,1965.274,1.724191,0.936631,Straight,Down,-0.01978234,-0.5807953,TransSharp
238.7799,20.46687,0,0.2430761,0,0,0.05236274,1966.093,1.724447,0.9369707,Straight,Down,0,-0.5928116,TransSharp
238.8199,20.41101,0,0.2009618,0,0,0.04359791,1966.91,1.724765,0.9373096,Straight,Down,0,-0.6047974,TransSharp
238.8599,20.35533,0,0.1478612,0,0,0.03570363,1967.725,1.725134,0.9376477,Straight,Down,-0.01978234,-0.616745,TransSharp
238.8999,20.29983,0,0.07461548,0,0,0.02862528,1968.538,1.725431,0.9379849,Straight,Down,0,-0.6286545,TransSharp
238.9399,20.24452,0,-0.004119873,0,0,0.0222044,1969.348,1.725845,0.9383212,Straight,Down,0,-0.6405334,TransSharp
238.9799,20.1894,0,-0.0453186,0,0,0.01629648,1970.156,1.726135,0.9386567,Straight,Down,0,-0.6523743,TransSharp
239.0199,20.13447,0,-0.07553279,0,0,0.01109329,1970.962,1.72649,0.9389912,Straight,Down,0,-0.6641846,TransSharp
239.0599,20.07973,0,-0.08743465,0,0,0.006456137,1971.766,1.726754,0.939325,Straight,Down,0,-0.6759567,TransSharp
239.0999,20.02508,0,-0.08835018,0,0,0.002328843,1972.567,1.72714,0.9396579,Straight,Down,0,-0.687706,TransSharp
239.1399,19.97063,0,-0.08835018,0,0,-0.001268059,1973.366,1.727607,0.93999,Straight,Down,0,-0.6994171,TransSharp
239.1799,19.91637,0,-0.0993365,0,0,-0.004309773,1974.164,1.72805,0.9403211,Straight,Down,0,-0.7110977,TransSharp
239.2199,19.86224,0,-0.1176471,0,0,-0.006989241,1974.959,1.72791,0.9406516,Straight,Down,0,-0.7227402,TransSharp
239.2599,19.80828,0,-0.13138,0,0,-0.009343654,1975.752,1.727981,0.9409809,Straight,Down,0,-0.7343521,TransSharp
239.2999,19.75445,0,-0.1469439,0,0,-0.0112901,1976.542,1.728169,0.9413097,Straight,Down,0,-0.7459259,TransSharp
239.3399,19.70072,0,-0.1469439,0,0,-0.01311335,1977.331,1.72843,0.9416373,Straight,Down,0,-0.7574768,TransSharp
239.3799,19.64716,0,-0.1469439,0,0,-0.01473165,1978.117,1.728684,0.9419641,Straight,Down,0,-0.7689972,TransSharp
239.4199,19.59378,0,-0.1414508,0,0,-0.01601753,1978.902,1.728959,0.9422902,Straight,Down,-0.01978234,-0.7804794,TransSharp
239.4599,19.54051,0,-0.1194781,0,0,-0.01713449,1979.684,1.729205,0.9426154,Straight,Down,-0.01978234,-0.7919312,TransSharp
239.4999,19.4874,0,-0.07553279,0,0,-0.01801085,1980.464,1.729387,0.9429398,Straight,Down,0,-0.8033524,TransSharp
239.5399,19.43443,0,-0.02426147,0,0,-0.01870939,1981.242,1.729629,0.9432632,Straight,Down,0,-0.8147354,TransSharp
239.5799,19.3816,0,-0.0050354,0,0,-0.01922855,1982.017,1.729843,0.9435858,Straight,Down,0,-0.8260956,TransSharp
239.6199,19.32933,0,-0.0004577637,0,0,-0.01959583,1982.791,1.730098,0.9439074,Straight,Down,-0.01978234,-0.8374176,TransSharp
239.6599,19.27786,0,-0.009613037,0,0,-0.01974344,1983.563,1.729356,0.9442283,Straight,Down,-0.01978234,-0.8487091,TransSharp
239.6999,19.22643,0,-0.0453186,0,0,-0.01380491,1984.332,1.730941,0.9445484,Straight,Down,0,-0.8599548,TransSharp
239.7399,19.17503,0,-0.08285701,0,0,-0.007155448,1985.1,1.73244,0.9448674,Straight,Down,-0.01978234,-0.87117,TransSharp
239.7799,19.12427,0,-0.1139849,0,0,-0.0007337928,1985.865,1.733819,0.9451857,Straight,Down,-0.01978234,-0.88237,TransSharp
239.8199,19.07376,0,-0.1615924,0,0,0.005537152,1986.629,1.734492,0.945503,Straight,Down,-0.01978234,-0.8935394,TransSharp
239.8599,19.02352,0,-0.2018774,0,0,0.01162484,1987.39,1.734518,0.9458196,Straight,Down,0,-0.904686,TransSharp
239.8999,18.97356,0,-0.2439916,0,0,0.01741537,1988.15,1.734315,0.9461352,Straight,Down,0,-0.915802,TransSharp
239.9399,18.9238,0,-0.2751195,0,0,0.02281111,1988.907,1.733941,0.9464501,Straight,Down,0,-0.9268951,TransSharp
239.9799,18.87422,0,-0.2925146,0,0,0.02809799,1989.662,1.73363,0.9467639,Straight,Down,-0.01978234,-0.9379501,TransSharp
240.0199,18.82479,0,-0.3025872,0,0,0.03284633,1990.416,1.73338,0.9470769,Straight,Down,0,-0.9489822,TransSharp
240.0599,18.77551,0,-0.3035027,0,0,0.03730837,1991.167,1.733263,0.947389,Straight,Down,0,-0.9599838,TransSharp
240.0999,18.72636,0,-0.3044182,0,0,0.04134345,1991.917,1.733155,0.9477003,Straight,Down,-0.01978234,-0.9709702,TransSharp
240.1399,18.67736,0,-0.3053337,0,0,0.04488069,1992.664,1.733081,0.9480108,Straight,Down,-0.02797646,-0.9773712,TransSharp
240.1799,18.62849,0,-0.3053337,0,0,0.04825404,1993.41,1.733323,0.9483203,Straight,Down,-0.02797646,-0.9789276,TransSharp
240.2199,18.57976,0,-0.3025872,0,0,0.05107105,1994.154,1.73347,0.948629,Straight,Down,-0.03426402,-0.980484,TransSharp
240.2599,18.53117,0,-0.3025872,0,0,0.05331311,1994.895,1.7337,0.9489368,Straight,Down,-0.02797646,-0.9820404,TransSharp
240.2999,18.48254,0,-0.2870214,0,0,0.05482215,1995.635,1.734151,0.9492437,Straight,Down,-0.03426402,-0.9835892,TransSharp
240.3399,18.43405,0,-0.2632177,0,0,0.05565745,1996.373,1.734764,0.9495497,Straight,Down,-0.02797646,-0.9851379,TransSharp
240.3799,18.38573,0,-0.2375829,0,0,0.05581823,1997.109,1.734733,0.9498549,Straight,Down,-0.02797646,-0.9866791,TransSharp
240.4199,18.33741,0,-0.1972997,0,0,0.05561328,1997.843,1.734469,0.9501592,Straight,Down,-0.02797646,-0.9882126,TransSharp
240.4599,18.28908,0,-0.1725787,0,0,0.05469507,1998.575,1.734375,0.9504626,Straight,Down,-0.02797646,-0.9897461,TransSharp
240.4999,18.24098,0,-0.1533526,0,0,0.05304229,1999.305,1.734608,0.9507652,Straight,Down,-0.02797646,-0.991272,TransSharp
240.5399,18.19301,0,-0.1304644,0,0,0.05077001,2000.033,1.735041,0.9510668,Straight,Down,-0.03426402,-0.9928055,TransSharp
240.5799,18.14517,0,-0.100252,0,0,0.04799679,2000.759,1.735261,0.9513676,Straight,Down,-0.03426402,-0.9943237,TransSharp
240.6199,18.09783,0,-0.04806519,0,0,0.04490936,2001.484,1.735125,0.9516674,Straight,Down,-0.03426402,-0.995842,TransSharp
240.6599,18.05053,0,-0.01144409,0,0,0.04698482,2002.206,1.735837,0.9519664,Straight,Down,-0.02797646,-0.9973526,TransSharp
240.6999,18.00332,0,0.01602173,0,0,0.05029115,2002.927,1.736675,0.9522646,Straight,Down,-0.03426402,-0.9988632,TransSharp
240.7399,17.95625,0,0.02334595,0,0,0.05319649,2003.646,1.737606,0.9525618,Straight,Down,-0.02797646,-1.000366,TransSharp
240.7799,17.90962,0,0.02334595,0,0,0.05545947,2004.362,1.738162,0.9528582,Straight,Down,-0.03426402,-1.001869,TransSharp
240.8199,17.86312,0,0.02334595,0,0,0.05729201,2005.077,1.738532,0.9531537,Straight,Down,-0.02797646,-1.003365,TransSharp
240.8599,17.81682,0,0.02334595,0,0,0.05866933,2005.791,1.738686,0.9534483,Straight,Down,-0.03426402,-1.00486,TransSharp
240.8999,17.77069,0,0.02334595,0,0,0.05969369,2006.502,1.738875,0.953742,Straight,Down,-0.02797646,-1.006348,TransSharp
240.9399,17.72472,0,0.02334595,0.003967346,0,0.06023338,2007.211,1.739015,0.9540349,Straight,Down,-0.03426402,-1.007835,TransSharp
240.9799,17.67944,0,0.02334595,0.003967346,0,0.06040773,2007.919,1.739215,0.9543268,Straight,Down,-0.02797646,-1.009323,TransSharp
241.0199,17.6346,0,0.02334595,0.007934691,0,0.06012374,2008.625,1.739424,0.9546178,Straight,Down,-0.02797646,-1.010803,TransSharp
241.0599,17.59047,0,0.02334595,0.007934691,0,0.0596627,2009.329,1.739682,0.954908,Straight,Down,-0.02797646,-1.012276,TransSharp
241.0999,17.54677,0,0.0151062,0.03570611,0,0.05888978,2010.031,1.739824,0.9551973,Straight,Down,-0.03426402,-1.013748,TransSharp
241.1399,17.50806,0,0.004119873,0.06349279,0,0.05771741,2010.732,1.740255,0.9554857,Straight,Down,-0.03956468,-1.014793,TransSharp
241.1799,17.47552,0,-0.0151062,0.08332952,0,0.05610532,2011.431,1.74097,0.9557732,Straight,Down,-0.03956468,-1.014015,TransSharp
241.2199,17.44769,0,-0.07187068,0.1031662,0,0.05429679,2012.13,1.740417,0.9560599,Straight,Down,-0.03956468,-1.013237,TransSharp
241.2599,17.4245,0,-0.13138,0.1031662,0,0.05257234,2012.827,1.740032,0.9563456,Straight,Down,-0.03956468,-1.012451,TransSharp
241.2999,17.4017,0,-0.2183568,0.1031662,0,0.05022994,2013.523,1.739859,0.9566304,Straight,Down,-0.03956468,-1.011673,TransSharp
241.3399,17.37896,0,-0.2677953,0.1031662,0,0.04735172,2014.218,1.739936,0.9569144,Straight,Down,-0.03956468,-1.010895,TransSharp
241.3799,17.35636,0,-0.2796972,0.1031662,0,0.04410118,2014.913,1.739999,0.9571974,Straight,Down,-0.04423466,-1.010117,TransSharp
241.4199,17.3341,0,-0.2796972,0.1031662,0,0.04321048,2015.607,1.740116,0.9574797,Straight,Down,-0.03956468,-1.009338,TransSharp
241.4599,17.31173,0,-0.2796972,0.1031662,0,0.04665163,2016.299,1.740882,0.9577609,Straight,Down,-0.03956468,-1.00856,TransSharp
241.4999,17.28938,0,-0.2796972,0.1031662,0,0.04970768,2016.991,1.741681,0.9580414,Straight,Down,-0.03956468,-1.00779,TransSharp
241.5399,17.26706,0,-0.274204,0.1031662,0,0.05222055,2017.682,1.742389,0.9583208,Straight,Down,-0.03956468,-1.007011,TransSharp
241.5799,17.2451,0,-0.274204,0.1031662,0,0.05448392,2018.372,1.742717,0.9585994,Straight,Down,-0.03956468,-1.006241,TransSharp
241.6199,17.22322,0,-0.2677953,0.1031662,0,0.05648616,2019.061,1.742953,0.9588771,Straight,Down,-0.04423466,-1.00547,TransSharp
241.6599,17.20144,0,-0.2677953,0.1031662,0,0.05803433,2019.749,1.743221,0.9591539,Straight,Down,-0.04423466,-1.0047,TransSharp
241.6999,17.17972,0,-0.2677953,0.1031662,0,0.059111,2020.437,1.743377,0.9594299,Straight,Down,-0.03956468,-1.003922,TransSharp
241.7399,17.15806,0,-0.2668798,0.1031662,0,0.05973747,2021.123,1.743523,0.9597049,Straight,Down,-0.03956468,-1.003151,TransSharp
241.7799,17.13647,0,-0.2623022,0.1031662,0,0.05989748,2021.809,1.743571,0.9599791,Straight,Down,-0.03956468,-1.00238,TransSharp
241.8199,17.1148,0,-0.2558935,0.1031662,0,0.05924505,2022.494,1.743927,0.9602522,Straight,Down,-0.03956468,-1.00161,TransSharp
241.8599,17.09297,0,-0.2549779,0.1031662,0,0.05772632,2023.178,1.744676,0.9605246,Straight,Down,-0.04423466,-1.000847,TransSharp
241.8999,17.07119,0,-0.2513158,0.1071336,0,0.05589184,2023.861,1.744426,0.960796,Straight,Down,-0.04423466,-1.000076,TransSharp
241.9399,17.04984,0,-0.2430761,0.1071336,0,0.05385008,2024.543,1.743864,0.9610666,Left,Down,-0.05233916,-0.9991913,TransSharp
241.9799,17.0289,0,-0.2320898,0.1071336,0,0.05095947,2025.224,1.743514,0.9613362,Straight,Down,-0.04845664,-0.996933,TransSharp
242.0199,17.00801,0,-0.2183568,0.1111009,0,0.0470472,2025.905,1.743484,0.9616049,Left,Down,-0.05233916,-0.9946747,TransSharp
242.0599,16.98817,0,-0.208286,0.1190356,0,0.0438168,2026.585,1.743435,0.9618728,Left,Down,-0.05233916,-0.9924316,TransSharp
242.0999,16.96951,0,-0.1963842,0.1309529,0,0.04589227,2027.264,1.74416,0.9621397,Left,Down,-0.05233916,-0.990181,TransSharp
242.1399,16.95384,0,-0.190891,0.142855,0,0.04738116,2027.942,1.744885,0.9624057,Left,Down,-0.05233916,-0.9879379,TransSharp
242.1799,16.94091,0,-0.190891,0.142855,0,0.04838422,2028.62,1.745656,0.9626709,Left,Down,-0.05233916,-0.9856873,TransSharp
242.2199,16.92832,0,-0.190891,0.142855,0,0.04886463,2029.297,1.746184,0.9629352,Left,Down,-0.05233916,-0.9834442,TransSharp
242.2599,16.91591,0,-0.190891,0.142855,0,0.04871818,2029.974,1.746445,0.9631984,Left,Down,-0.05233916,-0.9812012,TransSharp
242.2999,16.90355,0,-0.190891,0.142855,0,0.04800725,2030.65,1.74662,0.9634608,Left,Down,-0.05233916,-0.9789505,TransSharp
242.3399,16.89124,0,-0.190891,0.142855,0,0.04669541,2031.326,1.746775,0.9637224,Left,Down,-0.05233916,-0.9767151,TransSharp
242.3799,16.87889,0,-0.190891,0.142855,0,0.044871,2032.001,1.746995,0.9639829,Straight,Down,-0.04845664,-0.974472,TransSharp
242.4199,16.86636,0,-0.190891,0.142855,0,0.04190949,2032.676,1.747589,0.9642428,Left,Down,-0.05233916,-0.9722366,TransSharp
242.4599,16.85386,0,-0.190891,0.142855,0,0.03834358,2033.35,1.748027,0.9645015,Left,Down,-0.05233916,-0.9699936,TransSharp
242.4999,16.84098,0,-0.1899755,0.142855,0,0.0345057,2034.024,1.747329,0.9647595,Left,Down,-0.05233916,-0.9677505,TransSharp
242.5399,16.82828,0,-0.1799047,0.142855,0,0.03012773,2034.697,1.746786,0.9650164,Straight,Down,-0.04845664,-0.9655151,TransSharp
242.5799,16.81568,0,-0.1716632,0.142855,0,0.02488348,2035.37,1.746295,0.9652726,Left,Down,-0.05595291,-0.9632797,TransSharp
242.6199,16.80347,0,-0.1551837,0.142855,0,0.02105761,2036.042,1.746305,0.9655277,Left,Down,-0.06255726,-0.960434,TransSharp
242.6599,16.791,0,-0.148775,0.142855,0,0.02149928,2036.714,1.747031,0.965782,Left,Down,-0.06255726,-0.956955,TransSharp
242.6999,16.77843,0,-0.1432818,0.142855,0,0.02167982,2037.385,1.747917,0.9660354,Left,Down,-0.06255726,-0.9534683,TransSharp
242.7399,16.76578,0,-0.1432818,0.142855,0,0.02140358,2038.056,1.748723,0.9662878,Left,Down,-0.06255726,-0.9499969,TransSharp
242.7799,16.75355,0,-0.1432818,0.142855,0,0.02051482,2038.726,1.749308,0.9665394,Left,Down,-0.05934703,-0.9465103,TransSharp
242.8199,16.74144,0,-0.1432818,0.142855,0,0.01912743,2039.396,1.749658,0.9667901,Left,Down,-0.06255726,-0.9430313,TransSharp
242.8599,16.72938,0,-0.1432818,0.1587244,0,0.01726389,2040.065,1.749915,0.9670398,Left,Down,-0.05934703,-0.9395599,TransSharp
242.8999,16.72048,0,-0.148775,0.1745937,0,0.01460186,2040.734,1.750318,0.9672886,Left,Down,-0.05934703,-0.9360809,TransSharp
242.9399,16.7147,0,-0.148775,0.1904631,0,0.01085037,2041.403,1.751159,0.9675364,Left,Down,-0.06255726,-0.9326019,TransSharp
242.9799,16.71291,0,-0.148775,0.1944305,0,0.007151961,2042.071,1.750758,0.9677835,Left,Down,-0.05934703,-0.9291306,TransSharp
243.0199,16.71169,0,-0.148775,0.1944305,0,0.003015369,2042.74,1.749974,0.9680295,Left,Down,-0.06255726,-0.9256516,TransSharp
243.0599,16.71046,0,-0.1533526,0.1944305,0,-0.001725227,2043.408,1.749052,0.9682748,Left,Down,-0.05934703,-0.9221649,TransSharp
243.0999,16.70974,0,-0.1606768,0.1944305,0,-0.004819632,2044.077,1.748908,0.968519,Left,Down,-0.05934703,-0.9186935,TransSharp
243.1399,16.70878,0,-0.1844823,0.1944305,0,-0.004429102,2044.745,1.749612,0.9687624,Left,Down,-0.0656106,-0.9152145,TransSharp
243.1799,16.70734,0,-0.2027929,0.1944305,0,-0.003933966,2045.413,1.750487,0.9690048,Left,Down,-0.07132626,-0.9113235,TransSharp
243.2199,16.70566,0,-0.2192724,0.1944305,0,-0.00385803,2046.081,1.751392,0.9692464,Left,Down,-0.07132626,-0.906662,TransSharp
243.2599,16.7047,0,-0.2311742,0.1944305,0,-0.004316747,2046.75,1.752022,0.969487,Left,Down,-0.07132626,-0.9020081,TransSharp
243.2999,16.70374,0,-0.2439916,0.1944305,0,-0.005137324,2047.418,1.75242,0.9697266,Left,Down,-0.07132626,-0.8973389,TransSharp
243.3399,16.70283,0,-0.2861059,0.1944305,0,-0.006914079,2048.086,1.753039,0.9699654,Left,Down,-0.07132626,-0.8926773,TransSharp
243.3799,16.70134,0,-0.3337151,0.1944305,0,-0.009561777,2048.754,1.754043,0.9702032,Left,Down,-0.07132626,-0.8880081,TransSharp
243.4199,16.69938,0,-0.3767449,0.1944305,0,-0.0123722,2049.422,1.753239,0.9704403,Left,Down,-0.07132626,-0.8833466,TransSharp
243.4599,16.69729,0,-0.3813225,0.1944305,0,-0.01545033,2050.09,1.752173,0.9706762,Left,Down,-0.07132626,-0.8786697,TransSharp
243.4999,16.69655,0,-0.3758293,0.1983978,0,-0.01940677,2050.758,1.750724,0.9709114,Left,Down,-0.07132626,-0.8740082,TransSharp
243.5399,16.69594,0,-0.3758293,0.2023651,0,-0.01808175,2051.426,1.751506,0.9711455,Left,Down,-0.07132626,-0.869339,TransSharp
243.5799,16.69585,0,-0.3749138,0.2142824,0,-0.01721004,2052.094,1.75224,0.9713789,Left,Down,-0.07132626,-0.8646698,TransSharp
243.6199,16.69827,0,-0.3675896,0.2380865,0,-0.01663974,2052.762,1.753132,0.9716111,Left,Down,-0.07661668,-0.8600082,TransSharp
243.6599,16.70487,0,-0.3575188,0.2499886,0,-0.0166347,2053.43,1.753826,0.9718426,Left,Down,-0.08392937,-0.8550644,TransSharp
243.6999,16.71547,0,-0.3529412,0.2539559,0,-0.01757926,2054.098,1.754449,0.9720731,Left,Down,-0.08392937,-0.8491974,TransSharp
243.7399,16.72658,0,-0.3511101,0.2539559,0,-0.01993096,2054.767,1.755519,0.9723027,Left,Down,-0.08392937,-0.8433304,TransSharp
243.7799,16.73746,0,-0.3465325,0.2539559,0,-0.02248219,2055.437,1.75565,0.9725314,Left,Down,-0.08392937,-0.8374634,TransSharp
243.8199,16.74768,0,-0.3447014,0.2539559,0,-0.02568778,2056.106,1.754346,0.9727591,Left,Down,-0.08156469,-0.8315735,TransSharp
243.8599,16.75945,0,-0.3401238,0.2539559,0,-0.02951792,2056.777,1.752522,0.972986,Left,Down,-0.08392937,-0.8256836,TransSharp
243.8999,16.77111,0,-0.3401238,0.2539559,0,-0.0286276,2057.447,1.752865,0.9732119,Left,Down,-0.08392937,-0.8197937,TransSharp
243.9399,16.7823,0,-0.3401238,0.2341192,0,-0.02820143,2058.118,1.753641,0.9734368,Left,Down,-0.08156469,-0.8139114,TransSharp
243.9799,16.78956,0,-0.3401238,0.2301518,0,-0.02813518,2058.79,1.754624,0.9736609,Left,Down,-0.08392937,-0.8080139,TransSharp
244.0199,16.79498,0,-0.3401238,0.2261845,0,-0.02868456,2059.462,1.755543,0.973884,Left,Down,-0.08622923,-0.8021164,TransSharp
244.0599,16.80005,0,-0.3401238,0.2222171,0,-0.03084409,2060.134,1.756726,0.9741063,Left,Down,-0.09278741,-0.7962112,TransSharp
244.0999,16.80364,0,-0.3401238,0.2222171,0,-0.03369674,2060.806,1.75777,0.9743276,Left,Down,-0.09487279,-0.7893753,TransSharp
244.1399,16.80614,0,-0.3392082,0.2222171,0,-0.03701624,2061.478,1.756272,0.974548,Left,Down,-0.09487279,-0.7822342,TransSharp
244.1799,16.8104,0,-0.3337151,0.2222171,0,-0.04114974,2062.15,1.754148,0.9747674,Left,Down,-0.09487279,-0.7750854,TransSharp
244.2199,16.81502,0,-0.3263909,0.2222171,0,-0.04024392,2062.823,1.754286,0.9749859,Left,Down,-0.09278741,-0.7679443,TransSharp
244.2599,16.81885,0,-0.3154045,0.2460212,0,-0.04045236,2063.496,1.755075,0.9752035,Left,Down,-0.09487279,-0.7608032,TransSharp
244.2999,16.82545,0,-0.314489,0.2499886,0,-0.04085374,2064.168,1.756157,0.9754201,Left,Down,-0.09278741,-0.7536621,TransSharp
244.3399,16.83444,0,-0.314489,0.2579232,0,-0.04228297,2064.842,1.757364,0.9756359,Left,Down,-0.09487279,-0.7465057,TransSharp
244.3799,16.84473,0,-0.314489,0.2579232,0,-0.04513523,2065.515,1.759082,0.9758506,Left,Down,-0.09487279,-0.7393417,TransSharp
244.4199,16.854,0,-0.314489,0.2618906,0,-0.04834741,2066.189,1.758109,0.9760646,Left,Down,-0.1046783,-0.7321701,TransSharp
244.4599,16.86619,0,-0.314489,0.2856947,0,-0.05211478,2066.864,1.755848,0.9762775,Left,Down,-0.1083524,-0.7241058,TransSharp
244.4999,16.883,0,-0.314489,0.2936446,0,-0.05124462,2067.539,1.755663,0.9764895,Left,Down,-0.1065312,-0.7156372,TransSharp
244.5399,16.90172,0,-0.3208977,0.297612,0,-0.05129692,2068.215,1.756366,0.9767006,Left,Down,-0.1065312,-0.7071609,TransSharp
244.5799,16.92076,0,-0.3208977,0.297612,0,-0.05146235,2068.892,1.757539,0.9769108,Left,Down,-0.1083524,-0.6986771,TransSharp
244.6199,16.9393,0,-0.3218132,0.297612,0,-0.05330148,2069.569,1.75943,0.97712,Left,Down,-0.1083524,-0.6901779,TransSharp
244.6599,16.95774,0,-0.3282219,0.297612,0,-0.05535913,2070.247,1.760378,0.9773283,Left,Down,-0.1083524,-0.6816559,TransSharp
244.6999,16.97601,0,-0.3520256,0.297612,0,-0.05799288,2070.926,1.757737,0.9775357,Left,Down,-0.1101434,-0.6731262,TransSharp
244.7399,16.99579,0,-0.4042107,0.297612,0,-0.05731487,2071.605,1.756732,0.9777421,Left,Down,-0.1186941,-0.6645889,TransSharp
244.7799,17.01559,0,-0.4518199,0.297612,0,-0.05600226,2072.286,1.757215,0.9779477,Left,Down,-0.1219466,-0.6550903,TransSharp
244.8199,17.03431,0,-0.488441,0.297612,0,-0.05566868,2072.967,1.758422,0.9781522,Left,Down,-0.1203313,-0.6451645,TransSharp
244.8599,17.05131,0,-0.4939342,0.297612,0,-0.05680928,2073.649,1.760887,0.9783559,Left,Down,-0.1203313,-0.6352158,TransSharp
244.8999,17.0663,0,-0.4939342,0.297612,0,-0.05825981,2074.332,1.760492,0.9785586,Left,Down,-0.1219466,-0.6252518,TransSharp
244.9399,17.08591,0,-0.4994273,0.2737926,0,-0.06010669,2075.015,1.757574,0.9787604,Left,Down,-0.1219466,-0.6152725,TransSharp
244.9799,17.09958,0,-0.5168223,0.2698253,0,-0.05666283,2075.699,1.757808,0.9789613,Left,Down,-0.1219466,-0.6052856,TransSharp
245.0199,17.11172,0,-0.5433744,0.2698253,0,-0.05552533,2076.383,1.758638,0.9791611,Left,Down,-0.132704,-0.5952988,TransSharp
245.0599,17.12306,0,-0.5845731,0.2658579,0,-0.05587325,2077.068,1.76129,0.9793602,Left,Down,-0.1356209,-0.5843887,TransSharp
245.0999,17.13046,0,-0.6083769,0.2658579,0,-0.056528,2077.753,1.761713,0.9795581,Left,Down,-0.1356209,-0.5729141,TransSharp
245.1399,17.1422,0,-0.6257719,0.2618906,0,-0.05758917,2078.438,1.758379,0.9797553,Left,Down,-0.1356209,-0.5614319,TransSharp
245.1799,17.15266,0,-0.6358427,0.2618906,0,-0.05327669,2079.125,1.758703,0.9799514,Left,Down,-0.1370561,-0.549942,TransSharp
245.2199,17.16338,0,-0.6477463,0.2618906,0,-0.0519478,2079.811,1.759821,0.9801468,Left,Down,-0.1356209,-0.5384445,TransSharp
245.2599,17.17057,0,-0.6779587,0.2856947,0,-0.05170915,2080.498,1.763076,0.980341,Left,Down,-0.14537,-0.526947,TransSharp
245.2999,17.18092,0,-0.702678,0.289662,0,-0.05203652,2081.185,1.760925,0.9805343,Left,Down,-0.1519511,-0.51474,TransSharp
245.3399,17.19664,0,-0.720073,0.2936446,0,-0.0498797,2081.873,1.759404,0.9807268,Left,Down,-0.1519511,-0.5016708,TransSharp
245.3799,17.21345,0,-0.7264817,0.2936446,0,-0.04647884,2082.561,1.759814,0.9809183,Left,Down,-0.1519511,-0.4885788,TransSharp
245.4199,17.22986,0,-0.7383835,0.297612,0,-0.04662296,2083.25,1.762789,0.9811089,Left,Down,-0.1519511,-0.4754791,TransSharp
245.4599,17.24125,0,-0.7676822,0.297612,0,-0.04670432,2083.939,1.761709,0.9812984,Left,Down,-0.1557664,-0.4623642,TransSharp
245.4999,17.25905,0,-0.7914859,0.297612,0,-0.04473075,2084.629,1.759796,0.9814872,Left,Down,-0.1678588,-0.4492416,TransSharp
245.5399,17.27728,0,-0.8043033,0.297612,0,-0.04147595,2085.32,1.760531,0.9816749,Left,Down,-0.1690205,-0.4345856,TransSharp
245.5799,17.2921,0,-0.8043033,0.297612,0,-0.04143372,2086.012,1.764011,0.9818617,Left,Down,-0.1690205,-0.4197617,TransSharp
245.6199,17.30387,0,-0.7988101,0.2737926,0,-0.04180449,2086.704,1.762256,0.9820476,Left,Down,-0.1690205,-0.4049225,TransSharp
245.6599,17.31569,0,-0.7969791,0.2698253,0,-0.03808245,2087.397,1.760854,0.9822325,Left,Down,-0.1735894,-0.3900604,TransSharp
245.6999,17.32513,0,-0.7969791,0.2658579,0,-0.03507018,2088.09,1.759653,0.9824165,Left,Down,-0.1855749,-0.3751831,TransSharp
245.7399,17.33286,0,-0.7969791,0.2618906,0,-0.03496984,2088.783,1.760673,0.9825996,Left,Down,-0.1876719,-0.3587112,TransSharp
245.7799,17.33645,0,-0.8079654,0.2618906,0,-0.03283045,2089.476,1.761139,0.9827816,Left,Down,-0.1876719,-0.3420563,TransSharp
245.8199,17.33958,0,-0.8381778,0.2618906,0,-0.02837229,2090.17,1.759029,0.9829628,Left,Down,-0.1866263,-0.3254089,TransSharp
245.8599,17.3471,0,-0.8848715,0.2579232,0,-0.02629527,2090.864,1.759239,0.983143,Left,Down,-0.1978235,-0.3087387,TransSharp
245.8999,17.35084,0,-0.9105062,0.2579232,0,-0.02312842,2091.557,1.761387,0.9833223,Left,Down,-0.2055842,-0.2913666,TransSharp
245.9399,17.35261,0,-0.9269857,0.2579232,0,-0.01789424,2092.251,1.759859,0.9835006,Left,Down,-0.2055842,-0.2728577,TransSharp
245.9799,17.35591,0,-0.9269857,0.2579232,0,-0.01475838,2092.946,1.761931,0.983678,Left,Down,-0.2065338,-0.2543259,TransSharp
246.0199,17.36063,0,-0.9224081,0.2579232,0,-0.008595914,2093.64,1.762466,0.9838544,Left,Down,-0.2167048,-0.2357712,TransSharp
246.0599,17.364,0,-0.9224081,0.2579232,0,-0.002699226,2094.334,1.76128,0.98403,Left,Down,-0.2264194,-0.2166367,TransSharp
246.0999,17.36526,0,-0.9159994,0.2579232,0,0.001268834,2095.029,1.764219,0.9842045,Left,Down,-0.2264194,-0.1961288,TransSharp
246.1399,17.36918,0,-0.9095907,0.2579232,0,0.009016663,2095.724,1.764053,0.9843782,Left,Down,-0.2272819,-0.1755981,TransSharp
246.1799,17.37326,0,-0.8931112,0.2579232,0,0.01545033,2096.419,1.76282,0.9845508,Left,Down,-0.2414744,-0.1551056,TransSharp
246.2199,17.37556,0,-0.861066,0.2579232,0,0.01998365,2097.114,1.765117,0.9847226,Left,Flat,-0.2478722,-0.1333237,TransSharp
246.2599,17.37974,0,-0.8216983,0.2579232,0,0.02763927,2097.809,1.76544,0.9848933,Left,Flat,-0.2470816,-0.1107101,TransSharp
246.2999,17.38308,0,-0.8043033,0.2579232,0,0.03459287,2098.504,1.764156,0.9850631,Left,Flat,-0.2594432,-0.08811951,TransSharp
246.3399,17.38796,0,-0.7988101,0.2579232,0,0.03973368,2099.2,1.764919,0.9852321,Left,Flat,-0.2712421,-0.06551361,TransSharp
246.3799,17.39226,0,-0.7988101,0.2579232,0,0.04582176,2099.896,1.766279,0.9854,Left,Flat,-0.2719625,-0.04291534,TransSharp
246.4199,17.39546,0,-0.7905704,0.2579232,0,0.05303144,2100.591,1.766294,0.985567,Left,Flat,-0.2880355,-0.02033997,TransSharp
246.4599,17.40103,0,-0.7631046,0.2579232,0,0.05844966,2101.287,1.765201,0.985733,Left,Flat,-0.3109043,-0.004669189,TransSharp
246.4999,17.40601,0,-0.7493699,0.2579232,0,0.06071922,2101.983,1.768922,0.9858982,Left,Flat,-0.3109043,-0.01711273,TransSharp
246.5399,17.40919,0,-0.7338059,0.2579232,0,0.06766546,2102.68,1.769359,0.9860623,Left,Flat,-0.2993615,-0.02955627,TransSharp
246.5799,17.4116,0,-0.7209885,0.2579232,0,0.07337385,2103.376,1.76886,0.9862255,Left,Flat,-0.2920831,-0.04166412,TransSharp
246.6199,17.41864,0,-0.7081711,0.2579232,0,0.07658061,2104.073,1.76869,0.9863878,Left,Flat,-0.2920831,-0.0533371,TransSharp
246.6599,17.42221,0,-0.7017624,0.2579232,0,0.07863012,2104.77,1.771678,0.9865491,Left,Flat,-0.2797648,-0.06501007,TransSharp
246.6999,17.42613,0,-0.6953537,0.2579232,0,0.0842928,2105.467,1.772043,0.9867095,Left,Flat,-0.2748253,-0.07628632,TransSharp
246.7399,17.42957,0,-0.6907761,0.2579232,0,0.08876026,2106.164,1.771758,0.9868689,Left,Flat,-0.2741124,-0.08719635,TransSharp
246.7799,17.43775,0,-0.6898606,0.2579232,0,0.09047851,2106.861,1.771006,0.9870274,Left,Flat,-0.2631872,-0.09812164,TransSharp
246.8199,17.4417,0,-0.6889451,0.2579232,0,0.08955681,2107.559,1.774169,0.9871849,Left,Flat,-0.2564087,-0.1087189,TransSharp
246.8599,17.44569,0,-0.6889451,0.2579232,0,0.09358764,2108.257,1.774384,0.9873415,Left,Flat,-0.2556444,-0.1188965,TransSharp
246.8999,17.44925,0,-0.6889451,0.2579232,0,0.09651041,2108.954,1.774183,0.9874972,Left,Flat,-0.249446,-0.1290817,TransSharp
246.9399,17.45448,0,-0.6962693,0.2579232,0,0.09741583,2109.653,1.772458,0.9876518,Left,Flat,-0.2390311,-0.1391754,TransSharp
246.9799,17.46151,0,-0.7081711,0.2579232,0,0.09556624,2110.351,1.773745,0.9878055,Left,Flat,-0.2390311,-0.1486206,TransSharp
247.0199,17.46584,0,-0.7255661,0.2579232,0,0.09485298,2111.05,1.775269,0.9879583,Left,Down,-0.2390311,-0.1580658,TransSharp
247.0599,17.47042,0,-0.7319748,0.2579232,0,0.09601256,2111.748,1.775288,0.9881101,Left,Down,-0.2272819,-0.167511,TransSharp
247.0999,17.47398,0,-0.7264817,0.2579232,0,0.0961532,2112.447,1.774657,0.9882609,Left,Down,-0.2211734,-0.1766129,TransSharp
247.1399,17.48108,0,-0.7145798,0.2579232,0,0.09363452,2113.146,1.772828,0.9884109,Left,Down,-0.2211734,-0.1853409,TransSharp
247.1799,17.48731,0,-0.7072556,0.2579232,0,0.08873275,2113.846,1.774763,0.9885598,Left,Down,-0.2211734,-0.1940613,TransSharp
247.2199,17.49162,0,-0.6962693,0.2579232,0,0.0850541,2114.545,1.776558,0.9887078,Left,Down,-0.20842,-0.2027817,TransSharp
247.2599,17.49613,0,-0.6898606,0.2579232,0,0.08379534,2115.245,1.777071,0.9888549,Left,Down,-0.2046302,-0.2110596,TransSharp
247.2999,17.50103,0,-0.6834519,0.2579232,0,0.08091828,2115.945,1.77685,0.989001,Left,Down,-0.2046302,-0.2190781,TransSharp
247.3399,17.5074,0,-0.67155,0.2579232,0,0.07612422,2116.645,1.775976,0.9891462,Left,Down,-0.2046302,-0.2270889,TransSharp
247.3799,17.51408,0,-0.6559861,0.2579232,0,0.06882349,2117.346,1.776277,0.9892903,Left,Down,-0.1948336,-0.2350998,TransSharp
247.4199,17.51907,0,-0.6422514,0.2579232,0,0.05925241,2118.046,1.778457,0.9894336,Left,Down,-0.1876719,-0.2428513,TransSharp
247.4599,17.524,0,-0.6129545,0.2579232,0,0.05487832,2118.747,1.778559,0.9895759,Left,Down,-0.1876719,-0.2501602,TransSharp
247.4999,17.52908,0,-0.594644,0.2579232,0,0.04958138,2119.448,1.778248,0.9897172,Left,Down,-0.1876719,-0.2574692,TransSharp
247.5399,17.5348,0,-0.5827421,0.2579232,0,0.04186764,2120.15,1.77779,0.9898576,Left,Down,-0.1855749,-0.2647781,TransSharp
247.5799,17.54063,0,-0.5827421,0.2579232,0,0.0326933,2120.851,1.776794,0.989997,Left,Down,-0.1735894,-0.2720871,TransSharp
247.6199,17.54694,0,-0.5827421,0.2579232,0,0.02102429,2121.553,1.776797,0.9901355,Left,Down,-0.1713202,-0.2788696,TransSharp
247.6599,17.55311,0,-0.5653471,0.2579232,0,0.007287174,2122.255,1.778489,0.990273,Left,Down,-0.1713202,-0.2854767,TransSharp
247.6999,17.55845,0,-0.523231,0.2579232,0,-0.003271073,2122.957,1.77906,0.9904096,Left,Down,-0.1713202,-0.2920914,TransSharp
247.7399,17.56384,0,-0.4472423,0.2579232,0,-0.01264378,2123.66,1.778771,0.9905452,Left,Down,-0.1701742,-0.2986984,TransSharp
247.7799,17.5698,0,-0.3877312,0.2579232,0,-0.02410203,2124.363,1.778339,0.9906798,Left,Down,-0.1594904,-0.3053207,TransSharp
247.8199,17.57617,0,-0.3465325,0.2579232,0,-0.03738585,2125.066,1.777895,0.9908135,Left,Down,-0.1545051,-0.3114624,TransSharp
247.8599,17.58222,0,-0.2668798,0.2579232,0,-0.05207372,2125.769,1.777249,0.9909462,Left,Down,-0.1545051,-0.3173904,TransSharp
247.8999,17.58894,0,-0.1853979,0.2579232,0,-0.06857243,2126.472,1.777818,0.991078,Left,Down,-0.1545051,-0.3233185,TransSharp
247.9399,17.59553,0,-0.07003963,0.2579232,0,-0.08673012,2127.176,1.77954,0.9912089,Left,Down,-0.1557664,-0.3292389,TransSharp
247.9799,17.60156,0,0.02151489,0.2579232,0,-0.1007838,2127.88,1.780152,0.9913387,Left,Down,-0.1493534,-0.3351669,TransSharp
248.0199,17.60777,0,0.1277196,0.2579232,0,-0.1130463,2128.584,1.77988,0.9914676,Left,Down,-0.1384764,-0.3410263,TransSharp
248.0599,17.61434,0,0.2192724,0.2579232,0,-0.1267044,2129.289,1.779656,0.9915956,Left,Down,-0.1384764,-0.3462753,TransSharp
248.0999,17.62131,0,0.2613866,0.2579232,0,-0.1416344,2129.994,1.779475,0.9917225,Left,Down,-0.1384764,-0.3515167,TransSharp
248.1399,17.62747,0,0.2970922,0.2579232,0,-0.1571719,2130.699,1.779249,0.9918485,Left,Down,-0.1384764,-0.3567657,TransSharp
248.1799,17.63422,0,0.3154027,0.2579232,0,-0.1731104,2131.404,1.778568,0.9919736,Left,Down,-0.1384764,-0.3620071,TransSharp
248.2199,17.64146,0,0.3273046,0.2579232,0,-0.1901546,2132.11,1.779275,0.9920977,Left,Down,-0.1356209,-0.3672485,TransSharp
248.2599,17.64853,0,0.3282201,0.2579232,0,-0.2078284,2132.816,1.780744,0.9922209,Left,Down,-0.1251145,-0.3724899,TransSharp
248.2999,17.65479,0,0.3282201,0.2579232,0,-0.2210045,2133.522,1.78149,0.9923431,Left,Down,-0.1219466,-0.3772202,TransSharp
248.3399,17.66141,0,0.3254735,0.2579232,0,-0.2312567,2134.228,1.781259,0.9924643,Left,Down,-0.1219466,-0.3817749,TransSharp
248.3799,17.66825,0,0.3025854,0.2579232,0,-0.2423248,2134.935,1.780866,0.9925846,Left,Down,-0.1219466,-0.3863373,TransSharp
248.4199,17.67539,0,0.2806127,0.2579232,0,-0.2536629,2135.642,1.780548,0.9927039,Left,Down,-0.1219466,-0.3908997,TransSharp
248.4599,17.68188,0,0.2540624,0.2579232,0,-0.2652304,2136.349,1.780474,0.9928222,Left,Down,-0.1235407,-0.395462,TransSharp
248.4999,17.68839,0,0.2375829,0.2579232,0,-0.2768565,2137.056,1.780513,0.9929397,Left,Down,-0.1203313,-0.4000168,TransSharp
248.5399,17.69489,0,0.2320898,0.2579232,0,-0.2879575,2137.764,1.780164,0.9930561,Left,Down,-0.1101434,-0.4045868,TransSharp
248.5799,17.70158,0,0.2320898,0.2579232,0,-0.2992065,2138.472,1.78023,0.9931715,Left,Down,-0.1065312,-0.4086914,TransSharp
248.6199,17.70882,0,0.2302587,0.2579232,0,-0.3105706,2139.18,1.781193,0.993286,Left,Down,-0.1046783,-0.4125595,TransSharp
248.6599,17.71526,0,0.2027929,0.2579232,0,-0.3218797,2139.889,1.782483,0.9933995,Left,Down,-0.1046783,-0.4164276,TransSharp
248.6999,17.72151,0,0.1643407,0.2579232,0,-0.3252767,2140.598,1.782496,0.9935121,Left,Down,-0.1046783,-0.4202957,TransSharp
248.7399,17.72797,0,0.09841919,0.2579232,0,-0.3276987,2141.307,1.782333,0.9936237,Left,Down,-0.1046783,-0.4241638,TransSharp
248.7799,17.73481,0,0.03799438,0.2579232,0,-0.3303148,2142.016,1.781962,0.9937344,Left,Down,-0.1046783,-0.4280396,TransSharp
248.8199,17.74156,0,0.01419067,0.2579232,0,-0.3326026,2142.726,1.781851,0.9938441,Left,Down,-0.1065312,-0.4319077,TransSharp
248.8599,17.7481,0,-0.004119873,0.2579232,0,-0.3346434,2143.436,1.781743,0.9939528,Left,Down,-0.09487279,-0.435791,TransSharp
248.8999,17.75457,0,-0.009613037,0.2579232,0,-0.3366377,2144.146,1.781644,0.9940606,Left,Down,-0.09065409,-0.4393082,TransSharp
248.9399,17.761,0,-0.01693726,0.2579232,0,-0.3381597,2144.856,1.781808,0.9941673,Left,Down,-0.08846933,-0.4424515,TransSharp
248.9799,17.76733,0,-0.03341675,0.2579232,0,-0.3393427,2145.566,1.781901,0.9942732,Left,Down,-0.08846933,-0.4455948,TransSharp
249.0199,17.77395,0,-0.04806519,0.2579232,0,-0.3399898,2146.277,1.781667,0.9943781,Left,Down,-0.08846933,-0.4487305,TransSharp
249.0599,17.7805,0,-0.07553279,0.2579232,0,-0.3404161,2146.989,1.781913,0.994482,Left,Down,-0.08846933,-0.4518738,TransSharp
249.0999,17.78751,0,-0.0956744,0.2579232,0,-0.341173,2147.7,1.782686,0.994585,Left,Down,-0.08846933,-0.4550171,TransSharp
249.1399,17.79452,0,-0.1231402,0.2579232,0,-0.3417084,2148.412,1.783422,0.994687,Left,Down,-0.08846933,-0.458168,TransSharp
249.1799,17.80086,0,-0.148775,0.2579232,0,-0.3392221,2149.124,1.783713,0.994788,Left,Down,-0.08846933,-0.4613113,TransSharp
249.2199,17.80721,0,-0.16617,0.2579232,0,-0.3307714,2149.836,1.783481,0.9948881,Left,Down,-0.08846933,-0.4644547,TransSharp
249.2599,17.81413,0,-0.1789892,0.2579232,0,-0.3228374,2150.548,1.783286,0.9949871,Left,Down,-0.07661668,-0.4676056,TransSharp
249.2999,17.82127,0,-0.1799047,0.2579232,0,-0.3147157,2151.261,1.782959,0.9950852,Left,Down,-0.07132626,-0.4702225,TransSharp
249.3399,17.82778,0,-0.1835668,0.2579232,0,-0.3065363,2151.974,1.78275,0.9951824,Left,Down,-0.06852804,-0.4725494,TransSharp
249.3799,17.83432,0,-0.1835668,0.2579232,0,-0.2983317,2152.688,1.782734,0.9952787,Left,Down,-0.06852804,-0.4748764,TransSharp
249.4199,17.84084,0,-0.1835668,0.2579232,0,-0.2901798,2153.401,1.782767,0.9953739,Left,Down,-0.06852804,-0.477211,TransSharp
249.4599,17.84735,0,-0.1835668,0.2579232,0,-0.2822336,2154.115,1.782885,0.9954681,Left,Down,-0.06852804,-0.4795303,TransSharp
249.4999,17.85387,0,-0.1835668,0.2579232,0,-0.2743215,2154.829,1.782956,0.9955614,Left,Down,-0.06852804,-0.4818573,TransSharp
249.5399,17.86035,0,-0.1780736,0.2579232,0,-0.2664532,2155.543,1.782999,0.9956537,Left,Down,-0.06852804,-0.4841919,TransSharp
249.5799,17.8668,0,-0.1725787,0.2579232,0,-0.258882,2156.258,1.783043,0.9957451,Left,Down,-0.06852804,-0.4865189,TransSharp
249.6199,17.87325,0,-0.1725787,0.2579232,0,-0.2515553,2156.973,1.783139,0.9958355,Left,Down,-0.06852804,-0.4888458,TransSharp
249.6599,17.87969,0,-0.1725787,0.2579232,0,-0.2445103,2157.688,1.783391,0.9959249,Left,Down,-0.06852804,-0.4911804,TransSharp
249.6999,17.88611,0,-0.1725787,0.2579232,0,-0.2377907,2158.403,1.783468,0.9960135,Left,Down,-0.06852804,-0.493515,TransSharp
249.7399,17.89256,0,-0.1725787,0.2579232,0,-0.2311254,2159.119,1.783306,0.9961009,Left,Down,-0.0656106,-0.495842,TransSharp
249.7799,17.8991,0,-0.1789892,0.2579232,0,-0.2249222,2159.835,1.783055,0.9961874,Straight,Down,-0.04423466,-0.4981689,TransSharp
249.8199,17.90552,0,-0.1799047,0.2579232,0,-0.2190534,2160.551,1.783646,0.996273,Straight,Down,-0.04423466,-0.4994888,TransSharp
249.8599,17.91221,0,-0.1799047,0.2579232,0,-0.213789,2161.267,1.784107,0.9963576,Straight,Down,-0.04423466,-0.5007248,TransSharp
249.8999,17.91879,0,-0.1799047,0.2579232,0,-0.2085905,2161.984,1.784301,0.9964412,Straight,Down,-0.04423466,-0.5019608,TransSharp
249.9399,17.9254,0,-0.1734942,0.2579232,0,-0.2037054,2162.701,1.784365,0.9965239,Straight,Down,-0.04423466,-0.5031967,TransSharp
249.9799,17.9318,0,-0.1469439,0.2579232,0,-0.1993696,2163.418,1.784528,0.9966056,Straight,Down,-0.04423466,-0.5044327,TransSharp
250.0199,17.93828,0,-0.1231402,0.2579232,0,-0.1912929,2164.136,1.784296,0.9966863,Straight,Down,-0.04423466,-0.5056686,TransSharp
250.0599,17.94476,0,-0.1048297,0.2579232,0,-0.1825129,2164.854,1.784004,0.9967661,Straight,Down,-0.04423466,-0.5069046,TransSharp
250.0999,17.95126,0,-0.100252,0.2579232,0,-0.1741735,2165.572,1.783771,0.9968449,Straight,Down,-0.04423466,-0.5081406,TransSharp
250.1399,17.95772,0,-0.100252,0.2817273,0,-0.1663451,2166.29,1.783693,0.9969227,Straight,Down,-0.04423466,-0.5093765,TransSharp
250.1799,17.96936,0,-0.100252,0.2817273,0,-0.1588162,2167.009,1.783718,0.9969995,Straight,Down,-0.04423466,-0.5106201,TransSharp
250.2199,17.98083,0,-0.100252,0.2856947,0,-0.1516278,2167.728,1.783783,0.9970754,Straight,Down,-0.04423466,-0.5118561,TransSharp
250.2599,17.99285,0,-0.100252,0.2936446,0,-0.1448361,2168.447,1.783887,0.9971504,Straight,Down,-0.04423466,-0.513092,TransSharp
250.2999,18.00659,0,-0.100252,0.3015793,0,-0.1383389,2169.167,1.784024,0.9972243,Straight,Down,-0.04423466,-0.5143356,TransSharp
250.3399,18.02206,0,-0.09384334,0.3134814,0,-0.1320447,2169.888,1.784124,0.9972973,Straight,Down,-0.04423466,-0.5155716,TransSharp
250.3799,18.03982,0,-0.07736385,0.3333181,0,-0.1261232,2170.61,1.784151,0.9973692,Straight,Down,-0.04423466,-0.5168152,TransSharp
250.4199,18.06238,0,-0.0590533,0.3531548,0,-0.120755,2171.332,1.784167,0.9974403,Straight,Down,-0.04423466,-0.5180588,TransSharp
250.4599,18.08855,0,-0.04074097,0.3571222,0,-0.1156421,2172.055,1.784214,0.9975104,Straight,Down,-0.04423466,-0.5193024,TransSharp
250.4999,18.11621,0,-0.02792358,0.3571222,0,-0.1109716,2172.78,1.784351,0.9975795,Straight,Down,-0.04423466,-0.520546,TransSharp
250.5399,18.14379,0,-0.0004577637,0.3571222,0,-0.1068118,2173.505,1.784507,0.9976476,Straight,Down,-0.04423466,-0.5217896,TransSharp
250.5799,18.17129,0,0.03341675,0.3571222,0,-0.10297,2174.232,1.784551,0.9977148,Straight,Down,-0.01978234,-0.5230408,TransSharp
250.6199,18.19874,0,0.06362915,0.3571222,0,-0.09956723,2174.959,1.784592,0.9977809,Straight,Down,0,-0.5237885,TransSharp
250.6599,18.22609,0,0.08834839,0.3571222,0,-0.09618071,2175.688,1.784636,0.9978461,Straight,Down,0,-0.5226822,TransSharp
250.6999,18.25338,0,0.09933472,0.3372854,0,-0.09310567,2176.418,1.784719,0.9979104,Straight,Down,0,-0.5215759,TransSharp
250.7399,18.27581,0,0.110321,0.3333181,0,-0.09004149,2177.149,1.784851,0.9979737,Straight,Down,0,-0.5204697,TransSharp
250.7799,18.29758,0,0.1176488,0.3293507,0,-0.08712414,2177.88,1.784986,0.998036,Straight,Down,0,-0.5193634,TransSharp
250.8199,18.31882,0,0.1286352,0.3293507,0,-0.08431488,2178.613,1.785011,0.9980973,Straight,Down,0,-0.5182571,TransSharp
250.8599,18.33977,0,0.1478612,0.3293507,0,-0.08150718,2179.346,1.784955,0.9981576,Straight,Down,0,-0.5171432,TransSharp
250.8999,18.3606,0,0.1643407,0.3293507,0,-0.07869443,2180.081,1.785009,0.998217,Straight,Down,0,-0.5160294,TransSharp
250.9399,18.38137,0,0.1780736,0.3293507,0,-0.07583132,2180.816,1.785034,0.9982755,Straight,Down,0,-0.5149231,TransSharp
250.9799,18.40206,0,0.1826513,0.3293507,0,-0.07299379,2181.552,1.785079,0.9983329,Straight,Down,0,-0.5138016,TransSharp
251.0199,18.4227,0,0.1835668,0.3293507,0,-0.0701853,2182.288,1.785123,0.9983894,Straight,Down,0,-0.5126877,TransSharp
251.0599,18.44329,0,0.1835668,0.3293507,0,-0.06732374,2183.026,1.78514,0.9984449,Straight,Down,0,-0.5115814,TransSharp
251.0999,18.46376,0,0.1899755,0.3293507,0,-0.06444591,2183.764,1.785167,0.9984994,Straight,Down,0,-0.5104599,TransSharp
251.1399,18.48421,0,0.2174413,0.3293507,0,-0.06135577,2184.503,1.785294,0.998553,Straight,Down,0,-0.5093384,TransSharp
251.1799,18.50457,0,0.2494848,0.3293507,0,-0.05803588,2185.243,1.785299,0.9986056,Straight,Down,0,-0.5082169,TransSharp
251.2199,18.52485,0,0.2787817,0.3293507,0,-0.05443394,2185.984,1.785343,0.9986572,Straight,Down,0,-0.5070953,TransSharp
251.2599,18.54505,0,0.3144872,0.3293507,0,-0.05063441,2186.726,1.785371,0.9987078,Straight,Down,0,-0.5059738,TransSharp
251.2999,18.56517,0,0.3318822,0.3293507,0,-0.04632503,2187.468,1.785459,0.9987575,Straight,Down,0,-0.5048523,TransSharp
251.3399,18.58518,0,0.3337133,0.3293507,0,-0.04148099,2188.211,1.785452,0.9988062,Straight,Down,0,-0.5037231,TransSharp
251.3799,18.60524,0,0.3337133,0.3293507,0,-0.0362286,2188.955,1.78539,0.9988539,Straight,Down,0,-0.502594,TransSharp
251.4199,18.62519,0,0.3337133,0.3293507,0,-0.0304307,2189.7,1.785315,0.9989007,Straight,Down,0,-0.5014725,TransSharp
251.4599,18.64508,0,0.3373754,0.3293507,0,-0.02436239,2190.446,1.785497,0.9989464,Straight,Down,0,-0.5003433,TransSharp
251.4999,18.66483,0,0.3437841,0.3293507,0,-0.01772338,2191.192,1.78562,0.9989913,Straight,Down,0,-0.4992065,TransSharp
251.5399,18.68461,0,0.3456151,0.3293507,0,-0.01035833,2191.939,1.785683,0.9990351,Straight,Down,0,-0.4980774,TransSharp
251.5799,18.70423,0,0.3620982,0.3293507,0,-0.002497762,2192.687,1.785912,0.999078,Straight,Down,0,-0.4969406,TransSharp
251.6199,18.72391,0,0.3685069,0.3293507,0,0.006284505,2193.436,1.786067,0.9991199,Straight,Down,0,-0.4958038,TransSharp
251.6599,18.74352,0,0.3694224,0.3293507,0,0.01577809,2194.185,1.786128,0.9991608,Straight,Down,0,-0.4946747,TransSharp
251.6999,18.76298,0,0.3694224,0.3293507,0,0.02613333,2194.936,1.786185,0.9992008,Straight,Down,0,-0.4935303,TransSharp
251.7399,18.78233,0,0.3694224,0.3293507,0,0.03725606,2195.687,1.786122,0.9992397,Straight,Down,0,-0.4923935,TransSharp
251.7799,18.80173,0,0.3675914,0.3293507,0,0.04909864,2196.438,1.786198,0.9992777,Straight,Down,0,-0.4912491,TransSharp
251.8199,18.82102,0,0.3630137,0.3293507,0,0.06182301,2197.191,1.786139,0.9993147,Straight,Down,0,-0.4901123,TransSharp
251.8599,18.84025,0,0.3446996,0.3491875,0,0.07562792,2197.945,1.78607,0.9993508,Straight,Down,0,-0.4889679,TransSharp
251.8999,18.86214,0,0.3373754,0.3531548,0,0.09024373,2198.699,1.786174,0.9993859,Straight,Down,0,-0.4878235,TransSharp
251.9399,18.88614,0,0.3318822,0.3531548,0,0.1057762,2199.454,1.786746,0.99942,Straight,Down,0,-0.4866714,TransSharp
251.9799,18.9095,0,0.3273046,0.3531548,0,0.1170322,2200.21,1.786479,0.9994531,Straight,Down,0,-0.485527,TransSharp
252.0199,18.93297,0,0.3208959,0.3571222,0,0.1271437,2200.967,1.785926,0.9994853,Straight,Down,0,-0.4843826,TransSharp
252.0599,18.95692,0,0.3089941,0.3571222,0,0.1381557,2201.725,1.785402,0.9995165,Straight,Down,0,-0.483223,TransSharp
252.0999,18.98128,0,0.2980077,0.3571222,0,0.1501412,2202.484,1.785149,0.9995466,Straight,Down,0,-0.4820709,TransSharp
252.1399,19.00524,0,0.274204,0.3610895,0,0.1631341,2203.244,1.785146,0.9995759,Straight,Down,0,-0.4809189,TransSharp
252.1799,19.02995,0,0.2485693,0.3610895,0,0.1771517,2204.005,1.785426,0.9996042,Straight,Down,0,-0.4797592,TransSharp
252.2199,19.05458,0,0.2256811,0.3610895,0,0.1920685,2204.767,1.785655,0.9996315,Straight,Down,0,-0.4785995,TransSharp
252.2599,19.07882,0,0.1881444,0.3610895,0,0.2081968,2205.53,1.785783,0.9996578,Straight,Down,0,-0.4774399,TransSharp
252.2999,19.1037,0,0.1597631,0.3610895,0,0.2255119,2206.294,1.785587,0.9996831,Straight,Down,0,-0.4762802,TransSharp
252.3399,19.12839,0,0.1222265,0.3610895,0,0.2433906,2207.059,1.786066,0.9997075,Straight,Down,0,-0.4751205,TransSharp
252.3799,19.15344,0,0.1048279,0.3610895,0,0.2619187,2207.825,1.786788,0.9997308,Straight,Down,0,-0.4739609,TransSharp
252.4199,19.17895,0,0.1048279,0.3610895,0,0.281604,2208.592,1.78752,0.9997532,Straight,Down,0,-0.4727859,TransSharp
252.4599,19.20287,0,0.1048279,0.3610895,0,0.3012099,2209.359,1.788195,0.9997747,Straight,Down,0,-0.4716187,TransSharp
252.4999,19.22673,0,0.1048279,0.3610895,0,0.3149269,2210.128,1.787234,0.9997951,Straight,Down,0,-0.4704437,TransSharp
252.5399,19.25089,0,0.1048279,0.3650568,0,0.3294912,2210.898,1.786397,0.9998146,Straight,Down,0.03426402,-0.4692764,TransSharp
252.5799,19.27656,0,0.1048279,0.3650568,0,0.3448086,2211.669,1.785731,0.9998332,Right,Down,0.05595291,-0.4668884,TransSharp
252.6199,19.30053,0,0.1048279,0.3650568,0,0.3608521,2212.44,1.785482,0.9998507,Right,Down,0.05595291,-0.4628754,TransSharp
252.6599,19.3243,0,0.1048279,0.3769741,0,0.3778397,2213.213,1.785185,0.9998673,Right,Down,0.05595291,-0.4588699,TransSharp
252.6999,19.35073,0,0.1048279,0.3849088,0,0.3956495,2213.987,1.784832,0.9998829,Right,Down,0.05934703,-0.4548569,TransSharp
252.7399,19.38052,0,0.1222265,0.3888762,0,0.4138057,2214.762,1.786277,0.9998975,Right,Down,0.05595291,-0.4508286,TransSharp
252.7799,19.41186,0,0.1597631,0.3928435,0,0.4327204,2215.538,1.787663,0.9999112,Right,Down,0.05934703,-0.4468002,TransSharp
252.8199,19.44052,0,0.2073705,0.3928435,0,0.4487344,2216.315,1.788298,0.9999238,Right,Down,0.05595291,-0.4427567,TransSharp
252.8599,19.47006,0,0.2851903,0.3928435,0,0.4612333,2217.094,1.787329,0.9999356,Right,Down,0.05934703,-0.4387054,TransSharp
252.8999,19.50036,0,0.3556895,0.3928435,0,0.4742638,2217.873,1.786189,0.9999463,Right,Down,0.05595291,-0.4346466,TransSharp
252.9399,19.53083,0,0.3932261,0.3928435,0,0.4881795,2218.654,1.785675,0.999956,Right,Down,0.05934703,-0.4305954,TransSharp
252.9799,19.5596,0,0.4408336,0.3729915,0,0.5034612,2219.436,1.785063,0.9999648,Right,Down,0.05595291,-0.4265213,TransSharp
253.0199,19.58738,0,0.4701304,0.3729915,0,0.5190786,2220.22,1.786237,0.9999726,Right,Down,0.0656106,-0.4224472,TransSharp
253.0599,19.61379,0,0.5104136,0.3729915,0,0.5354134,2221.004,1.788662,0.9999794,Right,Down,0.08392937,-0.4182281,TransSharp
253.0999,19.63687,0,0.5397105,0.3729915,0,0.5473037,2221.79,1.788821,0.9999852,Right,Down,0.08392937,-0.4126358,TransSharp
253.1399,19.66074,0,0.5534434,0.3729915,0,0.5582784,2222.576,1.78787,0.9999901,Right,Down,0.08156469,-0.4070358,TransSharp
253.1799,19.68568,0,0.5699229,0.3729915,0,0.5701621,2223.363,1.786665,0.999994,Right,Down,0.08392937,-0.4014282,TransSharp
253.2199,19.7097,0,0.5827403,0.3729915,0,0.5835412,2224.152,1.785172,0.999997,Right,Down,0.08392937,-0.3958054,TransSharp
253.2599,19.73684,0,0.6129563,0.3729915,0,0.5974852,2224.941,1.78645,0.9999989,Right,Down,0.08622923,-0.3901901,TransSharp
253.2999,19.7598,0,0.6257737,0.3729915,0,0.6113986,2225.731,1.788751,0.9999999,Right,Down,0.08392937,-0.3845596,TransSharp
253.3399,19.78155,0,0.6257737,0.3729915,0,0.620225,2226.522,1.78832,0.9999999,Right,Down,0.08392937,-0.3789139,TransSharp
253.3799,19.80408,0,0.6239426,0.3729915,0,0.6305279,2227.314,1.787004,0.9999989,Right,Down,0.1008706,-0.3732605,TransSharp
253.4199,19.82925,0,0.619365,0.3729915,0,0.6420025,2228.107,1.785139,0.999997,Right,Down,0.1101434,-0.366806,TransSharp
253.4599,19.85528,0,0.619365,0.3729915,0,0.654654,2228.901,1.787592,0.999994,Right,Down,0.1101434,-0.359726,TransSharp
253.4999,19.87595,0,0.619365,0.3729915,0,0.6646253,2229.696,1.788941,0.9999901,Right,Down,0.1083524,-0.352623,TransSharp
253.5399,19.89704,0,0.6184494,0.3729915,0,0.672788,2230.491,1.788337,0.9999852,Right,Down,0.1101434,-0.34552,TransSharp
253.5799,19.91783,0,0.6129563,0.3729915,0,0.6830681,2231.288,1.786337,0.9999794,Right,Down,0.1083524,-0.3384018,TransSharp
253.6199,19.94634,0,0.6120408,0.3729915,0,0.6942962,2232.085,1.787646,0.9999726,Right,Down,0.1136409,-0.3312759,TransSharp
253.6599,19.96649,0,0.6065476,0.3729915,0,0.7032311,2232.884,1.788914,0.9999648,Right,Down,0.1312212,-0.3241348,TransSharp
253.6999,19.98561,0,0.6010544,0.3729915,0,0.7105849,2233.683,1.787706,0.999956,Right,Down,0.132704,-0.3156509,TransSharp
253.7399,20.00679,0,0.5955613,0.3729915,0,0.7195036,2234.483,1.785304,0.9999463,Right,Down,0.132704,-0.3070755,TransSharp
253.7799,20.03227,0,0.5891526,0.3729915,0,0.7298088,2235.284,1.78879,0.9999356,Right,Down,0.1341704,-0.2984848,TransSharp
253.8199,20.05272,0,0.5827403,0.3729915,0,0.733916,2236.086,1.788132,0.9999238,Right,Down,0.1341704,-0.2898788,TransSharp
253.8599,20.06955,0,0.5763316,0.3729915,0,0.7405829,2236.889,1.785753,0.9999112,Right,Down,0.1467098,-0.2812729,TransSharp
253.8999,20.09879,0,0.5662608,0.3729915,0,0.7486027,2237.692,1.787646,0.9998975,Right,Down,0.1582588,-0.2719574,TransSharp
253.9399,20.11696,0,0.5644298,0.3729915,0,0.7519323,2238.497,1.787155,0.9998829,Right,Down,0.1582588,-0.2618713,TransSharp
253.9799,20.13413,0,0.5598521,0.3729915,0,0.7562932,2239.302,1.784604,0.9998673,Right,Down,0.1582588,-0.2517853,TransSharp
254.0199,20.15922,0,0.5534434,0.3729915,0,0.7621356,2240.108,1.786731,0.9998507,Right,Down,0.1619255,-0.2416763,TransSharp
254.0599,20.17954,0,0.5424571,0.3729915,0,0.7617226,2240.915,1.787093,0.9998332,Right,Down,0.1813082,-0.2315598,TransSharp
254.0999,20.19871,0,0.5241466,0.3729915,0,0.7634386,2241.723,1.787539,0.9998147,Right,Down,0.1823843,-0.2200775,TransSharp
254.1399,20.22075,0,0.488441,0.3729915,0,0.7629477,2242.531,1.787238,0.9997952,Right,Down,0.183454,-0.2084579,TransSharp
254.1799,20.24031,0,0.4280162,0.3729915,0,0.759627,2243.34,1.786615,0.9997747,Right,Down,0.1887116,-0.1968231,TransSharp
254.2199,20.26059,0,0.3758311,0.3729915,0,0.7582927,2244.151,1.786115,0.9997533,Right,Down,0.20842,-0.185173,TransSharp
254.2599,20.2811,0,0.3135717,0.3729915,0,0.7589719,2244.962,1.785734,0.9997308,Right,Down,0.20842,-0.1719971,TransSharp
254.2999,20.3015,0,0.2659643,0.3729915,0,0.7615862,2245.773,1.786235,0.9997075,Right,Down,0.2093567,-0.1587982,TransSharp
254.3399,20.32064,0,0.2485693,0.3729915,0,0.7588995,2246.586,1.785839,0.9996831,Right,Flat,0.2255535,-0.1455841,TransSharp
254.3799,20.34004,0,0.2421606,0.3729915,0,0.7562773,2247.399,1.785309,0.9996578,Right,Flat,0.235734,-0.1314926,TransSharp
254.4199,20.36016,0,0.2421606,0.3729915,0,0.7556783,2248.214,1.784995,0.9996315,Right,Flat,0.235734,-0.1166611,TransSharp
254.4599,20.37938,0,0.2421606,0.3729915,0,0.7566357,2249.029,1.784895,0.9996042,Right,Flat,0.2502292,-0.1018295,TransSharp
254.4999,20.39904,0,0.2421606,0.3729915,0,0.7592481,2249.844,1.785055,0.999576,Right,Flat,0.2624426,-0.08623505,TransSharp
254.5399,20.4177,0,0.2366674,0.3729915,0,0.7622026,2250.661,1.785564,0.9995466,Right,Flat,0.2624426,-0.06970978,TransSharp
254.5799,20.43608,0,0.206455,0.3729915,0,0.7593434,2251.478,1.784792,0.9995165,Right,Flat,0.2839303,-0.05317688,TransSharp
254.6199,20.45467,0,0.1780736,0.3729915,0,0.758025,2252.296,1.784175,0.9994853,Right,Flat,0.2907402,-0.03544617,TransSharp
254.6599,20.47401,0,0.1350439,0.3729915,0,0.7581966,2253.115,1.783818,0.9994532,Right,Flat,0.2414744,-0.01719666,TransSharp
254.6999,20.49213,0,0.09292603,0.3729915,0,0.759684,2253.934,1.783945,0.99942,Right,Flat,0.1690205,0.003135681,TransSharp
254.7399,20.51043,0,0.06362915,0.3729915,0,0.7626753,2254.754,1.784207,0.999386,Right,Flat,0.1690205,0.0291748,TransSharp
254.7799,20.52925,0,0.03799438,0.3729915,0,0.766786,2255.575,1.784699,0.9993508,Right,Flat,0.1690205,0.05522919,TransSharp
254.8199,20.54707,0,0.03250122,0.3729915,0,0.7704042,2256.397,1.785285,0.9993148,Right,Flat,0.1690205,0.08132172,TransSharp
254.8599,20.56463,0,0.03250122,0.3729915,0,0.7676368,2257.22,1.784637,0.9992778,Right,Flat,0.1426525,0.1074524,TransSharp
254.8999,20.58239,0,0.03250122,0.3729915,0,0.7659879,2258.043,1.784119,0.9992398,Right,Flat,0.1341704,0.1303635,TransSharp
254.9399,20.60077,0,0.03890991,0.3729915,0,0.7651851,2258.867,1.783817,0.9992008,Right,Up,0.1341704,0.1519699,TransSharp
254.9799,20.61799,0,0.06362915,0.3729915,0,0.7651641,2259.691,1.783847,0.9991608,Right,Up,0.1341704,0.1735764,TransSharp
255.0199,20.6353,0,0.08651733,0.3729915,0,0.7660871,2260.516,1.783986,0.9991199,Right,Up,0.1341704,0.1952133,TransSharp
255.0599,20.65261,0,0.1112366,0.3729915,0,0.7676883,2261.342,1.784059,0.999078,Right,Up,0.1266688,0.2168579,TransSharp
255.0999,20.6699,0,0.123142,0.3729915,0,0.7701945,2262.169,1.784094,0.9990352,Right,Up,0.1083524,0.237854,TransSharp
255.1399,20.68805,0,0.123142,0.3729915,0,0.7733614,2262.996,1.784202,0.9989914,Right,Up,0.1083524,0.2550278,TransSharp
255.1799,20.70435,0,0.123142,0.3729915,0,0.7743982,2263.824,1.784282,0.9989465,Right,Up,0.1083524,0.2722244,TransSharp
255.2199,20.72084,0,0.123142,0.3729915,0,0.7702627,2264.653,1.78356,0.9989008,Right,Up,0.1083524,0.2894363,TransSharp
255.2599,20.73746,0,0.123142,0.3729915,0,0.7671276,2265.482,1.782966,0.998854,Right,Up,0.1083524,0.3066635,TransSharp
255.2999,20.75448,0,0.1286352,0.3729915,0,0.7646016,2266.312,1.782707,0.9988063,Right,Up,0.1101434,0.3239059,TransSharp
255.3399,20.77067,0,0.1359594,0.3729915,0,0.7625494,2267.143,1.782789,0.9987576,Right,Up,0.09891172,0.3411484,TransSharp
255.3799,20.78676,0,0.1533544,0.3729915,0,0.7609721,2267.974,1.782932,0.9987079,Right,Up,0.08622923,0.3572388,TransSharp
255.4199,20.8029,0,0.1661718,0.3729915,0,0.759878,2268.806,1.783097,0.9986573,Right,Up,0.08622923,0.3704376,TransSharp
255.4599,20.81902,0,0.1826513,0.3729915,0,0.7593759,2269.639,1.78317,0.9986057,Right,Up,0.08622923,0.3836517,TransSharp
255.4999,20.8351,0,0.1936376,0.3729915,0,0.7593217,2270.472,1.783364,0.998553,Right,Up,0.08622923,0.3968811,TransSharp
255.5399,20.85116,0,0.2018774,0.3729915,0,0.7596285,2271.306,1.783383,0.9984995,Right,Up,0.08392937,0.4101181,TransSharp
255.5799,20.86716,0,0.208286,0.3729915,0,0.7604263,2272.14,1.783328,0.998445,Right,Up,0.08622923,0.4233551,TransSharp
255.6199,20.88359,0,0.2119482,0.3729915,0,0.7618524,2272.976,1.783738,0.9983895,Right,Up,0.08622923,0.4366226,TransSharp
255.6599,20.89863,0,0.2119482,0.3729915,0,0.7566701,2273.811,1.783103,0.998333,Right,Up,0.08392937,0.4498978,TransSharp
255.6999,20.91386,0,0.2119482,0.3729915,0,0.7500939,2274.648,1.782317,0.9982756,Right,Up,0.07132626,0.4631729,TransSharp
255.7399,20.92968,0,0.2119482,0.3729915,0,0.7441399,2275.485,1.781746,0.9982172,Right,Up,0.0656106,0.4743652,TransSharp
255.7799,20.94463,0,0.2119482,0.3729915,0,0.738827,2276.323,1.7817,0.9981577,Right,Up,0.06255726,0.4839859,TransSharp
255.8199,20.95951,0,0.2119482,0.3729915,0,0.7341155,2277.161,1.781917,0.9980974,Right,Up,0.0656106,0.4936066,TransSharp
255.8599,20.97433,0,0.1936376,0.3729915,0,0.730111,2278,1.782142,0.9980361,Right,Up,0.0656106,0.5032349,TransSharp
255.8999,20.98916,0,0.1588476,0.3729915,0,0.7267516,2278.839,1.782328,0.9979738,Right,Up,0.0656106,0.5128708,TransSharp
255.9399,21.00395,0,0.1295507,0.3729915,0,0.7238932,2279.679,1.782539,0.9979105,Right,Up,0.06255726,0.5225067,TransSharp
255.9799,21.01879,0,0.09933472,0.3729915,0,0.7215725,2280.52,1.782704,0.9978462,Right,Up,0.0656106,0.5321579,TransSharp
256.0199,21.03358,0,0.08651733,0.3729915,0,0.7198139,2281.361,1.782812,0.997781,Right,Up,0.06255726,0.5418091,TransSharp
256.0599,21.04831,0,0.07644653,0.3729915,0,0.7185939,2282.202,1.782895,0.9977148,Right,Up,0.0656106,0.5514679,TransSharp
256.0999,21.06304,0,0.07644653,0.3729915,0,0.7180092,2283.045,1.782934,0.9976478,Right,Up,0.06255726,0.5611343,TransSharp
256.1399,21.07769,0,0.07461548,0.3729915,0,0.7179093,2283.888,1.78289,0.9975796,Right,Up,0.05934703,0.5708084,TransSharp
256.1799,21.09237,0,0.06271362,0.3729915,0,0.7184269,2284.731,1.7829,0.9975104,Straight,Up,0.04423466,0.5799866,TransSharp
256.2199,21.10695,0,0.05264282,0.3729915,0,0.7193664,2285.575,1.782789,0.9974404,Straight,Up,0.04845664,0.5862579,TransSharp
256.2599,21.12217,0,0.04714966,0.3729915,0,0.7208585,2286.42,1.782816,0.9973694,Straight,Up,0.04423466,0.5925369,TransSharp
256.2999,21.13576,0,0.04714966,0.3729915,0,0.7183994,2287.265,1.782737,0.9972974,Straight,Up,0.04423466,0.5988159,TransSharp
256.3399,21.14971,0,0.04623413,0.3729915,0,0.7111165,2288.111,1.782084,0.9972244,Straight,Up,0.04845664,0.6051025,TransSharp
256.3799,21.16363,0,0.0453186,0.3729915,0,0.7044337,2288.958,1.781646,0.9971504,Straight,Up,0.04423466,0.6113892,TransSharp
256.4199,21.17776,0,0.03799438,0.3729915,0,0.6981674,2289.804,1.781369,0.9970756,Straight,Up,0.04845664,0.6176834,TransSharp
256.4599,21.19144,0,0.02883911,0.3729915,0,0.6923715,2290.652,1.781242,0.9969996,Straight,Up,0.04423466,0.6239777,TransSharp
256.4999,21.20504,0,0.02883911,0.3729915,0,0.6869463,2291.5,1.781394,0.9969228,Straight,Up,0.04423466,0.6302719,TransSharp
256.5399,21.21865,0,0.02883911,0.3729915,0,0.6818779,2292.349,1.781494,0.996845,Straight,Up,0.04423466,0.6365738,TransSharp
256.5799,21.23226,0,0.02883911,0.3729915,0,0.6771121,2293.198,1.781651,0.9967662,Straight,Up,0.04845664,0.6428833,TransSharp
256.6199,21.24582,0,0.02883911,0.3729915,0,0.6727179,2294.047,1.781695,0.9966865,Straight,Up,0.04423466,0.6491928,TransSharp
256.6599,21.25937,0,0.02883911,0.3729915,0,0.6685433,2294.898,1.781707,0.9966057,Straight,Up,0.04423466,0.6555023,TransSharp
256.6999,21.27294,0,0.04623413,0.3729915,0,0.6645954,2295.749,1.781682,0.996524,Straight,Up,0.04423466,0.6618195,TransSharp
256.7399,21.28638,0,0.06271362,0.3729915,0,0.6611721,2296.6,1.78162,0.9964414,Straight,Up,0.04423466,0.6681442,TransSharp
256.7799,21.29985,0,0.08010864,0.3729915,0,0.6579983,2297.452,1.781529,0.9963577,Straight,Up,0.03956468,0.674469,TransSharp
256.8199,21.31325,0,0.08102417,0.3729915,0,0.6552498,2298.304,1.781547,0.9962732,Straight,Up,0.02797646,0.6806259,TransSharp
256.8599,21.3266,0,0.08102417,0.3729915,0,0.6527594,2299.157,1.781438,0.9961876,Straight,Up,0.02797646,0.6834412,TransSharp
256.8999,21.33993,0,0.08102417,0.3729915,0,0.6506479,2300.01,1.781464,0.9961011,Straight,Up,0.01978234,0.6862564,TransSharp
256.9399,21.35322,0,0.08102417,0.3729915,0,0.6486186,2300.865,1.78136,0.9960135,Straight,Up,0.02797646,0.689064,TransSharp
256.9799,21.36647,0,0.08102417,0.3729915,0,0.6468848,2301.719,1.78125,0.9959251,Straight,Up,0.02797646,0.6918869,TransSharp
257.0199,21.37967,0,0.07095337,0.3729915,0,0.6454688,2302.574,1.78112,0.9958357,Straight,Up,0.02797646,0.6947098,TransSharp
257.0599,21.39284,0,0.05630493,0.3729915,0,0.6443146,2303.43,1.781088,0.9957452,Straight,Up,0.02797646,0.6975327,TransSharp
257.0999,21.40596,0,0.03799438,0.3928435,0,0.643205,2304.286,1.780924,0.9956539,Straight,Up,0.02797646,0.7003479,TransSharp
257.1399,21.42359,0,0.02700806,0.3928435,0,0.6424197,2305.143,1.780824,0.9955616,Straight,Up,0.02797646,0.7031784,TransSharp
257.1799,21.44097,0,0.02059937,0.3968109,0,0.6419613,2306,1.780714,0.9954683,Straight,Up,0.02797646,0.7060089,TransSharp
257.2199,21.45879,0,0.01052856,0.3968109,0,0.6416142,2306.858,1.78067,0.995374,Straight,Up,0.02797646,0.7088318,TransSharp
257.2599,21.47694,0,0.003204346,0.3968109,0,0.6415623,2307.717,1.78052,0.9952788,Straight,Up,0.02797646,0.7116699,TransSharp
257.2999,21.49501,0,-0.01052856,0.3968109,0,0.6415604,2308.577,1.780383,0.9951826,Straight,Up,0.01978234,0.7145004,TransSharp
257.3399,21.51257,0,-0.01693726,0.3968109,0,0.6418153,2309.437,1.780209,0.9950854,Straight,Up,0.02797646,0.7173386,TransSharp
257.3799,21.53114,0,-0.02883911,0.3729915,0,0.6372464,2310.298,1.780197,0.9949873,Straight,Up,0.02797646,0.7201691,TransSharp
257.4199,21.54448,0,-0.05264282,0.3690242,0,0.6287236,2311.16,1.780459,0.9948882,Straight,Up,0.02797646,0.7230148,TransSharp
257.4599,21.55646,0,-0.07187068,0.3650568,0,0.6202773,2312.022,1.780635,0.9947882,Straight,Up,0.02797646,0.725853,TransSharp
257.4999,21.56757,0,-0.1057452,0.3610895,0,0.6117836,2312.884,1.780497,0.9946871,Straight,Up,0.02797646,0.7286987,TransSharp
257.5399,21.57804,0,-0.1231402,0.3571222,0,0.6033365,2313.747,1.780246,0.9945852,Straight,Up,0.02797646,0.7315369,TransSharp
257.5799,21.588,0,-0.1249713,0.3491875,0,0.5949003,2314.611,1.780057,0.9944822,Straight,Up,0.02797646,0.7343826,TransSharp
257.6199,21.59612,0,-0.1249713,0.3333181,0,0.5864043,2315.474,1.779802,0.9943783,Straight,Up,0.02797646,0.737236,TransSharp
257.6599,21.60112,0,-0.1194781,0.3174487,0,0.5779513,2316.338,1.779518,0.9942734,Straight,Up,0.02797646,0.7400818,TransSharp
257.6999,21.60299,0,-0.1011676,0.2618906,0,0.5694205,2317.203,1.77932,0.9941676,Straight,Up,0.01978234,0.7429276,TransSharp
257.7399,21.59493,0,-0.08285701,0.1983978,0,0.5609354,2318.067,1.779079,0.9940608,Straight,Up,0.02797646,0.7457733,TransSharp
257.7799,21.57384,0,-0.05355835,0.1309529,0,0.5524576,2318.93,1.778861,0.993953,Straight,Up,0.03426402,0.7486191,TransSharp
257.8199,21.53598,0,-0.03341675,0.1031662,0,0.5438416,2319.792,1.778565,0.9938443,Straight,Up,0.02797646,0.7514572,TransSharp
257.8599,21.49064,0,-0.0050354,0.08729687,0,0.5353119,2320.652,1.778339,0.9937345,Straight,Up,0,0.7542877,TransSharp
257.8999,21.44157,0,0.02059937,0.08729687,0,0.5266563,2321.51,1.778127,0.9936239,Straight,Up,0,0.7545166,TransSharp
257.9399,21.39227,0,0.02792358,0.08729687,0,0.5179554,2322.366,1.777971,0.9935122,Straight,Up,0,0.750145,TransSharp
257.9799,21.34311,0,0.03982544,0.08729687,0,0.509198,2323.22,1.777894,0.9933997,Straight,Up,0,0.7457886,TransSharp
258.0199,21.29411,0,0.05813599,0.08729687,0,0.5002801,2324.072,1.777731,0.9932861,Straight,Up,0,0.7414246,TransSharp
258.0599,21.24524,0,0.07644653,0.08729687,0,0.491284,2324.922,1.777607,0.9931717,Straight,Up,0,0.7370911,TransSharp
258.0999,21.19654,0,0.1167297,0.08729687,0,0.4821348,2325.77,1.777457,0.9930562,Straight,Up,0,0.7327576,TransSharp
258.1399,21.14797,0,0.1423681,0.08729687,0,0.4730654,2326.616,1.777302,0.9929398,Straight,Up,0,0.7284393,TransSharp
258.1799,21.09956,0,0.1835668,0.08729687,0,0.4640619,2327.46,1.777274,0.9928224,Straight,Up,0,0.7241287,TransSharp
258.2199,21.05129,0,0.2027929,0.08729687,0,0.455282,2328.303,1.777247,0.992704,Straight,Up,0,0.7198257,TransSharp
258.2599,21.00317,0,0.2119482,0.08729687,0,0.4464777,2329.144,1.777125,0.9925848,Straight,Up,0,0.7155304,TransSharp
258.2999,20.95519,0,0.2137792,0.08729687,0,0.4377535,2329.983,1.776961,0.9924644,Straight,Up,0,0.7112503,TransSharp
258.3399,20.90736,0,0.2137792,0.08729687,0,0.4291599,2330.82,1.776758,0.9923432,Straight,Up,0,0.7069778,TransSharp
258.3799,20.85966,0,0.2174413,0.08729687,0,0.4209592,2331.655,1.776558,0.9922211,Straight,Up,0,0.702713,TransSharp
258.4199,20.8121,0,0.2174413,0.08729687,0,0.4128018,2332.488,1.776362,0.9920979,Straight,Up,0,0.6984558,TransSharp
258.4599,20.76468,0,0.2128637,0.08729687,0,0.4049599,2333.319,1.776314,0.9919738,Straight,Up,0,0.6942139,TransSharp
258.4999,20.71739,0,0.18906,0.08729687,0,0.3974065,2334.148,1.776224,0.9918487,Straight,Up,0,0.6899796,TransSharp
258.5399,20.67025,0,0.1698339,0.08729687,0,0.3899574,2334.975,1.776063,0.9917227,Straight,Up,0,0.6857605,TransSharp
258.5799,20.62323,0,0.1469457,0.08729687,0,0.3828539,2335.8,1.77588,0.9915957,Straight,Up,0,0.6815491,TransSharp
258.6199,20.57636,0,0.1295507,0.08729687,0,0.3760277,2336.624,1.775762,0.9914677,Straight,Up,0,0.6773376,TransSharp
258.6599,20.52962,0,0.110321,0.08729687,0,0.3694802,2337.446,1.775665,0.9913388,Straight,Up,0,0.6731491,TransSharp
258.6999,20.48302,0,0.08651733,0.08729687,0,0.3632491,2338.265,1.775526,0.991209,Straight,Up,0,0.6689606,TransSharp
258.7399,20.43656,0,0.07461548,0.1071336,0,0.3575047,2339.083,1.77537,0.9910782,Straight,Up,0,0.6647873,TransSharp
258.7799,20.39436,0,0.06912231,0.1071336,0,0.3520574,2339.899,1.775312,0.9909464,Straight,Up,0,0.660614,TransSharp
258.8199,20.35252,0,0.06454468,0.1111009,0,0.3469186,2340.714,1.77509,0.9908137,Straight,Up,0,0.656456,TransSharp
258.8599,20.31172,0,0.05722046,0.1111009,0,0.3423043,2341.527,1.774985,0.99068,Straight,Up,0,0.6523056,TransSharp
258.8999,20.27101,0,0.03890991,0.1111009,0,0.3382033,2342.338,1.774962,0.9905454,Straight,Up,0,0.6481628,TransSharp
258.9399,20.23043,0,0.02151489,0.1111009,0,0.3344115,2343.148,1.774772,0.9904097,Straight,Up,0,0.6440277,TransSharp
258.9799,20.18996,0,-0.0050354,0.1111009,0,0.3309657,2343.956,1.774566,0.9902732,Straight,Up,0,0.6399002,TransSharp
259.0199,20.14963,0,-0.02151489,0.1150683,0,0.3276559,2344.762,1.774431,0.9901357,Straight,Up,0,0.635788,TransSharp
259.0599,20.11034,0,-0.02975464,0.1150683,0,0.3248265,2345.567,1.774392,0.9899972,Straight,Up,0,0.6316833,TransSharp
259.0999,20.07112,0,-0.0352478,0.1150683,0,0.3222152,2346.37,1.774224,0.9898579,Straight,Up,0,0.6275711,TransSharp
259.1399,20.03203,0,-0.03890991,0.1150683,0,0.3199309,2347.172,1.77401,0.9897175,Straight,Up,0,0.6234818,TransSharp
259.1799,19.99305,0,-0.03890991,0.1150683,0,0.3176846,2347.972,1.773799,0.9895761,Straight,Up,0,0.6194,TransSharp
259.2199,19.95419,0,-0.03890991,0.1150683,0,0.3156661,2348.771,1.773633,0.9894338,Straight,Up,0,0.6153183,TransSharp
259.2599,19.91546,0,-0.03890991,0.1150683,0,0.3139668,2349.567,1.77355,0.9892906,Straight,Up,0,0.6112518,TransSharp
259.2999,19.87684,0,-0.04074097,0.1150683,0,0.3122556,2350.363,1.773242,0.9891464,Straight,Up,0,0.607193,TransSharp
259.3399,19.83834,0,-0.04806519,0.1150683,0,0.3109693,2351.157,1.77305,0.9890012,Straight,Up,0,0.6031342,TransSharp
259.3799,19.79995,0,-0.06546199,0.1150683,0,0.3097063,2351.949,1.772954,0.9888552,Straight,Up,0,0.5990906,TransSharp
259.4199,19.76168,0,-0.08835018,0.1150683,0,0.3086621,2352.74,1.772825,0.9887081,Straight,Up,0,0.5950546,TransSharp
259.4599,19.72352,0,-0.1048297,0.1150683,0,0.307735,2353.529,1.772615,0.9885601,Straight,Up,0,0.5910263,TransSharp
259.4999,19.68548,0,-0.1185626,0.1150683,0,0.3069009,2354.317,1.772368,0.9884111,Straight,Up,0,0.5870056,TransSharp
259.5399,19.64754,0,-0.1286334,0.1150683,0,0.3061005,2355.104,1.77209,0.9882612,Straight,Up,0,0.5829849,TransSharp
259.5799,19.60973,0,-0.1414508,0.1150683,0,0.3053206,2355.888,1.771887,0.9881103,Straight,Up,0,0.5789795,TransSharp
259.6199,19.57202,0,-0.1597613,0.1150683,0,0.3044446,2356.671,1.77172,0.9879585,Straight,Up,0,0.5749817,TransSharp
259.6599,19.53443,0,-0.1670855,0.1150683,0,0.3034489,2357.453,1.771555,0.9878057,Straight,Up,0,0.5709915,TransSharp
259.6999,19.49694,0,-0.1670855,0.1190356,0,0.3024237,2358.233,1.771351,0.9876521,Straight,Up,0,0.5670013,TransSharp
259.7399,19.46006,0,-0.1670855,0.1190356,0,0.301213,2359.012,1.771136,0.9874973,Straight,Up,0,0.5630264,TransSharp
259.7799,19.42365,0,-0.1652545,0.1190356,0,0.2997555,2359.79,1.770892,0.9873417,Straight,Up,0,0.5590591,TransSharp
259.8199,19.38734,0,-0.1615924,0.123003,0,0.2983092,2360.565,1.770827,0.9871852,Straight,Up,0,0.5550995,TransSharp
259.8599,19.35208,0,-0.1615924,0.123003,0,0.2965983,2361.34,1.770771,0.9870276,Straight,Up,0,0.5511475,TransSharp
259.8999,19.31686,0,-0.1606768,0.1269856,0,0.2945942,2362.113,1.770566,0.9868692,Straight,Up,0,0.5471954,TransSharp
259.9399,19.28267,0,-0.1414508,0.1269856,0,0.2922018,2362.885,1.770278,0.9867097,Straight,Up,0,0.5432663,TransSharp
259.9799,19.24853,0,-0.09475887,0.1309529,0,0.2894619,2363.655,1.769947,0.9865494,Straight,Up,0,0.5393295,TransSharp
260.0199,19.21501,0,-0.05355835,0.1349203,0,0.2866972,2364.424,1.769749,0.9863881,Straight,Up,0,0.5354004,TransSharp
260.0599,19.18285,0,-0.02883911,0.1388876,0,0.2836059,2365.191,1.769639,0.9862258,Straight,Up,0,0.5314789,TransSharp
260.0999,19.15128,0,0.004119873,0.1587244,0,0.280136,2365.958,1.769506,0.9860626,Straight,Up,0,0.527565,TransSharp
260.1399,19.12358,0,0.02151489,0.1706264,0,0.2766348,2366.723,1.769352,0.9858985,Straight,Up,0,0.5236588,TransSharp
260.1799,19.09925,0,0.03982544,0.1745937,0,0.2727396,2367.487,1.769164,0.9857333,Straight,Up,0,0.5197601,TransSharp
260.2199,19.07617,0,0.06546021,0.1745937,0,0.2686391,2368.251,1.768985,0.9855672,Straight,Up,0,0.5158615,TransSharp
260.2599,19.05313,0,0.0819397,0.1745937,0,0.2644939,2369.013,1.768862,0.9854003,Straight,Up,0,0.5119705,TransSharp
260.2999,19.03013,0,0.1048279,0.1785611,0,0.2602039,2369.775,1.768864,0.9852324,Straight,Up,0,0.5080795,TransSharp
260.3399,19.00817,0,0.1277196,0.1785611,0,0.25575,2370.535,1.768789,0.9850634,Straight,Up,0,0.5042038,TransSharp
260.3799,18.98621,0,0.1533544,0.1785611,0,0.251135,2371.295,1.768689,0.9848937,Straight,Up,0,0.5003204,TransSharp
260.4199,18.96431,0,0.1725805,0.1785611,0,0.2462793,2372.053,1.768537,0.9847228,Straight,Up,0,0.4964447,TransSharp
260.4599,18.94248,0,0.1725805,0.1785611,0,0.2417301,2372.812,1.768399,0.9845511,Straight,Up,0,0.4925766,TransSharp
260.4999,18.92072,0,0.1652563,0.1785611,0,0.2373177,2373.569,1.768291,0.9843783,Straight,Up,0,0.4887085,TransSharp
260.5399,18.89901,0,0.1414526,0.1785611,0,0.2326425,2374.325,1.768074,0.9842048,Straight,Up,0,0.484848,TransSharp
260.5799,18.87739,0,0.1048279,0.1785611,0,0.2281239,2375.08,1.767862,0.9840302,Straight,Up,0,0.4809952,TransSharp
260.6199,18.85582,0,0.07095337,0.1825284,0,0.2235077,2375.834,1.76767,0.9838547,Straight,Up,0,0.4771423,TransSharp
260.6599,18.83485,0,0.05081177,0.1825284,0,0.2188884,2376.588,1.767566,0.9836783,Straight,Up,0,0.4732971,TransSharp
260.6999,18.81425,0,0.02243042,0.1825284,0,0.2143477,2377.341,1.767498,0.9835009,Straight,Up,0,0.4694519,TransSharp
260.7399,18.79374,0,0.01052856,0.1825284,0,0.2095873,2378.093,1.765852,0.9833226,Straight,Up,0,0.4656067,TransSharp
260.7799,18.77547,0,-0.0004577637,0.1825284,0,0.208143,2378.844,1.766704,0.9831432,Straight,Up,0,0.4617844,TransSharp
260.8199,18.75668,0,-0.009613037,0.2023651,0,0.208055,2379.594,1.768508,0.9829631,Straight,Up,0,0.457962,TransSharp
260.8599,18.74176,0,-0.01052856,0.2142824,0,0.208055,2380.344,1.770102,0.9827819,Straight,Up,0,0.4541321,TransSharp
260.8999,18.729,0,-0.01693726,0.2261845,0,0.2079663,2381.094,1.770566,0.9825997,Straight,Up,0,0.4503174,TransSharp
260.9399,18.72088,0,-0.02243042,0.2301518,0,0.208162,2381.843,1.770301,0.9824167,Straight,Up,0,0.4464951,TransSharp
260.9799,18.71356,0,-0.02334595,0.2301518,0,0.2085223,2382.591,1.769562,0.9822328,Straight,Up,0,0.4426651,TransSharp
261.0199,18.70652,0,-0.02334595,0.2301518,0,0.2088063,2383.339,1.768749,0.9820479,Straight,Up,0,0.4388504,TransSharp
261.0599,18.69946,0,-0.02334595,0.2301518,0,0.209081,2384.087,1.767857,0.9818619,Straight,Up,0,0.4350281,TransSharp
261.0999,18.69234,0,-0.02334595,0.2301518,0,0.2096764,2384.835,1.767168,0.9816752,Straight,Up,0,0.4312057,TransSharp
261.1399,18.68526,0,-0.02334595,0.2301518,0,0.2103238,2385.583,1.766633,0.9814875,Straight,Up,0,0.4273911,TransSharp
261.1799,18.67816,0,-0.02334595,0.2301518,0,0.210867,2386.33,1.766092,0.9812987,Straight,Up,0,0.4235764,TransSharp
261.2199,18.6711,0,-0.02426147,0.2301518,0,0.2114621,2387.077,1.765582,0.9811091,Straight,Up,0,0.4197617,TransSharp
261.2599,18.66404,0,-0.02792358,0.2301518,0,0.2120739,2387.823,1.765219,0.9809186,Straight,Up,0,0.415947,TransSharp
261.2999,18.657,0,-0.03341675,0.2301518,0,0.2128425,2388.57,1.765033,0.9807271,Straight,Up,0,0.4121399,TransSharp
261.3399,18.64999,0,-0.0352478,0.2301518,0,0.2135721,2389.316,1.764796,0.9805347,Straight,Up,-0.02797646,0.4083252,TransSharp
261.3799,18.64303,0,-0.03890991,0.2301518,0,0.2142648,2390.062,1.764667,0.9803414,Straight,Up,-0.03956468,0.3990402,TransSharp
261.4199,18.63606,0,-0.03890991,0.2301518,0,0.2149079,2390.807,1.764486,0.980147,Straight,Up,-0.03956468,0.3839951,TransSharp
261.4599,18.6291,0,-0.03890991,0.2301518,0,0.215503,2391.552,1.764073,0.9799517,Straight,Up,-0.03956468,0.3689499,TransSharp
261.4999,18.62265,0,-0.03890991,0.2301518,0,0.2160481,2392.298,1.762684,0.9797555,Straight,Up,-0.03426402,0.35392,TransSharp
261.5399,18.61723,0,-0.03890991,0.2301518,0,0.2217224,2393.042,1.763695,0.9795585,Straight,Up,-0.03426402,0.338913,TransSharp
261.5799,18.61147,0,-0.03890991,0.2301518,0,0.228115,2393.787,1.764794,0.9793605,Straight,Up,-0.03426402,0.3239059,TransSharp
261.6199,18.60553,0,-0.02883911,0.2301518,0,0.234465,2394.531,1.765678,0.9791614,Straight,Up,-0.03426402,0.3088989,TransSharp
261.6599,18.59999,0,-0.02151489,0.2301518,0,0.2407855,2395.275,1.765839,0.9789616,Straight,Up,-0.03426402,0.2938843,TransSharp
261.6999,18.59503,0,-0.005950928,0.2301518,0,0.2470677,2396.019,1.765408,0.9787607,Straight,Up,-0.03956468,0.2788696,TransSharp
261.7399,18.59013,0,0.004119873,0.2301518,0,0.2531938,2396.763,1.764725,0.9785589,Straight,Up,-0.03426402,0.263855,TransSharp
261.7799,18.5852,0,0.02059937,0.2301518,0,0.2593237,2397.506,1.764081,0.9783562,Straight,Up,-0.03956468,0.2488403,TransSharp
261.8199,18.58026,0,0.02883911,0.2063325,0,0.2654614,2398.249,1.763394,0.9781526,Straight,Up,-0.03426402,0.2338333,TransSharp
261.8599,18.57198,0,0.03250122,0.2063325,0,0.2715111,2398.992,1.762879,0.977948,Straight,Up,-0.03426402,0.2188339,TransSharp
261.8999,18.56195,0,0.03250122,0.2023651,0,0.2775992,2399.735,1.762425,0.9777424,Straight,Up,-0.03956468,0.2038422,TransSharp
261.9399,18.55086,0,0.03250122,0.1983978,0,0.2834931,2400.477,1.761929,0.977536,Straight,Up,-0.03956468,0.188858,TransSharp
261.9799,18.53891,0,0.02151489,0.1983978,0,0.2894863,2401.219,1.761582,0.9773287,Straight,Up,-0.03956468,0.1738892,TransSharp
262.0199,18.52707,0,0.0050354,0.1944305,0,0.295548,2401.96,1.761357,0.9771203,Straight,Up,-0.03426402,0.1589203,TransSharp
262.0599,18.51432,0,-0.0004577637,0.1904631,0,0.3015265,2402.701,1.761098,0.9769111,Straight,Flat,-0.03426402,0.1439667,TransSharp
262.0999,18.50073,0,-0.0004577637,0.1864958,0,0.3072108,2403.441,1.760808,0.976701,Straight,Flat,0,0.1290283,TransSharp
262.1399,18.48671,0,-0.0004577637,0.1864958,0,0.3130785,2404.18,1.760595,0.9764899,Straight,Flat,0,0.1197968,TransSharp
262.1799,18.47243,0,0.01052856,0.1825284,0,0.3188279,2404.919,1.760416,0.9762778,Straight,Flat,0,0.1164246,TransSharp
262.2199,18.45764,0,0.02059937,0.1785611,0,0.324517,2405.658,1.760267,0.9760648,Straight,Flat,0,0.1130524,TransSharp
262.2599,18.44204,0,0.02334595,0.1745937,0,0.3302823,2406.396,1.760122,0.9758511,Straight,Flat,0,0.1096725,TransSharp
262.2999,18.42562,0,0.02792358,0.1706264,0,0.3359523,2407.133,1.759863,0.9756362,Straight,Flat,0,0.106308,TransSharp
262.3399,18.40838,0,0.02792358,0.1626917,0,0.3416879,2407.869,1.759467,0.9754204,Straight,Flat,0,0.102951,TransSharp
262.3799,18.38978,0,0.02792358,0.1507896,0,0.3474385,2408.605,1.759216,0.9752039,Straight,Flat,0,0.09957886,TransSharp
262.4199,18.36817,0,0.02243042,0.1349203,0,0.3532503,2409.34,1.759079,0.9749863,Straight,Flat,0,0.09622955,TransSharp
262.4599,18.34342,0,0.00869751,0.1190356,0,0.3590626,2410.074,1.75889,0.9747677,Straight,Flat,0,0.09287262,TransSharp
262.4999,18.31529,0,-0.01602173,0.09523156,0,0.3649248,2410.807,1.758784,0.9745482,Straight,Flat,0,0.08952332,TransSharp
262.5399,18.28268,0,-0.03341675,0.08332952,0,0.3707118,2411.539,1.758579,0.9743279,Straight,Flat,0,0.08618164,TransSharp
262.5799,18.24661,0,-0.03982544,0.07539482,0,0.376211,2412.269,1.758316,0.9741066,Straight,Flat,0,0.0828476,TransSharp
262.6199,18.20892,0,-0.0453186,0.07142748,0,0.3817598,2412.998,1.758091,0.9738843,Straight,Flat,0,0.07951355,TransSharp
262.6599,18.17013,0,-0.04623413,0.07142748,0,0.3873275,2413.725,1.757878,0.9736613,Straight,Flat,0,0.07619476,TransSharp
262.6999,18.13151,0,-0.04623413,0.07142748,0,0.3927818,2414.45,1.757555,0.9734372,Straight,Flat,0,0.07288361,TransSharp
262.7399,18.093,0,-0.04623413,0.07142748,0,0.3980872,2415.175,1.757227,0.9732121,Straight,Flat,0,0.06957245,TransSharp
262.7799,18.05462,0,-0.04623413,0.07142748,0,0.4033819,2415.897,1.757064,0.9729862,Straight,Flat,0,0.06626892,TransSharp
262.8199,18.01635,0,-0.04623413,0.07142748,0,0.4087001,2416.618,1.756795,0.9727595,Straight,Flat,0,0.06298065,TransSharp
262.8599,17.97819,0,-0.04623413,0.07142748,0,0.41403,2417.338,1.756419,0.9725317,Straight,Flat,0,0.05968475,TransSharp
262.8999,17.93913,0,-0.04714966,0.07142748,0,0.4186125,2418.056,1.755282,0.972303,Straight,Flat,0,0.05641174,TransSharp
262.9399,17.90251,0,-0.06637752,0.07142748,0,0.4234124,2418.772,1.753921,0.9720734,Straight,Flat,0,0.05313873,TransSharp
262.9799,17.86444,0,-0.0892657,0.07142748,0,0.4289193,2419.487,1.756803,0.971843,Straight,Flat,0,0.04987335,TransSharp
263.0199,17.82651,0,-0.1121539,0.07142748,0,0.4342252,2420.2,1.756223,0.9716115,Straight,Flat,0,0.0466156,TransSharp
263.0599,17.78879,0,-0.1185626,0.09126421,0,0.4393931,2420.912,1.755785,0.9713791,Straight,Flat,0,0.04335785,TransSharp
263.0999,17.75409,0,-0.1194781,0.09126421,0,0.4432833,2421.623,1.754692,0.971146,Straight,Flat,0,0.04010773,TransSharp
263.1399,17.72073,0,-0.1194781,0.0991989,0,0.4478825,2422.332,1.75384,0.9709117,Straight,Flat,0,0.03686523,TransSharp
263.1799,17.68916,0,-0.1194781,0.1111009,0,0.4524894,2423.04,1.753218,0.9706765,Straight,Flat,-0.01978234,0.033638,TransSharp
263.2199,17.66001,0,-0.1249713,0.123003,0,0.4568631,2423.747,1.752794,0.9704405,Straight,Flat,0,0.03040314,TransSharp
263.2599,17.6339,0,-0.1359576,0.1309529,0,0.4610384,2424.452,1.752561,0.9702037,Straight,Flat,0,0.02718353,TransSharp
263.2999,17.60994,0,-0.148775,0.1825284,0,0.4657593,2425.157,1.752684,0.9699658,Straight,Flat,0,-0.07828522,Normal
263.3399,17.59417,0,-0.148775,0.1825284,0,0.4693356,2425.861,1.752597,0.9697269,Straight,Flat,0,-0.08572388,Normal
263.3799,17.58119,0,-0.148775,0.1825284,0,0.4729422,2426.564,1.752549,0.9694874,Straight,Flat,0,-0.09314728,Normal
263.4199,17.56851,0,-0.1286334,0.1825284,0,0.4765031,2427.267,1.752592,0.9692467,Straight,Flat,0,-0.1005783,Normal
263.4599,17.55593,0,-0.09384334,0.1825284,0,0.4799152,2427.97,1.752708,0.9690052,Straight,Flat,0,-0.1079941,Normal
263.4999,17.5434,0,-0.07003963,0.1825284,0,0.4829,2428.672,1.752794,0.9687626,Straight,Flat,-0.01978234,-0.1154099,Normal
263.5399,17.5309,0,-0.0590533,0.1825284,0,0.4855074,2429.373,1.753116,0.9685194,Straight,Flat,0,-0.122818,Normal
263.5799,17.51845,0,-0.0590533,0.1825284,0,0.4873016,2430.074,1.753172,0.9682752,Straight,Flat,0,-0.1302185,Normal
263.6199,17.50603,0,-0.06546199,0.1864958,0,0.4886115,2430.774,1.753217,0.9680299,Straight,Flat,-0.01978234,-0.137619,Normal
263.6599,17.49462,0,-0.07644832,0.2063325,0,0.4892383,2431.474,1.75349,0.9677839,Straight,Flat,0,-0.1450119,Normal
263.6999,17.48644,0,-0.08285701,0.2182498,0,0.489785,2432.174,1.753661,0.9675369,Straight,Down,-0.01978234,-0.1524048,Normal
263.7399,17.48133,0,-0.08743465,0.2341192,0,0.4900074,2432.873,1.753783,0.967289,Straight,Down,0,-0.15979,Normal
263.7799,17.48051,0,-0.08743465,0.2380865,0,0.4907257,2433.572,1.753425,0.9670401,Straight,Down,0,-0.1671753,Normal
263.8199,17.48064,0,-0.05722046,0.2420539,0,0.4915025,2434.271,1.75326,0.9667905,Straight,Down,-0.01978234,-0.1745605,Normal
263.8599,17.48165,0,-0.02792358,0.2460212,0,0.492533,2434.971,1.753804,0.9665398,Straight,Down,0,-0.1819458,Normal
263.8999,17.48298,0,-0.02426147,0.2539559,0,0.4934795,2435.67,1.754329,0.9662882,Straight,Down,0,-0.1893311,Normal
263.9399,17.48671,0,-0.03433228,0.2579232,0,0.4941668,2436.369,1.754309,0.9660359,Straight,Down,0,-0.1967163,Normal
263.9799,17.49112,0,-0.05172729,0.2579232,0,0.4945031,2437.069,1.754261,0.9657824,Straight,Down,0,-0.2041092,Normal
264.0199,17.49576,0,-0.07553279,0.2579232,0,0.4950544,2437.769,1.754203,0.9655281,Straight,Down,-0.01978234,-0.2115021,Normal
264.0599,17.50039,0,-0.0892657,0.2698253,0,0.4951083,2438.469,1.753892,0.9652729,Straight,Down,0,-0.2188873,Normal
264.0999,17.50757,0,-0.1011676,0.2737926,0,0.4948107,2439.169,1.753466,0.9650169,Straight,Down,0,-0.2262878,Normal
264.1399,17.51548,0,-0.1112384,0.2737926,0,0.4938739,2439.87,1.753125,0.9647599,Straight,Down,0,-0.2336884,Normal
264.1799,17.52363,0,-0.1112384,0.2737926,0,0.4925346,2440.571,1.752815,0.9645019,Straight,Down,0,-0.2410965,Normal
264.2199,17.53128,0,-0.0956744,0.2737926,0,0.4907241,2441.272,1.751786,0.9642431,Straight,Down,-0.04845664,-0.248497,Normal
264.2599,17.54125,0,-0.07003963,0.2737926,0,0.4907179,2441.973,1.751326,0.9639834,Left,Down,-0.1203313,-0.2589798,Normal
264.2999,17.5506,0,-0.02334595,0.2737926,0,0.4932358,2442.675,1.752467,0.9637228,Left,Down,-0.1203313,-0.3281631,Normal
264.3399,17.55968,0,0.02700806,0.27776,0,0.4954903,2443.377,1.753365,0.9634612,Left,Down,-0.1203313,-0.3973999,Normal
264.3799,17.56853,0,0.05081177,0.289662,0,0.4976231,2444.08,1.753847,0.9631989,Left,Down,-0.1203313,-0.4666824,Normal
264.4199,17.58173,0,0.06271362,0.3015793,0,0.5008059,2444.783,1.752277,0.9629356,Left,Down,-0.1186941,-0.5360336,Normal
264.4599,17.5985,0,0.06271362,0.3055466,0,0.5032746,2445.487,1.751466,0.9626713,Left,Down,-0.1203313,-0.6054001,Normal
264.4999,17.6163,0,0.06271362,0.3134814,0,0.5053802,2446.191,1.752383,0.9624061,Left,Down,-0.1170339,-0.6747971,Normal
264.5399,17.63768,0,0.06271362,0.3134814,0,0.5077455,2446.897,1.752419,0.9621402,Left,Down,-0.09278741,-0.7442245,Normal
264.5799,17.65814,0,0.06271362,0.3174487,0,0.5151585,2447.603,1.75365,0.9618732,Left,Down,-0.08622923,-0.8010406,Normal
264.6199,17.67984,0,0.06546021,0.3174487,0,0.52208,2448.31,1.75404,0.9616053,Left,Down,-0.08392937,-0.8521729,Normal
264.6599,17.70224,0,0.07553101,0.3174487,0,0.5282456,2449.018,1.75404,0.9613367,Left,Down,-0.08622923,-0.9034119,Normal
264.6999,17.72546,0,0.09475708,0.3174487,0,0.5344266,2449.726,1.753244,0.961067,Left,Down,-0.08392937,-0.9547501,Normal
264.7399,17.7487,0,0.1350439,0.3174487,0,0.5404546,2450.436,1.752166,0.9607964,Left,Down,-0.08392937,-1.00618,Normal
264.7799,17.77099,0,0.1725805,0.3174487,0,0.5468434,2451.147,1.750709,0.9605249,Left,Down,-0.08622923,-1.057663,Normal
264.8199,17.79482,0,0.2302587,0.2936446,0,0.5540314,2451.858,1.748496,0.9602527,Left,Down,-0.08392937,-1.1092,Normal
264.8599,17.81334,0,0.2613866,0.289662,0,0.5607451,2452.571,1.748729,0.9599795,Left,Down,-0.08392937,-1.160759,Normal
264.8999,17.8315,0,0.291599,0.2856947,0,0.567586,2453.284,1.749253,0.9597053,Left,Down,-0.08392937,-1.212364,Normal
264.9399,17.84654,0,0.3035009,0.2856947,0,0.5749968,2453.997,1.748291,0.9594303,Left,Down,-0.06255726,-1.263954,Normal
264.9799,17.86752,0,0.3080785,0.2817273,0,0.5847968,2454.712,1.748113,0.9591544,Straight,Down,0.01978234,-1.314545,Normal
265.0199,17.8865,0,0.3089941,0.2817273,0,0.5955406,2455.427,1.750351,0.9588776,Straight,Down,0,-1.327499,Normal
265.0599,17.90492,0,0.3089941,0.2817273,0,0.6061698,2456.143,1.751984,0.9585998,Straight,Down,0.01978234,-1.340477,Normal
265.0999,17.92171,0,0.3089941,0.2817273,0,0.6171077,2456.86,1.752773,0.9583213,Straight,Down,0,-1.35347,Normal
265.1399,17.94262,0,0.3089941,0.2817273,0,0.628461,2457.577,1.752175,0.9580418,Straight,Down,0.01978234,-1.366501,Normal
265.1799,17.96278,0,0.3089941,0.2817273,0,0.6402993,2458.296,1.751001,0.9577613,Straight,Down,0,-1.379555,Normal
265.2199,17.98266,0,0.3089941,0.2817273,0,0.6526126,2459.015,1.749573,0.95748,Straight,Down,0.01978234,-1.392616,Normal
265.2599,18.00236,0,0.3025854,0.2817273,0,0.6654923,2459.735,1.748277,0.957198,Straight,Down,0.01978234,-1.405701,Normal
265.2999,18.02189,0,0.2787817,0.3015793,0,0.679016,2460.456,1.747126,0.9569148,Straight,Down,0.01978234,-1.418793,Normal
265.3399,18.04422,0,0.2302587,0.3015793,0,0.6931114,2461.177,1.746128,0.9566308,Straight,Down,0.01978234,-1.4319,Normal
265.3799,18.06773,0,0.1789892,0.3015793,0,0.707747,2461.899,1.745136,0.9563462,Straight,Down,0,-1.445023,Normal
265.4199,18.09132,0,0.1185644,0.3015793,0,0.7229668,2462.623,1.744484,0.9560603,Straight,Down,0.01978234,-1.458168,Normal
265.4599,18.11486,0,0.07095337,0.3055466,0,0.7384965,2463.347,1.744003,0.9557736,Straight,Down,0,-1.471329,Normal
265.4999,18.13931,0,0.02243042,0.3055466,0,0.7544707,2464.073,1.743624,0.9554861,Straight,Down,0.01978234,-1.484505,Normal
265.5399,18.16359,0,-0.01693726,0.3055466,0,0.7708768,2464.799,1.743262,0.9551978,Straight,Down,0.01978234,-1.497696,Normal
265.5799,18.18783,0,-0.04074097,0.3055466,0,0.787887,2465.526,1.7429,0.9549085,Straight,Down,0.01978234,-1.51091,Normal
265.6199,18.21201,0,-0.07553279,0.3055466,0,0.8053116,2466.254,1.742596,0.9546182,Straight,Down,0.01978234,-1.524139,Normal
265.6599,18.23616,0,-0.0956744,0.3055466,0,0.8231338,2466.984,1.742278,0.9543273,Straight,Down,0.01978234,-1.537384,Normal
265.6999,18.26021,0,-0.1194781,0.3055466,0,0.8412892,2467.714,1.741958,0.9540353,Straight,Down,0.01978234,-1.550652,Normal
265.7399,18.28421,0,-0.1359576,0.3055466,0,0.8598734,2468.445,1.741762,0.9537425,Straight,Down,0.01978234,-1.563927,Normal
265.7799,18.30814,0,-0.1423663,0.3055466,0,0.8788424,2469.177,1.741489,0.9534487,Straight,Down,0.01978234,-1.577225,Normal
265.8199,18.33199,0,-0.1533526,0.3055466,0,0.8979834,2469.91,1.741234,0.9531543,Straight,Down,0.01978234,-1.590546,Normal
265.8599,18.3558,0,-0.16617,0.309514,0,0.9173994,2470.645,1.740888,0.9528587,Straight,Down,0.01978234,-1.603874,Normal
265.8999,18.38043,0,-0.18906,0.309514,0,0.9373626,2471.38,1.740338,0.9525623,Straight,Down,0.01978234,-1.617218,Normal
265.9399,18.40521,0,-0.2211034,0.309514,0,0.9574915,2472.116,1.739755,0.9522651,Straight,Down,0.01978234,-1.630585,Normal
265.9799,18.42982,0,-0.2504003,0.309514,0,0.9776587,2472.853,1.739655,0.951967,Straight,Down,0,-1.643967,Normal
266.0199,18.4543,0,-0.2787817,0.309514,0,0.9979051,2473.591,1.739877,0.9516678,Straight,Down,0.01978234,-1.657379,Normal
266.0599,18.47843,0,-0.2925146,0.309514,0,1.018085,2474.33,1.739816,0.951368,Straight,Down,0.01978234,-1.670792,Normal
266.0999,18.50321,0,-0.3108269,0.309514,0,1.03817,2475.07,1.739705,0.9510673,Straight,Down,0.01978234,-1.684235,Normal
266.1399,18.52778,0,-0.3218132,0.309514,0,1.058079,2475.811,1.739425,0.9507656,Straight,Down,0,-1.697678,Normal
266.1799,18.55222,0,-0.3263909,0.309514,0,1.077654,2476.553,1.73915,0.950463,Straight,Down,0.01978234,-1.711159,Normal
266.2199,18.57638,0,-0.3263909,0.309514,0,1.096988,2477.296,1.738749,0.9501595,Straight,Down,0,-1.724648,Normal
266.2599,18.60082,0,-0.3263909,0.309514,0,1.115773,2478.04,1.738423,0.9498554,Straight,Down,0.01978234,-1.738159,Normal
266.2999,18.62509,0,-0.3263909,0.309514,0,1.134036,2478.784,1.738008,0.9495502,Straight,Down,0.01978234,-1.751678,Normal
266.3399,18.64923,0,-0.3273064,0.309514,0,1.1522,2479.53,1.737891,0.9492441,Straight,Down,0.01978234,-1.765228,Normal
266.3799,18.67329,0,-0.3273064,0.309514,0,1.169673,2480.277,1.737521,0.9489373,Straight,Down,0.01978234,-1.778793,Normal
266.4199,18.69724,0,-0.3273064,0.3134814,0,1.186793,2481.025,1.73696,0.9486295,Straight,Down,0.01978234,-1.792374,Normal
266.4599,18.72234,0,-0.3273064,0.3134814,0,1.203439,2481.774,1.736824,0.9483207,Straight,Down,0.02797646,-1.805984,Normal
266.4999,18.7456,0,-0.3273064,0.3134814,0,1.214875,2482.523,1.735737,0.9480111,Right,Down,0.0656106,-1.812996,Normal
266.5399,18.76911,0,-0.3208977,0.3134814,0,1.222814,2483.274,1.734184,0.9477009,Right,Down,0.06852804,-1.789268,Normal
266.5799,18.79274,0,-0.3163201,0.3134814,0,1.229958,2484.026,1.732835,0.9473895,Right,Down,0.0656106,-1.765503,Normal
266.6199,18.81653,0,-0.3053337,0.3134814,0,1.236349,2484.778,1.732242,0.9470773,Right,Down,0.0656106,-1.741722,Normal
266.6599,18.83942,0,-0.3035027,0.3134814,0,1.242203,2485.531,1.732017,0.9467645,Right,Down,0.06852804,-1.717918,Normal
266.6999,18.86168,0,-0.3035027,0.3134814,0,1.247489,2486.286,1.732023,0.9464505,Right,Down,0.06852804,-1.694092,Normal
266.7399,18.88491,0,-0.3035027,0.3134814,0,1.25285,2487.041,1.731078,0.9461357,Right,Down,0.0656106,-1.670242,Normal
266.7799,18.90804,0,-0.297094,0.3134814,0,1.257016,2487.797,1.73235,0.94582,Right,Down,0.06852804,-1.646378,Normal
266.8199,18.932,0,-0.2604711,0.3134814,0,1.260534,2488.554,1.733984,0.9455036,Right,Down,0.0656106,-1.62249,Normal
266.8599,18.95461,0,-0.2201879,0.3134814,0,1.263604,2489.312,1.735083,0.9451861,Right,Down,0.0656106,-1.598572,Normal
266.8999,18.9772,0,-0.1542681,0.3134814,0,1.267038,2490.071,1.737331,0.9448679,Right,Down,0.08622923,-1.57457,Normal
266.9399,18.99799,0,-0.0892657,0.3134814,0,1.263213,2490.831,1.733279,0.944549,Right,Down,0.09891172,-1.542542,Normal
266.9799,19.01942,0,-0.04074097,0.3134814,0,1.257654,2491.591,1.728832,0.9442289,Right,Down,0.09891172,-1.501823,Normal
267.0199,19.04167,0,0.02151489,0.3134814,0,1.251541,2492.353,1.725106,0.9439079,Right,Down,0.09891172,-1.46106,Normal
267.0599,19.06116,0,0.06546021,0.3134814,0,1.244715,2493.115,1.723316,0.9435862,Right,Down,0.09891172,-1.420319,Normal
267.0999,19.08179,0,0.1304662,0.3134814,0,1.237717,2493.878,1.722049,0.9432638,Right,Down,0.09891172,-1.379608,Normal
267.1399,19.10393,0,0.2073705,0.3134814,0,1.229431,2494.642,1.724607,0.9429403,Right,Down,0.09891172,-1.33889,Normal
267.1799,19.12902,0,0.2540624,0.3134814,0,1.220001,2495.406,1.728144,0.9426159,Right,Down,0.1046783,-1.298096,Normal
267.2199,19.14271,0,0.3282201,0.3134814,0,1.208934,2496.172,1.730542,0.9422908,Right,Down,0.1266688,-1.257172,Normal
267.2599,19.16008,0,0.3913951,0.3134814,0,1.193246,2496.938,1.727364,0.9419648,Right,Down,0.1266688,-1.202164,Normal
267.2999,19.17949,0,0.4994273,0.3134814,0,1.176497,2497.705,1.724474,0.9416379,Right,Down,0.1266688,-1.146713,Normal
267.3399,19.19979,0,0.6358445,0.3134814,0,1.160674,2498.473,1.721115,0.9413099,Right,Down,0.1266688,-1.091286,Normal
267.3799,19.2182,0,0.7493699,0.3134814,0,1.1443,2499.241,1.721469,0.9409815,Right,Down,0.1282043,-1.035957,Normal
267.4199,19.24007,0,0.8793783,0.3134814,0,1.127963,2500.01,1.726311,0.9406521,Right,Down,0.1356209,-0.9805679,Normal
267.4599,19.25166,0,0.9745932,0.3134814,0,1.10971,2500.78,1.729131,0.9403216,Right,Down,0.1532334,-0.9235229,Normal
267.4999,19.26487,0,1.027694,0.3134814,0,1.090316,2501.551,1.726292,0.9399904,Right,Down,0.1532334,-0.8544159,Normal
267.5399,19.27963,0,1.072558,0.3134814,0,1.071583,2502.322,1.72227,0.9396585,Right,Down,0.1545051,-0.7851868,Normal
267.5799,19.29809,0,1.098193,0.3134814,0,1.053,2503.094,1.719318,0.9393255,Right,Down,0.1545051,-0.7160645,Normal
267.6199,19.31834,0,1.160449,0.3174487,0,1.035098,2503.866,1.724315,0.9389917,Right,Down,0.1631294,-0.6469421,Normal
267.6599,19.32751,0,1.25017,0.3174487,0,1.015566,2504.639,1.726404,0.9386573,Right,Down,0.1791368,-0.5748749,Normal
267.6999,19.33813,0,1.327994,0.3174487,0,0.9963492,2505.413,1.723401,0.9383217,Right,Down,0.1802258,-0.4924469,Normal
267.7399,19.34859,0,1.426871,0.3174487,0,0.9788796,2506.187,1.717947,0.9379854,Right,Down,0.1791368,-0.4099426,Normal
267.7799,19.37506,0,1.479971,0.3174487,0,0.9621042,2506.961,1.72032,0.9376481,Right,Down,0.1866263,-0.3274765,Normal
267.8199,19.37899,0,1.555048,0.3174487,0,0.9460084,2507.736,1.724789,0.9373102,Right,Down,0.2046302,-0.2439575,Normal
267.8599,19.38522,0,1.642023,0.3174487,0,0.9296229,2508.512,1.722158,0.9369713,Right,Flat,0.2046302,-0.1484299,Normal
267.8999,19.39067,0,1.707026,0.3214161,0,0.9169938,2509.287,1.716203,0.9366314,Right,Flat,0.2046302,-0.05288696,Normal
267.9399,19.41072,0,1.79492,0.3214161,0,0.9060315,2510.063,1.7212,0.936291,Right,Flat,0.2185032,0.04278564,Normal
267.9799,19.414,0,1.836119,0.3214161,0,0.8948901,2510.84,1.722488,0.9359495,Right,Flat,0.2306999,0.143898,Normal
268.0199,19.41394,0,1.869078,0.3214161,0,0.8873078,2511.616,1.718375,0.9356072,Right,Up,0.2306999,0.2525635,Normal
268.0599,19.4294,0,1.875486,0.3214161,0,0.8826516,2512.393,1.716986,0.935264,Right,Up,0.2390311,0.3613815,Normal
268.0999,19.42623,0,1.875486,0.3214161,0,0.8801519,2513.17,1.72214,0.9349202,Right,Up,0.2571706,0.4720688,Normal
268.1399,19.42566,0,1.875486,0.3214161,0,0.8784976,2513.947,1.717921,0.9345752,Right,Up,0.2564087,0.5939255,Normal
268.1799,19.43638,0,1.869078,0.3214161,0,0.8823161,2514.725,1.716489,0.9342295,Right,Up,0.2668786,0.7158508,Normal
268.2199,19.43523,0,1.846189,0.3214161,0,0.8880129,2515.502,1.720961,0.9338831,Right,Up,0.2825486,0.8409348,Normal
268.2599,19.42833,0,1.799498,0.3214161,0,0.8952481,2516.279,1.715219,0.9335357,Right,Up,0.2825486,0.975853,Normal
268.2999,19.42768,0,1.76013,0.3214161,0,0.9079206,2517.057,1.715346,0.9331874,Right,Up,0.4297835,1.110718,Normal
268.3399,19.43364,0,1.696039,0.3214161,0,0.9211006,2517.834,1.716497,0.9328383,Right,Up,0.9366996,1.241653,Normal
268.3799,19.43592,0,1.63653,0.3214161,0,0.9313411,2518.612,1.72018,0.9324886,Right,Up,0.8886743,1.176926,Normal
268.4199,19.43401,0,1.526667,0.3214161,0,0.9382226,2519.389,1.72222,0.9321377,Right,Up,0.842791,1.114845,Normal
268.4599,19.43562,0,1.402152,0.3214161,0,0.9398266,2520.167,1.723466,0.9317861,Right,Up,0.7977034,1.055397,Normal
268.4999,19.43738,0,1.319754,0.3214161,0,0.9372398,2520.944,1.72433,0.9314336,Right,Up,0.7543329,0.9986343,Normal
268.5399,19.44291,0,1.221789,0.3214161,0,0.930727,2521.722,1.724312,0.9310805,Right,Up,0.7127182,0.944397,Normal
268.5799,19.45082,0,1.173266,0.3214161,0,0.9217987,2522.5,1.723871,0.9307263,Right,Up,0.6734757,0.8925323,Normal
268.6199,19.45512,0,1.138476,0.3214161,0,0.9107805,2523.278,1.723196,0.9303712,Right,Up,0.6376578,0.8428879,Normal
268.6599,19.46449,0,1.131152,0.3214161,0,0.8982205,2524.056,1.721908,0.9300156,Right,Up,0.6029587,0.7952881,Normal
268.6999,19.46367,0,1.131152,0.3214161,0,0.8849308,2524.834,1.720346,0.9296589,Right,Up,0.5712977,0.749649,Normal
268.7399,19.4557,0,1.115588,0.3214161,0,0.8690605,2525.613,1.722476,0.9293014,Right,Up,0.5392296,0.7061462,Normal
268.7799,19.4601,0,1.086291,0.3214161,0,0.8520768,2526.391,1.722847,0.928943,Right,Up,0.5120549,0.6647034,Normal
268.8199,19.47061,0,1.014876,0.3214161,0,0.8353603,2527.17,1.720429,0.928584,Right,Up,0.4873863,0.6246567,Normal
268.8599,19.47771,0,0.9077597,0.3214161,0,0.817372,2527.949,1.721485,0.928224,Right,Up,0.4554249,0.5861664,Normal
268.8999,19.48146,0,0.8207846,0.3214161,0,0.7979075,2528.728,1.720969,0.9278631,Right,Up,0.4356619,0.5497894,Normal
268.9399,19.48209,0,0.6907761,0.3214161,0,0.7812378,2529.508,1.717451,0.9275017,Right,Up,0.4068635,0.514183,Normal
268.9799,19.49937,0,0.5937302,0.3214161,0,0.7597835,2530.287,1.721114,0.9271391,Right,Up,0.3911712,0.4808121,Normal
269.0199,19.4987,0,0.505836,0.3214161,0,0.7426243,2531.067,1.716323,0.9267757,Right,Up,0.3642322,0.447937,Normal
269.0599,19.5089,0,0.4747081,0.3214161,0,0.7204206,2531.847,1.720241,0.9264114,Right,Up,0.3494264,0.4171753,Normal
269.0999,19.51444,0,0.4747081,0.3214161,0,0.7027367,2532.628,1.715893,0.9260467,Right,Up,0.3202056,0.3867416,Normal
269.1399,19.52484,0,0.4747081,0.3214161,0,0.6800621,2533.409,1.718544,0.9256808,Right,Up,0.3202056,0.3586426,Normal
269.1799,19.52934,0,0.4747081,0.3214161,0,0.6612608,2534.19,1.718176,0.9253141,Right,Up,0.2866737,0.330513,Normal
269.2199,19.53888,0,0.4692149,0.3214161,0,0.64108,2534.972,1.715894,0.9249468,Right,Up,0.2748253,0.3042374,Normal
269.2599,19.55196,0,0.4518199,0.3214161,0,0.6200126,2535.754,1.717908,0.9245784,Right,Up,0.2697954,0.2788696,Normal
269.2999,19.55969,0,0.4289317,0.3214161,0,0.6018155,2536.536,1.715698,0.9242092,Right,Up,0.23239,0.2535172,Normal
269.3399,19.56705,0,0.3987193,0.3214161,0,0.581193,2537.318,1.7147,0.9238392,Right,Up,0.2264194,0.2306213,Normal
269.3799,19.57977,0,0.3694224,0.3214161,0,0.5604085,2538.101,1.715332,0.9234686,Right,Up,0.2255535,0.2081909,Normal
269.4199,19.58714,0,0.3327978,0.3214161,0,0.5420563,2538.885,1.716301,0.9230969,Right,Up,0.2027088,0.1857605,Normal
269.4599,19.59656,0,0.3080785,0.3214161,0,0.5252244,2539.669,1.712668,0.9227244,Right,Up,0.1713202,0.1641541,Normal
269.4999,19.60877,0,0.2961767,0.3214161,0,0.5036689,2540.453,1.712764,0.9223511,Right,Flat,0.1713202,0.1449966,Normal
269.5399,19.62226,0,0.2851903,0.3214161,0,0.4831809,2541.238,1.713347,0.9219773,Right,Flat,0.1713202,0.1258545,Normal
269.5799,19.63038,0,0.2796972,0.3214161,0,0.4651584,2542.023,1.715285,0.9216022,Right,Flat,0.1724585,0.1067123,Normal
269.6199,19.63896,0,0.2668798,0.3214161,0,0.4495775,2542.808,1.712478,0.9212265,Right,Flat,0.1282043,0.0875473,Normal
269.6599,19.65194,0,0.2421606,0.3214161,0,0.4313346,2543.594,1.710195,0.92085,Right,Flat,0.09691329,0.07036591,Normal
269.6999,19.66537,0,0.208286,0.3214161,0,0.40958,2544.381,1.710117,0.9204727,Right,Flat,0.09691329,0.05561829,Normal
269.7399,19.6766,0,0.1515234,0.3015793,0,0.3894665,2545.167,1.710885,0.9200944,Right,Flat,0.09691329,0.0408783,Normal
269.7799,19.68388,0,0.08834839,0.297612,0,0.3714185,2545.955,1.711078,0.9197153,Right,Flat,0.09691329,0.02613068,Normal
269.8199,19.69085,0,-0.01602173,0.297612,0,0.3545819,2546.742,1.710631,0.9193357,Right,Flat,0.09691329,0.01137543,Normal
269.8599,19.69816,0,-0.1194781,0.297612,0,0.3389026,2547.53,1.710298,0.918955,Right,Flat,0.09691329,-0.003387451,Normal
269.8999,19.70484,0,-0.1899755,0.297612,0,0.3241671,2548.318,1.710186,0.9185734,Right,Flat,0.09487279,-0.01813507,Normal
269.9399,19.71078,0,-0.2604711,0.297612,0,0.3107899,2549.107,1.708397,0.9181914,Right,Flat,0.09691329,-0.03290558,Normal
269.9799,19.71574,0,-0.2925146,0.297612,0,0.2985305,2549.895,1.706328,0.9178082,Right,Flat,0.05934703,-0.04766083,Normal
270.0199,19.72444,0,-0.3154045,0.297612,0,0.2845032,2550.684,1.7052,0.9174243,Straight,Flat,-0.01978234,-0.06139374,Normal
270.0599,19.73229,0,-0.3208977,0.297612,0,0.2687479,2551.473,1.706138,0.9170394,Straight,Flat,-0.01978234,-0.06980896,Normal
270.0999,19.7391,0,-0.3208977,0.297612,0,0.2540818,2552.263,1.707038,0.9166541,Straight,Flat,-0.01978234,-0.07822418,Normal
270.1399,19.74511,0,-0.3208977,0.297612,0,0.2399816,2553.052,1.707395,0.9162678,Straight,Flat,0,-0.08664703,Normal
270.1799,19.75315,0,-0.3208977,0.297612,0,0.2261314,2553.843,1.707131,0.9158805,Straight,Flat,-0.01978234,-0.09506989,Normal
270.2199,19.76104,0,-0.3208977,0.3174487,0,0.212562,2554.633,1.706444,0.9154927,Straight,Flat,0,-0.1035004,Normal
270.2599,19.77144,0,-0.3154045,0.3214161,0,0.199148,2555.424,1.70568,0.9151039,Straight,Flat,-0.01978234,-0.1119385,Normal
270.2999,19.78433,0,-0.314489,0.3214161,0,0.1858146,2556.215,1.704921,0.9147142,Straight,Flat,-0.01978234,-0.1203766,Normal
270.3399,19.79712,0,-0.314489,0.3214161,0,0.1723235,2557.007,1.704179,0.9143237,Straight,Flat,-0.01978234,-0.12883,Normal
270.3799,19.80982,0,-0.3053337,0.3214161,0,0.1586205,2557.799,1.703502,0.9139327,Straight,Flat,-0.01978234,-0.1372757,Normal
270.4199,19.82244,0,-0.3035027,0.3214161,0,0.1444917,2558.592,1.702776,0.9135406,Straight,Flat,-0.01978234,-0.1457367,Normal
270.4599,19.83499,0,-0.3035027,0.3214161,0,0.1299464,2559.385,1.702164,0.9131477,Straight,Down,-0.01978234,-0.1542053,Normal
270.4999,19.84756,0,-0.3035027,0.3214161,0,0.1149056,2560.179,1.701787,0.9127544,Straight,Down,-0.01978234,-0.162674,Normal
270.5399,19.85967,0,-0.3035027,0.3253834,0,0.09923947,2560.973,1.701373,0.9123598,Straight,Down,-0.01978234,-0.1711502,Normal
270.5799,19.87298,0,-0.2980095,0.3333181,0,0.08338892,2561.768,1.700174,0.9119645,Straight,Down,-0.01978234,-0.1796341,Normal
270.6199,19.88678,0,-0.2861059,0.3571222,0,0.06687742,2562.563,1.69913,0.9115684,Straight,Down,0,-0.1881256,Normal
270.6599,19.90595,0,-0.2732885,0.3690242,0,0.04950854,2563.359,1.6985,0.9111719,Straight,Down,-0.01978234,-0.1966324,Normal
270.6999,19.92781,0,-0.2623022,0.3690242,0,0.03151473,2564.156,1.698068,0.9107741,Straight,Down,-0.01978234,-0.2051392,Normal
270.7399,19.94909,0,-0.2494848,0.3690242,0,0.01310289,2564.954,1.696748,0.9103755,Straight,Down,-0.02797646,-0.2136612,Normal
270.7799,19.97278,0,-0.239414,0.3690242,0,0.0005373657,2565.752,1.697571,0.9099763,Left,Down,-0.09278741,-0.2221832,Normal
270.8199,19.99583,0,-0.2320898,0.3690242,0,-0.01156324,2566.552,1.698522,0.9095764,Left,Down,-0.09891172,-0.2266159,Normal
270.8599,20.01777,0,-0.2311742,0.3690242,0,-0.02415588,2567.352,1.699236,0.9091756,Left,Down,-0.09891172,-0.230751,Normal
270.8999,20.04075,0,-0.2311742,0.3690242,0,-0.03766558,2568.154,1.699299,0.9087738,Left,Down,-0.09891172,-0.2348938,Normal
270.9399,20.06435,0,-0.2311742,0.3690242,0,-0.05280945,2568.956,1.699429,0.9083716,Left,Down,-0.09891172,-0.2390442,Normal
270.9799,20.08703,0,-0.2275121,0.3690242,0,-0.06839576,2569.76,1.698133,0.9079683,Left,Down,-0.09891172,-0.2432098,Normal
271.0199,20.10779,0,-0.2256811,0.3690242,0,-0.08485225,2570.564,1.695359,0.9075642,Left,Down,-0.09891172,-0.2473679,Normal
271.0599,20.13262,0,-0.2211034,0.3690242,0,-0.09671497,2571.369,1.694696,0.9071593,Left,Down,-0.1219466,-0.2515335,Normal
271.0999,20.15637,0,-0.2211034,0.3690242,0,-0.1078098,2572.175,1.695342,0.9067539,Left,Down,-0.132704,-0.2546921,Normal
271.1399,20.17841,0,-0.2211034,0.3452201,0,-0.1197489,2572.981,1.696127,0.9063475,Left,Down,-0.1341704,-0.2571106,Normal
271.1799,20.19607,0,-0.2211034,0.3412528,0,-0.1330571,2573.789,1.696993,0.9059402,Left,Down,-0.132704,-0.2595215,Normal
271.2199,20.2098,0,-0.2211034,0.3372854,0,-0.1468934,2574.597,1.694366,0.9055324,Left,Down,-0.132704,-0.2619476,Normal
271.2599,20.22744,0,-0.2311742,0.3372854,0,-0.1582927,2575.406,1.691902,0.9051235,Left,Down,-0.1384764,-0.2643661,Normal
271.2999,20.24529,0,-0.2330053,0.3372854,0,-0.1658759,2576.216,1.691963,0.9047139,Left,Down,-0.1582588,-0.266716,Normal
271.3399,20.2621,0,-0.2384984,0.3333181,0,-0.1751723,2577.026,1.692747,0.9043035,Left,Down,-0.1582588,-0.2678452,Normal
271.3799,20.27479,0,-0.2513158,0.3333181,0,-0.1847139,2577.837,1.693689,0.9038925,Left,Down,-0.1594904,-0.2689819,Normal
271.4199,20.28749,0,-0.2815282,0.3333181,0,-0.1950064,2578.648,1.689481,0.9034805,Left,Down,-0.1582588,-0.2701187,Normal
271.4599,20.30375,0,-0.3154045,0.3293507,0,-0.197954,2579.46,1.689334,0.9030678,Left,Down,-0.1701742,-0.2712479,Normal
271.4999,20.31969,0,-0.3382927,0.3293507,0,-0.2021653,2580.273,1.690086,0.9026545,Left,Down,-0.1802258,-0.2719345,Normal
271.5399,20.33159,0,-0.3529412,0.3293507,0,-0.2071047,2581.086,1.69224,0.9022401,Left,Down,-0.1802258,-0.2720108,Normal
271.5799,20.34329,0,-0.3575188,0.3253834,0,-0.2121455,2581.9,1.688112,0.901825,Left,Down,-0.1802258,-0.2720871,Normal
271.6199,20.35762,0,-0.3575188,0.3253834,0,-0.2097001,2582.714,1.68815,0.901409,Left,Down,-0.1897456,-0.2721558,Normal
271.6599,20.37318,0,-0.3575188,0.3253834,0,-0.2092495,2583.529,1.68907,0.9009926,Left,Down,-0.199792,-0.2719345,Normal
271.6999,20.37947,0,-0.3575188,0.3253834,0,-0.2094099,2584.344,1.689681,0.9005751,Left,Down,-0.199792,-0.27108,Normal
271.7399,20.39373,0,-0.3685051,0.3253834,0,-0.2069509,2585.159,1.687341,0.9001569,Left,Down,-0.199792,-0.2702332,Normal
271.7799,20.40849,0,-0.4042107,0.3253834,0,-0.2006454,2585.976,1.687863,0.8997378,Left,Down,-0.2112177,-0.2693787,Normal
271.8199,20.42206,0,-0.5067515,0.3253834,0,-0.1968134,2586.792,1.689835,0.8993182,Left,Down,-0.2158,-0.2680588,Normal
271.8599,20.4309,0,-0.6834519,0.3253834,0,-0.1916946,2587.61,1.685608,0.8988976,Left,Down,-0.2167048,-0.2663956,Normal
271.8999,20.44538,0,-0.8509952,0.3253834,0,-0.1815769,2588.427,1.685656,0.8984762,Left,Down,-0.2238118,-0.2647247,Normal
271.9399,20.45893,0,-1.081712,0.3253834,0,-0.1744098,2589.246,1.687393,0.8980542,Left,Down,-0.23239,-0.2628555,Normal
271.9799,20.4668,0,-1.229113,0.3253834,0,-0.1669111,2590.064,1.683488,0.8976313,Left,Down,-0.23239,-0.2604675,Normal
272.0199,20.48134,0,-1.391165,0.3253834,0,-0.1547664,2590.883,1.684544,0.8972076,Left,Down,-0.2373883,-0.2580719,Normal
272.0599,20.49202,0,-1.473565,0.3214161,0,-0.1459217,2591.703,1.686008,0.8967832,Left,Down,-0.2462884,-0.2555466,Normal
272.0999,20.50007,0,-1.519341,0.3214161,0,-0.1360264,2592.523,1.682843,0.8963582,Left,Down,-0.2470816,-0.2524719,Normal
272.1399,20.51394,0,-1.574273,0.3214161,0,-0.1236119,2593.343,1.684077,0.8959321,Left,Down,-0.2517883,-0.2493896,Normal
272.1799,20.52113,0,-1.63653,0.3214161,0,-0.1145526,2594.164,1.683049,0.8955052,Left,Down,-0.2609472,-0.2461472,Normal
272.2199,20.52827,0,-1.741818,0.3214161,0,-0.1020569,2594.985,1.682014,0.895078,Left,Down,-0.2609472,-0.242424,Normal
272.2599,20.53755,0,-1.823301,0.3214161,0,-0.09098139,2595.806,1.684131,0.8946497,Left,Down,-0.268341,-0.2387009,Normal
272.2999,20.54551,0,-1.848021,0.3214161,0,-0.08233589,2596.628,1.680463,0.8942206,Left,Down,-0.2733977,-0.2346802,Normal
272.3399,20.55464,0,-1.848021,0.3214161,0,-0.07075986,2597.45,1.68181,0.8937906,Left,Down,-0.2748253,-0.2303619,Normal
272.3799,20.55946,0,-1.836119,0.3214161,0,-0.06377372,2598.272,1.680142,0.8933603,Left,Down,-0.2846186,-0.2260208,Normal
272.4199,20.56501,0,-1.817808,0.3214161,0,-0.05470669,2599.095,1.679582,0.8929288,Left,Down,-0.2859903,-0.2211685,Normal
272.4599,20.56885,0,-1.795834,0.3214161,0,-0.04757488,2599.918,1.681481,0.8924966,Left,Down,-0.2914124,-0.2162476,Normal
272.4999,20.57661,0,-1.794918,0.3214161,0,-0.04234806,2600.741,1.678312,0.892064,Left,Down,-0.2980514,-0.2111435,Normal
272.5399,20.58172,0,-1.764706,0.3214161,0,-0.0373936,2601.564,1.680732,0.8916303,Left,Down,-0.3000144,-0.2056732,Normal
272.5799,20.58696,0,-1.719845,0.3214161,0,-0.03627121,2602.387,1.676479,0.8911958,Left,Down,-0.3090104,-0.2001953,Normal
272.6199,20.59235,0,-1.70245,0.3214161,0,-0.03370681,2603.211,1.678745,0.8907605,Left,Down,-0.309643,-0.1942139,Normal
272.6599,20.59433,0,-1.695124,0.3214161,0,-0.0363026,2604.035,1.674824,0.8903248,Left,Down,-0.3177519,-0.1882095,Normal
272.6999,20.60094,0,-1.695124,0.3214161,0,-0.03686127,2604.859,1.677695,0.889888,Left,Down,-0.3208161,-0.1818619,Normal
272.7399,20.60177,0,-1.667658,0.3214161,0,-0.04291874,2605.683,1.67411,0.8894506,Left,Down,-0.3268584,-0.1753464,Normal
272.7799,20.60803,0,-1.60174,0.3214161,0,-0.04745826,2606.507,1.676595,0.8890122,Left,Down,-0.3316129,-0.168602,Normal
272.8199,20.60811,0,-1.455252,0.3214161,0,-0.0566977,2607.331,1.672719,0.8885735,Left,Down,-0.3357179,-0.1615982,Normal
272.8599,20.6154,0,-1.293202,0.3214161,0,-0.06472564,2608.156,1.674776,0.8881336,Left,Down,-0.3414966,-0.1544113,Normal
272.8999,20.61548,0,-1.193408,0.3214161,0,-0.07722491,2608.981,1.671039,0.887693,Left,Flat,-0.3454843,-0.1469421,Normal
272.9399,20.62309,0,-1.033189,0.3412528,0,-0.08849216,2609.805,1.674108,0.8872521,Left,Flat,-0.3511023,-0.1393356,Normal
272.9799,20.62689,0,-0.8848715,0.3452201,0,-0.1032459,2610.63,1.670336,0.88681,Left,Flat,-0.3555328,-0.1314011,Normal
273.0199,20.63873,0,-0.7795841,0.3452201,0,-0.1176746,2611.456,1.6738,0.8863671,Left,Flat,-0.3615361,-0.1233368,Normal
273.0599,20.64908,0,-0.6367582,0.3491875,0,-0.1348854,2612.282,1.670221,0.8859235,Left,Flat,-0.3658403,-0.1149521,Normal
273.0999,20.65854,0,-0.5488676,0.3491875,0,-0.1517033,2613.108,1.673712,0.8854796,Left,Flat,-0.3706227,-0.1064148,Normal
273.1399,20.67762,0,-0.4472423,0.3491875,0,-0.1703232,2613.935,1.670778,0.8850344,Left,Flat,-0.3758652,-0.09759521,Normal
273.1799,20.68569,0,-0.3813225,0.3491875,0,-0.1881578,2614.763,1.672102,0.8845885,Left,Flat,-0.3800071,-0.08859253,Normal
273.2199,20.71001,0,-0.3456169,0.3531548,0,-0.2067599,2615.591,1.671546,0.8841423,Left,Flat,-0.386643,-0.07935333,Normal
273.2599,20.71421,0,-0.3089958,0.3531548,0,-0.2254522,2616.419,1.668965,0.883695,Left,Flat,-0.3891652,-0.06985474,Normal
273.2999,20.7382,0,-0.2906835,0.3531548,0,-0.2422868,2617.249,1.672491,0.8832469,Left,Flat,-0.3961419,-0.06019592,Normal
273.3399,20.74588,0,-0.2851903,0.3531548,0,-0.2591796,2618.079,1.669568,0.882798,Left,Flat,-0.3995845,-0.0502243,Normal
273.3799,20.76049,0,-0.2851903,0.3531548,0,-0.2749088,2618.909,1.66955,0.8823487,Left,Flat,-0.4063823,-0.04013062,Normal
273.4199,20.77087,0,-0.2851903,0.3531548,0,-0.2881729,2619.74,1.66603,0.8818984,Left,Flat,-0.4102162,-0.02967072,Normal
273.4599,20.78779,0,-0.2815282,0.3571222,0,-0.3022703,2620.571,1.666523,0.8814474,Left,Flat,-0.414487,-0.019104,Normal
273.4999,20.79933,0,-0.2787817,0.3571222,0,-0.3111239,2621.403,1.662913,0.8809959,Left,Flat,-0.4087828,-0.008285522,Normal
273.5399,20.816,0,-0.2787817,0.3610895,0,-0.3220913,2622.236,1.66569,0.8805433,Left,Flat,-0.4049353,0.02883148,Normal
273.5799,20.83308,0,-0.2787817,0.3610895,0,-0.3272286,2623.069,1.661985,0.88009,Left,Flat,-0.3891652,0.07714844,Normal
273.6199,20.84355,0,-0.2861059,0.3650568,0,-0.3337058,2623.902,1.664977,0.8796359,Left,Flat,-0.3830841,0.135437,Normal
273.6599,20.86164,0,-0.2906835,0.3650568,0,-0.3362784,2624.737,1.661771,0.8791815,Left,Up,-0.3700944,0.1938477,Normal
273.6999,20.86978,0,-0.297094,0.3650568,0,-0.3387616,2625.571,1.664612,0.8787259,Left,Up,-0.3636945,0.2496567,Normal
273.7399,20.88541,0,-0.3044182,0.3650568,0,-0.3376724,2626.406,1.661709,0.8782697,Left,Up,-0.3522151,0.3047409,Normal
273.7799,20.8956,0,-0.3273064,0.3650568,0,-0.3374368,2627.242,1.664439,0.8778127,Left,Up,-0.3454843,0.3575668,Normal
273.8199,20.90734,0,-0.3337151,0.3650568,0,-0.3321251,2628.079,1.661595,0.8773553,Left,Up,-0.3345502,0.4096298,Normal
273.8599,20.92168,0,-0.3337151,0.3650568,0,-0.3289106,2628.916,1.664382,0.8768969,Left,Up,-0.329838,0.4594727,Normal
273.8999,20.93424,0,-0.3337151,0.3690242,0,-0.3190193,2629.753,1.661837,0.8764376,Left,Up,-0.3171355,0.5090179,Normal
273.9399,20.9494,0,-0.3337151,0.3690242,0,-0.3108228,2630.591,1.661721,0.8759781,Left,Up,-0.315899,0.5558472,Normal
273.9799,20.96264,0,-0.3337151,0.3729915,0,-0.2991097,2631.429,1.662024,0.8755173,Left,Up,-0.3019647,0.6027451,Normal
274.0199,20.97145,0,-0.3346306,0.3968109,0,-0.285569,2632.267,1.659493,0.875056,Left,Up,-0.2993615,0.6470261,Normal
274.0599,20.98698,0,-0.3694206,0.4126802,0,-0.2720945,2633.107,1.661968,0.8745937,Left,Up,-0.2900664,0.6909561,Normal
274.0999,21.00605,0,-0.4298472,0.4166476,0,-0.2533677,2633.947,1.659866,0.8741312,Left,Up,-0.2825486,0.7335892,Normal
274.1399,21.02995,0,-0.5314726,0.4166476,0,-0.2358687,2634.788,1.658931,0.8736676,Left,Up,-0.2804634,0.7745972,Normal
274.1799,21.05275,0,-0.6376737,0.4166476,0,-0.216255,2635.63,1.660354,0.8732033,Left,Up,-0.2668786,0.8156738,Normal
274.2199,21.06811,0,-0.6962693,0.4166476,0,-0.1939166,2636.472,1.65847,0.8727385,Left,Up,-0.2661444,0.8540192,Normal
274.2599,21.09091,0,-0.7566941,0.4166476,0,-0.1729818,2637.316,1.65861,0.8722728,Left,Up,-0.2594432,0.8922272,Normal
274.2999,21.11169,0,-0.7914859,0.4166476,0,-0.1485954,2638.16,1.658606,0.8718063,Left,Up,-0.2486604,0.929718,Normal
274.3399,21.12746,0,-0.7978946,0.4166476,0,-0.1226434,2639.005,1.65623,0.8713391,Left,Up,-0.2486604,0.9650726,Normal
274.3799,21.15332,0,-0.7914859,0.4166476,0,-0.09820929,2639.851,1.656744,0.8708714,Left,Up,-0.2406627,1.000473,Normal
274.4199,21.17058,0,-0.7850772,0.4166476,0,-0.07037669,2640.698,1.65697,0.8704028,Left,Up,-0.23239,1.034729,Normal
274.4599,21.18541,0,-0.7786685,0.4166476,0,-0.04088899,2641.545,1.654937,0.8699333,Left,Up,-0.23239,1.067307,Normal
274.4999,21.21096,0,-0.7722598,0.4166476,0,-0.013414,2642.393,1.654178,0.8694635,Left,Up,-0.2246844,1.099907,Normal
274.5399,21.22633,0,-0.7685977,0.4166476,0,0.01548055,2643.242,1.65588,0.8689927,Left,Up,-0.2167048,1.131447,Normal
274.5799,21.2422,0,-0.7685977,0.4166476,0,0.04707316,2644.092,1.654704,0.8685211,Left,Up,-0.2158,1.161247,Normal
274.6199,21.25604,0,-0.7685977,0.4166476,0,0.07697386,2644.942,1.6519,0.8680488,Left,Up,-0.2130625,1.191048,Normal
274.6599,21.27905,0,-0.7731754,0.4166476,0,0.1038115,2645.793,1.655004,0.8675762,Left,Up,-0.2007689,1.220589,Normal
274.6999,21.29479,0,-0.7740909,0.4166476,0,0.1365122,2646.645,1.653453,0.8671025,Left,Up,-0.2007689,1.24762,Normal
274.7399,21.30638,0,-0.7740909,0.4166476,0,0.168137,2647.497,1.651806,0.866628,Left,Up,-0.2007689,1.274651,Normal
274.7799,21.33221,0,-0.7740909,0.4166476,0,0.1966561,2648.35,1.651639,0.8661532,Left,Up,-0.1897456,1.301689,Normal
274.8199,21.34556,0,-0.7740909,0.4166476,0,0.2245789,2649.203,1.653949,0.8656774,Left,Up,-0.1855749,1.326981,Normal
274.8599,21.35948,0,-0.7740909,0.4166476,0,0.2562719,2650.058,1.653175,0.8652008,Left,Up,-0.1855749,1.351265,Normal
274.8999,21.37129,0,-0.777753,0.4206149,0,0.2859432,2650.912,1.651076,0.8647235,Left,Up,-0.1845175,1.375565,Normal
274.9399,21.39406,0,-0.7859927,0.4206149,0,0.312557,2651.768,1.650597,0.8642458,Left,Up,-0.1713202,1.399841,Normal
274.9799,21.41024,0,-0.8043033,0.4206149,0,0.33791,2652.624,1.653004,0.8637671,Left,Up,-0.1701742,1.421608,Normal
275.0199,21.42404,0,-0.8189517,0.4206149,0,0.3672385,2653.481,1.652151,0.8632877,Left,Up,-0.1701742,1.443115,Normal
275.0599,21.437,0,-0.843671,0.4206149,0,0.3943892,2654.339,1.650722,0.8628076,Left,Up,-0.1701742,1.464622,Normal
275.0999,21.45472,0,-0.8683902,0.4206149,0,0.4179392,2655.197,1.648748,0.8623271,Left,Up,-0.1570175,1.486115,Normal
275.1399,21.47407,0,-0.8976889,0.4206149,0,0.4377872,2656.055,1.650982,0.8618455,Left,Up,-0.1545051,1.50547,Normal
275.1799,21.4869,0,-0.903182,0.4206149,0,0.4600505,2656.915,1.651083,0.8613633,Left,Up,-0.1532334,1.524109,Normal
275.2199,21.49892,0,-0.8967733,0.4206149,0,0.4824897,2657.775,1.64964,0.8608808,Left,Up,-0.1545051,1.542755,Normal
275.2599,21.51491,0,-0.8674747,0.4206149,0,0.5016593,2658.635,1.647701,0.860397,Left,Up,-0.1506579,1.561401,Normal
275.2999,21.52899,0,-0.8198673,0.4206149,0,0.5175308,2659.496,1.646562,0.8599126,Left,Up,-0.1384764,1.579567,Normal
275.3399,21.54707,0,-0.7310593,0.4206149,0,0.5298325,2660.358,1.648817,0.8594276,Left,Up,-0.1384764,1.595261,Normal
275.3799,21.55927,0,-0.6001371,0.4206149,0,0.5445696,2661.22,1.649338,0.8589423,Left,Up,-0.1384764,1.610954,Normal
275.4199,21.57103,0,-0.5067515,0.4206149,0,0.5601695,2662.083,1.648035,0.8584557,Left,Up,-0.1384764,1.626656,Normal
275.4599,21.58757,0,-0.4115367,0.4285496,0,0.5725595,2662.946,1.646747,0.8579686,Left,Up,-0.1341704,1.642357,Normal
275.4999,21.60196,0,-0.3868157,0.4483864,0,0.5824013,2663.81,1.645203,0.8574811,Left,Up,-0.1235407,1.657913,Normal
275.5399,21.6219,0,-0.3859001,0.464271,0,0.5890461,2664.675,1.645914,0.8569925,Left,Up,-0.1219466,1.670555,Normal
275.5799,21.64792,0,-0.3859001,0.476173,0,0.5924567,2665.541,1.64845,0.8565032,Left,Up,-0.1219466,1.683205,Normal
275.6199,21.67172,0,-0.3859001,0.476173,0,0.6020538,2666.407,1.647597,0.8560134,Left,Up,-0.1235407,1.695854,Normal
275.6599,21.69708,0,-0.3859001,0.476173,0,0.6094378,2667.274,1.646401,0.855523,Left,Up,-0.1219466,1.708519,Normal
275.6999,21.72659,0,-0.3859001,0.476173,0,0.6135887,2668.143,1.645306,0.8550317,Left,Up,-0.1153499,1.721184,Normal
275.7399,21.75072,0,-0.3758293,0.4523537,0,0.6152763,2669.013,1.644546,0.8545396,Left,Up,-0.1065312,1.73304,Normal
275.7799,21.77366,0,-0.3529412,0.444419,0,0.6140792,2669.884,1.644664,0.8540473,Left,Up,-0.1065312,1.742424,Normal
275.8199,21.79561,0,-0.3163201,0.4404517,0,0.6100259,2670.756,1.646145,0.8535539,Left,Up,-0.1046783,1.751808,Normal
275.8599,21.8135,0,-0.2384984,0.4404517,0,0.6058897,2671.628,1.647965,0.8530598,Left,Up,-0.1046783,1.7612,Normal
275.8999,21.83032,0,-0.1542681,0.4404517,0,0.6071697,2672.501,1.64696,0.852565,Left,Up,-0.1046783,1.770592,Normal
275.9399,21.84916,0,-0.0453186,0.4404517,0,0.6056421,2673.375,1.645857,0.8520699,Left,Up,-0.1046783,1.779991,Normal
275.9799,21.86925,0,0.05813599,0.4404517,0,0.6020011,2674.25,1.645119,0.8515738,Left,Up,-0.09487279,1.789383,Normal
276.0199,21.88726,0,0.1121521,0.4404517,0,0.5966533,2675.125,1.644788,0.851077,Left,Up,-0.08846933,1.797134,Normal
276.0599,21.90531,0,0.1533544,0.4603037,0,0.5901123,2676.001,1.644824,0.8505794,Left,Up,-0.08622923,1.802849,Normal
276.0999,21.9262,0,0.1707494,0.464271,0,0.5817981,2676.877,1.646005,0.8500816,Left,Up,-0.08622923,1.808571,Normal
276.1399,21.95177,0,0.1707494,0.4682384,0,0.571888,2677.755,1.647412,0.8495827,Left,Up,-0.08622923,1.814278,Normal
276.1799,21.97618,0,0.1707494,0.4722057,0,0.5632076,2678.634,1.648229,0.8490831,Left,Up,-0.08846933,1.82,Normal
276.2199,22.00071,0,0.171665,0.476173,0,0.5614697,2679.513,1.646872,0.8485832,Left,Up,-0.08622923,1.825729,Normal
276.2599,22.02703,0,0.1899755,0.476173,0,0.5585922,2680.394,1.645269,0.8480822,Left,Up,-0.08622923,1.831459,Normal
276.2999,22.05463,0,0.2192724,0.4801404,0,0.554451,2681.276,1.643788,0.8475807,Left,Up,-0.08156469,1.837189,Normal
276.3399,22.08088,0,0.2485693,0.4801404,0,0.5492439,2682.159,1.642406,0.8470783,Left,Up,-0.0656106,1.841805,Normal
276.3799,22.10744,0,0.2494848,0.4880751,0,0.5433488,2683.043,1.641786,0.8465757,Left,Up,-0.0656106,1.843018,Normal
276.4199,22.13454,0,0.2494848,0.4920424,0,0.5369879,2683.928,1.641385,0.8460721,Left,Up,-0.0656106,1.844246,Normal
276.4599,22.16345,0,0.2494848,0.4920424,0,0.5306174,2684.814,1.64039,0.8455678,Left,Up,-0.0656106,1.845459,Normal
276.4999,22.19255,0,0.2494848,0.4920424,0,0.5235263,2685.702,1.640362,0.8450631,Left,Up,-0.0656106,1.846672,Normal
276.5399,22.22258,0,0.2494848,0.4920424,0,0.5163372,2686.59,1.640257,0.8445575,Left,Up,-0.06852804,1.847893,Normal
276.5799,22.25085,0,0.2494848,0.4920424,0,0.5095021,2687.48,1.639642,0.8440511,Left,Up,-0.06852804,1.849106,Normal
276.6199,22.28086,0,0.2494848,0.4920424,0,0.5094126,2688.371,1.639461,0.8435441,Left,Up,-0.06852804,1.850319,Normal
276.6599,22.31136,0,0.2494848,0.4920424,0,0.5143275,2689.263,1.639573,0.8430368,Left,Up,-0.0656106,1.85154,Normal
276.6999,22.34081,0,0.2494848,0.4920424,0,0.5193731,2690.157,1.639698,0.8425285,Left,Up,-0.06852804,1.852753,Normal
276.7399,22.37067,0,0.2494848,0.4920424,0,0.5244867,2691.051,1.639701,0.8420193,Straight,Up,-0.03956468,1.853966,Normal
276.7799,22.40061,0,0.2494848,0.4920424,0,0.5296984,2691.947,1.639389,0.8415101,Straight,Up,0,1.849625,Normal
276.8199,22.43026,0,0.2494848,0.4920424,0,0.5350264,2692.844,1.63874,0.8409998,Straight,Up,-0.01978234,1.837814,Normal
276.8599,22.45978,0,0.2375829,0.4920424,0,0.5404639,2693.742,1.638081,0.8404887,Straight,Up,0,1.825996,Normal
276.8999,22.48911,0,0.2265966,0.4920424,0,0.5459632,2694.641,1.637554,0.839977,Straight,Up,-0.01978234,1.814156,Normal
276.9399,22.51828,0,0.1771581,0.4920424,0,0.5519447,2695.542,1.636975,0.839465,Straight,Up,-0.01978234,1.802299,Normal
276.9799,22.54733,0,-0.004119873,0.4920424,0,0.5580684,2696.443,1.636392,0.8389521,Straight,Up,-0.01978234,1.790421,Normal
277.0199,22.57633,0,-0.1240557,0.4920424,0,0.5648147,2697.346,1.635643,0.8384384,Straight,Up,-0.01978234,1.778534,Normal
277.0599,22.60525,0,-0.2183568,0.4920424,0,0.5717264,2698.25,1.634797,0.8379241,Straight,Up,-0.01978234,1.766632,Normal
277.0999,22.63415,0,-0.2549779,0.4920424,0,0.5791628,2699.155,1.634358,0.8374094,Straight,Up,-0.01978234,1.754707,Normal
277.1399,22.66294,0,-0.2558935,0.4920424,0,0.5869699,2700.061,1.634012,0.8368938,Straight,Up,-0.01978234,1.742767,Normal
277.1799,22.69172,0,-0.2558935,0.4920424,0,0.5950904,2700.969,1.633641,0.8363775,Straight,Up,-0.01978234,1.730812,Normal
277.2199,22.72039,0,-0.2558935,0.4920424,0,0.6036274,2701.877,1.633279,0.8358609,Straight,Up,-0.01978234,1.718849,Normal
277.2599,22.74903,0,-0.2632177,0.4920424,0,0.6124884,2702.787,1.633049,0.8353433,Straight,Up,-0.01978234,1.706863,Normal
277.2999,22.77763,0,-0.2870214,0.4920424,0,0.6215852,2703.698,1.632796,0.834825,Straight,Up,-0.01978234,1.694862,Normal
277.3399,22.80609,0,-0.3465325,0.4920424,0,0.6310451,2704.61,1.632596,0.8343061,Straight,Up,-0.01978234,1.682846,Normal
277.3799,22.83447,0,-0.4234385,0.4920424,0,0.6405275,2705.523,1.632348,0.833787,Straight,Up,-0.01978234,1.670815,Normal
277.4199,22.86277,0,-0.471046,0.4920424,0,0.6497266,2706.437,1.63211,0.8332667,Straight,Up,-0.01978234,1.658768,Normal
277.4599,22.89102,0,-0.4994273,0.4920424,0,0.658667,2707.352,1.631899,0.8327459,Straight,Up,-0.01978234,1.646706,Normal
277.4999,22.91909,0,-0.4994273,0.4920424,0,0.6670021,2708.269,1.631633,0.8322248,Straight,Up,0,1.634636,Normal
277.5399,22.94694,0,-0.4838634,0.4920424,0,0.6750963,2709.187,1.631398,0.8317025,Straight,Up,-0.01978234,1.622551,Normal
277.5799,22.97494,0,-0.4518199,0.4920424,0,0.6824893,2710.105,1.631003,0.8311796,Straight,Up,-0.01978234,1.610443,Normal
277.6199,23.00278,0,-0.4060417,0.4960098,0,0.6890926,2711.025,1.630841,0.8306562,Straight,Up,-0.01978234,1.598335,Normal
277.6599,23.0308,0,-0.3273064,0.4960098,0,0.6951013,2711.946,1.630719,0.8301326,Straight,Up,-0.01978234,1.586212,Normal
277.6999,23.05924,0,-0.2623022,0.4960098,0,0.7005075,2712.868,1.630385,0.8296078,Straight,Up,0,1.574066,Normal
277.7399,23.08764,0,-0.1789892,0.4960098,0,0.7051713,2713.791,1.630211,0.8290824,Straight,Up,-0.01978234,1.56192,Normal
277.7799,23.11613,0,-0.0993365,0.4960098,0,0.7091007,2714.716,1.629966,0.8285567,Straight,Up,0,1.549751,Normal
277.8199,23.14438,0,-0.05172729,0.4999771,0,0.7122753,2715.641,1.629663,0.82803,Straight,Up,-0.01978234,1.537575,Normal
277.8599,23.17343,0,0.02792358,0.4999924,0,0.7146379,2716.568,1.629571,0.8275028,Straight,Up,-0.01978234,1.525375,Normal
277.8999,23.20248,0,0.1048279,0.5117113,0,0.7161713,2717.496,1.629436,0.8269749,Straight,Up,0,1.513168,Normal
277.9399,23.23363,0,0.1597631,0.5156176,0,0.7170984,2718.425,1.62926,0.8264466,Straight,Up,-0.01978234,1.500954,Normal
277.9799,23.26598,0,0.2311742,0.5195239,0,0.7172053,2719.355,1.629265,0.8259174,Straight,Up,-0.01978234,1.488708,Normal
278.0199,23.29916,0,0.2659643,0.5195239,0,0.7167962,2720.287,1.629124,0.8253875,Straight,Up,0,1.476463,Normal
278.0599,23.32697,0,0.291599,0.5195239,0,0.7157711,2721.22,1.627777,0.8248574,Straight,Up,-0.01978234,1.464203,Normal
278.0999,23.36421,0,0.3025854,0.5195239,0,0.7119591,2722.154,1.629767,0.8243262,Straight,Up,-0.01978234,1.451942,Normal
278.1399,23.40073,0,0.3035009,0.5195239,0,0.7072809,2723.09,1.632077,0.8237945,Straight,Up,-0.01978234,1.439667,Normal
278.1799,23.43111,0,0.3035009,0.5195239,0,0.7021428,2724.026,1.633643,0.8232621,Straight,Up,-0.01978234,1.427368,Normal
278.2199,23.46893,0,0.3035009,0.5195239,0,0.696589,2724.965,1.633529,0.8227295,Straight,Up,0,1.415031,Normal
278.2599,23.50569,0,0.3035009,0.5195239,0,0.6905807,2725.905,1.632612,0.8221959,Right,Up,0.05595291,1.400742,Normal
278.2999,23.54145,0,0.3035009,0.5195239,0,0.6845849,2726.846,1.630984,0.8216616,Right,Up,0.05595291,1.369728,Normal
278.3399,23.57674,0,0.3035009,0.5195239,0,0.6787606,2727.789,1.628958,0.8211266,Right,Up,0.05595291,1.338684,Normal
278.3799,23.6118,0,0.3135717,0.5195239,0,0.6726947,2728.733,1.628214,0.8205914,Right,Up,0.05595291,1.307602,Normal
278.4199,23.64757,0,0.3263891,0.5195239,0,0.6665547,2729.678,1.627897,0.8200554,Right,Up,0.05595291,1.276466,Normal
278.4599,23.68002,0,0.3327978,0.4999924,0,0.6612128,2730.625,1.626736,0.8195185,Right,Up,0.05595291,1.2453,Normal
278.4999,23.71243,0,0.3327978,0.4999924,0,0.6509807,2731.574,1.626208,0.8189815,Right,Up,0.05595291,1.214088,Normal
278.5399,23.74532,0,0.3327978,0.4999924,0,0.6376748,2732.523,1.626334,0.8184435,Right,Up,0.05595291,1.182838,Normal
278.5799,23.77522,0,0.3327978,0.4999924,0,0.624694,2733.474,1.625961,0.8179049,Right,Up,0.05595291,1.151543,Normal
278.6199,23.80721,0,0.3327978,0.4999924,0,0.6122795,2734.426,1.624936,0.8173656,Right,Up,0.05595291,1.120178,Normal
278.6599,23.8385,0,0.3099096,0.4999924,0,0.6007841,2735.379,1.623223,0.8168261,Right,Up,0.08392937,1.088768,Normal
278.6999,23.87163,0,0.2677953,0.4999771,0,0.5894774,2736.334,1.623391,0.8162856,Right,Up,0.09065409,1.048897,Normal
278.7399,23.90322,0,0.2421606,0.4999771,0,0.5786088,2737.29,1.622776,0.8157445,Right,Up,0.08846933,1.006401,Normal
278.7799,23.93567,0,0.2027929,0.4960098,0,0.5604469,2738.247,1.623139,0.8152031,Right,Up,0.08846933,0.9638443,Normal
278.8199,23.9681,0,0.1771581,0.4960098,0,0.5424336,2739.205,1.623076,0.8146607,Right,Up,0.08846933,0.9212036,Normal
278.8599,23.99795,0,0.1295507,0.4960098,0,0.5255177,2740.165,1.621956,0.8141177,Right,Up,0.08846933,0.8784943,Normal
278.8999,24.03031,0,0.08834839,0.4960098,0,0.5091069,2741.126,1.621518,0.8135742,Right,Up,0.09278741,0.8357315,Normal
278.9399,24.06422,0,0.05813599,0.4920424,0,0.4933218,2742.088,1.621911,0.8130305,Right,Up,0.1203313,0.7921295,Normal
278.9799,24.09581,0,0.02792358,0.4920424,0,0.4702294,2743.052,1.622246,0.8124856,Right,Up,0.1203313,0.7389984,Normal
279.0199,24.12711,0,0.0151062,0.4920424,0,0.4480355,2744.016,1.621776,0.8119402,Right,Up,0.1203313,0.6857529,Normal
279.0599,24.15763,0,0.0050354,0.4880751,0,0.4265285,2744.982,1.620481,0.8113946,Right,Up,0.1203313,0.6324463,Normal
279.0999,24.19072,0,-0.009613037,0.4841077,0,0.4054914,2745.949,1.62082,0.8108481,Right,Up,0.1219466,0.5790863,Normal
279.1399,24.22478,0,-0.02243042,0.4801404,0,0.3764791,2746.918,1.622053,0.8103007,Right,Up,0.1506579,0.5256271,Normal
279.1799,24.25521,0,-0.04806519,0.476173,0,0.3483594,2747.888,1.622063,0.8097529,Right,Up,0.1506579,0.4619522,Normal
279.2199,24.28573,0,-0.07187068,0.476173,0,0.3202564,2748.859,1.620994,0.8092049,Right,Up,0.1493534,0.3981247,Normal
279.2599,24.31857,0,-0.1112384,0.476173,0,0.292036,2749.831,1.619476,0.8086559,Right,Up,0.1506579,0.3341827,Normal
279.2999,24.34952,0,-0.1423663,0.476173,0,0.2642208,2750.805,1.617585,0.8081062,Right,Up,0.1802258,0.2701416,Normal
279.3399,24.37909,0,-0.1615924,0.4722057,0,0.2371786,2751.78,1.615937,0.8075559,Right,Up,0.1802258,0.1960068,Normal
279.3799,24.41412,0,-0.1789892,0.4722057,0,0.2130006,2752.756,1.616794,0.8070055,Right,Flat,0.1802258,0.1215439,Normal
279.4199,24.4438,0,-0.1899755,0.4722057,0,0.1971869,2753.733,1.615612,0.8064541,Left,Flat,-0.06255726,0.04697418,Normal
279.4599,24.47079,0,-0.1972997,0.4682384,0,0.1823092,2754.712,1.613412,0.805902,Left,Flat,-0.1607126,0.0007324219,Normal
279.4999,24.50325,0,-0.2018774,0.4682384,0,0.167328,2755.692,1.61245,0.8053498,Left,Flat,-0.1607126,-0.02856445,Normal
279.5399,24.53588,0,-0.2018774,0.464271,0,0.1559658,2756.673,1.612917,0.8047965,Left,Flat,-0.1607126,-0.0579071,Normal
279.5799,24.56329,0,-0.2018774,0.464271,0,0.1523193,2757.655,1.611901,0.8042427,Left,Flat,-0.1582588,-0.08598328,Normal
279.6199,24.5922,0,-0.2018774,0.464271,0,0.1488336,2758.639,1.610455,0.8036883,Left,Flat,-0.1582588,-0.1085968,Normal
279.6599,24.62072,0,-0.2073705,0.464271,0,0.1455835,2759.623,1.608184,0.8031337,Left,Flat,-0.1582588,-0.1312332,Normal
279.6999,24.6522,0,-0.2256811,0.4603037,0,0.1421911,2760.609,1.608914,0.802578,Left,Down,-0.1519511,-0.1538773,Normal
279.7399,24.68207,0,-0.2275121,0.4603037,0,0.1447645,2761.596,1.609329,0.8020219,Left,Down,-0.1297215,-0.1759796,Normal
279.7799,24.7087,0,-0.2275121,0.4603037,0,0.1523321,2762.584,1.608533,0.8014655,Left,Down,-0.1282043,-0.1955032,Normal
279.8199,24.73889,0,-0.2275121,0.4603037,0,0.1591118,2763.573,1.607459,0.8009081,Left,Down,-0.1297215,-0.2150497,Normal
279.8599,24.76791,0,-0.2256811,0.4603037,0,0.1654687,2764.564,1.606508,0.8003502,Left,Down,-0.1282043,-0.2346268,Normal
279.8999,24.79543,0,-0.2137792,0.4603037,0,0.1717629,2765.555,1.604877,0.7997916,Left,Down,-0.1186941,-0.2542191,Normal
279.9399,24.82453,0,-0.2137792,0.4603037,0,0.1773287,2766.548,1.605349,0.799233,Left,Down,-0.09891172,-0.2727051,Normal
279.9799,24.85402,0,-0.2137792,0.4603037,0,0.1836582,2767.542,1.60554,0.7986732,Left,Down,-0.09891172,-0.2888794,Normal
280.0199,24.88243,0,-0.2137792,0.4563211,0,0.2005447,2768.537,1.605188,0.7981129,Left,Down,-0.09891172,-0.3050766,Normal
280.0599,24.91093,0,-0.2128637,0.4563211,0,0.2160656,2769.533,1.604451,0.7975523,Left,Down,-0.09891172,-0.3212814,Normal
280.0999,24.93947,0,-0.1954687,0.4563211,0,0.2309673,2770.531,1.60346,0.7969909,Left,Down,-0.09691329,-0.3375168,Normal
280.1399,24.96799,0,-0.1789892,0.4563211,0,0.2453816,2771.529,1.602574,0.7964289,Left,Down,-0.09891172,-0.3537674,Normal
280.1799,24.99626,0,-0.1652545,0.4563211,0,0.2591687,2772.529,1.601946,0.7958664,Left,Down,-0.06852804,-0.3700333,Normal
280.2199,25.02429,0,-0.1551837,0.4563211,0,0.2723793,2773.529,1.601221,0.7953035,Left,Down,-0.05233916,-0.3830338,Normal
280.2599,25.05218,0,-0.1551837,0.4563211,0,0.2848526,2774.531,1.600236,0.7947397,Left,Down,-0.05233916,-0.3948135,Normal
280.2999,25.07949,0,-0.1551837,0.4563211,0,0.2967312,2775.534,1.598744,0.7941754,Left,Down,-0.05595291,-0.406601,Normal
280.3399,25.1073,0,-0.1551837,0.4563211,0,0.3078121,2776.538,1.598221,0.7936105,Left,Down,-0.05595291,-0.4184036,Normal
280.3799,25.13519,0,-0.1542681,0.4563211,0,0.3180116,2777.543,1.598322,0.7930455,Left,Down,-0.05595291,-0.4302063,Normal
280.4199,25.16291,0,-0.1542681,0.4563211,0,0.3277369,2778.549,1.597962,0.7924793,Left,Down,-0.05595291,-0.4420242,Normal
280.4599,25.18956,0,-0.1542681,0.4563211,0,0.3368597,2779.557,1.596923,0.7919127,Left,Down,-0.05595291,-0.4538498,Normal
280.4999,25.21857,0,-0.1542681,0.4563211,0,0.3505805,2780.565,1.59679,0.791346,Left,Down,-0.05595291,-0.465683,Normal
280.5399,25.24743,0,-0.1542681,0.4563211,0,0.3635025,2781.575,1.596465,0.7907782,Left,Down,-0.05595291,-0.4775391,Normal
280.5799,25.27482,0,-0.1542681,0.4523537,0,0.3755605,2782.585,1.595814,0.7902099,Left,Down,-0.05595291,-0.4894028,Normal
280.6199,25.30325,0,-0.1542681,0.4523537,0,0.3865744,2783.597,1.595119,0.7896409,Left,Down,-0.05233916,-0.5012741,Normal
280.6599,25.33084,0,-0.1524371,0.4523537,0,0.3963167,2784.61,1.594306,0.7890719,Straight,Down,-0.02797646,-0.5131531,Normal
280.6999,25.35826,0,-0.1295489,0.4483864,0,0.4049796,2785.624,1.593451,0.7885019,Straight,Down,0,-0.5225601,Normal
280.7399,25.3846,0,-0.1057452,0.444419,0,0.413166,2786.639,1.59258,0.7879313,Straight,Down,0,-0.527832,Normal
280.7799,25.40996,0,-0.07003963,0.4404517,0,0.4202397,2787.656,1.591828,0.7873605,Straight,Down,0,-0.5331039,Normal
280.8199,25.43484,0,-0.04806519,0.4404517,0,0.4266327,2788.673,1.590902,0.7867888,Straight,Down,0,-0.5383835,Normal
280.8599,25.45913,0,-0.03982544,0.4404517,0,0.4321927,2789.691,1.589946,0.7862166,Straight,Down,0,-0.543663,Normal
280.8999,25.48339,0,-0.02792358,0.4285496,0,0.436924,2790.711,1.588893,0.7856438,Straight,Down,0,-0.5489502,Normal
280.9399,25.50634,0,-0.0050354,0.4126802,0,0.4409696,2791.731,1.588192,0.7850708,Straight,Down,0,-0.554245,Normal
280.9799,25.52584,0,0.03890991,0.3968109,0,0.4443386,2792.751,1.587846,0.7844968,Straight,Down,0,-0.5595398,Normal
281.0199,25.54143,0,0.06912231,0.3849088,0,0.4469724,2793.773,1.587509,0.7839224,Straight,Down,0,-0.5648422,Normal
281.0599,25.55392,0,0.09841919,0.3849088,0,0.4489622,2794.795,1.586934,0.7833478,Straight,Down,0,-0.5701294,Normal
281.0999,25.56588,0,0.1048279,0.3849088,0,0.4503582,2795.817,1.586125,0.7827721,Straight,Down,0,-0.5754318,Normal
281.1399,25.57765,0,0.1048279,0.3849088,0,0.4511981,2796.84,1.585046,0.7821959,Straight,Down,0,-0.5807419,Normal
281.1799,25.58974,0,0.1185644,0.3849088,0,0.4516041,2797.864,1.584279,0.7816193,Straight,Down,0,-0.5860443,Normal
281.2199,25.60176,0,0.1478612,0.3849088,0,0.451577,2798.888,1.5844,0.7810425,Straight,Down,0,-0.5913467,Normal
281.2599,25.61345,0,0.2302587,0.3849088,0,0.4511981,2799.912,1.583926,0.7804646,Straight,Down,0,-0.5966568,Normal
281.2999,25.62568,0,0.3327978,0.3849088,0,0.4502876,2800.937,1.582779,0.7798862,Straight,Down,0,-0.6019592,Normal
281.3399,25.63781,0,0.3978038,0.3849088,0,0.4492284,2801.962,1.581915,0.7793078,Straight,Down,0,-0.6072769,Normal
281.3799,25.64973,0,0.439918,0.3849088,0,0.448075,2802.988,1.581569,0.7787284,Straight,Down,0,-0.612587,Normal
281.4199,25.66185,0,0.4444957,0.3849088,0,0.4466322,2804.015,1.581121,0.7781484,Straight,Down,0.01978234,-0.6179047,Normal
281.4599,25.67402,0,0.4444957,0.3849088,0,0.4448845,2805.042,1.580402,0.7775678,Straight,Down,0,-0.6232224,Normal
281.4999,25.68592,0,0.4509044,0.3849088,0,0.4375606,2806.069,1.579689,0.7769872,Straight,Down,0,-0.6285553,Normal
281.5399,25.69761,0,0.4628062,0.3849088,0,0.4264928,2807.097,1.57879,0.7764056,Straight,Down,0,-0.633873,Normal
281.5799,25.70949,0,0.4774547,0.3849088,0,0.4157901,2808.125,1.578203,0.7758234,Straight,Down,0,-0.6391983,Normal
281.6199,25.72097,0,0.4985118,0.3849088,0,0.4057456,2809.154,1.578042,0.7752408,Straight,Down,0,-0.6445313,Normal
281.6599,25.73239,0,0.5461192,0.3849088,0,0.3962221,2810.183,1.578065,0.7746579,Straight,Down,0,-0.6498718,Normal
281.6999,25.74309,0,0.6257737,0.3849088,0,0.3877227,2811.213,1.577679,0.7740743,Straight,Down,0.03426402,-0.6552048,Normal
281.7399,25.75424,0,0.702678,0.3849088,0,0.3806575,2812.243,1.57762,0.7734899,Right,Down,0.06255726,-0.6580582,Normal
281.7799,25.766,0,0.7951462,0.3849088,0,0.3746551,2813.273,1.577929,0.7729055,Right,Down,0.06255726,-0.6584549,Normal
281.8199,25.77849,0,0.8482504,0.3849088,0,0.3702674,2814.304,1.578138,0.7723202,Right,Down,0.06255726,-0.6588516,Normal
281.8599,25.78825,0,0.9095907,0.3849088,0,0.3593322,2815.336,1.576826,0.7717343,Right,Down,0.06255726,-0.6592407,Normal
281.8999,25.79863,0,0.9736776,0.3849088,0,0.3481955,2816.367,1.575117,0.7711478,Right,Down,0.06255726,-0.6596375,Normal
281.9399,25.80998,0,1.031356,0.3849088,0,0.3386229,2817.4,1.573657,0.7705613,Right,Down,0.05934703,-0.6600342,Normal
281.9799,25.8188,0,1.086291,0.3849088,0,0.3314628,2818.432,1.572542,0.7699739,Right,Down,0.06255726,-0.6604233,Normal
282.0199,25.82701,0,1.113757,0.3849088,0,0.3269891,2819.465,1.572059,0.7693859,Right,Down,0.05934703,-0.66082,Normal
282.0599,25.83716,0,1.115588,0.3849088,0,0.3247978,2820.499,1.573527,0.7687978,Right,Down,0.07661668,-0.6612091,Normal
282.0999,25.84668,0,1.096362,0.3849088,0,0.3218778,2821.532,1.574311,0.7682087,Right,Down,0.08392937,-0.6602707,Normal
282.1399,25.85326,0,1.063403,0.3849088,0,0.3153457,2822.567,1.572827,0.7676192,Right,Down,0.08622923,-0.6585388,Normal
282.1799,25.86215,0,1.010299,0.3849088,0,0.311442,2823.601,1.571571,0.767029,Right,Down,0.08622923,-0.6567993,Normal
282.2199,25.86889,0,0.9324789,0.3849088,0,0.3113625,2824.636,1.570707,0.7664389,Right,Down,0.08622923,-0.6550598,Normal
282.2599,25.87568,0,0.8555746,0.3849088,0,0.3144337,2825.671,1.571313,0.7658477,Right,Down,0.08622923,-0.6533203,Normal
282.2999,25.88575,0,0.7557786,0.3849088,0,0.3195416,2826.706,1.572892,0.7652561,Right,Down,0.08622923,-0.6515732,Normal
282.3399,25.8904,0,0.6907761,0.3849088,0,0.3197554,2827.742,1.571472,0.7646643,Right,Down,0.1065312,-0.6496506,Normal
282.3799,25.89628,0,0.6312668,0.3849088,0,0.3231071,2828.777,1.569582,0.7640716,Right,Down,0.1065312,-0.6462021,Normal
282.4199,25.90283,0,0.6010544,0.3849088,0,0.3306027,2829.813,1.567234,0.7634785,Right,Down,0.1083524,-0.6427383,Normal
282.4599,25.9132,0,0.5891526,0.3849088,0,0.3420195,2830.85,1.568945,0.7628848,Right,Down,0.1065312,-0.6392746,Normal
282.4999,25.91942,0,0.5827403,0.3849088,0,0.3505844,2831.886,1.56892,0.762291,Right,Down,0.1065312,-0.6358032,Normal
282.5399,25.92277,0,0.5827403,0.3849088,0,0.3603473,2832.923,1.567154,0.7616962,Right,Down,0.1235407,-0.6323318,Normal
282.5799,25.93048,0,0.5772471,0.3849088,0,0.373953,2833.96,1.564618,0.7611009,Right,Down,0.1251145,-0.6275406,Normal
282.6199,25.94094,0,0.5589366,0.3849088,0,0.3916447,2834.998,1.56628,0.7605053,Right,Down,0.1251145,-0.622551,Normal
282.6599,25.94659,0,0.5241466,0.3849088,0,0.4059459,2836.036,1.566082,0.7599095,Right,Down,0.1251145,-0.6175461,Normal
282.6999,25.94974,0,0.4829478,0.3849088,0,0.422135,2837.074,1.56426,0.7593126,Right,Down,0.1312212,-0.6125412,Normal
282.7399,25.9578,0,0.4582286,0.3849088,0,0.4420896,2838.112,1.562482,0.7587152,Right,Down,0.1426525,-0.6070175,Normal
282.7799,25.96909,0,0.4408336,0.3809415,0,0.4642518,2839.15,1.564905,0.758118,Right,Down,0.1426525,-0.6006012,Normal
282.8199,25.97373,0,0.439918,0.3809415,0,0.4816598,2840.189,1.563498,0.7575197,Right,Down,0.1440177,-0.5941772,Normal
282.8599,25.97461,0,0.439918,0.3610895,0,0.5035012,2841.229,1.560399,0.7569209,Right,Down,0.1493534,-0.587738,Normal
282.8999,25.98576,0,0.4454112,0.3491875,0,0.5289263,2842.268,1.562471,0.7563215,Right,Down,0.1594904,-0.5807037,Normal
282.9399,25.98455,0,0.4527354,0.3491875,0,0.5483586,2843.307,1.561254,0.7557222,Right,Down,0.1607126,-0.5729218,Normal
282.9799,25.97759,0,0.4637218,0.3491875,0,0.5715959,2844.346,1.558307,0.755122,Right,Down,0.1594904,-0.5651321,Normal
283.0199,25.98591,0,0.4829478,0.3491875,0,0.5980617,2845.386,1.560499,0.7545212,Right,Down,0.174713,-0.5573349,Normal
283.0599,25.98352,0,0.4975963,0.3491875,0,0.6176819,2846.426,1.558589,0.7539204,Right,Down,0.1769387,-0.548378,Normal
283.0999,25.97619,0,0.5287242,0.3491875,0,0.6418134,2847.465,1.556204,0.7533185,Right,Down,0.1769387,-0.5392761,Normal
283.1399,25.98417,0,0.5598521,0.3491875,0,0.6660774,2848.504,1.558355,0.7527164,Right,Down,0.1876719,-0.5301514,Normal
283.1799,25.97966,0,0.6065476,0.3491875,0,0.6868312,2849.543,1.556392,0.7521135,Right,Down,0.1928145,-0.5201645,Normal
283.2199,25.98138,0,0.654155,0.3491875,0,0.7114609,2850.583,1.556707,0.7515107,Right,Down,0.191797,-0.5097656,Normal
283.2599,25.981,0,0.6880295,0.3491875,0,0.7309029,2851.622,1.556126,0.7509069,Right,Down,0.2055842,-0.4993668,Normal
283.2999,25.97426,0,0.7237351,0.3491875,0,0.7525975,2852.661,1.554188,0.7503028,Right,Down,0.2093567,-0.487999,Normal
283.3399,25.98006,0,0.7310593,0.3491875,0,0.7727586,2853.7,1.555365,0.7496985,Right,Down,0.2102893,-0.4763336,Normal
283.3799,25.97204,0,0.7310593,0.3491875,0,0.7907326,2854.739,1.552122,0.7490932,Right,Down,0.2246844,-0.4645691,Normal
283.4199,25.97669,0,0.7310593,0.3491875,0,0.8098802,2855.778,1.554498,0.7484875,Right,Down,0.2255535,-0.4516602,Normal
283.4599,25.96948,0,0.7310593,0.3491875,0,0.8243802,2856.817,1.551319,0.7478814,Right,Down,0.234068,-0.4387436,Normal
283.4999,25.97012,0,0.7310593,0.3491875,0,0.8414035,2857.856,1.553342,0.7472752,Right,Down,0.2414744,-0.4250793,Normal
283.5399,25.96532,0,0.7310593,0.3491875,0,0.8527315,2858.895,1.549923,0.746668,Right,Down,0.2446942,-0.4109192,Normal
283.5799,25.96471,0,0.737468,0.3491875,0,0.866717,2859.933,1.552322,0.7460603,Right,Down,0.2571706,-0.3964233,Normal
283.6199,25.96055,0,0.7603562,0.3491875,0,0.8753737,2860.972,1.548762,0.7454523,Right,Down,0.2579304,-0.3810196,Normal
283.6599,25.959,0,0.7905686,0.3491875,0,0.8849188,2862.01,1.551301,0.7448442,Right,Down,0.2741124,-0.3655014,Normal
283.6999,25.95762,0,0.8372641,0.3491875,0,0.8909883,2863.049,1.548593,0.744235,Right,Down,0.2733977,-0.3488388,Normal
283.7399,25.9534,0,0.8720541,0.3491875,0,0.8960706,2864.087,1.549132,0.7436256,Right,Down,0.289391,-0.3321381,Normal
283.7799,25.95434,0,0.920577,0.3491875,0,0.8998446,2865.125,1.549125,0.7430159,Right,Down,0.2900664,-0.3142166,Normal
283.8199,25.94491,0,0.9901571,0.3491875,0,0.8993611,2866.163,1.546115,0.7424055,Right,Down,0.3064671,-0.2962112,Normal
283.8599,25.94265,0,1.063403,0.3690242,0,0.8987691,2867.2,1.548295,0.7417945,Right,Down,0.3102743,-0.2770157,Normal
283.8999,25.94456,0,1.163195,0.3690242,0,0.8950734,2868.238,1.546468,0.7411831,Right,Down,0.3232465,-0.2575378,Normal
283.9399,25.9311,0,1.222705,0.3690242,0,0.8888028,2869.275,1.54447,0.7405716,Right,Down,0.3310224,-0.2370682,Normal
283.9799,25.93764,0,1.292288,0.3729915,0,0.8813401,2870.313,1.545966,0.7399592,Right,Down,0.3403488,-0.2159882,Normal
284.0199,25.93723,0,1.362784,0.3729915,0,0.8712174,2871.35,1.544664,0.7393464,Right,Down,0.3538778,-0.1942368,Normal
284.0599,25.93053,0,1.415884,0.3729915,0,0.8566973,2872.388,1.544734,0.7387336,Right,Down,0.3609945,-0.1714859,Normal
284.0999,25.93254,0,1.490958,0.3769741,0,0.8400269,2873.425,1.546158,0.7381197,Right,Flat,0.3743001,-0.1481705,Normal
284.1399,25.92927,0,1.544062,0.3769741,0,0.8232942,2874.462,1.544398,0.7375055,Right,Flat,0.3871488,-0.1238708,Normal
284.1799,25.9278,0,1.594416,0.3809415,0,0.8015338,2875.499,1.546619,0.7368908,Right,Flat,0.3971285,-0.09859467,Normal
284.2199,25.92954,0,1.61822,0.3849088,0,0.7800345,2876.536,1.543575,0.7362761,Right,Flat,0.4087828,-0.0725708,Normal
284.2599,25.92071,0,1.61822,0.3849088,0,0.7594569,2877.573,1.541223,0.7356606,Right,Flat,0.4256662,-0.04567719,Normal
284.2999,25.9237,0,1.60174,0.3928435,0,0.7348469,2878.61,1.542632,0.7350444,Right,Flat,0.4063823,-0.01753998,Normal
284.3399,25.91918,0,1.584345,0.3968109,0,0.7130738,2879.647,1.539699,0.7344284,Right,Flat,0.3916712,0.01107025,Normal
284.3799,25.91404,0,1.542231,0.4047455,0,0.6909186,2880.683,1.539905,0.7338114,Right,Flat,0.3794918,0.03987885,Normal
284.4199,25.91932,0,1.454337,0.4087129,0,0.6677747,2881.72,1.539325,0.7331939,Right,Flat,0.3753442,0.06817627,Normal
284.4599,25.91315,0,1.344473,0.4087129,0,0.648428,2882.757,1.536686,0.732576,Right,Flat,0.3727285,0.09609985,Normal
284.4999,25.9165,0,1.163195,0.4087129,0,0.6260875,2883.793,1.538777,0.7319581,Right,Flat,0.3663747,0.1236954,Normal
284.5399,25.9173,0,1.015792,0.4126802,0,0.6064891,2884.83,1.536,0.7313392,Right,Up,0.3631561,0.1506882,Normal
284.5799,25.91349,0,0.8317709,0.4126802,0,0.5873337,2885.866,1.536563,0.73072,Right,Up,0.3593647,0.1773376,Normal
284.6199,25.91714,0,0.6825364,0.4166476,0,0.5674984,2886.903,1.535446,0.7301008,Right,Up,0.3522151,0.2036133,Normal
284.6599,25.91744,0,0.6129563,0.4166476,0,0.5509602,2887.94,1.534092,0.7294806,Right,Up,0.3499859,0.2292252,Normal
284.6999,25.92484,0,0.5708385,0.4206149,0,0.5318917,2888.977,1.534814,0.72886,Right,Up,0.343781,0.2545471,Normal
284.7399,25.92841,0,0.5699229,0.4245823,0,0.5173421,2890.014,1.532346,0.7282389,Right,Up,0.339197,0.2793198,Normal
284.7799,25.93639,0,0.5662608,0.4285496,0,0.499685,2891.051,1.534003,0.7276179,Right,Up,0.3357179,0.3035736,Normal
284.8199,25.94352,0,0.5662608,0.444419,0,0.4862927,2892.089,1.531452,0.7269959,Right,Up,0.3280534,0.3275146,Normal
284.8599,25.95406,0,0.5607677,0.4563211,0,0.4712848,2893.127,1.533089,0.7263735,Right,Up,0.3256589,0.3506851,Normal
284.8999,25.96593,0,0.5424571,0.4682384,0,0.4590176,2894.165,1.530385,0.7257507,Right,Up,0.3177519,0.373642,Normal
284.9399,25.98442,0,0.5305552,0.4801404,0,0.4456563,2895.204,1.53167,0.7251279,Right,Up,0.315279,0.3958588,Normal
284.9799,26.0006,0,0.5223155,0.4920424,0,0.4351457,2896.244,1.528996,0.7245042,Right,Up,0.3083766,0.4177246,Normal
285.0199,26.0253,0,0.5168223,0.4999924,0,0.4227445,2897.285,1.530372,0.72388,Right,Up,0.3032579,0.4390335,Normal
285.0599,26.04681,0,0.5113292,0.4999924,0,0.4137371,2898.327,1.528014,0.7232559,Right,Up,0.2987072,0.4598083,Normal
285.0999,26.07336,0,0.5104136,0.4999924,0,0.4011882,2899.369,1.528854,0.7226309,Right,Up,0.2914124,0.4801559,Normal
285.1399,26.09765,0,0.5049205,0.4999924,0,0.3934772,2900.413,1.52669,0.7220055,Right,Up,0.2880355,0.4998474,Normal
285.1799,26.11963,0,0.4975963,0.4801404,0,0.3801314,2901.458,1.527218,0.7213795,Right,Up,0.2804634,0.519165,Normal
285.2199,26.14633,0,0.4975963,0.4722057,0,0.3714812,2902.503,1.526666,0.7207536,Right,Up,0.276953,0.5378265,Normal
285.2599,26.16042,0,0.4975963,0.4682384,0,0.3598951,2903.55,1.525698,0.720127,Right,Up,0.2697954,0.5560455,Normal
285.2999,26.18595,0,0.4975963,0.464271,0,0.3491854,2904.597,1.526982,0.7194998,Right,Up,0.2639296,0.5736847,Normal
285.3399,26.19563,0,0.4975963,0.4603037,0,0.3395582,2905.645,1.524355,0.7188727,Right,Up,0.2594432,0.5907593,Normal
285.3799,26.21415,0,0.4975963,0.4603037,0,0.3267292,2906.693,1.524792,0.7182446,Right,Up,0.2517883,0.6073837,Normal
285.4199,26.2298,0,0.4975963,0.4603037,0,0.3177133,2907.742,1.524052,0.7176162,Right,Up,0.25101,0.6232452,Normal
285.4599,26.2438,0,0.5003428,0.4603037,0,0.3048533,2908.792,1.523013,0.7169872,Right,Up,0.2382111,0.6389771,Normal
285.4999,26.26621,0,0.5104136,0.4603037,0,0.2925299,2909.842,1.523567,0.7163584,Right,Up,0.2373883,0.6535263,Normal
285.5399,26.27506,0,0.5104136,0.4603037,0,0.284454,2910.893,1.521538,0.7157286,Right,Up,0.2281412,0.6680679,Normal
285.5799,26.29101,0,0.505836,0.4603037,0,0.2704023,2911.945,1.521063,0.7150986,Right,Up,0.2229358,0.6816635,Normal
285.6199,26.31302,0,0.4985118,0.4603037,0,0.258321,2912.997,1.521799,0.7144685,Right,Up,0.2220564,0.6947937,Normal
285.6599,26.32183,0,0.4875255,0.4603037,0,0.250352,2914.05,1.520055,0.7138374,Right,Up,0.2065338,0.7077942,Normal
285.6999,26.33737,0,0.4646373,0.4603037,0,0.2366768,2915.103,1.519191,0.713206,Right,Up,0.2055842,0.719368,Normal
285.7399,26.35695,0,0.439918,0.4603037,0,0.2239017,2916.157,1.519723,0.7125742,Right,Up,0.2027088,0.7309189,Normal
285.7799,26.37091,0,0.405128,0.4523537,0,0.214424,2917.212,1.520063,0.7119425,Right,Up,0.1876719,0.7421188,Normal
285.8199,26.38252,0,0.3456151,0.4523537,0,0.2047162,2918.267,1.517933,0.7113098,Right,Up,0.1876719,0.7519455,Normal
285.8599,26.39798,0,0.2906835,0.4483864,0,0.1900895,2919.323,1.517604,0.7106768,Right,Up,0.1855749,0.7617645,Normal
285.8999,26.41146,0,0.1963842,0.4404517,0,0.1781807,2920.379,1.518055,0.7100433,Right,Up,0.166689,0.7714005,Normal
285.9399,26.42361,0,0.1222265,0.432517,0,0.1691842,2921.436,1.518245,0.7094099,Right,Up,0.165511,0.7792511,Normal
285.9799,26.43095,0,0.01602173,0.4245823,0,0.1616754,2922.493,1.516324,0.7087756,Right,Up,0.165511,0.7871017,Normal
286.0199,26.44118,0,-0.08285701,0.4087129,0,0.1460685,2923.551,1.515927,0.708141,Right,Up,0.1545051,0.7949371,Normal
286.0599,26.4482,0,-0.1606768,0.4047455,0,0.1331284,2924.609,1.515953,0.7075062,Right,Up,0.1412742,0.8015366,Normal
286.0999,26.45136,0,-0.2504003,0.4007782,0,0.1224454,2925.667,1.515861,0.7068708,Right,Up,0.1398823,0.8070145,Normal
286.1399,26.45613,0,-0.291599,0.4007782,0,0.1138262,2926.725,1.516185,0.7062348,Right,Up,0.1398823,0.8124924,Normal
286.1799,26.45826,0,-0.3163201,0.4007782,0,0.1073488,2927.783,1.514053,0.7055985,Right,Up,0.1341704,0.8179626,Normal
286.2199,26.46122,0,-0.3108269,0.4007782,0,0.09634382,2928.842,1.512707,0.7049623,Right,Up,0.1083524,0.8226776,Normal
286.2599,26.46643,0,-0.3108269,0.4007782,0,0.08036348,2929.9,1.512748,0.7043252,Right,Up,0.1083524,0.8250504,Normal
286.2999,26.46843,0,-0.3108269,0.4007782,0,0.06621763,2930.959,1.513071,0.7036876,Right,Up,0.1083524,0.8274155,Normal
286.3399,26.47258,0,-0.3437859,0.4007782,0,0.05359942,2932.018,1.512857,0.7030503,Right,Up,0.1065312,0.8297729,Normal
286.3799,26.47673,0,-0.380407,0.4245823,0,0.04174328,2933.077,1.512151,0.7024119,Right,Up,0.1065312,0.8321381,Normal
286.4199,26.48576,0,-0.4005486,0.4364843,0,0.03066006,2934.136,1.511231,0.7017733,Right,Up,0.05934703,0.8344955,Normal
286.4599,26.49701,0,-0.4362559,0.4404517,0,0.02035326,2935.196,1.510563,0.7011341,Straight,Up,0,0.8322449,Normal
286.4999,26.50911,0,-0.4893565,0.4523537,0,0.01023784,2936.256,1.510122,0.7004951,Straight,Up,0,0.8249969,Normal
286.5399,26.52323,0,-0.5314726,0.4603037,0,0.0008143783,2937.317,1.509569,0.6998553,Straight,Up,0,0.8177414,Normal
286.5799,26.53935,0,-0.5607694,0.4682384,0,-0.008683473,2938.378,1.508815,0.6992151,Straight,Up,0,0.8104782,Normal
286.6199,26.55708,0,-0.561685,0.4722057,0,-0.01810616,2939.441,1.507735,0.6985749,Straight,Up,0,0.8032227,Normal
286.6599,26.57558,0,-0.5488676,0.4801404,0,-0.02794805,2940.503,1.506984,0.6979337,Straight,Up,0,0.7959518,Normal
286.6999,26.59514,0,-0.5470365,0.4960098,0,-0.03812778,2941.567,1.506487,0.6972924,Straight,Up,0,0.788681,Normal
286.7399,26.61784,0,-0.5470365,0.4999771,0,-0.04876003,2942.632,1.505954,0.6966505,Straight,Up,0.01978234,0.781395,Normal
286.7799,26.64231,0,-0.5470365,0.4999924,0,-0.06013459,2943.698,1.505161,0.6960089,Straight,Up,0,0.7741089,Normal
286.8199,26.66659,0,-0.5543607,0.4999924,0,-0.07253933,2944.764,1.504454,0.6953662,Straight,Up,0,0.7668152,Normal
286.8599,26.69039,0,-0.5662626,0.4999924,0,-0.08616099,2945.832,1.503503,0.6947234,Straight,Up,0,0.7595062,Normal
286.8999,26.71449,0,-0.5763334,0.4999924,0,-0.1012219,2946.9,1.502812,0.6940799,Straight,Up,0,0.7521896,Normal
286.9399,26.7377,0,-0.6065458,0.4999924,0,-0.1179496,2947.969,1.502189,0.6934367,Straight,Up,0,0.744873,Normal
286.9799,26.76059,0,-0.6550705,0.4999924,0,-0.1363727,2949.039,1.501715,0.6927927,Straight,Up,0,0.7375336,Normal
287.0199,26.7835,0,-0.6834519,0.4999924,0,-0.1568569,2950.11,1.501008,0.6921481,Straight,Up,0,0.7301941,Normal
287.0599,26.80191,0,-0.6852829,0.4801404,0,-0.1788234,2951.182,1.499507,0.6915038,Straight,Up,0,0.722847,Normal
287.0999,26.82338,0,-0.6889451,0.4722057,0,-0.1933726,2952.254,1.501603,0.6908586,Straight,Up,0,0.7154922,Normal
287.1399,26.84274,0,-0.6971848,0.4722057,0,-0.210024,2953.328,1.503237,0.690213,Straight,Up,0,0.7081375,Normal
287.1799,26.85824,0,-0.6852829,0.4722057,0,-0.2290511,2954.402,1.503757,0.689567,Straight,Up,0,0.7007599,Normal
287.2199,26.8769,0,-0.6559861,0.4722057,0,-0.2503648,2955.477,1.502114,0.6889213,Straight,Up,0,0.693367,Normal
287.2599,26.89064,0,-0.6202787,0.4722057,0,-0.2700795,2956.552,1.4997,0.6882744,Straight,Up,0,0.6859818,Normal
287.2999,26.91101,0,-0.5470365,0.4722057,0,-0.2865445,2957.629,1.500146,0.6876274,Straight,Up,-0.03956468,0.6785736,Normal
287.3399,26.92866,0,-0.4646373,0.4722057,0,-0.3057905,2958.706,1.501044,0.6869804,Left,Up,-0.1083524,0.6665649,Normal
287.3799,26.94093,0,-0.4170299,0.4722057,0,-0.3275544,2959.783,1.497885,0.6863327,Left,Up,-0.1101434,0.6481476,Normal
287.4199,26.95986,0,-0.3813225,0.4722057,0,-0.3421462,2960.862,1.497862,0.6856845,Left,Up,-0.1101434,0.629715,Normal
287.4599,26.9847,0,-0.3694206,0.4722057,0,-0.3598037,2961.941,1.499142,0.6850359,Left,Up,-0.1101434,0.6112595,Normal
287.4999,26.99258,0,-0.3584343,0.4920424,0,-0.3781588,2963.021,1.4959,0.6843876,Left,Up,-0.1356209,0.5927734,Normal
287.5399,27.01722,0,-0.3465325,0.4960098,0,-0.3903036,2964.101,1.496543,0.6837384,Left,Up,-0.1519511,0.5716171,Normal
287.5799,27.04374,0,-0.3208977,0.4960098,0,-0.4065921,2965.182,1.49626,0.6830887,Left,Up,-0.1519511,0.5489731,Normal
287.6199,27.06141,0,-0.256809,0.4960098,0,-0.417477,2966.265,1.495228,0.6824393,Left,Up,-0.1532334,0.5263138,Normal
287.6599,27.09263,0,-0.190891,0.4960098,0,-0.4288521,2967.348,1.496113,0.681789,Left,Up,-0.1866263,0.5032959,Normal
287.6999,27.1093,0,-0.08194149,0.4960098,0,-0.4367212,2968.432,1.493973,0.6811383,Left,Up,-0.1866263,0.47715,Normal
287.7399,27.13925,0,-0.01693726,0.4960098,0,-0.4426973,2969.517,1.494818,0.6804873,Left,Up,-0.1907741,0.450943,Normal
287.7799,27.15958,0,0.05264282,0.4960098,0,-0.4447272,2970.604,1.493332,0.6798364,Left,Up,-0.2167048,0.4240494,Normal
287.8199,27.18719,0,0.1176488,0.4999771,0,-0.4450678,2971.691,1.492639,0.6791846,Left,Up,-0.2167048,0.3947067,Normal
287.8599,27.21743,0,0.1652563,0.4999771,0,-0.4386033,2972.779,1.493579,0.6785326,Left,Up,-0.2365626,0.3653336,Normal
287.8999,27.24703,0,0.2174413,0.4999771,0,-0.4304968,2973.869,1.491753,0.6778808,Left,Up,-0.2454926,0.3338394,Normal
287.9399,27.26458,0,0.2659643,0.4999771,0,-0.4155729,2974.959,1.489681,0.6772279,Left,Up,-0.2579304,0.3015137,Normal
287.9799,27.2995,0,0.3428686,0.4999771,0,-0.4012638,2976.051,1.490534,0.6765749,Left,Up,-0.2719625,0.267868,Normal
288.0199,27.32916,0,0.3996348,0.4999771,0,-0.3874829,2977.144,1.492349,0.6759213,Left,Up,-0.2839303,0.2328339,Normal
288.0599,27.35446,0,0.4161143,0.4999771,0,-0.3751268,2978.238,1.493,0.6752681,Left,Up,-0.2967354,0.1964798,Normal
288.0999,27.38748,0,0.4271007,0.4999771,0,-0.364078,2979.333,1.492149,0.6746139,Left,Up,-0.3127867,0.1587982,Normal
288.1399,27.42002,0,0.4271007,0.4999771,0,-0.3542981,2980.429,1.490453,0.6739594,Left,Flat,-0.3208161,0.1193695,Normal
288.1799,27.45258,0,0.4216075,0.476173,0,-0.3459116,2981.527,1.489033,0.6733046,Left,Flat,-0.3426407,0.0790863,Normal
288.2199,27.47905,0,0.4115367,0.476173,0,-0.3383393,2982.626,1.485764,0.6726499,Left,Flat,-0.1769387,0.03652191,Normal
288.2599,27.49264,0,0.3868175,0.476173,0,-0.3316185,2983.726,1.480885,0.6719944,Right,Flat,0.06852804,-0.01404572,Normal
288.2999,27.52082,0,0.3382909,0.476173,0,-0.3310434,2984.826,1.485026,0.6713386,Right,Flat,0.06852804,-0.07312775,Normal
288.3399,27.5525,0,0.3099096,0.476173,0,-0.3309076,2985.928,1.489367,0.6706829,Right,Flat,0.07132626,-0.1322327,Normal
288.3799,27.5698,0,0.3080785,0.476173,0,-0.3310093,2987.031,1.490986,0.6700264,Right,Down,0.07132626,-0.1914368,Normal
288.4199,27.60201,0,0.3144872,0.476173,0,-0.3312596,2988.135,1.490263,0.6693695,Right,Down,0.06852804,-0.2507858,Normal
288.4599,27.63294,0,0.3327978,0.476173,0,-0.3314533,2989.24,1.488306,0.6687124,Right,Down,0.06852804,-0.3102341,Normal
288.4999,27.66188,0,0.3428686,0.476173,0,-0.3314376,2990.346,1.485884,0.6680555,Right,Down,0.06852804,-0.3697586,Normal
288.5399,27.68982,0,0.3382909,0.476173,0,-0.3310058,2991.453,1.483684,0.6673976,Straight,Down,0.02797646,-0.4293365,Normal
288.5799,27.71716,0,0.3044164,0.476173,0,-0.3303683,2992.562,1.481591,0.6667395,Straight,Down,0,-0.4618683,Normal
288.6199,27.74405,0,0.2430761,0.476173,0,-0.3290549,2993.671,1.479932,0.6660814,Straight,Down,-0.01978234,-0.4781113,Normal
288.6599,27.77067,0,0.1936376,0.4722057,0,-0.3272421,2994.782,1.47839,0.6654227,Straight,Down,0,-0.4943619,Normal
288.6999,27.79677,0,0.1414526,0.464271,0,-0.3246595,2995.893,1.477019,0.6647636,Straight,Down,0,-0.5106277,Normal
288.7399,27.82105,0,0.09475708,0.464271,0,-0.3214857,2997.006,1.476064,0.6641041,Straight,Down,-0.01978234,-0.5269012,Normal
288.7799,27.84475,0,0.06454468,0.4603037,0,-0.3174572,2998.119,1.47545,0.6634448,Straight,Down,-0.01978234,-0.5431976,Normal
288.8199,27.86797,0,0.04714966,0.4563211,0,-0.3126647,2999.234,1.474778,0.6627848,Straight,Down,-0.01978234,-0.5595016,Normal
288.8599,27.8899,0,0.04714966,0.4523537,0,-0.3070822,3000.349,1.474076,0.6621244,Straight,Down,-0.01978234,-0.5758057,Normal
288.8999,27.9109,0,0.04714966,0.4483864,0,-0.3006183,3001.466,1.47333,0.6614642,Straight,Down,0,-0.5921326,Normal
288.9399,27.93102,0,0.04714966,0.444419,0,-0.2931285,3002.583,1.472712,0.6608031,Straight,Down,0,-0.6084671,Normal
288.9799,27.95026,0,0.04714966,0.4404517,0,-0.2847011,3003.7,1.472151,0.6601418,Straight,Down,0,-0.6248016,Normal
289.0199,27.9686,0,0.04714966,0.4364843,0,-0.2754768,3004.819,1.471493,0.6594802,Straight,Down,0,-0.6411514,Normal
289.0599,27.98643,0,0.03433228,0.4285496,0,-0.2652347,3005.938,1.470883,0.6588187,Straight,Down,-0.01978234,-0.6575089,Normal
289.0999,28.00263,0,-0.005950928,0.3888762,0,-0.2541511,3007.058,1.470285,0.6581564,Straight,Down,0,-0.6738739,Normal
289.1399,28.01284,0,-0.07095516,0.3253834,0,-0.2420776,3008.178,1.469709,0.6574939,Straight,Down,0,-0.690239,Normal
289.1799,28.01117,0,-0.1240557,0.2856947,0,-0.2293087,3009.299,1.469397,0.6568309,Straight,Down,-0.01978234,-0.7066116,Normal
289.2199,27.99966,0,-0.2018774,0.2499886,0,-0.2157699,3010.419,1.46891,0.6561683,Straight,Down,0,-0.7229691,Normal
289.2599,27.97883,0,-0.256809,0.2301518,0,-0.201652,3011.539,1.467885,0.6555047,Straight,Down,-0.01978234,-0.7393188,Normal
289.2999,27.9525,0,-0.3208977,0.1983978,0,-0.1872768,3012.657,1.467067,0.654841,Straight,Down,-0.01978234,-0.7556458,Normal
289.3399,27.92023,0,-0.363012,0.1745937,0,-0.1723727,3013.774,1.466405,0.6541774,Straight,Down,0,-0.7719574,Normal
289.3799,27.88181,0,-0.3703362,0.1706264,0,-0.1571088,3014.89,1.465785,0.653513,Straight,Down,0,-0.7882462,Normal
289.4199,27.84147,0,-0.3703362,0.1706264,0,-0.1417522,3016.004,1.465392,0.6528482,Straight,Down,0,-0.804512,Normal
289.4599,27.80103,0,-0.3703362,0.1706264,0,-0.1260593,3017.116,1.464794,0.6521833,Straight,Down,-0.01978234,-0.820755,Normal
289.4999,27.76068,0,-0.3703362,0.1468223,0,-0.1100856,3018.227,1.464106,0.6515185,Straight,Down,-0.01978234,-0.8369675,Normal
289.5399,27.71646,0,-0.3703362,0.1190356,0,-0.09238622,3019.336,1.463465,0.6508529,Straight,Down,-0.01978234,-0.8531494,Normal
289.5799,27.6688,0,-0.3703362,0.1031662,0,-0.06687626,3020.444,1.465819,0.650187,Straight,Down,-0.01978234,-0.8692932,Normal
289.6199,27.61727,0,-0.3703362,0.09523156,0,-0.04168671,3021.549,1.467287,0.6495213,Straight,Down,-0.01978234,-0.8854065,Normal
289.6599,27.56279,0,-0.3703362,0.09523156,0,-0.01684004,3022.652,1.46723,0.6488549,Straight,Down,-0.01978234,-0.9015045,Normal
289.6999,27.50831,0,-0.3685051,0.09523156,0,0.007739305,3023.753,1.466445,0.6481881,Straight,Down,-0.01978234,-0.9175797,Normal
289.7399,27.45392,0,-0.3685051,0.09523156,0,0.03155154,3024.851,1.464913,0.6475211,Straight,Down,0,-0.9336166,Normal
289.7799,27.39963,0,-0.3584343,0.09523156,0,0.05453274,3025.948,1.463466,0.6468542,Straight,Down,-0.01978234,-0.9496307,Normal
289.8199,27.34542,0,-0.3511101,0.09523156,0,0.07650468,3027.042,1.462271,0.6461866,Straight,Down,-0.01978234,-0.9656143,Normal
289.8599,27.2913,0,-0.3511101,0.09523156,0,0.09787145,3028.135,1.460653,0.6455187,Straight,Down,-0.02797646,-0.9773178,Normal
289.8999,27.23727,0,-0.3511101,0.09523156,0,0.1184421,3029.224,1.459434,0.644851,Straight,Down,-0.03426402,-0.979599,Normal
289.9399,27.18334,0,-0.3437859,0.09523156,0,0.1378368,3030.312,1.458699,0.6441824,Straight,Down,-0.03426402,-0.9818649,Normal
289.9799,27.12947,0,-0.3282219,0.09126421,0,0.1558395,3031.398,1.457989,0.6435137,Straight,Down,-0.02797646,-0.9841385,Normal
290.0199,27.07472,0,-0.2851903,0.06746013,0,0.1725323,3032.481,1.456701,0.6428447,Straight,Down,-0.03426402,-0.9863968,Normal
290.0599,27.01647,0,-0.2366674,0.05159075,0,0.1880094,3033.563,1.455134,0.6421759,Straight,Down,-0.03426402,-0.9886627,Normal
290.0999,26.95387,0,-0.1432818,0.04365606,0,0.2018755,3034.642,1.454489,0.6415063,Straight,Down,-0.02797646,-0.9909134,Normal
290.1399,26.88957,0,-0.05722046,0.04365606,0,0.2144186,3035.718,1.453896,0.6408364,Straight,Down,-0.03426402,-0.9931641,Normal
290.1799,26.82493,0,-0.02334595,0.04365606,0,0.2261415,3036.791,1.453412,0.6401662,Straight,Down,-0.02797646,-0.9954071,Normal
290.2199,26.76085,0,-0.02243042,0.04365606,0,0.2439415,3037.862,1.453451,0.6394964,Straight,Down,-0.02797646,-0.9976425,Normal
290.2599,26.69696,0,-0.03341675,0.06746013,0,0.2640775,3038.931,1.453763,0.6388257,Straight,Down,-0.02797646,-0.9998779,Normal
290.2999,26.63558,0,-0.06454647,0.07142748,0,0.2827407,3039.997,1.45376,0.6381547,Straight,Down,-0.02797646,-1.002098,Normal
290.3399,26.57769,0,-0.09475887,0.07539482,0,0.3000864,3041.061,1.453498,0.637484,Straight,Down,-0.02797646,-1.004326,Normal
290.3799,26.52147,0,-0.1176471,0.07539482,0,0.3160369,3042.122,1.452772,0.6368125,Straight,Down,-0.02797646,-1.006546,Normal
290.4199,26.46557,0,-0.148775,0.07936218,0,0.3306752,3043.181,1.452082,0.6361408,Straight,Down,-0.03426402,-1.008759,Normal
290.4599,26.41022,0,-0.18906,0.09126421,0,0.3440248,3044.238,1.451189,0.6354687,Straight,Down,-0.02797646,-1.010963,Normal
290.4999,26.35748,0,-0.2366674,0.1150683,0,0.3560983,3045.293,1.450575,0.634797,Straight,Down,-0.03426402,-1.013176,Normal
290.5399,26.30856,0,-0.2549779,0.1388876,0,0.3663749,3046.346,1.45042,0.6341243,Straight,Down,-0.03956468,-1.014702,Normal
290.5799,26.26559,0,-0.2549779,0.1507896,0,0.3747647,3047.397,1.449053,0.6334516,Straight,Down,-0.03956468,-1.013535,Normal
290.6199,26.2254,0,-0.2494848,0.1785611,0,0.3820554,3048.446,1.447325,0.6327791,Straight,Down,-0.03956468,-1.01236,Normal
290.6599,26.18991,0,-0.2439916,0.1944305,0,0.3874561,3049.494,1.44602,0.6321056,Straight,Down,-0.03956468,-1.011192,Normal
290.6999,26.15911,0,-0.2366674,0.2023651,0,0.3914606,3050.541,1.445304,0.631432,Straight,Down,-0.03956468,-1.010017,Normal
290.7399,26.1312,0,-0.2366674,0.2023651,0,0.4017488,3051.586,1.44552,0.6307582,Straight,Down,-0.04423466,-1.00885,Normal
290.7799,26.10403,0,-0.2366674,0.2063325,0,0.4139126,3052.631,1.446023,0.6300846,Straight,Down,-0.04423466,-1.007683,Normal
290.8199,26.07695,0,-0.2504003,0.2182498,0,0.4247076,3053.674,1.446035,0.6294103,Straight,Down,-0.03956468,-1.006516,Normal
290.8599,26.05259,0,-0.256809,0.2261845,0,0.4342604,3054.716,1.445611,0.6287356,Straight,Down,-0.04423466,-1.005348,Normal
290.8999,26.03097,0,-0.274204,0.2460212,0,0.4422973,3055.757,1.445053,0.6280612,Straight,Down,-0.03956468,-1.004181,Normal
290.9399,26.01233,0,-0.298925,0.2499886,0,0.4490963,3056.798,1.444271,0.6273862,Straight,Down,-0.03956468,-1.003014,Normal
290.9799,25.99602,0,-0.3108269,0.2499886,0,0.4542774,3057.838,1.443698,0.6267108,Straight,Down,-0.03956468,-1.001839,Normal
291.0199,25.9793,0,-0.3291374,0.2499886,0,0.4574338,3058.877,1.442669,0.6260352,Straight,Down,-0.03956468,-1.000671,Normal
291.0599,25.96264,0,-0.3437859,0.2499886,0,0.4593771,3059.916,1.440547,0.6253598,Left,Down,-0.05233916,-0.9995041,Normal
291.0999,25.94584,0,-0.3575188,0.2499886,0,0.459259,3060.954,1.438848,0.6246838,Left,Down,-0.05233916,-0.9963379,Normal
291.1399,25.92845,0,-0.363012,0.2499886,0,0.4582056,3061.991,1.437663,0.6240074,Left,Down,-0.05233916,-0.9929047,Normal
291.1799,25.91212,0,-0.363012,0.2499886,0,0.4659282,3063.028,1.438309,0.6233314,Left,Down,-0.05233916,-0.9894714,Normal
291.2199,25.89556,0,-0.363012,0.2499886,0,0.4724913,3064.064,1.438472,0.6226545,Left,Down,-0.05233916,-0.9860458,Normal
291.2599,25.87851,0,-0.363012,0.2499886,0,0.4773663,3065.099,1.43805,0.6219775,Left,Down,-0.05233916,-0.9826126,Normal
291.2999,25.86237,0,-0.3575188,0.2499886,0,0.4808621,3066.134,1.437458,0.6213002,Straight,Down,-0.04845664,-0.979187,Normal
291.3399,25.84621,0,-0.3282219,0.2539559,0,0.4826551,3067.168,1.437088,0.6206231,Straight,Down,-0.04845664,-0.9757538,Normal
291.3799,25.83074,0,-0.2870214,0.2539559,0,0.4821518,3068.201,1.437017,0.6199453,Left,Down,-0.05233916,-0.9723206,Normal
291.4199,25.8152,0,-0.2558935,0.27776,0,0.4800155,3069.234,1.43454,0.6192674,Left,Down,-0.05233916,-0.968895,Normal
291.4599,25.80257,0,-0.2513158,0.3055466,0,0.4763129,3070.266,1.432191,0.6185891,Left,Down,-0.05233916,-0.9654617,Normal
291.4999,25.79619,0,-0.2513158,0.3253834,0,0.4701694,3071.298,1.430667,0.6179112,Left,Down,-0.06255726,-0.9619827,Normal
291.5399,25.79591,0,-0.2613866,0.3412528,0,0.4728771,3072.33,1.431118,0.6172324,Left,Down,-0.06255726,-0.9566345,Normal
291.5799,25.79831,0,-0.2687109,0.3412528,0,0.4740174,3073.362,1.431475,0.6165535,Left,Down,-0.05934703,-0.9512787,Normal
291.6199,25.80079,0,-0.2851903,0.3491875,0,0.4734343,3074.394,1.431633,0.6158749,Left,Down,-0.05934703,-0.9459229,Normal
291.6599,25.8055,0,-0.3035027,0.3491875,0,0.4711825,3075.426,1.43135,0.6151955,Left,Down,-0.05934703,-0.9405594,Normal
291.6999,25.81178,0,-0.3465325,0.3571222,0,0.4666136,3076.458,1.431332,0.6145158,Left,Down,-0.06255726,-0.9351959,Normal
291.7399,25.81843,0,-0.4115367,0.3650568,0,0.4602744,3077.491,1.429571,0.6138361,Left,Down,-0.06255726,-0.9298248,Normal
291.7799,25.82521,0,-0.4600596,0.3650568,0,0.4524282,3078.524,1.427259,0.6131566,Left,Down,-0.05934703,-0.9244461,Normal
291.8199,25.83228,0,-0.5113292,0.3650568,0,0.4446277,3079.557,1.425648,0.6124762,Left,Down,-0.06255726,-0.9190674,Normal
291.8599,25.84151,0,-0.5296415,0.3650568,0,0.4428718,3080.591,1.426075,0.6117958,Left,Down,-0.06852804,-0.9136887,Normal
291.8999,25.8492,0,-0.5314726,0.3650568,0,0.439206,3081.625,1.426604,0.6111155,Left,Down,-0.07401875,-0.906723,Normal
291.9399,25.85621,0,-0.5406278,0.3650568,0,0.4334677,3082.659,1.426764,0.6104347,Left,Down,-0.07132626,-0.8995056,Normal
291.9799,25.86546,0,-0.5525297,0.3650568,0,0.4252124,3083.693,1.426812,0.6097535,Left,Down,-0.07132626,-0.8922882,Normal
292.0199,25.87346,0,-0.561685,0.3650568,0,0.4148021,3084.728,1.425292,0.6090722,Left,Down,-0.07132626,-0.8850479,Normal
292.0599,25.87895,0,-0.5598539,0.3650568,0,0.4024381,3085.763,1.422417,0.608391,Left,Down,-0.07401875,-0.8778076,Normal
292.0999,25.8861,0,-0.5488676,0.3650568,0,0.3924308,3086.799,1.421167,0.6077093,Left,Down,-0.07132626,-0.8705597,Normal
292.1399,25.89446,0,-0.5369657,0.3650568,0,0.3854942,3087.834,1.421698,0.6070273,Left,Down,-0.07132626,-0.8633194,Normal
292.1799,25.90003,0,-0.5296415,0.3412528,0,0.3764341,3088.87,1.422189,0.6063457,Left,Down,-0.08156469,-0.8559799,Normal
292.2199,25.90361,0,-0.5241466,0.3412528,0,0.3646474,3089.906,1.422187,0.6056632,Left,Down,-0.08392937,-0.8468857,Normal
292.2599,25.906,0,-0.5113292,0.3372854,0,0.3503093,3090.943,1.420957,0.6049806,Left,Down,-0.08392937,-0.8377838,Normal
292.2999,25.90385,0,-0.4893565,0.3372854,0,0.3335805,3091.979,1.417778,0.6042978,Left,Down,-0.08156469,-0.8286667,Normal
292.3399,25.90517,0,-0.4518199,0.3372854,0,0.3207693,3093.015,1.416681,0.6036153,Left,Down,-0.08392937,-0.8195648,Normal
292.3799,25.90678,0,-0.4234385,0.3372854,0,0.3086916,3094.051,1.417024,0.6029322,Left,Down,-0.08392937,-0.8104553,Normal
292.4199,25.90562,0,-0.4115367,0.3372854,0,0.2944659,3095.087,1.417301,0.6022487,Left,Down,-0.08622923,-0.8013382,Normal
292.4599,25.90791,0,-0.4115367,0.3372854,0,0.276951,3096.123,1.418165,0.601565,Left,Down,-0.09487279,-0.791687,Normal
292.4999,25.90674,0,-0.4115367,0.3372854,0,0.2571262,3097.159,1.414639,0.6008817,Left,Down,-0.09487279,-0.7806702,Normal
292.5399,25.90582,0,-0.4115367,0.3372854,0,0.2398445,3098.196,1.412514,0.6001977,Left,Down,-0.09691329,-0.7696533,Normal
292.5799,25.90853,0,-0.4170299,0.3372854,0,0.224644,3099.232,1.41301,0.5995135,Left,Down,-0.09487279,-0.7586288,Normal
292.6199,25.90736,0,-0.4335093,0.3372854,0,0.2069757,3100.268,1.413783,0.5988296,Left,Down,-0.09487279,-0.747612,Normal
292.6599,25.90878,0,-0.4463267,0.3372854,0,0.186168,3101.304,1.414039,0.598145,Left,Down,-0.1008706,-0.7365723,Normal
292.6999,25.90501,0,-0.4774547,0.3372854,0,0.1631984,3102.34,1.410085,0.5974603,Left,Down,-0.1083524,-0.7247391,Normal
292.7399,25.90639,0,-0.5168223,0.3372854,0,0.1463053,3103.376,1.409728,0.5967752,Left,Down,-0.1083524,-0.7117233,Normal
292.7799,25.90801,0,-0.5470365,0.3372854,0,0.1274545,3104.412,1.410448,0.5960906,Left,Down,-0.1083524,-0.6987076,Normal
292.8199,25.9073,0,-0.5772489,0.3372854,0,0.1055844,3105.448,1.412445,0.5954052,Left,Down,-0.1083524,-0.6856766,Normal
292.8599,25.90343,0,-0.594644,0.3372854,0,0.0813677,3106.485,1.408146,0.5947197,Left,Down,-0.1101434,-0.6726456,Normal
292.8999,25.90314,0,-0.6239408,0.3372854,0,0.06289929,3107.521,1.407196,0.5940346,Left,Down,-0.1219466,-0.6592331,Normal
292.9399,25.90599,0,-0.6559861,0.3372854,0,0.04227561,3108.557,1.407998,0.5933486,Left,Down,-0.1219466,-0.6441116,Normal
292.9799,25.9042,0,-0.6779587,0.3372854,0,0.01855984,3109.593,1.409163,0.5926625,Left,Down,-0.1219466,-0.6289673,Normal
293.0199,25.89852,0,-0.6898606,0.3372854,0,-0.005669653,3110.629,1.405097,0.5919762,Left,Down,-0.1219466,-0.6138153,Normal
293.0599,25.89908,0,-0.6898606,0.3372854,0,-0.02489123,3111.665,1.405309,0.5912904,Left,Down,-0.1282043,-0.598671,Normal
293.0999,25.90219,0,-0.6898606,0.3372854,0,-0.04860079,3112.701,1.407197,0.5906036,Left,Down,-0.1356209,-0.5823517,Normal
293.1399,25.89375,0,-0.6898606,0.3372854,0,-0.0745191,3113.737,1.403613,0.5899168,Left,Down,-0.1370561,-0.5649872,Normal
293.1799,25.89223,0,-0.6843674,0.3372854,0,-0.0947015,3114.773,1.402832,0.5892303,Left,Down,-0.1356209,-0.5476227,Normal
293.2199,25.89603,0,-0.6651413,0.3372854,0,-0.1182077,3115.809,1.404632,0.5885432,Left,Down,-0.1426525,-0.5302505,Normal
293.2599,25.88689,0,-0.6422514,0.3372854,0,-0.144241,3116.844,1.401682,0.5878559,Left,Down,-0.1519511,-0.5118484,Normal
293.2999,25.88481,0,-0.6056303,0.3372854,0,-0.1644579,3117.88,1.400951,0.5871683,Left,Down,-0.1519511,-0.4921494,Normal
293.3399,25.88952,0,-0.5708402,0.3372854,0,-0.1883534,3118.915,1.403375,0.5864812,Left,Down,-0.1519511,-0.4724426,Normal
293.3799,25.87803,0,-0.561685,0.3372854,0,-0.2125109,3119.95,1.398896,0.5857934,Left,Down,-0.165511,-0.4527359,Normal
293.4199,25.87739,0,-0.561685,0.3372854,0,-0.231586,3120.986,1.39978,0.5851054,Left,Down,-0.1690205,-0.4311371,Normal
293.4599,25.88015,0,-0.561685,0.3372854,0,-0.2555532,3122.021,1.400237,0.5844172,Left,Down,-0.1690205,-0.4089355,Normal
293.4999,25.86985,0,-0.561685,0.3372854,0,-0.2745757,3123.055,1.396592,0.5837293,Left,Down,-0.1758294,-0.3867188,Normal
293.5399,25.86876,0,-0.561685,0.3372854,0,-0.294808,3124.09,1.394915,0.5830409,Left,Down,-0.1866263,-0.3634033,Normal
293.5799,25.86353,0,-0.561685,0.3571222,0,-0.3138948,3125.125,1.393768,0.5823522,Left,Down,-0.1876719,-0.3385391,Normal
293.6199,25.85672,0,-0.561685,0.3571222,0,-0.3305264,3126.159,1.389967,0.5816639,Left,Down,-0.1938267,-0.3136902,Normal
293.6599,25.86009,0,-0.561685,0.3571222,0,-0.3465941,3127.193,1.391781,0.5809749,Left,Down,-0.2065338,-0.2877731,Normal
293.6999,25.85671,0,-0.5662626,0.3571222,0,-0.3600102,3128.227,1.390343,0.5802858,Left,Down,-0.2055842,-0.2601624,Normal
293.7399,25.85539,0,-0.5827421,0.3372854,0,-0.3698699,3129.261,1.39188,0.5795965,Left,Down,-0.2193969,-0.2325439,Normal
293.7799,25.85198,0,-0.6056303,0.3333181,0,-0.3792442,3130.296,1.392037,0.5789075,Left,Down,-0.2255535,-0.2030411,Normal
293.8199,25.84569,0,-0.6486619,0.3253834,0,-0.3845958,3131.329,1.393078,0.5782179,Left,Down,-0.2289973,-0.1725082,Normal
293.8599,25.83595,0,-0.6834519,0.3015793,0,-0.390186,3132.363,1.392751,0.5775282,Left,Flat,-0.2478722,-0.1415024,Normal
293.8999,25.82534,0,-0.6971848,0.2539559,0,-0.3926615,3133.396,1.39391,0.5768389,Left,Flat,-0.2470816,-0.1079102,Normal
293.9399,25.80243,0,-0.7090867,0.1944305,0,-0.3946922,3134.428,1.392335,0.5761487,Left,Flat,-0.2697954,-0.07437134,Normal
293.9799,25.77228,0,-0.7090867,0.1587244,0,-0.3955862,3135.46,1.39428,0.5754586,Left,Flat,-0.2712421,-0.04088593,Normal
294.0199,25.7284,0,-0.7090867,0.1269856,0,-0.3944429,3136.49,1.392642,0.5747682,Left,Flat,-0.3039024,-0.007484436,Normal
294.0599,25.6806,0,-0.7017624,0.09523156,0,-0.3957727,3137.517,1.393949,0.5740783,Left,Flat,-0.3109043,-0.01767731,Normal
294.0999,25.62468,0,-0.6898606,0.08729687,0,-0.3909922,3138.543,1.392628,0.5733876,Left,Flat,-0.2927522,-0.03599548,Normal
294.1399,25.5656,0,-0.6651413,0.08332952,0,-0.388815,3139.566,1.390567,0.5726968,Left,Flat,-0.2920831,-0.05318451,Normal
294.1799,25.5062,0,-0.654155,0.08332952,0,-0.3859333,3140.587,1.391706,0.5720063,Left,Flat,-0.2741124,-0.07028198,Normal
294.2199,25.44612,0,-0.6486619,0.08332952,0,-0.3809609,3141.605,1.390231,0.5713153,Left,Flat,-0.2741124,-0.08625031,Normal
294.2599,25.38695,0,-0.6184477,0.08332952,0,-0.378887,3142.622,1.389013,0.5706241,Left,Flat,-0.2586879,-0.1021652,Normal
294.2999,25.32764,0,-0.5479521,0.08332952,0,-0.3746252,3143.635,1.389509,0.5699328,Left,Flat,-0.2564087,-0.1171036,Normal
294.3399,25.26833,0,-0.4042107,0.08332952,0,-0.3693744,3144.646,1.388059,0.5692418,Left,Flat,-0.2462884,-0.1318588,Normal
294.3799,25.21019,0,-0.2870214,0.08332952,0,-0.3673233,3145.656,1.386413,0.5685502,Left,Flat,-0.2382111,-0.1459656,Normal
294.4199,25.15241,0,-0.1835668,0.08332952,0,-0.3645563,3146.662,1.387437,0.5678584,Left,Down,-0.2373883,-0.159584,Normal
294.4599,25.09452,0,-0.1368731,0.08332952,0,-0.3588346,3147.667,1.386465,0.5671666,Left,Down,-0.2220564,-0.173111,Normal
294.4999,25.03736,0,-0.1176471,0.08332952,0,-0.3556214,3148.668,1.384001,0.5664751,Left,Down,-0.2211734,-0.1856308,Normal
294.5399,24.9816,0,-0.1130694,0.08332952,0,-0.3560863,3149.668,1.38573,0.5657829,Left,Down,-0.2148914,-0.1981049,Normal
294.5799,24.92507,0,-0.1121539,0.08332952,0,-0.3492978,3150.666,1.384659,0.5650906,Left,Down,-0.2046302,-0.2101822,Normal
294.6199,24.86913,0,-0.0956744,0.08332952,0,-0.3448927,3151.661,1.383253,0.5643987,Left,Down,-0.2036718,-0.2215958,Normal
294.6599,24.81406,0,-0.0590533,0.08332952,0,-0.3430869,3152.654,1.381485,0.5637063,Left,Down,-0.1978235,-0.2329712,Normal
294.6999,24.75982,0,-0.03341675,0.08332952,0,-0.3433348,3153.645,1.383454,0.5630136,Left,Down,-0.1876719,-0.2439499,Normal
294.7399,24.70506,0,-0.004119873,0.08332952,0,-0.3367681,3154.634,1.382526,0.5623208,Left,Down,-0.1876719,-0.2542801,Normal
294.7799,24.65069,0,0.00869751,0.08332952,0,-0.3322349,3155.621,1.381134,0.5616284,Left,Down,-0.1855749,-0.2645721,Normal
294.8199,24.5971,0,0.00869751,0.1071336,0,-0.3299633,3156.605,1.379267,0.5609355,Left,Down,-0.1713202,-0.2747574,Normal
294.8599,24.54903,0,0.00869751,0.1111009,0,-0.330367,3157.587,1.380109,0.5602423,Left,Down,-0.1713202,-0.2840271,Normal
294.8999,24.50152,0,0.00869751,0.1150683,0,-0.3260086,3158.568,1.380358,0.5595496,Left,Down,-0.1713202,-0.2932816,Normal
294.9399,24.45467,0,0.00869751,0.1190356,0,-0.3195916,3159.546,1.379229,0.5588562,Left,Down,-0.1631294,-0.3025208,Normal
294.9799,24.40999,0,0.00869751,0.1190356,0,-0.315386,3160.523,1.378001,0.5581627,Left,Down,-0.1545051,-0.3112869,Normal
295.0199,24.36512,0,0.00869751,0.123003,0,-0.3124338,3161.498,1.376349,0.5574691,Left,Down,-0.1545051,-0.3195343,Normal
295.0599,24.32241,0,0.00869751,0.123003,0,-0.3112033,3162.471,1.377501,0.5567759,Left,Down,-0.1545051,-0.3277588,Normal
295.0999,24.27875,0,0.00869751,0.1269856,0,-0.3051931,3163.443,1.377686,0.5560821,Left,Down,-0.1480375,-0.335968,Normal
295.1399,24.23554,0,-0.0050354,0.1269856,0,-0.2960238,3164.413,1.376609,0.5553882,Left,Down,-0.1384764,-0.3437424,Normal
295.1799,24.19365,0,-0.03890991,0.1269856,0,-0.2882593,3165.381,1.375475,0.5546947,Left,Down,-0.1384764,-0.350975,Normal
295.2199,24.15151,0,-0.1011676,0.1269856,0,-0.2817392,3166.347,1.374399,0.5540006,Left,Down,-0.1384764,-0.3581924,Normal
295.2599,24.10974,0,-0.1780736,0.1269856,0,-0.2761936,3167.312,1.373588,0.5533062,Left,Down,-0.1384764,-0.3653946,Normal
295.2999,24.06883,0,-0.2311742,0.1269856,0,-0.2723576,3168.275,1.374721,0.5526119,Left,Down,-0.1251145,-0.3725662,Normal
295.3399,24.02692,0,-0.2668798,0.1269856,0,-0.2619578,3169.237,1.374603,0.551918,Left,Down,-0.1219466,-0.3789597,Normal
295.3799,23.98529,0,-0.2687109,0.1269856,0,-0.2498588,3170.197,1.373618,0.5512234,Left,Down,-0.1219466,-0.3851776,Normal
295.4199,23.9443,0,-0.2687109,0.1269856,0,-0.2391324,3171.155,1.372503,0.5505287,Left,Down,-0.1235407,-0.3913879,Normal
295.4599,23.90307,0,-0.2687109,0.1269856,0,-0.2296384,3172.112,1.37157,0.5498345,Left,Down,-0.1219466,-0.397583,Normal
295.4999,23.86194,0,-0.2687109,0.1309529,0,-0.2210774,3173.066,1.370531,0.5491397,Left,Down,-0.1119058,-0.4037628,Normal
295.5399,23.82216,0,-0.2687109,0.1309529,0,-0.2134086,3174.02,1.370087,0.5484447,Left,Down,-0.1065312,-0.4093552,Normal
295.5799,23.78308,0,-0.2687109,0.1309529,0,-0.2069764,3174.971,1.370655,0.5477496,Left,Down,-0.1065312,-0.414566,Normal
295.6199,23.74315,0,-0.2751195,0.1309529,0,-0.1955593,3175.922,1.370505,0.5470551,Left,Down,-0.1046783,-0.4197693,Normal
295.6599,23.70355,0,-0.3053337,0.1349203,0,-0.1803367,3176.87,1.369215,0.5463599,Left,Down,-0.1046783,-0.4249649,Normal
295.6999,23.66489,0,-0.3382927,0.1349203,0,-0.1663191,3177.817,1.367944,0.5456645,Left,Down,-0.1065312,-0.4301453,Normal
295.7399,23.62658,0,-0.3620964,0.1349203,0,-0.1534158,3178.762,1.366869,0.5449692,Left,Down,-0.09691329,-0.435318,Normal
295.7799,23.58824,0,-0.3675896,0.1388876,0,-0.1416569,3179.706,1.366047,0.5442742,Left,Down,-0.08846933,-0.4399796,Normal
295.8199,23.55042,0,-0.3675896,0.154757,0,-0.130884,3180.649,1.365502,0.5435786,Left,Down,-0.08846933,-0.4441528,Normal
295.8599,23.51525,0,-0.3685051,0.1785611,0,-0.121113,3181.59,1.364653,0.5428829,Left,Down,-0.08846933,-0.4483185,Normal
295.8999,23.48517,0,-0.3703362,0.1785611,0,-0.1124772,3182.529,1.364566,0.5421878,Left,Down,-0.08846933,-0.4524765,Normal
295.9399,23.45736,0,-0.380407,0.1825284,0,-0.1053093,3183.468,1.364785,0.5414919,Left,Down,-0.08846933,-0.4566269,Normal
295.9799,23.43031,0,-0.380407,0.1825284,0,-0.09827399,3184.406,1.364837,0.540796,Left,Down,-0.08846933,-0.4607773,Normal
296.0199,23.40291,0,-0.380407,0.1825284,0,-0.08232039,3185.342,1.363807,0.5401,Left,Down,-0.08622923,-0.4649124,Normal
296.0599,23.37605,0,-0.380407,0.1825284,0,-0.06774604,3186.277,1.362757,0.5394045,Left,Down,-0.07132626,-0.4689636,Normal
296.0999,23.34937,0,-0.380407,0.1825284,0,-0.05465633,3187.211,1.361537,0.5387082,Left,Down,-0.06852804,-0.4720154,Normal
296.1399,23.32243,0,-0.3758293,0.1825284,0,-0.04278508,3188.145,1.360497,0.5380121,Left,Down,-0.07132626,-0.4750671,Normal
296.1799,23.29555,0,-0.3758293,0.1825284,0,-0.032166,3189.077,1.359542,0.5373163,Left,Down,-0.06852804,-0.4781036,Normal
296.2199,23.26872,0,-0.3758293,0.1825284,0,-0.02263406,3190.008,1.35894,0.5366199,Left,Down,-0.06852804,-0.4811325,Normal
296.2599,23.24199,0,-0.3758293,0.1825284,0,-0.01440853,3190.938,1.358341,0.5359236,Left,Down,-0.06852804,-0.484169,Normal
296.2999,23.21531,0,-0.3758293,0.1825284,0,-0.007731557,3191.866,1.357623,0.535227,Left,Down,-0.06852804,-0.4871979,Normal
296.3399,23.18871,0,-0.3758293,0.1825284,0,-0.002311796,3192.794,1.356904,0.534531,Left,Down,-0.06852804,-0.4902191,Normal
296.3799,23.1622,0,-0.3758293,0.1825284,0,0.001500517,3193.721,1.356446,0.5338343,Left,Down,-0.07132626,-0.4932327,Normal
296.4199,23.13578,0,-0.3566033,0.1825284,0,0.004375637,3194.647,1.355693,0.5331376,Left,Down,-0.05934703,-0.4962463,Normal
296.4599,23.10965,0,-0.3218132,0.1825284,0,0.005649894,3195.571,1.35551,0.5324413,Straight,Down,-0.04423466,-0.4988251,Normal
296.4999,23.08356,0,-0.2870214,0.1825284,0,0.004669696,3196.495,1.355476,0.5317445,Straight,Down,-0.04423466,-0.5004196,Normal
296.5399,23.05769,0,-0.2366674,0.1825284,0,0.002483815,3197.417,1.355056,0.5310476,Straight,Down,-0.04423466,-0.5020065,Normal
296.5799,23.03203,0,-0.190891,0.1825284,0,-0.001698107,3198.339,1.354515,0.5303507,Straight,Down,-0.04423466,-0.5035934,Normal
296.6199,23.00631,0,-0.1139849,0.1825284,0,-0.005675465,3199.26,1.353999,0.5296542,Straight,Down,-0.04423466,-0.5051727,Normal
296.6599,22.98066,0,-0.0151062,0.1825284,0,-0.006246924,3200.179,1.35302,0.5289571,Straight,Down,-0.04423466,-0.506752,Normal
296.6999,22.95524,0,0.09475708,0.1825284,0,-0.008499056,3201.098,1.35211,0.5282599,Straight,Down,-0.04423466,-0.5083313,Normal
296.7399,22.93006,0,0.2806127,0.1825284,0,-0.01226526,3202.015,1.351471,0.5275627,Straight,Down,-0.04423466,-0.5099106,Normal
296.7799,22.90484,0,0.4390025,0.1825284,0,-0.01703724,3202.931,1.350704,0.5268661,Straight,Down,-0.04423466,-0.5114822,Normal
296.8199,22.8798,0,0.6248581,0.1825284,0,-0.02292114,3203.847,1.34977,0.5261688,Straight,Down,-0.04423466,-0.5130539,Normal
296.8599,22.85491,0,0.7328904,0.1825284,0,-0.02954194,3204.761,1.349038,0.5254713,Straight,Down,-0.04423466,-0.5146255,Normal
296.8999,22.8302,0,0.7786667,0.1825284,0,-0.03638357,3205.674,1.34845,0.5247745,Straight,Down,-0.04423466,-0.5161972,Normal
296.9399,22.80562,0,0.7960618,0.1825284,0,-0.04377496,3206.587,1.348044,0.5240771,Straight,Down,-0.04423466,-0.5177612,Normal
296.9799,22.78112,0,0.7960618,0.1825284,0,-0.05118689,3207.498,1.347656,0.5233796,Straight,Down,-0.04423466,-0.5193253,Normal
297.0199,22.75668,0,0.7832444,0.1825284,0,-0.05892774,3208.408,1.347181,0.522682,Straight,Down,-0.04423466,-0.5208817,Normal
297.0599,22.73224,0,0.7612717,0.1825284,0,-0.06653494,3209.318,1.346545,0.5219849,Straight,Down,-0.03956468,-0.522438,Normal
297.0999,22.7078,0,0.7493699,0.1825284,0,-0.07372758,3210.226,1.345965,0.5212874,Straight,Down,0,-0.5239944,Normal
297.1399,22.6833,0,0.7383835,0.1825284,0,-0.08057231,3211.134,1.345424,0.5205897,Straight,Down,0,-0.5226746,Normal
297.1799,22.65874,0,0.737468,0.1825284,0,-0.0867247,3212.04,1.34493,0.5198925,Straight,Down,0,-0.5213013,Normal
297.2199,22.6341,0,0.737468,0.1825284,0,-0.092134,3212.946,1.344535,0.5191947,Straight,Down,0,-0.5199356,Normal
297.2599,22.60936,0,0.737468,0.1825284,0,-0.09651622,3213.85,1.344114,0.518497,Straight,Down,0,-0.5185699,Normal
297.2999,22.58454,0,0.737468,0.1825284,0,-0.09981674,3214.754,1.343663,0.5177991,Straight,Down,0,-0.5172043,Normal
297.3399,22.5596,0,0.737468,0.1825284,0,-0.1017481,3215.656,1.343301,0.5171018,Straight,Down,0,-0.5158386,Normal
297.3799,22.53457,0,0.737468,0.1825284,0,-0.1022498,3216.558,1.342883,0.5164039,Straight,Down,0,-0.514473,Normal
297.4199,22.50946,0,0.737468,0.1825284,0,-0.1013052,3217.459,1.342592,0.5157061,Straight,Down,0,-0.5131073,Normal
297.4599,22.48428,0,0.737468,0.1825284,0,-0.09858316,3218.358,1.3424,0.5150086,Straight,Down,0,-0.5117493,Normal
297.4999,22.45899,0,0.7319748,0.1825284,0,-0.09411493,3219.257,1.341936,0.5143106,Straight,Down,0,-0.5103912,Normal
297.5399,22.43366,0,0.7081711,0.1825284,0,-0.08787847,3220.155,1.341353,0.5136126,Straight,Down,0,-0.5090332,Normal
297.5799,22.4083,0,0.6605637,0.1825284,0,-0.07982805,3221.052,1.340715,0.5129146,Straight,Down,0,-0.5076675,Normal
297.6199,22.38291,0,0.6230271,0.1825284,0,-0.06941277,3221.947,1.340155,0.5122171,Straight,Down,0,-0.5063095,Normal
297.6599,22.35756,0,0.5479503,0.1825284,0,-0.05721414,3222.842,1.339622,0.511519,Straight,Down,0,-0.5049515,Normal
297.6999,22.33225,0,0.4921031,0.1825284,0,-0.04252937,3223.735,1.339025,0.5108208,Straight,Down,0,-0.5036011,Normal
297.7399,22.30716,0,0.4115367,0.1825284,0,-0.02569592,3224.628,1.338092,0.5101227,Straight,Down,0,-0.502243,Normal
297.7799,22.28219,0,0.3501928,0.1825284,0,-0.006294578,3225.519,1.337348,0.5094252,Straight,Down,0,-0.500885,Normal
297.8199,22.25737,0,0.2384984,0.1825284,0,0.01536161,3226.409,1.336857,0.508727,Straight,Down,0,-0.4995346,Normal
297.8599,22.23273,0,0.1359594,0.1825284,0,0.03963527,3227.299,1.336537,0.5080288,Straight,Down,0,-0.4981842,Normal
297.8999,22.2084,0,0.05630493,0.1825284,0,0.06597704,3228.187,1.336035,0.5073311,Straight,Down,0,-0.4968338,Normal
297.9399,22.1844,0,-0.04714966,0.1825284,0,0.09435862,3229.075,1.335494,0.5066329,Straight,Down,0,-0.4954834,Normal
297.9799,22.16064,0,-0.1057452,0.1825284,0,0.1247184,3229.961,1.334781,0.5059346,Straight,Down,0,-0.494133,Normal
298.0199,22.1371,0,-0.1240557,0.1825284,0,0.1569081,3230.847,1.334065,0.5052365,Straight,Down,0,-0.4927902,Normal
298.0599,22.11385,0,-0.1240557,0.1825284,0,0.19063,3231.732,1.333294,0.5045387,Straight,Down,0,-0.4914398,Normal
298.0999,22.09081,0,-0.1240557,0.1825284,0,0.2260105,3232.616,1.332629,0.5038405,Straight,Down,0,-0.490097,Normal
298.1399,22.06793,0,-0.1185626,0.1825284,0,0.2628051,3233.499,1.331897,0.5031421,Straight,Down,0,-0.4887543,Normal
298.1799,22.0452,0,-0.1130694,0.1825284,0,0.3008213,3234.381,1.331067,0.5024444,Straight,Down,0,-0.4874039,Normal
298.2199,22.0223,0,-0.1130694,0.1825284,0,0.3391758,3235.262,1.330562,0.5017461,Straight,Down,0,-0.4860687,Normal
298.2599,21.9991,0,-0.1130694,0.1825284,0,0.3715316,3236.142,1.328943,0.5010479,Straight,Down,0,-0.4847183,Normal
298.2999,21.97617,0,-0.1130694,0.1825284,0,0.4052063,3237.021,1.327536,0.5003496,Straight,Down,0,-0.4833832,Normal
298.3399,21.95352,0,-0.1130694,0.1825284,0,0.4398553,3237.899,1.326433,0.4996518,Straight,Down,0,-0.4820404,Normal
298.3799,21.93045,0,-0.1130694,0.1825284,0,0.4753617,3238.777,1.325644,0.4989537,Straight,Down,0,-0.4807053,Normal
298.4199,21.90746,0,-0.1130694,0.1825284,0,0.5117228,3239.654,1.324958,0.4982553,Straight,Down,0,-0.4793701,Normal
298.4599,21.88461,0,-0.1130694,0.1825284,0,0.5490316,3240.529,1.324179,0.4975576,Straight,Down,0,-0.478035,Normal
298.4999,21.86182,0,-0.1130694,0.1825284,0,0.5873395,3241.404,1.323036,0.4968593,Straight,Down,0,-0.4766998,Normal
298.5399,21.83936,0,-0.1112384,0.1825284,0,0.6262515,3242.278,1.323065,0.4961611,Straight,Down,0,-0.4753647,Normal
298.5799,21.81728,0,-0.1048297,0.1825284,0,0.6653962,3243.151,1.323433,0.4954628,Straight,Down,0,-0.4740372,Normal
298.6199,21.79526,0,-0.100252,0.1825284,0,0.705066,3244.022,1.323614,0.4947651,Straight,Down,0,-0.4727097,Normal
298.6599,21.77255,0,-0.100252,0.1864958,0,0.74289,3244.894,1.323461,0.4940668,Straight,Down,0,-0.4713745,Normal
298.6999,21.7504,0,-0.100252,0.1864958,0,0.7742541,3245.764,1.321548,0.4933686,Straight,Down,0,-0.470047,Normal
298.7399,21.72889,0,-0.0892657,0.1864958,0,0.8056309,3246.634,1.319957,0.4926709,Right,Down,0.05233916,-0.4687195,Normal
298.7799,21.70762,0,-0.05722046,0.1864958,0,0.8370875,3247.502,1.318682,0.4919727,Right,Down,0.05595291,-0.4644852,Normal
298.8199,21.68563,0,-0.01693726,0.1864958,0,0.8687521,3248.369,1.317723,0.4912745,Right,Down,0.05595291,-0.4599686,Normal
298.8599,21.6639,0,0.03799438,0.1864958,0,0.9004385,3249.236,1.316819,0.4905764,Right,Down,0.05595291,-0.4554596,Normal
298.8999,21.64304,0,0.06271362,0.1864958,0,0.9320005,3250.102,1.317317,0.4898788,Right,Down,0.05934703,-0.4509583,Normal
298.9399,21.62244,0,0.06912231,0.1864958,0,0.9636563,3250.967,1.318002,0.4891807,Right,Down,0.05595291,-0.4464569,Normal
298.9799,21.5999,0,0.06912231,0.1864958,0,0.9914424,3251.831,1.317607,0.4884825,Right,Down,0.05934703,-0.4419556,Normal
299.0199,21.57812,0,0.06912231,0.1864958,0,1.014912,3252.695,1.315745,0.4877845,Right,Down,0.05595291,-0.4374619,Normal
299.0599,21.55672,0,0.06912231,0.1864958,0,1.03822,3253.557,1.313994,0.487087,Right,Down,0.05595291,-0.4329681,Normal
299.0999,21.53542,0,0.06912231,0.1864958,0,1.061895,3254.419,1.312322,0.4863889,Right,Down,0.05595291,-0.4284821,Normal
299.1399,21.51435,0,0.06912231,0.1864958,0,1.085343,3255.28,1.312016,0.4856908,Right,Down,0.05595291,-0.4240112,Normal
299.1799,21.49437,0,0.06912231,0.1864958,0,1.108695,3256.14,1.313056,0.4849934,Right,Down,0.08156469,-0.4195251,Normal
299.2199,21.47173,0,0.06912231,0.1904631,0,1.128822,3256.999,1.313566,0.4842955,Right,Down,0.08156469,-0.4136963,Normal
299.2599,21.45014,0,0.07461548,0.2063325,0,1.143855,3257.857,1.311912,0.4835975,Right,Down,0.08156469,-0.4075775,Normal
299.2999,21.43128,0,0.08651733,0.2182498,0,1.158759,3258.714,1.309989,0.4828996,Right,Down,0.08392937,-0.4014587,Normal
299.3399,21.41712,0,0.1048279,0.2341192,0,1.173875,3259.571,1.308064,0.4822023,Right,Down,0.08392937,-0.3953552,Normal
299.3799,21.40779,0,0.1414526,0.2499886,0,1.188957,3260.427,1.309322,0.4815045,Right,Down,0.08392937,-0.3892593,Normal
299.4199,21.39878,0,0.1835668,0.2618906,0,1.201437,3261.283,1.310481,0.4808067,Right,Down,0.08392937,-0.3831558,Normal
299.4599,21.39148,0,0.2430761,0.2817273,0,1.208543,3262.139,1.308728,0.4801095,Right,Down,0.08846933,-0.3770523,Normal
299.4999,21.38839,0,0.291599,0.289662,0,1.215936,3262.995,1.306271,0.4794118,Right,Down,0.1083524,-0.3709412,Normal
299.5399,21.39124,0,0.3611827,0.309514,0,1.22339,3263.85,1.305377,0.4787142,Right,Down,0.1083524,-0.3633652,Normal
299.5799,21.39735,0,0.4151988,0.3174487,0,1.231206,3264.706,1.307787,0.4780165,Right,Down,0.1083524,-0.3557281,Normal
299.6199,21.402,0,0.4509044,0.3174487,0,1.231149,3265.562,1.306278,0.4773194,Right,Down,0.1083524,-0.3480911,Normal
299.6599,21.40589,0,0.4921031,0.3214161,0,1.232089,3266.418,1.303632,0.4766219,Right,Down,0.1083524,-0.3404465,Normal
299.6999,21.41911,0,0.5168223,0.3214161,0,1.233216,3267.275,1.303144,0.4759244,Right,Down,0.1083524,-0.3328018,Normal
299.7399,21.425,0,0.5461192,0.3293507,0,1.232338,3268.132,1.304613,0.4752275,Right,Down,0.1297215,-0.3251572,Normal
299.7799,21.43062,0,0.5754161,0.3372854,0,1.226438,3268.989,1.302865,0.4745301,Right,Down,0.1341704,-0.3162613,Normal
299.8199,21.43858,0,0.5937302,0.3491875,0,1.221461,3269.846,1.300193,0.4738327,Right,Down,0.1341704,-0.3070908,Normal
299.8599,21.45672,0,0.6047165,0.3531548,0,1.217242,3270.705,1.303094,0.4731355,Right,Down,0.132704,-0.2978973,Normal
299.8999,21.46795,0,0.6056321,0.3571222,0,1.205436,3271.563,1.301202,0.4724388,Right,Down,0.132704,-0.2887039,Normal
299.9399,21.47753,0,0.6056321,0.3650568,0,1.195257,3272.422,1.298192,0.4717416,Right,Down,0.1506579,-0.2795105,Normal
299.9799,21.50047,0,0.6010544,0.3690242,0,1.185589,3273.282,1.301091,0.4710445,Right,Down,0.1582588,-0.2692184,Normal
300.0199,21.51171,0,0.6001389,0.3729915,0,1.168949,3274.142,1.298686,0.4703473,Right,Down,0.1582588,-0.2584534,Normal
300.0599,21.52766,0,0.5900681,0.3809415,0,1.153929,3275.003,1.296795,0.4696509,Right,Down,0.1582588,-0.2476883,Normal
300.0999,21.5505,0,0.5763316,0.3928435,0,1.136421,3275.865,1.297998,0.4689539,Right,Down,0.1713202,-0.236908,Normal
300.1399,21.5693,0,0.5598521,0.4007782,0,1.115121,3276.728,1.297932,0.468257,Right,Down,0.183454,-0.2254486,Normal
300.1799,21.58813,0,0.5424571,0.4007782,0,1.09519,3277.591,1.29739,0.4675606,Right,Down,0.183454,-0.2130737,Normal
300.2199,21.61304,0,0.5351329,0.4007782,0,1.06781,3278.455,1.295995,0.4668639,Right,Down,0.183454,-0.200676,Normal
300.2599,21.6354,0,0.5223155,0.4007782,0,1.04204,3279.32,1.294789,0.4661672,Right,Down,0.2036718,-0.1882629,Normal
300.2999,21.65807,0,0.5003428,0.4007782,0,1.018079,3280.186,1.293922,0.4654706,Right,Down,0.20842,-0.174614,Normal
300.3399,21.68044,0,0.4701304,0.4007782,0,0.9959122,3281.053,1.293753,0.4647744,Right,Down,0.20842,-0.160553,Normal
300.3799,21.70098,0,0.4518199,0.4007782,0,0.9689885,3281.921,1.292944,0.464078,Right,Flat,0.2238118,-0.1464691,Normal
300.4199,21.72188,0,0.439918,0.4007782,0,0.9413686,3282.79,1.291892,0.4633815,Right,Flat,0.2349025,-0.1315155,Normal
300.4599,21.74362,0,0.4271007,0.3809415,0,0.9155076,3283.659,1.291045,0.4626857,Right,Flat,0.235734,-0.1157074,Normal
300.4999,21.76193,0,0.4097056,0.3809415,0,0.8916597,3284.53,1.290594,0.4619894,Right,Flat,0.2533378,-0.09989166,Normal
300.5399,21.7792,0,0.3749156,0.3809415,0,0.8696727,3285.4,1.290462,0.4612932,Right,Flat,0.2624426,-0.08300018,Normal
300.5799,21.79463,0,0.3446996,0.3809415,0,0.8458426,3286.272,1.290265,0.460597,Right,Flat,0.2668786,-0.06539154,Normal
300.6199,21.81016,0,0.3263891,0.3809415,0,0.8185555,3287.144,1.289221,0.4599015,Right,Flat,0.2907402,-0.04772949,Normal
300.6599,21.82582,0,0.3135717,0.3809415,0,0.7929456,3288.017,1.288275,0.4592055,Right,Flat,0.2907402,-0.02829742,Normal
300.6999,21.84208,0,0.3135717,0.3809415,0,0.7693992,3288.891,1.28767,0.4585096,Right,Flat,0.1958353,-0.008850098,Normal
300.7399,21.85762,0,0.3135717,0.3809415,0,0.7475144,3289.765,1.287333,0.4578143,Right,Flat,0.1690205,0.016716,Normal
300.7799,21.87308,0,0.3135717,0.3809415,0,0.7273602,3290.64,1.286983,0.4571185,Right,Flat,0.1690205,0.04444885,Normal
300.8199,21.88918,0,0.3135717,0.3809415,0,0.7090728,3291.515,1.287154,0.4564229,Right,Flat,0.1690205,0.07220459,Normal
300.8599,21.90371,0,0.3135717,0.3809415,0,0.68475,3292.391,1.28612,0.4557273,Right,Flat,0.1519511,0.09999847,Normal
300.8999,21.91853,0,0.3135717,0.3809415,0,0.6608083,3293.268,1.284966,0.4550323,Right,Flat,0.1341704,0.1255875,Normal
300.9399,21.93457,0,0.3135717,0.3809415,0,0.6382742,3294.145,1.283908,0.4543369,Right,Flat,0.1356209,0.1485748,Normal
300.9799,21.94881,0,0.3135717,0.3809415,0,0.6175455,3295.023,1.28335,0.4536417,Right,Up,0.1341704,0.1715546,Normal
301.0199,21.9633,0,0.3135717,0.3809415,0,0.598532,3295.901,1.282918,0.4529464,Right,Up,0.1341704,0.1945648,Normal
301.0599,21.97783,0,0.3154027,0.3809415,0,0.5810732,3296.78,1.282518,0.4522518,Right,Up,0.1266688,0.2175827,Normal
301.0999,21.99241,0,0.3208959,0.3809415,0,0.5653703,3297.66,1.282095,0.4515567,Right,Up,0.1083524,0.2395096,Normal
301.1399,22.00787,0,0.3254735,0.3809415,0,0.551085,3298.54,1.281918,0.4508618,Right,Up,0.1083524,0.2577667,Normal
301.1799,22.02134,0,0.3318822,0.3809415,0,0.5332729,3299.42,1.281237,0.4501675,Right,Up,0.1101434,0.2760544,Normal
301.2199,22.03509,0,0.3373754,0.3809415,0,0.5128716,3300.302,1.279996,0.4494727,Right,Up,0.1083524,0.2943497,Normal
301.2599,22.04926,0,0.3392065,0.3809415,0,0.494013,3301.184,1.278874,0.448778,Right,Up,0.1083524,0.3126526,Normal
301.2999,22.0632,0,0.3437841,0.3809415,0,0.4765573,3302.066,1.278141,0.4480835,Right,Up,0.1083524,0.3309631,Normal
301.3399,22.07671,0,0.3446996,0.3809415,0,0.4606646,3302.949,1.277555,0.4473896,Right,Up,0.09065409,0.3492889,Normal
301.3799,22.09022,0,0.3446996,0.4007782,0,0.4463808,3303.833,1.27724,0.4466952,Right,Up,0.08392937,0.3642883,Normal
301.4199,22.10609,0,0.3446996,0.4007782,0,0.4335104,3304.717,1.276835,0.4460009,Right,Up,0.08622923,0.3783112,Normal
301.4599,22.12382,0,0.3446996,0.4007782,0,0.4222493,3305.601,1.276501,0.4453073,Right,Up,0.08392937,0.3923492,Normal
301.4999,22.14165,0,0.3446996,0.4007782,0,0.412228,3306.487,1.276012,0.4446133,Right,Up,0.08392937,0.4064026,Normal
301.5399,22.15941,0,0.3446996,0.4047455,0,0.4036794,3307.373,1.275523,0.4439194,Right,Up,0.08622923,0.4204712,Normal
301.5799,22.17891,0,0.3446996,0.4047455,0,0.3964682,3308.26,1.275148,0.4432255,Right,Up,0.08392937,0.4345474,Normal
301.6199,22.19642,0,0.3392065,0.4047455,0,0.3845721,3309.148,1.274208,0.4425323,Right,Up,0.08622923,0.4486389,Normal
301.6599,22.21414,0,0.3373754,0.4047455,0,0.370651,3310.036,1.27281,0.4418388,Right,Up,0.07132626,0.462738,Normal
301.6999,22.23262,0,0.3373754,0.4047455,0,0.3581873,3310.925,1.271674,0.4411453,Right,Up,0.0656106,0.4746552,Normal
301.7399,22.25022,0,0.3373754,0.4047455,0,0.3472874,3311.815,1.270926,0.4404525,Right,Up,0.0656106,0.4848709,Normal
301.7799,22.26766,0,0.3273046,0.4047455,0,0.3379426,3312.706,1.270333,0.4397592,Right,Up,0.06255726,0.4950867,Normal
301.8199,22.28509,0,0.3154027,0.4047455,0,0.3300754,3313.597,1.269952,0.4390661,Right,Up,0.0656106,0.5053177,Normal
301.8599,22.30252,0,0.291599,0.4047455,0,0.3236704,3314.489,1.269516,0.438373,Right,Up,0.0656106,0.5155563,Normal
301.8999,22.31996,0,0.2595556,0.3849088,0,0.3189569,3315.381,1.269099,0.4376807,Right,Up,0.0656106,0.525795,Normal
301.9399,22.3351,0,0.2311742,0.3849088,0,0.315522,3316.275,1.268612,0.4369878,Right,Up,0.0656106,0.5360489,Normal
301.9799,22.34825,0,0.2018774,0.3809415,0,0.3134194,3317.168,1.268239,0.4362953,Right,Up,0.0656106,0.5463104,Normal
302.0199,22.36045,0,0.1936376,0.3809415,0,0.3125574,3318.063,1.267792,0.4356033,Right,Up,0.06255726,0.556572,Normal
302.0599,22.37269,0,0.1835668,0.3809415,0,0.3130316,3318.958,1.26721,0.4349108,Right,Up,0.0656106,0.5668411,Normal
302.0999,22.38487,0,0.1789892,0.3809415,0,0.3147983,3319.853,1.266684,0.4342185,Right,Up,0.05233916,0.5771103,Normal
302.1399,22.39707,0,0.1707494,0.3809415,0,0.3177753,3320.749,1.266202,0.4335264,Straight,Up,0.04423466,0.5844574,Normal
302.1799,22.4097,0,0.1478612,0.3809415,0,0.3221141,3321.645,1.265699,0.432835,Straight,Up,0.04845664,0.5911179,Normal
302.2199,22.42151,0,0.1176488,0.3809415,0,0.3244197,3322.542,1.265322,0.4321431,Straight,Up,0.04423466,0.5977783,Normal
302.2599,22.43296,0,0.06546021,0.3809415,0,0.3205733,3323.439,1.264233,0.4314514,Straight,Up,0.04423466,0.6044464,Normal
302.2999,22.44451,0,0.03341675,0.3809415,0,0.3177842,3324.336,1.263062,0.4307597,Straight,Up,0.04423466,0.6111221,Normal
302.3399,22.45662,0,-0.009613037,0.3809415,0,0.3158482,3325.235,1.262194,0.4300687,Straight,Up,0.04423466,0.6177902,Normal
302.3799,22.46804,0,-0.03341675,0.3809415,0,0.3148107,3326.133,1.261578,0.4293773,Straight,Up,0.04423466,0.6244659,Normal
302.4199,22.47947,0,-0.0352478,0.3809415,0,0.3148847,3327.032,1.260983,0.4286862,Straight,Up,0.04423466,0.6311493,Normal
302.4599,22.4909,0,-0.0352478,0.3809415,0,0.3158343,3327.932,1.260774,0.4279956,Straight,Up,0.04423466,0.637825,Normal
302.4999,22.50236,0,-0.0352478,0.3809415,0,0.3176207,3328.832,1.260427,0.4273047,Straight,Up,0.04423466,0.6445084,Normal
302.5399,22.51386,0,-0.0352478,0.3809415,0,0.3204652,3329.732,1.260051,0.4266139,Straight,Up,0.04423466,0.6511917,Normal
302.5799,22.52536,0,-0.0352478,0.3809415,0,0.3241783,3330.633,1.259565,0.4259233,Straight,Up,0.04423466,0.6578903,Normal
302.6199,22.53682,0,-0.0352478,0.3809415,0,0.3284699,3331.534,1.258918,0.4252333,Straight,Up,0.04845664,0.6645737,Normal
302.6599,22.54828,0,-0.0352478,0.3809415,0,0.3334306,3332.436,1.258328,0.4245429,Straight,Up,0.04423466,0.6712723,Normal
302.6999,22.55968,0,-0.0352478,0.3809415,0,0.338908,3333.339,1.257838,0.4238527,Straight,Up,0.03426402,0.6779709,Normal
302.7399,22.57107,0,-0.0352478,0.3809415,0,0.3446753,3334.241,1.257416,0.4231631,Straight,Up,0.02797646,0.6823425,Normal
302.7799,22.58245,0,-0.0352478,0.3809415,0,0.350844,3335.145,1.256982,0.4224733,Straight,Up,0.02797646,0.6853256,Normal
302.8199,22.59377,0,-0.0352478,0.3809415,0,0.357392,3336.048,1.256583,0.4217835,Straight,Up,0.02797646,0.6883087,Normal
302.8599,22.60507,0,-0.0352478,0.3809415,0,0.364282,3336.952,1.255722,0.4210939,Straight,Up,0.02797646,0.6912842,Normal
302.8999,22.61635,0,-0.0352478,0.3809415,0,0.3714824,3337.857,1.254952,0.4204049,Straight,Up,0.02797646,0.6942749,Normal
302.9399,22.62758,0,-0.0352478,0.3809415,0,0.3789001,3338.762,1.253843,0.4197157,Straight,Up,0.03426402,0.697258,Normal
302.9799,22.63878,0,-0.0352478,0.3809415,0,0.3865286,3339.667,1.253284,0.4190265,Straight,Up,0.02797646,0.7002411,Normal
303.0199,22.64994,0,-0.0352478,0.3809415,0,0.3945368,3340.573,1.252744,0.4183381,Straight,Up,0.02797646,0.7032242,Normal
303.0599,22.66105,0,-0.0352478,0.3809415,0,0.4025648,3341.479,1.252109,0.4176492,Straight,Up,0.02797646,0.7062149,Normal
303.0999,22.67215,0,-0.0352478,0.3809415,0,0.4106624,3342.386,1.251257,0.4169606,Straight,Up,0.01978234,0.7092056,Normal
303.1399,22.68317,0,-0.0352478,0.3809415,0,0.4188721,3343.293,1.250621,0.416272,Straight,Up,0.01978234,0.7121964,Normal
303.1799,22.6942,0,-0.0352478,0.4007782,0,0.4272038,3344.201,1.250127,0.4155843,Straight,Up,0.02797646,0.7151871,Normal
303.2199,22.70916,0,-0.0352478,0.4007782,0,0.4355924,3345.109,1.249468,0.414896,Straight,Up,0.01978234,0.7181778,Normal
303.2599,22.725,0,-0.0352478,0.4087129,0,0.4359845,3346.018,1.249371,0.4142081,Straight,Up,0.02797646,0.7211761,Normal
303.2999,22.74198,0,-0.0352478,0.4087129,0,0.4352976,3346.927,1.249161,0.4135202,Straight,Up,0.02797646,0.7241745,Normal
303.3399,22.75871,0,-0.0352478,0.4166476,0,0.4344398,3347.838,1.248604,0.4128331,Straight,Up,0.02797646,0.7271729,Normal
303.3799,22.77757,0,-0.0352478,0.4285496,0,0.4336033,3348.749,1.248145,0.4121455,Straight,Up,0.02797646,0.7301712,Normal
303.4199,22.7993,0,-0.0352478,0.4285496,0,0.4326956,3349.66,1.247288,0.4114583,Straight,Up,0.02797646,0.7331772,Normal
303.4599,22.82085,0,-0.0352478,0.432517,0,0.4315093,3350.573,1.246448,0.4107717,Straight,Up,0.02797646,0.7361832,Normal
303.4999,22.84317,0,-0.0352478,0.432517,0,0.4301781,3351.486,1.245703,0.4100846,Straight,Up,0.01978234,0.7391968,Normal
303.5399,22.8654,0,-0.0352478,0.432517,0,0.4288368,3352.401,1.24488,0.4093978,Straight,Up,0.02797646,0.7422028,Normal
303.5799,22.88756,0,-0.02883911,0.432517,0,0.4273417,3353.316,1.244002,0.4087112,Straight,Up,0.02797646,0.745224,Normal
303.6199,22.90964,0,-0.02883911,0.432517,0,0.4258888,3354.232,1.243057,0.4080253,Straight,Up,0.02797646,0.7482452,Normal
303.6599,22.93166,0,-0.02883911,0.432517,0,0.4243197,3355.149,1.242156,0.407339,Straight,Up,0.02797646,0.7512589,Normal
303.6999,22.95358,0,-0.0151062,0.432517,0,0.4227689,3356.067,1.241599,0.4066528,Straight,Up,0,0.7542877,Normal
303.7399,22.97545,0,0.0050354,0.432517,0,0.4208336,3356.986,1.241007,0.4059675,Straight,Up,0,0.7542038,Normal
303.7799,22.99726,0,0.03433228,0.432517,0,0.4189883,3357.906,1.240285,0.4052818,Straight,Up,0,0.7495117,Normal
303.8199,23.01899,0,0.05172729,0.432517,0,0.4169125,3358.826,1.23955,0.4045962,Straight,Up,0,0.744812,Normal
303.8599,23.04068,0,0.06271362,0.432517,0,0.4147487,3359.748,1.238749,0.4039109,Straight,Up,0,0.7401123,Normal
303.8999,23.0623,0,0.06362915,0.432517,0,0.4126674,3360.67,1.238343,0.4032262,Straight,Up,0,0.735405,Normal
303.9399,23.08387,0,0.06362915,0.432517,0,0.4105307,3361.593,1.237805,0.4025412,Straight,Up,0,0.7306824,Normal
303.9799,23.10534,0,0.06454468,0.432517,0,0.4083863,3362.517,1.23691,0.4018565,Straight,Up,0,0.7259674,Normal
304.0199,23.12676,0,0.08010864,0.432517,0,0.4061132,3363.442,1.236018,0.4011724,Straight,Up,0,0.7212448,Normal
304.0599,23.14816,0,0.1039124,0.432517,0,0.4037321,3364.367,1.235301,0.4004879,Straight,Up,0,0.7165146,Normal
304.0999,23.16943,0,0.1304662,0.432517,0,0.4014986,3365.294,1.235229,0.3998038,Straight,Up,0,0.711792,Normal
304.1399,23.19071,0,0.1478612,0.432517,0,0.3992666,3366.221,1.235213,0.3991197,Straight,Up,0,0.7070541,Normal
304.1799,23.21186,0,0.1707494,0.432517,0,0.3970419,3367.15,1.234979,0.3984364,Straight,Up,0,0.7023163,Normal
304.2199,23.23297,0,0.1881444,0.432517,0,0.3947081,3368.079,1.234384,0.3977528,Straight,Up,0,0.6975708,Normal
304.2599,23.25404,0,0.2119482,0.432517,0,0.3924222,3369.009,1.233709,0.3970694,Straight,Up,0,0.6928253,Normal
304.2999,23.27502,0,0.2494848,0.432517,0,0.3905482,3369.94,1.233401,0.3963861,Straight,Up,0,0.6880722,Normal
304.3399,23.2959,0,0.2787817,0.432517,0,0.3891198,3370.871,1.233338,0.3957036,Straight,Up,0,0.6833191,Normal
304.3799,23.31674,0,0.2906835,0.432517,0,0.3884135,3371.804,1.232883,0.3950209,Straight,Up,0,0.6785583,Normal
304.4199,23.33748,0,0.2906835,0.432517,0,0.3880621,3372.737,1.231577,0.3943383,Straight,Up,0,0.67379,Normal
304.4599,23.3582,0,0.2906835,0.432517,0,0.3881896,3373.671,1.229802,0.3936564,Straight,Up,0,0.6690216,Normal
304.4999,23.37881,0,0.291599,0.432517,0,0.3883623,3374.606,1.228473,0.3929741,Straight,Up,0,0.6642456,Normal
304.5399,23.39935,0,0.291599,0.432517,0,0.388448,3375.542,1.227587,0.3922922,Straight,Up,0,0.6594696,Normal
304.5799,23.41979,0,0.2806127,0.432517,0,0.3887808,3376.479,1.227446,0.3916104,Straight,Up,0,0.654686,Normal
304.6199,23.44017,0,0.2540624,0.432517,0,0.3895878,3377.416,1.227092,0.3909293,Straight,Up,0,0.6499023,Normal
304.6599,23.46048,0,0.2018774,0.432517,0,0.3907113,3378.354,1.22633,0.3902479,Straight,Up,0,0.6451111,Normal
304.6999,23.48073,0,0.1606786,0.432517,0,0.3924273,3379.293,1.225515,0.3895669,Straight,Up,0,0.6403198,Normal
304.7399,23.5009,0,0.1368749,0.432517,0,0.3949243,3380.233,1.225103,0.3888863,Straight,Up,0,0.6355209,Normal
304.7799,23.52103,0,0.1039124,0.432517,0,0.3980543,3381.174,1.225071,0.3882057,Straight,Up,0,0.6307144,Normal
304.8199,23.54104,0,0.07095337,0.432517,0,0.4019968,3382.115,1.224887,0.3875252,Straight,Up,0,0.6259079,Normal
304.8599,23.56107,0,0.03890991,0.432517,0,0.4064271,3383.057,1.224672,0.386845,Straight,Up,0,0.6211014,Normal
304.8999,23.58104,0,0.02792358,0.432517,0,0.4118038,3384,1.224328,0.3861654,Straight,Up,0,0.6162872,Normal
304.9399,23.60094,0,0.02792358,0.432517,0,0.417821,3384.944,1.223738,0.3854856,Straight,Up,0,0.6114655,Normal
304.9799,23.62079,0,0.02792358,0.432517,0,0.4246161,3385.889,1.223123,0.3848059,Straight,Up,0,0.6066437,Normal
305.0199,23.64064,0,0.02151489,0.432517,0,0.432092,3386.834,1.222569,0.3841271,Straight,Up,0,0.6018143,Normal
305.0599,23.66036,0,-0.01144409,0.432517,0,0.440118,3387.781,1.222073,0.383448,Straight,Up,0,0.5969925,Normal
305.0999,23.6801,0,-0.05172729,0.432517,0,0.448674,3388.728,1.221495,0.382769,Straight,Up,0,0.5921555,Normal
305.1399,23.69978,0,-0.07736385,0.432517,0,0.4577333,3389.675,1.220901,0.3820902,Straight,Up,0,0.5873184,Normal
305.1799,23.71939,0,-0.1011676,0.432517,0,0.4671211,3390.624,1.220356,0.3814123,Straight,Up,0,0.5824738,Normal
305.2199,23.73901,0,-0.1112384,0.432517,0,0.4767809,3391.573,1.219757,0.3807341,Straight,Up,0,0.5776291,Normal
305.2599,23.75854,0,-0.1112384,0.432517,0,0.4868661,3392.523,1.219282,0.3800561,Straight,Up,0,0.5727768,Normal
305.2999,23.77803,0,-0.1112384,0.432517,0,0.4972426,3393.474,1.218753,0.3793788,Straight,Up,0,0.5679245,Normal
305.3399,23.79751,0,-0.1112384,0.432517,0,0.5079435,3394.426,1.21813,0.3787012,Straight,Up,0,0.5630646,Normal
305.3799,23.8169,0,-0.1112384,0.432517,0,0.5190503,3395.378,1.217544,0.378024,Straight,Up,0,0.558197,Normal
305.4199,23.83621,0,-0.1112384,0.432517,0,0.5303482,3396.332,1.216944,0.3773469,Straight,Up,0,0.5533371,Normal
305.4599,23.85549,0,-0.1112384,0.432517,0,0.5420962,3397.285,1.216306,0.3766706,Straight,Up,0,0.5484695,Normal
305.4999,23.87468,0,-0.1139849,0.432517,0,0.5540647,3398.24,1.215654,0.375994,Straight,Up,0,0.5435944,Normal
305.5399,23.89383,0,-0.1286334,0.432517,0,0.5658879,3399.196,1.215014,0.3753177,Straight,Up,0,0.5387192,Normal
305.5799,23.9129,0,-0.1725787,0.432517,0,0.5780245,3400.152,1.214374,0.3746416,Straight,Up,0,0.5338364,Normal
305.6199,23.93194,0,-0.2211034,0.432517,0,0.5899907,3401.109,1.213771,0.3739662,Straight,Up,0,0.5289536,Normal
305.6599,23.95091,0,-0.274204,0.432517,0,0.6017268,3402.067,1.213146,0.3732906,Straight,Up,0,0.5240631,Normal
305.6999,23.96978,0,-0.2980095,0.432517,0,0.6131455,3403.026,1.212525,0.3726153,Straight,Up,0,0.519165,Normal
305.7399,23.9886,0,-0.2980095,0.432517,0,0.6241922,3403.985,1.211908,0.3719407,Straight,Up,0,0.5142746,Normal
305.7799,24.00732,0,-0.291599,0.432517,0,0.6349303,3404.945,1.211337,0.3712658,Straight,Up,0,0.5093689,Normal
305.8199,24.02599,0,-0.2906835,0.432517,0,0.6452584,3405.906,1.210694,0.3705911,Straight,Up,0,0.5044708,Normal
305.8599,24.04456,0,-0.2815282,0.432517,0,0.6552579,3406.868,1.210152,0.3699169,Straight,Up,0,0.4995575,Normal
305.8999,24.06306,0,-0.2796972,0.432517,0,0.6648414,3407.83,1.209606,0.3692433,Straight,Up,0,0.4946442,Normal
305.9399,24.08148,0,-0.274204,0.432517,0,0.6738961,3408.793,1.209057,0.3685694,Straight,Up,0,0.4897308,Normal
305.9799,24.09981,0,-0.2687109,0.432517,0,0.6824296,3409.757,1.208528,0.3678958,Straight,Up,0,0.4848099,Normal
306.0199,24.1181,0,-0.2687109,0.432517,0,0.6903708,3410.721,1.207993,0.3672229,Straight,Up,0,0.4798889,Normal
306.0599,24.13626,0,-0.2687109,0.432517,0,0.6976184,3411.687,1.20748,0.3665499,Straight,Up,0,0.4749603,Normal
306.0999,24.15433,0,-0.2623022,0.432517,0,0.7041304,3412.653,1.207038,0.365877,Straight,Up,0,0.4700317,Normal
306.1399,24.16789,0,-0.2504003,0.432517,0,0.7099841,3413.619,1.205229,0.3652045,Straight,Up,0,0.4650955,Normal
306.1799,24.18974,0,-0.2256811,0.432517,0,0.7203672,3414.587,1.207592,0.3645326,Straight,Up,0,0.4601669,Normal
306.2199,24.21095,0,-0.1972997,0.432517,0,0.7304342,3415.555,1.209961,0.3638607,Straight,Up,0,0.4552307,Normal
306.2599,24.227,0,-0.1652545,0.432517,0,0.7396581,3416.524,1.211331,0.3631889,Straight,Up,0,0.4502869,Normal
306.2999,24.24946,0,-0.1368731,0.432517,0,0.7479095,3417.494,1.211043,0.3625179,Straight,Up,0,0.4453354,Normal
306.3399,24.27107,0,-0.1286334,0.432517,0,0.7552251,3418.464,1.209927,0.3618467,Straight,Up,0,0.4403839,Normal
306.3799,24.29204,0,-0.1286334,0.432517,0,0.7618214,3419.436,1.20834,0.3611757,Straight,Up,0,0.4354248,Normal
306.4199,24.31262,0,-0.1286334,0.432517,0,0.7674101,3420.408,1.206781,0.360505,Straight,Up,0,0.4304657,Normal
306.4599,24.33293,0,-0.1286334,0.432517,0,0.7721561,3421.381,1.205266,0.3598351,Straight,Up,0,0.4254913,Normal
306.4999,24.35303,0,-0.13138,0.432517,0,0.7757282,3422.355,1.203893,0.3591651,Straight,Up,0,0.420517,Normal
306.5399,24.37305,0,-0.13138,0.432517,0,0.778195,3423.33,1.202664,0.3584951,Straight,Up,0,0.415535,Normal
306.5799,24.39294,0,-0.13138,0.432517,0,0.7796711,3424.305,1.201747,0.3578255,Straight,Up,0,0.4105606,Normal
306.6199,24.41281,0,-0.13138,0.432517,0,0.7800907,3425.282,1.200897,0.3571567,Straight,Up,-0.03956468,0.4032059,Normal
306.6599,24.43263,0,-0.1286334,0.432517,0,0.7796684,3426.259,1.200196,0.3564877,Straight,Up,-0.03426402,0.3834686,Normal
306.6999,24.45085,0,-0.1112384,0.432517,0,0.778145,3427.237,1.199278,0.3558189,Straight,Up,-0.03426402,0.3637314,Normal
306.7399,24.47033,0,-0.08285701,0.432517,0,0.7788184,3428.216,1.198847,0.355151,Straight,Up,-0.03426402,0.3439941,Normal
306.7799,24.49282,0,-0.02426147,0.432517,0,0.7832215,3429.195,1.200287,0.3544827,Straight,Up,-0.03426402,0.3242493,Normal
306.8199,24.51302,0,0.02334595,0.432517,0,0.7869687,3430.175,1.201383,0.3538149,Straight,Up,-0.03956468,0.3044815,Normal
306.8599,24.53363,0,0.07644653,0.432517,0,0.7899074,3431.156,1.201406,0.3531472,Straight,Up,-0.03956468,0.2846756,Normal
306.8999,24.55618,0,0.1039124,0.432517,0,0.7920595,3432.139,1.200576,0.3524804,Straight,Up,-0.03956468,0.2648544,Normal
306.9399,24.57819,0,0.1039124,0.432517,0,0.7935287,3433.122,1.199352,0.3518133,Straight,Up,-0.03956468,0.2450104,Normal
306.9799,24.59992,0,0.09841919,0.432517,0,0.7942199,3434.105,1.198085,0.3511466,Straight,Up,-0.03956468,0.2251434,Normal
307.0199,24.62138,0,0.08102417,0.432517,0,0.794197,3435.09,1.196743,0.3504807,Straight,Up,-0.03426402,0.2052612,Normal
307.0599,24.64268,0,0.05813599,0.432517,0,0.7935864,3436.075,1.195504,0.3498144,Straight,Up,-0.03426402,0.1853638,Normal
307.0999,24.66387,0,0.0453186,0.432517,0,0.7920828,3437.062,1.194544,0.3491485,Straight,Up,-0.03426402,0.165451,Normal
307.1399,24.68497,0,0.03982544,0.432517,0,0.7900457,3438.049,1.1936,0.348483,Straight,Flat,-0.03956468,0.1455231,Normal
307.1799,24.70599,0,0.03982544,0.432517,0,0.7874352,3439.037,1.192852,0.3478182,Straight,Flat,0,0.1255722,Normal
307.2199,24.72694,0,0.03982544,0.432517,0,0.7845237,3440.026,1.192233,0.3471532,Straight,Flat,0,0.1178818,Normal
307.2599,24.74784,0,0.03982544,0.432517,0,0.7812797,3441.015,1.191571,0.3464884,Straight,Flat,0,0.1133575,Normal
307.2999,24.7687,0,0.03799438,0.432517,0,0.7774864,3442.006,1.190848,0.3458245,Straight,Flat,0,0.1088257,Normal
307.3399,24.78948,0,0.02792358,0.432517,0,0.7735745,3442.997,1.1902,0.3451605,Straight,Flat,0,0.1043015,Normal
307.3799,24.81023,0,0.00869751,0.432517,0,0.7694677,3443.99,1.189521,0.3444966,Straight,Flat,0,0.09976959,Normal
307.4199,24.8309,0,-0.01693726,0.432517,0,0.7649065,3444.982,1.188875,0.3438331,Straight,Flat,0,0.0952301,Normal
307.4599,24.85152,0,-0.0590533,0.432517,0,0.7600509,3445.976,1.18829,0.3431704,Straight,Flat,0,0.09069061,Normal
307.4999,24.87206,0,-0.09384334,0.432517,0,0.7550205,3446.971,1.187844,0.3425076,Straight,Flat,-0.01978234,0.08614349,Normal
307.5399,24.89254,0,-0.1011676,0.432517,0,0.749529,3447.967,1.187283,0.3418449,Straight,Flat,0,0.08159637,Normal
307.5799,24.91298,0,-0.1011676,0.432517,0,0.7435948,3448.963,1.186602,0.3411826,Straight,Flat,0,0.07704926,Normal
307.6199,24.93332,0,-0.1011676,0.432517,0,0.7374963,3449.96,1.185967,0.3405212,Straight,Flat,0,0.07249451,Normal
307.6599,24.95361,0,-0.1011676,0.432517,0,0.7311803,3450.958,1.185412,0.3398596,Straight,Flat,0,0.06793213,Normal
307.6999,24.97383,0,-0.1048297,0.432517,0,0.7248478,3451.957,1.184917,0.3391982,Straight,Flat,0,0.06336975,Normal
307.7399,24.99401,0,-0.1112384,0.432517,0,0.7182038,3452.957,1.1842,0.3385377,Straight,Flat,0,0.05880737,Normal
307.7799,25.00757,0,-0.1194781,0.432517,0,0.7108329,3453.957,1.182819,0.337877,Straight,Flat,0,0.05423737,Normal
307.8199,25.03613,0,-0.13138,0.432517,0,0.7039936,3454.958,1.184522,0.3372166,Straight,Flat,0,0.04965973,Normal
307.8599,25.05516,0,-0.1524371,0.432517,0,0.6969098,3455.96,1.183339,0.3365565,Straight,Flat,0,0.04508209,Normal
307.8999,25.0681,0,-0.1725787,0.432517,0,0.6890523,3456.963,1.182155,0.3358973,Straight,Flat,0,0.04049683,Normal
307.9399,25.09425,0,-0.1844823,0.432517,0,0.6807982,3457.967,1.180837,0.3352378,Straight,Flat,0,0.03591156,Normal
307.9799,25.11384,0,-0.190891,0.432517,0,0.6723495,3458.971,1.179996,0.3345788,Straight,Flat,0,0.03131866,Normal
308.0199,25.13314,0,-0.1954687,0.432517,0,0.6633402,3459.976,1.179337,0.3339204,Straight,Flat,0,0.0267334,Normal
308.0599,25.15246,0,-0.1954687,0.4126802,0,0.6539992,3460.982,1.178883,0.333262,Straight,Flat,-0.01978234,-0.0825119,TransSlide
308.0999,25.16969,0,-0.1954687,0.4126802,0,0.644055,3461.989,1.178403,0.3326038,Straight,Flat,0,-0.09314728,TransSlide
308.1399,25.18467,0,-0.1954687,0.4126802,0,0.63357,3462.996,1.177888,0.331946,Straight,Flat,-0.01978234,-0.1037827,TransSlide
308.1799,25.19962,0,-0.1954687,0.4087129,0,0.6224291,3464.004,1.177369,0.331289,Straight,Flat,-0.01978234,-0.1144333,TransSlide
308.2199,25.21371,0,-0.1954687,0.4047455,0,0.6107,3465.012,1.176929,0.3306318,Straight,Flat,-0.01978234,-0.1250763,TransSlide
308.2599,25.22725,0,-0.1954687,0.4047455,0,0.5983456,3466.021,1.17639,0.3299751,Straight,Flat,0,-0.1357422,TransSlide
308.2999,25.24035,0,-0.1954687,0.4047455,0,0.5853396,3467.031,1.175897,0.329319,Straight,Flat,0,-0.1464005,TransSlide
308.3399,25.25319,0,-0.1853979,0.4047455,0,0.5718373,3468.041,1.175304,0.3286628,Straight,Down,0,-0.157074,TransSlide
308.3799,25.26614,0,-0.1551837,0.4047455,0,0.5576484,3469.051,1.174394,0.328007,Straight,Down,0,-0.1677399,TransSlide
308.4199,25.27946,0,-0.0892657,0.4047455,0,0.5427583,3470.062,1.174117,0.3273515,Straight,Down,0,-0.178421,TransSlide
308.4599,25.29228,0,-0.01144409,0.4047455,0,0.5274715,3471.074,1.174363,0.3266968,Straight,Down,0,-0.1891022,TransSlide
308.4999,25.30527,0,0.03982544,0.4047455,0,0.5117232,3472.086,1.174134,0.326042,Straight,Down,0,-0.199791,TransSlide
308.5399,25.31894,0,0.06912231,0.4047455,0,0.4956158,3473.098,1.173661,0.3253875,Straight,Down,0,-0.2104797,TransSlide
308.5799,25.33228,0,0.06912231,0.4047455,0,0.4786471,3474.112,1.172855,0.3247339,Straight,Down,0,-0.2211838,TransSlide
308.6199,25.34559,0,0.06912231,0.4047455,0,0.4611717,3475.125,1.172097,0.3240801,Straight,Down,0,-0.2318878,TransSlide
308.6599,25.35908,0,0.07461548,0.4047455,0,0.4428575,3476.139,1.171386,0.3234266,Straight,Down,0,-0.2426071,TransSlide
308.6999,25.36959,0,0.09933472,0.4047455,0,0.4244519,3477.154,1.169697,0.3227735,Left,Down,-0.09691329,-0.2533112,TransSlide
308.7399,25.38568,0,0.1368749,0.4047455,0,0.4114234,3478.169,1.171536,0.3221212,Left,Down,-0.1203313,-0.3348846,TransSlide
308.7799,25.40125,0,0.206455,0.4047455,0,0.3978769,3479.185,1.172819,0.3214688,Left,Down,-0.1186941,-0.4350128,TransSlide
308.8199,25.41104,0,0.2842748,0.4047455,0,0.3843354,3480.202,1.172263,0.3208167,Left,Down,-0.1219466,-0.5352249,TransSlide
308.8599,25.42646,0,0.3373754,0.4245823,0,0.3706483,3481.219,1.172631,0.3201649,Left,Down,-0.1186941,-0.6354446,TransSlide
308.8999,25.44509,0,0.3849864,0.4245823,0,0.3566489,3482.236,1.173652,0.3195141,Left,Down,-0.09487279,-0.7356491,TransSlide
308.9399,25.46803,0,0.3932261,0.4285496,0,0.3493702,3483.254,1.175998,0.3188631,Left,Down,-0.08622923,-0.8173065,TransSlide
308.9799,25.49175,0,0.3932261,0.4285496,0,0.342233,3484.274,1.176581,0.3182124,Left,Down,-0.08622923,-0.8910217,TransSlide
309.0199,25.51526,0,0.3868175,0.4285496,0,0.3348226,3485.294,1.175639,0.3175626,Left,Down,-0.08392937,-0.9648819,TransSlide
309.0599,25.54185,0,0.3749156,0.432517,0,0.3274808,3486.315,1.173559,0.3169126,Left,Down,-0.08392937,-1.038872,TransSlide
309.0999,25.56631,0,0.3611827,0.432517,0,0.3208216,3487.337,1.170268,0.316263,Left,Down,-0.08392937,-1.112915,TransSlide
309.1399,25.59148,0,0.3520274,0.432517,0,0.3141133,3488.361,1.169831,0.3156138,Left,Down,-0.08392937,-1.186996,TransSlide
309.1799,25.61366,0,0.3511083,0.4364843,0,0.3075595,3489.385,1.169105,0.3149654,Left,Down,-0.0656106,-1.261086,TransSlide
309.2199,25.63968,0,0.3511083,0.4364843,0,0.3042497,3490.41,1.170154,0.3143168,Straight,Down,0.01978234,-1.31945,TransSlide
309.2599,25.67202,0,0.3501928,0.4364843,0,0.3028383,3491.437,1.172925,0.3136687,Straight,Down,0.01978234,-1.338051,TransSlide
309.2999,25.69718,0,0.3327978,0.4404517,0,0.301874,3492.464,1.174219,0.3130214,Straight,Down,0.01978234,-1.356674,TransSlide
309.3399,25.73005,0,0.3080785,0.4404517,0,0.3015416,3493.493,1.172918,0.312374,Straight,Down,0.01978234,-1.375351,TransSlide
309.3799,25.7642,0,0.2659643,0.4404517,0,0.3021967,3494.523,1.170586,0.3117268,Straight,Down,0.01978234,-1.394066,TransSlide
309.4199,25.79642,0,0.2183568,0.4404517,0,0.303507,3495.555,1.167848,0.3110802,Straight,Down,0.01978234,-1.412811,TransSlide
309.4599,25.82776,0,0.1835668,0.4404517,0,0.3056193,3496.588,1.165314,0.3104344,Straight,Down,0.01978234,-1.431572,TransSlide
309.4999,25.8586,0,0.140537,0.4404517,0,0.3087249,3497.622,1.163075,0.3097884,Straight,Down,0.01978234,-1.450356,TransSlide
309.5399,25.88901,0,0.1048279,0.4404517,0,0.3126961,3498.657,1.161128,0.3091427,Straight,Down,0.01978234,-1.469162,TransSlide
309.5799,25.91934,0,0.07644653,0.4404517,0,0.3176854,3499.694,1.159706,0.308498,Straight,Down,0.01978234,-1.487991,TransSlide
309.6199,25.9495,0,0.07461548,0.4166476,0,0.3234906,3500.731,1.158435,0.3078533,Straight,Down,0.01978234,-1.506844,TransSlide
309.6599,25.97461,0,0.07461548,0.4126802,0,0.3304427,3501.77,1.157444,0.3072087,Straight,Down,0.01978234,-1.525711,TransSlide
309.6999,25.99863,0,0.07095337,0.4087129,0,0.3385202,3502.81,1.156538,0.3065646,Straight,Down,0.01978234,-1.544601,TransSlide
309.7399,26.02175,0,0.06546021,0.4047455,0,0.3476721,3503.851,1.155852,0.3059214,Straight,Down,0,-1.563499,TransSlide
309.7799,26.04396,0,0.06362915,0.3968109,0,0.3578495,3504.893,1.155101,0.3052781,Straight,Down,0,-1.58242,TransSlide
309.8199,26.06446,0,0.06271362,0.3849088,0,0.3689637,3505.935,1.154442,0.3046351,Straight,Down,0.01978234,-1.601364,TransSlide
309.8599,26.08322,0,0.06271362,0.3729915,0,0.3810446,3506.978,1.153856,0.3039926,Straight,Down,0.01978234,-1.620308,TransSlide
309.8999,26.09902,0,0.06271362,0.3571222,0,0.3942168,3508.022,1.153149,0.3033508,Straight,Down,0.01978234,-1.639267,TransSlide
309.9399,26.11204,0,0.06271362,0.3174487,0,0.4083278,3509.066,1.152289,0.302709,Straight,Down,0.01978234,-1.658234,TransSlide
309.9799,26.11748,0,0.06271362,0.2222171,0,0.423326,3510.111,1.152502,0.3020676,Straight,Down,0,-1.677208,TransSlide
310.0199,26.10711,0,0.06912231,0.0991989,0,0.4393257,3511.155,1.152481,0.301427,Straight,Down,0,-1.696182,TransSlide
310.0599,26.0713,0,0.08651733,0.007934691,0,0.4561785,3512.198,1.152099,0.3007863,Straight,Down,0.01978234,-1.715126,TransSlide
310.0999,26.01498,0,0.1048279,0,0,0.4739585,3513.24,1.151466,0.3001461,Straight,Down,0.01978234,-1.734032,TransSlide
310.1399,25.94963,0,0.1222265,0,0,0.4924447,3514.278,1.150823,0.2995062,Straight,Down,0,-1.752899,TransSlide
310.1799,25.88392,0,0.1423681,0,0,0.5118204,3515.314,1.150135,0.2988672,Straight,Down,0,-1.771713,TransSlide
310.2199,25.81841,0,0.1597631,0,0,0.5317743,3516.348,1.149369,0.2982281,Straight,Down,0.01978234,-1.790474,TransSlide
310.2599,25.75223,0,0.1771581,0,0,0.5524348,3517.378,1.149114,0.2975895,Straight,Down,0.03426402,-1.809204,TransSlide
310.2999,25.6862,0,0.2018774,0,0,0.5658457,3518.406,1.146798,0.2969516,Right,Down,0.06852804,-1.798584,TransSlide
310.3399,25.62057,0,0.2247655,0,0,0.5790737,3519.432,1.144576,0.2963137,Right,Down,0.06852804,-1.766159,TransSlide
310.3799,25.55445,0,0.2494848,0,0,0.5933548,3520.455,1.143225,0.2956762,Right,Down,0.06852804,-1.733826,TransSlide
310.4199,25.48899,0,0.2623022,0,0,0.6083851,3521.475,1.142691,0.2950391,Right,Down,0.06852804,-1.701591,TransSlide
310.4599,25.42396,0,0.272373,0,0,0.6246026,3522.493,1.142078,0.2944029,Right,Down,0.0656106,-1.669449,TransSlide
310.4999,25.35957,0,0.2842748,0,0,0.6417816,3523.508,1.142807,0.2937665,Right,Down,0.0656106,-1.637398,TransSlide
310.5399,25.29527,0,0.3025854,0,0,0.6596189,3524.52,1.144883,0.2931306,Right,Down,0.0656106,-1.605446,TransSlide
310.5799,25.2286,0,0.3318822,0,0,0.6787579,3525.53,1.147816,0.2924955,Right,Down,0.08622923,-1.57354,TransSlide
310.6199,25.16231,0,0.3611827,0,0,0.6910108,3526.537,1.143127,0.2918605,Right,Down,0.09891172,-1.527618,TransSlide
310.6599,25.09646,0,0.3694224,0,0,0.7034531,3527.542,1.138549,0.2912258,Right,Down,0.09891172,-1.473854,TransSlide
310.6999,25.02943,0,0.3794932,0,0,0.7173626,3528.543,1.135492,0.2905915,Right,Down,0.09891172,-1.42028,TransSlide
310.7399,24.96475,0,0.3804088,0,0,0.7328517,3529.542,1.133336,0.289958,Right,Down,0.1008706,-1.366936,TransSlide
310.7799,24.89965,0,0.3849864,0,0,0.7493702,3530.539,1.136683,0.2893246,Right,Down,0.09891172,-1.313805,TransSlide
310.8199,24.83108,0,0.4106212,0,0,0.7656225,3531.533,1.141025,0.2886915,Right,Down,0.1235407,-1.260735,TransSlide
310.8599,24.76387,0,0.4390025,0,0,0.7769424,3532.524,1.1365,0.2880589,Right,Down,0.1266688,-1.190765,TransSlide
310.8999,24.6965,0,0.4573131,0,0,0.789358,3533.513,1.13214,0.2874272,Right,Down,0.1266688,-1.119331,TransSlide
310.9399,24.62994,0,0.4573131,0,0,0.8034907,3534.499,1.12891,0.2867953,Right,Down,0.1266688,-1.048256,TransSlide
310.9799,24.56241,0,0.4509044,0,0,0.8188473,3535.482,1.133796,0.2861638,Right,Down,0.1356209,-0.9774628,TransSlide
311.0199,24.49255,0,0.4335093,0,0,0.8308115,3536.462,1.134546,0.2855334,Right,Down,0.1532334,-0.9008484,TransSlide
311.0599,24.42461,0,0.4216075,0,0,0.841477,3537.44,1.129921,0.2849028,Right,Down,0.1532334,-0.813179,TransSlide
311.0999,24.35557,0,0.4097056,0,0,0.8537179,3538.415,1.124185,0.2842726,Right,Down,0.1532334,-0.7257767,TransSlide
311.1399,24.2855,0,0.4097056,0,0,0.8676879,3539.386,1.129865,0.2836429,Right,Down,0.166689,-0.6388092,TransSlide
311.1799,24.21363,0,0.4344249,0,0,0.8778176,3540.356,1.129832,0.2830141,Right,Down,0.1791368,-0.5443726,TransSlide
311.2199,24.14504,0,0.4985118,0,0,0.8883197,3541.323,1.125236,0.2823852,Right,Down,0.1791368,-0.4413986,TransSlide
311.2599,24.07265,0,0.5772471,0,0,0.900265,3542.286,1.123688,0.2817567,Right,Down,0.183454,-0.3388214,TransSlide
311.2999,23.99928,0,0.6953537,0,0,0.9121118,3543.247,1.127926,0.2811292,Right,Down,0.2046302,-0.234314,TransSlide
311.3399,23.92754,0,0.7786667,0,0,0.9221013,3544.205,1.123525,0.2805015,Right,Flat,0.2046302,-0.1164093,TransSlide
311.3799,23.85476,0,0.8775473,0,0,0.9342426,3545.159,1.120619,0.2798744,Right,Flat,0.2093567,0.001152039,TransSlide
311.4199,23.77768,0,0.9727621,0,0,0.9465168,3546.111,1.124924,0.2792476,Right,Flat,0.2306999,0.1210022,TransSlide
311.4599,23.70529,0,1.045089,0,0,0.9569414,3547.06,1.120093,0.2786218,Right,Up,0.2306999,0.2537003,TransSlide
311.4999,23.62806,0,1.138476,0,0,0.9703093,3548.006,1.120386,0.2779959,Right,Up,0.2430897,0.386055,TransSlide
311.5399,23.54854,0,1.201648,0,0,0.9818287,3548.949,1.121089,0.2773705,Right,Up,0.2571706,0.5255508,TransSlide
311.5799,23.47409,0,1.268481,0,0,0.9943957,3549.889,1.114644,0.2767459,Right,Up,0.2594432,0.6727066,TransSlide
311.6199,23.39008,0,1.349051,0,0,1.008862,3550.825,1.121582,0.2761213,Right,Up,0.2832403,0.8207016,TransSlide
311.6599,23.31295,0,1.407645,0,0,1.020951,3551.759,1.114618,0.2754971,Right,Up,0.2832403,0.9827347,TransSlide
311.6999,23.23768,0,1.467154,0,0,1.036765,3552.689,1.117088,0.2748734,Right,Up,0.5581307,1.144119,TransSlide
311.7399,23.15771,0,1.51293,0,0,1.048761,3553.616,1.121214,0.2742507,Right,Up,0.9172792,1.212891,TransSlide
311.7799,23.08137,0,1.561457,0,0,1.053129,3554.54,1.1201,0.2736278,Right,Up,0.8547791,1.137344,TransSlide
311.8199,23.00336,0,1.595331,0.01983673,0,1.048415,3555.461,1.12315,0.2730054,Right,Up,0.8035691,1.066246,TransSlide
311.8599,22.92595,0,1.60174,0.05952545,0,1.035669,3556.379,1.125895,0.2723839,Right,Up,0.7543329,0.9988785,TransSlide
311.8999,22.85825,0,1.588923,0.1111009,0,1.01643,3557.294,1.125096,0.2717625,Right,Up,0.7066523,0.9351044,TransSlide
311.9399,22.79954,0,1.572443,0.123003,0,0.9913638,3558.206,1.124619,0.2711413,Right,Up,0.6620474,0.8747559,TransSlide
311.9799,22.74377,0,1.549555,0.1269856,0,0.9614735,3559.117,1.125147,0.2705208,Right,Up,0.6208661,0.8176727,TransSlide
312.0199,22.6943,0,1.53216,0.1269856,0,0.927635,3560.025,1.125859,0.269901,Right,Up,0.5811456,0.7635574,TransSlide
312.0599,22.64595,0,1.530329,0.1269856,0,0.8902545,3560.932,1.127652,0.2692813,Right,Up,0.5435666,0.7122955,TransSlide
312.0999,22.59678,0,1.526667,0.1269856,0,0.8501083,3561.836,1.126966,0.268662,Right,Up,0.5112901,0.6637192,TransSlide
312.1399,22.54652,0,1.52117,0.1309529,0,0.8087586,3562.738,1.125386,0.2680433,Right,Up,0.4813265,0.6174622,TransSlide
312.1799,22.49335,0,1.483634,0.1309529,0,0.7666202,3563.639,1.122511,0.2674253,Right,Up,0.4498048,0.5732803,TransSlide
312.2199,22.44655,0,1.398489,0.1309529,0,0.7219603,3564.537,1.126699,0.2668074,Right,Up,0.4191812,0.5316391,TransSlide
312.2599,22.39547,0,1.319754,0.1309529,0,0.6777087,3565.434,1.123372,0.2661899,Right,Up,0.4020255,0.4921646,TransSlide
312.2999,22.34539,0,1.192492,0.1309529,0,0.6357656,3566.328,1.121747,0.2655734,Right,Up,0.364769,0.453743,TransSlide
312.3399,22.30142,0,1.098193,0.1309529,0,0.5915803,3567.221,1.123361,0.2649568,Right,Up,0.3511023,0.4183807,TransSlide
312.3799,22.24993,0,0.9691,0.1309529,0,0.5516037,3568.111,1.119145,0.2643408,Right,Up,0.3208161,0.383728,TransSlide
312.4199,22.20451,0,0.8482504,0.1309529,0,0.5086617,3569,1.122193,0.2637251,Right,Up,0.3127867,0.3516083,TransSlide
312.4599,22.15619,0,0.7658494,0.1309529,0,0.4714468,3569.887,1.11903,0.2631105,Right,Up,0.2748253,0.3196793,TransSlide
312.4999,22.11193,0,0.6349289,0.1309529,0,0.4318491,3570.771,1.119529,0.2624958,Right,Up,0.2741124,0.2908707,TransSlide
312.5399,22.06658,0,0.5113292,0.1349203,0,0.3964515,3571.655,1.120624,0.2618815,Right,Up,0.2454926,0.2621155,TransSlide
312.5799,22.02408,0,0.4271007,0.1349203,0,0.362792,3572.536,1.117288,0.2612682,Right,Up,0.2255535,0.2352905,TransSlide
312.6199,21.98363,0,0.3080785,0.142855,0,0.3281693,3573.416,1.117685,0.2606549,Right,Up,0.2264194,0.2100067,TransSlide
312.6599,21.94426,0,0.2183568,0.1507896,0,0.2985479,3574.294,1.118951,0.2600421,Right,Up,0.2017412,0.1847916,TransSlide
312.6999,21.90545,0,0.09475708,0.1587244,0,0.2713898,3575.171,1.11477,0.2594297,Right,Up,0.1713202,0.1609955,TransSlide
312.7399,21.87272,0,0.0050354,0.1626917,0,0.2413392,3576.046,1.11474,0.2588183,Right,Flat,0.1713202,0.1395721,TransSlide
312.7799,21.8421,0,-0.13138,0.1626917,0,0.2149133,3576.92,1.115467,0.2582068,Right,Flat,0.1713202,0.1182175,TransSlide
312.8199,21.80902,0,-0.2796972,0.1626917,0,0.1928965,3577.793,1.11614,0.2575959,Right,Flat,0.1557664,0.09689331,TransSlide
312.8599,21.77726,0,-0.3877312,0.1626917,0,0.1741665,3578.664,1.11178,0.2569858,Right,Flat,0.09691329,0.07594299,TransSlide
312.8999,21.74829,0,-0.5241466,0.1626917,0,0.148194,3579.534,1.111638,0.2563758,Right,Flat,0.09487279,0.0595932,TransSlide
312.9399,21.71983,0,-0.594644,0.1626917,0,0.1246026,3580.403,1.11178,0.2557662,Right,Flat,0.09691329,0.04329681,TransSlide
312.9799,21.69019,0,-0.6614792,0.1626917,0,0.1035891,3581.271,1.112002,0.2551572,Right,Flat,0.09691329,0.02703094,TransSlide
313.0199,21.66209,0,-0.6889451,0.1626917,0,0.08441368,3582.138,1.111468,0.2545491,Right,Flat,0.09487279,0.01078796,TransSlide
313.0599,21.63435,0,-0.6889451,0.1626917,0,0.06723735,3583.004,1.110785,0.2539409,Right,Flat,0.09691329,-0.0054245,TransSlide
313.0999,21.60627,0,-0.6843674,0.1626917,0,0.05127367,3583.868,1.11039,0.2533332,Right,Flat,0.09691329,-0.0216217,TransSlide
313.1399,21.57781,0,-0.6779587,0.1626917,0,0.0366877,3584.732,1.107982,0.2527262,Right,Flat,0.09487279,-0.03778839,TransSlide
313.1799,21.54928,0,-0.6651413,0.1626917,0,0.02290139,3585.594,1.104931,0.25212,Straight,Flat,0.01978234,-0.05392456,TransSlide
313.2199,21.52273,0,-0.6440824,0.1626917,0,0.006159753,3586.455,1.104946,0.2515137,Straight,Flat,-0.01978234,-0.06573486,TransSlide
313.2599,21.49551,0,-0.6184477,0.1626917,0,-0.01103556,3587.315,1.1057,0.250908,Straight,Flat,0,-0.07491302,TransSlide
313.2999,21.46735,0,-0.5827421,0.166659,0,-0.02783144,3588.174,1.106312,0.2503033,Straight,Flat,-0.01978234,-0.0840683,TransSlide
313.3399,21.44061,0,-0.5607694,0.166659,0,-0.04472339,3589.032,1.106029,0.2496986,Straight,Flat,0,-0.09322357,TransSlide
313.3799,21.41452,0,-0.5534452,0.1745937,0,-0.06185904,3589.888,1.105245,0.2490943,Straight,Flat,-0.01978234,-0.1023712,TransSlide
313.4199,21.38934,0,-0.5433744,0.1944305,0,-0.07945922,3590.744,1.104195,0.2484905,Straight,Flat,-0.01978234,-0.1115036,TransSlide
313.4599,21.36896,0,-0.530557,0.2063325,0,-0.09740189,3591.599,1.103328,0.2478877,Straight,Flat,-0.01978234,-0.1206284,TransSlide
313.4999,21.35151,0,-0.488441,0.2142824,0,-0.1162143,3592.453,1.102507,0.247285,Straight,Flat,-0.01978234,-0.1297531,TransSlide
313.5399,21.3353,0,-0.4234385,0.2301518,0,-0.1358222,3593.307,1.101604,0.2466827,Straight,Flat,-0.01978234,-0.1388779,TransSlide
313.5799,21.3226,0,-0.3675896,0.2341192,0,-0.1562394,3594.16,1.10071,0.2460814,Straight,Flat,-0.01978234,-0.1479874,TransSlide
313.6199,21.31066,0,-0.2870214,0.2579232,0,-0.1773237,3595.012,1.099746,0.2454801,Straight,Down,-0.01978234,-0.1570969,TransSlide
313.6599,21.30339,0,-0.2384984,0.2817273,0,-0.1994622,3595.865,1.098997,0.2448794,Straight,Down,-0.01978234,-0.1662064,TransSlide
313.6999,21.30135,0,-0.1844823,0.3134814,0,-0.2227991,3596.717,1.098592,0.244279,Straight,Down,-0.01978234,-0.1753311,TransSlide
313.7399,21.30577,0,-0.1368731,0.3372854,0,-0.2471936,3597.569,1.09732,0.2436797,Straight,Down,0,-0.1844482,TransSlide
313.7799,21.316,0,-0.1066607,0.3491875,0,-0.2728349,3598.421,1.096143,0.2430803,Straight,Down,-0.01978234,-0.193573,TransSlide
313.8199,21.32893,0,-0.07553279,0.3491875,0,-0.2998311,3599.274,1.095436,0.2424816,Straight,Down,-0.01978234,-0.202713,TransSlide
313.8599,21.34058,0,-0.05172729,0.3531548,0,-0.328047,3600.128,1.094374,0.2418838,Straight,Down,-0.01978234,-0.2118454,TransSlide
313.8999,21.35652,0,0.003204346,0.3531548,0,-0.352841,3600.982,1.09427,0.241286,Left,Down,-0.08392937,-0.2209854,TransSlide
313.9399,21.37211,0,0.06912231,0.3531548,0,-0.3749493,3601.837,1.095238,0.2406886,Left,Down,-0.09891172,-0.2263336,TransSlide
313.9799,21.38728,0,0.09292603,0.3571222,0,-0.3979733,3602.692,1.09595,0.2400919,Left,Down,-0.09891172,-0.2307663,TransSlide
314.0199,21.40231,0,0.1039124,0.3610895,0,-0.4219128,3603.548,1.095678,0.2394961,Left,Down,-0.09891172,-0.235199,TransSlide
314.0599,21.42069,0,0.1039124,0.3610895,0,-0.4468352,3604.405,1.095535,0.2389003,Left,Down,-0.09891172,-0.2396469,TransSlide
314.0999,21.43796,0,0.09292603,0.3610895,0,-0.4725734,3605.262,1.094026,0.238305,Left,Down,-0.09891172,-0.2440948,TransSlide
314.1399,21.45282,0,0.08102417,0.3610895,0,-0.4989167,3606.12,1.090487,0.2377103,Left,Down,-0.1027921,-0.2485504,TransSlide
314.1799,21.47197,0,0.06362915,0.3650568,0,-0.5186799,3606.979,1.09,0.2371166,Left,Down,-0.1312212,-0.2529984,TransSlide
314.2199,21.49078,0,0.0453186,0.3650568,0,-0.5384313,3607.838,1.09031,0.2365228,Left,Down,-0.132704,-0.2557144,TransSlide
314.2599,21.507,0,0.02334595,0.3650568,0,-0.5586668,3608.698,1.090861,0.2359297,Left,Down,-0.1341704,-0.2582932,TransSlide
314.2999,21.52622,0,-0.01144409,0.3729915,0,-0.5799543,3609.559,1.091371,0.2353373,Left,Down,-0.132704,-0.2608795,TransSlide
314.3399,21.54262,0,-0.07553279,0.3809415,0,-0.6017837,3610.421,1.087482,0.2347452,Left,Down,-0.132704,-0.2634583,TransSlide
314.3799,21.56525,0,-0.1249713,0.3849088,0,-0.6162759,3611.283,1.086965,0.2341535,Left,Down,-0.1532334,-0.266037,TransSlide
314.4199,21.5889,0,-0.208286,0.3888762,0,-0.6310683,3612.147,1.08724,0.2335624,Left,Down,-0.1582588,-0.2675781,TransSlide
314.4599,21.61104,0,-0.2668798,0.3968109,0,-0.6465538,3613.011,1.088563,0.2329722,Left,Down,-0.1582588,-0.2687836,TransSlide
314.4999,21.63265,0,-0.3154045,0.4007782,0,-0.6624491,3613.876,1.085869,0.2323821,Left,Down,-0.1582588,-0.2699966,TransSlide
314.5399,21.65982,0,-0.3868157,0.4007782,0,-0.6726826,3614.742,1.084316,0.2317925,Left,Down,-0.1701742,-0.2712097,TransSlide
314.5799,21.68795,0,-0.4527354,0.4007782,0,-0.6813737,3615.609,1.084146,0.2312039,Left,Down,-0.1802258,-0.2719345,TransSlide
314.6199,21.71501,0,-0.5891508,0.4007782,0,-0.6913839,3616.478,1.085841,0.2306155,Left,Down,-0.1813082,-0.2720184,TransSlide
314.6599,21.73528,0,-0.6962693,0.4007782,0,-0.7019671,3617.347,1.081813,0.2300274,Left,Down,-0.1802258,-0.2720947,TransSlide
314.6999,21.76209,0,-0.8372623,0.4007782,0,-0.7047185,3618.217,1.081766,0.2294399,Left,Down,-0.1928145,-0.272171,TransSlide
314.7399,21.79122,0,-0.9379721,0.4007782,0,-0.7091944,3619.088,1.082326,0.2288534,Left,Down,-0.199792,-0.2716675,TransSlide
314.7799,21.80915,0,-0.9855795,0.3809415,0,-0.7146737,3619.961,1.081448,0.228267,Left,Down,-0.199792,-0.2707596,TransSlide
314.8199,21.83364,0,-1.02678,0.3769741,0,-0.7158143,3620.834,1.079397,0.2276811,Left,Down,-0.2036718,-0.2698441,TransSlide
314.8599,21.85662,0,-1.039597,0.3769741,0,-0.7154274,3621.708,1.079794,0.2270962,Left,Down,-0.2158,-0.2688446,TransSlide
314.8999,21.87254,0,-1.049668,0.3729915,0,-0.7170779,3622.583,1.07924,0.2265113,Left,Down,-0.2167048,-0.267067,TransSlide
314.9399,21.8903,0,-1.051499,0.3729915,0,-0.7141874,3623.458,1.077435,0.2259271,Left,Down,-0.2193969,-0.2652817,TransSlide
314.9799,21.91173,0,-1.055161,0.3729915,0,-0.7107494,3624.334,1.077946,0.2253433,Left,Down,-0.23239,-0.2634735,TransSlide
315.0199,21.92495,0,-1.067979,0.3729915,0,-0.7097149,3625.211,1.076025,0.2247605,Left,Down,-0.23239,-0.2609024,TransSlide
315.0599,21.94234,0,-1.087205,0.3729915,0,-0.7029588,3626.089,1.075506,0.2241778,Left,Down,-0.235734,-0.2583313,TransSlide
315.0999,21.9629,0,-1.12749,0.3729915,0,-0.6983389,3626.967,1.076808,0.2235957,Left,Down,-0.2470816,-0.255661,TransSlide
315.1399,21.9737,0,-1.168689,0.3729915,0,-0.6942691,3627.846,1.073502,0.223014,Left,Down,-0.2470816,-0.2523651,TransSlide
315.1799,21.99377,0,-1.187915,0.3729915,0,-0.6862684,3628.726,1.074354,0.2224334,Left,Down,-0.2533378,-0.249054,TransSlide
315.2199,22.00901,0,-1.202563,0.3729915,0,-0.681843,3629.606,1.073298,0.2218529,Left,Down,-0.2601963,-0.2454681,TransSlide
315.2599,22.02183,0,-1.203479,0.3928435,0,-0.6738812,3630.486,1.072129,0.2212729,Left,Down,-0.2601963,-0.2414703,TransSlide
315.2999,22.04201,0,-1.203479,0.3968109,0,-0.667617,3631.368,1.073802,0.2206939,Left,Down,-0.2719625,-0.2374649,TransSlide
315.3399,22.06071,0,-1.198901,0.3968109,0,-0.661064,3632.25,1.070618,0.220115,Left,Down,-0.2741124,-0.2329254,TransSlide
315.3799,22.08522,0,-1.198901,0.3968109,0,-0.653561,3633.133,1.07202,0.2195366,Left,Down,-0.2790645,-0.2282715,TransSlide
315.4199,22.10433,0,-1.198901,0.3968109,0,-0.6486397,3634.017,1.068883,0.2189588,Left,Down,-0.2859903,-0.2233429,TransSlide
315.4599,22.12486,0,-1.198901,0.4007782,0,-0.6401711,3634.902,1.070499,0.218382,Left,Down,-0.2880355,-0.2180634,TransSlide
315.4999,22.14118,0,-1.20531,0.4007782,0,-0.6358917,3635.787,1.067499,0.2178053,Left,Down,-0.2980514,-0.212738,TransSlide
315.5399,22.16261,0,-1.221789,0.4007782,0,-0.627277,3636.674,1.069226,0.2172291,Left,Down,-0.2973941,-0.2068558,TransSlide
315.5799,22.17872,0,-1.24651,0.4007782,0,-0.6230742,3637.561,1.066579,0.2166539,Left,Down,-0.3083766,-0.2009583,TransSlide
315.6199,22.2014,0,-1.296864,0.4007782,0,-0.6153808,3638.449,1.067909,0.2160789,Left,Down,-0.3090104,-0.1945877,TransSlide
315.6599,22.21635,0,-1.327077,0.4007782,0,-0.6117668,3639.337,1.065137,0.2155044,Left,Down,-0.3177519,-0.1881104,TransSlide
315.6999,22.24014,0,-1.344472,0.4007782,0,-0.6050437,3640.227,1.067086,0.2149304,Left,Down,-0.3202056,-0.1812515,TransSlide
315.7399,22.25381,0,-1.344472,0.4007782,0,-0.6019135,3641.116,1.063898,0.2143575,Left,Down,-0.3280534,-0.1742249,TransSlide
315.7799,22.2762,0,-1.344472,0.4007782,0,-0.5961263,3642.007,1.066131,0.2137847,Left,Down,-0.3310224,-0.1668396,TransSlide
315.8199,22.29137,0,-1.338978,0.4007782,0,-0.5933617,3642.899,1.062805,0.2132124,Left,Down,-0.339197,-0.1592865,TransSlide
315.8599,22.30958,0,-1.322499,0.4007782,0,-0.5890111,3643.791,1.065325,0.2126411,Left,Down,-0.3414966,-0.1513443,TransSlide
315.8999,22.32777,0,-1.298695,0.4007782,0,-0.5865044,3644.684,1.062264,0.2120699,Left,Flat,-0.3499859,-0.1432648,TransSlide
315.9399,22.34112,0,-1.275807,0.4007782,0,-0.5839125,3645.577,1.064303,0.2114993,Left,Flat,-0.3522151,-0.1347809,TransSlide
315.9799,22.36786,0,-1.256581,0.4007782,0,-0.5811718,3646.472,1.062289,0.2109293,Left,Flat,-0.3609945,-0.1261978,TransSlide
316.0199,22.37496,0,-1.228198,0.4007782,0,-0.5802931,3647.366,1.060425,0.2103603,Left,Flat,-0.3636945,-0.1171646,TransSlide
316.0599,22.40029,0,-1.198901,0.4047455,0,-0.5774907,3648.262,1.062249,0.2097913,Left,Flat,-0.3706227,-0.1080017,TransSlide
316.0999,22.41029,0,-1.151294,0.4047455,0,-0.5763057,3649.158,1.059032,0.209223,Left,Flat,-0.3748225,-0.09845734,TransSlide
316.1399,22.42711,0,-1.1046,0.4047455,0,-0.5749162,3650.056,1.061821,0.2086557,Left,Flat,-0.3800071,-0.08872986,TransSlide
316.1799,22.45767,0,-1.057908,0.4087129,0,-0.5733175,3650.954,1.060059,0.2080885,Left,Flat,-0.386643,-0.07872009,TransSlide
316.2199,22.46371,0,-0.9993142,0.4206149,0,-0.5727857,3651.852,1.057272,0.2075218,Left,Flat,-0.3901695,-0.06839752,TransSlide
316.2599,22.4919,0,-0.9581137,0.4245823,0,-0.5703914,3652.752,1.061234,0.2069558,Left,Flat,-0.3981127,-0.0579071,TransSlide
316.2999,22.50908,0,-0.9022665,0.4285496,0,-0.5684424,3653.652,1.05727,0.2063907,Left,Flat,-0.4020255,-0.04701233,TransSlide
316.3399,22.52901,0,-0.8400089,0.432517,0,-0.5676765,3654.553,1.056918,0.2058258,Left,Flat,-0.4063823,-0.0358963,TransSlide
316.3799,22.5566,0,-0.8024722,0.432517,0,-0.5633405,3655.455,1.051278,0.2052615,Left,Flat,-0.4130683,-0.02455139,TransSlide
316.4199,22.57328,0,-0.7438767,0.432517,0,-0.5604985,3656.357,1.051409,0.2046977,Left,Flat,-0.4111691,-0.01286316,TransSlide
316.4599,22.59974,0,-0.6916916,0.432517,0,-0.5580533,3657.261,1.050606,0.2041349,Left,Flat,-0.4073442,0.01251984,TransSlide
316.4999,22.60831,0,-0.6303495,0.432517,0,-0.5528365,3658.165,1.049033,0.2035723,Left,Flat,-0.393167,0.06500244,TransSlide
316.5399,22.63813,0,-0.5909818,0.432517,0,-0.5503541,3659.071,1.051559,0.2030103,Left,Flat,-0.3856296,0.1257401,TransSlide
316.5799,22.65948,0,-0.5845731,0.432517,0,-0.5439619,3659.977,1.048173,0.2024492,Left,Up,-0.3700944,0.1895142,TransSlide
316.6199,22.67799,0,-0.5836576,0.432517,0,-0.5397104,3660.884,1.050775,0.2018883,Left,Up,-0.3636945,0.2501755,TransSlide
316.6599,22.70027,0,-0.5836576,0.432517,0,-0.5333986,3661.792,1.04826,0.201328,Left,Up,-0.3522151,0.3098373,TransSlide
316.6999,22.71588,0,-0.5836576,0.432517,0,-0.5281667,3662.7,1.050606,0.2007683,Left,Up,-0.3432113,0.3673019,TransSlide
316.7399,22.73828,0,-0.5836576,0.432517,0,-0.5209875,3663.61,1.048034,0.2002095,Left,Up,-0.3345502,0.423172,TransSlide
316.7799,22.75581,0,-0.5909818,0.432517,0,-0.5147113,3664.52,1.050349,0.199651,Left,Up,-0.324455,0.4774094,TransSlide
316.8199,22.77423,0,-0.6065458,0.432517,0,-0.506121,3665.431,1.047747,0.199093,Left,Up,-0.3165179,0.5299683,TransSlide
316.8599,22.79393,0,-0.6193632,0.432517,0,-0.4995994,3666.342,1.050192,0.1985361,Left,Up,-0.3083766,0.5809784,TransSlide
316.8999,22.81221,0,-0.6321806,0.432517,0,-0.489136,3667.255,1.047875,0.1979794,Left,Up,-0.2993615,0.6305389,TransSlide
316.9399,22.8333,0,-0.6358427,0.432517,0,-0.482239,3668.168,1.049499,0.1974231,Left,Up,-0.2940859,0.6783142,TransSlide
316.9799,22.85378,0,-0.6358427,0.432517,0,-0.4704844,3669.082,1.04809,0.1968675,Left,Up,-0.2818553,0.7254028,TransSlide
317.0199,22.87205,0,-0.6358427,0.432517,0,-0.4610966,3669.997,1.046318,0.1963129,Left,Up,-0.2818553,0.7699966,TransSlide
317.0599,22.89224,0,-0.6367582,0.432517,0,-0.4508796,3670.912,1.048122,0.1957585,Left,Up,-0.2661444,0.8146439,TransSlide
317.0999,22.90308,0,-0.6605637,0.432517,0,-0.4389631,3671.828,1.046233,0.1952047,Left,Up,-0.2661444,0.856369,TransSlide
317.1399,22.92341,0,-0.7127488,0.432517,0,-0.4302263,3672.745,1.047746,0.1946518,Left,Up,-0.2571706,0.8978806,TransSlide
317.1799,22.94061,0,-0.7676822,0.4126802,0,-0.416846,3673.663,1.046707,0.1940991,Left,Up,-0.2486604,0.937973,TransSlide
317.2199,22.94929,0,-0.8336002,0.4087129,0,-0.405454,3674.581,1.0443,0.1935472,Left,Up,-0.2486604,0.9763489,TransSlide
317.2599,22.96866,0,-0.8638126,0.4047455,0,-0.396437,3675.499,1.046823,0.1929957,Left,Up,-0.2349025,1.014755,TransSlide
317.2999,22.97487,0,-0.8848715,0.4007782,0,-0.3829077,3676.418,1.045445,0.1924453,Left,Up,-0.23239,1.050598,TransSlide
317.3399,22.97703,0,-0.8848715,0.3968109,0,-0.3724194,3677.337,1.042739,0.191895,Left,Up,-0.2306999,1.085884,TransSlide
317.3799,22.99286,0,-0.8848715,0.3968109,0,-0.3642206,3678.257,1.04545,0.1913454,Left,Up,-0.2167048,1.121078,TransSlide
317.4199,22.99794,0,-0.8793783,0.3968109,0,-0.3518612,3679.177,1.043991,0.1907963,Left,Up,-0.2158,1.153297,TransSlide
317.4599,22.998,0,-0.8729678,0.3928435,0,-0.3419554,3680.097,1.041352,0.1902483,Left,Up,-0.2148914,1.185501,TransSlide
317.4999,23.0126,0,-0.8491641,0.3888762,0,-0.3360624,3681.017,1.044214,0.1897004,Left,Up,-0.2007689,1.217697,TransSlide
317.5399,23.01513,0,-0.8079654,0.3888762,0,-0.3246192,3681.938,1.042734,0.1891532,Left,Up,-0.199792,1.246872,TransSlide
317.5799,23.01495,0,-0.777753,0.3888762,0,-0.3161465,3682.858,1.040691,0.188607,Left,Up,-0.199792,1.276009,TransSlide
317.6199,23.02728,0,-0.7310593,0.3849088,0,-0.3112998,3683.779,1.040684,0.1880609,Left,Up,-0.1876719,1.30513,TransSlide
317.6599,23.02787,0,-0.6898606,0.3849088,0,-0.3046302,3684.7,1.041487,0.1875155,Left,Up,-0.1845175,1.331924,TransSlide
317.6999,23.02848,0,-0.6422514,0.3849088,0,-0.2974526,3685.621,1.040347,0.1869707,Left,Up,-0.1855749,1.35804,TransSlide
317.7399,23.03063,0,-0.6019682,0.3849088,0,-0.2933834,3686.542,1.038023,0.1864269,Left,Up,-0.1802258,1.384148,TransSlide
317.7799,23.03816,0,-0.5708402,0.3849088,0,-0.292941,3687.463,1.040041,0.1858833,Left,Up,-0.1701742,1.409294,TransSlide
317.8199,23.03908,0,-0.5003428,0.3849088,0,-0.2886421,3688.385,1.039783,0.1853403,Left,Up,-0.1701742,1.432358,TransSlide
317.8599,23.03949,0,-0.4472423,0.4126802,0,-0.2853075,3689.306,1.038494,0.1847984,Left,Up,-0.1701742,1.455406,TransSlide
317.8999,23.05039,0,-0.3694206,0.4126802,0,-0.2850731,3690.228,1.036411,0.1842567,Left,Up,-0.1619255,1.478447,TransSlide
317.9399,23.06243,0,-0.2870214,0.4166476,0,-0.2882023,3691.15,1.037475,0.1837155,Left,Up,-0.1545051,1.500137,TransSlide
317.9799,23.06975,0,-0.2211034,0.4206149,0,-0.2888827,3692.073,1.038303,0.1831751,Left,Up,-0.1545051,1.520088,TransSlide
318.0199,23.07781,0,-0.13138,0.4206149,0,-0.2881624,3692.996,1.037177,0.1826355,Left,Up,-0.1532334,1.540031,TransSlide
318.0599,23.08983,0,-0.07003963,0.4206149,0,-0.290315,3693.92,1.035783,0.1820963,Left,Up,-0.1506579,1.559975,TransSlide
318.0999,23.09938,0,-0.05355835,0.4206149,0,-0.2951544,3694.844,1.034496,0.1815576,Left,Up,-0.1370561,1.57946,TransSlide
318.1399,23.11462,0,-0.05355835,0.4206149,0,-0.3027523,3695.768,1.037297,0.18102,Left,Up,-0.1384764,1.596237,TransSlide
318.1799,23.12416,0,-0.05355835,0.4206149,0,-0.304223,3696.693,1.036839,0.1804826,Left,Up,-0.1384764,1.613022,TransSlide
318.2199,23.13259,0,-0.07644832,0.4206149,0,-0.3065797,3697.618,1.035622,0.1799458,Left,Up,-0.1384764,1.629799,TransSlide
318.2599,23.14689,0,-0.0956744,0.4206149,0,-0.3113397,3698.544,1.034729,0.1794096,Left,Up,-0.132704,1.646584,TransSlide
318.2999,23.1553,0,-0.1139849,0.3968109,0,-0.317976,3699.47,1.033572,0.1788745,Left,Up,-0.1219466,1.662193,TransSlide
318.3399,23.16524,0,-0.13138,0.3968109,0,-0.3268576,3700.396,1.035422,0.1783395,Left,Up,-0.1219466,1.67569,TransSlide
318.3799,23.16935,0,-0.1368731,0.3968109,0,-0.3323814,3701.323,1.03609,0.1778053,Left,Up,-0.1219466,1.689194,TransSlide
318.4199,23.17308,0,-0.1368731,0.3928435,0,-0.3348297,3702.25,1.034911,0.1772716,Left,Up,-0.1219466,1.702682,TransSlide
318.4599,23.17932,0,-0.1368731,0.3888762,0,-0.3392376,3703.177,1.03366,0.176739,Left,Up,-0.1219466,1.716179,TransSlide
318.4999,23.18344,0,-0.1368731,0.3888762,0,-0.3455437,3704.104,1.032983,0.1762067,Left,Up,-0.1065312,1.72966,TransSlide
318.5399,23.18607,0,-0.1368731,0.3888762,0,-0.3531283,3705.031,1.032126,0.1756748,Left,Up,-0.1065312,1.739922,TransSlide
318.5799,23.19122,0,-0.1368731,0.3888762,0,-0.3625622,3705.959,1.033479,0.1751441,Left,Up,-0.1065312,1.749901,TransSlide
318.6199,23.1955,0,-0.1368731,0.3849088,0,-0.370397,3706.887,1.03477,0.1746136,Left,Up,-0.1046783,1.759872,TransSlide
318.6599,23.19722,0,-0.1414508,0.3849088,0,-0.3722664,3707.815,1.033519,0.1740838,Left,Up,-0.1046783,1.769844,TransSlide
318.6999,23.19936,0,-0.1542681,0.3849088,0,-0.3756806,3708.742,1.032167,0.1735545,Left,Up,-0.1046783,1.779816,TransSlide
318.7399,23.2033,0,-0.1734942,0.3849088,0,-0.3803354,3709.671,1.031443,0.1730263,Left,Up,-0.09487279,1.78978,TransSlide
318.7799,23.20565,0,-0.1835668,0.3849088,0,-0.3861743,3710.599,1.031094,0.1724983,Left,Up,-0.08846933,1.797714,TransSlide
318.8199,23.20732,0,-0.1844823,0.3849088,0,-0.3931239,3711.527,1.030454,0.1719711,Left,Up,-0.08622923,1.803772,TransSlide
318.8599,23.20971,0,-0.1844823,0.3849088,0,-0.4011295,3712.455,1.030721,0.1714447,Left,Up,-0.08622923,1.809822,TransSlide
318.8999,23.21455,0,-0.1844823,0.3809415,0,-0.4102132,3713.384,1.031894,0.1709187,Left,Up,-0.08622923,1.815872,TransSlide
318.9399,23.21522,0,-0.1844823,0.3809415,0,-0.4127412,3714.313,1.031583,0.1703933,Left,Up,-0.08846933,1.821915,TransSlide
318.9799,23.21621,0,-0.1844823,0.3809415,0,-0.4134711,3715.241,1.03056,0.1698686,Left,Up,-0.08846933,1.827957,TransSlide
319.0199,23.21989,0,-0.1844823,0.3809415,0,-0.4153635,3716.17,1.029513,0.1693449,Left,Up,-0.08622923,1.834,TransSlide
319.0599,23.22079,0,-0.1853979,0.3809415,0,-0.4182603,3717.099,1.029116,0.1688214,Left,Up,-0.07132626,1.840027,TransSlide
319.0999,23.22204,0,-0.18906,0.3769741,0,-0.4221955,3718.028,1.028837,0.1682985,Left,Up,-0.06852804,1.842476,TransSlide
319.1399,23.22287,0,-0.18906,0.3769741,0,-0.4267943,3718.956,1.028681,0.1677768,Left,Up,-0.0656106,1.84375,TransSlide
319.1799,23.22294,0,-0.18906,0.3729915,0,-0.4322596,3719.885,1.028394,0.1672553,Left,Up,-0.0656106,1.845032,TransSlide
319.2199,23.22286,0,-0.18906,0.3690242,0,-0.4382285,3720.814,1.028085,0.1667344,Left,Up,-0.0656106,1.846306,TransSlide
319.2599,23.2218,0,-0.18906,0.3610895,0,-0.4450879,3721.742,1.029313,0.1662141,Left,Up,-0.0656106,1.84758,TransSlide
319.2999,23.21888,0,-0.18906,0.3571222,0,-0.4531087,3722.671,1.029854,0.165695,Left,Up,-0.0656106,1.848846,TransSlide
319.3399,23.2168,0,-0.1551837,0.3571222,0,-0.4538411,3723.6,1.030317,0.1651761,Left,Up,-0.0656106,1.850121,TransSlide
319.3799,23.21404,0,-0.1139849,0.3452201,0,-0.4507491,3724.529,1.030865,0.1646578,Left,Up,-0.0656106,1.851379,TransSlide
319.4199,23.20901,0,-0.04806519,0.3372854,0,-0.4482532,3725.457,1.031093,0.1641406,Left,Up,-0.06852804,1.852646,TransSlide
319.4599,23.20289,0,0.02883911,0.3293507,0,-0.4466051,3726.385,1.030982,0.1636236,Straight,Up,-0.03956468,1.853905,TransSlide
319.4999,23.19505,0,0.08926392,0.3214161,0,-0.4458196,3727.313,1.030466,0.1631073,Straight,Up,-0.01978234,1.849876,TransSlide
319.5399,23.18584,0,0.1661718,0.3174487,0,-0.4455436,3728.24,1.029983,0.1625916,Straight,Up,-0.01978234,1.837677,TransSlide
319.5799,23.17533,0,0.2439916,0.3134814,0,-0.4462063,3729.168,1.029312,0.1620771,Straight,Up,-0.01978234,1.825493,TransSlide
319.6199,23.16358,0,0.3520274,0.3134814,0,-0.4472384,3730.094,1.028665,0.1615627,Straight,Up,-0.01978234,1.813316,TransSlide
319.6599,23.15181,0,0.439918,0.3134814,0,-0.4489622,3731.021,1.028094,0.1610491,Straight,Up,0,1.80114,TransSlide
319.6999,23.14009,0,0.4875255,0.3134814,0,-0.4511071,3731.947,1.027602,0.160536,Straight,Up,-0.01978234,1.788971,TransSlide
319.7399,23.12843,0,0.523231,0.3134814,0,-0.4535136,3732.872,1.027234,0.1600241,Straight,Up,-0.01978234,1.776817,TransSlide
319.7799,23.11678,0,0.5415416,0.3134814,0,-0.4560259,3733.797,1.026938,0.1595123,Straight,Up,-0.01978234,1.764664,TransSlide
319.8199,23.10519,0,0.5534434,0.3134814,0,-0.4587164,3734.721,1.026611,0.1590014,Straight,Up,-0.01978234,1.752518,TransSlide
319.8599,23.09357,0,0.5598521,0.3134814,0,-0.4613635,3735.645,1.026388,0.1584914,Straight,Up,-0.01978234,1.740379,TransSlide
319.8999,23.08197,0,0.5598521,0.3134814,0,-0.4636125,3736.568,1.026052,0.1579817,Straight,Up,-0.01978234,1.728241,TransSlide
319.9399,23.07031,0,0.5598521,0.3134814,0,-0.4655803,3737.491,1.02578,0.1574726,Straight,Up,0,1.71611,TransSlide
319.9799,23.05864,0,0.5598521,0.3134814,0,-0.4669189,3738.413,1.025509,0.1569643,Straight,Up,-0.01978234,1.703987,TransSlide
320.0199,23.04693,0,0.5534434,0.3134814,0,-0.4676724,3739.335,1.025064,0.156457,Straight,Up,0,1.691872,TransSlide
320.0599,23.03519,0,0.5351329,0.3134814,0,-0.4677036,3740.257,1.024595,0.15595,Straight,Up,-0.01978234,1.679749,TransSlide
320.0999,23.02337,0,0.5168223,0.3134814,0,-0.4669961,3741.178,1.023985,0.1554436,Straight,Up,-0.01978234,1.667641,TransSlide
320.1399,23.01151,0,0.4692149,0.3134814,0,-0.4653012,3742.099,1.023423,0.1549383,Straight,Up,-0.01978234,1.655533,TransSlide
320.1799,22.99963,0,0.4353404,0.3134814,0,-0.4627803,3743.019,1.022931,0.1544334,Straight,Up,-0.01978234,1.643425,TransSlide
320.2199,22.98771,0,0.4087901,0.3134814,0,-0.4591894,3743.938,1.022331,0.153929,Straight,Up,-0.01978234,1.631325,TransSlide
320.2599,22.97581,0,0.3932261,0.3134814,0,-0.4544328,3744.858,1.021894,0.1534254,Straight,Up,-0.01978234,1.619225,TransSlide
320.2999,22.96385,0,0.3804088,0.3134814,0,-0.4484733,3745.776,1.0214,0.1529227,Straight,Up,-0.01978234,1.607124,TransSlide
320.3399,22.95186,0,0.3456151,0.3134814,0,-0.4414788,3746.695,1.020799,0.1524205,Straight,Up,-0.01978234,1.595039,TransSlide
320.3799,22.93999,0,0.3144872,0.3134814,0,-0.4329697,3747.612,1.020173,0.1519188,Straight,Up,-0.01978234,1.582939,TransSlide
320.4199,22.92822,0,0.2613866,0.3134814,0,-0.4231319,3748.53,1.01943,0.1514183,Straight,Up,-0.01978234,1.570862,TransSlide
320.4599,22.91647,0,0.2027929,0.3134814,0,-0.4120797,3749.446,1.019197,0.150918,Straight,Up,-0.01978234,1.558769,TransSlide
320.4999,22.90469,0,0.1515234,0.3134814,0,-0.3994361,3750.363,1.018918,0.1504184,Straight,Up,-0.01978234,1.546684,TransSlide
320.5399,22.89303,0,0.08102417,0.3134814,0,-0.3855126,3751.278,1.018558,0.1499195,Straight,Up,-0.01978234,1.534607,TransSlide
320.5799,22.88175,0,0.03341675,0.3134814,0,-0.3701252,3752.194,1.018125,0.1494217,Straight,Up,-0.01978234,1.52253,TransSlide
320.6199,22.87047,0,-0.01144409,0.3134814,0,-0.3532771,3753.109,1.017702,0.1489242,Straight,Up,-0.01978234,1.510452,TransSlide
320.6599,22.85919,0,-0.03890991,0.3134814,0,-0.3351071,3754.023,1.017179,0.1484273,Straight,Up,0,1.498383,TransSlide
320.6999,22.8482,0,-0.04806519,0.3134814,0,-0.3157684,3754.937,1.016605,0.1479311,Straight,Up,-0.01978234,1.486313,TransSlide
320.7399,22.83645,0,-0.06546199,0.3134814,0,-0.295202,3755.851,1.015837,0.147436,Straight,Up,0,1.474243,TransSlide
320.7799,22.82527,0,-0.08285701,0.3134814,0,-0.274134,3756.764,1.01442,0.1469413,Straight,Up,0,1.462196,TransSlide
320.8199,22.81767,0,-0.1048297,0.3134814,0,-0.254024,3757.677,1.016757,0.1464471,Straight,Up,-0.01978234,1.450157,TransSlide
320.8599,22.80905,0,-0.1130694,0.3134814,0,-0.2328909,3758.589,1.018665,0.1459541,Straight,Up,0,1.438118,TransSlide
320.8999,22.79807,0,-0.1139849,0.3134814,0,-0.211199,3759.501,1.019172,0.1454613,Straight,Up,0,1.426071,TransSlide
320.9399,22.79112,0,-0.1139849,0.3134814,0,-0.1887951,3760.413,1.018577,0.1449694,Straight,Up,-0.01978234,1.414017,TransSlide
320.9799,22.78373,0,-0.1194781,0.3134814,0,-0.1655861,3761.324,1.017389,0.144478,Right,Up,0.05595291,1.398933,TransSlide
321.0199,22.7761,0,-0.1359576,0.3134814,0,-0.1417526,3762.236,1.015977,0.1439877,Right,Up,0.05233916,1.368729,TransSlide
321.0599,22.7681,0,-0.1597613,0.3134814,0,-0.1171601,3763.146,1.014331,0.1434977,Right,Up,0.05595291,1.338539,TransSlide
321.0999,22.7604,0,-0.18906,0.3134814,0,-0.09190038,3764.057,1.013339,0.1430085,Right,Up,0.05233916,1.308357,TransSlide
321.1399,22.75336,0,-0.2256811,0.3134814,0,-0.06624901,3764.967,1.013182,0.1425204,Right,Up,0.05595291,1.278198,TransSlide
321.1799,22.7446,0,-0.2604711,0.3134814,0,-0.04031327,3765.877,1.012357,0.1420325,Right,Up,0.05233916,1.248047,TransSlide
321.2199,22.73889,0,-0.2980095,0.3134814,0,-0.0190542,3766.787,1.012421,0.1415453,Right,Up,0.05595291,1.217918,TransSlide
321.2599,22.73296,0,-0.3382927,0.3134814,0,-0.0004455447,3767.696,1.013075,0.1410588,Right,Up,0.05233916,1.18779,TransSlide
321.2999,22.72589,0,-0.3584343,0.3134814,0,0.01807594,3768.605,1.013317,0.1405735,Right,Up,0.05595291,1.157661,TransSlide
321.3399,22.72029,0,-0.3685051,0.3134814,0,0.03640682,3769.514,1.012777,0.1400883,Right,Up,0.05595291,1.127525,TransSlide
321.3799,22.71438,0,-0.3685051,0.3134814,0,0.05471793,3770.423,1.011407,0.1396039,Right,Up,0.07401875,1.097397,TransSlide
321.4199,22.70908,0,-0.3639275,0.3134814,0,0.07266137,3771.331,1.01095,0.1391207,Right,Up,0.09065409,1.06234,TransSlide
321.4599,22.70387,0,-0.3639275,0.3134814,0,0.09011975,3772.239,1.010694,0.1386378,Right,Up,0.08846933,1.021721,TransSlide
321.4999,22.69927,0,-0.3639275,0.3134814,0,0.1017074,3773.147,1.010818,0.1381555,Right,Up,0.08846933,0.9811096,TransSlide
321.5399,22.69474,0,-0.3529412,0.3134814,0,0.1107144,3774.055,1.010773,0.1376739,Right,Up,0.09065409,0.9405136,TransSlide
321.5799,22.69016,0,-0.3273064,0.3134814,0,0.1191317,3774.963,1.010348,0.1371934,Right,Up,0.08846933,0.89991,TransSlide
321.6199,22.68538,0,-0.2870214,0.3134814,0,0.1270984,3775.87,1.008603,0.1367133,Right,Up,0.09065409,0.859314,TransSlide
321.6599,22.68259,0,-0.2549779,0.3134814,0,0.1343627,3776.778,1.008923,0.1362339,Right,Up,0.1046783,0.8187485,TransSlide
321.6999,22.68006,0,-0.2211034,0.3134814,0,0.1375586,3777.685,1.0092,0.1357551,Right,Up,0.1203313,0.7738953,TransSlide
321.7399,22.67657,0,-0.1835668,0.3134814,0,0.135656,3778.592,1.009212,0.1352775,Right,Up,0.1203313,0.7236633,TransSlide
321.7799,22.67283,0,-0.1423663,0.3134814,0,0.1328347,3779.499,1.008261,0.1348002,Right,Up,0.1203313,0.6734085,TransSlide
321.8199,22.67044,0,-0.08743465,0.3134814,0,0.1294183,3780.406,1.007207,0.1343236,Right,Up,0.1203313,0.6231995,TransSlide
321.8599,22.66987,0,-0.03341675,0.3134814,0,0.1238548,3781.313,1.007617,0.1338481,Right,Up,0.1251145,0.5730133,TransSlide
321.8999,22.66968,0,-0.0004577637,0.3134814,0,0.1106443,3782.219,1.008864,0.1333729,Right,Up,0.1506579,0.5222855,TransSlide
321.9399,22.66827,0,0.02243042,0.3134814,0,0.09685096,3783.126,1.008884,0.1328986,Right,Up,0.1506579,0.4626007,TransSlide
321.9799,22.66781,0,0.02700806,0.3134814,0,0.0821906,3784.033,1.008115,0.1324248,Right,Up,0.1506579,0.4028625,TransSlide
322.0199,22.66888,0,0.02700806,0.3134814,0,0.06629705,3784.939,1.006909,0.1319522,Right,Up,0.1506579,0.3431015,TransSlide
322.0599,22.66956,0,0.02792358,0.3134814,0,0.04932335,3785.846,1.005634,0.1314798,Right,Up,0.1735894,0.2833557,TransSlide
322.0999,22.66854,0,0.03799438,0.3134814,0,0.03179407,3786.753,1.003143,0.1310083,Right,Up,0.1802258,0.2164078,TransSlide
322.1399,22.67216,0,0.05813599,0.3134814,0,0.01327297,3787.66,1.005065,0.1305378,Right,Flat,0.1802258,0.1471481,TransSlide
322.1799,22.67285,0,0.07553101,0.309514,0,0.003706932,3788.566,1.004368,0.1300677,Right,Flat,0.1083524,0.07788086,TransSlide
322.2199,22.67152,0,0.08651733,0.309514,0,-0.006075293,3789.473,1.003036,0.1295982,Left,Flat,-0.1607126,0.01496887,TransSlide
322.2599,22.67204,0,0.08651733,0.3055466,0,-0.01611865,3790.38,1.00064,0.1291296,Left,Flat,-0.1619255,-0.01218414,TransSlide
322.2999,22.67391,0,0.08651733,0.3015793,0,-0.02675089,3791.287,1.001547,0.128662,Left,Flat,-0.1607126,-0.0393219,TransSlide
322.3399,22.67321,0,0.08102417,0.2817273,0,-0.0309239,3792.193,1.001457,0.1281947,Left,Flat,-0.1594904,-0.0664444,TransSlide
322.3799,22.66778,0,0.07461548,0.2698253,0,-0.03266424,3793.1,1.00052,0.1277282,Left,Flat,-0.1582588,-0.09082794,TransSlide
322.4199,22.66139,0,0.06271362,0.2618906,0,-0.03489816,3794.007,0.9992341,0.1272627,Left,Flat,-0.1582588,-0.1116791,TransSlide
322.4599,22.65182,0,0.0453186,0.2579232,0,-0.03732154,3794.913,0.9974018,0.1267977,Left,Flat,-0.1582588,-0.1324997,TransSlide
322.4999,22.6439,0,0.02883911,0.2539559,0,-0.04030785,3795.819,0.9983327,0.1263333,Left,Down,-0.1532334,-0.1533127,TransSlide
322.5399,22.63379,0,0.009613037,0.2539559,0,-0.03819132,3796.724,0.9988273,0.1258698,Left,Down,-0.1297215,-0.1738892,TransSlide
322.5799,22.62278,0,-0.009613037,0.2539559,0,-0.03173324,3797.629,0.9983045,0.1254072,Left,Down,-0.1282043,-0.1917648,TransSlide
322.6199,22.61279,0,-0.0453186,0.2539559,0,-0.02573544,3798.534,0.9974847,0.1249451,Left,Down,-0.1297215,-0.2096481,TransSlide
322.6599,22.60298,0,-0.08743465,0.2539559,0,-0.02013552,3799.438,0.9966267,0.1244837,Left,Down,-0.1297215,-0.2275162,TransSlide
322.6999,22.59264,0,-0.1176471,0.2539559,0,-0.01461929,3800.342,0.9955085,0.1240233,Left,Down,-0.1282043,-0.2453766,TransSlide
322.7399,22.58287,0,-0.148775,0.2539559,0,-0.009391308,3801.245,0.9948913,0.1235633,Left,Down,-0.1046783,-0.2632217,TransSlide
322.7799,22.57375,0,-0.1734942,0.2539559,0,-0.004390746,3802.148,0.9952475,0.1231042,Left,Down,-0.09691329,-0.2786713,TransSlide
322.8199,22.56433,0,-0.2073705,0.2539559,0,0.005212873,3803.051,0.9954308,0.1226457,Left,Down,-0.09691329,-0.2933578,TransSlide
322.8599,22.5549,0,-0.2256811,0.2539559,0,0.0204753,3803.953,0.9952387,0.1221883,Left,Down,-0.09891172,-0.3080444,TransSlide
322.8999,22.54616,0,-0.2320898,0.2539559,0,0.03540066,3804.855,0.9947263,0.1217313,Left,Down,-0.09891172,-0.3227234,TransSlide
322.9399,22.53741,0,-0.239414,0.2539559,0,0.05001801,3805.757,0.9939778,0.1212749,Left,Down,-0.09891172,-0.3374023,TransSlide
322.9799,22.5287,0,-0.2494848,0.2539559,0,0.06430992,3806.658,0.9931833,0.1208195,Left,Down,-0.09891172,-0.3520813,TransSlide
323.0199,22.51994,0,-0.256809,0.2539559,0,0.07812801,3807.559,0.992315,0.120365,Left,Down,-0.07401875,-0.366745,TransSlide
323.0599,22.51116,0,-0.2623022,0.2539559,0,0.09137967,3808.459,0.9914572,0.1199109,Left,Down,-0.05233916,-0.3794785,TransSlide
323.0999,22.50238,0,-0.2668798,0.2539559,0,0.1042125,3809.359,0.9907506,0.1194576,Left,Down,-0.05595291,-0.3900681,TransSlide
323.1399,22.49354,0,-0.2687109,0.2539559,0,0.1165952,3810.259,0.9900901,0.1190054,Left,Down,-0.05595291,-0.40065,TransSlide
323.1799,22.4848,0,-0.2687109,0.2539559,0,0.12848,3811.159,0.9891935,0.1185536,Left,Down,-0.05595291,-0.411232,TransSlide
323.2199,22.47612,0,-0.2687109,0.2539559,0,0.1397542,3812.058,0.9891921,0.1181025,Left,Down,-0.05595291,-0.4217987,TransSlide
323.2599,22.46787,0,-0.2687109,0.2539559,0,0.1503403,3812.957,0.9892274,0.1176522,Left,Down,-0.05595291,-0.4323578,TransSlide
323.2999,22.4594,0,-0.2687109,0.2539559,0,0.1605282,3813.855,0.9889569,0.1172029,Left,Down,-0.05595291,-0.4429169,TransSlide
323.3399,22.4508,0,-0.2632177,0.2539559,0,0.170035,3814.753,0.9880514,0.1167541,Left,Down,-0.05595291,-0.4534607,TransSlide
323.3799,22.44328,0,-0.2504003,0.2539559,0,0.1837411,3815.651,0.9882318,0.1163059,Left,Down,-0.05595291,-0.4640045,TransSlide
323.4199,22.43566,0,-0.2311742,0.2539559,0,0.197114,3816.549,0.9881788,0.115859,Left,Down,-0.05595291,-0.4745483,TransSlide
323.4599,22.4276,0,-0.1972997,0.2539559,0,0.2098837,3817.446,0.9878097,0.1154124,Left,Down,-0.05595291,-0.4850769,TransSlide
323.4999,22.42028,0,-0.1615924,0.2539559,0,0.2220285,3818.343,0.9872879,0.1149665,Left,Down,-0.05595291,-0.4956055,TransSlide
323.5399,22.41291,0,-0.0892657,0.2539559,0,0.2333945,3819.239,0.9866303,0.1145214,Left,Down,-0.05595291,-0.506134,TransSlide
323.5799,22.40553,0,0.00869751,0.2539559,0,0.2441422,3820.135,0.9860035,0.1140774,Straight,Down,0,-0.516655,TransSlide
323.6199,22.39816,0,0.06546021,0.2539559,0,0.2541073,3821.031,0.9851288,0.1136338,Straight,Down,0.01978234,-0.5234985,TransSlide
323.6599,22.3908,0,0.1176488,0.2737926,0,0.2634789,3821.927,0.9843686,0.1131909,Straight,Down,0,-0.5281448,TransSlide
323.6999,22.38583,0,0.1359594,0.27776,0,0.2721918,3822.823,0.9837485,0.1127493,Straight,Down,0.01978234,-0.5327988,TransSlide
323.7399,22.38332,0,0.1597631,0.27776,0,0.2804596,3823.718,0.9832379,0.1123079,Straight,Down,0,-0.5374527,TransSlide
323.7799,22.3813,0,0.1844823,0.27776,0,0.2881252,3824.614,0.9828637,0.1118673,Straight,Down,0,-0.542099,TransSlide
323.8199,22.37933,0,0.2018774,0.27776,0,0.2954147,3825.509,0.9824601,0.1114274,Straight,Down,0,-0.5467453,TransSlide
323.8599,22.37739,0,0.2201879,0.27776,0,0.3020844,3826.404,0.9820294,0.1109888,Straight,Down,0,-0.5513916,TransSlide
323.8999,22.37546,0,0.2375829,0.27776,0,0.3083596,3827.299,0.9817168,0.1105504,Straight,Down,0,-0.5560379,TransSlide
323.9399,22.37356,0,0.2796972,0.27776,0,0.3144511,3828.194,0.9814292,0.1101129,Straight,Down,0,-0.5606766,TransSlide
323.9799,22.37168,0,0.3575206,0.27776,0,0.3203858,3829.089,0.9810511,0.1096761,Straight,Down,0,-0.5653229,TransSlide
324.0199,22.3698,0,0.4271007,0.27776,0,0.3261465,3829.984,0.9806823,0.1092404,Straight,Down,0,-0.5699692,TransSlide
324.0599,22.36795,0,0.5104136,0.27776,0,0.3319587,3830.878,0.9803496,0.1088052,Straight,Down,0.01978234,-0.5746155,TransSlide
324.0999,22.36596,0,0.5424571,0.27776,0,0.337886,3831.773,0.9799896,0.1083706,Straight,Down,0,-0.5792618,TransSlide
324.1399,22.36424,0,0.5470347,0.27776,0,0.3440965,3832.667,0.9796802,0.1079373,Straight,Down,0,-0.5838928,TransSlide
324.1799,22.36246,0,0.5415416,0.27776,0,0.3508006,3833.562,0.9795406,0.1075043,Straight,Down,0,-0.5885391,TransSlide
324.2199,22.36057,0,0.5397105,0.27776,0,0.3579417,3834.456,0.9795225,0.1070721,Straight,Down,0.01978234,-0.5931854,TransSlide
324.2599,22.35869,0,0.5305552,0.27776,0,0.365564,3835.351,0.9792147,0.1066406,Straight,Down,0,-0.5978241,TransSlide
324.2999,22.35697,0,0.5186534,0.27776,0,0.3737628,3836.245,0.978961,0.1062103,Straight,Down,0,-0.6024704,TransSlide
324.3399,22.35515,0,0.5067515,0.27776,0,0.3827659,3837.139,0.9785132,0.1057804,Straight,Down,0,-0.6071091,TransSlide
324.3799,22.3532,0,0.4921031,0.27776,0,0.3923719,3838.033,0.9781826,0.1053512,Straight,Down,0,-0.6117477,TransSlide
324.4199,22.35136,0,0.4875255,0.27776,0,0.4027608,3838.927,0.977772,0.1049231,Straight,Down,0.01978234,-0.616394,TransSlide
324.4599,22.34944,0,0.4875255,0.27776,0,0.4142179,3839.821,0.9773794,0.1044957,Straight,Down,0,-0.621048,TransSlide
324.4999,22.34748,0,0.4866099,0.27776,0,0.4266784,3840.715,0.9770817,0.1040688,Straight,Down,0.01978234,-0.6256866,TransSlide
324.5399,22.34532,0,0.4637218,0.27776,0,0.4316852,3841.609,0.9766054,0.1036427,Straight,Down,0,-0.6303329,TransSlide
324.5799,22.34313,0,0.4335093,0.27776,0,0.4378934,3842.503,0.9760606,0.1032177,Straight,Down,0,-0.6349869,TransSlide
324.6199,22.34103,0,0.4151988,0.27776,0,0.4455908,3843.396,0.975589,0.1027933,Straight,Down,0,-0.6396332,TransSlide
324.6599,22.33875,0,0.3987193,0.27776,0,0.4546888,3844.29,0.9752297,0.1023696,Straight,Down,0,-0.6442795,TransSlide
324.6999,22.33646,0,0.3913951,0.27776,0,0.4653195,3845.184,0.9748754,0.1019468,Straight,Down,0,-0.6489334,TransSlide
324.7399,22.33397,0,0.3758311,0.27776,0,0.4774399,3846.077,0.9744264,0.1015246,Straight,Down,0.01978234,-0.6535873,TransSlide
324.7799,22.3319,0,0.3575206,0.27776,0,0.4912452,3846.97,0.9738144,0.1011033,Right,Down,0.06255726,-0.6578903,TransSlide
324.8199,22.33001,0,0.3392065,0.27776,0,0.5066692,3847.864,0.974387,0.1006827,Right,Down,0.05934703,-0.658226,TransSlide
324.8599,22.32855,0,0.3199804,0.27776,0,0.5235651,3848.757,0.9749037,0.1002631,Right,Down,0.05934703,-0.658577,TransSlide
324.8999,22.32698,0,0.3025854,0.27776,0,0.542066,3849.65,0.9753456,0.09984402,Right,Down,0.06255726,-0.6589203,TransSlide
324.9399,22.32426,0,0.2796972,0.2817273,0,0.5536889,3850.543,0.9740644,0.09942583,Right,Down,0.05934703,-0.6592636,TransSlide
324.9799,22.32315,0,0.2668798,0.2856947,0,0.5661525,3851.436,0.9727652,0.0990083,Right,Down,0.06255726,-0.6595993,TransSlide
325.0199,22.32315,0,0.2659643,0.2856947,0,0.580205,3852.329,0.9716706,0.09859184,Right,Down,0.05934703,-0.6599503,TransSlide
325.0599,22.32239,0,0.2659643,0.2856947,0,0.5960009,3853.222,0.9710503,0.09817586,Right,Down,0.06255726,-0.6602936,TransSlide
325.0999,22.32148,0,0.2659643,0.2856947,0,0.613483,3854.115,0.9701121,0.09776083,Right,Down,0.05934703,-0.6606293,TransSlide
325.1399,22.32153,0,0.2659643,0.2856947,0,0.6324147,3855.008,0.9708505,0.0973467,Right,Down,0.06255726,-0.660965,TransSlide
325.1799,22.32302,0,0.274204,0.2856947,0,0.6530442,3855.901,0.9718634,0.09693307,Right,Down,0.08392937,-0.6613083,TransSlide
325.2199,22.32151,0,0.2806127,0.2856947,0,0.6710089,3856.794,0.9719723,0.09652025,Right,Down,0.08622923,-0.6600494,TransSlide
325.2599,22.32062,0,0.2842748,0.2856947,0,0.6858952,3857.687,0.9705895,0.09610835,Right,Down,0.08392937,-0.6585464,TransSlide
325.2999,22.32062,0,0.2842748,0.2856947,0,0.702268,3858.58,0.9691663,0.09569738,Right,Down,0.08622923,-0.6570358,TransSlide
325.3399,22.3201,0,0.2842748,0.2856947,0,0.7201157,3859.473,0.9679298,0.09528691,Right,Down,0.08622923,-0.6555328,TransSlide
325.3799,22.3198,0,0.274204,0.2856947,0,0.7397561,3860.365,0.9675477,0.09487737,Right,Down,0.08622923,-0.6540222,TransSlide
325.4199,22.32167,0,0.2677953,0.2618906,0,0.7607649,3861.258,0.968878,0.09446875,Right,Down,0.08622923,-0.6525192,TransSlide
325.4599,22.3152,0,0.2659643,0.2341192,0,0.7791806,3862.151,0.9694955,0.09406067,Right,Down,0.09691329,-0.6510086,TransSlide
325.4999,22.30497,0,0.2659643,0.1825284,0,0.794161,3863.043,0.9681764,0.09365336,Right,Down,0.1065312,-0.6490021,TransSlide
325.5399,22.28425,0,0.2659643,0.1111009,0,0.810435,3863.935,0.9666484,0.09324697,Right,Down,0.1083524,-0.646019,TransSlide
325.5799,22.249,0,0.2659643,0.04762341,0,0.8281189,3864.825,0.9648319,0.09284154,Right,Down,0.1065312,-0.6430435,TransSlide
325.6199,22.20039,0,0.2659643,0.003967346,0,0.8471653,3865.714,0.9661242,0.09243662,Right,Down,0.1065312,-0.6400757,TransSlide
325.6599,22.14091,0,0.2659643,0,0,0.8652982,3866.6,0.9676595,0.09203247,Right,Down,0.1083524,-0.6371002,TransSlide
325.6999,22.07833,0,0.2659643,0,0,0.8780354,3867.484,0.966376,0.09162954,Right,Down,0.1119058,-0.63414,TransSlide
325.7399,22.01607,0,0.2677953,0,0,0.8920103,3868.365,0.9647248,0.091227,Right,Down,0.1266688,-0.6308823,TransSlide
325.7799,21.95411,0,0.272373,0,0,0.9072952,3869.244,0.9630537,0.09082527,Right,Down,0.1251145,-0.6266632,TransSlide
325.8199,21.89165,0,0.2732885,0,0,0.9239745,3870.12,0.9648211,0.09042434,Right,Down,0.1251145,-0.6224442,TransSlide
325.8599,21.82888,0,0.2732885,0,0,0.9365858,3870.994,0.9652827,0.0900246,Right,Down,0.1251145,-0.6182404,TransSlide
325.8999,21.7671,0,0.274204,0,0,0.9471959,3871.865,0.964012,0.08962525,Right,Down,0.1266688,-0.6140366,TransSlide
325.9399,21.70558,0,0.3025854,0,0,0.9588417,3872.734,0.9616236,0.0892267,Right,Down,0.1412742,-0.609848,TransSlide
325.9799,21.64411,0,0.3556895,0,0,0.9717822,3873.601,0.9624486,0.08882935,Right,Down,0.1440177,-0.6046448,TransSlide
326.0199,21.58182,0,0.3996348,0,0,0.9832277,3874.465,0.9638987,0.08843241,Right,Down,0.1426525,-0.5993118,TransSlide
326.0599,21.52062,0,0.4582286,0,0,0.9903828,3875.326,0.9628643,0.08803628,Right,Down,0.1426525,-0.5939941,TransSlide
326.0999,21.46025,0,0.488441,0,0,0.9989953,3876.185,0.960306,0.08764095,Right,Down,0.1480375,-0.5886765,TransSlide
326.1399,21.39879,0,0.5049205,0,0,1.009068,3877.042,0.9610212,0.08724681,Right,Down,0.1594904,-0.5832291,TransSlide
326.1799,21.33685,0,0.505836,0,0,1.016541,3877.896,0.9620233,0.08685309,Right,Down,0.1607126,-0.5768509,TransSlide
326.2199,21.27611,0,0.505836,0,0,1.021101,3878.747,0.9607283,0.08646015,Right,Down,0.1594904,-0.5704727,TransSlide
326.2599,21.21599,0,0.523231,0,0,1.026969,3879.596,0.9582565,0.08606804,Right,Down,0.1594904,-0.5641251,TransSlide
326.2999,21.15404,0,0.5580211,0,0,1.03431,3880.443,0.9609755,0.08567712,Right,Down,0.1735894,-0.557785,TransSlide
326.3399,21.09254,0,0.6047165,0,0,1.035887,3881.287,0.9603627,0.08528662,Right,Down,0.1758294,-0.5506363,TransSlide
326.3799,21.03312,0,0.6312668,0,0,1.038348,3882.129,0.9579844,0.08489693,Right,Down,0.1758294,-0.5432663,TransSlide
326.4199,20.97159,0,0.63676,0,0,1.042558,3882.969,0.9584247,0.08450846,Right,Down,0.1769387,-0.5359268,TransSlide
326.4599,20.91023,0,0.63676,0,0,1.043975,3883.806,0.9592283,0.08412037,Right,Down,0.1907741,-0.528595,TransSlide
326.4999,20.85045,0,0.6468308,0,0,1.04355,3884.64,0.9573788,0.08373312,Right,Down,0.1928145,-0.520462,TransSlide
326.5399,20.79016,0,0.6825364,0,0,1.044847,3885.472,0.9569104,0.08334667,Right,Down,0.1928145,-0.5121613,TransSlide
326.5799,20.72841,0,0.7429612,0,0,1.044497,3886.302,0.9582623,0.08296142,Right,Down,0.1968319,-0.5038757,TransSlide
326.6199,20.66878,0,0.7850754,0,0,1.041585,3887.13,0.9563825,0.08257661,Right,Down,0.20842,-0.4954453,TransSlide
326.6599,20.60889,0,0.8143723,0,0,1.041157,3887.955,0.9558385,0.08219261,Right,Down,0.2093567,-0.4862137,TransSlide
326.6999,20.54688,0,0.8207846,0,0,1.038893,3888.777,0.9569879,0.08180965,Right,Down,0.2093567,-0.4769974,TransSlide
326.7399,20.48748,0,0.8372641,0,0,1.034608,3889.597,0.9547714,0.0814274,Right,Down,0.2211734,-0.4678116,TransSlide
326.7799,20.42745,0,0.8921957,0,0,1.032523,3890.415,0.955528,0.08104584,Right,Down,0.2255535,-0.4579086,TransSlide
326.8199,20.36588,0,0.9553671,0,0,1.027486,3891.23,0.9556215,0.08066509,Right,Down,0.2246844,-0.4477921,TransSlide
326.8599,20.30631,0,1.045089,0,0,1.022056,3892.043,0.9527755,0.08028544,Right,Down,0.235734,-0.437706,TransSlide
326.8999,20.24473,0,1.108264,0,0,1.019859,3892.853,0.9560795,0.07990644,Right,Down,0.2414744,-0.4270782,TransSlide
326.9399,20.18426,0,1.161364,0,0,1.012292,3893.661,0.9535125,0.07952816,Right,Down,0.2406627,-0.4160767,TransSlide
326.9799,20.12396,0,1.178759,0,0,1.007863,3894.467,0.9526973,0.07915095,Right,Down,0.2517883,-0.4051132,TransSlide
327.0199,20.06187,0,1.179675,0.007934691,0,1.002693,3895.27,0.9537553,0.07877428,Right,Down,0.2571706,-0.3936157,TransSlide
327.0599,20.00287,0,1.186999,0.01190204,0,0.9962171,3896.07,0.9508467,0.07839859,Right,Down,0.2571706,-0.3817596,TransSlide
327.0999,19.9449,0,1.202563,0.01190204,0,0.9930242,3896.869,0.9542658,0.07802359,Right,Down,0.2705197,-0.3699036,TransSlide
327.1399,19.88635,0,1.221789,0.01983673,0,0.9851339,3897.665,0.9511018,0.07764966,Right,Down,0.2741124,-0.3574066,TransSlide
327.1799,19.82913,0,1.226367,0.06746013,0,0.980945,3898.458,0.9523947,0.0772763,Right,Down,0.2776587,-0.3446808,TransSlide
327.2199,19.78056,0,1.226367,0.1031662,0,0.9743742,3899.25,0.9514381,0.07690389,Right,Down,0.2900664,-0.3319244,TransSlide
327.2599,19.7407,0,1.226367,0.1349203,0,0.9691609,3900.04,0.9504206,0.07653219,Right,Down,0.2900664,-0.3182983,TransSlide
327.2999,19.70613,0,1.226367,0.1468223,0,0.9641057,3900.828,0.9513847,0.07616154,Right,Down,0.2993615,-0.3046799,TransSlide
327.3399,19.67868,0,1.221789,0.1626917,0,0.9583446,3901.616,0.9487929,0.07579149,Right,Down,0.3071049,-0.2906418,TransSlide
327.3799,19.64897,0,1.21538,0.1825284,0,0.9537884,3902.402,0.9508704,0.07542238,Right,Down,0.3109043,-0.2761002,TransSlide
327.4199,19.62975,0,1.208056,0.1944305,0,0.9481095,3903.188,0.947978,0.07505424,Right,Down,0.3238513,-0.261528,TransSlide
327.4599,19.60558,0,1.201648,0.2103151,0,0.9434808,3903.972,0.9500247,0.07468665,Right,Down,0.3232465,-0.2460632,TransSlide
327.4999,19.59351,0,1.201648,0.2222171,0,0.9379786,3904.756,0.9477167,0.07432003,Right,Down,0.3368816,-0.2305984,TransSlide
327.5399,19.57459,0,1.201648,0.2341192,0,0.9327475,3905.539,0.9488796,0.07395411,Right,Down,0.3403488,-0.2144547,TransSlide
327.5799,19.56876,0,1.201648,0.2460212,0,0.9274106,3906.322,0.946899,0.07358927,Right,Down,0.3505445,-0.1980362,TransSlide
327.6199,19.55804,0,1.197985,0.2539559,0,0.9213744,3907.104,0.948558,0.07322503,Right,Down,0.3577275,-0.1811676,TransSlide
327.6599,19.55379,0,1.190661,0.2658579,0,0.9163688,3907.886,0.9479257,0.07286174,Right,Down,0.3669084,-0.1638184,TransSlide
327.6999,19.55121,0,1.18059,0.2737926,0,0.9087547,3908.669,0.9498845,0.0724994,Right,Flat,0.3743001,-0.1460571,TransSlide
327.7399,19.54926,0,1.168689,0.2737926,0,0.903667,3909.451,0.9483351,0.07213763,Right,Flat,0.3841043,-0.1277313,TransSlide
327.7799,19.55083,0,1.1458,0.27776,0,0.8958335,3910.233,0.9489996,0.07177673,Right,Flat,0.3916712,-0.1089706,TransSlide
327.8199,19.54745,0,1.121081,0.27776,0,0.890781,3911.015,0.9469246,0.07141677,Right,Flat,0.4029978,-0.08968353,TransSlide
327.8599,19.5506,0,1.078967,0.27776,0,0.8835264,3911.797,0.947229,0.07105777,Right,Flat,0.4092611,-0.06982422,TransSlide
327.8999,19.54651,0,1.049666,0.27776,0,0.8785878,3912.579,0.9456304,0.07069934,Right,Flat,0.4228991,-0.04956055,TransSlide
327.9399,19.54953,0,1.014876,0.27776,0,0.8715537,3913.36,0.945509,0.07034177,Right,Flat,0.4201138,-0.02857971,TransSlide
327.9799,19.54498,0,0.9974813,0.27776,0,0.8665926,3914.142,0.9450341,0.0699854,Right,Flat,0.3936644,-0.007331848,TransSlide
328.0199,19.54812,0,0.9919882,0.27776,0,0.8605433,3914.924,0.9441388,0.0696295,Right,Flat,0.3896677,0.0144043,TransSlide
328.0599,19.54365,0,0.9910727,0.27776,0,0.8554288,3915.706,0.9447988,0.06927443,Right,Flat,0.3794918,0.0361557,TransSlide
328.0999,19.54643,0,0.9901571,0.27776,0,0.8503612,3916.487,0.942989,0.06892023,Right,Flat,0.3779418,0.05745697,TransSlide
328.1399,19.54148,0,0.9855795,0.27776,0,0.8453529,3917.269,0.9450107,0.06856719,Right,Flat,0.3727285,0.07876587,TransSlide
328.1799,19.54317,0,0.984664,0.27776,0,0.8417905,3918.051,0.9417668,0.06821466,Right,Flat,0.3716771,0.09960938,TransSlide
328.2199,19.54011,0,0.984664,0.27776,0,0.8363444,3918.833,0.9438811,0.06786297,Right,Flat,0.3669084,0.12043,TransSlide
328.2599,19.54009,0,0.9837484,0.289662,0,0.834105,3919.614,0.9408233,0.06751213,Right,Flat,0.3658403,0.14077,TransSlide
328.2999,19.54148,0,0.9736776,0.3015793,0,0.8282002,3920.396,0.9427778,0.06716246,Right,Up,0.360452,0.1610794,TransSlide
328.3399,19.54302,0,0.9626913,0.309514,0,0.8258133,3921.178,0.941112,0.0668133,Right,Up,0.3593647,0.1809387,TransSlide
328.3799,19.54969,0,0.9452963,0.3134814,0,0.8209398,3921.96,0.9412357,0.066465,Right,Up,0.3527702,0.2007141,TransSlide
328.4199,19.55431,0,0.9388876,0.3134814,0,0.8178481,3922.742,0.9418617,0.06611786,Right,Up,0.3522151,0.2201004,TransSlide
328.4599,19.56252,0,0.9370565,0.3174487,0,0.8149695,3923.524,0.9397559,0.06577123,Right,Up,0.3471792,0.2393188,TransSlide
328.4999,19.56927,0,0.9370565,0.3253834,0,0.8108329,3924.307,0.9417254,0.06542546,Right,Up,0.343781,0.2582321,TransSlide
328.5399,19.57882,0,0.9333944,0.3293507,0,0.8100437,3925.09,0.9387342,0.06508053,Right,Up,0.3397734,0.276886,TransSlide
328.5799,19.58794,0,0.920577,0.3293507,0,0.8051249,3925.874,0.9401168,0.06473679,Right,Up,0.3357179,0.2953033,TransSlide
328.6199,19.59443,0,0.9022665,0.3412528,0,0.8036612,3926.657,0.9396265,0.06439356,Right,Up,0.3333784,0.3133698,TransSlide
328.6599,19.6053,0,0.8729696,0.3531548,0,0.8010085,3927.441,0.9384964,0.06405116,Right,Up,0.3268584,0.3313446,TransSlide
328.6999,19.61969,0,0.8427572,0.3571222,0,0.7985444,3928.226,0.9400195,0.06370998,Right,Up,0.3268584,0.3487778,TransSlide
328.7399,19.63606,0,0.8198655,0.3610895,0,0.7986742,3929.011,0.937066,0.06336928,Right,Up,0.3195939,0.3661957,TransSlide
328.7799,19.65257,0,0.7960618,0.3650568,0,0.7945647,3929.797,0.9379258,0.06302945,Right,Up,0.3177519,0.3831253,TransSlide
328.8199,19.66666,0,0.7786667,0.3650568,0,0.793669,3930.584,0.9383959,0.06269047,Right,Up,0.3127867,0.3999023,TransSlide
328.8599,19.68208,0,0.7621872,0.3690242,0,0.7931691,3931.371,0.9363005,0.06235269,Right,Up,0.3090104,0.4163818,TransSlide
328.8999,19.70286,0,0.7484543,0.3690242,0,0.7903975,3932.159,0.9373775,0.06201539,Right,Up,0.3071049,0.4324875,TransSlide
328.9399,19.71885,0,0.7365525,0.3690242,0,0.7906889,3932.948,0.936702,0.06167898,Right,Up,0.2987072,0.4485855,TransSlide
328.9799,19.73435,0,0.7118332,0.3690242,0,0.7893925,3933.737,0.9355865,0.06134365,Right,Up,0.2980514,0.463974,TransSlide
329.0199,19.75405,0,0.6834519,0.3690242,0,0.7878102,3934.527,0.9367102,0.06100906,Right,Up,0.2920831,0.4793625,TransSlide
329.0599,19.76967,0,0.6248581,0.3690242,0,0.7890896,3935.318,0.9352701,0.06067518,Right,Up,0.2880355,0.4943695,TransSlide
329.0999,19.78599,0,0.5580211,0.3690242,0,0.787245,3936.109,0.9346004,0.0603422,Right,Up,0.2873554,0.5089798,TransSlide
329.1399,19.80529,0,0.5168223,0.3690242,0,0.7859223,3936.901,0.9356993,0.06001026,Right,Up,0.2783625,0.5235977,TransSlide
329.1799,19.81924,0,0.4811168,0.3690242,0,0.7874995,3937.694,0.9342791,0.05967909,Right,Up,0.2762456,0.5375595,TransSlide
329.2199,19.83646,0,0.4646373,0.3690242,0,0.7856131,3938.487,0.9335466,0.05934868,Right,Up,0.2733977,0.5513535,TransSlide
329.2599,19.85647,0,0.4591441,0.3690242,0,0.7838701,3939.281,0.9344781,0.05901933,Right,Up,0.2646699,0.5651245,TransSlide
329.2999,19.86959,0,0.4591441,0.3690242,0,0.784989,3940.076,0.9337581,0.05869061,Right,Up,0.2639296,0.578064,TransSlide
329.3399,19.88664,0,0.4591441,0.3690242,0,0.7840037,3940.871,0.9326278,0.05836288,Right,Up,0.2601963,0.5909958,TransSlide
329.3799,19.90552,0,0.4591441,0.3729915,0,0.781747,3941.667,0.9330351,0.05803592,Right,Up,0.2517883,0.6037598,TransSlide
329.4199,19.92158,0,0.4591441,0.3729915,0,0.7817957,3942.464,0.9337472,0.05771,Right,Up,0.2517883,0.6157761,TransSlide
329.4599,19.93751,0,0.4591441,0.3729915,0,0.7827559,3943.261,0.9313722,0.05738474,Right,Up,0.2470816,0.6278,TransSlide
329.4999,19.95557,0,0.4591441,0.3729915,0,0.7792841,3944.059,0.9313492,0.05706046,Right,Up,0.2373883,0.6396484,TransSlide
329.5399,19.9765,0,0.4509044,0.3729915,0,0.7776759,3944.858,0.9324919,0.05673692,Right,Up,0.2373883,0.6506958,TransSlide
329.5799,19.98804,0,0.4216075,0.3729915,0,0.7783895,3945.657,0.9317265,0.05641446,Right,Up,0.234068,0.6617355,TransSlide
329.6199,20.00634,0,0.3913951,0.3769741,0,0.7771656,3946.457,0.9302536,0.05609278,Right,Up,0.2229358,0.6727753,TransSlide
329.6599,20.02546,0,0.3611827,0.3888762,0,0.7730643,3947.258,0.9302374,0.05577184,Right,Up,0.2220564,0.6827545,TransSlide
329.6999,20.04726,0,0.3428686,0.3888762,0,0.7708024,3948.059,0.931601,0.055452,Right,Up,0.2229358,0.6927414,TransSlide
329.7399,20.06284,0,0.3428686,0.3888762,0,0.7706696,3948.862,0.9306372,0.05513278,Right,Up,0.2121421,0.7027206,TransSlide
329.7799,20.08394,0,0.3428686,0.3888762,0,0.7686964,3949.665,0.9291492,0.05481455,Right,Up,0.2055842,0.7120285,TransSlide
329.8199,20.10543,0,0.3428686,0.3888762,0,0.7636439,3950.469,0.9291568,0.05449707,Right,Up,0.2065338,0.7208405,TransSlide
329.8599,20.12665,0,0.3337133,0.3888762,0,0.7599912,3951.274,0.9299988,0.05418069,Right,Up,0.2046302,0.7296448,TransSlide
329.8999,20.14441,0,0.3199804,0.3888762,0,0.7579754,3952.079,0.9306719,0.05386496,Right,Up,0.1897456,0.7384491,TransSlide
329.9399,20.16272,0,0.3154027,0.3888762,0,0.7575225,3952.885,0.9287079,0.05355022,Right,Up,0.1866263,0.7461929,TransSlide
329.9799,20.18326,0,0.3154027,0.3888762,0,0.7512876,3953.693,0.928238,0.05323643,Right,Up,0.1876719,0.7537003,TransSlide
330.0199,20.20447,0,0.3154027,0.3888762,0,0.7451584,3954.5,0.9283773,0.0529233,Right,Up,0.1876719,0.7612,TransSlide
330.0599,20.22368,0,0.3135717,0.3888762,0,0.7404206,3955.309,0.9288366,0.05261106,Right,Up,0.1701742,0.768692,TransSlide
330.0999,20.24281,0,0.3080785,0.3888762,0,0.7371631,3956.119,0.9295099,0.0522998,Right,Up,0.166689,0.7751007,TransSlide
330.1399,20.26012,0,0.3044164,0.3888762,0,0.7354122,3956.929,0.9279121,0.0519895,Right,Up,0.166689,0.7811127,TransSlide
330.1799,20.28013,0,0.3016698,0.3888762,0,0.7318781,3957.74,0.9266453,0.05167988,Right,Up,0.165511,0.7871246,TransSlide
330.2199,20.3004,0,0.291599,0.3888762,0,0.7239416,3958.552,0.9265869,0.05137113,Right,Up,0.1594904,0.7931213,TransSlide
330.2599,20.3195,0,0.2732885,0.3888762,0,0.7173704,3959.365,0.926738,0.05106354,Right,Up,0.1398823,0.798996,TransSlide
330.2999,20.33775,0,0.2256811,0.3888762,0,0.7121354,3960.178,0.9270412,0.05075655,Right,Up,0.1398823,0.8032074,TransSlide
330.3399,20.35747,0,0.1698339,0.3888762,0,0.7081325,3960.992,0.9274657,0.05045042,Right,Up,0.1398823,0.8074188,TransSlide
330.3799,20.37644,0,0.08834839,0.3888762,0,0.7055147,3961.807,0.9273135,0.05014518,Right,Up,0.1412742,0.8116302,TransSlide
330.4199,20.39452,0,0.03982544,0.3888762,0,0.7042373,3962.622,0.926154,0.04984111,Right,Up,0.1412742,0.8158417,TransSlide
330.4599,20.41325,0,-0.01144409,0.3888762,0,0.7036566,3963.438,0.9245911,0.04953761,Right,Up,0.1203313,0.8200531,TransSlide
330.4999,20.43302,0,-0.04074097,0.3888762,0,0.6943753,3964.256,0.9248688,0.04923499,Right,Up,0.1083524,0.8230438,TransSlide
330.5399,20.45192,0,-0.05355835,0.3888762,0,0.6859835,3965.073,0.9251972,0.04893327,Right,Up,0.1083524,0.8248749,TransSlide
330.5799,20.46977,0,-0.07187068,0.3888762,0,0.6784151,3965.892,0.9252862,0.04863271,Right,Up,0.1065312,0.8266983,TransSlide
330.6199,20.4892,0,-0.09384334,0.3888762,0,0.6715014,3966.711,0.9252076,0.04833273,Right,Up,0.1083524,0.8285294,TransSlide
330.6599,20.50833,0,-0.1432818,0.3888762,0,0.6654028,3967.531,0.9250272,0.04803363,Right,Up,0.1065312,0.8303528,TransSlide
330.6999,20.52739,0,-0.2073705,0.3888762,0,0.6597344,3968.353,0.9247928,0.04773573,Right,Up,0.1065312,0.8321762,TransSlide
330.7399,20.54643,0,-0.2494848,0.3888762,0,0.6546226,3969.174,0.9244198,0.04743839,Right,Up,0.08156469,0.8340073,TransSlide
330.7799,20.56537,0,-0.2851903,0.3888762,0,0.6498897,3969.997,0.9239404,0.04714195,Straight,Up,0,0.8353729,TransSlide
330.8199,20.58423,0,-0.2906835,0.3888762,0,0.6455633,3970.82,0.9234443,0.04684636,Straight,Up,0,0.8297577,TransSlide
330.8599,20.60303,0,-0.2906835,0.3888762,0,0.6414871,3971.644,0.922884,0.04655198,Straight,Up,0,0.8241272,TransSlide
330.8999,20.62173,0,-0.2906835,0.3888762,0,0.6376361,3972.468,0.9224654,0.04625819,Straight,Up,0,0.8184967,TransSlide
330.9399,20.64038,0,-0.2925146,0.3888762,0,0.6338269,3973.294,0.9221729,0.04596526,Straight,Up,0,0.8128586,TransSlide
330.9799,20.65899,0,-0.297094,0.3888762,0,0.6302769,3974.12,0.9221448,0.04567352,Straight,Up,0,0.8072128,TransSlide
331.0199,20.67748,0,-0.298925,0.3928435,0,0.6267524,3974.947,0.9219748,0.04538239,Straight,Up,0,0.8015671,TransSlide
331.0599,20.69683,0,-0.3089958,0.3928435,0,0.623097,3975.774,0.9218464,0.04509214,Straight,Up,0,0.7959213,TransSlide
331.0999,20.71605,0,-0.3218132,0.3928435,0,0.6191897,3976.603,0.9217572,0.04480276,Straight,Up,0,0.7902527,TransSlide
331.1399,20.7352,0,-0.3327996,0.3928435,0,0.6149532,3977.432,0.921782,0.04451457,Straight,Up,0,0.7845917,TransSlide
331.1799,20.75424,0,-0.3447014,0.3928435,0,0.610356,3978.262,0.9218727,0.04422698,Straight,Up,0,0.778923,TransSlide
331.2199,20.77306,0,-0.363012,0.3928435,0,0.6050032,3979.093,0.9218752,0.04394025,Straight,Up,0,0.7732468,TransSlide
331.2599,20.7918,0,-0.4097039,0.3928435,0,0.5990682,3979.924,0.9218299,0.04365466,Straight,Up,0,0.7675629,TransSlide
331.2999,20.81069,0,-0.4765391,0.3928435,0,0.5923145,3980.756,0.9217217,0.0433698,Straight,Up,0,0.761879,TransSlide
331.3399,20.82899,0,-0.5195689,0.3928435,0,0.5847139,3981.589,0.9215665,0.04308579,Straight,Up,0,0.7561798,TransSlide
331.3799,20.84723,0,-0.5589384,0.3928435,0,0.5763636,3982.423,0.9214417,0.04280264,Straight,Up,0,0.7504807,TransSlide
331.4199,20.86547,0,-0.5598539,0.3928435,0,0.5670347,3983.258,0.9213724,0.04252056,Straight,Up,0.01978234,0.7447739,TransSlide
331.4599,20.88354,0,-0.5470365,0.3928435,0,0.5565888,3984.093,0.9214536,0.04223932,Straight,Up,0,0.7390594,TransSlide
331.4999,20.90144,0,-0.5360502,0.3928435,0,0.5446203,3984.929,0.9213706,0.04195885,Straight,Up,0,0.7333298,TransSlide
331.5399,20.91681,0,-0.5314726,0.3928435,0,0.5318049,3985.765,0.920929,0.04167927,Straight,Up,0,0.7276077,TransSlide
331.5799,20.93685,0,-0.5314726,0.3928435,0,0.5207891,3986.603,0.9208583,0.04140076,Straight,Up,0,0.7218781,TransSlide
331.6199,20.95626,0,-0.5360502,0.3928435,0,0.5131327,3987.441,0.9222776,0.04112307,Straight,Up,0,0.7161407,TransSlide
331.6599,20.97508,0,-0.5433744,0.3928435,0,0.5039742,3988.28,0.9235648,0.04084618,Straight,Up,0,0.7103958,TransSlide
331.6999,20.99282,0,-0.5534452,0.3928435,0,0.4933827,3989.119,0.9244328,0.04057038,Straight,Up,0,0.7046432,TransSlide
331.7399,21.01204,0,-0.5589384,0.3928435,0,0.4814444,3989.959,0.9241731,0.04029528,Straight,Up,0,0.6988754,TransSlide
331.7799,21.02795,0,-0.5598539,0.3928435,0,0.468044,3990.801,0.9220487,0.04002116,Straight,Up,0,0.6931,TransSlide
331.8199,21.04868,0,-0.5598539,0.3928435,0,0.4571002,3991.642,0.9206064,0.03974784,Straight,Up,0,0.6873169,TransSlide
331.8599,21.06915,0,-0.5525297,0.3928435,0,0.4486926,3992.485,0.9211273,0.03947563,Straight,Up,0,0.6815338,TransSlide
331.8999,21.08863,0,-0.5406278,0.3928435,0,0.4386814,3993.328,0.9221529,0.03920422,Left,Up,-0.08622923,0.6757431,TransSlide
331.9399,21.10511,0,-0.530557,0.3928435,0,0.4266881,3994.172,0.9221005,0.03893358,Left,Up,-0.1101434,0.6635056,TransSlide
331.9799,21.12226,0,-0.5113292,0.3928435,0,0.4133888,3995.017,0.919092,0.03866405,Left,Up,-0.1101434,0.6490936,TransSlide
332.0199,21.1434,0,-0.4930186,0.3928435,0,0.4061411,3995.862,0.9197769,0.03839523,Left,Up,-0.1101434,0.6346588,TransSlide
332.0599,21.16551,0,-0.4820323,0.3928435,0,0.3968664,3996.708,0.9212164,0.03812743,Left,Up,-0.1101434,0.6202087,TransSlide
332.0999,21.17732,0,-0.4820323,0.3928435,0,0.3857278,3997.556,0.9207079,0.0378604,Left,Up,-0.1083524,0.6057205,TransSlide
332.1399,21.19914,0,-0.4820323,0.3928435,0,0.3766375,3998.404,0.9191151,0.03759447,Left,Up,-0.1398823,0.591217,TransSlide
332.1799,21.22241,0,-0.4875255,0.3928435,0,0.3699865,3999.252,0.9199402,0.03732926,Left,Up,-0.1519511,0.5745773,TransSlide
332.2199,21.23897,0,-0.488441,0.3928435,0,0.361071,4000.102,0.9204404,0.03706503,Left,Up,-0.1506579,0.5568237,TransSlide
332.2599,21.25666,0,-0.488441,0.3928435,0,0.3533495,4000.952,0.9184187,0.03680182,Left,Up,-0.1519511,0.5390396,TransSlide
332.2999,21.2801,0,-0.4893565,0.3928435,0,0.3490118,4001.802,0.9196208,0.03653932,Left,Up,-0.1607126,0.521225,TransSlide
332.3399,21.29729,0,-0.5012584,0.3968109,0,0.3423821,4002.654,0.9192449,0.03627772,Left,Up,-0.1866263,0.5030594,TransSlide
332.3799,21.31611,0,-0.530557,0.3968109,0,0.3389995,4003.507,0.9182829,0.0360171,Left,Up,-0.1866263,0.4825134,TransSlide
332.4199,21.34052,0,-0.5488676,0.3968109,0,0.3368616,4004.36,0.9201735,0.03575749,Left,Up,-0.1866263,0.4619141,TransSlide
332.4599,21.35924,0,-0.5598539,0.3968109,0,0.3336192,4005.214,0.9172679,0.0354986,Left,Up,-0.2036718,0.4413071,TransSlide
332.4999,21.38354,0,-0.5433744,0.4087129,0,0.3356385,4006.069,0.9193121,0.03524062,Left,Up,-0.2167048,0.4195175,TransSlide
332.5399,21.40372,0,-0.530557,0.4166476,0,0.3356327,4006.925,0.9170623,0.03498382,Left,Up,-0.2167048,0.3964386,TransSlide
332.5799,21.43047,0,-0.5122447,0.4245823,0,0.3411602,4007.782,0.9186839,0.03472764,Left,Up,-0.2289973,0.3733139,TransSlide
332.6199,21.45642,0,-0.4948497,0.4245823,0,0.3453165,4008.64,0.9179237,0.03447238,Left,Up,-0.2454926,0.3494339,TransSlide
332.6599,21.48073,0,-0.4701304,0.4245823,0,0.3546369,4009.499,0.917156,0.03421805,Left,Up,-0.2454926,0.3239822,TransSlide
332.6999,21.50739,0,-0.4344249,0.4245823,0,0.3635606,4010.359,0.9146212,0.03396485,Left,Up,-0.2609472,0.2984848,TransSlide
332.7399,21.53873,0,-0.3877312,0.4245823,0,0.3719206,4011.22,0.9165545,0.03371234,Left,Up,-0.2719625,0.2719727,TransSlide
332.7799,21.56909,0,-0.297094,0.4245823,0,0.3786564,4012.083,0.9185033,0.03346071,Left,Up,-0.2748253,0.2443085,TransSlide
332.8199,21.59482,0,-0.2183568,0.4245823,0,0.3832769,4012.947,0.9197272,0.03320999,Left,Up,-0.2960753,0.2165833,TransSlide
332.8599,21.62663,0,-0.1185626,0.4245823,0,0.3862032,4013.811,0.9194849,0.03296045,Left,Up,-0.2967354,0.186882,TransSlide
332.8999,21.65764,0,-0.05264282,0.4245823,0,0.3873058,4014.677,0.9187932,0.03271154,Left,Up,-0.3146578,0.1570282,TransSlide
332.9399,21.6888,0,-0.02334595,0.4245823,0,0.386488,4015.544,0.9179482,0.03246355,Left,Flat,-0.3202056,0.1258163,TransSlide
332.9799,21.71858,0,-0.0004577637,0.4245823,0,0.3838767,4016.413,0.9176034,0.03221673,Left,Flat,-0.3351346,0.09395599,TransSlide
333.0199,21.74836,0,0.03433228,0.4245823,0,0.3796386,4017.282,0.9149536,0.0319706,Left,Flat,-0.3432113,0.06096649,TransSlide
333.0599,21.7778,0,0.06271362,0.4245823,0,0.3738101,4018.153,0.9127963,0.03172535,Left,Flat,-0.09278741,0.02713776,TransSlide
333.0999,21.8017,0,0.08010864,0.4245823,0,0.3663428,4019.025,0.9091433,0.03148101,Right,Flat,0.07132626,-0.01487732,TransSlide
333.1399,21.83825,0,0.08010864,0.4245823,0,0.3534092,4019.898,0.9134542,0.03123785,Right,Flat,0.06852804,-0.0618515,TransSlide
333.1799,21.87093,0,0.08010864,0.4245823,0,0.3392908,4020.773,0.917106,0.03099534,Right,Flat,0.06852804,-0.1088791,TransSlide
333.2199,21.89658,0,0.08010864,0.4245823,0,0.324128,4021.649,0.9194009,0.03075374,Right,Down,0.06852804,-0.1560135,TransSlide
333.2599,21.93259,0,0.08010864,0.4245823,0,0.3078443,4022.526,0.9196641,0.03051332,Right,Down,0.06852804,-0.2033005,TransSlide
333.2999,21.96746,0,0.0819397,0.4245823,0,0.2903995,4023.404,0.9187261,0.03027356,Right,Down,0.06852804,-0.2507019,TransSlide
333.3399,22.00141,0,0.08926392,0.4245823,0,0.2720364,4024.284,0.9174913,0.0300347,Right,Down,0.06852804,-0.2982101,TransSlide
333.3799,22.03483,0,0.1130676,0.4245823,0,0.2527118,4025.165,0.9162048,0.02979678,Right,Down,0.06852804,-0.345787,TransSlide
333.4199,22.06793,0,0.1597631,0.4245823,0,0.2326693,4026.047,0.9149269,0.02956,Right,Down,0.07132626,-0.3934402,TransSlide
333.4599,22.10079,0,0.1936376,0.4245823,0,0.2120398,4026.931,0.9137459,0.02932391,Straight,Down,0.01978234,-0.4411697,TransSlide
333.4999,22.13346,0,0.2320898,0.4245823,0,0.1908481,4027.816,0.9127686,0.02908874,Straight,Down,0,-0.4618759,TransSlide
333.5399,22.16598,0,0.2540624,0.4245823,0,0.1693124,4028.702,0.9121994,0.02885464,Straight,Down,0,-0.4748993,TransSlide
333.5799,22.1984,0,0.2604711,0.4047455,0,0.1474218,4029.59,0.9117349,0.02862138,Straight,Down,0,-0.4879456,TransSlide
333.6199,22.22839,0,0.2604711,0.4007782,0,0.1253709,4030.479,0.9114104,0.02838898,Straight,Down,0,-0.5010147,TransSlide
333.6599,22.25543,0,0.2604711,0.3968109,0,0.1031033,4031.368,0.9111409,0.02815748,Straight,Down,0,-0.5140915,TransSlide
333.6999,22.28193,0,0.2604711,0.3849088,0,0.08054635,4032.259,0.9109097,0.02792704,Straight,Down,0,-0.5271835,TransSlide
333.7399,22.30567,0,0.2604711,0.3849088,0,0.05800992,4033.151,0.9106632,0.02769748,Straight,Down,-0.01978234,-0.5402985,TransSlide
333.7799,22.32898,0,0.2494848,0.3769741,0,0.03536424,4034.044,0.9105768,0.02746875,Straight,Down,0,-0.553421,TransSlide
333.8199,22.35088,0,0.2366674,0.3650568,0,0.01278791,4034.938,0.9104427,0.02724094,Straight,Down,-0.01978234,-0.5665588,TransSlide
333.8599,22.37044,0,0.2311742,0.3491875,0,-0.009602457,4035.833,0.9102866,0.02701417,Straight,Down,-0.01978234,-0.5797119,TransSlide
333.8999,22.38737,0,0.2201879,0.297612,0,-0.03190875,4036.728,0.910046,0.0267883,Straight,Down,0,-0.592865,TransSlide
333.9399,22.39401,0,0.2137792,0.2420539,0,-0.05382568,4037.624,0.909859,0.02656323,Straight,Down,0,-0.6060333,TransSlide
333.9799,22.3872,0,0.1936376,0.154757,0,-0.07555044,4038.519,0.9095722,0.02633927,Straight,Down,-0.01978234,-0.6191864,TransSlide
334.0199,22.36464,0,0.1524389,0.07936218,0,-0.09664911,4039.414,0.9093574,0.02611614,Straight,Down,-0.01978234,-0.6323318,TransSlide
334.0599,22.32455,0,0.1185644,0.01586938,0,-0.1173057,4040.307,0.9091772,0.02589387,Straight,Down,-0.01978234,-0.645462,TransSlide
334.0999,22.2721,0,0.08743286,0,0,-0.1375563,4041.199,0.9089258,0.0256725,Straight,Down,0,-0.6585617,TransSlide
334.1399,22.21108,0,0.06912231,0,0,-0.1571994,4042.088,0.9086825,0.02545223,Straight,Down,-0.01978234,-0.6716156,TransSlide
334.1799,22.15015,0,0.05722046,0,0,-0.1765442,4042.975,0.9085684,0.0252328,Straight,Down,-0.01978234,-0.684639,TransSlide
334.2199,22.0893,0,0.05630493,0,0,-0.195326,4043.859,0.9085863,0.02501423,Straight,Down,0,-0.6976318,TransSlide
334.2599,22.02865,0,0.05630493,0,0,-0.2137367,4044.741,0.9085677,0.02479673,Straight,Down,0,-0.7105789,TransSlide
334.2999,21.9682,0,0.05630493,0,0,-0.2315453,4045.62,0.9084684,0.02458001,Straight,Down,0,-0.7234955,TransSlide
334.3399,21.90789,0,0.05630493,0,0,-0.2488553,4046.497,0.9079768,0.0243643,Straight,Down,0,-0.7363739,TransSlide
334.3799,21.84779,0,0.06454468,0,0,-0.2657876,4047.372,0.9076611,0.02414943,Straight,Down,0,-0.7492142,TransSlide
334.4199,21.78777,0,0.07461548,0,0,-0.2821673,4048.244,0.907337,0.02393562,Straight,Down,0,-0.7620239,TransSlide
334.4599,21.72791,0,0.08010864,0,0,-0.2978629,4049.114,0.9071652,0.0237226,Straight,Down,0,-0.7747955,TransSlide
334.4999,21.66823,0,0.08102417,0,0,-0.3130657,4049.981,0.9069995,0.02351061,Straight,Down,0,-0.7875214,TransSlide
334.5399,21.60871,0,0.08102417,0,0,-0.3277204,4050.846,0.9068751,0.02329958,Straight,Down,-0.01978234,-0.8002243,TransSlide
334.5799,21.54935,0,0.08102417,0,0,-0.3418502,4051.708,0.9066553,0.02308936,Straight,Down,-0.01978234,-0.8128815,TransSlide
334.6199,21.49017,0,0.07095337,0,0,-0.355374,4052.569,0.9064834,0.02288005,Straight,Down,0,-0.8255081,TransSlide
334.6599,21.43136,0,0.06271362,0,0,-0.3684012,4053.427,0.9064001,0.02267177,Straight,Down,0,-0.8380966,TransSlide
334.6999,21.37361,0,0.03982544,0,0,-0.3809489,4054.282,0.9050685,0.02246449,Straight,Down,-0.01978234,-0.8506393,TransSlide
334.7399,21.31592,0,0.02059937,0,0,-0.3856918,4055.135,0.90674,0.02225799,Straight,Down,0,-0.8631439,TransSlide
334.7799,21.25826,0,-0.01602173,0,0,-0.3898739,4055.986,0.9079676,0.02205241,Straight,Down,0,-0.8756104,TransSlide
334.8199,21.20181,0,-0.04806519,0,0,-0.3938069,4056.835,0.9087797,0.02184785,Straight,Down,0,-0.8880463,TransSlide
334.8599,21.14494,0,-0.07095516,0,0,-0.3972591,4057.681,0.908644,0.02164427,Straight,Down,0,-0.9004593,TransSlide
334.8999,21.08853,0,-0.08835018,0,0,-0.4004936,4058.525,0.9078546,0.0214415,Straight,Down,0,-0.9128342,TransSlide
334.9399,21.03242,0,-0.09018123,0,0,-0.40342,4059.367,0.9070562,0.02123964,Straight,Down,-0.01978234,-0.9251862,TransSlide
334.9799,20.97655,0,-0.09018123,0,0,-0.4061159,4060.207,0.906242,0.02103896,Straight,Down,0,-0.9375,TransSlide
335.0199,20.92087,0,-0.09018123,0,0,-0.4085358,4061.044,0.9055849,0.02083898,Straight,Down,-0.01978234,-0.949791,TransSlide
335.0599,20.86537,0,-0.08835018,0,0,-0.4108037,4061.879,0.9049597,0.02063993,Straight,Down,-0.01978234,-0.9620361,TransSlide
335.0999,20.81005,0,-0.06546199,0,0,-0.4130004,4062.712,0.9044207,0.02044184,Straight,Down,-0.01978234,-0.9742508,TransSlide
335.1399,20.75488,0,-0.05172729,0,0,-0.4149844,4063.543,0.9040201,0.02024487,Straight,Down,-0.02797646,-0.9780121,TransSlide
335.1799,20.69988,0,-0.04074097,0,0,-0.4167075,4064.372,0.9036546,0.02004865,Straight,Down,-0.02797646,-0.979744,TransSlide
335.2199,20.64504,0,-0.03982544,0,0,-0.4184397,4065.198,0.9033631,0.01985336,Straight,Down,-0.02797646,-0.9814835,TransSlide
335.2599,20.59037,0,-0.03982544,0,0,-0.42012,4066.022,0.9031004,0.01965919,Straight,Down,-0.02797646,-0.9832077,TransSlide
335.2999,20.53577,0,-0.03982544,0,0,-0.421703,4066.844,0.902924,0.01946575,Straight,Down,-0.02797646,-0.9849319,TransSlide
335.3399,20.48123,0,-0.03982544,0,0,-0.4233208,4067.664,0.9030554,0.01927329,Straight,Down,-0.02797646,-0.9866486,TransSlide
335.3799,20.42689,0,-0.03982544,0,0,-0.4248728,4068.481,0.9024294,0.01908172,Straight,Down,-0.02797646,-0.9883652,TransSlide
335.4199,20.37256,0,-0.03982544,0,0,-0.4264634,4069.297,0.9015573,0.01889131,Straight,Down,-0.02797646,-0.9900742,TransSlide
335.4599,20.31825,0,-0.03982544,0,0,-0.4280367,4070.11,0.9010826,0.01870164,Straight,Down,-0.02797646,-0.9917755,TransSlide
335.4999,20.26418,0,-0.0590533,0,0,-0.4295675,4070.921,0.900833,0.01851291,Straight,Down,-0.02797646,-0.9934769,TransSlide
335.5399,20.21035,0,-0.08835018,0,0,-0.4314004,4071.73,0.9004606,0.01832531,Straight,Down,-0.02797646,-0.9951706,TransSlide
335.5799,20.15689,0,-0.1176471,0,0,-0.4311079,4072.537,0.9000307,0.01813845,Straight,Down,-0.02797646,-0.9968643,TransSlide
335.6199,20.10351,0,-0.1249713,0,0,-0.4248428,4073.342,0.9007912,0.01795254,Straight,Down,-0.03426402,-0.9985428,TransSlide
335.6599,20.05021,0,-0.1249713,0,0,-0.418949,4074.144,0.9012446,0.01776756,Straight,Down,-0.02797646,-1.000221,TransSlide
335.6999,19.99742,0,-0.1249713,0,0,-0.4131056,4074.945,0.9014746,0.0175837,Straight,Down,-0.02797646,-1.0019,TransSlide
335.7399,19.94462,0,-0.1304644,0,0,-0.4074137,4075.743,0.901385,0.0174006,Straight,Down,-0.02797646,-1.003571,TransSlide
335.7799,19.89208,0,-0.1432818,0,0,-0.4019982,4076.539,0.9011367,0.01721845,Straight,Down,-0.02797646,-1.005234,TransSlide
335.8199,19.83974,0,-0.16617,0,0,-0.3967388,4077.333,0.900757,0.01703725,Straight,Down,-0.03426402,-1.006897,TransSlide
335.8599,19.78756,0,-0.1799047,0,0,-0.391757,4078.125,0.900494,0.01685715,Straight,Down,-0.02797646,-1.008553,TransSlide
335.8999,19.73555,0,-0.18906,0,0,-0.3870234,4078.915,0.9001247,0.01667783,Straight,Down,-0.02797646,-1.010208,TransSlide
335.9399,19.68369,0,-0.18906,0,0,-0.3827101,4079.703,0.8997949,0.01649944,Straight,Down,-0.02797646,-1.011864,TransSlide
335.9799,19.63199,0,-0.1899755,0,0,-0.3786704,4080.489,0.8994828,0.01632211,Straight,Down,-0.03426402,-1.013504,TransSlide
336.0199,19.58035,0,-0.1899755,0,0,-0.3750599,4081.272,0.8991407,0.01614568,Straight,Down,-0.03956468,-1.014832,TransSlide
336.0599,19.5287,0,-0.1899755,0,0,-0.3718739,4082.054,0.8992555,0.01597011,Straight,Down,-0.03956468,-1.013962,TransSlide
336.0999,19.47723,0,-0.1844823,0,0,-0.3690462,4082.834,0.8991017,0.0157955,Straight,Down,-0.03956468,-1.013084,TransSlide
336.1399,19.42572,0,-0.1670855,0,0,-0.3666622,4083.611,0.8979854,0.01562202,Straight,Down,-0.03956468,-1.012215,TransSlide
336.1799,19.37427,0,-0.148775,0,0,-0.3647574,4084.387,0.897068,0.01544929,Straight,Down,-0.03956468,-1.011353,TransSlide
336.2199,19.32315,0,-0.1423663,0,0,-0.3632513,4085.16,0.896477,0.01527751,Straight,Down,-0.03956468,-1.01049,TransSlide
336.2599,19.27231,0,-0.1423663,0,0,-0.3621504,4085.932,0.8959157,0.01510681,Straight,Down,-0.03956468,-1.009621,TransSlide
336.2999,19.22149,0,-0.1423663,0,0,-0.3545542,4086.701,0.8962646,0.01493696,Straight,Down,-0.04423466,-1.008759,TransSlide
336.3399,19.17077,0,-0.1423663,0,0,-0.3466321,4087.469,0.8967379,0.01476801,Straight,Down,-0.03956468,-1.007904,TransSlide
336.3799,19.12034,0,-0.1423663,0,0,-0.3391337,4088.234,0.8970773,0.01460002,Straight,Down,-0.03956468,-1.00705,TransSlide
336.4199,19.07007,0,-0.1423663,0,0,-0.3322878,4088.997,0.897205,0.01443309,Straight,Down,-0.03956468,-1.006195,TransSlide
336.4599,19.01999,0,-0.1423663,0,0,-0.3258114,4089.758,0.897123,0.01426703,Straight,Down,-0.03956468,-1.005341,TransSlide
336.4999,18.97011,0,-0.1423663,0,0,-0.3197845,4090.517,0.8970771,0.0141019,Straight,Down,-0.03956468,-1.004486,TransSlide
336.5399,18.92039,0,-0.1423663,0,0,-0.3144337,4091.275,0.8967525,0.01393781,Straight,Down,-0.03956468,-1.003639,TransSlide
336.5799,18.87084,0,-0.1423663,0,0,-0.3096683,4092.03,0.8963963,0.01377455,Straight,Down,-0.03956468,-1.002792,TransSlide
336.6199,18.82144,0,-0.1414508,0,0,-0.3055042,4092.783,0.8960505,0.01361228,Straight,Down,-0.04423466,-1.001945,TransSlide
336.6599,18.77192,0,-0.1414508,0,0,-0.3018697,4093.535,0.8960363,0.01345092,Straight,Down,-0.03956468,-1.001099,TransSlide
336.6999,18.72254,0,-0.1414508,0,0,-0.299019,4094.284,0.8964195,0.01329062,Straight,Down,-0.04423466,-1.000259,TransSlide
336.7399,18.67307,0,-0.1414508,0,0,-0.2966642,4095.032,0.8951864,0.01313114,Left,Down,-0.05233916,-0.9994202,TransSlide
336.7799,18.62379,0,-0.1414508,0,0,-0.2949122,4095.778,0.8942713,0.01297269,Left,Down,-0.05233916,-0.9970551,TransSlide
336.8199,18.57466,0,-0.148775,0,0,-0.293946,4096.521,0.8935267,0.01281521,Left,Down,-0.05233916,-0.9945908,TransSlide
336.8599,18.52601,0,-0.1542681,0,0,-0.291888,4097.263,0.892853,0.0126586,Left,Down,-0.05233916,-0.9921341,TransSlide
336.8999,18.47716,0,-0.1551837,0,0,-0.2848336,4098.002,0.8930739,0.01250294,Straight,Down,-0.04845664,-0.9896927,TransSlide
336.9399,18.42844,0,-0.1597613,0,0,-0.2778855,4098.74,0.8934407,0.01234827,Straight,Down,-0.04845664,-0.9872513,TransSlide
336.9799,18.38002,0,-0.1597613,0,0,-0.2719233,4099.476,0.8937276,0.01219461,Left,Down,-0.05233916,-0.9848175,TransSlide
337.0199,18.33171,0,-0.1597613,0,0,-0.2662846,4100.21,0.8935705,0.01204181,Left,Down,-0.05233916,-0.9823914,TransSlide
337.0599,18.28363,0,-0.1597613,0,0,-0.2606797,4100.942,0.8933518,0.01188994,Left,Down,-0.05233916,-0.9799652,TransSlide
337.0999,18.23574,0,-0.1606768,0,0,-0.2557593,4101.672,0.8931456,0.01173908,Left,Down,-0.05233916,-0.9775467,TransSlide
337.1399,18.18803,0,-0.1606768,0.01983673,0,-0.250968,4102.4,0.8928785,0.01158924,Straight,Down,-0.04845664,-0.9751282,TransSlide
337.1799,18.14379,0,-0.1606768,0.06746013,0,-0.2467148,4103.126,0.8928308,0.01144023,Straight,Down,-0.04845664,-0.9727249,TransSlide
337.2199,18.10959,0,-0.1606768,0.08332952,0,-0.2427576,4103.851,0.8933702,0.01129219,Straight,Down,-0.04845664,-0.9703217,TransSlide
337.2599,18.07986,0,-0.1615924,0.08729687,0,-0.23923,4104.574,0.8926259,0.01114524,Straight,Down,-0.04845664,-0.9679184,TransSlide
337.2999,18.05123,0,-0.1734942,0.08729687,0,-0.23605,4105.296,0.8914754,0.01099909,Left,Down,-0.05233916,-0.9655228,TransSlide
337.3399,18.02288,0,-0.2275121,0.09523156,0,-0.2335728,4106.018,0.8902833,0.01085389,Left,Down,-0.05595291,-0.9631195,TransSlide
337.3799,17.99632,0,-0.2796972,0.1150683,0,-0.2288074,4106.738,0.8898548,0.0107097,Left,Down,-0.05934703,-0.9599609,TransSlide
337.4199,17.97334,0,-0.3346306,0.1388876,0,-0.2201669,4107.457,0.890399,0.0105665,Left,Down,-0.05934703,-0.9562302,TransSlide
337.4599,17.9555,0,-0.3520256,0.1587244,0,-0.2122145,4108.175,0.8909126,0.0104242,Left,Down,-0.05934703,-0.952507,TransSlide
337.4999,17.94234,0,-0.3529412,0.1825284,0,-0.2049541,4108.893,0.8911852,0.01028282,Left,Down,-0.05934703,-0.9487915,TransSlide
337.5399,17.93497,0,-0.3529412,0.1864958,0,-0.1982535,4109.611,0.8911682,0.01014254,Left,Down,-0.06255726,-0.9450684,TransSlide
337.5799,17.92888,0,-0.3529412,0.1904631,0,-0.1924339,4110.328,0.8910026,0.01000307,Left,Down,-0.06255726,-0.9413528,TransSlide
337.6199,17.92373,0,-0.3529412,0.1904631,0,-0.1872016,4111.044,0.89074,0.009864577,Left,Down,-0.05934703,-0.9376297,TransSlide
337.6599,17.91839,0,-0.3529412,0.1944305,0,-0.1828771,4111.761,0.8909222,0.009727006,Left,Down,-0.06255726,-0.9339066,TransSlide
337.6999,17.91345,0,-0.3620964,0.2103151,0,-0.1793302,4112.478,0.8911031,0.009590569,Left,Down,-0.06255726,-0.9301834,TransSlide
337.7399,17.91146,0,-0.3639275,0.2261845,0,-0.1767786,4113.195,0.8897768,0.009454911,Left,Down,-0.06255726,-0.9264679,TransSlide
337.7799,17.9126,0,-0.3675896,0.2341192,0,-0.1749088,4113.912,0.8885153,0.009320238,Left,Down,-0.05934703,-0.9227448,TransSlide
337.8199,17.91739,0,-0.3675896,0.2380865,0,-0.1724246,4114.628,0.8874862,0.009186632,Left,Down,-0.06255726,-0.919014,TransSlide
337.8599,17.92249,0,-0.3620964,0.2380865,0,-0.1650728,4115.345,0.8879213,0.009053863,Left,Down,-0.06852804,-0.9152908,TransSlide
337.8999,17.9269,0,-0.3456169,0.2420539,0,-0.1584256,4116.062,0.8883607,0.008922045,Left,Down,-0.07132626,-0.911087,TransSlide
337.9399,17.93139,0,-0.3218132,0.2618906,0,-0.152792,4116.779,0.8888322,0.008791213,Left,Down,-0.07132626,-0.9060974,TransSlide
337.9799,17.9411,0,-0.2787817,0.2856947,0,-0.1481448,4117.497,0.8888096,0.008661457,Left,Down,-0.07132626,-0.9010925,TransSlide
338.0199,17.95532,0,-0.2375829,0.3015793,0,-0.1441926,4118.214,0.8888603,0.008532496,Left,Down,-0.07132626,-0.89608,TransSlide
338.0599,17.97409,0,-0.2201879,0.309514,0,-0.1411699,4118.933,0.8892968,0.008404528,Left,Down,-0.07132626,-0.8910675,TransSlide
338.0999,17.99359,0,-0.2183568,0.3174487,0,-0.1392265,4119.653,0.8897393,0.008277512,Left,Down,-0.07132626,-0.8860474,TransSlide
338.1399,18.01398,0,-0.2183568,0.3293507,0,-0.1379263,4120.373,0.8883553,0.008151564,Left,Down,-0.07132626,-0.8810196,TransSlide
338.1799,18.03677,0,-0.2183568,0.3372854,0,-0.1375621,4121.094,0.8866533,0.008026453,Left,Down,-0.07132626,-0.8759766,TransSlide
338.2199,18.06341,0,-0.2183568,0.3531548,0,-0.1341725,4121.816,0.8860667,0.007902326,Left,Down,-0.07132626,-0.8709335,TransSlide
338.2599,18.09283,0,-0.2183568,0.3531548,0,-0.1284997,4122.54,0.8866174,0.007779242,Left,Down,-0.07401875,-0.8658829,TransSlide
338.2999,18.12121,0,-0.2183568,0.3650568,0,-0.1235573,4123.264,0.8873093,0.007657028,Left,Down,-0.07661668,-0.860817,TransSlide
338.3399,18.15171,0,-0.2183568,0.3650568,0,-0.1194722,4123.99,0.8878571,0.007535757,Left,Down,-0.08156469,-0.8555908,TransSlide
338.3799,18.18348,0,-0.2311742,0.3650568,0,-0.1160838,4124.717,0.888175,0.00741548,Left,Down,-0.08156469,-0.8492126,TransSlide
338.4199,18.21512,0,-0.2558935,0.3729915,0,-0.11376,4125.445,0.8890777,0.007296238,Left,Down,-0.08156469,-0.8428268,TransSlide
338.4599,18.24727,0,-0.2806127,0.3769741,0,-0.1123369,4126.174,0.8887683,0.007177864,Left,Down,-0.08156469,-0.8364258,TransSlide
338.4999,18.27894,0,-0.314489,0.3809415,0,-0.1116109,4126.905,0.8868033,0.007060443,Left,Down,-0.08392937,-0.8300171,TransSlide
338.5399,18.31435,0,-0.3282219,0.3888762,0,-0.1099666,4127.637,0.8849831,0.006944065,Left,Down,-0.08156469,-0.8235855,TransSlide
338.5799,18.35073,0,-0.3291374,0.3888762,0,-0.1039239,4128.371,0.8854067,0.006828615,Left,Down,-0.08392937,-0.8171463,TransSlide
338.6199,18.38676,0,-0.3291374,0.3888762,0,-0.09890822,4129.106,0.886003,0.006714049,Left,Down,-0.08156469,-0.8106995,TransSlide
338.6599,18.42071,0,-0.3291374,0.3888762,0,-0.09473288,4129.843,0.8867067,0.006600478,Left,Down,-0.08392937,-0.8042374,TransSlide
338.6999,18.45796,0,-0.3346306,0.3888762,0,-0.09150404,4130.581,0.8873456,0.00648794,Left,Down,-0.09065409,-0.7977524,TransSlide
338.7399,18.49342,0,-0.3575188,0.3888762,0,-0.08927205,4131.32,0.8886143,0.006376331,Left,Down,-0.09487279,-0.790535,TransSlide
338.7799,18.52639,0,-0.3868157,0.3888762,0,-0.08801213,4132.061,0.8868365,0.006265649,Left,Down,-0.09487279,-0.7826691,TransSlide
338.8199,18.56102,0,-0.4518199,0.3888762,0,-0.08763748,4132.803,0.8844156,0.006156001,Left,Down,-0.09278741,-0.7747955,TransSlide
338.8599,18.59768,0,-0.5067515,0.3888762,0,-0.08131966,4133.546,0.8843725,0.006047222,Left,Down,-0.09487279,-0.7668991,TransSlide
338.8999,18.63282,0,-0.5717558,0.3690242,0,-0.07588983,4134.291,0.8848993,0.005939462,Left,Down,-0.09487279,-0.7589951,TransSlide
338.9399,18.66096,0,-0.6065458,0.3690242,0,-0.07145143,4135.037,0.8857207,0.005832646,Left,Down,-0.09487279,-0.7510757,TransSlide
338.9799,18.69098,0,-0.6074613,0.3690242,0,-0.06843412,4135.785,0.886869,0.005726847,Left,Down,-0.09487279,-0.7431412,TransSlide
339.0199,18.72003,0,-0.6074613,0.3650568,0,-0.06653377,4136.533,0.8873011,0.005621918,Left,Down,-0.1008706,-0.7351761,TransSlide
339.0599,18.74691,0,-0.6074613,0.3650568,0,-0.06614092,4137.283,0.8846457,0.005518024,Left,Down,-0.1065312,-0.7267151,TransSlide
339.0999,18.7766,0,-0.6056303,0.3650568,0,-0.06262073,4138.033,0.8833386,0.005415024,Left,Down,-0.1083524,-0.7173004,TransSlide
339.1399,18.80577,0,-0.6056303,0.3650568,0,-0.05744156,4138.785,0.883799,0.0053131,Left,Down,-0.1065312,-0.7078781,TransSlide
339.1799,18.83393,0,-0.6074613,0.3650568,0,-0.05363506,4139.538,0.8846657,0.005212045,Left,Down,-0.1083524,-0.6984406,TransSlide
339.2199,18.86139,0,-0.6239408,0.3650568,0,-0.05154294,4140.292,0.8863488,0.005112001,Left,Down,-0.1083524,-0.6889801,TransSlide
339.2599,18.88741,0,-0.6422514,0.3650568,0,-0.05098194,4141.048,0.8859752,0.005012933,Left,Down,-0.1065312,-0.6794891,TransSlide
339.2999,18.91446,0,-0.6651413,0.3650568,0,-0.05188349,4141.804,0.8826281,0.004914792,Left,Down,-0.1136409,-0.6699905,TransSlide
339.3399,18.9428,0,-0.6788743,0.3650568,0,-0.04685968,4142.562,0.8826442,0.004817578,Left,Down,-0.1219466,-0.6602402,TransSlide
339.3799,18.9715,0,-0.6898606,0.3650568,0,-0.04391482,4143.32,0.8832807,0.004721408,Left,Down,-0.1219466,-0.6491852,TransSlide
339.4199,18.99768,0,-0.702678,0.3650568,0,-0.04266807,4144.08,0.8853933,0.004626223,Left,Down,-0.1219466,-0.6381073,TransSlide
339.4599,19.02218,0,-0.7154953,0.3650568,0,-0.04331741,4144.841,0.8858623,0.004531923,Left,Down,-0.1219466,-0.6269989,TransSlide
339.4999,19.04813,0,-0.7429612,0.3650568,0,-0.04551297,4145.603,0.8823043,0.004438617,Left,Down,-0.1219466,-0.6158829,TransSlide
339.5399,19.07577,0,-0.7676822,0.3650568,0,-0.04203773,4146.365,0.8823304,0.004346312,Left,Down,-0.1235407,-0.604744,TransSlide
339.5799,19.10386,0,-0.7731754,0.3650568,0,-0.04101723,4147.129,0.8830935,0.004254944,Left,Down,-0.1341704,-0.5935898,TransSlide
339.6199,19.12865,0,-0.7731754,0.3650568,0,-0.04226011,4147.894,0.8858145,0.004164494,Left,Down,-0.1356209,-0.5810852,TransSlide
339.6599,19.15035,0,-0.7667667,0.3650568,0,-0.04554087,4148.66,0.8837814,0.004075087,Left,Down,-0.1370561,-0.5682526,TransSlide
339.6999,19.17748,0,-0.762189,0.3650568,0,-0.04668495,4149.427,0.8821112,0.003986632,Left,Down,-0.1370561,-0.5554047,TransSlide
339.7399,19.20491,0,-0.7566941,0.3650568,0,-0.04661715,4150.195,0.8824558,0.003899129,Left,Down,-0.1356209,-0.5425415,TransSlide
339.7799,19.23251,0,-0.7502854,0.3650568,0,-0.04927376,4150.964,0.8850964,0.003812553,Left,Down,-0.1440177,-0.5296555,TransSlide
339.8199,19.25041,0,-0.7319748,0.3650568,0,-0.05358857,4151.733,0.8840035,0.003727054,Left,Down,-0.1519511,-0.516243,TransSlide
339.8599,19.27693,0,-0.720073,0.3650568,0,-0.05635172,4152.504,0.8818716,0.003642448,Left,Down,-0.1519511,-0.5015869,TransSlide
339.8999,19.30372,0,-0.7191575,0.3650568,0,-0.05748108,4153.276,0.8822771,0.003558786,Left,Down,-0.1519511,-0.486908,TransSlide
339.9399,19.33013,0,-0.7191575,0.3650568,0,-0.06169438,4154.049,0.8856686,0.003476085,Left,Down,-0.1519511,-0.4721985,TransSlide
339.9799,19.34808,0,-0.7209885,0.3650568,0,-0.06800833,4154.823,0.8818406,0.00339446,Left,Down,-0.1594904,-0.457489,TransSlide
340.0199,19.37376,0,-0.7310593,0.3650568,0,-0.06982228,4155.598,0.8815185,0.003313728,Left,Down,-0.1701742,-0.4420776,TransSlide
340.0599,19.40272,0,-0.7338059,0.3650568,0,-0.0737946,4156.374,0.8834185,0.003233941,Left,Down,-0.1690205,-0.4254456,TransSlide
340.0999,19.42059,0,-0.7338059,0.3650568,0,-0.08046576,4157.15,0.8834501,0.003155205,Left,Down,-0.1678588,-0.4087982,TransSlide
340.1399,19.44242,0,-0.7338059,0.3650568,0,-0.08434084,4157.927,0.8809772,0.003077363,Left,Down,-0.1713202,-0.3921127,TransSlide
340.1799,19.46496,0,-0.7338059,0.3650568,0,-0.08777735,4158.706,0.8793687,0.003000473,Left,Down,-0.1855749,-0.3753967,TransSlide
340.2199,19.4902,0,-0.7338059,0.3650568,0,-0.09440008,4159.485,0.8800246,0.002924568,Left,Down,-0.1866263,-0.3568726,TransSlide
340.2599,19.50822,0,-0.7383835,0.3650568,0,-0.0985328,4160.265,0.8795092,0.002849731,Left,Down,-0.1866263,-0.3381348,TransSlide
340.2999,19.52657,0,-0.7392991,0.3650568,0,-0.101929,4161.046,0.8767743,0.002775763,Left,Down,-0.1887116,-0.3193817,TransSlide
340.3399,19.54903,0,-0.7484543,0.3650568,0,-0.108439,4161.828,0.8792492,0.002702748,Left,Down,-0.2046302,-0.3005981,TransSlide
340.3799,19.56667,0,-0.7557786,0.3650568,0,-0.1094076,4162.61,0.8776539,0.002630717,Left,Down,-0.2055842,-0.279953,TransSlide
340.4199,19.59019,0,-0.7612717,0.3650568,0,-0.1127155,4163.393,0.8775069,0.002559755,Left,Down,-0.2065338,-0.2590485,TransSlide
340.4599,19.61095,0,-0.7612717,0.3650568,0,-0.1141919,4164.177,0.8793498,0.002489661,Left,Down,-0.2158,-0.2381134,TransSlide
340.4999,19.62812,0,-0.7612717,0.3650568,0,-0.1144077,4164.962,0.8779708,0.002420553,Left,Down,-0.2264194,-0.2165375,TransSlide
340.5399,19.64674,0,-0.7612717,0.3650568,0,-0.116947,4165.748,0.881072,0.002352454,Left,Down,-0.2264194,-0.1933441,TransSlide
340.5799,19.66736,0,-0.7612717,0.3650568,0,-0.1141133,4166.535,0.8801874,0.002285275,Left,Down,-0.2306999,-0.1701126,TransSlide
340.6199,19.69025,0,-0.7612717,0.3650568,0,-0.1136871,4167.322,0.8790915,0.002219089,Left,Flat,-0.2470816,-0.1468811,TransSlide
340.6599,19.71103,0,-0.7612717,0.3650568,0,-0.1131862,4168.11,0.8816362,0.002153847,Left,Flat,-0.2478722,-0.1212463,TransSlide
340.6999,19.72722,0,-0.754863,0.3650568,0,-0.109702,4168.899,0.880576,0.002089656,Left,Flat,-0.2533378,-0.09560394,TransSlide
340.7399,19.74874,0,-0.7484543,0.3650568,0,-0.1086188,4169.689,0.8799521,0.002026351,Left,Flat,-0.2712421,-0.06994629,TransSlide
340.7799,19.7703,0,-0.7392991,0.3650568,0,-0.1064557,4170.479,0.8815702,0.001964039,Left,Flat,-0.2719625,-0.04427338,TransSlide
340.8199,19.78772,0,-0.7310593,0.3650568,0,-0.1022742,4171.271,0.8808072,0.001902738,Left,Flat,-0.2900664,-0.01859283,TransSlide
340.8599,19.80878,0,-0.7310593,0.3650568,0,-0.1005598,4172.063,0.8794975,0.001842388,Left,Flat,-0.3102743,-0.007347107,TransSlide
340.8999,19.83024,0,-0.7310593,0.3650568,0,-0.09898183,4172.856,0.8816391,0.001782957,Left,Flat,-0.3077414,-0.02151489,TransSlide
340.9399,19.84918,0,-0.7310593,0.3650568,0,-0.0945349,4173.65,0.8809534,0.00172452,Left,Flat,-0.2934199,-0.03569794,TransSlide
340.9799,19.86636,0,-0.7310593,0.3650568,0,-0.09236491,4174.444,0.87879,0.001667084,Left,Flat,-0.2920831,-0.04906464,TransSlide
341.0199,19.89142,0,-0.7310593,0.3650568,0,-0.09298015,4175.24,0.8814596,0.001610642,Left,Flat,-0.2832403,-0.06238556,TransSlide
341.0599,19.91035,0,-0.7246506,0.3650568,0,-0.08820081,4176.036,0.8809947,0.001555118,Left,Flat,-0.2741124,-0.07537842,TransSlide
341.0999,19.92745,0,-0.702678,0.3650568,0,-0.08559263,4176.833,0.8801513,0.00150058,Left,Flat,-0.2733977,-0.08786011,TransSlide
341.1399,19.9534,0,-0.6477463,0.3650568,0,-0.08557519,4177.631,0.8794081,0.001447027,Left,Flat,-0.2609472,-0.1003494,TransSlide
341.1799,19.97216,0,-0.5726713,0.3650568,0,-0.08578789,4178.43,0.8814014,0.001394426,Left,Flat,-0.2564087,-0.1122742,TransSlide
341.2199,19.99152,0,-0.4582286,0.3650568,0,-0.08265823,4179.229,0.8810369,0.00134281,Left,Flat,-0.2556444,-0.1239395,TransSlide
341.2599,20.00852,0,-0.3767449,0.3650568,0,-0.08159164,4180.029,0.8795401,0.001292171,Left,Flat,-0.2414744,-0.1356125,TransSlide
341.2999,20.03488,0,-0.3044182,0.3650568,0,-0.08277485,4180.831,0.879268,0.001242492,Left,Flat,-0.2382111,-0.1466217,TransSlide
341.3399,20.0542,0,-0.239414,0.3650568,0,-0.08340016,4181.632,0.8811279,0.001193798,Left,Down,-0.2390311,-0.1574631,TransSlide
341.3799,20.07425,0,-0.1945531,0.3650568,0,-0.08077067,4182.435,0.8809376,0.001146057,Left,Down,-0.2264194,-0.1683197,TransSlide
341.4199,20.09179,0,-0.1478595,0.3650568,0,-0.07990476,4183.239,0.8799072,0.001099325,Left,Down,-0.2211734,-0.1786652,TransSlide
341.4599,20.11566,0,-0.13138,0.3650568,0,-0.08116469,4184.043,0.8787684,0.00105352,Left,Down,-0.2211734,-0.1887054,TransSlide
341.4999,20.13802,0,-0.1304644,0.3650568,0,-0.08437029,4184.848,0.8814442,0.001008726,Left,Down,-0.2139789,-0.1987534,TransSlide
341.5399,20.15832,0,-0.1304644,0.3650568,0,-0.08106086,4185.654,0.8812714,0.0009648833,Left,Down,-0.2046302,-0.20858,TransSlide
341.5799,20.17787,0,-0.1240557,0.3650568,0,-0.07957739,4186.461,0.8807382,0.0009220011,Left,Down,-0.2046302,-0.2178192,TransSlide
341.6199,20.20044,0,-0.1048297,0.3650568,0,-0.07959986,4187.269,0.8793583,0.0008801288,Left,Down,-0.2046302,-0.2270737,TransSlide
341.6599,20.22317,0,-0.08743465,0.3650568,0,-0.08139792,4188.077,0.8796575,0.0008392085,Left,Down,-0.1938267,-0.2363281,TransSlide
341.6999,20.24419,0,-0.08194149,0.3650568,0,-0.08306116,4188.887,0.881417,0.0007992734,Left,Down,-0.1876719,-0.2451172,TransSlide
341.7399,20.26456,0,-0.08194149,0.3650568,0,-0.07921359,4189.697,0.8812482,0.0007602904,Left,Down,-0.1876719,-0.2535706,TransSlide
341.7799,20.28461,0,-0.08194149,0.3650568,0,-0.07673946,4190.508,0.8806695,0.0007222924,Left,Down,-0.1876719,-0.2620468,TransSlide
341.8199,20.30713,0,-0.13138,0.3650568,0,-0.07541406,4191.32,0.8797598,0.0006852795,Left,Down,-0.1758294,-0.2705231,TransSlide
341.8599,20.32831,0,-0.1853979,0.3650568,0,-0.07538462,4192.133,0.8792798,0.0006492187,Left,Down,-0.1713202,-0.278511,TransSlide
341.8999,20.35141,0,-0.2558935,0.3650568,0,-0.07670304,4192.947,0.8812708,0.00061411,Left,Down,-0.1713202,-0.2861938,TransSlide
341.9399,20.37189,0,-0.3099114,0.3650568,0,-0.07211548,4193.762,0.8814874,0.0005800194,Left,Down,-0.1713202,-0.2938766,TransSlide
341.9799,20.3918,0,-0.3392082,0.3650568,0,-0.06694794,4194.577,0.8810118,0.0005469057,Left,Down,-0.1643245,-0.3015747,TransSlide
342.0199,20.41409,0,-0.3575188,0.3650568,0,-0.06329679,4195.394,0.8803571,0.0005147523,Left,Down,-0.1545051,-0.3090744,TransSlide
342.0599,20.4346,0,-0.3584343,0.3650568,0,-0.06047863,4196.211,0.8795134,0.0004835509,Left,Down,-0.1557664,-0.3159866,TransSlide
342.0999,20.45589,0,-0.3584343,0.3650568,0,-0.05885994,4197.029,0.879584,0.0004533595,Left,Down,-0.1545051,-0.3229065,TransSlide
342.1399,20.47855,0,-0.3584343,0.3650568,0,-0.05850041,4197.848,0.8813662,0.0004241202,Left,Down,-0.1557664,-0.3298187,TransSlide
342.1799,20.49881,0,-0.3566033,0.3650568,0,-0.05243248,4198.667,0.8816589,0.0003958411,Left,Down,-0.14537,-0.3367462,TransSlide
342.2199,20.51879,0,-0.3529412,0.3650568,0,-0.04554629,4199.488,0.8811203,0.0003685388,Left,Down,-0.1370561,-0.3433151,TransSlide
342.2599,20.54095,0,-0.3529412,0.3650568,0,-0.0398162,4200.309,0.8804305,0.0003422548,Left,Down,-0.1384764,-0.3494568,TransSlide
342.2999,20.56181,0,-0.3447014,0.3650568,0,-0.03502601,4201.131,0.8800101,0.0003168898,Left,Down,-0.1384764,-0.3555984,TransSlide
342.3399,20.58213,0,-0.3218132,0.3650568,0,-0.03123578,4201.955,0.8792645,0.0002925429,Left,Down,-0.1384764,-0.3617401,TransSlide
342.3799,20.60359,0,-0.3108269,0.3650568,0,-0.02871168,4202.778,0.8800043,0.0002691232,Left,Down,-0.1341704,-0.3678818,TransSlide
342.4199,20.62561,0,-0.3099114,0.3650568,0,-0.02722278,4203.603,0.8815631,0.0002467384,Left,Down,-0.1219466,-0.3740005,TransSlide
342.4599,20.64541,0,-0.3099114,0.3650568,0,-0.01890543,4204.429,0.8815506,0.0002252807,Left,Down,-0.1219466,-0.3793488,TransSlide
342.4999,20.6659,0,-0.3099114,0.3650568,0,-0.01062953,4205.255,0.8810657,0.0002048082,Left,Down,-0.1219466,-0.3847046,TransSlide
342.5399,20.68806,0,-0.3099114,0.3650568,0,-0.003617823,4206.082,0.8805335,0.0001853125,Left,Down,-0.1219466,-0.3900604,TransSlide
342.5799,20.7086,0,-0.3099114,0.3650568,0,0.00223276,4206.91,0.8801587,0.0001668102,Left,Down,-0.1219466,-0.3954239,TransSlide
342.6199,20.72886,0,-0.3099114,0.3650568,0,0.006836206,4207.739,0.8799223,0.0001492517,Left,Down,-0.1186941,-0.4007874,TransSlide
342.6599,20.7493,0,-0.3099114,0.3650568,0,0.01048154,4208.569,0.8792489,0.0001326866,Left,Down,-0.1065312,-0.4061508,TransSlide
342.6999,20.77028,0,-0.3099114,0.3650568,0,0.01285106,4209.399,0.8802047,0.0001170983,Left,Down,-0.1065312,-0.4107056,TransSlide
342.7399,20.79212,0,-0.3099114,0.3650568,0,0.01404861,4210.231,0.8814209,0.000102462,Left,Down,-0.1046783,-0.4152527,TransSlide
342.7799,20.81181,0,-0.3099114,0.3650568,0,0.01943001,4211.063,0.881716,8.88192E-05,Left,Down,-0.1065312,-0.4198074,TransSlide
342.8199,20.83202,0,-0.3099114,0.3650568,0,0.02737427,4211.896,0.881196,7.615321E-05,Left,Down,-0.1046783,-0.4243622,TransSlide
342.8599,20.85304,0,-0.3099114,0.3650568,0,0.0340586,4212.73,0.8806502,6.443924E-05,Left,Down,-0.1065312,-0.4289246,TransSlide
342.8999,20.87391,0,-0.3099114,0.3650568,0,0.0394218,4213.565,0.880331,5.371041E-05,Left,Down,-0.1027921,-0.4334869,TransSlide
342.9399,20.89431,0,-0.3099114,0.3650568,0,0.04360798,4214.4,0.8801144,4.39667E-05,Left,Down,-0.08846933,-0.4380112,TransSlide
342.9799,20.91452,0,-0.3099114,0.3650568,0,0.04654121,4215.237,0.8799289,3.519985E-05,Left,Down,-0.08846933,-0.4417114,TransSlide
343.0199,20.93446,0,-0.3099114,0.3650568,0,0.04836717,4216.074,0.8799144,2.73933E-05,Left,Down,-0.08846933,-0.4454117,TransSlide
343.0599,20.95485,0,-0.3099114,0.3650568,0,0.04907191,4216.912,0.8795369,2.057188E-05,Left,Down,-0.08846933,-0.4491196,TransSlide
343.0999,20.97513,0,-0.3099114,0.3650568,0,0.04844001,4217.75,0.8802196,1.472731E-05,Left,Down,-0.08846933,-0.4528275,TransSlide
343.1399,20.99588,0,-0.3099114,0.3650568,0,0.04673919,4218.59,0.8809358,9.843045E-06,Left,Down,-0.08846933,-0.4565353,TransSlide
343.1799,21.01642,0,-0.3099114,0.3650568,0,0.04397488,4219.431,0.88156,5.968743E-06,Left,Down,-0.08846933,-0.4602509,TransSlide
343.2199,21.03618,0,-0.3099114,0.3650568,0,0.04884216,4220.272,0.8812605,3.013346E-06,Left,Down,-0.08846933,-0.4639587,TransSlide
343.2599,21.05666,0,-0.298925,0.3650568,0,0.05330148,4221.114,0.8807639,1.076195E-06,Left,Down,-0.07401875,-0.4676819,TransSlide
343.2999,21.07752,0,-0.2806127,0.3650568,0,0.05662912,4221.957,0.880386,9.106265E-08,Left,Down,-0.06852804,-0.4706955,TransSlide

Participant ID:, 0010
DateTime:, 2026-07-24 10:48:51
Target Speed:, 80 km/h
Camera xyz:, -0.3650441,-0.1500113,0.2202405
Trial Duration:, 180 s
Warmup Duration:, 30 s
