Time,Speed,WheelsOffRoad,SteeringAngle,ThrottlePos,BrakePos,LanePosition,DistanceTravelledm,CamHeightm,PropOfTotalHeight,RoadDirection,RoadSlope,RoadHeadingChange,RoadSlopeAngle,RoadAttribute
398.9398,22.2283,0,0.07644653,0.309514,0,0.2770273,4973.536,1.777082,0.9999999,Straight,Flat,-0.01978234,0.05345917,TransSlide
398.9799,22.2281,0,0.0453186,0.309514,0,0.2684663,4974.424,1.780157,0.9999989,Straight,Flat,0,0.0493927,TransSlide
399.0199,22.22891,0,0.00869751,0.309514,0,0.2601113,4975.313,1.779623,0.999997,Straight,Flat,0,0.04533386,TransSlide
399.0598,22.22457,0,-0.04714966,0.309514,0,0.2510389,4976.202,1.778922,0.999994,Straight,Flat,0,0.0412674,TransSlide
399.0999,22.23083,0,-0.07187068,0.309514,0,0.2423322,4977.092,1.778156,0.9999901,Straight,Flat,0,0.03720093,TransSlide
399.1399,22.23275,0,-0.08835018,0.309514,0,0.2339164,4977.981,1.777737,0.9999852,Straight,Flat,0,0.03313446,TransSlide
399.1799,22.234,0,-0.09384334,0.3293507,0,0.2255762,4978.871,1.777528,0.9999794,Straight,Flat,0,0.02907562,TransSlide
399.2198,22.23969,0,-0.100252,0.3333181,0,0.2176943,4979.761,1.777543,0.9999726,Straight,Flat,0,-0.07585907,TransSharp
399.2599,22.24614,0,-0.1359576,0.3333181,0,0.2098043,4980.65,1.777688,0.9999648,Straight,Flat,0,-0.08525848,TransSharp
399.2999,22.25258,0,-0.1359576,0.3333181,0,0.2018043,4981.54,1.777821,0.999956,Straight,Flat,0,-0.09466553,TransSharp
399.3398,22.25907,0,-0.1533526,0.3333181,0,0.1939754,4982.431,1.777989,0.9999463,Straight,Flat,0,-0.1040649,TransSharp
399.3799,22.26553,0,-0.1799047,0.3412528,0,0.1861315,4983.321,1.778038,0.9999356,Straight,Flat,0,-0.113472,TransSharp
399.4199,22.27336,0,-0.2027929,0.3452201,0,0.1780896,4984.212,1.778163,0.9999238,Straight,Flat,0,-0.1228867,TransSharp
399.4599,22.2824,0,-0.2146947,0.3452201,0,0.1697878,4985.104,1.778277,0.9999112,Straight,Flat,0,-0.1322937,TransSharp
399.4998,22.2914,0,-0.2183568,0.3452201,0,0.1613224,4985.995,1.778436,0.9998975,Straight,Flat,0,-0.141716,TransSharp
399.5399,22.30039,0,-0.2192724,0.3452201,0,0.1527502,4986.887,1.778503,0.9998829,Straight,Down,-0.01978234,-0.1511383,TransSharp
399.5799,22.30933,0,-0.2256811,0.3452201,0,0.1440791,4987.779,1.778395,0.9998673,Straight,Down,0,-0.1605606,TransSharp
399.6199,22.31801,0,-0.2375829,0.3491875,0,0.135236,4988.672,1.778214,0.9998507,Straight,Down,0,-0.1699905,TransSharp
399.6599,22.32814,0,-0.239414,0.3491875,0,0.1261643,4989.565,1.777823,0.9998332,Straight,Down,0,-0.1794205,TransSharp
399.6999,22.33804,0,-0.239414,0.3491875,0,0.1168497,4990.458,1.778426,0.9998147,Straight,Down,0,-0.188858,TransSharp
399.7399,22.34742,0,-0.239414,0.3491875,0,0.1073278,4991.352,1.778937,0.9997952,Straight,Down,0,-0.1982956,TransSharp
399.7798,22.35763,0,-0.2375829,0.3491875,0,0.09741738,4992.247,1.779241,0.9997747,Straight,Down,0,-0.2077408,TransSharp
399.8199,22.3678,0,-0.2137792,0.3491875,0,0.08686224,4993.141,1.779246,0.9997533,Straight,Down,0,-0.2171936,TransSharp
399.8599,22.37793,0,-0.1597613,0.3491875,0,0.07565776,4994.036,1.779173,0.9997308,Straight,Down,0,-0.2266464,TransSharp
399.8999,22.38773,0,-0.1112384,0.3491875,0,0.06361991,4994.932,1.77903,0.9997075,Straight,Down,0,-0.2360992,TransSharp
399.9398,22.39711,0,-0.06363094,0.3491875,0,0.051245,4995.827,1.778676,0.9996831,Straight,Down,-0.01978234,-0.2455521,TransSharp
399.9799,22.40704,0,-0.04623413,0.3491875,0,0.03983518,4996.724,1.777981,0.9996578,Left,Down,-0.1136409,-0.2550125,TransSharp
400.0199,22.41929,0,-0.04623413,0.3491875,0,0.03227797,4997.62,1.779919,0.9996315,Left,Down,-0.1186941,-0.339119,TransSharp
400.0598,22.43076,0,-0.04623413,0.3491875,0,0.02408808,4998.518,1.78142,0.9996042,Left,Down,-0.1203313,-0.427536,TransSharp
400.0999,22.4396,0,-0.04623413,0.3491875,0,0.01571572,4999.415,1.781685,0.9995759,Left,Down,-0.1203313,-0.5160446,TransSharp
400.1399,22.45039,0,-0.04623413,0.3491875,0,0.007772624,5000.313,1.780354,0.9995466,Left,Down,-0.1203313,-0.6045761,TransSharp
400.1799,22.46352,0,-0.03982544,0.3491875,0,-0.001653939,5001.211,1.782568,0.9995165,Left,Down,-0.1101434,-0.6930847,TransSharp
400.2198,22.47956,0,-0.02426147,0.3491875,0,-0.009151876,5002.11,1.784748,0.9994853,Left,Down,-0.08392937,-0.77742,TransSharp
400.2599,22.49335,0,0.0050354,0.3491875,0,-0.01297852,5003.01,1.786489,0.9994531,Left,Down,-0.08392937,-0.8424301,TransSharp
400.2999,22.50824,0,0.02792358,0.3491875,0,-0.01801124,5003.91,1.787019,0.99942,Left,Down,-0.08622923,-0.9075546,TransSharp
400.3398,22.52382,0,0.04714966,0.3491875,0,-0.02390483,5004.811,1.786326,0.999386,Left,Down,-0.08392937,-0.9727707,TransSharp
400.3799,22.54035,0,0.04714966,0.3491875,0,-0.03021491,5005.712,1.784765,0.9993508,Left,Down,-0.08392937,-1.038078,TransSharp
400.4199,22.5554,0,0.04714966,0.3491875,0,-0.03623325,5006.615,1.782689,0.9993147,Left,Down,-0.08392937,-1.103424,TransSharp
400.4599,22.57118,0,0.05264282,0.3491875,0,-0.04242051,5007.518,1.781681,0.9992778,Left,Down,-0.08392937,-1.168777,TransSharp
400.4998,22.58885,0,0.07461548,0.3491875,0,-0.04949924,5008.421,1.782367,0.9992397,Left,Down,-0.08392937,-1.234138,TransSharp
400.5399,22.60186,0,0.1112366,0.3491875,0,-0.05615026,5009.325,1.78151,0.9992008,Straight,Down,-0.02797646,-1.299431,TransSharp
400.5799,22.62316,0,0.1515234,0.3491875,0,-0.05907148,5010.229,1.785236,0.9991608,Straight,Down,0,-1.326881,TransSharp
400.6199,22.64344,0,0.1789892,0.3491875,0,-0.06322822,5011.135,1.787846,0.9991199,Straight,Down,0.01978234,-1.343285,TransSharp
400.6599,22.65933,0,0.208286,0.3491875,0,-0.06764531,5012.041,1.788704,0.999078,Straight,Down,0.01978234,-1.359718,TransSharp
400.6999,22.68215,0,0.2311742,0.3491875,0,-0.07214686,5012.948,1.787828,0.9990351,Straight,Down,0.01978234,-1.376183,TransSharp
400.7399,22.70364,0,0.2595556,0.3293507,0,-0.07666701,5013.856,1.786215,0.9989914,Straight,Down,0.01978234,-1.392677,TransSharp
400.7798,22.72222,0,0.2961767,0.3293507,0,-0.08132508,5014.765,1.784352,0.9989465,Straight,Down,0,-1.409187,TransSharp
400.8199,22.7383,0,0.3208959,0.3293507,0,-0.08589482,5015.674,1.782697,0.9989008,Straight,Down,0,-1.425705,TransSharp
400.8599,22.75415,0,0.3392065,0.3253834,0,-0.09013098,5016.584,1.781362,0.998854,Straight,Down,0.01978234,-1.44223,TransSharp
400.8999,22.76896,0,0.3437841,0.3214161,0,-0.09409904,5017.495,1.780254,0.9988062,Straight,Down,0.01978234,-1.458778,TransSharp
400.9398,22.78277,0,0.3437841,0.3214161,0,-0.09786642,5018.406,1.779357,0.9987576,Straight,Down,0.01978234,-1.475327,TransSharp
400.9799,22.79654,0,0.3437841,0.3174487,0,-0.1013792,5019.318,1.778884,0.9987079,Straight,Down,0.01978234,-1.491882,TransSharp
401.0199,22.80936,0,0.3437841,0.3134814,0,-0.1043958,5020.23,1.778498,0.9986572,Straight,Down,0.01978234,-1.508453,TransSharp
401.0598,22.82126,0,0.3437841,0.3134814,0,-0.1068618,5021.143,1.778305,0.9986057,Straight,Down,0.01978234,-1.525024,TransSharp
401.0999,22.83315,0,0.3437841,0.309514,0,-0.1087319,5022.056,1.778146,0.998553,Straight,Down,0.01978234,-1.541618,TransSharp
401.1399,22.84449,0,0.3337133,0.309514,0,-0.1100073,5022.97,1.77791,0.9984995,Straight,Down,0.01978234,-1.558212,TransSharp
401.1799,22.85544,0,0.3254735,0.309514,0,-0.1107272,5023.884,1.777838,0.998445,Straight,Down,0.01978234,-1.574814,TransSharp
401.2198,22.8663,0,0.3208959,0.309514,0,-0.1106547,5024.798,1.777739,0.9983895,Straight,Down,0.01978234,-1.591423,TransSharp
401.2599,22.87708,0,0.3199804,0.309514,0,-0.1096877,5025.713,1.777739,0.998333,Straight,Down,0.01978234,-1.60804,TransSharp
401.2999,22.88787,0,0.3144872,0.309514,0,-0.1078292,5026.628,1.777694,0.9982756,Straight,Down,0,-1.624664,TransSharp
401.3398,22.89859,0,0.3025854,0.309514,0,-0.1052849,5027.544,1.77767,0.9982172,Straight,Down,0,-1.641304,TransSharp
401.3799,22.90907,0,0.2906835,0.309514,0,-0.1015102,5028.46,1.777608,0.9981577,Straight,Down,0.01978234,-1.657944,TransSharp
401.4199,22.91998,0,0.2861059,0.309514,0,-0.09678936,5029.377,1.777224,0.9980974,Straight,Down,0.01978234,-1.674599,TransSharp
401.4599,22.9308,0,0.2851903,0.309514,0,-0.09096125,5030.294,1.77778,0.998036,Straight,Down,0.01978234,-1.691246,TransSharp
401.4998,22.94128,0,0.2842748,0.309514,0,-0.08385152,5031.212,1.778305,0.9979737,Straight,Down,0.01978234,-1.707916,TransSharp
401.5399,22.95199,0,0.2778661,0.309514,0,-0.07569689,5032.13,1.77857,0.9979104,Straight,Down,0,-1.724586,TransSharp
401.5799,22.96304,0,0.2659643,0.309514,0,-0.06633541,5033.048,1.778661,0.9978462,Straight,Down,0,-1.741264,TransSharp
401.6198,22.974,0,0.2558935,0.309514,0,-0.05588216,5033.967,1.778657,0.997781,Straight,Down,0.01978234,-1.75795,TransSharp
401.6599,22.98468,0,0.2485693,0.309514,0,-0.04440376,5034.886,1.778646,0.9977148,Straight,Down,0.01978234,-1.774651,TransSharp
401.6999,22.99567,0,0.2430761,0.309514,0,-0.03207147,5035.806,1.778733,0.9976476,Straight,Down,0.01978234,-1.791359,TransSharp
401.7399,23.00751,0,0.2421606,0.309514,0,-0.0184347,5036.726,1.779612,0.9975795,Straight,Down,0.03426402,-1.808075,TransSharp
401.7798,23.01663,0,0.2421606,0.309514,0,-0.01056212,5037.647,1.778752,0.9975104,Right,Down,0.06852804,-1.803947,TransSharp
401.8199,23.02624,0,0.2421606,0.309514,0,-0.002815455,5038.568,1.777607,0.9974404,Right,Down,0.0656106,-1.774818,TransSharp
401.8599,23.03729,0,0.2421606,0.309514,0,0.006231815,5039.489,1.776981,0.9973694,Right,Down,0.0656106,-1.745689,TransSharp
401.8999,23.04605,0,0.2421606,0.309514,0,0.01647818,5040.411,1.777022,0.9972973,Right,Down,0.06852804,-1.716568,TransSharp
401.9398,23.05514,0,0.2421606,0.309514,0,0.02793527,5041.333,1.777598,0.9972243,Right,Down,0.06852804,-1.687431,TransSharp
401.9799,23.06349,0,0.2421606,0.309514,0,0.04139692,5042.256,1.777553,0.9971504,Right,Down,0.06852804,-1.658295,TransSharp
402.0199,23.07285,0,0.2421606,0.309514,0,0.05612585,5043.179,1.778373,0.9970756,Right,Down,0.0656106,-1.62915,TransSharp
402.0598,23.084,0,0.2421606,0.309514,0,0.07145646,5044.102,1.780707,0.9969996,Right,Down,0.0656106,-1.600014,TransSharp
402.0999,23.09516,0,0.2421606,0.309514,0,0.08799469,5045.026,1.784461,0.9969227,Right,Down,0.09065409,-1.570816,TransSharp
402.1399,23.10114,0,0.2421606,0.309514,0,0.09900972,5045.95,1.780424,0.996845,Right,Down,0.09891172,-1.527458,TransSharp
402.1799,23.10882,0,0.2421606,0.309514,0,0.1103227,5046.874,1.776659,0.9967662,Right,Down,0.09891172,-1.477989,TransSharp
402.2198,23.11941,0,0.2549779,0.309514,0,0.1228479,5047.799,1.774165,0.9966864,Right,Down,0.09891172,-1.428535,TransSharp
402.2599,23.12445,0,0.2659643,0.309514,0,0.137652,5048.724,1.772833,0.9966056,Right,Down,0.09891172,-1.379143,TransSharp
402.2999,23.13129,0,0.2732885,0.309514,0,0.1536858,5049.648,1.774351,0.996524,Right,Down,0.09891172,-1.329803,TransSharp
402.3398,23.1436,0,0.2906835,0.309514,0,0.1708091,5050.574,1.780338,0.9964414,Right,Down,0.1136409,-1.280411,TransSharp
402.3799,23.14466,0,0.3318822,0.309514,0,0.1832673,5051.5,1.779134,0.9963577,Right,Down,0.1282043,-1.222092,TransSharp
402.4199,23.14821,0,0.3804088,0.309514,0,0.1957293,5052.426,1.775522,0.996273,Right,Down,0.1266688,-1.15522,TransSharp
402.4599,23.15859,0,0.439918,0.309514,0,0.2096222,5053.352,1.77171,0.9961876,Right,Down,0.1266688,-1.088326,TransSharp
402.4998,23.15974,0,0.4774547,0.309514,0,0.2251469,5054.278,1.770974,0.996101,Right,Down,0.1266688,-1.021614,TransSharp
402.5399,23.16966,0,0.5104136,0.309514,0,0.2419811,5055.205,1.778306,0.9960135,Right,Down,0.14537,-0.9548569,TransSharp
402.5799,23.16913,0,0.5241466,0.309514,0,0.2532995,5056.132,1.77641,0.9959251,Right,Down,0.1532334,-0.8775558,TransSharp
402.6198,23.16824,0,0.5397105,0.309514,0,0.266256,5057.059,1.773209,0.9958356,Right,Down,0.1532334,-0.794426,TransSharp
402.6599,23.1735,0,0.5708385,0.309514,0,0.2809814,5057.985,1.768515,0.9957452,Right,Down,0.1532334,-0.7113876,TransSharp
402.6999,23.18241,0,0.6129563,0.309514,0,0.2965077,5058.913,1.775382,0.9956538,Right,Down,0.1690205,-0.6284332,TransSharp
402.7399,23.17771,0,0.6779587,0.309514,0,0.3076928,5059.839,1.774663,0.9955615,Right,Down,0.1791368,-0.5365295,TransSharp
402.7798,23.17156,0,0.7484543,0.309514,0,0.3212683,5060.766,1.771033,0.9954683,Right,Down,0.1791368,-0.4377823,TransSharp
402.8199,23.18195,0,0.8024704,0.309514,0,0.3361139,5061.693,1.768883,0.995374,Right,Down,0.183454,-0.339119,TransSharp
402.8599,23.17793,0,0.8674765,0.309514,0,0.3502369,5062.62,1.774336,0.9952787,Right,Down,0.2046302,-0.2387924,TransSharp
402.8999,23.17207,0,0.9040976,0.309514,0,0.3619691,5063.547,1.771288,0.9951826,Right,Flat,0.2046302,-0.1247177,TransSharp
402.9398,23.16158,0,0.9388876,0.309514,0,0.3776828,5064.474,1.766281,0.9950854,Right,Flat,0.2074791,-0.01066589,TransSharp
402.9799,23.16554,0,0.9672689,0.309514,0,0.3932579,5065.4,1.773464,0.9949872,Right,Flat,0.2306999,0.1040649,TransSharp
403.0199,23.15832,0,0.9901571,0.309514,0,0.4056708,5066.327,1.770071,0.9948882,Right,Up,0.2306999,0.2336197,TransSharp
403.0598,23.1516,0,1.031356,0.309514,0,0.4221017,5067.253,1.767398,0.9947881,Right,Up,0.2398483,0.363121,TransSharp
403.0999,23.14676,0,1.073474,0.309514,0,0.4376264,5068.179,1.771877,0.994687,Right,Up,0.2564087,0.4972305,TransSharp
403.1399,23.13313,0,1.143969,0.309514,0,0.4524898,5069.105,1.766717,0.9945851,Right,Up,0.2564087,0.6421738,TransSharp
403.1799,23.1287,0,1.222705,0.309514,0,0.471845,5070.03,1.772084,0.9944822,Right,Up,0.2790645,0.7873154,TransSharp
403.2198,23.11427,0,1.27489,0.309514,0,0.487467,5070.955,1.768035,0.9943782,Right,Up,0.2832403,0.9454727,TransSharp
403.2599,23.10187,0,1.333487,0.309514,0,0.5064336,5071.879,1.766681,0.9942733,Right,Up,0.4116447,1.105698,TransSharp
403.2999,23.09375,0,1.366446,0.309514,0,0.5243973,5072.803,1.769627,0.9941676,Right,Up,0.9318824,1.231819,TransSharp
403.3398,23.0855,0,1.413138,0.309514,0,0.5349745,5073.727,1.776322,0.9940608,Right,Up,0.8720036,1.155586,TransSharp
403.3799,23.07821,0,1.460745,0.309514,0,0.5367346,5074.649,1.774365,0.9939529,Right,Up,0.8127698,1.083153,TransSharp
403.4199,23.06503,0,1.495535,0.309514,0,0.5278717,5075.572,1.777448,0.9938442,Right,Up,0.7636142,1.014793,TransSharp
403.4599,23.04399,0,1.52117,0.309514,0,0.5120987,5076.495,1.779734,0.9937345,Right,Up,0.7162784,0.9498367,TransSharp
403.4998,23.04008,0,1.530329,0.309514,0,0.4897284,5077.417,1.78147,0.9936239,Right,Up,0.6705639,0.8882217,TransSharp
403.5399,23.0331,0,1.530329,0.309514,0,0.4622534,5078.337,1.781798,0.9935122,Right,Up,0.6286958,0.8297882,TransSharp
403.5799,23.02189,0,1.530329,0.309514,0,0.4304295,5079.258,1.781577,0.9933997,Right,Up,0.5885065,0.7743225,TransSharp
403.6198,23.01184,0,1.531245,0.309514,0,0.3945217,5080.179,1.781272,0.9932861,Right,Up,0.5503638,0.7217255,TransSharp
403.6599,23.00501,0,1.531245,0.309514,0,0.3562138,5081.099,1.780646,0.9931716,Right,Up,0.5177552,0.6717987,TransSharp
403.6999,22.98935,0,1.531245,0.309514,0,0.3158025,5082.019,1.779034,0.9930561,Right,Up,0.4869847,0.6242142,TransSharp
403.7399,22.97908,0,1.531245,0.309514,0,0.273406,5082.938,1.780927,0.9929398,Right,Up,0.4502396,0.5787125,TransSharp
403.7798,22.96632,0,1.531245,0.309514,0,0.2284637,5083.856,1.782065,0.9928223,Right,Up,0.4233615,0.5361328,TransSharp
403.8199,22.94914,0,1.526667,0.309514,0,0.1850436,5084.774,1.779211,0.992704,Right,Up,0.4059006,0.4954071,TransSharp
403.8599,22.93843,0,1.513846,0.309514,0,0.1408266,5085.692,1.781685,0.9925847,Right,Up,0.3663747,0.4559631,TransSharp
403.8999,22.93911,0,1.46807,0.309514,0,0.09604394,5086.61,1.780658,0.9924644,Right,Up,0.3522151,0.4194489,TransSharp
403.9398,22.91684,0,1.398489,0.309514,0,0.05537423,5087.527,1.778699,0.9923432,Right,Up,0.3202056,0.3837509,TransSharp
403.9799,22.90961,0,1.244677,0.309514,0,0.01127461,5088.443,1.78028,0.9922209,Right,Up,0.3121605,0.3506241,TransSharp
404.0199,22.89499,0,1.116503,0.309514,0,-0.02674469,5089.359,1.778861,0.9920979,Right,Up,0.2748253,0.3178406,TransSharp
404.0598,22.88551,0,0.9315634,0.309514,0,-0.06647682,5090.275,1.778932,0.9919737,Right,Up,0.2748253,0.2880325,TransSharp
404.0999,22.87718,0,0.7621872,0.309514,0,-0.1023424,5091.19,1.781008,0.9918486,Right,Up,0.2398483,0.2582397,TransSharp
404.1399,22.86684,0,0.6605637,0.309514,0,-0.1363452,5092.105,1.77801,0.9917227,Right,Up,0.2255535,0.2309036,TransSharp
404.1799,22.86146,0,0.5662608,0.309514,0,-0.1700249,5093.02,1.778651,0.9915957,Right,Up,0.2255535,0.204628,TransSharp
404.2198,22.85645,0,0.5342174,0.309514,0,-0.199014,5093.934,1.78013,0.9914677,Right,Up,0.1887116,0.1783905,TransSharp
404.2599,22.84566,0,0.5113292,0.309514,0,-0.2249776,5094.848,1.777021,0.9913388,Right,Up,0.1713202,0.1546249,TransSharp
404.2999,22.84151,0,0.5113292,0.309514,0,-0.2518587,5095.762,1.777132,0.991209,Right,Flat,0.1701742,0.1322784,TransSharp
404.3398,22.8403,0,0.5049205,0.309514,0,-0.2746477,5096.676,1.77827,0.9910781,Right,Flat,0.1713202,0.1099777,TransSharp
404.3799,22.83133,0,0.4747081,0.309514,0,-0.2913409,5097.589,1.778316,0.9909463,Right,Flat,0.1282043,0.08769226,TransSharp
404.4199,22.82636,0,0.4289317,0.309514,0,-0.3064298,5098.502,1.775364,0.9908136,Right,Flat,0.09691329,0.06809235,TransSharp
404.4599,22.82414,0,0.3428686,0.309514,0,-0.3246894,5099.415,1.775435,0.99068,Right,Flat,0.09691329,0.05098724,TransSharp
404.4998,22.82315,0,0.2128637,0.309514,0,-0.3393701,5100.328,1.776048,0.9905453,Right,Flat,0.09691329,0.03390503,TransSharp
404.5399,22.81857,0,0.08102417,0.309514,0,-0.3490626,5101.241,1.776204,0.9904097,Right,Flat,0.09691329,0.0168457,TransSharp
404.5799,22.81718,0,-0.0993365,0.309514,0,-0.355153,5102.154,1.775983,0.9902732,Right,Flat,0.09691329,-0.0001983643,TransSharp
404.6198,22.81668,0,-0.2320898,0.309514,0,-0.3577571,5103.067,1.775911,0.9901356,Right,Flat,0.09691329,-0.01721954,TransSharp
404.6599,22.81571,0,-0.3758293,0.309514,0,-0.3578387,5103.98,1.775184,0.9899971,Right,Flat,0.09487279,-0.03423309,TransSharp
404.6999,22.81249,0,-0.4829478,0.309514,0,-0.3547032,5104.893,1.772914,0.9898577,Straight,Flat,0.03426402,-0.05123901,TransSharp
404.7399,22.81393,0,-0.5433744,0.309514,0,-0.3514286,5105.805,1.771885,0.9897174,Straight,Flat,-0.01978234,-0.0647049,TransSharp
404.7798,22.81592,0,-0.5955595,0.309514,0,-0.3490463,5106.717,1.772916,0.989576,Straight,Flat,-0.02797646,-0.07437897,TransSharp
404.8199,22.81612,0,-0.6248564,0.309514,0,-0.3438096,5107.63,1.773934,0.9894337,Straight,Flat,-0.01978234,-0.08404541,TransSharp
404.8599,22.8168,0,-0.6596482,0.309514,0,-0.3369287,5108.543,1.774064,0.9892905,Straight,Flat,-0.01978234,-0.09371185,TransSharp
404.8998,22.81885,0,-0.6788743,0.309514,0,-0.328529,5109.457,1.77371,0.9891464,Straight,Flat,-0.01978234,-0.1033783,TransSharp
404.9398,22.82081,0,-0.6797898,0.309514,0,-0.3188981,5110.37,1.773048,0.9890012,Straight,Flat,-0.01978234,-0.1130447,TransSharp
404.9799,22.82262,0,-0.6834519,0.309514,0,-0.3082968,5111.283,1.772196,0.988855,Straight,Flat,-0.01978234,-0.1227112,TransSharp
405.0199,22.8243,0,-0.6834519,0.309514,0,-0.2968223,5112.196,1.77143,0.988708,Straight,Flat,-0.01978234,-0.13237,TransSharp
405.0598,22.82582,0,-0.6596482,0.309514,0,-0.2847244,5113.109,1.771033,0.98856,Straight,Flat,-0.01978234,-0.1420288,TransSharp
405.0999,22.82717,0,-0.6358427,0.309514,0,-0.2721104,5114.022,1.770747,0.988411,Straight,Down,-0.01978234,-0.1516953,TransSharp
405.1399,22.82836,0,-0.6376737,0.309514,0,-0.2598242,5114.935,1.77023,0.9882611,Straight,Down,-0.01978234,-0.1613541,TransSharp
405.1799,22.82951,0,-0.6614792,0.309514,0,-0.2480708,5115.848,1.770073,0.9881102,Straight,Down,0,-0.1710205,TransSharp
405.2198,22.83003,0,-0.6916916,0.309514,0,-0.2373115,5116.761,1.769471,0.9879584,Straight,Down,0,-0.1806793,TransSharp
405.2599,22.83059,0,-0.7557786,0.309514,0,-0.2270267,5117.674,1.768698,0.9878056,Straight,Down,0,-0.1903458,TransSharp
405.2999,22.83076,0,-0.7969791,0.309514,0,-0.218291,5118.587,1.768122,0.9876519,Straight,Down,-0.01978234,-0.2000198,TransSharp
405.3398,22.8295,0,-0.8152896,0.309514,0,-0.2111576,5119.5,1.76755,0.9874973,Straight,Down,-0.01978234,-0.2096939,TransSharp
405.3799,22.82996,0,-0.8088809,0.309514,0,-0.2021061,5120.414,1.767205,0.9873416,Left,Down,-0.07401875,-0.2193604,TransSharp
405.4199,22.83099,0,-0.7914859,0.309514,0,-0.1888602,5121.327,1.768674,0.9871851,Left,Down,-0.09891172,-0.2257996,TransSharp
405.4599,22.83152,0,-0.7631046,0.309514,0,-0.1773613,5122.24,1.769783,0.9870276,Left,Down,-0.09891172,-0.230484,TransSharp
405.4998,22.83078,0,-0.7447922,0.309514,0,-0.1677348,5123.153,1.770041,0.9868691,Left,Down,-0.09891172,-0.2351685,TransSharp
405.5399,22.83206,0,-0.7319748,0.309514,0,-0.1605534,5124.066,1.77038,0.9867096,Left,Down,-0.09891172,-0.2398605,TransSharp
405.5799,22.83198,0,-0.7154953,0.309514,0,-0.1552251,5124.979,1.768297,0.9865494,Left,Down,-0.09891172,-0.2445602,TransSharp
405.6198,22.8303,0,-0.7136643,0.309514,0,-0.1503965,5125.892,1.765398,0.986388,Left,Down,-0.1083524,-0.2492523,TransSharp
405.6599,22.83196,0,-0.7136643,0.309514,0,-0.1407189,5126.805,1.765913,0.9862257,Left,Down,-0.1341704,-0.253685,TransSharp
405.6999,22.83247,0,-0.7136643,0.309514,0,-0.1334883,5127.718,1.766699,0.9860625,Left,Down,-0.1341704,-0.2564011,TransSharp
405.7399,22.83138,0,-0.7136643,0.309514,0,-0.1293327,5128.631,1.768039,0.9858984,Left,Down,-0.132704,-0.2591171,TransSharp
405.7798,22.82924,0,-0.7136643,0.309514,0,-0.12732,5129.544,1.766363,0.9857332,Left,Down,-0.132704,-0.2618408,TransSharp
405.8199,22.82909,0,-0.7136643,0.309514,0,-0.1237549,5130.458,1.764412,0.9855672,Left,Down,-0.1412742,-0.2645645,TransSharp
405.8599,22.83079,0,-0.7127488,0.309514,0,-0.1183518,5131.371,1.765028,0.9854003,Left,Down,-0.1582588,-0.2669449,TransSharp
405.8998,22.83175,0,-0.7081711,0.309514,0,-0.1164739,5132.284,1.766459,0.9852323,Left,Down,-0.1594904,-0.268219,TransSharp
405.9398,22.82736,0,-0.6971848,0.309514,0,-0.1170047,5133.197,1.765382,0.9850633,Left,Down,-0.1582588,-0.2694931,TransSharp
405.9799,22.82731,0,-0.67155,0.309514,0,-0.115749,5134.11,1.763512,0.9848934,Left,Down,-0.1631294,-0.2707672,TransSharp
406.0199,22.82936,0,-0.6486619,0.309514,0,-0.1132881,5135.023,1.764084,0.9847227,Left,Down,-0.1802258,-0.271904,TransSharp
406.0598,22.83126,0,-0.6257719,0.309514,0,-0.1148947,5135.936,1.766448,0.984551,Left,Down,-0.1802258,-0.2719955,TransSharp
406.0999,22.82575,0,-0.6239408,0.309514,0,-0.1185099,5136.849,1.762664,0.9843783,Left,Down,-0.1813082,-0.2720795,TransSharp
406.1399,22.82711,0,-0.6239408,0.309514,0,-0.1161357,5137.762,1.763027,0.9842048,Left,Down,-0.1907741,-0.2721558,TransSharp
406.1799,22.83076,0,-0.6239408,0.309514,0,-0.1181042,5138.675,1.764707,0.9840302,Left,Down,-0.199792,-0.2717743,TransSharp
406.2198,22.82482,0,-0.6239408,0.309514,0,-0.1223121,5139.588,1.763097,0.9838547,Left,Down,-0.199792,-0.2708206,TransSharp
406.2599,22.82644,0,-0.6239408,0.309514,0,-0.1225678,5140.501,1.762314,0.9836781,Left,Down,-0.2027088,-0.2698746,TransSharp
406.2999,22.83096,0,-0.6239408,0.309514,0,-0.1248552,5141.415,1.76421,0.9835008,Left,Down,-0.2167048,-0.2688141,TransSharp
406.3398,22.82485,0,-0.6239408,0.309514,0,-0.1298647,5142.328,1.76181,0.9833225,Left,Down,-0.2167048,-0.2669449,TransSharp
406.3799,22.82622,0,-0.6239408,0.309514,0,-0.1294001,5143.241,1.761924,0.9831432,Left,Down,-0.220287,-0.2650833,TransSharp
406.4199,22.83109,0,-0.6239408,0.309514,0,-0.1326685,5144.154,1.76419,0.982963,Left,Down,-0.23239,-0.2630844,TransSharp
406.4599,22.82529,0,-0.6239408,0.309514,0,-0.1362228,5145.067,1.760584,0.9827818,Left,Down,-0.23239,-0.2604065,TransSharp
406.4998,22.82869,0,-0.6239408,0.309514,0,-0.13574,5145.98,1.761832,0.9825997,Left,Down,-0.2390311,-0.2577209,TransSharp
406.5399,22.82894,0,-0.631265,0.309514,0,-0.1392347,5146.893,1.761737,0.9824166,Left,Down,-0.2462884,-0.2547455,TransSharp
406.5799,22.82677,0,-0.6486619,0.309514,0,-0.1387794,5147.806,1.760453,0.9822327,Left,Down,-0.2470816,-0.2513046,TransSharp
406.6198,22.83056,0,-0.6651413,0.309514,0,-0.1393195,5148.719,1.762663,0.9820477,Left,Down,-0.2571706,-0.2478638,TransSharp
406.6599,22.82707,0,-0.6889451,0.309514,0,-0.140531,5149.632,1.759399,0.9818619,Left,Down,-0.2609472,-0.2438889,TransSharp
406.6999,22.83055,0,-0.7145798,0.309514,0,-0.1381681,5150.545,1.761629,0.981675,Left,Down,-0.2654082,-0.2397308,TransSharp
406.7399,22.82871,0,-0.7264817,0.309514,0,-0.1393366,5151.458,1.758632,0.9814874,Left,Down,-0.2741124,-0.2353821,TransSharp
406.7798,22.828,0,-0.737468,0.309514,0,-0.1342601,5152.372,1.760536,0.9812987,Left,Down,-0.2741124,-0.2305679,TransSharp
406.8199,22.82728,0,-0.7392991,0.309514,0,-0.132751,5153.285,1.759414,0.981109,Left,Down,-0.2853053,-0.2257462,TransSharp
406.8599,22.82678,0,-0.7539475,0.309514,0,-0.1270562,5154.198,1.759489,0.9809186,Left,Down,-0.2859903,-0.2203217,TransSharp
406.8998,22.82626,0,-0.7795841,0.309514,0,-0.1225907,5155.111,1.759438,0.980727,Left,Down,-0.2940859,-0.214859,TransSharp
406.9398,22.82603,0,-0.8143741,0.309514,0,-0.1156564,5156.024,1.759004,0.9805346,Left,Down,-0.2980514,-0.2089996,TransSharp
406.9799,22.82452,0,-0.8638126,0.309514,0,-0.1087365,5156.937,1.759123,0.9803411,Left,Down,-0.3045456,-0.2029343,TransSharp
407.0199,22.82569,0,-0.9095907,0.309514,0,-0.1001135,5157.85,1.758738,0.9801469,Left,Down,-0.309643,-0.1965714,TransSharp
407.0598,22.82238,0,-0.9672689,0.309514,0,-0.09115845,5158.763,1.758154,0.9799516,Left,Down,-0.3146578,-0.1899261,TransSharp
407.0999,22.82541,0,-1.015794,0.309514,0,-0.08013994,5159.676,1.758582,0.9797555,Left,Down,-0.3202056,-0.1830292,TransSharp
407.1399,22.81978,0,-1.045091,0.309514,0,-0.06963322,5160.589,1.756534,0.9795585,Left,Down,-0.3256589,-0.1758347,TransSharp
407.1799,22.82255,0,-1.064317,0.309514,0,-0.05559623,5161.502,1.758697,0.9793603,Left,Down,-0.3310224,-0.168396,TransSharp
407.2198,22.81629,0,-1.079881,0.309514,0,-0.04326588,5162.416,1.755266,0.9791614,Left,Down,-0.3374619,-0.1606674,TransSharp
407.2599,22.81795,0,-1.087205,0.309514,0,-0.02679351,5163.329,1.758669,0.9789613,Left,Down,-0.3414966,-0.1526489,TransSharp
407.2999,22.81445,0,-1.087205,0.309514,0,-0.01139548,5164.241,1.75528,0.9787606,Left,Flat,-0.3483046,-0.1444168,TransSharp
407.3398,22.80906,0,-1.087205,0.309514,0,0.006283343,5165.153,1.758373,0.9785588,Left,Flat,-0.3522151,-0.1358337,TransSharp
407.3799,22.8142,0,-1.087205,0.309514,0,0.02470022,5166.065,1.756315,0.978356,Left,Flat,-0.3599087,-0.1270905,TransSharp
407.4199,22.80317,0,-1.087205,0.309514,0,0.04357931,5166.978,1.754914,0.9781525,Left,Flat,-0.3631561,-0.1179504,TransSharp
407.4599,22.80861,0,-1.087205,0.309514,0,0.06489417,5167.89,1.757225,0.977948,Left,Flat,-0.3706227,-0.1086731,TransSharp
407.4998,22.79933,0,-1.087205,0.309514,0,0.08636323,5168.802,1.753825,0.9777424,Left,Flat,-0.3743001,-0.09898376,TransSharp
407.5399,22.79596,0,-1.090867,0.309514,0,0.1094355,5169.714,1.75656,0.9775358,Left,Flat,-0.3800071,-0.08913422,TransSharp
407.5799,22.80486,0,-1.098191,0.309514,0,0.1336026,5170.626,1.755667,0.9773286,Left,Flat,-0.386643,-0.07897949,TransSharp
407.6198,22.78934,0,-1.099107,0.309514,0,0.1581583,5171.538,1.752681,0.9771202,Left,Flat,-0.3901695,-0.06853485,TransSharp
407.6599,22.78932,0,-1.114672,0.309514,0,0.1846539,5172.449,1.757821,0.9769109,Left,Flat,-0.3976209,-0.05792999,TransSharp
407.6999,22.78392,0,-1.121997,0.309514,0,0.2121328,5173.36,1.75333,0.9767007,Left,Flat,-0.4020255,-0.04690552,TransSharp
407.7399,22.77634,0,-1.122912,0.309514,0,0.2395516,5174.271,1.753454,0.9764898,Left,Flat,-0.4063823,-0.03569031,TransSharp
407.7798,22.77555,0,-1.122912,0.309514,0,0.270854,5175.183,1.747972,0.9762777,Left,Flat,-0.4135417,-0.02425385,TransSharp
407.8199,22.76344,0,-1.126574,0.309514,0,0.3017345,5176.093,1.749185,0.9760647,Left,Flat,-0.4111691,-0.01247406,TransSharp
407.8599,22.76126,0,-1.126574,0.309514,0,0.3319347,5177.003,1.749804,0.9758509,Left,Flat,-0.4073442,0.01461792,TransSharp
407.8998,22.74514,0,-1.126574,0.309514,0,0.3660003,5177.914,1.747252,0.9756361,Left,Flat,-0.3921704,0.06738281,TransSharp
407.9398,22.74327,0,-1.126574,0.309514,0,0.3964658,5178.824,1.750582,0.9754203,Left,Flat,-0.3851218,0.1289215,TransSharp
407.9799,22.73661,0,-1.126574,0.309514,0,0.4303427,5179.733,1.746553,0.9752036,Left,Up,-0.3700944,0.1927261,TransSharp
408.0199,22.72325,0,-1.126574,0.309514,0,0.4617006,5180.642,1.749906,0.9749861,Left,Up,-0.3626169,0.2535324,TransSharp
408.0598,22.71805,0,-1.121997,0.309514,0,0.4942195,5181.551,1.746658,0.9747676,Left,Up,-0.3522151,0.3130722,TransSharp
408.0999,22.70378,0,-1.121997,0.309514,0,0.5252964,5182.459,1.749607,0.9745481,Left,Up,-0.3420692,0.3705444,TransSharp
408.1399,22.69736,0,-1.121997,0.309514,0,0.556881,5183.368,1.746722,0.9743279,Left,Up,-0.3345502,0.4261627,TransSharp
408.1799,22.68496,0,-1.117419,0.309514,0,0.5865721,5184.275,1.749973,0.9741066,Left,Up,-0.3238513,0.480278,TransSharp
408.2198,22.67447,0,-1.115588,0.309514,0,0.6174273,5185.183,1.746888,0.9738842,Left,Up,-0.3171355,0.5324936,TransSharp
408.2599,22.66403,0,-1.115588,0.309514,0,0.6443847,5186.089,1.750424,0.9736611,Left,Up,-0.3077414,0.5832672,TransSharp
408.2999,22.65247,0,-1.114672,0.309514,0,0.6740746,5186.996,1.74759,0.9734372,Left,Up,-0.2993615,0.6324005,TransSharp
408.3398,22.6436,0,-1.114672,0.309514,0,0.6987544,5187.901,1.749813,0.9732121,Left,Up,-0.2934199,0.6798477,TransSharp
408.3799,22.63332,0,-1.114672,0.309514,0,0.7257408,5188.807,1.748546,0.9729862,Left,Up,-0.2825486,0.7264633,TransSharp
408.4199,22.62191,0,-1.114672,0.309514,0,0.7494473,5189.712,1.74739,0.9727595,Left,Up,-0.2818553,0.7706223,TransSharp
408.4599,22.61307,0,-1.110093,0.309514,0,0.7709306,5190.616,1.749554,0.9725317,Left,Up,-0.2668786,0.8147964,TransSharp
408.4998,22.59617,0,-1.098191,0.309514,0,0.7933524,5191.521,1.747214,0.9723029,Left,Up,-0.2654082,0.8560028,TransSharp
408.5399,22.58629,0,-1.090867,0.309514,0,0.8109181,5192.424,1.748891,0.9720733,Left,Up,-0.2579304,0.8969574,TransSharp
408.5799,22.57452,0,-1.073472,0.309514,0,0.8293303,5193.327,1.748859,0.9718429,Left,Up,-0.2486604,0.936554,TransSharp
408.6198,22.55832,0,-1.063401,0.309514,0,0.8464175,5194.229,1.746082,0.9716114,Left,Up,-0.2486604,0.9743195,TransSharp
408.6599,22.55402,0,-1.055161,0.309514,0,0.857414,5195.132,1.749506,0.971379,Left,Up,-0.2365626,1.01207,TransSharp
408.6999,22.53835,0,-1.045091,0.309514,0,0.8716981,5196.033,1.748355,0.9711459,Left,Up,-0.23239,1.047478,TransSharp
408.7399,22.52089,0,-1.044175,0.309514,0,0.8830421,5196.934,1.745587,0.9709117,Left,Up,-0.2332305,1.082085,TransSharp
408.7798,22.51582,0,-1.044175,0.309514,0,0.8878691,5197.834,1.748966,0.9706765,Left,Up,-0.2176059,1.116669,TransSharp
408.8199,22.49995,0,-1.03502,0.3293507,0,0.8956278,5198.735,1.748275,0.9704404,Left,Up,-0.2167048,1.148491,TransSharp
408.8599,22.48411,0,-1.032273,0.3293507,0,0.9011254,5199.634,1.745679,0.9702036,Left,Up,-0.2167048,1.17997,TransSharp
408.8998,22.48419,0,-1.016709,0.3333181,0,0.9002588,5200.534,1.747414,0.9699657,Left,Up,-0.2036718,1.211426,TransSharp
408.9398,22.47256,0,-0.9993142,0.3333181,0,0.9000518,5201.433,1.748239,0.9697269,Left,Up,-0.2007689,1.240494,TransSharp
408.9799,22.46056,0,-0.9617758,0.3333181,0,0.8993545,5202.331,1.746675,0.9694871,Left,Up,-0.2007689,1.268913,TransSharp
409.0199,22.45549,0,-0.8967733,0.3333181,0,0.8932757,5203.229,1.745615,0.9692466,Left,Up,-0.191797,1.297295,TransSharp
409.0598,22.44935,0,-0.8400089,0.3333181,0,0.8828709,5204.128,1.748637,0.969005,Left,Up,-0.1855749,1.324203,TransSharp
409.0999,22.43921,0,-0.7328904,0.3333181,0,0.8761203,5205.025,1.747517,0.9687626,Left,Up,-0.1855749,1.349625,TransSharp
409.1399,22.42838,0,-0.6422514,0.3333181,0,0.8660157,5205.923,1.745464,0.9685193,Left,Up,-0.1845175,1.375008,TransSharp
409.1798,22.42552,0,-0.505836,0.3333181,0,0.850431,5206.82,1.745775,0.9682751,Left,Up,-0.1701742,1.400345,TransSharp
409.2198,22.41879,0,-0.3913933,0.3333181,0,0.8322799,5207.717,1.74846,0.9680299,Left,Up,-0.1701742,1.422951,TransSharp
409.2599,22.40914,0,-0.3437859,0.3333181,0,0.8179469,5208.613,1.747436,0.9677837,Left,Up,-0.1701742,1.445313,TransSharp
409.2999,22.40045,0,-0.3099114,0.3333181,0,0.800184,5209.51,1.745666,0.9675369,Left,Up,-0.1678588,1.467659,TransSharp
409.3398,22.39625,0,-0.3025872,0.3333181,0,0.7779238,5210.405,1.744977,0.9672889,Left,Up,-0.1557664,1.489952,TransSharp
409.3799,22.3929,0,-0.2851903,0.3333181,0,0.7516347,5211.301,1.748193,0.96704,Left,Up,-0.1532334,1.509468,TransSharp
409.4199,22.38445,0,-0.2604711,0.3333181,0,0.7299994,5212.196,1.747959,0.9667903,Left,Up,-0.1532334,1.528748,TransSharp
409.4599,22.37658,0,-0.2384984,0.3333181,0,0.7068187,5213.092,1.746802,0.9665397,Left,Up,-0.1545051,1.548019,TransSharp
409.4998,22.37271,0,-0.1972997,0.3333181,0,0.6802217,5213.986,1.745106,0.9662881,Left,Up,-0.14537,1.567253,TransSharp
409.5399,22.36628,0,-0.1789892,0.3333181,0,0.6501551,5214.881,1.745719,0.9660355,Left,Up,-0.1384764,1.584984,TransSharp
409.5799,22.36232,0,-0.1670855,0.3333181,0,0.6169291,5215.775,1.748781,0.9657823,Left,Up,-0.1370561,1.601143,TransSharp
409.6198,22.35454,0,-0.1670855,0.3333181,0,0.59095,5216.67,1.747734,0.965528,Left,Up,-0.1370561,1.617287,TransSharp
409.6599,22.34796,0,-0.1670855,0.3333181,0,0.5623162,5217.563,1.746419,0.9652728,Left,Up,-0.1384764,1.633423,TransSharp
409.6999,22.34364,0,-0.1670855,0.3333181,0,0.531068,5218.457,1.745259,0.9650168,Left,Up,-0.1297215,1.649544,TransSharp
409.7399,22.33734,0,-0.1670855,0.3333181,0,0.4976858,5219.351,1.744749,0.9647598,Left,Up,-0.1219466,1.664024,TransSharp
409.7798,22.33479,0,-0.1670855,0.3333181,0,0.4615134,5220.244,1.746814,0.9645018,Left,Up,-0.1219466,1.676971,TransSharp
409.8199,22.3274,0,-0.1597613,0.3333181,0,0.428067,5221.138,1.747958,0.9642429,Left,Up,-0.1219466,1.689911,TransSharp
409.8599,22.32019,0,-0.1304644,0.3333181,0,0.3980373,5222.03,1.746881,0.9639834,Left,Up,-0.1219466,1.702835,TransSharp
409.8998,22.31537,0,-0.04623413,0.3333181,0,0.3657031,5222.923,1.745754,0.9637227,Left,Up,-0.1235407,1.715752,TransSharp
409.9398,22.30996,0,0.05172729,0.3333181,0,0.3315081,5223.815,1.745057,0.9634612,Left,Up,-0.1083524,1.728645,TransSharp
409.9799,22.30386,0,0.1661718,0.3333181,0,0.2962438,5224.708,1.744308,0.9631987,Left,Up,-0.1046783,1.738739,TransSharp
410.0199,22.29876,0,0.2430761,0.3333181,0,0.2590591,5225.6,1.745759,0.9629354,Left,Up,-0.1065312,1.748276,TransSharp
410.0598,22.29481,0,0.2778661,0.3333181,0,0.2207318,5226.491,1.747992,0.9626712,Left,Up,-0.1046783,1.757805,TransSharp
410.0999,22.288,0,0.2906835,0.3333181,0,0.1915501,5227.383,1.747047,0.962406,Left,Up,-0.1046783,1.767326,TransSharp
410.1399,22.28204,0,0.291599,0.3333181,0,0.161312,5228.274,1.745925,0.9621401,Left,Up,-0.1046783,1.776848,TransSharp
410.1798,22.27817,0,0.291599,0.3333181,0,0.1299228,5229.166,1.745031,0.9618731,Left,Up,-0.1008706,1.786362,TransSharp
410.2198,22.27202,0,0.2980077,0.3333181,0,0.09797257,5230.057,1.744657,0.9616052,Left,Up,-0.08622923,1.795357,TransSharp
410.2599,22.26571,0,0.3025854,0.3333181,0,0.06574264,5230.947,1.744244,0.9613364,Left,Up,-0.08622923,1.801147,TransSharp
410.2999,22.25999,0,0.3025854,0.3333181,0,0.03317565,5231.838,1.744057,0.9610668,Left,Up,-0.08846933,1.806908,TransSharp
410.3398,22.2553,0,0.3025854,0.3333181,0,-7.942319E-05,5232.729,1.745268,0.9607963,Left,Up,-0.08622923,1.812683,TransSharp
410.3799,22.25032,0,0.3025854,0.3333181,0,-0.03276923,5233.619,1.746759,0.9605248,Left,Up,-0.08846933,1.818436,TransSharp
410.4199,22.24404,0,0.3025854,0.3333181,0,-0.0557636,5234.508,1.745832,0.9602526,Left,Up,-0.08846933,1.824203,TransSharp
410.4599,22.23831,0,0.3025854,0.3333181,0,-0.07918492,5235.398,1.744874,0.9599793,Left,Up,-0.08846933,1.829964,TransSharp
410.4998,22.23375,0,0.3025854,0.3333181,0,-0.102664,5236.288,1.743977,0.9597051,Left,Up,-0.08392937,1.835709,TransSharp
410.5399,22.22763,0,0.3025854,0.3333181,0,-0.1262244,5237.177,1.74363,0.9594301,Left,Up,-0.0656106,1.841454,TransSharp
410.5799,22.22157,0,0.3025854,0.3333181,0,-0.1492412,5238.065,1.743519,0.9591543,Left,Up,-0.0656106,1.842712,TransSharp
410.6198,22.21556,0,0.3025854,0.3333181,0,-0.171983,5238.954,1.743479,0.9588774,Left,Up,-0.0656106,1.843933,TransSharp
410.6599,22.20927,0,0.3025854,0.3333181,0,-0.1941548,5239.843,1.743274,0.9585997,Left,Up,-0.0656106,1.845154,TransSharp
410.6999,22.20351,0,0.3025854,0.3333181,0,-0.2156305,5240.731,1.743014,0.9583212,Left,Up,-0.0656106,1.846367,TransSharp
410.7399,22.19804,0,0.3035009,0.3333181,0,-0.237103,5241.619,1.743748,0.9580417,Left,Up,-0.06852804,1.84758,TransSharp
410.7798,22.19184,0,0.3080785,0.3333181,0,-0.2578251,5242.506,1.744012,0.9577612,Left,Up,-0.0656106,1.848785,TransSharp
410.8199,22.18717,0,0.3080785,0.3333181,0,-0.2718288,5243.394,1.744019,0.9574798,Left,Up,-0.0656106,1.849991,TransSharp
410.8599,22.1822,0,0.3080785,0.3333181,0,-0.278799,5244.282,1.744392,0.9571978,Left,Up,-0.0656106,1.851204,TransSharp
410.8998,22.17729,0,0.3080785,0.3333181,0,-0.2851052,5245.168,1.744583,0.9569147,Left,Up,-0.06852804,1.852402,TransSharp
410.9398,22.17243,0,0.3035009,0.3333181,0,-0.2907129,5246.055,1.744225,0.9566307,Left,Up,-0.05595291,1.853607,TransSharp
410.9799,22.16782,0,0.2540624,0.3333181,0,-0.2952714,5246.942,1.743844,0.9563458,Straight,Up,-0.01978234,1.853271,TransSharp
411.0199,22.16316,0,0.1588476,0.3333181,0,-0.2989287,5247.829,1.743228,0.9560602,Straight,Up,-0.01978234,1.841621,TransSharp
411.0598,22.15851,0,0.07461548,0.3333181,0,-0.3016578,5248.715,1.742587,0.9557735,Straight,Up,-0.01978234,1.829971,TransSharp
411.0999,22.1538,0,-0.02426147,0.3333181,0,-0.3034136,5249.602,1.741961,0.955486,Straight,Up,-0.01978234,1.818329,TransSharp
411.1399,22.14914,0,-0.07736385,0.3333181,0,-0.304531,5250.487,1.741411,0.9551977,Straight,Up,0,1.806686,TransSharp
411.1798,22.14456,0,-0.1057452,0.3333181,0,-0.3048692,5251.373,1.740962,0.9549084,Straight,Up,-0.01978234,1.795036,TransSharp
411.2198,22.14001,0,-0.1057452,0.3333181,0,-0.3047045,5252.259,1.740601,0.9546182,Straight,Up,-0.01978234,1.783386,TransSharp
411.2599,22.13551,0,-0.1057452,0.3333181,0,-0.3036914,5253.145,1.740312,0.954327,Straight,Up,-0.01978234,1.771744,TransSharp
411.2999,22.13102,0,-0.1057452,0.3333181,0,-0.3021541,5254.03,1.740015,0.9540352,Straight,Up,-0.01978234,1.760101,TransSharp
411.3398,22.1266,0,-0.100252,0.3333181,0,-0.2999256,5254.915,1.739803,0.9537423,Straight,Up,-0.01978234,1.748459,TransSharp
411.3799,22.12224,0,-0.08835018,0.3333181,0,-0.2972326,5255.799,1.739675,0.9534486,Straight,Up,-0.01978234,1.736809,TransSharp
411.4199,22.11788,0,-0.07736385,0.3333181,0,-0.2939181,5256.684,1.739407,0.9531541,Straight,Up,-0.01978234,1.725166,TransSharp
411.4599,22.11354,0,-0.07644832,0.3333181,0,-0.2900093,5257.569,1.739088,0.9528586,Straight,Up,-0.01978234,1.713524,TransSharp
411.4998,22.10925,0,-0.07644832,0.3333181,0,-0.2855039,5258.454,1.738878,0.9525621,Straight,Up,0,1.701881,TransSharp
411.5399,22.10494,0,-0.07644832,0.3333181,0,-0.2807253,5259.338,1.738559,0.9522648,Straight,Up,0,1.690247,TransSharp
411.5799,22.1007,0,-0.07644832,0.3333181,0,-0.2754334,5260.222,1.73821,0.9519669,Straight,Up,0,1.678604,TransSharp
411.6198,22.09642,0,-0.07644832,0.3333181,0,-0.2697576,5261.105,1.73785,0.9516678,Straight,Up,-0.01978234,1.666969,TransSharp
411.6599,22.09217,0,-0.07644832,0.3333181,0,-0.2638675,5261.989,1.737513,0.9513678,Straight,Up,-0.01978234,1.655334,TransSharp
411.6999,22.08794,0,-0.07644832,0.3333181,0,-0.2578088,5262.873,1.737198,0.9510671,Straight,Up,-0.01978234,1.643692,TransSharp
411.7399,22.08373,0,-0.07644832,0.3333181,0,-0.2516483,5263.757,1.73692,0.9507655,Straight,Up,-0.01978234,1.632065,TransSharp
411.7798,22.07952,0,-0.07644832,0.3333181,0,-0.2454053,5264.64,1.736551,0.9504628,Straight,Up,-0.01978234,1.62043,TransSharp
411.8199,22.07532,0,-0.06637752,0.3333181,0,-0.2391692,5265.522,1.736222,0.9501594,Straight,Up,-0.01978234,1.608803,TransSharp
411.8599,22.07108,0,-0.05355835,0.3333181,0,-0.2328014,5266.405,1.735825,0.9498553,Straight,Up,0,1.597176,TransSharp
411.8998,22.06701,0,-0.0453186,0.3333181,0,-0.2263022,5267.288,1.73537,0.9495501,Straight,Up,0,1.585556,TransSharp
411.9398,22.0629,0,-0.03341675,0.3333181,0,-0.2197895,5268.171,1.735071,0.9492439,Straight,Up,-0.01978234,1.573929,TransSharp
411.9799,22.05875,0,-0.01602173,0.3333181,0,-0.2134186,5269.054,1.735031,0.9489372,Straight,Up,-0.01978234,1.562317,TransSharp
412.0199,22.05473,0,-0.0050354,0.3333181,0,-0.2069826,5269.936,1.734823,0.9486293,Straight,Up,-0.01978234,1.550697,TransSharp
412.0598,22.05066,0,-0.0004577637,0.3333181,0,-0.2006238,5270.817,1.734573,0.9483206,Straight,Up,-0.01978234,1.539078,TransSharp
412.0999,22.04677,0,-0.0004577637,0.3333181,0,-0.1941614,5271.699,1.734333,0.948011,Straight,Up,-0.01978234,1.527466,TransSharp
412.1399,22.04284,0,-0.0004577637,0.3333181,0,-0.1878513,5272.581,1.734107,0.9477007,Straight,Up,-0.01978234,1.515854,TransSharp
412.1798,22.03884,0,0.003204346,0.3333181,0,-0.1816742,5273.463,1.733743,0.9473894,Straight,Up,-0.01978234,1.504242,TransSharp
412.2198,22.03501,0,0.004119873,0.3333181,0,-0.1755543,5274.345,1.733396,0.9470772,Straight,Up,-0.01978234,1.492638,TransSharp
412.2599,22.03112,0,0.004119873,0.3333181,0,-0.1695693,5275.226,1.733054,0.9467641,Straight,Up,0,1.481033,TransSharp
412.2999,22.02457,0,0.004119873,0.3333181,0,-0.1637133,5276.106,1.731906,0.9464504,Straight,Up,-0.01978234,1.469437,TransSharp
412.3398,22.02388,0,0.004119873,0.3333181,0,-0.1593311,5276.987,1.73222,0.9461355,Straight,Up,-0.01978234,1.457855,TransSharp
412.3799,22.02266,0,0.004119873,0.3333181,0,-0.1560402,5277.868,1.734387,0.9458199,Straight,Up,-0.01978234,1.446274,TransSharp
412.4199,22.01959,0,0.004119873,0.3333181,0,-0.1531818,5278.749,1.736019,0.9455035,Straight,Up,-0.01978234,1.434692,TransSharp
412.4598,22.01744,0,0.004119873,0.3333181,0,-0.1503512,5279.63,1.736262,0.945186,Straight,Up,-0.01978234,1.423103,TransSharp
412.4998,22.01707,0,0.004119873,0.3333181,0,-0.1476066,5280.511,1.735658,0.9448677,Straight,Up,0.02797646,1.411507,TransSharp
412.5399,22.01629,0,0.004119873,0.3333181,0,-0.1450523,5281.392,1.734757,0.9445485,Right,Up,0.05233916,1.393784,TransSharp
412.5799,22.01533,0,0.004119873,0.3333181,0,-0.1424844,5282.272,1.73368,0.9442288,Right,Up,0.05595291,1.364716,TransSharp
412.6198,22.01398,0,0.004119873,0.3333181,0,-0.1396721,5283.153,1.732215,0.9439079,Right,Up,0.05233916,1.335663,TransSharp
412.6599,22.01286,0,0.004119873,0.3333181,0,-0.1369849,5284.034,1.731482,0.9435861,Right,Up,0.05595291,1.30661,TransSharp
412.6999,22.01236,0,0.004119873,0.3333181,0,-0.1345894,5284.915,1.731608,0.9432636,Right,Up,0.05595291,1.277565,TransSharp
412.7399,22.01024,0,0.004119873,0.3333181,0,-0.132001,5285.796,1.731237,0.9429401,Right,Up,0.05595291,1.248535,TransSharp
412.7798,22.01118,0,0.004119873,0.3333181,0,-0.133818,5286.677,1.731558,0.9426157,Right,Up,0.05595291,1.219505,TransSharp
412.8199,22.01171,0,0.004119873,0.3333181,0,-0.1386035,5287.558,1.732325,0.9422905,Right,Up,0.05595291,1.190475,TransSharp
412.8599,22.0113,0,0.004119873,0.3333181,0,-0.1436657,5288.438,1.732614,0.9419647,Right,Up,0.05595291,1.161446,TransSharp
412.8998,22.01198,0,0.004119873,0.3333181,0,-0.1485923,5289.319,1.732295,0.9416377,Right,Up,0.05595291,1.132393,TransSharp
412.9398,22.01249,0,0.004119873,0.3333181,0,-0.1533278,5290.2,1.731365,0.9413099,Right,Up,0.06852804,1.10334,TransSharp
412.9799,22.01358,0,0.004119873,0.3333181,0,-0.1582184,5291.081,1.730528,0.9409814,Right,Up,0.08846933,1.0718,TransSharp
413.0199,22.01475,0,0.004119873,0.3333181,0,-0.1632278,5291.962,1.730809,0.9406519,Right,Up,0.08846933,1.0326,TransSharp
413.0598,22.01696,0,0.004119873,0.3333181,0,-0.1722042,5292.843,1.731057,0.9403215,Right,Up,0.08846933,0.9934082,TransSharp
413.0999,22.01865,0,0.004119873,0.3333181,0,-0.1846825,5293.724,1.731302,0.9399902,Right,Up,0.08846933,0.9542084,TransSharp
413.1399,22.02087,0,0.004119873,0.3333181,0,-0.1977262,5294.604,1.731355,0.9396584,Right,Up,0.08846933,0.9149857,TransSharp
413.1798,22.02242,0,0.0050354,0.3333181,0,-0.2104579,5295.485,1.730775,0.9393255,Right,Up,0.09065409,0.8757553,TransSharp
413.2198,22.02539,0,0.00869751,0.3333181,0,-0.2234031,5296.366,1.730224,0.9389916,Right,Up,0.09278741,0.836525,TransSharp
413.2599,22.02933,0,0.00869751,0.3333181,0,-0.2367067,5297.247,1.730661,0.9386569,Right,Up,0.1186941,0.7973022,TransSharp
413.2999,22.0328,0,0.00869751,0.3333181,0,-0.2574466,5298.128,1.731155,0.9383216,Right,Up,0.1186941,0.7489777,TransSharp
413.3398,22.03568,0,0.00869751,0.3333181,0,-0.2778855,5299.01,1.731002,0.9379852,Right,Up,0.1203313,0.7003479,TransSharp
413.3799,22.03863,0,0.01052856,0.3333181,0,-0.2982523,5299.892,1.729606,0.9376479,Right,Up,0.1203313,0.6517029,TransSharp
413.4199,22.0433,0,0.02883911,0.3333181,0,-0.3191177,5300.773,1.729532,0.9373101,Right,Up,0.1203313,0.6030807,TransSharp
413.4598,22.05029,0,0.05081177,0.3333181,0,-0.3452927,5301.655,1.730569,0.9369711,Right,Up,0.1341704,0.5544662,TransSharp
413.4998,22.05552,0,0.07644653,0.3333181,0,-0.3738752,5302.537,1.731543,0.9366313,Right,Up,0.1493534,0.502037,TransSharp
413.5399,22.06076,0,0.09933472,0.3333181,0,-0.4024995,5303.419,1.731645,0.9362906,Right,Up,0.1493534,0.4441223,TransSharp
413.5799,22.06739,0,0.1112366,0.3333181,0,-0.4314415,5304.302,1.73061,0.9359494,Right,Up,0.1506579,0.3861465,TransSharp
413.6198,22.07456,0,0.1185644,0.3333181,0,-0.4608873,5305.185,1.729679,0.935607,Right,Up,0.1532334,0.3281403,TransSharp
413.6599,22.0808,0,0.1240575,0.3333181,0,-0.4899986,5306.068,1.728262,0.9352639,Right,Up,0.1791368,0.2701111,TransSharp
413.6999,22.08729,0,0.1295507,0.3333181,0,-0.5188,5306.952,1.726467,0.9349201,Right,Up,0.1802258,0.2030106,TransSharp
413.7399,22.09594,0,0.1304662,0.3333181,0,-0.5454777,5307.835,1.727778,0.9345751,Right,Flat,0.1802258,0.1356735,TransSharp
413.7798,22.10276,0,0.1350439,0.3333181,0,-0.564961,5308.719,1.727187,0.9342293,Right,Flat,0.07401875,0.0683136,TransSharp
413.8199,22.10804,0,0.1350439,0.3333181,0,-0.5835937,5309.604,1.725872,0.9338828,Left,Flat,-0.1619255,0.01195526,TransSharp
413.8599,22.11552,0,0.1350439,0.3134814,0,-0.6019264,5310.488,1.723686,0.9335356,Left,Flat,-0.1607126,-0.01447296,TransSharp
413.8998,22.12296,0,0.1350439,0.309514,0,-0.6208366,5311.373,1.724933,0.9331873,Left,Flat,-0.1619255,-0.04089355,TransSharp
413.9398,22.1257,0,0.1167297,0.3015793,0,-0.6311393,5312.258,1.724725,0.9328381,Left,Flat,-0.1594904,-0.06733704,TransSharp
413.9799,22.12597,0,0.09475708,0.2737926,0,-0.639624,5313.143,1.724,0.9324884,Left,Flat,-0.1582588,-0.09096527,TransSharp
414.0199,22.12358,0,0.07461548,0.2261845,0,-0.6483631,5314.027,1.723116,0.9321376,Left,Flat,-0.1582588,-0.1112976,TransSharp
414.0598,22.1101,0,0.06362915,0.1825284,0,-0.6563278,5314.912,1.721569,0.9317859,Left,Flat,-0.1582588,-0.1315994,TransSharp
414.0999,22.08789,0,0.05264282,0.1111009,0,-0.6644507,5315.796,1.72206,0.9314334,Left,Down,-0.1545051,-0.151886,TransSharp
414.1399,22.05171,0,0.04623413,0.02380407,0,-0.6665574,5316.678,1.722445,0.9310803,Left,Down,-0.1297215,-0.1721344,TransSharp
414.1798,21.99775,0,0.03982544,0,0,-0.6639715,5317.559,1.722152,0.9307262,Left,Down,-0.1297215,-0.1895599,TransSharp
414.2198,21.93412,0,0.03250122,0,0,-0.6614549,5318.437,1.721333,0.9303711,Left,Down,-0.1297215,-0.2068939,TransSharp
414.2599,21.87014,0,0.02151489,0,0,-0.6588063,5319.312,1.720583,0.9300153,Left,Down,-0.1282043,-0.2241821,TransSharp
414.2999,21.80659,0,-0.0050354,0,0,-0.6559631,5320.185,1.719685,0.9296588,Left,Down,-0.1297215,-0.2414246,TransSharp
414.3398,21.74357,0,-0.02883911,0,0,-0.6524844,5321.055,1.718371,0.9293013,Left,Down,-0.1119058,-0.258606,TransSharp
414.3799,21.68092,0,-0.03982544,0,0,-0.6491244,5321.923,1.718876,0.9289429,Left,Down,-0.09691329,-0.274292,TransSharp
414.4199,21.61842,0,-0.0453186,0,0,-0.6428701,5322.788,1.719267,0.9285839,Left,Down,-0.09691329,-0.2883682,TransSharp
414.4598,21.5563,0,-0.0453186,0,0,-0.6284829,5323.651,1.719283,0.9282238,Left,Down,-0.09691329,-0.3024063,TransSharp
414.4998,21.49451,0,-0.0453186,0,0,-0.6142012,5324.511,1.718892,0.9278629,Left,Down,-0.09691329,-0.3164139,TransSharp
414.5399,21.43295,0,-0.0453186,0,0,-0.6000029,5325.369,1.718317,0.9275012,Left,Down,-0.09691329,-0.3303833,TransSharp
414.5799,21.37165,0,-0.0453186,0,0,-0.5856013,5326.225,1.717598,0.9271389,Left,Down,-0.09691329,-0.3443069,TransSharp
414.6198,21.31058,0,-0.03433228,0,0,-0.5710423,5327.078,1.716866,0.9267755,Left,Down,-0.09891172,-0.3582001,TransSharp
414.6599,21.24973,0,-0.03433228,0,0,-0.5561547,5327.928,1.71616,0.9264113,Left,Down,-0.06255726,-0.3720474,TransSharp
414.6999,21.18907,0,-0.03433228,0,0,-0.5411317,5328.776,1.715413,0.9260466,Left,Down,-0.05934703,-0.3827057,TransSharp
414.7399,21.12859,0,-0.03433228,0,0,-0.5258635,5329.622,1.714798,0.9256806,Left,Down,-0.05595291,-0.3926544,TransSharp
414.7798,21.06829,0,-0.03433228,0,0,-0.5105143,5330.465,1.714327,0.9253139,Left,Down,-0.05595291,-0.4025879,TransSharp
414.8199,21.00835,0,-0.03890991,0,0,-0.4946839,5331.307,1.713548,0.9249464,Left,Down,-0.05595291,-0.4124756,TransSharp
414.8599,20.94862,0,-0.03982544,0,0,-0.4787138,5332.145,1.713171,0.9245783,Left,Down,-0.05595291,-0.422348,TransSharp
414.8998,20.88917,0,-0.03982544,0,0,-0.4628981,5332.981,1.713446,0.9242091,Left,Down,-0.05595291,-0.4321823,TransSharp
414.9398,20.83001,0,-0.03982544,0,0,-0.4470253,5333.815,1.713476,0.9238391,Left,Down,-0.05595291,-0.4419937,TransSharp
414.9799,20.77134,0,-0.03982544,0,0,-0.431104,5334.646,1.712758,0.9234684,Left,Down,-0.05595291,-0.4517746,TransSharp
415.0199,20.71297,0,-0.04074097,0,0,-0.4107136,5335.476,1.712986,0.9230968,Left,Down,-0.05595291,-0.461525,TransSharp
415.0598,20.65467,0,-0.04074097,0,0,-0.3904632,5336.302,1.713096,0.9227243,Left,Down,-0.05595291,-0.4712448,TransSharp
415.0999,20.5968,0,-0.04074097,0,0,-0.3704447,5337.127,1.713005,0.922351,Left,Down,-0.05595291,-0.4809418,TransSharp
415.1399,20.53908,0,-0.04074097,0,0,-0.3506507,5337.949,1.712464,0.9219771,Left,Down,-0.05595291,-0.4906158,TransSharp
415.1798,20.48163,0,-0.04074097,0,0,-0.3308592,5338.769,1.711757,0.9216021,Left,Down,-0.05595291,-0.500267,TransSharp
415.2198,20.4244,0,-0.04074097,0,0,-0.3113366,5339.586,1.711117,0.9212263,Straight,Down,-0.04845664,-0.5098877,TransSharp
415.2599,20.36736,0,-0.04074097,0,0,-0.2918035,5340.401,1.710641,0.9208499,Straight,Down,0,-0.5194702,TransSharp
415.2999,20.31051,0,-0.04074097,0,0,-0.2725854,5341.214,1.709942,0.9204725,Straight,Down,0.01978234,-0.5243301,TransSharp
415.3398,20.25382,0,-0.04074097,0,0,-0.2533077,5342.025,1.709214,0.9200943,Straight,Down,0,-0.5285492,TransSharp
415.3799,20.19732,0,-0.04623413,0.01983673,0,-0.2340206,5342.833,1.708545,0.9197151,Straight,Down,0.01978234,-0.5327606,TransSharp
415.4199,20.14421,0,-0.07644832,0.06349279,0,-0.2149009,5343.64,1.707906,0.9193355,Straight,Down,0,-0.5369568,TransSharp
415.4598,20.10019,0,-0.1286334,0.08729687,0,-0.1957619,5344.444,1.707444,0.9189548,Straight,Down,0.01978234,-0.5411453,TransSharp
415.4998,20.06265,0,-0.2018774,0.0991989,0,-0.1767003,5345.247,1.7069,0.9185733,Straight,Down,0,-0.5453339,TransSharp
415.5399,20.02816,0,-0.2613866,0.0991989,0,-0.1578751,5346.048,1.706423,0.9181909,Straight,Down,0,-0.5495071,TransSharp
415.5799,19.99406,0,-0.2806127,0.0991989,0,-0.1392622,5346.849,1.706035,0.9178081,Straight,Down,0,-0.5536728,TransSharp
415.6198,19.96007,0,-0.2851903,0.0991989,0,-0.1209352,5347.647,1.705578,0.9174241,Straight,Down,0,-0.5578308,TransSharp
415.6599,19.92617,0,-0.2851903,0.0991989,0,-0.1031413,5348.445,1.705169,0.9170393,Straight,Down,0,-0.5619812,TransSharp
415.6999,19.89236,0,-0.2796972,0.0991989,0,-0.08586267,5349.241,1.70487,0.916654,Straight,Down,0,-0.566124,TransSharp
415.7398,19.85864,0,-0.256809,0.0991989,0,-0.06902379,5350.035,1.704548,0.9162675,Straight,Down,0,-0.5702591,TransSharp
415.7798,19.82502,0,-0.2430761,0.0991989,0,-0.05263317,5350.829,1.704232,0.9158804,Straight,Down,0,-0.5743866,TransSharp
415.8199,19.79148,0,-0.2320898,0.1031662,0,-0.03678688,5351.621,1.703893,0.9154923,Straight,Down,0,-0.5785141,TransSharp
415.8599,19.75898,0,-0.2275121,0.1190356,0,-0.02127805,5352.411,1.703421,0.9151037,Straight,Down,0.01978234,-0.5826263,TransSharp
415.8998,19.72944,0,-0.2183568,0.1388876,0,-0.006158203,5353.201,1.702863,0.914714,Straight,Down,0,-0.586731,TransSharp
415.9398,19.70436,0,-0.2027929,0.1706264,0,0.008506417,5353.989,1.702646,0.9143236,Straight,Down,0,-0.5908356,TransSharp
415.9799,19.68568,0,-0.1789892,0.1864958,0,0.02269682,5354.777,1.702529,0.9139326,Straight,Down,0,-0.5949326,TransSharp
416.0199,19.67072,0,-0.1295489,0.1904631,0,0.03639287,5355.564,1.702264,0.9135405,Straight,Down,0,-0.5990219,TransSharp
416.0598,19.65789,0,-0.08835018,0.1904631,0,0.04973248,5356.35,1.701914,0.9131476,Straight,Down,0,-0.6031189,TransSharp
416.0999,19.64507,0,-0.02975464,0.2142824,0,0.06262499,5357.136,1.701527,0.9127539,Straight,Down,0.01978234,-0.6072006,TransSharp
416.1399,19.63667,0,0.01602173,0.2539559,0,0.07517114,5357.921,1.701113,0.9123597,Straight,Down,0,-0.6112823,TransSharp
416.1798,19.63598,0,0.05081177,0.2698253,0,0.08714312,5358.707,1.700721,0.9119644,Straight,Down,0.01978234,-0.6153717,TransSharp
416.2198,19.63965,0,0.09292603,0.2737926,0,0.09873,5359.492,1.700375,0.9115682,Straight,Down,0,-0.6194458,TransSharp
416.2599,19.64532,0,0.1350439,0.2737926,0,0.1099232,5360.278,1.700069,0.9111717,Straight,Down,0,-0.6235352,TransSharp
416.2999,19.65079,0,0.1954687,0.2737926,0,0.1161132,5361.064,1.699646,0.910774,Straight,Down,0,-0.6276245,TransSharp
416.3398,19.65631,0,0.2439916,0.2737926,0,0.1191728,5361.85,1.699193,0.9103754,Straight,Down,0,-0.6317062,TransSharp
416.3799,19.66185,0,0.2787817,0.2737926,0,0.1219522,5362.636,1.698764,0.9099761,Straight,Down,0,-0.635788,TransSharp
416.4199,19.66739,0,0.3089941,0.2737926,0,0.1248343,5363.423,1.698321,0.9095763,Straight,Down,0,-0.6398849,TransSharp
416.4598,19.67285,0,0.3327978,0.2737926,0,0.12747,5364.21,1.697972,0.9091754,Straight,Down,0.01978234,-0.6439667,TransSharp
416.4998,19.6783,0,0.3630137,0.2737926,0,0.130588,5364.997,1.697737,0.9087737,Straight,Down,0,-0.648056,TransSharp
416.5399,19.68371,0,0.3987193,0.2737926,0,0.133737,5365.784,1.697478,0.9083712,Straight,Down,0,-0.652153,TransSharp
416.5799,19.68902,0,0.4234385,0.2737926,0,0.1372863,5366.571,1.696936,0.9079681,Straight,Down,0.04423466,-0.6562424,TransSharp
416.6198,19.69449,0,0.4527354,0.2737926,0,0.1412869,5367.359,1.696813,0.907564,Right,Down,0.06255726,-0.6580429,TransSharp
416.6599,19.70052,0,0.4747081,0.2737926,0,0.1450101,5368.147,1.697322,0.9071591,Right,Down,0.06255726,-0.6583481,TransSharp
416.6999,19.70673,0,0.4939342,0.2737926,0,0.1493896,5368.936,1.697764,0.9067538,Right,Down,0.06255726,-0.6586456,TransSharp
416.7398,19.71176,0,0.5223155,0.2737926,0,0.1534386,5369.724,1.698251,0.9063473,Right,Down,0.06255726,-0.6589508,TransSharp
416.7798,19.7167,0,0.5589366,0.2737926,0,0.1511911,5370.512,1.697383,0.9059401,Right,Down,0.06255726,-0.659256,TransSharp
416.8199,19.72211,0,0.619365,0.27776,0,0.1496565,5371.301,1.696725,0.9055319,Right,Down,0.06255726,-0.6595535,TransSharp
416.8599,19.72845,0,0.6724656,0.27776,0,0.1487581,5372.09,1.696028,0.9051234,Right,Down,0.06255726,-0.6598511,TransSharp
416.8998,19.73389,0,0.753032,0.27776,0,0.1488921,5372.879,1.695841,0.9047137,Right,Down,0.06255726,-0.6601563,TransSharp
416.9398,19.73896,0,0.8271933,0.27776,0,0.1503702,5373.669,1.695655,0.9043033,Right,Down,0.06255726,-0.6604538,TransSharp
416.9799,19.74463,0,0.8729696,0.27776,0,0.1529725,5374.459,1.695107,0.9038924,Right,Down,0.06255726,-0.660759,TransSharp
417.0199,19.7509,0,0.9095907,0.27776,0,0.1567899,5375.249,1.695973,0.9034804,Right,Down,0.0656106,-0.6610565,TransSharp
417.0598,19.75712,0,0.9150839,0.27776,0,0.1618633,5376.039,1.697271,0.9030676,Right,Down,0.08622923,-0.6613388,TransSharp
417.0999,19.76145,0,0.9095907,0.27776,0,0.1633375,5376.829,1.697074,0.9026539,Right,Down,0.08622923,-0.6600113,TransSharp
417.1399,19.76628,0,0.8921957,0.27776,0,0.1638586,5377.62,1.69602,0.90224,Right,Down,0.08622923,-0.6586838,TransSharp
417.1798,19.77161,0,0.8775473,0.27776,0,0.1656961,5378.411,1.694746,0.9018248,Right,Down,0.08622923,-0.6573563,TransSharp
417.2198,19.77663,0,0.8564901,0.27776,0,0.169407,5379.202,1.693806,0.9014089,Right,Down,0.08622923,-0.6560211,TransSharp
417.2599,19.78106,0,0.8445883,0.27776,0,0.1753362,5379.993,1.692716,0.9009925,Right,Down,0.08622923,-0.6546936,TransSharp
417.2999,19.78635,0,0.8436728,0.27776,0,0.1828593,5380.784,1.693511,0.9005749,Right,Down,0.08622923,-0.6533585,TransSharp
417.3398,19.79145,0,0.8436728,0.2817273,0,0.1924734,5381.576,1.695364,0.9001566,Right,Down,0.08622923,-0.6520233,TransSharp
417.3799,19.79526,0,0.8390951,0.2817273,0,0.1973763,5382.368,1.694851,0.8997376,Right,Down,0.09691329,-0.6506882,TransSharp
417.4199,19.80004,0,0.8125412,0.2817273,0,0.2039541,5383.16,1.693939,0.8993181,Right,Down,0.1065312,-0.6487122,TransSharp
417.4598,19.80625,0,0.7841599,0.2817273,0,0.2125961,5383.952,1.692763,0.8988974,Right,Down,0.1065312,-0.6460724,TransSharp
417.4998,19.81055,0,0.7383835,0.2817273,0,0.2242148,5384.744,1.691188,0.898476,Right,Down,0.1083524,-0.6434174,TransSharp
417.5399,19.81675,0,0.6889451,0.2817273,0,0.2379046,5385.537,1.691473,0.8980539,Right,Down,0.1065312,-0.64077,TransSharp
417.5799,19.82189,0,0.6431687,0.2817273,0,0.2540109,5386.33,1.693546,0.8976313,Right,Down,0.1065312,-0.6381226,TransSharp
417.6198,19.82586,0,0.571754,0.2817273,0,0.2647396,5387.123,1.692735,0.8972075,Right,Down,0.1065312,-0.6354675,TransSharp
417.6599,19.8301,0,0.5186534,0.2817273,0,0.2782233,5387.916,1.691522,0.896783,Right,Down,0.1203313,-0.6327972,TransSharp
417.6999,19.83647,0,0.439918,0.2817273,0,0.2940948,5388.709,1.689807,0.896358,Right,Down,0.1251145,-0.6293793,TransSharp
417.7398,19.84174,0,0.3749156,0.2817273,0,0.3119902,5389.503,1.688911,0.895932,Right,Down,0.1266688,-0.6255646,TransSharp
417.7798,19.84789,0,0.3392065,0.289662,0,0.3321629,5390.297,1.691043,0.8955051,Right,Down,0.1251145,-0.6217422,TransSharp
417.8199,19.85314,0,0.3263891,0.297612,0,0.3477263,5391.091,1.690625,0.8950775,Right,Down,0.1251145,-0.6179199,TransSharp
417.8599,19.86004,0,0.3263891,0.297612,0,0.364807,5391.885,1.689566,0.8946494,Right,Down,0.1266688,-0.6140823,TransSharp
417.8998,19.86909,0,0.3263891,0.297612,0,0.384249,5392.68,1.687462,0.8942204,Right,Down,0.1398823,-0.6102371,TransSharp
417.9398,19.88054,0,0.3263891,0.297612,0,0.4055584,5393.475,1.687451,0.8937904,Right,Down,0.1426525,-0.6055832,TransSharp
417.9799,19.88835,0,0.3263891,0.297612,0,0.4273483,5394.271,1.689308,0.8933601,Right,Down,0.1440177,-0.6006622,TransSharp
418.0199,19.89605,0,0.3263891,0.3015793,0,0.4444956,5395.066,1.688281,0.8929287,Right,Down,0.1440177,-0.5957413,TransSharp
418.0598,19.90366,0,0.3263891,0.3015793,0,0.4643703,5395.862,1.686511,0.8924965,Right,Down,0.1426525,-0.5908051,TransSharp
418.0999,19.91647,0,0.3263891,0.3015793,0,0.4859068,5396.659,1.684848,0.8920635,Right,Down,0.1545051,-0.5858688,TransSharp
418.1399,19.92611,0,0.3263891,0.3015793,0,0.5090538,5397.456,1.687639,0.8916301,Right,Down,0.1607126,-0.5802689,TransSharp
418.1798,19.93424,0,0.3263891,0.3015793,0,0.5258996,5398.253,1.686542,0.8911955,Right,Down,0.1607126,-0.574295,TransSharp
418.2198,19.94067,0,0.3263891,0.3015793,0,0.5454044,5399.051,1.68491,0.8907604,Right,Down,0.1594904,-0.5683136,TransSharp
418.2599,19.9557,0,0.3446996,0.3015793,0,0.5662125,5399.849,1.683621,0.8903247,Right,Down,0.1631294,-0.5623322,TransSharp
418.2999,19.96351,0,0.405128,0.3015793,0,0.5868982,5400.647,1.685793,0.8898878,Right,Down,0.1758294,-0.5563278,TransSharp
418.3398,19.97126,0,0.4829478,0.3015793,0,0.6025663,5401.446,1.684709,0.8894503,Right,Down,0.1758294,-0.5493317,TransSharp
418.3799,19.97669,0,0.5415416,0.3015793,0,0.6213416,5402.245,1.682253,0.889012,Right,Down,0.1758294,-0.5423355,TransSharp
418.4199,19.99171,0,0.6120408,0.3015793,0,0.6409754,5403.045,1.683399,0.8885733,Right,Down,0.1780411,-0.5353165,TransSharp
418.4598,19.9981,0,0.6422532,0.3015793,0,0.6570057,5403.845,1.683679,0.8881335,Right,Down,0.1907741,-0.5283051,TransSharp
418.4998,20.00361,0,0.6550705,0.27776,0,0.6728136,5404.645,1.681923,0.8876929,Right,Down,0.1928145,-0.5204544,TransSharp
418.5399,20.00997,0,0.6550705,0.2737926,0,0.6903905,5405.445,1.681077,0.8872516,Right,Down,0.1928145,-0.5124512,TransSharp
418.5799,20.01096,0,0.6550705,0.2698253,0,0.7060671,5406.246,1.682548,0.8868098,Right,Down,0.1968319,-0.5044403,TransSharp
418.6198,20.01054,0,0.6550705,0.2698253,0,0.7191374,5407.046,1.681077,0.886367,Right,Down,0.2093567,-0.4963684,TransSharp
418.6599,20.01421,0,0.6605637,0.2698253,0,0.734193,5407.847,1.679865,0.8859234,Right,Down,0.20842,-0.4873962,TransSharp
418.6999,20.01515,0,0.6724656,0.2698253,0,0.7478406,5408.648,1.681594,0.8854793,Right,Down,0.2093567,-0.4784088,TransSharp
418.7398,20.01356,0,0.6953537,0.2698253,0,0.7582679,5409.449,1.679766,0.8850342,Right,Down,0.2193969,-0.469429,TransSharp
418.7798,20.0165,0,0.7182419,0.2698253,0,0.7712379,5410.25,1.679298,0.8845884,Right,Down,0.2246844,-0.4598923,TransSharp
418.8199,20.0174,0,0.7603562,0.2698253,0,0.7817423,5411.05,1.680437,0.8841418,Right,Down,0.2246844,-0.4499435,TransSharp
418.8599,20.01505,0,0.8125412,0.2698253,0,0.7901708,5411.851,1.67779,0.8836948,Right,Down,0.2332305,-0.4399948,TransSharp
418.8998,20.01687,0,0.8445883,0.2698253,0,0.8014222,5412.652,1.679185,0.8832467,Right,Down,0.2414744,-0.4297104,TransSharp
418.9398,20.01724,0,0.8967733,0.2698253,0,0.8082495,5413.453,1.678438,0.8827978,Right,Down,0.2414744,-0.4188004,TransSharp
418.9799,20.01875,0,0.9260702,0.2698253,0,0.8157284,5414.253,1.675998,0.8823486,Right,Down,0.2486604,-0.4078903,TransSharp
419.0198,20.0177,0,0.9617758,0.2698253,0,0.8241752,5415.054,1.678789,0.8818983,Right,Down,0.2579304,-0.3966599,TransSharp
419.0598,20.01443,0,1.008468,0.2698253,0,0.8286856,5415.855,1.675858,0.8814472,Right,Down,0.2571706,-0.3847885,TransSharp
419.0999,20.01572,0,1.045089,0.2698253,0,0.8360031,5416.656,1.677629,0.8809953,Right,Down,0.2661444,-0.3729019,TransSharp
419.1399,20.01503,0,1.103686,0.2698253,0,0.8393892,5417.457,1.676084,0.8805431,Right,Down,0.2733977,-0.3605576,TransSharp
419.1798,20.01665,0,1.137561,0.2698253,0,0.8439198,5418.257,1.675247,0.8800898,Right,Down,0.2748253,-0.3477249,TransSharp
419.2198,20.01213,0,1.161364,0.2698253,0,0.8479406,5419.058,1.676241,0.8796358,Right,Down,0.2880355,-0.3348618,TransSharp
419.2599,20.01284,0,1.163195,0.2698253,0,0.8503395,5419.859,1.673072,0.8791813,Right,Down,0.2900664,-0.3212204,TransSharp
419.2999,20.00644,0,1.163195,0.2698253,0,0.8543406,5420.659,1.67607,0.8787258,Right,Down,0.2967354,-0.3073959,TransSharp
419.3398,20.00783,0,1.163195,0.2698253,0,0.8551692,5421.46,1.672408,0.8782696,Right,Down,0.3071049,-0.2933121,TransSharp
419.3799,20.00238,0,1.163195,0.2698253,0,0.8577112,5422.26,1.675512,0.8778125,Right,Down,0.3090104,-0.278511,TransSharp
419.4199,20.00464,0,1.163195,0.2698253,0,0.8572815,5423.06,1.671416,0.8773551,Right,Down,0.3220336,-0.26371,TransSharp
419.4598,19.99744,0,1.163195,0.2698253,0,0.8587561,5423.859,1.674216,0.8768966,Right,Down,0.3238513,-0.2480316,TransSharp
419.4998,19.99961,0,1.161364,0.2698253,0,0.8575798,5424.659,1.670354,0.8764374,Right,Down,0.3351346,-0.232254,TransSharp
419.5399,19.98892,0,1.160449,0.2698253,0,0.8571053,5425.459,1.672632,0.8759779,Right,Down,0.3403488,-0.2158737,TransSharp
419.5799,19.9903,0,1.156787,0.2698253,0,0.8552258,5426.259,1.669593,0.8755171,Right,Down,0.3499859,-0.1991119,TransSharp
419.6198,19.98278,0,1.151294,0.2698253,0,0.8524464,5427.058,1.671591,0.8750557,Right,Down,0.3571801,-0.1819305,TransSharp
419.6599,19.98172,0,1.143969,0.2698253,0,0.8497355,5427.857,1.670778,0.8745936,Right,Down,0.3669084,-0.1641998,TransSharp
419.6999,19.97872,0,1.138476,0.2698253,0,0.8440303,5428.656,1.672711,0.8741311,Right,Flat,0.3743001,-0.1460571,TransSharp
419.7398,19.97476,0,1.121081,0.2698253,0,0.8402733,5429.455,1.670994,0.8736674,Right,Flat,0.3846134,-0.1273499,TransSharp
419.7798,19.97479,0,1.103686,0.2698253,0,0.8327692,5430.254,1.671769,0.873203,Right,Flat,0.3911712,-0.1081467,TransSharp
419.8199,19.96861,0,1.079882,0.2698253,0,0.828122,5431.053,1.669242,0.8727381,Right,Flat,0.4039677,-0.08844757,TransSharp
419.8599,19.9685,0,1.062487,0.2698253,0,0.8197523,5431.852,1.669871,0.8722726,Right,Flat,0.4102162,-0.06808472,TransSharp
419.8998,19.96192,0,1.055163,0.2698253,0,0.8147486,5432.65,1.667601,0.8718061,Right,Flat,0.4242849,-0.04740143,TransSharp
419.9398,19.96123,0,1.049666,0.2698253,0,0.8061613,5433.449,1.668125,0.8713388,Right,Flat,0.4168407,-0.02586365,TransSharp
419.9799,19.95444,0,1.044173,0.2698253,0,0.8009465,5434.247,1.666515,0.8708712,Right,Flat,0.392669,-0.004104614,TransSharp
420.0198,19.95361,0,1.034102,0.2698253,0,0.7928802,5435.045,1.666513,0.8704026,Right,Flat,0.3886621,0.01809692,TransSharp
420.0598,19.94656,0,1.026778,0.2698253,0,0.7872802,5435.843,1.665702,0.8699331,Right,Flat,0.3794918,0.04021454,TransSharp
420.0999,19.94568,0,1.02037,0.2698253,0,0.7796339,5436.641,1.665043,0.869463,Right,Flat,0.3769049,0.06195831,TransSharp
420.1399,19.93864,0,1.015792,0.2698253,0,0.7737799,5437.438,1.665498,0.8689925,Right,Flat,0.3732531,0.08360291,TransSharp
420.1798,19.9377,0,1.013961,0.2698253,0,0.7669549,5438.236,1.663713,0.868521,Right,Flat,0.3706227,0.1048508,TransSharp
420.2198,19.93059,0,1.008468,0.2698253,0,0.7607633,5439.034,1.665394,0.8680487,Right,Flat,0.3663747,0.1259766,TransSharp
420.2599,19.92905,0,0.9983969,0.2698253,0,0.7553211,5439.831,1.662448,0.867576,Right,Flat,0.3642322,0.1467056,TransSharp
420.2999,19.92288,0,0.9919882,0.2698253,0,0.7482455,5440.627,1.66424,0.8671023,Right,Up,0.3593647,0.1673279,TransSharp
420.3398,19.91944,0,0.9791708,0.2698253,0,0.7443394,5441.424,1.661077,0.8666279,Right,Up,0.3571801,0.1875,TransSharp
420.3799,19.91497,0,0.9736776,0.2698253,0,0.7366269,5442.221,1.662634,0.8661526,Right,Up,0.3516591,0.2075958,TransSharp
420.4199,19.90825,0,0.9691,0.2698253,0,0.732672,5443.018,1.66117,0.8656772,Right,Up,0.3505445,0.2271805,TransSharp
420.4598,19.90442,0,0.9672689,0.2698253,0,0.7262666,5443.813,1.66101,0.8652006,Right,Up,0.3443497,0.2467422,TransSharp
420.4998,19.89832,0,0.9672689,0.2698253,0,0.7220579,5444.609,1.661682,0.8647233,Right,Up,0.343781,0.2657623,TransSharp
420.5399,19.89519,0,0.9617758,0.2698253,0,0.7175703,5445.405,1.659353,0.8642457,Right,Up,0.3368816,0.2847137,TransSharp
420.5799,19.89075,0,0.9553671,0.2698253,0,0.7125229,5446.201,1.660916,0.863767,Right,Up,0.3363003,0.3031845,TransSharp
420.6198,19.88642,0,0.9388876,0.2698253,0,0.7108732,5446.997,1.658017,0.8632874,Right,Up,0.329838,0.3215027,TransSharp
420.6599,19.88134,0,0.9251547,0.2698253,0,0.7049149,5447.792,1.659142,0.8628074,Right,Up,0.3274564,0.3394394,TransSharp
420.6999,19.87394,0,0.9132528,0.2698253,0,0.7024268,5448.587,1.659036,0.8623269,Right,Up,0.3232465,0.3571091,TransSharp
420.7398,19.86815,0,0.8967733,0.2698253,0,0.6996133,5449.382,1.657338,0.8618454,Right,Up,0.3183671,0.3745651,TransSharp
420.7798,19.86519,0,0.8775473,0.2698253,0,0.6960412,5450.177,1.658638,0.8613632,Right,Up,0.3165179,0.3915329,TransSharp
420.8199,19.85912,0,0.8482504,0.2698253,0,0.6959494,5450.971,1.656704,0.8608802,Right,Up,0.3090104,0.4084625,TransSharp
420.8599,19.85319,0,0.8262777,0.2698253,0,0.6923947,5451.765,1.656605,0.8603969,Right,Up,0.3083766,0.424736,TransSharp
420.8998,19.84777,0,0.8143723,0.2698253,0,0.690838,5452.559,1.657946,0.8599125,Right,Up,0.3019647,0.4409637,TransSharp
420.9398,19.84158,0,0.8024704,0.2698253,0,0.691972,5453.353,1.654912,0.8594275,Right,Up,0.2987072,0.4567795,TransSharp
420.9799,19.83774,0,0.7905686,0.2698253,0,0.6891128,5454.146,1.655526,0.858942,Right,Up,0.2960753,0.4722366,TransSharp
421.0198,19.83159,0,0.7667649,0.2698253,0,0.6892999,5454.939,1.656382,0.8584556,Right,Up,0.2873554,0.4876709,TransSharp
421.0598,19.82512,0,0.7365525,0.2698253,0,0.6908636,5455.732,1.653785,0.8579683,Right,Up,0.2880355,0.5023193,TransSharp
421.0999,19.82202,0,0.7136643,0.2698253,0,0.6892782,5456.525,1.654123,0.8574806,Right,Up,0.2818553,0.5169525,TransSharp
421.1399,19.81573,0,0.6770432,0.2698253,0,0.6906966,5457.318,1.654762,0.8569924,Right,Up,0.2762456,0.5312958,TransSharp
421.1798,19.80919,0,0.6312668,0.2698253,0,0.6934427,5458.111,1.652332,0.8565031,Right,Up,0.2762456,0.5450668,TransSharp
421.2198,19.80553,0,0.5763316,0.2698253,0,0.6928402,5458.903,1.652531,0.8560131,Right,Up,0.268341,0.5588303,TransSharp
421.2599,19.80062,0,0.5241466,0.2698253,0,0.6948037,5459.695,1.653655,0.8555229,Right,Up,0.2639296,0.5720901,TransSharp
421.2999,19.79341,0,0.4930186,0.2698253,0,0.6993991,5460.487,1.650814,0.8550315,Right,Up,0.2639296,0.5849609,TransSharp
421.3398,19.7891,0,0.4582286,0.2698253,0,0.6992061,5461.279,1.650642,0.8545395,Right,Up,0.2548778,0.5978241,TransSharp
421.3799,19.78591,0,0.4353404,0.2698253,0,0.700936,5462.07,1.651825,0.8540468,Right,Up,0.2517883,0.6100235,TransSharp
421.4199,19.77728,0,0.405128,0.2698253,0,0.7058036,5462.861,1.650307,0.8535537,Right,Up,0.25101,0.6219482,TransSharp
421.4598,19.77341,0,0.3666759,0.2698253,0,0.7080651,5463.652,1.649188,0.8530596,Right,Up,0.2406627,0.6338501,TransSharp
421.4998,19.77009,0,0.3254735,0.2698253,0,0.7092084,5464.443,1.649233,0.8525649,Right,Up,0.2382111,0.6450958,TransSharp
421.5399,19.76488,0,0.2623022,0.2698253,0,0.7128735,5465.234,1.650609,0.8520697,Right,Up,0.2373883,0.6560059,TransSharp
421.5799,19.75838,0,0.2174413,0.2698253,0,0.7189523,5466.024,1.647851,0.8515736,Right,Up,0.2289973,0.6669006,TransSharp
421.6198,19.75425,0,0.1524389,0.2698253,0,0.7197775,5466.814,1.64727,0.8510767,Right,Up,0.2229358,0.6773148,TransSharp
421.6599,19.75121,0,0.09841919,0.2698253,0,0.7206976,5467.604,1.647391,0.8505791,Right,Up,0.2220564,0.6871414,TransSharp
421.6999,19.74468,0,0.06546021,0.2698253,0,0.7237417,5468.395,1.648476,0.8500813,Right,Up,0.2193969,0.6969528,TransSharp
421.7398,19.73877,0,0.03341675,0.2698253,0,0.7284296,5469.184,1.645895,0.8495824,Right,Up,0.2065338,0.7067642,TransSharp
421.7798,19.7348,0,0.01602173,0.2698253,0,0.7282704,5469.973,1.644949,0.8490829,Right,Up,0.2055842,0.7154312,TransSharp
421.8199,19.7312,0,0.0050354,0.2698253,0,0.7272022,5470.762,1.644756,0.8485826,Right,Up,0.2055842,0.7240677,TransSharp
421.8599,19.7265,0,-0.0004577637,0.2698253,0,0.7273235,5471.551,1.645624,0.848082,Right,Up,0.199792,0.7326813,TransSharp
421.8998,19.72013,0,-0.01144409,0.2698253,0,0.7293897,5472.34,1.644907,0.8475804,Right,Up,0.1876719,0.7411118,TransSharp
421.9398,19.7155,0,-0.02243042,0.2698253,0,0.7316828,5473.129,1.642803,0.8470781,Right,Up,0.1876719,0.7484512,TransSharp
421.9799,19.71157,0,-0.02792358,0.2698253,0,0.7274408,5473.917,1.642477,0.8465755,Right,Up,0.1876719,0.7557602,TransSharp
422.0198,19.70748,0,-0.02883911,0.2698253,0,0.7236165,5474.706,1.642447,0.8460718,Right,Up,0.183454,0.7630692,TransSharp
422.0598,19.70217,0,-0.02883911,0.2936446,0,0.7207837,5475.494,1.642918,0.8455675,Right,Up,0.166689,0.7703705,TransSharp
422.0999,19.70251,0,-0.02883911,0.2936446,0,0.7191502,5476.282,1.642974,0.8450626,Right,Up,0.166689,0.7762833,TransSharp
422.1399,19.7019,0,-0.02883911,0.297612,0,0.7184192,5477.07,1.641201,0.8445573,Right,Up,0.165511,0.7821274,TransSharp
422.1798,19.70354,0,-0.02883911,0.3015793,0,0.7142136,5477.858,1.639876,0.8440509,Right,Up,0.166689,0.7879715,TransSharp
422.2198,19.70649,0,-0.02883911,0.3055466,0,0.7057397,5478.646,1.639748,0.8435438,Right,Up,0.1570175,0.7938004,TransSharp
422.2599,19.70901,0,-0.02883911,0.3134814,0,0.6981283,5479.434,1.639928,0.8430365,Right,Up,0.1412742,0.7993469,TransSharp
422.2998,19.71284,0,-0.02883911,0.3333181,0,0.6911317,5480.222,1.639875,0.8425282,Right,Up,0.1398823,0.803421,TransSharp
422.3398,19.72169,0,-0.02883911,0.3372854,0,0.6843346,5481.011,1.639958,0.8420192,Right,Up,0.1412742,0.8075104,TransSharp
422.3799,19.73112,0,-0.03433228,0.3372854,0,0.6780602,5481.8,1.639504,0.8415095,Right,Up,0.1412742,0.8115921,TransSharp
422.4199,19.7402,0,-0.0453186,0.3372854,0,0.6721251,5482.59,1.637907,0.8409995,Right,Up,0.1398823,0.8156738,TransSharp
422.4598,19.74965,0,-0.04806519,0.3372854,0,0.6663951,5483.38,1.636115,0.8404886,Right,Up,0.1219466,0.8197556,TransSharp
422.4998,19.75995,0,-0.05264282,0.3372854,0,0.6516371,5484.17,1.636226,0.8399768,Right,Up,0.1065312,0.8228531,TransSharp
422.5399,19.76976,0,-0.05722046,0.309514,0,0.6368973,5484.961,1.636454,0.8394649,Right,Up,0.1065312,0.8246307,TransSharp
422.5799,19.77249,0,-0.05813599,0.309514,0,0.6222272,5485.752,1.636553,0.8389518,Right,Up,0.1065312,0.8264008,TransSharp
422.6198,19.77629,0,-0.05813599,0.309514,0,0.6076556,5486.543,1.63635,0.8384382,Right,Up,0.1065312,0.8281631,TransSharp
422.6599,19.78011,0,-0.05813599,0.3055466,0,0.5932645,5487.334,1.635958,0.8379238,Right,Up,0.1065312,0.8299332,TransSharp
422.6999,19.78295,0,-0.05813599,0.3055466,0,0.5788304,5488.125,1.635364,0.8374093,Right,Up,0.1083524,0.8317032,TransSharp
422.7398,19.78581,0,-0.05813599,0.3055466,0,0.5642673,5488.916,1.634756,0.8368936,Right,Up,0.1046783,0.8334656,TransSharp
422.7798,19.78868,0,-0.04806519,0.3055466,0,0.5498076,5489.708,1.634159,0.8363773,Straight,Up,0.01978234,0.835228,TransSharp
422.8199,19.79151,0,-0.0453186,0.3293507,0,0.5351961,5490.5,1.63357,0.8358607,Straight,Up,0,0.83181,TransSharp
422.8599,19.79742,0,-0.04074097,0.3293507,0,0.5205535,5491.292,1.63296,0.8353431,Straight,Up,0,0.8263855,TransSharp
422.8998,19.80493,0,-0.04074097,0.3293507,0,0.5059249,5492.083,1.632345,0.8348249,Straight,Up,0,0.820961,TransSharp
422.9398,19.81288,0,-0.04074097,0.3293507,0,0.4912878,5492.876,1.631743,0.8343059,Straight,Up,0,0.8155289,TransSharp
422.9799,19.8208,0,-0.04074097,0.3293507,0,0.4766166,5493.669,1.631148,0.8337867,Straight,Up,0,0.8100891,TransSharp
423.0198,19.82873,0,-0.04074097,0.3293507,0,0.462007,5494.462,1.630568,0.8332665,Straight,Up,0,0.804657,TransSharp
423.0598,19.83662,0,-0.04074097,0.3293507,0,0.4475388,5495.255,1.630084,0.8327457,Straight,Up,0,0.7992172,TransSharp
423.0999,19.84451,0,-0.04074097,0.3333181,0,0.4329993,5496.049,1.629466,0.8322241,Straight,Up,0,0.7937775,TransSharp
423.1399,19.85289,0,-0.04074097,0.3333181,0,0.4186354,5496.843,1.628932,0.8317023,Straight,Up,0,0.7883377,TransSharp
423.1798,19.86154,0,-0.03890991,0.3333181,0,0.4039541,5497.638,1.628599,0.8311795,Straight,Up,0,0.7828903,TransSharp
423.2198,19.87024,0,-0.0352478,0.3333181,0,0.3890713,5498.433,1.628328,0.8306561,Straight,Up,0,0.7774429,TransSharp
423.2599,19.87876,0,-0.0352478,0.3372854,0,0.3739139,5499.228,1.628162,0.8301324,Straight,Up,0,0.7719955,TransSharp
423.2998,19.8878,0,-0.0352478,0.3372854,0,0.3584128,5500.023,1.62752,0.8296076,Straight,Up,0,0.7665405,TransSharp
423.3398,19.89727,0,-0.0352478,0.3372854,0,0.3427579,5500.819,1.626835,0.8290821,Straight,Up,0,0.7610855,TransSharp
423.3799,19.90653,0,-0.0352478,0.3372854,0,0.3268249,5501.615,1.626446,0.8285562,Straight,Up,0,0.7556305,TransSharp
423.4199,19.9157,0,-0.0352478,0.3372854,0,0.3107206,5502.412,1.625987,0.8280299,Straight,Up,0,0.7501602,TransSharp
423.4598,19.92485,0,-0.04623413,0.3372854,0,0.2944958,5503.208,1.625452,0.8275025,Straight,Up,0,0.7446976,TransSharp
423.4998,19.93409,0,-0.0590533,0.3372854,0,0.2782357,5504.005,1.624968,0.8269745,Straight,Up,0,0.7392349,TransSharp
423.5399,19.94313,0,-0.07736385,0.3412528,0,0.2618641,5504.803,1.624626,0.8264464,Straight,Up,0,0.7337646,TransSharp
423.5799,19.95154,0,-0.08835018,0.3412528,0,0.2451507,5505.601,1.624071,0.8259172,Straight,Up,0,0.7282944,TransSharp
423.6198,19.96253,0,-0.1176471,0.3412528,0,0.2293056,5506.399,1.622831,0.8253874,Straight,Up,0,0.7228241,TransSharp
423.6599,19.97407,0,-0.2430761,0.3412528,0,0.2194257,5507.198,1.624008,0.8248568,Straight,Up,0,0.7173462,TransSharp
423.6999,19.98507,0,-0.3620964,0.3412528,0,0.2092538,5507.998,1.624934,0.824326,Straight,Up,0,0.7118759,TransSharp
423.7398,19.99459,0,-0.5012584,0.3531548,0,0.1986355,5508.797,1.625442,0.8237944,Straight,Up,0,0.7063904,TransSharp
423.7798,20.0089,0,-0.5607694,0.3610895,0,0.1870862,5509.598,1.625696,0.8232619,Straight,Up,0,0.7008972,TransSharp
423.8199,20.02372,0,-0.5671781,0.3610895,0,0.1751436,5510.398,1.624223,0.8227293,Straight,Up,0,0.6953964,TransSharp
423.8599,20.03803,0,-0.561685,0.3610895,0,0.1625487,5511.2,1.620999,0.8221956,Straight,Up,0,0.6898956,TransSharp
423.8998,20.05556,0,-0.561685,0.3610895,0,0.1563653,5512.001,1.620873,0.8216614,Straight,Up,0,0.6843948,TransSharp
423.9398,20.07176,0,-0.561685,0.3610895,0,0.1499595,5512.804,1.6214,0.8211264,Straight,Up,-0.03426402,0.6788864,TransSharp
423.9799,20.08593,0,-0.561685,0.3610895,0,0.1425247,5513.607,1.622479,0.8205913,Left,Up,-0.1101434,0.6720276,TransSharp
424.0198,20.09892,0,-0.561685,0.3610895,0,0.1344747,5514.411,1.621231,0.8200551,Left,Up,-0.1101434,0.6583252,TransSharp
424.0598,20.11576,0,-0.561685,0.3610895,0,0.1276176,5515.216,1.618633,0.8195184,Left,Up,-0.1101434,0.6446075,TransSharp
424.0999,20.13326,0,-0.561685,0.3610895,0,0.1253751,5516.021,1.618726,0.8189809,Left,Up,-0.1101434,0.6308899,TransSharp
424.1399,20.15102,0,-0.561685,0.3610895,0,0.1213455,5516.827,1.619983,0.8184433,Left,Up,-0.1101434,0.6171417,TransSharp
424.1798,20.16084,0,-0.5598539,0.3610895,0,0.1167548,5517.633,1.618651,0.8179047,Left,Up,-0.1101434,0.6033859,TransSharp
424.2198,20.17907,0,-0.5488676,0.3412528,0,0.1152159,5518.44,1.61701,0.8173654,Left,Up,-0.1440177,0.5896072,TransSharp
424.2599,20.19348,0,-0.5351347,0.3372854,0,0.1155154,5519.248,1.617552,0.8168259,Left,Up,-0.1519511,0.5735016,TransSharp
424.2998,20.20211,0,-0.5113292,0.3333181,0,0.1141083,5520.056,1.618281,0.8162854,Left,Up,-0.1519511,0.5566406,TransSharp
424.3398,20.21076,0,-0.4701304,0.3293507,0,0.1140676,5520.864,1.615324,0.8157442,Left,Up,-0.1519511,0.5397797,TransSharp
424.3799,20.22259,0,-0.4472423,0.3293507,0,0.1182534,5521.673,1.615814,0.8152025,Left,Up,-0.1582588,0.5228882,TransSharp
424.4199,20.23003,0,-0.4472423,0.3253834,0,0.1204536,5522.482,1.616329,0.8146606,Left,Up,-0.1855749,0.5059738,TransSharp
424.4598,20.238,0,-0.4472423,0.3253834,0,0.1245115,5523.292,1.613838,0.8141176,Left,Up,-0.1855749,0.4865799,TransSharp
424.4998,20.25056,0,-0.4472423,0.3253834,0,0.132023,5524.102,1.61508,0.8135741,Left,Up,-0.1866263,0.4670868,TransSharp
424.5399,20.25745,0,-0.4298472,0.3253834,0,0.137683,5524.912,1.613456,0.8130302,Left,Up,-0.1958353,0.4475861,TransSharp
424.5799,20.26616,0,-0.3868157,0.3253834,0,0.1480255,5525.723,1.613342,0.8124855,Left,Up,-0.2167048,0.4277954,TransSharp
424.6198,20.27427,0,-0.3456169,0.3214161,0,0.1587487,5526.533,1.614064,0.81194,Left,Up,-0.2167048,0.4059753,TransSharp
424.6599,20.28496,0,-0.2980095,0.3214161,0,0.170849,5527.345,1.611569,0.811394,Left,Up,-0.2176059,0.3841629,TransSharp
424.6999,20.29412,0,-0.2687109,0.3214161,0,0.1863039,5528.156,1.613684,0.8108477,Left,Up,-0.2398483,0.3622894,TransSharp
424.7398,20.30441,0,-0.2320898,0.3214161,0,0.201788,5528.968,1.611071,0.8103005,Left,Up,-0.2454926,0.3387756,TransSharp
424.7798,20.309,0,-0.1899755,0.3214161,0,0.2226302,5529.781,1.610148,0.8097526,Left,Up,-0.2462884,0.3147659,TransSharp
424.8199,20.32189,0,-0.1615924,0.3174487,0,0.2421388,5530.593,1.608195,0.8092047,Left,Up,-0.2668786,0.2907486,TransSharp
424.8599,20.33155,0,-0.1231402,0.3174487,0,0.2618273,5531.407,1.61024,0.8086556,Left,Up,-0.2719625,0.265213,TransSharp
424.8998,20.3419,0,-0.1011676,0.309514,0,0.2804042,5532.22,1.611581,0.8081059,Left,Up,-0.2790645,0.2391968,TransSharp
424.9398,20.34862,0,-0.08835018,0.2936446,0,0.2974081,5533.034,1.612095,0.8075557,Left,Up,-0.2967354,0.2129669,TransSharp
424.9799,20.35593,0,-0.06454647,0.2658579,0,0.3132249,5533.848,1.611557,0.8070053,Left,Up,-0.2967354,0.1850128,TransSharp
425.0198,20.35683,0,-0.02975464,0.2420539,0,0.3277349,5534.663,1.610429,0.8064538,Left,Up,-0.3140353,0.1570282,TransSharp
425.0598,20.35299,0,0.02334595,0.2063325,0,0.3408363,5535.477,1.609336,0.8059018,Left,Flat,-0.3202056,0.127861,TransSharp
425.0999,20.34048,0,0.07003784,0.1864958,0,0.3522624,5536.291,1.608794,0.8053491,Left,Flat,-0.3322025,0.09809875,TransSharp
425.1399,20.32288,0,0.1130676,0.1785611,0,0.3629028,5537.104,1.606565,0.8047963,Left,Flat,-0.3432113,0.06764984,TransSharp
425.1798,20.30301,0,0.123142,0.166659,0,0.3729918,5537.916,1.604411,0.8042425,Left,Flat,-0.174713,0.03620911,TransSharp
425.2198,20.28028,0,0.123142,0.154757,0,0.3819027,5538.728,1.600952,0.803688,Right,Flat,0.06852804,0.001091003,TransSharp
425.2599,20.25984,0,0.1240575,0.1507896,0,0.387116,5539.538,1.602065,0.8031335,Right,Flat,0.06852804,-0.04237366,TransSharp
425.2998,20.23646,0,0.1295507,0.1507896,0,0.3910197,5540.348,1.605345,0.8025779,Right,Flat,0.07132626,-0.08575439,TransSharp
425.3398,20.21293,0,0.1478612,0.1507896,0,0.3942056,5541.156,1.608003,0.8020216,Right,Flat,0.07132626,-0.129097,TransSharp
425.3799,20.1893,0,0.1643407,0.1507896,0,0.3970307,5541.964,1.60889,0.8014649,Right,Down,0.06852804,-0.1724625,TransSharp
425.4199,20.16796,0,0.1652563,0.1706264,0,0.3993874,5542.771,1.608264,0.8009079,Right,Down,0.06852804,-0.2158356,TransSharp
425.4598,20.14903,0,0.1652563,0.1745937,0,0.4012099,5543.577,1.606836,0.80035,Right,Down,0.07132626,-0.2591858,TransSharp
425.4998,20.1329,0,0.1652563,0.1785611,0,0.4028282,5544.383,1.605213,0.7997915,Right,Down,0.06852804,-0.3025131,TransSharp
425.5399,20.11767,0,0.1652563,0.1825284,0,0.4042079,5545.188,1.603637,0.7992327,Right,Down,0.07132626,-0.3458176,TransSharp
425.5798,20.10329,0,0.1652563,0.1864958,0,0.4051803,5545.992,1.602171,0.798673,Right,Down,0.07132626,-0.3890686,TransSharp
425.6198,20.08938,0,0.1652563,0.1864958,0,0.4060144,5546.795,1.600994,0.7981126,Straight,Down,0.02797646,-0.432312,TransSharp
425.6599,20.07581,0,0.1652563,0.1864958,0,0.4067447,5547.599,1.600001,0.7975518,Straight,Down,-0.01978234,-0.4582138,TransSharp
425.6999,20.06229,0,0.1652563,0.1904631,0,0.4074909,5548.401,1.599143,0.7969908,Straight,Down,-0.01978234,-0.4699631,TransSharp
425.7398,20.04932,0,0.1652563,0.1904631,0,0.408205,5549.203,1.598464,0.7964287,Straight,Down,0,-0.4816971,TransSharp
425.7798,20.03672,0,0.1652563,0.1904631,0,0.4088795,5550.005,1.59771,0.795866,Straight,Down,-0.01978234,-0.4934311,TransSharp
425.8199,20.02416,0,0.1652563,0.1904631,0,0.4097609,5550.806,1.597163,0.7953033,Straight,Down,-0.01978234,-0.5051575,TransSharp
425.8599,20.01163,0,0.1652563,0.1904631,0,0.4106911,5551.606,1.596527,0.7947395,Straight,Down,-0.01978234,-0.5168686,TransSharp
425.8998,19.99913,0,0.1652563,0.1904631,0,0.4118367,5552.406,1.596012,0.7941752,Straight,Down,-0.01978234,-0.5285797,TransSharp
425.9398,19.98668,0,0.1652563,0.1904631,0,0.4131734,5553.206,1.595536,0.7936102,Straight,Down,0,-0.5402756,TransSharp
425.9799,19.97425,0,0.1652563,0.1904631,0,0.4148389,5554.005,1.595072,0.7930452,Straight,Down,0,-0.5519714,TransSharp
426.0198,19.96186,0,0.1652563,0.1904631,0,0.4167823,5554.804,1.594495,0.7924792,Straight,Down,-0.01978234,-0.5636597,TransSharp
426.0598,19.94948,0,0.1652563,0.1904631,0,0.4189763,5555.602,1.59398,0.7919125,Straight,Down,-0.01978234,-0.5753326,TransSharp
426.0999,19.93715,0,0.1652563,0.1904631,0,0.4215341,5556.399,1.593493,0.7913457,Straight,Down,-0.01978234,-0.5870056,TransSharp
426.1399,19.92486,0,0.1652563,0.1904631,0,0.4244639,5557.196,1.592988,0.790778,Straight,Down,0,-0.5986633,TransSharp
426.1798,19.91258,0,0.140537,0.1904631,0,0.427819,5557.993,1.592489,0.7902097,Straight,Down,-0.01978234,-0.6103134,TransSharp
426.2198,19.90035,0,0.1121521,0.1904631,0,0.4315077,5558.789,1.59201,0.7896407,Straight,Down,-0.01978234,-0.6219635,TransSharp
426.2599,19.88816,0,0.09292603,0.1904631,0,0.4358307,5559.585,1.591559,0.7890717,Straight,Down,-0.01978234,-0.6335907,TransSharp
426.2998,19.876,0,0.08926392,0.1904631,0,0.4403404,5560.38,1.59107,0.7885016,Straight,Down,-0.01978234,-0.6452255,TransSharp
426.3398,19.86388,0,0.0819397,0.1904631,0,0.445246,5561.175,1.590494,0.787931,Straight,Down,0,-0.6568451,TransSharp
426.3799,19.8518,0,0.03982544,0.1904631,0,0.4505879,5561.969,1.590277,0.7873599,Straight,Down,0,-0.668457,TransSharp
426.4199,19.83963,0,-0.009613037,0.1904631,0,0.4560708,5562.763,1.590435,0.7867886,Straight,Down,0,-0.6800613,TransSharp
426.4598,19.82754,0,-0.04806519,0.1904631,0,0.4619594,5563.556,1.590873,0.7862163,Straight,Down,0,-0.691658,TransSharp
426.4998,19.8155,0,-0.05355835,0.1904631,0,0.4679789,5564.349,1.590608,0.7856435,Straight,Down,-0.01978234,-0.7032394,TransSharp
426.5399,19.8035,0,-0.05355835,0.1904631,0,0.4740697,5565.141,1.59084,0.7850706,Straight,Down,0,-0.7148209,TransSharp
426.5798,19.79153,0,-0.05355835,0.1904631,0,0.4803797,5565.933,1.591561,0.7844966,Straight,Down,0,-0.7263947,TransSharp
426.6198,19.77941,0,-0.05355835,0.1904631,0,0.4867417,5566.724,1.591932,0.783922,Straight,Down,0,-0.7379608,TransSharp
426.6599,19.76736,0,-0.05355835,0.1904631,0,0.4931955,5567.515,1.592172,0.7833471,Straight,Down,0,-0.7495117,TransSharp
426.6999,19.75539,0,-0.05355835,0.1904631,0,0.4998965,5568.305,1.591874,0.7827719,Straight,Down,0,-0.7610703,TransSharp
426.7398,19.74349,0,-0.05355835,0.1904631,0,0.5066944,5569.095,1.591526,0.7821957,Straight,Down,0,-0.7726135,TransSharp
426.7798,19.73151,0,-0.05355835,0.1904631,0,0.5135313,5569.884,1.591455,0.7816191,Straight,Down,0,-0.7841415,TransSharp
426.8199,19.71958,0,-0.05355835,0.1904631,0,0.5205655,5570.673,1.591516,0.7810422,Straight,Down,-0.01978234,-0.7956696,TransSharp
426.8599,19.70769,0,-0.05172729,0.1904631,0,0.5274223,5571.461,1.591783,0.7804644,Straight,Down,0,-0.8071899,TransSharp
426.8998,19.69582,0,-0.04806519,0.1904631,0,0.5347986,5572.249,1.591918,0.779886,Straight,Down,0,-0.8187027,TransSharp
426.9398,19.684,0,-0.04806519,0.1904631,0,0.5422074,5573.036,1.592076,0.7793072,Straight,Down,0,-0.8302078,TransSharp
426.9799,19.67172,0,-0.04806519,0.1904631,0,0.549851,5573.823,1.591608,0.7787281,Straight,Down,0,-0.8416977,TransSharp
427.0198,19.66172,0,-0.04806519,0.1904631,0,0.560553,5574.61,1.591376,0.7781481,Straight,Down,0,-0.8531799,TransSharp
427.0598,19.65128,0,-0.0590533,0.1904631,0,0.5758139,5575.396,1.592616,0.7775676,Straight,Down,0,-0.8646545,TransSharp
427.0999,19.64058,0,-0.0892657,0.1904631,0,0.5909624,5576.182,1.59353,0.776987,Straight,Down,0,-0.8761215,TransSharp
427.1399,19.62967,0,-0.1551837,0.1904631,0,0.6058463,5576.967,1.593442,0.7764054,Straight,Down,0,-0.8875809,TransSharp
427.1798,19.61999,0,-0.2375829,0.1904631,0,0.6210068,5577.752,1.592734,0.7758232,Straight,Down,0,-0.8990402,TransSharp
427.2198,19.61024,0,-0.2906835,0.1904631,0,0.6357753,5578.536,1.591709,0.7752405,Straight,Down,-0.01978234,-0.9105072,TransSharp
427.2599,19.60053,0,-0.3154045,0.1904631,0,0.650357,5579.32,1.590684,0.7746577,Straight,Down,-0.01978234,-0.9219666,TransSharp
427.2998,19.5908,0,-0.3154045,0.1904631,0,0.6643897,5580.104,1.589489,0.774074,Straight,Down,0,-0.9334183,TransSharp
427.3398,19.58105,0,-0.3108269,0.1904631,0,0.6782299,5580.887,1.588342,0.7734897,Straight,Down,0,-0.9448624,TransSharp
427.3799,19.57132,0,-0.3025872,0.1904631,0,0.6916218,5581.67,1.587484,0.7729048,Straight,Down,-0.01978234,-0.9563065,TransSharp
427.4199,19.56161,0,-0.291599,0.1904631,0,0.7045666,5582.453,1.586787,0.7723199,Straight,Down,0,-0.9677429,TransSharp
427.4598,19.55191,0,-0.2787817,0.1904631,0,0.7170825,5583.235,1.586164,0.7717341,Straight,Down,-0.03426402,-0.9769745,TransSharp
427.4998,19.54221,0,-0.2732885,0.1904631,0,0.7291479,5584.017,1.585463,0.7711475,Straight,Down,-0.02797646,-0.9786072,TransSharp
427.5399,19.53249,0,-0.2632177,0.1904631,0,0.7408215,5584.798,1.584759,0.7705612,Straight,Down,-0.02797646,-0.9802475,TransSharp
427.5798,19.52279,0,-0.2604711,0.1944305,0,0.7516169,5585.579,1.58462,0.7699736,Straight,Down,-0.02797646,-0.9818802,TransSharp
427.6198,19.51346,0,-0.256809,0.1944305,0,0.7618012,5586.359,1.584512,0.7693856,Straight,Down,-0.02797646,-0.9835129,TransSharp
427.6599,19.50452,0,-0.256809,0.1944305,0,0.7714494,5587.14,1.583383,0.7687971,Straight,Down,-0.02797646,-0.9851379,TransSharp
427.6999,19.49555,0,-0.256809,0.1944305,0,0.7804347,5587.92,1.582349,0.7682084,Straight,Down,-0.02797646,-0.9867706,TransSharp
427.7398,19.48639,0,-0.256809,0.1944305,0,0.788243,5588.699,1.581651,0.7676189,Straight,Down,-0.02797646,-0.9884033,TransSharp
427.7798,19.47726,0,-0.2668798,0.1944305,0,0.7950544,5589.479,1.581221,0.7670288,Straight,Down,-0.03426402,-0.9900284,TransSharp
427.8199,19.46824,0,-0.2787817,0.1944305,0,0.8014734,5590.257,1.580709,0.7664387,Straight,Down,-0.03426402,-0.9916611,TransSharp
427.8599,19.45903,0,-0.2815282,0.1944305,0,0.8072762,5591.036,1.580007,0.7658475,Straight,Down,-0.02797646,-0.9932861,TransSharp
427.8998,19.44958,0,-0.2851903,0.1944305,0,0.812584,5591.814,1.579269,0.7652558,Straight,Down,-0.03426402,-0.9949112,TransSharp
427.9398,19.44113,0,-0.2851903,0.1944305,0,0.8199402,5592.591,1.57874,0.7646637,Straight,Down,-0.02797646,-0.9965363,TransSharp
427.9799,19.4325,0,-0.2851903,0.1944305,0,0.8312408,5593.369,1.57888,0.7640715,Straight,Down,-0.02797646,-0.9981613,TransSharp
428.0198,19.42377,0,-0.2851903,0.1944305,0,0.8417482,5594.146,1.578818,0.7634782,Straight,Down,-0.02797646,-0.9997864,TransSharp
428.0598,19.41499,0,-0.2851903,0.1944305,0,0.8509086,5594.922,1.578365,0.7628844,Straight,Down,-0.02797646,-1.001411,TransSharp
428.0999,19.40668,0,-0.2851903,0.1944305,0,0.8592439,5595.699,1.57762,0.7622907,Straight,Down,-0.03426402,-1.003036,TransSharp
428.1399,19.39838,0,-0.2851903,0.1944305,0,0.866557,5596.475,1.576683,0.761696,Straight,Down,-0.02797646,-1.004654,TransSharp
428.1798,19.39009,0,-0.2751195,0.1944305,0,0.8729872,5597.25,1.575677,0.7611007,Straight,Down,-0.02797646,-1.006279,TransSharp
428.2198,19.38182,0,-0.2687109,0.1944305,0,0.8788137,5598.026,1.574704,0.7605049,Straight,Down,-0.03426402,-1.007904,TransSharp
428.2599,19.37355,0,-0.2632177,0.1944305,0,0.8835586,5598.801,1.573701,0.7599091,Straight,Down,-0.02797646,-1.009529,TransSharp
428.2998,19.36533,0,-0.2613866,0.1944305,0,0.8879687,5599.576,1.572743,0.7593124,Straight,Down,-0.02797646,-1.011147,TransSharp
428.3398,19.35718,0,-0.2558935,0.1944305,0,0.8912441,5600.35,1.571864,0.758715,Straight,Down,-0.02797646,-1.012772,TransSharp
428.3799,19.34859,0,-0.2439916,0.1944305,0,0.8938208,5601.125,1.571506,0.7581173,Straight,Down,-0.03956468,-1.014389,TransSharp
428.4199,19.34026,0,-0.2330053,0.1944305,0,0.8954585,5601.898,1.570205,0.7575194,Straight,Down,-0.03956468,-1.014366,TransSharp
428.4598,19.33164,0,-0.2256811,0.1944305,0,0.8966858,5602.671,1.568818,0.7569207,Straight,Down,-0.04423466,-1.013512,TransSharp
428.4998,19.32308,0,-0.2256811,0.1706264,0,0.8965402,5603.444,1.567761,0.7563213,Straight,Down,-0.03956468,-1.012642,TransSharp
428.5399,19.31124,0,-0.2275121,0.1626917,0,0.8954113,5604.217,1.566985,0.755722,Straight,Down,-0.04423466,-1.01178,TransSharp
428.5798,19.29609,0,-0.2366674,0.154757,0,0.8933539,5604.989,1.566316,0.7551216,Straight,Down,-0.03956468,-1.01091,TransSharp
428.6198,19.27901,0,-0.2366674,0.142855,0,0.8905261,5605.76,1.565528,0.754521,Straight,Down,-0.03956468,-1.010056,TransSharp
428.6599,19.26019,0,-0.2366674,0.09523156,0,0.8920433,5606.531,1.565375,0.7539197,Straight,Down,-0.03956468,-1.009186,TransSharp
428.6999,19.23201,0,-0.2201879,0.05159075,0,0.8952276,5607.3,1.565565,0.7533184,Straight,Down,-0.03956468,-1.008324,TransSharp
428.7398,19.19361,0,-0.18906,0,0,0.8974476,5608.068,1.565711,0.752716,Straight,Down,-0.03956468,-1.007462,TransSharp
428.7798,19.14291,0,-0.1606768,0,0,0.8988163,5608.834,1.565539,0.7521133,Straight,Down,-0.03956468,-1.006599,TransSharp
428.8199,19.09252,0,-0.1542681,0,0,0.8993057,5609.599,1.565077,0.7515106,Straight,Down,-0.03956468,-1.005753,TransSharp
428.8599,19.04235,0,-0.1542681,0,0,0.8989295,5610.361,1.56436,0.7509068,Straight,Down,-0.03956468,-1.004898,TransSharp
428.8998,18.99237,0,-0.1542681,0,0,0.8978547,5611.121,1.563627,0.7503026,Straight,Down,-0.03956468,-1.004044,TransSharp
428.9398,18.94256,0,-0.1542681,0,0,0.8961276,5611.879,1.56298,0.7496978,Straight,Down,-0.03956468,-1.003189,TransSharp
428.9799,18.89262,0,-0.16617,0,0,0.8931812,5612.636,1.562645,0.7490931,Straight,Down,-0.03956468,-1.002335,TransSharp
429.0198,18.84286,0,-0.1725787,0,0,0.8894269,5613.39,1.562297,0.7484873,Straight,Down,-0.03956468,-1.001488,TransSharp
429.0598,18.793,0,-0.18906,0,0,0.885178,5614.143,1.560679,0.7478812,Straight,Down,-0.03956468,-1.000641,TransSharp
429.0999,18.74335,0,-0.1954687,0,0,0.8802898,5614.893,1.559403,0.7472749,Straight,Down,-0.04845664,-0.999794,TransSharp
429.1399,18.6937,0,-0.2018774,0,0,0.8739933,5615.642,1.558626,0.7466678,Straight,Down,-0.04845664,-0.9981537,TransSharp
429.1798,18.64428,0,-0.2018774,0,0,0.8664915,5616.388,1.557845,0.7460601,Straight,Down,-0.04845664,-0.9956818,TransSharp
429.2198,18.59517,0,-0.2037084,0,0,0.8591675,5617.133,1.556908,0.7454521,Straight,Down,-0.04845664,-0.9932175,TransSharp
429.2599,18.54613,0,-0.2201879,0,0,0.8585562,5617.875,1.557042,0.744844,Left,Down,-0.05233916,-0.9907532,TransSharp
429.2998,18.49715,0,-0.2504003,0,0,0.8570579,5618.616,1.557024,0.7442348,Straight,Down,-0.04845664,-0.9883041,TransSharp
429.3398,18.44849,0,-0.274204,0,0,0.8549542,5619.355,1.55699,0.7436253,Left,Down,-0.05233916,-0.9858551,TransSharp
429.3799,18.39999,0,-0.297094,0,0,0.8518877,5620.092,1.556559,0.7430157,Left,Down,-0.05233916,-0.9834137,TransSharp
429.4199,18.35168,0,-0.3035027,0,0,0.8483024,5620.827,1.556019,0.7424053,Straight,Down,-0.04845664,-0.9809723,TransSharp
429.4598,18.30357,0,-0.3053337,0,0,0.8437951,5621.56,1.55529,0.7417943,Left,Down,-0.05233916,-0.9785461,TransSharp
429.4998,18.25547,0,-0.3053337,0,0,0.8386612,5622.291,1.554721,0.7411828,Left,Down,-0.05233916,-0.9761124,TransSharp
429.5399,18.20732,0,-0.3025872,0,0,0.8321892,5623.02,1.554556,0.7405714,Left,Down,-0.05233916,-0.9736938,TransSharp
429.5798,18.15907,0,-0.291599,0,0,0.8251399,5623.747,1.553396,0.7399591,Left,Down,-0.05233916,-0.9712753,TransSharp
429.6198,18.111,0,-0.2623022,0,0,0.8173661,5624.472,1.551771,0.7393462,Straight,Down,-0.04845664,-0.9688644,TransSharp
429.6599,18.06297,0,-0.2192724,0,0,0.8089229,5625.195,1.550455,0.7387329,Left,Down,-0.05233916,-0.9664612,TransSharp
429.6999,18.01542,0,-0.1835668,0,0,0.7991794,5625.916,1.549447,0.7381195,Left,Down,-0.05595291,-0.9640656,TransSharp
429.7398,17.96787,0,-0.1716632,0,0,0.7904025,5626.635,1.54856,0.7375053,Left,Down,-0.05934703,-0.9614105,TransSharp
429.7798,17.92046,0,-0.1716632,0,0,0.7869881,5627.353,1.548693,0.7368906,Left,Down,-0.06255726,-0.957695,TransSharp
429.8199,17.87309,0,-0.1716632,0.003967346,0,0.7830421,5628.068,1.548839,0.736276,Left,Down,-0.06255726,-0.9539795,TransSharp
429.8598,17.82699,0,-0.1899755,0.003967346,0,0.7784244,5628.781,1.548911,0.7356603,Left,Down,-0.06255726,-0.9502716,TransSharp
429.8998,17.78096,0,-0.2128637,0.007934691,0,0.7731363,5629.493,1.548604,0.7350442,Left,Down,-0.05934703,-0.946579,TransSharp
429.9398,17.7357,0,-0.2265966,0.007934691,0,0.7671079,5630.202,1.548163,0.7344277,Left,Down,-0.05934703,-0.942894,TransSharp
429.9799,17.69077,0,-0.239414,0.007934691,0,0.7601671,5630.911,1.547779,0.7338111,Left,Down,-0.05934703,-0.939209,TransSharp
430.0198,17.64576,0,-0.2430761,0.007934691,0,0.7520965,5631.617,1.547871,0.7331936,Left,Down,-0.06255726,-0.9355316,TransSharp
430.0598,17.60059,0,-0.2430761,0.007934691,0,0.7434689,5632.322,1.546642,0.7325758,Left,Down,-0.05934703,-0.9318695,TransSharp
430.0999,17.55566,0,-0.2275121,0.007934691,0,0.7342775,5633.024,1.545106,0.7319579,Left,Down,-0.06255726,-0.9282074,TransSharp
430.1399,17.51095,0,-0.2128637,0.007934691,0,0.7243372,5633.725,1.543715,0.731339,Left,Down,-0.06255726,-0.9245605,TransSharp
430.1798,17.46672,0,-0.190891,0.007934691,0,0.7130858,5634.424,1.542341,0.7307197,Left,Down,-0.05934703,-0.9209213,TransSharp
430.2198,17.42221,0,-0.1835668,0.007934691,0,0.7077222,5635.122,1.542242,0.7301,Left,Down,-0.06255726,-0.9172897,TransSharp
430.2599,17.37781,0,-0.1707476,0.007934691,0,0.7026957,5635.817,1.542292,0.7294803,Left,Down,-0.07132626,-0.9136734,TransSharp
430.2998,17.33344,0,-0.1551837,0.007934691,0,0.6971179,5636.511,1.542472,0.7288597,Left,Down,-0.07401875,-0.9090652,TransSharp
430.3398,17.28955,0,-0.1478595,0.007934691,0,0.6912212,5637.203,1.54238,0.7282386,Left,Down,-0.07132626,-0.9042358,TransSharp
430.3799,17.24581,0,-0.1368731,0.007934691,0,0.684521,5637.893,1.541866,0.7276176,Left,Down,-0.07132626,-0.8994141,TransSharp
430.4199,17.20182,0,-0.1359576,0.007934691,0,0.6769761,5638.582,1.541801,0.7269957,Left,Down,-0.07132626,-0.8946075,TransSharp
430.4598,17.15765,0,-0.1359576,0.007934691,0,0.6688254,5639.269,1.541847,0.7263733,Left,Down,-0.07132626,-0.8898087,TransSharp
430.4998,17.1136,0,-0.1359576,0.01190204,0,0.6605309,5639.954,1.539989,0.7257505,Left,Down,-0.07132626,-0.8850098,TransSharp
430.5399,17.07102,0,-0.1359576,0.01190204,0,0.6516975,5640.637,1.538363,0.7251276,Left,Down,-0.07132626,-0.8802338,TransSharp
430.5798,17.02857,0,-0.1359576,0.01190204,0,0.6420428,5641.318,1.536497,0.7245039,Left,Down,-0.07401875,-0.8754654,TransSharp
430.6198,16.9861,0,-0.1359576,0.01190204,0,0.6367691,5641.998,1.536295,0.7238798,Left,Down,-0.07132626,-0.8707123,TransSharp
430.6599,16.94356,0,-0.1414508,0.02777142,0,0.6327429,5642.676,1.536576,0.7232552,Left,Down,-0.07132626,-0.8659668,TransSharp
430.6999,16.90407,0,-0.1469439,0.05952545,0,0.6284048,5643.353,1.536879,0.7226306,Left,Down,-0.07401875,-0.8612366,TransSharp
430.7398,16.87154,0,-0.1542681,0.07936218,0,0.6235329,5644.028,1.536935,0.7220052,Left,Down,-0.08156469,-0.856514,TransSharp
430.7798,16.84362,0,-0.1670855,0.08332952,0,0.6178563,5644.702,1.536877,0.7213793,Left,Down,-0.08156469,-0.8506317,TransSharp
430.8199,16.81683,0,-0.1799047,0.08332952,0,0.6111704,5645.375,1.537285,0.7207534,Left,Down,-0.08392937,-0.8447189,TransSharp
430.8598,16.78983,0,-0.2037084,0.08332952,0,0.6044286,5646.046,1.535811,0.7201267,Left,Down,-0.08156469,-0.8388214,TransSharp
430.8998,16.76325,0,-0.2384984,0.08332952,0,0.5973876,5646.717,1.533849,0.7194995,Left,Down,-0.08392937,-0.8329163,TransSharp
430.9398,16.73722,0,-0.2687109,0.08332952,0,0.5897044,5647.387,1.531384,0.7188719,Left,Down,-0.08156469,-0.827034,TransSharp
430.9799,16.71122,0,-0.3108269,0.08332952,0,0.5861304,5648.056,1.530935,0.7182444,Left,Down,-0.08392937,-0.8211594,TransSharp
431.0198,16.68483,0,-0.3382927,0.08332952,0,0.5836628,5648.723,1.531144,0.7176159,Left,Down,-0.08392937,-0.8152924,TransSharp
431.0598,16.65832,0,-0.3620964,0.08332952,0,0.5808443,5649.39,1.531375,0.716987,Left,Down,-0.08156469,-0.8094482,TransSharp
431.0999,16.632,0,-0.3703362,0.08332952,0,0.5774531,5650.055,1.531517,0.7163582,Left,Down,-0.08156469,-0.8036041,TransSharp
431.1399,16.60538,0,-0.380407,0.08332952,0,0.5728577,5650.72,1.532081,0.7157285,Left,Down,-0.09065409,-0.79776,TransSharp
431.1798,16.57858,0,-0.3932244,0.08332952,0,0.5681676,5651.383,1.53197,0.7150983,Left,Down,-0.09487279,-0.7913361,TransSharp
431.2198,16.55218,0,-0.4051262,0.08332952,0,0.5628133,5652.046,1.529865,0.7144677,Left,Down,-0.09487279,-0.7842941,TransSharp
431.2599,16.52654,0,-0.422523,0.08729687,0,0.5568732,5652.707,1.527221,0.7138373,Left,Down,-0.09487279,-0.7772675,TransSharp
431.2998,16.50139,0,-0.4280162,0.08729687,0,0.5543565,5653.367,1.526244,0.7132058,Left,Down,-0.09487279,-0.7702484,TransSharp
431.3398,16.47603,0,-0.4289317,0.1111009,0,0.5526033,5654.026,1.526248,0.712574,Left,Down,-0.09487279,-0.7632523,TransSharp
431.3799,16.45454,0,-0.4362559,0.1388876,0,0.5505565,5654.685,1.526447,0.7119421,Left,Down,-0.09487279,-0.7562637,TransSharp
431.4199,16.43988,0,-0.4472423,0.166659,0,0.5474141,5655.342,1.527084,0.7113096,Left,Down,-0.09487279,-0.7492752,TransSharp
431.4598,16.43142,0,-0.471046,0.1825284,0,0.5431365,5656,1.528131,0.7106765,Left,Down,-0.09487279,-0.7422791,TransSharp
431.4998,16.42606,0,-0.4985118,0.1825284,0,0.538285,5656.657,1.52671,0.7100431,Left,Down,-0.1008706,-0.7352905,TransSharp
431.5399,16.42145,0,-0.5168223,0.1864958,0,0.5328971,5657.314,1.523842,0.7094097,Left,Down,-0.1083524,-0.7279968,TransSharp
431.5798,16.4183,0,-0.5296415,0.2103151,0,0.5293203,5657.971,1.521681,0.7087753,Left,Down,-0.1083524,-0.7197571,TransSharp
431.6198,16.41929,0,-0.5351347,0.2301518,0,0.527566,5658.627,1.521722,0.7081406,Left,Down,-0.1083524,-0.7115173,TransSharp
431.6599,16.42443,0,-0.5351347,0.2539559,0,0.5253034,5659.285,1.52194,0.7075056,Left,Down,-0.1083524,-0.7032776,TransSharp
431.6999,16.4345,0,-0.5351347,0.2579232,0,0.5214539,5659.942,1.522967,0.7068706,Left,Down,-0.1083524,-0.6950378,TransSharp
431.7398,16.44574,0,-0.5351347,0.2579232,0,0.5168548,5660.6,1.524168,0.7062346,Left,Down,-0.1083524,-0.6867752,TransSharp
431.7798,16.45551,0,-0.5351347,0.2618906,0,0.5113141,5661.258,1.521472,0.7055982,Left,Down,-0.1065312,-0.6784973,TransSharp
431.8199,16.46929,0,-0.530557,0.2618906,0,0.5049164,5661.917,1.518051,0.7049621,Left,Down,-0.1119058,-0.6702194,TransSharp
431.8598,16.48298,0,-0.523231,0.2737926,0,0.50344,5662.576,1.517621,0.704325,Left,Down,-0.1203313,-0.6619339,TransSharp
431.8998,16.49865,0,-0.5168223,0.2737926,0,0.5001212,5663.235,1.51769,0.7036874,Left,Down,-0.1219466,-0.6523056,TransSharp
431.9398,16.51293,0,-0.5113292,0.2737926,0,0.4956236,5663.896,1.518994,0.7030495,Left,Down,-0.1219466,-0.6426849,TransSharp
431.9799,16.52541,0,-0.5067515,0.2737926,0,0.4900674,5664.557,1.520227,0.7024117,Left,Down,-0.1219466,-0.6330338,TransSharp
432.0198,16.53838,0,-0.505836,0.2737926,0,0.4837457,5665.218,1.517081,0.701773,Left,Down,-0.1219466,-0.6233673,TransSharp
432.0598,16.55417,0,-0.505836,0.2737926,0,0.4784081,5665.88,1.514309,0.7011339,Left,Down,-0.1219466,-0.6136932,TransSharp
432.0999,16.57002,0,-0.505836,0.2737926,0,0.4761498,5666.542,1.513978,0.7004949,Left,Down,-0.1235407,-0.6040192,TransSharp
432.1399,16.58536,0,-0.505836,0.2737926,0,0.471833,5667.206,1.514607,0.699855,Left,Down,-0.132704,-0.5943298,TransSharp
432.1798,16.59649,0,-0.505836,0.2737926,0,0.4664505,5667.87,1.51676,0.6992148,Left,Down,-0.1356209,-0.5836258,TransSharp
432.2198,16.60765,0,-0.5076671,0.2539559,0,0.4605084,5668.534,1.514989,0.6985741,Left,Down,-0.1356209,-0.5724945,TransSharp
432.2599,16.61828,0,-0.5195689,0.2539559,0,0.4541259,5669.198,1.511297,0.6979336,Left,Down,-0.1370561,-0.5613556,TransSharp
432.2998,16.62871,0,-0.5424589,0.2539559,0,0.452384,5669.863,1.510773,0.697292,Left,Down,-0.1370561,-0.5502167,TransSharp
432.3398,16.63923,0,-0.5598539,0.2539559,0,0.4476399,5670.529,1.511522,0.6966503,Left,Down,-0.1370561,-0.5390701,TransSharp
432.3799,16.64585,0,-0.5763334,0.2539559,0,0.4421102,5671.195,1.514205,0.6960086,Left,Down,-0.14537,-0.5279083,TransSharp
432.4199,16.65291,0,-0.5845731,0.2499886,0,0.4358485,5671.861,1.511003,0.695366,Left,Down,-0.1519511,-0.5162277,TransSharp
432.4598,16.66207,0,-0.5955595,0.2499886,0,0.4311513,5672.527,1.508286,0.694723,Left,Down,-0.1532334,-0.5035629,TransSharp
432.4998,16.67115,0,-0.6056303,0.2499886,0,0.4286001,5673.194,1.508069,0.6940798,Left,Down,-0.1519511,-0.4908829,TransSharp
432.5399,16.67912,0,-0.61387,0.2499886,0,0.4229568,5673.861,1.510255,0.6934365,Left,Down,-0.1532334,-0.4781952,TransSharp
432.5798,16.68142,0,-0.6257719,0.2499886,0,0.4172743,5674.528,1.509438,0.6927924,Left,Down,-0.1532334,-0.4654999,TransSharp
432.6198,16.69077,0,-0.6367582,0.2499886,0,0.4120615,5675.195,1.505869,0.6921479,Left,Down,-0.1643245,-0.4528046,TransSharp
432.6599,16.69979,0,-0.6486619,0.2499886,0,0.4099387,5675.863,1.505775,0.6915035,Left,Down,-0.1690205,-0.4390945,TransSharp
432.6999,16.70652,0,-0.6596482,0.2499886,0,0.4049281,5676.531,1.508046,0.6908584,Left,Down,-0.1690205,-0.4247665,TransSharp
432.7398,16.70988,0,-0.6733811,0.2499886,0,0.3994184,5677.199,1.507345,0.6902127,Left,Down,-0.1701742,-0.4104385,TransSharp
432.7798,16.71614,0,-0.702678,0.2499886,0,0.3955298,5677.868,1.504654,0.6895669,Left,Down,-0.1701742,-0.3960876,TransSharp
432.8199,16.72281,0,-0.7246506,0.2499886,0,0.3940177,5678.537,1.502837,0.6889209,Left,Down,-0.1802258,-0.3817291,TransSharp
432.8598,16.73072,0,-0.7438767,0.2499886,0,0.3897184,5679.206,1.502172,0.6882743,Left,Down,-0.1866263,-0.3666229,TransSharp
432.8998,16.73276,0,-0.7447922,0.2499886,0,0.384027,5679.875,1.503423,0.6876271,Left,Down,-0.1866263,-0.3505402,TransSharp
432.9398,16.73633,0,-0.7447922,0.2499886,0,0.3837725,5680.544,1.501355,0.6869798,Left,Down,-0.1866263,-0.334465,TransSharp
432.9799,16.74332,0,-0.7447922,0.2499886,0,0.3820984,5681.214,1.498322,0.6863323,Left,Down,-0.1897456,-0.3183899,TransSharp
433.0198,16.74629,0,-0.7447922,0.2499886,0,0.3781826,5681.884,1.500803,0.6856843,Left,Down,-0.2027088,-0.3022995,TransSharp
433.0598,16.74838,0,-0.7447922,0.2499886,0,0.379071,5682.554,1.499582,0.6850357,Left,Down,-0.2055842,-0.2848587,TransSharp
433.0999,16.7565,0,-0.7447922,0.2499886,0,0.3791369,5683.224,1.497179,0.6843873,Left,Down,-0.2065338,-0.2669907,TransSharp
433.1398,16.75771,0,-0.7447922,0.2499886,0,0.3779715,5683.894,1.500132,0.6837382,Left,Down,-0.2065338,-0.2490845,TransSharp
433.1798,16.76083,0,-0.7447922,0.2499886,0,0.3818427,5684.565,1.498363,0.6830885,Left,Down,-0.2193969,-0.2311859,TransSharp
433.2198,16.7683,0,-0.7447922,0.2499886,0,0.3837163,5685.236,1.496419,0.6824385,Left,Down,-0.2255535,-0.212265,TransSharp
433.2599,16.76961,0,-0.7447922,0.2499886,0,0.3842967,5685.907,1.49949,0.6817887,Left,Down,-0.2264194,-0.1924515,TransSharp
433.2998,16.77244,0,-0.7447922,0.2499886,0,0.3895076,5686.578,1.497952,0.6811382,Left,Down,-0.2289973,-0.1726379,TransSharp
433.3398,16.77915,0,-0.7447922,0.2499886,0,0.3929456,5687.249,1.495665,0.680487,Left,Down,-0.2430897,-0.1528397,TransSharp
433.3799,16.78212,0,-0.7447922,0.2499886,0,0.3943803,5687.919,1.497927,0.6798362,Left,Flat,-0.2478722,-0.1315994,TransSharp
433.4199,16.78575,0,-0.7447922,0.2499886,0,0.4003394,5688.591,1.496861,0.6791844,Left,Flat,-0.2470816,-0.1097641,TransSharp
433.4598,16.78979,0,-0.7447922,0.2499886,0,0.4052934,5689.263,1.494683,0.6785324,Left,Flat,-0.2586879,-0.08795929,TransSharp
433.4998,16.79507,0,-0.7447922,0.2499886,0,0.4087745,5689.935,1.49488,0.6778799,Left,Flat,-0.2719625,-0.06611633,TransSharp
433.5399,16.79962,0,-0.7447922,0.2499886,0,0.4133543,5690.607,1.495522,0.6772277,Left,Flat,-0.2712421,-0.04428864,TransSharp
433.5798,16.8032,0,-0.7429612,0.2499886,0,0.4195443,5691.279,1.494167,0.6765745,Left,Flat,-0.2853053,-0.02248383,TransSharp
433.6198,16.80868,0,-0.737468,0.2499886,0,0.4244391,5691.951,1.491481,0.6759211,Left,Flat,-0.3102743,-0.003067017,TransSharp
433.6599,16.81486,0,-0.7255661,0.2499886,0,0.4266513,5692.624,1.493334,0.6752678,Left,Flat,-0.3109043,-0.01508331,TransSharp
433.6999,16.81818,0,-0.7072556,0.2499886,0,0.4326828,5693.296,1.49284,0.6746136,Left,Flat,-0.302612,-0.02710724,TransSharp
433.7398,16.82132,0,-0.6889451,0.2499886,0,0.4386578,5693.969,1.491451,0.6739591,Left,Flat,-0.2920831,-0.03897095,TransSharp
433.7798,16.82771,0,-0.6779587,0.2499886,0,0.4430528,5694.642,1.489038,0.6733044,Left,Flat,-0.2920831,-0.05024719,TransSharp
433.8199,16.83293,0,-0.6605637,0.2499886,0,0.4448566,5695.315,1.490936,0.6726497,Left,Flat,-0.2839303,-0.06152344,TransSharp
433.8598,16.83708,0,-0.654155,0.2499886,0,0.4509711,5695.989,1.490374,0.6719942,Left,Flat,-0.2741124,-0.07264709,TransSharp
433.8998,16.84026,0,-0.6495774,0.2499886,0,0.4567542,5696.663,1.489152,0.6713383,Left,Flat,-0.2733977,-0.08319855,TransSharp
433.9398,16.846,0,-0.6477463,0.2499886,0,0.4609617,5697.336,1.486275,0.6706821,Left,Flat,-0.268341,-0.09375763,TransSharp
433.9799,16.8528,0,-0.6358427,0.2499886,0,0.4626672,5698.01,1.487294,0.6700262,Left,Flat,-0.2564087,-0.1043091,TransSharp
434.0198,16.85729,0,-0.6257719,0.2737926,0,0.4659979,5698.684,1.487978,0.6693693,Left,Flat,-0.2564087,-0.114151,TransSharp
434.0598,16.86758,0,-0.6184477,0.2737926,0,0.4713615,5699.359,1.487311,0.6687121,Left,Flat,-0.2556444,-0.1239929,TransSharp
434.0999,16.87688,0,-0.6083769,0.2737926,0,0.4757895,5700.034,1.485312,0.6680551,Left,Flat,-0.2438933,-0.1338425,TransSharp
434.1398,16.89066,0,-0.6065458,0.2737926,0,0.4776483,5700.709,1.483539,0.6673973,Left,Flat,-0.2382111,-0.1432877,TransSharp
434.1798,16.90052,0,-0.5955595,0.2737926,0,0.4775437,5701.385,1.48514,0.6667392,Left,Down,-0.2390311,-0.1524277,TransSharp
434.2198,16.9101,0,-0.5726713,0.27776,0,0.4811643,5702.062,1.484866,0.6660807,Left,Down,-0.2349025,-0.1615753,TransSharp
434.2599,16.9205,0,-0.5525297,0.27776,0,0.4850448,5702.738,1.483968,0.6654224,Left,Down,-0.2229358,-0.170723,TransSharp
434.2998,16.93168,0,-0.5186534,0.2817273,0,0.4875174,5703.416,1.481888,0.6647633,Left,Down,-0.2211734,-0.179306,TransSharp
434.3398,16.94547,0,-0.4985118,0.2817273,0,0.4880408,5704.093,1.480264,0.6641039,Left,Down,-0.2211734,-0.1877747,TransSharp
434.3799,16.95824,0,-0.4600596,0.2817273,0,0.4865585,5704.771,1.481636,0.6634446,Left,Down,-0.2176059,-0.1962357,TransSharp
434.4199,16.97004,0,-0.4124522,0.2817273,0,0.4880663,5705.45,1.4819,0.6627845,Left,Down,-0.2055842,-0.2046967,TransSharp
434.4598,16.98156,0,-0.3758293,0.2817273,0,0.4910499,5706.129,1.481016,0.6621242,Left,Down,-0.2046302,-0.2125854,TransSharp
434.4998,16.99365,0,-0.3263909,0.2817273,0,0.492652,5706.809,1.479466,0.6614634,Left,Down,-0.2046302,-0.2203751,TransSharp
434.5399,17.00743,0,-0.2925146,0.2817273,0,0.4928503,5707.489,1.477262,0.6608029,Left,Down,-0.2046302,-0.2281647,TransSharp
434.5798,17.02177,0,-0.2513158,0.2817273,0,0.4913487,5708.17,1.477398,0.6601415,Left,Down,-0.1928145,-0.2359543,TransSharp
434.6198,17.03361,0,-0.2256811,0.2817273,0,0.4884766,5708.851,1.478835,0.6594799,Left,Down,-0.1876719,-0.2434387,TransSharp
434.6599,17.04574,0,-0.1954687,0.2817273,0,0.4913847,5709.533,1.478286,0.6588185,Left,Down,-0.1876719,-0.2505493,TransSharp
434.6999,17.05773,0,-0.1606768,0.2856947,0,0.4939429,5710.215,1.477188,0.6581562,Left,Down,-0.1876719,-0.2576752,TransSharp
434.7398,17.07096,0,-0.1377887,0.2856947,0,0.49492,5710.897,1.475709,0.6574935,Left,Down,-0.1855749,-0.2647934,TransSharp
434.7798,17.08469,0,-0.1066607,0.2856947,0,0.4950986,5711.581,1.473785,0.6568307,Left,Down,-0.1735894,-0.2719193,TransSharp
434.8199,17.09944,0,-0.0956744,0.2856947,0,0.4939165,5712.265,1.473213,0.656168,Left,Down,-0.1713202,-0.2785568,TransSharp
434.8598,17.11367,0,-0.0956744,0.289662,0,0.4917113,5712.949,1.474282,0.6555045,Left,Down,-0.1701742,-0.2850189,TransSharp
434.8998,17.12735,0,-0.0956744,0.3134814,0,0.4922471,5713.634,1.47452,0.6548408,Left,Down,-0.1713202,-0.291481,TransSharp
434.9398,17.14677,0,-0.0956744,0.3214161,0,0.4959041,5714.32,1.473498,0.6541767,Left,Down,-0.1713202,-0.2979507,TransSharp
434.9799,17.16818,0,-0.0956744,0.3333181,0,0.4984727,5715.006,1.47226,0.6535127,Left,Down,-0.1594904,-0.3044357,TransSharp
435.0198,17.19281,0,-0.0956744,0.3333181,0,0.5003014,5715.694,1.470839,0.652848,Left,Down,-0.1545051,-0.3105469,TransSharp
435.0598,17.21635,0,-0.0956744,0.3333181,0,0.5016551,5716.382,1.469263,0.6521831,Left,Down,-0.1545051,-0.3163681,TransSharp
435.0999,17.24106,0,-0.0956744,0.3333181,0,0.5020355,5717.072,1.468967,0.6515182,Left,Down,-0.1545051,-0.3221893,TransSharp
435.1398,17.26592,0,-0.0956744,0.3333181,0,0.5016217,5717.762,1.469669,0.6508527,Left,Down,-0.1545051,-0.3280258,TransSharp
435.1798,17.28919,0,-0.1011676,0.3333181,0,0.5031444,5718.454,1.470096,0.6501867,Left,Down,-0.1506579,-0.3338623,TransSharp
435.2198,17.31263,0,-0.1057452,0.3333181,0,0.5093448,5719.146,1.469083,0.6495206,Left,Down,-0.1398823,-0.3397064,TransSharp
435.2599,17.33647,0,-0.1057452,0.3333181,0,0.514632,5719.839,1.467901,0.6488546,Left,Down,-0.1384764,-0.344986,TransSharp
435.2998,17.3615,0,-0.1057452,0.3333181,0,0.5193254,5720.534,1.466685,0.6481878,Left,Down,-0.1384764,-0.350174,TransSharp
435.3398,17.38432,0,-0.1057452,0.3333181,0,0.5236146,5721.229,1.465674,0.6475208,Left,Down,-0.1384764,-0.3553619,TransSharp
435.3799,17.40787,0,-0.1057452,0.3333181,0,0.527611,5721.925,1.46429,0.6468539,Left,Down,-0.1384764,-0.3605652,TransSharp
435.4199,17.43225,0,-0.1194781,0.3333181,0,0.5307542,5722.623,1.464173,0.6461864,Left,Down,-0.1384764,-0.3657608,TransSharp
435.4598,17.45695,0,-0.1432818,0.3333181,0,0.5334824,5723.321,1.464599,0.6455184,Left,Down,-0.1282043,-0.3709641,TransSharp
435.4998,17.47957,0,-0.1972997,0.3333181,0,0.537263,5724.02,1.465201,0.6448502,Left,Down,-0.1219466,-0.3758621,TransSharp
435.5399,17.50278,0,-0.2604711,0.3333181,0,0.5471529,5724.719,1.464204,0.6441822,Left,Down,-0.1219466,-0.380394,TransSharp
435.5798,17.5264,0,-0.3282219,0.3333181,0,0.5562664,5725.42,1.463024,0.6435136,Left,Down,-0.1219466,-0.3849411,TransSharp
435.6198,17.55058,0,-0.3685051,0.3333181,0,0.5647407,5726.122,1.461796,0.6428444,Left,Down,-0.1219466,-0.3894882,TransSharp
435.6599,17.57384,0,-0.3749138,0.3333181,0,0.5724641,5726.824,1.460873,0.6421756,Left,Down,-0.1219466,-0.394043,TransSharp
435.6999,17.59679,0,-0.3749138,0.3333181,0,0.5796068,5727.528,1.460178,0.641506,Left,Down,-0.1219466,-0.3985977,TransSharp
435.7398,17.62018,0,-0.3749138,0.3333181,0,0.586376,5728.232,1.459133,0.6408362,Left,Down,-0.1119058,-0.4031525,TransSharp
435.7798,17.64357,0,-0.3749138,0.3333181,0,0.5921518,5728.938,1.458682,0.640166,Left,Down,-0.1046783,-0.407486,TransSharp
435.8199,17.66717,0,-0.3749138,0.3372854,0,0.5971558,5729.645,1.458838,0.6394961,Left,Down,-0.1046783,-0.4113541,TransSharp
435.8598,17.69192,0,-0.3749138,0.3372854,0,0.6015942,5730.352,1.459111,0.6388254,Left,Down,-0.1065312,-0.4152222,TransSharp
435.8998,17.71535,0,-0.3859001,0.3372854,0,0.6087734,5731.061,1.458784,0.6381545,Left,Down,-0.1065312,-0.4191055,TransSharp
435.9398,17.73903,0,-0.4042107,0.3372854,0,0.6198589,5731.77,1.457681,0.6374838,Left,Down,-0.1065312,-0.4229889,TransSharp
435.9799,17.76319,0,-0.4234385,0.3412528,0,0.6299995,5732.48,1.45652,0.6368123,Left,Down,-0.1065312,-0.4268799,TransSharp
436.0198,17.7886,0,-0.4298472,0.3491875,0,0.6393954,5733.192,1.455379,0.6361405,Left,Down,-0.1046783,-0.4307709,TransSharp
436.0598,17.81405,0,-0.4298472,0.3610895,0,0.6478259,5733.904,1.454595,0.6354685,Left,Down,-0.09891172,-0.4346695,TransSharp
436.0999,17.84253,0,-0.4298472,0.3650568,0,0.6554064,5734.618,1.453929,0.6347967,Left,Down,-0.08846933,-0.4384232,TransSharp
436.1398,17.87168,0,-0.4298472,0.3650568,0,0.6619279,5735.332,1.453294,0.6341241,Left,Down,-0.08846933,-0.4415894,TransSharp
436.1798,17.90082,0,-0.4298472,0.3690242,0,0.667641,5736.048,1.452642,0.6334512,Left,Down,-0.08846933,-0.4447556,TransSharp
436.2198,17.93145,0,-0.4298472,0.3690242,0,0.6723998,5736.765,1.45152,0.6327782,Left,Down,-0.08846933,-0.447937,TransSharp
436.2599,17.96194,0,-0.4298472,0.3690242,0,0.676025,5737.483,1.45157,0.6321054,Left,Down,-0.09065409,-0.4511108,TransSharp
436.2998,17.9925,0,-0.4234385,0.3690242,0,0.6786076,5738.202,1.451508,0.6314318,Left,Down,-0.08846933,-0.4542847,TransSharp
436.3398,18.02274,0,-0.4234385,0.3690242,0,0.6803503,5738.923,1.451316,0.6307579,Left,Down,-0.08846933,-0.4574738,TransSharp
436.3799,18.05313,0,-0.4060417,0.3690242,0,0.6811852,5739.645,1.45111,0.6300843,Left,Down,-0.08846933,-0.4606628,TransSharp
436.4198,18.0831,0,-0.3767449,0.3690242,0,0.688219,5740.368,1.450145,0.62941,Left,Down,-0.08846933,-0.4638596,TransSharp
436.4598,18.11323,0,-0.3566033,0.3690242,0,0.6951129,5741.092,1.448935,0.6287354,Left,Down,-0.07661668,-0.4670563,TransSharp
436.4998,18.14333,0,-0.3401238,0.3690242,0,0.7012483,5741.817,1.447748,0.6280606,Left,Down,-0.07132626,-0.4698563,TransSharp
436.5399,18.17328,0,-0.3346306,0.3491875,0,0.7063267,5742.544,1.44682,0.6273859,Left,Down,-0.06852804,-0.472229,TransSharp
436.5798,18.19821,0,-0.3263909,0.3452201,0,0.7103254,5743.271,1.446108,0.6267106,Left,Down,-0.07132626,-0.4746017,TransSharp
436.6198,18.22246,0,-0.3089958,0.3412528,0,0.7129165,5744,1.445395,0.6260349,Left,Down,-0.06852804,-0.4769745,TransSharp
436.6599,18.24578,0,-0.2906835,0.3372854,0,0.7143763,5744.729,1.444818,0.6253596,Left,Down,-0.06852804,-0.4793549,TransSharp
436.6999,18.26822,0,-0.2558935,0.3372854,0,0.7147669,5745.46,1.444292,0.6246834,Left,Down,-0.07132626,-0.4817276,TransSharp
436.7398,18.2907,0,-0.2146947,0.3372854,0,0.7140691,5746.191,1.443807,0.6240072,Left,Down,-0.06852804,-0.4841156,TransSharp
436.7798,18.31316,0,-0.1524371,0.3333181,0,0.7122292,5746.924,1.443275,0.6233305,Left,Down,-0.06852804,-0.4864883,TransSharp
436.8199,18.33464,0,-0.09018123,0.3333181,0,0.7093219,5747.657,1.442709,0.6226543,Left,Down,-0.06852804,-0.488884,TransSharp
436.8598,18.35599,0,-0.05722046,0.3333181,0,0.7054124,5748.391,1.441953,0.6219772,Left,Down,-0.06852804,-0.4912643,TransSharp
436.8998,18.37769,0,-0.0151062,0.3293507,0,0.7009495,5749.126,1.441114,0.6212999,Left,Down,-0.06852804,-0.4936523,TransSharp
436.9398,18.39879,0,0.02334595,0.3293507,0,0.695703,5749.862,1.440564,0.6206229,Left,Down,-0.06255726,-0.4960403,TransSharp
436.9799,18.41942,0,0.0819397,0.3293507,0,0.6896579,5750.598,1.440378,0.6199451,Straight,Down,-0.04423466,-0.4983978,TransSharp
437.0198,18.44013,0,0.1359594,0.3293507,0,0.6832002,5751.335,1.439941,0.6192672,Straight,Down,-0.04423466,-0.4996567,TransSharp
437.0598,18.46104,0,0.1661718,0.3293507,0,0.6763024,5752.074,1.439352,0.6185889,Straight,Down,-0.04423466,-0.5009308,TransSharp
437.0999,18.48187,0,0.1881444,0.3293507,0,0.66903,5752.813,1.438829,0.6179109,Straight,Down,-0.04423466,-0.5021973,TransSharp
437.1398,18.50254,0,0.18906,0.3293507,0,0.6609873,5753.553,1.438372,0.6172322,Straight,Down,-0.04845664,-0.5034714,TransSharp
437.1798,18.52331,0,0.18906,0.3293507,0,0.6524286,5754.293,1.438138,0.6165533,Straight,Down,-0.04423466,-0.5047455,TransSharp
437.2198,18.54372,0,0.18906,0.3293507,0,0.6482463,5755.035,1.43734,0.6158741,Straight,Down,-0.04423466,-0.5060196,TransSharp
437.2599,18.56416,0,0.18906,0.3293507,0,0.6445626,5755.777,1.436391,0.6151953,Straight,Down,-0.04423466,-0.5072937,TransSharp
437.2998,18.58452,0,0.18906,0.3293507,0,0.6407293,5756.521,1.43563,0.6145156,Straight,Down,-0.04423466,-0.5085754,TransSharp
437.3398,18.60485,0,0.18906,0.3531548,0,0.6364359,5757.265,1.434924,0.6138359,Straight,Down,-0.04423466,-0.5098495,TransSharp
437.3799,18.63021,0,0.18906,0.3571222,0,0.6320595,5758.01,1.434336,0.6131562,Straight,Down,-0.04423466,-0.5111237,TransSharp
437.4198,18.65636,0,0.18906,0.3650568,0,0.6275939,5758.756,1.433739,0.612476,Straight,Down,-0.04423466,-0.512413,TransSharp
437.4598,18.68386,0,0.18906,0.3690242,0,0.6230149,5759.503,1.433233,0.6117955,Straight,Down,-0.04423466,-0.5136948,TransSharp
437.4998,18.71205,0,0.1945531,0.3690242,0,0.6183541,5760.251,1.43268,0.6111149,Straight,Down,-0.04423466,-0.5149765,TransSharp
437.5399,18.74044,0,0.2027929,0.3729915,0,0.6138673,5761,1.432101,0.6104345,Straight,Down,-0.04423466,-0.5162659,TransSharp
437.5798,18.7697,0,0.2137792,0.3769741,0,0.6093189,5761.751,1.431435,0.6097533,Straight,Down,-0.04423466,-0.5175476,TransSharp
437.6198,18.79939,0,0.2174413,0.4007782,0,0.605037,5762.502,1.430822,0.6090719,Straight,Down,-0.04423466,-0.518837,TransSharp
437.6599,18.83411,0,0.2174413,0.4007782,0,0.6011979,5763.255,1.430374,0.6083908,Straight,Down,-0.04423466,-0.5201263,TransSharp
437.6999,18.86909,0,0.2174413,0.4007782,0,0.597601,5764.01,1.429859,0.6077091,Straight,Down,-0.04423466,-0.5214233,TransSharp
437.7398,18.90396,0,0.2174413,0.4007782,0,0.5942168,5764.766,1.429295,0.6070271,Straight,Down,-0.02797646,-0.5227203,TransSharp
437.7798,18.93869,0,0.2174413,0.3809415,0,0.5912828,5765.523,1.428685,0.6063448,Straight,Down,0,-0.524025,TransSharp
437.8199,18.97058,0,0.2174413,0.3690242,0,0.5886409,5766.281,1.428079,0.6056629,Straight,Down,0,-0.5228806,TransSharp
437.8598,18.9985,0,0.2174413,0.3650568,0,0.5864085,5767.041,1.427455,0.6049804,Straight,Down,0,-0.5217361,TransSharp
437.8998,19.02506,0,0.2174413,0.3610895,0,0.5845369,5767.802,1.426868,0.6042976,Straight,Down,0,-0.5205765,TransSharp
437.9398,19.05102,0,0.2128637,0.3610895,0,0.5830712,5768.563,1.426251,0.603615,Straight,Down,0,-0.5194244,TransSharp
437.9799,19.0766,0,0.2119482,0.3571222,0,0.58205,5769.326,1.425696,0.6029318,Straight,Down,0,-0.51828,TransSharp
438.0198,19.10115,0,0.208286,0.3531548,0,0.5814258,5770.09,1.424946,0.6022484,Straight,Down,0,-0.5171204,TransSharp
438.0598,19.12514,0,0.2018774,0.3531548,0,0.5814199,5770.854,1.424216,0.6015648,Straight,Down,0,-0.5159607,TransSharp
438.0999,19.14874,0,0.18906,0.3531548,0,0.5818698,5771.62,1.423533,0.6008815,Straight,Down,0,-0.514801,TransSharp
438.1398,19.17225,0,0.1844823,0.3491875,0,0.5828918,5772.387,1.422882,0.6001974,Straight,Down,0,-0.5136414,TransSharp
438.1798,19.19473,0,0.1844823,0.3491875,0,0.5845357,5773.154,1.42229,0.5995132,Straight,Down,0,-0.5124817,TransSharp
438.2198,19.21719,0,0.1844823,0.3491875,0,0.586586,5773.923,1.421532,0.5988289,Straight,Down,0,-0.511322,TransSharp
438.2599,19.23962,0,0.1844823,0.3491875,0,0.5893464,5774.692,1.420815,0.5981448,Straight,Down,0,-0.5101547,TransSharp
438.2998,19.26198,0,0.1844823,0.3491875,0,0.5926884,5775.463,1.420129,0.5974599,Straight,Down,0,-0.5089874,TransSharp
438.3398,19.28423,0,0.1844823,0.3729915,0,0.5963418,5776.234,1.419502,0.596775,Straight,Down,0,-0.5078201,TransSharp
438.3799,19.3116,0,0.1844823,0.3769741,0,0.6007539,5777.006,1.419031,0.5960904,Straight,Down,0,-0.5066528,TransSharp
438.4198,19.33955,0,0.1844823,0.3849088,0,0.6057564,5777.779,1.418343,0.595405,Straight,Down,0,-0.5054779,TransSharp
438.4598,19.36919,0,0.1844823,0.3888762,0,0.6112788,5778.554,1.417472,0.5947194,Straight,Down,0,-0.504303,TransSharp
438.4998,19.39995,0,0.1844823,0.3928435,0,0.6173832,5779.33,1.416795,0.5940337,Straight,Down,0,-0.5031281,TransSharp
438.5399,19.4314,0,0.1844823,0.3928435,0,0.6242845,5780.106,1.416318,0.5933483,Straight,Down,0,-0.5019531,TransSharp
438.5798,19.46286,0,0.1844823,0.3968109,0,0.6317285,5780.885,1.415782,0.5926622,Straight,Down,0,-0.5007706,TransSharp
438.6198,19.495,0,0.1954687,0.4007782,0,0.6397999,5781.665,1.415235,0.5919759,Straight,Down,0,-0.499588,TransSharp
438.6599,19.52781,0,0.2073705,0.4007782,0,0.6485919,5782.445,1.414621,0.5912899,Straight,Down,0,-0.4984131,TransSharp
438.6999,19.56071,0,0.2247655,0.4047455,0,0.6579568,5783.228,1.41393,0.5906034,Straight,Down,0,-0.4972305,TransSharp
438.7398,19.59441,0,0.2320898,0.4206149,0,0.6680734,5784.011,1.41322,0.5899165,Straight,Down,0,-0.4960403,TransSharp
438.7798,19.6304,0,0.2320898,0.4285496,0,0.6788769,5784.796,1.412632,0.5892296,Straight,Down,0,-0.4948425,TransSharp
438.8199,19.66878,0,0.2357519,0.4483864,0,0.6903332,5785.583,1.41207,0.5885429,Straight,Down,0,-0.4936523,TransSharp
438.8598,19.71078,0,0.2375829,0.4523537,0,0.7022184,5786.37,1.411389,0.5878556,Straight,Down,0,-0.4924622,TransSharp
438.8998,19.75443,0,0.2613866,0.4523537,0,0.714892,5787.16,1.410775,0.5871681,Straight,Down,0,-0.4912567,TransSharp
438.9398,19.79793,0,0.3035009,0.4523537,0,0.7283009,5787.951,1.410165,0.586481,Straight,Down,0,-0.4900665,TransSharp
438.9799,19.84128,0,0.3373754,0.4523537,0,0.7425289,5788.745,1.409578,0.5857931,Straight,Down,0,-0.4888535,TransSharp
439.0198,19.88445,0,0.3794932,0.4523537,0,0.7576507,5789.54,1.408944,0.5851051,Straight,Down,0,-0.487648,TransSharp
439.0598,19.92799,0,0.3987193,0.4523537,0,0.7736435,5790.336,1.408766,0.5844169,Straight,Down,0,-0.4864426,TransSharp
439.0999,19.96986,0,0.4106212,0.4523537,0,0.7847604,5791.134,1.407561,0.5837291,Straight,Down,0,-0.4852295,TransSharp
439.1398,20.01184,0,0.4115367,0.4523537,0,0.7951602,5791.935,1.406088,0.5830407,Straight,Down,0,-0.4840088,TransSharp
439.1798,20.05424,0,0.4097056,0.4523537,0,0.8064356,5792.736,1.404915,0.582352,Straight,Down,0,-0.4827957,TransSharp
439.2198,20.09591,0,0.3987193,0.4523537,0,0.8186725,5793.54,1.404226,0.5816631,Straight,Down,0,-0.481575,TransSharp
439.2599,20.1372,0,0.3740001,0.4523537,0,0.8319261,5794.345,1.403697,0.5809746,Straight,Down,0,-0.4803467,TransSharp
439.2998,20.17835,0,0.3254735,0.4523537,0,0.8461468,5795.152,1.403318,0.5802856,Straight,Down,0,-0.4791183,TransSharp
439.3398,20.21891,0,0.2778661,0.4523537,0,0.8613271,5795.96,1.402937,0.5795963,Straight,Down,0,-0.47789,TransSharp
439.3799,20.26037,0,0.2595556,0.4523537,0,0.8774724,5796.77,1.402091,0.5789073,Straight,Down,0,-0.4766617,TransSharp
439.4198,20.30147,0,0.2375829,0.4523537,0,0.8944356,5797.582,1.402272,0.5782177,Straight,Down,0,-0.4754333,TransSharp
439.4598,20.34299,0,0.2174413,0.4523537,0,0.9123113,5798.395,1.40238,0.577528,Straight,Down,0,-0.4741974,TransSharp
439.4998,20.38387,0,0.1725805,0.4563211,0,0.9315302,5799.21,1.402235,0.576838,Straight,Down,0,-0.4729538,TransSharp
439.5399,20.42567,0,0.1222265,0.4563211,0,0.9516277,5800.027,1.402505,0.5761485,Straight,Down,0.01978234,-0.4717102,TransSharp
439.5798,20.46668,0,0.08651733,0.464271,0,0.9647864,5800.845,1.400798,0.5754583,Straight,Down,0,-0.4704666,TransSharp
439.6198,20.50879,0,0.03433228,0.4801404,0,0.978489,5801.665,1.399085,0.574768,Straight,Down,0.03426402,-0.4692154,TransSharp
439.6599,20.55664,0,0.01052856,0.4841077,0,0.9929045,5802.486,1.397506,0.574078,Right,Down,0.05934703,-0.4664307,TransSharp
439.6998,20.60278,0,-0.0050354,0.4841077,0,1.008379,5803.31,1.396683,0.5733873,Right,Down,0.05595291,-0.4621582,TransSharp
439.7398,20.64857,0,-0.0050354,0.4841077,0,1.024865,5804.136,1.395612,0.5726965,Right,Down,0.05595291,-0.4578629,TransSharp
439.7798,20.69516,0,-0.0050354,0.4841077,0,1.042005,5804.963,1.395703,0.5720056,Right,Down,0.05595291,-0.4535751,TransSharp
439.8199,20.74248,0,0.01052856,0.4880751,0,1.059656,5805.793,1.396287,0.5713151,Right,Down,0.05934703,-0.4492722,TransSharp
439.8598,20.79089,0,0.03799438,0.4880751,0,1.078229,5806.625,1.397233,0.5706238,Right,Down,0.05595291,-0.4449539,TransSharp
439.8998,20.83627,0,0.08926392,0.4999924,0,1.090834,5807.458,1.39588,0.5699324,Right,Down,0.05595291,-0.4406281,TransSharp
439.9398,20.88597,0,0.1606786,0.5038987,0,1.1023,5808.292,1.394167,0.5692415,Right,Down,0.05595291,-0.4362793,TransSharp
439.9799,20.9381,0,0.2137792,0.5038987,0,1.114674,5809.129,1.392567,0.56855,Right,Down,0.05595291,-0.4319229,TransSharp
440.0198,20.98593,0,0.2595556,0.5038987,0,1.128144,5809.969,1.390825,0.5678582,Right,Down,0.05595291,-0.4275665,TransSharp
440.0598,21.03627,0,0.2623022,0.5038987,0,1.142351,5810.81,1.39099,0.5671662,Right,Down,0.05934703,-0.4231949,TransSharp
440.0999,21.08922,0,0.2623022,0.5038987,0,1.157343,5811.653,1.392152,0.5664747,Right,Down,0.08392937,-0.4188156,TransSharp
440.1398,21.13527,0,0.2623022,0.5038987,0,1.168332,5812.499,1.39204,0.5657827,Right,Down,0.08392937,-0.4128189,TransSharp
440.1798,21.18315,0,0.2604711,0.5038987,0,1.176213,5813.346,1.390183,0.5650904,Right,Down,0.08392937,-0.4067917,TransSharp
440.2198,21.23142,0,0.2595556,0.5038987,0,1.184808,5814.195,1.388113,0.5643985,Right,Down,0.08392937,-0.4007416,TransSharp
440.2599,21.2806,0,0.2595556,0.5038987,0,1.193961,5815.046,1.386615,0.5637059,Right,Down,0.08392937,-0.3946838,TransSharp
440.2998,21.33399,0,0.2851903,0.5038987,0,1.203358,5815.899,1.387926,0.5630134,Right,Down,0.08392937,-0.3886108,TransSharp
440.3398,21.38012,0,0.3446996,0.5038987,0,1.209837,5816.754,1.388829,0.5623205,Right,Down,0.08392937,-0.3825302,TransSharp
440.3799,21.42475,0,0.3996348,0.5038987,0,1.212483,5817.611,1.387133,0.5616282,Right,Down,0.08846933,-0.3764191,TransSharp
440.4198,21.47022,0,0.4518199,0.5038987,0,1.216033,5818.469,1.384408,0.5609351,Right,Down,0.1083524,-0.3701782,TransSharp
440.4598,21.52206,0,0.4747081,0.5038987,0,1.22036,5819.33,1.384056,0.5602421,Right,Down,0.1083524,-0.3625183,TransSharp
440.4998,21.57133,0,0.4811168,0.5038987,0,1.224612,5820.192,1.38598,0.5595487,Right,Down,0.1101434,-0.3548279,TransSharp
440.5399,21.61507,0,0.488441,0.4841077,0,1.222602,5821.056,1.384342,0.5588559,Right,Down,0.1083524,-0.3471222,TransSharp
440.5798,21.65235,0,0.5067515,0.4841077,0,1.22213,5821.922,1.381479,0.5581624,Right,Down,0.1101434,-0.3393936,TransSharp
440.6198,21.705,0,0.5516124,0.4801404,0,1.222114,5822.79,1.38172,0.5574689,Right,Down,0.1119058,-0.3316498,TransSharp
440.6599,21.74275,0,0.5827403,0.476173,0,1.219588,5823.659,1.382701,0.5567757,Right,Down,0.1341704,-0.3238907,TransSharp
440.6998,21.77696,0,0.5955613,0.4722057,0,1.214242,5824.53,1.380821,0.5560818,Right,Down,0.1341704,-0.3146057,TransSharp
440.7398,21.81639,0,0.5955613,0.4722057,0,1.209836,5825.402,1.378984,0.5553879,Right,Down,0.132704,-0.305275,TransSharp
440.7798,21.85925,0,0.5955613,0.4722057,0,1.204878,5826.276,1.381048,0.5546939,Right,Down,0.1341704,-0.2959061,TransSharp
440.8199,21.89369,0,0.6175339,0.4722057,0,1.194595,5827.152,1.378943,0.5540003,Right,Down,0.1356209,-0.2865372,TransSharp
440.8598,21.93066,0,0.6486619,0.4722057,0,1.185945,5828.028,1.377204,0.553306,Right,Down,0.1570175,-0.2771454,TransSharp
440.8998,21.9733,0,0.6907761,0.4722057,0,1.17581,5828.907,1.378995,0.5526117,Right,Down,0.1582588,-0.2662201,TransSharp
440.9398,22.0041,0,0.720073,0.4722057,0,1.161541,5829.787,1.376451,0.5519177,Right,Down,0.1582588,-0.2552109,TransSharp
440.9799,22.04211,0,0.7246506,0.4722057,0,1.149154,5830.668,1.376335,0.5512232,Right,Down,0.1582588,-0.2441864,TransSharp
441.0198,22.08275,0,0.7246506,0.4920424,0,1.132068,5831.551,1.37657,0.5505285,Right,Down,0.1780411,-0.233139,TransSharp
441.0598,22.12054,0,0.7182419,0.4920424,0,1.11479,5832.436,1.376435,0.5498338,Right,Down,0.1823843,-0.2208099,TransSharp
441.0999,22.16117,0,0.7136643,0.4960098,0,1.095124,5833.322,1.375501,0.5491394,Right,Down,0.183454,-0.2080994,TransSharp
441.1398,22.20195,0,0.702678,0.4960098,0,1.072373,5834.209,1.37423,0.5484445,Right,Down,0.1897456,-0.1953583,TransSharp
441.1798,22.24263,0,0.6843674,0.4960098,0,1.051767,5835.099,1.373231,0.5477495,Right,Down,0.2093567,-0.182251,TransSharp
441.2198,22.28391,0,0.6550705,0.4960098,0,1.033392,5835.99,1.372644,0.5470548,Right,Down,0.20842,-0.1678009,TransSharp
441.2599,22.32399,0,0.63676,0.4960098,0,1.015347,5836.882,1.372516,0.5463597,Right,Down,0.2130625,-0.1533127,TransSharp
441.2998,22.36284,0,0.6248581,0.4960098,0,0.992249,5837.776,1.371315,0.5456643,Right,Flat,0.235734,-0.1386948,TransSharp
441.3398,22.40193,0,0.6230271,0.4960098,0,0.9715528,5838.672,1.370268,0.5449688,Right,Flat,0.235734,-0.122406,TransSharp
441.3799,22.44197,0,0.619365,0.4960098,0,0.9533247,5839.569,1.369527,0.5442739,Right,Flat,0.2438933,-0.1060867,TransSharp
441.4198,22.48042,0,0.6074631,0.4960098,0,0.9376148,5840.468,1.369157,0.5435784,Right,Flat,0.2624426,-0.08930969,TransSharp
441.4598,22.51964,0,0.5937302,0.4960098,0,0.9239451,5841.369,1.369414,0.5428827,Right,Flat,0.2624426,-0.07111359,TransSharp
441.4998,22.55699,0,0.5415416,0.4960098,0,0.9039773,5842.271,1.368249,0.5421869,Right,Flat,0.2839303,-0.05287933,TransSharp
441.5399,22.59472,0,0.4646373,0.4960098,0,0.8865592,5843.174,1.367308,0.5414916,Right,Flat,0.2907402,-0.03323364,TransSharp
441.5798,22.63362,0,0.4087901,0.4682384,0,0.871704,5844.079,1.366568,0.5407957,Right,Flat,0.2193969,-0.01306915,TransSharp
441.6198,22.66508,0,0.3392065,0.4523537,0,0.8592244,5844.985,1.366086,0.5400997,Right,Flat,0.1678588,0.01174164,TransSharp
441.6599,22.69428,0,0.289768,0.4483864,0,0.8489982,5845.893,1.365755,0.5394042,Right,Flat,0.1690205,0.04053497,TransSharp
441.6998,22.72299,0,0.2302587,0.4404517,0,0.8412702,5846.801,1.365967,0.538708,Right,Flat,0.1701742,0.06936646,TransSharp
441.7398,22.74818,0,0.1789892,0.4364843,0,0.8283575,5847.711,1.365289,0.5380118,Right,Flat,0.1532334,0.09825134,TransSharp
441.7798,22.77254,0,0.1533544,0.432517,0,0.8152143,5848.622,1.364093,0.5373155,Right,Flat,0.1341704,0.1250534,TransSharp
441.8199,22.79713,0,0.1478612,0.4087129,0,0.8039928,5849.533,1.362941,0.5366197,Right,Flat,0.1341704,0.1489563,TransSharp
441.8598,22.8158,0,0.1478612,0.3888762,0,0.7951428,5850.446,1.362425,0.5359232,Right,Up,0.1341704,0.1728668,TransSharp
441.8998,22.83058,0,0.1469457,0.3610895,0,0.7882961,5851.359,1.361832,0.5352268,Right,Up,0.1356209,0.1968002,TransSharp
441.9398,22.83893,0,0.1350439,0.3214161,0,0.7835524,5852.272,1.361443,0.5345308,Right,Up,0.1235407,0.2207336,TransSharp
441.9799,22.83992,0,0.1185644,0.2936446,0,0.7805401,5853.186,1.361034,0.533834,Right,Up,0.1083524,0.2427292,TransSharp
442.0198,22.83512,0,0.08926392,0.2698253,0,0.7795526,5854.099,1.36098,0.5331373,Right,Up,0.1083524,0.2616959,TransSharp
442.0598,22.82283,0,0.06454468,0.2618906,0,0.7725122,5855.012,1.359912,0.5324406,Right,Up,0.1083524,0.2806549,TransSharp
442.0999,22.8084,0,0.03341675,0.2579232,0,0.7648368,5855.925,1.358716,0.5317443,Right,Up,0.1083524,0.2996063,TransSharp
442.1398,22.79396,0,0.01052856,0.2579232,0,0.758507,5856.837,1.357601,0.5310473,Right,Up,0.1083524,0.3185501,TransSharp
442.1798,22.77855,0,0.01052856,0.2579232,0,0.7534374,5857.748,1.356958,0.5303503,Right,Up,0.1027921,0.337471,TransSharp
442.2198,22.76334,0,0.01052856,0.2579232,0,0.7496685,5858.659,1.356558,0.5296538,Right,Up,0.08622923,0.3556747,TransSharp
442.2599,22.74822,0,0.01602173,0.2579232,0,0.7470685,5859.569,1.356107,0.5289568,Right,Up,0.08622923,0.3701248,TransSharp
442.2998,22.73322,0,0.03250122,0.2579232,0,0.7455575,5860.478,1.355602,0.5282596,Right,Up,0.08392937,0.3845596,TransSharp
442.3398,22.71832,0,0.04714966,0.2817273,0,0.7453239,5861.387,1.355115,0.5275624,Right,Up,0.08622923,0.3989868,TransSharp
442.3799,22.70792,0,0.06271362,0.2936446,0,0.7460158,5862.295,1.354489,0.5268657,Right,Up,0.08392937,0.4134064,TransSharp
442.4198,22.70022,0,0.07095337,0.3015793,0,0.7477949,5863.204,1.35391,0.5261685,Right,Up,0.08622923,0.4278183,TransSharp
442.4598,22.69501,0,0.07461548,0.3015793,0,0.7488832,5864.112,1.353564,0.5254711,Right,Up,0.08622923,0.4422379,TransSharp
442.4998,22.68909,0,0.07461548,0.3015793,0,0.7426913,5865.019,1.352104,0.5247738,Right,Up,0.08156469,0.4566498,TransSharp
442.5399,22.68339,0,0.07461548,0.3015793,0,0.7374277,5865.926,1.350923,0.5240768,Right,Up,0.0656106,0.470459,TransSharp
442.5798,22.67815,0,0.07461548,0.3015793,0,0.7330012,5866.833,1.350064,0.5233793,Right,Up,0.0656106,0.4808731,TransSharp
442.6198,22.67221,0,0.07461548,0.3015793,0,0.7294915,5867.741,1.349494,0.5226817,Right,Up,0.0656106,0.4912872,TransSharp
442.6599,22.66629,0,0.07461548,0.3015793,0,0.726468,5868.647,1.349096,0.5219847,Right,Up,0.0656106,0.5016937,TransSharp
442.6998,22.66042,0,0.07461548,0.3015793,0,0.7242457,5869.554,1.348718,0.521287,Right,Up,0.06255726,0.5121002,TransSharp
442.7398,22.65462,0,0.07461548,0.3055466,0,0.7226309,5870.46,1.348371,0.5205894,Right,Up,0.0656106,0.5224991,TransSharp
442.7798,22.64934,0,0.07461548,0.3055466,0,0.7213354,5871.366,1.34797,0.5198917,Right,Up,0.06255726,0.5328979,TransSharp
442.8199,22.64449,0,0.0819397,0.309514,0,0.7207026,5872.272,1.347534,0.5191945,Right,Up,0.0656106,0.5432892,TransSharp
442.8598,22.64057,0,0.09292603,0.309514,0,0.7205337,5873.178,1.347126,0.5184966,Right,Up,0.06255726,0.553688,TransSharp
442.8998,22.63663,0,0.110321,0.309514,0,0.7209413,5874.083,1.346739,0.5177989,Right,Up,0.0656106,0.5640717,TransSharp
442.9398,22.6327,0,0.1304662,0.309514,0,0.7220184,5874.988,1.346295,0.5171016,Right,Up,0.05595291,0.5744629,TransSharp
442.9798,22.62883,0,0.1606786,0.309514,0,0.7236212,5875.894,1.345807,0.5164037,Straight,Up,0.04845664,0.5828094,TransSharp
443.0198,22.62482,0,0.1954687,0.309514,0,0.7258698,5876.799,1.34522,0.5157058,Straight,Up,0.04845664,0.5895386,TransSharp
443.0598,22.62111,0,0.2137792,0.309514,0,0.7279779,5877.704,1.345106,0.5150078,Straight,Up,0.04423466,0.5962601,TransSharp
443.0999,22.61649,0,0.2311742,0.309514,0,0.7213706,5878.608,1.343961,0.5143104,Straight,Up,0.04423466,0.6029816,TransSharp
443.1398,22.6121,0,0.2439916,0.309514,0,0.7155347,5879.513,1.343102,0.5136123,Straight,Up,0.04423466,0.6097107,TransSharp
443.1798,22.60814,0,0.2504003,0.309514,0,0.7098984,5880.417,1.342292,0.5129144,Straight,Up,0.04423466,0.6164246,TransSharp
443.2198,22.60342,0,0.2504003,0.309514,0,0.7050319,5881.321,1.341933,0.5122167,Straight,Up,0.04423466,0.6231384,TransSharp
443.2599,22.59881,0,0.2504003,0.309514,0,0.7003188,5882.226,1.341637,0.5115187,Straight,Up,0.04423466,0.6298523,TransSharp
443.2998,22.59423,0,0.2504003,0.309514,0,0.6961718,5883.129,1.341324,0.5108206,Straight,Up,0.04423466,0.6365662,TransSharp
443.3398,22.58966,0,0.2504003,0.309514,0,0.692277,5884.033,1.340802,0.5101225,Straight,Up,0.04845664,0.64328,TransSharp
443.3799,22.58513,0,0.2504003,0.289662,0,0.6887711,5884.936,1.340285,0.5094247,Straight,Up,0.04845664,0.6499863,TransSharp
443.4198,22.57835,0,0.2421606,0.2817273,0,0.6859831,5885.839,1.339822,0.5087267,Straight,Up,0.04845664,0.6566925,TransSharp
443.4598,22.5678,0,0.2137792,0.2737926,0,0.6837837,5886.742,1.339321,0.5080284,Straight,Up,0.04423466,0.6633911,TransSharp
443.4998,22.55595,0,0.1881444,0.2698253,0,0.6823727,5887.645,1.338768,0.5073308,Straight,Up,0.04845664,0.6700897,TransSharp
443.5399,22.54326,0,0.1524389,0.2698253,0,0.681542,5888.546,1.338109,0.5066327,Straight,Up,0.03956468,0.6767883,TransSharp
443.5798,22.53019,0,0.1359594,0.2658579,0,0.6814398,5889.448,1.337451,0.5059344,Straight,Up,0.02797646,0.6818237,TransSharp
443.6198,22.5163,0,0.1121521,0.2658579,0,0.6819875,5890.349,1.336768,0.5052361,Straight,Up,0.02797646,0.6847916,TransSharp
443.6599,22.50247,0,0.08743286,0.2618906,0,0.6833234,5891.249,1.336139,0.5045384,Straight,Up,0.02797646,0.6877518,TransSharp
443.6998,22.48778,0,0.05722046,0.2579232,0,0.6854244,5892.148,1.335535,0.5038403,Straight,Up,0.01978234,0.6907272,TransSharp
443.7398,22.47271,0,0.009613037,0.2420539,0,0.6881237,5893.047,1.334862,0.5031419,Straight,Up,0.02797646,0.6936874,TransSharp
443.7798,22.45422,0,-0.02334595,0.2301518,0,0.6915621,5893.946,1.334205,0.5024436,Straight,Up,0.02797646,0.6966476,TransSharp
443.8199,22.43318,0,-0.0590533,0.2222171,0,0.6957576,5894.843,1.333611,0.5017459,Straight,Up,0.02797646,0.6996155,TransSharp
443.8598,22.41051,0,-0.08285701,0.2182498,0,0.7005137,5895.74,1.333069,0.5010477,Straight,Up,0.02797646,0.7025681,TransSharp
443.8998,22.38705,0,-0.09475887,0.2142824,0,0.7056173,5896.635,1.33245,0.5003493,Straight,Up,0.02797646,0.7055206,TransSharp
443.9398,22.36283,0,-0.0956744,0.2023651,0,0.7113556,5897.53,1.331855,0.4996516,Straight,Up,0.01978234,0.7084732,TransSharp
443.9798,22.33603,0,-0.0956744,0.2023651,0,0.7173979,5898.423,1.331141,0.4989533,Straight,Up,0.02797646,0.7114182,TransSharp
444.0198,22.30895,0,-0.0956744,0.1904631,0,0.7239152,5899.316,1.330473,0.4982551,Straight,Up,0.01978234,0.7143555,TransSharp
444.0598,22.27916,0,-0.0956744,0.1864958,0,0.7306662,5900.208,1.329786,0.4975567,Straight,Up,0.02797646,0.7172928,TransSharp
444.0999,22.24918,0,-0.0956744,0.1864958,0,0.732567,5901.098,1.329329,0.496859,Straight,Up,0.02797646,0.7202301,TransSharp
444.1398,22.21919,0,-0.0956744,0.1864958,0,0.7307189,5901.987,1.329075,0.4961607,Straight,Up,0.02797646,0.7231598,TransSharp
444.1798,22.18919,0,-0.0956744,0.1864958,0,0.7290514,5902.875,1.32873,0.4954625,Straight,Up,0.02797646,0.7260895,TransSharp
444.2198,22.15937,0,-0.08194149,0.1864958,0,0.7276772,5903.761,1.328203,0.4947648,Straight,Up,0.02797646,0.7290115,TransSharp
444.2599,22.12977,0,-0.06454647,0.2103151,0,0.726427,5904.646,1.32745,0.4940665,Straight,Up,0.02797646,0.731926,TransSharp
444.2998,22.10515,0,-0.0590533,0.2142824,0,0.7255262,5905.531,1.326686,0.4933683,Straight,Up,0.02797646,0.7348404,TransSharp
444.3398,22.08137,0,-0.05355835,0.2142824,0,0.7248459,5906.414,1.325972,0.4926701,Straight,Up,0.02797646,0.7377548,TransSharp
444.3799,22.05807,0,-0.04623413,0.2182498,0,0.724178,5907.296,1.325235,0.4919725,Straight,Up,0.01978234,0.7406616,TransSharp
444.4198,22.03572,0,-0.02792358,0.2182498,0,0.7236603,5908.178,1.324435,0.4912743,Straight,Up,0.02797646,0.7435684,TransSharp
444.4598,22.01342,0,0.00869751,0.2182498,0,0.7230706,5909.059,1.323771,0.4905761,Straight,Up,0.02797646,0.7464676,TransSharp
444.4998,21.99115,0,0.02792358,0.2182498,0,0.7226255,5909.939,1.323032,0.4898784,Straight,Up,0.02797646,0.7493668,TransSharp
444.5399,21.96897,0,0.04623413,0.2222171,0,0.722376,5910.818,1.322371,0.4891804,Straight,Up,0.02797646,0.7522583,TransSharp
444.5798,21.94732,0,0.05081177,0.2222171,0,0.7220304,5911.696,1.321739,0.4884822,Straight,Up,0,0.7551575,TransSharp
444.6198,21.92612,0,0.05172729,0.2222171,0,0.7216836,5912.573,1.321144,0.4877841,Straight,Up,0,0.7530746,TransSharp
444.6599,21.905,0,0.05172729,0.2222171,0,0.7211502,5913.45,1.320495,0.4870866,Straight,Up,0,0.7485962,TransSharp
444.6998,21.88395,0,0.05172729,0.2222171,0,0.7208313,5914.325,1.319852,0.4863886,Straight,Up,0,0.744133,TransSharp
444.7398,21.86296,0,0.05172729,0.2222171,0,0.7204249,5915.2,1.319137,0.4856906,Straight,Up,0,0.7396622,TransSharp
444.7798,21.84202,0,0.05172729,0.2222171,0,0.720075,5916.074,1.318532,0.4849927,Straight,Up,0,0.7352066,TransSharp
444.8199,21.82117,0,0.05172729,0.2222171,0,0.7198771,5916.947,1.317896,0.4842952,Straight,Up,0,0.7307434,TransSharp
444.8598,21.80037,0,0.05172729,0.2222171,0,0.7195338,5917.819,1.317296,0.4835973,Straight,Up,0,0.7262878,TransSharp
444.8998,21.77962,0,0.05172729,0.2222171,0,0.7192754,5918.691,1.316671,0.4828994,Straight,Up,0,0.7218475,TransSharp
444.9398,21.75896,0,0.05172729,0.2341192,0,0.7190464,5919.562,1.315991,0.4822021,Straight,Up,0,0.7173996,TransSharp
444.9798,21.74016,0,0.05172729,0.2380865,0,0.7188333,5920.431,1.315294,0.4815042,Straight,Up,0,0.7129593,TransSharp
445.0198,21.7231,0,0.05172729,0.2420539,0,0.7186884,5921.3,1.314659,0.4808065,Straight,Up,0,0.708519,TransSharp
445.0598,21.70695,0,0.05172729,0.2420539,0,0.7185408,5922.168,1.313951,0.4801087,Straight,Up,0,0.7040863,TransSharp
445.0999,21.69087,0,0.05172729,0.2420539,0,0.7185412,5923.036,1.313305,0.4794115,Straight,Up,0,0.6996536,TransSharp
445.1398,21.67481,0,0.05813599,0.2420539,0,0.7185981,5923.903,1.312739,0.4787139,Straight,Up,0,0.6952286,TransSharp
445.1798,21.65879,0,0.06546021,0.2420539,0,0.7185928,5924.77,1.312042,0.4780163,Straight,Up,0,0.6908035,TransSharp
445.2198,21.64281,0,0.07553101,0.2420539,0,0.7186927,5925.635,1.311354,0.4773192,Straight,Up,0,0.6863861,TransSharp
445.2599,21.6269,0,0.08102417,0.2420539,0,0.7189608,5926.5,1.310749,0.4766216,Straight,Up,0,0.6819611,TransSharp
445.2998,21.61101,0,0.0819397,0.2420539,0,0.7192897,5927.365,1.310035,0.4759242,Straight,Up,0,0.6775513,TransSharp
445.3398,21.5952,0,0.0819397,0.2420539,0,0.7198902,5928.229,1.309325,0.4752267,Straight,Up,0,0.6731415,TransSharp
445.3799,21.57942,0,0.06546021,0.2420539,0,0.7206756,5929.093,1.308628,0.4745299,Straight,Up,0,0.6687317,TransSharp
445.4198,21.56368,0,0.04714966,0.2420539,0,0.7215093,5929.956,1.307961,0.4738325,Straight,Up,0,0.6643295,TransSharp
445.4598,21.54801,0,0.03433228,0.2420539,0,0.7224171,5930.818,1.307276,0.4731352,Straight,Up,0,0.6599274,TransSharp
445.4998,21.53237,0,0.02700806,0.2420539,0,0.7233031,5931.679,1.306555,0.4724384,Straight,Up,0,0.6555328,TransSharp
445.5399,21.51678,0,0.01602173,0.2420539,0,0.7244204,5932.54,1.305938,0.4717413,Straight,Up,0,0.6511383,TransSharp
445.5798,21.50124,0,0.0151062,0.2420539,0,0.725749,5933.4,1.305421,0.4710441,Straight,Up,0,0.6467438,TransSharp
445.6198,21.48574,0,0.01052856,0.2420539,0,0.727227,5934.26,1.304865,0.4703471,Straight,Up,0,0.6423569,TransSharp
445.6599,21.47029,0,0.009613037,0.2420539,0,0.7288182,5935.119,1.304172,0.4696506,Straight,Up,0,0.63797,TransSharp
445.6998,21.45487,0,0.003204346,0.2420539,0,0.7306499,5935.977,1.30356,0.4689536,Straight,Up,0,0.6335831,TransSharp
445.7398,21.43953,0,-0.0151062,0.2420539,0,0.7326088,5936.834,1.303008,0.4682567,Straight,Up,0,0.6292038,TransSharp
445.7798,21.42423,0,-0.02883911,0.2420539,0,0.7346769,5937.692,1.302396,0.4675599,Straight,Up,0,0.6248322,TransSharp
445.8199,21.40896,0,-0.04714966,0.2420539,0,0.7369725,5938.548,1.301781,0.4668637,Straight,Up,0,0.6204605,TransSharp
445.8598,21.39375,0,-0.06363094,0.2420539,0,0.7393032,5939.404,1.301181,0.4661669,Straight,Up,0,0.6160965,TransSharp
445.8998,21.37857,0,-0.07095516,0.2420539,0,0.7415088,5940.26,1.300496,0.4654702,Straight,Up,0,0.6117249,TransSharp
445.9398,21.36344,0,-0.08194149,0.2420539,0,0.7438706,5941.114,1.299932,0.4647742,Straight,Up,0,0.6073608,TransSharp
445.9798,21.34837,0,-0.0892657,0.2420539,0,0.7460631,5941.968,1.299239,0.4640778,Straight,Up,0,0.6029968,TransSharp
446.0198,21.33333,0,-0.0993365,0.2420539,0,0.748364,5942.822,1.29871,0.4633813,Straight,Up,0,0.5986404,TransSharp
446.0598,21.31835,0,-0.1066607,0.2420539,0,0.7505119,5943.675,1.298069,0.4626849,Straight,Up,0,0.5942917,TransSharp
446.0999,21.3034,0,-0.1121539,0.2420539,0,0.7525146,5944.527,1.297356,0.4619891,Straight,Up,0,0.5899429,TransSharp
446.1398,21.28849,0,-0.1121539,0.2420539,0,0.7546528,5945.379,1.296797,0.4612929,Straight,Up,0,0.5855865,TransSharp
446.1798,21.27363,0,-0.1121539,0.2420539,0,0.7568015,5946.23,1.296266,0.4605967,Straight,Up,0,0.5812454,TransSharp
446.2198,21.25882,0,-0.1121539,0.2420539,0,0.7588285,5947.081,1.295766,0.4599012,Straight,Up,0,0.5769043,TransSharp
446.2598,21.24404,0,-0.1121539,0.2420539,0,0.760572,5947.93,1.294904,0.4592052,Straight,Up,0,0.5725632,TransSharp
446.2998,21.2293,0,-0.1121539,0.2420539,0,0.76221,5948.78,1.294213,0.4585094,Straight,Up,0,0.5682297,TransSharp
446.3398,21.21461,0,-0.1121539,0.2420539,0,0.7636571,5949.628,1.293659,0.4578135,Straight,Up,0,0.5638962,TransSharp
446.3799,21.19996,0,-0.1121539,0.2420539,0,0.7649398,5950.477,1.292957,0.4571182,Straight,Up,0,0.5595703,TransSharp
446.4198,21.18533,0,-0.1121539,0.2420539,0,0.7659832,5951.324,1.292273,0.4564226,Straight,Up,0,0.5552368,TransSharp
446.4598,21.17076,0,-0.1121539,0.2420539,0,0.7667689,5952.171,1.29173,0.455727,Straight,Up,0,0.5509109,TransSharp
446.4998,21.15624,0,-0.1121539,0.2420539,0,0.7672222,5953.018,1.291171,0.4550321,Straight,Up,0,0.5465927,TransSharp
446.5399,21.14174,0,-0.1121539,0.2420539,0,0.767419,5953.863,1.290627,0.4543366,Straight,Up,0,0.5422745,TransSharp
446.5798,21.12729,0,-0.1121539,0.2420539,0,0.7674628,5954.708,1.290072,0.4536413,Straight,Up,0,0.5379562,TransSharp
446.6198,21.11288,0,-0.1121539,0.2420539,0,0.7671486,5955.553,1.289496,0.4529461,Straight,Up,0,0.5336456,TransSharp
446.6599,21.09852,0,-0.1121539,0.2420539,0,0.766605,5956.397,1.288918,0.4522515,Straight,Up,0,0.529335,TransSharp
446.6998,21.08418,0,-0.1121539,0.2420539,0,0.7657337,5957.241,1.28821,0.4515564,Straight,Up,0,0.5250244,TransSharp
446.7398,21.06989,0,-0.1139849,0.2420539,0,0.7647535,5958.083,1.287602,0.4508615,Straight,Up,0,0.5207214,TransSharp
446.7798,21.05564,0,-0.1139849,0.2420539,0,0.7634808,5958.926,1.286977,0.4501671,Straight,Up,0,0.5164261,TransSharp
446.8199,21.04142,0,-0.1139849,0.2420539,0,0.7617919,5959.768,1.286252,0.4494725,Straight,Up,0,0.5121231,TransSharp
446.8598,21.02725,0,-0.1139849,0.2420539,0,0.7596952,5960.609,1.28563,0.4487777,Straight,Up,0,0.5078354,TransSharp
446.8998,21.01314,0,-0.1139849,0.2420539,0,0.7572327,5961.45,1.285134,0.4480833,Straight,Up,0,0.50354,TransSharp
446.9398,20.99904,0,-0.1139849,0.2420539,0,0.7542526,5962.29,1.284542,0.4473892,Straight,Up,0,0.4992523,TransSharp
446.9798,20.98501,0,-0.1139849,0.2420539,0,0.7507867,5963.129,1.283952,0.446695,Straight,Up,0,0.4949646,TransSharp
447.0198,20.97101,0,-0.1139849,0.2420539,0,0.7469429,5963.968,1.283343,0.4460007,Straight,Up,0,0.4906769,TransSharp
447.0598,20.95701,0,-0.1231402,0.2420539,0,0.742594,5964.807,1.282679,0.4453066,Straight,Up,0,0.4864044,TransSharp
447.0999,20.94309,0,-0.1432818,0.2420539,0,0.7376508,5965.645,1.281989,0.444613,Straight,Up,0,0.4821167,TransSharp
447.1398,20.9292,0,-0.1789892,0.2420539,0,0.7321044,5966.482,1.281411,0.4439192,Straight,Up,0,0.4778442,TransSharp
447.1798,20.91535,0,-0.2073705,0.2420539,0,0.7261728,5967.319,1.280929,0.4432253,Straight,Up,0,0.4735718,TransSharp
447.2198,20.90151,0,-0.2513158,0.2420539,0,0.7196214,5968.155,1.28024,0.4425321,Straight,Up,0,0.4693069,TransSharp
447.2598,20.88677,0,-0.298925,0.2420539,0,0.7125167,5968.991,1.278074,0.4418386,Straight,Up,0,0.4650421,TransSharp
447.2998,20.87574,0,-0.3218132,0.2420539,0,0.7093994,5969.826,1.27962,0.441145,Straight,Up,0,0.4607849,TransSharp
447.3398,20.86386,0,-0.3282219,0.2420539,0,0.7061229,5970.661,1.281229,0.4404517,Straight,Up,0,0.4565353,TransSharp
447.3799,20.85013,0,-0.3263909,0.2420539,0,0.7022467,5971.495,1.282142,0.4397589,Straight,Up,0,0.4522781,TransSharp
447.4198,20.83935,0,-0.3163201,0.2420539,0,0.6977904,5972.329,1.281712,0.4390659,Straight,Up,0,0.4480209,TransSharp
447.4598,20.82866,0,-0.2925146,0.2420539,0,0.6927198,5973.162,1.280366,0.4383728,Straight,Up,0,0.4437637,TransSharp
447.4998,20.81783,0,-0.2732885,0.2420539,0,0.6870757,5973.995,1.278851,0.4376805,Straight,Up,0,0.4395218,TransSharp
447.5399,20.80692,0,-0.2439916,0.2420539,0,0.6807672,5974.827,1.277428,0.4369876,Straight,Up,0,0.4352646,TransSharp
447.5798,20.79599,0,-0.2256811,0.2420539,0,0.6737144,5975.659,1.276101,0.436295,Straight,Up,0,0.431015,TransSharp
447.6198,20.78503,0,-0.2018774,0.2420539,0,0.6658418,5976.49,1.274878,0.4356025,Straight,Up,0,0.4267654,TransSharp
447.6599,20.77406,0,-0.1835668,0.2420539,0,0.6575256,5977.321,1.273916,0.4349106,Straight,Up,0,0.4225235,TransSharp
447.6998,20.76311,0,-0.1716632,0.2420539,0,0.648249,5978.152,1.272988,0.4342183,Straight,Up,0,0.4182816,TransSharp
447.7398,20.75221,0,-0.1524371,0.2420539,0,0.6380095,5978.982,1.272086,0.4335262,Straight,Up,0,0.4140396,TransSharp
447.7798,20.74133,0,-0.1249713,0.2420539,0,0.627134,5979.812,1.271314,0.4328347,Straight,Up,-0.01978234,0.4098053,TransSharp
447.8199,20.73051,0,-0.08194149,0.2420539,0,0.6156707,5980.641,1.270799,0.4321428,Straight,Up,-0.03956468,0.4031982,TransSharp
447.8598,20.71973,0,-0.03890991,0.2420539,0,0.6033877,5981.47,1.270212,0.431451,Straight,Up,-0.03426402,0.3864594,TransSharp
447.8998,20.70933,0,-0.01602173,0.2420539,0,0.5904092,5982.298,1.269531,0.4307595,Straight,Up,-0.03426402,0.3697433,TransSharp
447.9398,20.69833,0,-0.0004577637,0.2420539,0,0.5767661,5983.126,1.267837,0.4300685,Straight,Up,-0.03426402,0.353035,TransSharp
447.9798,20.68949,0,0.003204346,0.2420539,0,0.5684968,5983.954,1.268864,0.4293771,Straight,Up,-0.03956468,0.3363495,TransSharp
448.0198,20.68019,0,0.003204346,0.2420539,0,0.5599145,5984.781,1.269608,0.4286858,Straight,Up,-0.03956468,0.3196716,TransSharp
448.0598,20.66956,0,0.003204346,0.2420539,0,0.5508021,5985.608,1.270092,0.4279949,Straight,Up,-0.03956468,0.3029938,TransSharp
448.0999,20.66122,0,0.003204346,0.2420539,0,0.5411067,5986.435,1.26979,0.4273045,Straight,Up,-0.03956468,0.2863159,TransSharp
448.1398,20.6528,0,0.003204346,0.2420539,0,0.5307248,5987.261,1.268937,0.4266136,Straight,Up,-0.03956468,0.2696304,TransSharp
448.1798,20.64434,0,-0.004119873,0.2420539,0,0.519896,5988.087,1.26774,0.4259229,Straight,Up,-0.03426402,0.2529602,TransSharp
448.2198,20.63585,0,-0.004119873,0.2420539,0,0.5085722,5988.912,1.266385,0.425233,Straight,Up,-0.03956468,0.23629,TransSharp
448.2598,20.62732,0,-0.004119873,0.2420539,0,0.4970195,5989.737,1.26513,0.4245427,Straight,Up,-0.03956468,0.219635,TransSharp
448.2998,20.61881,0,-0.004119873,0.2420539,0,0.4851691,5990.563,1.264156,0.4238524,Straight,Up,-0.03956468,0.20298,TransSharp
448.3398,20.61029,0,-0.004119873,0.2420539,0,0.4732049,5991.387,1.263358,0.4231623,Straight,Up,-0.03956468,0.1863403,TransSharp
448.3799,20.60181,0,-0.004119873,0.2420539,0,0.4606262,5992.211,1.262635,0.422473,Straight,Up,-0.03956468,0.1697006,TransSharp
448.4198,20.59332,0,0.02243042,0.2420539,0,0.4479789,5993.035,1.261843,0.4217833,Straight,Up,-0.03426402,0.1530685,TransSharp
448.4598,20.5849,0,0.05172729,0.2420539,0,0.435038,5993.858,1.261191,0.4210936,Straight,Flat,-0.02797646,0.1364441,TransSharp
448.4998,20.57647,0,0.07553101,0.2420539,0,0.4216585,5994.682,1.26054,0.4204047,Straight,Flat,0,0.1210938,TransSharp
448.5399,20.56811,0,0.1112366,0.2420539,0,0.4081077,5995.504,1.259876,0.4197153,Straight,Flat,0,0.1173401,TransSharp
448.5798,20.55976,0,0.123142,0.2420539,0,0.3941296,5996.327,1.259177,0.4190263,Straight,Flat,0,0.1135788,TransSharp
448.6198,20.55144,0,0.1423681,0.2420539,0,0.3799532,5997.149,1.25836,0.4183373,Straight,Flat,0,0.1098251,TransSharp
448.6599,20.54315,0,0.1515234,0.2420539,0,0.3654985,5997.971,1.257676,0.417649,Straight,Flat,0,0.1060715,TransSharp
448.6998,20.53489,0,0.1515234,0.2420539,0,0.3507653,5998.792,1.257121,0.4169603,Straight,Flat,0,0.1023178,TransSharp
448.7398,20.52666,0,0.1515234,0.2420539,0,0.3358377,5999.613,1.25647,0.4162718,Straight,Flat,0,0.09857178,TransSharp
448.7798,20.51845,0,0.1515234,0.2420539,0,0.3209371,6000.434,1.255904,0.4155841,Straight,Flat,0,0.09481812,TransSharp
448.8199,20.51024,0,0.1515234,0.2420539,0,0.3061051,6001.254,1.255333,0.4148958,Straight,Flat,0,0.09107208,TransSharp
448.8598,20.50209,0,0.1423681,0.2420539,0,0.2913901,6002.075,1.254649,0.4142078,Straight,Flat,0,0.08732605,TransSharp
448.8998,20.49396,0,0.1304662,0.2420539,0,0.2767852,6002.895,1.253967,0.41352,Straight,Flat,0,0.08358002,TransSharp
448.9398,20.48582,0,0.1286352,0.2420539,0,0.262272,6003.714,1.25329,0.4128329,Straight,Flat,0,0.07983398,TransSharp
448.9798,20.47771,0,0.1286352,0.2420539,0,0.2480142,6004.533,1.252609,0.4121453,Straight,Flat,-0.01978234,0.07608795,TransSharp
449.0198,20.46964,0,0.1286352,0.2420539,0,0.2339889,6005.352,1.25212,0.411458,Straight,Flat,0,0.07235718,TransSharp
449.0598,20.46158,0,0.1277196,0.2420539,0,0.2201777,6006.17,1.251505,0.4107708,Straight,Flat,0,0.06861115,TransSharp
449.0999,20.45354,0,0.1222265,0.2420539,0,0.2065875,6006.989,1.250768,0.4100844,Straight,Flat,0,0.06487274,TransSharp
449.1398,20.44553,0,0.1130676,0.2420539,0,0.1931111,6007.807,1.250192,0.4093975,Straight,Flat,0,0.06114197,TransSharp
449.1798,20.43753,0,0.1130676,0.2420539,0,0.1798009,6008.624,1.249773,0.408711,Straight,Flat,0,0.05740356,TransSharp
449.2198,20.43246,0,0.1130676,0.2420539,0,0.1660991,6009.441,1.247739,0.408025,Straight,Flat,0,0.05367279,TransSharp
449.2598,20.42245,0,0.1350439,0.2420539,0,0.1534998,6010.259,1.250527,0.4073387,Straight,Flat,0,0.04994202,TransSharp
449.2998,20.41395,0,0.1643407,0.2420539,0,0.1411552,6011.075,1.249394,0.4066526,Straight,Flat,0,0.04621887,TransSharp
449.3398,20.40129,0,0.1936376,0.2420539,0,0.1286578,6011.892,1.248078,0.4059668,Straight,Flat,0,0.04248047,TransSharp
449.3799,20.39679,0,0.206455,0.2420539,0,0.1166982,6012.708,1.246579,0.4052815,Straight,Flat,0,0.03874969,TransSharp
449.4198,20.38964,0,0.206455,0.2420539,0,0.1054631,6013.523,1.245477,0.404596,Straight,Flat,0,0.03501892,TransSharp
449.4598,20.38168,0,0.206455,0.2420539,0,0.09456784,6014.338,1.244749,0.4039106,Straight,Flat,0,0.03129578,TransSharp
449.4998,20.37365,0,0.206455,0.2420539,0,0.08431333,6015.154,1.244109,0.403226,Straight,Flat,0,0.02758026,TransSharp
449.5399,20.36565,0,0.1780736,0.2420539,0,0.07459658,6015.968,1.243756,0.402541,Straight,Flat,0,-0.07853699,Normal
449.5798,20.35769,0,0.1780736,0.2420539,0,0.06531453,6016.783,1.243291,0.4018562,Straight,Flat,0,-0.08713531,Normal
449.6198,20.34976,0,0.1707494,0.2420539,0,0.05652839,6017.597,1.242842,0.4011715,Straight,Flat,0,-0.09573364,Normal
449.6599,20.34187,0,0.1542699,0.2420539,0,0.04821917,6018.411,1.24231,0.4004877,Straight,Flat,-0.01978234,-0.104332,Normal
449.6998,20.334,0,0.1414526,0.2460212,0,0.04027608,6019.224,1.241895,0.3998035,Straight,Flat,0,-0.1129303,Normal
449.7398,20.32669,0,0.140537,0.2460212,0,0.03285563,6020.038,1.241432,0.3991195,Straight,Flat,0,-0.1215134,Normal
449.7798,20.31972,0,0.140537,0.2460212,0,0.02583927,6020.85,1.240827,0.3984362,Straight,Flat,0,-0.1301041,Normal
449.8199,20.3128,0,0.140537,0.2460212,0,0.01933044,6021.663,1.240104,0.3977525,Straight,Flat,0,-0.1386871,Normal
449.8598,20.3059,0,0.1359594,0.2460212,0,0.0133861,6022.475,1.239485,0.3970692,Straight,Flat,0,-0.1472702,Normal
449.8998,20.29902,0,0.1286352,0.2460212,0,0.00793767,6023.287,1.238922,0.3963859,Straight,Down,0,-0.155838,Normal
449.9398,20.29216,0,0.123142,0.2460212,0,0.003076583,6024.099,1.238333,0.3957034,Straight,Down,-0.01978234,-0.1644211,Normal
449.9798,20.28529,0,0.1130676,0.2460212,0,-0.001201034,6024.91,1.237478,0.3950205,Straight,Down,0,-0.1729889,Normal
450.0198,20.27872,0,0.1121521,0.2460212,0,-0.004898667,6025.722,1.236355,0.394338,Straight,Down,0,-0.1815567,Normal
450.0598,20.27211,0,0.1121521,0.2499886,0,-0.007946968,6026.532,1.236325,0.3936561,Straight,Down,0,-0.1901245,Normal
450.0999,20.26586,0,0.1121521,0.2579232,0,-0.01056173,6027.343,1.236311,0.3929739,Straight,Down,0,-0.1986847,Normal
450.1398,20.26178,0,0.1121521,0.2618906,0,-0.01248959,6028.153,1.236043,0.3922918,Straight,Down,0,-0.2072449,Normal
450.1798,20.25911,0,0.1121521,0.2658579,0,-0.01391456,6028.964,1.235357,0.3916101,Straight,Down,0,-0.2158051,Normal
450.2198,20.25687,0,0.1112366,0.2658579,0,-0.01468283,6029.774,1.23481,0.3909291,Straight,Down,0,-0.2243652,Normal
450.2598,20.25481,0,0.1048279,0.2698253,0,-0.01510009,6030.585,1.234153,0.3902477,Straight,Down,0,-0.2329178,Normal
450.2998,20.2536,0,0.09384155,0.27776,0,-0.01509699,6031.396,1.233443,0.3895665,Straight,Down,0,-0.241478,Normal
450.3398,20.25324,0,0.07553101,0.27776,0,-0.01465648,6032.206,1.231926,0.3888856,Left,Down,-0.0656106,-0.2500305,Normal
450.3799,20.25611,0,0.04440308,0.27776,0,-0.01040521,6033.017,1.231844,0.3882055,Left,Down,-0.1203313,-0.2840271,Normal
450.4198,20.2584,0,0.003204346,0.27776,0,-0.003855705,6033.827,1.232727,0.3875249,Left,Down,-0.1203313,-0.3639069,Normal
450.4598,20.26024,0,-0.06454647,0.27776,0,0.002903789,6034.638,1.233309,0.3868446,Left,Down,-0.1203313,-0.4438019,Normal
450.4998,20.2612,0,-0.1194781,0.27776,0,0.01034361,6035.448,1.232597,0.3861651,Left,Down,-0.1203313,-0.5237427,Normal
450.5398,20.26428,0,-0.1799047,0.2817273,0,0.01823401,6036.259,1.230362,0.3854853,Left,Down,-0.1203313,-0.6036606,Normal
450.5798,20.26909,0,-0.2183568,0.2936446,0,0.0257118,6037.069,1.231685,0.3848057,Left,Down,-0.1153499,-0.6835403,Normal
450.6198,20.27803,0,-0.2256811,0.3055466,0,0.03497449,6037.88,1.23244,0.3841262,Left,Down,-0.08622923,-0.763382,Normal
450.6599,20.28867,0,-0.2256811,0.3055466,0,0.04835361,6038.692,1.233697,0.3834476,Left,Down,-0.08392937,-0.8227081,Normal
450.6998,20.30032,0,-0.2256811,0.3134814,0,0.06165564,6039.504,1.233914,0.3827688,Left,Down,-0.08392937,-0.8814316,Normal
450.7398,20.31349,0,-0.2256811,0.3134814,0,0.07497355,6040.316,1.233145,0.38209,Left,Down,-0.08622923,-0.9402466,Normal
450.7798,20.32878,0,-0.2137792,0.3134814,0,0.0882012,6041.129,1.231591,0.3814121,Left,Down,-0.08622923,-0.9991531,Normal
450.8199,20.34359,0,-0.2092016,0.3134814,0,0.1016303,6041.943,1.229703,0.3807338,Left,Down,-0.08622923,-1.058105,Normal
450.8598,20.35788,0,-0.208286,0.3174487,0,0.1157421,6042.757,1.226909,0.3800558,Left,Down,-0.08392937,-1.117081,Normal
450.8998,20.3737,0,-0.208286,0.3174487,0,0.1294005,6043.572,1.226116,0.379378,Left,Down,-0.08392937,-1.176064,Normal
450.9398,20.38994,0,-0.208286,0.3174487,0,0.1429803,6044.388,1.226225,0.378701,Left,Down,-0.08622923,-1.235069,Normal
450.9798,20.40462,0,-0.2037084,0.3174487,0,0.1567775,6045.204,1.224037,0.3780237,Straight,Down,-0.02797646,-1.294022,Normal
451.0198,20.42474,0,-0.1954687,0.3174487,0,0.1737493,6046.021,1.226809,0.3773467,Straight,Down,0.01978234,-1.323936,Normal
451.0598,20.44413,0,-0.1670855,0.3174487,0,0.1902077,6046.838,1.228678,0.3766704,Straight,Down,0.01978234,-1.338745,Normal
451.0999,20.45985,0,-0.1377887,0.3174487,0,0.2062473,6047.656,1.229607,0.3759938,Straight,Down,0.01978234,-1.353584,Normal
451.1398,20.48156,0,-0.0956744,0.3293507,0,0.2219882,6048.475,1.228711,0.3753175,Straight,Down,0.01978234,-1.368454,Normal
451.1798,20.50466,0,-0.05813599,0.3372854,0,0.2374281,6049.295,1.226762,0.3746413,Straight,Down,0.01978234,-1.383347,Normal
451.2198,20.52903,0,-0.03341675,0.3452201,0,0.2524356,6050.116,1.224638,0.373966,Straight,Down,0.01978234,-1.39827,Normal
451.2598,20.55477,0,0.0151062,0.3491875,0,0.2671877,6050.938,1.222629,0.3732904,Straight,Down,0.01978234,-1.4132,Normal
451.2998,20.58115,0,0.04440308,0.3491875,0,0.281575,6051.76,1.220858,0.372615,Straight,Down,0,-1.428154,Normal
451.3398,20.60767,0,0.05722046,0.3610895,0,0.2957665,6052.584,1.219231,0.3719399,Straight,Down,0.01978234,-1.44313,Normal
451.3799,20.63564,0,0.05813599,0.3690242,0,0.309597,6053.41,1.217834,0.3712656,Straight,Down,0.01978234,-1.458122,Normal
451.4198,20.66596,0,0.05813599,0.3690242,0,0.3230509,6054.236,1.216831,0.3705909,Straight,Down,0,-1.473129,Normal
451.4598,20.69653,0,0.06362915,0.3690242,0,0.3360856,6055.063,1.215887,0.3699166,Straight,Down,0.01978234,-1.488167,Normal
451.4998,20.72704,0,0.07461548,0.3690242,0,0.3489347,6055.892,1.215104,0.3692429,Straight,Down,0.01978234,-1.50322,Normal
451.5398,20.75749,0,0.09841919,0.3690242,0,0.3614177,6056.722,1.214422,0.3685691,Straight,Down,0,-1.518303,Normal
451.5798,20.78782,0,0.1185644,0.3690242,0,0.3736842,6057.553,1.213734,0.3678955,Straight,Down,0.01978234,-1.533401,Normal
451.6198,20.81813,0,0.1359594,0.3690242,0,0.3861102,6058.386,1.213241,0.3672222,Straight,Down,0.01978234,-1.548523,Normal
451.6599,20.8483,0,0.1423681,0.3690242,0,0.3982422,6059.219,1.212587,0.3665497,Straight,Down,0,-1.563667,Normal
451.6998,20.87843,0,0.1423681,0.3690242,0,0.4103432,6060.054,1.21191,0.3658768,Straight,Down,0,-1.578827,Normal
451.7398,20.90846,0,0.1423681,0.3690242,0,0.4225469,6060.89,1.211221,0.3652042,Straight,Down,0,-1.594017,Normal
451.7798,20.93843,0,0.1423681,0.3452201,0,0.4346405,6061.728,1.210588,0.3645324,Straight,Down,0,-1.609222,Normal
451.8199,20.96536,0,0.1423681,0.3452201,0,0.4468271,6062.566,1.209998,0.3638605,Straight,Down,0,-1.624458,Normal
451.8598,20.98992,0,0.1240575,0.3452201,0,0.4591094,6063.405,1.209121,0.3631887,Straight,Down,0.01978234,-1.639702,Normal
451.8998,21.01472,0,0.1130676,0.3412528,0,0.471489,6064.246,1.208182,0.3625171,Straight,Down,0.01978234,-1.654968,Normal
451.9398,21.03841,0,0.1121521,0.3412528,0,0.4840448,6065.087,1.208182,0.3618464,Straight,Down,0.01978234,-1.670242,Normal
451.9798,21.06186,0,0.1121521,0.3412528,0,0.4966448,6065.929,1.208093,0.3611755,Straight,Down,0,-1.685539,Normal
452.0198,21.08556,0,0.1121521,0.3412528,0,0.5095459,6066.772,1.207701,0.3605048,Straight,Down,0.01978234,-1.700851,Normal
452.0598,21.10946,0,0.1121521,0.3412528,0,0.5226089,6067.617,1.207121,0.3598349,Straight,Down,0,-1.716187,Normal
452.0999,21.1332,0,0.1121521,0.3412528,0,0.5361085,6068.462,1.206581,0.3591647,Straight,Down,0.01978234,-1.731529,Normal
452.1398,21.15662,0,0.1121521,0.3412528,0,0.5498351,6069.308,1.205943,0.3584949,Straight,Down,0.01978234,-1.746895,Normal
452.1798,21.18036,0,0.1176488,0.3412528,0,0.5635277,6070.155,1.205286,0.3578252,Straight,Down,0.01978234,-1.762283,Normal
452.2198,21.20395,0,0.1176488,0.3412528,0,0.5775569,6071.003,1.204543,0.3571565,Straight,Down,0.01978234,-1.777679,Normal
452.2598,21.22746,0,0.1176488,0.3372854,0,0.5920243,6071.852,1.203883,0.3564874,Straight,Down,0,-1.793098,Normal
452.2998,21.25063,0,0.1222265,0.3372854,0,0.6066859,6072.702,1.203847,0.3558187,Straight,Down,0.03426402,-1.80854,Normal
452.3398,21.27151,0,0.1277196,0.3333181,0,0.6154592,6073.552,1.202164,0.3551502,Right,Down,0.06852804,-1.805344,Normal
452.3799,21.29185,0,0.1359594,0.3253834,0,0.6230567,6074.404,1.200274,0.3544825,Right,Down,0.06852804,-1.778419,Normal
452.4198,21.31196,0,0.1469457,0.3214161,0,0.6309766,6075.256,1.198654,0.3538145,Right,Down,0.06852804,-1.751472,Normal
452.4598,21.32955,0,0.1698339,0.309514,0,0.639352,6076.109,1.197842,0.353147,Right,Down,0.0656106,-1.724518,Normal
452.4998,21.34482,0,0.18906,0.297612,0,0.6481843,6076.963,1.19743,0.3524802,Right,Down,0.06852804,-1.697548,Normal
452.5398,21.35647,0,0.208286,0.2658579,0,0.6577204,6077.817,1.196705,0.3518131,Right,Down,0.06852804,-1.67057,Normal
452.5798,21.36333,0,0.2192724,0.2261845,0,0.6676464,6078.672,1.196644,0.3511463,Right,Down,0.06852804,-1.643593,Normal
452.6198,21.36331,0,0.2265966,0.1983978,0,0.6779467,6079.526,1.198198,0.3504799,Right,Down,0.06852804,-1.616631,Normal
452.6599,21.3574,0,0.2485693,0.1468223,0,0.6887815,6080.381,1.199807,0.3498142,Right,Down,0.07132626,-1.589653,Normal
452.6998,21.33647,0,0.272373,0.1150683,0,0.6982363,6081.234,1.200217,0.3491483,Right,Down,0.09891172,-1.562645,Normal
452.7398,21.30812,0,0.3154027,0.06349279,0,0.7029572,6082.087,1.195875,0.3484826,Right,Down,0.09891172,-1.517456,Normal
452.7798,21.27051,0,0.3501928,0,0,0.7083584,6082.938,1.191873,0.3478179,Right,Down,0.09891172,-1.471886,Normal
452.8199,21.2187,0,0.3694224,0,0,0.7145127,6083.787,1.189384,0.3471529,Right,Down,0.09891172,-1.426476,Normal
452.8598,21.16551,0,0.3868175,0,0,0.7218541,6084.634,1.187264,0.3464882,Right,Down,0.09691329,-1.381248,Normal
452.8998,21.11225,0,0.405128,0,0,0.7298065,6085.479,1.188963,0.3458238,Right,Down,0.09891172,-1.336205,Normal
452.9398,21.05577,0,0.4591441,0,0,0.7384559,6086.322,1.192765,0.3451601,Right,Down,0.1083524,-1.291252,Normal
452.9798,20.99918,0,0.5360484,0,0,0.7445281,6087.163,1.193422,0.3444964,Right,Down,0.1266688,-1.242874,Normal
453.0198,20.94394,0,0.588237,0,0,0.7487902,6088.001,1.189622,0.3438329,Right,Down,0.1282043,-1.18232,Normal
453.0598,20.88777,0,0.6248581,0,0,0.7539364,6088.837,1.185576,0.3431702,Right,Down,0.1282043,-1.121887,Normal
453.0999,20.83274,0,0.6257737,0,0,0.7608207,6089.671,1.182039,0.3425072,Right,Down,0.1282043,-1.061768,Normal
453.1398,20.77701,0,0.6257737,0,0,0.7685906,6090.502,1.184911,0.3418447,Right,Down,0.1282043,-1.001915,Normal
453.1798,20.71807,0,0.6257737,0,0,0.7768781,6091.332,1.190662,0.3411824,Right,Down,0.1506579,-0.9421387,Normal
453.2198,20.66088,0,0.6257737,0,0,0.7809759,6092.159,1.187267,0.340521,Right,Down,0.1545051,-0.8706512,Normal
453.2598,20.60452,0,0.6294358,0,0,0.7867084,6092.983,1.183384,0.3398594,Right,Down,0.1532334,-0.7966461,Normal
453.2998,20.54697,0,0.6294358,0,0,0.7939061,6093.806,1.178451,0.339198,Right,Down,0.1532334,-0.7229462,Normal
453.3398,20.48806,0,0.6294358,0,0,0.8025635,6094.626,1.183223,0.3385375,Right,Down,0.1631294,-0.6495895,Normal
453.3799,20.42756,0,0.6294358,0,0,0.8098915,6095.444,1.185756,0.3378767,Right,Down,0.1791368,-0.5733032,Normal
453.4198,20.36992,0,0.6294358,0,0,0.8159454,6096.259,1.182557,0.3372164,Right,Down,0.1791368,-0.4864502,Normal
453.4598,20.31351,0,0.6312668,0,0,0.8236045,6097.072,1.176647,0.3365563,Right,Down,0.1791368,-0.3998108,Normal
453.4998,20.25162,0,0.6422532,0,0,0.8330939,6097.883,1.179978,0.3358971,Right,Down,0.1897456,-0.3135681,Normal
453.5398,20.18927,0,0.6642258,0,0,0.8410152,6098.691,1.182395,0.3352376,Right,Down,0.2046302,-0.2238693,Normal
453.5798,20.12897,0,0.6770432,0,0,0.8486496,6099.497,1.178994,0.3345785,Right,Flat,0.2046302,-0.1246719,Normal
453.6198,20.06919,0,0.6770432,0,0,0.857913,6100.3,1.173414,0.3339197,Right,Flat,0.2046302,-0.02577209,Normal
453.6599,20.00391,0,0.6724656,0,0,0.8695123,6101.101,1.180979,0.3332617,Right,Flat,0.2255535,0.07280731,Normal
453.6998,19.94098,0,0.6724656,0,0,0.877044,6101.899,1.17816,0.3326035,Right,Up,0.2306999,0.1809387,Normal
453.7398,19.8824,0,0.6724656,0,0,0.8871442,6102.695,1.172133,0.3319458,Right,Up,0.2298502,0.2921677,Normal
453.7798,19.81476,0,0.6843674,0,0,0.8991585,6103.489,1.176104,0.3312888,Right,Up,0.2462884,0.4032364,Normal
453.8198,19.75045,0,0.7008469,0,0,0.9088272,6104.279,1.175985,0.3306316,Right,Up,0.2564087,0.5209427,Normal
453.8598,19.68884,0,0.7420456,0,0,0.9195268,6105.067,1.169778,0.3299747,Right,Up,0.2571706,0.6442947,Normal
453.8998,19.61948,0,0.7777512,0,0,0.9328649,6105.853,1.174738,0.3293183,Right,Up,0.2755364,0.7675934,Normal
453.9398,19.55346,0,0.8427572,0,0,0.9437028,6106.636,1.172476,0.3286626,Right,Up,0.2825486,0.8990097,Normal
453.9798,19.48973,0,0.9040976,0,0,0.9558693,6107.416,1.166321,0.3280067,Right,Up,0.2866737,1.034248,Normal
454.0198,19.42302,0,0.9388876,0,0,0.9699214,6108.194,1.170344,0.3273512,Right,Up,0.6596788,1.169273,Normal
454.0598,19.35875,0,0.9791708,0,0,0.9801039,6108.969,1.173743,0.3266965,Right,Up,0.917919,1.213608,Normal
454.0999,19.29565,0,1.015792,0,0,0.9850199,6109.741,1.172087,0.3260418,Right,Up,0.8663754,1.150238,Normal
454.1398,19.2289,0,1.08446,0,0,0.9832169,6110.511,1.171361,0.3253873,Right,Up,0.8175707,1.089729,Normal
454.1798,19.1653,0,1.156787,0,0,0.9747542,6111.278,1.172176,0.3247331,Right,Up,0.7737964,1.032158,Normal
454.2198,19.10103,0,1.208056,0,0,0.9609636,6112.043,1.172162,0.3240798,Right,Up,0.733287,0.9772644,Normal
454.2598,19.03754,0,1.26665,0,0,0.9426459,6112.805,1.171945,0.3234264,Right,Up,0.6946434,0.9248276,Normal
454.2998,18.97127,0,1.325247,0,0,0.91918,6113.564,1.173852,0.3227732,Right,Up,0.6620474,0.8749924,Normal
454.3398,18.90644,0,1.367362,0,0,0.8924086,6114.321,1.175592,0.322121,Right,Up,0.6274496,0.8274841,Normal
454.3799,18.84258,0,1.420462,0.003967346,0,0.8628043,6115.076,1.17414,0.3214685,Right,Up,0.5938025,0.7819901,Normal
454.4198,18.78056,0,1.437857,0.003967346,0,0.830851,6115.827,1.172283,0.3208165,Right,Up,0.5626699,0.7384262,Normal
454.4598,18.71745,0,1.44335,0.003967346,0,0.7972453,6116.577,1.170559,0.3201647,Right,Up,0.5337587,0.6965714,Normal
454.4998,18.65723,0,1.44335,0.01983673,0,0.7604879,6117.323,1.173573,0.3195139,Right,Up,0.5059038,0.6570816,Normal
454.5398,18.59946,0,1.44335,0.05159075,0,0.7233504,6118.068,1.171021,0.3188628,Right,Up,0.4825446,0.6190491,Normal
454.5798,18.54671,0,1.44335,0.07936218,0,0.6854252,6118.811,1.170473,0.3182122,Right,Up,0.4519747,0.5822372,Normal
454.6198,18.49946,0,1.44335,0.09126421,0,0.6452274,6119.551,1.171118,0.3175618,Right,Up,0.4338616,0.5477524,Normal
454.6599,18.45884,0,1.44335,0.09523156,0,0.6078261,6120.29,1.167447,0.3169124,Right,Up,0.4073442,0.5138931,Normal
454.6998,18.42049,0,1.436942,0.09523156,0,0.5662513,6121.027,1.170492,0.3162627,Right,Up,0.3921704,0.4822006,Normal
454.7398,18.37942,0,1.432364,0.09523156,0,0.5288372,6121.763,1.166781,0.3156135,Right,Up,0.3642322,0.4508133,Normal
454.7798,18.34018,0,1.42504,0.1071336,0,0.4882035,6122.497,1.168915,0.3149652,Right,Up,0.354982,0.4217453,Normal
454.8198,18.30124,0,1.414053,0.123003,0,0.4514836,6123.229,1.167241,0.3143166,Right,Up,0.3232465,0.3927307,Normal
454.8598,18.2696,0,1.384757,0.1388876,0,0.4130234,6123.96,1.166258,0.3136684,Right,Up,0.3202056,0.3660889,Normal
454.8998,18.2372,0,1.343558,0.1587244,0,0.377032,6124.69,1.168278,0.3130207,Right,Up,0.2980514,0.3396835,Normal
454.9398,18.21238,0,1.291373,0.1785611,0,0.3442294,6125.419,1.163529,0.3123737,Right,Up,0.2748253,0.3140869,Normal
454.9798,18.19037,0,1.208972,0.1944305,0,0.3082612,6126.146,1.164412,0.3117266,Right,Up,0.2748253,0.29039,Normal
455.0198,18.17155,0,1.137561,0.2103151,0,0.2765051,6126.874,1.165977,0.31108,Right,Up,0.2517883,0.2667084,Normal
455.0598,18.15821,0,1.027694,0.2301518,0,0.2482048,6127.6,1.161586,0.310434,Right,Up,0.2264194,0.2438049,Normal
455.0999,18.14998,0,0.9214926,0.2539559,0,0.2166324,6128.326,1.161866,0.3097882,Right,Up,0.2255535,0.2229309,Normal
455.1398,18.14846,0,0.8564901,0.2658579,0,0.1883244,6129.052,1.162453,0.3091425,Right,Up,0.2264194,0.2020721,Normal
455.1798,18.14408,0,0.7795823,0.2698253,0,0.1639887,6129.777,1.162989,0.3084974,Right,Up,0.1948336,0.1812515,Normal
455.2198,18.14746,0,0.7484543,0.2698253,0,0.1416689,6130.503,1.159237,0.3078529,Right,Up,0.1701742,0.1616745,Normal
455.2598,18.15067,0,0.7182419,0.2698253,0,0.1166025,6131.229,1.158907,0.3072085,Right,Flat,0.1713202,0.143898,Normal
455.2998,18.15422,0,0.7072556,0.289662,0,0.09482664,6131.955,1.158689,0.3065644,Right,Flat,0.1713202,0.1261673,Normal
455.3398,18.15835,0,0.7008469,0.2936446,0,0.07651553,6132.682,1.160068,0.3059212,Right,Flat,0.1713202,0.1084366,Normal
455.3799,18.16371,0,0.6605637,0.297612,0,0.06190088,6133.408,1.15903,0.3052778,Right,Flat,0.1370561,0.09070587,Normal
455.4198,18.17379,0,0.6065476,0.3055466,0,0.04915482,6134.135,1.155175,0.3046349,Right,Flat,0.09691329,0.07390594,Normal
455.4598,18.18568,0,0.5113292,0.3055466,0,0.0317468,6134.862,1.154739,0.3039922,Right,Flat,0.09487279,0.06026459,Normal
455.4998,18.198,0,0.422523,0.3055466,0,0.01677224,6135.59,1.154795,0.3033506,Right,Flat,0.09691329,0.04663849,Normal
455.5398,18.20774,0,0.3620982,0.3055466,0,0.00482583,6136.318,1.15504,0.3027088,Right,Flat,0.09487279,0.03302765,Normal
455.5798,18.21992,0,0.2842748,0.3055466,0,-0.004533708,6137.047,1.154386,0.3020673,Right,Flat,0.09487279,0.01940155,Normal
455.6198,18.23225,0,0.2183568,0.3055466,0,-0.01155782,6137.776,1.153589,0.3014262,Right,Flat,0.09487279,0.005783081,Normal
455.6599,18.24504,0,0.1460302,0.3055466,0,-0.01642743,6138.506,1.152967,0.3007861,Right,Flat,0.09691329,-0.007843018,Normal
455.6998,18.25723,0,0.07003784,0.3055466,0,-0.01942343,6139.236,1.152774,0.3001459,Right,Flat,0.09691329,-0.02146912,Normal
455.7398,18.26885,0,0.02151489,0.3055466,0,-0.02030444,6139.967,1.150887,0.299506,Right,Flat,0.09487279,-0.03509521,Normal
455.7798,18.27971,0,-0.03982544,0.3055466,0,-0.01951292,6140.698,1.148603,0.298867,Right,Flat,0.05233916,-0.04872131,Normal
455.8198,18.29449,0,-0.0892657,0.309514,0,-0.01829794,6141.43,1.146834,0.2982278,Straight,Flat,-0.01978234,-0.06135559,Normal
455.8598,18.3089,0,-0.1423663,0.3214161,0,-0.01862144,6142.162,1.147342,0.2975892,Straight,Flat,-0.01978234,-0.06911469,Normal
455.8998,18.32461,0,-0.1945531,0.3293507,0,-0.01759437,6142.895,1.147975,0.2969508,Straight,Flat,-0.01978234,-0.07688141,Normal
455.9398,18.34113,0,-0.2439916,0.3293507,0,-0.01523763,6143.628,1.148393,0.2963135,Straight,Flat,-0.01978234,-0.08466339,Normal
455.9798,18.36058,0,-0.3154045,0.3333181,0,-0.01197663,6144.363,1.148053,0.2956759,Straight,Flat,-0.01978234,-0.09244537,Normal
456.0198,18.38022,0,-0.3758293,0.3333181,0,-0.007915199,6145.098,1.147496,0.2950388,Straight,Flat,-0.01978234,-0.100235,Normal
456.0598,18.40003,0,-0.4527354,0.3333181,0,-0.003646493,6145.833,1.146837,0.2944026,Straight,Flat,0,-0.1080399,Normal
456.0999,18.41979,0,-0.5195689,0.3333181,0,0.001147956,6146.57,1.145835,0.2937663,Straight,Flat,-0.01978234,-0.1158447,Normal
456.1398,18.43939,0,-0.561685,0.3333181,0,0.006425917,6147.307,1.144889,0.2931303,Straight,Flat,-0.01978234,-0.1236572,Normal
456.1798,18.45893,0,-0.6056303,0.3372854,0,0.01154038,6148.045,1.14413,0.2924949,Straight,Flat,-0.01978234,-0.1314774,Normal
456.2198,18.47894,0,-0.631265,0.3372854,0,0.01679665,6148.784,1.143614,0.2918603,Straight,Flat,-0.01978234,-0.1393051,Normal
456.2598,18.49909,0,-0.6605637,0.3452201,0,0.02163681,6149.524,1.14336,0.2912255,Straight,Flat,-0.01978234,-0.1471481,Normal
456.2998,18.52028,0,-0.6797898,0.3491875,0,0.02628675,6150.265,1.143127,0.2905912,Straight,Down,-0.01978234,-0.1549911,Normal
456.3398,18.54259,0,-0.6907761,0.3491875,0,0.03084642,6151.006,1.142895,0.2899578,Straight,Down,0,-0.1628494,Normal
456.3799,18.56466,0,-0.7035935,0.3491875,0,0.03478736,6151.749,1.14268,0.2893244,Straight,Down,0,-0.1707153,Normal
456.4198,18.58692,0,-0.7145798,0.3491875,0,0.03834242,6152.492,1.141475,0.2886913,Straight,Down,0,-0.1785965,Normal
456.4598,18.60864,0,-0.7319748,0.3491875,0,0.04100406,6153.236,1.14053,0.2880586,Straight,Down,-0.01978234,-0.1864929,Normal
456.4998,18.63031,0,-0.7447922,0.3491875,0,0.04281297,6153.981,1.139927,0.2874269,Straight,Down,-0.01978234,-0.194397,Normal
456.5398,18.65167,0,-0.7731754,0.3491875,0,0.0435026,6154.727,1.1396,0.2867951,Straight,Down,-0.01978234,-0.2023163,Normal
456.5798,18.67193,0,-0.8079654,0.3491875,0,0.04318568,6155.474,1.138657,0.2861636,Straight,Down,0,-0.2102356,Normal
456.6198,18.69478,0,-0.828107,0.3491875,0,0.04469743,6156.221,1.137968,0.2855331,Left,Down,-0.0656106,-0.2181702,Normal
456.6599,18.71681,0,-0.8381778,0.3491875,0,0.04917961,6156.97,1.138946,0.2849025,Left,Down,-0.09891172,-0.2243958,Normal
456.6998,18.73839,0,-0.8336002,0.3491875,0,0.0521884,6157.719,1.139797,0.2842724,Left,Down,-0.09891172,-0.228241,Normal
456.7398,18.75881,0,-0.8271915,0.3491875,0,0.05353123,6158.469,1.139885,0.2836426,Left,Down,-0.09891172,-0.2321014,Normal
456.7798,18.78187,0,-0.8198673,0.3491875,0,0.05284935,6159.22,1.139653,0.2830139,Left,Down,-0.09891172,-0.2359695,Normal
456.8198,18.80365,0,-0.8189517,0.3491875,0,0.05017027,6159.972,1.139788,0.2823849,Left,Down,-0.09891172,-0.2398376,Normal
456.8598,18.82417,0,-0.8152896,0.3491875,0,0.04558697,6160.725,1.137457,0.2817565,Left,Down,-0.09891172,-0.2437286,Normal
456.8998,18.84434,0,-0.8143741,0.3491875,0,0.03894642,6161.479,1.134275,0.2811284,Left,Down,-0.09891172,-0.247612,Normal
456.9398,18.86712,0,-0.8134586,0.3491875,0,0.03655055,6162.233,1.133716,0.2805013,Left,Down,-0.1219466,-0.251503,Normal
456.9798,18.88878,0,-0.8088809,0.3491875,0,0.03317294,6162.988,1.133965,0.2798741,Left,Down,-0.1341704,-0.2545319,Normal
457.0198,18.90923,0,-0.8033878,0.3491875,0,0.02754667,6163.745,1.134459,0.2792474,Left,Down,-0.1312212,-0.2567825,Normal
457.0598,18.9299,0,-0.7960635,0.3491875,0,0.01928976,6164.501,1.135286,0.2786216,Left,Down,-0.132704,-0.2590485,Normal
457.0998,18.94817,0,-0.7841617,0.3491875,0,0.008893847,6165.259,1.133552,0.2779956,Left,Down,-0.132704,-0.2613144,Normal
457.1398,18.9697,0,-0.7731754,0.3491875,0,-0.002632976,6166.018,1.130413,0.2773702,Left,Down,-0.132704,-0.2635803,Normal
457.1798,18.99216,0,-0.7502854,0.3491875,0,-0.009955019,6166.777,1.130277,0.2767452,Left,Down,-0.1506579,-0.2658539,Normal
457.2198,19.01393,0,-0.7338059,0.3491875,0,-0.02011654,6167.538,1.130623,0.2761211,Left,Down,-0.1594904,-0.2673416,Normal
457.2598,19.03276,0,-0.7191575,0.3491875,0,-0.03287849,6168.299,1.13201,0.2754969,Left,Down,-0.1582588,-0.2684097,Normal
457.2998,19.05066,0,-0.7035935,0.3491875,0,-0.04776356,6169.061,1.129976,0.2748732,Left,Down,-0.1582588,-0.2694778,Normal
457.3398,19.07314,0,-0.7017624,0.3491875,0,-0.06194156,6169.823,1.12746,0.2742504,Left,Down,-0.1594904,-0.270546,Normal
457.3799,19.09542,0,-0.6962693,0.3491875,0,-0.07391664,6170.587,1.127211,0.2736276,Left,Down,-0.1758294,-0.2716141,Normal
457.4198,19.11766,0,-0.6907761,0.3491875,0,-0.08917016,6171.352,1.128258,0.2730051,Left,Down,-0.1802258,-0.2719574,Normal
457.4598,19.13278,0,-0.6852829,0.3491875,0,-0.1064348,6172.117,1.128237,0.2723832,Left,Down,-0.1802258,-0.2720261,Normal
457.4998,19.15427,0,-0.654155,0.3491875,0,-0.1246406,6172.883,1.124703,0.2717621,Left,Down,-0.1802258,-0.2720947,Normal
457.5398,19.17623,0,-0.6147856,0.3531548,0,-0.1388744,6173.649,1.124544,0.2711411,Left,Down,-0.191797,-0.2721634,Normal
457.5798,19.20016,0,-0.5534452,0.3531548,0,-0.1561038,6174.417,1.125679,0.2705205,Left,Down,-0.1988102,-0.2718964,Normal
457.6198,19.21506,0,-0.5003428,0.3531548,0,-0.175476,6175.186,1.125407,0.2699008,Left,Down,-0.1988102,-0.2710876,Normal
457.6599,19.23897,0,-0.4408336,0.3531548,0,-0.1941068,6175.955,1.122421,0.2692811,Left,Down,-0.199792,-0.2702789,Normal
457.6998,19.26241,0,-0.4051262,0.3531548,0,-0.2100453,6176.726,1.122513,0.2686618,Left,Down,-0.2093567,-0.2694702,Normal
457.7398,19.28571,0,-0.3923088,0.3531548,0,-0.2289635,6177.497,1.124566,0.268043,Left,Down,-0.2167048,-0.2683182,Normal
457.7798,19.3025,0,-0.3859001,0.3531548,0,-0.2496124,6178.269,1.120555,0.2674251,Left,Down,-0.2167048,-0.2667389,Normal
457.8198,19.32612,0,-0.3813225,0.3531548,0,-0.264819,6179.042,1.120664,0.2668072,Left,Down,-0.220287,-0.265152,Normal
457.8598,19.35181,0,-0.3813225,0.3571222,0,-0.2824358,6179.816,1.122137,0.2661897,Left,Down,-0.23239,-0.2635574,Normal
457.8998,19.36799,0,-0.3813225,0.3571222,0,-0.3019321,6180.59,1.11982,0.2655727,Left,Down,-0.23239,-0.2612991,Normal
457.9398,19.39172,0,-0.4051262,0.3571222,0,-0.3170469,6181.366,1.119032,0.2649566,Left,Down,-0.23239,-0.2590179,Normal
457.9798,19.41746,0,-0.4463267,0.3571222,0,-0.3331481,6182.142,1.120348,0.2643406,Left,Down,-0.2438933,-0.2567215,Normal
458.0198,19.43625,0,-0.4774547,0.3571222,0,-0.3512686,6182.919,1.118072,0.2637249,Left,Down,-0.2462884,-0.2539749,Normal
458.0598,19.45842,0,-0.505836,0.3571222,0,-0.364454,6183.697,1.117311,0.2631103,Left,Down,-0.2470816,-0.25103,Normal
458.0998,19.48294,0,-0.5168223,0.3610895,0,-0.3788281,6184.477,1.118687,0.2624955,Left,Down,-0.2571706,-0.248085,Normal
458.1398,19.50367,0,-0.523231,0.3729915,0,-0.3950937,6185.256,1.11505,0.2618813,Left,Down,-0.2601963,-0.244751,Normal
458.1798,19.52969,0,-0.5424589,0.3769741,0,-0.4054887,6186.037,1.115911,0.2612675,Left,Down,-0.2609472,-0.241188,Normal
458.2198,19.55427,0,-0.5708402,0.3888762,0,-0.4177912,6186.819,1.117159,0.2606547,Left,Down,-0.2712421,-0.2376099,Normal
458.2598,19.5823,0,-0.6248564,0.3928435,0,-0.42885,6187.603,1.113916,0.2600418,Left,Down,-0.2733977,-0.2336197,Normal
458.2998,19.61561,0,-0.6843674,0.3928435,0,-0.4371787,6188.387,1.115309,0.2594295,Left,Down,-0.276953,-0.2294617,Normal
458.3398,19.64246,0,-0.7246506,0.3928435,0,-0.4477316,6189.172,1.113255,0.258818,Left,Down,-0.2859903,-0.2252655,Normal
458.3799,19.67043,0,-0.7841617,0.3928435,0,-0.4538528,6189.959,1.112777,0.2582066,Left,Down,-0.2859903,-0.2205658,Normal
458.4198,19.69743,0,-0.8372623,0.3928435,0,-0.4605363,6190.747,1.114407,0.2575955,Left,Down,-0.2920831,-0.2158432,Normal
458.4598,19.7297,0,-0.8683902,0.3928435,0,-0.4667747,6191.536,1.11073,0.2569851,Left,Down,-0.2980514,-0.2109146,Normal
458.4998,19.75951,0,-0.8921957,0.3968109,0,-0.4704807,6192.326,1.112555,0.2563756,Left,Down,-0.3000144,-0.2056503,Normal
458.5398,19.78833,0,-0.8976889,0.3968109,0,-0.4758863,6193.117,1.108841,0.255766,Left,Down,-0.3090104,-0.200386,Normal
458.5798,19.81833,0,-0.903182,0.3968109,0,-0.4763667,6193.91,1.110776,0.2551569,Left,Down,-0.309643,-0.1946487,Normal
458.6198,19.84284,0,-0.9159994,0.3968109,0,-0.4791256,6194.703,1.108448,0.2545488,Left,Down,-0.3171355,-0.1888733,Normal
458.6599,19.87411,0,-0.9498739,0.3968109,0,-0.4780177,6195.498,1.108905,0.2539407,Left,Down,-0.3202056,-0.1828156,Normal
458.6998,19.89849,0,-1.004807,0.3968109,0,-0.4780189,6196.294,1.108017,0.253333,Left,Down,-0.3250574,-0.1765289,Normal
458.7398,19.93163,0,-1.044175,0.3968109,0,-0.4753954,6197.091,1.10721,0.2527258,Left,Down,-0.3310224,-0.1701126,Normal
458.7798,19.95466,0,-1.080796,0.3968109,0,-0.4729988,6197.889,1.107683,0.2521197,Left,Down,-0.3339648,-0.163353,Normal
458.8198,19.98943,0,-1.091782,0.3968109,0,-0.4690034,6198.688,1.105734,0.2515135,Left,Down,-0.3414966,-0.1565323,Normal
458.8598,20.01064,0,-1.092698,0.3968109,0,-0.4645466,6199.488,1.106709,0.2509078,Left,Flat,-0.3432113,-0.1492996,Normal
458.8998,20.04707,0,-1.092698,0.3968109,0,-0.4587477,6200.29,1.10444,0.2503026,Left,Flat,-0.3511023,-0.1420517,Normal
458.9398,20.06575,0,-1.092698,0.3968109,0,-0.4525661,6201.092,1.104978,0.2496983,Left,Flat,-0.3522151,-0.1343842,Normal
458.9798,20.10261,0,-1.092698,0.3968109,0,-0.4444773,6201.895,1.103452,0.2490941,Left,Flat,-0.360452,-0.1266785,Normal
459.0198,20.11897,0,-1.092698,0.3968109,0,-0.4365858,6202.7,1.103065,0.2484903,Left,Flat,-0.3626169,-0.1185913,Normal
459.0598,20.15869,0,-1.092698,0.3968109,0,-0.4267449,6203.506,1.102818,0.2478875,Left,Flat,-0.3700944,-0.1104279,Normal
459.0998,20.17334,0,-1.092698,0.3968109,0,-0.4175293,6204.313,1.100402,0.2472847,Left,Flat,-0.3722032,-0.1018982,Normal
459.1398,20.20919,0,-1.092698,0.3968109,0,-0.4053097,6205.121,1.101939,0.2466825,Left,Flat,-0.3794918,-0.0933075,Normal
459.1798,20.22641,0,-1.092698,0.3968109,0,-0.3944576,6205.929,1.098145,0.2460807,Left,Flat,-0.382573,-0.0843277,Normal
459.2198,20.25152,0,-1.092698,0.3968109,0,-0.3807073,6206.739,1.101447,0.2454799,Left,Flat,-0.3891652,-0.07527924,Normal
459.2598,20.27855,0,-1.087205,0.4087129,0,-0.3673158,6207.55,1.097911,0.2448791,Left,Flat,-0.3921704,-0.06586456,Normal
459.2998,20.30258,0,-1.076218,0.4166476,0,-0.3530262,6208.363,1.101032,0.2442788,Left,Flat,-0.3976209,-0.05634308,Normal
459.3398,20.33564,0,-1.068894,0.4245823,0,-0.3373469,6209.176,1.096985,0.2436795,Left,Flat,-0.4025119,-0.04650879,Normal
459.3799,20.36058,0,-1.049668,0.4285496,0,-0.3226089,6209.99,1.097382,0.2430801,Left,Flat,-0.4059006,-0.03648376,Normal
459.4198,20.39611,0,-1.02678,0.432517,0,-0.3035438,6210.806,1.092181,0.2424814,Left,Flat,-0.4121198,-0.02623749,Normal
459.4598,20.42339,0,-1.008469,0.432517,0,-0.2867301,6211.623,1.093455,0.2418831,Left,Flat,-0.4130683,-0.01573944,Normal
459.4998,20.45928,0,-0.9800863,0.432517,0,-0.2669607,6212.44,1.089229,0.2412858,Left,Flat,-0.4073442,-0.005119324,Normal
459.5398,20.47949,0,-0.9672689,0.432517,0,-0.2479604,6213.259,1.091479,0.2406884,Left,Flat,-0.4005627,0.04214478,Normal
459.5798,20.51496,0,-0.9443808,0.432517,0,-0.2280131,6214.079,1.088728,0.2400917,Left,Flat,-0.3881583,0.09187317,Normal
459.6198,20.53113,0,-0.9333944,0.432517,0,-0.2073658,6214.9,1.09058,0.2394958,Left,Flat,-0.3794918,0.1498184,Normal
459.6599,20.56676,0,-0.9159994,0.432517,0,-0.1867774,6215.723,1.08869,0.2389001,Left,Up,-0.3700944,0.2066879,Normal
459.6998,20.58499,0,-0.9086752,0.432517,0,-0.1654005,6216.546,1.09022,0.2383048,Left,Up,-0.360452,0.2617569,Normal
459.7398,20.62004,0,-0.9086752,0.432517,0,-0.1441155,6217.371,1.087488,0.2377101,Left,Up,-0.3522151,0.315506,Normal
459.7798,20.63854,0,-0.9086752,0.432517,0,-0.1233287,6218.196,1.09004,0.2371164,Left,Up,-0.3426407,0.3677139,Normal
459.8198,20.6667,0,-0.9086752,0.4364843,0,-0.1010453,6219.022,1.086863,0.2365226,Left,Up,-0.3345502,0.4186172,Normal
459.8598,20.69129,0,-0.8986044,0.4364843,0,-0.0810996,6219.85,1.089582,0.2359294,Left,Up,-0.3274564,0.4679489,Normal
459.8998,20.71678,0,-0.8729678,0.4364843,0,-0.05768177,6220.679,1.086759,0.2353367,Left,Up,-0.3171355,0.5165024,Normal
459.9398,20.74666,0,-0.8400089,0.4404517,0,-0.03801349,6221.508,1.088069,0.234745,Left,Up,-0.3140353,0.5629196,Normal
459.9798,20.77509,0,-0.7988101,0.444419,0,-0.01543754,6222.339,1.087414,0.2341533,Left,Up,-0.2993615,0.6093979,Normal
460.0198,20.80191,0,-0.7731754,0.4563211,0,0.005873829,6223.17,1.084766,0.2335621,Left,Up,-0.2987072,0.6529236,Normal
460.0598,20.83098,0,-0.7685977,0.4563211,0,0.02580789,6224.003,1.087481,0.232972,Left,Up,-0.2887141,0.6965485,Normal
460.0998,20.85543,0,-0.7685977,0.4563211,0,0.04846248,6224.837,1.085204,0.2323819,Left,Up,-0.2825486,0.7385101,Normal
460.1398,20.88688,0,-0.7685977,0.4603037,0,0.06779447,6225.672,1.085183,0.2317923,Left,Up,-0.2783625,0.7792587,Normal
460.1798,20.91854,0,-0.7667667,0.4603037,0,0.0887343,6226.509,1.085751,0.2312032,Left,Up,-0.2654082,0.8199387,Normal
460.2198,20.94223,0,-0.7557786,0.4603037,0,0.1095796,6227.346,1.083357,0.2306152,Left,Up,-0.2654082,0.8578796,Normal
460.2598,20.97587,0,-0.7493699,0.4603037,0,0.1272681,6228.185,1.084613,0.2300272,Left,Up,-0.2579304,0.8958893,Normal
460.2998,21.00422,0,-0.7392991,0.4603037,0,0.1480499,6229.025,1.084161,0.2294397,Left,Up,-0.2486604,0.9329147,Normal
460.3398,21.02677,0,-0.7328904,0.4603037,0,0.1676143,6229.866,1.081759,0.2288532,Left,Up,-0.2486604,0.9681015,Normal
460.3798,21.06417,0,-0.7127488,0.4603037,0,0.1838608,6230.708,1.083268,0.2282667,Left,Up,-0.2398483,1.003342,Normal
460.4198,21.08925,0,-0.702678,0.4603037,0,0.2033288,6231.551,1.083013,0.2276809,Left,Up,-0.23239,1.037224,Normal
460.4598,21.11137,0,-0.6971848,0.4603037,0,0.2218832,6232.396,1.080946,0.2270955,Left,Up,-0.2332305,1.069664,Normal
460.4998,21.14828,0,-0.6962693,0.4603037,0,0.2372398,6233.241,1.080661,0.2265111,Left,Up,-0.2246844,1.102142,Normal
460.5398,21.17188,0,-0.6953537,0.4603037,0,0.2536254,6234.087,1.08168,0.2259268,Left,Up,-0.2167048,1.133377,Normal
460.5798,21.19544,0,-0.6953537,0.4603037,0,0.2712937,6234.935,1.080045,0.2253431,Left,Up,-0.2167048,1.163078,Normal
460.6198,21.2203,0,-0.6916916,0.4603037,0,0.2862512,6235.784,1.077542,0.2247603,Left,Up,-0.2121421,1.192802,Normal
460.6599,21.25216,0,-0.6916916,0.4603037,0,0.2981973,6236.633,1.080736,0.2241776,Left,Up,-0.2007689,1.222107,Normal
460.6998,21.27706,0,-0.6834519,0.4603037,0,0.3150513,6237.484,1.079611,0.2235954,Left,Up,-0.2007689,1.249077,Normal
460.7398,21.29711,0,-0.6733811,0.4603037,0,0.3293676,6238.336,1.077386,0.2230138,Left,Up,-0.2007689,1.276047,Normal
460.7798,21.33397,0,-0.6559861,0.464271,0,0.3405504,6239.189,1.077187,0.2224332,Left,Up,-0.1887116,1.30304,Normal
460.8198,21.35728,0,-0.6495774,0.464271,0,0.3520183,6240.043,1.078862,0.2218526,Left,Up,-0.1845175,1.328163,Normal
460.8598,21.38102,0,-0.6486619,0.464271,0,0.3657825,6240.898,1.077628,0.2212726,Left,Up,-0.1845175,1.352432,Normal
460.8998,21.40278,0,-0.6486619,0.464271,0,0.3772106,6241.754,1.075402,0.2206936,Left,Up,-0.183454,1.376709,Normal
460.9398,21.43619,0,-0.6486619,0.464271,0,0.3855043,6242.611,1.075527,0.2201148,Left,Up,-0.1713202,1.400986,Normal
460.9798,21.46181,0,-0.6486619,0.464271,0,0.3933218,6243.469,1.077479,0.2195364,Left,Up,-0.1701742,1.42263,Normal
461.0198,21.48487,0,-0.6486619,0.464271,0,0.4047344,6244.329,1.076232,0.2189586,Left,Up,-0.1690205,1.444138,Normal
461.0598,21.50739,0,-0.6486619,0.464271,0,0.413488,6245.188,1.074257,0.2183817,Left,Up,-0.1701742,1.465675,Normal
461.0998,21.53518,0,-0.6486619,0.4404517,0,0.419318,6246.05,1.072533,0.2178051,Left,Up,-0.1570175,1.48719,Normal
461.1398,21.5593,0,-0.6440824,0.432517,0,0.421994,6246.912,1.075016,0.2172289,Left,Up,-0.1532334,1.506439,Normal
461.1798,21.57553,0,-0.6321806,0.4245823,0,0.4286884,6247.775,1.074824,0.2166533,Left,Up,-0.1532334,1.525101,Normal
461.2198,21.58868,0,-0.6239408,0.4166476,0,0.434971,6248.638,1.073421,0.2160787,Left,Up,-0.1545051,1.543777,Normal
461.2598,21.60553,0,-0.6083769,0.4087129,0,0.4383846,6249.502,1.071407,0.2155042,Left,Up,-0.1493534,1.562447,Normal
461.2998,21.6176,0,-0.5891508,0.4087129,0,0.4390948,6250.367,1.070433,0.2149302,Left,Up,-0.1384764,1.580475,Normal
461.3398,21.63329,0,-0.5708402,0.4047455,0,0.436876,6251.232,1.072641,0.2143573,Left,Up,-0.1384764,1.596199,Normal
461.3798,21.64255,0,-0.5296415,0.4007782,0,0.4387186,6252.097,1.072517,0.2137844,Left,Up,-0.1384764,1.611916,Normal
461.4198,21.65108,0,-0.4783702,0.3888762,0,0.4405213,6252.963,1.070917,0.2132122,Left,Up,-0.1370561,1.62764,Normal
461.4598,21.66239,0,-0.4454112,0.3888762,0,0.4395082,6253.83,1.069308,0.2126404,Left,Up,-0.1341704,1.643356,Normal
461.4998,21.66855,0,-0.4106212,0.3888762,0,0.4361395,6254.696,1.06768,0.2120697,Left,Up,-0.1219466,1.65873,Normal
461.5398,21.67727,0,-0.3877312,0.3849088,0,0.4301223,6255.563,1.068554,0.2114992,Left,Up,-0.1235407,1.671371,Normal
461.5798,21.68539,0,-0.3620964,0.3729915,0,0.4220699,6256.431,1.070699,0.2109291,Left,Up,-0.1219466,1.684013,Normal
461.6198,21.68849,0,-0.3437859,0.3531548,0,0.4203451,6257.298,1.069314,0.2103601,Left,Up,-0.1219466,1.696648,Normal
461.6599,21.68883,0,-0.3346306,0.3253834,0,0.4163069,6258.165,1.067686,0.2097911,Left,Up,-0.1219466,1.709282,Normal
461.6998,21.6863,0,-0.3327996,0.3055466,0,0.4098012,6259.032,1.066359,0.2092228,Left,Up,-0.1136409,1.721901,Normal
461.7398,21.67492,0,-0.3327996,0.297612,0,0.4011491,6259.899,1.065185,0.208655,Left,Up,-0.1046783,1.733528,Normal
461.7798,21.66257,0,-0.3291374,0.297612,0,0.3904277,6260.766,1.065058,0.2080882,Left,Up,-0.1046783,1.742844,Normal
461.8198,21.6524,0,-0.3218132,0.297612,0,0.3775608,6261.632,1.066335,0.2075216,Left,Up,-0.1065312,1.752151,Normal
461.8598,21.63907,0,-0.314489,0.297612,0,0.365934,6262.498,1.067129,0.2069556,Left,Up,-0.1046783,1.761444,Normal
461.8998,21.62593,0,-0.297094,0.297612,0,0.3584961,6263.363,1.065774,0.2063905,Left,Up,-0.1046783,1.770737,Normal
461.9398,21.61387,0,-0.2806127,0.297612,0,0.3488204,6264.228,1.064183,0.2058256,Left,Up,-0.1046783,1.780022,Normal
461.9798,21.60271,0,-0.2513158,0.297612,0,0.3371716,6265.092,1.063155,0.2052612,Left,Up,-0.09691329,1.789284,Normal
462.0198,21.59056,0,-0.2137792,0.297612,0,0.3235143,6265.956,1.062514,0.2046975,Left,Up,-0.08846933,1.796982,Normal
462.0598,21.57808,0,-0.1734942,0.3214161,0,0.3084696,6266.819,1.061629,0.2041347,Left,Up,-0.08846933,1.802605,Normal
462.0998,21.56901,0,-0.1066607,0.3214161,0,0.2917005,6267.682,1.061826,0.2035721,Left,Up,-0.08622923,1.80822,Normal
462.1398,21.56359,0,-0.05172729,0.3214161,0,0.2732007,6268.544,1.062687,0.20301,Left,Up,-0.08622923,1.813828,Normal
462.1798,21.55676,0,0.01052856,0.3253834,0,0.2553417,6269.407,1.063319,0.2024486,Left,Up,-0.08846933,1.819427,Normal
462.2198,21.55015,0,0.0453186,0.3253834,0,0.2438164,6270.269,1.062153,0.2018881,Left,Up,-0.08846933,1.82502,Normal
462.2598,21.54502,0,0.05264282,0.3253834,0,0.2307755,6271.131,1.060914,0.2013278,Left,Up,-0.08846933,1.83062,Normal
462.2998,21.54047,0,0.06271362,0.3253834,0,0.2165037,6271.992,1.059859,0.200768,Left,Up,-0.08392937,1.836205,Normal
462.3398,21.53469,0,0.07461548,0.3293507,0,0.2011127,6272.854,1.059257,0.2002093,Left,Up,-0.0656106,1.84156,Normal
462.3798,21.52997,0,0.09933472,0.3293507,0,0.1846426,6273.715,1.058769,0.1996509,Left,Up,-0.0656106,1.842751,Normal
462.4198,21.52523,0,0.1359594,0.3372854,0,0.167321,6274.576,1.058467,0.1990929,Left,Up,-0.0656106,1.843925,Normal
462.4598,21.52172,0,0.171665,0.3452201,0,0.1490521,6275.438,1.057848,0.1985354,Left,Up,-0.06852804,1.845108,Normal
462.4998,21.5203,0,0.2247655,0.3491875,0,0.1302939,6276.298,1.05761,0.1979791,Left,Up,-0.06852804,1.846283,Normal
462.5398,21.52039,0,0.2623022,0.3531548,0,0.110595,6277.159,1.057957,0.1974229,Left,Up,-0.0656106,1.847466,Normal
462.5798,21.52091,0,0.3035009,0.3531548,0,0.09050718,6278.02,1.057996,0.1968673,Left,Up,-0.0656106,1.848633,Normal
462.6198,21.52285,0,0.3199804,0.3531548,0,0.07370201,6278.881,1.057703,0.1963127,Left,Up,-0.0656106,1.849808,Normal
462.6599,21.52457,0,0.3199804,0.3531548,0,0.06485039,6279.742,1.057915,0.1957582,Left,Up,-0.0656106,1.850975,Normal
462.6998,21.52658,0,0.3199804,0.3531548,0,0.05573726,6280.604,1.057841,0.1952045,Left,Up,-0.0656106,1.852142,Normal
462.7398,21.52805,0,0.3199804,0.3531548,0,0.04633433,6281.465,1.057413,0.1946512,Left,Up,-0.06255726,1.853317,Normal
462.7798,21.53016,0,0.3199804,0.3531548,0,0.03694651,6282.326,1.05674,0.194099,Straight,Up,-0.02797646,1.854485,Normal
462.8198,21.53212,0,0.3199804,0.3531548,0,0.02753776,6283.188,1.05595,0.1935469,Straight,Up,-0.01978234,1.845169,Normal
462.8598,21.53403,0,0.3199804,0.3531548,0,0.01825184,6284.049,1.055207,0.1929955,Straight,Up,-0.01978234,1.833878,Normal
462.8998,21.53584,0,0.3099096,0.3531548,0,0.009171635,6284.91,1.054528,0.1924451,Straight,Up,-0.01978234,1.822571,Normal
462.9398,21.5376,0,0.2970922,0.3531548,0,8.910894E-05,6285.771,1.053774,0.1918948,Straight,Up,0,1.811264,Normal
462.9798,21.53929,0,0.289768,0.3531548,0,-0.008457214,6286.633,1.053151,0.1913451,Straight,Up,-0.01978234,1.799965,Normal
463.0198,21.54095,0,0.2806127,0.3531548,0,-0.01650143,6287.494,1.052429,0.1907961,Straight,Up,-0.01978234,1.788658,Normal
463.0598,21.54259,0,0.274204,0.3531548,0,-0.02412179,6288.355,1.051631,0.1902481,Straight,Up,0,1.777351,Normal
463.0998,21.54418,0,0.2732885,0.3531548,0,-0.03096032,6289.217,1.050776,0.1897002,Straight,Up,-0.01978234,1.766037,Normal
463.1398,21.54575,0,0.272373,0.3531548,0,-0.03711504,6290.079,1.050057,0.189153,Straight,Up,-0.01978234,1.75473,Normal
463.1798,21.54732,0,0.2659643,0.3531548,0,-0.04260105,6290.941,1.049555,0.1886063,Straight,Up,-0.01978234,1.743408,Normal
463.2198,21.54882,0,0.2604711,0.3531548,0,-0.04708284,6291.803,1.049253,0.1880607,Straight,Up,-0.01978234,1.732094,Normal
463.2598,21.55036,0,0.2595556,0.3531548,0,-0.05095753,6292.666,1.048816,0.1875153,Straight,Up,-0.01978234,1.720764,Normal
463.2998,21.55183,0,0.2558935,0.3531548,0,-0.05380669,6293.528,1.048398,0.1869705,Straight,Up,-0.01978234,1.709442,Normal
463.3398,21.55331,0,0.2558935,0.3531548,0,-0.05617699,6294.39,1.047974,0.1864267,Straight,Up,-0.01978234,1.69812,Normal
463.3798,21.55478,0,0.2558935,0.3531548,0,-0.05767518,6295.252,1.047676,0.1858831,Straight,Up,-0.01978234,1.68679,Normal
463.4198,21.55621,0,0.2558935,0.3531548,0,-0.05855891,6296.115,1.047268,0.1853401,Straight,Up,-0.01978234,1.675453,Normal
463.4598,21.55765,0,0.2558935,0.3531548,0,-0.05878401,6296.977,1.046769,0.1847978,Straight,Up,0,1.664116,Normal
463.4998,21.55907,0,0.2558935,0.3531548,0,-0.05825594,6297.839,1.046464,0.1842564,Straight,Up,0,1.652771,Normal
463.5398,21.56048,0,0.2558935,0.3531548,0,-0.05686972,6298.702,1.046051,0.1837154,Straight,Up,-0.01978234,1.641426,Normal
463.5798,21.56186,0,0.2558935,0.3531548,0,-0.05469197,6299.564,1.045604,0.1831748,Straight,Up,-0.01978234,1.630081,Normal
463.6198,21.56326,0,0.274204,0.3531548,0,-0.0514302,6300.426,1.04516,0.1826353,Straight,Up,-0.01978234,1.618729,Normal
463.6598,21.56454,0,0.2861059,0.3531548,0,-0.04721186,6301.289,1.044715,0.1820961,Straight,Up,-0.01978234,1.607376,Normal
463.6998,21.56595,0,0.2970922,0.3531548,0,-0.04205012,6302.151,1.044121,0.1815574,Straight,Up,-0.01978234,1.596024,Normal
463.7398,21.56738,0,0.2970922,0.3531548,0,-0.035988,6303.013,1.043535,0.1810194,Straight,Up,0,1.584663,Normal
463.7798,21.56875,0,0.2970922,0.3531548,0,-0.02882171,6303.875,1.04333,0.1804824,Straight,Up,-0.01978234,1.573296,Normal
463.8198,21.57007,0,0.2970922,0.3531548,0,-0.02054736,6304.738,1.043028,0.1799456,Straight,Up,-0.01978234,1.561928,Normal
463.8598,21.57138,0,0.2970922,0.3531548,0,-0.01105532,6305.602,1.042668,0.1794094,Straight,Up,-0.01978234,1.55056,Normal
463.8998,21.57292,0,0.2970922,0.3531548,0,-0.0004560053,6306.465,1.042225,0.1788743,Straight,Up,-0.01978234,1.539185,Normal
463.9398,21.57442,0,0.2970922,0.3531548,0,0.01128933,6307.328,1.041745,0.1783393,Straight,Up,-0.01978234,1.527809,Normal
463.9798,21.57584,0,0.2970922,0.3531548,0,0.02424073,6308.191,1.041335,0.1778051,Straight,Up,0,1.516426,Normal
464.0198,21.57722,0,0.2970922,0.3531548,0,0.0380778,6309.055,1.040982,0.1772714,Straight,Up,0,1.505043,Normal
464.0598,21.57865,0,0.2970922,0.3531548,0,0.05317634,6309.918,1.040683,0.1767388,Straight,Up,-0.01978234,1.493652,Normal
464.0998,21.5801,0,0.2970922,0.3531548,0,0.06949916,6310.781,1.040335,0.1762064,Straight,Up,-0.01978234,1.482254,Normal
464.1398,21.57863,0,0.2970922,0.3372854,0,0.08678553,6311.645,1.039503,0.1756746,Straight,Up,-0.01978234,1.470863,Normal
464.1798,21.57892,0,0.289768,0.3333181,0,0.10424,6312.508,1.039004,0.1751439,Straight,Up,-0.01978234,1.45948,Normal
464.2198,21.5792,0,0.2861059,0.3333181,0,0.1213555,6313.371,1.041316,0.1746134,Straight,Up,-0.01978234,1.448097,Normal
464.2598,21.57835,0,0.2851903,0.3293507,0,0.1395465,6314.234,1.043038,0.1740835,Straight,Up,-0.01978234,1.436714,Normal
464.2998,21.5745,0,0.2787817,0.3293507,0,0.1588832,6315.098,1.043445,0.1735543,Straight,Up,0,1.425323,Normal
464.3398,21.57414,0,0.2659643,0.3293507,0,0.1793178,6315.961,1.042834,0.1730262,Straight,Up,0.01978234,1.413918,Normal
464.3798,21.57344,0,0.2494848,0.3293507,0,0.2009093,6316.824,1.04172,0.1724982,Right,Up,0.05595291,1.400291,Normal
464.4198,21.57247,0,0.2421606,0.3293507,0,0.2235178,6317.688,1.040529,0.1719708,Right,Up,0.05595291,1.371681,Normal
464.4598,21.57117,0,0.2421606,0.3293507,0,0.247385,6318.551,1.039043,0.1714442,Right,Up,0.05233916,1.343079,Normal
464.4998,21.57011,0,0.2421606,0.3253834,0,0.2724347,6319.414,1.038174,0.1709185,Right,Up,0.05595291,1.314476,Normal
464.5398,21.56918,0,0.2375829,0.3253834,0,0.2985541,6320.277,1.037994,0.1703931,Right,Up,0.05595291,1.285866,Normal
464.5798,21.5666,0,0.2320898,0.3253834,0,0.325809,6321.139,1.037396,0.1698683,Right,Up,0.05595291,1.257263,Normal
464.6198,21.56578,0,0.2192724,0.3253834,0,0.3527102,6322.001,1.036384,0.1693446,Right,Up,0.05595291,1.228668,Normal
464.6598,21.56558,0,0.1963842,0.3253834,0,0.3750561,6322.864,1.036954,0.1688212,Right,Up,0.05595291,1.200058,Normal
464.6998,21.56526,0,0.1533544,0.3253834,0,0.3984964,6323.726,1.037333,0.1682983,Right,Up,0.05595291,1.171448,Normal
464.7398,21.56403,0,0.110321,0.3253834,0,0.4230556,6324.588,1.036991,0.1677761,Right,Up,0.05595291,1.142815,Normal
464.7798,21.56384,0,0.0819397,0.3253834,0,0.4487205,6325.451,1.035977,0.167255,Right,Up,0.05595291,1.114174,Normal
464.8198,21.56409,0,0.07003784,0.3491875,0,0.4755186,6326.313,1.034521,0.1667342,Right,Up,0.08392937,1.085526,Normal
464.8598,21.56836,0,0.06546021,0.3531548,0,0.5031451,6327.175,1.034672,0.1662139,Right,Up,0.08846933,1.048286,Normal
464.8998,21.57492,0,0.05722046,0.3610895,0,0.5315349,6328.039,1.034216,0.1656948,Right,Up,0.09065409,1.009613,Normal
464.9398,21.58303,0,0.03341675,0.3610895,0,0.5540903,6328.902,1.034198,0.1651758,Right,Up,0.08846933,0.9709244,Normal
464.9798,21.59239,0,-0.004119873,0.3610895,0,0.5767816,6329.765,1.03398,0.1646576,Right,Up,0.09065409,0.9321899,Normal
465.0198,21.60073,0,-0.07644832,0.3610895,0,0.6001766,6330.629,1.033205,0.1641399,Right,Up,0.09065409,0.893425,Normal
465.0598,21.61046,0,-0.1423663,0.3610895,0,0.6242787,6331.494,1.031562,0.1636234,Right,Up,0.08846933,0.8546448,Normal
465.0998,21.62177,0,-0.2330053,0.3610895,0,0.6488212,6332.358,1.031976,0.1631071,Right,Up,0.1065312,0.8158493,Normal
465.1398,21.63289,0,-0.314489,0.3412528,0,0.6709814,6333.224,1.032068,0.1625914,Right,Up,0.1203313,0.7724686,Normal
465.1798,21.63833,0,-0.3620964,0.3333181,0,0.6885189,6334.089,1.031649,0.1620769,Right,Up,0.1203313,0.7243576,Normal
465.2198,21.64286,0,-0.4060417,0.3293507,0,0.7062178,6334.954,1.03056,0.1615625,Right,Up,0.1203313,0.6762161,Normal
465.2598,21.64799,0,-0.4353404,0.3293507,0,0.7240474,6335.82,1.0293,0.1610489,Right,Up,0.1186941,0.628067,Normal
465.2998,21.65378,0,-0.4756236,0.3253834,0,0.742004,6336.687,1.029371,0.1605358,Right,Up,0.1219466,0.5799255,Normal
465.3398,21.65968,0,-0.5250621,0.3253834,0,0.7530403,6337.553,1.030455,0.1600239,Right,Up,0.1467098,0.5317917,Normal
465.3798,21.66376,0,-0.5662626,0.3253834,0,0.7632743,6338.419,1.030621,0.1595122,Right,Up,0.1493534,0.4756241,Normal
465.4198,21.66901,0,-0.6147856,0.3253834,0,0.7729271,6339.286,1.030073,0.1590012,Right,Up,0.1506579,0.4182739,Normal
465.4598,21.67558,0,-0.6477463,0.3253834,0,0.782234,6340.153,1.028747,0.1584908,Right,Up,0.1506579,0.3608704,Normal
465.4998,21.68187,0,-0.6669724,0.3253834,0,0.790566,6341.02,1.027601,0.1579815,Right,Up,0.165511,0.3034515,Normal
465.5398,21.6863,0,-0.67155,0.3253834,0,0.7983545,6341.887,1.025502,0.1574724,Right,Up,0.1791368,0.2423859,Normal
465.5798,21.69493,0,-0.67155,0.3253834,0,0.8054259,6342.755,1.02554,0.1569641,Right,Up,0.1813082,0.1758118,Normal
465.6198,21.70127,0,-0.67155,0.3253834,0,0.8151326,6343.623,1.026175,0.1564568,Right,Flat,0.1802258,0.1092072,Normal
465.6598,21.70608,0,-0.67155,0.3253834,0,0.8296973,6344.491,1.025085,0.1559498,Left,Flat,-0.07401875,0.04257965,Normal
465.6998,21.71097,0,-0.67155,0.3253834,0,0.8434972,6345.359,1.023026,0.1554434,Left,Flat,-0.1607126,0.002159119,Normal
465.7398,21.71918,0,-0.67155,0.3253834,0,0.8559018,6346.228,1.021943,0.1549378,Left,Flat,-0.1607126,-0.0239563,Normal
465.7798,21.72741,0,-0.67155,0.3214161,0,0.8667011,6347.097,1.022973,0.1544332,Left,Flat,-0.1619255,-0.05007172,Normal
465.8198,21.73249,0,-0.6605637,0.3214161,0,0.8847426,6347.966,1.022308,0.1539288,Left,Flat,-0.1582588,-0.07618713,Normal
465.8598,21.73698,0,-0.6504929,0.3214161,0,0.9017577,6348.835,1.021135,0.1534251,Left,Flat,-0.1582588,-0.09753418,Normal
465.8998,21.74332,0,-0.6358427,0.3214161,0,0.9171003,6349.705,1.019433,0.1529225,Left,Flat,-0.1582588,-0.1176147,Normal
465.9398,21.74886,0,-0.6239408,0.3174487,0,0.930514,6350.575,1.018536,0.1524203,Left,Flat,-0.1582588,-0.1376801,Normal
465.9798,21.75513,0,-0.6184477,0.3174487,0,0.9421794,6351.445,1.019161,0.1519186,Left,Down,-0.1480375,-0.1577301,Normal
466.0198,21.75947,0,-0.5836576,0.3174487,0,0.9569352,6352.315,1.019375,0.1514177,Left,Down,-0.1282043,-0.1770477,Normal
466.0598,21.76359,0,-0.5479521,0.3174487,0,0.9742199,6353.186,1.018571,0.1509178,Left,Down,-0.1297215,-0.1942902,Normal
466.0998,21.76927,0,-0.4829478,0.3174487,0,0.9893135,6354.057,1.017587,0.1504183,Left,Down,-0.1297215,-0.2115402,Normal
466.1398,21.77477,0,-0.4289317,0.3174487,0,1.002309,6354.928,1.016602,0.1499193,Left,Down,-0.1297215,-0.2287979,Normal
466.1798,21.77966,0,-0.4042107,0.3174487,0,1.013507,6355.799,1.015112,0.1494215,Left,Down,-0.1297215,-0.2460251,Normal
466.2198,21.78523,0,-0.3877312,0.3134814,0,1.022765,6356.67,1.015208,0.1489239,Left,Down,-0.1046783,-0.2632523,Normal
466.2598,21.79037,0,-0.3813225,0.3134814,0,1.029755,6357.542,1.015526,0.1484271,Left,Down,-0.09891172,-0.2781982,Normal
466.2998,21.79496,0,-0.3620964,0.3134814,0,1.036578,6358.414,1.015373,0.1479309,Left,Down,-0.09691329,-0.2923813,Normal
466.3398,21.79995,0,-0.3282219,0.3134814,0,1.050053,6359.286,1.015147,0.1474358,Left,Down,-0.09691329,-0.3065796,Normal
466.3798,21.80562,0,-0.3025872,0.3134814,0,1.06137,6360.158,1.014753,0.146941,Left,Down,-0.09691329,-0.3207703,Normal
466.4198,21.81108,0,-0.2687109,0.3134814,0,1.070524,6361.03,1.014107,0.1464469,Left,Down,-0.09891172,-0.3349609,Normal
466.4598,21.81666,0,-0.2558935,0.3134814,0,1.077587,6361.902,1.013255,0.1459535,Left,Down,-0.09691329,-0.3491516,Normal
466.4998,21.82224,0,-0.2311742,0.3134814,0,1.082911,6362.775,1.012596,0.1454612,Left,Down,-0.08392937,-0.3633347,Normal
466.5398,21.82785,0,-0.1954687,0.3134814,0,1.086171,6363.648,1.011786,0.1449691,Left,Down,-0.05595291,-0.3766785,Normal
466.5798,21.83348,0,-0.1597613,0.3134814,0,1.08758,6364.521,1.011065,0.1444778,Left,Down,-0.05595291,-0.3869247,Normal
466.6198,21.83896,0,-0.1231402,0.3134814,0,1.087476,6365.395,1.010147,0.1439876,Left,Down,-0.05595291,-0.3971634,Normal
466.6598,21.845,0,-0.1048297,0.3134814,0,1.085802,6366.269,1.00961,0.1434976,Left,Down,-0.05595291,-0.4074097,Normal
466.6998,21.85085,0,-0.0956744,0.3134814,0,1.082586,6367.143,1.00982,0.1430083,Left,Down,-0.05595291,-0.4176483,Normal
466.7398,21.85699,0,-0.0956744,0.3134814,0,1.077737,6368.017,1.009892,0.1425198,Left,Down,-0.05595291,-0.4278793,Normal
466.7798,21.86335,0,-0.0956744,0.3134814,0,1.071536,6368.892,1.009731,0.1420323,Left,Down,-0.05595291,-0.438118,Normal
466.8198,21.86925,0,-0.0956744,0.3134814,0,1.064145,6369.767,1.00927,0.1415451,Left,Down,-0.05233916,-0.448349,Normal
466.8598,21.87601,0,-0.0956744,0.3134814,0,1.056414,6370.642,1.008591,0.1410586,Left,Down,-0.05595291,-0.45858,Normal
466.8998,21.8832,0,-0.0956744,0.3134814,0,1.051363,6371.517,1.008733,0.1405732,Left,Down,-0.05595291,-0.468811,Normal
466.9398,21.89019,0,-0.0956744,0.3134814,0,1.044885,6372.392,1.008608,0.1400882,Left,Down,-0.05233916,-0.4790421,Normal
466.9798,21.89666,0,-0.09475887,0.3134814,0,1.036936,6373.268,1.008252,0.1396038,Left,Down,-0.05233916,-0.4892807,Normal
467.0198,21.90393,0,-0.08835018,0.3134814,0,1.027843,6374.144,1.007783,0.1391202,Left,Down,-0.05595291,-0.4995193,Normal
467.0598,21.9111,0,-0.07187068,0.3134814,0,1.017451,6375.02,1.007151,0.1386375,Straight,Down,-0.04845664,-0.5097504,Normal
467.0998,21.91825,0,-0.03982544,0.3134814,0,1.006089,6375.897,1.006431,0.1381553,Straight,Down,0,-0.519989,Normal
467.1398,21.92534,0,0.01052856,0.3134814,0,0.9936655,6376.774,1.005724,0.1376737,Straight,Down,0,-0.5248489,Normal
467.1798,21.93242,0,0.05264282,0.3134814,0,0.9802836,6377.651,1.005217,0.1371932,Straight,Down,0,-0.5293808,Normal
467.2198,21.93953,0,0.110321,0.3134814,0,0.9658689,6378.528,1.004686,0.1367131,Straight,Down,0,-0.5339127,Normal
467.2598,21.94661,0,0.140537,0.3134814,0,0.9508637,6379.406,1.004187,0.1362337,Straight,Down,0,-0.5384445,Normal
467.2998,21.95369,0,0.1597631,0.3134814,0,0.9353092,6380.284,1.003639,0.135755,Straight,Down,0,-0.5429764,Normal
467.3398,21.96078,0,0.1606786,0.3134814,0,0.9193133,6381.163,1.003165,0.1352773,Straight,Down,0,-0.5475082,Normal
467.3798,21.96786,0,0.1606786,0.3134814,0,0.9027325,6382.042,1.0026,0.1348,Straight,Down,0,-0.5520477,Normal
467.4198,21.97494,0,0.1606786,0.3134814,0,0.8859482,6382.92,1.00219,0.1343235,Straight,Down,0,-0.5565796,Normal
467.4598,21.98203,0,0.1661718,0.3134814,0,0.8688812,6383.799,1.001849,0.133848,Straight,Down,0,-0.5611191,Normal
467.4998,21.98907,0,0.1826513,0.3134814,0,0.8514553,6384.679,1.001516,0.1333728,Straight,Down,0,-0.5656509,Normal
467.5398,21.9961,0,0.206455,0.3134814,0,0.833861,6385.559,1.001419,0.1328984,Straight,Down,0,-0.5701981,Normal
467.5798,22.003,0,0.2265966,0.3134814,0,0.8160403,6386.439,1.001337,0.1324246,Straight,Down,0,-0.5747299,Normal
467.6198,22.01015,0,0.2540624,0.3134814,0,0.7982581,6387.319,1.001401,0.131952,Straight,Down,0,-0.5792694,Normal
467.6598,22.01723,0,0.2787817,0.3134814,0,0.7806866,6388.2,1.001924,0.1314797,Straight,Down,0,-0.5838165,Normal
467.6998,22.02423,0,0.291599,0.3134814,0,0.7634296,6389.081,1.002589,0.1310082,Straight,Down,0,-0.588356,Normal
467.7398,22.03114,0,0.3199804,0.3134814,0,0.7469708,6389.962,1.003424,0.1305373,Straight,Down,0,-0.5928955,Normal
467.7798,22.03827,0,0.3437841,0.3134814,0,0.7306468,6390.844,1.003799,0.1300675,Straight,Down,0,-0.5974503,Normal
467.8198,22.04537,0,0.3794932,0.3134814,0,0.7150625,6391.726,1.003883,0.1295981,Straight,Down,0,-0.6019974,Normal
467.8598,22.0523,0,0.3996348,0.3134814,0,0.6994668,6392.607,1.003737,0.1291294,Straight,Down,0,-0.6065445,Normal
467.8998,22.05932,0,0.4271007,0.3134814,0,0.6844702,6393.49,1.003639,0.1286618,Straight,Down,0,-0.6110992,Normal
467.9398,22.06627,0,0.4454112,0.3134814,0,0.6699575,6394.373,1.003693,0.1281946,Straight,Down,0.01978234,-0.615654,Normal
467.9798,22.07319,0,0.4573131,0.3134814,0,0.6558434,6395.255,1.003641,0.127728,Straight,Down,0,-0.6202087,Normal
468.0198,22.08013,0,0.4701304,0.3134814,0,0.642503,6396.138,1.003772,0.1272622,Straight,Down,0.01978234,-0.6247711,Normal
468.0598,22.08673,0,0.4765391,0.3134814,0,0.6227041,6397.022,1.00344,0.1267976,Straight,Down,0,-0.6293335,Normal
468.0998,22.09333,0,0.4829478,0.3134814,0,0.6018465,6397.906,1.002966,0.1263332,Straight,Down,0,-0.6339035,Normal
468.1398,22.09999,0,0.5003428,0.3134814,0,0.5818287,6398.79,1.002344,0.1258696,Straight,Down,0,-0.6384659,Normal
468.1798,22.10642,0,0.5296397,0.3134814,0,0.5627377,6399.673,1.002071,0.125407,Straight,Down,0,-0.6430283,Normal
468.2198,22.11275,0,0.5891526,0.3134814,0,0.5447079,6400.558,1.001786,0.1249449,Straight,Down,0,-0.6476059,Normal
468.2598,22.11904,0,0.6303513,0.3134814,0,0.5280453,6401.443,1.001397,0.1244835,Straight,Down,0,-0.6521835,Normal
468.2998,22.12511,0,0.6770432,0.3134814,0,0.5129579,6402.328,1.000557,0.1240228,Right,Down,0.05233916,-0.6567612,Normal
468.3398,22.13134,0,0.702678,0.3134814,0,0.4990856,6403.212,1.000608,0.1235632,Right,Down,0.06255726,-0.6581192,Normal
468.3798,22.13806,0,0.7127488,0.3134814,0,0.486701,6404.098,1.000791,0.123104,Right,Down,0.05934703,-0.6584549,Normal
468.4198,22.14499,0,0.7136643,0.309514,0,0.4759932,6404.984,1.00087,0.1226455,Right,Down,0.05934703,-0.6587982,Normal
468.4598,22.14952,0,0.7136643,0.309514,0,0.4619136,6405.87,1.000261,0.1221881,Right,Down,0.05934703,-0.6591339,Normal
468.4998,22.15439,0,0.6962693,0.297612,0,0.446065,6406.755,0.9989591,0.1217311,Right,Down,0.06255726,-0.6594696,Normal
468.5398,22.15781,0,0.6825364,0.2698253,0,0.4321083,6407.642,0.9977382,0.1212748,Right,Down,0.06255726,-0.6598053,Normal
468.5798,22.15527,0,0.6733811,0.2499886,0,0.4200844,6408.528,0.9969008,0.1208194,Right,Down,0.05934703,-0.6601486,Normal
468.6198,22.1479,0,0.67155,0.2142824,0,0.4103207,6409.414,0.9962139,0.1203649,Right,Down,0.06255726,-0.6604843,Normal
468.6598,22.13369,0,0.67155,0.1785611,0,0.4027848,6410.3,0.9959241,0.1199108,Right,Down,0.06255726,-0.66082,Normal
468.6998,22.11042,0,0.6669724,0.1269856,0,0.3971365,6411.185,0.9966577,0.1194574,Right,Down,0.07401875,-0.6611557,Normal
468.7398,22.0775,0,0.6486619,0.05952545,0,0.3935198,6412.068,0.9979315,0.119005,Right,Down,0.08622923,-0.660759,Normal
468.7798,22.03018,0,0.6303513,0.003967346,0,0.3842695,6412.949,0.9965377,0.1185534,Right,Down,0.08622923,-0.6592789,Normal
468.8198,21.97269,0,0.6001389,0,0,0.3770502,6413.829,0.9950479,0.1181023,Right,Down,0.08622923,-0.6578064,Normal
468.8598,21.90914,0,0.5836558,0,0,0.3721573,6414.706,0.993848,0.1176519,Right,Down,0.08622923,-0.6563339,Normal
468.8998,21.84674,0,0.5836558,0,0,0.3700299,6415.58,0.9926084,0.1172028,Right,Down,0.08622923,-0.6548691,Normal
468.9398,21.7846,0,0.5836558,0,0,0.3701547,6416.452,0.9931489,0.1167539,Right,Down,0.08622923,-0.6533966,Normal
468.9798,21.72142,0,0.5891526,0,0,0.3727954,6417.322,0.9950531,0.1163058,Right,Down,0.08622923,-0.6519394,Normal
469.0198,21.65881,0,0.5891526,0,0,0.3701001,6418.188,0.9942909,0.1158584,Right,Down,0.1008706,-0.6504745,Normal
469.0598,21.59657,0,0.5891526,0,0,0.3691629,6419.053,0.992906,0.1154122,Right,Down,0.1065312,-0.6480484,Normal
469.0998,21.53401,0,0.5891526,0,0,0.3707331,6419.915,0.9914229,0.1149663,Right,Down,0.1065312,-0.6451797,Normal
469.1398,21.4729,0,0.5827403,0,0,0.375108,6420.775,0.9900969,0.1145212,Right,Down,0.1065312,-0.6423111,Normal
469.1798,21.41086,0,0.5763316,0,0,0.3821332,6421.632,0.9916902,0.1140773,Right,Down,0.1083524,-0.6394424,Normal
469.2198,21.34856,0,0.5708385,0,0,0.3872311,6422.486,0.9923195,0.1136336,Right,Down,0.1065312,-0.6365891,Normal
469.2598,21.2872,0,0.5653453,0,0,0.3909194,6423.338,0.9910545,0.1131908,Right,Down,0.1153499,-0.6337357,Normal
469.2998,21.22569,0,0.5607677,0,0,0.3970923,6424.188,0.9893945,0.1127487,Right,Down,0.1251145,-0.6304626,Normal
469.3398,21.16522,0,0.5580211,0,0,0.4056169,6425.035,0.9878129,0.1123077,Right,Down,0.1251145,-0.6263962,Normal
469.3798,21.10386,0,0.5525279,0,0,0.4167749,6425.88,0.9897945,0.1118671,Right,Down,0.1251145,-0.6223373,Normal
469.4198,21.04245,0,0.5470347,0,0,0.42457,6426.722,0.9898474,0.1114273,Right,Down,0.1251145,-0.6182861,Normal
469.4598,20.98202,0,0.5397105,0,0,0.4323612,6427.562,0.9886242,0.1109886,Right,Down,0.1251145,-0.6142349,Normal
469.4998,20.92182,0,0.5305552,0,0,0.4426103,6428.399,0.9864316,0.1105503,Right,Down,0.1398823,-0.610199,Normal
469.5398,20.86182,0,0.5223155,0,0,0.4552309,6429.234,0.9864496,0.1101127,Right,Down,0.1426525,-0.605278,Normal
469.5798,20.80102,0,0.5177379,0,0,0.4680498,6430.067,0.9880628,0.1096759,Right,Down,0.1426525,-0.6001358,Normal
469.6198,20.74082,0,0.5159068,0,0,0.4773283,6430.897,0.986999,0.1092403,Right,Down,0.1426525,-0.5950089,Normal
469.6598,20.68211,0,0.5159068,0,0,0.4890833,6431.725,0.9848942,0.108805,Right,Down,0.14537,-0.5898895,Normal
469.6998,20.62229,0,0.5159068,0,0,0.503125,6432.551,0.9841774,0.1083705,Right,Down,0.1582588,-0.5847778,Normal
469.7398,20.56215,0,0.5159068,0,0,0.5175017,6433.374,0.9859607,0.1079367,Right,Down,0.1594904,-0.5787506,Normal
469.7798,20.50256,0,0.5159068,0,0,0.5279046,6434.194,0.9849802,0.1075042,Right,Down,0.1594904,-0.5726089,Normal
469.8198,20.44476,0,0.5159068,0,0,0.5411276,6435.013,0.9826624,0.1070719,Right,Down,0.1594904,-0.5664825,Normal
469.8598,20.3847,0,0.5159068,0,0,0.5565438,6435.829,0.9831644,0.1066405,Right,Down,0.1678588,-0.5603638,Normal
469.8998,20.32516,0,0.5159068,0,0,0.5699916,6436.643,0.9840695,0.10621,Right,Down,0.1758294,-0.5539017,Normal
469.9398,20.2665,0,0.5159068,0,0,0.581735,6437.454,0.9827189,0.1057803,Right,Down,0.1758294,-0.5468063,Normal
469.9798,20.20874,0,0.5159068,0,0,0.5957235,6438.263,0.9801993,0.1053511,Right,Down,0.1769387,-0.5397186,Normal
470.0198,20.14905,0,0.5186534,0,0,0.6117395,6439.069,0.9831772,0.1049227,Right,Down,0.183454,-0.5326462,Normal
470.0598,20.09036,0,0.5223155,0,0,0.6218952,6439.874,0.9819243,0.1044954,Right,Down,0.1928145,-0.5253601,Normal
470.0998,20.03403,0,0.5241466,0,0,0.6344352,6440.676,0.9792804,0.1040686,Right,Down,0.1928145,-0.5173569,Normal
470.1398,19.97437,0,0.5470347,0,0,0.6490041,6441.475,0.9809421,0.1036426,Right,Down,0.1928145,-0.5093613,Normal
470.1798,19.91587,0,0.5708385,0,0,0.6593748,6442.272,0.9806318,0.1032175,Right,Down,0.2027088,-0.5013809,Normal
470.2198,19.8593,0,0.6056321,0,0,0.670231,6443.067,0.978301,0.102793,Right,Down,0.2093567,-0.4930038,Normal
470.2598,19.80054,0,0.6294358,0,0,0.6835264,6443.86,0.9794276,0.1023694,Right,Down,0.20842,-0.4841232,Normal
470.2998,19.74191,0,0.6349289,0,0,0.6933323,6444.65,0.9794567,0.1019464,Right,Down,0.2112177,-0.4752502,Normal
470.3398,19.68569,0,0.6349289,0,0,0.703333,6445.438,0.9770149,0.1015245,Right,Down,0.2238118,-0.4664078,Normal
470.3798,19.62722,0,0.6349289,0,0,0.7153817,6446.224,0.9785442,0.1011031,Right,Down,0.2246844,-0.4567413,Normal
470.4198,19.56906,0,0.6349289,0,0,0.7233318,6447.007,0.9779099,0.1006826,Right,Down,0.2255535,-0.4470062,Normal
470.4598,19.51245,0,0.6349289,0,0,0.7320765,6447.788,0.9753847,0.100263,Right,Down,0.2365626,-0.4373016,Normal
470.4998,19.45403,0,0.6349289,0,0,0.7428435,6448.567,0.9784662,0.09984387,Right,Down,0.2414744,-0.4270477,Normal
470.5398,19.39668,0,0.6358445,0,0,0.7479305,6449.343,0.9762238,0.09942568,Right,Down,0.2414744,-0.4164658,Normal
470.5798,19.33991,0,0.6431687,0,0,0.7551479,6450.117,0.9749054,0.09900815,Right,Down,0.25101,-0.4059219,Normal
470.6198,19.28121,0,0.6651413,0,0,0.7617548,6450.889,0.9766443,0.09859169,Right,Down,0.2571706,-0.3949432,Normal
470.6598,19.22482,0,0.7081711,0,0,0.7655202,6451.659,0.9737272,0.09817571,Right,Down,0.2571706,-0.3835373,Normal
470.6998,19.16792,0,0.7603562,0,0,0.7717966,6452.426,0.9760245,0.09776068,Right,Down,0.268341,-0.3721466,Normal
470.7398,19.10988,0,0.8262777,0,0,0.7736222,6453.191,0.9740727,0.09734655,Right,Down,0.2733977,-0.3603134,Normal
470.7798,19.05289,0,0.8720541,0,0,0.7768347,6453.954,0.9729549,0.09693296,Right,Down,0.2741124,-0.3480835,Normal
470.8198,18.99528,0,0.9086752,0.03173877,0,0.779377,6454.714,0.9742343,0.0965201,Right,Down,0.2873554,-0.3358688,Normal
470.8598,18.94397,0,0.9269857,0.06349279,0,0.7799035,6455.472,0.971039,0.09610821,Right,Down,0.289391,-0.3230362,Normal
470.8998,18.89909,0,0.9324789,0.08332952,0,0.7825238,6456.229,0.9744401,0.09569723,Right,Down,0.2947506,-0.3099747,Normal
470.9398,18.85914,0,0.9370565,0.0991989,0,0.7806881,6456.983,0.9707311,0.09528676,Right,Down,0.3071049,-0.2969131,Normal
470.9798,18.82278,0,0.9370565,0.0991989,0,0.7816885,6457.736,0.9737203,0.0948771,Right,Down,0.3071049,-0.2829819,Normal
471.0198,18.78731,0,0.9370565,0.0991989,0,0.7781477,6458.488,0.970306,0.09446833,Right,Down,0.3171355,-0.2690811,Normal
471.0598,18.75131,0,0.9370565,0.0991989,0,0.776734,6459.239,0.9723403,0.09406052,Right,Down,0.3238513,-0.2547379,Normal
471.0998,18.71508,0,0.9425497,0.0991989,0,0.7718237,6459.988,0.9694677,0.09365321,Right,Down,0.3286494,-0.2399597,Normal
471.1398,18.6793,0,0.9617758,0.0991989,0,0.7683485,6460.735,0.9713357,0.09324671,Right,Down,0.3403488,-0.2251511,Normal
471.1798,18.64316,0,0.9782553,0.0991989,0,0.761429,6461.481,0.9683045,0.09284139,Right,Down,0.3414966,-0.2095108,Normal
471.2198,18.60874,0,0.9983969,0.0991989,0,0.756189,6462.226,0.9690297,0.09243647,Right,Down,0.3544303,-0.1939163,Normal
471.2598,18.57332,0,1.02037,0.0991989,0,0.7471614,6462.97,0.9688324,0.09203235,Right,Down,0.3577275,-0.1776657,Normal
471.2998,18.53859,0,1.033187,0.0991989,0,0.7399165,6463.711,0.9681894,0.09162901,Right,Down,0.3690354,-0.1612167,Normal
471.3398,18.50362,0,1.055163,0.0991989,0,0.728091,6464.452,0.9704306,0.09122688,Right,Flat,0.3743001,-0.1442871,Normal
471.3798,18.46877,0,1.078967,0.0991989,0,0.7188469,6465.191,0.9685788,0.09082515,Right,Flat,0.3846134,-0.126976,Normal
471.4198,18.43421,0,1.121081,0.0991989,0,0.7061377,6465.929,0.9695089,0.09042419,Right,Flat,0.3911712,-0.1092682,Normal
471.4598,18.39892,0,1.156787,0.123003,0,0.6956049,6466.665,0.9679747,0.09002445,Right,Flat,0.4025119,-0.0911026,Normal
471.4998,18.36864,0,1.167773,0.142855,0,0.6827825,6467.4,0.9673041,0.0896251,Right,Flat,0.4083038,-0.07253265,Normal
471.5398,18.34074,0,1.167773,0.1864958,0,0.6711918,6468.134,0.9674407,0.08922655,Right,Flat,0.4201138,-0.0535202,Normal
471.5798,18.32522,0,1.167773,0.1983978,0,0.6585864,6468.867,0.9655328,0.08882881,Right,Flat,0.4265846,-0.03404999,Normal
471.6198,18.30901,0,1.167773,0.2063325,0,0.6459821,6469.6,0.9671738,0.08843229,Right,Flat,0.4025119,-0.01412964,Normal
471.6598,18.29909,0,1.167773,0.2063325,0,0.6344743,6470.332,0.9637655,0.08803613,Right,Flat,0.393167,0.006065369,Normal
471.6998,18.28563,0,1.167773,0.2182498,0,0.6206639,6471.063,0.9657444,0.0876408,Right,Flat,0.3841043,0.02642059,Normal
471.7398,18.27567,0,1.167773,0.2499886,0,0.6100228,6471.795,0.9630175,0.08724666,Right,Flat,0.3794918,0.04655457,Normal
471.7798,18.27289,0,1.167773,0.2698253,0,0.5955623,6472.526,0.9644234,0.08685295,Right,Flat,0.3763854,0.06649017,Normal
471.8198,18.27249,0,1.167773,0.2698253,0,0.5842982,6473.256,0.9637981,0.08646003,Right,Flat,0.3732531,0.08625793,Normal
471.8598,18.27564,0,1.16228,0.2698253,0,0.5716432,6473.988,0.9626681,0.08606792,Right,Flat,0.3700944,0.1057434,Normal
471.8998,18.27498,0,1.160449,0.2698253,0,0.559708,6474.719,0.9643341,0.08567701,Right,Flat,0.3663747,0.1251373,Normal
471.9398,18.2789,0,1.150378,0.2698253,0,0.5490688,6475.451,0.9611371,0.08528651,Right,Flat,0.3642322,0.1441574,Normal
471.9798,18.27968,0,1.137561,0.2698253,0,0.5364327,6476.182,0.9628284,0.08489681,Right,Up,0.3593647,0.1631699,Normal
472.0198,18.2795,0,1.110095,0.2698253,0,0.5270402,6476.914,0.9611472,0.08450792,Right,Up,0.3588198,0.1817169,Normal
472.0598,18.27975,0,1.078967,0.2698253,0,0.5152822,6477.645,0.9609669,0.08412025,Right,Up,0.3538778,0.2002258,Normal
472.0998,18.27937,0,1.050582,0.2698253,0,0.5053283,6478.376,0.9624389,0.083733,Right,Up,0.3522151,0.2183762,Normal
472.1398,18.28316,0,1.021285,0.2499886,0,0.4966471,6479.108,0.9595016,0.08334655,Right,Up,0.3477423,0.2363586,Normal
472.1798,18.27902,0,1.013961,0.2499886,0,0.4855306,6479.839,0.9610039,0.08296118,Right,Up,0.343781,0.2541428,Normal
472.2198,18.27312,0,1.009383,0.2499886,0,0.4777158,6480.57,0.9598273,0.08257646,Right,Up,0.3414966,0.2715836,Normal
472.2598,18.26888,0,1.009383,0.2499886,0,0.4679502,6481.3,0.9591134,0.08219246,Right,Up,0.3357179,0.2889786,Normal
472.2998,18.26454,0,1.009383,0.2499886,0,0.4593272,6482.031,0.9605169,0.08180926,Right,Up,0.3363003,0.3058395,Normal
472.3398,18.26226,0,1.009383,0.2499886,0,0.4535897,6482.761,0.9577169,0.08142716,Right,Up,0.329838,0.32267,Normal
472.3798,18.25815,0,1.009383,0.2698253,0,0.444126,6483.492,0.9585218,0.08104572,Right,Up,0.3274564,0.3391342,Normal
472.4198,18.25649,0,1.009383,0.2698253,0,0.4381208,6484.222,0.9591899,0.08066497,Right,Up,0.3238513,0.3553772,Normal
472.4598,18.25698,0,1.009383,0.2698253,0,0.4328006,6484.953,0.9568568,0.08028529,Right,Up,0.3183671,0.3715286,Normal
472.4998,18.25877,0,1.00389,0.2698253,0,0.4257153,6485.683,0.9576285,0.0799062,Right,Up,0.3177519,0.3871307,Normal
472.5398,18.25759,0,0.9910727,0.2698253,0,0.4218483,6486.414,0.9575553,0.07952804,Right,Up,0.311533,0.4027176,Normal
472.5798,18.25681,0,0.9691,0.2698253,0,0.4180511,6487.144,0.955749,0.07915056,Right,Up,0.3090104,0.4179382,Normal
472.6198,18.2587,0,0.9379721,0.2698253,0,0.4126608,6487.875,0.9563305,0.07877416,Right,Up,0.3058279,0.432869,Normal
472.6598,18.25734,0,0.8958578,0.2698253,0,0.4107097,6488.605,0.9564041,0.07839847,Right,Up,0.2993615,0.4477844,Normal
472.6998,18.25642,0,0.8610678,0.2698253,0,0.4083933,6489.335,0.9545473,0.07802347,Right,Up,0.2980514,0.462059,Normal
472.7398,18.25799,0,0.8189499,0.2698253,0,0.4047603,6490.066,0.9552131,0.07764954,Right,Up,0.2940859,0.4762955,Normal
472.7798,18.25649,0,0.7914841,0.2698253,0,0.4040033,6490.796,0.9555005,0.07727618,Right,Up,0.2880355,0.4903488,Normal
472.8198,18.25562,0,0.7621872,0.2737926,0,0.4035678,6491.527,0.9534405,0.07690377,Right,Up,0.2880355,0.5038376,Normal
472.8598,18.2579,0,0.7328904,0.27776,0,0.4010809,6492.257,0.9537168,0.07653204,Right,Up,0.2818553,0.5173187,Normal
472.8998,18.25812,0,0.7136643,0.3015793,0,0.4015726,6492.988,0.9550167,0.07616142,Right,Up,0.2762456,0.5305557,Normal
472.9398,18.26235,0,0.6880295,0.3174487,0,0.4042009,6493.718,0.9521543,0.07579137,Right,Up,0.2762456,0.5432663,Normal
472.9798,18.27257,0,0.6660569,0.3253834,0,0.4026419,6494.449,0.9522386,0.07542226,Right,Up,0.2705197,0.5559616,Normal
473.0198,18.28566,0,0.6239426,0.3253834,0,0.4032896,6495.18,0.953051,0.07505385,Right,Up,0.2639296,0.5684204,Normal
473.0598,18.294,0,0.5754161,0.3253834,0,0.4068114,6495.912,0.9518512,0.07468653,Right,Up,0.2639296,0.5803146,Normal
473.0998,18.30673,0,0.5305552,0.3253834,0,0.4079322,6496.644,0.9506776,0.07431979,Right,Up,0.2586879,0.5922165,Normal
473.1398,18.32001,0,0.4747081,0.3253834,0,0.4086102,6497.376,0.9506062,0.07395399,Right,Up,0.25101,0.60392,Normal
473.1798,18.33101,0,0.4234385,0.3253834,0,0.4116841,6498.11,0.9521282,0.07358915,Right,Up,0.25101,0.6149826,Normal
473.2198,18.34134,0,0.3428686,0.3253834,0,0.416988,6498.843,0.9493018,0.07322491,Right,Up,0.2478722,0.62603,Normal
473.2598,18.35377,0,0.2439916,0.3253834,0,0.4171349,6499.578,0.9488732,0.0728615,Right,Up,0.2382111,0.6370773,Normal
473.2998,18.36773,0,0.1643407,0.3253834,0,0.4186974,6500.312,0.948893,0.07249901,Right,Up,0.2373883,0.6472702,Normal
473.3398,18.37737,0,0.03799438,0.3253834,0,0.4219421,6501.047,0.9500739,0.07213751,Right,Up,0.2373883,0.6574249,Normal
473.3798,18.38851,0,-0.04806519,0.3253834,0,0.4269581,6501.783,0.9475597,0.07177661,Right,Up,0.2281412,0.6675568,Normal
473.4198,18.40101,0,-0.148775,0.3253834,0,0.4265161,6502.519,0.9471157,0.0714165,Right,Up,0.2229358,0.6772308,Normal
473.4598,18.41433,0,-0.2092016,0.3253834,0,0.4262681,6503.255,0.9471224,0.07105763,Right,Up,0.2220564,0.6863937,Normal
473.4998,18.42556,0,-0.2320898,0.3253834,0,0.4274234,6503.992,0.9484602,0.07069922,Right,Up,0.220287,0.6955566,Normal
473.5398,18.43521,0,-0.2366674,0.3253834,0,0.4295814,6504.729,0.9470029,0.07034165,Right,Up,0.20842,0.7047195,Normal
473.5798,18.44766,0,-0.2366674,0.3253834,0,0.4292661,6505.467,0.9455855,0.06998492,Right,Up,0.2065338,0.7130661,Normal
473.6198,18.46017,0,-0.2366674,0.3253834,0,0.4257587,6506.206,0.9451533,0.06962938,Right,Up,0.2065338,0.7211533,Normal
473.6598,18.47288,0,-0.2366674,0.3253834,0,0.4229145,6506.944,0.9454802,0.06927431,Right,Up,0.2046302,0.7292328,Normal
473.6998,18.4828,0,-0.2366674,0.3293507,0,0.4210824,6507.684,0.946598,0.06892011,Right,Up,0.191797,0.7373123,Normal
473.7398,18.49378,0,-0.2366674,0.3293507,0,0.41985,6508.423,0.944648,0.06856707,Right,Up,0.1866263,0.7446136,Normal
473.7798,18.50676,0,-0.2366674,0.3293507,0,0.4150896,6509.164,0.9432192,0.06821454,Right,Up,0.1866263,0.7514954,Normal
473.8198,18.51993,0,-0.2265966,0.3452201,0,0.4064538,6509.904,0.9427923,0.06786285,Right,Up,0.1866263,0.7583771,Normal
473.8598,18.53508,0,-0.1954687,0.3531548,0,0.3980094,6510.646,0.9429027,0.06751201,Right,Up,0.1780411,0.7652588,Normal
473.8998,18.55125,0,-0.1606768,0.3531548,0,0.3897606,6511.388,0.943503,0.06716234,Right,Up,0.165511,0.7718582,Normal
473.9398,18.56794,0,-0.1121539,0.3531548,0,0.3817295,6512.13,0.9437295,0.06681318,Right,Up,0.165511,0.7773743,Normal
473.9798,18.58381,0,-0.05722046,0.3531548,0,0.3737706,6512.874,0.942054,0.06646488,Right,Up,0.166689,0.7828979,Normal
474.0198,18.60125,0,0.003204346,0.3531548,0,0.3617319,6513.618,0.9409266,0.06611774,Right,Up,0.166689,0.7884293,Normal
474.0598,18.61848,0,0.09475708,0.3571222,0,0.345377,6514.362,0.940836,0.06577111,Right,Up,0.1570175,0.7939453,Normal
474.0998,18.63599,0,0.171665,0.3650568,0,0.329027,6515.107,0.9407938,0.06542534,Right,Up,0.1412742,0.7992401,Normal
474.1398,18.65428,0,0.2604711,0.3729915,0,0.3130138,6515.854,0.9408941,0.06508041,Right,Up,0.1412742,0.8031082,Normal
474.1798,18.67587,0,0.3327978,0.3729915,0,0.2971528,6516.601,0.9410177,0.06473667,Right,Up,0.1412742,0.8069916,Normal
474.2198,18.6967,0,0.3740001,0.3729915,0,0.2813479,6517.348,0.9413764,0.06439344,Right,Up,0.1412742,0.8108673,Normal
474.2598,18.71682,0,0.4042125,0.3729915,0,0.2656888,6518.097,0.9402993,0.06405104,Right,Up,0.1398823,0.8147507,Normal
474.2998,18.73651,0,0.4161143,0.3729915,0,0.2503624,6518.846,0.9389473,0.0637095,Right,Up,0.1297215,0.818634,Normal
474.3398,18.75818,0,0.4170299,0.3729915,0,0.2302862,6519.596,0.9382002,0.06336916,Right,Up,0.1065312,0.8222885,Normal
474.3798,18.77902,0,0.4170299,0.3729915,0,0.2062744,6520.347,0.9383508,0.06302933,Right,Up,0.1065312,0.8239746,Normal
474.4198,18.79907,0,0.4170299,0.3729915,0,0.1828016,6521.099,0.9387372,0.06269035,Right,Up,0.1065312,0.8256607,Normal
474.4598,18.8187,0,0.4170299,0.3729915,0,0.1595693,6521.851,0.9389073,0.06235246,Right,Up,0.1065312,0.8273544,Normal
474.4998,18.83922,0,0.4170299,0.3729915,0,0.1367404,6522.604,0.9388123,0.0620153,Right,Up,0.1083524,0.8290405,Normal
474.5398,18.85967,0,0.4170299,0.3729915,0,0.114202,6523.358,0.9384958,0.06167886,Right,Up,0.1065312,0.8307343,Normal
474.5798,18.88,0,0.4234385,0.3729915,0,0.09217662,6524.113,0.9381824,0.06134329,Right,Up,0.1065312,0.8324203,Normal
474.6198,18.90027,0,0.4289317,0.3729915,0,0.07072228,6524.869,0.9378437,0.06100882,Right,Up,0.07661668,0.8341064,Normal
474.6598,18.9204,0,0.4289317,0.3729915,0,0.04986265,6525.626,0.9376113,0.06067506,Straight,Up,0,0.8354874,Normal
474.6998,18.94049,0,0.4289317,0.3729915,0,0.02974302,6526.383,0.9372398,0.06034208,Straight,Up,0,0.8302841,Normal
474.7398,18.96047,0,0.4289317,0.3729915,0,0.01052609,6527.142,0.9368539,0.06001014,Straight,Up,0,0.8250732,Normal
474.7798,18.98036,0,0.4271007,0.3729915,0,-0.008038014,6527.9,0.9365085,0.05967898,Straight,Up,0,0.81987,Normal
474.8198,19.00015,0,0.4271007,0.3729915,0,-0.02554908,6528.66,0.9361053,0.05934856,Straight,Up,0,0.8146515,Normal
474.8598,19.01991,0,0.422523,0.3729915,0,-0.04231203,6529.421,0.9358194,0.05901901,Straight,Up,0,0.809433,Normal
474.8998,19.0396,0,0.4097056,0.3729915,0,-0.0581432,6530.182,0.9355469,0.05869053,Straight,Up,0,0.8042145,Normal
474.9398,19.05923,0,0.3904796,0.3729915,0,-0.07284114,6530.944,0.9352707,0.05836279,Straight,Up,0,0.7989883,Normal
474.9798,19.07875,0,0.3630137,0.3769741,0,-0.08642599,6531.707,0.934971,0.05803579,Straight,Up,0,0.7937622,Normal
475.0198,19.09922,0,0.3437841,0.3769741,0,-0.0991306,6532.471,0.9347253,0.05770988,Straight,Up,0,0.7885284,Normal
475.0598,19.11951,0,0.3016698,0.3968109,0,-0.1109298,6533.235,0.9344661,0.05738461,Straight,Up,0,0.783287,Normal
475.0998,19.14368,0,0.2439916,0.4007782,0,-0.1216132,6534.001,0.9341886,0.05706034,Straight,Up,0,0.7780533,Normal
475.1398,19.16925,0,0.1524389,0.4007782,0,-0.1312207,6534.768,0.9338981,0.0567368,Straight,Up,0,0.7727966,Normal
475.1798,19.19448,0,0.04440308,0.4007782,0,-0.1401122,6535.535,0.9338593,0.05641437,Straight,Up,0,0.7675476,Normal
475.2198,19.21974,0,-0.03433228,0.4007782,0,-0.1482335,6536.304,0.933634,0.05609257,Straight,Up,0,0.762291,Normal
475.2598,19.24496,0,-0.1249713,0.4007782,0,-0.1555776,6537.073,0.933066,0.05577171,Straight,Up,0,0.7570267,Normal
475.2998,19.27033,0,-0.1789892,0.4007782,0,-0.1622685,6537.844,0.9325622,0.05545167,Straight,Up,0,0.7517624,Normal
475.3398,19.29525,0,-0.2275121,0.4007782,0,-0.1684109,6538.615,0.9319863,0.05513266,Straight,Up,0,0.7464905,Normal
475.3798,19.32024,0,-0.2632177,0.4007782,0,-0.174065,6539.388,0.931595,0.05481435,Straight,Up,0,0.7412109,Normal
475.4198,19.34518,0,-0.2861059,0.4007782,0,-0.1791039,6540.161,0.9313563,0.05449698,Straight,Up,0,0.7359238,Normal
475.4598,19.37014,0,-0.3163201,0.3769741,0,-0.1837461,6540.936,0.9310595,0.0541806,Straight,Up,0,0.730629,Normal
475.4998,19.39033,0,-0.3566033,0.3729915,0,-0.1877204,6541.711,0.9301031,0.05386484,Straight,Up,0,0.7253342,Normal
475.5398,19.41166,0,-0.4234385,0.3690242,0,-0.1873585,6542.487,0.9301324,0.05354998,Straight,Up,0,0.7200317,Normal
475.5798,19.43121,0,-0.5076671,0.3690242,0,-0.1837225,6543.265,0.931155,0.0532361,Straight,Up,0,0.7147369,Normal
475.6198,19.44995,0,-0.5543607,0.3650568,0,-0.1801589,6544.042,0.9319932,0.05292321,Straight,Up,0,0.7094345,Normal
475.6598,19.46744,0,-0.6019682,0.3650568,0,-0.1767402,6544.821,0.9322827,0.05261097,Straight,Up,0,0.7041245,Normal
475.6998,19.48634,0,-0.6303495,0.3650568,0,-0.1737194,6545.6,0.9324249,0.05229959,Straight,Up,0,0.6987915,Normal
475.7398,19.50231,0,-0.6550705,0.3610895,0,-0.1712503,6546.38,0.9305568,0.05198941,Straight,Up,0,0.6934662,Normal
475.7798,19.52056,0,-0.67155,0.3610895,0,-0.1680699,6547.161,0.9278208,0.05167977,Straight,Up,0,0.6881332,Normal
475.8198,19.53949,0,-0.6779587,0.3610895,0,-0.1590478,6547.942,0.9279693,0.05137102,Straight,Up,0,0.6828003,Normal
475.8598,19.557,0,-0.7017624,0.3610895,0,-0.1507638,6548.725,0.9283543,0.05106312,Left,Up,-0.05595291,0.6774521,Normal
475.8998,19.57285,0,-0.7209885,0.3610895,0,-0.1434546,6549.507,0.9295843,0.05075646,Left,Up,-0.1101434,0.6688843,Normal
475.9398,19.58766,0,-0.7502854,0.3610895,0,-0.1371743,6550.291,0.928257,0.05045033,Left,Up,-0.1083524,0.6555862,Normal
475.9798,19.60681,0,-0.7740909,0.3610895,0,-0.1288399,6551.075,0.9261912,0.05014506,Left,Up,-0.1101434,0.6422882,Normal
476.0198,19.62542,0,-0.7841617,0.3571222,0,-0.1168726,6551.859,0.926422,0.04984102,Left,Up,-0.1101434,0.6289597,Normal
476.0598,19.6434,0,-0.7859927,0.3571222,0,-0.106546,6552.645,0.9277753,0.04953751,Left,Up,-0.1101434,0.6156235,Normal
476.0998,19.65401,0,-0.7859927,0.3531548,0,-0.09770989,6553.431,0.9267365,0.0492349,Left,Up,-0.1136409,0.6022644,Normal
476.1398,19.67152,0,-0.7795841,0.3491875,0,-0.08631092,6554.218,0.9252304,0.04893315,Left,Up,-0.14537,0.5888901,Normal
476.1798,19.68822,0,-0.7685977,0.3452201,0,-0.07281014,6555.005,0.925752,0.0486326,Left,Up,-0.1519511,0.5731125,Normal
476.2198,19.70001,0,-0.7447922,0.3452201,0,-0.06147394,6555.793,0.9268952,0.04833264,Left,Up,-0.1519511,0.5567322,Normal
476.2598,19.71217,0,-0.7127488,0.3452201,0,-0.05027023,6556.581,0.9241333,0.04803354,Left,Up,-0.1519511,0.5403366,Normal
476.2998,19.72825,0,-0.6651413,0.3452201,0,-0.03453708,6557.37,0.9249285,0.04773531,Left,Up,-0.1570175,0.5239182,Normal
476.3398,19.74137,0,-0.6266874,0.3452201,0,-0.02114052,6558.16,0.9260604,0.04743827,Left,Up,-0.183454,0.5074692,Normal
476.3798,19.75331,0,-0.6193632,0.3452201,0,-0.007626176,6558.95,0.9232287,0.04714183,Left,Up,-0.1866263,0.4888229,Normal
476.4198,19.77129,0,-0.6193632,0.3452201,0,0.009917438,6559.74,0.9243726,0.04684628,Left,Up,-0.1855749,0.4698486,Normal
476.4598,19.78326,0,-0.6193632,0.3452201,0,0.02528563,6560.531,0.9239993,0.04655189,Left,Up,-0.191797,0.4508438,Normal
476.4998,19.79665,0,-0.6193632,0.3452201,0,0.0427781,6561.323,0.9227415,0.04625807,Left,Up,-0.2148914,0.4318314,Normal
476.5398,19.8122,0,-0.5717558,0.3452201,0,0.06153515,6562.116,0.9243997,0.04596517,Left,Up,-0.2167048,0.4107132,Normal
476.5798,19.82869,0,-0.4948497,0.3452201,0,0.0792256,6562.909,0.9215649,0.04567314,Left,Up,-0.2167048,0.3894348,Normal
476.6198,19.84432,0,-0.439918,0.3412528,0,0.1015834,6563.702,0.9237624,0.0453823,Left,Up,-0.234068,0.368103,Normal
476.6598,19.85677,0,-0.3877312,0.3372854,0,0.1219208,6564.496,0.9221961,0.04509202,Left,Up,-0.2446942,0.3457108,Normal
476.6998,19.86844,0,-0.3675896,0.3333181,0,0.1473757,6565.291,0.9217609,0.04480267,Left,Up,-0.2454926,0.322258,Normal
476.7398,19.88138,0,-0.3520256,0.3333181,0,0.1716808,6566.086,0.919377,0.04451436,Left,Up,-0.2594432,0.2987823,Normal
476.7798,19.89715,0,-0.3337151,0.3253834,0,0.1954473,6566.882,0.9207869,0.04422686,Left,Up,-0.2719625,0.2744904,Normal
476.8198,19.91039,0,-0.3108269,0.3253834,0,0.2173789,6567.678,0.9224685,0.04394016,Left,Up,-0.2719625,0.249054,Normal
476.8598,19.92164,0,-0.2623022,0.3214161,0,0.2373963,6568.475,0.9236875,0.04365436,Left,Up,-0.2907402,0.2235718,Normal
476.8998,19.9338,0,-0.2092016,0.3174487,0,0.2555532,6569.272,0.9238109,0.04336972,Left,Up,-0.2967354,0.1967926,Normal
476.9398,19.946,0,-0.1304644,0.309514,0,0.2719349,6570.07,0.9231712,0.04308567,Left,Up,-0.3051875,0.1694031,Normal
476.9798,19.95707,0,-0.04806519,0.3015793,0,0.2866468,6570.868,0.9222533,0.04280255,Left,Flat,-0.3202056,0.1416168,Normal
477.0198,19.96616,0,0.01602173,0.2936446,0,0.2997152,6571.667,0.9216178,0.04252047,Left,Flat,-0.3232465,0.1124115,Normal
477.0598,19.9734,0,0.07095337,0.2817273,0,0.3113621,6572.465,0.9208869,0.0422392,Left,Flat,-0.3414966,0.08319092,Normal
477.0998,19.97751,0,0.09841919,0.2737926,0,0.3215531,6573.264,0.9189658,0.04195873,Left,Flat,-0.329838,0.05242157,Normal
477.1398,19.97791,0,0.1130676,0.2618906,0,0.3305539,6574.063,0.9171094,0.04167915,Left,Flat,-0.05595291,0.021492,Normal
477.1798,19.97822,0,0.1130676,0.2499886,0,0.3379302,6574.862,0.9147041,0.04140067,Right,Flat,0.06852804,-0.0186615,Normal
477.2198,19.97907,0,0.1167297,0.2460212,0,0.3408921,6575.661,0.9191493,0.04112298,Right,Flat,0.06852804,-0.06151581,Normal
477.2598,19.97747,0,0.1277196,0.2460212,0,0.3430396,6576.459,0.9231574,0.04084609,Right,Flat,0.07132626,-0.1043396,Normal
477.2998,19.97325,0,0.1359594,0.2380865,0,0.3441484,6577.258,0.92597,0.04057027,Right,Flat,0.07132626,-0.1472092,Normal
477.3398,19.9728,0,0.1414526,0.2380865,0,0.3446924,6578.057,0.926941,0.04029516,Right,Down,0.06852804,-0.1901474,Normal
477.3798,19.97155,0,0.1423681,0.2380865,0,0.3443061,6578.856,0.9268094,0.04002107,Right,Down,0.06852804,-0.2331314,Normal
477.4198,19.97006,0,0.1460302,0.2380865,0,0.3431624,6579.655,0.9260889,0.03974776,Right,Down,0.06852804,-0.276123,Normal
477.4598,19.96845,0,0.1460302,0.2380865,0,0.3411567,6580.454,0.9253629,0.03947553,Right,Down,0.07132626,-0.3191223,Normal
477.4998,19.96671,0,0.1460302,0.2380865,0,0.3386105,6581.252,0.9246123,0.03920401,Right,Down,0.06852804,-0.3621216,Normal
477.5398,19.96494,0,0.1469457,0.2380865,0,0.3355231,6582.051,0.9242083,0.03893349,Right,Down,0.06255726,-0.4051132,Normal
477.5798,19.96313,0,0.1542699,0.2380865,0,0.3321563,6582.85,0.9239513,0.03866378,Straight,Down,-0.01978234,-0.4481125,Normal
477.6198,19.96129,0,0.1597631,0.2380865,0,0.328595,6583.649,0.9237288,0.03839514,Straight,Down,0,-0.4624557,Normal
477.6598,19.95943,0,0.1597631,0.2380865,0,0.3248064,6584.448,0.9238327,0.03812725,Straight,Down,0,-0.4741516,Normal
477.6998,19.95758,0,0.1597631,0.2380865,0,0.3210998,6585.246,0.9238601,0.03786031,Straight,Down,-0.01978234,-0.4858398,Normal
477.7398,19.95574,0,0.1597631,0.2222171,0,0.3173669,6586.044,0.9238372,0.03759439,Straight,Down,-0.01978234,-0.4975433,Normal
477.7798,19.95141,0,0.1597631,0.2023651,0,0.313677,6586.842,0.9234301,0.03732917,Straight,Down,0,-0.5092316,Normal
477.8198,19.94277,0,0.1597631,0.1825284,0,0.3102243,6587.64,0.9229956,0.03706486,Straight,Down,-0.01978234,-0.5209122,Normal
477.8598,19.92977,0,0.1597631,0.1587244,0,0.3067033,6588.437,0.922635,0.03680155,Straight,Down,-0.01978234,-0.5326004,Normal
477.8998,19.91197,0,0.1597631,0.1349203,0,0.3031099,6589.234,0.9222983,0.03653924,Straight,Down,0,-0.5442657,Normal
477.9398,19.88818,0,0.1597631,0.0991989,0,0.2997873,6590.03,0.922065,0.03627763,Straight,Down,0,-0.5559235,Normal
477.9798,19.85771,0,0.1515234,0.06746013,0,0.2965794,6590.824,0.9216881,0.03601692,Straight,Down,0,-0.5675659,Normal
478.0198,19.82005,0,0.1423681,0.04762341,0,0.2933819,6591.618,0.9212591,0.0357574,Straight,Down,0,-0.5791855,Normal
478.0598,19.77787,0,0.1277196,0.01983673,0,0.2904746,6592.409,0.9209027,0.03549851,Straight,Down,-0.01978234,-0.5907745,Normal
478.0998,19.73048,0,0.1112366,0,0,0.2878661,6593.199,0.9206653,0.03524053,Straight,Down,-0.01978234,-0.6023407,Normal
478.1398,19.67768,0,0.08651733,0,0,0.2853268,6593.986,0.9204661,0.03498356,Straight,Down,0,-0.6138763,Normal
478.1798,19.62437,0,0.05813599,0,0,0.2830848,6594.772,0.9202013,0.03472758,Straight,Down,-0.01978234,-0.6253738,Normal
478.2198,19.5712,0,0.04623413,0,0,0.2811643,6595.556,0.9198853,0.0344723,Straight,Down,-0.01978234,-0.6368484,Normal
478.2598,19.51819,0,0.04440308,0,0,0.2792574,6596.337,0.9194992,0.03421796,Straight,Down,-0.01978234,-0.6482925,Normal
478.2998,19.46533,0,0.04440308,0,0,0.2778893,6597.116,0.9192217,0.03396476,Straight,Down,-0.01978234,-0.6596985,Normal
478.3398,19.4126,0,0.04440308,0,0,0.2766674,6597.893,0.9188598,0.03371225,Straight,Down,-0.01978234,-0.6710663,Normal
478.3798,19.35997,0,0.04440308,0,0,0.2759518,6598.667,0.9187736,0.03346062,Straight,Down,-0.01978234,-0.6824112,Normal
478.4198,19.30752,0,0.04440308,0,0,0.2755783,6599.44,0.9187534,0.03320989,Straight,Down,-0.01978234,-0.6937332,Normal
478.4598,19.25525,0,0.04440308,0,0,0.2754334,6600.211,0.918277,0.03296036,Straight,Down,0,-0.7050171,Normal
478.4998,19.20304,0,0.03890991,0,0,0.2756047,6600.98,0.9176999,0.03271145,Straight,Down,0,-0.7162628,Normal
478.5398,19.15104,0,0.02243042,0,0,0.2760231,6601.747,0.9172271,0.03246347,Straight,Down,0,-0.7274857,Normal
478.5798,19.09908,0,-0.0050354,0,0,0.2765349,6602.511,0.91685,0.03221641,Straight,Down,-0.01978234,-0.738678,Normal
478.6198,19.04728,0,-0.02426147,0,0,0.2773675,6603.273,0.9164829,0.03197051,Straight,Down,0,-0.7498322,Normal
478.6598,18.99564,0,-0.0352478,0,0,0.2784837,6604.033,0.9161987,0.03172527,Straight,Down,0,-0.7609634,Normal
478.6998,18.94417,0,-0.0352478,0,0,0.2795824,6604.792,0.9159822,0.03148091,Straight,Down,0,-0.7720566,Normal
478.7398,18.89278,0,-0.0352478,0,0,0.2808532,6605.548,0.9157776,0.03123776,Straight,Down,0,-0.7831268,Normal
478.7798,18.84156,0,-0.03341675,0,0,0.2822855,6606.302,0.9155564,0.03099526,Straight,Down,0,-0.7941589,Normal
478.8198,18.79049,0,-0.02792358,0,0,0.2839929,6607.055,0.9154002,0.03075365,Straight,Down,0,-0.8051605,Normal
478.8598,18.73956,0,-0.02151489,0,0,0.2857088,6607.805,0.9151256,0.03051299,Straight,Down,-0.01978234,-0.8161392,Normal
478.8998,18.68878,0,-0.0151062,0,0,0.2877099,6608.553,0.9148979,0.03027347,Straight,Down,0,-0.8270798,Normal
478.9398,18.63857,0,-0.005950928,0,0,0.2898051,6609.299,0.914596,0.03003464,Straight,Down,-0.01978234,-0.8379898,Normal
478.9798,18.58915,0,-0.0050354,0,0,0.2920224,6610.042,0.9131584,0.02979669,Straight,Down,0,-0.8488693,Normal
479.0198,18.53974,0,-0.0050354,0,0,0.3005823,6610.784,0.9143451,0.02955985,Straight,Down,-0.01978234,-0.8597107,Normal
479.0598,18.49036,0,-0.0050354,0,0,0.3095393,6611.524,0.9154416,0.02932385,Straight,Down,-0.01978234,-0.8705215,Normal
479.0998,18.44163,0,-0.0050354,0,0,0.3184362,6612.262,0.9162902,0.02908868,Straight,Down,0,-0.8813095,Normal
479.1398,18.39315,0,-0.0050354,0,0,0.3273483,6612.998,0.9162939,0.02885441,Straight,Down,0,-0.8920746,Normal
479.1798,18.34495,0,-0.0050354,0,0,0.3364068,6613.731,0.9158089,0.02862132,Straight,Down,0,-0.9028091,Normal
479.2198,18.29701,0,-0.009613037,0,0,0.3453743,6614.463,0.9151429,0.0283889,Straight,Down,0,-0.9135284,Normal
479.2598,18.24928,0,-0.02426147,0,0,0.3543177,6615.193,0.914414,0.02815739,Straight,Down,0,-0.9242096,Normal
479.2998,18.20172,0,-0.0352478,0,0,0.3631906,6615.922,0.9137188,0.02792699,Straight,Down,0,-0.9348755,Normal
479.3398,18.15431,0,-0.0453186,0,0,0.3722166,6616.649,0.9131471,0.02769739,Straight,Down,-0.01978234,-0.9455032,Normal
479.3798,18.10704,0,-0.05264282,0,0,0.381217,6617.375,0.9125483,0.02746866,Straight,Down,0,-0.9561005,Normal
479.4198,18.05991,0,-0.0590533,0,0,0.3902305,6618.098,0.9120922,0.02724085,Straight,Down,0,-0.9666748,Normal
479.4598,18.01292,0,-0.07187068,0,0,0.3990682,6618.819,0.911754,0.02701412,Straight,Down,-0.02797646,-0.9766922,Normal
479.4998,17.96607,0,-0.07736385,0,0,0.4079024,6619.538,0.9114265,0.02678821,Straight,Down,-0.02797646,-0.9781952,Normal
479.5398,17.91937,0,-0.08194149,0,0,0.41662,6620.255,0.9111364,0.02656317,Straight,Down,-0.03426402,-0.9796982,Normal
479.5798,17.87273,0,-0.0892657,0,0,0.4252488,6620.971,0.9107634,0.02633903,Straight,Down,-0.02797646,-0.9811935,Normal
479.6198,17.82611,0,-0.0993365,0,0,0.4339354,6621.684,0.9108481,0.02611599,Straight,Down,-0.02797646,-0.9826889,Normal
479.6598,17.77966,0,-0.1130694,0,0,0.4423287,6622.396,0.9110087,0.02589378,Straight,Down,-0.02797646,-0.984169,Normal
479.6998,17.73337,0,-0.13138,0,0,0.450541,6623.105,0.9102131,0.02567244,Straight,Down,-0.02797646,-0.9856644,Normal
479.7398,17.68704,0,-0.148775,0,0,0.4586248,6623.813,0.9094313,0.02545218,Straight,Down,-0.03426402,-0.9871445,Normal
479.7798,17.64074,0,-0.1780736,0,0,0.4663183,6624.519,0.9089361,0.02523265,Straight,Down,-0.02797646,-0.9886169,Normal
479.8198,17.59461,0,-0.2073705,0,0,0.4738686,6625.224,0.908645,0.02501417,Straight,Down,-0.02797646,-0.9900894,Normal
479.8598,17.5486,0,-0.2430761,0,0,0.4811205,6625.926,0.9083831,0.02479653,Straight,Down,-0.02797646,-0.9915543,Normal
479.8998,17.50257,0,-0.2513158,0,0,0.4880307,6626.627,0.9081881,0.02457995,Straight,Down,-0.02797646,-0.9930267,Normal
479.9398,17.45689,0,-0.2494848,0,0,0.4946565,6627.326,0.9079567,0.02436415,Straight,Down,-0.02797646,-0.9944839,Normal
479.9798,17.41156,0,-0.2375829,0,0,0.5010208,6628.022,0.9073197,0.02414933,Straight,Down,-0.02797646,-0.9959412,Normal
480.0198,17.36628,0,-0.2311742,0,0,0.5133303,6628.717,0.9076117,0.02393556,Straight,Down,-0.02797646,-0.9973907,Normal
480.0598,17.32109,0,-0.2201879,0,0,0.5259644,6629.41,0.9079715,0.02372253,Straight,Down,-0.02797646,-0.9988403,Normal
480.0998,17.27621,0,-0.1972997,0,0,0.5381506,6630.102,0.9082181,0.02351046,Straight,Down,-0.02797646,-1.000282,Normal
480.1398,17.23155,0,-0.1799047,0,0,0.5499502,6630.792,0.9080747,0.02329937,Straight,Down,-0.02797646,-1.001724,Normal
480.1798,17.18704,0,-0.1670855,0,0,0.5613573,6631.48,0.9077408,0.0230893,Straight,Down,-0.03426402,-1.003159,Normal
480.2198,17.14272,0,-0.1670855,0,0,0.5723711,6632.166,0.9073381,0.02288,Straight,Down,-0.02797646,-1.004593,Normal
480.2598,17.09854,0,-0.1725787,0,0,0.5830263,6632.85,0.906818,0.0226717,Straight,Down,-0.02797646,-1.006027,Normal
480.2998,17.05451,0,-0.1945531,0,0,0.5933552,6633.533,0.9064667,0.0224644,Straight,Down,-0.02797646,-1.007454,Normal
480.3398,17.01062,0,-0.2092016,0,0,0.6032125,6634.214,0.9061572,0.0222579,Straight,Down,-0.02797646,-1.008881,Normal
480.3798,16.96685,0,-0.239414,0,0,0.6125578,6634.893,0.9057058,0.02205233,Straight,Down,-0.02797646,-1.0103,Normal
480.4198,16.92321,0,-0.2687109,0,0,0.6215233,6635.57,0.9053823,0.02184776,Straight,Down,-0.03426402,-1.011711,Normal
480.4598,16.87958,0,-0.3108269,0,0,0.630211,6636.246,0.9052704,0.02164421,Straight,Down,-0.02797646,-1.013123,Normal
480.4998,16.83595,0,-0.3337151,0,0,0.6382374,6636.919,0.9054232,0.02144144,Straight,Down,-0.03956468,-1.014534,Normal
480.5398,16.79248,0,-0.3346306,0,0,0.6451705,6637.592,0.9052433,0.02123958,Straight,Down,-0.03956468,-1.014404,Normal
480.5798,16.74893,0,-0.3346306,0,0,0.6512984,6638.262,0.9040993,0.02103875,Straight,Down,-0.03956468,-1.013657,Normal
480.6198,16.70543,0,-0.3346306,0,0,0.6565086,6638.931,0.9029852,0.02083893,Straight,Down,-0.03956468,-1.012917,Normal
480.6598,16.66206,0,-0.3346306,0,0,0.6604519,6639.597,0.9023622,0.02063987,Straight,Down,-0.03956468,-1.012169,Normal
480.6998,16.6188,0,-0.3346306,0,0,0.6634963,6640.263,0.9021829,0.02044178,Straight,Down,-0.03956468,-1.011421,Normal
480.7398,16.57558,0,-0.3346306,0,0,0.6658356,6640.926,0.9017801,0.02024481,Straight,Down,-0.03956468,-1.010681,Normal
480.7798,16.53281,0,-0.3346306,0,0,0.6673125,6641.588,0.9008206,0.02004856,Straight,Down,-0.03956468,-1.009941,Normal
480.8198,16.49005,0,-0.3291374,0,0,0.6731789,6642.248,0.9006158,0.01985327,Straight,Down,-0.03956468,-1.009209,Normal
480.8598,16.44736,0,-0.3263909,0,0,0.6803534,6642.906,0.900592,0.01965893,Straight,Down,-0.03956468,-1.008469,Normal
480.8998,16.40478,0,-0.3035027,0,0,0.6871043,6643.563,0.9003909,0.01946569,Straight,Down,-0.03956468,-1.007736,Normal
480.9398,16.36266,0,-0.2906835,0,0,0.6934477,6644.218,0.9004825,0.0192732,Straight,Down,-0.03956468,-1.006996,Normal
480.9798,16.32055,0,-0.2851903,0,0,0.6995653,6644.871,0.9004666,0.01908166,Straight,Down,-0.04423466,-1.006271,Normal
481.0198,16.27865,0,-0.2851903,0,0,0.7050548,6645.522,0.9003331,0.01889125,Straight,Down,-0.03956468,-1.005539,Normal
481.0598,16.23691,0,-0.2815282,0,0,0.7100538,6646.172,0.8999829,0.01870156,Straight,Down,-0.03956468,-1.004807,Normal
481.0998,16.19532,0,-0.2796972,0,0,0.7143329,6646.82,0.8998367,0.01851285,Straight,Down,-0.04423466,-1.004082,Normal
481.1398,16.15385,0,-0.2787817,0,0,0.7175153,6647.467,0.8997539,0.01832503,Straight,Down,-0.03956468,-1.003357,Normal
481.1798,16.11239,0,-0.274204,0,0,0.7198887,6648.112,0.9001514,0.01813838,Straight,Down,-0.03956468,-1.002625,Normal
481.2198,16.07089,0,-0.2687109,0,0,0.7214764,6648.755,0.9007735,0.01795245,Straight,Down,-0.04423466,-1.001907,Normal
481.2598,16.02946,0,-0.2513158,0,0,0.7221392,6649.397,0.9012969,0.01776749,Straight,Down,-0.03956468,-1.001183,Normal
481.2998,15.98801,0,-0.2137792,0,0,0.7222098,6650.037,0.9008625,0.01758364,Straight,Down,-0.03956468,-1.000465,Normal
481.3398,15.94676,0,-0.1780736,0,0,0.7215813,6650.675,0.9005191,0.01740054,Straight,Down,-0.04845664,-0.9997482,Normal
481.3798,15.90545,0,-0.1359576,0,0,0.7202486,6651.312,0.9004802,0.01721838,Straight,Down,-0.04845664,-0.9983826,Normal
481.4198,15.86448,0,-0.1139849,0,0,0.7182386,6651.947,0.9006284,0.01703718,Left,Down,-0.05233916,-0.9962845,Normal
481.4598,15.8236,0,-0.1057452,0,0,0.7155662,6652.58,0.9003678,0.0168571,Left,Down,-0.05233916,-0.9941864,Normal
481.4998,15.78288,0,-0.1057452,0,0,0.7155863,6653.211,0.9004492,0.01667777,Straight,Down,-0.04845664,-0.9920959,Normal
481.5398,15.74218,0,-0.1057452,0,0,0.7180371,6653.842,0.9006643,0.01649938,Left,Down,-0.05233916,-0.9900055,Normal
481.5798,15.70157,0,-0.1057452,0,0,0.7200336,6654.47,0.9008635,0.01632205,Left,Down,-0.05233916,-0.9879303,Normal
481.6198,15.66129,0,-0.1057452,0,0,0.7215368,6655.097,0.9010314,0.01614562,Straight,Down,-0.04845664,-0.9858551,Normal
481.6598,15.62115,0,-0.1139849,0,0,0.7228568,6655.722,0.9005898,0.01597006,Straight,Down,-0.04845664,-0.9837799,Normal
481.6998,15.58122,0,-0.1423663,0,0,0.7233427,6656.346,0.9004969,0.01579545,Left,Down,-0.05233916,-0.9817123,Normal
481.7398,15.54145,0,-0.1725787,0,0,0.7232442,6656.968,0.9002556,0.01562191,Left,Down,-0.05233916,-0.9796448,Normal
481.7798,15.50181,0,-0.2201879,0,0,0.722278,6657.588,0.9002858,0.01544923,Left,Down,-0.05233916,-0.9775848,Normal
481.8198,15.462,0,-0.2513158,0,0,0.7208115,6658.207,0.9003729,0.01527745,Left,Down,-0.05233916,-0.9755325,Normal
481.8598,15.42228,0,-0.2870214,0,0,0.7186253,6658.825,0.9004776,0.01510662,Left,Down,-0.05233916,-0.9734802,Normal
481.8998,15.38242,0,-0.3108269,0,0,0.7158567,6659.44,0.8999197,0.01493684,Left,Down,-0.05233916,-0.9714432,Normal
481.9398,15.3427,0,-0.3263909,0,0,0.7127181,6660.054,0.8991245,0.01476798,Left,Down,-0.05233916,-0.9693985,Normal
481.9798,15.30316,0,-0.3382927,0,0,0.7091468,6660.667,0.8986884,0.01459998,Straight,Down,-0.04845664,-0.9673615,Normal
482.0198,15.26368,0,-0.3456169,0,0,0.7051059,6661.278,0.8981025,0.01443303,Left,Down,-0.05233916,-0.9653244,Normal
482.0598,15.22464,0,-0.3529412,0,0,0.7003018,6661.887,0.8971192,0.01426694,Left,Down,-0.05595291,-0.9633026,Normal
482.0998,15.18537,0,-0.3529412,0,0,0.6972872,6662.495,0.8964632,0.01410184,Left,Down,-0.05934703,-0.9608231,Normal
482.1398,15.14617,0,-0.3529412,0.003967346,0,0.6973674,6663.101,0.8965328,0.01393763,Left,Down,-0.06255726,-0.9576721,Normal
482.1798,15.10767,0,-0.3529412,0.003967346,0,0.6970896,6663.706,0.8971381,0.01377449,Left,Down,-0.06255726,-0.9545364,Normal
482.2198,15.06968,0,-0.3529412,0.003967346,0,0.6962694,6664.309,0.8975819,0.01361215,Left,Down,-0.06255726,-0.9514084,Normal
482.2598,15.03189,0,-0.363012,0.003967346,0,0.6947049,6664.911,0.8975194,0.01345086,Left,Down,-0.05934703,-0.948288,Normal
482.2998,14.9943,0,-0.382238,0.003967346,0,0.6924803,6665.511,0.8971004,0.01329056,Left,Down,-0.06255726,-0.9451675,Normal
482.3398,14.95686,0,-0.4042107,0.003967346,0,0.6896978,6666.109,0.896473,0.01313108,Left,Down,-0.05934703,-0.9420547,Normal
482.3798,14.91921,0,-0.4298472,0.02380407,0,0.6861339,6666.707,0.8963633,0.01297257,Left,Down,-0.05934703,-0.9389572,Normal
482.4198,14.88551,0,-0.4518199,0.04365606,0,0.6818821,6667.302,0.8967894,0.01281506,Left,Down,-0.05934703,-0.9358521,Normal
482.4598,14.85623,0,-0.4765391,0.05952545,0,0.6769704,6667.897,0.896668,0.01265857,Left,Down,-0.05934703,-0.9327621,Normal
482.4998,14.83049,0,-0.4994273,0.05952545,0,0.6714797,6668.49,0.8957037,0.01250289,Left,Down,-0.06255726,-0.9296722,Normal
482.5398,14.80512,0,-0.5012584,0.06746013,0,0.6652397,6669.083,0.8947769,0.01234824,Left,Down,-0.06255726,-0.92659,Normal
482.5798,14.7816,0,-0.4994273,0.0991989,0,0.6583919,6669.674,0.8938698,0.01219458,Left,Down,-0.06255726,-0.9235077,Normal
482.6198,14.76473,0,-0.4893565,0.1309529,0,0.6504585,6670.265,0.8930548,0.01204175,Left,Down,-0.05934703,-0.920433,Normal
482.6598,14.75503,0,-0.4838634,0.1587244,0,0.6475279,6670.855,0.8932703,0.01188991,Left,Down,-0.06255726,-0.9173584,Normal
482.6998,14.75105,0,-0.4582286,0.1785611,0,0.6438776,6671.445,0.8935953,0.01173905,Left,Down,-0.06852804,-0.9142914,Normal
482.7398,14.75195,0,-0.4335093,0.1785611,0,0.6392629,6672.035,0.8940879,0.01158917,Left,Down,-0.07401875,-0.9106216,Normal
482.7798,14.75298,0,-0.3987175,0.1825284,0,0.6340756,6672.625,0.8944768,0.01144019,Left,Down,-0.07132626,-0.9065094,Normal
482.8198,14.75505,0,-0.3767449,0.2023651,0,0.6279403,6673.214,0.894654,0.01129213,Left,Down,-0.07132626,-0.9023895,Normal
482.8598,14.76123,0,-0.3566033,0.2222171,0,0.6208817,6673.805,0.894548,0.01114509,Left,Down,-0.07132626,-0.898262,Normal
482.8998,14.77132,0,-0.3382927,0.2499886,0,0.6128979,6674.396,0.8950328,0.01099903,Left,Down,-0.07132626,-0.8941269,Normal
482.9398,14.78827,0,-0.3282219,0.2539559,0,0.6039076,6674.987,0.8956894,0.01085383,Left,Down,-0.07132626,-0.8899994,Normal
482.9798,14.80501,0,-0.3273064,0.2579232,0,0.5941827,6675.579,0.8944351,0.01070962,Left,Down,-0.07132626,-0.885849,Normal
483.0198,14.82297,0,-0.3273064,0.2618906,0,0.5836059,6676.171,0.8932584,0.01056648,Left,Down,-0.07132626,-0.8816986,Normal
483.0598,14.84209,0,-0.3273064,0.2817273,0,0.5722418,6676.765,0.8918104,0.01042414,Left,Down,-0.07132626,-0.8775482,Normal
483.0998,14.86537,0,-0.3273064,0.289662,0,0.5611965,6677.359,0.8907744,0.01028276,Left,Down,-0.07132626,-0.8733902,Normal
483.1398,14.8904,0,-0.3273064,0.3015793,0,0.5539911,6677.955,0.891128,0.01014236,Left,Down,-0.06852804,-0.8692169,Normal
483.1798,14.91749,0,-0.3291374,0.3055466,0,0.5460259,6678.551,0.8916283,0.01000303,Left,Down,-0.07132626,-0.8650436,Normal
483.2198,14.94515,0,-0.3291374,0.3055466,0,0.5372878,6679.148,0.8922104,0.009864511,Left,Down,-0.07661668,-0.8608704,Normal
483.2598,14.97309,0,-0.3291374,0.3055466,0,0.5274475,6679.747,0.89249,0.009726973,Left,Down,-0.08156469,-0.8566818,Normal
483.2998,15.00167,0,-0.3437859,0.3055466,0,0.5169713,6680.347,0.8925979,0.009590511,Left,Down,-0.08392937,-0.8514786,Normal
483.3398,15.02918,0,-0.3575188,0.3055466,0,0.5053849,6680.948,0.8933245,0.009454878,Left,Down,-0.08392937,-0.846199,Normal
483.3798,15.05649,0,-0.3685051,0.3055466,0,0.4931607,6681.55,0.8936076,0.009320172,Left,Down,-0.08392937,-0.8409042,Normal
483.4198,15.08369,0,-0.3685051,0.3055466,0,0.480143,6682.153,0.8924006,0.009186449,Left,Down,-0.08392937,-0.8356018,Normal
483.4598,15.11072,0,-0.3685051,0.3055466,0,0.4663582,6682.757,0.8909383,0.009053829,Left,Down,-0.08392937,-0.8302841,Normal
483.4998,15.1395,0,-0.3685051,0.3055466,0,0.4523953,6683.362,0.8894313,0.008922013,Left,Down,-0.08392937,-0.8249588,Normal
483.5398,15.16685,0,-0.3685051,0.3055466,0,0.4427049,6683.969,0.8900545,0.008791155,Left,Down,-0.08156469,-0.8196335,Normal
483.5798,15.19366,0,-0.3685051,0.3055466,0,0.4324728,6684.576,0.8903654,0.008661391,Left,Down,-0.08392937,-0.8142929,Normal
483.6198,15.2203,0,-0.3685051,0.2817273,0,0.4215144,6685.185,0.8908539,0.008532471,Left,Down,-0.08156469,-0.8089447,Normal
483.6598,15.24156,0,-0.3529412,0.2817273,0,0.4098062,6685.794,0.8912169,0.00840447,Left,Down,-0.08392937,-0.8035812,Normal
483.6998,15.26306,0,-0.3282219,0.2817273,0,0.3969854,6686.404,0.8920909,0.008277454,Left,Down,-0.09065409,-0.7982101,Normal
483.7398,15.28436,0,-0.3154045,0.2817273,0,0.383325,6687.016,0.893093,0.00815154,Left,Down,-0.09487279,-0.7924271,Normal
483.7798,15.30498,0,-0.3099114,0.2817273,0,0.3691024,6687.627,0.8915644,0.008026428,Left,Down,-0.09487279,-0.7859116,Normal
483.8198,15.32598,0,-0.3099114,0.2817273,0,0.3543797,6688.24,0.8896397,0.007902267,Left,Down,-0.09487279,-0.7793884,Normal
483.8598,15.34801,0,-0.3099114,0.2817273,0,0.3408898,6688.854,0.8880163,0.007779093,Left,Down,-0.09691329,-0.7728653,Normal
483.8998,15.36933,0,-0.3099114,0.2817273,0,0.3303745,6689.469,0.8883342,0.007656995,Left,Down,-0.09487279,-0.7663269,Normal
483.9398,15.39012,0,-0.3099114,0.2817273,0,0.3191278,6690.084,0.8889003,0.007535732,Left,Down,-0.09487279,-0.7597885,Normal
483.9798,15.41082,0,-0.3099114,0.2817273,0,0.3070245,6690.7,0.8897635,0.007415422,Left,Down,-0.09487279,-0.7532349,Normal
484.0198,15.43171,0,-0.3099114,0.3015793,0,0.2941002,6691.317,0.8907855,0.007296146,Left,Down,-0.09487279,-0.7466736,Normal
484.0598,15.45682,0,-0.3099114,0.3015793,0,0.2801237,6691.936,0.8921342,0.007177806,Left,Down,-0.09487279,-0.7400894,Normal
484.0998,15.48074,0,-0.3099114,0.3015793,0,0.2655357,6692.555,0.8906656,0.007060385,Left,Down,-0.1027921,-0.73349,Normal
484.1398,15.5058,0,-0.3208977,0.3015793,0,0.2501261,6693.175,0.8881576,0.006943949,Left,Down,-0.1065312,-0.7263412,Normal
484.1798,15.53106,0,-0.3346306,0.3015793,0,0.2374343,6693.796,0.8866796,0.006828523,Left,Down,-0.1083524,-0.7185364,Normal
484.2198,15.55593,0,-0.363012,0.27776,0,0.2263383,6694.418,0.8869491,0.006714025,Left,Down,-0.1065312,-0.7107315,Normal
484.2598,15.57469,0,-0.3868157,0.2737926,0,0.2145503,6695.041,0.8873395,0.006600444,Left,Down,-0.1083524,-0.7029114,Normal
484.2998,15.59217,0,-0.422523,0.2698253,0,0.2019089,6695.665,0.8884892,0.006487907,Left,Down,-0.1083524,-0.6950836,Normal
484.3398,15.60888,0,-0.4454112,0.2698253,0,0.1883577,6696.289,0.8901923,0.006376273,Left,Down,-0.1083524,-0.687233,Normal
484.3798,15.624,0,-0.4838634,0.2658579,0,0.1739286,6696.914,0.8887587,0.006265615,Left,Down,-0.1083524,-0.6793747,Normal
484.4198,15.64145,0,-0.5195689,0.2618906,0,0.1586554,6697.539,0.885806,0.006155885,Left,Down,-0.1119058,-0.6715088,Normal
484.4598,15.65776,0,-0.5360502,0.2618906,0,0.1477446,6698.165,0.8851072,0.006047198,Left,Down,-0.1186941,-0.6636353,Normal
484.4998,15.67291,0,-0.5369657,0.2579232,0,0.1364669,6698.792,0.8853583,0.005939396,Left,Down,-0.1219466,-0.6547546,Normal
484.5398,15.68728,0,-0.5369657,0.2579232,0,0.1240718,6699.419,0.8862729,0.005832587,Left,Down,-0.1219466,-0.6455994,Normal
484.5798,15.7,0,-0.530557,0.2579232,0,0.110891,6700.047,0.8883821,0.005726789,Left,Down,-0.1219466,-0.6364365,Normal
484.6198,15.71165,0,-0.5168223,0.2579232,0,0.09685406,6700.676,0.8882793,0.005621885,Left,Down,-0.1219466,-0.6272507,Normal
484.6598,15.72637,0,-0.5067515,0.2579232,0,0.08192405,6701.305,0.8852845,0.005517991,Left,Down,-0.1219466,-0.6180573,Normal
484.6998,15.74097,0,-0.4820323,0.2579232,0,0.07100123,6701.934,0.8847202,0.005414999,Left,Down,-0.1219466,-0.6088562,Normal
484.7398,15.75536,0,-0.4692149,0.2579232,0,0.06001875,6702.564,0.8849383,0.005313075,Left,Down,-0.1282043,-0.5996399,Normal
484.7798,15.76861,0,-0.4637218,0.2856947,0,0.04790962,6703.195,0.8863407,0.005212012,Left,Down,-0.1370561,-0.590271,Normal
484.8198,15.78556,0,-0.4637218,0.2936446,0,0.03480944,6703.826,0.8889562,0.005111968,Left,Down,-0.1370561,-0.579689,Normal
484.8598,15.80562,0,-0.4637218,0.2936446,0,0.02080423,6704.458,0.8864813,0.005012908,Left,Down,-0.1356209,-0.5690918,Normal
484.8998,15.82774,0,-0.4637218,0.3055466,0,0.008125186,6705.091,0.8840716,0.004914734,Left,Down,-0.1356209,-0.5584793,Normal
484.9398,15.85138,0,-0.4637218,0.309514,0,-0.001729876,6705.725,0.8839928,0.004817554,Left,Down,-0.1370561,-0.5478592,Normal
484.9798,15.87639,0,-0.4637218,0.309514,0,-0.01317108,6706.359,0.8854547,0.004721375,Left,Down,-0.1370561,-0.5372162,Normal
485.0198,15.8974,0,-0.4637218,0.3293507,0,-0.02594891,6706.995,0.8884446,0.00462619,Left,Down,-0.1467098,-0.5265656,Normal
485.0598,15.92393,0,-0.4637218,0.3452201,0,-0.03967363,6707.632,0.8859501,0.004531899,Left,Down,-0.1519511,-0.5152512,Normal
485.0998,15.95537,0,-0.4756236,0.3491875,0,-0.05138913,6708.27,0.8837778,0.004438551,Left,Down,-0.1532334,-0.5031204,Normal
485.1398,15.98819,0,-0.4820323,0.3491875,0,-0.06089589,6708.909,0.8836886,0.00434623,Left,Down,-0.1519511,-0.4909668,Normal
485.1798,16.02151,0,-0.4893565,0.3491875,0,-0.07218832,6709.55,0.8859109,0.004254911,Left,Down,-0.1519511,-0.4787827,Normal
485.2198,16.04701,0,-0.4994273,0.3491875,0,-0.08458492,6710.191,0.8868945,0.004164461,Left,Down,-0.1519511,-0.4665756,Normal
485.2598,16.0808,0,-0.5076671,0.3491875,0,-0.09727132,6710.834,0.883082,0.004075029,Left,Down,-0.1631294,-0.4543381,Normal
485.2998,16.1135,0,-0.5241466,0.3293507,0,-0.1056173,6711.479,0.8831354,0.003986598,Left,Down,-0.1690205,-0.44133,Normal
485.3398,16.14417,0,-0.5406278,0.3293507,0,-0.1156684,6712.124,0.8849111,0.003899104,Left,Down,-0.1690205,-0.4274826,Normal
485.3798,16.16762,0,-0.5525297,0.3253834,0,-0.1271918,6712.771,0.8871243,0.003812528,Left,Down,-0.1690205,-0.4136276,Normal
485.4198,16.19144,0,-0.5543607,0.3174487,0,-0.1385849,6713.418,0.8841861,0.003726938,Left,Down,-0.1690205,-0.3997345,Normal
485.4598,16.21422,0,-0.5543607,0.3134814,0,-0.1456474,6714.066,0.8830239,0.003642415,Left,Down,-0.1769387,-0.3858109,Normal
485.4998,16.23787,0,-0.5543607,0.3134814,0,-0.1542259,6714.716,0.88209,0.003558761,Left,Down,-0.1876719,-0.3716583,Normal
485.5398,16.25778,0,-0.5543607,0.3134814,0,-0.1641863,6715.366,0.8834093,0.00347606,Left,Down,-0.1866263,-0.356041,Normal
485.5798,16.27701,0,-0.5543607,0.309514,0,-0.1714836,6716.017,0.8834307,0.003394427,Left,Down,-0.1876719,-0.3404083,Normal
485.6198,16.2941,0,-0.5543607,0.309514,0,-0.177259,6716.668,0.8813921,0.003313695,Left,Down,-0.1866263,-0.3247681,Normal
485.6598,16.31559,0,-0.5543607,0.309514,0,-0.1844892,6717.321,0.8812536,0.003233916,Left,Down,-0.1968319,-0.3090973,Normal
485.6998,16.33476,0,-0.5598539,0.309514,0,-0.1903503,6717.974,0.8832348,0.003155089,Left,Down,-0.2055842,-0.2928543,Normal
485.7398,16.35035,0,-0.5708402,0.309514,0,-0.1933552,6718.628,0.8817174,0.00307733,Left,Down,-0.2055842,-0.2754135,Normal
485.7798,16.36914,0,-0.5827421,0.309514,0,-0.1980284,6719.282,0.8823855,0.00300044,Left,Down,-0.2065338,-0.2579422,Normal
485.8198,16.39002,0,-0.5900663,0.309514,0,-0.200494,6719.938,0.8839633,0.002924568,Left,Down,-0.2130625,-0.2404404,Normal
485.8598,16.40512,0,-0.5955595,0.309514,0,-0.2009403,6720.594,0.882491,0.002849706,Left,Down,-0.2264194,-0.2229309,Normal
485.8998,16.42383,0,-0.6010526,0.309514,0,-0.2033869,6721.25,0.8831267,0.00277573,Left,Down,-0.2264194,-0.2035446,Normal
485.9398,16.4444,0,-0.6010526,0.309514,0,-0.2035736,6721.908,0.8846635,0.002702715,Left,Down,-0.2264194,-0.1841202,Normal
485.9798,16.45953,0,-0.6010526,0.309514,0,-0.2020057,6722.566,0.8835166,0.002630717,Left,Down,-0.2349025,-0.1646957,Normal
486.0198,16.47895,0,-0.6010526,0.309514,0,-0.2015261,6723.226,0.8829582,0.00255973,Left,Flat,-0.2478722,-0.1450806,Normal
486.0598,16.49883,0,-0.5955595,0.309514,0,-0.1998934,6723.885,0.8851043,0.002489628,Left,Flat,-0.2478722,-0.1236191,Normal
486.0998,16.51454,0,-0.594644,0.309514,0,-0.1944241,6724.545,0.8843077,0.00242052,Left,Flat,-0.2486604,-0.10215,Normal
486.1398,16.53375,0,-0.5909818,0.309514,0,-0.1900814,6725.207,0.8827378,0.002352363,Left,Flat,-0.2646699,-0.08067322,Normal
486.1798,16.55257,0,-0.5909818,0.309514,0,-0.1870416,6725.869,0.884971,0.002285275,Left,Flat,-0.2719625,-0.05916595,Normal
486.2198,16.56989,0,-0.5909818,0.309514,0,-0.1797169,6726.531,0.8851314,0.002219056,Left,Flat,-0.2719625,-0.03765106,Normal
486.2598,16.58643,0,-0.5909818,0.309514,0,-0.1731519,6727.194,0.8844397,0.002153822,Left,Flat,-0.2927522,-0.01612854,Normal
486.2998,16.60666,0,-0.5909818,0.309514,0,-0.1683822,6727.858,0.8830708,0.002089598,Left,Flat,-0.3109043,-0.006416321,Normal
486.3398,16.62489,0,-0.5955595,0.309514,0,-0.164153,6728.523,0.8855866,0.002026326,Left,Flat,-0.3109043,-0.01830292,Normal
486.3798,16.64275,0,-0.6074613,0.309514,0,-0.1551968,6729.189,0.884904,0.001964006,Left,Flat,-0.2987072,-0.03019714,Normal
486.4198,16.65914,0,-0.6486619,0.309514,0,-0.1468775,6729.855,0.8837196,0.001902671,Left,Flat,-0.2920831,-0.04175568,Normal
486.4598,16.6807,0,-0.6898606,0.309514,0,-0.1398336,6730.522,0.8824463,0.001842322,Left,Flat,-0.2927522,-0.05294037,Normal
486.4998,16.69806,0,-0.7383835,0.309514,0,-0.1337332,6731.19,0.8847618,0.001782932,Left,Flat,-0.2811602,-0.06412506,Normal
486.5398,16.7158,0,-0.7667667,0.309514,0,-0.1233539,6731.858,0.8843432,0.00172452,Left,Flat,-0.2741124,-0.07500458,Normal
486.5798,16.73238,0,-0.7988101,0.309514,0,-0.1143609,6732.527,0.8834447,0.001667084,Left,Flat,-0.2741124,-0.08548737,Normal
486.6198,16.75279,0,-0.8372623,0.309514,0,-0.1068567,6733.197,0.881119,0.001610584,Left,Flat,-0.2654082,-0.09598541,Normal
486.6598,16.77135,0,-0.861066,0.309514,0,-0.1013184,6733.868,0.8832645,0.001555093,Left,Flat,-0.2564087,-0.1063461,Normal
486.6998,16.78906,0,-0.8674747,0.309514,0,-0.09201777,6734.54,0.883585,0.001500555,Left,Flat,-0.2564087,-0.1161423,Normal
486.7398,16.80656,0,-0.8619815,0.309514,0,-0.08289224,6735.211,0.8833129,0.001446994,Left,Flat,-0.2533378,-0.1259537,Normal
486.7798,16.82339,0,-0.845502,0.309514,0,-0.07527342,6735.884,0.8818455,0.001394426,Left,Flat,-0.2414744,-0.1357727,Normal
486.8198,16.84591,0,-0.8216983,0.309514,0,-0.07039839,6736.558,0.8813667,0.001342777,Left,Flat,-0.2390311,-0.1450577,Normal
486.8598,16.8628,0,-0.8024722,0.309514,0,-0.06758487,6737.232,0.8839012,0.001292171,Left,Down,-0.2390311,-0.1541824,Normal
486.8998,16.88022,0,-0.7786685,0.309514,0,-0.06060416,6737.907,0.883868,0.001242467,Left,Down,-0.23239,-0.1633224,Normal
486.9398,16.89734,0,-0.7676822,0.309514,0,-0.05480433,6738.583,0.8835042,0.001193765,Left,Down,-0.2211734,-0.1724548,Normal
486.9798,16.91512,0,-0.7612717,0.309514,0,-0.05140385,6739.259,0.881936,0.001146024,Left,Down,-0.2211734,-0.1809006,Normal
487.0198,16.9356,0,-0.7493699,0.309514,0,-0.04992658,6739.937,0.8812369,0.001099292,Left,Down,-0.2220564,-0.1893539,Normal
487.0598,16.95341,0,-0.7383835,0.309514,0,-0.04996997,6740.614,0.8834982,0.00105352,Left,Down,-0.2148914,-0.1978226,Normal
487.0998,16.97096,0,-0.7246506,0.309514,0,-0.04564121,6741.293,0.8835945,0.001008693,Left,Down,-0.2036718,-0.2062683,Normal
487.1398,16.98819,0,-0.7145798,0.309514,0,-0.04145271,6741.972,0.8832526,0.0009648585,Left,Down,-0.2046302,-0.2140579,Normal
487.1798,17.00588,0,-0.6916916,0.309514,0,-0.0387713,6742.652,0.8821281,0.0009220011,Left,Down,-0.2036718,-0.2218475,Normal
487.2198,17.0249,0,-0.6724656,0.309514,0,-0.03769231,6743.333,0.880556,0.0008800957,Left,Down,-0.2027088,-0.2296448,Normal
487.2598,17.04521,0,-0.654155,0.309514,0,-0.03860974,6744.015,0.8813624,0.0008391754,Left,Down,-0.191797,-0.2374496,Normal
487.2998,17.06246,0,-0.631265,0.309514,0,-0.03975073,6744.697,0.8828186,0.0007992403,Left,Down,-0.1876719,-0.244812,Normal
487.3398,17.08012,0,-0.6239408,0.309514,0,-0.03721383,6745.38,0.882666,0.0007602655,Left,Down,-0.1876719,-0.2519379,Normal
487.3798,17.09761,0,-0.61387,0.309514,0,-0.03610191,6746.064,0.8823683,0.0007222675,Left,Down,-0.1876719,-0.2590714,Normal
487.4198,17.11669,0,-0.61387,0.309514,0,-0.03720647,6746.749,0.8818154,0.0006852464,Left,Down,-0.183454,-0.2662201,Normal
487.4598,17.1346,0,-0.61387,0.309514,0,-0.04018697,6747.434,0.880821,0.0006491856,Left,Down,-0.1724585,-0.2733536,Normal
487.4998,17.15406,0,-0.61387,0.309514,0,-0.04518947,6748.12,0.8812901,0.00061411,Left,Down,-0.1713202,-0.2798767,Normal
487.5398,17.17215,0,-0.61387,0.309514,0,-0.05210355,6748.806,0.8830627,0.0005799863,Left,Down,-0.1713202,-0.2863541,Normal
487.5798,17.18985,0,-0.61387,0.309514,0,-0.0545184,6749.494,0.8833105,0.0005468809,Left,Down,-0.1713202,-0.2928314,Normal
487.6198,17.20768,0,-0.6056303,0.309514,0,-0.05652103,6750.182,0.8826371,0.0005147192,Left,Down,-0.1690205,-0.2993164,Normal
487.6598,17.22594,0,-0.5781645,0.309514,0,-0.05999511,6750.871,0.8814027,0.0004835509,Left,Down,-0.1582588,-0.305809,Normal
487.6998,17.24431,0,-0.5314726,0.309514,0,-0.06427932,6751.56,0.8802317,0.0004533264,Left,Down,-0.1557664,-0.3117981,Normal
487.7398,17.26253,0,-0.4994273,0.309514,0,-0.07099271,6752.25,0.879127,0.0004240953,Left,Down,-0.1545051,-0.3176193,Normal
487.7798,17.28144,0,-0.4820323,0.309514,0,-0.07905358,6752.941,0.8794914,0.0003958411,Left,Down,-0.1545051,-0.3234482,Normal
487.8198,17.30005,0,-0.4783702,0.309514,0,-0.08908376,6753.633,0.8809904,0.0003685388,Left,Down,-0.1545051,-0.329277,Normal
487.8598,17.318,0,-0.4783702,0.309514,0,-0.09637481,6754.326,0.881429,0.0003422548,Left,Down,-0.1493534,-0.3351212,Normal
487.8998,17.33601,0,-0.4783702,0.309514,0,-0.102502,6755.019,0.8806449,0.0003168898,Left,Down,-0.1384764,-0.3409042,Normal
487.9398,17.35429,0,-0.4756236,0.309514,0,-0.1110224,6755.713,0.8799111,0.0002925181,Left,Down,-0.1384764,-0.346077,Normal
487.9798,17.37306,0,-0.4518199,0.309514,0,-0.1206392,6756.408,0.8791849,0.0002691232,Left,Down,-0.1370561,-0.3512497,Normal
488.0198,17.39079,0,-0.3767449,0.309514,0,-0.1322454,6757.103,0.8789465,0.0002467384,Left,Down,-0.1384764,-0.3564301,Normal
488.0598,17.40916,0,-0.2870214,0.309514,0,-0.1456908,6757.799,0.8782197,0.0002252807,Left,Down,-0.1384764,-0.3616104,Normal
488.0998,17.42796,0,-0.148775,0.309514,0,-0.1604705,6758.496,0.8789271,0.0002048082,Left,Down,-0.1370561,-0.3667831,Normal
488.1398,17.44695,0,-0.04714966,0.309514,0,-0.1770711,6759.194,0.8802506,0.0001853125,Left,Down,-0.1251145,-0.3719711,Normal
488.1798,17.4648,0,0.1002502,0.309514,0,-0.190907,6759.892,0.8809017,0.0001668102,Left,Down,-0.1219466,-0.3767166,Normal
488.2198,17.48318,0,0.2375829,0.309514,0,-0.2022072,6760.591,0.8805591,0.0001492517,Left,Down,-0.1219466,-0.3812332,Normal
488.2598,17.50163,0,0.3456151,0.309514,0,-0.2146708,6761.291,0.8801131,0.0001326866,Left,Down,-0.1235407,-0.3857422,Normal
488.2998,17.52076,0,0.4921031,0.309514,0,-0.2276916,6761.992,0.879881,0.0001170983,Left,Down,-0.1219466,-0.3902664,Normal
488.3398,17.53898,0,0.5827403,0.309514,0,-0.2413915,6762.693,0.8797455,0.000102462,Left,Down,-0.1219466,-0.3947906,Normal
488.3798,17.55721,0,0.6724656,0.309514,0,-0.255511,6763.395,0.8798078,8.88192E-05,Left,Down,-0.1219466,-0.3993073,Normal
488.4198,17.57533,0,0.720073,0.309514,0,-0.2699447,6764.098,0.8795879,7.61201E-05,Left,Down,-0.1119058,-0.4038391,Normal
488.4598,17.59368,0,0.7246506,0.309514,0,-0.2844822,6764.802,0.879507,6.443924E-05,Left,Down,-0.1046783,-0.4080353,Normal
488.4998,17.61259,0,0.7191575,0.309514,0,-0.2991376,6765.506,0.8805907,5.371041E-05,Left,Down,-0.1046783,-0.4118805,Normal
488.5398,17.6311,0,0.7145798,0.309514,0,-0.3138715,6766.211,0.8818495,4.39667E-05,Left,Down,-0.1065312,-0.4157257,Normal
488.5798,17.64886,0,0.6962693,0.309514,0,-0.3228715,6766.917,0.8820415,3.519985E-05,Left,Down,-0.1046783,-0.4195709,Normal
488.6198,17.66671,0,0.6550705,0.309514,0,-0.3292432,6767.624,0.8817627,2.73933E-05,Left,Down,-0.1046783,-0.4234238,Normal
488.6598,17.68511,0,0.6138718,0.309514,0,-0.3352804,6768.331,0.8814045,2.057188E-05,Left,Down,-0.1046783,-0.4272766,Normal
488.6998,17.70342,0,0.5415416,0.309514,0,-0.3409511,6769.039,0.8810427,1.472731E-05,Left,Down,-0.1065312,-0.4311371,Normal
488.7398,17.72118,0,0.4921031,0.309514,0,-0.3460089,6769.747,0.8809071,9.843045E-06,Left,Down,-0.09691329,-0.4350052,Normal
488.7798,17.73883,0,0.4325938,0.309514,0,-0.3503932,6770.457,0.8807068,5.935629E-06,Left,Down,-0.08846933,-0.4386749,Normal
488.8198,17.75632,0,0.3859019,0.309514,0,-0.3540188,6771.167,0.8806652,3.013346E-06,Left,Down,-0.08846933,-0.4418106,Normal
488.8598,17.77384,0,0.3511083,0.309514,0,-0.3567939,6771.877,0.8808544,1.076195E-06,Left,Down,-0.08846933,-0.4449463,Normal
488.8998,17.79118,0,0.3089941,0.309514,0,-0.3587375,6772.589,0.8807135,9.106265E-08,Left,Down,-0.08846933,-0.4480972,Normal
488.9398,17.80853,0,0.2604711,0.309514,0,-0.3597824,6773.301,0.8805779,9.106265E-08,Left,Down,-0.08846933,-0.4512405,Normal
488.9798,17.82646,0,0.2174413,0.309514,0,-0.360042,6774.014,0.8811574,1.076195E-06,Left,Down,-0.08846933,-0.4543915,Normal
489.0198,17.84448,0,0.1524389,0.309514,0,-0.3594235,6774.728,0.8817343,3.013346E-06,Left,Down,-0.08846933,-0.4575424,Normal
489.0598,17.86153,0,0.09841919,0.309514,0,-0.3568116,6775.442,0.8821437,5.935629E-06,Left,Down,-0.08846933,-0.460701,Normal
489.0998,17.87884,0,0.02059937,0.309514,0,-0.3458012,6776.157,0.8818984,9.843045E-06,Left,Down,-0.08846933,-0.4638596,Normal
489.1398,17.89649,0,-0.06454647,0.309514,0,-0.3342509,6776.873,0.8816321,1.46942E-05,Left,Down,-0.07661668,-0.4670258,Normal
489.1798,17.91435,0,-0.1176471,0.309514,0,-0.321896,6777.589,0.8813396,2.057188E-05,Left,Down,-0.06852804,-0.4698105,Normal
489.2198,17.93185,0,-0.1734942,0.309514,0,-0.3089438,6778.306,0.8811614,2.73933E-05,Left,Down,-0.06852804,-0.4721527,Normal
489.2598,17.94925,0,-0.2027929,0.309514,0,-0.2955387,6779.023,0.8810705,3.517502E-05,Left,Down,-0.07132626,-0.4744949,Normal
489.2998,17.96666,0,-0.2092016,0.309514,0,-0.281494,6779.742,0.8810241,4.39667E-05,Left,Down,-0.07132626,-0.4768448,Normal
489.3398,17.984,0,-0.2092016,0.309514,0,-0.2671219,6780.461,0.8809581,5.371041E-05,Left,Down,-0.07132626,-0.4791946,Normal
489.3798,18.00135,0,-0.2092016,0.309514,0,-0.2523488,6781.181,0.8809465,6.440613E-05,Left,Down,-0.06852804,-0.4815445,Normal
489.4198,18.01865,0,-0.2092016,0.309514,0,-0.2371828,6781.902,0.8810206,7.61201E-05,Left,Down,-0.06852804,-0.4838943,Normal
489.4598,18.03591,0,-0.2092016,0.309514,0,-0.2218414,6782.623,0.8809298,8.878608E-05,Left,Down,-0.06852804,-0.4862518,Normal
489.4998,18.05313,0,-0.2092016,0.309514,0,-0.2062128,6783.345,0.8808192,0.0001024372,Left,Down,-0.07132626,-0.4886093,Normal
489.5398,18.0703,0,-0.2146947,0.309514,0,-0.1902658,6784.067,0.8808674,0.0001170403,Left,Down,-0.06852804,-0.4909668,Normal
489.5798,18.08743,0,-0.2265966,0.309514,0,-0.1742924,6784.791,0.880887,0.0001326286,Left,Down,-0.06852804,-0.4933243,Normal
489.6198,18.10455,0,-0.2504003,0.309514,0,-0.1582373,6785.515,0.8806972,0.0001492268,Left,Down,-0.0656106,-0.4956894,Normal
489.6598,18.12177,0,-0.2632177,0.309514,0,-0.1420641,6786.24,0.8804303,0.0001667523,Straight,Down,-0.04845664,-0.4980545,Normal
489.6998,18.13876,0,-0.2796972,0.309514,0,-0.1261143,6786.965,0.8808154,0.0001852877,Straight,Down,-0.04423466,-0.4994507,Normal
489.7398,18.15612,0,-0.2806127,0.309514,0,-0.1105776,6787.691,0.8811316,0.0002047502,Straight,Down,-0.04423466,-0.5007019,Normal
489.7798,18.17323,0,-0.2806127,0.309514,0,-0.09498122,6788.418,0.8813447,0.0002252228,Straight,Down,-0.04423466,-0.5019608,Normal
489.8198,18.19038,0,-0.2787817,0.309514,0,-0.07980713,6789.146,0.8814311,0.0002466804,Straight,Down,-0.04423466,-0.5032196,Normal
489.8598,18.20732,0,-0.2787817,0.309514,0,-0.06495345,6789.874,0.8816584,0.0002690901,Straight,Down,-0.04845664,-0.5044708,Normal
489.8998,18.22421,0,-0.256809,0.309514,0,-0.0461224,6790.602,0.8814864,0.000292485,Straight,Down,-0.04423466,-0.5057297,Normal
489.9398,18.24109,0,-0.2183568,0.309514,0,-0.02629334,6791.332,0.8811085,0.0003168318,Straight,Down,-0.04423466,-0.5069962,Normal
489.9798,18.25789,0,-0.190891,0.309514,0,-0.007034183,6792.062,0.8808337,0.0003421969,Straight,Down,-0.04423466,-0.508255,Normal
490.0198,18.27469,0,-0.1716632,0.309514,0,0.01182398,6792.793,0.8806743,0.0003684809,Straight,Down,-0.04423466,-0.5095139,Normal
490.0598,18.29127,0,-0.1707476,0.309514,0,0.03037569,6793.524,0.8806221,0.0003957831,Straight,Down,-0.04423466,-0.5107803,Normal
490.0998,18.30776,0,-0.1707476,0.309514,0,0.04854268,6794.257,0.8805921,0.0004240291,Straight,Down,-0.04423466,-0.5120392,Normal
490.1398,18.32419,0,-0.1707476,0.309514,0,0.06620136,6794.99,0.880713,0.0004532685,Straight,Down,-0.04423466,-0.5133057,Normal
490.1798,18.3406,0,-0.1670855,0.309514,0,0.08333546,6795.723,0.8807902,0.0004834599,Straight,Down,-0.04845664,-0.5145721,Normal
490.2198,18.35696,0,-0.1670855,0.309514,0,0.100105,6796.458,0.8808466,0.0005146613,Straight,Down,-0.04423466,-0.515831,Normal
490.2598,18.37328,0,-0.1670855,0.309514,0,0.1162814,6797.192,0.8808888,0.0005468146,Straight,Down,-0.04423466,-0.5171051,Normal
490.2998,18.38955,0,-0.1670855,0.309514,0,0.1320436,6797.928,0.880942,0.0005799283,Straight,Down,-0.04845664,-0.518364,Normal
490.3398,18.40577,0,-0.1670855,0.3055466,0,0.147268,6798.664,0.8810838,0.000614052,Straight,Down,-0.04423466,-0.5196381,Normal
490.3798,18.42099,0,-0.1615924,0.3015793,0,0.1618226,6799.401,0.8812181,0.0006491277,Straight,Down,-0.04423466,-0.5209045,Normal
490.4198,18.43533,0,-0.1414508,0.289662,0,0.1757035,6800.138,0.881246,0.0006851885,Straight,Down,-0.04845664,-0.5221786,Normal
490.4598,18.4476,0,-0.1139849,0.2698253,0,0.1889532,6800.876,0.881318,0.0007221765,Straight,Down,-0.01978234,-0.5234451,Normal
490.4998,18.45541,0,-0.07553279,0.2261845,0,0.2018469,6801.614,0.8814799,0.0007601993,Straight,Down,0,-0.5234146,Normal
490.5398,18.45473,0,-0.04806519,0.154757,0,0.2141493,6802.353,0.8815296,0.0007991824,Straight,Down,0,-0.5222931,Normal
490.5798,18.43956,0,-0.04714966,0.1071336,0,0.2260434,6803.09,0.8816837,0.0008390927,Straight,Down,0,-0.5211716,Normal
490.6198,18.41382,0,-0.03982544,0.05159075,0,0.2373692,6803.827,0.8817284,0.0008800046,Straight,Down,0,-0.5200577,Normal
490.6598,18.37548,0,-0.02975464,0,0,0.2482393,6804.563,0.8817322,0.00092191,Straight,Down,0,-0.5189438,Normal
490.6998,18.32437,0,-0.01144409,0,0,0.2584586,6805.297,0.8817625,0.0009647922,Straight,Down,0.01978234,-0.5178299,Normal
490.7398,18.27292,0,0.01419067,0,0,0.2683516,6806.028,0.8818986,0.001008577,Straight,Down,0,-0.5167236,Normal
490.7798,18.2216,0,0.02700806,0,0,0.2777952,6806.757,0.8819414,0.001053396,Straight,Down,0,-0.5156174,Normal
490.8198,18.17045,0,0.04440308,0,0,0.2870067,6807.484,0.8820746,0.001099201,Straight,Down,0,-0.5145111,Normal
490.8598,18.11945,0,0.05722046,0,0,0.2958161,6808.209,0.882172,0.001145932,Straight,Down,0,-0.5134125,Normal
490.8998,18.06861,0,0.08102417,0,0,0.3043113,6808.933,0.8822354,0.001193649,Straight,Down,0,-0.5123138,Normal
490.9398,18.01793,0,0.1002502,0,0,0.3123683,6809.654,0.8822504,0.001242376,Straight,Down,0,-0.5112228,Normal
490.9798,17.9674,0,0.1167297,0,0,0.3201196,6810.373,0.8823283,0.001292055,Straight,Down,0,-0.5101318,Normal
491.0198,17.91702,0,0.1222265,0,0,0.3276575,6811.09,0.8825378,0.001342686,Straight,Down,0,-0.5090408,Normal
491.0598,17.86679,0,0.1222265,0,0,0.3348009,6811.806,0.8826616,0.001394277,Straight,Down,0,-0.5079575,Normal
491.0998,17.81671,0,0.1167297,0,0,0.3416383,6812.519,0.8826498,0.001446911,Straight,Down,0,-0.5068817,Normal
491.1398,17.76681,0,0.1130676,0,0,0.3483412,6813.23,0.8824919,0.001500431,Straight,Down,0,-0.5057983,Normal
491.1798,17.71708,0,0.1130676,0,0,0.3552824,6813.94,0.8823937,0.001554969,Straight,Down,0,-0.5047302,Normal
491.2198,17.66749,0,0.1130676,0,0,0.3624495,6814.647,0.8822859,0.00161046,Straight,Down,0,-0.5036545,Normal
491.2598,17.61804,0,0.1130676,0,0,0.369584,6815.353,0.8822265,0.001666968,Straight,Down,0,-0.5025864,Normal
491.2998,17.56875,0,0.1185644,0,0,0.3769118,6816.057,0.8824289,0.001724395,Straight,Down,0,-0.5015259,Normal
491.3398,17.51962,0,0.140537,0,0,0.3843187,6816.758,0.8825836,0.001782808,Straight,Down,0,-0.5004578,Normal
491.3798,17.47063,0,0.1789892,0,0,0.3918062,6817.458,0.8827468,0.001842206,Straight,Down,0,-0.4993973,Normal
491.4198,17.42184,0,0.2595556,0,0,0.3994169,6818.156,0.8831192,0.001902555,Straight,Down,0,-0.4983444,Normal
491.4598,17.37318,0,0.3318822,0,0,0.4070737,6818.852,0.8832565,0.00196389,Straight,Down,0,-0.4972916,Normal
491.4998,17.32463,0,0.4106212,0,0,0.4152113,6819.545,0.8833976,0.002026177,Straight,Down,0,-0.4962387,Normal
491.5398,17.27619,0,0.4747081,0,0,0.4237665,6820.237,0.8834011,0.002089474,Straight,Down,0,-0.4951859,Normal
491.5798,17.22792,0,0.4975963,0,0,0.4327243,6820.927,0.8833825,0.002153698,Straight,Down,0,-0.4941406,Normal
491.6198,17.17975,0,0.505836,0,0,0.4423845,6821.615,0.8833605,0.00221894,Straight,Down,0,-0.493103,Normal
491.6598,17.13171,0,0.5067515,0,0,0.4525568,6822.301,0.8833935,0.002285101,Straight,Down,0,-0.4920578,Normal
491.6998,17.0838,0,0.5049205,0,0,0.4633677,6822.985,0.8834371,0.002352272,Straight,Down,0,-0.4910278,Normal
491.7398,17.03599,0,0.4939342,0,0,0.4747721,6823.667,0.8834563,0.002420371,Straight,Down,0,-0.4899902,Normal
491.7798,16.98831,0,0.4875255,0,0,0.4866728,6824.348,0.8834838,0.002489479,Straight,Down,0,-0.4889526,Normal
491.8198,16.94075,0,0.4820323,0,0,0.4992394,6825.026,0.8835254,0.002559548,Straight,Down,0,-0.4879227,Normal
491.8598,16.8928,0,0.4692149,0,0,0.5124341,6825.702,0.8838761,0.002630568,Straight,Down,0,-0.4869003,Normal
491.8998,16.84498,0,0.4527354,0,0,0.5243344,6826.376,0.8841499,0.002702566,Straight,Down,0,-0.485878,Normal
491.9398,16.79736,0,0.4289317,0,0,0.532818,6827.049,0.8837044,0.002775581,Straight,Down,0,-0.4848557,Normal
491.9798,16.74991,0,0.4032969,0.01983673,0,0.5420331,6827.719,0.8832283,0.002849524,Straight,Down,0,-0.4838333,Normal
492.0198,16.70601,0,0.3511083,0.05952545,0,0.5521182,6828.388,0.8828984,0.002924386,Straight,Down,0,-0.4828262,Normal
492.0598,16.67093,0,0.3016698,0.07936218,0,0.5630221,6829.055,0.8828942,0.003000291,Straight,Down,0,-0.4818039,Normal
492.0998,16.64055,0,0.2192724,0.09126421,0,0.5747639,6829.721,0.8830111,0.003077181,Straight,Down,0,-0.4807968,Normal
492.1398,16.61271,0,0.140537,0.09126421,0,0.5874875,6830.386,0.883253,0.00315494,Straight,Down,0,-0.4797821,Normal
492.1798,16.58541,0,0.08926392,0.09126421,0,0.6007597,6831.049,0.8835122,0.003233734,Straight,Down,0,-0.478775,Normal
492.2198,16.55833,0,0.04714966,0.09126421,0,0.6145875,6831.712,0.8835287,0.003313513,Straight,Down,0,-0.4777679,Normal
492.2598,16.53156,0,0.03799438,0.09126421,0,0.6291599,6832.374,0.8832873,0.003394253,Straight,Down,0,-0.4767609,Normal
492.2998,16.50497,0,0.03799438,0.09126421,0,0.6443355,6833.034,0.8837614,0.003475911,Straight,Down,0,-0.4757614,Normal
492.3398,16.47855,0,0.03799438,0.09523156,0,0.6601528,6833.694,0.8843271,0.003558579,Straight,Down,0,-0.4747543,Normal
492.3798,16.45285,0,0.03799438,0.1071336,0,0.6767228,6834.352,0.8848199,0.003642233,Straight,Down,0,-0.4737549,Normal
492.4198,16.42933,0,0.03799438,0.1150683,0,0.6939812,6835.009,0.885288,0.003726789,Straight,Down,0,-0.4727554,Normal
492.4598,16.4073,0,0.03982544,0.1269856,0,0.711772,6835.666,0.8861645,0.003812346,Straight,Down,0,-0.471756,Normal
492.4998,16.38851,0,0.04623413,0.1269856,0,0.7238769,6836.321,0.8854361,0.003898922,Straight,Down,0,-0.4707565,Normal
492.5398,16.37002,0,0.05172729,0.1269856,0,0.7362906,6836.977,0.8847772,0.003986425,Straight,Down,0.01978234,-0.4697571,Normal
492.5798,16.35151,0,0.05722046,0.1309529,0,0.7490498,6837.631,0.8841562,0.004074847,Right,Down,0.05233916,-0.4687576,Normal
492.6198,16.33352,0,0.06362915,0.1349203,0,0.7624665,6838.284,0.8837596,0.004164287,Right,Down,0.05595291,-0.465744,Normal
492.6598,16.31625,0,0.06912231,0.142855,0,0.7761385,6838.937,0.8836908,0.004254704,Right,Down,0.05595291,-0.4623489,Normal
492.6998,16.30126,0,0.07461548,0.1507896,0,0.7903619,6839.589,0.8835194,0.004346106,Right,Down,0.05934703,-0.4589615,Normal
492.7398,16.28768,0,0.07644653,0.154757,0,0.8050354,6840.241,0.8833773,0.004438377,Right,Down,0.05934703,-0.4555817,Normal
492.7798,16.2754,0,0.08010864,0.154757,0,0.8200545,6840.892,0.8844066,0.004531683,Right,Down,0.05934703,-0.4522018,Normal
492.8198,16.26325,0,0.08102417,0.1587244,0,0.8353448,6841.542,0.8853301,0.004625983,Right,Down,0.05595291,-0.4488297,Normal
492.8598,16.25089,0,0.08651733,0.1587244,0,0.8511528,6842.193,0.8867565,0.004721143,Right,Down,0.05595291,-0.4454498,Normal
492.8998,16.23911,0,0.09841919,0.1626917,0,0.8629438,6842.842,0.8865472,0.004817372,Right,Down,0.05595291,-0.4420776,Normal
492.9398,16.2283,0,0.123142,0.1785611,0,0.8729717,6843.492,0.8858071,0.00491456,Right,Down,0.05595291,-0.4386902,Normal
492.9798,16.22104,0,0.1515234,0.1904631,0,0.8834416,6844.141,0.8849893,0.005012692,Right,Down,0.05595291,-0.435318,Normal
493.0198,16.21604,0,0.18906,0.1983978,0,0.8942276,6844.789,0.8842145,0.005111727,Right,Down,0.05595291,-0.4319458,Normal
493.0598,16.21279,0,0.2192724,0.2103151,0,0.905529,6845.438,0.8835149,0.005211805,Right,Down,0.05595291,-0.4285736,Normal
493.0998,16.21303,0,0.2549779,0.2222171,0,0.9171538,6846.086,0.8833277,0.005312868,Right,Down,0.05595291,-0.4252014,Normal
493.1398,16.21528,0,0.2806127,0.2341192,0,0.9291261,6846.734,0.8844341,0.005414792,Right,Down,0.06852804,-0.4218369,Normal
493.1798,16.21956,0,0.2961767,0.2380865,0,0.9413794,6847.383,0.8863967,0.005517726,Right,Down,0.08392937,-0.4183426,Normal
493.2198,16.22419,0,0.3089941,0.2499886,0,0.9503349,6848.032,0.8871319,0.005621678,Right,Down,0.08156469,-0.4137268,Normal
493.2598,16.23242,0,0.3199804,0.2539559,0,0.956996,6848.681,0.8865311,0.005726582,Right,Down,0.08392937,-0.4091034,Normal
493.2998,16.24199,0,0.3373754,0.2539559,0,0.9641007,6849.331,0.8858647,0.005832348,Right,Down,0.08392937,-0.4044724,Normal
493.3398,16.25183,0,0.3428686,0.2539559,0,0.9718283,6849.98,0.8846382,0.005939189,Right,Down,0.08622923,-0.3998413,Normal
493.3798,16.26092,0,0.3428686,0.2539559,0,0.9801155,6850.631,0.8837775,0.006046982,Right,Down,0.08392937,-0.3952103,Normal
493.4198,16.27074,0,0.3428686,0.2579232,0,0.9887079,6851.281,0.8851523,0.006155678,Right,Down,0.08392937,-0.3905792,Normal
493.4598,16.27907,0,0.3437841,0.2618906,0,0.9979439,6851.933,0.887571,0.006265351,Right,Down,0.08622923,-0.3859406,Normal
493.4998,16.28807,0,0.3630137,0.2737926,0,1.002358,6852.584,0.8878124,0.006376033,Right,Down,0.08392937,-0.3813095,Normal
493.5398,16.30063,0,0.3932261,0.27776,0,1.006561,6853.236,0.8873999,0.006487676,Right,Down,0.08846933,-0.3766556,Normal
493.5798,16.31433,0,0.4097056,0.27776,0,1.011512,6853.888,0.8861415,0.006600204,Right,Down,0.1046783,-0.371994,Normal
493.6198,16.32939,0,0.4170299,0.27776,0,1.017355,6854.542,0.8847819,0.006713751,Right,Down,0.1083524,-0.3664856,Normal
493.6598,16.344,0,0.422523,0.27776,0,1.024125,6855.195,0.8869222,0.006828283,Right,Down,0.1101434,-0.3606567,Normal
493.6998,16.3556,0,0.4234385,0.27776,0,1.030223,6855.849,0.8894274,0.006943767,Right,Down,0.1083524,-0.3548203,Normal
493.7398,16.36752,0,0.4353404,0.2817273,0,1.031955,6856.503,0.8893621,0.007060145,Right,Down,0.1083524,-0.3489761,Normal
493.7798,16.3804,0,0.4518199,0.289662,0,1.034398,6857.159,0.8884363,0.007177533,Right,Down,0.1083524,-0.343132,Normal
493.8198,16.39736,0,0.4811168,0.3015793,0,1.037481,6857.814,0.886536,0.007295915,Right,Down,0.1083524,-0.3372803,Normal
493.8598,16.41649,0,0.5104136,0.309514,0,1.041407,6858.471,0.8890087,0.007415182,Right,Down,0.1119058,-0.3314209,Normal
493.8998,16.43455,0,0.5122447,0.309514,0,1.044062,6859.128,0.8912849,0.007535492,Right,Down,0.1297215,-0.3255539,Normal
493.9398,16.45288,0,0.5177379,0.3214161,0,1.043229,6859.786,0.8914334,0.007656697,Right,Down,0.1341704,-0.3188629,Normal
493.9798,16.47314,0,0.5177379,0.3253834,0,1.043486,6860.445,0.8901597,0.007778919,Right,Down,0.1341704,-0.3118057,Normal
494.0198,16.50189,0,0.5177379,0.3253834,0,1.044652,6861.104,0.8907163,0.007902028,Right,Down,0.132704,-0.3047409,Normal
494.0598,16.52153,0,0.5177379,0.3253834,0,1.046655,6861.765,0.894569,0.008026155,Right,Down,0.1341704,-0.2976608,Normal
494.0998,16.54226,0,0.5186534,0.3253834,0,1.043315,6862.427,0.8952603,0.008151242,Right,Down,0.1341704,-0.2905731,Normal
494.1398,16.56254,0,0.5223155,0.3253834,0,1.041324,6863.089,0.8949006,0.008277214,Right,Down,0.1440177,-0.2834778,Normal
494.1798,16.58821,0,0.5223155,0.3253834,0,1.040249,6863.752,0.8958216,0.00840423,Right,Down,0.1570175,-0.2762985,Normal
494.2198,16.60822,0,0.5223155,0.3253834,0,1.039035,6864.416,0.8996028,0.008532198,Right,Down,0.1570175,-0.2679825,Normal
494.2598,16.628,0,0.5223155,0.3253834,0,1.033382,6865.081,0.899293,0.008661093,Right,Down,0.1582588,-0.2596588,Normal
494.2998,16.65078,0,0.5223155,0.3253834,0,1.028846,6865.747,0.8977911,0.008790882,Right,Down,0.1582588,-0.2513275,Normal
494.3398,16.6745,0,0.5223155,0.3253834,0,1.025388,6866.414,0.9007018,0.008921747,Right,Down,0.1594904,-0.242981,Normal
494.3798,16.69536,0,0.5223155,0.3253834,0,1.017843,6867.081,0.9018232,0.009053565,Right,Down,0.1758294,-0.2346191,Normal
494.4198,16.71635,0,0.5223155,0.3253834,0,1.01003,6867.75,0.9023486,0.009186185,Right,Down,0.1823843,-0.2256012,Normal
494.4598,16.73618,0,0.5223155,0.3253834,0,1.003402,6868.419,0.9024085,0.009319906,Right,Down,0.183454,-0.2159882,Normal
494.4998,16.75833,0,0.5223155,0.3253834,0,0.9921913,6869.089,0.9020204,0.00945458,Right,Down,0.1823843,-0.2063675,Normal
494.5398,16.77931,0,0.5223155,0.3253834,0,0.9804518,6869.76,0.9018006,0.009590181,Right,Down,0.1876719,-0.1967316,Normal
494.5798,16.80016,0,0.5223155,0.3253834,0,0.9699907,6870.432,0.9017572,0.009726675,Right,Down,0.2055842,-0.1870804,Normal
494.6198,16.82095,0,0.5223155,0.3253834,0,0.9607385,6871.104,0.9016569,0.009864246,Right,Down,0.20842,-0.1764069,Normal
494.6598,16.84168,0,0.5223155,0.3253834,0,0.9528353,6871.778,0.9019526,0.01000274,Right,Down,0.20842,-0.1654816,Normal
494.6998,16.86106,0,0.5223155,0.3253834,0,0.9451019,6872.452,0.9025193,0.01014206,Right,Down,0.2102893,-0.1545258,Normal
494.7398,16.8807,0,0.5223155,0.3253834,0,0.9328482,6873.127,0.9021481,0.01028249,Right,Flat,0.2289973,-0.1435623,Normal
494.7798,16.90046,0,0.5223155,0.3253834,0,0.9221032,6873.803,0.9019862,0.01042384,Right,Flat,0.235734,-0.1317444,Normal
494.8198,16.92041,0,0.5223155,0.3253834,0,0.9125806,6874.479,0.9018314,0.01056618,Right,Flat,0.235734,-0.1194305,Normal
494.8598,16.93972,0,0.5223155,0.3253834,0,0.9044666,6875.157,0.9017593,0.01070932,Right,Flat,0.2422834,-0.1071014,Normal
494.8998,16.95895,0,0.5223155,0.3253834,0,0.8976936,6875.835,0.9019455,0.01085357,Right,Flat,0.2609472,-0.09476471,Normal
494.9398,16.97824,0,0.5223155,0.3253834,0,0.89217,6876.514,0.9026151,0.01099873,Right,Flat,0.2631872,-0.08116913,Normal
494.9798,16.99655,0,0.5223155,0.3253834,0,0.8854721,6877.193,0.9031081,0.01114488,Right,Flat,0.2639296,-0.06742096,Normal
495.0198,17.01503,0,0.5223155,0.3253834,0,0.8755271,6877.874,0.9029319,0.01129183,Right,Flat,0.2825486,-0.05366516,Normal
495.0598,17.03358,0,0.5223155,0.3253834,0,0.866908,6878.555,0.9026852,0.01143989,Right,Flat,0.2900664,-0.03904724,Normal
495.0998,17.05272,0,0.5223155,0.3253834,0,0.8596193,6879.237,0.9024134,0.01158887,Right,Flat,0.2783625,-0.02384949,Normal
495.1398,17.07061,0,0.5113292,0.3055466,0,0.8537125,6879.919,0.9025167,0.0117387,Right,Flat,0.1948336,-0.008636475,Normal
495.1798,17.0855,0,0.4985118,0.3055466,0,0.8492218,6880.603,0.9027362,0.01188958,Right,Flat,0.1690205,0.01098633,Normal
495.2198,17.09932,0,0.488441,0.3055466,0,0.8460146,6881.287,0.902943,0.01204145,Right,Flat,0.1690205,0.03268433,Normal
495.2598,17.11343,0,0.4692149,0.3055466,0,0.8440573,6881.971,0.9032898,0.01219425,Right,Flat,0.1690205,0.05440521,Normal
495.2998,17.12619,0,0.453651,0.3055466,0,0.8436242,6882.656,0.9040216,0.01234786,Right,Flat,0.1690205,0.07614899,Normal
495.3398,17.13917,0,0.4344249,0.3055466,0,0.8370185,6883.341,0.9035861,0.01250259,Right,Flat,0.1532334,0.09791565,Normal
495.3798,17.15222,0,0.4115367,0.3055466,0,0.8317987,6884.027,0.9033048,0.01265825,Right,Flat,0.1341704,0.1188965,Normal
495.4198,17.16528,0,0.3749156,0.3055466,0,0.8279294,6884.714,0.9029923,0.01281471,Right,Flat,0.1341704,0.1368942,Normal
495.4598,17.17819,0,0.3282201,0.3055466,0,0.8251779,6885.401,0.9029009,0.01297224,Right,Up,0.1341704,0.1549072,Normal
495.4998,17.19095,0,0.2980077,0.3055466,0,0.8236347,6886.088,0.9029995,0.01313076,Right,Up,0.1341704,0.1729202,Normal
495.5398,17.2036,0,0.2504003,0.3015793,0,0.8231276,6886.776,0.9029848,0.01329023,Right,Up,0.1341704,0.1909561,Normal
495.5798,17.21529,0,0.2119482,0.297612,0,0.8238808,6887.465,0.9030707,0.01345048,Right,Up,0.1341704,0.2089996,Normal
495.6198,17.22651,0,0.1597631,0.297612,0,0.8257684,6888.154,0.903034,0.01361183,Right,Up,0.1170339,0.2270584,Normal
495.6598,17.23749,0,0.09475708,0.297612,0,0.8284206,6888.843,0.9028826,0.01377416,Right,Up,0.1065312,0.2430801,Normal
495.6998,17.2486,0,0.05813599,0.2936446,0,0.8321966,6889.533,0.9033017,0.0139373,Right,Up,0.1083524,0.2574081,Normal
495.7398,17.25787,0,0.02243042,0.2936446,0,0.8340539,6890.224,0.9037313,0.01410145,Right,Up,0.1083524,0.2717438,Normal
495.7798,17.26741,0,-0.0004577637,0.2936446,0,0.8319622,6890.914,0.9033533,0.01426659,Right,Up,0.1083524,0.2860947,Normal
495.8198,17.27708,0,-0.02975464,0.2936446,0,0.8306844,6891.605,0.9030827,0.0144327,Right,Up,0.1083524,0.3004532,Normal
495.8598,17.2871,0,-0.06637752,0.289662,0,0.8298538,6892.296,0.9027724,0.01459963,Right,Up,0.1083524,0.3148041,Normal
495.8998,17.29525,0,-0.1048297,0.289662,0,0.8297434,6892.988,0.902708,0.01476756,Right,Up,0.1083524,0.3291702,Normal
495.9398,17.30356,0,-0.1542681,0.289662,0,0.8301389,6893.68,0.9028589,0.01493651,Right,Up,0.09691329,0.343544,Normal
495.9798,17.31193,0,-0.190891,0.289662,0,0.8311858,6894.373,0.9032632,0.01510638,Right,Up,0.08622923,0.3568573,Normal
496.0198,17.32031,0,-0.2256811,0.289662,0,0.8324604,6895.065,0.9034734,0.01527709,Right,Up,0.08622923,0.3678589,Normal
496.0598,17.32871,0,-0.2375829,0.2856947,0,0.8338997,6895.758,0.9035241,0.01544881,Right,Up,0.08622923,0.3788528,Normal
496.0998,17.3365,0,-0.2375829,0.2856947,0,0.8356993,6896.452,0.9036632,0.01562155,Right,Up,0.08622923,0.3898621,Normal
496.1398,17.34405,0,-0.2375829,0.2817273,0,0.8376058,6897.145,0.9036683,0.01579509,Right,Up,0.08622923,0.4008713,Normal
496.1798,17.35057,0,-0.2375829,0.2817273,0,0.8398374,6897.839,0.903614,0.0159697,Right,Up,0.08622923,0.4118881,Normal
496.2198,17.35714,0,-0.2375829,0.27776,0,0.8419435,6898.534,0.9034543,0.0161452,Right,Up,0.08622923,0.422905,Normal
496.2598,17.36274,0,-0.2211034,0.27776,0,0.8442085,6899.228,0.9037649,0.0163217,Right,Up,0.08392937,0.4339371,Normal
496.2998,17.36776,0,-0.2073705,0.27776,0,0.8427943,6899.922,0.9037672,0.01649902,Right,Up,0.08622923,0.4449615,Normal
496.3398,17.37289,0,-0.1780736,0.27776,0,0.8374703,6900.617,0.9033319,0.01667739,Right,Up,0.08156469,0.4560013,Normal
496.3798,17.37815,0,-0.1606768,0.27776,0,0.8320873,6901.313,0.9029962,0.01685667,Right,Up,0.06852804,0.467041,Normal
496.4198,17.38355,0,-0.148775,0.27776,0,0.8265835,6902.008,0.9028077,0.0170368,Right,Up,0.0656106,0.4755325,Normal
496.4598,17.38827,0,-0.1359576,0.27776,0,0.8209053,6902.703,0.9028351,0.01721803,Right,Up,0.0656106,0.4835205,Normal
496.4998,17.39304,0,-0.1121539,0.27776,0,0.8149462,6903.398,0.9030536,0.01740018,Right,Up,0.0656106,0.4915009,Normal
496.5398,17.39781,0,-0.05172729,0.27776,0,0.8086675,6904.095,0.9034008,0.0175832,Right,Up,0.0656106,0.4994888,Normal
496.5798,17.40259,0,0.01052856,0.27776,0,0.8022393,6904.791,0.9037209,0.01776711,Right,Up,0.0656106,0.5074768,Normal
496.6198,17.40737,0,0.1121521,0.27776,0,0.7954605,6905.487,0.9040655,0.01795209,Right,Up,0.06255726,0.5154724,Normal
496.6598,17.41217,0,0.1789892,0.27776,0,0.7886533,6906.184,0.9042214,0.01813793,Right,Up,0.0656106,0.5234604,Normal
496.6998,17.41693,0,0.2128637,0.27776,0,0.7819542,6906.88,0.9044348,0.01832465,Right,Up,0.0656106,0.531456,Normal
496.7398,17.42167,0,0.2311742,0.27776,0,0.775364,6907.577,0.9046161,0.01851247,Right,Up,0.0656106,0.5394516,Normal
496.7798,17.42644,0,0.2320898,0.27776,0,0.7686127,6908.274,0.9047717,0.0187012,Right,Up,0.0656106,0.5474472,Normal
496.8198,17.43119,0,0.2366674,0.27776,0,0.7617702,6908.971,0.9048569,0.01889081,Right,Up,0.06255726,0.5554504,Normal
496.8598,17.43598,0,0.2485693,0.27776,0,0.7548558,6909.668,0.9049998,0.01908127,Right,Up,0.0656106,0.563446,Normal
496.8998,17.44069,0,0.2604711,0.27776,0,0.7480428,6910.366,0.9052439,0.01927281,Right,Up,0.05934703,0.5714493,Normal
496.9398,17.4454,0,0.2778661,0.27776,0,0.7414527,6911.063,0.905501,0.0194653,Straight,Up,0.04423466,0.5793228,Normal
496.9798,17.45008,0,0.2851903,0.27776,0,0.7349558,6911.762,0.9057433,0.01965866,Straight,Up,0.04845664,0.5845032,Normal
497.0198,17.45491,0,0.2970922,0.27776,0,0.7285671,6912.46,0.9059623,0.01985288,Straight,Up,0.04845664,0.5896912,Normal
497.0598,17.45915,0,0.3035009,0.2737926,0,0.722524,6913.158,0.9064546,0.02004818,Straight,Up,0.04423466,0.5948792,Normal
497.0998,17.46234,0,0.3099096,0.2698253,0,0.7098531,6913.856,0.906323,0.0202444,Straight,Up,0.04845664,0.6000671,Normal
497.1398,17.46508,0,0.3154027,0.2698253,0,0.6964604,6914.555,0.9061849,0.02044136,Straight,Up,0.04423466,0.6052628,Normal
497.1798,17.46755,0,0.3154027,0.2698253,0,0.6833339,6915.253,0.9059618,0.02063948,Straight,Up,0.04423466,0.6104507,Normal
497.2198,17.47002,0,0.3154027,0.2658579,0,0.6705964,6915.952,0.9058538,0.0208385,Straight,Up,0.04423466,0.6156387,Normal
497.2598,17.47166,0,0.3154027,0.2658579,0,0.6583686,6916.651,0.906131,0.02103848,Straight,Up,0.04845664,0.6208344,Normal
497.2998,17.47299,0,0.3135717,0.2658579,0,0.6465454,6917.351,0.9064052,0.02123917,Straight,Up,0.04423466,0.6260223,Normal
497.3398,17.47429,0,0.3035009,0.2658579,0,0.6352112,6918.05,0.9067122,0.02144102,Straight,Up,0.04845664,0.631218,Normal
497.3798,17.47553,0,0.3025854,0.2658579,0,0.6243639,6918.749,0.9070209,0.0216438,Straight,Up,0.04423466,0.6364059,Normal
497.4198,17.4768,0,0.3016698,0.2618906,0,0.6139521,6919.448,0.9073051,0.02184729,Straight,Up,0.04845664,0.6415939,Normal
497.4598,17.47711,0,0.2970922,0.2618906,0,0.6043257,6920.147,0.9076921,0.0220519,Straight,Up,0.04423466,0.6467896,Normal
497.4998,17.4775,0,0.2861059,0.2618906,0,0.595104,6920.847,0.9079847,0.02225748,Straight,Up,0.04845664,0.6519775,Normal
497.5398,17.47787,0,0.2668798,0.2618906,0,0.5864771,6921.546,0.9081451,0.02246398,Straight,Up,0.04845664,0.6571732,Normal
497.5798,17.47827,0,0.2504003,0.2579232,0,0.5785522,6922.245,0.9081963,0.0226712,Straight,Up,0.04845664,0.6623611,Normal
497.6198,17.47769,0,0.2265966,0.2499886,0,0.5713441,6922.944,0.9083036,0.02287957,Straight,Up,0.04845664,0.6675491,Normal
497.6598,17.47563,0,0.2027929,0.2499886,0,0.5645862,6923.644,0.9085582,0.02308888,Straight,Up,0.04423466,0.6727371,Normal
497.6998,17.47344,0,0.18906,0.2420539,0,0.5585,6924.343,0.9087498,0.02329887,Straight,Up,0.03426402,0.6779251,Normal
497.7398,17.46971,0,0.1707494,0.2301518,0,0.5530179,6925.042,0.9088113,0.02351002,Straight,Up,0.02797646,0.6816559,Normal
497.7798,17.46367,0,0.1643407,0.2222171,0,0.5481386,6925.74,0.9090097,0.02372212,Straight,Up,0.02797646,0.68396,Normal
497.8198,17.45567,0,0.1588476,0.2142824,0,0.5438931,6926.438,0.9092237,0.02393511,Straight,Up,0.01978234,0.6862564,Normal
497.8598,17.44593,0,0.1515234,0.1944305,0,0.5401989,6927.137,0.9093747,0.02414883,Straight,Up,0.02797646,0.6885605,Normal
497.8998,17.43272,0,0.1515234,0.1785611,0,0.5371627,6927.834,0.9095062,0.0243637,Straight,Up,0.02797646,0.6908646,Normal
497.9398,17.41589,0,0.1460302,0.1626917,0,0.5348997,6928.531,0.9095262,0.0245795,Straight,Up,0.02797646,0.6931686,Normal
497.9798,17.39487,0,0.1414526,0.1626917,0,0.5331873,6929.227,0.9096885,0.02479608,Straight,Up,0.02797646,0.6954575,Normal
498.0198,17.3738,0,0.1304662,0.1587244,0,0.5319955,6929.922,0.9098133,0.02501363,Straight,Up,0.02797646,0.6977463,Normal
498.0598,17.35182,0,0.123142,0.1468223,0,0.5315914,6930.616,0.9100274,0.0252322,Straight,Up,0.02797646,0.7000351,Normal
498.0998,17.32785,0,0.1176488,0.142855,0,0.5314678,6931.31,0.9101499,0.02545173,Straight,Up,0.02797646,0.7023239,Normal
498.1398,17.30296,0,0.1176488,0.142855,0,0.5320188,6932.002,0.9102173,0.02567199,Straight,Up,0.02797646,0.7046051,Normal
498.1798,17.27785,0,0.1176488,0.142855,0,0.5328935,6932.693,0.9102837,0.02589327,Straight,Up,0.02797646,0.7068863,Normal
498.2198,17.25278,0,0.1176488,0.142855,0,0.5343682,6933.384,0.9104576,0.02611554,Straight,Up,0.02797646,0.7091599,Normal
498.2598,17.22779,0,0.1176488,0.142855,0,0.5362115,6934.073,0.9106718,0.02633873,Straight,Up,0.01978234,0.7114334,Normal
498.2998,17.20288,0,0.1222265,0.142855,0,0.5386461,6934.762,0.9107361,0.02656269,Straight,Up,0.02797646,0.713707,Normal
498.3398,17.17801,0,0.123142,0.142855,0,0.5415654,6935.449,0.9109237,0.02678768,Straight,Up,0.02797646,0.7159729,Normal
498.3798,17.1535,0,0.123142,0.142855,0,0.5448093,6936.136,0.9108273,0.02701364,Straight,Up,0.02797646,0.7182312,Normal
498.4198,17.12907,0,0.123142,0.166659,0,0.5425154,6936.821,0.9111825,0.02724037,Straight,Up,0.01978234,0.7204895,Normal
498.4598,17.11005,0,0.123142,0.166659,0,0.5397488,6937.506,0.9115649,0.02746821,Straight,Up,0.02797646,0.7227478,Normal
498.4998,17.09094,0,0.123142,0.166659,0,0.537366,6938.189,0.9120177,0.02769685,Straight,Up,0.02797646,0.7249985,Normal
498.5398,17.07195,0,0.1130676,0.166659,0,0.5354971,6938.873,0.9123226,0.02792651,Straight,Up,0.02797646,0.7272568,Normal
498.5798,17.0531,0,0.1048279,0.166659,0,0.5339315,6939.555,0.9125023,0.02815694,Straight,Up,0.02797646,0.7294998,Normal
498.6198,17.03436,0,0.08926392,0.166659,0,0.5327893,6940.236,0.9125392,0.02838842,Straight,Up,0.02797646,0.7317505,Normal
498.6598,17.01565,0,0.07553101,0.166659,0,0.5320148,6940.917,0.9124548,0.02862076,Straight,Up,0.03426402,0.7339859,Normal
498.6998,16.99703,0,0.06362915,0.166659,0,0.5313365,6941.597,0.912586,0.02885393,Straight,Up,0.02797646,0.7362289,Normal
498.7398,16.97846,0,0.04714966,0.166659,0,0.5309886,6942.276,0.9127414,0.02908821,Straight,Up,0.02797646,0.738472,Normal
498.7798,16.95992,0,0.03890991,0.166659,0,0.530992,6942.955,0.9129122,0.02932328,Straight,Up,0.01978234,0.7407074,Normal
498.8198,16.94148,0,0.03341675,0.166659,0,0.5312455,6943.633,0.9130712,0.02955938,Straight,Up,0.02797646,0.7429352,Normal
498.8598,16.92307,0,0.03341675,0.166659,0,0.5317386,6944.31,0.9131819,0.02979622,Straight,Up,0.02797646,0.7451706,Normal
498.8998,16.90471,0,0.03341675,0.166659,0,0.5325162,6944.986,0.9133169,0.03003416,Straight,Up,0.02797646,0.7473984,Normal
498.9398,16.88641,0,0.03341675,0.166659,0,0.5335925,6945.662,0.9134976,0.03027291,Straight,Up,0.02797646,0.7496262,Normal
498.9798,16.86817,0,0.03341675,0.166659,0,0.5350674,6946.337,0.9136945,0.03051249,Straight,Up,0.02797646,0.7518463,Normal
499.0198,16.85,0,0.03341675,0.166659,0,0.5368515,6947.011,0.9138325,0.03075317,Straight,Up,0,0.7540665,Normal
499.0598,16.83186,0,0.03341675,0.166659,0,0.5388747,6947.685,0.9140556,0.03099475,Straight,Up,0,0.7557983,Normal
499.0998,16.8138,0,0.03341675,0.166659,0,0.540908,6948.357,0.9141844,0.03123719,Straight,Up,0,0.7523727,Normal
499.1398,16.79578,0,0.03341675,0.166659,0,0.5432116,6949.029,0.9143221,0.03148044,Straight,Up,0,0.7489319,Normal
499.1798,16.77782,0,0.03341675,0.166659,0,0.5457752,6949.701,0.9145284,0.03172475,Straight,Up,0,0.7455139,Normal
499.2198,16.7599,0,0.03341675,0.166659,0,0.5483265,6950.371,0.9146974,0.03197,Straight,Up,0,0.7420807,Normal
499.2598,16.74206,0,0.03341675,0.166659,0,0.5510489,6951.041,0.9149516,0.03221608,Straight,Up,0,0.7386703,Normal
499.2998,16.72425,0,0.03341675,0.166659,0,0.5538872,6951.71,0.9151717,0.03246296,Straight,Up,0,0.7352448,Normal
499.3398,16.7065,0,0.03250122,0.166659,0,0.5568887,6952.378,0.9153741,0.03271095,Straight,Up,0,0.7318344,Normal
499.3798,16.68881,0,0.02700806,0.166659,0,0.5600528,6953.046,0.9156119,0.03295985,Straight,Up,0,0.7284317,Normal
499.4198,16.67118,0,0.01602173,0.166659,0,0.5632507,6953.713,0.9158774,0.03320939,Straight,Up,0,0.7250214,Normal
499.4598,16.65359,0,0.01419067,0.166659,0,0.5663416,6954.379,0.9161528,0.03346012,Straight,Up,0,0.7216187,Normal
499.4998,16.63607,0,0.01052856,0.166659,0,0.5692837,6955.045,0.9164297,0.03371174,Straight,Up,0,0.7182236,Normal
499.5398,16.61858,0,0.01052856,0.166659,0,0.5721422,6955.71,0.9169531,0.03396425,Straight,Up,0,0.7148285,Normal
499.5798,16.60114,0,0.01052856,0.166659,0,0.5748519,6956.374,0.9175733,0.03421745,Straight,Up,0,0.7114334,Normal
499.6198,16.58378,0,0.01052856,0.166659,0,0.5777576,6957.038,0.9181253,0.03447178,Straight,Up,0,0.708046,Normal
499.6598,16.56645,0,0.01052856,0.166659,0,0.580396,6957.701,0.9187245,0.03472704,Straight,Up,0,0.7046661,Normal
499.6998,16.54918,0,0.01052856,0.166659,0,0.583366,6958.363,0.9193526,0.03498296,Straight,Up,0,0.7012863,Normal
499.7398,16.53196,0,0.02334595,0.166659,0,0.5857933,6959.024,0.9200265,0.03524003,Straight,Up,0,0.6979141,Normal
499.7798,16.5148,0,0.02792358,0.166659,0,0.5885108,6959.685,0.9207252,0.035498,Straight,Up,0,0.6945343,Normal
499.8198,16.49768,0,0.02883911,0.166659,0,0.5917709,6960.345,0.9211572,0.03575689,Straight,Up,0,0.6911697,Normal
499.8598,16.48061,0,0.03341675,0.166659,0,0.5948104,6961.004,0.9218689,0.03601641,Straight,Up,0,0.6878052,Normal
499.8998,16.46359,0,0.03890991,0.166659,0,0.5984611,6961.663,0.922368,0.03627709,Straight,Up,0,0.684433,Normal
499.9398,16.44664,0,0.04440308,0.166659,0,0.6020882,6962.321,0.9228328,0.0365387,Straight,Up,0,0.6810837,Normal
499.9798,16.42972,0,0.04623413,0.166659,0,0.6060737,6962.979,0.923175,0.03680092,Straight,Up,0,0.6777191,Normal
500.0198,16.41285,0,0.04714966,0.166659,0,0.6104846,6963.635,0.9234305,0.03706432,Straight,Up,0,0.6743698,Normal
500.0598,16.39605,0,0.05081177,0.166659,0,0.6149606,6964.292,0.9235743,0.03732863,Straight,Up,0,0.6710205,Normal
500.0998,16.37929,0,0.05172729,0.166659,0,0.6195675,6964.947,0.923749,0.03759385,Straight,Up,0,0.6676712,Normal
500.1398,16.36258,0,0.05264282,0.166659,0,0.6241915,6965.602,0.9239354,0.03785969,Straight,Up,0,0.6643372,Normal
500.1798,16.34591,0,0.06271362,0.166659,0,0.6290576,6966.256,0.9240682,0.03812668,Straight,Up,0,0.6609955,Normal
500.2198,16.32931,0,0.06546021,0.166659,0,0.634131,6966.909,0.9242094,0.0383946,Straight,Up,0,0.6576614,Normal
500.2598,16.31274,0,0.07553101,0.166659,0,0.6392466,6967.562,0.9243406,0.03866342,Straight,Up,0,0.6543274,Normal
500.2998,16.29623,0,0.08651733,0.166659,0,0.6446044,6968.214,0.924545,0.03893287,Straight,Up,0,0.651001,Normal
500.3398,16.27977,0,0.09384155,0.166659,0,0.6500149,6968.865,0.924758,0.03920347,Straight,Up,0,0.6476746,Normal
500.3798,16.26335,0,0.09475708,0.166659,0,0.6556621,6969.516,0.9250205,0.03947497,Straight,Up,0,0.6443558,Normal
500.4198,16.24699,0,0.09475708,0.166659,0,0.6613886,6970.166,0.9253144,0.03974722,Straight,Up,0,0.641037,Normal
500.4598,16.23067,0,0.09475708,0.166659,0,0.6674303,6970.815,0.9256663,0.04002041,Straight,Up,0,0.6377258,Normal
500.4998,16.21441,0,0.09475708,0.166659,0,0.6734346,6971.463,0.9258497,0.04029463,Straight,Up,0,0.6344147,Normal
500.5398,16.19818,0,0.09475708,0.166659,0,0.6796855,6972.111,0.9260921,0.04056973,Straight,Up,0,0.6310959,Normal
500.5798,16.18202,0,0.09292603,0.166659,0,0.6860347,6972.759,0.9261818,0.04084552,Straight,Up,0,0.6277924,Normal
500.6198,16.1659,0,0.09292603,0.166659,0,0.6925702,6973.405,0.9263014,0.04112232,Straight,Up,0,0.6244965,Normal
500.6598,16.14982,0,0.09292603,0.166659,0,0.6992592,6974.051,0.9264777,0.04140011,Straight,Up,0,0.6211929,Normal
500.6998,16.13379,0,0.09292603,0.166659,0,0.7059311,6974.697,0.9267115,0.04167859,Straight,Up,0,0.6179047,Normal
500.7398,16.11781,0,0.09292603,0.166659,0,0.7127572,6975.342,0.9269183,0.04195816,Straight,Up,0,0.6146088,Normal
500.7798,16.10188,0,0.09292603,0.166659,0,0.7196497,6975.986,0.927091,0.04223854,Straight,Up,0,0.6113205,Normal
500.8198,16.08599,0,0.09292603,0.166659,0,0.7268593,6976.63,0.9272516,0.0425199,Straight,Up,0,0.6080322,Normal
500.8598,16.07016,0,0.09841919,0.166659,0,0.7342716,6977.273,0.9273854,0.04280195,Straight,Up,0,0.6047516,Normal
500.8998,16.05437,0,0.09841919,0.166659,0,0.741801,6977.916,0.927466,0.04308501,Straight,Up,0,0.6014786,Normal
500.9398,16.03863,0,0.09841919,0.166659,0,0.7495837,6978.557,0.9276541,0.04336903,Straight,Up,0,0.5981979,Normal
500.9798,16.02293,0,0.09841919,0.166659,0,0.7575322,6979.198,0.9278238,0.04365376,Straight,Up,0,0.5949249,Normal
501.0198,16.00728,0,0.09841919,0.166659,0,0.7656105,6979.839,0.9280075,0.04393959,Straight,Up,0,0.5916595,Normal
501.0598,15.99168,0,0.08651733,0.166659,0,0.7738434,6980.479,0.9281422,0.04422621,Straight,Up,0,0.5883865,Normal
501.0998,15.97612,0,0.05172729,0.166659,0,0.7822653,6981.118,0.9283729,0.0445138,Straight,Up,0,0.5851288,Normal
501.1398,15.96062,0,-0.009613037,0.166659,0,0.790764,6981.756,0.9286366,0.04480207,Straight,Up,0,0.581871,Normal
501.1798,15.94517,0,-0.07095516,0.166659,0,0.7992805,6982.394,0.928899,0.04509143,Straight,Up,0,0.5786133,Normal
501.2198,15.92976,0,-0.1176471,0.166659,0,0.8079752,6983.031,0.9291658,0.04538158,Straight,Up,0,0.5753632,Normal
501.2598,15.9144,0,-0.1551837,0.166659,0,0.8165665,6983.668,0.9295133,0.04567275,Straight,Up,0,0.572113,Normal
501.2998,15.89908,0,-0.1707476,0.166659,0,0.8252399,6984.304,0.929863,0.04596458,Straight,Up,0,0.5688629,Normal
501.3398,15.88381,0,-0.1725787,0.1706264,0,0.8337494,6984.94,0.9301351,0.04625747,Straight,Up,0,0.5656281,Normal
501.3798,15.86923,0,-0.1725787,0.1706264,0,0.8424445,6985.575,0.930313,0.04655117,Straight,Up,0,0.5623779,Normal
501.4198,15.85487,0,-0.1725787,0.1745937,0,0.851083,6986.209,0.9304859,0.04684565,Straight,Up,0,0.5591431,Normal
501.4598,15.84123,0,-0.1780736,0.1785611,0,0.8597513,6986.843,0.9306726,0.04714123,Straight,Up,0,0.5559082,Normal
501.4998,15.82846,0,-0.1844823,0.1825284,0,0.8682473,6987.476,0.9308633,0.04743767,Straight,Up,0,0.5526733,Normal
501.5398,15.81692,0,-0.2018774,0.1864958,0,0.8767781,6988.109,0.9310353,0.04773492,Straight,Up,0,0.5494461,Normal
501.5798,15.80635,0,-0.2201879,0.1864958,0,0.8851734,6988.741,0.9313488,0.04803292,Straight,Up,0,0.5462189,Normal
501.6198,15.7957,0,-0.2366674,0.1864958,0,0.8932811,6989.373,0.9315866,0.04833201,Straight,Up,0,0.5429993,Normal
501.6598,15.7851,0,-0.2430761,0.1864958,0,0.9011909,6990.005,0.9319218,0.048632,Straight,Up,0,0.539772,Normal
501.6998,15.77449,0,-0.2430761,0.1864958,0,0.9087249,6990.636,0.9321778,0.04893256,Straight,Up,0,0.5365524,Normal
501.7398,15.76393,0,-0.2430761,0.1864958,0,0.9160016,6991.267,0.9324,0.04923427,Straight,Up,0,0.5333328,Normal
501.7798,15.75339,0,-0.2430761,0.1864958,0,0.9228584,6991.896,0.932731,0.04953689,Straight,Up,0,0.5301132,Normal
501.8198,15.74288,0,-0.2430761,0.1864958,0,0.9295191,6992.526,0.9330623,0.0498404,Straight,Up,0,0.5269012,Normal
501.8598,15.73239,0,-0.2430761,0.1864958,0,0.935752,6993.156,0.9332969,0.05014444,Straight,Up,0,0.5236893,Normal
501.8998,15.72192,0,-0.2430761,0.1864958,0,0.9415069,6993.785,0.9334733,0.05044971,Straight,Up,0,0.5204773,Normal
501.9398,15.71148,0,-0.2430761,0.1864958,0,0.9469922,6994.414,0.9336853,0.05075583,Straight,Up,0,0.5172653,Normal
501.9798,15.70106,0,-0.2384984,0.1864958,0,0.9519473,6995.042,0.9339184,0.0510625,Straight,Up,0,0.5140533,Normal
502.0198,15.69067,0,-0.2384984,0.1864958,0,0.9565256,6995.669,0.9342564,0.05137039,Straight,Up,0,0.5108566,Normal
502.0598,15.68032,0,-0.2384984,0.1864958,0,0.9606587,6996.296,0.9345828,0.05167914,Straight,Up,0,0.5076523,Normal
502.0998,15.66999,0,-0.2330053,0.1864958,0,0.9643761,6996.923,0.9347937,0.05198875,Straight,Up,0,0.5044556,Normal
502.1398,15.6597,0,-0.2320898,0.1864958,0,0.9676205,6997.55,0.934888,0.05229894,Straight,Up,0,0.5012512,Normal
502.1798,15.64942,0,-0.2320898,0.1864958,0,0.9705278,6998.176,0.9350289,0.05261032,Straight,Up,0,0.4980545,Normal
502.2198,15.63917,0,-0.2320898,0.1864958,0,0.972924,6998.802,0.9352353,0.05292258,Straight,Up,0,0.4948654,Normal
502.2598,15.62894,0,-0.2320898,0.1864958,0,0.9750034,6999.427,0.9354481,0.05323536,Straight,Up,0,0.4916687,Normal
502.2998,15.61877,0,-0.2320898,0.1864958,0,0.9763334,7000.052,0.9357141,0.05354935,Straight,Up,0,0.4884796,Normal
502.3398,15.60861,0,-0.2275121,0.1864958,0,0.9772474,7000.676,0.9360085,0.05386421,Straight,Up,0,0.4852982,Normal
502.3798,15.59847,0,-0.2211034,0.1864958,0,0.9776441,7001.3,0.9362599,0.05417994,Straight,Up,0,0.4821091,Normal
502.4198,15.58837,0,-0.2211034,0.1864958,0,0.9774077,7001.924,0.9365411,0.05449621,Straight,Up,0,0.47892,Normal
502.4598,15.57831,0,-0.2211034,0.1864958,0,0.9766344,7002.547,0.936783,0.05481369,Straight,Up,0,0.4757385,Normal
502.4998,15.56827,0,-0.2211034,0.1864958,0,0.9756414,7003.17,0.9369715,0.05513201,Straight,Up,0,0.4725647,Normal
502.5398,15.55853,0,-0.2211034,0.1864958,0,0.97407,7003.792,0.9368962,0.05545122,Straight,Up,0,0.4693832,Normal
502.5798,15.54953,0,-0.2211034,0.1864958,0,0.9719675,7004.414,0.9357083,0.05577097,Straight,Up,0,0.4662094,Normal
502.6198,15.54131,0,-0.2211034,0.1864958,0,0.9712317,7005.036,0.9358904,0.05609191,Straight,Up,0,0.4630432,Normal
502.6598,15.53282,0,-0.2211034,0.1864958,0,0.9719799,7005.657,0.9377899,0.05641372,Straight,Up,0,0.4598694,Normal
502.6998,15.52416,0,-0.2211034,0.1864958,0,0.9722181,7006.278,0.9396132,0.05673615,Straight,Up,0,0.4567108,Normal
502.7398,15.51514,0,-0.2211034,0.1864958,0,0.9718504,7006.899,0.9410794,0.05705956,Straight,Up,0,0.4535446,Normal
502.7798,15.50785,0,-0.2211034,0.1864958,0,0.9710051,7007.52,0.9416825,0.05738396,Straight,Up,0,0.4503784,Normal
502.8198,15.50065,0,-0.2211034,0.1864958,0,0.9696525,7008.14,0.941713,0.05770922,Straight,Up,0,0.4472198,Normal
502.8598,15.49352,0,-0.2211034,0.1904631,0,0.9676995,7008.76,0.9415188,0.05803514,Straight,Up,0,0.444046,Normal
502.8998,15.48736,0,-0.2201879,0.1944305,0,0.9650429,7009.379,0.9412096,0.05836198,Straight,Up,0,0.4408875,Normal
502.9398,15.48208,0,-0.2183568,0.1944305,0,0.9619039,7009.998,0.9409696,0.05868984,Straight,Up,0,0.4377213,Normal
502.9798,15.47672,0,-0.2092016,0.1983978,0,0.9581176,7010.617,0.9407138,0.05901832,Straight,Up,0,0.4345627,Normal
503.0198,15.472,0,-0.1972997,0.1983978,0,0.953807,7011.236,0.9404964,0.05934788,Straight,Up,0,0.4313965,Normal
503.0598,15.46744,0,-0.190891,0.1983978,0,0.9489134,7011.855,0.9403037,0.0596782,Straight,Up,0,0.4282379,Normal
503.0998,15.46293,0,-0.1899755,0.2023651,0,0.9434828,7012.474,0.9402288,0.06000949,Straight,Up,0,0.4250793,Normal
503.1398,15.4594,0,-0.1853979,0.2023651,0,0.9375652,7013.092,0.9403937,0.0603414,Straight,Up,0,0.4219208,Normal
503.1798,15.45581,0,-0.1835668,0.2063325,0,0.9313369,7013.71,0.9407175,0.06067429,Straight,Up,0,0.4187622,Normal
503.2198,15.45288,0,-0.1799047,0.2063325,0,0.9246184,7014.328,0.9409195,0.06100813,Straight,Up,0,0.4156036,Normal
503.2598,15.45011,0,-0.1789892,0.2103151,0,0.9175974,7014.946,0.9409764,0.0613426,Straight,Up,0,0.4124527,Normal
503.2998,15.44805,0,-0.1780736,0.2103151,0,0.9099922,7015.564,0.9410948,0.06167818,Straight,Up,0,0.4092941,Normal
503.3398,15.44618,0,-0.1780736,0.2103151,0,0.9019201,7016.183,0.9412312,0.0620145,Straight,Up,-0.03956468,0.4054489,Normal
503.3798,15.44433,0,-0.1780736,0.2142824,0,0.8933594,7016.801,0.941394,0.06235177,Straight,Up,-0.03426402,0.3929749,Normal
503.4198,15.44318,0,-0.1780736,0.2142824,0,0.8843656,7017.419,0.9415646,0.06268967,Straight,Up,-0.03956468,0.3805084,Normal
503.4598,15.44177,0,-0.1780736,0.2142824,0,0.8748642,7018.037,0.9415818,0.06302864,Straight,Up,-0.03426402,0.368042,Normal
503.4998,15.44222,0,-0.1780736,0.2182498,0,0.8649879,7018.654,0.9408113,0.06336836,Straight,Up,-0.03426402,0.3555832,Normal
503.5398,15.4431,0,-0.1780736,0.2182498,0,0.8581191,7019.272,0.9415835,0.06370906,Straight,Up,-0.03426402,0.343132,Normal
503.5798,15.44396,0,-0.1725787,0.2182498,0,0.8524262,7019.891,0.9429638,0.06405035,Straight,Up,-0.03426402,0.3306732,Normal
503.6198,15.44473,0,-0.1606768,0.2182498,0,0.8462836,7020.509,0.94429,0.06439272,Straight,Up,-0.03956468,0.318222,Normal
503.6598,15.44535,0,-0.1194781,0.2182498,0,0.8397475,7021.127,0.9453598,0.06473587,Straight,Up,-0.03426402,0.3057632,Normal
503.6998,15.4473,0,-0.07736385,0.2182498,0,0.832849,7021.745,0.945895,0.0650797,Straight,Up,-0.03956468,0.2932892,Normal
503.7398,15.44916,0,-0.02334595,0.2182498,0,0.8256347,7022.363,0.9459527,0.06542463,Straight,Up,-0.03426402,0.2808151,Normal
503.7798,15.45098,0,0.01052856,0.2182498,0,0.8181983,7022.981,0.9460062,0.06577042,Straight,Up,-0.03956468,0.2683334,Normal
503.8198,15.45276,0,0.02243042,0.2182498,0,0.8104342,7023.6,0.9459791,0.06611694,Straight,Up,-0.03426402,0.2558517,Normal
503.8598,15.45453,0,0.03433228,0.2182498,0,0.8024299,7024.218,0.9458293,0.06646416,Straight,Up,-0.03426402,0.2433777,Normal
503.8998,15.45627,0,0.05264282,0.2182498,0,0.7940475,7024.836,0.9457781,0.06681249,Straight,Up,-0.03426402,0.230896,Normal
503.9398,15.458,0,0.08651733,0.2182498,0,0.7855356,7025.454,0.9457953,0.06716163,Straight,Up,-0.03426402,0.2184143,Normal
503.9798,15.45974,0,0.1176488,0.2182498,0,0.7768138,7026.072,0.9459683,0.0675113,Straight,Up,-0.03426402,0.205925,Normal
504.0198,15.46146,0,0.1286352,0.2182498,0,0.7678518,7026.69,0.9462098,0.06786213,Straight,Up,-0.03426402,0.1934433,Normal
504.0598,15.46318,0,0.1295507,0.2182498,0,0.7585844,7027.309,0.9464239,0.06821383,Straight,Up,-0.03426402,0.1809616,Normal
504.0998,15.46489,0,0.1295507,0.2182498,0,0.7492144,7027.927,0.9467065,0.06856636,Straight,Up,-0.03426402,0.1684723,Normal
504.1398,15.46659,0,0.1295507,0.2182498,0,0.7396151,7028.545,0.9468321,0.0689194,Straight,Up,-0.03426402,0.155983,Normal
504.1798,15.46831,0,0.1295507,0.2182498,0,0.7299704,7029.165,0.9469806,0.0692736,Straight,Flat,-0.03426402,0.1434937,Normal
504.2198,15.47,0,0.1295507,0.2182498,0,0.7202412,7029.784,0.9472588,0.06962866,Straight,Flat,-0.01978234,0.1309967,Normal
504.2598,15.47169,0,0.1295507,0.2182498,0,0.7105353,7030.403,0.9476246,0.06998421,Straight,Flat,0,0.1208038,Normal
504.2998,15.47339,0,0.1176488,0.2182498,0,0.7008981,7031.022,0.9478723,0.07034094,Straight,Flat,0,0.1179733,Normal
504.3398,15.47508,0,0.1048279,0.2182498,0,0.6914017,7031.641,0.9481775,0.07069851,Straight,Flat,0,0.1151428,Normal
504.3798,15.47675,0,0.08834839,0.2182498,0,0.6818446,7032.26,0.948475,0.07105691,Straight,Flat,0,0.1123199,Normal
504.4198,15.47842,0,0.0819397,0.2182498,0,0.6725881,7032.879,0.9487119,0.07141579,Straight,Flat,0,0.1094894,Normal
504.4598,15.48009,0,0.0819397,0.2182498,0,0.6635118,7033.499,0.9490407,0.07177586,Straight,Flat,0,0.1066589,Normal
504.4998,15.48176,0,0.0819397,0.2182498,0,0.6546524,7034.118,0.9494348,0.0721368,Straight,Flat,0,0.1038284,Normal
504.5398,15.48342,0,0.0819397,0.2182498,0,0.6458275,7034.737,0.9497449,0.07249854,Straight,Flat,0,0.1009979,Normal
504.5798,15.48506,0,0.09292603,0.2182498,0,0.6373839,7035.356,0.9501016,0.07286076,Straight,Flat,-0.01978234,0.09817505,Normal
504.6198,15.48671,0,0.1002502,0.2182498,0,0.6288527,7035.975,0.9503246,0.07322416,Straight,Flat,0,0.09533691,Normal
504.6598,15.48835,0,0.1167297,0.2182498,0,0.6206496,7036.594,0.9506168,0.07358841,Straight,Flat,0,0.09251404,Normal
504.6998,15.48998,0,0.1295507,0.2182498,0,0.612674,7037.213,0.9509853,0.07395313,Straight,Flat,0,0.08968353,Normal
504.7398,15.49161,0,0.1368749,0.2182498,0,0.60461,7037.833,0.9513494,0.07431904,Straight,Flat,0,0.0868454,Normal
504.7798,15.49322,0,0.1414526,0.2182498,0,0.5967134,7038.454,0.9516298,0.07468579,Straight,Flat,0,0.08402252,Normal
504.8198,15.49485,0,0.1423681,0.2182498,0,0.5891573,7039.074,0.9519796,0.07505337,Straight,Flat,0,0.08118439,Normal
504.8598,15.49646,0,0.1423681,0.2182498,0,0.5818306,7039.694,0.9523373,0.07542137,Straight,Flat,0,0.07835388,Normal
504.8998,15.49805,0,0.1423681,0.2182498,0,0.5746089,7040.314,0.9526991,0.07579062,Straight,Flat,0,0.07552338,Normal
504.9398,15.49966,0,0.1423681,0.2182498,0,0.5674454,7040.934,0.953019,0.07616068,Straight,Flat,0,0.07269287,Normal
504.9798,15.50126,0,0.1423681,0.2182498,0,0.5605534,7041.554,0.9533125,0.0765313,Straight,Flat,0,0.06985474,Normal
505.0198,15.50285,0,0.1350439,0.2182498,0,0.5538501,7042.174,0.9536258,0.07690287,Straight,Flat,0,0.06702423,Normal
505.0598,15.50442,0,0.1222265,0.2182498,0,0.5473431,7042.794,0.953943,0.0772754,Straight,Flat,0,0.06419373,Normal
505.0998,15.50601,0,0.1167297,0.2182498,0,0.541159,7043.415,0.9542951,0.07764877,Straight,Flat,0,0.06135559,Normal
505.1398,15.50758,0,0.1167297,0.2182498,0,0.5352507,7044.035,0.9546211,0.0780227,Straight,Flat,0,0.05852509,Normal
505.1798,15.50563,0,0.1167297,0.2182498,0,0.5292579,7044.655,0.9542527,0.07839758,Straight,Flat,0,0.05568695,Normal
505.2198,15.51023,0,0.123142,0.2182498,0,0.5236464,7045.275,0.953633,0.07877342,Straight,Flat,0,0.05286407,Normal
505.2598,15.51225,0,0.1359594,0.2182498,0,0.5190147,7045.895,0.9571462,0.07914979,Straight,Flat,0,0.05002594,Normal
505.2998,15.51372,0,0.1533544,0.2182498,0,0.5144151,7046.515,0.9571752,0.07952715,Straight,Flat,0,0.04719543,Normal
505.3398,15.51516,0,0.1707494,0.2182498,0,0.510029,7047.136,0.9574065,0.07990543,Straight,Flat,0,0.04434967,Normal
505.3798,15.51954,0,0.2009618,0.2182498,0,0.5056127,7047.756,0.9569322,0.08028454,Straight,Flat,0,0.04151917,Normal
505.4198,15.51997,0,0.2201879,0.2182498,0,0.5015849,7048.377,0.9567325,0.0806642,Straight,Flat,0,0.0386734,Normal
505.4598,15.52046,0,0.2320898,0.2222171,0,0.4979772,7048.998,0.9569332,0.0810448,Straight,Flat,0,0.0358429,Normal
505.4998,15.52229,0,0.2320898,0.2222171,0,0.4946062,7049.619,0.9572902,0.08142636,Straight,Flat,0,0.03300476,Normal
505.5398,15.52427,0,0.2320898,0.2222171,0,0.4914521,7050.24,0.9576433,0.08180849,Straight,Flat,0,0.03016663,Normal
505.5798,15.52639,0,0.2119482,0.2222171,0,0.4887292,7050.861,0.9579774,0.08219168,Straight,Flat,0,0.02732849,Normal
505.6198,15.52855,0,0.1844823,0.2222171,0,0.4862966,7051.482,0.9584259,0.08257557,Straight,Flat,0,-0.07705688,TransSlide
505.6598,15.53078,0,0.05722046,0.2222171,0,0.48444,7052.104,0.9588858,0.08296037,Straight,Flat,0,-0.08361816,TransSlide
505.6998,15.53299,0,0.05722046,0.2222171,0,0.4826822,7052.725,0.9593036,0.08334575,Straight,Flat,-0.01978234,-0.09017944,TransSlide
505.7398,15.53521,0,0.02151489,0.2261845,0,0.4812375,7053.346,0.9597633,0.0837322,Straight,Flat,0,-0.09674835,TransSlide
505.7798,15.53841,0,0.0050354,0.2261845,0,0.4800442,7053.967,0.9601275,0.08411933,Straight,Flat,0,-0.1033096,TransSlide
505.8198,15.54153,0,-0.0004577637,0.2261845,0,0.4789505,7054.589,0.9603468,0.08450741,Straight,Flat,0,-0.1098785,TransSlide
505.8598,15.54464,0,-0.01602173,0.2261845,0,0.4782802,7055.211,0.9607719,0.08489601,Straight,Flat,-0.01978234,-0.1164474,TransSlide
505.8998,15.54771,0,-0.05722046,0.2261845,0,0.477629,7055.833,0.9612619,0.0852857,Straight,Flat,0,-0.1230164,TransSlide
505.9398,15.5508,0,-0.09018123,0.2261845,0,0.4770463,7056.455,0.9616412,0.08567608,Straight,Flat,0,-0.1295853,TransSlide
505.9798,15.55386,0,-0.100252,0.2261845,0,0.476567,7057.077,0.961906,0.08606712,Straight,Flat,0,-0.1361542,TransSlide
506.0198,15.55694,0,-0.100252,0.2261845,0,0.4760874,7057.699,0.9621363,0.08645923,Straight,Flat,0,-0.1427307,TransSlide
506.0598,15.55999,0,-0.100252,0.2261845,0,0.4758026,7058.321,0.96242,0.08685214,Straight,Flat,0,-0.1493073,TransSlide
506.0998,15.56298,0,-0.09018123,0.2261845,0,0.4755713,7058.943,0.962776,0.08724574,Straight,Down,0,-0.1558838,TransSlide
506.1398,15.56622,0,-0.09018123,0.2261845,0,0.4754388,7059.566,0.9628267,0.08763999,Straight,Down,0,-0.1624603,TransSlide
506.1798,15.56943,0,-0.09018123,0.2261845,0,0.4754555,7060.189,0.9627134,0.08803532,Straight,Down,0,-0.1690369,TransSlide
506.2198,15.5726,0,-0.09018123,0.2261845,0,0.4756143,7060.813,0.9628918,0.08843148,Straight,Down,-0.01978234,-0.1756134,TransSlide
506.2598,15.57572,0,-0.0956744,0.2261845,0,0.4757558,7061.436,0.9637375,0.088828,Straight,Down,0,-0.1821899,TransSlide
506.2998,15.57875,0,-0.100252,0.2261845,0,0.4760436,7062.059,0.9644846,0.08922575,Straight,Down,0,-0.1887741,TransSlide
506.3398,15.58227,0,-0.1011676,0.2261845,0,0.4763412,7062.682,0.9650716,0.08962429,Straight,Down,0,-0.1953583,TransSlide
506.3798,15.58574,0,-0.1057452,0.2261845,0,0.4765395,7063.305,0.965395,0.09002364,Straight,Down,-0.01978234,-0.2019424,TransSlide
506.4198,15.58915,0,-0.1057452,0.2301518,0,0.4766511,7063.928,0.9656801,0.09042338,Straight,Down,0,-0.2085266,TransSlide
506.4598,15.59348,0,-0.1176471,0.2301518,0,0.4766403,7064.552,0.9660605,0.09082431,Straight,Down,0,-0.2151108,TransSlide
506.4998,15.59773,0,-0.1359576,0.2301518,0,0.4766519,7065.176,0.9665213,0.09122605,Straight,Down,0,-0.2217026,TransSlide
506.5398,15.60211,0,-0.1542681,0.2301518,0,0.4765566,7065.8,0.9668523,0.09162817,Straight,Down,0,-0.2282944,TransSlide
506.5798,15.60646,0,-0.18906,0.2301518,0,0.4761606,7066.424,0.9671521,0.09203152,Straight,Down,-0.01978234,-0.2348938,TransSlide
506.6198,15.61078,0,-0.208286,0.2301518,0,0.47555,7067.048,0.9674897,0.09243564,Straight,Down,0,-0.2414856,TransSlide
506.6598,15.6152,0,-0.2201879,0.2301518,0,0.4747085,7067.673,0.9669954,0.09284056,Straight,Down,-0.04423466,-0.248085,TransSlide
506.6998,15.62091,0,-0.2211034,0.2301518,0,0.4747019,7068.298,0.9666805,0.09324587,Left,Down,-0.1101434,-0.2546768,TransSlide
506.7398,15.62627,0,-0.2211034,0.2301518,0,0.4773272,7068.923,0.9681973,0.09365238,Left,Down,-0.1203313,-0.3091202,TransSlide
506.7798,15.63144,0,-0.2211034,0.2301518,0,0.4794952,7069.548,0.9695302,0.09405968,Left,Down,-0.1203313,-0.3707428,TransSlide
506.8198,15.63664,0,-0.2211034,0.2301518,0,0.4815013,7070.173,0.9708835,0.0944678,Left,Down,-0.1203313,-0.4323959,TransSlide
506.8598,15.64167,0,-0.2211034,0.2301518,0,0.4833366,7070.799,0.9711533,0.09487627,Left,Down,-0.1203313,-0.4941025,TransSlide
506.8998,15.64832,0,-0.2211034,0.2103151,0,0.4848921,7071.425,0.9699829,0.09528593,Left,Down,-0.1186941,-0.5558243,TransSlide
506.9398,15.65331,0,-0.2211034,0.2023651,0,0.4860664,7072.051,0.9705647,0.0956964,Left,Down,-0.1203313,-0.6175308,TransSlide
506.9798,15.65489,0,-0.2211034,0.1864958,0,0.4868324,7072.677,0.9719376,0.09610722,Left,Down,-0.1170339,-0.6792068,TransSlide
507.0198,15.65428,0,-0.2073705,0.1785611,0,0.4874077,7073.303,0.9725432,0.09651927,Left,Down,-0.09487279,-0.7408371,TransSlide
507.0598,15.65137,0,-0.1835668,0.166659,0,0.4916214,7073.929,0.9743205,0.09693209,Left,Down,-0.08392937,-0.7927628,TransSlide
507.0998,15.64665,0,-0.1615924,0.1349203,0,0.495667,7074.555,0.9755433,0.09734572,Left,Down,-0.08392937,-0.8380356,TransSlide
507.1398,15.63531,0,-0.1533526,0.1071336,0,0.499215,7075.18,0.9764889,0.0977597,Left,Down,-0.08392937,-0.8833008,TransSlide
507.1798,15.61872,0,-0.1524371,0.07539482,0,0.5022978,7075.805,0.9767045,0.09817488,Left,Down,-0.08392937,-0.9285507,TransSlide
507.2198,15.59543,0,-0.1524371,0.04762341,0,0.5050431,7076.429,0.9764091,0.09859086,Left,Down,-0.08392937,-0.9737701,TransSlide
507.2598,15.56555,0,-0.1524371,0.003967346,0,0.5073701,7077.052,0.9760527,0.09900732,Left,Down,-0.08622923,-1.018906,TransSlide
507.2998,15.52756,0,-0.1524371,0,0,0.5093393,7077.674,0.9751675,0.0994247,Left,Down,-0.08622923,-1.063919,TransSlide
507.3398,15.48805,0,-0.1524371,0,0,0.5111642,7078.293,0.9738879,0.099843,Left,Down,-0.08392937,-1.10881,TransSlide
507.3798,15.4489,0,-0.1524371,0,0,0.5125717,7078.912,0.9746077,0.1002621,Left,Down,-0.08392937,-1.153564,TransSlide
507.4198,15.40974,0,-0.1524371,0,0,0.5134915,7079.529,0.9757299,0.1006816,Left,Down,-0.08392937,-1.198189,TransSlide
507.4598,15.37239,0,-0.1524371,0,0,0.5140432,7080.144,0.9761896,0.1011022,Left,Down,-0.08156469,-1.242676,TransSlide
507.4998,15.33569,0,-0.1524371,0,0,0.5146367,7080.758,0.9743338,0.1015236,Straight,Down,-0.03956468,-1.287003,TransSlide
507.5398,15.2992,0,-0.1524371,0,0,0.5170733,7081.37,0.976472,0.1019456,Straight,Down,0.01978234,-1.318466,TransSlide
507.5798,15.26276,0,-0.1524371,0,0,0.5193474,7081.981,0.9787304,0.1023684,Straight,Down,0.01978234,-1.329544,TransSlide
507.6198,15.22646,0,-0.1524371,0,0,0.5211262,7082.59,0.9807654,0.1027922,Straight,Down,0.01978234,-1.340576,TransSlide
507.6598,15.19221,0,-0.1524371,0,0,0.5227681,7083.198,0.9821575,0.1032167,Straight,Down,0.01978234,-1.351608,TransSlide
507.6998,15.15756,0,-0.1524371,0,0,0.5241307,7083.805,0.9823812,0.1036417,Straight,Down,0,-1.362617,TransSlide
507.7398,15.1234,0,-0.1524371,0,0,0.5250233,7084.41,0.982052,0.1040676,Straight,Down,0.01978234,-1.373619,TransSlide
507.7798,15.08948,0,-0.1524371,0,0,0.525754,7085.014,0.9815083,0.1044945,Straight,Down,0.01978234,-1.38459,TransSlide
507.8198,15.05572,0,-0.1524371,0,0,0.5260245,7085.617,0.9810685,0.1049221,Straight,Down,0.01978234,-1.395538,TransSlide
507.8598,15.02209,0,-0.1524371,0,0,0.526279,7086.218,0.9809474,0.1053502,Straight,Down,0.01978234,-1.406464,TransSlide
507.8998,14.98856,0,-0.1478595,0,0,0.5259787,7086.818,0.9807292,0.1057792,Straight,Down,0,-1.417358,TransSlide
507.9398,14.95513,0,-0.1423663,0,0,0.5250121,7087.417,0.9807144,0.1062092,Straight,Down,0,-1.42823,TransSlide
507.9798,14.92179,0,-0.1304644,0,0,0.5236526,7088.014,0.9808838,0.1066396,Straight,Down,0.01978234,-1.439079,TransSlide
508.0198,14.88855,0,-0.1249713,0,0,0.5217832,7088.61,0.9811248,0.107071,Straight,Down,0.01978234,-1.449905,TransSlide
508.0598,14.85542,0,-0.1185626,0,0,0.5194924,7089.204,0.9813603,0.1075031,Straight,Down,0.01978234,-1.460701,TransSlide
508.0998,14.82237,0,-0.1176471,0,0,0.5166653,7089.797,0.9814889,0.1079361,Straight,Down,0,-1.471474,TransSlide
508.1398,14.78943,0,-0.1176471,0,0,0.5136193,7090.389,0.9816734,0.1083696,Straight,Down,0.01978234,-1.482224,TransSlide
508.1798,14.75658,0,-0.1176471,0,0,0.5102363,7090.979,0.981862,0.1088041,Straight,Down,0.01978234,-1.49295,TransSlide
508.2198,14.72382,0,-0.1139849,0,0,0.5066882,7091.569,0.9820821,0.1092393,Straight,Down,0.01978234,-1.503654,TransSlide
508.2598,14.69118,0,-0.1121539,0.007934691,0,0.5029879,7092.157,0.98228,0.109675,Straight,Down,0,-1.514328,TransSlide
508.2998,14.66024,0,-0.1112384,0.01983673,0,0.4990636,7092.743,0.9825821,0.1101118,Straight,Down,0,-1.524986,TransSlide
508.3398,14.63176,0,-0.1112384,0.02380407,0,0.4948712,7093.329,0.9829487,0.1105494,Straight,Down,0.01978234,-1.535622,TransSlide
508.3798,14.60432,0,-0.1112384,0.02380407,0,0.4904638,7093.913,0.9833156,0.1109876,Straight,Down,0,-1.546234,TransSlide
508.4198,14.57718,0,-0.1112384,0.02380407,0,0.4857631,7094.497,0.9837842,0.1114264,Straight,Down,0.01978234,-1.556831,TransSlide
508.4598,14.55017,0,-0.1057452,0.02380407,0,0.4807687,7095.079,0.9842808,0.1118662,Straight,Down,0.01978234,-1.567406,TransSlide
508.4998,14.52325,0,-0.07736385,0.02380407,0,0.4754683,7095.66,0.9848568,0.1123068,Straight,Down,0.01978234,-1.577957,TransSlide
508.5398,14.49642,0,-0.03890991,0.02380407,0,0.4699652,7096.24,0.9852849,0.1127478,Straight,Down,0,-1.588493,TransSlide
508.5798,14.46968,0,0.03250122,0.02380407,0,0.4642874,7096.819,0.9856254,0.1131899,Straight,Down,0,-1.599007,TransSlide
508.6198,14.44303,0,0.08926392,0.02380407,0,0.4585027,7097.397,0.9860138,0.1136327,Straight,Down,0.01978234,-1.609505,TransSlide
508.6598,14.41646,0,0.1707494,0.02380407,0,0.4529005,7097.974,0.9864439,0.1140762,Straight,Down,0.01978234,-1.61998,TransSlide
508.6998,14.39009,0,0.2375829,0.02380407,0,0.4475694,7098.55,0.9866825,0.1145203,Straight,Down,0.01978234,-1.63044,TransSlide
508.7398,14.36382,0,0.2787817,0.02380407,0,0.442429,7099.125,0.98679,0.1149654,Straight,Down,0,-1.640877,TransSlide
508.7798,14.33761,0,0.3208959,0.02777142,0,0.4379147,7099.698,0.9869126,0.1154113,Straight,Down,0,-1.651291,TransSlide
508.8198,14.31215,0,0.3392065,0.02777142,0,0.4335619,7100.271,0.9875596,0.1158575,Straight,Down,0,-1.66169,TransSlide
508.8598,14.28691,0,0.3620982,0.03173877,0,0.4299603,7100.843,0.9887114,0.1163049,Straight,Down,0,-1.672066,TransSlide
508.8998,14.26256,0,0.3694224,0.04365606,0,0.4266641,7101.414,0.9898686,0.116753,Straight,Down,0.01978234,-1.682426,TransSlide
508.9398,14.24085,0,0.3694224,0.04762341,0,0.4233973,7101.983,0.990652,0.1172019,Straight,Down,0.01978234,-1.69278,TransSlide
508.9798,14.22023,0,0.3694224,0.04762341,0,0.4208271,7102.552,0.9913377,0.117651,Straight,Down,0.01978234,-1.70311,TransSlide
509.0198,14.19986,0,0.3694224,0.04762341,0,0.417771,7103.121,0.9918833,0.1181014,Straight,Down,0.01978234,-1.713425,TransSlide
509.0598,14.17958,0,0.3694224,0.04762341,0,0.4154991,7103.688,0.9925985,0.1185525,Straight,Down,0.01978234,-1.723724,TransSlide
509.0998,14.15938,0,0.3694224,0.05159075,0,0.413345,7104.254,0.9933373,0.1190044,Straight,Down,0,-1.734009,TransSlide
509.1398,14.13997,0,0.3694224,0.05159075,0,0.4107101,7104.82,0.994017,0.1194565,Straight,Down,0.01978234,-1.744286,TransSlide
509.1798,14.12081,0,0.3694224,0.05159075,0,0.4083479,7105.385,0.9947334,0.1199098,Straight,Down,0.01978234,-1.754547,TransSlide
509.2198,14.10176,0,0.3694224,0.05159075,0,0.4059916,7105.95,0.9953923,0.1203639,Straight,Down,0.01978234,-1.764793,TransSlide
509.2598,14.08279,0,0.3694224,0.05159075,0,0.4037522,7106.513,0.9960512,0.1208183,Straight,Down,0.01978234,-1.775024,TransSlide
509.2998,14.06388,0,0.3694224,0.05159075,0,0.4016861,7107.076,0.9968156,0.1212739,Straight,Down,0.01978234,-1.785248,TransSlide
509.3398,14.04478,0,0.3749156,0.05159075,0,0.4001193,7107.638,0.997588,0.1217302,Straight,Down,0.01978234,-1.795456,TransSlide
509.3798,14.02511,0,0.3804088,0.05159075,0,0.399002,7108.199,0.9991843,0.1221872,Straight,Down,0.02797646,-1.805656,TransSlide
509.4198,14.00565,0,0.3868175,0.05159075,0,0.396381,7108.759,1.000135,0.1226445,Right,Down,0.06255726,-1.815842,TransSlide
509.4598,13.98633,0,0.3932261,0.05159075,0,0.3914149,7109.319,1.000119,0.123103,Right,Down,0.0656106,-1.801849,TransSlide
509.4998,13.96709,0,0.3978038,0.05159075,0,0.3870834,7109.877,1.000415,0.1235623,Right,Down,0.0656106,-1.784187,TransSlide
509.5398,13.94791,0,0.3978038,0.05159075,0,0.3834598,7110.436,1.000762,0.1240217,Right,Down,0.0656106,-1.766533,TransSlide
509.5798,13.92827,0,0.3978038,0.05159075,0,0.3803406,7110.993,1.001898,0.1244825,Right,Down,0.0656106,-1.748924,TransSlide
509.6198,13.90859,0,0.3978038,0.05159075,0,0.3780017,7111.55,1.003415,0.1249439,Right,Down,0.0656106,-1.731339,TransSlide
509.6598,13.88891,0,0.3978038,0.05159075,0,0.3764496,7112.105,1.004709,0.1254061,Right,Down,0.06852804,-1.713783,TransSlide
509.6998,13.86926,0,0.3978038,0.05159075,0,0.3755163,7112.66,1.006344,0.1258685,Right,Down,0.0656106,-1.696251,TransSlide
509.7398,13.84993,0,0.3978038,0.05159075,0,0.3755388,7113.214,1.007353,0.1263322,Right,Down,0.06852804,-1.678757,TransSlide
509.7798,13.8309,0,0.3978038,0.05159075,0,0.3761796,7113.768,1.007677,0.1267965,Right,Down,0.0656106,-1.661278,TransSlide
509.8198,13.81218,0,0.3978038,0.05159075,0,0.3777956,7114.321,1.008102,0.1272613,Right,Down,0.06852804,-1.643829,TransSlide
509.8598,13.79365,0,0.3978038,0.05159075,0,0.3801174,7114.873,1.009512,0.127727,Right,Down,0.06852804,-1.626411,TransSlide
509.8998,13.77509,0,0.3913951,0.05159075,0,0.3832525,7115.424,1.010696,0.1281935,Right,Down,0.06852804,-1.609024,TransSlide
509.9398,13.75478,0,0.3913951,0.05159075,0,0.3871199,7115.974,1.012643,0.1286608,Right,Down,0.06852804,-1.591637,TransSlide
509.9798,13.73406,0,0.3794932,0.05159075,0,0.3919252,7116.524,1.015731,0.1291285,Right,Down,0.08622923,-1.574242,TransSlide
510.0198,13.71414,0,0.3630137,0.05159075,0,0.3936221,7117.073,1.014563,0.129597,Right,Down,0.1008706,-1.553284,TransSlide
510.0598,13.69468,0,0.3566051,0.05159075,0,0.3950471,7117.621,1.012864,0.1300665,Right,Down,0.1008706,-1.523949,TransSlide
510.0998,13.6754,0,0.3520274,0.05159075,0,0.397107,7118.168,1.011106,0.1305366,Right,Down,0.1008706,-1.494652,TransSlide
510.1398,13.6554,0,0.3520274,0.0555581,0,0.3999682,7118.714,1.009538,0.1310072,Right,Down,0.09891172,-1.465408,TransSlide
510.1798,13.63571,0,0.3520274,0.07539482,0,0.4034326,7119.26,1.009286,0.1314786,Right,Down,0.09891172,-1.436249,TransSlide
510.2198,13.6204,0,0.3511083,0.1111009,0,0.4076223,7119.805,1.009287,0.131951,Right,Down,0.09891172,-1.407158,TransSlide
510.2598,13.61275,0,0.3437841,0.1269856,0,0.4126209,7120.35,1.008914,0.1324237,Right,Down,0.09891172,-1.37812,TransSlide
510.2998,13.60926,0,0.3337133,0.1269856,0,0.4181406,7120.894,1.009762,0.1328974,Right,Down,0.09891172,-1.349106,TransSlide
510.3398,13.60531,0,0.3282201,0.1309529,0,0.4243267,7121.438,1.012165,0.1333717,Right,Down,0.09891172,-1.320099,TransSlide
510.3798,13.59941,0,0.3263891,0.142855,0,0.4311191,7121.982,1.016439,0.1338469,Right,Down,0.1083524,-1.291046,TransSlide
510.4198,13.59686,0,0.3254735,0.1706264,0,0.4371313,7122.526,1.01967,0.1343225,Right,Down,0.1251145,-1.261955,TransSlide
510.4598,13.6009,0,0.3154027,0.1825284,0,0.4409754,7123.07,1.018001,0.1347991,Right,Down,0.1282043,-1.22467,TransSlide
510.4998,13.60785,0,0.3080785,0.1864958,0,0.4451523,7123.614,1.01609,0.1352763,Right,Down,0.1266688,-1.185333,TransSlide
510.5398,13.6163,0,0.3025854,0.1864958,0,0.449875,7124.159,1.013943,0.135754,Right,Down,0.1266688,-1.145958,TransSlide
510.5798,13.62359,0,0.3025854,0.2023651,0,0.4554114,7124.704,1.011778,0.1362327,Right,Down,0.1282043,-1.106628,TransSlide
510.6198,13.63452,0,0.3025854,0.2103151,0,0.4617389,7125.249,1.010017,0.1367122,Right,Down,0.1266688,-1.067368,TransSlide
510.6598,13.64788,0,0.3025854,0.2222171,0,0.4686491,7125.794,1.010662,0.1371922,Right,Down,0.1266688,-1.028122,TransSlide
510.6998,13.66053,0,0.3099096,0.2261845,0,0.4761653,7126.341,1.015076,0.1376727,Right,Down,0.132704,-0.9887848,TransSlide
510.7398,13.67334,0,0.3373754,0.2261845,0,0.4844574,7126.888,1.021537,0.1381543,Right,Down,0.1467098,-0.9493484,TransSlide
510.7798,13.68663,0,0.3868175,0.2261845,0,0.4886967,7127.435,1.020772,0.1386365,Right,Down,0.1532334,-0.9046631,TransSlide
510.8198,13.70064,0,0.4353404,0.2261845,0,0.4940235,7127.983,1.019383,0.1391191,Right,Down,0.1532334,-0.8555069,TransSlide
510.8598,13.71524,0,0.4646373,0.2261845,0,0.5000209,7128.531,1.017338,0.1396028,Right,Down,0.1532334,-0.8062668,TransSlide
510.8998,13.73246,0,0.4875255,0.2261845,0,0.507088,7129.08,1.014031,0.1400872,Right,Down,0.1532334,-0.7570343,TransSlide
510.9398,13.74836,0,0.5049205,0.2261845,0,0.5146146,7129.63,1.012112,0.1405721,Right,Down,0.1532334,-0.7079163,TransSlide
510.9798,13.75863,0,0.540626,0.2301518,0,0.5229281,7130.18,1.016831,0.1410576,Right,Down,0.1594904,-0.6587067,TransSlide
511.0198,13.7695,0,0.6001389,0.2301518,0,0.5317715,7130.731,1.023469,0.1415441,Right,Down,0.174713,-0.6093979,TransSlide
511.0598,13.78059,0,0.6532395,0.2301518,0,0.5369968,7131.282,1.022896,0.1420313,Right,Down,0.1791368,-0.5539017,TransSlide
511.0998,13.79232,0,0.7246506,0.2301518,0,0.543558,7131.833,1.02174,0.142519,Right,Down,0.1791368,-0.4951401,TransSlide
511.1398,13.80445,0,0.7832444,0.2499886,0,0.5510908,7132.385,1.018431,0.1430073,Right,Down,0.1791368,-0.4363098,TransSlide
511.1798,13.82466,0,0.8445883,0.2499886,0,0.5593705,7132.938,1.014096,0.1434966,Right,Down,0.1791368,-0.3775177,TransSlide
511.2198,13.83725,0,0.8921957,0.2539559,0,0.5690981,7133.491,1.01941,0.1439866,Right,Down,0.1887116,-0.3186646,TransSlide
511.2598,13.85125,0,0.9251547,0.2539559,0,0.579069,7134.045,1.025381,0.1444767,Right,Down,0.2027088,-0.2597351,TransSlide
511.2998,13.86485,0,0.9562826,0.2539559,0,0.5865309,7134.599,1.024829,0.1449681,Right,Down,0.2046302,-0.1928635,TransSlide
511.3398,13.87788,0,0.9691,0.2658579,0,0.5959172,7135.154,1.023012,0.1454602,Right,Flat,0.2046302,-0.1245575,TransSlide
511.3798,13.89682,0,0.9800863,0.2737926,0,0.6061357,7135.709,1.01837,0.1459529,Right,Flat,0.2046302,-0.05620575,TransSlide
511.4198,13.91489,0,0.9855795,0.2936446,0,0.6178346,7136.266,1.020163,0.1464459,Right,Flat,0.2121421,0.01229858,TransSlide
511.4598,13.93404,0,0.9929037,0.297612,0,0.6309282,7136.823,1.027811,0.14694,Right,Flat,0.2272819,0.08084869,TransSlide
511.4998,13.95417,0,1.013961,0.3015793,0,0.6408018,7137.381,1.02687,0.1474348,Right,Up,0.2306999,0.1564255,TransSlide
511.5398,13.97314,0,1.039596,0.3015793,0,0.6526754,7137.94,1.024731,0.1479298,Right,Up,0.2306999,0.2344666,TransSlide
511.5798,14.00144,0,1.086291,0.3015793,0,0.6658189,7138.5,1.020091,0.148426,Right,Up,0.2298502,0.3126755,TransSlide
511.6198,14.02226,0,1.144885,0.3015793,0,0.6810492,7139.06,1.024809,0.1489229,Right,Up,0.2446942,0.3911514,TransSlide
511.6598,14.04051,0,1.178759,0.3055466,0,0.6960846,7139.622,1.028898,0.1494205,Right,Up,0.2564087,0.4713593,TransSlide
511.6998,14.05797,0,1.209887,0.3055466,0,0.7105482,7140.184,1.026867,0.1499182,Right,Up,0.2564087,0.5593262,TransSlide
511.7398,14.08126,0,1.227282,0.3055466,0,0.727074,7140.747,1.022921,0.1504172,Right,Up,0.2564087,0.6472931,TransSlide
511.7798,14.09777,0,1.243762,0.3055466,0,0.7456172,7141.31,1.02587,0.1509168,Right,Up,0.2705197,0.7357407,TransSlide
511.8198,14.11193,0,1.26665,0.3055466,0,0.7645919,7141.875,1.0308,0.1514166,Right,Up,0.2832403,0.8256836,TransSlide
511.8598,14.12485,0,1.284961,0.3055466,0,0.7826074,7142.44,1.02762,0.1519175,Right,Up,0.2832403,0.9235916,TransSlide
511.8998,14.15089,0,1.30419,0.3055466,0,0.802865,7143.006,1.023433,0.1524192,Right,Up,0.2853053,1.021446,TransSlide
511.9398,14.16702,0,1.321585,0.3134814,0,0.8249935,7143.572,1.025427,0.1529215,Right,Up,0.4626713,1.119514,TransSlide
511.9798,14.1822,0,1.356375,0.3174487,0,0.8472745,7144.14,1.025539,0.153424,Right,Up,0.8492672,1.220634,TransSlide
512.0198,14.19944,0,1.398489,0.3174487,0,0.8676186,7144.708,1.030449,0.1539277,Right,Up,0.9119305,1.207588,TransSlide
512.0598,14.22644,0,1.42504,0.3174487,0,0.8855445,7145.277,1.034191,0.1544317,Right,Up,0.8775957,1.161034,TransSlide
512.0998,14.26009,0,1.449759,0.3174487,0,0.9007593,7145.847,1.034027,0.1549371,Right,Up,0.8434873,1.115829,TransSlide
512.1398,14.27072,0,1.462576,0.3174487,0,0.9134046,7146.418,1.032882,0.1554423,Right,Up,0.8067285,1.071991,TransSlide
512.1798,14.2863,0,1.47814,0.3174487,0,0.9239354,7146.99,1.032398,0.1559483,Right,Up,0.7722777,1.029442,TransSlide
512.2198,14.31454,0,1.47814,0.3214161,0,0.9318552,7147.562,1.034013,0.1564557,Right,Up,0.7438844,0.9883423,TransSlide
512.2598,14.34586,0,1.47814,0.3214161,0,0.9372843,7148.136,1.036112,0.1569631,Right,Up,0.7154584,0.9487152,TransSlide
512.2998,14.36151,0,1.47814,0.3214161,0,0.9420326,7148.71,1.034488,0.1574719,Right,Up,0.6849989,0.9100723,TransSlide
512.3398,14.38797,0,1.47814,0.3214161,0,0.9453092,7149.285,1.034666,0.1579804,Right,Up,0.6596788,0.8724518,TransSlide
512.3798,14.39953,0,1.473563,0.3214161,0,0.9461719,7149.861,1.037005,0.1584898,Right,Up,0.6333472,0.8365479,TransSlide
512.4198,14.42969,0,1.461661,0.3214161,0,0.9470905,7150.438,1.035202,0.1590005,Right,Up,0.6068404,0.8012314,TransSlide
512.4598,14.45079,0,1.436026,0.3214161,0,0.9461285,7151.016,1.037827,0.159511,Right,Up,0.5834977,0.7672195,TransSlide
512.4998,14.46406,0,1.371939,0.3214161,0,0.9445397,7151.594,1.037346,0.1600224,Right,Up,0.5598809,0.7343292,TransSlide
512.5398,14.49734,0,1.30419,0.3214161,0,0.9428715,7152.174,1.036779,0.1605351,Right,Up,0.5363187,0.702034,TransSlide
512.5798,14.51266,0,1.214465,0.3214161,0,0.9391029,7152.754,1.038405,0.1610478,Right,Up,0.5173771,0.6713333,TransSlide
512.6198,14.53988,0,1.12749,0.3214161,0,0.9360538,7153.335,1.036944,0.161561,Right,Up,0.4933717,0.640831,TransSlide
512.6598,14.55798,0,1.073474,0.3214161,0,0.9307995,7153.917,1.039065,0.1620757,Right,Up,0.4768338,0.6119995,TransSlide
512.6998,14.58011,0,0.9983969,0.3253834,0,0.9267101,7154.5,1.038153,0.1625904,Right,Up,0.4528397,0.5832977,TransSlide
512.7398,14.60652,0,0.9498739,0.3293507,0,0.9202679,7155.084,1.039447,0.1631065,Right,Up,0.4414621,0.5561676,TransSlide
512.7798,14.62781,0,0.8784628,0.3452201,0,0.9147521,7155.669,1.0409,0.1636222,Right,Up,0.4168407,0.5292664,TransSlide
512.8198,14.66301,0,0.8070481,0.3491875,0,0.9080821,7156.256,1.038276,0.1641389,Right,Up,0.4068635,0.5034714,TransSlide
512.8598,14.68148,0,0.7676804,0.3491875,0,0.9008721,7156.843,1.04215,0.1646569,Right,Up,0.3886621,0.4784164,TransSlide
512.8998,14.7176,0,0.7017624,0.3610895,0,0.895493,7157.431,1.03773,0.1651747,Right,Up,0.3636945,0.453331,TransSlide
512.9398,14.75123,0,0.654155,0.3650568,0,0.8863957,7158.021,1.040459,0.1656933,Right,Up,0.3636945,0.4301453,TransSlide
512.9798,14.78265,0,0.6065476,0.3690242,0,0.8787041,7158.612,1.042756,0.1662133,Right,Up,0.3386196,0.4069138,TransSlide
513.0198,14.8222,0,0.5699229,0.3769741,0,0.8714393,7159.204,1.038075,0.1667332,Right,Up,0.3202056,0.3842087,TransSlide
513.0598,14.85594,0,0.5479503,0.3809415,0,0.8612151,7159.798,1.041255,0.1672535,Right,Up,0.3208161,0.3628998,TransSlide
513.0998,14.8894,0,0.5241466,0.3809415,0,0.8528013,7160.393,1.043772,0.1677754,Right,Up,0.3006659,0.341507,TransSlide
513.1398,14.92994,0,0.505836,0.3809415,0,0.8458965,7160.99,1.039412,0.1682973,Right,Up,0.2748253,0.3201828,TransSlide
513.1798,14.96745,0,0.4747081,0.3809415,0,0.8346173,7161.588,1.040794,0.1688196,Right,Up,0.2748253,0.3008423,TransSlide
513.2198,15.00399,0,0.4444957,0.3809415,0,0.8246142,7162.188,1.043208,0.1693434,Right,Up,0.2733977,0.2814102,TransSlide
513.2598,15.04071,0,0.4325938,0.3809415,0,0.815981,7162.79,1.042828,0.1698673,Right,Up,0.2446942,0.2619781,TransSlide
513.2998,15.07608,0,0.4271007,0.3809415,0,0.8070074,7163.393,1.040732,0.1703924,Right,Up,0.2264194,0.2432938,TransSlide
513.3398,15.11469,0,0.4271007,0.3809415,0,0.7951152,7163.997,1.041689,0.1709175,Right,Up,0.2255535,0.2260284,TransSlide
513.3798,15.15472,0,0.4271007,0.3809415,0,0.7841238,7164.603,1.043442,0.171443,Right,Up,0.2255535,0.2087097,TransSlide
513.4198,15.18672,0,0.4271007,0.3610895,0,0.7748058,7165.209,1.045617,0.1719701,Right,Up,0.2130625,0.1913681,TransSlide
513.4598,15.22017,0,0.4271007,0.3571222,0,0.7667371,7165.818,1.042788,0.1724971,Right,Up,0.1813082,0.173996,TransSlide
513.4998,15.25315,0,0.4271007,0.3491875,0,0.7547632,7166.428,1.04239,0.1730245,Right,Up,0.1713202,0.1583786,TransSlide
513.5398,15.28462,0,0.422523,0.3452201,0,0.7424871,7167.039,1.042892,0.1735535,Right,Flat,0.1701742,0.143486,TransSlide
513.5798,15.31522,0,0.405128,0.3412528,0,0.7309881,7167.651,1.04451,0.1740824,Right,Flat,0.1713202,0.1285782,TransSlide
513.6198,15.34043,0,0.3794932,0.3372854,0,0.7208278,7168.264,1.047144,0.174612,Right,Flat,0.1713202,0.1136475,TransSlide
513.6598,15.36646,0,0.3575206,0.3372854,0,0.7116678,7168.878,1.047123,0.1751429,Right,Flat,0.1619255,0.09867096,TransSlide
513.6998,15.39565,0,0.3318822,0.3372854,0,0.7033721,7169.494,1.044774,0.1756735,Right,Flat,0.1153499,0.0836792,TransSlide
513.7398,15.42459,0,0.3135717,0.3372854,0,0.6908829,7170.111,1.044459,0.1762049,Right,Flat,0.09691329,0.07058716,TransSlide
513.7798,15.45331,0,0.2796972,0.3372854,0,0.6771346,7170.729,1.045373,0.1767377,Right,Flat,0.09691329,0.05900574,TransSlide
513.8198,15.48056,0,0.2421606,0.3372854,0,0.6641716,7171.348,1.04655,0.1772702,Right,Flat,0.09691329,0.04743195,TransSlide
513.8598,15.5066,0,0.2119482,0.3333181,0,0.6521879,7171.968,1.047883,0.1778043,Right,Flat,0.09691329,0.03583527,TransSlide
513.8998,15.53467,0,0.1707494,0.3333181,0,0.6409246,7172.589,1.048678,0.1783383,Right,Flat,0.09487279,0.02420807,TransSlide
513.9398,15.56223,0,0.1524389,0.3333181,0,0.6304024,7173.211,1.049116,0.1788727,Right,Flat,0.09487279,0.01256561,TransSlide
513.9798,15.58953,0,0.140537,0.3333181,0,0.6205488,7173.834,1.049533,0.1794088,Right,Flat,0.09691329,0.0009078979,TransSlide
514.0198,15.61657,0,0.140537,0.3333181,0,0.6112645,7174.459,1.050318,0.1799444,Right,Flat,0.09691329,-0.01078033,TransSlide
514.0598,15.64268,0,0.140537,0.3333181,0,0.6027611,7175.084,1.049762,0.1804809,Right,Flat,0.09487279,-0.02249146,TransSlide
514.0998,15.66892,0,0.1286352,0.3333181,0,0.5949397,7175.711,1.049125,0.1810187,Right,Flat,0.09691329,-0.03421021,TransSlide
514.1398,15.69488,0,0.1057434,0.3333181,0,0.5875158,7176.338,1.047992,0.1815562,Right,Flat,0.0656106,-0.04593658,TransSlide
514.1798,15.72264,0,0.08010864,0.3333181,0,0.5791759,7176.967,1.047521,0.1820946,Straight,Flat,0,-0.05767822,TransSlide
514.2198,15.74987,0,0.05813599,0.3333181,0,0.5689327,7177.597,1.049171,0.1826342,Straight,Flat,0,-0.06539917,TransSlide
514.2598,15.77635,0,0.05722046,0.3333181,0,0.559214,7178.228,1.050737,0.1831736,Straight,Flat,-0.01978234,-0.07211304,TransSlide
514.2998,15.80257,0,0.05722046,0.3333181,0,0.5498072,7178.859,1.05233,0.1837145,Straight,Flat,-0.01978234,-0.07883453,TransSlide
514.3398,15.82946,0,0.05722046,0.3333181,0,0.5411218,7179.492,1.053339,0.1842553,Straight,Flat,-0.01978234,-0.08557892,TransSlide
514.3798,15.85663,0,0.05722046,0.3333181,0,0.532577,7180.126,1.053979,0.1847967,Straight,Flat,-0.01978234,-0.09233093,TransSlide
514.4198,15.88384,0,0.05264282,0.3333181,0,0.524405,7180.761,1.054288,0.1853395,Straight,Flat,-0.01978234,-0.09910583,TransSlide
514.4598,15.91091,0,0.04714966,0.3333181,0,0.5168489,7181.397,1.054428,0.1858819,Straight,Flat,0,-0.1058807,TransSlide
514.4998,15.93792,0,0.03890991,0.3333181,0,0.509516,7182.035,1.054538,0.1864252,Straight,Flat,-0.01978234,-0.1126709,TransSlide
514.5398,15.96482,0,0.02792358,0.3333181,0,0.5026705,7182.673,1.054674,0.1869698,Straight,Flat,-0.01978234,-0.1194611,TransSlide
514.5798,15.99162,0,0.02059937,0.3333181,0,0.4962221,7183.312,1.054793,0.1875141,Straight,Flat,0,-0.1262741,TransSlide
514.6198,16.01836,0,0.004119873,0.3333181,0,0.4901298,7183.953,1.05496,0.1880592,Straight,Flat,-0.01978234,-0.1330948,TransSlide
514.6598,16.04499,0,-0.01602173,0.3333181,0,0.4840103,7184.594,1.05527,0.1886056,Straight,Flat,-0.01978234,-0.1399231,TransSlide
514.6998,16.07156,0,-0.05813599,0.3333181,0,0.4781241,7185.237,1.055655,0.1891519,Straight,Flat,-0.01978234,-0.1467743,TransSlide
514.7398,16.09812,0,-0.0993365,0.3333181,0,0.4723274,7185.88,1.056024,0.1896986,Straight,Down,-0.01978234,-0.1536179,TransSlide
514.7798,16.12421,0,-0.1176471,0.3333181,0,0.4665624,7186.525,1.056672,0.1902469,Straight,Down,-0.01978234,-0.1604843,TransSlide
514.8198,16.15032,0,-0.1368731,0.3333181,0,0.4606018,7187.171,1.057064,0.190795,Straight,Down,-0.01978234,-0.1673584,TransSlide
514.8598,16.17649,0,-0.1469439,0.3333181,0,0.4548291,7187.818,1.056867,0.1913445,Straight,Down,0,-0.1742401,TransSlide
514.8998,16.20223,0,-0.1524371,0.3333181,0,0.4490223,7188.466,1.056649,0.1918936,Straight,Down,-0.01978234,-0.1811371,TransSlide
514.9398,16.22791,0,-0.1533526,0.3333181,0,0.4429292,7189.115,1.056782,0.1924435,Straight,Down,-0.01978234,-0.1880493,TransSlide
514.9798,16.25351,0,-0.1606768,0.3333181,0,0.4367652,7189.765,1.057159,0.1929948,Straight,Down,-0.01978234,-0.1949692,TransSlide
515.0198,16.27908,0,-0.1725787,0.3333181,0,0.4303532,7190.416,1.057422,0.1935459,Straight,Down,-0.01978234,-0.2018967,TransSlide
515.0598,16.30388,0,-0.1899755,0.3333181,0,0.423775,7191.067,1.057126,0.1940974,Straight,Down,-0.01978234,-0.2088394,TransSlide
515.0998,16.33073,0,-0.2265966,0.3333181,0,0.4184149,7191.72,1.056871,0.1946504,Straight,Down,-0.04423466,-0.2157822,TransSlide
515.1398,16.35695,0,-0.2861059,0.3333181,0,0.4172817,7192.374,1.058262,0.1952033,Left,Down,-0.09691329,-0.2227325,TransSlide
515.1798,16.38284,0,-0.3337151,0.3333181,0,0.4160008,7193.029,1.059518,0.1957566,Left,Down,-0.09891172,-0.22612,TransSlide
515.2198,16.40818,0,-0.399633,0.3333181,0,0.4140129,7193.686,1.060556,0.1963115,Left,Down,-0.09891172,-0.2295074,TransSlide
515.2598,16.43449,0,-0.4454112,0.3333181,0,0.4118263,7194.343,1.061144,0.1968662,Left,Down,-0.09891172,-0.2328873,TransSlide
515.2998,16.46065,0,-0.4939342,0.3333181,0,0.4088063,7195.001,1.061869,0.1974222,Left,Down,-0.09891172,-0.2362823,TransSlide
515.3398,16.4864,0,-0.523231,0.3333181,0,0.4053454,7195.66,1.062067,0.1979779,Left,Down,-0.09691329,-0.2396774,TransSlide
515.3798,16.51178,0,-0.5406278,0.3333181,0,0.4016497,7196.32,1.060935,0.1985343,Left,Down,-0.09891172,-0.2430801,TransSlide
515.4198,16.53728,0,-0.5653471,0.3333181,0,0.3971795,7196.981,1.059087,0.1990921,Left,Down,-0.09891172,-0.2464905,TransSlide
515.4598,16.56419,0,-0.5909818,0.3333181,0,0.3959812,7197.644,1.059035,0.1996497,Left,Down,-0.1101434,-0.2499084,TransSlide
515.4998,16.59047,0,-0.6486619,0.3333181,0,0.3963946,7198.307,1.060439,0.2002077,Left,Down,-0.132704,-0.2533188,TransSlide
515.5398,16.61535,0,-0.7191575,0.3333181,0,0.3961431,7198.972,1.062317,0.2007673,Left,Down,-0.132704,-0.2553024,TransSlide
515.5798,16.63943,0,-0.7676822,0.3333181,0,0.3948018,7199.637,1.064445,0.2013267,Left,Down,-0.132704,-0.2572861,TransSlide
515.6198,16.66458,0,-0.8152896,0.3333181,0,0.3923866,7200.304,1.066235,0.2018864,Left,Down,-0.132704,-0.2592697,TransSlide
515.6598,16.68802,0,-0.8372623,0.3333181,0,0.3891078,7200.971,1.064957,0.2024477,Left,Down,-0.132704,-0.2612686,TransSlide
515.6998,16.71502,0,-0.8390933,0.3333181,0,0.3854187,7201.64,1.063249,0.2030088,Left,Down,-0.132704,-0.2632599,TransSlide
515.7398,16.74163,0,-0.8390933,0.3333181,0,0.3861408,7202.309,1.064463,0.2035705,Left,Down,-0.1467098,-0.2652588,TransSlide
515.7798,16.76683,0,-0.8390933,0.3333181,0,0.385519,7202.979,1.06585,0.2041336,Left,Down,-0.1594904,-0.2669373,TransSlide
515.8198,16.79075,0,-0.8390933,0.3333181,0,0.3827051,7203.651,1.068599,0.2046963,Left,Down,-0.1582588,-0.267868,TransSlide
515.8598,16.8133,0,-0.8390933,0.3333181,0,0.3784073,7204.323,1.069621,0.2052604,Left,Down,-0.1582588,-0.2688141,TransSlide
515.8998,16.83769,0,-0.8390933,0.3333181,0,0.3732045,7204.997,1.067308,0.2058244,Left,Down,-0.1582588,-0.2697449,TransSlide
515.9398,16.86342,0,-0.8390933,0.3333181,0,0.371518,7205.671,1.066999,0.2063888,Left,Down,-0.1619255,-0.2706909,TransSlide
515.9798,16.88884,0,-0.8390933,0.3333181,0,0.3695515,7206.346,1.068022,0.2069547,Left,Down,-0.1758294,-0.271637,TransSlide
516.0198,16.91319,0,-0.8390933,0.3333181,0,0.3656903,7207.022,1.070764,0.2075204,Left,Down,-0.1802258,-0.2719498,TransSlide
516.0598,16.93269,0,-0.8390933,0.3333181,0,0.3606007,7207.7,1.071692,0.2080865,Left,Down,-0.1802258,-0.2720108,TransSlide
516.0998,16.95831,0,-0.8390933,0.3333181,0,0.3535258,7208.378,1.068958,0.2086543,Left,Down,-0.1802258,-0.2720718,TransSlide
516.1398,16.98366,0,-0.8326846,0.3333181,0,0.3514976,7209.057,1.069671,0.2092216,Left,Down,-0.1845175,-0.2721329,TransSlide
516.1798,17.00933,0,-0.8152896,0.3333181,0,0.3471406,7209.737,1.071057,0.2097896,Left,Down,-0.1978235,-0.2721939,TransSlide
516.2198,17.03173,0,-0.7804996,0.3333181,0,0.3410002,7210.418,1.074087,0.2103589,Left,Down,-0.199792,-0.271637,TransSlide
516.2598,17.05344,0,-0.7447922,0.3333181,0,0.3333573,7211.101,1.071644,0.2109278,Left,Down,-0.199792,-0.2709198,TransSlide
516.2998,17.07848,0,-0.737468,0.3333181,0,0.3279356,7211.784,1.071214,0.2114983,Left,Down,-0.199792,-0.2702026,TransSlide
516.3398,17.10434,0,-0.7154953,0.3333181,0,0.3228754,7212.468,1.072549,0.2120685,Left,Down,-0.2093567,-0.2694855,TransSlide
516.3798,17.12544,0,-0.702678,0.3333181,0,0.3154666,7213.152,1.075644,0.2126392,Left,Down,-0.2167048,-0.2685394,TransSlide
516.4198,17.14677,0,-0.6953537,0.3333181,0,0.3061733,7213.838,1.072638,0.2132113,Left,Down,-0.2167048,-0.2671432,TransSlide
516.4598,17.17203,0,-0.6907761,0.3333181,0,0.3007039,7214.524,1.073397,0.2137832,Left,Down,-0.2167048,-0.2657394,TransSlide
516.4998,17.19826,0,-0.6889451,0.3333181,0,0.2937352,7215.212,1.075655,0.2143557,Left,Down,-0.2264194,-0.2643356,TransSlide
516.5398,17.21756,0,-0.6733811,0.3333181,0,0.2844749,7215.9,1.076897,0.2149295,Left,Down,-0.23239,-0.2626495,TransSlide
516.5798,17.24113,0,-0.6669724,0.3333181,0,0.2754272,7216.59,1.074794,0.2155029,Left,Down,-0.23239,-0.2606277,TransSlide
516.6198,17.267,0,-0.6669724,0.3333181,0,0.2691009,7217.28,1.076412,0.2160771,Left,Down,-0.2349025,-0.2585983,TransSlide
516.6598,17.28873,0,-0.6669724,0.3333181,0,0.2605259,7217.972,1.079295,0.2166525,Left,Down,-0.2446942,-0.2565613,TransSlide
516.6998,17.30919,0,-0.6669724,0.3333181,0,0.2501803,7218.664,1.076335,0.2172276,Left,Down,-0.2470816,-0.254097,TransSlide
516.7398,17.33442,0,-0.6733811,0.3333181,0,0.2440574,7219.357,1.077537,0.2178034,Left,Down,-0.2470816,-0.2514801,TransSlide
516.7798,17.35859,0,-0.6788743,0.3333181,0,0.2361716,7220.051,1.080278,0.2183806,Left,Down,-0.254109,-0.248848,TransSlide
516.8198,17.38021,0,-0.6797898,0.3333181,0,0.2262743,7220.746,1.078586,0.2189575,Left,Down,-0.2601963,-0.2460632,TransSlide
516.8598,17.40312,0,-0.6797898,0.3333181,0,0.2197628,7221.442,1.078884,0.2195357,Left,Down,-0.2609472,-0.2428894,TransSlide
516.8998,17.4262,0,-0.6962693,0.3333181,0,0.2127015,7222.139,1.081476,0.2201135,Left,Down,-0.2654082,-0.2397079,TransSlide
516.9398,17.44905,0,-0.7502854,0.3333181,0,0.2033702,7222.836,1.079432,0.2206921,Left,Down,-0.2741124,-0.2364883,TransSlide
516.9798,17.47116,0,-0.8143741,0.3333181,0,0.1979575,7223.535,1.080127,0.2212719,Left,Down,-0.2733977,-0.2328033,TransSlide
517.0198,17.4932,0,-0.8848715,0.3333181,0,0.1916121,7224.235,1.082767,0.2218514,Left,Down,-0.2783625,-0.2291031,TransSlide
517.0598,17.51598,0,-0.920577,0.3293507,0,0.1828814,7224.935,1.080148,0.2224316,Left,Down,-0.2859903,-0.2253647,TransSlide
517.0998,17.53773,0,-0.9443808,0.3055466,0,0.1782512,7225.636,1.081599,0.2230131,Left,Down,-0.2859903,-0.2211761,TransSlide
517.1398,17.55055,0,-0.9681845,0.2539559,0,0.1723065,7226.338,1.084436,0.2235943,Left,Down,-0.2907402,-0.2169724,TransSlide
517.1798,17.55949,0,-0.9919882,0.2103151,0,0.164931,7227.041,1.081105,0.2241759,Left,Down,-0.2980514,-0.212738,TransSlide
517.2198,17.5567,0,-1.02678,0.1587244,0,0.1607878,7227.743,1.084248,0.224759,Left,Down,-0.2980514,-0.2080612,TransSlide
517.2598,17.53949,0,-1.056992,0.1349203,0,0.1543766,7228.444,1.084306,0.2253419,Left,Down,-0.3032579,-0.203392,TransSlide
517.2998,17.51832,0,-1.098191,0.09523156,0,0.1493571,7229.146,1.083556,0.2259261,Left,Down,-0.309643,-0.1986084,TransSlide
517.3398,17.48768,0,-1.121997,0.06746013,0,0.1448733,7229.845,1.086884,0.2265099,Left,Down,-0.309643,-0.1935043,TransSlide
517.3798,17.45237,0,-1.12749,0.05159075,0,0.1380774,7230.544,1.083242,0.2270943,Left,Down,-0.3177519,-0.1884079,TransSlide
517.4198,17.41279,0,-1.12749,0.03570611,0,0.1350241,7231.241,1.08663,0.2276801,Left,Down,-0.3208161,-0.1830826,TransSlide
517.4598,17.36955,0,-1.12749,0.01983673,0,0.1298782,7231.936,1.086597,0.2282654,Left,Down,-0.3238513,-0.1775894,TransSlide
517.4998,17.323,0,-1.128405,0.003967346,0,0.1257412,7232.629,1.086273,0.2288515,Left,Down,-0.3310224,-0.1721115,TransSlide
517.5398,17.273,0,-1.128405,0,0,0.122013,7233.321,1.089766,0.2294389,Left,Down,-0.3310224,-0.1662521,TransSlide
517.5798,17.22126,0,-1.128405,0,0,0.1164406,7234.01,1.086075,0.230026,Left,Down,-0.3374619,-0.160408,TransSlide
517.6198,17.17072,0,-1.117419,0,0,0.1138688,7234.697,1.089864,0.2306135,Left,Down,-0.3414966,-0.1543961,TransSlide
517.6598,17.12029,0,-1.098191,0,0,0.108988,7235.382,1.088297,0.2312024,Left,Flat,-0.3443497,-0.1481934,TransSlide
517.6998,17.06788,0,-1.038682,0,0,0.1058025,7236.065,1.090178,0.2317911,Left,Flat,-0.3511023,-0.1420135,TransSlide
517.7398,17.0183,0,-0.9791708,0,0,0.1017713,7236.746,1.091562,0.2323801,Left,Flat,-0.3516591,-0.1354904,TransSlide
517.7798,16.96576,0,-0.93431,0,0,0.09787223,7237.425,1.090164,0.2329707,Left,Flat,-0.358274,-0.1289673,TransSlide
517.8198,16.91703,0,-0.9086752,0,0,0.09462517,7238.103,1.09371,0.2335609,Left,Flat,-0.3615361,-0.1222839,TransSlide
517.8598,16.86688,0,-0.9086752,0,0,0.0901891,7238.778,1.090237,0.2341525,Left,Flat,-0.365305,-0.1154404,TransSlide
517.8998,16.8174,0,-0.9086752,0,0,0.0883182,7239.451,1.094372,0.2347438,Left,Flat,-0.3711503,-0.1085663,TransSlide
517.9398,16.76816,0,-0.9086752,0,0,0.08396736,7240.123,1.090539,0.2353354,Left,Flat,-0.3727285,-0.1014252,TransSlide
517.9798,16.71717,0,-0.9086752,0,0,0.08260864,7240.792,1.094709,0.2359286,Left,Flat,-0.3789758,-0.09429932,TransSlide
518.0198,16.66921,0,-0.9086752,0,0,0.07936546,7241.459,1.093287,0.2365214,Left,Flat,-0.3800071,-0.08693695,TransSlide
518.0598,16.61809,0,-0.9086752,0,0,0.07762513,7242.125,1.095473,0.2371145,Left,Flat,-0.3861367,-0.07952118,TransSlide
518.0998,16.57073,0,-0.9086752,0,0,0.07527885,7242.789,1.095635,0.2377092,Left,Flat,-0.3891652,-0.07197571,TransSlide
518.1398,16.51807,0,-0.9086752,0,0,0.07395577,7243.45,1.096223,0.2383036,Left,Flat,-0.3936644,-0.06428528,TransSlide
518.1798,16.46966,0,-0.9086752,0,0,0.07246378,7244.11,1.099306,0.2388983,Left,Flat,-0.3976209,-0.05653381,TransSlide
518.2198,16.41892,0,-0.9086752,0,0,0.07186753,7244.768,1.096835,0.2394947,Left,Flat,-0.4010509,-0.04857635,TransSlide
518.2598,16.36943,0,-0.9086752,0,0,0.07154635,7245.423,1.098139,0.2400904,Left,Flat,-0.4063823,-0.04062653,TransSlide
518.2998,16.31989,0,-0.9086752,0,0,0.07211122,7246.076,1.097146,0.2406876,Left,Flat,-0.4083038,-0.03240967,TransSlide
518.3398,16.26913,0,-0.9050131,0,0,0.07334325,7246.727,1.094741,0.2412845,Left,Flat,-0.4140146,-0.02423859,TransSlide
518.3798,16.21834,0,-0.8976889,0,0,0.07400149,7247.375,1.098294,0.2418817,Left,Flat,-0.4125943,-0.01584625,TransSlide
518.4198,16.16695,0,-0.8747989,0,0,0.07711837,7248.022,1.095706,0.2424805,Left,Flat,-0.4083038,-0.00743866,TransSlide
518.4598,16.11534,0,-0.8509952,0,0,0.0771881,7248.667,1.100689,0.2430789,Left,Flat,-0.4073442,0.02171326,TransSlide
518.4998,16.06488,0,-0.8262759,0,0,0.08239982,7249.311,1.098183,0.2436776,Left,Flat,-0.3951527,0.05901337,TransSlide
518.5398,16.01221,0,-0.8134586,0,0,0.08471355,7249.952,1.099638,0.2442779,Left,Flat,-0.3881583,0.09976959,TransSlide
518.5798,15.96246,0,-0.8134586,0,0,0.08894312,7250.591,1.101406,0.2448778,Left,Flat,-0.3810355,0.1448822,TransSlide
518.6198,15.90998,0,-0.8134586,0,0,0.09350163,7251.228,1.099466,0.2454782,Left,Up,-0.3700944,0.1895981,TransSlide
518.6598,15.85762,0,-0.8134586,0,0,0.09567782,7251.863,1.104358,0.24608,Left,Up,-0.3685048,0.2320404,TransSlide
518.6998,15.8057,0,-0.8134586,0,0,0.1024904,7252.496,1.102232,0.2466812,Left,Up,-0.3571801,0.274353,TransSlide
518.7398,15.75337,0,-0.8189517,0,0,0.1069427,7253.126,1.101491,0.2472831,Left,Up,-0.3522151,0.315155,TransSlide
518.7798,15.702,0,-0.8189517,0,0,0.1106555,7253.754,1.105689,0.2478863,Left,Up,-0.3466151,0.3549118,TransSlide
518.8198,15.65043,0,-0.8189517,0,0,0.1174557,7254.381,1.103794,0.248489,Left,Up,-0.3351346,0.3944931,TransSlide
518.8598,15.59805,0,-0.8189517,0,0,0.121934,7255.005,1.103685,0.2490932,Left,Up,-0.3345502,0.4318085,TransSlide
518.8998,15.54541,0,-0.8189517,0,0,0.1260074,7255.628,1.107152,0.2496971,Left,Up,-0.3268584,0.4689026,TransSlide
518.9398,15.49396,0,-0.8143741,0,0,0.1332434,7256.249,1.105684,0.2503014,Left,Up,-0.3171355,0.505722,TransSlide
518.9798,15.4417,0,-0.8097965,0,0,0.1383691,7256.867,1.10463,0.2509071,Left,Up,-0.3171355,0.5402679,TransSlide
519.0198,15.38871,0,-0.7960635,0.01190204,0,0.1419579,7257.482,1.109181,0.2515122,Left,Up,-0.309643,0.5747528,TransSlide
519.0598,15.33857,0,-0.7722598,0.03173877,0,0.1497631,7258.096,1.108187,0.252118,Left,Up,-0.2993615,0.6090775,TransSlide
519.0998,15.29328,0,-0.7383835,0.04365606,0,0.1555621,7258.708,1.10691,0.2527251,Left,Up,-0.2993615,0.6410828,TransSlide
519.1398,15.25002,0,-0.702678,0.04365606,0,0.1601106,7259.319,1.109349,0.2533317,Left,Up,-0.2960753,0.6730347,TransSlide
519.1798,15.20642,0,-0.6953537,0.04365606,0,0.166225,7259.928,1.110615,0.253939,Left,Up,-0.2853053,0.7048874,TransSlide
519.2198,15.16412,0,-0.6916916,0.04365606,0,0.1731859,7260.535,1.109693,0.2545475,Left,Up,-0.2825486,0.7351685,TransSlide
519.2598,15.12235,0,-0.6916916,0.04762341,0,0.178472,7261.14,1.108755,0.2551557,Left,Up,-0.2818553,0.7646713,TransSlide
519.2998,15.07989,0,-0.6907761,0.06349279,0,0.1818648,7261.744,1.112812,0.2557653,Left,Up,-0.2733977,0.7941208,TransSlide
519.3398,15.041,0,-0.7072556,0.08332952,0,0.1892337,7262.346,1.112689,0.2563742,Left,Up,-0.2654082,0.823082,TransSlide
519.3798,15.0073,0,-0.7191575,0.0991989,0,0.1953659,7262.946,1.111908,0.2569839,Left,Up,-0.2654082,0.8502579,TransSlide
519.4198,14.9776,0,-0.7429612,0.1269856,0,0.1999651,7263.545,1.111287,0.2575948,Left,Up,-0.2646699,0.877388,TransSlide
519.4598,14.95204,0,-0.7557786,0.142855,0,0.202478,7264.144,1.115375,0.2582052,Left,Up,-0.2548778,0.90448,TransSlide
519.4998,14.92985,0,-0.7566941,0.154757,0,0.2091844,7264.741,1.115252,0.2588163,Left,Up,-0.2486604,0.9306641,TransSlide
519.5398,14.91067,0,-0.7566941,0.1706264,0,0.2143527,7265.338,1.114561,0.2594287,Left,Up,-0.2486604,0.9556046,TransSlide
519.5798,14.89785,0,-0.7566941,0.1825284,0,0.2181271,7265.934,1.112965,0.2600404,Left,Up,-0.2486604,0.9805069,TransSlide
519.6198,14.88421,0,-0.7566941,0.1944305,0,0.2197345,7266.529,1.116567,0.2606529,Left,Up,-0.2390311,1.005402,TransSlide
519.6598,14.8731,0,-0.7566941,0.2222171,0,0.2243852,7267.124,1.117452,0.2612667,Left,Up,-0.23239,1.029541,TransSlide
519.6998,14.86769,0,-0.7566941,0.2499886,0,0.2291123,7267.719,1.117489,0.2618801,Left,Up,-0.23239,1.052368,TransSlide
519.7398,14.86902,0,-0.7566941,0.2698253,0,0.2328649,7268.313,1.115922,0.2624937,Left,Up,-0.23239,1.075188,TransSlide
519.7798,14.87795,0,-0.7566941,0.27776,0,0.2346266,7268.908,1.116581,0.2631089,Left,Up,-0.2264194,1.098022,TransSlide
519.8198,14.88426,0,-0.7566941,0.2817273,0,0.2354421,7269.503,1.120056,0.2637237,Left,Up,-0.2167048,1.120773,TransSlide
519.8598,14.89123,0,-0.7539475,0.2817273,0,0.2400572,7270.099,1.120321,0.2643398,Left,Up,-0.2167048,1.141624,TransSlide
519.8998,14.89745,0,-0.7493699,0.2817273,0,0.243527,7270.695,1.120081,0.2649553,Left,Up,-0.2167048,1.162468,TransSlide
519.9398,14.90695,0,-0.7392991,0.2856947,0,0.2455002,7271.291,1.118323,0.2655714,Left,Up,-0.2167048,1.183319,TransSlide
519.9798,14.91618,0,-0.7328904,0.2856947,0,0.2456013,7271.888,1.119985,0.2661889,Left,Up,-0.2065338,1.20417,TransSlide
520.0198,14.92415,0,-0.720073,0.2856947,0,0.2454827,7272.484,1.122993,0.266806,Left,Up,-0.2007689,1.224358,TransSlide
520.0598,14.93206,0,-0.7081711,0.309514,0,0.2482354,7273.082,1.123118,0.2674233,Left,Up,-0.2007689,1.243256,TransSlide
520.0998,14.94428,0,-0.6953537,0.309514,0,0.250001,7273.679,1.122817,0.2680421,Left,Up,-0.2007689,1.262154,TransSlide
520.1398,14.95874,0,-0.6559861,0.309514,0,0.2502264,7274.277,1.12137,0.2686605,Left,Up,-0.199792,1.281067,TransSlide
520.1798,14.97396,0,-0.6257719,0.309514,0,0.2484989,7274.876,1.122295,0.2692792,Left,Up,-0.1907741,1.29998,TransSlide
520.2198,14.98581,0,-0.6001371,0.3134814,0,0.244709,7275.476,1.126083,0.2698994,Left,Up,-0.1855749,1.318153,TransSlide
520.2598,14.99913,0,-0.5891508,0.3134814,0,0.2452712,7276.075,1.126647,0.2705192,Left,Up,-0.1845175,1.335152,TransSlide
520.2998,15.01227,0,-0.5845731,0.3134814,0,0.2450666,7276.676,1.126625,0.2711394,Left,Up,-0.1845175,1.352165,TransSlide
520.3398,15.02643,0,-0.5772489,0.3134814,0,0.2436428,7277.276,1.125033,0.271761,Left,Up,-0.1855749,1.369179,TransSlide
520.3798,15.04193,0,-0.5598539,0.3134814,0,0.2408165,7277.878,1.12297,0.2723819,Left,Up,-0.1780411,1.386192,TransSlide
520.4198,15.05608,0,-0.5186534,0.3134814,0,0.2363235,7278.48,1.123748,0.2730043,Left,Up,-0.1701742,1.403091,TransSlide
520.4598,15.06835,0,-0.4783702,0.3134814,0,0.2318475,7279.083,1.125364,0.2736263,Left,Up,-0.1701742,1.418152,TransSlide
520.4998,15.08084,0,-0.4591441,0.3134814,0,0.2317673,7279.686,1.12512,0.2742486,Left,Up,-0.1701742,1.433228,TransSlide
520.5398,15.09361,0,-0.4408336,0.3134814,0,0.230729,7280.289,1.124532,0.2748723,Left,Up,-0.1690205,1.448318,TransSlide
520.5798,15.10673,0,-0.4335093,0.3134814,0,0.2285904,7280.893,1.123644,0.2754956,Left,Up,-0.1690205,1.463409,TransSlide
520.6198,15.12037,0,-0.4298472,0.3134814,0,0.2256889,7281.498,1.122569,0.2761192,Left,Up,-0.1619255,1.4785,TransSlide
520.6598,15.13575,0,-0.4298472,0.3134814,0,0.2217329,7282.103,1.123618,0.2767442,Left,Up,-0.1545051,1.493317,TransSlide
520.6998,15.14701,0,-0.4298472,0.3134814,0,0.2161709,7282.708,1.126974,0.2773689,Left,Up,-0.1545051,1.506401,TransSlide
520.7398,15.15874,0,-0.4298472,0.3134814,0,0.2142904,7283.315,1.128646,0.2779939,Left,Up,-0.1545051,1.519493,TransSlide
520.7798,15.17062,0,-0.4298472,0.3134814,0,0.2130037,7283.921,1.129348,0.2786203,Left,Up,-0.1545051,1.532593,TransSlide
520.8198,15.18319,0,-0.4298472,0.3134814,0,0.2108542,7284.529,1.129974,0.279246,Left,Up,-0.1532334,1.5457,TransSlide
520.8598,15.19684,0,-0.4298472,0.3134814,0,0.2075591,7285.136,1.130307,0.2798733,Left,Up,-0.1506579,1.558815,TransSlide
520.8998,15.20906,0,-0.4298472,0.3134814,0,0.2030866,7285.745,1.130041,0.2805001,Left,Up,-0.1412742,1.571915,TransSlide
520.9398,15.22239,0,-0.4298472,0.3134814,0,0.1975615,7286.354,1.13157,0.2811271,Left,Up,-0.1384764,1.583778,TransSlide
520.9798,15.23324,0,-0.4298472,0.3134814,0,0.1907346,7286.963,1.134524,0.2817556,Left,Up,-0.1384764,1.594833,TransSlide
521.0198,15.24426,0,-0.4161143,0.3134814,0,0.1866437,7287.572,1.136295,0.2823837,Left,Up,-0.1370561,1.605881,TransSlide
521.0598,15.25543,0,-0.3749138,0.3134814,0,0.1845036,7288.183,1.136459,0.2830121,Left,Up,-0.1370561,1.616951,TransSlide
521.0998,15.26724,0,-0.3208977,0.3134814,0,0.1810756,7288.793,1.136451,0.2836419,Left,Up,-0.1384764,1.628014,TransSlide
521.1398,15.28062,0,-0.2201879,0.3174487,0,0.1765822,7289.404,1.136458,0.2842711,Left,Up,-0.1384764,1.639091,TransSlide
521.1798,15.29235,0,-0.1432818,0.3372854,0,0.1711783,7290.016,1.136517,0.2849008,Left,Up,-0.1282043,1.650154,TransSlide
521.2198,15.30884,0,-0.05264282,0.3491875,0,0.1649182,7290.628,1.13633,0.2855319,Left,Up,-0.1219466,1.660484,TransSlide
521.2598,15.3287,0,0.02334595,0.3650568,0,0.1575535,7291.241,1.138008,0.2861623,Left,Up,-0.1219466,1.669403,TransSlide
521.2998,15.351,0,0.06912231,0.3690242,0,0.1494012,7291.854,1.140551,0.2867933,Left,Up,-0.1219466,1.678345,TransSlide
521.3398,15.37375,0,0.110321,0.3690242,0,0.1439702,7292.469,1.142352,0.2874255,Left,Up,-0.1219466,1.687302,TransSlide
521.3798,15.39673,0,0.1277196,0.3690242,0,0.1415751,7293.085,1.142591,0.2880574,Left,Up,-0.1219466,1.696259,TransSlide
521.4198,15.42,0,0.1368749,0.3690242,0,0.1385904,7293.702,1.142598,0.2886905,Left,Up,-0.1203313,1.705238,TransSlide
521.4598,15.44463,0,0.1368749,0.3690242,0,0.1350148,7294.319,1.142789,0.289323,Left,Up,-0.1219466,1.714233,TransSlide
521.4998,15.4671,0,0.1368749,0.3690242,0,0.1312892,7294.938,1.143366,0.2899561,Left,Up,-0.1153499,1.723228,TransSlide
521.5398,15.48932,0,0.1368749,0.3690242,0,0.1274808,7295.557,1.143792,0.2905904,Left,Up,-0.1065312,1.731842,TransSlide
521.5798,15.5119,0,0.1368749,0.3690242,0,0.1235302,7296.177,1.143948,0.2912241,Left,Up,-0.1046783,1.73851,TransSlide
521.6198,15.53529,0,0.1368749,0.3729915,0,0.1193734,7296.798,1.145374,0.2918584,Left,Up,-0.1065312,1.745201,TransSlide
521.6598,15.55934,0,0.1368749,0.3729915,0,0.1151144,7297.42,1.147386,0.292494,Left,Up,-0.1046783,1.751892,TransSlide
521.6998,15.58169,0,0.1368749,0.3729915,0,0.1113769,7298.043,1.149678,0.2931289,Left,Up,-0.1046783,1.758591,TransSlide
521.7398,15.60445,0,0.1368749,0.3729915,0,0.1139947,7298.667,1.149646,0.2937644,Left,Up,-0.1046783,1.765305,TransSlide
521.7798,15.62739,0,0.1185644,0.3729915,0,0.1161442,7299.292,1.149418,0.2944012,Left,Up,-0.1046783,1.772026,TransSlide
521.8198,15.65052,0,0.1048279,0.3729915,0,0.1181027,7299.918,1.148888,0.2950375,Left,Up,-0.1046783,1.778763,TransSlide
521.8598,15.67336,0,0.09292603,0.3729915,0,0.1198519,7300.545,1.148723,0.2956751,Left,Up,-0.1027921,1.785507,TransSlide
521.8998,15.69607,0,0.0819397,0.3729915,0,0.1215756,7301.173,1.149112,0.296312,Left,Up,-0.09065409,1.792244,TransSlide
521.9398,15.71851,0,0.08010864,0.3729915,0,0.1232288,7301.801,1.14949,0.2969496,Left,Up,-0.08622923,1.797264,TransSlide
521.9798,15.74107,0,0.07553101,0.3729915,0,0.1249637,7302.431,1.149565,0.2975883,Left,Up,-0.08846933,1.801384,TransSlide
522.0198,15.76353,0,0.05722046,0.3809415,0,0.1265777,7303.061,1.149672,0.2982264,Left,Up,-0.08622923,1.805504,TransSlide
522.0598,15.78789,0,0.02792358,0.4007782,0,0.1281898,7303.692,1.150932,0.2988651,Left,Up,-0.08622923,1.809624,TransSlide
522.0998,15.81738,0,-0.0050354,0.4007782,0,0.1301444,7304.325,1.152329,0.2995051,Left,Up,-0.08846933,1.813744,TransSlide
522.1398,15.84411,0,-0.05355835,0.4007782,0,0.1322454,7304.958,1.154228,0.3001446,Left,Up,-0.08622923,1.817886,TransSlide
522.1798,15.8722,0,-0.1112384,0.4007782,0,0.1410211,7305.593,1.154478,0.3007843,Left,Up,-0.08846933,1.822021,TransSlide
522.2198,15.90044,0,-0.2092016,0.4166476,0,0.1504759,7306.229,1.154634,0.3014254,Left,Up,-0.08622923,1.82618,TransSlide
522.2598,15.93202,0,-0.3273064,0.4245823,0,0.1598878,7306.866,1.154631,0.3020661,Left,Up,-0.08846933,1.83033,TransSlide
522.2998,15.96503,0,-0.4042107,0.4404517,0,0.1691423,7307.504,1.154753,0.3027068,Left,Up,-0.08622923,1.834496,TransSlide
522.3398,16.0004,0,-0.4518199,0.4483864,0,0.1781462,7308.144,1.155095,0.3033491,Left,Up,-0.07661668,1.838661,TransSlide
522.3798,16.03791,0,-0.4527354,0.4483864,0,0.1868603,7308.785,1.155733,0.3039909,Left,Up,-0.06852804,1.841782,TransSlide
522.4198,16.07554,0,-0.4463267,0.464271,0,0.1952272,7309.427,1.156545,0.304634,Left,Up,-0.0656106,1.842682,TransSlide
522.4598,16.11666,0,-0.4454112,0.4682384,0,0.203008,7310.071,1.157399,0.3052766,Left,Up,-0.0656106,1.843567,TransSlide
522.4998,16.15805,0,-0.4417491,0.4682384,0,0.2104242,7310.717,1.158015,0.3059193,Left,Up,-0.0656106,1.84446,TransSlide
522.5398,16.2003,0,-0.4335093,0.4682384,0,0.217573,7311.365,1.158251,0.3065635,Left,Up,-0.0656106,1.845352,TransSlide
522.5798,16.24206,0,-0.4234385,0.4682384,0,0.2242341,7312.014,1.159048,0.3072072,Left,Up,-0.0656106,1.846245,TransSlide
522.6198,16.28417,0,-0.4161143,0.4682384,0,0.2303369,7312.665,1.160185,0.307851,Left,Up,-0.0656106,1.847137,TransSlide
522.6598,16.32602,0,-0.4005486,0.4722057,0,0.2358621,7313.318,1.161176,0.3084964,Left,Up,-0.0656106,1.848038,TransSlide
522.6998,16.36815,0,-0.3868157,0.4722057,0,0.2410013,7313.972,1.161675,0.3091412,Left,Up,-0.0656106,1.848938,TransSlide
522.7398,16.41097,0,-0.3675896,0.4880751,0,0.2484873,7314.628,1.161976,0.3097862,Left,Up,-0.0656106,1.849831,TransSlide
522.7798,16.45649,0,-0.3456169,0.4920424,0,0.2615344,7315.286,1.162742,0.3104326,Left,Up,-0.0656106,1.850731,TransSlide
522.8198,16.5033,0,-0.3108269,0.4960098,0,0.2738891,7315.945,1.163295,0.3110786,Left,Up,-0.0656106,1.851631,TransSlide
522.8598,16.55062,0,-0.2677953,0.4960098,0,0.2855132,7316.607,1.163963,0.3117258,Left,Up,-0.06852804,1.852531,TransSlide
522.8998,16.5987,0,-0.2366674,0.4960098,0,0.2965379,7317.271,1.164385,0.3123724,Left,Up,-0.05934703,1.853447,TransSlide
522.9398,16.64658,0,-0.1844823,0.4960098,0,0.3069509,7317.936,1.164755,0.3130192,Straight,Up,-0.02797646,1.854347,TransSlide
522.9798,16.6943,0,-0.1469439,0.4960098,0,0.3167327,7318.604,1.165167,0.3136675,Straight,Up,0,1.848976,TransSlide
523.0198,16.74178,0,-0.100252,0.4999771,0,0.3258528,7319.273,1.165594,0.3143153,Straight,Up,-0.01978234,1.840157,TransSlide
523.0598,16.78976,0,-0.06637752,0.4999771,0,0.3342252,7319.944,1.165845,0.3149632,Straight,Up,-0.01978234,1.831306,TransSlide
523.0998,16.83782,0,-0.05264282,0.4999771,0,0.3419409,7320.618,1.166311,0.3156126,Straight,Up,-0.01978234,1.822441,TransSlide
523.1398,16.88574,0,-0.04074097,0.4999924,0,0.3491203,7321.293,1.166781,0.3162614,Straight,Up,0,1.813545,TransSlide
523.1798,16.93355,0,-0.03433228,0.4999924,0,0.3558461,7321.97,1.167389,0.3169106,Straight,Up,-0.01978234,1.804626,TransSlide
523.2198,16.98127,0,-0.0151062,0.5117113,0,0.3618164,7322.649,1.168071,0.3175611,Straight,Up,0,1.795685,TransSlide
523.2598,17.03061,0,0.02243042,0.5156176,0,0.3671688,7323.331,1.168639,0.3182108,Straight,Up,-0.01978234,1.78672,TransSlide
523.2998,17.0814,0,0.05630493,0.5156176,0,0.3722166,7324.014,1.169207,0.318861,Straight,Up,-0.01978234,1.777733,TransSlide
523.3398,17.13208,0,0.08926392,0.5156176,0,0.3766631,7324.699,1.169708,0.3195125,Straight,Up,-0.01978234,1.768715,TransSlide
523.3798,17.18259,0,0.1002502,0.5156176,0,0.3809078,7325.386,1.1703,0.3201633,Straight,Up,-0.01978234,1.759674,TransSlide
523.4198,17.23299,0,0.1048279,0.5156176,0,0.3849328,7326.075,1.170931,0.3208155,Straight,Up,-0.01978234,1.750603,TransSlide
523.4598,17.2833,0,0.1048279,0.4920424,0,0.3885278,7326.766,1.171376,0.3214672,Straight,Up,-0.01978234,1.741508,TransSlide
523.4998,17.32812,0,0.1048279,0.4880751,0,0.3920933,7327.458,1.171897,0.3221192,Straight,Up,-0.01978234,1.732391,TransSlide
523.5398,17.3723,0,0.1048279,0.4841077,0,0.3953613,7328.153,1.172333,0.3227724,Straight,Up,-0.01978234,1.723251,TransSlide
523.5798,17.41518,0,0.1048279,0.4841077,0,0.3983991,7328.849,1.172944,0.323425,Straight,Up,-0.01978234,1.714088,TransSlide
523.6198,17.45802,0,0.1048279,0.4841077,0,0.4013649,7329.547,1.17357,0.324078,Straight,Up,-0.01978234,1.70491,TransSlide
523.6598,17.50069,0,0.1048279,0.4801404,0,0.4041575,7330.247,1.174327,0.3247323,Straight,Up,-0.01978234,1.695702,TransSlide
523.6998,17.54229,0,0.1057434,0.4801404,0,0.4067591,7330.948,1.175027,0.3253858,Straight,Up,-0.01978234,1.68647,TransSlide
523.7398,17.58389,0,0.1112366,0.4801404,0,0.4092809,7331.651,1.175698,0.3260399,Straight,Up,-0.01978234,1.677216,TransSlide
523.7798,17.62528,0,0.1112366,0.476173,0,0.4117527,7332.355,1.176383,0.3266952,Straight,Up,-0.01978234,1.667946,TransSlide
523.8198,17.66563,0,0.1112366,0.476173,0,0.4144461,7333.062,1.177108,0.3273498,Straight,Up,-0.01978234,1.658653,TransSlide
523.8598,17.70596,0,0.1057434,0.476173,0,0.4170984,7333.77,1.177886,0.328006,Straight,Up,-0.01978234,1.649338,TransSlide
523.8998,17.74614,0,0.07644653,0.476173,0,0.4198004,7334.479,1.178626,0.3286612,Straight,Up,-0.01978234,1.639999,TransSlide
523.9398,17.78621,0,0.02243042,0.4722057,0,0.4225872,7335.19,1.179462,0.3293169,Straight,Up,0,1.630646,TransSlide
523.9798,17.82514,0,-0.03433228,0.4722057,0,0.4254476,7335.903,1.180262,0.3299739,Straight,Up,-0.01978234,1.621269,TransSlide
524.0198,17.86424,0,-0.05264282,0.4722057,0,0.428194,7336.617,1.180892,0.3306301,Straight,Up,-0.01978234,1.61187,TransSlide
524.0598,17.90317,0,-0.05722046,0.4722057,0,0.4308363,7337.333,1.18159,0.3312869,Straight,Up,-0.01978234,1.602455,TransSlide
524.0998,17.94196,0,-0.05722046,0.4722057,0,0.4334356,7338.05,1.182425,0.3319449,Straight,Up,-0.01978234,1.593018,TransSlide
524.1398,17.98052,0,-0.05722046,0.4722057,0,0.4361182,7338.769,1.183627,0.3326021,Straight,Up,-0.01978234,1.583557,TransSlide
524.1798,18.01921,0,-0.05722046,0.4722057,0,0.4387538,7339.489,1.184821,0.3332598,Straight,Up,-0.01978234,1.574074,TransSlide
524.2198,18.05767,0,-0.05722046,0.4722057,0,0.441381,7340.211,1.185792,0.3339188,Straight,Up,-0.01978234,1.564575,TransSlide
524.2598,18.09621,0,-0.05722046,0.4722057,0,0.4439652,7340.935,1.186813,0.3345772,Straight,Up,-0.01978234,1.555054,TransSlide
524.2998,18.13456,0,-0.05722046,0.4722057,0,0.4465052,7341.66,1.187628,0.3352357,Straight,Up,-0.01978234,1.545509,TransSlide
524.3398,18.17281,0,-0.05722046,0.4722057,0,0.4491335,7342.386,1.188447,0.3358956,Straight,Up,-0.01978234,1.53595,TransSlide
524.3798,18.21079,0,-0.05722046,0.4722057,0,0.4517591,7343.114,1.189093,0.336555,Straight,Up,-0.01978234,1.526367,TransSlide
524.4198,18.24886,0,-0.05722046,0.4722057,0,0.4544599,7343.844,1.189778,0.3372155,Straight,Up,-0.01978234,1.516769,TransSlide
524.4598,18.28678,0,-0.07553279,0.4722057,0,0.4570882,7344.575,1.190338,0.3378753,Straight,Up,0,1.507149,TransSlide
524.4998,18.32461,0,-0.1112384,0.4722057,0,0.4597413,7345.308,1.190848,0.3385356,Straight,Up,-0.01978234,1.497505,TransSlide
524.5398,18.36226,0,-0.1652545,0.4722057,0,0.4621941,7346.042,1.191393,0.3391971,Straight,Up,-0.01978234,1.487846,TransSlide
524.5798,18.39986,0,-0.1963842,0.4722057,0,0.4645551,7346.777,1.191923,0.3398581,Straight,Up,-0.01978234,1.478157,TransSlide
524.6198,18.43437,0,-0.2265966,0.4722057,0,0.4668158,7347.514,1.191706,0.3405191,Straight,Up,0,1.468468,TransSlide
524.6598,18.47541,0,-0.2311742,0.4722057,0,0.4680691,7348.253,1.192013,0.3411815,Straight,Up,-0.01978234,1.458771,TransSlide
524.6998,18.51505,0,-0.2311742,0.4722057,0,0.4680579,7348.993,1.194656,0.3418434,Straight,Up,-0.01978234,1.449043,TransSlide
524.7398,18.55382,0,-0.2311742,0.4722057,0,0.4679289,7349.735,1.197157,0.3425053,Straight,Up,-0.01978234,1.439301,TransSlide
524.7798,18.58983,0,-0.2311742,0.4722057,0,0.4671819,7350.478,1.198811,0.3431687,Straight,Up,-0.01978234,1.429535,TransSlide
524.8198,18.63073,0,-0.2311742,0.4722057,0,0.4659418,7351.223,1.199489,0.3438315,Straight,Up,-0.01978234,1.419739,TransSlide
524.8598,18.67066,0,-0.2366674,0.4722057,0,0.4642987,7351.969,1.199626,0.3444955,Straight,Up,0.02797646,1.40992,TransSlide
524.8998,18.71019,0,-0.2430761,0.4722057,0,0.4621294,7352.717,1.199756,0.3451587,Right,Up,0.05595291,1.394211,TransSlide
524.9398,18.74931,0,-0.2430761,0.4880751,0,0.4595306,7353.467,1.199675,0.3458224,Right,Up,0.05595291,1.369499,TransSlide
524.9798,18.79063,0,-0.2430761,0.4920424,0,0.4566531,7354.218,1.199219,0.3464873,Right,Up,0.05595291,1.344742,TransSlide
525.0198,18.83328,0,-0.2330053,0.4920424,0,0.4531949,7354.971,1.199416,0.3471516,Right,Up,0.05595291,1.319946,TransSlide
525.0598,18.87705,0,-0.1972997,0.4920424,0,0.4492017,7355.726,1.200233,0.3478159,Right,Up,0.05595291,1.29509,TransSlide
525.0998,18.92018,0,-0.1524371,0.4920424,0,0.4448524,7356.482,1.201052,0.3484817,Right,Up,0.05595291,1.27018,TransSlide
525.1398,18.96233,0,-0.07095516,0.4960098,0,0.440235,7357.24,1.20104,0.3491469,Right,Up,0.05595291,1.245232,TransSlide
525.1798,19.0078,0,-0.0004577637,0.4960098,0,0.4314012,7358,1.201694,0.3498122,Right,Up,0.05595291,1.220222,TransSlide
525.2198,19.05322,0,0.04623413,0.4960098,0,0.4193967,7358.762,1.203108,0.3504789,Right,Up,0.05233916,1.19516,TransSlide
525.2598,19.09812,0,0.08102417,0.4960098,0,0.4069036,7359.525,1.204596,0.3511449,Right,Up,0.05595291,1.170044,TransSlide
525.2998,19.14191,0,0.08926392,0.4960098,0,0.3940467,7360.29,1.205382,0.3518113,Right,Up,0.05595291,1.144852,TransSlide
525.3398,19.18654,0,0.09384155,0.4960098,0,0.3810647,7361.057,1.205703,0.3524788,Right,Up,0.05595291,1.119591,TransSlide
525.3798,19.23158,0,0.09384155,0.4960098,0,0.3676507,7361.826,1.205103,0.3531455,Right,Up,0.07661668,1.094292,TransSlide
525.4198,19.27724,0,0.09384155,0.4960098,0,0.353943,7362.597,1.205963,0.3538136,Right,Up,0.08846933,1.064568,TransSlide
525.4598,19.32194,0,0.09384155,0.4960098,0,0.3397166,7363.37,1.206791,0.3544811,Right,Up,0.09065409,1.030273,TransSlide
525.4998,19.36749,0,0.09475708,0.4960098,0,0.3228646,7364.144,1.207505,0.3551487,Right,Up,0.09065409,0.9959106,TransSlide
525.5398,19.41292,0,0.1112366,0.4960098,0,0.3016129,7364.919,1.208307,0.3558177,Right,Up,0.08846933,0.9614639,TransSlide
525.5798,19.45904,0,0.140537,0.4960098,0,0.2799873,7365.697,1.209088,0.356486,Right,Up,0.09065409,0.926918,TransSlide
525.6198,19.50317,0,0.1707494,0.476173,0,0.2582532,7366.477,1.209295,0.3571547,Right,Up,0.08846933,0.8922882,TransSlide
525.6598,19.54625,0,0.2265966,0.4682384,0,0.2367404,7367.259,1.208658,0.3578245,Right,Up,0.09065409,0.8575897,TransSlide
525.6998,19.58784,0,0.2732885,0.464271,0,0.2145705,7368.042,1.210036,0.3584934,Right,Up,0.1027921,0.8228149,TransSlide
525.7398,19.62773,0,0.3254735,0.464271,0,0.1911356,7368.826,1.21115,0.3591629,Right,Up,0.1203313,0.7860336,TransSlide
525.7798,19.6664,0,0.3456151,0.4563211,0,0.1624882,7369.613,1.212355,0.3598335,Right,Up,0.1203313,0.7427902,TransSlide
525.8198,19.70432,0,0.3520274,0.4523537,0,0.1337955,7370.4,1.213023,0.3605033,Right,Up,0.1203313,0.6994324,TransSlide
525.8598,19.73982,0,0.3520274,0.444419,0,0.1054333,7371.19,1.212423,0.3611745,Right,Up,0.1203313,0.6560059,TransSlide
525.8998,19.77601,0,0.3520274,0.4404517,0,0.07710791,7371.98,1.212991,0.3618451,Right,Up,0.1203313,0.6125107,TransSlide
525.9398,19.81353,0,0.3501928,0.4364843,0,0.04657415,7372.773,1.214147,0.3625156,Right,Up,0.1266688,0.5689468,TransSlide
525.9798,19.84819,0,0.3208959,0.432517,0,0.01164538,7373.566,1.216019,0.3631879,Right,Up,0.1493534,0.5252075,TransSlide
526.0198,19.8817,0,0.2906835,0.4206149,0,-0.02276617,7374.361,1.217228,0.363859,Right,Up,0.1506579,0.473175,TransSlide
526.0598,19.91418,0,0.2623022,0.4047455,0,-0.05702895,7375.158,1.217674,0.3645306,Right,Up,0.1506579,0.4209976,TransSlide
526.0998,19.94459,0,0.2439916,0.3888762,0,-0.09110886,7375.955,1.217555,0.3652034,Right,Up,0.1506579,0.3687134,TransSlide
526.1398,19.96979,0,0.2256811,0.3729915,0,-0.1252279,7376.753,1.21749,0.3658753,Right,Up,0.1582588,0.3163452,TransSlide
526.1798,19.99125,0,0.2119482,0.3690242,0,-0.1585376,7377.553,1.217026,0.3665477,Right,Up,0.1802258,0.2631149,TransSlide
526.2198,20.01291,0,0.2018774,0.3690242,0,-0.1913894,7378.353,1.216489,0.3672213,Right,Up,0.1813082,0.2022629,TransSlide
526.2598,20.03492,0,0.1844823,0.3650568,0,-0.222717,7379.154,1.218869,0.367894,Right,Flat,0.1802258,0.1413193,TransSlide
526.2998,20.055,0,0.1661718,0.3650568,0,-0.2459372,7379.956,1.219392,0.3685672,Right,Flat,0.1170339,0.08029938,TransSlide
526.3398,20.07368,0,0.1295507,0.3650568,0,-0.267982,7380.759,1.219382,0.3692416,Left,Flat,-0.1607126,0.01918793,TransSlide
526.3798,20.09458,0,0.08743286,0.3650568,0,-0.289434,7381.563,1.218387,0.3699152,Left,Flat,-0.1607126,-0.004859924,TransSlide
526.4198,20.11654,0,0.05264282,0.3650568,0,-0.3104687,7382.367,1.219047,0.3705901,Left,Flat,-0.1619255,-0.028862,TransSlide
526.4598,20.13688,0,0.01602173,0.3650568,0,-0.3281385,7383.172,1.220814,0.3712641,Left,Flat,-0.1619255,-0.05289459,TransSlide
526.4998,20.15682,0,-0.005950928,0.3650568,0,-0.3394068,7383.978,1.221389,0.3719385,Left,Flat,-0.1582588,-0.07695007,TransSlide
526.5398,20.17637,0,-0.02975464,0.3491875,0,-0.3498037,7384.785,1.221506,0.3726141,Left,Flat,-0.1582588,-0.09656525,TransSlide
526.5798,20.1951,0,-0.04714966,0.3293507,0,-0.3598843,7385.592,1.221483,0.3732889,Left,Flat,-0.1582588,-0.115097,TransSlide
526.6198,20.20827,0,-0.05813599,0.3134814,0,-0.3694912,7386.4,1.220758,0.373964,Left,Flat,-0.1582588,-0.1336441,TransSlide
526.6598,20.22053,0,-0.06546199,0.289662,0,-0.3787581,7387.209,1.222564,0.3746404,Left,Down,-0.1545051,-0.1521912,TransSlide
526.6998,20.22631,0,-0.06546199,0.2499886,0,-0.3830774,7388.018,1.223883,0.3753161,Left,Down,-0.1312212,-0.1707535,TransSlide
526.7398,20.2229,0,-0.06546199,0.2063325,0,-0.3824286,7388.826,1.224481,0.3759918,Left,Down,-0.1297215,-0.1869507,TransSlide
526.7798,20.21101,0,-0.06546199,0.1507896,0,-0.38161,7389.635,1.22475,0.3766689,Left,Down,-0.1297215,-0.2029114,TransSlide
526.8198,20.18808,0,-0.06546199,0.1150683,0,-0.3804084,7390.442,1.225023,0.3773453,Left,Down,-0.1282043,-0.2188644,TransSlide
526.8598,20.15698,0,-0.07003963,0.0555581,0,-0.3789745,7391.249,1.225324,0.3780229,Left,Down,-0.1297215,-0.2347946,TransSlide
526.8998,20.11372,0,-0.07736385,0,0,-0.3769107,7392.054,1.225158,0.3786995,Left,Down,-0.1235407,-0.250679,TransSlide
526.9398,20.05731,0,-0.09475887,0,0,-0.3747279,7392.857,1.225784,0.3793766,Left,Down,-0.09891172,-0.2665176,TransSlide
526.9798,19.99971,0,-0.1112384,0,0,-0.3724864,7393.658,1.227026,0.3800549,Left,Down,-0.09691329,-0.2797165,TransSlide
527.0198,19.94235,0,-0.1130694,0,0,-0.3647318,7394.456,1.228161,0.3807325,Left,Down,-0.09691329,-0.2926941,TransSlide
527.0598,19.88531,0,-0.1130694,0,0,-0.352534,7395.252,1.228979,0.3814101,Left,Down,-0.09691329,-0.3056412,TransSlide
527.0998,19.82848,0,-0.1130694,0,0,-0.3404304,7396.046,1.229538,0.3820891,Left,Down,-0.09691329,-0.3185577,TransSlide
527.1398,19.77194,0,-0.1130694,0,0,-0.3282146,7396.837,1.229937,0.3827674,Left,Down,-0.09691329,-0.3314362,TransSlide
527.1798,19.71562,0,-0.1139849,0,0,-0.3162519,7397.627,1.230195,0.3834457,Left,Down,-0.09891172,-0.3442841,TransSlide
527.2198,19.65951,0,-0.1139849,0,0,-0.3044279,7398.414,1.230409,0.3841253,Left,Down,-0.09891172,-0.3570938,TransSlide
527.2598,19.60357,0,-0.1139849,0,0,-0.2926899,7399.198,1.230698,0.3848043,Left,Down,-0.0656106,-0.3698654,TransSlide
527.2998,19.54781,0,-0.1139849,0,0,-0.2811209,7399.981,1.231035,0.3854833,Left,Down,-0.05595291,-0.3803482,TransSlide
527.3398,19.49221,0,-0.1139849,0,0,-0.2698099,7400.761,1.231428,0.3861636,Left,Down,-0.05595291,-0.3895264,TransSlide
527.3798,19.43677,0,-0.1139849,0,0,-0.2585275,7401.539,1.231806,0.3868432,Left,Down,-0.05595291,-0.398674,TransSlide
527.4198,19.38165,0,-0.1139849,0,0,-0.2473932,7402.315,1.23213,0.387524,Left,Down,-0.05595291,-0.4077988,TransSlide
527.4598,19.3267,0,-0.1139849,0,0,-0.2366571,7403.089,1.232334,0.3882041,Left,Down,-0.05595291,-0.4169006,TransSlide
527.4998,19.27203,0,-0.1139849,0,0,-0.2259202,7403.86,1.233381,0.3888842,Left,Down,-0.05595291,-0.425972,TransSlide
527.5398,19.21751,0,-0.1139849,0,0,-0.2154379,7404.629,1.234314,0.3895656,Left,Down,-0.05595291,-0.4350052,TransSlide
527.5798,19.1634,0,-0.1139849,0,0,-0.2052187,7405.396,1.23499,0.3902463,Left,Down,-0.05233916,-0.4440231,TransSlide
527.6198,19.10975,0,-0.1139849,0,0,-0.1952536,7406.162,1.235218,0.390927,Left,Down,-0.05595291,-0.4530106,TransSlide
527.6598,19.05626,0,-0.1139849,0,0,-0.1819392,7406.925,1.236522,0.3916091,Left,Down,-0.05595291,-0.4619675,TransSlide
527.6998,19.00288,0,-0.1139849,0,0,-0.1687692,7407.685,1.237574,0.3922904,Left,Down,-0.05595291,-0.4709091,TransSlide
527.7398,18.94989,0,-0.1139849,0,0,-0.1564246,7408.443,1.238309,0.392972,Left,Down,-0.05233916,-0.4798279,TransSlide
527.7798,18.89707,0,-0.1139849,0,0,-0.1444127,7409.2,1.238677,0.3936547,Left,Down,-0.05595291,-0.4887085,TransSlide
527.8198,18.84447,0,-0.1121539,0,0,-0.1322962,7409.954,1.239035,0.3943365,Left,Down,-0.05595291,-0.4975739,TransSlide
527.8598,18.79208,0,-0.1011676,0,0,-0.1208674,7410.707,1.239443,0.3950187,Left,Down,-0.05595291,-0.5064163,TransSlide
527.8998,18.73987,0,-0.09475887,0,0,-0.1094308,7411.457,1.239632,0.395702,Straight,Down,-0.01978234,-0.5152283,TransSlide
527.9398,18.68782,0,-0.08835018,0,0,-0.09904304,7412.205,1.239993,0.3963844,Straight,Down,0,-0.5221024,TransSlide
527.9798,18.63593,0,-0.08102596,0,0,-0.08907485,7412.951,1.240285,0.3970681,Straight,Down,0,-0.5259857,TransSlide
528.0198,18.58419,0,-0.07003963,0,0,-0.07853675,7413.694,1.240479,0.3977511,Straight,Down,0,-0.5298462,TransSlide
528.0598,18.53261,0,-0.05264282,0,0,-0.06849998,7414.436,1.240432,0.3984341,Straight,Down,0,-0.5337067,TransSlide
528.0998,18.48118,0,-0.0453186,0,0,-0.05810136,7415.176,1.240686,0.3991187,Straight,Down,0,-0.5375519,TransSlide
528.1398,18.42991,0,-0.02792358,0,0,-0.0475927,7415.914,1.241284,0.399802,Straight,Down,0.01978234,-0.5413818,TransSlide
528.1798,18.3788,0,-0.005950928,0,0,-0.03698486,7416.649,1.241894,0.4004858,Straight,Down,0,-0.5452118,TransSlide
528.2198,18.32783,0,0.009613037,0,0,-0.02650449,7417.383,1.242418,0.4011708,Straight,Down,0,-0.5490189,TransSlide
528.2598,18.27703,0,0.03250122,0,0,-0.0161384,7418.115,1.242894,0.4018547,Straight,Down,0,-0.5528259,TransSlide
528.2998,18.22638,0,0.04440308,0,0,-0.00622949,7418.845,1.243446,0.402539,Straight,Down,0,-0.5566177,TransSlide
528.3398,18.17588,0,0.05722046,0,0,0.003711194,7419.573,1.244261,0.4032246,Straight,Down,0,-0.5604019,TransSlide
528.3798,18.12555,0,0.08010864,0,0,0.01376656,7420.298,1.244909,0.4039091,Straight,Down,0,-0.5641708,TransSlide
528.4198,18.07536,0,0.1112366,0,0,0.02411792,7421.021,1.245467,0.4045949,Straight,Down,0,-0.5679245,TransSlide
528.4598,18.02533,0,0.1826513,0,0,0.03574935,7421.742,1.245843,0.4052801,Straight,Down,0,-0.5716782,TransSlide
528.4998,17.97544,0,0.2311742,0,0,0.04674578,7422.461,1.246497,0.4059654,Straight,Down,0,-0.5754166,TransSlide
528.5398,17.92575,0,0.2842748,0,0,0.05844384,7423.179,1.247267,0.4066518,Straight,Down,0,-0.5791397,TransSlide
528.5798,17.87624,0,0.3144872,0,0,0.0696553,7423.894,1.248093,0.4073372,Straight,Down,0,-0.5828552,TransSlide
528.6198,17.82687,0,0.3199804,0,0,0.08030924,7424.607,1.248593,0.4080231,Straight,Down,0,-0.5865631,TransSlide
528.6598,17.77764,0,0.3199804,0,0,0.09137502,7425.319,1.249197,0.40871,Straight,Down,0,-0.5902634,TransSlide
528.6998,17.7286,0,0.3199804,0,0,0.1018364,7426.028,1.249989,0.409396,Straight,Down,0,-0.5939484,TransSlide
528.7398,17.67977,0,0.3199804,0,0,0.1127693,7426.736,1.250599,0.4100824,Straight,Down,0,-0.5976334,TransSlide
528.7798,17.6311,0,0.3199804,0,0,0.1237216,7427.441,1.251313,0.4107699,Straight,Down,0,-0.6012955,TransSlide
528.8198,17.58256,0,0.3199804,0,0,0.1348501,7428.145,1.252069,0.4114567,Straight,Down,0,-0.60495,TransSlide
528.8598,17.53415,0,0.3199804,0,0,0.1467055,7428.847,1.252886,0.4121433,Straight,Down,0,-0.6086044,TransSlide
528.8998,17.48596,0,0.3199804,0,0,0.1590668,7429.546,1.253563,0.4128313,Straight,Down,0,-0.6122437,TransSlide
528.9398,17.43787,0,0.3199804,0,0,0.1721135,7430.244,1.253975,0.4135186,Straight,Down,0,-0.6158676,TransSlide
528.9798,17.38994,0,0.3199804,0,0,0.1854981,7430.94,1.254375,0.414207,Straight,Down,0,-0.6194916,TransSlide
529.0198,17.34208,0,0.3199804,0,0,0.1989675,7431.634,1.254948,0.4148943,Straight,Down,0,-0.6231003,TransSlide
529.0598,17.29434,0,0.3199804,0,0,0.2105633,7432.326,1.255226,0.415582,Straight,Down,0.01978234,-0.6267014,TransSlide
529.0998,17.24676,0,0.3199804,0,0,0.2181759,7433.016,1.255734,0.4162709,Straight,Down,0,-0.6302948,TransSlide
529.1398,17.19932,0,0.3199804,0,0,0.2263797,7433.704,1.256209,0.416959,Straight,Down,0.01978234,-0.6338806,TransSlide
529.1798,17.15196,0,0.3199804,0,0,0.2351306,7434.391,1.256823,0.417647,Straight,Down,0,-0.6374512,TransSlide
529.2198,17.10475,0,0.3199804,0,0,0.2442,7435.076,1.257543,0.4183363,Straight,Down,0,-0.6410141,TransSlide
529.2598,17.05767,0,0.3199804,0,0,0.2540058,7435.759,1.258119,0.4190249,Straight,Down,0,-0.6445694,TransSlide
529.2998,17.01071,0,0.3199804,0,0,0.2642654,7436.44,1.258784,0.4197133,Straight,Down,0,-0.6481171,TransSlide
529.3398,16.96389,0,0.3199804,0,0,0.2753106,7437.119,1.259431,0.4204032,Straight,Down,0.01978234,-0.6516495,TransSlide
529.3798,16.91743,0,0.3199804,0,0,0.2869308,7437.796,1.25989,0.4210922,Straight,Down,0.02797646,-0.6551743,TransSlide
529.4198,16.87117,0,0.3199804,0,0,0.2993181,7438.472,1.260281,0.4217823,Right,Down,0.05934703,-0.6579208,TransSlide
529.4598,16.82516,0,0.3199804,0,0,0.3121041,7439.145,1.26178,0.4224714,Right,Down,0.05934703,-0.6581802,TransSlide
529.4998,16.77924,0,0.3199804,0,0,0.3256339,7439.816,1.263128,0.4231609,Right,Down,0.06255726,-0.6584396,TransSlide
529.5398,16.73317,0,0.3199804,0,0,0.3399696,7440.486,1.264427,0.4238515,Right,Down,0.06255726,-0.658699,TransSlide
529.5798,16.68705,0,0.2970922,0,0,0.3541182,7441.154,1.265725,0.4245413,Right,Down,0.06255726,-0.6589508,TransSlide
529.6198,16.64141,0,0.2677953,0,0,0.363136,7441.82,1.265744,0.425231,Right,Down,0.06255726,-0.6592102,TransSlide
529.6598,16.59596,0,0.2201879,0,0,0.3727059,7442.485,1.265775,0.425922,Right,Down,0.06255726,-0.659462,TransSlide
529.6998,16.55044,0,0.1963842,0,0,0.3829612,7443.147,1.265761,0.4266122,Right,Down,0.05934703,-0.6597214,TransSlide
529.7398,16.50503,0,0.18906,0,0,0.3942129,7443.808,1.266114,0.4273024,Right,Down,0.05934703,-0.6599731,TransSlide
529.7798,16.4597,0,0.1725805,0,0,0.4062361,7444.467,1.266866,0.4279938,Right,Down,0.05934703,-0.6602249,TransSlide
529.8198,16.41474,0,0.1524389,0,0,0.4191107,7445.124,1.267205,0.4286844,Right,Down,0.06255726,-0.6604767,TransSlide
529.8598,16.37015,0,0.1048279,0,0,0.4324918,7445.779,1.267411,0.4293752,Right,Down,0.06255726,-0.6607285,TransSlide
529.8998,16.32569,0,0.06271362,0,0,0.4464645,7446.433,1.268961,0.4300671,Right,Down,0.06255726,-0.6609726,TransSlide
529.9398,16.28083,0,0.02883911,0,0,0.460983,7447.084,1.270514,0.4307579,Right,Down,0.07661668,-0.6612167,TransSlide
529.9798,16.23597,0,0.01052856,0,0,0.4760169,7447.734,1.272611,0.4314501,Right,Down,0.08622923,-0.6608276,TransSlide
530.0198,16.19156,0,0.0050354,0,0,0.4853195,7448.382,1.272513,0.4321414,Right,Down,0.08622923,-0.6597443,TransSlide
530.0598,16.14743,0,0.0050354,0,0,0.4949669,7449.028,1.27238,0.4328326,Right,Down,0.08846933,-0.6586533,TransSlide
530.0998,16.10353,0,0.0050354,0,0,0.5050513,7449.673,1.272181,0.4335251,Right,Down,0.08622923,-0.6575699,TransSlide
530.1398,16.05944,0,0.0050354,0,0,0.5155785,7450.316,1.272318,0.4342169,Right,Down,0.08622923,-0.6564865,TransSlide
530.1798,16.01585,0,0.02151489,0,0,0.5267466,7450.957,1.272417,0.4349085,Right,Down,0.08622923,-0.6554108,TransSlide
530.2198,15.9725,0,0.04623413,0,0,0.538165,7451.596,1.272682,0.4356017,Right,Down,0.08622923,-0.6543274,TransSlide
530.2598,15.92881,0,0.0819397,0,0,0.5501412,7452.233,1.274335,0.4362935,Right,Down,0.08846933,-0.6532593,TransSlide
530.2998,15.8846,0,0.1222265,0,0,0.5624727,7452.87,1.276556,0.4369857,Right,Down,0.08622923,-0.6521759,TransSlide
530.3398,15.84087,0,0.1414526,0.01983673,0,0.5710244,7453.504,1.277572,0.437679,Right,Down,0.09487279,-0.6511154,TransSlide
530.3798,15.80124,0,0.1652563,0.03173877,0,0.5778142,7454.136,1.277582,0.4383713,Right,Down,0.1065312,-0.6500397,TransSlide
530.4198,15.76497,0,0.1881444,0.03570611,0,0.5849289,7454.767,1.277463,0.4390648,Right,Down,0.1065312,-0.6479645,TransSlide
530.4598,15.72964,0,0.2119482,0.03570611,0,0.5924021,7455.396,1.277088,0.4397575,Right,Down,0.1083524,-0.6458664,TransSlide
530.4998,15.69477,0,0.2357519,0.03967346,0,0.6003192,7456.025,1.276679,0.4404501,Right,Down,0.1065312,-0.6437607,TransSlide
530.5398,15.66078,0,0.2494848,0.05159075,0,0.6083472,7456.651,1.277324,0.441144,Right,Down,0.1065312,-0.6416702,TransSlide
530.5798,15.62834,0,0.2732885,0.0555581,0,0.6168226,7457.277,1.27944,0.441837,Right,Down,0.1065312,-0.6395798,TransSlide
530.6198,15.59665,0,0.2980077,0.0555581,0,0.6243852,7457.901,1.281626,0.4425302,Right,Down,0.1065312,-0.6374893,TransSlide
530.6598,15.56572,0,0.3282201,0.0555581,0,0.627771,7458.524,1.281745,0.4432245,Right,Down,0.1065312,-0.6354065,TransSlide
530.6998,15.53529,0,0.3694224,0.0555581,0,0.6315562,7459.146,1.281572,0.4439176,Right,Down,0.1170339,-0.6333237,TransSlide
530.7398,15.50488,0,0.3978038,0.0555581,0,0.6358791,7459.766,1.281119,0.4446111,Right,Down,0.1251145,-0.6309738,TransSlide
530.7798,15.47508,0,0.4353404,0.0555581,0,0.6407596,7460.385,1.280351,0.4453057,Right,Down,0.1266688,-0.628006,TransSlide
530.8198,15.44506,0,0.4774547,0.0555581,0,0.6458876,7461.003,1.281586,0.4459991,Right,Down,0.1266688,-0.6250381,TransSlide
530.8598,15.41393,0,0.5397105,0.0555581,0,0.6518145,7461.62,1.284354,0.446693,Right,Down,0.1251145,-0.6220779,TransSlide
530.8998,15.38298,0,0.5992234,0.0555581,0,0.6540051,7462.236,1.285564,0.4473878,Right,Down,0.1266688,-0.6191177,TransSlide
530.9398,15.35248,0,0.6358445,0.0555581,0,0.6553928,7462.85,1.285787,0.4480819,Right,Down,0.1251145,-0.6161652,TransSlide
530.9798,15.32252,0,0.6788743,0.0555581,0,0.6575686,7463.463,1.285684,0.448777,Right,Down,0.1297215,-0.6132126,TransSlide
531.0198,15.29322,0,0.7017624,0.0555581,0,0.6605728,7464.075,1.284546,0.4494709,Right,Down,0.1398823,-0.61026,TransSlide
531.0598,15.26351,0,0.7301438,0.0555581,0,0.6641108,7464.686,1.284932,0.4501653,Right,Down,0.1426525,-0.6067505,TransSlide
531.0998,15.23254,0,0.753032,0.0555581,0,0.6685015,7465.296,1.287806,0.4508606,Right,Down,0.1426525,-0.6029968,TransSlide
531.1398,15.20174,0,0.7612717,0.0555581,0,0.6701496,7465.904,1.289368,0.4515549,Right,Down,0.1426525,-0.5992432,TransSlide
531.1798,15.1712,0,0.7667649,0.0555581,0,0.6702911,7466.511,1.289697,0.4522495,Right,Down,0.1440177,-0.5954971,TransSlide
531.2198,15.14168,0,0.7667649,0.0555581,0,0.672203,7467.117,1.289222,0.4529452,Right,Down,0.1440177,-0.5917511,TransSlide
531.2598,15.11277,0,0.7667649,0.0555581,0,0.6749859,7467.722,1.287918,0.45364,Right,Down,0.1493534,-0.5880127,TransSlide
531.2998,15.08257,0,0.7667649,0.0555581,0,0.6788102,7468.326,1.289812,0.4543346,Right,Down,0.1594904,-0.5842819,TransSlide
531.3398,15.05169,0,0.7667649,0.0555581,0,0.6834989,7468.928,1.2929,0.4550306,Right,Down,0.1594904,-0.5798264,TransSlide
531.3798,15.02106,0,0.7667649,0.0555581,0,0.6838019,7469.529,1.293187,0.4557256,Right,Down,0.1594904,-0.5753326,TransSlide
531.4198,14.99128,0,0.7667649,0.0555581,0,0.6858882,7470.129,1.293024,0.4564217,Right,Down,0.1594904,-0.5708466,TransSlide
531.4598,14.96279,0,0.753032,0.0555581,0,0.6887451,7470.728,1.29137,0.4571167,Right,Down,0.1607126,-0.5663681,TransSlide
531.4998,14.93284,0,0.7246506,0.0555581,0,0.6925575,7471.326,1.292095,0.457812,Right,Down,0.1643245,-0.5618973,TransSlide
531.5398,14.90212,0,0.6898606,0.0555581,0,0.6981101,7471.922,1.295543,0.4585084,Right,Down,0.174713,-0.5574265,TransSlide
531.5798,14.87166,0,0.6422532,0.0555581,0,0.6988237,7472.517,1.295956,0.4592037,Right,Down,0.1769387,-0.5523987,TransSlide
531.6198,14.84215,0,0.6120408,0.0555581,0,0.7017593,7473.111,1.296051,0.4598992,Right,Down,0.1769387,-0.5472031,TransSlide
531.6598,14.81409,0,0.588237,0.0555581,0,0.7056518,7473.704,1.294595,0.4605958,Right,Down,0.1769387,-0.5420227,TransSlide
531.6998,14.78386,0,0.5827403,0.0555581,0,0.7109898,7474.296,1.296208,0.4612916,Right,Down,0.1769387,-0.5368347,TransSlide
531.7398,14.75358,0,0.5772471,0.0555581,0,0.7163479,7474.886,1.298723,0.4619871,Right,Down,0.1845175,-0.531662,TransSlide
531.7798,14.72367,0,0.5754161,0.05952545,0,0.7184389,7475.476,1.298818,0.4626839,Right,Down,0.1928145,-0.5263901,TransSlide
531.8198,14.69604,0,0.571754,0.05952545,0,0.7226546,7476.063,1.298088,0.4633799,Right,Down,0.1928145,-0.5205307,TransSlide
531.8598,14.66842,0,0.5461192,0.05952545,0,0.7277744,7476.65,1.297251,0.4640756,Right,Down,0.1928145,-0.5146637,TransSlide
531.8998,14.63881,0,0.5186534,0.05952545,0,0.734439,7477.236,1.300538,0.4647726,Right,Down,0.1928145,-0.508812,TransSlide
531.9398,14.60959,0,0.505836,0.07936218,0,0.7377055,7477.821,1.301252,0.4654688,Right,Down,0.199792,-0.5029678,TransSlide
531.9798,14.58515,0,0.488441,0.0991989,0,0.74151,7478.404,1.300823,0.466166,Right,Down,0.20842,-0.4971313,TransSlide
532.0198,14.56614,0,0.4811168,0.1150683,0,0.7466469,7478.987,1.299217,0.4668623,Right,Down,0.2093567,-0.4906311,TransSlide
532.0598,14.54954,0,0.4701304,0.1309529,0,0.7527254,7479.569,1.302277,0.4675584,Right,Down,0.2093567,-0.4841003,TransSlide
532.0998,14.53579,0,0.4637218,0.1349203,0,0.7561525,7480.151,1.303776,0.4682558,Right,Down,0.20842,-0.4775772,TransSlide
532.1398,14.5232,0,0.4628062,0.142855,0,0.7586658,7480.732,1.303361,0.4689522,Right,Down,0.2167048,-0.4710617,TransSlide
532.1798,14.51482,0,0.4628062,0.1468223,0,0.7626675,7481.313,1.301984,0.4696485,Right,Down,0.2246844,-0.464447,TransSlide
532.2198,14.5051,0,0.4628062,0.1626917,0,0.767538,7481.893,1.305096,0.470346,Right,Down,0.2246844,-0.4572449,TransSlide
532.2598,14.49838,0,0.4628062,0.166659,0,0.7695166,7482.473,1.30631,0.4710427,Right,Down,0.2246844,-0.4500351,TransSlide
532.2998,14.49321,0,0.4628062,0.1785611,0,0.7708559,7483.053,1.305468,0.4717394,Right,Down,0.2289973,-0.4428406,TransSlide
532.3398,14.49205,0,0.4756236,0.1785611,0,0.7733072,7483.633,1.304917,0.4724371,Right,Down,0.2382111,-0.4356384,TransSlide
532.3798,14.48965,0,0.5003428,0.1785611,0,0.7767975,7484.213,1.308633,0.4731337,Right,Down,0.2406627,-0.427948,TransSlide
532.4198,14.48581,0,0.5177379,0.1825284,0,0.7757491,7484.792,1.308268,0.4738315,Right,Down,0.2406627,-0.4200592,TransSlide
532.4598,14.48445,0,0.5360484,0.1825284,0,0.7754423,7485.371,1.307021,0.4745284,Right,Down,0.2430897,-0.412178,TransSlide
532.4998,14.48138,0,0.5662608,0.1825284,0,0.7767038,7485.95,1.308609,0.4752252,Right,Down,0.2525642,-0.4042816,TransSlide
532.5398,14.47975,0,0.6074631,0.1825284,0,0.7764372,7486.529,1.310795,0.4759232,Right,Down,0.2579304,-0.396019,TransSlide
532.5798,14.47729,0,0.6788743,0.1864958,0,0.773986,7487.108,1.309308,0.4766202,Right,Down,0.2579304,-0.3874435,TransSlide
532.6198,14.47662,0,0.7328904,0.1864958,0,0.7726083,7487.688,1.308914,0.4773171,Right,Down,0.2601963,-0.3788605,TransSlide
532.6598,14.47398,0,0.7960618,0.2063325,0,0.7725587,7488.267,1.313015,0.4780152,Right,Down,0.2697954,-0.3702621,TransSlide
532.6998,14.47515,0,0.8381796,0.2182498,0,0.7682822,7488.846,1.311873,0.4787124,Right,Down,0.2733977,-0.3612671,TransSlide
532.7398,14.4826,0,0.8610678,0.2301518,0,0.7650104,7489.425,1.310847,0.4794096,Right,Down,0.2741124,-0.3519897,TransSlide
532.7798,14.48791,0,0.8848715,0.2341192,0,0.7638209,7490.004,1.314872,0.4801079,Right,Down,0.2797648,-0.3426971,TransSlide
532.8198,14.49631,0,0.9040976,0.2341192,0,0.7586097,7490.584,1.314189,0.4808049,Right,Down,0.289391,-0.3333817,TransSlide
532.8598,14.50794,0,0.9379721,0.2380865,0,0.7540414,7491.164,1.312983,0.4815023,Right,Down,0.2907402,-0.3234482,TransSlide
532.8998,14.51423,0,0.9691,0.2420539,0,0.7515177,7491.745,1.316987,0.4822007,Right,Down,0.2914124,-0.3134308,TransSlide
532.9398,14.52446,0,1.002059,0.2579232,0,0.7454916,7492.326,1.316202,0.4828978,Right,Down,0.3006659,-0.3033981,TransSlide
532.9798,14.53953,0,1.044173,0.2658579,0,0.7399382,7492.907,1.314994,0.4835963,Right,Down,0.3071049,-0.2930832,TransSlide
533.0198,14.55128,0,1.079882,0.2658579,0,0.7361542,7493.489,1.31991,0.4842937,Right,Down,0.3071049,-0.2823334,TransSlide
533.0598,14.56752,0,1.126574,0.2658579,0,0.7285811,7494.072,1.317124,0.4849913,Right,Down,0.315279,-0.2715683,TransSlide
533.0998,14.58139,0,1.173266,0.2658579,0,0.7224132,7494.655,1.316989,0.4856898,Right,Down,0.3232465,-0.2606888,TransSlide
533.1398,14.59299,0,1.197985,0.2658579,0,0.7165804,7495.238,1.320261,0.4863871,Right,Down,0.3238513,-0.2491837,TransSlide
533.1798,14.61332,0,1.21538,0.289662,0,0.7080438,7495.823,1.317769,0.4870847,Right,Down,0.3304307,-0.2376633,TransSlide
533.2198,14.62843,0,1.21538,0.297612,0,0.7013114,7496.408,1.321066,0.4877833,Right,Down,0.3403488,-0.22612,TransSlide
533.2598,14.64388,0,1.21538,0.3174487,0,0.6927317,7496.993,1.320188,0.4884807,Right,Down,0.3409232,-0.2138519,TransSlide
533.2998,14.6708,0,1.21538,0.3372854,0,0.6838554,7497.58,1.318038,0.4891784,Right,Down,0.3483046,-0.201561,TransSlide
533.3398,14.69992,0,1.219958,0.3452201,0,0.6757585,7498.168,1.322049,0.489877,Right,Down,0.3577275,-0.1892242,TransSlide
533.3798,14.73575,0,1.233691,0.3729915,0,0.6647264,7498.757,1.322238,0.4905747,Right,Down,0.3571801,-0.1761627,TransSlide
533.4198,14.7731,0,1.262072,0.3809415,0,0.6554521,7499.348,1.322663,0.4912734,Right,Down,0.3674413,-0.1630707,TransSlide
533.4598,14.80889,0,1.32067,0.4047455,0,0.6428602,7499.94,1.32499,0.491971,Right,Flat,0.3743001,-0.1497192,TransSlide
533.4998,14.85115,0,1.391165,0.4087129,0,0.6316968,7500.534,1.327395,0.4926687,Right,Flat,0.3784592,-0.1358185,TransSlide
533.5398,14.89734,0,1.430533,0.4087129,0,0.6214477,7501.129,1.325367,0.4933674,Right,Flat,0.3886621,-0.1218719,TransSlide
533.5798,14.94061,0,1.466238,0.4087129,0,0.6090112,7501.726,1.327946,0.494065,Right,Flat,0.3916712,-0.1073532,TransSlide
533.6198,14.9858,0,1.472647,0.4087129,0,0.599241,7502.325,1.327697,0.4947628,Right,Flat,0.4010509,-0.0925827,TransSlide
533.6598,15.03345,0,1.472647,0.4087129,0,0.5882566,7502.926,1.32715,0.4954616,Right,Flat,0.4087828,-0.07756042,TransSlide
533.6998,15.07237,0,1.472647,0.4087129,0,0.5776092,7503.529,1.329455,0.4961592,Right,Flat,0.414487,-0.06194305,TransSlide
533.7398,15.118,0,1.467154,0.4087129,0,0.5695813,7504.133,1.327497,0.496857,Right,Flat,0.4247459,-0.04629517,TransSlide
533.7798,15.16148,0,1.460745,0.4087129,0,0.5584183,7504.739,1.329047,0.4975558,Right,Flat,0.4219727,-0.02993011,TransSlide
533.8198,15.20138,0,1.444266,0.4087129,0,0.5499622,7505.347,1.331197,0.4982537,Right,Flat,0.4010509,-0.01341248,TransSlide
533.8598,15.24734,0,1.413138,0.4087129,0,0.5430814,7505.957,1.328758,0.4989513,Right,Flat,0.393167,0.003379822,TransSlide
533.8998,15.28874,0,1.368277,0.4087129,0,0.5333879,7506.567,1.331423,0.4996501,Right,Flat,0.386643,0.02038574,TransSlide
533.9398,15.32938,0,1.326163,0.4087129,0,0.5268055,7507.18,1.332351,0.5003479,Right,Flat,0.3794918,0.03740692,TransSlide
533.9798,15.37361,0,1.255664,0.4087129,0,0.5199511,7507.795,1.331309,0.5010467,Right,Flat,0.3794918,0.05415344,TransSlide
534.0198,15.41322,0,1.186999,0.4087129,0,0.5121638,7508.411,1.333865,0.5017443,Right,Flat,0.3753442,0.07094574,TransSlide
534.0598,15.45448,0,1.072558,0.4126802,0,0.5070024,7509.028,1.333465,0.5024422,Right,Flat,0.3732531,0.08760071,TransSlide
534.0998,15.49744,0,0.9617758,0.4126802,0,0.500263,7509.648,1.333583,0.503141,Right,Flat,0.3706227,0.1040955,TransSlide
534.1398,15.5366,0,0.8921957,0.4166476,0,0.4937283,7510.269,1.336028,0.5038388,Right,Flat,0.3669084,0.1206436,TransSlide
534.1798,15.58167,0,0.8271933,0.4166476,0,0.4892906,7510.892,1.334599,0.5045364,Right,Flat,0.3663747,0.1368561,TransSlide
534.2198,15.62351,0,0.8070481,0.4285496,0,0.4819581,7511.516,1.335607,0.5052351,Right,Up,0.3620769,0.1530838,TransSlide
534.2598,15.66487,0,0.803386,0.4364843,0,0.4762737,7512.143,1.337896,0.505933,Right,Up,0.3593647,0.16922,TransSlide
534.2998,15.71566,0,0.803386,0.4364843,0,0.4724618,7512.771,1.335922,0.5066305,Right,Up,0.3577275,0.1851196,TransSlide
534.3398,15.76187,0,0.803386,0.4404517,0,0.4651204,7513.401,1.33755,0.5073293,Right,Up,0.3533245,0.2010498,TransSlide
534.3798,15.80532,0,0.803386,0.4404517,0,0.45993,7514.033,1.339731,0.508027,Right,Up,0.3522151,0.2167282,TransSlide
534.4198,15.85626,0,0.803386,0.464271,0,0.4568174,7514.667,1.337542,0.5087248,Right,Up,0.3488659,0.2323074,TransSlide
534.4598,15.90879,0,0.803386,0.4682384,0,0.4497185,7515.302,1.339343,0.5094235,Right,Up,0.3443497,0.2479095,TransSlide
534.4998,15.95693,0,0.803386,0.4722057,0,0.4450434,7515.94,1.341447,0.5101209,Right,Up,0.343781,0.2631302,TransSlide
534.5398,16.01336,0,0.803386,0.4722057,0,0.4416154,7516.581,1.339333,0.5108196,Right,Up,0.339197,0.2783737,TransSlide
534.5798,16.06715,0,0.803386,0.4722057,0,0.434513,7517.223,1.341329,0.5115173,Right,Up,0.3357179,0.2934952,TransSlide
534.6198,16.11557,0,0.803386,0.4722057,0,0.4297027,7517.867,1.343448,0.5122147,Right,Up,0.3351346,0.3083572,TransSlide
534.6598,16.17097,0,0.803386,0.4722057,0,0.4259237,7518.513,1.341431,0.5129133,Right,Up,0.3292442,0.3232422,TransSlide
534.6998,16.22488,0,0.803386,0.4722057,0,0.4182762,7519.161,1.343117,0.5136109,Right,Up,0.3274564,0.3378601,TransSlide
534.7398,16.27221,0,0.8088791,0.4722057,0,0.4130498,7519.812,1.34519,0.5143083,Right,Up,0.3256589,0.3523254,TransSlide
534.7798,16.32633,0,0.8134568,0.4483864,0,0.4090817,7520.465,1.343124,0.5150067,Right,Up,0.3195939,0.3667984,TransSlide
534.8198,16.3754,0,0.8198655,0.444419,0,0.4008632,7521.12,1.344526,0.5157043,Right,Up,0.3177519,0.3809128,TransSlide
534.8598,16.41862,0,0.8317709,0.4404517,0,0.3948402,7521.776,1.346617,0.5164018,Right,Up,0.3146578,0.394928,TransSlide
534.8998,16.46391,0,0.8390951,0.4364843,0,0.3903526,7522.434,1.345747,0.5171002,Right,Up,0.3090104,0.4089584,TransSlide
534.9398,16.50677,0,0.8436728,0.4364843,0,0.3828508,7523.094,1.346228,0.5177974,Right,Up,0.3083766,0.4224854,TransSlide
534.9798,16.55055,0,0.8436728,0.4364843,0,0.3760049,7523.755,1.348225,0.5184957,Right,Up,0.3045456,0.4360199,TransSlide
535.0198,16.59247,0,0.8390951,0.4364843,0,0.3710648,7524.419,1.348595,0.5191931,Right,Up,0.2987072,0.4495316,TransSlide
535.0598,16.63342,0,0.8381796,0.4364843,0,0.3651146,7525.083,1.348107,0.5198901,Right,Up,0.2980514,0.4625015,TransSlide
535.0998,16.67764,0,0.8381796,0.4364843,0,0.3575969,7525.75,1.349666,0.5205883,Right,Up,0.2940859,0.4755096,TransSlide
535.1398,16.71757,0,0.8381796,0.4364843,0,0.3518707,7526.418,1.351582,0.5212856,Right,Up,0.2873554,0.488472,TransSlide
535.1798,16.7577,0,0.8381796,0.4364843,0,0.3476764,7527.088,1.350156,0.5219828,Right,Up,0.2880355,0.5008698,TransSlide
535.2198,16.80099,0,0.8381796,0.4603037,0,0.3393172,7527.76,1.351364,0.5226809,Right,Up,0.2846186,0.5132751,TransSlide
535.2598,16.84964,0,0.8381796,0.464271,0,0.3325751,7528.433,1.35331,0.5233778,Right,Up,0.276953,0.5257263,TransSlide
535.2998,16.89377,0,0.8317709,0.4682384,0,0.3278849,7529.108,1.353256,0.5240749,Right,Up,0.2762456,0.5375443,TransSlide
535.3398,16.94212,0,0.8207846,0.476173,0,0.3213997,7529.786,1.352927,0.5247728,Right,Up,0.2748253,0.5493317,TransSlide
535.3798,16.99323,0,0.803386,0.476173,0,0.3138463,7530.465,1.353905,0.5254695,Right,Up,0.2668786,0.5611496,TransSlide
535.4198,17.04128,0,0.7795823,0.4880751,0,0.3080531,7531.146,1.356154,0.5261665,Right,Up,0.2639296,0.5724792,TransSlide
535.4598,17.08944,0,0.7658494,0.4960098,0,0.3043962,7531.829,1.35456,0.5268643,Right,Up,0.2639296,0.5836105,TransSlide
535.4998,17.1433,0,0.7484543,0.4960098,0,0.2960997,7532.514,1.354982,0.5275611,Right,Up,0.2564087,0.5947647,TransSlide
535.5398,17.19851,0,0.737468,0.4960098,0,0.2887974,7533.201,1.35611,0.5282588,Right,Up,0.25101,0.6056366,TransSlide
535.5798,17.24868,0,0.720073,0.4960098,0,0.2831239,7533.891,1.358187,0.5289553,Right,Up,0.25101,0.6160507,TransSlide
535.6198,17.30025,0,0.7017624,0.4960098,0,0.2799888,7534.583,1.356175,0.5296519,Right,Up,0.2478722,0.6264877,TransSlide
535.6598,17.35283,0,0.6889451,0.476173,0,0.2724018,7535.276,1.356558,0.5303495,Right,Up,0.2382111,0.6369476,TransSlide
535.6998,17.40444,0,0.6642258,0.464271,0,0.2657527,7535.972,1.357254,0.5310458,Right,Up,0.2382111,0.646637,TransSlide
535.7398,17.4487,0,0.6431687,0.4603037,0,0.261632,7536.67,1.359609,0.5317423,Right,Up,0.2373883,0.6562881,TransSlide
535.7798,17.49026,0,0.6248581,0.4523537,0,0.2596251,7537.369,1.358603,0.5324396,Right,Up,0.2298502,0.665947,TransSlide
535.8198,17.5328,0,0.5992234,0.4483864,0,0.2548698,7538.069,1.358203,0.5331357,Right,Up,0.2220564,0.6753464,TransSlide
535.8598,17.57485,0,0.5827403,0.4483864,0,0.2495438,7538.772,1.358571,0.533832,Right,Up,0.2220564,0.6841049,TransSlide
535.8998,17.61733,0,0.5598521,0.4483864,0,0.2456404,7539.477,1.360204,0.5345292,Right,Up,0.2229358,0.6928787,TransSlide
535.9398,17.65356,0,0.540626,0.444419,0,0.2441666,7540.182,1.361382,0.5352253,Right,Up,0.2130625,0.7016602,TransSlide
535.9798,17.6937,0,0.5104136,0.4404517,0,0.2445076,7540.89,1.360244,0.5359224,Right,Up,0.2055842,0.7100525,TransSlide
536.0198,17.73317,0,0.4628062,0.4404517,0,0.2396279,7541.599,1.360976,0.5366182,Right,Up,0.2055842,0.7178116,TransSlide
536.0598,17.77292,0,0.422523,0.4404517,0,0.2361131,7542.309,1.361909,0.5373141,Right,Up,0.2055842,0.7255936,TransSlide
536.0998,17.81083,0,0.3685069,0.4364843,0,0.2340935,7543.021,1.363591,0.538011,Right,Up,0.1988102,0.7333832,TransSlide
536.1398,17.84681,0,0.3373754,0.4364843,0,0.2340888,7543.735,1.364779,0.5387065,Right,Up,0.1876719,0.7410126,TransSlide
536.1798,17.88366,0,0.3080785,0.4364843,0,0.2356533,7544.45,1.363569,0.5394022,Right,Up,0.1866263,0.7476654,TransSlide
536.2198,17.92136,0,0.2980077,0.4364843,0,0.2321644,7545.167,1.36377,0.5400988,Right,Up,0.1876719,0.7543182,TransSlide
536.2598,17.95927,0,0.2980077,0.4364843,0,0.2287593,7545.885,1.364528,0.5407944,Right,Up,0.1866263,0.7609787,TransSlide
536.2998,17.9959,0,0.2980077,0.4364843,0,0.2272398,7546.604,1.365674,0.5414896,Right,Up,0.1735894,0.7676392,TransSlide
536.3398,18.03269,0,0.2980077,0.4364843,0,0.2268012,7547.325,1.367067,0.542186,Right,Up,0.166689,0.7735977,TransSlide
536.3798,18.06865,0,0.2980077,0.4364843,0,0.2283417,7548.047,1.36795,0.5428813,Right,Up,0.166689,0.7789536,TransSlide
536.4198,18.10421,0,0.2961767,0.4364843,0,0.2310444,7548.771,1.366954,0.5435763,Right,Up,0.166689,0.784317,TransSlide
536.4598,18.14103,0,0.289768,0.432517,0,0.2294548,7549.497,1.366932,0.5442724,Right,Up,0.166689,0.7896805,TransSlide
536.4998,18.17701,0,0.274204,0.432517,0,0.2266792,7550.224,1.367794,0.5449675,Right,Up,0.1532334,0.7950516,TransSlide
536.5398,18.21208,0,0.2558935,0.432517,0,0.2249846,7550.952,1.368851,0.5456634,Right,Up,0.1398823,0.7999039,TransSlide
536.5798,18.24662,0,0.2183568,0.432517,0,0.224565,7551.681,1.369853,0.5463583,Right,Up,0.1412742,0.8036728,TransSlide
536.6198,18.28233,0,0.171665,0.432517,0,0.2252116,7552.412,1.371131,0.5470528,Right,Up,0.1398823,0.8074493,TransSlide
536.6598,18.31738,0,0.1304662,0.432517,0,0.2264673,7553.145,1.37254,0.5477484,Right,Up,0.1412742,0.8112259,TransSlide
536.6998,18.35139,0,0.07644653,0.4523537,0,0.2287764,7553.878,1.372618,0.5484431,Right,Up,0.1398823,0.8150101,TransSlide
536.7398,18.38794,0,0.03890991,0.4603037,0,0.2319874,7554.613,1.37219,0.5491374,Right,Up,0.1282043,0.8188019,TransSlide
536.7798,18.42987,0,-0.01144409,0.4682384,0,0.2310173,7555.35,1.372615,0.5498328,Right,Up,0.1083524,0.822319,TransSlide
536.8198,18.47257,0,-0.06454647,0.476173,0,0.2264867,7556.089,1.373794,0.5505271,Right,Up,0.1065312,0.823967,TransSlide
536.8598,18.51544,0,-0.1011676,0.476173,0,0.2230412,7556.829,1.37508,0.5512211,Right,Up,0.1065312,0.8256149,TransSlide
536.8998,18.5584,0,-0.148775,0.476173,0,0.220027,7557.57,1.376202,0.5519162,Right,Up,0.1065312,0.8272705,TransSlide
536.9398,18.60242,0,-0.1899755,0.476173,0,0.2176966,7558.314,1.377111,0.5526102,Right,Up,0.1065312,0.8289261,TransSlide
536.9798,18.64637,0,-0.2623022,0.476173,0,0.215804,7559.06,1.377894,0.553305,Right,Up,0.1065312,0.8305817,TransSlide
537.0198,18.69018,0,-0.3346306,0.476173,0,0.2142218,7559.807,1.378663,0.5539989,Right,Up,0.1083524,0.8322449,TransSlide
537.0598,18.73377,0,-0.4005486,0.476173,0,0.2127065,7560.556,1.379252,0.5546923,Right,Up,0.08392937,0.8339081,TransSlide
537.0998,18.77725,0,-0.488441,0.476173,0,0.2114799,7561.306,1.379867,0.5553869,Straight,Up,0,0.8355713,TransSlide
537.1398,18.82062,0,-0.5433744,0.476173,0,0.2101921,7562.059,1.380519,0.5560804,Straight,Up,0,0.8310394,TransSlide
537.1798,18.86372,0,-0.6019682,0.476173,0,0.208625,7562.813,1.381028,0.5567736,Straight,Up,0,0.8258896,TransSlide
537.2198,18.9067,0,-0.6303495,0.476173,0,0.2067587,7563.569,1.381593,0.5574678,Straight,Up,0,0.8207321,TransSlide
537.2598,18.94953,0,-0.631265,0.476173,0,0.2045279,7564.326,1.382144,0.558161,Straight,Up,0,0.8155594,TransSlide
537.2998,18.9921,0,-0.631265,0.4801404,0,0.2016834,7565.085,1.382646,0.558854,Straight,Up,0,0.810379,TransSlide
537.3398,19.03547,0,-0.631265,0.4801404,0,0.1983263,7565.847,1.383241,0.5595479,Straight,Up,0,0.8051834,TransSlide
537.3798,19.07855,0,-0.631265,0.4801404,0,0.1944439,7566.609,1.383829,0.5602405,Straight,Up,0,0.7999649,TransSlide
537.4198,19.12148,0,-0.6184477,0.4801404,0,0.1895572,7567.374,1.384379,0.5609332,Straight,Up,0,0.794754,TransSlide
537.4598,19.16419,0,-0.596475,0.4801404,0,0.1838724,7568.14,1.385062,0.5616267,Straight,Up,0,0.7895126,TransSlide
537.4998,19.20672,0,-0.5470365,0.4523537,0,0.1771827,7568.908,1.385862,0.562319,Straight,Up,0,0.7842636,TransSlide
537.5398,19.24297,0,-0.488441,0.4483864,0,0.1695476,7569.677,1.386529,0.5630123,Straight,Up,0,0.7789993,TransSlide
537.5798,19.27854,0,-0.4124522,0.444419,0,0.1605441,7570.448,1.387264,0.5637045,Straight,Up,0,0.7737274,TransSlide
537.6198,19.3126,0,-0.3575188,0.444419,0,0.1506487,7571.22,1.388176,0.5643966,Straight,Up,0,0.7684479,TransSlide
537.6598,19.34665,0,-0.3327996,0.4404517,0,0.1395248,7571.993,1.388564,0.5650895,Straight,Up,0,0.7631454,TransSlide
537.6998,19.3799,0,-0.3154045,0.4364843,0,0.1274246,7572.768,1.389155,0.5657812,Straight,Up,0,0.757843,TransSlide
537.7398,19.41174,0,-0.3044182,0.4364843,0,0.1138925,7573.544,1.389856,0.5664729,Straight,Up,0,0.7525253,TransSlide
537.7798,19.44359,0,-0.2787817,0.4364843,0,0.09890357,7574.321,1.390745,0.5671654,Straight,Up,0,0.7471924,TransSlide
537.8198,19.47539,0,-0.2366674,0.4364843,0,0.0827764,7575.1,1.391802,0.5678566,Straight,Up,0,0.7418518,TransSlide
537.8598,19.50728,0,-0.1972997,0.4364843,0,0.06531414,7575.88,1.392776,0.568548,Straight,Up,0,0.7365036,TransSlide
537.8998,19.53885,0,-0.1414508,0.4364843,0,0.04673687,7576.661,1.393857,0.5692401,Straight,Up,0,0.7311401,TransSlide
537.9398,19.56857,0,-0.100252,0.4364843,0,0.02695119,7577.444,1.393993,0.5699309,Straight,Up,0,0.725769,TransSlide
537.9798,19.60255,0,-0.05813599,0.432517,0,0.01002088,7578.228,1.395233,0.570623,Straight,Up,0,0.7203979,TransSlide
538.0198,19.63515,0,-0.02883911,0.432517,0,-0.00476113,7579.013,1.397514,0.5713136,Straight,Up,0,0.7150116,TransSlide
538.0598,19.66714,0,-0.02243042,0.4285496,0,-0.02062058,7579.799,1.399467,0.5720042,Straight,Up,0,0.70961,TransSlide
538.0998,19.69724,0,-0.02243042,0.4285496,0,-0.03732038,7580.587,1.400891,0.5726957,Straight,Up,0,0.7042007,TransSlide
538.1398,19.72923,0,-0.02243042,0.4245823,0,-0.05543855,7581.375,1.402108,0.5733858,Straight,Up,0,0.6987762,TransSlide
538.1798,19.75659,0,-0.02243042,0.4245823,0,-0.07416537,7582.166,1.40109,0.574076,Straight,Up,0,0.6933365,TransSlide
538.2198,19.78785,0,-0.04623413,0.4245823,0,-0.09211037,7582.957,1.399668,0.5747671,Straight,Up,0,0.6878967,TransSlide
538.2598,19.81995,0,-0.05355835,0.4245823,0,-0.1051404,7583.75,1.400913,0.5754567,Straight,Up,0,0.6824493,TransSlide
538.2998,19.85086,0,-0.05813599,0.4245823,0,-0.1189364,7584.543,1.402403,0.5761465,Left,Up,-0.0656106,0.6769943,TransSlide
538.3398,19.8798,0,-0.05813599,0.4245823,0,-0.1336111,7585.338,1.404454,0.5768371,Left,Up,-0.1101434,0.6674271,TransSlide
538.3798,19.90739,0,-0.0590533,0.4245823,0,-0.1485024,7586.134,1.403328,0.5775266,Left,Up,-0.1083524,0.6538315,TransSlide
538.4198,19.94006,0,-0.06363094,0.4245823,0,-0.1599815,7586.931,1.402643,0.5782157,Left,Up,-0.1101434,0.6402206,TransSlide
538.4598,19.97269,0,-0.06637752,0.4245823,0,-0.1685263,7587.729,1.403863,0.5789058,Left,Up,-0.1101434,0.6265793,TransSlide
538.4998,20.00501,0,-0.07095516,0.4245823,0,-0.17819,7588.529,1.406322,0.5795949,Left,Up,-0.1101434,0.6129074,TransSlide
538.5398,20.02933,0,-0.07644832,0.4245823,0,-0.1879734,7589.33,1.405087,0.5802847,Left,Up,-0.1219466,0.5992203,TransSlide
538.5798,20.06218,0,-0.0993365,0.4245823,0,-0.1923823,7590.132,1.405416,0.5809731,Left,Up,-0.1519511,0.5853348,TransSlide
538.6198,20.09673,0,-0.13138,0.4245823,0,-0.1959389,7590.936,1.407205,0.5816617,Left,Up,-0.1506579,0.5685654,TransSlide
538.6598,20.12269,0,-0.1542681,0.4245823,0,-0.1999988,7591.74,1.408094,0.582351,Left,Up,-0.1519511,0.5517654,TransSlide
538.6998,20.15456,0,-0.1615924,0.4245823,0,-0.2004544,7592.546,1.407072,0.5830393,Left,Up,-0.1506579,0.534935,TransSlide
538.7398,20.18913,0,-0.1615924,0.4245823,0,-0.1975119,7593.354,1.408499,0.5837271,Left,Up,-0.165511,0.518074,TransSlide
538.7798,20.21762,0,-0.1615924,0.4206149,0,-0.1954702,7594.162,1.408956,0.584416,Left,Up,-0.1866263,0.5005188,TransSlide
538.8198,20.24704,0,-0.1615924,0.4206149,0,-0.1889082,7594.972,1.408108,0.5851038,Left,Up,-0.1855749,0.4810638,TransSlide
538.8598,20.28157,0,-0.1615924,0.4206149,0,-0.1798377,7595.783,1.410129,0.5857911,Left,Up,-0.1866263,0.4615479,TransSlide
538.8998,20.31079,0,-0.1780736,0.4206149,0,-0.171575,7596.595,1.408339,0.5864794,Left,Up,-0.2017412,0.4420166,TransSlide
538.9398,20.34274,0,-0.1963842,0.4206149,0,-0.1556063,7597.408,1.410531,0.5871667,Left,Up,-0.2167048,0.4215317,TransSlide
538.9798,20.37027,0,-0.2311742,0.4206149,0,-0.1403152,7598.222,1.41103,0.5878547,Left,Up,-0.2167048,0.3996429,TransSlide
539.0198,20.40101,0,-0.2384984,0.4206149,0,-0.1202882,7599.038,1.411256,0.5885416,Left,Up,-0.2238118,0.3777466,TransSlide
539.0598,20.43264,0,-0.2384984,0.4206149,0,-0.09753478,7599.855,1.41379,0.5892281,Left,Up,-0.2454926,0.3556137,TransSlide
539.0998,20.46624,0,-0.2384984,0.4206149,0,-0.0720996,7600.673,1.412205,0.5899156,Left,Up,-0.2454926,0.3314896,TransSlide
539.1398,20.49105,0,-0.2384984,0.4206149,0,-0.04238409,7601.493,1.411597,0.590602,Left,Up,-0.2525642,0.3073196,TransSlide
539.1798,20.52917,0,-0.2384984,0.4166476,0,-0.01242799,7602.313,1.411573,0.591288,Left,Up,-0.2719625,0.2829666,TransSlide
539.2198,20.55906,0,-0.2037084,0.4166476,0,0.01840293,7603.135,1.414277,0.591975,Left,Up,-0.2719625,0.2567596,TransSlide
539.2598,20.59029,0,-0.1780736,0.4166476,0,0.04867634,7603.958,1.416726,0.5926608,Left,Up,-0.2859903,0.2304916,TransSlide
539.2998,20.61921,0,-0.1414508,0.4126802,0,0.07842517,7604.783,1.418067,0.5933462,Left,Up,-0.2967354,0.2033691,TransSlide
539.3398,20.65178,0,-0.1249713,0.4126802,0,0.1075642,7605.609,1.418498,0.5940326,Left,Up,-0.3019647,0.1750946,TransSlide
539.3798,20.68339,0,-0.1249713,0.4126802,0,0.1362557,7606.436,1.418441,0.594718,Left,Flat,-0.3202056,0.1467056,TransSlide
539.4198,20.71539,0,-0.1478595,0.4126802,0,0.163945,7607.265,1.418489,0.5954031,Left,Flat,-0.3208161,0.1165237,TransSlide
539.4598,20.74581,0,-0.1652545,0.4126802,0,0.1905513,7608.094,1.419007,0.5960889,Left,Flat,-0.339197,0.08628845,TransSlide
539.4998,20.77571,0,-0.190891,0.4126802,0,0.2166769,7608.925,1.417506,0.5967735,Left,Flat,-0.3432113,0.05458832,TransSlide
539.5398,20.80348,0,-0.2128637,0.4126802,0,0.2419509,7609.757,1.416158,0.597459,Left,Flat,-0.05934703,0.02250671,TransSlide
539.5798,20.83176,0,-0.256809,0.4126802,0,0.2656024,7610.59,1.413736,0.5981434,Right,Flat,0.07132626,-0.01889801,TransSlide
539.6198,20.86774,0,-0.314489,0.4087129,0,0.2851095,7611.424,1.418588,0.5988273,Right,Flat,0.06852804,-0.0634613,TransSlide
539.6598,20.89919,0,-0.3392082,0.4087129,0,0.3042443,7612.26,1.422917,0.5995122,Right,Flat,0.07132626,-0.108078,TransSlide
539.6998,20.92467,0,-0.3447014,0.4087129,0,0.3224128,7613.097,1.425858,0.600196,Right,Down,0.06852804,-0.1527939,TransSlide
539.7398,20.95973,0,-0.3447014,0.4087129,0,0.339712,7613.935,1.426682,0.6008796,Right,Down,0.07132626,-0.19767,TransSlide
539.7798,20.99349,0,-0.3401238,0.4087129,0,0.3560983,7614.774,1.426487,0.6015639,Right,Down,0.06852804,-0.2426605,TransSlide
539.8198,21.02649,0,-0.3392082,0.4087129,0,0.3715665,7615.615,1.425991,0.6022469,Right,Down,0.06852804,-0.2877426,TransSlide
539.8598,21.05902,0,-0.3392082,0.4087129,0,0.3860238,7616.458,1.425346,0.6029299,Right,Down,0.06852804,-0.332901,TransSlide
539.8998,21.0912,0,-0.3218132,0.4087129,0,0.3993913,7617.301,1.424868,0.6036137,Right,Down,0.06852804,-0.3781433,TransSlide
539.9398,21.12316,0,-0.2925146,0.4047455,0,0.4120607,7618.146,1.42461,0.604296,Straight,Down,0.03956468,-0.4234543,TransSlide
539.9798,21.15402,0,-0.2623022,0.3968109,0,0.4237045,7618.991,1.424408,0.6049793,Straight,Down,-0.01978234,-0.456398,TransSlide
540.0198,21.18336,0,-0.2211034,0.3888762,0,0.4344631,7619.838,1.424376,0.6056616,Straight,Down,0,-0.4687653,TransSlide
540.0598,21.21091,0,-0.190891,0.3888762,0,0.4440744,7620.687,1.42449,0.6063433,Straight,Down,-0.01978234,-0.4811554,TransSlide
540.0998,21.23808,0,-0.1551837,0.3888762,0,0.4530175,7621.536,1.424742,0.6070263,Straight,Down,-0.01978234,-0.4935608,TransSlide
540.1398,21.26514,0,-0.1359576,0.3849088,0,0.4610295,7622.386,1.425184,0.6077076,Straight,Down,-0.01978234,-0.5059891,TransSlide
540.1798,21.29166,0,-0.1249713,0.3849088,0,0.468018,7623.237,1.425629,0.608389,Straight,Down,-0.01978234,-0.5184326,TransSlide
540.2198,21.31777,0,-0.1231402,0.3849088,0,0.474144,7624.09,1.425984,0.6090711,Straight,Down,-0.01978234,-0.5308914,TransSlide
540.2598,21.34379,0,-0.1185626,0.3849088,0,0.4793193,7624.943,1.426485,0.6097518,Straight,Down,-0.01978234,-0.5433731,TransSlide
540.2998,21.36979,0,-0.1112384,0.3849088,0,0.4835896,7625.798,1.426925,0.6104324,Straight,Down,0,-0.5558701,TransSlide
540.3398,21.3957,0,-0.100252,0.3849088,0,0.486968,7626.653,1.427502,0.6111139,Straight,Down,-0.01978234,-0.5683823,TransSlide
540.3798,21.42155,0,-0.09384334,0.3849088,0,0.4892968,7627.51,1.428117,0.6117939,Straight,Down,0,-0.5809174,TransSlide
540.4198,21.44734,0,-0.08835018,0.3849088,0,0.4907013,7628.367,1.428691,0.612474,Straight,Down,-0.01978234,-0.5934753,TransSlide
540.4598,21.47308,0,-0.08194149,0.3729915,0,0.4912107,7629.226,1.429383,0.6131548,Straight,Down,0,-0.6060333,TransSlide
540.4998,21.49605,0,-0.07187068,0.3690242,0,0.4908225,7630.085,1.430048,0.6138344,Straight,Down,0,-0.6186218,TransSlide
540.5398,21.51814,0,-0.05355835,0.3610895,0,0.4894832,7630.946,1.430721,0.6145148,Straight,Down,0,-0.631218,TransSlide
540.5798,21.53884,0,-0.04074097,0.3610895,0,0.4874155,7631.807,1.431318,0.6151938,Straight,Down,0,-0.6438293,TransSlide
540.6198,21.55913,0,-0.02975464,0.3531548,0,0.4843896,7632.669,1.431778,0.6158727,Straight,Down,0,-0.656456,TransSlide
540.6598,21.57811,0,-0.02426147,0.3491875,0,0.4808295,7633.532,1.43253,0.6165524,Straight,Down,0,-0.6690979,TransSlide
540.6998,21.5955,0,-0.02243042,0.3412528,0,0.476326,7634.396,1.433291,0.6172307,Straight,Down,-0.01978234,-0.6817474,TransSlide
540.7398,21.61153,0,-0.01693726,0.3372854,0,0.4715576,7635.26,1.433942,0.617909,Straight,Down,-0.01978234,-0.6944122,TransSlide
540.7798,21.62645,0,-0.01693726,0.3333181,0,0.4659704,7636.125,1.434392,0.6185879,Straight,Down,0,-0.7070847,TransSlide
540.8198,21.64063,0,-0.01693726,0.3214161,0,0.4597495,7636.991,1.434822,0.6192658,Straight,Down,-0.01978234,-0.7197723,TransSlide
540.8598,21.65268,0,-0.01693726,0.3174487,0,0.453,7637.857,1.435322,0.6199431,Straight,Down,0,-0.73246,TransSlide
540.8998,21.66278,0,-0.01693726,0.3134814,0,0.4458965,7638.723,1.436008,0.6206214,Straight,Down,-0.01978234,-0.745163,TransSlide
540.9398,21.67206,0,-0.01693726,0.3134814,0,0.438552,7639.59,1.436934,0.6212986,Straight,Down,0,-0.7578659,TransSlide
540.9798,21.68141,0,-0.01693726,0.3134814,0,0.430624,7640.457,1.437714,0.6219752,Straight,Down,-0.01978234,-0.7705765,TransSlide
541.0198,21.69065,0,-0.01693726,0.3134814,0,0.4226906,7641.324,1.438627,0.6226528,Straight,Down,0,-0.7833023,TransSlide
541.0598,21.69984,0,-0.01693726,0.3134814,0,0.4141563,7642.192,1.439594,0.6233292,Straight,Down,0,-0.7960281,TransSlide
541.0998,21.70901,0,-0.01693726,0.3134814,0,0.4052051,7643.061,1.440752,0.6240063,Straight,Down,0,-0.8087616,TransSlide
541.1398,21.71815,0,-0.01693726,0.3134814,0,0.3956778,7643.929,1.441986,0.6246822,Straight,Down,-0.01978234,-0.8214951,TransSlide
541.1798,21.72727,0,-0.01693726,0.3134814,0,0.385588,7644.798,1.443288,0.6253577,Straight,Down,0,-0.8342438,TransSlide
541.2198,21.73511,0,-0.01693726,0.3134814,0,0.3749247,7645.667,1.444157,0.626034,Straight,Down,0,-0.8469849,TransSlide
541.2598,21.74637,0,-0.01693726,0.3134814,0,0.3704449,7646.538,1.447331,0.6267092,Straight,Down,0,-0.859726,TransSlide
541.2998,21.75693,0,-0.01693726,0.3134814,0,0.3664013,7647.408,1.451037,0.6273839,Straight,Down,0,-0.8724747,TransSlide
541.3398,21.76547,0,-0.01693726,0.3134814,0,0.3620675,7648.278,1.453926,0.6280596,Straight,Down,0,-0.885231,TransSlide
541.3798,21.77678,0,-0.01693726,0.3134814,0,0.3576353,7649.149,1.455385,0.628734,Straight,Down,0,-0.8980026,TransSlide
541.4198,21.78794,0,-0.01693726,0.3134814,0,0.3527021,7650.021,1.456512,0.6294079,Straight,Down,0,-0.9107895,TransSlide
541.4598,21.79892,0,-0.01693726,0.3134814,0,0.3476074,7650.893,1.457082,0.6300828,Straight,Down,-0.01978234,-0.9235764,TransSlide
541.4998,21.80977,0,-0.01693726,0.3134814,0,0.3419494,7651.765,1.457426,0.6307565,Straight,Down,0,-0.9363785,TransSlide
541.5398,21.82048,0,-0.01693726,0.3134814,0,0.3361003,7652.638,1.45793,0.6314309,Straight,Down,0,-0.9491806,TransSlide
541.5798,21.83109,0,-0.01693726,0.3134814,0,0.3303389,7653.511,1.45827,0.632104,Straight,Down,-0.01978234,-0.961998,TransSlide
541.6198,21.84167,0,-0.01693726,0.3134814,0,0.324183,7654.384,1.458737,0.6327767,Straight,Down,-0.02797646,-0.9748077,TransSlide
541.6598,21.85219,0,-0.01693726,0.3134814,0,0.3183285,7655.258,1.459108,0.6334503,Straight,Down,-0.02797646,-0.9781799,TransSlide
541.6998,21.86268,0,-0.01693726,0.3134814,0,0.3119925,7656.132,1.459505,0.6341227,Straight,Down,-0.02797646,-0.9800186,TransSlide
541.7398,21.87311,0,-0.01693726,0.3134814,0,0.3057456,7657.007,1.459965,0.6347947,Straight,Down,-0.02797646,-0.9818573,TransSlide
541.7798,21.88359,0,-0.01693726,0.3134814,0,0.2992023,7657.882,1.460697,0.6354675,Straight,Down,-0.03426402,-0.9836884,TransSlide
541.8198,21.89366,0,-0.01693726,0.3134814,0,0.2923579,7658.758,1.461122,0.6361391,Straight,Down,-0.03426402,-0.985527,TransSlide
541.8598,21.90409,0,-0.01693726,0.3134814,0,0.2855814,7659.634,1.460873,0.6368104,Straight,Down,-0.03426402,-0.9873657,TransSlide
541.8998,21.9141,0,-0.01693726,0.3134814,0,0.2784844,7660.511,1.460847,0.6374825,Straight,Down,-0.02797646,-0.9892044,TransSlide
541.9398,21.92377,0,-0.01693726,0.3134814,0,0.2710113,7661.388,1.461156,0.638153,Straight,Down,-0.02797646,-0.9910431,TransSlide
541.9798,21.93352,0,-0.01693726,0.3134814,0,0.2632658,7662.265,1.461607,0.6388236,Straight,Down,-0.03426402,-0.9928818,TransSlide
542.0198,21.94312,0,-0.01693726,0.3134814,0,0.2555292,7663.143,1.462016,0.6394948,Straight,Down,-0.02797646,-0.9947281,TransSlide
542.0598,21.95286,0,-0.01693726,0.3134814,0,0.2499963,7664.021,1.462364,0.6401646,Straight,Down,-0.02797646,-0.9965591,TransSlide
542.0998,21.9632,0,-0.01693726,0.3134814,0,0.2509517,7664.899,1.463714,0.6408352,Straight,Down,-0.03426402,-0.9984055,TransSlide
542.1398,21.97332,0,-0.01693726,0.3134814,0,0.2518215,7665.778,1.464884,0.6415046,Straight,Down,-0.02797646,-1.000244,TransSlide
542.1798,21.98292,0,-0.01693726,0.297612,0,0.2526386,7666.657,1.465667,0.6421736,Straight,Down,-0.02797646,-1.00209,TransSlide
542.2198,21.99108,0,-0.01693726,0.2658579,0,0.2534855,7667.537,1.465982,0.6428437,Straight,Down,-0.03426402,-1.003929,TransSlide
542.2598,21.99336,0,-0.01693726,0.2341192,0,0.25447,7668.417,1.466066,0.6435121,Straight,Down,-0.02797646,-1.005775,TransSlide
542.2998,21.98741,0,-0.01693726,0.1825284,0,0.2554013,7669.296,1.466073,0.6441804,Straight,Down,-0.02797646,-1.007614,TransSlide
542.3398,21.9717,0,-0.01693726,0.1190356,0,0.2559422,7670.175,1.466307,0.6448494,Straight,Down,-0.02797646,-1.00946,TransSlide
542.3798,21.94214,0,-0.01693726,0.07142748,0,0.2564056,7671.053,1.466814,0.6455169,Straight,Down,-0.02797646,-1.011292,TransSlide
542.4198,21.90278,0,-0.01693726,0,0,0.256726,7671.93,1.467349,0.6461844,Straight,Down,-0.02797646,-1.01313,TransSlide
542.4598,21.84858,0,-0.01693726,0,0,0.256564,7672.804,1.468064,0.6468526,Straight,Down,-0.03956468,-1.014931,TransSlide
542.4998,21.79026,0,-0.01693726,0,0,0.2558322,7673.677,1.468646,0.6475193,Straight,Down,-0.03956468,-1.013954,TransSlide
542.5398,21.73186,0,-0.01693726,0,0,0.2552619,7674.546,1.46829,0.6481869,Straight,Down,-0.03956468,-1.012985,TransSlide
542.5798,21.67353,0,-0.01693726,0,0,0.2545626,7675.414,1.468196,0.6488532,Straight,Down,-0.03956468,-1.012009,TransSlide
542.6198,21.61545,0,-0.01693726,0,0,0.2532972,7676.279,1.468468,0.6495192,Straight,Down,-0.03956468,-1.01104,TransSlide
542.6598,21.55771,0,-0.01693726,0,0,0.2519776,7677.142,1.468838,0.6501859,Straight,Down,-0.04423466,-1.010078,TransSlide
542.6998,21.50022,0,-0.01693726,0,0,0.255609,7678.003,1.469508,0.6508512,Straight,Down,-0.04423466,-1.009117,TransSlide
542.7398,21.44275,0,-0.03890991,0,0,0.2627784,7678.861,1.470782,0.6515164,Straight,Down,-0.03956468,-1.008156,TransSlide
542.7798,21.38557,0,-0.0590533,0,0,0.2700094,7679.717,1.47212,0.6521822,Straight,Down,-0.04423466,-1.007195,TransSlide
542.8198,21.3286,0,-0.0993365,0,0,0.2771168,7680.571,1.473068,0.6528465,Straight,Down,-0.04423466,-1.006241,TransSlide
542.8598,21.27178,0,-0.1286334,0,0,0.2839983,7681.422,1.473725,0.6535108,Straight,Down,-0.03956468,-1.005287,TransSlide
542.8998,21.21519,0,-0.1368731,0,0,0.2906865,7682.271,1.474234,0.6541757,Straight,Down,-0.03956468,-1.004326,TransSlide
542.9398,21.1588,0,-0.1606768,0,0,0.2971787,7683.118,1.474763,0.6548394,Straight,Down,-0.03956468,-1.00338,TransSlide
542.9798,21.10258,0,-0.1972997,0,0,0.3033206,7683.963,1.475118,0.6555026,Straight,Down,-0.03956468,-1.002426,TransSlide
543.0198,21.04623,0,-0.2677953,0,0,0.309031,7684.805,1.47601,0.6561666,Straight,Down,-0.03956468,-1.001488,TransSlide
543.0598,20.98994,0,-0.3108269,0,0,0.3142256,7685.646,1.476317,0.6568294,Straight,Down,-0.04423466,-1.000542,TransSlide
543.0998,20.93369,0,-0.3447014,0,0,0.3192719,7686.483,1.475697,0.6574928,Straight,Down,-0.04845664,-0.9996033,TransSlide
543.1398,20.8775,0,-0.3511101,0,0,0.3237777,7687.319,1.475502,0.6581547,Left,Down,-0.05233916,-0.9972916,TransSlide
543.1798,20.82176,0,-0.3520256,0,0,0.3272514,7688.152,1.475714,0.6588166,Left,Down,-0.05233916,-0.9945374,TransSlide
543.2198,20.76611,0,-0.3575188,0,0,0.334004,7688.984,1.476197,0.659479,Left,Down,-0.05233916,-0.9917908,TransSlide
543.2598,20.71059,0,-0.3685051,0,0,0.3452379,7689.813,1.47754,0.6601403,Straight,Down,-0.04845664,-0.9890518,TransSlide
543.2998,20.65511,0,-0.3923088,0,0,0.355857,7690.639,1.478897,0.660801,Left,Down,-0.05233916,-0.9863205,TransSlide
543.3398,20.60005,0,-0.4097039,0,0,0.3656864,7691.464,1.479855,0.6614625,Left,Down,-0.05233916,-0.9835815,TransSlide
543.3798,20.54505,0,-0.4115367,0,0,0.3748604,7692.287,1.4806,0.6621228,Straight,Down,-0.04845664,-0.9808578,TransSlide
543.4198,20.49026,0,-0.4124522,0,0,0.3831998,7693.106,1.481197,0.6627826,Straight,Down,-0.04845664,-0.9781494,TransSlide
543.4598,20.43553,0,-0.4161143,0,0,0.3908109,7693.924,1.481733,0.6634431,Straight,Down,-0.04845664,-0.9754333,TransSlide
543.4998,20.3807,0,-0.4170299,0,0,0.3971047,7694.74,1.482825,0.6641025,Left,Down,-0.05233916,-0.9727325,TransSlide
543.5398,20.32577,0,-0.4170299,0,0,0.4023602,7695.554,1.482787,0.6647624,Left,Down,-0.05233916,-0.9700317,TransSlide
543.5798,20.27101,0,-0.4170299,0,0,0.4069966,7696.365,1.482131,0.6654209,Straight,Down,-0.04845664,-0.9673462,TransSlide
543.6198,20.21647,0,-0.4170299,0,0,0.4102986,7697.174,1.481736,0.6660793,Left,Down,-0.05233916,-0.964653,TransSlide
543.6598,20.16249,0,-0.4170299,0,0,0.4122757,7697.981,1.481631,0.6667383,Left,Down,-0.06255726,-0.9618912,TransSlide
543.6998,20.10826,0,-0.4115367,0,0,0.4215845,7698.787,1.482932,0.667396,Left,Down,-0.06255726,-0.9577179,TransSlide
543.7398,20.05412,0,-0.4051262,0,0,0.4297372,7699.589,1.484255,0.6680533,Left,Down,-0.06255726,-0.9535675,TransSlide
543.7798,20.00032,0,-0.3932244,0,0,0.4367074,7700.39,1.485497,0.6687112,Left,Down,-0.05934703,-0.9494171,TransSlide
543.8198,19.9466,0,-0.3877312,0,0,0.4425646,7701.188,1.486277,0.669368,Left,Down,-0.05934703,-0.9452744,TransSlide
543.8598,19.89313,0,-0.3877312,0,0,0.4471983,7701.984,1.486859,0.6700242,Left,Down,-0.06255726,-0.9411392,TransSlide
543.8998,19.8395,0,-0.3877312,0,0,0.4504333,7702.779,1.487669,0.6706812,Left,Down,-0.06255726,-0.937027,TransSlide
543.9398,19.78582,0,-0.3877312,0,0,0.4517568,7703.571,1.488548,0.6713369,Left,Down,-0.06255726,-0.9329147,TransSlide
543.9798,19.73215,0,-0.3877312,0,0,0.4524724,7704.36,1.487748,0.6719924,Left,Down,-0.06255726,-0.9288101,TransSlide
544.0198,19.679,0,-0.3877312,0,0,0.4518618,7705.148,1.487116,0.6726484,Left,Down,-0.05934703,-0.9247055,TransSlide
544.0598,19.62613,0,-0.3877312,0,0,0.44934,7705.934,1.486568,0.6733029,Left,Down,-0.05934703,-0.9206238,TransSlide
544.0998,19.57305,0,-0.3877312,0,0,0.4532585,7706.717,1.487801,0.6739582,Left,Down,-0.0656106,-0.9165497,TransSlide
544.1398,19.52021,0,-0.3932244,0,0,0.4564625,7707.499,1.48916,0.6746123,Left,Down,-0.07132626,-0.912323,TransSlide
544.1798,19.46768,0,-0.399633,0,0,0.4584043,7708.278,1.490582,0.6752658,Left,Down,-0.07132626,-0.9068985,TransSlide
544.2198,19.41526,0,-0.4115367,0,0,0.4591474,7709.055,1.49173,0.6759201,Left,Down,-0.07401875,-0.901474,TransSlide
544.2598,19.36285,0,-0.4353404,0,0,0.4582125,7709.83,1.492622,0.6765732,Left,Down,-0.07132626,-0.8960724,TransSlide
544.2998,19.31018,0,-0.4545665,0,0,0.455148,7710.603,1.494081,0.6772259,Left,Down,-0.07401875,-0.8906708,TransSlide
544.3398,19.25747,0,-0.4783702,0,0,0.4511861,7711.374,1.493576,0.6778792,Left,Down,-0.07132626,-0.8852768,TransSlide
544.3798,19.20535,0,-0.4829478,0,0,0.4456458,7712.143,1.492768,0.678531,Left,Down,-0.07132626,-0.8799057,TransSlide
544.4198,19.15364,0,-0.4829478,0,0,0.4384567,7712.91,1.491733,0.6791826,Left,Down,-0.07132626,-0.8745422,TransSlide
544.4598,19.10182,0,-0.4829478,0,0,0.4365377,7713.674,1.492897,0.6798348,Left,Down,-0.07132626,-0.8692017,TransSlide
544.4998,19.04998,0,-0.4774547,0,0,0.4339784,7714.436,1.494264,0.6804856,Left,Down,-0.07132626,-0.8638687,TransSlide
544.5398,18.99851,0,-0.471046,0,0,0.4298763,7715.196,1.495753,0.6811371,Left,Down,-0.08156469,-0.858551,TransSlide
544.5798,18.94715,0,-0.4701304,0,0,0.4243992,7715.955,1.496792,0.6817874,Left,Down,-0.08156469,-0.8524475,TransSlide
544.6198,18.89544,0,-0.4545665,0,0,0.416995,7716.711,1.498129,0.6824371,Left,Down,-0.08156469,-0.8458099,TransSlide
544.6598,18.84349,0,-0.4463267,0,0,0.4084014,7717.465,1.498446,0.6830875,Left,Down,-0.08392937,-0.83918,TransSlide
544.6998,18.79222,0,-0.4408336,0,0,0.3986118,7718.218,1.497296,0.6837367,Left,Down,-0.08392937,-0.8325729,TransSlide
544.7398,18.74149,0,-0.4344249,0,0,0.3874317,7718.968,1.495537,0.6843856,Left,Down,-0.08392937,-0.8259735,TransSlide
544.7798,18.69074,0,-0.4280162,0,0,0.3811457,7719.717,1.496626,0.6850349,Left,Down,-0.08156469,-0.8194046,TransSlide
544.8198,18.63974,0,-0.4124522,0,0,0.37406,7720.463,1.497929,0.6856828,Left,Down,-0.08392937,-0.8128433,TransSlide
544.8598,18.58922,0,-0.4042107,0,0,0.3658403,7721.207,1.499467,0.6863306,Left,Down,-0.08156469,-0.8063049,TransSlide
544.8998,18.53855,0,-0.3868157,0,0,0.3557233,7721.948,1.500851,0.6869789,Left,Down,-0.08846933,-0.7997818,TransSlide
544.9398,18.48747,0,-0.3813225,0,0,0.3437226,7722.688,1.502652,0.6876257,Left,Down,-0.09487279,-0.7929611,TransSlide
544.9798,18.43646,0,-0.3813225,0,0,0.3307247,7723.426,1.501454,0.6882724,Left,Down,-0.09487279,-0.7851105,TransSlide
545.0198,18.38678,0,-0.3813225,0,0,0.3163329,7724.162,1.499599,0.6889196,Left,Down,-0.09278741,-0.7772827,TransSlide
545.0598,18.33689,0,-0.3813225,0,0,0.3051791,7724.896,1.499349,0.6895655,Left,Down,-0.09487279,-0.7694778,TransSlide
545.0998,18.28684,0,-0.380407,0,0,0.2943912,7725.627,1.500422,0.690212,Left,Down,-0.09487279,-0.7616959,TransSlide
545.1398,18.23682,0,-0.380407,0,0,0.2823212,7726.357,1.501689,0.6908569,Left,Down,-0.09487279,-0.7539368,TransSlide
545.1798,18.1868,0,-0.380407,0,0,0.2687518,7727.085,1.503272,0.6915018,Left,Down,-0.09487279,-0.7462006,TransSlide
545.2198,18.13609,0,-0.380407,0,0,0.2534316,7727.812,1.504741,0.6921471,Left,Down,-0.09691329,-0.738472,TransSlide
545.2598,18.08631,0,-0.380407,0,0,0.2372774,7728.536,1.502921,0.692791,Left,Down,-0.1065312,-0.730751,TransSlide
545.2998,18.03749,0,-0.380407,0,0,0.2212854,7729.258,1.500862,0.6934347,Left,Down,-0.1083524,-0.7218323,TransSlide
545.3398,17.98811,0,-0.380407,0,0,0.2093595,7729.978,1.50154,0.6940789,Left,Down,-0.1083524,-0.7127914,TransSlide
545.3798,17.93852,0,-0.3767449,0,0,0.1961656,7730.696,1.502746,0.6947218,Left,Down,-0.1083524,-0.7037735,TransSlide
545.4198,17.88901,0,-0.3767449,0,0,0.1812987,7731.413,1.504603,0.6953642,Left,Down,-0.1065312,-0.6947861,TransSlide
545.4598,17.83865,0,-0.3758293,0,0,0.1648237,7732.127,1.507396,0.6960073,Left,Down,-0.1083524,-0.6858063,TransSlide
545.4998,17.78988,0,-0.3758293,0,0,0.1479123,7732.839,1.505643,0.6966491,Left,Down,-0.1083524,-0.6768494,TransSlide
545.5398,17.74166,0,-0.3758293,0,0,0.131323,7733.55,1.503991,0.6972913,Left,Down,-0.1153499,-0.6679153,TransSlide
545.5798,17.69308,0,-0.3758293,0,0,0.1188764,7734.258,1.504859,0.6979321,Left,Down,-0.1219466,-0.6585388,TransSlide
545.6198,17.64363,0,-0.3758293,0,0,0.1048258,7734.965,1.506462,0.6985728,Left,Down,-0.1203313,-0.6482391,TransSlide
545.6598,17.59409,0,-0.3758293,0,0,0.08946306,7735.669,1.509441,0.6992139,Left,Down,-0.1219466,-0.6379547,TransSlide
545.6998,17.54477,0,-0.3758293,0,0,0.07386783,7736.372,1.510384,0.6998536,Left,Down,-0.1203313,-0.6276932,TransSlide
545.7398,17.49691,0,-0.3758293,0,0,0.05738887,7737.073,1.50758,0.7004931,Left,Down,-0.1219466,-0.6174545,TransSlide
545.7798,17.44916,0,-0.3758293,0,0,0.04632658,7737.771,1.507624,0.7011331,Left,Down,-0.1219466,-0.6072388,TransSlide
545.8198,17.40047,0,-0.3758293,0,0,0.03415158,7738.468,1.508412,0.7017717,Left,Down,-0.1312212,-0.5970612,TransSlide
545.8598,17.35079,0,-0.3758293,0,0,0.02060083,7739.163,1.510926,0.7024099,Left,Down,-0.1370561,-0.586235,TransSlide
545.8998,17.302,0,-0.3758293,0,0,0.006881148,7739.856,1.512306,0.7030486,Left,Down,-0.1356209,-0.5746307,TransSlide
545.9398,17.25453,0,-0.3758293,0,0,-0.007076412,7740.547,1.50931,0.7036861,Left,Down,-0.1356209,-0.5630493,TransSlide
545.9798,17.20715,0,-0.3758293,0,0,-0.01568705,7741.236,1.509933,0.704323,Left,Down,-0.1370561,-0.551506,TransSlide
546.0198,17.15864,0,-0.3758293,0,0,-0.02484629,7741.923,1.511158,0.7049606,Left,Down,-0.1356209,-0.5400009,TransSlide
546.0598,17.1086,0,-0.3758293,0,0,-0.03428757,7742.608,1.514265,0.705597,Left,Down,-0.14537,-0.5285187,TransSlide
546.0998,17.06118,0,-0.3758293,0,0,-0.04413334,7743.291,1.512909,0.7062337,Left,Down,-0.1519511,-0.5165939,TransSlide
546.1398,17.01405,0,-0.3758293,0,0,-0.05145267,7743.972,1.511373,0.7068692,Left,Down,-0.1532334,-0.5036392,TransSlide
546.1798,16.96664,0,-0.3758293,0,0,-0.05691311,7744.651,1.511997,0.7075042,Left,Down,-0.1519511,-0.4907227,TransSlide
546.2198,16.91661,0,-0.3758293,0,0,-0.06507432,7745.329,1.515014,0.7081398,Left,Down,-0.1532334,-0.4778442,TransSlide
546.2598,16.86915,0,-0.3758293,0,0,-0.07317355,7746.004,1.515514,0.7087741,Left,Down,-0.1545051,-0.4649963,TransSlide
546.2998,16.82208,0,-0.3758293,0,0,-0.0809547,7746.677,1.512897,0.7094077,Left,Down,-0.165511,-0.452179,TransSlide
546.3398,16.77477,0,-0.380407,0,0,-0.08498088,7747.349,1.513288,0.7100421,Left,Down,-0.1690205,-0.4383163,TransSlide
546.3798,16.724,0,-0.3813225,0,0,-0.09241837,7748.018,1.51569,0.7106752,Left,Down,-0.1690205,-0.4239578,TransSlide
546.4198,16.67566,0,-0.3813225,0,0,-0.09997287,7748.686,1.515569,0.7113079,Left,Down,-0.1690205,-0.4096527,TransSlide
546.4598,16.62759,0,-0.3813225,0,0,-0.1054205,7749.351,1.513639,0.711941,Left,Down,-0.1690205,-0.3953705,TransSlide
546.4998,16.57986,0,-0.3859001,0,0,-0.108804,7750.015,1.51271,0.7125726,Left,Down,-0.1813082,-0.3811111,TransSlide
546.5398,16.53012,0,-0.3923088,0.02380407,0,-0.1144914,7750.676,1.512856,0.7132049,Left,Down,-0.1866263,-0.3661118,TransSlide
546.5798,16.48496,0,-0.3987175,0.03570611,0,-0.120817,7751.336,1.515156,0.7138359,Left,Down,-0.1876719,-0.3502579,TransSlide
546.6198,16.44326,0,-0.399633,0.03570611,0,-0.1212118,7751.994,1.514174,0.7144663,Left,Down,-0.1866263,-0.3344498,TransSlide
546.6598,16.40281,0,-0.4005486,0.03967346,0,-0.1225597,7752.651,1.512857,0.7150974,Left,Down,-0.1897456,-0.3186874,TransSlide
546.6998,16.36152,0,-0.4051262,0.03967346,0,-0.1252449,7753.306,1.515945,0.7157272,Left,Down,-0.2027088,-0.3029556,TransSlide
546.7398,16.32023,0,-0.422523,0.07142748,0,-0.1230811,7753.958,1.516839,0.7163563,Left,Down,-0.2065338,-0.286026,TransSlide
546.7798,16.2867,0,-0.4417491,0.09523156,0,-0.1206895,7754.61,1.516283,0.716986,Left,Down,-0.2055842,-0.2686386,TransSlide
546.8198,16.25726,0,-0.4930186,0.123003,0,-0.1190081,7755.261,1.520263,0.7176145,Left,Down,-0.2055842,-0.2512741,TransSlide
546.8598,16.2341,0,-0.5543607,0.1388876,0,-0.1118662,7755.91,1.521156,0.7182426,Left,Down,-0.2185032,-0.2339249,TransSlide
546.8998,16.21623,0,-0.6010526,0.154757,0,-0.105469,7756.559,1.521094,0.7188711,Left,Down,-0.2264194,-0.2159348,TransSlide
546.9398,16.19964,0,-0.654155,0.1825284,0,-0.09993878,7757.208,1.525192,0.7194982,Left,Down,-0.2264194,-0.1967926,TransSlide
546.9798,16.19036,0,-0.6907761,0.1864958,0,-0.0899609,7757.855,1.526673,0.720125,Left,Down,-0.2264194,-0.1776581,TransSlide
547.0198,16.18223,0,-0.720073,0.1864958,0,-0.08033249,7758.502,1.526587,0.7207522,Left,Down,-0.2398483,-0.1585541,TransSlide
547.0598,16.17409,0,-0.7566941,0.1904631,0,-0.07169899,7759.149,1.529115,0.7213779,Left,Flat,-0.2478722,-0.1386871,TransSlide
547.0998,16.16755,0,-0.7905704,0.2063325,0,-0.06107256,7759.796,1.531609,0.7220043,Left,Flat,-0.2470816,-0.1176453,TransSlide
547.1398,16.16289,0,-0.8262759,0.2103151,0,-0.04866433,7760.442,1.532207,0.7226293,Left,Flat,-0.2525642,-0.09663391,TransSlide
547.1798,16.16237,0,-0.8445865,0.2222171,0,-0.03745288,7761.089,1.531821,0.723254,Left,Flat,-0.268341,-0.07562256,TransSlide
547.2198,16.16326,0,-0.8619815,0.2261845,0,-0.02785933,7761.735,1.535716,0.723879,Left,Flat,-0.2719625,-0.05461121,TransSlide
547.2598,16.16326,0,-0.8683902,0.2261845,0,-0.01357245,7762.382,1.536319,0.7245026,Left,Flat,-0.272681,-0.03360748,TransSlide
547.2998,16.16327,0,-0.8683902,0.2261845,0,-0.000297159,7763.028,1.536077,0.7251259,Left,Flat,-0.2973941,-0.01263428,TransSlide
547.3398,16.1656,0,-0.8683902,0.2301518,0,0.01153147,7763.675,1.536363,0.7257497,Left,Flat,-0.3109043,-0.008041382,TransSlide
547.3798,16.16726,0,-0.8683902,0.2301518,0,0.02271813,7764.321,1.539354,0.7263719,Left,Flat,-0.309643,-0.01960754,TransSlide
547.4198,16.16896,0,-0.8683902,0.2301518,0,0.03769153,7764.968,1.539656,0.7269939,Left,Flat,-0.2980514,-0.03116608,TransSlide
547.4598,16.16964,0,-0.8683902,0.2301518,0,0.05194238,7765.614,1.539169,0.7276163,Left,Flat,-0.2920831,-0.04234314,TransSlide
547.4998,16.17455,0,-0.8683902,0.2301518,0,0.0641534,7766.261,1.538959,0.7282375,Left,Flat,-0.2920831,-0.05319214,TransSlide
547.5398,16.17583,0,-0.8683902,0.2301518,0,0.07567558,7766.909,1.542319,0.728859,Left,Flat,-0.2804634,-0.06403351,TransSlide
547.5798,16.17744,0,-0.8683902,0.2301518,0,0.09113947,7767.556,1.542832,0.729479,Left,Flat,-0.2741124,-0.07459259,TransSlide
547.6198,16.17864,0,-0.8683902,0.2341192,0,0.1058087,7768.204,1.542949,0.7300988,Left,Flat,-0.2741124,-0.08473206,TransSlide
547.6598,16.18255,0,-0.8683902,0.2460212,0,0.1187946,7768.851,1.541007,0.730719,Left,Flat,-0.2668786,-0.09487915,TransSlide
547.6998,16.18825,0,-0.8683902,0.2499886,0,0.1288418,7769.499,1.543001,0.7313376,Left,Flat,-0.2556444,-0.1049728,TransSlide
547.7398,16.19426,0,-0.8638126,0.2499886,0,0.1412009,7770.146,1.54423,0.7319561,Left,Flat,-0.2564087,-0.1144333,TransSlide
547.7798,16.20064,0,-0.8574039,0.2499886,0,0.1538578,7770.794,1.544762,0.7325749,Left,Flat,-0.2556444,-0.1238937,TransSlide
547.8198,16.20635,0,-0.8445865,0.2499886,0,0.1656888,7771.442,1.544368,0.7331923,Left,Flat,-0.2438933,-0.1333542,TransSlide
547.8598,16.21601,0,-0.843671,0.2499886,0,0.1748569,7772.091,1.543612,0.7338094,Left,Flat,-0.2390311,-0.1424789,TransSlide
547.8998,16.22241,0,-0.843671,0.2499886,0,0.1815808,7772.739,1.546287,0.7344268,Left,Down,-0.2390311,-0.151268,TransSlide
547.9398,16.22856,0,-0.843671,0.2499886,0,0.1907811,7773.389,1.547521,0.735043,Left,Down,-0.2373883,-0.1600494,TransSlide
547.9798,16.23465,0,-0.843671,0.2499886,0,0.2001662,7774.038,1.547832,0.7356585,Left,Down,-0.2255535,-0.1688385,TransSlide
548.0198,16.24108,0,-0.843671,0.2698253,0,0.2081686,7774.688,1.547286,0.7362745,Left,Down,-0.2211734,-0.1772232,TransSlide
548.0598,16.25347,0,-0.843671,0.27776,0,0.213717,7775.337,1.545888,0.7368894,Left,Down,-0.2211734,-0.1853485,TransSlide
548.0998,16.26723,0,-0.845502,0.297612,0,0.2166758,7775.988,1.547998,0.7375045,Left,Down,-0.2211734,-0.1934662,TransSlide
548.1398,16.28327,0,-0.845502,0.3055466,0,0.2196915,7776.639,1.550154,0.7381182,Left,Down,-0.2102893,-0.2015991,TransSlide
548.1798,16.30167,0,-0.845502,0.3055466,0,0.2251489,7777.291,1.550732,0.7387316,Left,Down,-0.2036718,-0.2094269,TransSlide
548.2198,16.32003,0,-0.845502,0.3214161,0,0.2288608,7777.943,1.550668,0.7393454,Left,Down,-0.2036718,-0.2169037,TransSlide
548.2598,16.34378,0,-0.845502,0.3372854,0,0.2305326,7778.597,1.549923,0.7399578,Left,Down,-0.2036718,-0.2243958,TransSlide
548.2998,16.37028,0,-0.845502,0.3452201,0,0.2296644,7779.251,1.549332,0.7405696,Left,Down,-0.1988102,-0.2318878,TransSlide
548.3398,16.3988,0,-0.845502,0.3491875,0,0.2264316,7779.907,1.551335,0.741182,Left,Down,-0.1887116,-0.2393875,TransSlide
548.3798,16.4269,0,-0.845502,0.3491875,0,0.2242628,7780.564,1.552925,0.741793,Left,Down,-0.1876719,-0.246315,TransSlide
548.4198,16.45452,0,-0.845502,0.3491875,0,0.2242663,7781.222,1.553456,0.7424034,Left,Down,-0.1876719,-0.2531815,TransSlide
548.4598,16.48281,0,-0.8400089,0.3491875,0,0.2224702,7781.881,1.553426,0.7430144,Left,Down,-0.1876719,-0.2600555,TransSlide
548.4998,16.51254,0,-0.8336002,0.3610895,0,0.2184025,7782.541,1.552868,0.743624,Left,Down,-0.1823843,-0.2669373,TransSlide
548.5398,16.54293,0,-0.8088809,0.3729915,0,0.2123365,7783.203,1.551957,0.7442332,Left,Down,-0.1713202,-0.2738266,TransSlide
548.5798,16.57802,0,-0.7841617,0.3888762,0,0.2037422,7783.865,1.553092,0.7448427,Left,Down,-0.1713202,-0.2800827,TransSlide
548.6198,16.61425,0,-0.7502854,0.3968109,0,0.1929941,7784.53,1.555301,0.7454507,Left,Down,-0.1713202,-0.2863464,TransSlide
548.6598,16.65243,0,-0.6962693,0.3968109,0,0.185483,7785.195,1.556289,0.7460593,Left,Down,-0.1701742,-0.2926178,TransSlide
548.6998,16.69076,0,-0.6605637,0.3968109,0,0.1783717,7785.863,1.556543,0.7466666,Left,Down,-0.1690205,-0.2988968,TransSlide
548.7398,16.7296,0,-0.6083769,0.4007782,0,0.1686379,7786.531,1.556449,0.7472731,Left,Down,-0.1582588,-0.3051987,TransSlide
548.7798,16.76973,0,-0.5717558,0.4007782,0,0.1570774,7787.202,1.556203,0.7478802,Left,Down,-0.1557664,-0.3110809,TransSlide
548.8198,16.80916,0,-0.5177379,0.4206149,0,0.1439047,7787.874,1.55592,0.7484861,Left,Down,-0.1545051,-0.3167496,TransSlide
548.8598,16.85345,0,-0.471046,0.4285496,0,0.1285335,7788.547,1.556647,0.7490912,Left,Down,-0.1545051,-0.3224182,TransSlide
548.8998,16.89989,0,-0.4463267,0.432517,0,0.1111901,7789.223,1.558635,0.7496969,Left,Down,-0.1557664,-0.3281021,TransSlide
548.9398,16.94533,0,-0.4097039,0.4404517,0,0.0954442,7789.9,1.560212,0.7503012,Left,Down,-0.1519511,-0.3338089,TransSlide
548.9798,16.99263,0,-0.3749138,0.4404517,0,0.08252457,7790.579,1.560453,0.7509051,Left,Down,-0.1398823,-0.3395233,TransSlide
549.0198,17.04041,0,-0.3218132,0.4404517,0,0.06743765,7791.26,1.560501,0.7515093,Left,Down,-0.1384764,-0.3447113,TransSlide
549.0598,17.08988,0,-0.2687109,0.4404517,0,0.05044031,7791.943,1.560511,0.752112,Left,Down,-0.1384764,-0.3497925,TransSlide
549.0998,17.13712,0,-0.2384984,0.4404517,0,0.0319041,7792.628,1.560801,0.7527152,Left,Down,-0.1398823,-0.3548889,TransSlide
549.1398,17.1847,0,-0.2073705,0.4404517,0,0.01215717,7793.315,1.560765,0.7533171,Left,Down,-0.1398823,-0.3599854,TransSlide
549.1798,17.23253,0,-0.1789892,0.4404517,0,-0.009092212,7794.004,1.561413,0.7539183,Left,Down,-0.1384764,-0.365097,TransSlide
549.2198,17.28189,0,-0.1533526,0.4404517,0,-0.03192076,7794.695,1.56309,0.7545201,Left,Down,-0.1297215,-0.370224,TransSlide
549.2598,17.32856,0,-0.1112384,0.444419,0,-0.05497673,7795.388,1.564902,0.7551205,Left,Down,-0.1219466,-0.3751602,TransSlide
549.2998,17.37648,0,-0.07553279,0.444419,0,-0.07251376,7796.083,1.565145,0.7557204,Left,Down,-0.1219466,-0.379631,TransSlide
549.3398,17.42446,0,-0.0151062,0.444419,0,-0.0913789,7796.78,1.565279,0.7563207,Left,Down,-0.1219466,-0.3841171,TransSlide
549.3798,17.47373,0,0.05264282,0.4483864,0,-0.1113978,7797.479,1.56537,0.7569193,Left,Down,-0.1219466,-0.3886185,TransSlide
549.4198,17.52283,0,0.1039124,0.4483864,0,-0.1323268,7798.179,1.565607,0.7575178,Left,Down,-0.1219466,-0.3931274,TransSlide
549.4598,17.5716,0,0.1661718,0.4483864,0,-0.1540457,7798.882,1.566,0.7581165,Left,Down,-0.1219466,-0.397644,TransSlide
549.4998,17.61979,0,0.206455,0.4523537,0,-0.1762652,7799.586,1.566321,0.7587138,Left,Down,-0.1153499,-0.4021759,TransSlide
549.5398,17.6692,0,0.2430761,0.464271,0,-0.1991012,7800.293,1.566193,0.7593107,Left,Down,-0.1046783,-0.4066315,TransSlide
549.5798,17.72199,0,0.2504003,0.4682384,0,-0.2227309,7801.001,1.567433,0.7599079,Left,Down,-0.1065312,-0.4104919,TransSlide
549.6198,17.77607,0,0.2504003,0.4682384,0,-0.2467818,7801.712,1.568903,0.7605038,Left,Down,-0.1065312,-0.41436,TransSlide
549.6598,17.82762,0,0.2504003,0.4682384,0,-0.2683787,7802.424,1.570028,0.7611,Left,Down,-0.1046783,-0.4182358,TransSlide
549.6998,17.88019,0,0.2504003,0.4682384,0,-0.284848,7803.139,1.570259,0.7616947,Left,Down,-0.1046783,-0.4221191,TransSlide
549.7398,17.93278,0,0.2439916,0.4682384,0,-0.3020855,7803.855,1.570248,0.762289,Left,Down,-0.1065312,-0.4260254,TransSlide
549.7798,17.98619,0,0.2439916,0.4682384,0,-0.3195203,7804.575,1.570217,0.7628837,Left,Down,-0.1065312,-0.4299393,TransSlide
549.8198,18.03787,0,0.2494848,0.4722057,0,-0.3370184,7805.296,1.570347,0.7634769,Left,Down,-0.1008706,-0.4338608,TransSlide
549.8598,18.09057,0,0.2504003,0.4722057,0,-0.3545071,7806.019,1.5707,0.7640698,Left,Down,-0.08846933,-0.4377823,TransSlide
549.8998,18.14303,0,0.2504003,0.4722057,0,-0.3720312,7806.744,1.571121,0.7646629,Left,Down,-0.08846933,-0.440979,TransSlide
549.9398,18.19538,0,0.2504003,0.4722057,0,-0.3896106,7807.471,1.571462,0.7652544,Left,Down,-0.08846933,-0.4441833,TransSlide
549.9798,18.24717,0,0.2504003,0.476173,0,-0.4069321,7808.2,1.571736,0.7658458,Left,Down,-0.08846933,-0.447403,TransSlide
550.0198,18.30019,0,0.2504003,0.4880751,0,-0.4239219,7808.932,1.571718,0.7664374,Left,Down,-0.08846933,-0.4506149,TransSlide
550.0598,18.35566,0,0.2247655,0.4920424,0,-0.4410501,7809.666,1.572953,0.7670276,Left,Down,-0.08846933,-0.4538498,TransSlide
550.0998,18.41271,0,0.206455,0.4920424,0,-0.4579987,7810.401,1.574167,0.7676182,Left,Down,-0.08846933,-0.4570847,TransSlide
550.1398,18.4684,0,0.2018774,0.4920424,0,-0.4741894,7811.139,1.575151,0.7682072,Left,Down,-0.08846933,-0.4603348,TransSlide
550.1798,18.52435,0,0.2018774,0.4920424,0,-0.4813256,7811.88,1.575175,0.7687959,Left,Down,-0.09065409,-0.4635925,TransSlide
550.2198,18.58009,0,0.2018774,0.4920424,0,-0.4883476,7812.623,1.575346,0.7693849,Left,Down,-0.07661668,-0.4668655,TransSlide
550.2598,18.63629,0,0.2018774,0.4722057,0,-0.4949827,7813.367,1.575423,0.7699723,Left,Down,-0.07132626,-0.46978,TransSlide
550.2998,18.68699,0,0.2018774,0.4682384,0,-0.5010861,7814.114,1.57563,0.7705594,Left,Down,-0.06852804,-0.4722061,TransSlide
550.3398,18.73686,0,0.2018774,0.464271,0,-0.5066917,7814.862,1.575815,0.7711468,Left,Down,-0.06852804,-0.4746399,TransSlide
550.3798,18.78612,0,0.2018774,0.4603037,0,-0.5115585,7815.613,1.576152,0.7717329,Left,Down,-0.06852804,-0.4770889,TransSlide
550.4198,18.83404,0,0.2018774,0.4603037,0,-0.5160992,7816.365,1.576726,0.7723182,Left,Down,-0.06852804,-0.4795303,TransSlide
550.4598,18.88182,0,0.2018774,0.4603037,0,-0.5202513,7817.12,1.577239,0.772904,Left,Down,-0.07132626,-0.481987,TransSlide
550.4998,18.92947,0,0.2018774,0.4603037,0,-0.5240728,7817.876,1.577682,0.7734885,Left,Down,-0.06852804,-0.4844513,TransSlide
550.5398,18.97701,0,0.2018774,0.4563211,0,-0.5274296,7818.634,1.578037,0.7740722,Left,Down,-0.06852804,-0.4869156,TransSlide
550.5798,19.02381,0,0.2018774,0.4523537,0,-0.5301926,7819.395,1.578581,0.7746564,Left,Down,-0.06852804,-0.4893875,TransSlide
550.6198,19.06968,0,0.1826513,0.4483864,0,-0.5325077,7820.157,1.579059,0.7752393,Left,Down,-0.07132626,-0.4918671,TransSlide
550.6598,19.11458,0,0.1286352,0.444419,0,-0.5345393,7820.921,1.579454,0.7758225,Left,Down,-0.07132626,-0.4943542,TransSlide
550.6998,19.15794,0,0.09933472,0.444419,0,-0.5355866,7821.687,1.579522,0.7764043,Left,Down,-0.05595291,-0.4968414,TransSlide
550.7398,19.20156,0,0.07644653,0.4404517,0,-0.5360202,7822.455,1.579633,0.7769852,Straight,Down,-0.04423466,-0.4988708,TransSlide
550.7798,19.24377,0,0.06271362,0.4404517,0,-0.536036,7823.224,1.580542,0.7775668,Straight,Down,-0.04845664,-0.5001984,TransSlide
550.8198,19.28643,0,0.04714966,0.4364843,0,-0.5354944,7823.995,1.58142,0.7781469,Straight,Down,-0.04423466,-0.5015259,TransSlide
550.8598,19.32799,0,0.02334595,0.432517,0,-0.5340574,7824.768,1.582082,0.7787263,Straight,Down,-0.04423466,-0.5028534,TransSlide
550.8998,19.36888,0,0.0050354,0.4285496,0,-0.5322276,7825.542,1.58265,0.7793062,Straight,Down,-0.04423466,-0.5041885,TransSlide
550.9398,19.40792,0,-0.01693726,0.4245823,0,-0.5259255,7826.318,1.582955,0.7798848,Straight,Down,-0.04423466,-0.5055237,TransSlide
550.9798,19.44642,0,-0.04623413,0.4206149,0,-0.5172212,7827.096,1.583203,0.7804626,Straight,Down,-0.03956468,-0.5068665,TransSlide
551.0198,19.4839,0,-0.06546199,0.4126802,0,-0.5080318,7827.875,1.58332,0.7810411,Straight,Down,-0.03956468,-0.5082092,TransSlide
551.0598,19.51997,0,-0.0993365,0.4126802,0,-0.498543,7828.655,1.583721,0.7816178,Straight,Down,-0.04423466,-0.509552,TransSlide
551.0998,19.55552,0,-0.1194781,0.4126802,0,-0.4890293,7829.437,1.584262,0.7821949,Straight,Down,-0.04423466,-0.5109024,TransSlide
551.1398,19.59086,0,-0.1423663,0.4126802,0,-0.4791717,7830.22,1.584768,0.7827708,Straight,Down,-0.04845664,-0.5122452,TransSlide
551.1798,19.62615,0,-0.1524371,0.4126802,0,-0.4689298,7831.005,1.585406,0.7833458,Straight,Down,-0.04423466,-0.5136032,TransSlide
551.2198,19.66133,0,-0.1524371,0.4126802,0,-0.4589179,7831.791,1.585996,0.7839212,Straight,Down,-0.04423466,-0.5149536,TransSlide
551.2598,19.69643,0,-0.1524371,0.4126802,0,-0.4485959,7832.579,1.586735,0.7844954,Straight,Down,-0.04423466,-0.516304,TransSlide
551.2998,19.73144,0,-0.1524371,0.4126802,0,-0.4381824,7833.367,1.587373,0.7850688,Straight,Down,-0.03956468,-0.517662,TransSlide
551.3398,19.76634,0,-0.1377887,0.4126802,0,-0.4275356,7834.158,1.587991,0.7856426,Straight,Down,-0.04423466,-0.5190201,TransSlide
551.3798,19.80115,0,-0.1130694,0.4126802,0,-0.4168391,7834.949,1.588682,0.7862152,Straight,Down,-0.04423466,-0.5203857,TransSlide
551.4198,19.83586,0,-0.08743465,0.4126802,0,-0.406348,7835.742,1.589171,0.786787,Straight,Down,-0.03956468,-0.5217514,TransSlide
551.4598,19.87044,0,-0.06454647,0.4126802,0,-0.3960186,7836.537,1.589623,0.7873592,Straight,Down,-0.01978234,-0.5231247,TransSlide
551.4998,19.9049,0,-0.05264282,0.4126802,0,-0.3856976,7837.333,1.590083,0.7879298,Straight,Down,0,-0.523613,TransSlide
551.5398,19.93928,0,-0.04806519,0.4126802,0,-0.3756314,7838.13,1.59057,0.7885001,Straight,Down,0,-0.5224075,TransSlide
551.5798,19.97356,0,-0.04714966,0.4126802,0,-0.3656384,7838.928,1.59135,0.7890705,Straight,Down,0,-0.5211945,TransSlide
551.6198,20.00775,0,-0.04714966,0.4126802,0,-0.3558748,7839.729,1.591996,0.7896395,Straight,Down,0,-0.519989,TransSlide
551.6598,20.04183,0,-0.04714966,0.4126802,0,-0.3462357,7840.53,1.592574,0.7902088,Straight,Down,0,-0.5187683,TransSlide
551.6998,20.07579,0,-0.04714966,0.4126802,0,-0.3368663,7841.333,1.593148,0.7907768,Straight,Down,0,-0.5175552,TransSlide
551.7398,20.1097,0,-0.04714966,0.4126802,0,-0.3277396,7842.137,1.593577,0.7913442,Straight,Down,0,-0.5163345,TransSlide
551.7798,20.14343,0,-0.04714966,0.4126802,0,-0.3188938,7842.942,1.594014,0.7919118,Straight,Down,0,-0.5151062,TransSlide
551.8198,20.1771,0,-0.04714966,0.4126802,0,-0.3103572,7843.749,1.594443,0.792478,Straight,Down,0,-0.5138855,TransSlide
551.8598,20.21064,0,-0.04714966,0.4126802,0,-0.3021723,7844.557,1.594851,0.7930437,Straight,Down,0,-0.5126648,TransSlide
551.8998,20.2441,0,-0.04714966,0.4126802,0,-0.29413,7845.366,1.595236,0.7936096,Straight,Down,0,-0.5114365,TransSlide
551.9398,20.27745,0,-0.04714966,0.4126802,0,-0.2863326,7846.177,1.59551,0.794174,Straight,Down,0,-0.5102081,TransSlide
551.9798,20.31073,0,-0.04714966,0.4126802,0,-0.2787835,7846.989,1.595759,0.7947379,Straight,Down,0,-0.5089722,TransSlide
552.0198,20.34389,0,-0.04714966,0.4126802,0,-0.2711291,7847.803,1.596135,0.7953022,Straight,Down,0,-0.5077438,TransSlide
552.0598,20.37696,0,-0.04623413,0.4126802,0,-0.2636532,7848.618,1.596692,0.7958648,Straight,Down,0,-0.5065079,TransSlide
552.0998,20.40995,0,-0.04074097,0.4126802,0,-0.2564133,7849.434,1.597291,0.796428,Straight,Down,0,-0.5052719,TransSlide
552.1398,20.44281,0,-0.0352478,0.4364843,0,-0.2495229,7850.251,1.59801,0.7969896,Straight,Down,0,-0.5040359,TransSlide
552.1798,20.481,0,-0.02334595,0.4364843,0,-0.2430663,7851.07,1.598342,0.7975506,Straight,Down,0,-0.5027924,TransSlide
552.2198,20.51903,0,-0.01693726,0.4364843,0,-0.2367024,7851.89,1.598655,0.798112,Straight,Down,0,-0.5015488,TransSlide
552.2598,20.55689,0,-0.01052856,0.4364843,0,-0.2308662,7852.712,1.598969,0.7986717,Straight,Down,0,-0.5003052,TransSlide
552.2998,20.59457,0,-0.0004577637,0.4364843,0,-0.2249377,7853.536,1.599681,0.7992311,Straight,Down,0,-0.4990616,TransSlide
552.3398,20.63219,0,0.01602173,0.4364843,0,-0.2189476,7854.36,1.600331,0.7997906,Straight,Down,0,-0.4978104,TransSlide
552.3798,20.66967,0,0.03433228,0.4364843,0,-0.2128538,7855.187,1.600777,0.8003487,Straight,Down,0,-0.4965591,TransSlide
552.4198,20.70712,0,0.05264282,0.4364843,0,-0.2068838,7856.015,1.601063,0.8009063,Straight,Down,0,-0.4953003,TransSlide
552.4598,20.7445,0,0.08834839,0.4364843,0,-0.2009097,7856.844,1.601382,0.8014641,Straight,Down,0,-0.4940414,TransSlide
552.4998,20.78177,0,0.1240575,0.4364843,0,-0.194958,7857.675,1.601809,0.8020205,Straight,Down,0,-0.4927902,TransSlide
552.5398,20.81882,0,0.1725805,0.4364843,0,-0.1891399,7858.507,1.602363,0.8025762,Straight,Down,0,-0.4915237,TransSlide
552.5798,20.85591,0,0.2128637,0.4364843,0,-0.1834106,7859.341,1.602874,0.8031323,Straight,Down,0,-0.4902649,TransSlide
552.6198,20.89286,0,0.2320898,0.4364843,0,-0.1778312,7860.176,1.6034,0.8036869,Straight,Down,0,-0.4889984,TransSlide
552.6598,20.92955,0,0.2540624,0.4364843,0,-0.1719675,7861.013,1.603958,0.8042418,Straight,Down,0,-0.4877319,TransSlide
552.6998,20.96672,0,0.2659643,0.4364843,0,-0.1661521,7861.852,1.604973,0.804795,Straight,Down,0,-0.4864655,TransSlide
552.7398,21.00229,0,0.2961767,0.4364843,0,-0.1680188,7862.691,1.604671,0.805348,Straight,Down,0,-0.4851837,TransSlide
552.7798,21.03801,0,0.3392065,0.4364843,0,-0.1699641,7863.533,1.604481,0.8059011,Straight,Down,0,-0.4839172,TransSlide
552.8198,21.07491,0,0.3804088,0.4364843,0,-0.1717203,7864.375,1.604449,0.8064528,Straight,Down,0,-0.4826355,TransSlide
552.8598,21.10957,0,0.4271007,0.4364843,0,-0.1729299,7865.219,1.604879,0.8070037,Straight,Down,0,-0.4813538,TransSlide
552.8998,21.14455,0,0.453651,0.4364843,0,-0.1737101,7866.064,1.605535,0.807555,Straight,Down,0,-0.4800797,TransSlide
552.9398,21.17946,0,0.4829478,0.4404517,0,-0.1739492,7866.912,1.606308,0.8081048,Straight,Down,0,-0.4787903,TransSlide
552.9798,21.21524,0,0.5049205,0.444419,0,-0.1736799,7867.76,1.607078,0.808654,Straight,Down,0,-0.4775085,TransSlide
553.0198,21.25099,0,0.5113292,0.4483864,0,-0.1723998,7868.609,1.607484,0.8092034,Straight,Down,0,-0.4762192,TransSlide
553.0598,21.28777,0,0.5122447,0.4483864,0,-0.1708029,7869.46,1.608403,0.8097516,Straight,Down,0,-0.4749374,TransSlide
553.0998,21.32568,0,0.5122447,0.4483864,0,-0.1682985,7870.313,1.609822,0.8102998,Straight,Down,0,-0.4736328,TransSlide
553.1398,21.36401,0,0.5122447,0.4483864,0,-0.1647287,7871.167,1.611391,0.8108467,Straight,Down,0,-0.4723434,TransSlide
553.1798,21.39987,0,0.5159068,0.4483864,0,-0.1658445,7872.023,1.611518,0.8113928,Straight,Down,0,-0.4710464,TransSlide
553.2198,21.43588,0,0.523231,0.4483864,0,-0.1687421,7872.88,1.611105,0.8119392,Straight,Down,0,-0.4697418,TransSlide
553.2598,21.47309,0,0.5479503,0.4483864,0,-0.1706448,7873.739,1.610789,0.8124843,Right,Down,0.05595291,-0.4680405,TransSlide
553.2998,21.50893,0,0.5662608,0.4483864,0,-0.1711752,7874.599,1.611073,0.8130286,Right,Down,0.05595291,-0.4635925,TransSlide
553.3398,21.5441,0,0.5836558,0.4483864,0,-0.1701741,7875.46,1.611587,0.8135732,Right,Down,0.05595291,-0.4591293,TransSlide
553.3798,21.57889,0,0.588237,0.4523537,0,-0.1674795,7876.323,1.611689,0.8141165,Right,Down,0.05934703,-0.4546585,TransSlide
553.4198,21.61519,0,0.588237,0.4523537,0,-0.1634367,7877.187,1.613412,0.8146589,Right,Down,0.05934703,-0.4501877,TransSlide
553.4598,21.65336,0,0.588237,0.4523537,0,-0.1579688,7878.053,1.615792,0.8152017,Right,Down,0.05595291,-0.4457016,TransSlide
553.4998,21.68735,0,0.588237,0.4523537,0,-0.1580405,7878.92,1.615688,0.8157431,Right,Down,0.05934703,-0.4412079,TransSlide
553.5398,21.72215,0,0.588237,0.4523537,0,-0.1575349,7879.789,1.6152,0.8162839,Right,Down,0.05595291,-0.4366989,TransSlide
553.5798,21.76003,0,0.588237,0.4523537,0,-0.1552193,7880.658,1.6149,0.8168249,Right,Down,0.05595291,-0.4321747,TransSlide
553.6198,21.79302,0,0.588237,0.4523537,0,-0.1509211,7881.53,1.614853,0.8173642,Right,Down,0.05595291,-0.4276581,TransSlide
553.6598,21.82763,0,0.588237,0.4523537,0,-0.1448443,7882.402,1.615419,0.8179039,Right,Down,0.06255726,-0.4231262,TransSlide
553.6998,21.8654,0,0.588237,0.4523537,0,-0.1368415,7883.277,1.618236,0.8184422,Right,Down,0.08392937,-0.4185257,TransSlide
553.7398,21.89807,0,0.588237,0.4523537,0,-0.1340005,7884.152,1.618618,0.8189797,Right,Down,0.08392937,-0.4122925,TransSlide
553.7798,21.93032,0,0.5891526,0.4563211,0,-0.1304009,7885.029,1.618141,0.8195176,Right,Down,0.08392937,-0.4060593,TransSlide
553.8198,21.96754,0,0.5900681,0.4563211,0,-0.1250946,7885.908,1.617554,0.8200541,Right,Down,0.08392937,-0.3998032,TransSlide
553.8598,22.00008,0,0.5946457,0.4603037,0,-0.1173813,7886.787,1.617089,0.8205899,Right,Down,0.08622923,-0.3935394,TransSlide
553.8998,22.03899,0,0.5946457,0.4603037,0,-0.1077091,7887.668,1.620396,0.8211258,Right,Down,0.08392937,-0.3872681,TransSlide
553.9398,22.07234,0,0.5946457,0.4603037,0,-0.1030557,7888.551,1.620921,0.8216602,Right,Down,0.08392937,-0.3809814,TransSlide
553.9798,22.10461,0,0.5946457,0.4603037,0,-0.09725505,7889.435,1.620424,0.8221942,Right,Down,0.09691329,-0.3746719,TransSlide
554.0198,22.14061,0,0.5946457,0.4603037,0,-0.08914343,7890.32,1.619048,0.8227282,Right,Down,0.1083524,-0.3677521,TransSlide
554.0598,22.17927,0,0.5900681,0.4603037,0,-0.07893696,7891.207,1.621125,0.8232608,Right,Down,0.1083524,-0.359848,TransSlide
554.0998,22.2112,0,0.588237,0.464271,0,-0.07219839,7892.095,1.622428,0.8237936,Right,Down,0.1083524,-0.3519135,TransSlide
554.1398,22.24338,0,0.5818248,0.464271,0,-0.06591117,7892.984,1.622127,0.824325,Right,Down,0.1083524,-0.3439713,TransSlide
554.1798,22.27708,0,0.5607677,0.464271,0,-0.05690497,7893.875,1.620168,0.8248556,Right,Down,0.1083524,-0.3360138,TransSlide
554.2198,22.3167,0,0.5424571,0.464271,0,-0.04649743,7894.767,1.62404,0.8253866,Right,Down,0.1219466,-0.3280334,TransSlide
554.2598,22.34923,0,0.5296397,0.464271,0,-0.04232365,7895.66,1.623789,0.8259161,Right,Down,0.1341704,-0.3193207,TransSlide
554.2998,22.37604,0,0.5177379,0.464271,0,-0.03478077,7896.555,1.622378,0.826445,Right,Down,0.132704,-0.3097305,TransSlide
554.3398,22.42051,0,0.5159068,0.464271,0,-0.02534607,7897.452,1.624944,0.8269739,Right,Down,0.132704,-0.3001175,TransSlide
554.3798,22.45139,0,0.5159068,0.464271,0,-0.022001,7898.35,1.625002,0.8275014,Right,Down,0.132704,-0.2904816,TransSlide
554.4198,22.47708,0,0.5159068,0.464271,0,-0.01623914,7899.249,1.623534,0.8280284,Right,Down,0.1480375,-0.280838,TransSlide
554.4598,22.52161,0,0.5122447,0.464271,0,-0.008859754,7900.149,1.62666,0.8285555,Right,Down,0.1582588,-0.2702484,TransSlide
554.4998,22.55002,0,0.5122447,0.464271,0,-0.007971764,7901.051,1.625758,0.8290811,Right,Down,0.1582588,-0.2589417,TransSlide
554.5398,22.57979,0,0.5104136,0.464271,0,-0.004088938,7901.954,1.624793,0.8296061,Right,Down,0.1582588,-0.2476349,TransSlide
554.5798,22.61851,0,0.5003428,0.464271,0,-0.002815455,7902.858,1.627238,0.8301312,Right,Down,0.1713202,-0.2362976,TransSlide
554.6198,22.65025,0,0.4930186,0.464271,0,-0.003951013,7903.764,1.628389,0.830655,Right,Down,0.183454,-0.2241058,TransSlide
554.6598,22.67948,0,0.4811168,0.464271,0,-0.004820794,7904.67,1.628897,0.8311789,Right,Down,0.183454,-0.2110748,TransSlide
554.6998,22.714,0,0.4747081,0.464271,0,-0.01114637,7905.579,1.628583,0.8317012,Right,Down,0.1866263,-0.1980209,TransSlide
554.7398,22.74646,0,0.4637218,0.464271,0,-0.01505554,7906.488,1.628494,0.8322231,Right,Down,0.20842,-0.1849136,TransSlide
554.7798,22.77943,0,0.453651,0.464271,0,-0.01659983,7907.399,1.628893,0.832745,Right,Down,0.20842,-0.1701126,TransSlide
554.8198,22.81193,0,0.4454112,0.464271,0,-0.01691675,7908.311,1.629741,0.8332654,Right,Down,0.2093567,-0.1552887,TransSlide
554.8598,22.84274,0,0.4280162,0.464271,0,-0.02326906,7909.225,1.629435,0.8337852,Right,Flat,0.234068,-0.1404419,TransSlide
554.8998,22.87385,0,0.4106212,0.464271,0,-0.02738938,7910.139,1.629308,0.8343052,Right,Flat,0.2349025,-0.1238861,TransSlide
554.9398,22.90598,0,0.3987193,0.4682384,0,-0.02915645,7911.055,1.629632,0.8348238,Right,Flat,0.2422834,-0.1072083,TransSlide
554.9798,22.93708,0,0.3859019,0.4682384,0,-0.02857724,7911.973,1.63029,0.8353416,Right,Flat,0.2624426,-0.09016418,TransSlide
555.0198,22.9695,0,0.3804088,0.4722057,0,-0.02662498,7912.891,1.631479,0.8358596,Right,Flat,0.2624426,-0.07157898,TransSlide
555.0598,23.00092,0,0.3794932,0.4722057,0,-0.03133962,7913.811,1.631449,0.8363762,Right,Flat,0.2839303,-0.05296326,TransSlide
555.0998,23.03268,0,0.3758311,0.476173,0,-0.03415778,7914.731,1.631435,0.8368921,Right,Flat,0.2907402,-0.03292847,TransSlide
555.1398,23.06643,0,0.3685069,0.476173,0,-0.03460023,7915.654,1.631853,0.8374081,Right,Flat,0.2148914,-0.01235962,TransSlide
555.1798,23.09862,0,0.3556895,0.4801404,0,-0.03301758,7916.577,1.632572,0.8379228,Right,Flat,0.1690205,0.01332855,TransSlide
555.2198,23.13181,0,0.3392065,0.4841077,0,-0.0293583,7917.502,1.633423,0.8384375,Right,Flat,0.1678588,0.04269409,TransSlide
555.2598,23.16699,0,0.3199804,0.4841077,0,-0.0236499,7918.428,1.634586,0.8389509,Right,Flat,0.1690205,0.07210541,TransSlide
555.2998,23.1998,0,0.3016698,0.4841077,0,-0.02465799,7919.356,1.634604,0.8394634,Right,Flat,0.1493534,0.1015701,TransSlide
555.3398,23.233,0,0.2861059,0.4841077,0,-0.0248796,7920.285,1.634408,0.8399761,Right,Flat,0.1356209,0.1282959,TransSlide
555.3798,23.26756,0,0.274204,0.4841077,0,-0.02323341,7921.215,1.634455,0.8404875,Right,Up,0.1341704,0.1526947,TransSlide
555.4198,23.30014,0,0.2623022,0.4880751,0,-0.01957685,7922.147,1.634955,0.840998,Right,Up,0.1341704,0.1771164,TransSlide
555.4598,23.33386,0,0.2430761,0.4880751,0,-0.01414391,7923.08,1.635713,0.8415088,Right,Up,0.1341704,0.2015762,TransSlide
555.4998,23.36767,0,0.2183568,0.4880751,0,-0.006789327,7924.014,1.636483,0.8420181,Right,Up,0.1170339,0.2260666,TransSlide
555.5398,23.40144,0,0.1936376,0.4880751,0,0.00230056,7924.95,1.637169,0.8425267,Right,Up,0.1083524,0.2474213,TransSlide
555.5798,23.43621,0,0.1515234,0.4880751,0,0.01279411,7925.887,1.638294,0.8430354,Right,Up,0.1083524,0.2668839,TransSlide
555.6198,23.46889,0,0.1130676,0.4880751,0,0.01521051,7926.826,1.638113,0.8435428,Right,Up,0.1083524,0.286377,TransSlide
555.6598,23.50179,0,0.06454468,0.4880751,0,0.01899105,7927.766,1.638033,0.8440502,Right,Up,0.1083524,0.3059082,TransSlide
555.6998,23.53592,0,0.02700806,0.4880751,0,0.02418572,7928.707,1.638226,0.8445563,Right,Up,0.1083524,0.3254547,TransSlide
555.7398,23.56843,0,0.01052856,0.4880751,0,0.03086036,7929.649,1.63878,0.8450614,Right,Up,0.09487279,0.3450241,TransSlide
555.7798,23.60103,0,0.009613037,0.4880751,0,0.0387868,7930.593,1.639439,0.8455668,Right,Up,0.08622923,0.3619919,TransSlide
555.8198,23.63371,0,0.009613037,0.4880751,0,0.04797393,7931.538,1.640084,0.8460709,Right,Up,0.08622923,0.3769913,TransSlide
555.8598,23.6664,0,0.009613037,0.4920424,0,0.05832219,7932.484,1.640643,0.846574,Right,Up,0.08392937,0.3920135,TransSlide
555.8998,23.69945,0,0.009613037,0.4920424,0,0.0699451,7933.432,1.641278,0.8470774,Right,Up,0.08392937,0.4070587,TransSlide
555.9398,23.73299,0,0.009613037,0.4920424,0,0.08260128,7934.38,1.641882,0.8475794,Right,Up,0.08622923,0.4221191,TransSlide
555.9798,23.76757,0,0.009613037,0.4960098,0,0.09618419,7935.331,1.64291,0.8480807,Right,Up,0.08622923,0.4372101,TransSlide
556.0198,23.80066,0,0.02334595,0.4960098,0,0.1021487,7936.283,1.642958,0.848582,Right,Up,0.08392937,0.4523239,TransSlide
556.0598,23.8339,0,0.03433228,0.507805,0,0.1071233,7937.236,1.642799,0.8490818,Right,Up,0.06852804,0.4674606,TransSlide
556.0998,23.87022,0,0.03799438,0.5117113,0,0.1131412,7938.19,1.642915,0.8495811,Right,Up,0.0656106,0.4788208,TransSlide
556.1398,23.90584,0,0.03799438,0.5117113,0,0.1198209,7939.146,1.643434,0.8500804,Right,Up,0.0656106,0.4897919,TransSlide
556.1798,23.94201,0,0.03799438,0.5117113,0,0.127131,7940.104,1.644182,0.8505781,Right,Up,0.06255726,0.5007782,TransSlide
556.2198,23.97821,0,0.03799438,0.5117113,0,0.1352093,7941.062,1.645003,0.851076,Right,Up,0.06255726,0.5117874,TransSlide
556.2598,24.01443,0,0.03799438,0.5117113,0,0.1439005,7942.022,1.645836,0.8515725,Right,Up,0.06255726,0.5228043,TransSlide
556.2998,24.05061,0,0.03799438,0.5117113,0,0.1529233,7942.984,1.646576,0.8520684,Right,Up,0.06255726,0.533844,TransSlide
556.3398,24.08669,0,0.03799438,0.5117113,0,0.1624983,7943.947,1.64722,0.8525643,Right,Up,0.06255726,0.544899,TransSlide
556.3798,24.12273,0,0.03890991,0.5117113,0,0.1725726,7944.912,1.648104,0.8530586,Right,Up,0.06255726,0.5559692,TransSlide
556.4198,24.15869,0,0.04714966,0.5117113,0,0.1830379,7945.878,1.648723,0.8535524,Right,Up,0.0656106,0.5670547,TransSlide
556.4598,24.19452,0,0.07003784,0.5117113,0,0.1939805,7946.845,1.64948,0.8540462,Straight,Up,0.04423466,0.5781479,TransSlide
556.4998,24.23022,0,0.1112366,0.5117113,0,0.2052229,7947.814,1.650128,0.8545384,Straight,Up,0.04845664,0.5856705,TransSlide
556.5398,24.26716,0,0.1524389,0.5117113,0,0.2170454,7948.784,1.650876,0.8550301,Straight,Up,0.04845664,0.5928879,TransSlide
556.5798,24.30173,0,0.208286,0.5117113,0,0.2226511,7949.756,1.65112,0.8555219,Straight,Up,0.04845664,0.6001053,TransSlide
556.6198,24.33619,0,0.2421606,0.4920424,0,0.2244437,7950.729,1.651026,0.856012,Straight,Up,0.04423466,0.607338,TransSlide
556.6598,24.36768,0,0.2623022,0.4880751,0,0.2266742,7951.703,1.651081,0.8565024,Straight,Up,0.04423466,0.6145782,TransSlide
556.6998,24.397,0,0.2659643,0.4841077,0,0.2295555,7952.679,1.651561,0.8569913,Straight,Up,0.04423466,0.6218262,TransSlide
556.7398,24.42553,0,0.2659643,0.4841077,0,0.2330048,7953.655,1.652269,0.8574796,Straight,Up,0.04423466,0.6290741,TransSlide
556.7798,24.45366,0,0.2659643,0.476173,0,0.2369066,7954.633,1.65301,0.8579679,Straight,Up,0.04423466,0.6363373,TransSlide
556.8198,24.48043,0,0.2549779,0.476173,0,0.2414984,7955.612,1.65365,0.8584545,Straight,Up,0.04423466,0.6436081,TransSlide
556.8598,24.50673,0,0.2302587,0.476173,0,0.24653,7956.592,1.654304,0.8589407,Straight,Up,0.04423466,0.6508865,TransSlide
556.8998,24.53296,0,0.2027929,0.4722057,0,0.2519916,7957.573,1.654898,0.8594268,Straight,Up,0.04423466,0.658165,TransSlide
556.9398,24.5588,0,0.1835668,0.4722057,0,0.2579925,7958.555,1.655395,0.8599114,Straight,Up,0.04423466,0.6654587,TransSlide
556.9798,24.58406,0,0.1542699,0.4722057,0,0.2646059,7959.538,1.655827,0.8603954,Straight,Up,0.04845664,0.67276,TransSlide
557.0198,24.60925,0,0.1277196,0.4722057,0,0.2719791,7960.522,1.65631,0.8608795,Straight,Up,0.03426402,0.6800613,TransSlide
557.0598,24.63434,0,0.0819397,0.4722057,0,0.279928,7961.507,1.656762,0.8613622,Straight,Up,0.02797646,0.683548,TransSlide
557.0998,24.6594,0,0.0453186,0.4722057,0,0.2883926,7962.494,1.657226,0.861844,Straight,Up,0.01978234,0.6867981,TransSlide
557.1398,24.68435,0,0.02243042,0.4722057,0,0.2975774,7963.481,1.657723,0.8623258,Straight,Up,0.01978234,0.6900558,TransSlide
557.1798,24.70924,0,0.0151062,0.4722057,0,0.3073689,7964.469,1.658072,0.8628064,Straight,Up,0.02797646,0.6933136,TransSlide
557.2198,24.7341,0,0.0151062,0.4722057,0,0.3176292,7965.458,1.658443,0.8632869,Straight,Up,0.02797646,0.6965714,TransSlide
557.2598,24.75889,0,0.0151062,0.4722057,0,0.3286605,7966.449,1.658816,0.8637659,Straight,Up,0.02797646,0.6998367,TransSlide
557.2998,24.7836,0,0.0151062,0.4722057,0,0.3403737,7967.44,1.659219,0.8642443,Straight,Up,0.02797646,0.7031097,TransSlide
557.3398,24.80824,0,0.0151062,0.4722057,0,0.3525727,7968.432,1.659625,0.8647227,Straight,Up,0.02797646,0.7063828,TransSlide
557.3798,24.83281,0,0.0151062,0.4682384,0,0.3653323,7969.425,1.659957,0.8651997,Straight,Up,0.02797646,0.7096558,TransSlide
557.4198,24.85689,0,0.0151062,0.4682384,0,0.3787277,7970.419,1.660319,0.8656758,Straight,Up,0.02797646,0.7129288,TransSlide
557.4598,24.8804,0,0.01419067,0.464271,0,0.392609,7971.415,1.660738,0.866152,Straight,Up,0.02797646,0.7162094,TransSlide
557.4998,24.90268,0,0.003204346,0.4603037,0,0.404271,7972.411,1.66106,0.8666269,Straight,Up,0.02797646,0.7194901,TransSlide
557.5398,24.92509,0,-0.0151062,0.4603037,0,0.4087574,7973.407,1.661991,0.8671009,Straight,Up,0.02797646,0.7227707,TransSlide
557.5798,24.94702,0,-0.0453186,0.4563211,0,0.4135527,7974.405,1.662791,0.867575,Straight,Up,0.01978234,0.726059,TransSlide
557.6198,24.96788,0,-0.07095516,0.4563211,0,0.4187655,7975.403,1.663348,0.8680477,Straight,Up,0.02797646,0.7293549,TransSlide
557.6598,24.9892,0,-0.1139849,0.4523537,0,0.4241973,7976.403,1.663664,0.8685204,Straight,Up,0.02797646,0.7326431,TransSlide
557.6998,25.00951,0,-0.148775,0.4523537,0,0.4298042,7977.403,1.663957,0.8689914,Straight,Up,0.02797646,0.735939,TransSlide
557.7398,25.02967,0,-0.1707476,0.4523537,0,0.435587,7978.404,1.664133,0.869462,Straight,Up,0.02797646,0.7392426,TransSlide
557.7798,25.04976,0,-0.1853979,0.4483864,0,0.4414926,7979.406,1.664385,0.8699325,Straight,Up,0.03426402,0.7425385,TransSlide
557.8198,25.06933,0,-0.18906,0.4483864,0,0.4474571,7980.408,1.664614,0.8704016,Straight,Up,0.02797646,0.745842,TransSlide
557.8598,25.08839,0,-0.18906,0.4483864,0,0.4535374,7981.412,1.664855,0.8708699,Straight,Up,0.01978234,0.7491455,TransSlide
557.8998,25.10736,0,-0.18906,0.4483864,0,0.4597739,7982.416,1.665185,0.8713382,Straight,Up,0.02797646,0.752449,TransSlide
557.9398,25.12626,0,-0.18906,0.4483864,0,0.4658178,7983.42,1.665561,0.8718052,Straight,Up,0,0.7557602,TransSlide
557.9798,25.14509,0,-0.18906,0.444419,0,0.471766,7984.426,1.666008,0.8722712,Straight,Up,0,0.7514725,TransSlide
558.0198,25.16301,0,-0.1844823,0.4404517,0,0.4778498,7985.433,1.666405,0.8727373,Straight,Up,0,0.7463379,TransSlide
558.0598,25.18,0,-0.1707476,0.4364843,0,0.4836155,7986.439,1.666661,0.8732021,Straight,Up,0,0.7412033,TransSlide
558.0998,25.19608,0,-0.1551837,0.432517,0,0.4891008,7987.447,1.66698,0.8736662,Straight,Up,0,0.7360535,TransSlide
558.1398,25.21122,0,-0.1423663,0.4285496,0,0.4943904,7988.456,1.667423,0.8741301,Straight,Up,0,0.7309113,TransSlide
558.1798,25.22543,0,-0.1176471,0.4245823,0,0.4993317,7989.464,1.667792,0.8745925,Straight,Up,0,0.7257614,TransSlide
558.2198,25.23875,0,-0.09475887,0.4087129,0,0.5041009,7990.474,1.66817,0.8750551,Straight,Up,0,0.7206039,TransSlide
558.2598,25.24905,0,-0.07003963,0.3849088,0,0.508597,7991.484,1.668417,0.8755162,Straight,Up,0,0.7154465,TransSlide
558.2998,25.25502,0,-0.05172729,0.3650568,0,0.5125632,7992.494,1.668782,0.8759764,Straight,Up,0,0.710289,TransSlide
558.3398,25.2562,0,-0.04806519,0.3610895,0,0.5161554,7993.503,1.669169,0.8764367,Straight,Up,0,0.7051315,TransSlide
558.3798,25.25594,0,-0.04806519,0.3531548,0,0.5193138,7994.513,1.669523,0.8768957,Straight,Up,0,0.6999741,TransSlide
558.4198,25.25397,0,-0.04806519,0.3491875,0,0.5221269,7995.523,1.669953,0.8773538,Straight,Up,0,0.6948166,TransSlide
558.4598,25.2507,0,-0.04714966,0.3333181,0,0.5243658,7996.533,1.670353,0.8778119,Straight,Up,0,0.6896591,TransSlide
558.4998,25.24445,0,-0.02975464,0.3174487,0,0.5259802,7997.542,1.67075,0.8782685,Straight,Up,0,0.6845016,TransSlide
558.5398,25.23519,0,-0.01052856,0.309514,0,0.5271887,7998.552,1.671138,0.8787246,Straight,Up,0,0.6793518,TransSlide
558.5798,25.22376,0,0.02334595,0.3055466,0,0.5278795,7999.561,1.671488,0.8791804,Straight,Up,0,0.674202,TransSlide
558.6198,25.21102,0,0.04623413,0.3015793,0,0.528253,8000.57,1.671821,0.8796348,Straight,Up,0,0.6690521,TransSlide
558.6598,25.19745,0,0.05264282,0.3015793,0,0.5281999,8001.578,1.672197,0.8800892,Straight,Up,0,0.6639023,TransSlide
558.6998,25.18389,0,0.05630493,0.3015793,0,0.5279468,8002.585,1.672615,0.8805422,Straight,Up,0,0.6587601,TransSlide
558.7398,25.17041,0,0.05630493,0.3015793,0,0.5271739,8003.592,1.673023,0.8809944,Straight,Up,0,0.6536179,TransSlide
558.7798,25.15695,0,0.05813599,0.3015793,0,0.5260333,8004.599,1.673503,0.8814465,Straight,Up,0,0.6484833,TransSlide
558.8198,25.14355,0,0.06362915,0.3015793,0,0.5244995,8005.604,1.673942,0.8818973,Straight,Up,0,0.6433487,TransSlide
558.8598,25.13017,0,0.06454468,0.3015793,0,0.5225899,8006.61,1.674332,0.8823474,Straight,Up,0,0.6382141,TransSlide
558.8998,25.11688,0,0.06454468,0.3015793,0,0.520559,8007.615,1.674705,0.8827972,Straight,Up,0,0.6330872,TransSlide
558.9398,25.1036,0,0.07003784,0.3015793,0,0.5180244,8008.619,1.675073,0.8832458,Straight,Up,0,0.6279602,TransSlide
558.9798,25.09039,0,0.09841919,0.3214161,0,0.5151105,8009.623,1.675444,0.8836935,Straight,Up,0,0.6228256,TransSlide
559.0198,25.08142,0,0.1277196,0.3214161,0,0.5121443,8010.626,1.675812,0.8841412,Straight,Up,0,0.6177063,TransSlide
559.0598,25.07257,0,0.1698339,0.3214161,0,0.5092432,8011.629,1.676198,0.8845874,Straight,Up,0,0.612587,TransSlide
559.0998,25.06379,0,0.2009618,0.3214161,0,0.5062256,8012.632,1.676661,0.885033,Straight,Up,0,0.6074677,TransSlide
559.1398,25.05503,0,0.206455,0.3214161,0,0.5031769,8013.634,1.677064,0.8854784,Straight,Up,0,0.6023483,TransSlide
559.1798,25.04631,0,0.206455,0.3253834,0,0.5002797,8014.636,1.677424,0.8859225,Straight,Up,0,0.5972366,TransSlide
559.2198,25.03802,0,0.206455,0.3253834,0,0.4973441,8015.638,1.677787,0.8863664,Straight,Up,0,0.5921173,TransSlide
559.2598,25.03021,0,0.206455,0.3253834,0,0.4944957,8016.639,1.678289,0.8868089,Straight,Up,0,0.5870132,TransSlide
559.2998,25.02238,0,0.206455,0.3253834,0,0.491793,8017.64,1.678734,0.8872507,Straight,Up,0,0.5819016,TransSlide
559.3398,25.01459,0,0.206455,0.3253834,0,0.4893104,8018.641,1.679235,0.8876923,Straight,Up,0,0.5767822,TransSlide
559.3798,25.00684,0,0.206455,0.3253834,0,0.4870079,8019.641,1.679586,0.8881325,Straight,Up,0,0.5716858,TransSlide
559.4198,24.99905,0,0.1954687,0.3253834,0,0.4849347,8020.641,1.679959,0.888572,Straight,Up,0,0.5665741,TransSlide
559.4598,24.99132,0,0.1780736,0.3253834,0,0.4832111,8021.641,1.680294,0.8890114,Straight,Up,0,0.56147,TransSlide
559.4998,24.98357,0,0.1643407,0.3253834,0,0.4817931,8022.64,1.680694,0.8894495,Straight,Up,0,0.5563736,TransSlide
559.5398,24.97586,0,0.1588476,0.3253834,0,0.4807745,8023.639,1.681043,0.8898866,Straight,Up,0,0.5512695,TransSlide
559.5798,24.96815,0,0.1460302,0.3253834,0,0.4801608,8024.638,1.681434,0.8903238,Straight,Up,0,0.5461655,TransSlide
559.6198,24.96044,0,0.1304662,0.3253834,0,0.480131,8025.637,1.681879,0.8907595,Straight,Up,0,0.541069,TransSlide
559.6598,24.95279,0,0.1112366,0.3253834,0,0.4804634,8026.635,1.682312,0.8911951,Straight,Up,0,0.5359726,TransSlide
559.6998,24.94514,0,0.08010864,0.3253834,0,0.4814831,8027.633,1.682681,0.8916292,Straight,Up,0,0.5308762,TransSlide
559.7398,24.93751,0,0.05722046,0.3253834,0,0.4828291,8028.63,1.683045,0.8920626,Straight,Up,0,0.5257874,TransSlide
559.7798,24.92992,0,0.02883911,0.3253834,0,0.4846965,8029.627,1.683392,0.8924959,Straight,Up,0,0.5206985,TransSlide
559.8198,24.92233,0,0.01052856,0.3253834,0,0.4870125,8030.625,1.683745,0.8929276,Straight,Up,0,0.5156097,TransSlide
559.8598,24.91479,0,0.0050354,0.3253834,0,0.4899407,8031.622,1.684203,0.8933589,Straight,Up,0,0.5105209,TransSlide
559.8998,24.90732,0,-0.009613037,0.3253834,0,0.4933261,8032.618,1.684529,0.8937899,Straight,Up,0,0.5054321,TransSlide
559.9398,24.89983,0,-0.02334595,0.3253834,0,0.4972496,8033.614,1.684969,0.8942195,Straight,Up,0,0.5003433,TransSlide
559.9798,24.89241,0,-0.04714966,0.3253834,0,0.5015059,8034.61,1.685443,0.8946483,Straight,Up,0,0.4952621,TransSlide
560.0198,24.88499,0,-0.07736385,0.3253834,0,0.5061899,8035.605,1.685705,0.8950769,Straight,Up,0,0.490181,TransSlide
560.0598,24.87762,0,-0.09475887,0.3253834,0,0.5112165,8036.6,1.686081,0.8955042,Straight,Up,0,0.4850998,TransSlide
560.0998,24.87026,0,-0.1121539,0.3253834,0,0.5164696,8037.595,1.686465,0.8959307,Straight,Up,0,0.4800186,TransSlide
560.1398,24.86298,0,-0.1176471,0.3253834,0,0.5222013,8038.59,1.686851,0.8963571,Straight,Up,0,0.4749374,TransSlide
560.1798,24.85569,0,-0.1194781,0.3253834,0,0.5282762,8039.584,1.687237,0.8967821,Straight,Up,0,0.4698639,TransSlide
560.2198,24.84532,0,-0.1240557,0.3253834,0,0.5346385,8040.578,1.686177,0.8972069,Straight,Up,0,0.464798,TransSlide
560.2598,24.84142,0,-0.1304644,0.3253834,0,0.5468337,8041.572,1.68967,0.8976304,Straight,Up,0,0.4597321,TransSlide
560.2998,24.8371,0,-0.1368731,0.3253834,0,0.5597332,8042.565,1.692748,0.8980529,Straight,Up,0,0.4546661,TransSlide
560.3398,24.82907,0,-0.1377887,0.3253834,0,0.5725242,8043.559,1.694436,0.8984754,Straight,Up,0,0.4496078,TransSlide
560.3798,24.82599,0,-0.1432818,0.3253834,0,0.5853655,8044.552,1.694708,0.8988966,Straight,Up,0,0.4445343,TransSlide
560.4198,24.82237,0,-0.1524371,0.3253834,0,0.5983925,8045.545,1.694361,0.8993168,Straight,Up,0,0.4394608,TransSlide
560.4598,24.81832,0,-0.1533526,0.3253834,0,0.6112362,8046.538,1.693733,0.899737,Straight,Up,0,0.4343948,TransSlide
560.4998,24.81407,0,-0.1597613,0.3253834,0,0.6239489,8047.53,1.693041,0.9001558,Straight,Up,0,0.4293289,TransSlide
560.5398,24.80965,0,-0.1725787,0.3253834,0,0.6367508,8048.522,1.692507,0.9005738,Straight,Up,0,0.424263,TransSlide
560.5798,24.8051,0,-0.18906,0.3253834,0,0.649285,8049.515,1.692265,0.9009916,Straight,Up,0,0.4191971,TransSlide
560.6198,24.80054,0,-0.2027929,0.3253834,0,0.6616467,8050.507,1.692139,0.901408,Straight,Up,0,0.4141312,TransSlide
560.6598,24.79595,0,-0.2037084,0.3253834,0,0.6736009,8051.499,1.692061,0.9018242,Straight,Up,-0.01978234,0.4090652,TransSlide
560.6998,24.79136,0,-0.2037084,0.3253834,0,0.6854814,8052.491,1.69207,0.9022391,Straight,Up,-0.03956468,0.3970032,TransSlide
560.7398,24.78677,0,-0.2037084,0.3253834,0,0.696937,8053.482,1.692376,0.9026531,Straight,Up,-0.03426402,0.3769913,TransSlide
560.7798,24.78008,0,-0.2037084,0.3253834,0,0.7077722,8054.473,1.691967,0.903067,Straight,Up,-0.03426402,0.3569794,TransSlide
560.8198,24.77762,0,-0.2037084,0.3253834,0,0.7240481,8055.464,1.693676,0.9034796,Straight,Up,-0.03956468,0.336998,TransSlide
560.8598,24.77509,0,-0.2037084,0.3253834,0,0.741899,8056.456,1.695891,0.9038911,Straight,Up,-0.03426402,0.3170166,TransSlide
560.8998,24.7701,0,-0.1954687,0.3253834,0,0.7591125,8057.447,1.697471,0.9043027,Straight,Up,-0.03426402,0.2970428,TransSlide
560.9398,24.76824,0,-0.1707476,0.3253834,0,0.7757084,8058.438,1.697937,0.9047129,Straight,Up,-0.03426402,0.2770462,TransSlide
560.9798,24.7661,0,-0.1249713,0.3253834,0,0.791633,8059.428,1.697742,0.9051223,Straight,Up,-0.03426402,0.2570496,TransSlide
561.0198,24.76373,0,-0.0892657,0.3253834,0,0.8071767,8060.418,1.697359,0.9055315,Straight,Up,-0.03426402,0.2370529,TransSlide
561.0598,24.76118,0,-0.07644832,0.3253834,0,0.822266,8061.409,1.696933,0.9059391,Straight,Up,-0.03426402,0.2170563,TransSlide
561.0998,24.75851,0,-0.07644832,0.3253834,0,0.8368938,8062.399,1.696697,0.9063461,Straight,Up,-0.03956468,0.1970596,TransSlide
561.1398,24.7558,0,-0.07644832,0.3015793,0,0.8506979,8063.389,1.696577,0.9067529,Straight,Up,-0.03956468,0.1770706,TransSlide
561.1798,24.74796,0,-0.07644832,0.289662,0,0.8639259,8064.379,1.696519,0.9071583,Straight,Up,-0.03956468,0.1570816,TransSlide
561.2198,24.73834,0,-0.07644832,0.2539559,0,0.8765093,8065.369,1.696702,0.9075634,Straight,Flat,-0.03426402,0.1371078,TransSlide
561.2598,24.72191,0,-0.07644832,0.2222171,0,0.8883945,8066.358,1.696958,0.9079673,Straight,Flat,0,0.120491,TransSlide
561.2998,24.69904,0,-0.07644832,0.1785611,0,0.8993611,8067.346,1.697268,0.9083704,Straight,Flat,0,0.1159744,TransSlide
561.3398,24.6672,0,-0.07644832,0.1468223,0,0.9096334,8068.333,1.697437,0.9087732,Straight,Flat,0,0.1114655,TransSlide
561.3798,24.62719,0,-0.07644832,0.08729687,0,0.9191893,8069.319,1.697654,0.9091745,Straight,Flat,0,0.1069641,TransSlide
561.4198,24.57623,0,-0.07644832,0.01190204,0,0.9280856,8070.303,1.698004,0.9095752,Straight,Flat,0,0.1024704,TransSlide
561.4598,24.51098,0,-0.07644832,0,0,0.9363723,8071.284,1.698273,0.9099756,Straight,Flat,0,0.09799194,TransSlide
561.4998,24.43791,0,-0.07644832,0,0,0.9441751,8072.262,1.698663,0.9103745,Straight,Flat,0,0.09351349,TransSlide
561.5398,24.36479,0,-0.07644832,0,0,0.9512508,8073.237,1.698968,0.9107729,Straight,Flat,0,0.08906555,TransSlide
561.5798,24.29187,0,-0.08102596,0,0,0.9575535,8074.209,1.699313,0.9111708,Straight,Flat,0,0.08462524,TransSlide
561.6198,24.21918,0,-0.08835018,0,0,0.9632045,8075.179,1.699593,0.9115675,Straight,Flat,0,0.08019257,TransSlide
561.6598,24.1467,0,-0.0956744,0,0,0.9682357,8076.146,1.69985,0.9119633,Straight,Flat,-0.01978234,0.07577515,TransSlide
561.6998,24.07444,0,-0.1112384,0,0,0.972752,8077.109,1.700224,0.9123589,Straight,Flat,0,0.07137299,TransSlide
561.7398,24.0024,0,-0.1176471,0,0,0.9764183,8078.07,1.700574,0.9127531,Straight,Flat,0,0.06697845,TransSlide
561.7798,23.93057,0,-0.1231402,0,0,0.9793119,8079.028,1.701076,0.9131471,Straight,Flat,0,0.06259918,TransSlide
561.8198,23.85895,0,-0.1231402,0,0,0.9815718,8079.983,1.701368,0.9135396,Straight,Flat,0,0.0582428,TransSlide
561.8598,23.78782,0,-0.1231402,0,0,0.9827384,8080.936,1.701223,0.9139315,Straight,Flat,-0.01978234,0.05389404,TransSlide
561.8998,23.71648,0,-0.1240557,0,0,0.9840184,8081.885,1.703401,0.914323,Straight,Flat,0,0.04955292,TransSlide
561.9398,23.64525,0,-0.1295489,0,0,0.9850258,8082.832,1.703192,0.9147131,Straight,Flat,0,0.04523468,TransSlide
561.9798,23.57462,0,-0.1359576,0,0,0.9846511,8083.775,1.703011,0.9151026,Straight,Flat,0,0.04091644,TransSlide
562.0198,23.5033,0,-0.1359576,0,0,0.9839138,8084.716,1.702695,0.9154918,Straight,Flat,0,0.03662109,TransSlide
562.0598,23.43302,0,-0.1359576,0,0,0.9828899,8085.654,1.702704,0.9158795,Straight,Flat,0,0.03233337,TransSlide
562.0998,23.36285,0,-0.1359576,0,0,0.9812057,8086.589,1.702974,0.9162664,Straight,Flat,0,0.02805328,TransSlide
562.1398,23.29284,0,-0.1185626,0,0,0.9787816,8087.522,1.703459,0.9166531,Straight,Flat,-0.01978234,-0.07866669,TransSharp
562.1798,23.22302,0,-0.07736385,0,0,0.9756356,8088.452,1.703702,0.9170385,Straight,Flat,0,-0.08847809,TransSharp
562.2198,23.1534,0,-0.07736385,0,0,0.9722072,8089.378,1.704175,0.9174236,Straight,Flat,0,-0.09827423,TransSharp
562.2598,23.08399,0,-0.07553279,0,0,0.9682097,8090.303,1.704622,0.9178072,Straight,Flat,0,-0.1080399,TransSharp
562.2998,23.01478,0,-0.07187068,0,0,0.9637427,8091.224,1.705105,0.9181902,Straight,Flat,0,-0.1177673,TransSharp
562.3398,22.94579,0,-0.06637752,0,0,0.9586266,8092.143,1.705456,0.9185728,Straight,Flat,-0.01978234,-0.1274719,TransSharp
562.3798,22.877,0,-0.05813599,0,0,0.9530678,8093.058,1.705751,0.9189541,Straight,Flat,-0.01978234,-0.137146,TransSharp
562.4198,22.80849,0,-0.03982544,0,0,0.9469135,8093.971,1.706155,0.9193345,Straight,Flat,0,-0.1467896,TransSharp
562.4598,22.74031,0,-0.01144409,0,0,0.9407169,8094.881,1.706262,0.9197146,Straight,Down,0,-0.1564102,TransSharp
562.4998,22.67232,0,0.00869751,0,0,0.9340477,8095.789,1.70646,0.9200935,Straight,Down,-0.01978234,-0.1659927,TransSharp
562.5398,22.60451,0,0.02334595,0,0,0.9270542,8096.694,1.707613,0.9204714,Straight,Down,0,-0.1755447,TransSharp
562.5798,22.5372,0,0.02700806,0,0,0.9195857,8097.596,1.708384,0.9208491,Straight,Down,0,-0.1850739,TransSharp
562.6198,22.47006,0,0.02700806,0,0,0.9118766,8098.496,1.708954,0.9212255,Straight,Down,0,-0.1945724,TransSharp
562.6598,22.40313,0,0.02700806,0,0,0.903741,8099.393,1.709254,0.9216011,Straight,Down,0,-0.2040482,TransSharp
562.6998,22.3365,0,0.02700806,0,0,0.8951358,8100.287,1.709587,0.9219763,Straight,Down,0,-0.2134857,TransSharp
562.7398,22.27007,0,0.02700806,0,0,0.8861772,8101.178,1.709845,0.9223501,Straight,Down,-0.01978234,-0.222908,TransSharp
562.7798,22.20387,0,0.02700806,0,0,0.8767615,8102.067,1.710072,0.9227238,Straight,Down,0,-0.2322922,TransSharp
562.8198,22.13789,0,0.01602173,0,0,0.8671982,8102.953,1.710281,0.9230961,Straight,Down,0,-0.2416534,TransSharp
562.8598,22.07317,0,0.009613037,0,0,0.8573032,8103.836,1.70961,0.9234674,Left,Down,-0.07132626,-0.2509842,TransSharp
562.8998,22.00869,0,0.00869751,0,0,0.851455,8104.717,1.7111,0.9238385,Left,Down,-0.1203313,-0.2998962,TransSharp
562.9398,21.94421,0,0.00869751,0,0,0.8466903,8105.596,1.712935,0.9242083,Left,Down,-0.1203313,-0.3864822,TransSharp
562.9798,21.88077,0,0.02059937,0,0,0.8417975,8106.472,1.714266,0.9245771,Left,Down,-0.1203313,-0.4728241,TransSharp
563.0198,21.81822,0,0.03341675,0,0,0.8376233,8107.345,1.713211,0.924946,Left,Down,-0.1203313,-0.5589294,TransSharp
563.0598,21.75647,0,0.04623413,0,0,0.8325189,8108.216,1.716089,0.9253131,Left,Down,-0.1203313,-0.6447449,TransSharp
563.0998,21.69564,0,0.06912231,0,0,0.8270934,8109.084,1.717369,0.9256796,Left,Down,-0.09691329,-0.7302551,TransSharp
563.1398,21.63564,0,0.08102417,0,0,0.8278732,8109.95,1.719592,0.9260458,Left,Down,-0.08622923,-0.80233,TransSharp
563.1798,21.57611,0,0.09475708,0,0,0.8286004,8110.814,1.720743,0.9264105,Left,Down,-0.08622923,-0.8647995,TransSharp
563.2198,21.51723,0,0.1048279,0,0,0.8287953,8111.675,1.721008,0.926775,Left,Down,-0.08392937,-0.9271393,TransSharp
563.2598,21.45859,0,0.1057434,0,0,0.8290797,8112.534,1.720451,0.9271382,Left,Down,-0.08622923,-0.989357,TransSharp
563.2998,21.4007,0,0.110321,0,0,0.8296368,8113.391,1.719199,0.9275004,Left,Down,-0.08622923,-1.051414,TransSharp
563.3398,21.34369,0,0.110321,0,0,0.8309265,8114.245,1.717488,0.9278624,Left,Down,-0.08392937,-1.113274,TransSharp
563.3798,21.28716,0,0.110321,0,0,0.831486,8115.097,1.718695,0.9282231,Left,Down,-0.08392937,-1.17495,TransSharp
563.4198,21.23144,0,0.110321,0,0,0.8318006,8115.947,1.719391,0.9285829,Left,Down,-0.08622923,-1.236435,TransSharp
563.4598,21.1774,0,0.110321,0,0,0.833811,8116.795,1.717983,0.9289424,Straight,Down,-0.02797646,-1.297676,TransSharp
563.4998,21.12379,0,0.110321,0,0,0.8382486,8117.64,1.721443,0.9293005,Straight,Down,0.01978234,-1.325371,TransSharp
563.5398,21.06999,0,0.110321,0,0,0.8426266,8118.483,1.724034,0.9296578,Straight,Down,0.01978234,-1.340652,TransSharp
563.5798,21.0185,0,0.110321,0,0,0.8468988,8119.325,1.725497,0.9300148,Straight,Down,0.01978234,-1.355911,TransSharp
563.6198,20.96618,0,0.1121521,0,0,0.8514348,8120.164,1.725212,0.9303703,Straight,Down,0,-1.371147,TransSharp
563.6598,20.91457,0,0.1176488,0,0,0.8560921,8121.001,1.724218,0.9307251,Straight,Down,0,-1.386353,TransSharp
563.6998,20.86336,0,0.1295507,0,0,0.8611209,8121.837,1.722979,0.9310796,Straight,Down,0.01978234,-1.401527,TransSharp
563.7398,20.81241,0,0.1368749,0,0,0.8664136,8122.67,1.721833,0.9314327,Straight,Down,0.01978234,-1.416656,TransSharp
563.7798,20.76165,0,0.1460302,0,0,0.8720267,8123.5,1.721071,0.9317855,Straight,Down,0.01978234,-1.431755,TransSharp
563.8198,20.71105,0,0.1478612,0,0,0.8779811,8124.329,1.720453,0.9321368,Straight,Down,0,-1.446815,TransSharp
563.8598,20.66062,0,0.1478612,0,0,0.8844427,8125.156,1.720108,0.9324875,Straight,Down,0.01978234,-1.461845,TransSharp
563.8998,20.61032,0,0.1478612,0,0,0.8912336,8125.98,1.720003,0.9328377,Straight,Down,0.01978234,-1.47683,TransSharp
563.9398,20.56018,0,0.1478612,0,0,0.8981662,8126.803,1.719909,0.9331865,Straight,Down,0,-1.491768,TransSharp
563.9798,20.51019,0,0.1414526,0,0,0.9054573,8127.624,1.720068,0.9335346,Straight,Down,0.01978234,-1.506691,TransSharp
564.0198,20.46033,0,0.1057434,0,0,0.9132698,8128.443,1.720186,0.9338823,Straight,Down,0.01978234,-1.521568,TransSharp
564.0598,20.41062,0,0.06271362,0,0,0.9214376,8129.26,1.720487,0.9342286,Straight,Down,0.01978234,-1.5364,TransSharp
564.0998,20.36107,0,-0.009613037,0,0,0.9298871,8130.075,1.720822,0.9345741,Straight,Down,0.01978234,-1.551208,TransSharp
564.1398,20.31167,0,-0.05264282,0,0,0.9384667,8130.888,1.721178,0.9349193,Straight,Down,0.01978234,-1.565971,TransSharp
564.1798,20.26241,0,-0.1057452,0,0,0.9470948,8131.699,1.721511,0.9352632,Straight,Down,0,-1.580704,TransSharp
564.2198,20.21332,0,-0.1377887,0,0,0.9560308,8132.508,1.721856,0.9356067,Straight,Down,0.01978234,-1.595398,TransSharp
564.2598,20.16444,0,-0.1597613,0,0,0.9652893,8133.315,1.721958,0.9359487,Straight,Down,0,-1.610062,TransSharp
564.2998,20.11579,0,-0.1954687,0,0,0.9750313,8134.12,1.721939,0.93629,Straight,Down,0,-1.624687,TransSharp
564.3398,20.06727,0,-0.2375829,0,0,0.9850087,8134.923,1.722029,0.9366308,Straight,Down,0.01978234,-1.639267,TransSharp
564.3798,20.01887,0,-0.2687109,0,0,0.9951346,8135.725,1.722916,0.9369704,Straight,Down,0.01978234,-1.653824,TransSharp
564.4198,19.97081,0,-0.3108269,0,0,1.005468,8136.524,1.723647,0.9373091,Straight,Down,0.01978234,-1.668335,TransSharp
564.4598,19.92293,0,-0.3282219,0,0,1.015699,8137.321,1.724168,0.9376475,Straight,Down,0.01978234,-1.682816,TransSharp
564.4998,19.87519,0,-0.3337151,0,0,1.025639,8138.117,1.724506,0.9379845,Straight,Down,0.01978234,-1.697273,TransSharp
564.5398,19.82757,0,-0.3337151,0,0,1.035536,8138.91,1.724799,0.9383206,Straight,Down,0.01978234,-1.711685,TransSharp
564.5798,19.78024,0,-0.3337151,0,0,1.045106,8139.702,1.724999,0.9386564,Straight,Down,0.01978234,-1.726059,TransSharp
564.6198,19.73294,0,-0.3282219,0,0,1.054113,8140.491,1.725214,0.9389909,Straight,Down,0.01978234,-1.740402,TransSharp
564.6598,19.68581,0,-0.3263909,0,0,1.062804,8141.279,1.72534,0.9393244,Straight,Down,0.01978234,-1.754715,TransSharp
564.6998,19.63881,0,-0.3044182,0,0,1.07127,8142.064,1.725553,0.9396576,Straight,Down,0.01978234,-1.768997,TransSharp
564.7398,19.59194,0,-0.2806127,0,0,1.079353,8142.848,1.725761,0.9399896,Straight,Down,0.01978234,-1.783234,TransSharp
564.7798,19.54485,0,-0.2384984,0,0,1.087052,8143.631,1.726086,0.940321,Straight,Down,0,-1.797447,TransSharp
564.8198,19.49729,0,-0.1899755,0,0,1.093993,8144.412,1.726955,0.9406512,Straight,Down,0.04845664,-1.81163,TransSharp
564.8598,19.45007,0,-0.1533526,0,0,1.093909,8145.19,1.72585,0.9409805,Right,Down,0.06852804,-1.802254,TransSharp
564.8998,19.40307,0,-0.1066607,0,0,1.093562,8145.967,1.725138,0.9413095,Right,Down,0.06852804,-1.777695,TransSharp
564.9398,19.35579,0,-0.06546199,0,0,1.092908,8146.742,1.724704,0.941637,Right,Down,0.0656106,-1.753204,TransSharp
564.9798,19.30872,0,-0.03890991,0,0,1.091797,8147.515,1.724863,0.9419637,Right,Down,0.0656106,-1.728783,TransSharp
565.0198,19.26164,0,0.0050354,0,0,1.090301,8148.286,1.725384,0.9422901,Right,Down,0.06852804,-1.70443,TransSharp
565.0598,19.21506,0,0.03982544,0,0,1.088991,8149.055,1.725592,0.9426151,Right,Down,0.0656106,-1.680138,TransSharp
565.0998,19.16881,0,0.08651733,0,0,1.087572,8149.822,1.726075,0.9429392,Right,Down,0.06852804,-1.655914,TransSharp
565.1398,19.12293,0,0.1304662,0,0,1.085504,8150.587,1.728465,0.943263,Right,Down,0.06852804,-1.63176,TransSharp
565.1798,19.07708,0,0.1652563,0,0,1.082943,8151.351,1.730535,0.9435854,Right,Down,0.06852804,-1.607674,TransSharp
565.2198,19.02912,0,0.1963842,0,0,1.081343,8152.112,1.733143,0.9439074,Right,Down,0.07661668,-1.583603,TransSharp
565.2598,18.98173,0,0.2073705,0,0,1.075869,8152.871,1.733163,0.9442281,Right,Down,0.09891172,-1.557838,TransSharp
565.2998,18.93486,0,0.2128637,0,0,1.066936,8153.629,1.730559,0.9445479,Right,Down,0.09891172,-1.517273,TransSharp
565.3398,18.8884,0,0.2128637,0,0,1.05775,8154.386,1.72832,0.9448673,Right,Down,0.1008706,-1.476799,TransSharp
565.3798,18.84062,0,0.2137792,0,0,1.048103,8155.14,1.727224,0.9451854,Right,Down,0.09891172,-1.436478,TransSharp
565.4198,18.79425,0,0.2384984,0,0,1.040035,8155.893,1.726583,0.9455025,Right,Down,0.09891172,-1.396317,TransSharp
565.4598,18.74796,0,0.2787817,0,0,1.031114,8156.643,1.728416,0.9458194,Right,Down,0.1008706,-1.356308,TransSharp
565.4998,18.70034,0,0.3446996,0,0,1.022369,8157.392,1.732066,0.9461349,Right,Down,0.09891172,-1.316414,TransSharp
565.5398,18.65058,0,0.4115367,0,0,1.014367,8158.138,1.738206,0.9464495,Right,Down,0.1170339,-1.27655,TransSharp
565.5798,18.6022,0,0.4628062,0,0,1.002093,8158.883,1.736714,0.9467637,Right,Down,0.1282043,-1.229912,TransSharp
565.6198,18.55437,0,0.5223155,0,0,0.9896079,8159.625,1.734486,0.9470765,Right,Down,0.1282043,-1.176239,TransSharp
565.6598,18.50573,0,0.5662608,0,0,0.9769815,8160.366,1.731842,0.9473886,Right,Down,0.1266688,-1.122696,TransSharp
565.6998,18.45808,0,0.6239426,0,0,0.9660835,8161.105,1.729482,0.9477001,Right,Down,0.1266688,-1.069427,TransSharp
565.7398,18.41024,0,0.6843674,0,0,0.9549267,8161.842,1.732331,0.9480103,Right,Down,0.1266688,-1.016411,TransSharp
565.7798,18.35847,0,0.7319748,0,0,0.9439186,8162.577,1.738835,0.9483202,Right,Down,0.1412742,-0.9634552,TransSharp
565.8198,18.30795,0,0.7905686,0,0,0.9302388,8163.31,1.739262,0.9486287,Right,Down,0.1532334,-0.9055634,TransSharp
565.8598,18.25831,0,0.8198655,0,0,0.9165626,8164.041,1.736871,0.9489363,Right,Down,0.1532334,-0.8399887,TransSharp
565.8998,18.21006,0,0.8491659,0,0,0.9042912,8164.77,1.732998,0.9492436,Right,Down,0.1532334,-0.7745438,TransSharp
565.9398,18.16102,0,0.8784628,0,0,0.8921181,8165.497,1.730986,0.9495494,Right,Down,0.1532334,-0.7094803,TransSharp
565.9798,18.10787,0,0.9141684,0,0,0.8807443,8166.222,1.736787,0.9498545,Right,Down,0.1643245,-0.6446075,TransSharp
566.0198,18.05461,0,0.984664,0,0,0.86813,8166.945,1.739734,0.9501591,Right,Down,0.1791368,-0.5774612,TransSharp
566.0598,18.00284,0,1.056079,0,0,0.8551584,8167.665,1.737822,0.9504622,Right,Down,0.1791368,-0.5006638,TransSharp
566.0998,17.95297,0,1.149462,0,0,0.8446161,8168.383,1.733484,0.9507647,Right,Down,0.1791368,-0.4240341,TransSharp
566.1398,17.89915,0,1.227282,0,0,0.8341779,8169.1,1.733166,0.9510666,Right,Down,0.1813082,-0.3477631,TransSharp
566.1798,17.84349,0,1.262988,0,0,0.8257908,8169.814,1.741222,0.9513671,Right,Down,0.199792,-0.271698,TransSharp
566.2198,17.78844,0,1.297781,0,0,0.813904,8170.526,1.739355,0.9516674,Right,Down,0.2046302,-0.1872101,TransSharp
566.2598,17.73683,0,1.321585,0,0,0.8067188,8171.237,1.735987,0.9519662,Right,Flat,0.2046302,-0.0997467,TransSharp
566.2998,17.68154,0,1.33898,0,0,0.8002092,8171.944,1.73339,0.9522642,Right,Flat,0.2065338,-0.0125351,TransSharp
566.3398,17.62341,0,1.344473,0,0,0.7962329,8172.65,1.741677,0.9525618,Right,Flat,0.2255535,0.07437897,TransSharp
566.3798,17.56607,0,1.344473,0,0,0.789685,8173.354,1.740217,0.9528579,Right,Up,0.2306999,0.1695099,TransSharp
566.4198,17.51368,0,1.338065,0,0,0.7879087,8174.054,1.736213,0.9531533,Right,Up,0.2306999,0.2675629,TransSharp
566.4598,17.4537,0,1.338065,0,0,0.7876406,8174.753,1.736015,0.9534482,Right,Up,0.2398483,0.365448,TransSharp
566.4998,17.39365,0,1.338065,0,0,0.788868,8175.449,1.742013,0.9537417,Right,Up,0.2571706,0.4638977,TransSharp
566.5398,17.33648,0,1.338065,0,0,0.7896599,8176.143,1.739059,0.9540343,Right,Up,0.2571706,0.5727158,TransSharp
566.5798,17.27971,0,1.338065,0,0,0.7945756,8176.835,1.734699,0.9543266,Right,Up,0.2609472,0.6810989,TransSharp
566.6198,17.21563,0,1.343558,0,0,0.8020464,8177.524,1.743263,0.9546176,Right,Up,0.2797648,0.7894058,TransSharp
566.6598,17.15644,0,1.351798,0,0,0.8080593,8178.211,1.740384,0.9549075,Right,Up,0.2832403,0.9065018,TransSharp
566.6998,17.09908,0,1.361868,0.007934691,0,0.8169841,8178.896,1.73552,0.9551971,Right,Up,0.2859903,1.025154,TransSharp
566.7398,17.03929,0,1.371939,0.01586938,0,0.8285815,8179.578,1.738911,0.9554854,Right,Up,0.5556712,1.143494,TransSharp
566.7798,16.98103,0,1.37377,0.02380407,0,0.8384466,8180.258,1.740513,0.9557732,Right,Up,0.9329317,1.234024,TransSharp
566.8198,16.92578,0,1.37377,0.02777142,0,0.8461255,8180.936,1.743353,0.9560596,Right,Up,0.8888945,1.177696,TransSharp
566.8598,16.87338,0,1.368277,0.04365606,0,0.8510075,8181.611,1.744286,0.9563452,Right,Up,0.8474219,1.123566,TransSharp
566.8998,16.82573,0,1.367362,0.06349279,0,0.8515898,8182.284,1.744588,0.9566303,Right,Up,0.8067285,1.071609,TransSharp
566.9398,16.78178,0,1.366446,0.08332952,0,0.8478743,8182.956,1.74518,0.9569142,Right,Up,0.7677034,1.021774,TransSharp
566.9798,16.74114,0,1.366446,0.09523156,0,0.8414914,8183.626,1.745258,0.957197,Right,Up,0.7308815,0.9738922,TransSharp
567.0198,16.70559,0,1.366446,0.1031662,0,0.8321997,8184.294,1.746454,0.9574795,Right,Up,0.6980155,0.9279022,TransSharp
567.0598,16.66826,0,1.366446,0.1031662,0,0.8204241,8184.961,1.749451,0.9577606,Right,Up,0.6682253,0.8840942,TransSharp
567.0998,16.63636,0,1.366446,0.1031662,0,0.8073143,8185.627,1.747954,0.9580408,Right,Up,0.6367366,0.8418732,TransSharp
567.1398,16.60379,0,1.366446,0.1031662,0,0.7938472,8186.292,1.746408,0.9583206,Right,Up,0.6068404,0.801033,TransSharp
567.1798,16.56764,0,1.366446,0.1031662,0,0.7785165,8186.955,1.74858,0.9585991,Right,Up,0.5801346,0.761879,TransSharp
567.2198,16.53514,0,1.366446,0.1031662,0,0.7620984,8187.616,1.74907,0.958877,Right,Up,0.5524929,0.7245255,TransSharp
567.2598,16.50448,0,1.362784,0.1031662,0,0.7460306,8188.277,1.747017,0.9591538,Right,Up,0.530449,0.6882477,TransSharp
567.2998,16.46871,0,1.35546,0.1031662,0,0.7285535,8188.936,1.750508,0.9594295,Right,Up,0.5031891,0.6535187,TransSharp
567.3398,16.43887,0,1.338065,0.1031662,0,0.7117232,8189.594,1.748262,0.9597048,Right,Up,0.4837596,0.6201172,TransSharp
567.3798,16.40667,0,1.321585,0.1031662,0,0.6944748,8190.25,1.750334,0.9599788,Right,Up,0.456712,0.5876694,TransSharp
567.4198,16.37629,0,1.286792,0.1071336,0,0.676892,8190.906,1.748725,0.9602518,Right,Up,0.4423477,0.5568924,TransSharp
567.4598,16.34345,0,1.243762,0.1190356,0,0.6595433,8191.56,1.750781,0.9605244,Right,Up,0.414487,0.5267181,TransSharp
567.4998,16.31724,0,1.161364,0.1269856,0,0.6415402,8192.213,1.748369,0.9607957,Right,Up,0.4073442,0.4981766,TransSharp
567.5398,16.28996,0,1.054244,0.1349203,0,0.6240366,8192.865,1.751942,0.9610661,Right,Up,0.3810355,0.4702988,TransSharp
567.5798,16.26843,0,0.9608603,0.1349203,0,0.6083227,8193.516,1.747198,0.961336,Right,Up,0.3642322,0.4433136,TransSharp
567.6198,16.24365,0,0.8271933,0.1468223,0,0.5896932,8194.166,1.751122,0.9616046,Right,Up,0.3505445,0.4176941,TransSharp
567.6598,16.22452,0,0.7191575,0.1587244,0,0.5749607,8194.814,1.749156,0.9618723,Right,Up,0.3226406,0.3921127,TransSharp
567.6998,16.2084,0,0.5937302,0.1745937,0,0.5569177,8195.463,1.749061,0.9621395,Right,Up,0.3202056,0.3686295,TransSharp
567.7398,16.19348,0,0.4939342,0.1785611,0,0.5405279,8196.111,1.751782,0.9624054,Right,Up,0.3058279,0.3453064,TransSharp
567.7798,16.18322,0,0.4454112,0.1785611,0,0.5265731,8196.759,1.749152,0.9626708,Right,Up,0.276953,0.3220215,TransSharp
567.8198,16.17078,0,0.4115367,0.1785611,0,0.5101557,8197.405,1.749267,0.9629349,Right,Up,0.2755364,0.3009491,TransSharp
567.8598,16.15971,0,0.4032969,0.1825284,0,0.4940719,8198.052,1.751687,0.9631981,Right,Up,0.2712421,0.2799759,TransSharp
567.8998,16.14849,0,0.3913951,0.2063325,0,0.4800911,8198.698,1.751854,0.9634607,Right,Up,0.2406627,0.2590561,TransSharp
567.9398,16.1434,0,0.3813243,0.2420539,0,0.466237,8199.345,1.749803,0.9637222,Right,Up,0.2264194,0.2394485,TransSharp
567.9798,16.14612,0,0.3758311,0.2539559,0,0.450221,8199.991,1.750558,0.9639827,Right,Up,0.2264194,0.2209625,TransSharp
568.0198,16.15335,0,0.3685069,0.2817273,0,0.4346932,8200.638,1.752282,0.9642426,Right,Up,0.2255535,0.2024689,TransSharp
568.0598,16.16007,0,0.3675914,0.2936446,0,0.4220382,8201.284,1.753176,0.9645013,Right,Up,0.199792,0.1839981,TransSharp
568.0998,16.17679,0,0.3566051,0.3055466,0,0.4106256,8201.931,1.749582,0.964759,Right,Up,0.1713202,0.1660004,TransSharp
568.1398,16.19571,0,0.3337133,0.309514,0,0.3942408,8202.578,1.749919,0.9650163,Right,Up,0.1713202,0.1501923,TransSharp
568.1798,16.2163,0,0.3099096,0.3253834,0,0.3790601,8203.227,1.750325,0.9652722,Right,Flat,0.1713202,0.1343842,TransSharp
568.2198,16.23824,0,0.2778661,0.3412528,0,0.3645796,8203.876,1.752042,0.9655277,Right,Flat,0.1713202,0.1185684,TransSharp
568.2598,16.26161,0,0.2494848,0.3452201,0,0.352551,8204.526,1.754144,0.9657818,Right,Flat,0.1713202,0.1027145,TransSharp
568.2998,16.28689,0,0.2174413,0.3491875,0,0.3415728,8205.178,1.751838,0.9660351,Right,Flat,0.1251145,0.0868454,TransSharp
568.3398,16.316,0,0.1826513,0.3491875,0,0.3287217,8205.83,1.750144,0.9662878,Right,Flat,0.09691329,0.07234192,TransSharp
568.3798,16.34481,0,0.1533544,0.3491875,0,0.3120452,8206.483,1.750495,0.9665391,Right,Flat,0.09691329,0.06009674,TransSharp
568.4198,16.3734,0,0.1130676,0.3491875,0,0.2953497,8207.138,1.751418,0.9667897,Right,Flat,0.09691329,0.0478363,TransSharp
568.4598,16.39878,0,0.0819397,0.3491875,0,0.2806184,8207.794,1.752554,0.9670397,Right,Flat,0.09691329,0.03556824,TransSharp
568.4998,16.42692,0,0.03982544,0.3491875,0,0.266521,8208.45,1.753184,0.9672883,Right,Flat,0.09691329,0.02326965,TransSharp
568.5398,16.45506,0,-0.0151062,0.3491875,0,0.2533146,8209.108,1.753154,0.9675362,Right,Flat,0.09487279,0.01095581,TransSharp
568.5798,16.48363,0,-0.06546199,0.3491875,0,0.2410695,8209.768,1.753108,0.9677833,Right,Flat,0.09487279,-0.00138855,TransSharp
568.6198,16.51088,0,-0.1377887,0.3491875,0,0.228986,8210.428,1.753352,0.9680293,Right,Flat,0.09691329,-0.01374817,TransSharp
568.6598,16.53814,0,-0.190891,0.3491875,0,0.218074,8211.089,1.752733,0.9682744,Right,Flat,0.09691329,-0.02613068,TransSharp
568.6998,16.56556,0,-0.2430761,0.3491875,0,0.2076606,8211.751,1.751463,0.9685189,Right,Flat,0.09691329,-0.03852844,TransSharp
568.7398,16.59244,0,-0.2687109,0.3491875,0,0.1977378,8212.415,1.749288,0.968762,Straight,Flat,0.03956468,-0.05093384,TransSharp
568.7798,16.62098,0,-0.2732885,0.3491875,0,0.1853861,8213.079,1.748941,0.9690048,Straight,Flat,-0.01978234,-0.06193542,TransSharp
568.8198,16.64916,0,-0.2732885,0.3491875,0,0.1718981,8213.745,1.750051,0.9692461,Straight,Flat,-0.01978234,-0.06903076,TransSharp
568.8598,16.67642,0,-0.2732885,0.3491875,0,0.1588239,8214.412,1.751351,0.9694866,Straight,Flat,-0.01978234,-0.07614136,TransSharp
568.8998,16.70251,0,-0.2732885,0.3491875,0,0.1460902,8215.08,1.752441,0.9697266,Straight,Flat,-0.01978234,-0.08326721,TransSharp
568.9398,16.73115,0,-0.2732885,0.3491875,0,0.1333953,8215.749,1.752869,0.9699652,Straight,Flat,-0.01978234,-0.0904007,TransSharp
568.9798,16.75942,0,-0.2732885,0.3531548,0,0.1204195,8216.419,1.752963,0.9702029,Straight,Flat,-0.01978234,-0.09754944,TransSharp
569.0198,16.78806,0,-0.2732885,0.3571222,0,0.1076308,8217.091,1.753081,0.9704401,Straight,Flat,-0.01978234,-0.1047134,TransSharp
569.0598,16.81735,0,-0.2732885,0.3729915,0,0.09443766,8217.763,1.753098,0.9706761,Straight,Flat,-0.01978234,-0.1118927,TransSharp
569.0998,16.85026,0,-0.2732885,0.3888762,0,0.08089,8218.437,1.753075,0.970911,Straight,Flat,-0.01978234,-0.1190948,TransSharp
569.1398,16.8859,0,-0.2732885,0.4007782,0,0.06701109,8219.111,1.753087,0.9711454,Straight,Flat,-0.01978234,-0.126297,TransSharp
569.1798,16.9248,0,-0.2806127,0.4047455,0,0.05258241,8219.788,1.752986,0.9713786,Straight,Flat,-0.01978234,-0.1335297,TransSharp
569.2198,16.96407,0,-0.3163201,0.4206149,0,0.03775081,8220.466,1.752774,0.9716107,Straight,Flat,-0.01978234,-0.14077,TransSharp
569.2598,17.00685,0,-0.3584343,0.4245823,0,0.02240393,8221.146,1.752825,0.9718424,Straight,Flat,-0.01978234,-0.1480331,TransSharp
569.2998,17.05046,0,-0.4234385,0.4483864,0,0.00650844,8221.827,1.753077,0.9720728,Straight,Down,-0.01978234,-0.1553116,TransSharp
569.3398,17.09833,0,-0.4838634,0.4563211,0,-0.01027697,8222.511,1.75336,0.9723027,Straight,Down,0,-0.1626205,TransSharp
569.3798,17.14751,0,-0.5003428,0.4722057,0,-0.0278264,8223.196,1.753925,0.9725312,Straight,Down,-0.01978234,-0.1699448,TransSharp
569.4198,17.19958,0,-0.5012584,0.476173,0,-0.04632658,8223.884,1.753729,0.9727588,Straight,Down,-0.01978234,-0.1772995,TransSharp
569.4598,17.25319,0,-0.4948497,0.4801404,0,-0.06548733,8224.573,1.753291,0.9729859,Straight,Down,-0.01978234,-0.1846771,TransSharp
569.4998,17.30789,0,-0.4875255,0.4801404,0,-0.08558023,8225.265,1.753265,0.9732116,Straight,Down,-0.01978234,-0.1920853,TransSharp
569.5398,17.36192,0,-0.4939342,0.4841077,0,-0.1070241,8225.959,1.753713,0.9734365,Straight,Down,-0.01978234,-0.1995087,TransSharp
569.5798,17.4157,0,-0.4939342,0.4841077,0,-0.1294214,8226.655,1.753917,0.9736608,Straight,Down,-0.01978234,-0.206955,TransSharp
569.6198,17.47107,0,-0.4939342,0.4841077,0,-0.152663,8227.354,1.753003,0.9738838,Straight,Down,-0.03956468,-0.2144394,TransSharp
569.6598,17.52702,0,-0.4939342,0.4999924,0,-0.170966,8228.054,1.753936,0.9741059,Left,Down,-0.09278741,-0.2219315,TransSharp
569.6998,17.58536,0,-0.4893565,0.4999924,0,-0.1891853,8228.757,1.754969,0.9743273,Left,Down,-0.09891172,-0.2260056,TransSharp
569.7398,17.64387,0,-0.4838634,0.5038987,0,-0.2084316,8229.462,1.755966,0.9745476,Left,Down,-0.09891172,-0.2296524,TransSharp
569.7798,17.70249,0,-0.471046,0.5038987,0,-0.2287539,8230.17,1.756547,0.9747673,Left,Down,-0.09891172,-0.2333221,TransSharp
569.8198,17.76325,0,-0.4600596,0.5038987,0,-0.2505058,8230.88,1.75696,0.9749857,Left,Down,-0.09891172,-0.2370148,TransSharp
569.8598,17.82244,0,-0.4591441,0.5038987,0,-0.274041,8231.592,1.757859,0.9752032,Left,Down,-0.09891172,-0.2407074,TransSharp
569.8998,17.87998,0,-0.4454112,0.5038987,0,-0.2981535,8232.307,1.756673,0.9754201,Left,Down,-0.09891172,-0.2444229,TransSharp
569.9398,17.93779,0,-0.4161143,0.507805,0,-0.3238269,8233.023,1.754553,0.9756356,Left,Down,-0.09891172,-0.2481461,TransSharp
569.9798,17.9994,0,-0.4051262,0.507805,0,-0.3449378,8233.743,1.754732,0.9758503,Left,Down,-0.1235407,-0.2518768,TransSharp
570.0198,18.05934,0,-0.3932244,0.5156176,0,-0.3668545,8234.465,1.755713,0.9760644,Left,Down,-0.132704,-0.2546539,TransSharp
570.0598,18.11926,0,-0.3685051,0.5195239,0,-0.3894518,8235.188,1.75695,0.9762773,Left,Down,-0.132704,-0.2568283,TransSharp
570.0998,18.18009,0,-0.3456169,0.5195239,0,-0.4138921,8235.915,1.758396,0.9764892,Left,Down,-0.132704,-0.2590103,TransSharp
570.1398,18.24057,0,-0.3208977,0.5195239,0,-0.4394278,8236.645,1.758673,0.9767005,Left,Down,-0.132704,-0.2612,TransSharp
570.1798,18.30094,0,-0.3053337,0.5195239,0,-0.4660192,8237.376,1.755892,0.9769105,Left,Down,-0.132704,-0.2634048,TransSharp
570.2198,18.3637,0,-0.291599,0.5195239,0,-0.487399,8238.109,1.756103,0.9771197,Left,Down,-0.1493534,-0.2656097,TransSharp
570.2598,18.42612,0,-0.274204,0.5195239,0,-0.5104137,8238.846,1.756997,0.9773282,Left,Down,-0.1582588,-0.2671967,TransSharp
570.2998,18.4881,0,-0.2613866,0.5195239,0,-0.5344632,8239.585,1.758672,0.9775354,Left,Down,-0.1582588,-0.2682343,TransSharp
570.3398,18.54597,0,-0.239414,0.5195239,0,-0.5592454,8240.326,1.760002,0.977742,Left,Down,-0.1594904,-0.2692795,TransSharp
570.3798,18.60581,0,-0.2211034,0.5195239,0,-0.5846579,8241.069,1.756873,0.9779475,Left,Down,-0.1582588,-0.2703247,TransSharp
570.4198,18.66795,0,-0.2073705,0.5195239,0,-0.6037028,8241.815,1.757265,0.978152,Left,Down,-0.1724585,-0.2713699,TransSharp
570.4598,18.73065,0,-0.2027929,0.5195239,0,-0.6245505,8242.564,1.758021,0.9783558,Left,Down,-0.1802258,-0.2719345,TransSharp
570.4998,18.79096,0,-0.2027929,0.5195239,0,-0.6471274,8243.315,1.760368,0.9785584,Left,Down,-0.1802258,-0.2720032,TransSharp
570.5398,18.84625,0,-0.2320898,0.5195239,0,-0.6696171,8244.068,1.758336,0.9787601,Left,Down,-0.1802258,-0.2720795,TransSharp
570.5798,18.90796,0,-0.2632177,0.5195239,0,-0.6874815,8244.824,1.757821,0.9789612,Left,Down,-0.1855749,-0.2721481,TransSharp
570.6198,18.96984,0,-0.3218132,0.5195239,0,-0.7047431,8245.583,1.758511,0.9791609,Left,Down,-0.199792,-0.2721329,TransSharp
570.6598,19.03367,0,-0.3941399,0.5195239,0,-0.7245493,8246.344,1.761055,0.9793597,Left,Down,-0.199792,-0.2713394,TransSharp
570.6998,19.08534,0,-0.4344249,0.5195239,0,-0.7442154,8247.106,1.758677,0.9795581,Left,Down,-0.1988102,-0.2705383,TransSharp
570.7398,19.1461,0,-0.4463267,0.5195239,0,-0.7582094,8247.871,1.758667,0.979755,Left,Down,-0.2055842,-0.2697372,TransSharp
570.7798,19.20953,0,-0.4463267,0.5195239,0,-0.7732809,8248.639,1.759739,0.9799514,Left,Down,-0.2176059,-0.2688446,TransSharp
570.8198,19.26315,0,-0.4463267,0.5195239,0,-0.7897079,8249.409,1.760833,0.9801465,Left,Down,-0.2167048,-0.2672729,TransSharp
570.8598,19.32212,0,-0.4463267,0.5195239,0,-0.8027736,8250.182,1.759049,0.9803408,Left,Down,-0.2167048,-0.2656937,TransSharp
570.8998,19.38363,0,-0.4463267,0.5195239,0,-0.8134537,8250.956,1.759963,0.9805343,Left,Down,-0.2281412,-0.2641068,TransSharp
570.9398,19.44051,0,-0.4463267,0.5195239,0,-0.8264787,8251.733,1.762205,0.9807266,Left,Down,-0.23239,-0.2620697,TransSharp
570.9798,19.49601,0,-0.4518199,0.5195239,0,-0.837183,8252.513,1.759287,0.980918,Left,Down,-0.2315465,-0.2597809,TransSharp
571.0198,19.55736,0,-0.4692149,0.5195239,0,-0.8440799,8253.295,1.760082,0.9811088,Left,Down,-0.2398483,-0.2574844,TransSharp
571.0598,19.6142,0,-0.4985118,0.5195239,0,-0.8533345,8254.079,1.762078,0.9812983,Left,Down,-0.2462884,-0.2549286,TransSharp
571.0998,19.66873,0,-0.5195689,0.5234302,0,-0.8601595,8254.865,1.759241,0.9814869,Left,Down,-0.2462884,-0.2519608,TransSharp
571.1398,19.73243,0,-0.5598539,0.5234302,0,-0.8636526,8255.653,1.760463,0.9816748,Left,Down,-0.2533378,-0.2489853,TransSharp
571.1798,19.78854,0,-0.6001371,0.5234302,0,-0.8691435,8256.444,1.761014,0.9818615,Left,Down,-0.2609472,-0.2457886,TransSharp
571.2198,19.8431,0,-0.6788743,0.5234302,0,-0.8706813,8257.237,1.759574,0.9820472,Left,Down,-0.2601963,-0.2421799,TransSharp
571.2598,19.90664,0,-0.762189,0.5234302,0,-0.8712697,8258.033,1.761466,0.9822323,Left,Down,-0.268341,-0.2385559,TransSharp
571.2998,19.96326,0,-0.8097965,0.5234302,0,-0.8733569,8258.831,1.759144,0.9824162,Left,Down,-0.2733977,-0.2346344,TransSharp
571.3398,20.01867,0,-0.8564883,0.5234302,0,-0.8692396,8259.631,1.760472,0.9825995,Left,Down,-0.2748253,-0.230423,TransSharp
571.3798,20.07288,0,-0.8867025,0.5234302,0,-0.8673319,8260.434,1.76191,0.9827814,Left,Down,-0.2846186,-0.226181,TransSharp
571.4198,20.12761,0,-0.9379721,0.5234302,0,-0.8633547,8261.238,1.759717,0.9829625,Left,Down,-0.2859903,-0.2214508,TransSharp
571.4598,20.1887,0,-0.9855795,0.5234302,0,-0.8574907,8262.045,1.761978,0.9831429,Left,Down,-0.2907402,-0.2166367,TransSharp
571.4998,20.24491,0,-1.002976,0.5234302,0,-0.8527865,8262.854,1.759643,0.9833221,Left,Down,-0.2980514,-0.2116623,TransSharp
571.5398,20.30191,0,-1.003892,0.5234302,0,-0.8437348,8263.666,1.761879,0.9835003,Left,Down,-0.2987072,-0.2062836,TransSharp
571.5798,20.35108,0,-1.003892,0.5234302,0,-0.8370792,8264.479,1.760168,0.9836779,Left,Down,-0.3077414,-0.2008743,TransSharp
571.6198,20.40858,0,-1.003892,0.5234302,0,-0.8260258,8265.295,1.761599,0.9838543,Left,Down,-0.309643,-0.1950226,TransSharp
571.6598,20.45895,0,-1.003892,0.5234302,0,-0.816155,8266.113,1.761368,0.9840297,Left,Down,-0.3165179,-0.1890793,TransSharp
571.6998,20.5171,0,-1.003892,0.5234302,0,-0.8041009,8266.934,1.761467,0.9842044,Left,Down,-0.3202056,-0.1828537,TransSharp
571.7398,20.56669,0,-1.004807,0.5234302,0,-0.7917923,8267.756,1.762044,0.984378,Left,Down,-0.3250574,-0.1763763,TransSharp
571.7798,20.62668,0,-1.010301,0.5234302,0,-0.7776431,8268.58,1.761281,0.9845507,Left,Down,-0.3310224,-0.1697235,TransSharp
571.8198,20.67319,0,-1.011216,0.5234302,0,-0.7631817,8269.406,1.762244,0.9847224,Left,Down,-0.3345502,-0.162735,TransSharp
571.8598,20.73492,0,-1.011216,0.5234302,0,-0.7472349,8270.235,1.761339,0.9848931,Left,Down,-0.3414966,-0.1556168,TransSharp
571.8998,20.77909,0,-1.011216,0.5234302,0,-0.7309144,8271.066,1.761926,0.9850631,Left,Flat,-0.3449174,-0.1481247,TransSharp
571.9398,20.84393,0,-1.011216,0.5234302,0,-0.7129529,8271.899,1.761792,0.9852319,Left,Flat,-0.3516591,-0.1405334,TransSharp
571.9798,20.88369,0,-1.009385,0.5234302,0,-0.694968,8272.734,1.761,0.9853998,Left,Flat,-0.3544303,-0.1325455,TransSharp
572.0198,20.9492,0,-1.008469,0.5273365,0,-0.6744993,8273.571,1.762565,0.9855669,Left,Flat,-0.3615361,-0.1244583,TransSharp
572.0598,20.98827,0,-1.008469,0.5273365,0,-0.6546809,8274.41,1.759848,0.9857329,Left,Flat,-0.364769,-0.1159821,TransSharp
572.0998,21.04385,0,-1.008469,0.5273365,0,-0.6319014,8275.252,1.763304,0.9858979,Left,Flat,-0.3711503,-0.1073685,TransSharp
572.1398,21.09236,0,-1.008469,0.5273365,0,-0.6091352,8276.095,1.760378,0.9860622,Left,Flat,-0.3753442,-0.09841156,TransSharp
572.1798,21.1414,0,-1.02678,0.5273365,0,-0.5851265,8276.94,1.763983,0.9862254,Left,Flat,-0.3805216,-0.08927917,TransSharp
572.2198,21.20577,0,-1.068894,0.5312428,0,-0.5600433,8277.788,1.761868,0.9863876,Left,Flat,-0.3861367,-0.07985687,TransSharp
572.2598,21.24427,0,-1.121997,0.5390555,0,-0.5343935,8278.638,1.761308,0.986549,Left,Flat,-0.3891652,-0.07016754,TransSharp
572.2998,21.3145,0,-1.163195,0.5429618,0,-0.5061173,8279.49,1.763649,0.9867093,Left,Flat,-0.3961419,-0.06027985,TransSharp
572.3398,21.35369,0,-1.209887,0.5429618,0,-0.4779935,8280.344,1.761654,0.9868689,Left,Flat,-0.4000739,-0.0500412,TransSharp
572.3798,21.40668,0,-1.239186,0.5429618,0,-0.4483551,8281.199,1.761872,0.9870273,Left,Flat,-0.4059006,-0.03964233,TransSharp
572.4198,21.45192,0,-1.270314,0.5429618,0,-0.4165522,8282.057,1.758531,0.9871846,Left,Flat,-0.4102162,-0.02887726,TransSharp
572.4598,21.50724,0,-1.303273,0.5429618,0,-0.3864339,8282.916,1.760128,0.9873414,Left,Flat,-0.414487,-0.01791382,TransSharp
572.4998,21.55671,0,-1.331654,0.5429618,0,-0.3513944,8283.777,1.756299,0.987497,Left,Flat,-0.4083038,-0.006721497,TransSharp
572.5398,21.60505,0,-1.367362,0.5429618,0,-0.3187888,8284.641,1.759323,0.9876516,Left,Flat,-0.4020255,0.03755951,TransSharp
572.5798,21.6604,0,-1.391165,0.5429618,0,-0.2838767,8285.507,1.756343,0.9878054,Left,Flat,-0.3881583,0.08947754,TransSharp
572.6198,21.69161,0,-1.404898,0.5429618,0,-0.2495376,8286.374,1.759298,0.9879581,Left,Up,-0.3789758,0.1506729,TransSharp
572.6598,21.74743,0,-1.415884,0.5195239,0,-0.216002,8287.243,1.758499,0.9881099,Left,Up,-0.3700944,0.2106171,TransSharp
572.6998,21.77723,0,-1.427786,0.5195239,0,-0.1813119,8288.114,1.760003,0.9882609,Left,Up,-0.358274,0.2688599,TransSharp
572.7398,21.82608,0,-1.449759,0.5156176,0,-0.148858,8288.987,1.759616,0.9884107,Left,Up,-0.3522151,0.325264,TransSharp
572.7798,21.85884,0,-1.456168,0.5117113,0,-0.1156909,8289.861,1.76101,0.9885597,Left,Up,-0.339197,0.3805542,TransSharp
572.8198,21.90198,0,-1.456168,0.507805,0,-0.08431295,8290.737,1.75966,0.9887077,Left,Up,-0.3345502,0.4336548,TransSharp
572.8598,21.9313,0,-1.444266,0.507805,0,-0.05364862,8291.614,1.762032,0.9888546,Left,Up,-0.3220336,0.4859467,TransSharp
572.8998,21.96514,0,-1.415884,0.507805,0,-0.02369523,8292.492,1.759782,0.9890009,Left,Up,-0.3165179,0.5361862,TransSharp
572.9398,21.99815,0,-1.362784,0.5038987,0,0.00298515,8293.372,1.76312,0.989146,Left,Up,-0.3071049,0.5854492,TransSharp
572.9798,22.02821,0,-1.315175,0.5038987,0,0.03127375,8294.253,1.760899,0.9892902,Left,Up,-0.3000144,0.63311,TransSharp
573.0198,22.06357,0,-1.263905,0.5038987,0,0.05438319,8295.136,1.763324,0.9894335,Left,Up,-0.2934199,0.6793213,TransSharp
573.0598,22.09818,0,-1.228198,0.5038987,0,0.079799,8296.02,1.76253,0.9895757,Left,Up,-0.2818553,0.7249069,TransSharp
573.0998,22.13029,0,-1.202563,0.5038987,0,0.1015083,8296.904,1.761182,0.989717,Left,Up,-0.2825486,0.7680817,TransSharp
573.1398,22.16669,0,-1.164111,0.5038987,0,0.1201847,8297.79,1.763979,0.9898576,Left,Up,-0.2676108,0.8113632,TransSharp
573.1798,22.18954,0,-1.133898,0.5038987,0,0.139497,8298.677,1.762397,0.9899968,Left,Up,-0.2654082,0.8520584,TransSharp
573.2198,22.22183,0,-1.087205,0.5038987,0,0.1538644,8299.565,1.763366,0.9901353,Left,Up,-0.2586879,0.8923187,TransSharp
573.2598,22.25462,0,-1.032273,0.5038987,0,0.1682292,8300.456,1.764122,0.9902729,Left,Up,-0.2486604,0.9317093,TransSharp
573.2998,22.27883,0,-0.9800863,0.5038987,0,0.1810647,8301.347,1.762313,0.9904094,Left,Up,-0.2486604,0.9689789,TransSharp
573.3398,22.31991,0,-0.9095907,0.5038987,0,0.1879265,8302.239,1.764953,0.9905451,Left,Up,-0.2382111,1.006317,TransSharp
573.3798,22.3472,0,-0.8619815,0.5038987,0,0.1967692,8303.133,1.76488,0.9906797,Left,Up,-0.23239,1.04187,TransSharp
573.4198,22.37007,0,-0.762189,0.5038987,0,0.2031014,8304.027,1.76305,0.9908133,Left,Up,-0.23239,1.076218,TransSharp
573.4598,22.41374,0,-0.6550705,0.5038987,0,0.2034605,8304.924,1.765381,0.9909462,Left,Up,-0.220287,1.110611,TransSharp
573.4998,22.4394,0,-0.5900663,0.5038987,0,0.2058161,8305.821,1.765802,0.9910778,Left,Up,-0.2176059,1.142845,TransSharp
573.5398,22.46376,0,-0.5488676,0.5038987,0,0.2068532,8306.72,1.764364,0.9912086,Left,Up,-0.2167048,1.174278,TransSharp
573.5798,22.50701,0,-0.5470365,0.5038987,0,0.2025423,8307.619,1.765102,0.9913386,Left,Up,-0.2065338,1.205727,TransSharp
573.6198,22.53286,0,-0.5424589,0.5038987,0,0.1983352,8308.52,1.76692,0.9914675,Left,Up,-0.2007689,1.235382,TransSharp
573.6598,22.5592,0,-0.5177379,0.5038987,0,0.1946364,8309.422,1.766278,0.9915953,Left,Up,-0.2007689,1.263901,TransSharp
573.6998,22.58852,0,-0.4783702,0.5038987,0,0.1870443,8310.325,1.764467,0.9917223,Left,Up,-0.1938267,1.292435,TransSharp
573.7398,22.62591,0,-0.4170299,0.5038987,0,0.1750968,8311.229,1.768513,0.9918484,Left,Up,-0.1855749,1.320023,TransSharp
573.7798,22.65468,0,-0.3758293,0.5038987,0,0.1677592,8312.136,1.767918,0.9919736,Left,Up,-0.1855749,1.345657,TransSharp
573.8198,22.67904,0,-0.3437859,0.5038987,0,0.1582397,8313.042,1.766745,0.9920976,Left,Up,-0.1855749,1.371315,TransSharp
573.8598,22.71565,0,-0.3392082,0.5038987,0,0.1443902,8313.95,1.766647,0.9922206,Left,Up,-0.1735894,1.396965,TransSharp
573.8998,22.74862,0,-0.3392082,0.5038987,0,0.1283486,8314.86,1.77002,0.992343,Left,Up,-0.1701742,1.420288,TransSharp
573.9398,22.77649,0,-0.3392082,0.5038987,0,0.1173735,8315.771,1.769986,0.9924642,Left,Up,-0.1690205,1.443016,TransSharp
573.9798,22.80323,0,-0.3392082,0.5038987,0,0.1036139,8316.683,1.769224,0.9925844,Left,Up,-0.1690205,1.465759,TransSharp
574.0198,22.8361,0,-0.3447014,0.5038987,0,0.08643955,8317.596,1.768772,0.9927038,Left,Up,-0.1557664,1.488503,TransSharp
574.0598,22.87181,0,-0.3566033,0.5038987,0,0.0654726,8318.51,1.772903,0.9928221,Left,Up,-0.1532334,1.508636,TransSharp
574.0998,22.89977,0,-0.3675896,0.5038987,0,0.0505546,8319.426,1.773311,0.9929394,Left,Up,-0.1545051,1.528366,TransSharp
574.1398,22.92621,0,-0.3767449,0.5038987,0,0.03447703,8320.343,1.773255,0.9930559,Left,Up,-0.1545051,1.548119,TransSharp
574.1798,22.95945,0,-0.3767449,0.5038987,0,0.01535696,8321.261,1.772554,0.9931713,Left,Up,-0.1440177,1.567871,TransSharp
574.2198,22.989,0,-0.3767449,0.5038987,0,-0.006536722,8322.18,1.773917,0.9932858,Left,Up,-0.1384764,1.585976,TransSharp
574.2598,23.02076,0,-0.3575188,0.5038987,0,-0.02931529,8323.1,1.777049,0.9933994,Left,Up,-0.1370561,1.602638,TransSharp
574.2998,23.04724,0,-0.3208977,0.5038987,0,-0.04630488,8324.021,1.776785,0.993512,Left,Up,-0.1384764,1.619301,TransSharp
574.3398,23.07499,0,-0.2439916,0.5038987,0,-0.0654079,8324.944,1.776128,0.9936237,Left,Up,-0.1384764,1.635994,TransSharp
574.3798,23.106,0,-0.1835668,0.5038987,0,-0.08691105,8325.868,1.775752,0.9937344,Left,Up,-0.1266688,1.652679,TransSharp
574.4198,23.13451,0,-0.1048297,0.5038987,0,-0.1104986,8326.794,1.776075,0.993844,Left,Up,-0.1219466,1.667038,TransSharp
574.4598,23.16795,0,-0.03890991,0.5038987,0,-0.1363998,8327.72,1.779275,0.9939528,Left,Up,-0.1235407,1.680496,TransSharp
574.4998,23.19456,0,-0.009613037,0.5038987,0,-0.1554137,8328.647,1.779425,0.9940605,Left,Up,-0.1219466,1.693962,TransSharp
574.5398,23.22154,0,0.0151062,0.5038987,0,-0.1744567,8329.576,1.778624,0.9941672,Left,Up,-0.1235407,1.707443,TransSharp
574.5798,23.25424,0,0.02059937,0.5038987,0,-0.1958134,8330.506,1.778023,0.9942732,Left,Up,-0.1170339,1.720932,TransSharp
574.6198,23.28067,0,0.02151489,0.5038987,0,-0.2186517,8331.438,1.777889,0.994378,Left,Up,-0.1046783,1.733467,TransSharp
574.6598,23.30845,0,0.02151489,0.5038987,0,-0.2428513,8332.369,1.778168,0.9944819,Left,Up,-0.1046783,1.743462,TransSharp
574.6998,23.34137,0,0.02151489,0.5038987,0,-0.268954,8333.303,1.780595,0.9945849,Left,Up,-0.1046783,1.753471,TransSharp
574.7398,23.36777,0,0.02151489,0.5038987,0,-0.2900698,8334.237,1.781429,0.9946868,Left,Up,-0.1046783,1.763481,TransSharp
574.7798,23.39435,0,0.02151489,0.5038987,0,-0.3081294,8335.173,1.780666,0.994788,Left,Up,-0.1065312,1.773506,TransSharp
574.8198,23.42577,0,0.02151489,0.5038987,0,-0.3276885,8336.109,1.779847,0.9948879,Left,Up,-0.1065312,1.783531,TransSharp
574.8598,23.45317,0,0.02151489,0.5038987,0,-0.3486116,8337.047,1.779385,0.994987,Left,Up,-0.08846933,1.793564,TransSharp
574.8998,23.48042,0,0.02151489,0.5038987,0,-0.3703399,8337.986,1.779249,0.9950852,Left,Up,-0.08622923,1.800072,TransSharp
574.9398,23.50747,0,0.02151489,0.5038987,0,-0.3925685,8338.926,1.778802,0.9951823,Left,Up,-0.08846933,1.806183,TransSharp
574.9798,23.53575,0,0.02151489,0.5038987,0,-0.4160638,8339.867,1.780283,0.9952785,Left,Up,-0.08622923,1.812294,TransSharp
575.0198,23.56569,0,0.02151489,0.5038987,0,-0.4390318,8340.81,1.781971,0.9953738,Left,Up,-0.08846933,1.818413,TransSharp
575.0598,23.59203,0,0.02151489,0.5038987,0,-0.4527288,8341.753,1.781126,0.995468,Left,Up,-0.08622923,1.824532,TransSharp
575.0998,23.61905,0,0.02151489,0.5038987,0,-0.4675012,8342.697,1.780246,0.9955612,Left,Up,-0.08846933,1.830666,TransSharp
575.1398,23.64835,0,0.02151489,0.5038987,0,-0.4829234,8343.643,1.779805,0.9956537,Left,Up,-0.08156469,1.836792,TransSharp
575.1798,23.67533,0,0.02151489,0.5038987,0,-0.4988898,8344.59,1.77996,0.995745,Left,Up,-0.0656106,1.841805,TransSharp
575.2198,23.70232,0,0.02151489,0.5038987,0,-0.5154139,8345.537,1.780316,0.9958354,Left,Up,-0.0656106,1.843109,TransSharp
575.2598,23.7292,0,0.02151489,0.5038987,0,-0.5323029,8346.486,1.780945,0.9959249,Left,Up,-0.0656106,1.844414,TransSharp
575.2998,23.75552,0,0.01419067,0.5038987,0,-0.549314,8347.437,1.781103,0.9960133,Left,Up,-0.0656106,1.845711,TransSharp
575.3398,23.78226,0,0.01419067,0.5038987,0,-0.5664927,8348.388,1.781989,0.9961008,Left,Up,-0.0656106,1.847015,TransSharp
575.3798,23.80985,0,0.01419067,0.5038987,0,-0.5843422,8349.34,1.783477,0.9961873,Left,Up,-0.06852804,1.848312,TransSharp
575.4198,23.83643,0,0.01419067,0.5038987,0,-0.5994874,8350.293,1.784388,0.9962729,Left,Up,-0.0656106,1.849609,TransSharp
575.4598,23.86438,0,0.01419067,0.5038987,0,-0.6042973,8351.247,1.785558,0.9963576,Left,Up,-0.0656106,1.850914,TransSharp
575.4998,23.8927,0,0.01419067,0.5038987,0,-0.6096143,8352.202,1.785985,0.9964411,Left,Up,-0.0656106,1.852211,TransSharp
575.5398,23.92008,0,0.01419067,0.5038987,0,-0.6151109,8353.159,1.785749,0.9965238,Left,Up,-0.05595291,1.853508,TransSharp
575.5798,23.9483,0,0.01419067,0.5038987,0,-0.6209905,8354.116,1.785532,0.9966055,Straight,Up,-0.01978234,1.853317,TransSharp
575.6198,23.97624,0,0.01419067,0.5038987,0,-0.626902,8355.075,1.785242,0.9966862,Straight,Up,-0.01978234,1.840729,TransSharp
575.6598,24.00388,0,0.01419067,0.5038987,0,-0.6328686,8356.035,1.784972,0.9967659,Straight,Up,-0.01978234,1.828125,TransSharp
575.6998,24.03139,0,0.01419067,0.5038987,0,-0.6390153,8356.996,1.78466,0.9968448,Straight,Up,-0.01978234,1.815498,TransSharp
575.7398,24.05873,0,0.01419067,0.5038987,0,-0.6450477,8357.958,1.784411,0.9969226,Straight,Up,-0.01978234,1.802872,TransSharp
575.7798,24.08595,0,0.01419067,0.5038987,0,-0.6511964,8358.921,1.784584,0.9969994,Straight,Up,-0.01978234,1.790222,TransSharp
575.8198,24.11311,0,0.01419067,0.5038987,0,-0.6577571,8359.886,1.784556,0.9970753,Straight,Up,-0.01978234,1.777557,TransSharp
575.8598,24.14015,0,0.01419067,0.5038987,0,-0.6641462,8360.851,1.78445,0.9971502,Straight,Up,-0.01978234,1.764893,TransSharp
575.8998,24.16714,0,0.01419067,0.5038987,0,-0.6707073,8361.817,1.784479,0.9972243,Straight,Up,0,1.752197,TransSharp
575.9398,24.19405,0,0.02059937,0.5038987,0,-0.6773239,8362.784,1.784316,0.9972972,Straight,Up,0,1.739494,TransSharp
575.9798,24.22085,0,0.03341675,0.5038987,0,-0.6840183,8363.753,1.78437,0.9973692,Straight,Up,-0.01978234,1.726776,TransSharp
576.0198,24.24758,0,0.06362915,0.5038987,0,-0.6909163,8364.723,1.784496,0.9974402,Straight,Up,-0.01978234,1.714043,TransSharp
576.0598,24.27425,0,0.1240575,0.5038987,0,-0.6979992,8365.693,1.784547,0.9975103,Straight,Up,0,1.701302,TransSharp
576.0998,24.30083,0,0.18906,0.5038987,0,-0.7052363,8366.665,1.784568,0.9975794,Straight,Up,-0.01978234,1.688545,TransSharp
576.1398,24.32736,0,0.2668798,0.5038987,0,-0.7124766,8367.638,1.784706,0.9976475,Straight,Up,0,1.675766,TransSharp
576.1798,24.35376,0,0.3327978,0.5038987,0,-0.7195784,8368.611,1.784962,0.9977147,Straight,Up,-0.01978234,1.662987,TransSharp
576.2198,24.38004,0,0.3794932,0.5038987,0,-0.7261864,8369.586,1.785111,0.9977809,Straight,Up,-0.01978234,1.650177,TransSharp
576.2598,24.40624,0,0.4151988,0.5038987,0,-0.7324763,8370.563,1.785344,0.9978461,Straight,Up,-0.01978234,1.637367,TransSharp
576.2998,24.43232,0,0.4271007,0.5038987,0,-0.7384592,8371.539,1.785407,0.9979103,Straight,Up,-0.01978234,1.624527,TransSharp
576.3398,24.45833,0,0.4280162,0.5038987,0,-0.743839,8372.518,1.785517,0.9979736,Straight,Up,-0.01978234,1.611679,TransSharp
576.3798,24.4842,0,0.4280162,0.5038987,0,-0.7488973,8373.496,1.785647,0.9980359,Straight,Up,-0.01978234,1.598824,TransSharp
576.4198,24.50989,0,0.4216075,0.5038987,0,-0.7533437,8374.477,1.785825,0.9980972,Straight,Up,-0.01978234,1.585945,TransSharp
576.4598,24.53552,0,0.4216075,0.5038987,0,-0.7569602,8375.457,1.786009,0.9981576,Straight,Up,0,1.573051,TransSharp
576.4998,24.56115,0,0.4115367,0.5038987,0,-0.7598021,8376.439,1.786051,0.998217,Straight,Up,-0.01978234,1.560143,TransSharp
576.5398,24.58661,0,0.3996348,0.5038987,0,-0.7617474,8377.423,1.786574,0.9982754,Straight,Up,-0.01978234,1.547218,TransSharp
576.5798,24.61194,0,0.3849864,0.5038987,0,-0.7628409,8378.407,1.786892,0.9983329,Straight,Up,-0.01978234,1.534279,TransSharp
576.6198,24.63703,0,0.3666759,0.5038987,0,-0.7628675,8379.393,1.787063,0.9983894,Straight,Up,-0.01978234,1.521324,TransSharp
576.6598,24.66231,0,0.3373754,0.5038987,0,-0.7619931,8380.379,1.78716,0.9984448,Straight,Up,-0.01978234,1.508354,TransSharp
576.6998,24.68752,0,0.3099096,0.5038987,0,-0.7600179,8381.366,1.787293,0.9984994,Straight,Up,0,1.495369,TransSharp
576.7398,24.71237,0,0.2778661,0.5038987,0,-0.7572616,8382.354,1.787445,0.9985529,Straight,Up,-0.01978234,1.482368,TransSharp
576.7798,24.73176,0,0.2375829,0.5038987,0,-0.7535945,8383.344,1.786548,0.9986055,Straight,Up,-0.01978234,1.469353,TransSharp
576.8198,24.76022,0,0.2073705,0.5038987,0,-0.750682,8384.334,1.788303,0.9986572,Straight,Up,-0.01978234,1.456337,TransSharp
576.8598,24.78911,0,0.1515234,0.5038987,0,-0.7474086,8385.325,1.791067,0.9987078,Straight,Up,-0.01978234,1.443314,TransSharp
576.8998,24.81143,0,0.08834839,0.5038987,0,-0.7428321,8386.317,1.792757,0.9987575,Straight,Up,-0.01978234,1.43026,TransSharp
576.9398,24.84113,0,0.0151062,0.5038987,0,-0.7371905,8387.311,1.792763,0.9988062,Straight,Up,0,1.417175,TransSharp
576.9798,24.87015,0,-0.04074097,0.5038987,0,-0.7304642,8388.305,1.792136,0.9988539,Right,Up,0.05595291,1.404068,TransSharp
577.0198,24.89824,0,-0.06363094,0.5038987,0,-0.7228545,8389.301,1.791134,0.9989007,Right,Up,0.05595291,1.371315,TransSharp
577.0598,24.92535,0,-0.06363094,0.5038987,0,-0.7140647,8390.297,1.789953,0.9989464,Right,Up,0.05595291,1.338379,TransSharp
577.0998,24.9526,0,-0.06363094,0.5038987,0,-0.7039554,8391.295,1.788882,0.9989913,Right,Up,0.05595291,1.305412,TransSharp
577.1398,24.98018,0,-0.06363094,0.5038987,0,-0.693401,8392.294,1.789285,0.9990351,Right,Up,0.05595291,1.2724,TransSharp
577.1798,25.00515,0,-0.06363094,0.5038987,0,-0.6820294,8393.294,1.788799,0.9990779,Right,Up,0.05595291,1.239372,TransSharp
577.2198,25.03491,0,-0.06363094,0.5038987,0,-0.6769812,8394.295,1.790102,0.9991198,Right,Up,0.05595291,1.206306,TransSharp
577.2598,25.06409,0,-0.06363094,0.5038987,0,-0.6715986,8395.297,1.790952,0.9991608,Right,Up,0.05595291,1.173187,TransSharp
577.2998,25.09104,0,-0.06363094,0.5038987,0,-0.6653292,8396.301,1.791124,0.9992007,Right,Up,0.05595291,1.140007,TransSharp
577.3398,25.12048,0,-0.06363094,0.5038987,0,-0.6580746,8397.305,1.790552,0.9992397,Right,Up,0.06255726,1.106781,TransSharp
577.3798,25.14841,0,-0.06363094,0.5038987,0,-0.6498785,8398.311,1.789404,0.9992777,Right,Up,0.08846933,1.070747,TransSharp
577.4198,25.17739,0,-0.06363094,0.5038987,0,-0.6416075,8399.317,1.789884,0.9993147,Right,Up,0.09065409,1.025803,TransSharp
577.4598,25.20807,0,-0.06363094,0.5038987,0,-0.6394749,8400.325,1.790774,0.9993508,Right,Up,0.09065409,0.9808197,TransSharp
577.4998,25.23743,0,-0.06363094,0.5038987,0,-0.6384237,8401.335,1.791186,0.9993858,Right,Up,0.09065409,0.9357681,TransSharp
577.5398,25.26715,0,-0.06363094,0.5038987,0,-0.6377233,8402.345,1.79099,0.9994199,Right,Up,0.08846933,0.8906326,TransSharp
577.5798,25.29557,0,-0.06363094,0.5038987,0,-0.6359862,8403.356,1.789791,0.9994531,Right,Up,0.09065409,0.8454437,TransSharp
577.6198,25.32764,0,-0.06363094,0.5038987,0,-0.6343472,8404.369,1.790723,0.9994852,Right,Up,0.1170339,0.8002167,TransSharp
577.6598,25.35997,0,-0.06363094,0.5038987,0,-0.6415768,8405.383,1.79148,0.9995164,Right,Up,0.1203313,0.745079,TransSharp
577.6998,25.38941,0,-0.06363094,0.5038987,0,-0.6479276,8406.398,1.79149,0.9995466,Right,Up,0.1203313,0.6888809,TransSharp
577.7398,25.41766,0,-0.06363094,0.4999924,0,-0.6537836,8407.415,1.789942,0.9995759,Right,Up,0.1203313,0.6326218,TransSharp
577.7798,25.44963,0,-0.06363094,0.4999924,0,-0.6619936,8408.433,1.791313,0.9996041,Right,Up,0.1235407,0.5763245,TransSharp
577.8198,25.48461,0,-0.06363094,0.4999924,0,-0.6776189,8409.452,1.793331,0.9996314,Right,Up,0.1506579,0.5188522,TransSharp
577.8598,25.5146,0,-0.06363094,0.4999924,0,-0.6924065,8410.473,1.793981,0.9996578,Right,Up,0.1493534,0.451683,TransSharp
577.8998,25.54722,0,-0.06363094,0.4999771,0,-0.7079642,8411.494,1.793331,0.9996831,Right,Up,0.1506579,0.3843765,TransSharp
577.9398,25.5819,0,-0.06363094,0.4960098,0,-0.7243106,8412.518,1.79258,0.9997074,Right,Up,0.1594904,0.3169479,TransSharp
577.9798,25.61277,0,-0.06637752,0.4960098,0,-0.7403812,8413.542,1.791097,0.9997308,Right,Up,0.1802258,0.2463226,TransSharp
578.0198,25.64628,0,-0.07187068,0.4920424,0,-0.7567106,8414.567,1.791215,0.9997532,Right,Up,0.1802258,0.1679535,TransSharp
578.0598,25.67866,0,-0.08102596,0.4880751,0,-0.7642761,8415.595,1.791246,0.9997747,Right,Flat,0.1519511,0.08945465,TransSharp
578.0998,25.7071,0,-0.08194149,0.476173,0,-0.7696432,8416.622,1.790426,0.9997951,Left,Flat,-0.1607126,0.01585388,TransSharp
578.1398,25.73507,0,-0.08194149,0.4523537,0,-0.7748774,8417.651,1.788356,0.9998146,Left,Flat,-0.1619255,-0.01498413,TransSharp
578.1798,25.76282,0,-0.08194149,0.4206149,0,-0.7800221,8418.682,1.789985,0.9998332,Left,Flat,-0.1619255,-0.0458374,TransSharp
578.2198,25.7807,0,-0.08194149,0.3849088,0,-0.7754558,8419.713,1.790001,0.9998506,Left,Flat,-0.1582588,-0.07672882,TransSharp
578.2598,25.78859,0,-0.08194149,0.3412528,0,-0.7704356,8420.744,1.789164,0.9998673,Left,Flat,-0.1570175,-0.1016159,TransSharp
578.2998,25.79094,0,-0.08194149,0.3055466,0,-0.7657663,8421.775,1.788067,0.9998828,Left,Flat,-0.1582588,-0.1253738,TransSharp
578.3398,25.78409,0,-0.08194149,0.2380865,0,-0.7615855,8422.807,1.788114,0.9998975,Left,Flat,-0.1570175,-0.1491013,TransSharp
578.3798,25.76587,0,-0.08194149,0.1587244,0,-0.7516986,8423.838,1.789018,0.9999112,Left,Down,-0.1297215,-0.1727753,TransSharp
578.4198,25.73084,0,-0.08194149,0.1111009,0,-0.7364717,8424.867,1.789003,0.9999238,Left,Down,-0.1297215,-0.1931305,TransSharp
578.4598,25.68432,0,-0.08194149,0.04762341,0,-0.7218551,8425.896,1.788507,0.9999356,Left,Down,-0.1297215,-0.2134781,TransSharp
578.4998,25.62429,0,-0.08194149,0,0,-0.7077805,8426.921,1.787815,0.9999462,Left,Down,-0.1297215,-0.2337646,TransSharp
578.5398,25.55108,0,-0.08194149,0,0,-0.6936769,8427.943,1.786784,0.999956,Left,Down,-0.1186941,-0.2540054,TransSharp
578.5798,25.47715,0,-0.08743465,0,0,-0.6803079,8428.964,1.787036,0.9999648,Left,Down,-0.09691329,-0.272995,TransSharp
578.6198,25.40334,0,-0.1112384,0,0,-0.6638157,8429.98,1.787694,0.9999726,Left,Down,-0.09891172,-0.289566,TransSharp
578.6598,25.33006,0,-0.1835668,0,0,-0.6387281,8430.995,1.788239,0.9999794,Left,Down,-0.09891172,-0.3060837,TransSharp
578.6998,25.25693,0,-0.2632177,0,0,-0.6146336,8432.006,1.788272,0.9999852,Left,Down,-0.09891172,-0.3225555,TransSharp
578.7398,25.18398,0,-0.3877312,0,0,-0.591083,8433.015,1.787841,0.9999901,Left,Down,-0.09691329,-0.3389893,TransSharp
578.7798,25.11129,0,-0.4838634,0,0,-0.5683539,8434.02,1.787343,0.999994,Left,Down,-0.09891172,-0.3553772,TransSharp
578.8198,25.03883,0,-0.5076671,0,0,-0.5463668,8435.022,1.786772,0.999997,Left,Down,-0.06255726,-0.3717194,TransSharp
578.8598,24.96657,0,-0.5076671,0,0,-0.5250747,8436.021,1.78619,0.9999989,Left,Down,-0.05595291,-0.3842468,TransSharp
578.8998,24.89449,0,-0.505836,0,0,-0.5049514,8437.019,1.785815,0.9999999,Left,Down,-0.05595291,-0.3959808,TransSharp

Participant ID:, 0010
DateTime:, 2026-07-24 10:52:47
Target Speed:, 80 km/h
Camera xyz:, -0.3711196,-0.1434689,0.2142781
Trial Duration:, 180 s
Warmup Duration:, 30 s
