Time,Speed,WheelsOffRoad,SteeringAngle,ThrottlePos,BrakePos,LanePosition,DistanceTravelledm,CamHeightm,PropOfTotalHeight,RoadDirection,RoadSlope,RoadHeadingChange,RoadSlopeAngle,RoadAttribute
334.8799,22.18786,0,0.1286352,0.2817273,0,0.6193424,6961.275,1.85895,0.9999999,Left,Down,-0.1203313,-0.2709656,TransSlide
334.9199,22.18557,0,0.05630493,0.2817273,0,0.6273355,6962.163,1.860447,0.9999989,Left,Down,-0.1203313,-0.3584518,TransSlide
334.9599,22.18278,0,-0.01693726,0.2817273,0,0.6357373,6963.051,1.861762,0.999997,Left,Down,-0.1203313,-0.4459229,TransSlide
334.9999,22.1786,0,-0.100252,0.2817273,0,0.6454343,6963.938,1.861294,0.999994,Left,Down,-0.1203313,-0.5334167,TransSlide
335.0399,22.17752,0,-0.1359576,0.2817273,0,0.6547985,6964.824,1.862391,0.9999901,Left,Down,-0.1203313,-0.6208496,TransSlide
335.0799,22.17703,0,-0.1423663,0.2817273,0,0.6638539,6965.711,1.86385,0.9999852,Left,Down,-0.1046783,-0.7082291,TransSlide
335.1199,22.17784,0,-0.1423663,0.2817273,0,0.6779517,6966.598,1.865778,0.9999794,Left,Down,-0.08622923,-0.7876892,TransSlide
335.1599,22.17843,0,-0.1423663,0.2817273,0,0.6943458,6967.484,1.866899,0.9999726,Left,Down,-0.08392937,-0.8518372,TransSlide
335.1999,22.18003,0,-0.1432818,0.2817273,0,0.7100894,6968.371,1.867005,0.9999648,Left,Down,-0.08392937,-0.9160385,TransSlide
335.2399,22.1822,0,-0.1615924,0.2817273,0,0.7261251,6969.259,1.866119,0.999956,Left,Down,-0.08392937,-0.9803085,TransSlide
335.2799,22.18438,0,-0.1799047,0.2817273,0,0.7424514,6970.146,1.864562,0.9999463,Left,Down,-0.08622923,-1.044601,TransSlide
335.3199,22.18649,0,-0.2037084,0.2817273,0,0.7600361,6971.034,1.862218,0.9999356,Left,Down,-0.08392937,-1.108879,TransSlide
335.3599,22.18961,0,-0.2183568,0.2817273,0,0.7769653,6971.922,1.862993,0.9999238,Left,Down,-0.08392937,-1.173126,TransSlide
335.3999,22.19292,0,-0.239414,0.2817273,0,0.7936287,6972.81,1.863436,0.9999112,Left,Down,-0.08622923,-1.23735,TransSlide
335.4399,22.19411,0,-0.2604711,0.2817273,0,0.8122672,6973.697,1.862434,0.9998975,Straight,Down,-0.02797646,-1.301491,TransSlide
335.4799,22.20123,0,-0.2870214,0.2817273,0,0.8332182,6974.585,1.865649,0.9998829,Straight,Down,0,-1.327103,TransSlide
335.5199,22.20792,0,-0.3163201,0.2817273,0,0.8532852,6975.474,1.867798,0.9998673,Straight,Down,0.01978234,-1.343201,TransSlide
335.5599,22.21127,0,-0.3208977,0.2817273,0,0.8728198,6976.362,1.868558,0.9998507,Straight,Down,0.01978234,-1.359314,TransSlide
335.5999,22.21977,0,-0.3208977,0.2817273,0,0.8919576,6977.251,1.867668,0.9998332,Straight,Down,0.01978234,-1.37545,TransSlide
335.6399,22.22744,0,-0.314489,0.2817273,0,0.9109441,6978.14,1.866099,0.9998147,Straight,Down,0,-1.391602,TransSlide
335.6799,22.23464,0,-0.314489,0.2817273,0,0.929471,6979.029,1.86443,0.9997952,Straight,Down,0.01978234,-1.407761,TransSlide
335.7199,22.24161,0,-0.314489,0.2817273,0,0.9478058,6979.919,1.862846,0.9997747,Straight,Down,0.01978234,-1.423927,TransSlide
335.7599,22.24837,0,-0.314489,0.2817273,0,0.9656085,6980.809,1.861503,0.9997533,Straight,Down,0.01978234,-1.440094,TransSlide
335.7999,22.25499,0,-0.314489,0.2817273,0,0.9828326,6981.699,1.860514,0.9997308,Straight,Down,0.01978234,-1.456261,TransSlide
335.8399,22.26153,0,-0.274204,0.2817273,0,0.9993154,6982.589,1.859793,0.9997075,Straight,Down,0,-1.472443,TransSlide
335.8799,22.26804,0,-0.18906,0.2817273,0,1.015004,6983.48,1.859327,0.9996831,Straight,Down,0,-1.488625,TransSlide
335.9199,22.27452,0,-0.1286334,0.2817273,0,1.030151,6984.371,1.859002,0.9996578,Straight,Down,0.01978234,-1.504814,TransSlide
335.9599,22.28095,0,-0.100252,0.2817273,0,1.044879,6985.262,1.858684,0.9996315,Straight,Down,0.01978234,-1.520996,TransSlide
335.9999,22.28738,0,-0.0956744,0.2817273,0,1.059332,6986.153,1.858552,0.9996042,Straight,Down,0.01978234,-1.537193,TransSlide
336.0399,22.29382,0,-0.1121539,0.2817273,0,1.073049,6987.045,1.858431,0.9995759,Straight,Down,0,-1.553391,TransSlide
336.0799,22.30027,0,-0.1121539,0.2817273,0,1.085719,6987.937,1.85831,0.9995466,Straight,Down,0,-1.569595,TransSlide
336.1199,22.30667,0,-0.100252,0.2817273,0,1.097525,6988.829,1.858243,0.9995165,Straight,Down,0.01978234,-1.5858,TransSlide
336.1599,22.31302,0,-0.08102596,0.2817273,0,1.108661,6989.722,1.858204,0.9994853,Straight,Down,0.01978234,-1.602013,TransSlide
336.1999,22.31949,0,-0.03433228,0.2539559,0,1.11925,6990.614,1.858072,0.9994531,Straight,Down,0,-1.618225,TransSlide
336.2399,22.32035,0,0.0050354,0.2460212,0,1.129157,6991.507,1.858099,0.99942,Straight,Down,0,-1.634445,TransSlide
336.2799,22.31952,0,0.03799438,0.2301518,0,1.1385,6992.399,1.858727,0.9993859,Straight,Down,0.01978234,-1.650665,TransSlide
336.3199,22.31587,0,0.0819397,0.2023651,0,1.147457,6993.292,1.858988,0.9993508,Straight,Down,0.01978234,-1.66687,TransSlide
336.3599,22.30663,0,0.1121521,0.1944305,0,1.15585,6994.185,1.858938,0.9993147,Straight,Down,0.01978234,-1.683075,TransSlide
336.3999,22.29449,0,0.1414526,0.1944305,0,1.163786,6995.076,1.858966,0.9992777,Straight,Down,0,-1.69928,TransSlide
336.4399,22.28241,0,0.1771581,0.1944305,0,1.171254,6995.968,1.858951,0.9992397,Straight,Down,0.01978234,-1.715469,TransSlide
336.4799,22.27031,0,0.1963842,0.1904631,0,1.178053,6996.858,1.858879,0.9992008,Straight,Down,0.01978234,-1.731651,TransSlide
336.5199,22.25793,0,0.2192724,0.1745937,0,1.18447,6997.749,1.858817,0.9991608,Straight,Down,0.01978234,-1.747818,TransSlide
336.5599,22.24251,0,0.2430761,0.166659,0,1.190678,6998.639,1.858565,0.9991199,Straight,Down,0.01978234,-1.763985,TransSlide
336.5999,22.22502,0,0.272373,0.1587244,0,1.196552,6999.528,1.858458,0.999078,Straight,Down,0,-1.780136,TransSlide
336.6399,22.20526,0,0.3089941,0.154757,0,1.202247,7000.417,1.858464,0.9990351,Straight,Down,0.01978234,-1.796265,TransSlide
336.6799,22.18455,0,0.3382909,0.154757,0,1.206632,7001.304,1.858783,0.9989913,Straight,Down,0.04845664,-1.812401,TransSlide
336.7199,22.16308,0,0.3630137,0.154757,0,1.20434,7002.191,1.857286,0.9989464,Right,Down,0.0656106,-1.797501,TransSlide
336.7599,22.1419,0,0.3849864,0.154757,0,1.202196,7003.077,1.855953,0.9989008,Right,Down,0.0656106,-1.769485,TransSlide
336.7999,22.12094,0,0.3932261,0.154757,0,1.200362,7003.961,1.855193,0.998854,Right,Down,0.0656106,-1.741508,TransSlide
336.8399,22.09936,0,0.3978038,0.154757,0,1.198686,7004.846,1.855172,0.9988062,Right,Down,0.0656106,-1.713577,TransSlide
336.8799,22.07746,0,0.3978038,0.154757,0,1.197946,7005.729,1.855162,0.9987575,Right,Down,0.0656106,-1.685677,TransSlide
336.9199,22.05649,0,0.3978038,0.154757,0,1.198379,7006.611,1.855619,0.9987079,Right,Down,0.0656106,-1.657806,TransSlide
336.9599,22.03619,0,0.3813243,0.154757,0,1.198366,7007.493,1.857821,0.9986572,Right,Down,0.06852804,-1.62999,TransSlide
336.9999,22.01601,0,0.3620982,0.154757,0,1.199033,7008.374,1.859574,0.9986056,Right,Down,0.06852804,-1.602188,TransSlide
337.0399,21.9947,0,0.3392065,0.154757,0,1.201397,7009.254,1.862502,0.998553,Right,Down,0.08622923,-1.574371,TransSlide
337.0799,21.97128,0,0.3273046,0.154757,0,1.196185,7010.133,1.85826,0.9984995,Right,Down,0.09891172,-1.535843,TransSlide
337.1199,21.94908,0,0.3208959,0.1507896,0,1.19134,7011.011,1.854725,0.9984449,Right,Down,0.09891172,-1.488838,TransSlide
337.1599,21.92693,0,0.3208959,0.1507896,0,1.187221,7011.888,1.851995,0.9983894,Right,Down,0.1008706,-1.441887,TransSlide
337.1999,21.90249,0,0.3208959,0.1507896,0,1.185198,7012.765,1.850171,0.998333,Right,Down,0.09891172,-1.395081,TransSlide
337.2399,21.87938,0,0.3382909,0.1507896,0,1.183273,7013.64,1.852629,0.9982755,Right,Down,0.1008706,-1.348396,TransSlide
337.2799,21.85749,0,0.3620982,0.1507896,0,1.182176,7014.515,1.856395,0.9982171,Right,Down,0.1027921,-1.301773,TransSlide
337.3199,21.83043,0,0.4097056,0.1507896,0,1.179984,7015.388,1.858277,0.9981577,Right,Down,0.1266688,-1.2547,TransSlide
337.3599,21.80445,0,0.4390025,0.1507896,0,1.17507,7016.261,1.854762,0.9980974,Right,Down,0.1266688,-1.191689,TransSlide
337.3999,21.77967,0,0.4637218,0.1507896,0,1.170785,7017.132,1.851282,0.998036,Right,Down,0.1266688,-1.128693,TransSlide
337.4399,21.75481,0,0.4646373,0.1507896,0,1.168859,7018.003,1.848543,0.9979737,Right,Down,0.1266688,-1.06591,TransSlide
337.4799,21.73142,0,0.4646373,0.1507896,0,1.167316,7018.873,1.852423,0.9979104,Right,Down,0.1266688,-1.003319,TransSlide
337.5199,21.70368,0,0.4646373,0.1507896,0,1.165476,7019.741,1.857145,0.9978461,Right,Down,0.1493534,-0.940712,TransSlide
337.5599,21.67497,0,0.4646373,0.1507896,0,1.161032,7020.608,1.853921,0.9977809,Right,Down,0.1532334,-0.865242,TransSlide
337.5999,21.64676,0,0.4646373,0.1507896,0,1.158109,7021.475,1.850172,0.9977148,Right,Down,0.1532334,-0.7874908,TransSlide
337.6399,21.62141,0,0.4646373,0.1745937,0,1.15626,7022.34,1.848437,0.9976476,Right,Down,0.1532334,-0.7099991,TransSlide
337.6799,21.60061,0,0.4682994,0.1745937,0,1.155394,7023.204,1.854908,0.9975795,Right,Down,0.1678588,-0.6326523,TransSlide
337.7199,21.5739,0,0.4866099,0.1864958,0,1.150337,7024.067,1.853819,0.9975104,Right,Down,0.1791368,-0.5482864,TransSlide
337.7599,21.54837,0,0.4985118,0.1944305,0,1.148329,7024.93,1.850024,0.9974404,Right,Down,0.1791368,-0.4563828,TransSlide
337.7999,21.53143,0,0.5186534,0.2023651,0,1.145974,7025.791,1.847707,0.9973693,Right,Down,0.1802258,-0.3646545,TransSlide
337.8399,21.5131,0,0.5653453,0.2023651,0,1.144515,7026.652,1.854879,0.9972973,Right,Down,0.199792,-0.2730026,TransSlide
337.8799,21.4915,0,0.6074631,0.2023651,0,1.138581,7027.512,1.851933,0.9972243,Right,Down,0.2055842,-0.1705322,TransSlide
337.9199,21.46694,0,0.6944382,0.2023651,0,1.137505,7028.371,1.846317,0.9971504,Right,Flat,0.2046302,-0.06474304,TransSlide
337.9599,21.45576,0,0.7768357,0.2023651,0,1.136229,7029.229,1.851648,0.9970754,Right,Flat,0.2185032,0.04099274,TransSlide
337.9999,21.42749,0,0.920577,0.2023651,0,1.131775,7030.086,1.851598,0.9969996,Right,Up,0.2306999,0.1531296,TransSlide
338.0399,21.3997,0,1.103686,0.2023651,0,1.13044,7030.943,1.846625,0.9969227,Right,Up,0.2306999,0.2729034,TransSlide
338.0799,21.38361,0,1.255664,0.2023651,0,1.130229,7031.798,1.8509,0.9968449,Right,Up,0.2454926,0.3927307,TransSlide
338.1199,21.35437,0,1.449759,0.2023651,0,1.12776,7032.653,1.8505,0.9967661,Right,Up,0.2571706,0.5192719,TransSlide
338.1599,21.32434,0,1.555048,0.2023651,0,1.128451,7033.506,1.844345,0.9966863,Right,Up,0.2564087,0.6529465,TransSlide
338.1999,21.30005,0,1.664912,0.2063325,0,1.131536,7034.358,1.853134,0.9966056,Right,Up,0.2790645,0.7868576,TransSlide
338.2399,21.26905,0,1.735407,0.2103151,0,1.131804,7035.209,1.847456,0.9965239,Right,Up,0.2832403,0.9322815,TransSlide
338.2799,21.24481,0,1.758299,0.2142824,0,1.136358,7036.059,1.846809,0.9964412,Right,Up,0.3268584,1.079811,TransSlide
338.3199,21.22318,0,1.788511,0.2222171,0,1.140169,7036.908,1.848175,0.9963577,Right,Up,0.886911,1.230721,TransSlide
338.3599,21.19261,0,1.816893,0.2222171,0,1.137881,7037.756,1.852841,0.996273,Right,Up,0.8899944,1.179726,TransSlide
338.3999,21.16497,0,1.886473,0.2222171,0,1.129981,7038.603,1.855791,0.9961875,Right,Up,0.8413968,1.11203,TransSlide
338.4399,21.1423,0,1.998171,0.2301518,0,1.114954,7039.449,1.854266,0.9961009,Right,Up,0.7893192,1.04747,TransSlide
338.4799,21.12619,0,2.073244,0.2301518,0,1.093192,7040.294,1.854247,0.9960135,Right,Up,0.7412493,0.9860611,TransSlide
338.5199,21.10382,0,2.136415,0.2301518,0,1.066615,7041.138,1.855207,0.995925,Right,Up,0.6974546,0.9276733,TransSlide
338.5599,21.07025,0,2.125429,0.2341192,0,1.036806,7041.98,1.855748,0.9958355,Right,Up,0.6590852,0.8722229,TransSlide
338.5999,21.0446,0,2.03113,0.2341192,0,1.00405,7042.823,1.857529,0.9957451,Right,Up,0.6218109,0.819519,TransSlide
338.6399,21.02282,0,1.847105,0.2380865,0,0.9698323,7043.664,1.8594,0.9956538,Right,Up,0.5848376,0.7692642,TransSlide
338.6799,20.99848,0,1.710688,0.2420539,0,0.9334142,7044.504,1.860538,0.9955614,Right,Up,0.5503638,0.7213974,TransSlide
338.7199,20.98272,0,1.530329,0.2460212,0,0.8955228,7045.344,1.859236,0.9954681,Right,Up,0.5203939,0.6757355,TransSlide
338.7599,20.96189,0,1.425955,0.2579232,0,0.8575806,7046.183,1.857046,0.995374,Right,Up,0.4921804,0.6319046,TransSlide
338.7999,20.94232,0,1.290457,0.2698253,0,0.8191247,7047.021,1.859878,0.9952787,Right,Up,0.4588492,0.5903473,TransSlide
338.8399,20.92707,0,1.16228,0.2856947,0,0.7797498,7047.857,1.859905,0.9951824,Right,Up,0.4370072,0.5508575,TransSlide
338.8799,20.91118,0,1.073474,0.2856947,0,0.7434065,7048.694,1.856732,0.9950852,Right,Up,0.4068635,0.5125885,TransSlide
338.9199,20.9088,0,0.9489584,0.2856947,0,0.7040056,7049.531,1.860777,0.9949872,Right,Up,0.3871488,0.4766617,TransSlide
338.9599,20.89366,0,0.8720541,0.2856947,0,0.6686456,7050.367,1.85647,0.9948881,Right,Up,0.3642322,0.4417725,TransSlide
338.9999,20.88556,0,0.7960618,0.2856947,0,0.632214,7051.202,1.860911,0.9947881,Right,Up,0.3409232,0.4087143,TransSlide
339.0399,20.88112,0,0.7484543,0.297612,0,0.5984642,7052.037,1.856664,0.994687,Right,Up,0.3208161,0.3769455,TransSlide
339.0799,20.87679,0,0.7145798,0.309514,0,0.5645428,7052.872,1.85993,0.994585,Right,Up,0.3071049,0.3467865,TransSlide
339.1199,20.87537,0,0.6605637,0.3134814,0,0.5356451,7053.707,1.855718,0.994482,Right,Up,0.2748253,0.31707,TransSlide
339.1599,20.87425,0,0.6129563,0.3134814,0,0.5033954,7054.542,1.857587,0.9943781,Right,Up,0.2748253,0.2899323,TransSlide
339.1999,20.87391,0,0.5415416,0.3174487,0,0.4760149,7055.377,1.858385,0.9942733,Right,Up,0.2462884,0.2627792,TransSlide
339.2399,20.8751,0,0.4765391,0.3174487,0,0.4498836,7056.212,1.855994,0.9941674,Right,Up,0.2264194,0.2372665,TransSlide
339.2799,20.88156,0,0.4325938,0.3174487,0,0.4233155,7057.047,1.856788,0.9940606,Right,Up,0.2255535,0.213295,TransSlide
339.3199,20.88853,0,0.3740001,0.3174487,0,0.3999407,7057.882,1.858707,0.9939529,Right,Up,0.2093567,0.1893463,TransSlide
339.3599,20.88621,0,0.3392065,0.3174487,0,0.3804828,7058.717,1.8548,0.9938442,Right,Up,0.1713202,0.1659393,TransSlide
339.3999,20.89278,0,0.3135717,0.3174487,0,0.357194,7059.553,1.855338,0.9937344,Right,Flat,0.1713202,0.1455078,TransSlide
339.4399,20.90057,0,0.291599,0.3174487,0,0.3362429,7060.389,1.855812,0.9936237,Right,Flat,0.1713202,0.1251068,TransSlide
339.4799,20.90351,0,0.274204,0.3174487,0,0.3190747,7061.225,1.857961,0.9935122,Right,Flat,0.1713202,0.1047211,TransSlide
339.5199,20.90635,0,0.2384984,0.3174487,0,0.3059207,7062.061,1.854698,0.9933996,Right,Flat,0.1186941,0.0843277,TransSlide
339.5599,20.91387,0,0.2073705,0.3174487,0,0.2887265,7062.897,1.853757,0.9932861,Right,Flat,0.09691329,0.06695557,TransSlide
339.5999,20.92179,0,0.1515234,0.3174487,0,0.2706041,7063.734,1.854046,0.9931716,Right,Flat,0.09487279,0.05127716,TransSlide
339.6399,20.92765,0,0.08834839,0.3174487,0,0.2555121,7064.571,1.854843,0.9930561,Right,Flat,0.09487279,0.03562164,TransSlide
339.6799,20.93348,0,0.04440308,0.3174487,0,0.2432779,7065.408,1.855047,0.9929397,Right,Flat,0.09691329,0.0199585,TransSlide
339.7199,20.9408,0,-0.02151489,0.3174487,0,0.2331179,7066.246,1.85488,0.9928222,Right,Flat,0.09691329,0.004302979,TransSlide
339.7599,20.94843,0,-0.06454647,0.2936446,0,0.2244306,7067.084,1.855009,0.992704,Right,Flat,0.09691329,-0.01135254,TransSlide
339.7999,20.94994,0,-0.1112384,0.2936446,0,0.2178415,7067.922,1.854019,0.9925846,Right,Flat,0.09691329,-0.02700806,TransSlide
339.8399,20.95083,0,-0.1359576,0.2936446,0,0.2133934,7068.76,1.852318,0.9924643,Right,Flat,0.08392937,-0.04266357,TransSlide
339.8799,20.95301,0,-0.1359576,0.2936446,0,0.2092398,7069.598,1.85052,0.9923431,Straight,Flat,0,-0.0582962,TransSlide
339.9199,20.95662,0,-0.1304644,0.2936446,0,0.2021316,7070.436,1.851624,0.9922209,Straight,Flat,-0.01978234,-0.06795502,TransSlide
339.9599,20.95917,0,-0.1304644,0.2936446,0,0.1968676,7071.273,1.85273,0.9920977,Straight,Flat,0,-0.07686615,TransSlide
339.9999,20.9604,0,-0.1304644,0.2936446,0,0.1932192,7072.112,1.853519,0.9919736,Straight,Flat,-0.01978234,-0.08576965,TransSlide
340.0399,20.96411,0,-0.148775,0.289662,0,0.1905823,7072.951,1.853715,0.9918486,Straight,Flat,-0.01978234,-0.09467316,TransSlide
340.0799,20.96708,0,-0.1716632,0.289662,0,0.1887788,7073.79,1.853431,0.9917226,Straight,Flat,-0.01978234,-0.1035919,TransSlide
340.1199,20.96961,0,-0.2027929,0.289662,0,0.1877308,7074.629,1.852875,0.9915956,Straight,Flat,-0.01978234,-0.1125031,TransSlide
340.1599,20.97204,0,-0.2265966,0.289662,0,0.1872667,7075.468,1.852353,0.9914676,Straight,Flat,-0.01978234,-0.1214142,TransSlide
340.1999,20.97444,0,-0.2668798,0.289662,0,0.1872249,7076.307,1.851806,0.9913388,Straight,Flat,-0.01978234,-0.1303253,TransSlide
340.2399,20.97678,0,-0.3089958,0.289662,0,0.1876538,7077.146,1.851469,0.9912089,Straight,Flat,-0.01978234,-0.1392365,TransSlide
340.2799,20.97908,0,-0.3392082,0.289662,0,0.1882144,7077.984,1.851141,0.991078,Straight,Flat,-0.01978234,-0.14814,TransSlide
340.3199,20.98148,0,-0.3758293,0.289662,0,0.18862,7078.823,1.850854,0.9909463,Straight,Down,-0.01978234,-0.1570587,TransSlide
340.3599,20.98353,0,-0.4124522,0.289662,0,0.188792,7079.662,1.85091,0.9908136,Straight,Down,-0.01978234,-0.1659698,TransSlide
340.3999,20.98549,0,-0.4655528,0.289662,0,0.1887552,7080.502,1.850344,0.9906799,Straight,Down,0,-0.174881,TransSlide
340.4399,20.98745,0,-0.5195689,0.289662,0,0.1887203,7081.342,1.849667,0.9905452,Straight,Down,-0.01978234,-0.1837997,TransSlide
340.4799,20.98924,0,-0.5525297,0.289662,0,0.188028,7082.182,1.849175,0.9904097,Straight,Down,-0.01978234,-0.1927185,TransSlide
340.5199,20.99076,0,-0.5909818,0.289662,0,0.1866185,7083.021,1.84884,0.9902731,Straight,Down,-0.01978234,-0.2016296,TransSlide
340.5599,20.99131,0,-0.631265,0.289662,0,0.1848453,7083.861,1.848193,0.9901356,Straight,Down,-0.01978234,-0.2105484,TransSlide
340.5999,20.99439,0,-0.6614792,0.289662,0,0.1875216,7084.701,1.848632,0.9899971,Left,Down,-0.07401875,-0.2194672,TransSlide
340.6399,20.99698,0,-0.7090867,0.289662,0,0.1925575,7085.541,1.850027,0.9898577,Left,Down,-0.09891172,-0.2254868,TransSlide
340.6799,20.99926,0,-0.7539475,0.289662,0,0.1965058,7086.381,1.851049,0.9897172,Left,Down,-0.09891172,-0.2297974,TransSlide
340.7199,21.00075,0,-0.8088809,0.289662,0,0.1994057,7087.221,1.851446,0.9895759,Left,Down,-0.09891172,-0.2341232,TransSlide
340.7599,21.00363,0,-0.8674747,0.289662,0,0.2001162,7088.061,1.851941,0.9894337,Left,Down,-0.09891172,-0.2384491,TransSlide
340.7999,21.0052,0,-0.9050131,0.289662,0,0.1996835,7088.9,1.85026,0.9892904,Left,Down,-0.09891172,-0.2427673,TransSlide
340.8399,21.00546,0,-0.9288168,0.289662,0,0.1977335,7089.74,1.84755,0.9891462,Left,Down,-0.09891172,-0.2471008,TransSlide
340.8799,21.00898,0,-0.9288168,0.289662,0,0.2005005,7090.581,1.847567,0.989001,Left,Down,-0.1203313,-0.2514267,TransSlide
340.9199,21.01126,0,-0.903182,0.289662,0,0.2024257,7091.421,1.848286,0.988855,Left,Down,-0.132704,-0.2547302,TransSlide
340.9599,21.0123,0,-0.8674747,0.289662,0,0.2024536,7092.262,1.849374,0.9887079,Left,Down,-0.132704,-0.2572327,TransSlide
340.9999,21.01329,0,-0.8207828,0.289662,0,0.2002813,7093.103,1.850002,0.9885599,Left,Down,-0.1312212,-0.2597427,TransSlide
341.0399,21.01236,0,-0.8097965,0.289662,0,0.1964228,7093.944,1.846998,0.988411,Left,Down,-0.132704,-0.2622452,TransSlide
341.0799,21.01521,0,-0.8207828,0.289662,0,0.1966476,7094.785,1.846246,0.988261,Left,Down,-0.1426525,-0.2647629,TransSlide
341.1199,21.01795,0,-0.8574039,0.289662,0,0.1958084,7095.625,1.846988,0.9881101,Left,Down,-0.1594904,-0.2669373,TransSlide
341.1599,21.0195,0,-0.8848715,0.289662,0,0.1921166,7096.466,1.848822,0.9879583,Left,Down,-0.1582588,-0.2681122,TransSlide
341.1999,21.01706,0,-0.8967733,0.289662,0,0.1862714,7097.307,1.847429,0.9878056,Left,Down,-0.1582588,-0.2692871,TransSlide
341.2399,21.01865,0,-0.9022665,0.289662,0,0.1814986,7098.148,1.845474,0.9876519,Left,Down,-0.1582588,-0.270462,TransSlide
341.2799,21.02152,0,-0.9022665,0.289662,0,0.1784813,7098.989,1.845822,0.9874972,Left,Down,-0.1769387,-0.271637,TransSlide
341.3199,21.02396,0,-0.9022665,0.289662,0,0.1711903,7099.83,1.847757,0.9873416,Left,Down,-0.1802258,-0.2719574,TransSlide
341.3599,21.01955,0,-0.9022665,0.289662,0,0.1619338,7100.67,1.845884,0.987185,Left,Down,-0.1802258,-0.2720337,TransSlide
341.3999,21.0219,0,-0.9022665,0.289662,0,0.1551708,7101.511,1.844556,0.9870275,Left,Down,-0.1802258,-0.2721176,TransSlide
341.4399,21.02501,0,-0.9040976,0.289662,0,0.1479875,7102.352,1.845131,0.986869,Left,Down,-0.1968319,-0.2721939,TransSlide
341.4799,21.02702,0,-0.9141684,0.289662,0,0.1369771,7103.193,1.847037,0.9867096,Left,Down,-0.1988102,-0.2714996,TransSlide
341.5199,21.0232,0,-0.9224081,0.289662,0,0.1244461,7104.034,1.843329,0.9865492,Left,Down,-0.199792,-0.2706146,TransSlide
341.5599,21.02542,0,-0.9260702,0.289662,0,0.1167192,7104.875,1.843968,0.9863879,Left,Down,-0.2055842,-0.2697372,TransSlide
341.5999,21.029,0,-0.9260702,0.289662,0,0.1034954,7105.715,1.846373,0.9862257,Left,Down,-0.2167048,-0.268692,TransSlide
341.6399,21.0232,0,-0.9040976,0.289662,0,0.0883953,7106.556,1.842573,0.9860625,Left,Down,-0.2167048,-0.2669754,TransSlide
341.6799,21.02548,0,-0.8802938,0.289662,0,0.07864252,7107.397,1.843508,0.9858983,Left,Down,-0.2193969,-0.2652512,TransSlide
341.7199,21.02919,0,-0.8381778,0.289662,0,0.06347385,7108.238,1.84596,0.9857331,Left,Down,-0.23239,-0.2635193,TransSlide
341.7599,21.0236,0,-0.7960635,0.289662,0,0.04672563,7109.079,1.8421,0.9855672,Left,Down,-0.23239,-0.261055,TransSlide
341.7999,21.02643,0,-0.7731754,0.289662,0,0.0345917,7109.919,1.843119,0.9854001,Left,Down,-0.234068,-0.2585754,TransSlide
341.8399,21.0281,0,-0.7566941,0.289662,0,0.01782256,7110.76,1.844936,0.9852322,Left,Down,-0.2470816,-0.2560883,TransSlide
341.8799,21.02498,0,-0.7557786,0.289662,0,0.001430392,7111.601,1.841936,0.9850632,Left,Down,-0.2470816,-0.2529221,TransSlide
341.9199,21.02914,0,-0.7612717,0.289662,0,-0.01287353,7112.442,1.843491,0.9848934,Left,Down,-0.25101,-0.2497406,TransSlide
341.9599,21.02809,0,-0.7795841,0.289662,0,-0.03134117,7113.283,1.842611,0.9847227,Left,Down,-0.2609472,-0.2464676,TransSlide
341.9999,21.0275,0,-0.8079654,0.2856947,0,-0.04613829,7114.124,1.841975,0.9845509,Left,Down,-0.2609472,-0.2426224,TransSlide
342.0399,21.02946,0,-0.8555728,0.2856947,0,-0.06284544,7114.964,1.84436,0.9843783,Left,Down,-0.2676108,-0.2387772,TransSlide
342.0799,21.02901,0,-0.8931112,0.2817273,0,-0.08100274,7115.805,1.841055,0.9842046,Left,Down,-0.2733977,-0.2346573,TransSlide
342.1199,21.02899,0,-0.9452963,0.2817273,0,-0.09662044,7116.646,1.843002,0.9840301,Left,Down,-0.2755364,-0.2302017,TransSlide
342.1599,21.02596,0,-0.9974831,0.27776,0,-0.116152,7117.487,1.840924,0.9838545,Left,Down,-0.2853053,-0.2257385,TransSlide
342.1999,21.02405,0,-1.028611,0.27776,0,-0.1317805,7118.328,1.841658,0.9836781,Left,Down,-0.2859903,-0.2207184,TransSlide
342.2399,21.02036,0,-1.063401,0.27776,0,-0.1498448,7119.168,1.842242,0.9835007,Left,Down,-0.2934199,-0.2156754,TransSlide
342.2799,21.01915,0,-1.075303,0.27776,0,-0.1669878,7120.009,1.840715,0.9833224,Left,Down,-0.2980514,-0.2103653,TransSlide
342.3199,21.01604,0,-1.076218,0.27776,0,-0.1845113,7120.85,1.843374,0.9831432,Left,Down,-0.301316,-0.2047577,TransSlide
342.3599,21.01589,0,-1.06981,0.27776,0,-0.2025938,7121.691,1.839979,0.9829628,Left,Down,-0.309643,-0.1990662,TransSlide
342.3999,21.01207,0,-1.067979,0.27776,0,-0.2194684,7122.532,1.842869,0.9827816,Left,Down,-0.3102743,-0.1929321,TransSlide
342.4399,21.00989,0,-1.049668,0.27776,0,-0.237721,7123.373,1.839597,0.9825996,Left,Down,-0.3202056,-0.1867981,TransSlide
342.4799,21.00625,0,-1.033189,0.27776,0,-0.2540264,7124.213,1.842538,0.9824166,Left,Down,-0.3208161,-0.180191,TransSlide
342.5199,21.00411,0,-1.002976,0.27776,0,-0.2715177,7125.053,1.839133,0.9822326,Left,Down,-0.3292442,-0.1735382,TransSlide
342.5599,21.00089,0,-0.951705,0.27776,0,-0.2872411,7125.893,1.842147,0.9820477,Left,Down,-0.3310224,-0.1665192,TransSlide
342.5999,20.99843,0,-0.9040976,0.27776,0,-0.3044361,7126.732,1.838855,0.9818619,Left,Down,-0.339197,-0.1593781,TransSlide
342.6399,20.99473,0,-0.8134586,0.3055466,0,-0.3194482,7127.572,1.841941,0.981675,Left,Down,-0.3414966,-0.1519089,TransSlide
342.6799,20.99656,0,-0.7136643,0.309514,0,-0.3354526,7128.412,1.838712,0.9814873,Left,Flat,-0.3488659,-0.1442947,TransSlide
342.7199,20.99777,0,-0.5653471,0.309514,0,-0.3498442,7129.252,1.841971,0.9812985,Left,Flat,-0.3516591,-0.1363831,TransSlide
342.7599,21.00751,0,-0.471046,0.309514,0,-0.3636422,7130.092,1.839069,0.981109,Left,Flat,-0.3588198,-0.1283112,TransSlide
342.7999,21.00784,0,-0.4591441,0.309514,0,-0.3759537,7130.932,1.840363,0.9809184,Left,Flat,-0.3615361,-0.1199265,TransSlide
342.8399,21.02162,0,-0.4765391,0.309514,0,-0.3869848,7131.773,1.839743,0.9807269,Left,Flat,-0.3690354,-0.1114044,TransSlide
342.8799,21.01874,0,-0.4985118,0.309514,0,-0.3975042,7132.614,1.837975,0.9805346,Left,Flat,-0.3711503,-0.1025391,TransSlide
342.9199,21.03289,0,-0.523231,0.309514,0,-0.4052859,7133.455,1.840231,0.9803411,Left,Flat,-0.3794918,-0.09357452,TransSlide
342.9599,21.03095,0,-0.5314726,0.3134814,0,-0.412971,7134.296,1.836957,0.9801468,Left,Flat,-0.382573,-0.08424377,TransSlide
342.9999,21.03699,0,-0.5406278,0.3134814,0,-0.4190143,7135.138,1.840868,0.9799515,Left,Flat,-0.3891652,-0.07481384,TransSlide
343.0399,21.04554,0,-0.5772489,0.3134814,0,-0.4233324,7135.979,1.838201,0.9797555,Left,Flat,-0.392669,-0.06502533,TransSlide
343.0799,21.0487,0,-0.6266874,0.3134814,0,-0.426439,7136.821,1.839597,0.9795582,Left,Flat,-0.3976209,-0.05509949,TransSlide
343.1199,21.05912,0,-0.720073,0.3134814,0,-0.4261244,7137.664,1.837587,0.9793602,Left,Flat,-0.403483,-0.04490662,TransSlide
343.1599,21.05813,0,-0.8097965,0.3134814,0,-0.4252197,7138.506,1.8368,0.9791612,Left,Flat,-0.4073442,-0.03445435,TransSlide
343.1999,21.06657,0,-0.8390933,0.3134814,0,-0.4214783,7139.349,1.832078,0.9789613,Left,Flat,-0.4140146,-0.02386475,TransSlide
343.2399,21.06409,0,-0.8390933,0.3134814,0,-0.4160483,7140.191,1.832968,0.9787605,Left,Flat,-0.4111691,-0.01294708,TransSlide
343.2799,21.07052,0,-0.8216983,0.3134814,0,-0.4100687,7141.034,1.832644,0.9785587,Left,Flat,-0.4073442,0.008590698,TransSlide
343.3199,21.06276,0,-0.7978946,0.3134814,0,-0.3998843,7141.877,1.831908,0.978356,Left,Flat,-0.3956476,0.0574646,TransSlide
343.3599,21.07051,0,-0.7924014,0.3134814,0,-0.3915191,7142.72,1.834229,0.9781524,Left,Flat,-0.3881583,0.1121292,TransSlide
343.3999,21.06685,0,-0.7924014,0.3134814,0,-0.3769082,7143.563,1.831684,0.9779477,Left,Up,-0.3743001,0.1715927,TransSlide
343.4399,21.07301,0,-0.7905704,0.3134814,0,-0.3661308,7144.405,1.834934,0.9777422,Left,Up,-0.3690354,0.2287064,TransSlide
343.4799,21.07234,0,-0.7731754,0.3134814,0,-0.3487023,7145.248,1.832024,0.9775358,Left,Up,-0.3538778,0.2850647,TransSlide
343.5199,21.07479,0,-0.737468,0.3134814,0,-0.3352395,7146.091,1.83453,0.9773284,Left,Up,-0.3511023,0.3387299,TransSlide
343.5599,21.07384,0,-0.6852829,0.3134814,0,-0.3161016,7146.934,1.8326,0.9771201,Left,Up,-0.3357179,0.3920364,TransSlide
343.5999,21.07467,0,-0.6614792,0.3134814,0,-0.2996831,7147.776,1.833364,0.9769109,Left,Up,-0.3351346,0.4425201,TransSlide
343.6399,21.0735,0,-0.654155,0.3134814,0,-0.2795448,7148.619,1.833411,0.9767007,Left,Up,-0.3202056,0.4927521,TransSlide
343.6799,21.07248,0,-0.6660569,0.3134814,0,-0.2602442,7149.462,1.83124,0.9764896,Left,Up,-0.3171355,0.5405731,TransSlide
343.7199,21.06892,0,-0.7191575,0.3134814,0,-0.2404163,7150.305,1.833975,0.9762775,Left,Up,-0.3058279,0.587738,TransSlide
343.7599,21.06483,0,-0.8088809,0.3134814,0,-0.2181538,7151.147,1.831671,0.9760647,Left,Up,-0.2993615,0.6332245,TransSlide
343.7999,21.06485,0,-0.8848715,0.3134814,0,-0.1986688,7151.99,1.833812,0.9758508,Left,Up,-0.2947506,0.6773376,TransSlide
343.8399,21.06408,0,-0.986495,0.3134814,0,-0.1750483,7152.833,1.832567,0.9756359,Left,Up,-0.2818553,0.7210312,TransSlide
343.8799,21.06114,0,-1.055161,0.3134814,0,-0.1532817,7153.676,1.830391,0.9754203,Left,Up,-0.2818553,0.7621231,TransSlide
343.9199,21.06072,0,-1.109177,0.3134814,0,-0.1329335,7154.519,1.833362,0.9752036,Left,Up,-0.2705197,0.8032379,TransSlide
343.9599,21.05433,0,-1.121997,0.3134814,0,-0.1099275,7155.36,1.831775,0.974986,Left,Up,-0.2654082,0.8424683,TransSlide
343.9999,21.05213,0,-1.121997,0.3134814,0,-0.08958548,7156.202,1.830889,0.9747674,Left,Up,-0.2631872,0.8806152,TransSlide
344.0399,21.04882,0,-1.098191,0.3134814,0,-0.06978238,7157.044,1.832804,0.9745481,Left,Up,-0.249446,0.9187622,TransSlide
344.0799,21.04185,0,-1.062486,0.3134814,0,-0.04842296,7157.886,1.831545,0.9743277,Left,Up,-0.2486604,0.9541168,TransSlide
344.1199,21.03882,0,-0.9855795,0.3134814,0,-0.02975231,7158.728,1.830611,0.9741064,Left,Up,-0.2454926,0.9893341,TransSlide
344.1599,21.03475,0,-0.8912802,0.3174487,0,-0.01190341,7159.569,1.832539,0.9738841,Left,Up,-0.2332305,1.024269,TransSlide
344.1999,21.02904,0,-0.8134586,0.3174487,0,0.007576197,7160.41,1.831381,0.9736611,Left,Up,-0.23239,1.056618,TransSlide
344.2399,21.02298,0,-0.7255661,0.3174487,0,0.02501017,7161.251,1.829305,0.973437,Left,Up,-0.2289973,1.088936,TransSlide
344.2799,21.02257,0,-0.6971848,0.3174487,0,0.03947797,7162.092,1.832338,0.9732119,Left,Up,-0.2158,1.121124,TransSlide
344.3199,21.01726,0,-0.7017624,0.3174487,0,0.05764845,7162.933,1.831209,0.9729862,Left,Up,-0.2167048,1.150604,TransSlide
344.3599,21.00875,0,-0.7136643,0.3174487,0,0.07387131,7163.773,1.829082,0.9727593,Left,Up,-0.2167048,1.180038,TransSlide
344.3999,21.01141,0,-0.7255661,0.3174487,0,0.08581501,7164.614,1.830738,0.9725314,Left,Up,-0.2036718,1.209465,TransSlide
344.4399,21.00411,0,-0.7310593,0.3174487,0,0.09982604,7165.454,1.831236,0.9723028,Left,Up,-0.2007689,1.236893,TransSlide
344.4799,20.99697,0,-0.7145798,0.3174487,0,0.1136976,7166.294,1.830264,0.9720733,Left,Up,-0.2007689,1.263496,TransSlide
344.5199,20.9917,0,-0.6733811,0.3174487,0,0.1244499,7167.134,1.827959,0.9718428,Left,Up,-0.1958353,1.290077,TransSlide
344.5599,20.99034,0,-0.5900663,0.3174487,0,0.1309685,7167.974,1.831653,0.9716113,Left,Up,-0.1855749,1.316116,TransSlide
344.5999,20.98422,0,-0.4930186,0.3174487,0,0.1424608,7168.813,1.831023,0.971379,Left,Up,-0.1845175,1.339943,TransSlide
344.6399,20.97722,0,-0.3703362,0.3174487,0,0.1521799,7169.652,1.829708,0.9711457,Left,Up,-0.1855749,1.363747,TransSlide
344.6799,20.97491,0,-0.3218132,0.3174487,0,0.1592001,7170.491,1.827404,0.9709114,Left,Up,-0.1780411,1.38752,TransSlide
344.7199,20.97236,0,-0.3053337,0.3174487,0,0.1628532,7171.33,1.830397,0.9706763,Left,Up,-0.1690205,1.410217,TransSlide
344.7599,20.96594,0,-0.3053337,0.3174487,0,0.170286,7172.169,1.830667,0.9704404,Left,Up,-0.1690205,1.431221,TransSlide
344.7999,20.95965,0,-0.3263909,0.3214161,0,0.1776689,7173.008,1.829712,0.9702035,Left,Up,-0.1701742,1.452202,TransSlide
344.8399,20.95639,0,-0.3447014,0.3214161,0,0.182676,7173.846,1.827986,0.9699655,Left,Up,-0.165511,1.473175,TransSlide
344.8799,20.95403,0,-0.3639275,0.3214161,0,0.1844695,7174.684,1.82811,0.9697269,Left,Up,-0.1545051,1.493759,TransSlide
344.9199,20.95073,0,-0.3913933,0.3214161,0,0.1847364,7175.521,1.830796,0.9694871,Left,Up,-0.1545051,1.511894,TransSlide
344.9599,20.94541,0,-0.4280162,0.3214161,0,0.1903243,7176.359,1.829962,0.9692464,Left,Up,-0.1532334,1.530006,TransSlide
344.9999,20.94018,0,-0.4545665,0.3214161,0,0.1937868,7177.197,1.828832,0.9690049,Left,Up,-0.1532334,1.548111,TransSlide
345.0399,20.93806,0,-0.4591441,0.3214161,0,0.1948553,7178.035,1.827473,0.9687626,Left,Up,-0.14537,1.5662,TransSlide
345.0799,20.93369,0,-0.4353404,0.3214161,0,0.1931754,7178.872,1.827484,0.9685192,Left,Up,-0.1384764,1.583138,TransSlide
345.1199,20.93123,0,-0.3327996,0.3214161,0,0.1886967,7179.709,1.830274,0.9682749,Left,Up,-0.1384764,1.598343,TransSlide
345.1599,20.92575,0,-0.2256811,0.3214161,0,0.190802,7180.546,1.829609,0.9680297,Left,Up,-0.1384764,1.613541,TransSlide
345.1999,20.9205,0,-0.1799047,0.3214161,0,0.1921906,7181.383,1.828575,0.9677837,Left,Up,-0.1370561,1.628731,TransSlide
345.2399,20.91914,0,-0.1734942,0.3214161,0,0.1913646,7182.22,1.827409,0.9675366,Left,Up,-0.1341704,1.643913,TransSlide
345.2799,20.91348,0,-0.1945531,0.3214161,0,0.1893623,7183.057,1.826364,0.9672886,Left,Up,-0.1219466,1.658745,TransSlide
345.3199,20.91036,0,-0.1963842,0.3214161,0,0.1853059,7183.893,1.827392,0.96704,Left,Up,-0.1219466,1.670944,TransSlide
345.3599,20.90695,0,-0.1844823,0.3253834,0,0.17999,7184.729,1.82949,0.9667902,Left,Up,-0.1219466,1.683136,TransSlide
345.3999,20.9023,0,-0.1670855,0.3253834,0,0.1819426,7185.565,1.828489,0.9665395,Left,Up,-0.1235407,1.69532,TransSlide
345.4399,20.8986,0,-0.1670855,0.3253834,0,0.1826536,7186.401,1.827458,0.9662879,Left,Up,-0.1219466,1.707497,TransSlide
345.4799,20.8973,0,-0.1789892,0.3253834,0,0.1813173,7187.237,1.826688,0.9660355,Left,Up,-0.1170339,1.719673,TransSlide
345.5199,20.89258,0,-0.1835668,0.3253834,0,0.1787161,7188.073,1.82615,0.9657822,Left,Up,-0.1065312,1.731544,TransSlide
345.5599,20.889,0,-0.1835668,0.3253834,0,0.1746667,7188.909,1.825431,0.9655278,Left,Up,-0.1065312,1.74054,TransSlide
345.5999,20.88708,0,-0.1725787,0.3253834,0,0.1688665,7189.745,1.82662,0.9652728,Left,Up,-0.1065312,1.749535,TransSlide
345.6399,20.88405,0,-0.1524371,0.3253834,0,0.1627292,7190.58,1.828426,0.9650167,Left,Up,-0.1046783,1.758522,TransSlide
345.6799,20.87973,0,-0.1478595,0.3253834,0,0.1642576,7191.415,1.827544,0.9647596,Left,Up,-0.1046783,1.767509,TransSlide
345.7199,20.87606,0,-0.1524371,0.3293507,0,0.164251,7192.25,1.826648,0.9645016,Left,Up,-0.1046783,1.776489,TransSlide
345.7599,20.87507,0,-0.1533526,0.3293507,0,0.1629861,7193.085,1.825776,0.9642429,Left,Up,-0.1027921,1.785454,TransSlide
345.7999,20.87186,0,-0.1542681,0.3293507,0,0.16072,7193.92,1.825225,0.9639832,Left,Up,-0.08846933,1.794418,TransSlide
345.8399,20.86841,0,-0.1551837,0.3293507,0,0.1576298,7194.755,1.82489,0.9637225,Left,Up,-0.08622923,1.799934,TransSlide
345.8799,20.86571,0,-0.1551837,0.3293507,0,0.1537893,7195.59,1.824494,0.9634612,Left,Up,-0.08622923,1.805382,TransSlide
345.9199,20.86384,0,-0.1551837,0.3293507,0,0.1485225,7196.425,1.825275,0.9631987,Left,Up,-0.08846933,1.810822,TransSlide
345.9599,20.86265,0,-0.1551837,0.3293507,0,0.1423469,7197.26,1.826594,0.9629353,Left,Up,-0.08622923,1.816261,TransSlide
345.9999,20.85901,0,-0.1551837,0.3293507,0,0.142071,7198.094,1.826768,0.9626709,Left,Up,-0.08846933,1.821693,TransSlide
346.0399,20.85603,0,-0.1551837,0.3293507,0,0.143553,7198.928,1.826032,0.962406,Left,Up,-0.08622923,1.827118,TransSlide
346.0799,20.85408,0,-0.1551837,0.3293507,0,0.1436215,7199.762,1.82472,0.9621398,Left,Up,-0.08846933,1.83255,TransSlide
346.1199,20.85171,0,-0.1551837,0.3293507,0,0.1425061,7200.596,1.823517,0.9618729,Left,Up,-0.07661668,1.837975,TransSlide
346.1599,20.84893,0,-0.1597613,0.3293507,0,0.140691,7201.43,1.823113,0.961605,Left,Up,-0.0656106,1.841904,TransSlide
346.1999,20.8461,0,-0.1597613,0.3293507,0,0.1382122,7202.264,1.82331,0.9613364,Left,Up,-0.0656106,1.843056,TransSlide
346.2399,20.84329,0,-0.1606768,0.3293507,0,0.1349776,7203.098,1.823711,0.9610667,Left,Up,-0.0656106,1.8442,TransSlide
346.2799,20.84054,0,-0.1615924,0.3293507,0,0.1316054,7203.932,1.823548,0.9607961,Left,Up,-0.0656106,1.845352,TransSlide
346.3199,20.83792,0,-0.1670855,0.3293507,0,0.1273208,7204.766,1.823865,0.9605248,Left,Up,-0.0656106,1.846497,TransSlide
346.3599,20.83595,0,-0.1780736,0.3293507,0,0.1218797,7205.599,1.824187,0.9602525,Left,Up,-0.06852804,1.847641,TransSlide
346.3999,20.83301,0,-0.1853979,0.3293507,0,0.1159141,7206.432,1.824097,0.9599791,Left,Up,-0.0656106,1.848778,TransSlide
346.4399,20.8317,0,-0.190891,0.3293507,0,0.1144976,7207.265,1.824169,0.9597049,Left,Up,-0.0656106,1.849915,TransSlide
346.4799,20.83017,0,-0.190891,0.3333181,0,0.1189763,7208.098,1.824615,0.9594301,Left,Up,-0.0656106,1.851051,TransSlide
346.5199,20.82961,0,-0.190891,0.3333181,0,0.122686,7208.931,1.824722,0.9591541,Left,Up,-0.0656106,1.852188,TransSlide
346.5599,20.82873,0,-0.190891,0.3333181,0,0.1255692,7209.764,1.82434,0.9588772,Left,Up,-0.0656106,1.853317,TransSlide
346.5999,20.82834,0,-0.190891,0.3333181,0,0.1274533,7210.597,1.823544,0.9585997,Straight,Up,-0.01978234,1.854446,TransSlide
346.6399,20.82791,0,-0.190891,0.3333181,0,0.1284901,7211.43,1.822671,0.958321,Straight,Up,-0.01978234,1.845825,TransSlide
346.6799,20.82743,0,-0.190891,0.3333181,0,0.1289457,7212.263,1.821956,0.9580414,Straight,Up,-0.01978234,1.834869,TransSlide
346.7199,20.82697,0,-0.1844823,0.3333181,0,0.1290143,7213.096,1.821675,0.957761,Straight,Up,-0.01978234,1.823921,TransSlide
346.7599,20.82646,0,-0.16617,0.3333181,0,0.1287028,7213.929,1.822124,0.9574798,Straight,Up,-0.01978234,1.812965,TransSlide
346.7999,20.82593,0,-0.1533526,0.3333181,0,0.1271073,7214.762,1.821707,0.9571977,Straight,Up,-0.01978234,1.802017,TransSlide
346.8399,20.82539,0,-0.13138,0.3333181,0,0.124369,7215.595,1.820561,0.9569145,Straight,Up,-0.01978234,1.791069,TransSlide
346.8799,20.82487,0,-0.06363094,0.3333181,0,0.1204838,7216.428,1.819386,0.9566307,Straight,Up,-0.01978234,1.780128,TransSlide
346.9199,20.8244,0,0.05630493,0.3333181,0,0.1159544,7217.261,1.81879,0.9563458,Straight,Up,-0.01978234,1.769188,TransSlide
346.9599,20.82392,0,0.3318822,0.3333181,0,0.1111611,7218.094,1.818751,0.95606,Straight,Up,-0.01978234,1.758247,TransSlide
346.9999,20.82346,0,0.5589366,0.3333181,0,0.1063562,7218.927,1.81881,0.9557734,Straight,Up,-0.01978234,1.747299,TransSlide
347.0399,20.823,0,0.8317709,0.309514,0,0.1015532,7219.76,1.818462,0.955486,Straight,Up,-0.01978234,1.736366,TransSlide
347.0799,20.81954,0,0.9791708,0.3015793,0,0.09705204,7220.593,1.817996,0.9551975,Straight,Up,-0.01978234,1.725426,TransSlide
347.1199,20.81251,0,1.03868,0.297612,0,0.09298441,7221.425,1.817848,0.9549081,Straight,Up,-0.01978234,1.714493,TransSlide
347.1599,20.80458,0,1.054244,0.297612,0,0.08942702,7222.257,1.817411,0.9546182,Straight,Up,-0.01978234,1.70356,TransSlide
347.1999,20.79626,0,1.02037,0.297612,0,0.08644304,7223.089,1.817051,0.954327,Straight,Up,-0.01978234,1.692627,TransSlide
347.2399,20.78789,0,0.9279013,0.297612,0,0.08426878,7223.921,1.816675,0.9540349,Straight,Up,-0.01978234,1.681702,TransSlide
347.2799,20.77945,0,0.8381796,0.297612,0,0.08295268,7224.752,1.816459,0.9537421,Straight,Up,-0.01978234,1.670776,TransSlide
347.3199,20.77096,0,0.7896531,0.297612,0,0.08244553,7225.583,1.816427,0.9534486,Straight,Up,-0.01978234,1.659859,TransSlide
347.3599,20.76234,0,0.7539475,0.297612,0,0.0827609,7226.414,1.816441,0.9531538,Straight,Up,0,1.648941,TransSlide
347.3999,20.75364,0,0.7319748,0.297612,0,0.08375233,7227.244,1.816591,0.9528583,Straight,Up,-0.01978234,1.638016,TransSlide
347.4399,20.74481,0,0.6907761,0.297612,0,0.08579099,7228.074,1.816751,0.9525619,Straight,Up,-0.01978234,1.627106,TransSlide
347.4799,20.7359,0,0.6239426,0.297612,0,0.08914846,7228.903,1.81692,0.9522648,Straight,Up,-0.01978234,1.616188,TransSlide
347.5199,20.7269,0,0.5534434,0.297612,0,0.09397274,7229.732,1.816711,0.9519666,Straight,Up,-0.01978234,1.605278,TransSlide
347.5599,20.718,0,0.4591441,0.297612,0,0.1001949,7230.562,1.816445,0.9516676,Straight,Up,-0.01978234,1.59436,TransSlide
347.5999,20.7091,0,0.3932261,0.297612,0,0.1081442,7231.39,1.816271,0.9513678,Straight,Up,-0.01978234,1.583443,TransSlide
347.6399,20.70017,0,0.3254735,0.297612,0,0.1177102,7232.218,1.816119,0.951067,Straight,Up,-0.01978234,1.572533,TransSlide
347.6799,20.69137,0,0.2558935,0.297612,0,0.1289333,7233.046,1.815993,0.9507653,Straight,Up,-0.01978234,1.561615,TransSlide
347.7199,20.68268,0,0.2128637,0.297612,0,0.1418719,7233.873,1.816,0.9504627,Straight,Up,-0.01978234,1.550705,TransSlide
347.7599,20.67417,0,0.2073705,0.297612,0,0.1564145,7234.7,1.816112,0.9501594,Straight,Up,-0.01978234,1.539795,TransSlide
347.7999,20.66572,0,0.2421606,0.297612,0,0.1723844,7235.527,1.816198,0.9498551,Straight,Up,-0.01978234,1.528877,TransSlide
347.8399,20.65723,0,0.2906835,0.297612,0,0.1899032,7236.353,1.815942,0.9495499,Straight,Up,-0.01978234,1.517967,TransSlide
347.8799,20.64888,0,0.274204,0.297612,0,0.2090968,7237.179,1.815438,0.9492439,Straight,Up,0,1.507057,TransSlide
347.9199,20.64066,0,0.1826513,0.297612,0,0.2303001,7238.005,1.81516,0.9489369,Straight,Up,-0.01978234,1.49614,TransSlide
347.9599,20.63251,0,-0.02792358,0.297612,0,0.2532744,7238.83,1.814913,0.9486291,Straight,Up,-0.01978234,1.485229,TransSlide
347.9999,20.62441,0,-0.2128637,0.297612,0,0.2775879,7239.655,1.814409,0.9483204,Straight,Up,0,1.474319,TransSlide
348.0399,20.6161,0,-0.4335093,0.297612,0,0.3031176,7240.48,1.812045,0.948011,Straight,Up,-0.01978234,1.463417,TransSlide
348.0799,20.61125,0,-0.5900663,0.297612,0,0.3270074,7241.304,1.814112,0.9477006,Straight,Up,-0.01978234,1.45253,TransSlide
348.1199,20.60562,0,-0.6559861,0.297612,0,0.3515964,7242.128,1.815606,0.9473892,Straight,Up,-0.01978234,1.441643,TransSlide
348.1599,20.59775,0,-0.6834519,0.297612,0,0.3763447,7242.953,1.816695,0.9470772,Straight,Up,0,1.430748,TransSlide
348.1999,20.59396,0,-0.6779587,0.297612,0,0.4016609,7243.777,1.816441,0.9467641,Straight,Up,-0.01978234,1.419853,TransSlide
348.2399,20.58977,0,-0.6651413,0.297612,0,0.4272243,7244.6,1.815484,0.9464501,Straight,Up,0.03426402,1.408951,TransSlide
348.2799,20.5854,0,-0.6605637,0.297612,0,0.4529361,7245.423,1.814412,0.9461353,Right,Up,0.05595291,1.389122,TransSlide
348.3199,20.58061,0,-0.6596482,0.297612,0,0.4789474,7246.247,1.813147,0.9458199,Right,Up,0.05233916,1.361801,TransSlide
348.3599,20.57637,0,-0.6440824,0.297612,0,0.5051919,7247.07,1.811484,0.9455032,Right,Up,0.05595291,1.334496,TransSlide
348.3999,20.57198,0,-0.6239408,0.3174487,0,0.5310079,7247.893,1.81131,0.9451858,Right,Up,0.05595291,1.307205,TransSlide
348.4399,20.5703,0,-0.6184477,0.3174487,0,0.556504,7248.716,1.810897,0.9448675,Right,Up,0.05595291,1.279922,TransSlide
348.4799,20.56889,0,-0.6257719,0.3214161,0,0.582148,7249.54,1.810274,0.9445485,Right,Up,0.05595291,1.25264,TransSlide
348.5199,20.57027,0,-0.6266874,0.3253834,0,0.6050439,7250.363,1.809712,0.9442285,Right,Up,0.05233916,1.225372,TransSlide
348.5599,20.57298,0,-0.6193632,0.3253834,0,0.6223508,7251.186,1.810306,0.9439076,Right,Up,0.05595291,1.198097,TransSlide
348.5999,20.57554,0,-0.5479521,0.3253834,0,0.6385446,7252.009,1.810499,0.9435861,Right,Up,0.05233916,1.170837,TransSlide
348.6399,20.57725,0,-0.4060417,0.3253834,0,0.6535947,7252.833,1.810327,0.9432634,Right,Up,0.05595291,1.143555,TransSlide
348.6799,20.57979,0,-0.3208977,0.3253834,0,0.6680784,7253.656,1.809418,0.9429399,Right,Up,0.05595291,1.116264,TransSlide
348.7199,20.58294,0,-0.291599,0.3253834,0,0.6820061,7254.479,1.808169,0.9426156,Right,Up,0.08156469,1.088997,TransSlide
348.7599,20.587,0,-0.2504003,0.3253834,0,0.6945008,7255.302,1.808277,0.9422905,Right,Up,0.08846933,1.054832,TransSlide
348.7999,20.59016,0,-0.1972997,0.3253834,0,0.7058355,7256.125,1.808143,0.9419644,Right,Up,0.08846933,1.018028,TransSlide
348.8399,20.59413,0,-0.1185626,0.3253834,0,0.711101,7256.949,1.808061,0.9416375,Right,Up,0.08846933,0.9812317,TransSlide
348.8799,20.59815,0,-0.03433228,0.3253834,0,0.7129018,7257.773,1.807711,0.9413099,Right,Up,0.09065409,0.9444351,TransSlide
348.9199,20.60257,0,-0.0004577637,0.3253834,0,0.7135713,7258.598,1.807422,0.9409813,Right,Up,0.08846933,0.9076157,TransSlide
348.9599,20.60636,0,0.02334595,0.3253834,0,0.7139564,7259.422,1.806086,0.9406517,Right,Up,0.08846933,0.8708115,TransSlide
348.9999,20.61221,0,0.02792358,0.3253834,0,0.7129602,7260.246,1.806215,0.9403213,Right,Up,0.09487279,0.8340073,TransSlide
349.0399,20.61806,0,0.02792358,0.3253834,0,0.7110348,7261.071,1.806498,0.9399902,Right,Up,0.1203313,0.7972031,TransSlide
349.0799,20.62329,0,0.003204346,0.3253834,0,0.7016307,7261.896,1.806614,0.9396581,Right,Up,0.1203313,0.7518616,TransSlide
349.1199,20.62903,0,-0.01693726,0.3253834,0,0.6904815,7262.721,1.806311,0.9393251,Right,Up,0.1203313,0.7062454,TransSlide
349.1599,20.63449,0,-0.04074097,0.3253834,0,0.6785941,7263.546,1.804948,0.9389916,Right,Up,0.1203313,0.6606293,TransSlide
349.1999,20.64194,0,-0.05172729,0.3253834,0,0.6653079,7264.372,1.805107,0.9386569,Right,Up,0.1203313,0.6150131,TransSlide
349.2399,20.6502,0,-0.05264282,0.3253834,0,0.6491908,7265.198,1.805518,0.9383214,Right,Up,0.1266688,0.5694199,TransSlide
349.2799,20.65801,0,-0.05264282,0.3253834,0,0.6266676,7266.024,1.80657,0.9379849,Right,Up,0.1506579,0.5234451,TransSlide
349.3199,20.6657,0,-0.05264282,0.3253834,0,0.6034966,7266.85,1.806705,0.9376479,Right,Up,0.1506579,0.4691544,TransSlide
349.3599,20.67387,0,-0.07736385,0.3253834,0,0.5793697,7267.677,1.806174,0.9373098,Right,Up,0.1506579,0.4148178,TransSlide
349.3999,20.68337,0,-0.1176471,0.3253834,0,0.5543088,7268.504,1.805179,0.9369709,Right,Up,0.1506579,0.3604355,TransSlide
349.4399,20.69259,0,-0.1533526,0.3253834,0,0.5282096,7269.332,1.804289,0.9366311,Right,Up,0.1631294,0.3060303,TransSlide
349.4799,20.70053,0,-0.148775,0.3253834,0,0.5017337,7270.16,1.802631,0.9362906,Right,Up,0.1813082,0.2488785,TransSlide
349.5199,20.71154,0,-0.08194149,0.3253834,0,0.4738941,7270.988,1.802659,0.9359491,Right,Up,0.1802258,0.185791,TransSlide
349.5599,20.72127,0,0.03890991,0.3253834,0,0.4479937,7271.817,1.803542,0.9356068,Right,Flat,0.1813082,0.1226578,TransSlide
349.5999,20.72997,0,0.09384155,0.3253834,0,0.4279589,7272.646,1.802979,0.9352639,Right,Flat,0.05233916,0.05950928,TransSlide
349.6399,20.73793,0,0.1048279,0.3253834,0,0.408513,7273.476,1.801758,0.9349197,Left,Flat,-0.1607126,0.01014709,TransSlide
349.6799,20.749,0,0.0819397,0.3253834,0,0.3886797,7274.306,1.800055,0.9345749,Left,Flat,-0.1619255,-0.01462555,TransSlide
349.7199,20.761,0,0.04623413,0.3253834,0,0.3679525,7275.136,1.801177,0.9342291,Left,Flat,-0.1619255,-0.03940582,TransSlide
349.7599,20.77061,0,0.02151489,0.3253834,0,0.3530857,7275.967,1.801078,0.9338828,Left,Flat,-0.1594904,-0.06420135,TransSlide
349.7999,20.7797,0,0.02059937,0.3253834,0,0.3410947,7276.798,1.80021,0.9335353,Left,Flat,-0.1582588,-0.08730316,TransSlide
349.8399,20.79005,0,0.02700806,0.3253834,0,0.3283804,7277.629,1.79913,0.933187,Left,Flat,-0.1582588,-0.1063843,TransSlide
349.8799,20.80013,0,0.02883911,0.3253834,0,0.3158211,7278.461,1.797804,0.9328381,Left,Flat,-0.1582588,-0.1254578,TransSlide
349.9199,20.81127,0,0.02883911,0.3253834,0,0.3025144,7279.293,1.798212,0.9324882,Left,Flat,-0.1582588,-0.1445389,TransSlide
349.9599,20.82266,0,0.02883911,0.3253834,0,0.2892887,7280.126,1.799164,0.9321373,Left,Down,-0.1398823,-0.16362,TransSlide
349.9999,20.83247,0,0.03341675,0.3253834,0,0.2846554,7280.959,1.799019,0.9317856,Left,Down,-0.1282043,-0.1812744,TransSlide
350.0399,20.84287,0,0.05172729,0.3253834,0,0.2798935,7281.793,1.798361,0.9314334,Left,Down,-0.1297215,-0.1977081,TransSlide
350.0799,20.85474,0,0.08010864,0.3253834,0,0.2744168,7282.627,1.79759,0.9310801,Left,Down,-0.1297215,-0.2141571,TransSlide
350.1199,20.86547,0,0.1002502,0.3253834,0,0.2689211,7283.462,1.796966,0.9307258,Left,Down,-0.1297215,-0.2306061,TransSlide
350.1599,20.87598,0,0.1130676,0.3253834,0,0.2637815,7284.297,1.795927,0.9303711,Left,Down,-0.1297215,-0.2470551,TransSlide
350.1999,20.88704,0,0.110321,0.3253834,0,0.2587112,7285.132,1.79591,0.9300153,Left,Down,-0.1046783,-0.2635193,TransSlide
350.2399,20.8986,0,0.05264282,0.3253834,0,0.2535417,7285.968,1.796315,0.9296585,Left,Down,-0.09891172,-0.2777863,TransSlide
350.2799,20.9097,0,-0.004119873,0.3253834,0,0.2521926,7286.804,1.79635,0.929301,Left,Down,-0.09691329,-0.2913666,TransSlide
350.3199,20.92093,0,-0.03433228,0.3253834,0,0.257626,7287.641,1.796051,0.9289429,Left,Down,-0.09691329,-0.3049545,TransSlide
350.3599,20.93281,0,-0.05355835,0.3253834,0,0.2624471,7288.478,1.795576,0.9285836,Left,Down,-0.09891172,-0.3185501,TransSlide
350.3999,20.94451,0,-0.07187068,0.3253834,0,0.2670955,7289.316,1.79518,0.9282236,Left,Down,-0.09691329,-0.3321533,TransSlide
350.4399,20.9563,0,-0.0956744,0.3253834,0,0.2717955,7290.154,1.794623,0.9278629,Left,Down,-0.09691329,-0.3457718,TransSlide
350.4799,20.968,0,-0.1551837,0.3253834,0,0.276383,7290.993,1.793919,0.9275012,Left,Down,-0.09487279,-0.3593979,TransSlide
350.5199,20.97958,0,-0.2027929,0.3253834,0,0.2808729,7291.832,1.793424,0.9271387,Left,Down,-0.05934703,-0.373024,TransSlide
350.5599,20.9911,0,-0.2183568,0.3253834,0,0.28518,7292.671,1.792818,0.9267753,Left,Down,-0.05595291,-0.3832855,TransSlide
350.5999,21.00257,0,-0.2092016,0.3253834,0,0.2889974,7293.511,1.792366,0.9264113,Left,Down,-0.05595291,-0.3931427,TransSlide
350.6399,21.01381,0,-0.1899755,0.3253834,0,0.2928093,7294.352,1.791904,0.9260463,Left,Down,-0.05595291,-0.4030151,TransSlide
350.6799,21.02554,0,-0.18906,0.3253834,0,0.2967975,7295.192,1.791506,0.9256804,Left,Down,-0.05595291,-0.4128723,TransSlide
350.7199,21.03696,0,-0.2027929,0.3253834,0,0.3004436,7296.034,1.791766,0.9253137,Left,Down,-0.05595291,-0.4227524,TransSlide
350.7599,21.04871,0,-0.2558935,0.3253834,0,0.3038324,7296.875,1.791667,0.9249464,Left,Down,-0.05595291,-0.4326248,TransSlide
350.7999,21.06034,0,-0.2980095,0.3253834,0,0.3074805,7297.718,1.791305,0.924578,Left,Down,-0.05595291,-0.4425049,TransSlide
350.8399,21.07145,0,-0.3208977,0.3253834,0,0.3107457,7298.561,1.790807,0.9242088,Left,Down,-0.05934703,-0.4523849,TransSlide
350.8799,21.08397,0,-0.3208977,0.3253834,0,0.3179736,7299.404,1.79134,0.9238391,Left,Down,-0.05595291,-0.4622803,TransSlide
350.9199,21.09625,0,-0.3208977,0.3253834,0,0.3249172,7300.248,1.791323,0.9234682,Left,Down,-0.05595291,-0.472168,TransSlide
350.9599,21.10786,0,-0.3208977,0.3253834,0,0.3312943,7301.092,1.791086,0.9230965,Left,Down,-0.05233916,-0.4820633,TransSlide
350.9999,21.12012,0,-0.3218132,0.3253834,0,0.3371402,7301.937,1.790566,0.922724,Left,Down,-0.05934703,-0.4919662,TransSlide
351.0399,21.13234,0,-0.3327996,0.3253834,0,0.3422779,7302.782,1.789908,0.922351,Left,Down,-0.05233916,-0.5018768,TransSlide
351.0799,21.14449,0,-0.3327996,0.3253834,0,0.3465575,7303.627,1.789423,0.9219768,Straight,Down,-0.03956468,-0.5117874,TransSlide
351.1199,21.15653,0,-0.3208977,0.3253834,0,0.3499215,7304.474,1.788869,0.9216018,Straight,Down,0,-0.52108,TransSlide
351.1599,21.16845,0,-0.2787817,0.3253834,0,0.3526715,7305.32,1.78833,0.9212263,Straight,Down,0,-0.5254669,TransSlide
351.1999,21.18034,0,-0.1972997,0.3253834,0,0.3546486,7306.167,1.787621,0.9208497,Straight,Down,0,-0.5298615,TransSlide
351.2399,21.19219,0,-0.1359576,0.3253834,0,0.3560084,7307.015,1.787056,0.9204723,Straight,Down,0,-0.5342636,TransSlide
351.2799,21.20398,0,-0.0453186,0.3253834,0,0.3567496,7307.863,1.786656,0.920094,Straight,Down,0,-0.5386505,TransSlide
351.3199,21.21579,0,0.02792358,0.3253834,0,0.356886,7308.712,1.78619,0.9197151,Straight,Down,0,-0.5430527,TransSlide
351.3599,21.22757,0,0.1048279,0.3253834,0,0.3565408,7309.561,1.785672,0.9193352,Straight,Down,0.01978234,-0.5474548,TransSlide
351.3999,21.23937,0,0.1835668,0.3253834,0,0.3554099,7310.41,1.78527,0.9189546,Straight,Down,0,-0.551857,TransSlide
351.4399,21.25115,0,0.2504003,0.3253834,0,0.3537474,7311.26,1.784633,0.9185733,Straight,Down,0,-0.5562592,TransSlide
351.4799,21.26294,0,0.3254735,0.3253834,0,0.3516661,7312.11,1.78412,0.9181909,Straight,Down,0,-0.5606689,TransSlide
351.5199,21.27473,0,0.3913951,0.3015793,0,0.3491285,7312.961,1.783838,0.9178078,Straight,Down,0.01978234,-0.5650711,TransSlide
351.5599,21.28109,0,0.4930186,0.297612,0,0.3465114,7313.813,1.783598,0.9174238,Straight,Down,0,-0.5694809,TransSlide
351.5999,21.28676,0,0.5699229,0.2936446,0,0.3437587,7314.664,1.783164,0.9170393,Straight,Down,0,-0.5738907,TransSlide
351.6399,21.29145,0,0.6184494,0.2936446,0,0.3411412,7315.516,1.782802,0.9166536,Straight,Down,0,-0.5782928,TransSlide
351.6799,21.29644,0,0.6303513,0.2936446,0,0.3388166,7316.367,1.782228,0.9162673,Straight,Down,0.01978234,-0.5827103,TransSlide
351.7199,21.30136,0,0.6120408,0.2936446,0,0.3367528,7317.219,1.782016,0.91588,Straight,Down,0,-0.5871201,TransSlide
351.7599,21.30626,0,0.5516124,0.2936446,0,0.3351604,7318.072,1.781999,0.9154923,Straight,Down,0.01978234,-0.5915298,TransSlide
351.7999,21.31096,0,0.4829478,0.2936446,0,0.3339548,7318.924,1.781876,0.9151034,Straight,Down,0,-0.5959473,TransSlide
351.8399,21.31595,0,0.4454112,0.2936446,0,0.3330579,7319.777,1.781474,0.9147137,Straight,Down,0,-0.6003647,TransSlide
351.8799,21.32086,0,0.3978038,0.2936446,0,0.3325422,7320.629,1.780912,0.9143236,Straight,Down,0,-0.6047821,TransSlide
351.9199,21.32565,0,0.3566051,0.2936446,0,0.332534,7321.482,1.780627,0.9139323,Straight,Down,0,-0.6091995,TransSlide
351.9599,21.33041,0,0.291599,0.2936446,0,0.3330408,7322.335,1.780508,0.9135402,Straight,Down,0,-0.6136246,TransSlide
351.9999,21.33514,0,0.2192724,0.3174487,0,0.3339435,7323.189,1.780259,0.9131473,Straight,Down,0,-0.618042,TransSlide
352.0399,21.34502,0,0.1780736,0.3174487,0,0.3354584,7324.042,1.780087,0.9127539,Straight,Down,0,-0.622467,TransSlide
352.0799,21.3548,0,0.1542699,0.3174487,0,0.3341973,7324.896,1.779711,0.9123594,Straight,Down,0.01978234,-0.6268997,TransSlide
352.1199,21.36454,0,0.1542699,0.3174487,0,0.3287566,7325.751,1.779312,0.9119641,Straight,Down,0,-0.6313324,TransSlide
352.1599,21.37428,0,0.1652563,0.3174487,0,0.3241086,7326.605,1.77895,0.9115682,Straight,Down,0.01978234,-0.6357651,TransSlide
352.1999,21.38411,0,0.1661718,0.3174487,0,0.3204342,7327.461,1.778677,0.9111714,Straight,Down,0,-0.6401978,TransSlide
352.2399,21.39372,0,0.1661718,0.3174487,0,0.3178132,7328.316,1.778308,0.9107736,Straight,Down,0,-0.6446457,TransSlide
352.2799,21.40332,0,0.1698339,0.2936446,0,0.3159524,7329.172,1.777915,0.9103751,Straight,Down,0,-0.649086,TransSlide
352.3199,21.40988,0,0.1780736,0.297612,0,0.3152585,7330.029,1.777454,0.9099761,Straight,Down,0.01978234,-0.6535263,TransSlide
352.3599,21.41542,0,0.2027929,0.2936446,0,0.3159528,7330.885,1.776637,0.909576,Right,Down,0.05934703,-0.6578674,TransSlide
352.3999,21.41996,0,0.2302587,0.289662,0,0.3172941,7331.742,1.777209,0.909175,Right,Down,0.05934703,-0.6581955,TransSlide
352.4399,21.42452,0,0.2384984,0.289662,0,0.3196551,7332.599,1.777612,0.9087737,Right,Down,0.06255726,-0.6585312,TransSlide
352.4799,21.4287,0,0.2558935,0.2856947,0,0.3235662,7333.456,1.778022,0.9083712,Right,Down,0.06255726,-0.6588593,TransSlide
352.5199,21.43109,0,0.2623022,0.2856947,0,0.3206516,7334.313,1.776836,0.9079679,Right,Down,0.06255726,-0.6591873,TransSlide
352.5599,21.43389,0,0.2796972,0.2856947,0,0.3174088,7335.171,1.775634,0.9075637,Right,Down,0.06255726,-0.6595154,TransSlide
352.5999,21.43725,0,0.3044164,0.2856947,0,0.314961,7336.028,1.774527,0.9071591,Right,Down,0.06255726,-0.6598434,TransSlide
352.6399,21.43954,0,0.3263891,0.2856947,0,0.3137317,7336.886,1.77395,0.9067535,Right,Down,0.05934703,-0.6601715,TransSlide
352.6799,21.44146,0,0.3611827,0.2856947,0,0.3138781,7337.743,1.773329,0.906347,Right,Down,0.06255726,-0.6604919,TransSlide
352.7199,21.44395,0,0.3913951,0.2856947,0,0.3152256,7338.601,1.773235,0.9059396,Right,Down,0.06255726,-0.66082,TransSlide
352.7599,21.44707,0,0.4463267,0.2856947,0,0.3172406,7339.458,1.774077,0.9055319,Right,Down,0.07401875,-0.6611481,TransSlide
352.7999,21.45011,0,0.5168223,0.2856947,0,0.3196129,7340.316,1.775119,0.9051231,Right,Down,0.08622923,-0.6608353,TransSlide
352.8399,21.45157,0,0.5525279,0.2856947,0,0.3160628,7341.175,1.77379,0.9047135,Right,Down,0.08846933,-0.6594009,TransSlide
352.8799,21.45368,0,0.5827403,0.2856947,0,0.3136623,7342.033,1.77269,0.9043033,Right,Down,0.08622923,-0.657959,TransSlide
352.9199,21.45685,0,0.5900681,0.2856947,0,0.3123683,7342.892,1.771612,0.9038921,Right,Down,0.08622923,-0.6565247,TransSlide
352.9599,21.45809,0,0.5900681,0.2856947,0,0.3132075,7343.75,1.770493,0.9034801,Right,Down,0.08622923,-0.6550827,TransSlide
352.9999,21.46032,0,0.5900681,0.2856947,0,0.3151113,7344.608,1.770865,0.9030673,Right,Down,0.08622923,-0.6536331,TransSlide
353.0399,21.46379,0,0.5937302,0.2856947,0,0.3182239,7345.467,1.772483,0.9026539,Right,Down,0.08846933,-0.6521912,TransSlide
353.0799,21.46419,0,0.6129563,0.2856947,0,0.3159935,7346.325,1.771903,0.9022396,Right,Down,0.09691329,-0.6507416,TransSlide
353.1199,21.46523,0,0.6349289,0.2856947,0,0.3141059,7347.184,1.770773,0.9018245,Right,Down,0.1065312,-0.6485977,TransSlide
353.1599,21.46814,0,0.6651413,0.2856947,0,0.3137127,7348.042,1.76967,0.9014089,Right,Down,0.1065312,-0.6457367,TransSlide
353.1999,21.46874,0,0.6962693,0.2856947,0,0.3154844,7348.9,1.76798,0.9009921,Right,Down,0.1065312,-0.6428757,TransSlide
353.2399,21.47248,0,0.7191575,0.2856947,0,0.3186749,7349.759,1.769369,0.9005746,Right,Down,0.1065312,-0.6400146,TransSlide
353.2799,21.47312,0,0.7429612,0.2856947,0,0.3201909,7350.619,1.770452,0.9001563,Right,Down,0.1065312,-0.637146,TransSlide
353.3199,21.47318,0,0.753032,0.2856947,0,0.3191069,7351.478,1.769487,0.8997376,Right,Down,0.1119058,-0.6342697,TransSlide
353.3599,21.47384,0,0.7539475,0.2856947,0,0.3200448,7352.337,1.768127,0.8993177,Right,Down,0.1251145,-0.6311874,TransSlide
353.3999,21.47524,0,0.7438767,0.2856947,0,0.323512,7353.197,1.766342,0.8988971,Right,Down,0.1266688,-0.6270676,TransSlide
353.4399,21.47901,0,0.7310593,0.2856947,0,0.3288434,7354.056,1.768291,0.898476,Right,Down,0.1251145,-0.6229477,TransSlide
353.4799,21.47819,0,0.7072556,0.2856947,0,0.3307635,7354.916,1.768357,0.8980539,Right,Down,0.1266688,-0.6188202,TransSlide
353.5199,21.47746,0,0.6843674,0.2817273,0,0.3326499,7355.775,1.767184,0.8976309,Right,Down,0.1251145,-0.6146851,TransSlide
353.5599,21.47667,0,0.6605637,0.2817273,0,0.3369333,7356.634,1.765195,0.8972072,Right,Down,0.1398823,-0.6105499,TransSlide
353.5999,21.47896,0,0.6605637,0.2817273,0,0.3430466,7357.494,1.76534,0.896783,Right,Down,0.1426525,-0.6055832,TransSlide
353.6399,21.47838,0,0.67155,0.2817273,0,0.3484408,7358.353,1.766759,0.8963577,Right,Down,0.1426525,-0.6002884,TransSlide
353.6799,21.47657,0,0.6889451,0.2817273,0,0.3506631,7359.212,1.765856,0.8959316,Right,Down,0.1440177,-0.5949783,TransSlide
353.7199,21.47392,0,0.6953537,0.2817273,0,0.3562289,7360.072,1.763846,0.8955051,Right,Down,0.14537,-0.5896759,TransSlide
353.7599,21.47802,0,0.6953537,0.2817273,0,0.3638884,7360.931,1.764099,0.8950775,Right,Down,0.1594904,-0.5843658,TransSlide
353.7999,21.47614,0,0.6953537,0.2817273,0,0.3699586,7361.791,1.765129,0.8946492,Right,Down,0.1594904,-0.5779953,TransSlide
353.8399,21.474,0,0.6953537,0.2817273,0,0.374323,7362.65,1.764158,0.8942201,Right,Down,0.1594904,-0.5715714,TransSlide
353.8799,21.47056,0,0.6953537,0.2817273,0,0.3821766,7363.508,1.761527,0.8937904,Right,Down,0.1594904,-0.5651474,TransSlide
353.9199,21.47448,0,0.6880295,0.2817273,0,0.3922428,7364.368,1.764024,0.8933597,Right,Down,0.1701742,-0.5587158,TransSlide
353.9599,21.4721,0,0.6468308,0.2817273,0,0.3970307,7365.227,1.763035,0.8929284,Right,Down,0.1758294,-0.5515823,TransSlide
353.9999,21.46801,0,0.5754161,0.2817273,0,0.404837,7366.085,1.761254,0.8924961,Right,Down,0.1758294,-0.544075,TransSlide
354.0399,21.47311,0,0.5122447,0.2817273,0,0.4148583,7366.944,1.761474,0.8920635,Right,Down,0.1758294,-0.5365524,TransSlide
354.0799,21.46954,0,0.4637218,0.2817273,0,0.421755,7367.802,1.761851,0.8916298,Right,Down,0.1897456,-0.5290298,TransSlide
354.1199,21.46593,0,0.4701304,0.2817273,0,0.4284091,7368.661,1.760108,0.8911953,Right,Down,0.1938267,-0.5207062,TransSlide
354.1599,21.46769,0,0.5424571,0.2817273,0,0.4375819,7369.519,1.759802,0.8907604,Right,Down,0.1928145,-0.5121231,TransSlide
354.1999,21.46571,0,0.6651413,0.2817273,0,0.4435367,7370.377,1.760374,0.8903244,Right,Down,0.1988102,-0.50354,TransSlide
354.2399,21.46197,0,0.754863,0.2817273,0,0.4494384,7371.236,1.758584,0.8898876,Right,Down,0.2093567,-0.4947128,TransSlide
354.2799,21.46267,0,0.8619833,0.2817273,0,0.4585089,7372.094,1.759333,0.88945,Right,Down,0.20842,-0.4850922,TransSlide
354.3199,21.46065,0,0.9196615,0.2817273,0,0.4636613,7372.953,1.75918,0.889012,Right,Down,0.2112177,-0.4754639,TransSlide
354.3599,21.45577,0,0.9553671,0.2817273,0,0.4701074,7373.811,1.756683,0.8885729,Right,Down,0.2255535,-0.4658356,TransSlide
354.3999,21.45703,0,0.9727621,0.2817273,0,0.4792852,7374.669,1.759336,0.8881332,Right,Down,0.2246844,-0.4552078,TransSlide
354.4399,21.4534,0,0.9910727,0.2817273,0,0.4831754,7375.528,1.757216,0.8876929,Right,Down,0.2264194,-0.4445496,TransSlide
354.4799,21.45274,0,1.007552,0.2817273,0,0.490494,7376.386,1.756507,0.8872516,Right,Down,0.2406627,-0.4338837,TransSlide
354.5199,21.45055,0,1.02037,0.2817273,0,0.4960397,7377.245,1.75738,0.8868095,Right,Down,0.2414744,-0.4222336,TransSlide
354.5599,21.44339,0,1.027694,0.2817273,0,0.5011832,7378.102,1.754874,0.8863667,Right,Down,0.2454926,-0.4105453,TransSlide
354.5999,21.4405,0,1.027694,0.2817273,0,0.5087369,7378.959,1.75752,0.8859234,Right,Down,0.2571706,-0.3987122,TransSlide
354.6399,21.4361,0,1.027694,0.2817273,0,0.5115392,7379.817,1.754737,0.885479,Right,Down,0.2579304,-0.385994,TransSlide
354.6799,21.43527,0,1.027694,0.2817273,0,0.518134,7380.674,1.756553,0.8850339,Right,Down,0.2668786,-0.3732681,TransSlide
354.7199,21.43142,0,1.027694,0.2817273,0,0.5206585,7381.532,1.754495,0.8845884,Right,Down,0.2733977,-0.3600388,TransSlide
354.7599,21.42953,0,1.027694,0.2817273,0,0.5255208,7382.389,1.754728,0.8841418,Right,Down,0.2755364,-0.3462906,TransSlide
354.7999,21.42385,0,1.027694,0.2817273,0,0.5280956,7383.246,1.754133,0.8836945,Right,Down,0.2907402,-0.3325195,TransSlide
354.8399,21.42155,0,1.03868,0.2817273,0,0.5313221,7384.103,1.753647,0.8832464,Right,Down,0.2900664,-0.3177338,TransSlide
354.8799,21.41229,0,1.080798,0.2817273,0,0.5334511,7384.959,1.753575,0.8827978,Right,Down,0.301316,-0.3029327,TransSlide
354.9199,21.41134,0,1.138476,0.2817273,0,0.5357009,7385.815,1.753366,0.8823483,Right,Down,0.3071049,-0.2874908,TransSlide
354.9599,21.3997,0,1.238269,0.2817273,0,0.5363522,7386.672,1.752296,0.8818979,Right,Down,0.3146578,-0.2716522,TransSlide
354.9999,21.39954,0,1.315176,0.2817273,0,0.5383939,7387.528,1.753844,0.8814468,Right,Down,0.3232465,-0.2554016,TransSlide
355.0399,21.38913,0,1.333487,0.2817273,0,0.5380383,7388.384,1.750744,0.8809953,Right,Down,0.329838,-0.2385178,TransSlide
355.0799,21.38689,0,1.327994,0.2817273,0,0.5392892,7389.239,1.753524,0.8805428,Right,Down,0.3403488,-0.2213516,TransSlide
355.1199,21.38096,0,1.316092,0.2817273,0,0.5383265,7390.095,1.748855,0.8800894,Right,Down,0.3460502,-0.2034149,TransSlide
355.1599,21.37449,0,1.286792,0.2817273,0,0.5376469,7390.95,1.751461,0.8796358,Right,Down,0.3577275,-0.1852493,TransSlide
355.1999,21.36967,0,1.245593,0.2817273,0,0.5362278,7391.804,1.750482,0.8791809,Right,Down,0.364769,-0.1662903,TransSlide
355.2399,21.36234,0,1.201648,0.2817273,0,0.5320958,7392.659,1.752424,0.8787255,Right,Flat,0.3743001,-0.146965,TransSlide
355.2799,21.3552,0,1.121997,0.2817273,0,0.5303954,7393.513,1.750853,0.8782692,Right,Flat,0.3846134,-0.1269608,TransSlide
355.3199,21.35272,0,1.056079,0.2817273,0,0.5243093,7394.368,1.752146,0.8778125,Right,Flat,0.3916712,-0.1063843,TransSlide
355.3599,21.34334,0,1.048751,0.2817273,0,0.5214942,7395.221,1.748771,0.8773547,Right,Flat,0.4063823,-0.08532715,TransSlide
355.3999,21.33936,0,1.056079,0.2817273,0,0.5142028,7396.075,1.750297,0.8768963,Right,Flat,0.4130683,-0.06337738,TransSlide
355.4399,21.33195,0,1.068896,0.2817273,0,0.5099767,7396.928,1.747085,0.8764374,Right,Flat,0.4265846,-0.04113007,TransSlide
355.4799,21.32706,0,1.068896,0.2817273,0,0.503347,7397.782,1.749112,0.8759775,Right,Flat,0.4068635,-0.01793671,TransSlide
355.5199,21.32066,0,1.056994,0.2817273,0,0.4997861,7398.634,1.746101,0.8755168,Right,Flat,0.393167,0.005523682,TransSlide
355.5599,21.31435,0,1.019454,0.2817273,0,0.4941103,7399.487,1.748141,0.8750554,Right,Flat,0.382573,0.02924347,TransSlide
355.5999,21.30855,0,0.9745932,0.2817273,0,0.490778,7400.339,1.744929,0.8745936,Right,Flat,0.3794918,0.05261993,TransSlide
355.6399,21.30191,0,0.9489584,0.2817273,0,0.48539,7401.192,1.746749,0.8741307,Right,Flat,0.373777,0.07584381,TransSlide
355.6799,21.29618,0,0.9251547,0.2817273,0,0.4826202,7402.043,1.743797,0.8736671,Right,Flat,0.3722032,0.09862518,TransSlide
355.7199,21.28959,0,0.903182,0.2817273,0,0.4774876,7402.895,1.745697,0.873203,Right,Flat,0.3663747,0.1213074,TransSlide
355.7599,21.28328,0,0.8729696,0.2817273,0,0.4753214,7403.747,1.742956,0.8727381,Right,Flat,0.364769,0.1434479,TransSlide
355.7999,21.27775,0,0.8326864,0.2817273,0,0.4702736,7404.598,1.744887,0.8722723,Right,Up,0.3593647,0.1655121,TransSlide
355.8399,21.27034,0,0.803386,0.2817273,0,0.4688545,7405.449,1.742316,0.8718058,Right,Up,0.3577275,0.1870575,TransSlide
355.8799,21.26511,0,0.7896531,0.2817273,0,0.4634149,7406.299,1.74402,0.8713388,Right,Up,0.3516591,0.2084885,TransSlide
355.9199,21.25659,0,0.7896531,0.2817273,0,0.4621539,7407.15,1.741897,0.8708709,Right,Up,0.3494264,0.2294006,TransSlide
355.9599,21.25161,0,0.7914841,0.2817273,0,0.4569596,7408,1.742774,0.8704022,Right,Up,0.3443497,0.250206,TransSlide
355.9999,21.24346,0,0.7951462,0.2817273,0,0.4553424,7408.85,1.742275,0.8699328,Right,Up,0.3420692,0.2704697,TransSlide
356.0399,21.23751,0,0.7951462,0.2817273,0,0.4512733,7409.699,1.742007,0.869463,Right,Up,0.3357179,0.2906189,TransSlide
356.0799,21.23029,0,0.7951462,0.2817273,0,0.4490293,7410.549,1.742994,0.8689921,Right,Up,0.3339648,0.3102036,TransSlide
356.1199,21.22508,0,0.7850754,0.2817273,0,0.4464056,7411.398,1.741729,0.8685206,Right,Up,0.3268584,0.3297272,TransSlide
356.1599,21.21985,0,0.7832444,0.2817273,0,0.4429679,7412.247,1.743376,0.8680487,Right,Up,0.3268584,0.3485947,TransSlide
356.1999,21.21374,0,0.7850754,0.2817273,0,0.4418932,7413.095,1.740124,0.8675757,Right,Up,0.3189811,0.367424,TransSlide
356.2399,21.20667,0,0.7951462,0.2817273,0,0.4369875,7413.944,1.740327,0.8671019,Right,Up,0.3177519,0.3856354,TransSlide
356.2799,21.19899,0,0.7951462,0.2817273,0,0.4356645,7414.792,1.739765,0.8666275,Right,Up,0.3109043,0.4037323,TransSlide
356.3199,21.19163,0,0.7731736,0.2817273,0,0.4327878,7415.639,1.739169,0.8661526,Right,Up,0.3083766,0.4212952,TransSlide
356.3599,21.18766,0,0.7246506,0.2817273,0,0.43002,7416.487,1.740646,0.8656768,Right,Up,0.3039024,0.4386215,TransSlide
356.3999,21.17974,0,0.6175339,0.2817273,0,0.4300905,7417.334,1.737908,0.8652003,Right,Up,0.2987072,0.4555969,TransSlide
356.4399,21.1732,0,0.5287242,0.2817273,0,0.4253019,7418.181,1.738046,0.8647233,Right,Up,0.2960753,0.4720993,TransSlide
356.4799,21.16658,0,0.4289317,0.2817273,0,0.4233911,7419.028,1.73814,0.8642453,Right,Up,0.2880355,0.488533,TransSlide
356.5199,21.15878,0,0.3996348,0.2817273,0,0.4211471,7419.875,1.736121,0.8637666,Right,Up,0.2880355,0.5041733,TransSlide
356.5599,21.15493,0,0.4234385,0.2817273,0,0.4164824,7420.721,1.737022,0.8632872,Right,Up,0.2804634,0.5197983,TransSlide
356.5999,21.148,0,0.4756236,0.2817273,0,0.4142376,7421.567,1.736809,0.8628074,Right,Up,0.276953,0.5349197,TransSlide
356.6399,21.14036,0,0.4985118,0.2817273,0,0.4104366,7422.413,1.734794,0.8623265,Right,Up,0.2741124,0.5496292,TransSlide
356.6799,21.13589,0,0.5113292,0.2817273,0,0.4054678,7423.258,1.734712,0.861845,Right,Up,0.2646699,0.5643234,TransSlide
356.7199,21.12837,0,0.505836,0.2817273,0,0.4032199,7424.104,1.734202,0.8613632,Right,Up,0.2639296,0.578125,TransSlide
356.7599,21.12144,0,0.4921031,0.2817273,0,0.3993716,7424.948,1.733083,0.8608802,Right,Up,0.2586879,0.5918732,TransSlide
356.7999,21.11628,0,0.4408336,0.2817273,0,0.3943024,7425.793,1.733388,0.8603964,Right,Up,0.25101,0.6053162,TransSlide
356.8399,21.10919,0,0.3913951,0.2817273,0,0.3916726,7426.638,1.733685,0.8599122,Right,Up,0.25101,0.6180649,TransSlide
356.8799,21.10182,0,0.3428686,0.2817273,0,0.3886506,7427.481,1.731713,0.8594275,Right,Up,0.2438933,0.6307983,TransSlide
356.9199,21.09622,0,0.3080785,0.2817273,0,0.3822902,7428.325,1.731654,0.8589417,Right,Up,0.2373883,0.6430435,TransSlide
356.9599,21.09208,0,0.2851903,0.2817273,0,0.3774248,7429.169,1.733128,0.8584552,Right,Up,0.2373883,0.6547165,TransSlide
356.9999,21.08203,0,0.2549779,0.2817273,0,0.3754846,7430.013,1.730979,0.8579683,Right,Up,0.2289973,0.6663666,TransSlide
357.0399,21.07654,0,0.2265966,0.2817273,0,0.368479,7430.855,1.730462,0.8574806,Right,Up,0.2229358,0.6775131,TransSlide
357.0799,21.07204,0,0.1606786,0.2817273,0,0.3614879,7431.698,1.730504,0.8569919,Right,Up,0.2220564,0.6880188,TransSlide
357.1199,21.0649,0,0.07461548,0.2817273,0,0.3566403,7432.541,1.731329,0.8565027,Right,Up,0.2167048,0.6985168,TransSlide
357.1599,21.05715,0,0.00869751,0.2817273,0,0.3536684,7433.384,1.728581,0.8560131,Right,Up,0.2055842,0.7087555,TransSlide
357.1999,21.05173,0,-0.06454647,0.2817273,0,0.3431787,7434.226,1.728314,0.8555225,Right,Up,0.2055842,0.7180099,TransSlide
357.2399,21.04689,0,-0.07736385,0.2817273,0,0.3335541,7435.067,1.728435,0.8550312,Right,Up,0.2065338,0.7272339,TransSlide
357.2799,21.04032,0,-0.07736385,0.3055466,0,0.3249637,7435.909,1.729501,0.8545391,Right,Up,0.1938267,0.7364502,TransSlide
357.3199,21.03557,0,-0.07553279,0.3055466,0,0.3185017,7436.751,1.727773,0.8540468,Right,Up,0.1876719,0.7448273,TransSlide
357.3599,21.03541,0,-0.06454647,0.3055466,0,0.307964,7437.593,1.72661,0.8535534,Right,Up,0.1866263,0.7526627,TransSlide
357.3999,21.03572,0,-0.04074097,0.3055466,0,0.2942792,7438.435,1.726324,0.8530592,Right,Up,0.1876719,0.7604904,TransSlide
357.4399,21.03489,0,-0.01144409,0.3055466,0,0.2818493,7439.276,1.726562,0.8525649,Right,Up,0.1713202,0.7683029,TransSlide
357.4799,21.03403,0,0.009613037,0.3055466,0,0.270379,7440.118,1.727252,0.8520694,Right,Up,0.165511,0.7750397,TransSlide
357.5199,21.03171,0,-0.005950928,0.3055466,0,0.2600923,7440.959,1.726214,0.8515732,Right,Up,0.165511,0.7812958,TransSlide
357.5599,21.0308,0,-0.0352478,0.3055466,0,0.2478166,7441.8,1.724702,0.8510764,Right,Up,0.166689,0.7875443,TransSlide
357.5999,21.03079,0,-0.1011676,0.3055466,0,0.22997,7442.641,1.724216,0.8505791,Right,Up,0.1570175,0.7937851,TransSlide
357.6399,21.02984,0,-0.1432818,0.3055466,0,0.2127139,7443.482,1.723948,0.850081,Right,Up,0.1398823,0.7996216,TransSlide
357.6799,21.02805,0,-0.1542681,0.3055466,0,0.1961168,7444.323,1.723753,0.8495821,Right,Up,0.1412742,0.8039932,TransSlide
357.7199,21.02765,0,-0.1359576,0.3055466,0,0.1795661,7445.164,1.723822,0.8490829,Right,Up,0.1412742,0.8083572,TransSlide
357.7599,21.02654,0,-0.1231402,0.3055466,0,0.1630597,7446.004,1.723696,0.8485826,Right,Up,0.1398823,0.8127136,TransSlide
357.7999,21.02439,0,-0.1194781,0.3055466,0,0.1472316,7446.845,1.722232,0.8480817,Right,Up,0.1398823,0.81707,TransSlide
357.8399,21.0232,0,-0.1194781,0.3055466,0,0.1289093,7447.686,1.720815,0.8475801,Right,Up,0.1101434,0.8214264,TransSlide
357.8799,21.02274,0,-0.1176471,0.3055466,0,0.1028317,7448.527,1.720883,0.8470781,Right,Up,0.1083524,0.8237,TransSlide
357.9199,21.02175,0,-0.100252,0.3055466,0,0.07738492,7449.368,1.72081,0.8465751,Right,Up,0.1065312,0.825592,TransSlide
357.9599,21.01999,0,-0.07736385,0.3055466,0,0.05210355,7450.208,1.720661,0.8460715,Right,Up,0.1065312,0.8274841,TransSlide
357.9999,21.01924,0,-0.07187068,0.3055466,0,0.02698955,7451.049,1.720339,0.8455675,Right,Up,0.1065312,0.829361,TransSlide
358.0399,21.01839,0,-0.1048297,0.3055466,0,0.002026647,7451.89,1.719989,0.8450626,Right,Up,0.1065312,0.8312454,TransSlide
358.0799,21.01752,0,-0.2128637,0.3055466,0,-0.02273595,7452.731,1.719462,0.8445569,Right,Up,0.1065312,0.8331223,TransSlide
358.1199,21.01664,0,-0.2861059,0.309514,0,-0.04789025,7453.572,1.718819,0.8440505,Straight,Up,0.03426402,0.8349991,TransSlide
358.1599,21.01663,0,-0.2815282,0.309514,0,-0.07354626,7454.413,1.718049,0.8435438,Straight,Up,0,0.8321533,TransSlide
358.1999,21.01652,0,-0.2366674,0.309514,0,-0.09989733,7455.253,1.71735,0.8430362,Straight,Up,0,0.8263779,TransSlide
358.2399,21.01641,0,-0.1725787,0.309514,0,-0.1265676,7456.094,1.716815,0.8425277,Straight,Up,0,0.8205872,TransSlide
358.2799,21.0163,0,-0.08743465,0.309514,0,-0.1533201,7456.935,1.716637,0.8420188,Straight,Up,0,0.8148117,TransSlide
358.3199,21.0162,0,-0.01144409,0.309514,0,-0.18009,7457.776,1.716442,0.8415095,Straight,Up,0,0.8090286,TransSlide
358.3599,21.01609,0,0.00869751,0.309514,0,-0.207004,7458.617,1.715927,0.8409992,Straight,Up,0,0.8032532,TransSlide
358.3999,21.01599,0,0.009613037,0.309514,0,-0.2341372,7459.458,1.715322,0.8404881,Straight,Up,0,0.7974701,TransSlide
358.4399,21.01587,0,0.02334595,0.309514,0,-0.2615003,7460.298,1.714703,0.8399768,Straight,Up,0,0.791687,TransSlide
358.4799,21.01577,0,0.07461548,0.309514,0,-0.2892488,7461.139,1.71435,0.8394645,Straight,Up,0,0.7859039,TransSlide
358.5199,21.0157,0,0.1606786,0.309514,0,-0.3172701,7461.98,1.713916,0.8389515,Straight,Up,0,0.7801285,TransSlide
358.5599,21.01563,0,0.2201879,0.309514,0,-0.3454397,7462.821,1.713637,0.8384378,Straight,Up,0,0.7743454,TransSlide
358.5999,21.01566,0,0.2613866,0.309514,0,-0.3735703,7463.662,1.713298,0.8379238,Straight,Up,0,0.7685547,TransSlide
358.6399,21.01548,0,0.2623022,0.309514,0,-0.4015611,7464.502,1.713002,0.8374089,Straight,Up,0,0.7627792,TransSlide
358.6799,21.01535,0,0.2366674,0.309514,0,-0.4294737,7465.343,1.71222,0.8368932,Straight,Up,0,0.7569962,TransSlide
358.7199,21.01528,0,0.171665,0.309514,0,-0.45763,7466.184,1.711209,0.8363773,Straight,Up,0,0.7512054,TransSlide
358.7599,21.01522,0,0.1176488,0.309514,0,-0.4861261,7467.025,1.710534,0.8358603,Straight,Up,0,0.74543,TransSlide
358.7999,21.01496,0,0.02151489,0.309514,0,-0.514659,7467.866,1.710333,0.8353428,Straight,Up,0,0.7396469,TransSlide
358.8399,21.01473,0,-0.06546199,0.309514,0,-0.5434359,7468.707,1.709992,0.8348244,Straight,Up,0,0.7338562,TransSlide
358.8799,21.01472,0,-0.1377887,0.309514,0,-0.5722251,7469.547,1.709447,0.8343059,Straight,Up,0,0.7280731,TransSlide
358.9199,21.01389,0,-0.1551837,0.309514,0,-0.6008174,7470.388,1.707558,0.8337864,Straight,Up,0,0.7222977,TransSlide
358.9599,21.0155,0,-0.1551837,0.309514,0,-0.6224961,7471.229,1.70904,0.8332661,Straight,Up,0,0.7165146,TransSlide
358.9999,21.01654,0,-0.1121539,0.309514,0,-0.6445833,7472.07,1.710101,0.8327457,Straight,Up,0,0.7107468,TransSlide
359.0399,21.01609,0,-0.1011676,0.309514,0,-0.6665444,7472.911,1.710851,0.8322241,Straight,Up,0,0.7049713,TransSlide
359.0799,21.01861,0,-0.1139849,0.309514,0,-0.6890832,7473.751,1.710827,0.8317019,Straight,Up,0,0.6991806,TransSlide
359.1199,21.01978,0,-0.1853979,0.309514,0,-0.7112166,7474.592,1.709681,0.8311791,Straight,Up,0,0.6933899,TransSlide
359.1599,21.02033,0,-0.2439916,0.309514,0,-0.7323655,7475.433,1.706525,0.8306561,Straight,Up,0,0.6876068,TransSlide
359.1999,21.02318,0,-0.2925146,0.309514,0,-0.7467153,7476.274,1.706697,0.8301319,Straight,Up,0,0.6818237,TransSlide
359.2399,21.02561,0,-0.3208977,0.309514,0,-0.7617073,7477.115,1.70715,0.8296071,Left,Up,-0.08392937,0.676033,TransSlide
359.2799,21.02626,0,-0.3154045,0.309514,0,-0.7771363,7477.956,1.707979,0.8290818,Left,Up,-0.1101434,0.6642838,TransSlide
359.3199,21.02647,0,-0.2494848,0.309514,0,-0.7925187,7478.796,1.704846,0.8285562,Left,Up,-0.1101434,0.6499252,TransSlide
359.3599,21.03002,0,-0.2128637,0.289662,0,-0.8023032,7479.637,1.702776,0.8280295,Left,Up,-0.1101434,0.6355667,TransSlide
359.3999,21.03094,0,-0.208286,0.2856947,0,-0.8099468,7480.478,1.70266,0.8275021,Left,Up,-0.1101434,0.6212006,TransSlide
359.4399,21.02884,0,-0.2183568,0.2856947,0,-0.8184261,7481.319,1.703962,0.8269745,Left,Up,-0.1083524,0.606842,TransSlide
359.4799,21.02342,0,-0.2201879,0.2856947,0,-0.825506,7482.16,1.700948,0.8264461,Left,Up,-0.1370561,0.5924759,TransSlide
359.5199,21.02224,0,-0.2201879,0.2856947,0,-0.8257654,7483,1.700878,0.8259168,Left,Up,-0.1519511,0.5763092,TransSlide
359.5599,21.02201,0,-0.2256811,0.2856947,0,-0.8274744,7483.841,1.702317,0.8253869,Left,Up,-0.1506579,0.5587616,TransSlide
359.5999,21.01544,0,-0.2330053,0.2856947,0,-0.8291504,7484.682,1.700423,0.8248568,Left,Up,-0.1506579,0.5412292,TransSlide
359.6399,21.01531,0,-0.2366674,0.2817273,0,-0.822646,7485.523,1.701275,0.8243257,Left,Up,-0.1570175,0.5236816,TransSlide
359.6799,21.01433,0,-0.2366674,0.2737926,0,-0.8175573,7486.364,1.701776,0.8237939,Left,Up,-0.1855749,0.5061188,TransSlide
359.7199,21.00698,0,-0.2449071,0.2737926,0,-0.8111562,7487.204,1.699029,0.8232619,Left,Up,-0.1855749,0.4860229,TransSlide
359.7599,21.00526,0,-0.2513158,0.2737926,0,-0.7987174,7488.044,1.700087,0.8227288,Left,Up,-0.1855749,0.4658279,TransSlide
359.7999,21.00046,0,-0.2027929,0.2737926,0,-0.7875824,7488.884,1.699672,0.8221952,Left,Up,-0.1988102,0.4456329,TransSlide
359.8399,20.99623,0,-0.1524371,0.2698253,0,-0.7706271,7489.724,1.698953,0.8216609,Left,Up,-0.2167048,0.4248657,TransSlide
359.8799,20.9923,0,-0.1432818,0.2698253,0,-0.7522075,7490.563,1.700288,0.8211264,Left,Up,-0.2167048,0.4023209,TransSlide
359.9199,20.98995,0,-0.1615924,0.2698253,0,-0.730943,7491.403,1.698255,0.8205908,Left,Up,-0.2220564,0.3797913,TransSlide
359.9599,20.986,0,-0.1945531,0.2698253,0,-0.7055133,7492.243,1.699966,0.8200547,Left,Up,-0.2454926,0.3572235,TransSlide
359.9999,20.98264,0,-0.2449071,0.2698253,0,-0.6779743,7493.082,1.697553,0.8195184,Left,Up,-0.2454926,0.3324814,TransSlide
360.0399,20.97471,0,-0.2906835,0.2698253,0,-0.6458539,7493.921,1.696098,0.8189809,Left,Up,-0.2517883,0.3077393,TransSlide
360.0799,20.97431,0,-0.3575188,0.2698253,0,-0.6139383,7494.76,1.694763,0.818443,Left,Up,-0.2719625,0.2828445,TransSlide
360.1199,20.97189,0,-0.4234385,0.2698253,0,-0.581753,7495.599,1.696671,0.8179042,Left,Up,-0.2719625,0.2561035,TransSlide
360.1599,20.96968,0,-0.4701304,0.2698253,0,-0.5504124,7496.438,1.698029,0.8173654,Left,Up,-0.2859903,0.2293472,TransSlide
360.1999,20.96589,0,-0.5113292,0.2698253,0,-0.5202496,7497.276,1.698335,0.8168254,Left,Up,-0.2967354,0.2016602,TransSlide
360.2399,20.96505,0,-0.5195689,0.2698253,0,-0.4911594,7498.115,1.697634,0.816285,Left,Up,-0.3032579,0.1729431,TransSlide
360.2799,20.96387,0,-0.5195689,0.2698253,0,-0.4635649,7498.954,1.696277,0.8157442,Left,Flat,-0.3202056,0.1439972,TransSlide
360.3199,20.96252,0,-0.5195689,0.2698253,0,-0.4371749,7499.793,1.694821,0.8152025,Left,Flat,-0.3232465,0.1134491,TransSlide
360.3599,20.96106,0,-0.5131602,0.2698253,0,-0.4126087,7500.632,1.694255,0.8146601,Left,Flat,-0.3420692,0.08287048,TransSlide
360.3999,20.95907,0,-0.505836,0.2698253,0,-0.3891839,7501.47,1.692707,0.8141172,Left,Flat,-0.3127867,0.05067444,TransSlide
360.4399,20.95561,0,-0.471046,0.2698253,0,-0.3667203,7502.308,1.690232,0.8135741,Right,Flat,0.05233916,0.01833344,TransSlide
360.4799,20.95339,0,-0.422523,0.2698253,0,-0.3463056,7503.146,1.686786,0.8130298,Right,Flat,0.06852804,-0.02502441,TransSlide
360.5199,20.95553,0,-0.3575188,0.2698253,0,-0.3307999,7503.984,1.689537,0.812485,Right,Flat,0.07132626,-0.06983948,TransSlide
360.5599,20.95574,0,-0.3218132,0.2698253,0,-0.3162616,7504.822,1.692121,0.8119396,Right,Flat,0.06852804,-0.1146469,TransSlide
360.5999,20.95276,0,-0.2806127,0.2698253,0,-0.3029324,7505.66,1.693781,0.811394,Right,Down,0.06852804,-0.1594925,TransSlide
360.6399,20.95566,0,-0.2604711,0.2698253,0,-0.2906664,7506.498,1.693628,0.8108474,Right,Down,0.06852804,-0.2044296,TransSlide
360.6799,20.95807,0,-0.256809,0.2698253,0,-0.279651,7507.335,1.692218,0.8103001,Right,Down,0.07132626,-0.2494202,TransSlide
360.7199,20.96011,0,-0.2439916,0.2698253,0,-0.2699246,7508.174,1.690445,0.8097526,Right,Down,0.06852804,-0.2944336,TransSlide
360.7599,20.96198,0,-0.2201879,0.2658579,0,-0.2617707,7509.013,1.68869,0.8092043,Right,Down,0.06852804,-0.3394699,TransSlide
360.7999,20.96326,0,-0.1899755,0.2658579,0,-0.2548357,7509.852,1.687271,0.8086552,Right,Down,0.07132626,-0.3845215,TransSlide
360.8399,20.96413,0,-0.1606768,0.2658579,0,-0.2494462,7510.69,1.686218,0.8081055,Straight,Down,0.02797646,-0.4295883,TransSlide
360.8799,20.96499,0,-0.1432818,0.2618906,0,-0.2452282,7511.529,1.685232,0.8075557,Straight,Down,0,-0.4579849,TransSlide
360.9199,20.96534,0,-0.1231402,0.2618906,0,-0.2423628,7512.368,1.684564,0.8070049,Straight,Down,-0.01978234,-0.4702454,TransSlide
360.9599,20.96538,0,-0.1130694,0.2618906,0,-0.2409041,7513.207,1.683721,0.8064534,Straight,Down,0,-0.4825211,TransSlide
360.9999,20.96542,0,-0.1011676,0.2618906,0,-0.240834,7514.046,1.682801,0.8059018,Straight,Down,-0.01978234,-0.4947968,TransSlide
361.0399,20.96549,0,-0.09018123,0.2618906,0,-0.2420397,7514.885,1.682124,0.8053491,Straight,Down,-0.01978234,-0.5070801,TransSlide
361.0799,20.96564,0,-0.06454647,0.2618906,0,-0.2443739,7515.724,1.681581,0.8047959,Straight,Down,-0.01978234,-0.5193558,TransSlide
361.1199,20.9658,0,-0.004119873,0.2618906,0,-0.247757,7516.563,1.681324,0.8042421,Straight,Down,-0.01978234,-0.5316391,TransSlide
361.1599,20.966,0,0.05813599,0.2618906,0,-0.2520113,7517.401,1.680801,0.803688,Straight,Down,0,-0.5439224,TransSlide
361.1999,20.96625,0,0.09933472,0.2618906,0,-0.2570502,7518.24,1.680108,0.803133,Straight,Down,0,-0.5562134,TransSlide
361.2399,20.96653,0,0.1039124,0.2618906,0,-0.2628722,7519.079,1.6797,0.8025774,Straight,Down,0,-0.5685043,TransSlide
361.2799,20.96684,0,0.1039124,0.2618906,0,-0.2696448,7519.918,1.679196,0.8020216,Straight,Down,0,-0.5808029,TransSlide
361.3199,20.96718,0,0.1039124,0.2618906,0,-0.2771044,7520.757,1.678686,0.8014649,Straight,Down,-0.01978234,-0.5930939,TransSlide
361.3599,20.96753,0,0.1130676,0.2618906,0,-0.2852304,7521.596,1.678272,0.8009074,Straight,Down,0,-0.6053925,TransSlide
361.3999,20.9679,0,0.1542699,0.2618906,0,-0.2941432,7522.435,1.677692,0.8003495,Straight,Down,0,-0.617691,TransSlide
361.4399,20.9683,0,0.2018774,0.2579232,0,-0.3033927,7523.273,1.677307,0.7997915,Straight,Down,0,-0.6299896,TransSlide
361.4799,20.96818,0,0.2384984,0.2579232,0,-0.313111,7524.112,1.676887,0.7992322,Straight,Down,0,-0.6422882,TransSlide
361.5199,20.96772,0,0.2980077,0.2579232,0,-0.3230478,7524.951,1.676461,0.7986724,Straight,Down,0,-0.6545868,TransSlide
361.5599,20.96725,0,0.3392065,0.2579232,0,-0.3329813,7525.79,1.67597,0.7981123,Straight,Down,-0.01978234,-0.666893,TransSlide
361.5999,20.96677,0,0.3446996,0.2579232,0,-0.3431793,7526.629,1.675344,0.7975518,Straight,Down,-0.01978234,-0.6791916,TransSlide
361.6399,20.9663,0,0.2961767,0.2579232,0,-0.3532271,7527.468,1.67479,0.7969903,Straight,Down,-0.01978234,-0.6914902,TransSlide
361.6799,20.96585,0,0.2430761,0.2579232,0,-0.3633536,7528.307,1.674517,0.7964283,Straight,Down,-0.01978234,-0.7037964,TransSlide
361.7199,20.96523,0,0.1780736,0.2579232,0,-0.3735796,7529.146,1.674281,0.795866,Straight,Down,-0.01978234,-0.716095,TransSlide
361.7599,20.96458,0,0.1478612,0.2579232,0,-0.3838705,7529.984,1.673929,0.7953029,Straight,Down,-0.01978234,-0.7284012,TransSlide
361.7999,20.9641,0,0.1185644,0.2579232,0,-0.3942759,7530.823,1.673272,0.7947391,Straight,Down,-0.01978234,-0.7406998,TransSlide
361.8399,20.96343,0,0.09292603,0.2579232,0,-0.4047669,7531.662,1.672565,0.7941748,Straight,Down,-0.01978234,-0.7529984,TransSlide
361.8799,20.96282,0,0.07461548,0.2579232,0,-0.4151985,7532.501,1.671972,0.7936102,Straight,Down,-0.01978234,-0.7652969,TransSlide
361.9199,20.96198,0,0.04440308,0.2579232,0,-0.425398,7533.34,1.671461,0.7930448,Straight,Down,0,-0.7775955,TransSlide
361.9599,20.96117,0,0.01052856,0.2579232,0,-0.4353658,7534.179,1.671018,0.7924787,Straight,Down,-0.01978234,-0.7898941,TransSlide
361.9999,20.96043,0,-0.02243042,0.2579232,0,-0.4451674,7535.018,1.670569,0.7919125,Straight,Down,0,-0.8021851,TransSlide
362.0399,20.95971,0,-0.05172729,0.2579232,0,-0.45464,7535.856,1.670225,0.7913452,Straight,Down,-0.01978234,-0.8144913,TransSlide
362.0799,20.95889,0,-0.07095516,0.2579232,0,-0.4638179,7536.694,1.669753,0.7907776,Straight,Down,0,-0.8267822,TransSlide
362.1199,20.95823,0,-0.08835018,0.2579232,0,-0.4727468,7537.532,1.669151,0.7902091,Straight,Down,0,-0.8390732,TransSlide
362.1599,20.9572,0,-0.0956744,0.2579232,0,-0.480576,7538.37,1.667926,0.7896407,Straight,Down,0,-0.8513565,TransSlide
362.1999,20.95823,0,-0.1011676,0.2579232,0,-0.481702,7539.208,1.669308,0.7890713,Straight,Down,-0.01978234,-0.8636322,TransSlide
362.2399,20.95872,0,-0.1121539,0.2579232,0,-0.4827481,7540.046,1.670203,0.7885012,Straight,Down,0,-0.8759079,TransSlide
362.2799,20.95811,0,-0.1139849,0.2579232,0,-0.4835654,7540.884,1.670616,0.787931,Straight,Down,-0.01978234,-0.8881912,TransSlide
362.3199,20.95966,0,-0.1176471,0.2579232,0,-0.4845062,7541.722,1.670202,0.7873599,Straight,Down,0,-0.9004745,TransSlide
362.3599,20.96096,0,-0.1176471,0.2579232,0,-0.4852927,7542.561,1.669313,0.7867882,Straight,Down,-0.01978234,-0.9127731,TransSlide
362.3999,20.96213,0,-0.1176471,0.2579232,0,-0.4861472,7543.4,1.668294,0.7862159,Straight,Down,0,-0.9250641,TransSlide
362.4399,20.96323,0,-0.1112384,0.2579232,0,-0.4869496,7544.239,1.667232,0.7856435,Straight,Down,-0.01978234,-0.937355,TransSlide
362.4799,20.96428,0,-0.1066607,0.2579232,0,-0.4876485,7545.078,1.666221,0.7850701,Straight,Down,0,-0.9496536,TransSlide
362.5199,20.96529,0,-0.1066607,0.2579232,0,-0.4884061,7545.917,1.66512,0.7844962,Straight,Down,0,-0.9619446,TransSlide
362.5599,20.96629,0,-0.1066607,0.2579232,0,-0.4892455,7546.755,1.664218,0.7839217,Straight,Down,-0.02797646,-0.9742432,TransSlide
362.5999,20.96725,0,-0.1057452,0.2579232,0,-0.4901515,7547.594,1.663459,0.7833471,Straight,Down,-0.02797646,-0.9780273,TransSlide
362.6399,20.9682,0,-0.09018123,0.2579232,0,-0.4910939,7548.433,1.662784,0.7827714,Straight,Down,-0.02797646,-0.9797897,TransSlide
362.6799,20.96914,0,-0.07095516,0.2579232,0,-0.4922574,7549.272,1.662107,0.7821953,Straight,Down,-0.02797646,-0.9815445,TransSlide
362.7199,20.9701,0,-0.04623413,0.2420539,0,-0.493458,7550.111,1.661381,0.7816191,Straight,Down,-0.02797646,-0.9832993,TransSlide
362.7599,20.96841,0,-0.0352478,0.2301518,0,-0.4948353,7550.95,1.660885,0.7810417,Straight,Down,-0.02797646,-0.9850616,TransSlide
362.7999,20.96288,0,-0.03341675,0.2222171,0,-0.4964261,7551.789,1.660738,0.7804639,Straight,Down,-0.02797646,-0.9868164,TransSlide
362.8399,20.95569,0,-0.02975464,0.2182498,0,-0.4982829,7552.626,1.659754,0.7798856,Straight,Down,-0.02797646,-0.9885712,TransSlide
362.8799,20.94827,0,-0.02975464,0.2142824,0,-0.5001995,7553.464,1.658662,0.7793072,Straight,Down,-0.02797646,-0.9903259,TransSlide
362.9199,20.93927,0,-0.02975464,0.2142824,0,-0.5026149,7554.302,1.657902,0.7787277,Straight,Down,-0.03426402,-0.9920807,TransSlide
362.9599,20.93026,0,-0.02975464,0.2142824,0,-0.5053533,7555.139,1.657237,0.7781476,Straight,Down,-0.02797646,-0.9938354,TransSlide
362.9999,20.92104,0,-0.02975464,0.2142824,0,-0.5081652,7555.976,1.656643,0.7775676,Straight,Down,-0.02797646,-0.9955902,TransSlide
363.0399,20.91278,0,-0.02975464,0.2142824,0,-0.5056421,7556.813,1.656632,0.7769866,Straight,Down,-0.02797646,-0.9973373,TransSlide
363.0799,20.90428,0,-0.02975464,0.2142824,0,-0.5002398,7557.649,1.656881,0.7764049,Straight,Down,-0.02797646,-0.9990997,TransSlide
363.1199,20.89582,0,-0.02883911,0.2103151,0,-0.4949126,7558.485,1.657,0.7758227,Straight,Down,-0.02797646,-1.000847,TransSlide
363.1599,20.88628,0,-0.02792358,0.2103151,0,-0.4898317,7559.321,1.656694,0.7752405,Straight,Down,-0.02797646,-1.002594,TransSlide
363.1999,20.8772,0,-0.02792358,0.2103151,0,-0.4850914,7560.156,1.65615,0.7746573,Straight,Down,-0.02797646,-1.004341,TransSlide
363.2399,20.86817,0,-0.02792358,0.2063325,0,-0.4803301,7560.991,1.65562,0.7740735,Straight,Down,-0.02797646,-1.006088,TransSlide
363.2799,20.85867,0,-0.03341675,0.1944305,0,-0.4759471,7561.825,1.654997,0.7734897,Straight,Down,-0.02797646,-1.007835,TransSlide
363.3199,20.84691,0,-0.03433228,0.1745937,0,-0.4717693,7562.659,1.654182,0.7729048,Straight,Down,-0.02797646,-1.009583,TransSlide
363.3599,20.83078,0,-0.03433228,0.1626917,0,-0.4677036,7563.493,1.653491,0.7723196,Straight,Down,-0.03426402,-1.01133,TransSlide
363.3999,20.81172,0,-0.03433228,0.1587244,0,-0.4638956,7564.325,1.652744,0.7717336,Straight,Down,-0.03426402,-1.013069,TransSlide
363.4399,20.79149,0,-0.04074097,0.1587244,0,-0.4603019,7565.157,1.652078,0.7711475,Straight,Down,-0.03956468,-1.014816,TransSlide
363.4799,20.77135,0,-0.04806519,0.1507896,0,-0.4571763,7565.988,1.651773,0.7705606,Straight,Down,-0.03956468,-1.014084,TransSlide
363.5199,20.74994,0,-0.07095516,0.1349203,0,-0.4544269,7566.818,1.651562,0.7699732,Straight,Down,-0.03956468,-1.013153,TransSlide
363.5599,20.72515,0,-0.08835018,0.123003,0,-0.451997,7567.647,1.650082,0.7693856,Straight,Down,-0.03956468,-1.012222,TransSlide
363.5999,20.69709,0,-0.1112384,0.0991989,0,-0.4495015,7568.476,1.648918,0.7687971,Straight,Down,-0.03956468,-1.011299,TransSlide
363.6399,20.66434,0,-0.1295489,0.08332952,0,-0.4477207,7569.302,1.648086,0.768208,Straight,Down,-0.03956468,-1.010376,TransSlide
363.6799,20.62801,0,-0.1414508,0.07936218,0,-0.4450686,7570.128,1.647359,0.7676185,Straight,Down,-0.03956468,-1.009453,TransSlide
363.7199,20.59111,0,-0.1551837,0.07936218,0,-0.4354758,7570.952,1.647428,0.7670288,Straight,Down,-0.03956468,-1.00853,TransSlide
363.7599,20.55377,0,-0.1780736,0.07936218,0,-0.4260212,7571.774,1.647515,0.7664382,Straight,Down,-0.03956468,-1.007614,TransSlide
363.7999,20.51665,0,-0.208286,0.07936218,0,-0.416842,7572.595,1.647541,0.7658471,Straight,Down,-0.03956468,-1.006691,TransSlide
363.8399,20.4797,0,-0.2366674,0.07936218,0,-0.4080395,7573.415,1.647215,0.7652554,Straight,Down,-0.04423466,-1.005775,TransSlide
363.8799,20.44289,0,-0.2613866,0.07936218,0,-0.3996722,7574.233,1.646615,0.7646637,Straight,Down,-0.04423466,-1.004852,TransSlide
363.9199,20.40622,0,-0.2980095,0.07936218,0,-0.3917282,7575.05,1.646066,0.764071,Straight,Down,-0.04423466,-1.003937,TransSlide
363.9599,20.36966,0,-0.3208977,0.07936218,0,-0.3843369,7575.865,1.645553,0.7634779,Straight,Down,-0.03956468,-1.003021,TransSlide
363.9999,20.33319,0,-0.3456169,0.07936218,0,-0.3775906,7576.679,1.645002,0.7628844,Straight,Down,-0.03956468,-1.002113,TransSlide
364.0399,20.29682,0,-0.3703362,0.07936218,0,-0.3714687,7577.491,1.644483,0.7622903,Straight,Down,-0.03956468,-1.001198,TransSlide
364.0799,20.26018,0,-0.3913933,0.07936218,0,-0.366404,7578.302,1.6444,0.7616954,Straight,Down,-0.04423466,-1.00029,TransSlide
364.1199,20.22357,0,-0.4115367,0.07936218,0,-0.3616242,7579.111,1.642675,0.7611004,Straight,Down,-0.04845664,-0.9993744,TransSlide
364.1599,20.18689,0,-0.422523,0.07936218,0,-0.3574038,7579.919,1.641266,0.7605049,Left,Down,-0.05233916,-0.9967422,TransSlide
364.1999,20.15043,0,-0.4335093,0.07936218,0,-0.3544771,7580.725,1.640192,0.7599087,Left,Down,-0.05233916,-0.994072,TransSlide
364.2399,20.1143,0,-0.4527354,0.07936218,0,-0.348052,7581.53,1.639784,0.7593119,Left,Down,-0.05233916,-0.9914093,TransSlide
364.2799,20.0781,0,-0.4600596,0.07936218,0,-0.3385231,7582.333,1.639807,0.758715,Left,Down,-0.05233916,-0.9887466,TransSlide
364.3199,20.04183,0,-0.4600596,0.07936218,0,-0.3299571,7583.136,1.639845,0.7581173,Straight,Down,-0.04845664,-0.9860992,TransSlide
364.3599,20.00577,0,-0.4527354,0.07936218,0,-0.3223458,7583.936,1.63972,0.7575189,Straight,Down,-0.04845664,-0.9834518,TransSlide
364.3999,19.96992,0,-0.3923088,0.1031662,0,-0.3159241,7584.735,1.639434,0.7569202,Straight,Down,-0.04845664,-0.9807968,TransSlide
364.4399,19.93928,0,-0.2925146,0.1190356,0,-0.3106063,7585.533,1.638916,0.7563213,Straight,Down,-0.04845664,-0.978157,TransSlide
364.4799,19.91178,0,-0.2137792,0.123003,0,-0.3061531,7586.33,1.638314,0.7557216,Left,Down,-0.05233916,-0.9755173,TransSlide
364.5199,19.88594,0,-0.08285701,0.1269856,0,-0.3026678,7587.126,1.6379,0.7551213,Left,Down,-0.05233916,-0.9728775,TransSlide
364.5599,19.86074,0,0.02243042,0.1309529,0,-0.3005466,7587.92,1.638104,0.754521,Straight,Down,-0.04845664,-0.9702377,TransSlide
364.5999,19.83599,0,0.05813599,0.1349203,0,-0.298768,7588.714,1.636537,0.7539197,Straight,Down,-0.04845664,-0.9676056,TransSlide
364.6399,19.81194,0,0.08743286,0.142855,0,-0.2975545,7589.506,1.634885,0.7533179,Left,Down,-0.05233916,-0.9649734,TransSlide
364.6799,19.79001,0,0.08834839,0.142855,0,-0.2973658,7590.298,1.633372,0.7527156,Left,Down,-0.05934703,-0.9623413,TransSlide
364.7199,19.7687,0,0.08834839,0.142855,0,-0.291714,7591.089,1.633335,0.7521133,Left,Down,-0.05934703,-0.9583664,TransSlide
364.7599,19.74736,0,0.07461548,0.142855,0,-0.2850088,7591.879,1.633394,0.75151,Left,Down,-0.06255726,-0.9542694,TransSlide
364.7999,19.726,0,0.06271362,0.142855,0,-0.2789466,7592.668,1.63351,0.7509063,Left,Down,-0.05934703,-0.9501801,TransSlide
364.8399,19.70474,0,0.05081177,0.1468223,0,-0.2734207,7593.457,1.633339,0.750302,Left,Down,-0.05934703,-0.9460907,TransSlide
364.8799,19.68467,0,0.03341675,0.1468223,0,-0.2686317,7594.245,1.632974,0.7496978,Left,Down,-0.05934703,-0.942009,TransSlide
364.9199,19.66468,0,0.01052856,0.1468223,0,-0.2646663,7595.031,1.632369,0.7490925,Left,Down,-0.05934703,-0.9379272,TransSlide
364.9599,19.64469,0,-0.01693726,0.1468223,0,-0.2617676,7595.817,1.632204,0.7484869,Left,Down,-0.06255726,-0.9338379,TransSlide
364.9999,19.62438,0,-0.06363094,0.1468223,0,-0.2597464,7596.603,1.631747,0.7478812,Left,Down,-0.05934703,-0.9297638,TransSlide
365.0399,19.60361,0,-0.0993365,0.1468223,0,-0.2576907,7597.387,1.629907,0.7472745,Left,Down,-0.05934703,-0.9256821,TransSlide
365.0799,19.5831,0,-0.1194781,0.1468223,0,-0.2561785,7598.17,1.62799,0.7466673,Left,Down,-0.06255726,-0.9216156,TransSlide
365.1199,19.56343,0,-0.1368731,0.1468223,0,-0.2507576,7598.953,1.627466,0.7460597,Left,Down,-0.06255726,-0.9175415,TransSlide
365.1599,19.54342,0,-0.148775,0.1468223,0,-0.2431496,7599.735,1.627608,0.7454521,Left,Down,-0.06852804,-0.9134903,TransSlide
365.1999,19.52302,0,-0.1835668,0.1468223,0,-0.2353917,7600.516,1.627871,0.7448434,Left,Down,-0.07401875,-0.9082184,TransSlide
365.2399,19.50273,0,-0.2183568,0.1468223,0,-0.227993,7601.296,1.627773,0.7442343,Left,Down,-0.07132626,-0.9027863,TransSlide
365.2799,19.48285,0,-0.2330053,0.1468223,0,-0.2211959,7602.076,1.627509,0.7436253,Left,Down,-0.07132626,-0.8973541,TransSlide
365.3199,19.46328,0,-0.2366674,0.1468223,0,-0.215233,7602.854,1.627343,0.7430153,Left,Down,-0.07132626,-0.891922,TransSlide
365.3599,19.443,0,-0.2320898,0.1468223,0,-0.2103157,7603.632,1.627506,0.7424048,Left,Down,-0.07132626,-0.8864975,TransSlide
365.3999,19.42233,0,-0.2256811,0.1468223,0,-0.2052532,7604.41,1.62548,0.7417938,Left,Down,-0.07132626,-0.881073,TransSlide
365.4399,19.40198,0,-0.2375829,0.1468223,0,-0.2006249,7605.186,1.623172,0.7411828,Left,Down,-0.07132626,-0.8756561,TransSlide
365.4799,19.38254,0,-0.2677953,0.1468223,0,-0.1913599,7605.961,1.62245,0.740571,Left,Down,-0.07132626,-0.8702393,TransSlide
365.5199,19.36262,0,-0.3218132,0.1468223,0,-0.1806126,7606.736,1.622539,0.7399585,Left,Down,-0.07132626,-0.8648376,TransSlide
365.5599,19.34243,0,-0.3758293,0.1468223,0,-0.1702725,7607.51,1.622738,0.7393462,Left,Down,-0.07661668,-0.859436,TransSlide
365.5999,19.32223,0,-0.4353404,0.1507896,0,-0.1603399,7608.283,1.622745,0.7387329,Left,Down,-0.08156469,-0.8534393,TransSlide
365.6399,19.30353,0,-0.4820323,0.154757,0,-0.1514899,7609.055,1.622706,0.7381191,Left,Down,-0.08392937,-0.8466721,TransSlide
365.6799,19.28516,0,-0.4939342,0.1587244,0,-0.1440624,7609.827,1.623219,0.7375048,Left,Down,-0.08392937,-0.83992,TransSlide
365.7199,19.26712,0,-0.5003428,0.1587244,0,-0.1370027,7610.598,1.621085,0.7368906,Left,Down,-0.08392937,-0.8331604,TransSlide
365.7599,19.24944,0,-0.505836,0.1626917,0,-0.1306264,7611.368,1.618514,0.7362754,Left,Down,-0.08392937,-0.8264008,TransSlide
365.7999,19.23355,0,-0.5177379,0.1745937,0,-0.1187884,7612.137,1.618183,0.7356598,Left,Down,-0.08156469,-0.8196564,TransSlide
365.8399,19.21945,0,-0.5406278,0.1745937,0,-0.1075034,7612.906,1.618244,0.7350437,Left,Down,-0.08156469,-0.812912,TransSlide
365.8799,19.20509,0,-0.561685,0.1745937,0,-0.09666848,7613.674,1.618536,0.7344277,Left,Down,-0.08156469,-0.8061829,TransSlide
365.9199,19.19087,0,-0.6019682,0.1785611,0,-0.08694011,7614.442,1.618567,0.7338106,Left,Down,-0.08846933,-0.7994461,TransSlide
365.9599,19.17763,0,-0.6321806,0.1825284,0,-0.07912099,7615.209,1.61933,0.7331932,Left,Down,-0.09487279,-0.7922821,TransSlide
365.9999,19.1645,0,-0.6724656,0.1825284,0,-0.07203916,7615.976,1.617553,0.7325758,Left,Down,-0.09487279,-0.7841492,TransSlide
366.0399,19.15154,0,-0.6971848,0.1864958,0,-0.06617889,7616.742,1.614528,0.7319574,Left,Down,-0.09487279,-0.7760239,TransSlide
366.0799,19.1404,0,-0.7035935,0.1983978,0,-0.0551042,7617.508,1.613995,0.7313386,Left,Down,-0.09487279,-0.7678986,TransSlide
366.1199,19.13117,0,-0.7035935,0.2103151,0,-0.04533088,7618.273,1.614113,0.7307193,Left,Down,-0.09691329,-0.7597809,TransSlide
366.1599,19.12392,0,-0.6898606,0.2261845,0,-0.03685972,7619.038,1.614393,0.7301,Left,Down,-0.09278741,-0.7516708,TransSlide
366.1999,19.12006,0,-0.67155,0.2261845,0,-0.03041443,7619.803,1.615088,0.7294799,Left,Down,-0.09487279,-0.7435532,TransSlide
366.2399,19.11597,0,-0.6367582,0.2261845,0,-0.02538094,7620.567,1.614873,0.7288592,Left,Down,-0.1008706,-0.7354202,TransSlide
366.2799,19.11136,0,-0.5955595,0.2301518,0,-0.02169958,7621.332,1.611962,0.7282386,Left,Down,-0.1083524,-0.7268219,TransSlide
366.3199,19.1099,0,-0.5488676,0.2301518,0,-0.01456311,7622.097,1.610441,0.7276172,Left,Down,-0.1065312,-0.7172318,TransSlide
366.3599,19.10793,0,-0.5433744,0.2341192,0,-0.0072864,7622.861,1.610451,0.7269952,Left,Down,-0.1065312,-0.7076569,TransSlide
366.3999,19.10555,0,-0.5479521,0.2499886,0,-0.001205683,7623.626,1.610827,0.7263728,Left,Down,-0.1083524,-0.698082,TransSlide
366.4399,19.10619,0,-0.561685,0.2737926,0,0.002531856,7624.391,1.612144,0.7257505,Left,Down,-0.1065312,-0.6884918,TransSlide
366.4799,19.11034,0,-0.5671781,0.2817273,0,0.00491184,7625.155,1.610564,0.7251272,Left,Down,-0.1065312,-0.678894,TransSlide
366.5199,19.11888,0,-0.5708402,0.2856947,0,0.006780028,7625.92,1.607408,0.7245035,Left,Down,-0.1136409,-0.6692886,TransSlide
366.5599,19.1293,0,-0.5717558,0.2856947,0,0.0131056,7626.685,1.607069,0.7238798,Left,Down,-0.1203313,-0.6593246,TransSlide
366.5999,19.13969,0,-0.5836576,0.2856947,0,0.01648825,7627.451,1.607368,0.7232552,Left,Down,-0.1203313,-0.6481628,TransSlide
366.6399,19.14721,0,-0.6083769,0.2856947,0,0.01764241,7628.216,1.609032,0.7226302,Left,Down,-0.1219466,-0.637001,TransSlide
366.6799,19.15368,0,-0.6321806,0.2856947,0,0.0175378,7628.982,1.607794,0.7220047,Left,Down,-0.1219466,-0.6258163,TransSlide
366.7199,19.16272,0,-0.6614792,0.2856947,0,0.01738593,7629.749,1.604649,0.7213793,Left,Down,-0.1219466,-0.6146164,TransSlide
366.7599,19.17232,0,-0.6797898,0.2856947,0,0.02105722,7630.516,1.604327,0.720753,Left,Down,-0.1235407,-0.6034164,TransSlide
366.7999,19.18289,0,-0.6889451,0.2856947,0,0.0213474,7631.283,1.605024,0.7201263,Left,Down,-0.1370561,-0.5922241,TransSlide
366.8399,19.18812,0,-0.6889451,0.2856947,0,0.01965627,7632.051,1.607364,0.7194991,Left,Down,-0.1370561,-0.5794678,TransSlide
366.8799,19.19409,0,-0.6889451,0.2856947,0,0.01671219,7632.818,1.603415,0.7188719,Left,Down,-0.1356209,-0.5666122,TransSlide
366.9199,19.20358,0,-0.6889451,0.2856947,0,0.01759359,7633.586,1.602158,0.718244,Left,Down,-0.1356209,-0.5537491,TransSlide
366.9599,19.21379,0,-0.6788743,0.2856947,0,0.01767418,7634.355,1.60204,0.7176154,Left,Down,-0.1370561,-0.5408707,TransSlide
366.9999,19.22182,0,-0.6651413,0.2856947,0,0.01446354,7635.124,1.604544,0.716987,Left,Down,-0.14537,-0.5279999,TransSlide
367.0399,19.22466,0,-0.6321806,0.289662,0,0.01021498,7635.892,1.601426,0.7163576,Left,Down,-0.1532334,-0.5143738,TransSlide
367.0799,19.23409,0,-0.6074613,0.2936446,0,0.009638488,7636.662,1.600038,0.715728,Left,Down,-0.1519511,-0.4997482,TransSlide
367.1199,19.24586,0,-0.5891508,0.309514,0,0.008446753,7637.431,1.600435,0.7150978,Left,Down,-0.1519511,-0.4851074,TransSlide
367.1599,19.25644,0,-0.5845731,0.3134814,0,0.004505426,7638.202,1.602572,0.7144677,Left,Down,-0.1519511,-0.4704666,TransSlide
367.1999,19.26636,0,-0.5845731,0.3134814,0,0.0003924668,7638.972,1.597898,0.7138367,Left,Down,-0.1619255,-0.4558105,TransSlide
367.2399,19.28094,0,-0.5845731,0.3134814,0,0.001066595,7639.743,1.597902,0.7132054,Left,Down,-0.1690205,-0.4402695,TransSlide
367.2799,19.29724,0,-0.5845731,0.3134814,0,-0.002290875,7640.515,1.599956,0.712574,Left,Down,-0.1690205,-0.4237213,TransSlide
367.3199,19.3036,0,-0.594644,0.3134814,0,-0.006761432,7641.287,1.598132,0.7119418,Left,Down,-0.1678588,-0.4071655,TransSlide
367.3599,19.31555,0,-0.6010526,0.3134814,0,-0.007012874,7642.06,1.595996,0.711309,Left,Down,-0.1724585,-0.3905869,TransSlide
367.3999,19.32809,0,-0.6184477,0.3134814,0,-0.00804615,7642.833,1.59422,0.7106761,Left,Down,-0.1866263,-0.3739929,TransSlide
367.4399,19.34098,0,-0.6559861,0.2936446,0,-0.01209828,7643.606,1.594837,0.7100431,Left,Down,-0.1866263,-0.3554459,TransSlide
367.4799,19.3466,0,-0.7017624,0.289662,0,-0.01155782,7644.379,1.593299,0.7094092,Left,Down,-0.1876719,-0.336853,TransSlide
367.5199,19.35102,0,-0.762189,0.289662,0,-0.01130366,7645.153,1.590172,0.7087748,Left,Down,-0.1907741,-0.3182755,TransSlide
367.5599,19.35654,0,-0.8088809,0.289662,0,-0.01303974,7645.928,1.592801,0.7081406,Left,Down,-0.2055842,-0.299675,TransSlide
367.5999,19.3586,0,-0.8381778,0.289662,0,-0.009530783,7646.702,1.590716,0.7075056,Left,Down,-0.2065338,-0.2791519,TransSlide
367.6399,19.36549,0,-0.8693057,0.289662,0,-0.008459926,7647.477,1.591126,0.70687,Left,Down,-0.2055842,-0.2584839,TransSlide
367.6799,19.37063,0,-0.8931112,0.289662,0,-0.004572064,7648.251,1.59176,0.7062342,Left,Down,-0.2148914,-0.237793,TransSlide
367.7199,19.37279,0,-0.9388876,0.289662,0,-8.562207E-05,7649.026,1.58962,0.7055982,Left,Down,-0.2264194,-0.2164917,TransSlide
367.7599,19.37558,0,-0.9974831,0.2856947,0,0.00302583,7649.801,1.592376,0.7049616,Left,Down,-0.2264194,-0.1936035,TransSlide
367.7999,19.37947,0,-1.045091,0.2817273,0,0.01032811,7650.577,1.591019,0.7043244,Left,Down,-0.2306999,-0.1707077,TransSlide
367.8399,19.38434,0,-1.122912,0.27776,0,0.01501331,7651.352,1.58991,0.7036874,Left,Flat,-0.2470816,-0.1478348,TransSlide
367.8799,19.38617,0,-1.18059,0.27776,0,0.0196493,7652.127,1.591742,0.7030495,Left,Flat,-0.2478722,-0.1227036,TransSlide
367.9199,19.38489,0,-1.234608,0.27776,0,0.02646032,7652.903,1.589959,0.7024112,Left,Flat,-0.2517883,-0.09749603,TransSlide
367.9599,19.38801,0,-1.245595,0.27776,0,0.03083634,7653.678,1.58855,0.7017725,Left,Flat,-0.2705197,-0.07229614,TransSlide
367.9999,19.39002,0,-1.239186,0.27776,0,0.03522748,7654.454,1.589567,0.7011339,Left,Flat,-0.2719625,-0.04710388,TransSlide
368.0399,19.38912,0,-1.21538,0.27776,0,0.0411323,7655.229,1.588371,0.7004943,Left,Flat,-0.2859903,-0.02192688,TransSlide
368.0799,19.39033,0,-1.187915,0.27776,0,0.04449132,7656.004,1.586445,0.6998546,Left,Flat,-0.3102743,-0.005218506,TransSlide
368.1199,19.39352,0,-1.133898,0.27776,0,0.04581982,7656.78,1.58818,0.6992142,Left,Flat,-0.3102743,-0.01908112,TransSlide
368.1599,19.39382,0,-0.8912802,0.3055466,0,0.050302,7657.555,1.587072,0.6985741,Left,Flat,-0.2960753,-0.0329361,TransSlide
368.1999,19.39629,0,-0.8848715,0.3055466,0,0.05281991,7658.331,1.584597,0.6979331,Left,Flat,-0.2920831,-0.04616547,TransSlide
368.2399,19.40941,0,-0.8509952,0.309514,0,0.05143562,7659.107,1.585911,0.6972917,Left,Flat,-0.2859903,-0.05916595,TransSlide
368.2799,19.41588,0,-0.6779587,0.309514,0,0.05334488,7659.883,1.58558,0.6966503,Left,Flat,-0.2741124,-0.07205963,TransSlide
368.3199,19.42265,0,-0.5534452,0.309514,0,0.05433321,7660.66,1.584425,0.6960081,Left,Flat,-0.2741124,-0.08422852,TransSlide
368.3599,19.43127,0,-0.4106212,0.309514,0,0.05292064,7661.438,1.58208,0.6953655,Left,Flat,-0.2654082,-0.09638977,TransSlide
368.3999,19.44305,0,-0.3382927,0.309514,0,0.04819283,7662.215,1.584171,0.6947226,Left,Flat,-0.2564087,-0.1082764,TransSlide
368.4399,19.45207,0,-0.3089958,0.309514,0,0.04843846,7662.993,1.583,0.6940798,Left,Flat,-0.2564087,-0.1196289,TransSlide
368.4799,19.46006,0,-0.3053337,0.309514,0,0.04678413,7663.771,1.581573,0.693436,Left,Flat,-0.2478722,-0.1309738,TransSlide
368.5199,19.4712,0,-0.3053337,0.3134814,0,0.04201564,7664.55,1.579453,0.6927919,Left,Flat,-0.2390311,-0.1420135,TransSlide
368.5599,19.48394,0,-0.291599,0.3134814,0,0.0340001,7665.33,1.58167,0.6921479,Left,Down,-0.2390311,-0.1525574,TransSlide
368.5999,19.49433,0,-0.2504003,0.3134814,0,0.03118503,7666.109,1.581009,0.691503,Left,Down,-0.2332305,-0.1630936,TransSlide
368.6399,19.50474,0,-0.1945531,0.3134814,0,0.02683419,7666.889,1.579921,0.6908578,Left,Down,-0.2211734,-0.1735306,TransSlide
368.6799,19.5158,0,-0.1670855,0.3134814,0,0.02055085,7667.669,1.577561,0.6902123,Left,Down,-0.2211734,-0.1832733,TransSlide
368.7199,19.53038,0,-0.1670855,0.3134814,0,0.01176432,7668.451,1.578086,0.6895669,Left,Down,-0.2220564,-0.1930084,TransSlide
368.7599,19.54093,0,-0.2073705,0.3134814,0,0.00515902,7669.232,1.578585,0.6889204,Left,Down,-0.20842,-0.2027512,TransSlide
368.7999,19.55159,0,-0.2623022,0.3134814,0,0.001041412,7670.014,1.578018,0.6882737,Left,Down,-0.2046302,-0.2119675,TransSlide
368.8399,19.56226,0,-0.3025872,0.3134814,0,-0.004794061,7670.796,1.576524,0.6876271,Left,Down,-0.2046302,-0.2209244,TransSlide
368.8799,19.57499,0,-0.3392082,0.3134814,0,-0.01266083,7671.58,1.574324,0.6869798,Left,Down,-0.2027088,-0.2298813,TransSlide
368.9199,19.58922,0,-0.3529412,0.3134814,0,-0.02294633,7672.363,1.575543,0.6863319,Left,Down,-0.1887116,-0.2388382,TransSlide
368.9599,19.60004,0,-0.3566033,0.3134814,0,-0.03042838,7673.147,1.576183,0.6856837,Left,Down,-0.1876719,-0.2471237,TransSlide
368.9999,19.61057,0,-0.3346306,0.3134814,0,-0.03575051,7673.931,1.575401,0.6850357,Left,Down,-0.1876719,-0.2553024,TransSlide
369.0399,19.62219,0,-0.3053337,0.3134814,0,-0.04249412,7674.716,1.574139,0.6843869,Left,Down,-0.1876719,-0.2634811,TransSlide
369.0799,19.63489,0,-0.2677953,0.3134814,0,-0.05060652,7675.501,1.572568,0.6837376,Left,Down,-0.174713,-0.2716675,TransSlide
369.1199,19.64719,0,-0.2384984,0.3134814,0,-0.06032249,7676.287,1.572195,0.6830879,Left,Down,-0.1713202,-0.2792816,TransSlide
369.1599,19.66015,0,-0.2183568,0.3134814,0,-0.07159129,7677.073,1.573471,0.6824385,Left,Down,-0.1713202,-0.2866974,TransSlide
369.1999,19.67167,0,-0.2146947,0.3134814,0,-0.07571974,7677.86,1.572859,0.6817883,Left,Down,-0.1701742,-0.2941132,TransSlide
369.2399,19.68279,0,-0.2146947,0.3134814,0,-0.08031738,7678.647,1.571718,0.6811376,Left,Down,-0.1643245,-0.3015213,TransSlide
369.2799,19.69573,0,-0.2146947,0.3134814,0,-0.08671346,7679.435,1.57043,0.680487,Left,Down,-0.1545051,-0.3087845,TransSlide
369.3199,19.70733,0,-0.2256811,0.3134814,0,-0.09387395,7680.223,1.569147,0.6798356,Left,Down,-0.1557664,-0.3154373,TransSlide
369.3599,19.71965,0,-0.2384984,0.3134814,0,-0.1024133,7681.011,1.568471,0.679184,Left,Down,-0.1545051,-0.3220978,TransSlide
369.3999,19.73313,0,-0.2632177,0.3134814,0,-0.1122974,7681.8,1.569513,0.6785318,Left,Down,-0.1557664,-0.3287506,TransSlide
369.4399,19.74454,0,-0.298925,0.3134814,0,-0.1172418,7682.59,1.569388,0.6778799,Left,Down,-0.1480375,-0.3354034,TransSlide
369.4799,19.75589,0,-0.3089958,0.3134814,0,-0.1204788,7683.38,1.568313,0.6772271,Left,Down,-0.1384764,-0.3418884,TransSlide
369.5199,19.76789,0,-0.314489,0.3134814,0,-0.1253217,7684.17,1.566997,0.6765741,Left,Down,-0.1384764,-0.3477936,TransSlide
369.5599,19.78047,0,-0.314489,0.3134814,0,-0.1316236,7684.961,1.566145,0.6759211,Left,Down,-0.1384764,-0.3536911,TransSlide
369.5999,19.79215,0,-0.2925146,0.3134814,0,-0.1388128,7685.753,1.564981,0.6752673,Left,Down,-0.1384764,-0.3595886,TransSlide
369.6399,19.80438,0,-0.2796972,0.3134814,0,-0.1474245,7686.545,1.56454,0.6746131,Left,Down,-0.1384764,-0.3654861,TransSlide
369.6799,19.81787,0,-0.274204,0.3134814,0,-0.1570967,7687.337,1.565325,0.6739587,Left,Down,-0.1266688,-0.3713837,TransSlide
369.7199,19.82931,0,-0.2677953,0.3134814,0,-0.1630515,7688.13,1.565479,0.6733044,Left,Down,-0.1219466,-0.3768234,TransSlide
369.7599,19.8409,0,-0.2623022,0.3134814,0,-0.1657585,7688.924,1.564534,0.6726491,Left,Down,-0.1235407,-0.381958,TransSlide
369.7999,19.85304,0,-0.2430761,0.3134814,0,-0.1699377,7689.718,1.563413,0.6719937,Left,Down,-0.1219466,-0.3870926,TransSlide
369.8399,19.86579,0,-0.1972997,0.3134814,0,-0.1752262,7690.512,1.562474,0.6713383,Left,Down,-0.1219466,-0.3922272,TransSlide
369.8799,19.87776,0,-0.1551837,0.3134814,0,-0.1812863,7691.307,1.561709,0.6706821,Left,Down,-0.1219466,-0.3973541,TransSlide
369.9199,19.88928,0,-0.1011676,0.3134814,0,-0.1880815,7692.103,1.560775,0.6700256,Left,Down,-0.1153499,-0.4024963,TransSlide
369.9599,19.90137,0,-0.08194149,0.3134814,0,-0.1953807,7692.898,1.559791,0.6693689,Left,Down,-0.1065312,-0.4074097,TransSlide
369.9999,19.91412,0,-0.08194149,0.3134814,0,-0.203901,7693.695,1.560105,0.6687121,Left,Down,-0.1065312,-0.4117584,TransSlide
370.0399,19.92688,0,-0.0956744,0.3134814,0,-0.2130769,7694.492,1.560497,0.6680546,Left,Down,-0.1065312,-0.4161148,TransSlide
370.0799,19.93843,0,-0.1231402,0.3134814,0,-0.2150877,7695.289,1.559808,0.6673968,Left,Down,-0.1065312,-0.4204636,TransSlide
370.1199,19.95033,0,-0.16617,0.3134814,0,-0.2171163,7696.087,1.558838,0.6667387,Left,Down,-0.1046783,-0.4248199,TransSlide
370.1599,19.96309,0,-0.2146947,0.3134814,0,-0.2202835,7696.885,1.557836,0.6660807,Left,Down,-0.1065312,-0.429184,TransSlide
370.1999,19.97527,0,-0.2504003,0.3134814,0,-0.224434,7697.684,1.55698,0.665422,Left,Down,-0.1027921,-0.4335403,TransSlide
370.2399,19.98724,0,-0.2558935,0.3134814,0,-0.2295768,7698.483,1.556429,0.6647628,Left,Down,-0.08846933,-0.4378815,TransSlide
370.2799,19.99917,0,-0.239414,0.3134814,0,-0.2357478,7699.283,1.555746,0.6641039,Left,Down,-0.08846933,-0.4414215,TransSlide
370.3199,20.01109,0,-0.1606768,0.3134814,0,-0.2428277,7700.083,1.555087,0.6634442,Left,Down,-0.08846933,-0.4449463,TransSlide
370.3599,20.02289,0,-0.03433228,0.3134814,0,-0.2505403,7700.884,1.554343,0.662784,Left,Down,-0.08846933,-0.4484863,TransSlide
370.3999,20.03485,0,0.06454468,0.3134814,0,-0.2587886,7701.686,1.554212,0.6621236,Left,Down,-0.08846933,-0.4520264,TransSlide
370.4399,20.04744,0,0.123142,0.3134814,0,-0.2676418,7702.487,1.554248,0.6614634,Left,Down,-0.08846933,-0.4555588,TransSlide
370.4799,20.05981,0,0.1240575,0.3134814,0,-0.2766682,7703.29,1.554301,0.6608025,Left,Down,-0.08846933,-0.4590912,TransSlide
370.5199,20.07176,0,0.1240575,0.3134814,0,-0.2790063,7704.092,1.553524,0.6601411,Left,Down,-0.08846933,-0.4626389,TransSlide
370.5599,20.08372,0,0.1222265,0.3134814,0,-0.2795689,7704.896,1.552417,0.6594799,Left,Down,-0.08156469,-0.4661789,TransSlide
370.5999,20.09599,0,0.1222265,0.3134814,0,-0.2808741,7705.699,1.551365,0.6588179,Left,Down,-0.06852804,-0.4694595,TransSlide
370.6399,20.10831,0,0.1222265,0.3134814,0,-0.282611,7706.503,1.550539,0.6581557,Left,Down,-0.06852804,-0.4720764,TransSlide
370.6799,20.12033,0,0.1222265,0.3134814,0,-0.2845245,7707.308,1.549985,0.6574931,Left,Down,-0.06852804,-0.4747009,TransSlide
370.7199,20.13224,0,0.1222265,0.3134814,0,-0.2869149,7708.113,1.54939,0.6568307,Left,Down,-0.06852804,-0.4773178,TransSlide
370.7599,20.14415,0,0.1222265,0.3134814,0,-0.2896064,7708.919,1.548574,0.6561675,Left,Down,-0.06852804,-0.4799423,TransSlide
370.7999,20.15602,0,0.1222265,0.3134814,0,-0.2926214,7709.725,1.547944,0.655504,Left,Down,-0.06852804,-0.4825668,TransSlide
370.8399,20.16788,0,0.1222265,0.3134814,0,-0.2957971,7710.532,1.547456,0.6548408,Left,Down,-0.06852804,-0.4851837,TransSlide
370.8799,20.17967,0,0.1277196,0.3134814,0,-0.2991507,7711.339,1.546992,0.6541767,Left,Down,-0.07132626,-0.4878082,TransSlide
370.9199,20.19144,0,0.1368749,0.3134814,0,-0.3025373,7712.146,1.546471,0.6535122,Left,Down,-0.06852804,-0.4904404,TransSlide
370.9599,20.20315,0,0.1414526,0.3134814,0,-0.3060385,7712.955,1.545928,0.6528475,Left,Down,-0.06852804,-0.4930649,TransSlide
370.9999,20.21472,0,0.1414526,0.3134814,0,-0.3092495,7713.763,1.545177,0.6521831,Left,Down,-0.0656106,-0.4956894,TransSlide
371.0399,20.22661,0,0.1277196,0.3134814,0,-0.3122172,7714.572,1.544328,0.6515177,Straight,Down,-0.04423466,-0.4983215,TransSlide
371.0799,20.23817,0,0.08926392,0.3134814,0,-0.3151566,7715.381,1.544272,0.6508521,Straight,Down,-0.04423466,-0.4997253,TransSlide
371.1199,20.25016,0,0.03341675,0.3134814,0,-0.318117,7716.191,1.544166,0.6501867,Straight,Down,-0.04423466,-0.5011215,TransSlide
371.1599,20.26202,0,-0.03341675,0.3134814,0,-0.3209146,7717.001,1.543674,0.6495206,Straight,Down,-0.04423466,-0.5025177,TransSlide
371.1999,20.27414,0,-0.07736385,0.3134814,0,-0.3236038,7717.812,1.543179,0.6488541,Straight,Down,-0.04423466,-0.5039063,TransSlide
371.2399,20.28544,0,-0.1112384,0.3134814,0,-0.3232826,7718.624,1.542425,0.6481873,Straight,Down,-0.04423466,-0.5053101,TransSlide
371.2799,20.29706,0,-0.1130694,0.3134814,0,-0.3202355,7719.435,1.541501,0.6475208,Straight,Down,-0.04423466,-0.5066986,TransSlide
371.3199,20.30872,0,-0.08194149,0.3134814,0,-0.3171798,7720.248,1.540604,0.6468535,Straight,Down,-0.04845664,-0.5081024,TransSlide
371.3599,20.32045,0,-0.01693726,0.3134814,0,-0.3142218,7721.06,1.539775,0.6461858,Straight,Down,-0.04423466,-0.5094986,TransSlide
371.3999,20.33183,0,0.03250122,0.3134814,0,-0.3110189,7721.874,1.539191,0.6455178,Straight,Down,-0.04423466,-0.5108948,TransSlide
371.4399,20.3432,0,0.07095337,0.3134814,0,-0.3077242,7722.687,1.53863,0.6448502,Straight,Down,-0.04423466,-0.5122986,TransSlide
371.4799,20.3545,0,0.08834839,0.3134814,0,-0.3041377,7723.501,1.538025,0.6441818,Straight,Down,-0.04423466,-0.5136948,TransSlide
371.5199,20.36577,0,0.09384155,0.3134814,0,-0.3003723,7724.315,1.537475,0.643513,Straight,Down,-0.04423466,-0.5150986,TransSlide
371.5599,20.37703,0,0.09475708,0.3134814,0,-0.2964403,7725.13,1.536935,0.6428444,Straight,Down,-0.04423466,-0.5164948,TransSlide
371.5999,20.38826,0,0.09933472,0.3134814,0,-0.2924277,7725.946,1.536405,0.6421751,Straight,Down,-0.04423466,-0.5179062,TransSlide
371.6399,20.39945,0,0.1121521,0.3134814,0,-0.2881985,7726.762,1.535881,0.6415055,Straight,Down,-0.04423466,-0.5193024,TransSlide
371.6799,20.41061,0,0.1185644,0.3134814,0,-0.2839914,7727.578,1.535203,0.6408356,Straight,Down,-0.04423466,-0.5207062,TransSlide
371.7199,20.42174,0,0.1185644,0.3134814,0,-0.2794433,7728.395,1.53472,0.640166,Straight,Down,-0.04423466,-0.52211,TransSlide
371.7599,20.43283,0,0.1185644,0.3134814,0,-0.2746307,7729.212,1.534146,0.6394956,Straight,Down,0,-0.5235138,TransSlide
371.7999,20.44386,0,0.1185644,0.3134814,0,-0.2697773,7730.029,1.533576,0.6388249,Straight,Down,0,-0.5232391,TransSlide
371.8399,20.45488,0,0.1185644,0.3134814,0,-0.2648411,7730.848,1.532888,0.6381545,Straight,Down,0,-0.5220032,TransSlide
371.8799,20.46586,0,0.1185644,0.3134814,0,-0.2597386,7731.666,1.532322,0.6374832,Straight,Down,0,-0.5207596,TransSlide
371.9199,20.47681,0,0.1185644,0.3134814,0,-0.2544029,7732.485,1.531715,0.6368117,Straight,Down,0,-0.519516,TransSlide
371.9599,20.4877,0,0.1167297,0.3134814,0,-0.248784,7733.305,1.5312,0.63614,Straight,Down,0,-0.51828,TransSlide
371.9999,20.49858,0,0.1167297,0.3134814,0,-0.2429044,7734.125,1.530523,0.6354685,Straight,Down,0,-0.5170364,TransSlide
372.0399,20.50939,0,0.1167297,0.3134814,0,-0.2368152,7734.945,1.529781,0.6347961,Straight,Down,0,-0.5157928,TransSlide
372.0799,20.52019,0,0.1130676,0.3134814,0,-0.2304319,7735.766,1.529246,0.6341236,Straight,Down,0,-0.5145493,TransSlide
372.1199,20.53094,0,0.1112366,0.3134814,0,-0.2238812,7736.587,1.528724,0.6334512,Straight,Down,0,-0.5133057,TransSlide
372.1599,20.54168,0,0.1039124,0.3134814,0,-0.2170481,7737.408,1.528249,0.6327782,Straight,Down,0,-0.5120621,TransSlide
372.1999,20.55234,0,0.1002502,0.3134814,0,-0.2099945,7738.23,1.527641,0.6321048,Straight,Down,0,-0.5108109,TransSlide
372.2399,20.56299,0,0.09933472,0.3134814,0,-0.2027015,7739.053,1.526923,0.6314313,Straight,Down,0,-0.5095673,TransSlide
372.2799,20.57361,0,0.09475708,0.3134814,0,-0.1951439,7739.875,1.5264,0.6307579,Straight,Down,0,-0.5083237,TransSlide
372.3199,20.5842,0,0.08834839,0.3134814,0,-0.187269,7740.699,1.525809,0.6300839,Straight,Down,0,-0.5070801,TransSlide
372.3599,20.59477,0,0.07644653,0.3134814,0,-0.1791303,7741.522,1.525406,0.6294094,Straight,Down,0,-0.5058289,TransSlide
372.3999,20.60528,0,0.07644653,0.3134814,0,-0.1704991,7742.347,1.524864,0.6287349,Straight,Down,0,-0.5045776,TransSlide
372.4399,20.61569,0,0.07644653,0.3134814,0,-0.1616134,7743.171,1.524208,0.6280606,Straight,Down,0,-0.5033264,TransSlide
372.4799,20.62628,0,0.07644653,0.3134814,0,-0.1523724,7743.996,1.523399,0.6273854,Straight,Down,0,-0.5020752,TransSlide
372.5199,20.63677,0,0.08102417,0.3134814,0,-0.1427769,7744.821,1.52265,0.62671,Straight,Down,0,-0.500824,TransSlide
372.5599,20.64723,0,0.08102417,0.3134814,0,-0.1329083,7745.647,1.522322,0.6260349,Straight,Down,0,-0.4995728,TransSlide
372.5999,20.6576,0,0.08102417,0.3134814,0,-0.1224562,7746.473,1.521834,0.6253592,Straight,Down,0,-0.4983215,TransSlide
372.6399,20.66797,0,0.08102417,0.3134814,0,-0.1117089,7747.3,1.52131,0.624683,Straight,Down,0,-0.4970703,TransSlide
372.6799,20.67843,0,0.0819397,0.3134814,0,-0.1007183,7748.127,1.520698,0.6240066,Straight,Down,0,-0.4958115,TransSlide
372.7199,20.68889,0,0.0819397,0.3134814,0,-0.08940145,7748.954,1.519918,0.6233305,Straight,Down,0,-0.4945602,TransSlide
372.7599,20.69927,0,0.08651733,0.3134814,0,-0.07776615,7749.782,1.519286,0.6226538,Straight,Down,0,-0.4933014,TransSlide
372.7999,20.70957,0,0.09292603,0.3134814,0,-0.06600145,7750.61,1.518763,0.6219767,Straight,Down,0,-0.4920502,TransSlide
372.8399,20.71994,0,0.1112366,0.3134814,0,-0.05391634,7751.439,1.517895,0.6212999,Straight,Down,0,-0.4907913,TransSlide
372.8799,20.7303,0,0.1423681,0.3134814,0,-0.04153135,7752.268,1.517506,0.6206223,Straight,Down,0,-0.4895325,TransSlide
372.9199,20.74058,0,0.1899755,0.3134814,0,-0.02881822,7753.098,1.516835,0.6199446,Straight,Down,0,-0.4882736,TransSlide
372.9599,20.75144,0,0.2796972,0.3134814,0,-0.0157347,7753.928,1.516421,0.6192666,Straight,Down,0,-0.4870148,TransSlide
372.9999,20.7605,0,0.3511083,0.3134814,0,-0.0065189,7754.758,1.515463,0.6185889,Straight,Down,0,-0.4857559,TransSlide
373.0399,20.76988,0,0.4151988,0.3134814,0,-7.516146E-05,7755.589,1.514161,0.6179104,Straight,Down,0,-0.4844971,TransSlide
373.0799,20.77925,0,0.4390025,0.3134814,0,0.007142663,7756.42,1.513187,0.6172317,Straight,Down,0,-0.4832306,TransSlide
373.1199,20.78896,0,0.4344249,0.3134814,0,0.01498619,7757.251,1.512346,0.6165533,Straight,Down,0,-0.4819717,TransSlide
373.1599,20.79799,0,0.422523,0.3134814,0,0.02369872,7758.083,1.511761,0.6158741,Straight,Down,0,-0.4807053,TransSlide
373.1999,20.80691,0,0.4087901,0.3134814,0,0.03303385,7758.916,1.511306,0.6151947,Straight,Down,0,-0.4794388,TransSlide
373.2399,20.81584,0,0.3859019,0.3134814,0,0.0429633,7759.748,1.51082,0.6145151,Straight,Down,0,-0.4781799,TransSlide
373.2799,20.8245,0,0.3758311,0.3134814,0,0.05393919,7760.581,1.510352,0.6138359,Straight,Down,0,-0.4769135,TransSlide
373.3199,20.83361,0,0.3758311,0.3134814,0,0.06563455,7761.414,1.509983,0.6131558,Straight,Down,0,-0.4756546,TransSlide
373.3599,20.84291,0,0.3904796,0.3134814,0,0.07778746,7762.248,1.510349,0.6124755,Straight,Down,0,-0.4743881,TransSlide
373.3999,20.85228,0,0.4042125,0.3134814,0,0.09081557,7763.082,1.510414,0.611795,Straight,Down,0,-0.473114,TransSlide
373.4399,20.86133,0,0.405128,0.3134814,0,0.1041877,7763.916,1.510643,0.6111149,Straight,Down,0,-0.4718552,TransSlide
373.4799,20.8693,0,0.405128,0.3134814,0,0.1112928,7764.751,1.50911,0.6104339,Straight,Down,0,-0.4705811,TransSlide
373.5199,20.87787,0,0.3923106,0.3134814,0,0.1192134,7765.586,1.507581,0.6097527,Straight,Down,0.03426402,-0.4693146,TransSlide
373.5599,20.88727,0,0.3758311,0.3134814,0,0.1283696,7766.421,1.50619,0.6090719,Right,Down,0.05595291,-0.4666748,TransSlide
373.5999,20.89494,0,0.3666759,0.3134814,0,0.1386892,7767.257,1.505282,0.6083903,Right,Down,0.05595291,-0.4623489,TransSlide
373.6399,20.9024,0,0.3575206,0.3134814,0,0.1503442,7768.093,1.504387,0.6077085,Right,Down,0.05595291,-0.4580078,TransSlide
373.6799,20.91053,0,0.3501928,0.3134814,0,0.163296,7768.929,1.503788,0.6070266,Right,Down,0.05595291,-0.4536743,TransSlide
373.7199,20.9193,0,0.3428686,0.3134814,0,0.1772636,7769.766,1.504279,0.6063448,Right,Down,0.05595291,-0.4493256,TransSlide
373.7599,20.92816,0,0.3282201,0.3134814,0,0.1921611,7770.603,1.505383,0.6056625,Right,Down,0.05934703,-0.4449844,TransSlide
373.7999,20.93513,0,0.3208959,0.3134814,0,0.2008074,7771.44,1.503877,0.6049798,Right,Down,0.05595291,-0.4406357,TransSlide
373.8399,20.9427,0,0.3080785,0.3134814,0,0.2104432,7772.278,1.50242,0.6042976,Right,Down,0.05595291,-0.4362793,TransSlide
373.8799,20.952,0,0.2906835,0.3134814,0,0.2211444,7773.116,1.501125,0.6036145,Right,Down,0.05595291,-0.4319229,TransSlide
373.9199,20.95856,0,0.2796972,0.3134814,0,0.2333163,7773.954,1.499934,0.6029313,Right,Down,0.05595291,-0.4275665,TransSlide
373.9599,20.96636,0,0.272373,0.3134814,0,0.2464691,7774.793,1.499793,0.6022478,Right,Down,0.06255726,-0.4232101,TransSlide
373.9999,20.97573,0,0.2668798,0.3134814,0,0.2610071,7775.632,1.501291,0.6015648,Right,Down,0.08392937,-0.4188538,TransSlide
374.0399,20.98174,0,0.2659643,0.3134814,0,0.270448,7776.471,1.500792,0.6008809,Right,Down,0.08392937,-0.4129105,TransSlide
374.0799,20.98806,0,0.2659643,0.3134814,0,0.2793492,7777.311,1.499329,0.600197,Right,Down,0.08392937,-0.406929,TransSlide
374.1199,20.99624,0,0.2659643,0.3134814,0,0.2892379,7778.15,1.497674,0.5995132,Right,Down,0.08392937,-0.4009399,TransSlide
374.1599,21.00308,0,0.2659643,0.3134814,0,0.300566,7778.99,1.495869,0.5988289,Right,Down,0.08392937,-0.3949585,TransSlide
374.1999,21.01363,0,0.2659643,0.3134814,0,0.3129456,7779.831,1.497245,0.5981443,Right,Down,0.08392937,-0.3889771,TransSlide
374.2399,21.01888,0,0.2659643,0.3134814,0,0.3220579,7780.671,1.49749,0.5974594,Right,Down,0.08392937,-0.382988,TransSlide
374.2799,21.0245,0,0.2677953,0.3134814,0,0.3289453,7781.512,1.49606,0.596775,Right,Down,0.08846933,-0.3769913,TransSlide
374.3199,21.03042,0,0.2787817,0.3134814,0,0.3369678,7782.353,1.493961,0.5960898,Right,Down,0.1083524,-0.3709869,TransSlide
374.3599,21.03936,0,0.3025854,0.3134814,0,0.3461104,7783.195,1.493087,0.5954045,Right,Down,0.1083524,-0.363533,TransSlide
374.3999,21.04724,0,0.3208959,0.3134814,0,0.3550096,7784.037,1.494982,0.5947194,Right,Down,0.1083524,-0.3560257,TransSlide
374.4399,21.05277,0,0.3511083,0.3134814,0,0.3579332,7784.878,1.493669,0.5940337,Right,Down,0.1083524,-0.3485107,TransSlide
374.4799,21.05646,0,0.3675914,0.3134814,0,0.3630837,7785.72,1.491473,0.5933477,Right,Down,0.1083524,-0.3409882,TransSlide
374.5199,21.06823,0,0.3758311,0.3134814,0,0.3688765,7786.563,1.490875,0.5926617,Right,Down,0.1083524,-0.3334656,TransSlide
374.5599,21.07314,0,0.3923106,0.3134814,0,0.3725153,7787.406,1.492319,0.5919759,Right,Down,0.1266688,-0.3259354,TransSlide
374.5999,21.07809,0,0.4106212,0.3134814,0,0.372215,7788.249,1.491058,0.5912895,Right,Down,0.132704,-0.3173447,TransSlide
374.6399,21.08088,0,0.4454112,0.3134814,0,0.3739089,7789.091,1.487908,0.5906028,Right,Down,0.132704,-0.3083115,TransSlide
374.6799,21.09225,0,0.4875255,0.3134814,0,0.376419,7789.935,1.49076,0.5899161,Right,Down,0.132704,-0.2992783,TransSlide
374.7199,21.09635,0,0.5159068,0.2936446,0,0.3714165,7790.779,1.489177,0.5892296,Right,Down,0.1341704,-0.2902222,TransSlide
374.7599,21.09577,0,0.5397105,0.2856947,0,0.3688556,7791.623,1.486477,0.5885424,Right,Down,0.1480375,-0.281189,TransSlide
374.7999,21.10211,0,0.540626,0.27776,0,0.3674462,7792.466,1.488908,0.587855,Right,Down,0.1582588,-0.2713623,TransSlide
374.8399,21.09715,0,0.540626,0.2658579,0,0.3590033,7793.31,1.48697,0.5871681,Right,Down,0.1582588,-0.2608032,TransSlide
374.8799,21.09022,0,0.540626,0.2579232,0,0.3523224,7794.154,1.484287,0.5864805,Right,Down,0.1582588,-0.2502441,TransSlide
374.9199,21.08761,0,0.540626,0.2460212,0,0.3443356,7794.998,1.48597,0.5857926,Right,Down,0.165511,-0.2396774,TransSlide
374.9599,21.07729,0,0.540626,0.2420539,0,0.3315395,7795.841,1.485711,0.5851046,Right,Down,0.183454,-0.2288818,TransSlide
374.9999,21.06515,0,0.540626,0.2301518,0,0.3210072,7796.684,1.485758,0.5844169,Right,Down,0.183454,-0.2167969,TransSlide
375.0399,21.05373,0,0.540626,0.2142824,0,0.3035798,7797.526,1.484578,0.5837287,Right,Down,0.183454,-0.2047119,TransSlide
375.0799,21.03743,0,0.540626,0.2023651,0,0.2867324,7798.368,1.483486,0.5830401,Right,Down,0.1958353,-0.192627,TransSlide
375.1199,21.01855,0,0.5415416,0.1864958,0,0.2717815,7799.208,1.482633,0.582352,Right,Down,0.20842,-0.1799469,TransSlide
375.1599,20.99686,0,0.5470347,0.1706264,0,0.2586255,7800.048,1.482102,0.5816631,Right,Down,0.20842,-0.1663132,TransSlide
375.1999,20.97033,0,0.5516124,0.1626917,0,0.2438137,7800.888,1.481562,0.5809742,Right,Down,0.2139789,-0.1526871,TransSlide
375.2399,20.94186,0,0.5516124,0.1626917,0,0.225508,7801.726,1.480335,0.580285,Right,Flat,0.2349025,-0.1390152,TransSlide
375.2799,20.91322,0,0.5516124,0.154757,0,0.2093832,7802.563,1.479349,0.5795963,Right,Flat,0.2349025,-0.1238022,TransSlide
375.3199,20.88372,0,0.5516124,0.154757,0,0.195147,7803.398,1.478651,0.5789067,Right,Flat,0.2406627,-0.1085968,TransSlide
375.3599,20.85322,0,0.5415416,0.154757,0,0.1829042,7804.232,1.478209,0.5782172,Right,Flat,0.2631872,-0.09339142,TransSlide
375.3999,20.82264,0,0.5241466,0.154757,0,0.1727419,7805.066,1.47832,0.577528,Right,Flat,0.2631872,-0.07655334,TransSlide
375.4399,20.79155,0,0.4930186,0.154757,0,0.157053,7805.898,1.477384,0.576838,Right,Flat,0.2741124,-0.05973053,TransSlide
375.4799,20.76076,0,0.4335093,0.154757,0,0.1419924,7806.729,1.476403,0.5761479,Right,Flat,0.2907402,-0.04240417,TransSlide
375.5199,20.73026,0,0.3859019,0.154757,0,0.1289333,7807.558,1.475499,0.5754578,Right,Flat,0.2783625,-0.02393341,TransSlide
375.5599,20.69957,0,0.3337133,0.1507896,0,0.1175885,7808.386,1.474999,0.574768,Right,Flat,0.1780411,-0.005477905,TransSlide
375.5999,20.66846,0,0.3044164,0.1507896,0,0.1081306,7809.213,1.474652,0.5740774,Right,Flat,0.1690205,0.02005005,TransSlide
375.6399,20.6371,0,0.2796972,0.142855,0,0.1002712,7810.039,1.474442,0.5733867,Right,Flat,0.1690205,0.04624176,TransSlide
375.6799,20.60428,0,0.2659643,0.1349203,0,0.09418699,7810.864,1.474699,0.572696,Right,Flat,0.1690205,0.07241821,TransSlide
375.7199,20.56946,0,0.2604711,0.1309529,0,0.08149517,7811.687,1.473648,0.5720056,Right,Flat,0.1519511,0.09854889,TransSlide
375.7599,20.53409,0,0.2558935,0.1309529,0,0.07036391,7812.509,1.472571,0.5713145,Right,Flat,0.1356209,0.1229706,TransSlide
375.7999,20.49864,0,0.2504003,0.1309529,0,0.06103304,7813.329,1.471636,0.5706234,Right,Flat,0.1341704,0.1444778,TransSlide
375.8399,20.46294,0,0.2320898,0.1309529,0,0.05334914,7814.148,1.471046,0.5699324,Right,Up,0.1341704,0.1659393,TransSlide
375.8799,20.42737,0,0.18906,0.1309529,0,0.04730523,7814.965,1.470552,0.569241,Right,Up,0.1356209,0.187355,TransSlide
375.9199,20.39192,0,0.1414526,0.1269856,0,0.04273316,7815.781,1.470288,0.5685494,Right,Up,0.1341704,0.2087402,TransSlide
375.9599,20.35572,0,0.08010864,0.1269856,0,0.03970578,7816.596,1.469864,0.5678577,Right,Up,0.1136409,0.2300873,TransSlide
375.9999,20.31961,0,0.03890991,0.1269856,0,0.03788641,7817.409,1.46936,0.5671662,Right,Up,0.1083524,0.2480469,TransSlide
376.0399,20.28351,0,0.01419067,0.123003,0,0.03714254,7818.221,1.469368,0.5664743,Right,Up,0.1083524,0.2649078,TransSlide
376.0799,20.24681,0,0.01052856,0.1190356,0,0.02883953,7819.031,1.468206,0.5657821,Right,Up,0.1083524,0.2817383,TransSlide
376.1199,20.2091,0,0.01052856,0.1190356,0,0.02167749,7819.84,1.467172,0.5650904,Right,Up,0.1083524,0.2985306,TransSlide
376.1599,20.17167,0,0.03341675,0.1190356,0,0.0156084,7820.647,1.466212,0.5643979,Right,Up,0.1101434,0.3153,TransSlide
376.1999,20.134,0,0.03890991,0.1150683,0,0.01069927,7821.453,1.465509,0.5637054,Right,Up,0.1101434,0.3320236,TransSlide
376.2399,20.09551,0,0.03890991,0.1111009,0,0.006792426,7822.257,1.464902,0.5630128,Right,Up,0.09278741,0.3487167,TransSlide
376.2799,20.05669,0,0.03890991,0.1071336,0,0.003909558,7823.06,1.464428,0.5623205,Right,Up,0.08392937,0.3625717,TransSlide
376.3199,20.01671,0,0.0453186,0.1031662,0,0.001829833,7823.861,1.464004,0.5616277,Right,Up,0.08622923,0.3752899,TransSlide
376.3599,19.97598,0,0.08010864,0.1031662,0,0.0005974174,7824.661,1.463497,0.5609347,Right,Up,0.08622923,0.3879776,TransSlide
376.3999,19.93542,0,0.1350439,0.1031662,0,9.608269E-05,7825.458,1.462957,0.5602421,Right,Up,0.08622923,0.4006424,TransSlide
376.4399,19.89497,0,0.2027929,0.1031662,0,0.0003738701,7826.255,1.462352,0.5595487,Right,Up,0.08392937,0.4132767,TransSlide
376.4799,19.85452,0,0.2504003,0.1031662,0,0.001578778,7827.049,1.461817,0.5588554,Right,Up,0.08622923,0.4258881,TransSlide
376.5199,19.81396,0,0.2604711,0.1031662,0,0.003655404,7827.842,1.461753,0.5581619,Right,Up,0.08622923,0.4384842,TransSlide
376.5599,19.77335,0,0.2604711,0.1031662,0,-0.002149463,7828.634,1.460493,0.5574689,Right,Up,0.08622923,0.4510422,TransSlide
376.5999,19.73296,0,0.2604711,0.1031662,0,-0.00720039,7829.423,1.459298,0.5567751,Right,Up,0.07132626,0.4635849,TransSlide
376.6399,19.6927,0,0.2604711,0.1031662,0,-0.01168334,7830.211,1.458251,0.5560814,Right,Up,0.0656106,0.4741058,TransSlide
376.6799,19.65233,0,0.2604711,0.1031662,0,-0.01543483,7830.998,1.457561,0.5553874,Right,Up,0.06255726,0.483139,TransSlide
376.7199,19.61199,0,0.2604711,0.1031662,0,-0.0185889,7831.783,1.457165,0.5546939,Right,Up,0.0656106,0.4921494,TransSlide
376.7599,19.57174,0,0.2604711,0.1031662,0,-0.02086118,7832.566,1.456835,0.5539997,Right,Up,0.0656106,0.5011368,TransSlide
376.7999,19.53162,0,0.2604711,0.1031662,0,-0.02255967,7833.348,1.456237,0.5533055,Right,Up,0.06255726,0.5101013,TransSlide
376.8399,19.4916,0,0.2604711,0.1031662,0,-0.02367586,7834.127,1.455737,0.5526117,Right,Up,0.06255726,0.5190582,TransSlide
376.8799,19.45172,0,0.2604711,0.1031662,0,-0.02410242,7834.906,1.455307,0.5519172,Right,Up,0.06255726,0.5279922,TransSlide
376.9199,19.41195,0,0.2604711,0.1031662,0,-0.02373204,7835.683,1.454814,0.5512226,Right,Up,0.0656106,0.5369034,TransSlide
376.9599,19.37229,0,0.2549779,0.1031662,0,-0.02260229,7836.458,1.454449,0.550528,Right,Up,0.0656106,0.5458069,TransSlide
376.9999,19.33275,0,0.2439916,0.1031662,0,-0.02089721,7837.232,1.454088,0.5498338,Right,Up,0.0656106,0.5546799,TransSlide
377.0399,19.29332,0,0.2265966,0.1031662,0,-0.01823053,7838.004,1.453652,0.5491389,Right,Up,0.0656106,0.5635452,TransSlide
377.0799,19.25403,0,0.2247655,0.1031662,0,-0.01451662,7838.774,1.453052,0.5484439,Right,Up,0.05595291,0.5723877,TransSlide
377.1199,19.21484,0,0.2119482,0.1031662,0,-0.01024327,7839.543,1.452486,0.5477495,Straight,Up,0.04423466,0.580452,TransSlide
377.1599,19.17579,0,0.1661718,0.1031662,0,-0.005335301,7840.311,1.451676,0.5470544,Straight,Up,0.04845664,0.5861588,TransSlide
377.1999,19.13677,0,0.1121521,0.1031662,0,2.712011E-06,7841.077,1.451272,0.5463591,Straight,Up,0.04845664,0.5918427,TransSlide
377.2399,19.09743,0,0.07095337,0.1031662,0,0.002717823,7841.841,1.450857,0.5456637,Straight,Up,0.04423466,0.5975189,TransSlide
377.2799,19.05838,0,0.03433228,0.1031662,0,0.0005726218,7842.604,1.449884,0.5449688,Straight,Up,0.04423466,0.6031876,TransSlide
377.3199,19.01952,0,0.02792358,0.1031662,0,-0.0009406805,7843.365,1.449008,0.5442734,Straight,Up,0.04845664,0.6088562,TransSlide
377.3599,18.98067,0,0.02792358,0.1031662,0,-0.002098322,7844.124,1.44831,0.5435778,Straight,Up,0.04423466,0.6144943,TransSlide
377.3999,18.94181,0,0.02243042,0.1031662,0,-0.002869695,7844.882,1.447968,0.5428827,Straight,Up,0.04845664,0.6201248,TransSlide
377.4399,18.90305,0,-0.0004577637,0.1031662,0,-0.002782524,7845.639,1.447862,0.5421869,Straight,Up,0.04845664,0.6257477,TransSlide
377.4799,18.86441,0,-0.02334595,0.123003,0,-0.002599657,7846.394,1.447786,0.5414912,Straight,Up,0.04423466,0.6313553,TransSlide
377.5199,18.82852,0,-0.0352478,0.1269856,0,-0.00192979,7847.147,1.447264,0.5407951,Straight,Up,0.04423466,0.6369476,TransSlide
377.5599,18.79531,0,-0.1551837,0.1269856,0,-0.001140594,7847.899,1.446482,0.5400997,Straight,Up,0.04423466,0.6425323,TransSlide
377.5999,18.76224,0,-0.3639275,0.1269856,0,2.208352E-05,7848.65,1.445475,0.5394036,Straight,Up,0.04423466,0.6481094,TransSlide
377.6399,18.72929,0,-0.4774547,0.1269856,0,0.002035946,7849.4,1.445304,0.5387076,Straight,Up,0.04423466,0.6536713,TransSlide
377.6799,18.69644,0,-0.5177379,0.1269856,0,0.004206717,7850.148,1.445581,0.5380118,Straight,Up,0.04423466,0.6592255,TransSlide
377.7199,18.66369,0,-0.5113292,0.1269856,0,0.006664574,7850.895,1.445157,0.5373155,Straight,Up,0.04423466,0.664772,TransSlide
377.7599,18.63104,0,-0.4985118,0.1309529,0,0.009295225,7851.64,1.444338,0.5366191,Straight,Up,0.04845664,0.670311,TransSlide
377.7999,18.59943,0,-0.4655528,0.1309529,0,0.0121378,7852.384,1.442878,0.5359227,Straight,Up,0.03956468,0.675827,TransSlide
377.8399,18.56784,0,-0.4591441,0.1349203,0,0.01460379,7853.127,1.441492,0.5352268,Straight,Up,0.02797646,0.6808701,TransSlide
377.8799,18.53725,0,-0.4454112,0.1388876,0,0.01674628,7853.869,1.440357,0.5345302,Straight,Up,0.02797646,0.6833191,TransSlide
377.9199,18.50761,0,-0.3868157,0.1388876,0,0.01799884,7854.61,1.440306,0.5338334,Straight,Up,0.02797646,0.6857605,TransSlide
377.9599,18.47797,0,-0.3044182,0.142855,0,0.01891899,7855.349,1.440413,0.5331368,Straight,Up,0.02797646,0.6882019,TransSlide
377.9999,18.44934,0,-0.2906835,0.142855,0,0.01945364,7856.087,1.439422,0.5324406,Straight,Up,0.02797646,0.6906281,TransSlide
378.0399,18.4207,0,-0.2851903,0.142855,0,0.01968843,7856.825,1.438116,0.5317437,Straight,Up,0.01978234,0.6930618,TransSlide
378.0799,18.39214,0,-0.291599,0.1468223,0,0.01934052,7857.561,1.436856,0.5310469,Straight,Up,0.02797646,0.6954956,TransSlide
378.1199,18.36456,0,-0.297094,0.1468223,0,0.01826346,7858.295,1.436103,0.5303503,Straight,Up,0.02797646,0.6979141,TransSlide
378.1599,18.33702,0,-0.2604711,0.1507896,0,0.01657775,7859.029,1.435452,0.5296534,Straight,Up,0.03426402,0.7003403,TransSlide
378.1999,18.31006,0,-0.0892657,0.1507896,0,0.01413345,7859.762,1.434508,0.5289562,Straight,Up,0.02797646,0.7027512,TransSlide
378.2399,18.28355,0,0.1835668,0.1507896,0,0.01126763,7860.494,1.433599,0.5282592,Straight,Up,0.02797646,0.705162,TransSlide
378.2799,18.25713,0,0.6239426,0.1507896,0,0.008077532,7861.224,1.43245,0.5275624,Straight,Up,0.02797646,0.7075729,TransSlide
378.3199,18.23077,0,0.7768357,0.1507896,0,0.004634053,7861.954,1.431827,0.5268652,Straight,Up,0.01978234,0.7099762,TransSlide
378.3599,18.20456,0,0.7484543,0.1507896,0,0.00126341,7862.682,1.431637,0.5261679,Straight,Up,0.01978234,0.7123795,TransSlide
378.3999,18.17848,0,0.619365,0.1507896,0,-0.002117306,7863.41,1.431325,0.5254711,Straight,Up,0.02797646,0.7147751,TransSlide
378.4399,18.1526,0,0.5525279,0.1507896,0,-0.005334526,7864.136,1.430635,0.5247738,Straight,Up,0.02797646,0.7171707,TransSlide
378.4799,18.12709,0,0.5122447,0.1507896,0,-0.0118697,7864.861,1.429855,0.5240763,Straight,Up,0.02797646,0.7195663,TransSlide
378.5199,18.10155,0,0.5067515,0.1507896,0,-0.02207732,7865.585,1.429534,0.5233787,Straight,Up,0.01978234,0.7219467,TransSlide
378.5599,18.07603,0,0.5067515,0.1587244,0,-0.03212416,7866.309,1.429314,0.5226817,Straight,Up,0.01978234,0.7243347,TransSlide
378.5999,18.05207,0,0.5067515,0.1626917,0,-0.04203695,7867.031,1.429029,0.5219842,Straight,Up,0.02797646,0.7267151,TransSlide
378.6399,18.02952,0,0.5159068,0.1626917,0,-0.05176881,7867.752,1.428422,0.5212865,Straight,Up,0.02797646,0.7290955,TransSlide
378.6799,18.00693,0,0.5415416,0.1626917,0,-0.06100708,7868.473,1.427655,0.5205894,Straight,Up,0.02797646,0.7314606,TransSlide
378.7199,17.98437,0,0.5644298,0.1626917,0,-0.06962857,7869.192,1.426904,0.5198917,Straight,Up,0.01978234,0.7338409,TransSlide
378.7599,17.96182,0,0.5662608,0.1626917,0,-0.07754764,7869.911,1.426084,0.519194,Straight,Up,0.01978234,0.7361984,TransSlide
378.7999,17.93929,0,0.5470347,0.1626917,0,-0.08494368,7870.629,1.425518,0.5184962,Straight,Up,0.02797646,0.7385712,TransSlide
378.8399,17.9168,0,0.4811168,0.1626917,0,-0.09148118,7871.346,1.424941,0.5177989,Straight,Up,0.02797646,0.7409363,TransSlide
378.8799,17.89437,0,0.3428686,0.1626917,0,-0.09753284,7872.062,1.424466,0.517101,Straight,Up,0.02797646,0.7432938,TransSlide
378.9199,17.87201,0,0.2247655,0.166659,0,-0.1027318,7872.776,1.423848,0.5164032,Straight,Up,0.02797646,0.7456512,TransSlide
378.9599,17.85069,0,0.1130676,0.1706264,0,-0.1070117,7873.491,1.42308,0.5157052,Straight,Up,0.02797646,0.7480011,TransSlide
378.9999,17.83034,0,0.05722046,0.1706264,0,-0.1104645,7874.204,1.42233,0.5150078,Straight,Up,0.02797646,0.750351,TransSlide
379.0399,17.80998,0,0.01419067,0.1706264,0,-0.1131684,7874.917,1.421726,0.5143098,Straight,Up,0.02797646,0.7526932,TransSlide
379.0799,17.7897,0,-0.03433228,0.1706264,0,-0.1152136,7875.628,1.421242,0.5136119,Straight,Up,0,0.755043,TransSlide
379.1199,17.76952,0,-0.05722046,0.1745937,0,-0.1166672,7876.339,1.420632,0.5129144,Straight,Up,0,0.754097,TransSlide
379.1599,17.75038,0,-0.06546199,0.1745937,0,-0.1174247,7877.049,1.420022,0.5122163,Straight,Up,0,0.750473,TransSlide
379.1999,17.73126,0,-0.06546199,0.1785611,0,-0.1172554,7877.759,1.419424,0.5115181,Straight,Up,0,0.7468491,TransSlide
379.2399,17.71277,0,-0.06546199,0.1785611,0,-0.1165634,7878.468,1.418779,0.5108201,Straight,Up,0,0.7432327,TransSlide
379.2799,17.69461,0,-0.06546199,0.1785611,0,-0.1152814,7879.176,1.418242,0.5101225,Straight,Up,0,0.7396164,TransSlide
379.3199,17.67654,0,-0.07644832,0.1825284,0,-0.1135876,7879.883,1.417899,0.5094243,Straight,Up,0,0.7360077,TransSlide
379.3599,17.65952,0,-0.1176471,0.1825284,0,-0.1115063,7880.589,1.416946,0.5087261,Straight,Up,0,0.732399,TransSlide
379.3999,17.64248,0,-0.1551837,0.1825284,0,-0.1090267,7881.295,1.415925,0.5080284,Straight,Up,0,0.7287903,TransSlide
379.4399,17.62549,0,-0.1734942,0.1825284,0,-0.106195,7882,1.415172,0.5073304,Straight,Up,0,0.7251892,TransSlide
379.4799,17.60855,0,-0.1789892,0.1864958,0,-0.1030285,7882.705,1.414798,0.5066321,Straight,Up,0,0.7215958,TransSlide
379.5199,17.59262,0,-0.1789892,0.1864958,0,-0.09968695,7883.409,1.414609,0.5059338,Straight,Up,0,0.7180099,TransSlide
379.5599,17.57667,0,-0.1789892,0.1904631,0,-0.09625897,7884.112,1.413827,0.5052361,Straight,Up,0,0.7144165,TransSlide
379.5999,17.56133,0,-0.1377887,0.1904631,0,-0.09252065,7884.815,1.413255,0.5045379,Straight,Up,0,0.7108307,TransSlide
379.6399,17.5463,0,-0.08743465,0.1944305,0,-0.08865139,7885.517,1.412592,0.5038397,Straight,Up,0,0.7072449,TransSlide
379.6799,17.5319,0,-0.0050354,0.1944305,0,-0.08489293,7886.218,1.411445,0.5031419,Straight,Up,0,0.7036667,TransSlide
379.7199,17.51782,0,0.02700806,0.1944305,0,-0.08093649,7886.919,1.410774,0.5024436,Straight,Up,0,0.7000809,TransSlide
379.7599,17.50378,0,0.02151489,0.1944305,0,-0.0769971,7887.62,1.410309,0.5017454,Straight,Up,0,0.6965103,TransSlide
379.7999,17.48981,0,-0.0151062,0.1983978,0,-0.07308173,7888.319,1.409866,0.5010471,Straight,Up,0,0.6929398,TransSlide
379.8399,17.47647,0,-0.02151489,0.1983978,0,-0.06907648,7889.019,1.409193,0.5003493,Straight,Up,0,0.6893692,TransSlide
379.8799,17.4634,0,-0.02426147,0.1983978,0,-0.06508052,7889.717,1.408514,0.499651,Straight,Up,0,0.6857986,TransSlide
379.9199,17.4504,0,-0.06546199,0.1983978,0,-0.06106055,7890.416,1.407887,0.4989528,Straight,Up,0,0.6822357,TransSlide
379.9599,17.43744,0,-0.1707476,0.1983978,0,-0.0573141,7891.113,1.407321,0.4982545,Straight,Up,0,0.6786804,TransSlide
379.9999,17.42452,0,-0.2439916,0.2023651,0,-0.05381444,7891.811,1.406766,0.4975567,Straight,Up,0,0.6751175,TransSlide
380.0399,17.41221,0,-0.2513158,0.2023651,0,-0.05036321,7892.507,1.406089,0.4968584,Straight,Up,0,0.6715622,TransSlide
380.0799,17.40019,0,-0.2366674,0.2023651,0,-0.04707742,7893.203,1.405298,0.4961603,Straight,Up,0.01978234,0.6680069,TransSlide
380.1199,17.38824,0,-0.2137792,0.2023651,0,-0.04395512,7893.898,1.404755,0.4954625,Straight,Up,0,0.6644592,TransSlide
380.1599,17.37631,0,-0.1963842,0.2023651,0,-0.04122373,7894.594,1.404101,0.4947642,Straight,Up,0,0.6609039,TransSlide
380.1999,17.36443,0,-0.1963842,0.2023651,0,-0.03885305,7895.288,1.403531,0.4940661,Straight,Up,0,0.6573639,TransSlide
380.2399,17.35258,0,-0.1963842,0.2023651,0,-0.03665826,7895.982,1.40284,0.4933678,Straight,Up,0,0.6538162,TransSlide
380.2799,17.34075,0,-0.1963842,0.2063325,0,-0.03467694,7896.676,1.402087,0.4926701,Straight,Up,0,0.6502762,TransSlide
380.3199,17.32955,0,-0.2018774,0.2063325,0,-0.03303927,7897.37,1.401404,0.4919719,Straight,Up,0,0.6467361,TransSlide
380.3599,17.31861,0,-0.2018774,0.2103151,0,-0.0317778,7898.063,1.400756,0.4912738,Straight,Up,0,0.6431961,TransSlide
380.3999,17.3087,0,-0.2018774,0.2142824,0,-0.03109127,7898.755,1.400285,0.4905761,Straight,Up,0,0.6396637,TransSlide
380.4399,17.29935,0,-0.2018774,0.2222171,0,-0.03066006,7899.447,1.399913,0.489878,Straight,Up,0,0.6361237,TransSlide
380.4799,17.2918,0,-0.2018774,0.2301518,0,-0.03065735,7900.139,1.399206,0.4891798,Straight,Up,0,0.6325912,TransSlide
380.5199,17.28564,0,-0.2018774,0.2380865,0,-0.03100255,7900.83,1.398467,0.4884818,Straight,Up,0,0.6290741,TransSlide
380.5599,17.28156,0,-0.2018774,0.2460212,0,-0.03177276,7901.521,1.397762,0.4877841,Straight,Up,0,0.6255417,TransSlide
380.5999,17.27928,0,-0.18906,0.2579232,0,-0.03291026,7902.213,1.397087,0.4870861,Straight,Up,0,0.6220093,TransSlide
380.6399,17.2797,0,-0.1780736,0.2579232,0,-0.03458744,7902.904,1.396405,0.486388,Straight,Up,0,0.6184769,TransSlide
380.6799,17.28024,0,-0.1304644,0.2579232,0,-0.03667104,7903.596,1.395721,0.4856906,Straight,Up,0,0.6149521,TransSlide
380.7199,17.28079,0,-0.03982544,0.2618906,0,-0.03924087,7904.287,1.395014,0.4849927,Straight,Up,0,0.6114197,TransSlide
380.7599,17.28194,0,-0.004119873,0.2658579,0,-0.04225236,7904.979,1.394345,0.4842947,Straight,Up,0,0.6078873,TransSlide
380.7999,17.28396,0,-0.02151489,0.2658579,0,-0.04557148,7905.67,1.393792,0.4835967,Straight,Up,0,0.6043625,TransSlide
380.8399,17.28622,0,-0.04623413,0.2658579,0,-0.04934195,7906.361,1.3932,0.4828994,Straight,Up,0,0.6008377,TransSlide
380.8799,17.28851,0,-0.05172729,0.2698253,0,-0.05340183,7907.053,1.392393,0.4822016,Straight,Up,0,0.5973053,TransSlide
380.9199,17.2914,0,-0.05172729,0.2817273,0,-0.05756128,7907.744,1.391338,0.4815037,Straight,Up,0,0.5937729,TransSlide
380.9599,17.2967,0,-0.05172729,0.289662,0,-0.06224221,7908.436,1.390707,0.4808065,Straight,Up,0,0.5902328,TransSlide
380.9999,17.30394,0,-0.05172729,0.2936446,0,-0.06736249,7909.128,1.39027,0.4801087,Straight,Up,0,0.5867004,TransSlide
381.0399,17.31237,0,-0.05172729,0.2936446,0,-0.07301393,7909.82,1.389676,0.4794111,Straight,Up,0,0.583168,TransSlide
381.0799,17.32071,0,-0.05172729,0.2936446,0,-0.07907373,7910.513,1.389077,0.4787133,Straight,Up,0,0.5796356,TransSlide
381.1199,17.32904,0,-0.05172729,0.2936446,0,-0.0853377,7911.206,1.388421,0.4780163,Straight,Up,0,0.576088,TransSlide
381.1599,17.33732,0,-0.05172729,0.297612,0,-0.09181902,7911.899,1.387745,0.4773186,Straight,Up,0,0.5725479,TransSlide
381.1999,17.34616,0,-0.05172729,0.297612,0,-0.09863392,7912.593,1.387152,0.4766212,Straight,Up,0,0.5690079,TransSlide
381.2399,17.35522,0,-0.03890991,0.297612,0,-0.1057518,7913.287,1.3866,0.4759236,Straight,Up,0,0.5654602,TransSlide
381.2799,17.36429,0,0.02334595,0.3015793,0,-0.1131416,7913.981,1.385971,0.4752267,Straight,Up,0,0.5619125,TransSlide
381.3199,17.37433,0,0.08743286,0.3055466,0,-0.120946,7914.676,1.385312,0.4745293,Straight,Up,0,0.5583725,TransSlide
381.3599,17.38486,0,0.1039124,0.3134814,0,-0.1288426,7915.372,1.384772,0.473832,Straight,Up,0,0.5548172,TransSlide
381.3999,17.39712,0,0.1039124,0.3174487,0,-0.1368535,7916.067,1.384165,0.4731352,Straight,Up,0,0.5512695,TransSlide
381.4398,17.41051,0,0.1048279,0.3214161,0,-0.1448861,7916.764,1.383512,0.4724379,Straight,Up,0,0.5477066,TransSlide
381.4799,17.42439,0,0.110321,0.3214161,0,-0.1530342,7917.46,1.382987,0.4717407,Straight,Up,0,0.5441513,TransSlide
381.5199,17.43845,0,0.1112366,0.3214161,0,-0.1611748,7918.158,1.3824,0.4710436,Straight,Up,0,0.540596,TransSlide
381.5599,17.45252,0,0.1112366,0.3214161,0,-0.169474,7918.856,1.381865,0.4703471,Straight,Up,0,0.5370255,TransSlide
381.5999,17.46656,0,0.1112366,0.3214161,0,-0.1777522,7919.554,1.381462,0.46965,Straight,Up,0,0.5334625,TransSlide
381.6399,17.48056,0,0.1112366,0.3214161,0,-0.1861509,7920.253,1.380883,0.468953,Straight,Up,0,0.529892,TransSlide
381.6799,17.4945,0,0.1112366,0.3214161,0,-0.1946538,7920.953,1.380305,0.4682567,Straight,Up,0,0.5263138,TransSlide
381.7199,17.50842,0,0.09841919,0.3253834,0,-0.203142,7921.653,1.379682,0.4675599,Straight,Up,0,0.5227432,TransSlide
381.7599,17.52325,0,0.09841919,0.3253834,0,-0.2114869,7922.354,1.379049,0.4668631,Straight,Up,0,0.519165,TransSlide
381.7999,17.53794,0,0.09841919,0.3253834,0,-0.2196408,7923.055,1.378392,0.4661664,Straight,Up,0,0.5155869,TransSlide
381.8399,17.55258,0,0.09841919,0.3253834,0,-0.2276354,7923.757,1.377549,0.4654702,Straight,Up,0,0.512001,TransSlide
381.8799,17.56719,0,0.1121521,0.3253834,0,-0.235544,7924.46,1.37657,0.4647737,Straight,Up,0,0.5084152,TransSlide
381.9199,17.58175,0,0.1652563,0.3253834,0,-0.2433329,7925.163,1.375836,0.4640772,Straight,Up,0,0.5048218,TransSlide
381.9599,17.59624,0,0.1780736,0.3253834,0,-0.2509598,7925.867,1.375369,0.4633813,Straight,Up,0,0.5012283,TransSlide
381.9999,17.61069,0,0.1780736,0.3253834,0,-0.258514,7926.571,1.37495,0.4626849,Straight,Up,0,0.4976349,TransSlide
382.0399,17.62509,0,0.1789892,0.3253834,0,-0.2657798,7927.276,1.37443,0.4619886,Straight,Up,0,0.4940414,TransSlide
382.0799,17.63946,0,0.1881444,0.3253834,0,-0.2727706,7927.981,1.373855,0.4612924,Straight,Up,0,0.4904327,TransSlide
382.1199,17.65378,0,0.18906,0.3253834,0,-0.2796243,7928.688,1.373326,0.4605967,Straight,Up,0,0.4868317,TransSlide
382.1599,17.66805,0,0.18906,0.3253834,0,-0.286161,7929.394,1.372756,0.4599006,Straight,Up,0,0.4832153,TransSlide
382.1999,17.68229,0,0.1469457,0.3253834,0,-0.2924831,7930.101,1.37227,0.4592047,Straight,Up,0,0.4796143,TransSlide
382.2399,17.6965,0,0.05172729,0.3253834,0,-0.2985324,7930.809,1.371668,0.4585088,Straight,Up,0,0.4759979,TransSlide
382.2799,17.71064,0,-0.1130694,0.3293507,0,-0.3041339,7931.517,1.371073,0.4578135,Straight,Up,0,0.4723816,TransSlide
382.3199,17.72478,0,-0.2430761,0.3412528,0,-0.3097214,7932.226,1.370174,0.4571178,Straight,Up,0,0.4687576,TransSlide
382.3599,17.74281,0,-0.2632177,0.3412528,0,-0.3154042,7932.936,1.367703,0.4564221,Straight,Up,0,0.4651489,TransSlide
382.3999,17.76275,0,-0.2449071,0.3412528,0,-0.3172716,7933.646,1.368641,0.455727,Straight,Up,0,0.4615173,TransSlide
382.4398,17.78193,0,-0.2018774,0.3412528,0,-0.3188651,7934.357,1.369703,0.4550315,Straight,Up,0,0.457901,TransSlide
382.4799,17.80071,0,-0.1286334,0.3412528,0,-0.32065,7935.069,1.370786,0.4543362,Straight,Up,0,0.4542694,TransSlide
382.5199,17.81895,0,-0.08194149,0.3412528,0,-0.3225112,7935.781,1.370965,0.4536408,Straight,Up,0,0.4506378,TransSlide
382.5599,17.83907,0,-0.07644832,0.3412528,0,-0.3242767,7936.495,1.370241,0.4529461,Straight,Up,0,0.446991,TransSlide
382.5999,17.85922,0,-0.07644832,0.3412528,0,-0.3259938,7937.209,1.369096,0.4522509,Straight,Up,0,0.4433441,TransSlide
382.6399,17.87915,0,-0.09018123,0.3452201,0,-0.3272902,7937.924,1.367943,0.451556,Straight,Up,0,0.4396973,TransSlide
382.6799,17.89992,0,-0.1377887,0.3452201,0,-0.3288012,7938.64,1.36674,0.4508615,Straight,Up,0,0.4360428,TransSlide
382.7199,17.92048,0,-0.2430761,0.3491875,0,-0.3302649,7939.356,1.365471,0.4501667,Straight,Up,0,0.4323807,TransSlide
382.7599,17.94149,0,-0.3437859,0.3491875,0,-0.3319178,7940.074,1.364198,0.4494719,Straight,Up,0,0.4287109,TransSlide
382.7999,17.96264,0,-0.4463267,0.3491875,0,-0.3339517,7940.792,1.363051,0.4487773,Straight,Up,0,0.4250488,TransSlide
382.8399,17.98373,0,-0.4655528,0.3531548,0,-0.336351,7941.511,1.362017,0.4480833,Straight,Up,0,0.4213791,TransSlide
382.8799,18.0057,0,-0.4582286,0.3571222,0,-0.3389795,7942.231,1.361157,0.4473888,Straight,Up,0,0.4176941,TransSlide
382.9199,18.02811,0,-0.4179454,0.3571222,0,-0.3422115,7942.952,1.360364,0.4466944,Straight,Up,0,0.4140167,TransSlide
382.9599,18.0507,0,-0.3675896,0.3571222,0,-0.3458229,7943.674,1.359696,0.4460007,Straight,Up,0,0.4103317,TransSlide
382.9999,18.07323,0,-0.3208977,0.3571222,0,-0.3501418,7944.396,1.359153,0.4453066,Straight,Up,-0.03426402,0.4066391,TransSlide
383.0399,18.09569,0,-0.3099114,0.3571222,0,-0.3548508,7945.12,1.35865,0.4446125,Straight,Up,-0.03426402,0.3928223,TransSlide
383.0799,18.11809,0,-0.3089958,0.3571222,0,-0.3601832,7945.845,1.357937,0.4439186,Straight,Up,-0.03956468,0.3781967,TransSlide
383.1199,18.13882,0,-0.3035027,0.3571222,0,-0.366022,7946.57,1.356873,0.4432253,Straight,Up,-0.03956468,0.3635559,TransSlide
383.1599,18.16344,0,-0.2668798,0.3571222,0,-0.3707151,7947.296,1.355813,0.4425316,Straight,Up,-0.03956468,0.3489075,TransSlide
383.1999,18.18714,0,-0.1176471,0.3571222,0,-0.3721763,7948.023,1.356443,0.441838,Straight,Up,-0.03426402,0.3342438,TransSlide
383.2399,18.21035,0,0.0453186,0.3571222,0,-0.3742322,7948.751,1.356804,0.4411444,Straight,Up,-0.03956468,0.3195572,TransSlide
383.2799,18.23178,0,0.2485693,0.3571222,0,-0.3767615,7949.48,1.356901,0.4404517,Straight,Up,-0.03426402,0.304863,TransSlide
383.3199,18.25632,0,0.4408336,0.3571222,0,-0.3795502,7950.21,1.356395,0.4397584,Straight,Up,-0.03956468,0.2901306,TransSlide
383.3599,18.28039,0,0.5534434,0.3571222,0,-0.3824004,7950.941,1.355678,0.4390653,Straight,Up,-0.03426402,0.2753677,TransSlide
383.3999,18.30432,0,0.6047165,0.3610895,0,-0.3853423,7951.673,1.35484,0.4383728,Straight,Up,-0.03426402,0.2605972,TransSlide
383.4398,18.32904,0,0.5818248,0.3610895,0,-0.3883304,7952.406,1.354012,0.4376799,Straight,Up,-0.03956468,0.2457962,TransSlide
383.4799,18.35366,0,0.5351329,0.3610895,0,-0.3913336,7953.14,1.353097,0.4369872,Straight,Up,-0.03426402,0.2309799,TransSlide
383.5199,18.37814,0,0.4408336,0.3610895,0,-0.3942765,7953.875,1.352105,0.4362944,Straight,Up,-0.03426402,0.2161407,TransSlide
383.5599,18.40252,0,0.3740001,0.3610895,0,-0.3971435,7954.611,1.351308,0.4356025,Straight,Up,-0.03426402,0.2012787,TransSlide
383.5999,18.42681,0,0.3135717,0.3610895,0,-0.399911,7955.348,1.350469,0.43491,Straight,Up,-0.03426402,0.186409,TransSlide
383.6399,18.45099,0,0.3089941,0.3610895,0,-0.4026409,7956.085,1.349553,0.4342178,Straight,Up,-0.03956468,0.1715088,TransSlide
383.6799,18.47507,0,0.3089941,0.3610895,0,-0.4051346,7956.824,1.348737,0.4335262,Straight,Up,-0.03956468,0.156601,TransSlide
383.7199,18.49906,0,0.3254735,0.3610895,0,-0.407415,7957.564,1.348097,0.4328341,Straight,Flat,-0.03426402,0.1416626,TransSlide
383.7599,18.52299,0,0.3382909,0.3610895,0,-0.4094666,7958.305,1.347507,0.4321422,Straight,Flat,-0.01978234,0.1267014,TransSlide
383.7999,18.5468,0,0.3446996,0.3610895,0,-0.4109007,7959.046,1.347199,0.4314505,Straight,Flat,0,0.1192627,TransSlide
383.8399,18.57053,0,0.3446996,0.3610895,0,-0.4118468,7959.789,1.346744,0.4307595,Straight,Flat,0,0.1158676,TransSlide
383.8799,18.59419,0,0.3154027,0.3610895,0,-0.4120684,7960.533,1.346366,0.4300679,Straight,Flat,0,0.1124725,TransSlide
383.9199,18.61774,0,0.1460302,0.3610895,0,-0.4116949,7961.277,1.346413,0.4293765,Straight,Flat,-0.01978234,0.1090775,TransSlide
383.9599,18.64124,0,-0.06454647,0.3610895,0,-0.4108565,7962.023,1.346464,0.4286858,Straight,Flat,0,0.1056671,TransSlide
383.9999,18.66467,0,-0.3529412,0.3610895,0,-0.4094387,7962.77,1.345673,0.4279949,Straight,Flat,0,0.1022568,TransSlide
384.0399,18.68807,0,-0.471046,0.3610895,0,-0.4081279,7963.517,1.345008,0.4273039,Straight,Flat,0,0.09884644,TransSlide
384.0799,18.71141,0,-0.4783702,0.3610895,0,-0.406535,7964.265,1.344266,0.4266132,Straight,Flat,0,0.09542847,TransSlide
384.1199,18.73474,0,-0.4454112,0.3610895,0,-0.4052783,7965.014,1.343737,0.4259229,Straight,Flat,0,0.09200287,TransSlide
384.1599,18.758,0,-0.4454112,0.3610895,0,-0.4041517,7965.764,1.343258,0.4252325,Straight,Flat,0,0.08857727,TransSlide
384.1999,18.78123,0,-0.4454112,0.3610895,0,-0.4029716,7966.515,1.342801,0.4245421,Straight,Flat,0,0.08515167,TransSlide
384.2399,18.80437,0,-0.4454112,0.3610895,0,-0.4017694,7967.267,1.342066,0.4238524,Straight,Flat,0,0.08171082,TransSlide
384.2799,18.82745,0,-0.4454112,0.3610895,0,-0.4005552,7968.02,1.340696,0.4231623,Straight,Flat,0,0.07826996,TransSlide
384.3199,18.85043,0,-0.4454112,0.3610895,0,-0.3995073,7968.773,1.340222,0.4224725,Straight,Flat,0,0.0748291,TransSlide
384.3599,18.87334,0,-0.4454112,0.3610895,0,-0.3989183,7969.528,1.339625,0.4217827,Straight,Flat,0,0.07138062,TransSlide
384.3999,18.89613,0,-0.4454112,0.3610895,0,-0.398902,7970.284,1.338962,0.4210936,Straight,Flat,0,0.0679245,TransSlide
384.4398,18.91883,0,-0.4454112,0.3610895,0,-0.3989766,7971.041,1.338162,0.4204043,Straight,Flat,-0.01978234,0.06446838,TransSlide
384.4799,18.94144,0,-0.4454112,0.3610895,0,-0.3995481,7971.798,1.337601,0.4197149,Straight,Flat,0,0.06101227,TransSlide
384.5199,18.96393,0,-0.4344249,0.3610895,0,-0.4006174,7972.556,1.336924,0.4190257,Straight,Flat,0,0.05754089,TransSlide
384.5599,18.99214,0,-0.4051262,0.3610895,0,-0.4027914,7973.315,1.33409,0.4183373,Straight,Flat,0,0.05407715,TransSlide
384.5999,19.01015,0,-0.314489,0.3610895,0,-0.404888,7974.076,1.337494,0.4176485,Straight,Flat,0,0.05060577,TransSlide
384.6399,19.03143,0,-0.1551837,0.3610895,0,-0.4077805,7974.837,1.336298,0.4169598,Straight,Flat,0,0.0471344,TransSlide
384.6799,19.05314,0,0.08926392,0.3610895,0,-0.4112909,7975.599,1.335177,0.4162718,Straight,Flat,0,0.04364777,TransSlide
384.7198,19.08061,0,0.2659643,0.3610895,0,-0.4157246,7976.362,1.333553,0.4155835,Straight,Flat,0,0.04016113,TransSlide
384.7599,19.09869,0,0.3373754,0.3610895,0,-0.4200586,7977.125,1.332329,0.4148954,Straight,Flat,0,0.03666687,TransSlide
384.7999,19.11945,0,0.3437841,0.3610895,0,-0.4246442,7977.89,1.331479,0.4142073,Straight,Flat,0,0.03317261,TransSlide
384.8399,19.14103,0,0.289768,0.3452201,0,-0.4296343,7978.656,1.330784,0.41352,Straight,Flat,0,0.02967072,TransSlide
384.8799,19.1606,0,0.2265966,0.3452201,0,-0.4348836,7979.422,1.330447,0.4128323,Straight,Flat,0,0.02617645,TransSlide
384.9199,19.179,0,0.2009618,0.3452201,0,-0.440949,7980.189,1.329618,0.4121448,Straight,Flat,0,-0.08126831,Normal
384.9599,19.19731,0,0.2009618,0.3452201,0,-0.4470375,7980.957,1.329163,0.411458,Straight,Flat,-0.01978234,-0.08937836,Normal
384.9999,19.21557,0,0.2009618,0.3452201,0,-0.4533851,7981.725,1.328719,0.4107708,Straight,Flat,0,-0.0974884,Normal
385.0399,19.23381,0,0.2009618,0.3452201,0,-0.4600836,7982.494,1.328304,0.4100838,Straight,Flat,-0.01978234,-0.1056213,Normal
385.0799,19.25198,0,0.2009618,0.3452201,0,-0.4669803,7983.264,1.327783,0.4093971,Straight,Flat,-0.01978234,-0.1137543,Normal
385.1199,19.2701,0,0.2009618,0.3452201,0,-0.4738083,7984.035,1.327501,0.408711,Straight,Flat,0,-0.1218872,Normal
385.1599,19.28816,0,0.1899755,0.3452201,0,-0.4808574,7984.806,1.32696,0.4080245,Straight,Flat,0,-0.1300354,Normal
385.1999,19.30618,0,0.1350439,0.3452201,0,-0.4880133,7985.578,1.326609,0.4073381,Straight,Flat,0,-0.1381912,Normal
385.2399,19.32414,0,-0.004119873,0.3452201,0,-0.495154,7986.351,1.325995,0.4066526,Straight,Flat,0,-0.1463547,Normal
385.2799,19.342,0,-0.07644832,0.3452201,0,-0.5023319,7987.125,1.325227,0.4059668,Straight,Down,0,-0.1545334,Normal
385.3199,19.35984,0,-0.09018123,0.3452201,0,-0.5097392,7987.899,1.324177,0.405281,Straight,Down,0,-0.1627045,Normal
385.3599,19.37762,0,-0.08102596,0.3452201,0,-0.5173295,7988.674,1.323364,0.4045954,Straight,Down,0,-0.1708908,Normal
385.3999,19.39509,0,-0.06546199,0.3452201,0,-0.5248129,7989.449,1.322805,0.4039106,Straight,Down,0,-0.1790848,Normal
385.4398,19.41313,0,-0.06546199,0.3412528,0,-0.5321512,7990.226,1.32199,0.4032255,Straight,Down,-0.01978234,-0.1872787,Normal
385.4799,19.43044,0,-0.06546199,0.3412528,0,-0.5393958,7991.003,1.321465,0.4025404,Straight,Down,0,-0.195488,Normal
385.5199,19.44732,0,-0.06546199,0.3412528,0,-0.5465698,7991.781,1.321531,0.4018556,Straight,Down,0,-0.2036972,Normal
385.5599,19.46378,0,-0.08194149,0.3412528,0,-0.553606,7992.559,1.321212,0.4011715,Straight,Down,0,-0.2119217,Normal
385.5999,19.48109,0,-0.08835018,0.3412528,0,-0.5605371,7993.338,1.320734,0.4004872,Straight,Down,-0.01978234,-0.2201538,Normal
385.6399,19.49817,0,-0.08835018,0.3412528,0,-0.5675814,7994.118,1.319859,0.399803,Straight,Down,0,-0.2283859,Normal
385.6799,19.51514,0,-0.08835018,0.3412528,0,-0.5747612,7994.898,1.319279,0.3991195,Straight,Down,0,-0.2366257,Normal
385.7198,19.53124,0,-0.08835018,0.3412528,0,-0.5821199,7995.68,1.318599,0.3984356,Straight,Down,0,-0.2448807,Normal
385.7599,19.54878,0,-0.08102596,0.3412528,0,-0.5888402,7996.461,1.317165,0.3977521,Left,Down,-0.09691329,-0.2531281,Normal
385.7999,19.56759,0,-0.07736385,0.3412528,0,-0.5911923,7997.244,1.318255,0.3970686,Left,Down,-0.1203313,-0.3102264,Normal
385.8399,19.58573,0,-0.07736385,0.3412528,0,-0.5935779,7998.027,1.318899,0.3963859,Left,Down,-0.1186941,-0.3874283,Normal
385.8799,19.60196,0,-0.07736385,0.3412528,0,-0.5959752,7998.811,1.319066,0.3957028,Left,Down,-0.1203313,-0.4647141,Normal
385.9199,19.62004,0,-0.07736385,0.3412528,0,-0.5981879,7999.596,1.318032,0.3950201,Left,Down,-0.1203313,-0.5421295,Normal
385.9599,19.63866,0,-0.07736385,0.3412528,0,-0.600019,8000.381,1.315596,0.394338,Left,Down,-0.1186941,-0.6195679,Normal
385.9999,19.65884,0,-0.0892657,0.3412528,0,-0.6022027,8001.167,1.316334,0.3936555,Left,Down,-0.1101434,-0.6970139,Normal
386.0399,19.68139,0,-0.09384334,0.3412528,0,-0.6020425,8001.954,1.317571,0.3929733,Left,Down,-0.08392937,-0.7722168,Normal
386.0799,19.70168,0,-0.09384334,0.3412528,0,-0.5993892,8002.742,1.318658,0.3922914,Left,Down,-0.08392937,-0.8291473,Normal
386.1199,19.72271,0,-0.09384334,0.3412528,0,-0.5967841,8003.531,1.31887,0.3916101,Left,Down,-0.08392937,-0.8861847,Normal
386.1599,19.74419,0,-0.09384334,0.3412528,0,-0.5949134,8004.32,1.318249,0.3909285,Left,Down,-0.08392937,-0.9433517,Normal
386.1999,19.7672,0,-0.09384334,0.3412528,0,-0.5932877,8005.111,1.31689,0.3902473,Left,Down,-0.08392937,-1.00061,Normal
386.2399,19.78969,0,-0.1011676,0.3412528,0,-0.5921181,8005.902,1.315301,0.3895665,Left,Down,-0.08392937,-1.057961,Normal
386.2799,19.81113,0,-0.1121539,0.3412528,0,-0.5906664,8006.694,1.313251,0.3888856,Left,Down,-0.08392937,-1.115356,Normal
386.3199,19.83348,0,-0.1121539,0.3412528,0,-0.5893381,8007.487,1.311387,0.3882049,Left,Down,-0.08392937,-1.172791,Normal
386.3599,19.85698,0,-0.1112384,0.3412528,0,-0.5886242,8008.281,1.311548,0.3875245,Left,Down,-0.08622923,-1.23024,Normal
386.3999,19.87851,0,-0.1112384,0.3412528,0,-0.5881264,8009.076,1.309349,0.3868446,Straight,Down,-0.03426402,-1.287666,Normal
386.4398,19.90504,0,-0.1066607,0.3412528,0,-0.5843482,8009.872,1.312167,0.3861646,Straight,Down,0.01978234,-1.32196,Normal
386.4799,19.93033,0,-0.1231402,0.3412528,0,-0.5807879,8010.669,1.313694,0.3854848,Straight,Down,0,-1.336395,Normal
386.5199,19.95358,0,-0.1240557,0.3412528,0,-0.5776567,8011.467,1.314396,0.3848052,Straight,Down,0,-1.350861,Normal
386.5599,19.98084,0,-0.1011676,0.3412528,0,-0.5747203,8012.266,1.313656,0.3841262,Straight,Down,0.01978234,-1.365356,Normal
386.5999,20.0085,0,-0.03433228,0.3412528,0,-0.5719347,8013.066,1.31218,0.3834472,Straight,Down,0.01978234,-1.379883,Normal
386.6399,20.03558,0,-0.02334595,0.3412528,0,-0.5692496,8013.867,1.310133,0.3827682,Straight,Down,0.01978234,-1.394447,Normal
386.6799,20.06229,0,-0.02334595,0.3412528,0,-0.5665789,8014.669,1.308008,0.38209,Straight,Down,0.01978234,-1.409027,Normal
386.7198,20.08877,0,-0.02334595,0.3412528,0,-0.5638396,8015.473,1.305761,0.3814116,Straight,Down,0.01978234,-1.423615,Normal
386.7599,20.11503,0,-0.01052856,0.3412528,0,-0.5613408,8016.277,1.303848,0.3807333,Straight,Down,0.01978234,-1.438232,Normal
386.7999,20.14118,0,0.03799438,0.3412528,0,-0.5586724,8017.082,1.302123,0.3800552,Straight,Down,0,-1.452858,Normal
386.8399,20.16723,0,0.1048279,0.3412528,0,-0.5563579,8017.889,1.301133,0.379378,Straight,Down,0.01978234,-1.467514,Normal
386.8799,20.19319,0,0.1725805,0.3412528,0,-0.5547923,8018.696,1.30004,0.3787006,Straight,Down,0.01978234,-1.482178,Normal
386.9199,20.2191,0,0.3025854,0.3412528,0,-0.5534872,8019.505,1.299027,0.3780232,Straight,Down,0,-1.496857,Normal
386.9599,20.24495,0,0.3987193,0.3412528,0,-0.5524526,8020.314,1.298452,0.3773467,Straight,Down,0,-1.511566,Normal
386.9999,20.2707,0,0.4646373,0.3412528,0,-0.5514036,8021.125,1.298245,0.3766698,Straight,Down,0.01978234,-1.526291,Normal
387.0399,20.29643,0,0.4756236,0.3412528,0,-0.5502971,8021.937,1.299028,0.3759933,Straight,Down,0.01978234,-1.541031,Normal
387.0799,20.32208,0,0.4756236,0.3412528,0,-0.5490281,8022.749,1.299465,0.3753169,Straight,Down,0.01978234,-1.555794,Normal
387.1199,20.34765,0,0.4774547,0.3412528,0,-0.5474621,8023.563,1.29908,0.3746413,Straight,Down,0.01978234,-1.570572,Normal
387.1599,20.37313,0,0.4875255,0.3412528,0,-0.5453136,8024.377,1.298244,0.3739654,Straight,Down,0,-1.585365,Normal
387.1999,20.39853,0,0.4939342,0.3412528,0,-0.5429583,8025.193,1.297274,0.3732899,Straight,Down,0.01978234,-1.600182,Normal
387.2399,20.42383,0,0.5067515,0.3412528,0,-0.5400977,8026.01,1.296536,0.372615,Straight,Down,0.01978234,-1.615013,Normal
387.2799,20.44902,0,0.5607677,0.3412528,0,-0.5367157,8026.828,1.295946,0.3719399,Straight,Down,0.01978234,-1.629868,Normal
387.3199,20.4741,0,0.654155,0.3412528,0,-0.5327847,8027.646,1.295383,0.371265,Straight,Down,0.01978234,-1.644737,Normal
387.3599,20.49901,0,0.7438767,0.3412528,0,-0.5278628,8028.466,1.294625,0.3705904,Straight,Down,0.01978234,-1.65963,Normal
387.3999,20.52366,0,0.8555746,0.3412528,0,-0.521974,8029.287,1.293644,0.3699166,Straight,Down,0.01978234,-1.67453,Normal
387.4398,20.54849,0,0.8976889,0.3412528,0,-0.5150387,8030.109,1.292755,0.3692425,Straight,Down,0.01978234,-1.689461,Normal
387.4799,20.5731,0,0.8921957,0.3412528,0,-0.5064902,8030.932,1.292688,0.3685686,Straight,Down,0.01978234,-1.704399,Normal
387.5199,20.59737,0,0.8491659,0.3412528,0,-0.4964891,8031.755,1.292744,0.367895,Straight,Down,0.01978234,-1.71936,Normal
387.5599,20.62156,0,0.7914841,0.3412528,0,-0.4846767,8032.58,1.292479,0.3672222,Straight,Down,0,-1.734329,Normal
387.5999,20.64611,0,0.6834519,0.3412528,0,-0.4715448,8033.406,1.291986,0.3665491,Straight,Down,0.01978234,-1.749329,Normal
387.6399,20.67049,0,0.5049205,0.3412528,0,-0.4566796,8034.232,1.291475,0.3658763,Straight,Down,0.01978234,-1.764343,Normal
387.6799,20.69471,0,0.3987193,0.3412528,0,-0.4399651,8035.06,1.290811,0.3652042,Straight,Down,0.01978234,-1.779373,Normal
387.7198,20.71891,0,0.3428686,0.3372854,0,-0.4218977,8035.889,1.290035,0.364532,Straight,Down,0.01978234,-1.794418,Normal
387.7599,20.74304,0,0.3428686,0.3333181,0,-0.402102,8036.718,1.290148,0.3638599,Straight,Down,0.03956468,-1.809502,Normal
387.7999,20.76397,0,0.3501928,0.3253834,0,-0.3878661,8037.548,1.28812,0.3631882,Right,Down,0.06852804,-1.804329,Normal
387.8399,20.78346,0,0.3556895,0.3134814,0,-0.3721864,8038.379,1.286384,0.3625171,Right,Down,0.0656106,-1.778046,Normal
387.8799,20.80177,0,0.3556895,0.3055466,0,-0.3544851,8039.211,1.284958,0.361846,Right,Down,0.06852804,-1.75174,Normal
387.9199,20.81668,0,0.3501928,0.297612,0,-0.3349047,8040.044,1.284178,0.361175,Right,Down,0.0656106,-1.725441,Normal
387.9599,20.82996,0,0.3025854,0.2856947,0,-0.3134729,8040.877,1.283802,0.3605048,Right,Down,0.0656106,-1.69912,Normal
387.9998,20.84064,0,0.1707494,0.2618906,0,-0.2903518,8041.71,1.283508,0.3598343,Right,Down,0.06852804,-1.672791,Normal
388.0399,20.84618,0,0.0151062,0.2420539,0,-0.265046,8042.544,1.282424,0.3591642,Right,Down,0.06852804,-1.646461,Normal
388.0799,20.84897,0,-0.08743465,0.2301518,0,-0.2384683,8043.378,1.283143,0.3584943,Right,Down,0.06852804,-1.62014,Normal
388.1199,20.85087,0,-0.148775,0.2222171,0,-0.2106532,8044.212,1.284722,0.3578252,Right,Down,0.06852804,-1.593819,Normal
388.1599,20.84648,0,-0.1533526,0.2182498,0,-0.1828597,8045.046,1.286511,0.3571559,Right,Down,0.09278741,-1.567467,Normal
388.1999,20.84066,0,-0.1533526,0.2103151,0,-0.1591001,8045.88,1.282591,0.3564869,Right,Down,0.09891172,-1.526619,Normal
388.2399,20.83443,0,-0.1359576,0.1983978,0,-0.1345696,8046.714,1.279124,0.3558187,Right,Down,0.09891172,-1.482033,Normal
388.2799,20.82705,0,-0.1194781,0.1864958,0,-0.1088408,8047.547,1.276401,0.3551502,Right,Down,0.1008706,-1.437477,Normal
388.3199,20.81479,0,-0.1011676,0.1706264,0,-0.08199921,8048.38,1.274941,0.3544821,Right,Down,0.09891172,-1.393021,Normal
388.3599,20.8,0,-0.08194149,0.1626917,0,-0.05374974,8049.212,1.273827,0.3538141,Right,Down,0.09891172,-1.348648,Normal
388.3999,20.78522,0,-0.03890991,0.142855,0,-0.02484009,8050.043,1.276958,0.353147,Right,Down,0.1027921,-1.304329,Normal
388.4398,20.76141,0,0.0050354,0.1269856,0,0.002709299,8050.874,1.279749,0.3524796,Right,Down,0.1251145,-1.259979,Normal
388.4799,20.73434,0,0.02883911,0.1190356,0,0.02678305,8051.704,1.27644,0.3518126,Right,Down,0.1266688,-1.201454,Normal
388.5199,20.70663,0,0.03890991,0.1031662,0,0.05116558,8052.532,1.27306,0.3511463,Right,Down,0.1282043,-1.141624,Normal
388.5599,20.67509,0,0.04623413,0.09523156,0,0.07652172,8053.36,1.269938,0.3504799,Right,Down,0.1266688,-1.081932,Normal
388.5999,20.64256,0,0.09292603,0.07539482,0,0.1023711,8054.186,1.268974,0.3498136,Right,Down,0.1266688,-1.022499,Normal
388.6399,20.60402,0,0.2192724,0.0555581,0,0.1289023,8055.011,1.274496,0.3491478,Right,Down,0.1412742,-0.9631348,Normal
388.6799,20.55891,0,0.3437841,0.03967346,0,0.1502722,8055.833,1.273204,0.3484826,Right,Down,0.1532334,-0.8971939,Normal
388.7198,20.51241,0,0.4939342,0.01586938,0,0.1716734,8056.654,1.270242,0.3478174,Right,Down,0.1532334,-0.8236237,Normal
388.7599,20.4609,0,0.5937302,0.01190204,0,0.1940018,8057.473,1.266037,0.3471524,Right,Down,0.1545051,-0.7501984,Normal
388.7999,20.40729,0,0.7182419,0.01190204,0,0.216816,8058.29,1.265756,0.3464877,Right,Down,0.1557664,-0.6771851,Normal
388.8399,20.35027,0,0.8189499,0.01190204,0,0.2396407,8059.105,1.271223,0.3458238,Right,Down,0.1758294,-0.6043015,Normal
388.8799,20.29441,0,0.8738852,0.01190204,0,0.2580796,8059.917,1.268489,0.3451597,Right,Down,0.1791368,-0.5200958,Normal
388.9199,20.24065,0,0.9452963,0.01190204,0,0.2787618,8060.727,1.264655,0.3444958,Right,Down,0.1791368,-0.4338226,Normal
388.9599,20.18332,0,0.9910727,0.01190204,0,0.3001309,8061.535,1.262111,0.3438329,Right,Down,0.1813082,-0.3478928,Normal
388.9998,20.12464,0,1.048751,0.01190204,0,0.3218662,8062.341,1.268073,0.3431697,Right,Down,0.2017412,-0.2622299,Normal
389.0399,20.06627,0,1.073474,0.01190204,0,0.3396868,8063.144,1.265161,0.3425068,Right,Down,0.2046302,-0.1651688,Normal
389.0799,20.01092,0,1.079882,0.01190204,0,0.3603434,8063.945,1.260498,0.3418442,Right,Flat,0.2046302,-0.06664276,Normal
389.1199,19.9491,0,1.096362,0.01190204,0,0.382401,8064.744,1.262099,0.3411824,Right,Flat,0.2158,0.03160095,Normal
389.1599,19.8883,0,1.116503,0.01190204,0,0.4026209,8065.54,1.263839,0.3405205,Right,Flat,0.2306999,0.133728,Normal
389.1999,19.82974,0,1.181506,0.01190204,0,0.4226677,8066.333,1.260487,0.3398588,Right,Up,0.2298502,0.2446289,Normal
389.2399,19.77112,0,1.262988,0.01190204,0,0.4451701,8067.125,1.257812,0.339198,Right,Up,0.2382111,0.3552399,Normal
389.2799,19.70627,0,1.296866,0.01190204,0,0.4681505,8067.914,1.26251,0.3385369,Right,Up,0.2571706,0.4667816,Normal
389.3199,19.64441,0,1.290457,0.01190204,0,0.4897431,8068.7,1.258564,0.3378763,Right,Up,0.2564087,0.5898895,Normal
389.3599,19.58294,0,1.284045,0.03173877,0,0.5145891,8069.484,1.256567,0.3372158,Right,Up,0.2668786,0.7125702,Normal
389.3999,19.51733,0,1.27489,0.05159075,0,0.5401602,8070.265,1.260202,0.3365563,Right,Up,0.2832403,0.8377151,Normal
389.4398,19.46115,0,1.242846,0.07142748,0,0.5650173,8071.044,1.254888,0.3358965,Right,Up,0.2832403,0.9727325,Normal
389.4799,19.41153,0,1.232775,0.07936218,0,0.5930614,8071.821,1.255058,0.3352371,Right,Up,0.4173099,1.107262,Normal
389.5199,19.36145,0,1.255664,0.08332952,0,0.6204726,8072.596,1.255785,0.3345785,Right,Up,0.9375348,1.243668,Normal
389.5599,19.31365,0,1.292288,0.09126421,0,0.6433592,8073.369,1.258935,0.3339197,Right,Up,0.8897746,1.179367,Normal
389.5999,19.26619,0,1.360953,0.1031662,0,0.6610904,8074.14,1.260663,0.3332612,Right,Up,0.844183,1.117813,Normal
389.6399,19.22293,0,1.379263,0.1111009,0,0.6728845,8074.909,1.261659,0.3326031,Right,Up,0.7996635,1.058975,Normal
389.6799,19.1808,0,1.360953,0.123003,0,0.679458,8075.677,1.261851,0.3319458,Right,Up,0.7566639,1.002838,Normal
389.7198,19.14238,0,1.303275,0.1309529,0,0.6817291,8076.443,1.261626,0.3312882,Right,Up,0.7157319,0.9492645,Normal
389.7599,19.10828,0,1.23186,0.1349203,0,0.6803944,8077.208,1.261268,0.330631,Right,Up,0.6769533,0.8980942,Normal
389.7999,19.07268,0,1.114672,0.1507896,0,0.6756624,8077.971,1.26002,0.3299743,Right,Up,0.6416347,0.8491592,Normal
389.8399,19.04222,0,1.015792,0.1626917,0,0.6685926,8078.733,1.258129,0.3293183,Right,Up,0.6074851,0.8022308,Normal
389.8799,19.00939,0,1.002059,0.166659,0,0.6584628,8079.494,1.257298,0.3286621,Right,Up,0.5767518,0.7573547,Normal
389.9199,18.98313,0,1.002059,0.1745937,0,0.6457253,8080.253,1.259803,0.3280062,Right,Up,0.5457222,0.7148056,Normal
389.9599,18.9598,0,1.002059,0.1745937,0,0.6313113,8081.012,1.257827,0.3273512,Right,Up,0.5188877,0.6739426,Normal
389.9998,18.9373,0,0.9965658,0.1785611,0,0.6167292,8081.77,1.254592,0.3266961,Right,Up,0.4921804,0.6343842,Normal
390.0399,18.91058,0,0.9663534,0.1864958,0,0.5986982,8082.527,1.2584,0.3260412,Right,Up,0.4639383,0.5969772,Normal
390.0799,18.89082,0,0.920577,0.1983978,0,0.5808508,8083.283,1.255082,0.3253868,Right,Up,0.4458725,0.5609741,Normal
390.1199,18.86923,0,0.8189499,0.2103151,0,0.5625288,8084.038,1.255913,0.3247331,Right,Up,0.4140146,0.5261383,Normal
390.1599,18.85664,0,0.7365525,0.2142824,0,0.5421199,8084.792,1.254063,0.3240793,Right,Up,0.403483,0.4933014,Normal
390.1999,18.83751,0,0.6898606,0.2142824,0,0.5229684,8085.546,1.253866,0.3234258,Right,Up,0.3716771,0.4610443,Normal
390.2399,18.83019,0,0.6843674,0.2142824,0,0.5016458,8086.299,1.252171,0.3227732,Right,Up,0.3642322,0.4307632,Normal
390.2799,18.81096,0,0.6843674,0.2142824,0,0.4811453,8087.051,1.253536,0.3221204,Right,Up,0.3322025,0.4010696,Normal
390.3199,18.80162,0,0.6843674,0.2142824,0,0.4596398,8087.803,1.250145,0.3214681,Right,Up,0.3208161,0.3730545,Normal
390.3599,18.78717,0,0.6843674,0.2182498,0,0.437769,8088.555,1.252629,0.3208159,Right,Up,0.3064671,0.3459778,Normal
390.3999,18.77595,0,0.6843674,0.2261845,0,0.4188872,8089.306,1.248065,0.3201647,Right,Up,0.2748253,0.3191223,Normal
390.4398,18.76526,0,0.6843674,0.2380865,0,0.3956573,8090.057,1.249029,0.3195134,Right,Up,0.2748253,0.2947769,Normal
390.4799,18.75794,0,0.6733811,0.2460212,0,0.3752037,8090.808,1.250748,0.3188623,Right,Up,0.2571706,0.2704163,Normal
390.5199,18.75209,0,0.5644298,0.2499886,0,0.3568678,8091.558,1.246056,0.3182122,Right,Up,0.2264194,0.2464752,Normal
390.5599,18.74902,0,0.4087901,0.2499886,0,0.3337746,8092.308,1.246516,0.3175618,Right,Up,0.2255535,0.2249832,Normal
390.5999,18.74768,0,0.2128637,0.2499886,0,0.3128359,8093.058,1.247257,0.3169119,Right,Up,0.2264194,0.2034988,Normal
390.6399,18.74045,0,0.09841919,0.2499886,0,0.2943788,8093.808,1.247285,0.3162623,Right,Up,0.1948336,0.1820297,Normal
390.6799,18.73925,0,0.08834839,0.2539559,0,0.2753722,8094.558,1.244056,0.3156135,Right,Up,0.1713202,0.1617813,Normal
390.7198,18.73911,0,0.09841919,0.2539559,0,0.2529202,8095.308,1.243638,0.3149646,Right,Flat,0.1701742,0.1434631,Normal
390.7599,18.73928,0,0.1112366,0.2539559,0,0.2319351,8096.058,1.243706,0.3143162,Right,Flat,0.1713202,0.1251678,Normal
390.7999,18.73646,0,0.1112366,0.2539559,0,0.2128235,8096.807,1.245181,0.313668,Right,Flat,0.1713202,0.1068802,Normal
390.8399,18.7336,0,0.1112366,0.2539559,0,0.1957696,8097.556,1.242873,0.3130207,Right,Flat,0.1297215,0.0885849,Normal
390.8799,18.73452,0,0.1112366,0.2539559,0,0.176753,8098.305,1.240227,0.3123732,Right,Flat,0.09487279,0.07184601,Normal
390.9199,18.73504,0,0.1112366,0.2579232,0,0.154045,8099.054,1.239966,0.3117262,Right,Flat,0.09487279,0.05776978,Normal
390.9599,18.73569,0,0.1112366,0.2658579,0,0.1327022,8099.803,1.240196,0.31108,Right,Flat,0.09691329,0.04372406,Normal
390.9998,18.73603,0,0.1112366,0.2658579,0,0.1130165,8100.552,1.240429,0.3104336,Right,Flat,0.09691329,0.02967072,Normal
391.0399,18.7391,0,0.1112366,0.2658579,0,0.09473094,8101.302,1.240023,0.3097876,Right,Flat,0.09691329,0.015625,Normal
391.0799,18.74198,0,0.1304662,0.2658579,0,0.07759491,8102.052,1.239297,0.3091421,Right,Flat,0.09487279,0.001564026,Normal
391.1199,18.74478,0,0.1945531,0.2658579,0,0.06130695,8102.802,1.239038,0.3084974,Right,Flat,0.09691329,-0.01248169,Normal
391.1599,18.74724,0,0.2320898,0.2698253,0,0.04618827,8103.552,1.237973,0.3078525,Right,Flat,0.09691329,-0.02653503,Normal
391.1999,18.74992,0,0.2604711,0.2698253,0,0.03234228,8104.302,1.236081,0.3072079,Right,Flat,0.09691329,-0.04058838,Normal
391.2399,18.75266,0,0.274204,0.27776,0,0.01964504,8105.052,1.233244,0.3065644,Straight,Flat,0.01978234,-0.05463409,Normal
391.2798,18.7588,0,0.2861059,0.2856947,0,0.003770083,8105.802,1.233447,0.3059207,Straight,Flat,-0.01978234,-0.06495667,Normal
391.3199,18.76611,0,0.2906835,0.2936446,0,-0.01143539,8106.553,1.234317,0.3052773,Straight,Flat,0,-0.0729599,Normal
391.3599,18.77455,0,0.2961767,0.2936446,0,-0.02551848,8107.304,1.234697,0.3046343,Straight,Flat,-0.01978234,-0.08097076,Normal
391.3999,18.78314,0,0.2961767,0.2936446,0,-0.03867406,8108.055,1.234521,0.3039922,Straight,Flat,-0.01978234,-0.08898163,Normal
391.4398,18.79274,0,0.2961767,0.2936446,0,-0.05088663,8108.807,1.233911,0.3033501,Straight,Flat,0,-0.09700012,Normal
391.4799,18.80236,0,0.2961767,0.2936446,0,-0.06248009,8109.559,1.233007,0.3027083,Straight,Flat,-0.01978234,-0.1050186,Normal
391.5199,18.81192,0,0.2961767,0.2936446,0,-0.07342809,8110.312,1.232211,0.3020673,Straight,Flat,-0.01978234,-0.1130371,Normal
391.5599,18.82138,0,0.2961767,0.2936446,0,-0.08369693,8111.064,1.231439,0.3014262,Straight,Flat,-0.01978234,-0.1210632,Normal
391.5999,18.83081,0,0.2613866,0.297612,0,-0.09347954,8111.817,1.230553,0.3007857,Straight,Flat,0,-0.1290894,Normal
391.6399,18.84114,0,0.1057434,0.297612,0,-0.1025415,8112.571,1.229699,0.3001453,Straight,Flat,0,-0.1371231,Normal
391.6799,18.85139,0,-0.06454647,0.3015793,0,-0.1107616,8113.325,1.228988,0.299506,Straight,Flat,0,-0.1451416,Normal
391.7198,18.86218,0,-0.3108269,0.3015793,0,-0.1187942,8114.08,1.228299,0.2988664,Straight,Down,-0.01978234,-0.1531754,Normal
391.7599,18.87336,0,-0.5168223,0.3015793,0,-0.1266041,8114.834,1.227838,0.2982274,Straight,Down,-0.01978234,-0.1612167,Normal
391.7999,18.88423,0,-0.5955595,0.3055466,0,-0.1341307,8115.589,1.227643,0.2975892,Straight,Down,-0.01978234,-0.1692581,Normal
391.8399,18.89603,0,-0.6367582,0.3055466,0,-0.1418456,8116.345,1.227056,0.2969508,Straight,Down,-0.01978234,-0.1772995,Normal
391.8799,18.90788,0,-0.6834519,0.3055466,0,-0.1492168,8117.101,1.22586,0.2963129,Straight,Down,-0.01978234,-0.1853561,Normal
391.9199,18.9195,0,-0.7905704,0.309514,0,-0.1566632,8117.858,1.224791,0.2956755,Straight,Down,-0.01978234,-0.1934052,Normal
391.9599,18.93177,0,-0.9443808,0.3134814,0,-0.1646791,8118.615,1.224469,0.2950388,Straight,Down,-0.01978234,-0.2014694,Normal
391.9998,18.94349,0,-1.062486,0.3174487,0,-0.1728706,8119.373,1.223781,0.2944021,Straight,Down,-0.01978234,-0.2095337,Normal
392.0399,18.95874,0,-1.19707,0.3174487,0,-0.1793895,8120.131,1.222855,0.2937657,Left,Down,-0.05934703,-0.217598,Normal
392.0799,18.97349,0,-1.256581,0.3174487,0,-0.1817853,8120.89,1.223378,0.2931299,Left,Down,-0.09891172,-0.2241745,Normal
392.1199,18.9877,0,-1.298695,0.3174487,0,-0.1855395,8121.649,1.223789,0.2924949,Left,Down,-0.09691329,-0.2280807,Normal
392.1599,19.00065,0,-1.305104,0.3214161,0,-0.1904219,8122.409,1.224014,0.2918597,Left,Down,-0.09891172,-0.2319946,Normal
392.1999,19.01672,0,-1.305104,0.3214161,0,-0.19661,8123.169,1.223623,0.2912251,Left,Down,-0.09891172,-0.2359238,Normal
392.2399,19.03178,0,-1.308766,0.3214161,0,-0.2049184,8123.931,1.223773,0.2905912,Left,Down,-0.09891172,-0.2398529,Normal
392.2798,19.04561,0,-1.308766,0.3214161,0,-0.2147952,8124.692,1.221894,0.2899574,Left,Down,-0.09891172,-0.2437897,Normal
392.3199,19.05854,0,-1.308766,0.3214161,0,-0.2266316,8125.455,1.218877,0.2893238,Left,Down,-0.09891172,-0.2477264,Normal
392.3599,19.07406,0,-1.303273,0.3214161,0,-0.2341969,8126.217,1.218579,0.2886908,Left,Down,-0.1219466,-0.2516708,Normal
392.3999,19.0884,0,-1.292287,0.3214161,0,-0.243324,8126.981,1.218814,0.2880586,Left,Down,-0.132704,-0.2546463,Normal
392.4398,19.1014,0,-1.255665,0.3214161,0,-0.2547218,8127.745,1.218904,0.2874264,Left,Down,-0.1341704,-0.2569351,Normal
392.4799,19.11427,0,-1.182421,0.3214161,0,-0.2691509,8128.509,1.219457,0.2867945,Left,Down,-0.132704,-0.2592239,Normal
392.5199,19.12549,0,-1.034104,0.3253834,0,-0.2861563,8129.274,1.217991,0.2861636,Left,Down,-0.132704,-0.2615128,Normal
392.5599,19.1401,0,-0.885787,0.3253834,0,-0.3041393,8130.04,1.215211,0.2855326,Left,Down,-0.1341704,-0.2638092,Normal
392.5999,19.15546,0,-0.7988101,0.3253834,0,-0.3190476,8130.806,1.21508,0.2849021,Left,Down,-0.1532334,-0.2661057,Normal
392.6399,19.17039,0,-0.7859927,0.3253834,0,-0.3373101,8131.572,1.215462,0.2842719,Left,Down,-0.1582588,-0.2674713,Normal
392.6799,19.18298,0,-0.8134586,0.3253834,0,-0.3588134,8132.34,1.216753,0.2836426,Left,Down,-0.1582588,-0.2685471,Normal
392.7198,19.19491,0,-0.8619815,0.3253834,0,-0.3829629,8133.107,1.214685,0.2830134,Left,Down,-0.1594904,-0.2696228,Normal
392.7599,19.21058,0,-0.9105062,0.3293507,0,-0.4061322,8133.876,1.212651,0.2823845,Left,Down,-0.1631294,-0.2707062,Normal
392.7999,19.22649,0,-0.9507895,0.3333181,0,-0.4289947,8134.645,1.212354,0.2817565,Left,Down,-0.1791368,-0.2717819,Normal
392.8399,19.24381,0,-0.9938192,0.3372854,0,-0.4560621,8135.415,1.213304,0.2811284,Left,Down,-0.1802258,-0.271965,Normal
392.8799,19.25466,0,-1.014878,0.3372854,0,-0.4861478,8136.185,1.212857,0.2805009,Left,Down,-0.1802258,-0.2720337,Normal
392.9199,19.27233,0,-1.015794,0.3372854,0,-0.5166812,8136.955,1.209945,0.2798737,Left,Down,-0.1802258,-0.2721024,Normal
392.9599,19.29001,0,-1.011216,0.3372854,0,-0.5452888,8137.727,1.209627,0.2792474,Left,Down,-0.1938267,-0.2721786,Normal
392.9998,19.30814,0,-0.986495,0.3372854,0,-0.5784562,8138.499,1.210538,0.278621,Left,Down,-0.199792,-0.2717209,Normal
393.0399,19.31962,0,-0.8509952,0.3372854,0,-0.6143959,8139.271,1.209531,0.2779952,Left,Down,-0.199792,-0.2709122,Normal
393.0799,19.33842,0,-0.6440824,0.3372854,0,-0.6490477,8140.045,1.207362,0.2773697,Left,Down,-0.199792,-0.2700958,Normal
393.1199,19.35687,0,-0.3327996,0.3372854,0,-0.6831121,8140.819,1.207434,0.2767452,Left,Down,-0.2121421,-0.2692795,Normal
393.1599,19.37466,0,-0.1414508,0.3372854,0,-0.7210138,8141.594,1.209316,0.2761205,Left,Down,-0.2167048,-0.2679291,Normal
393.1999,19.38879,0,-0.0993365,0.3174487,0,-0.759313,8142.369,1.205581,0.2754965,Left,Down,-0.2167048,-0.2663422,Normal
393.2399,19.40534,0,-0.0993365,0.3134814,0,-0.7936928,8143.146,1.205634,0.2748732,Left,Down,-0.2229358,-0.26474,Normal
393.2798,19.42144,0,-0.0993365,0.309514,0,-0.8310914,8143.922,1.206907,0.2742499,Left,Down,-0.23239,-0.2629623,Normal
393.3199,19.4288,0,-0.0993365,0.3055466,0,-0.8703464,8144.7,1.203802,0.273627,Left,Down,-0.23239,-0.2606735,Normal
393.3599,19.44177,0,-0.0993365,0.3015793,0,-0.9038332,8145.477,1.204057,0.2730047,Left,Down,-0.2349025,-0.2583694,Normal
393.3999,19.45466,0,-0.0993365,0.2936446,0,-0.9402282,8146.255,1.20519,0.2723832,Left,Down,-0.2462884,-0.2560654,Normal
393.4398,19.4609,0,-0.0956744,0.2856947,0,-0.978384,8147.034,1.202218,0.2717617,Left,Down,-0.2470816,-0.2531204,Normal
393.4799,19.46845,0,-0.0956744,0.2856947,0,-1.010528,8147.812,1.202478,0.2711406,Left,Down,-0.249446,-0.2501602,Normal
393.5199,19.47605,0,-0.0956744,0.2817273,0,-1.045081,8148.591,1.20366,0.2705205,Left,Down,-0.2601963,-0.2471924,Normal
393.5599,19.48095,0,-0.1112384,0.2817273,0,-1.079387,8149.371,1.200912,0.2699004,Left,Down,-0.2601963,-0.2436676,Normal
393.5999,19.48874,0,-0.1524371,0.2817273,0,-1.10936,8150.15,1.201644,0.2692806,Left,Down,-0.2639296,-0.2401047,Normal
393.6399,19.49383,0,-0.2201879,0.2817273,0,-1.141223,8150.929,1.201808,0.2686613,Left,Down,-0.2733977,-0.2364883,Normal
393.6799,19.49944,0,-0.2549779,0.2817273,0,-1.16968,8151.709,1.1998,0.268043,Left,Down,-0.2733977,-0.2323608,Normal
393.7198,19.5088,0,-0.2677953,0.2817273,0,-1.196826,8152.49,1.200573,0.2674246,Left,Down,-0.2804634,-0.2282181,Normal
393.7599,19.51383,0,-0.2677953,0.2817273,0,-1.225239,8153.27,1.197739,0.2668067,Left,Down,-0.2859903,-0.2238693,Normal
393.7999,19.5195,0,-0.2677953,0.2817273,0,-1.24716,8154.051,1.198475,0.2661897,Left,Down,-0.2859903,-0.2191925,Normal
393.8399,19.52443,0,-0.2677953,0.2817273,0,-1.270482,8154.832,1.199148,0.2655727,Left,Down,-0.2947506,-0.2145004,Normal
393.8799,19.53199,0,-0.2677953,0.2817273,0,-1.290654,8155.613,1.196833,0.2649562,Left,Down,-0.2980514,-0.2094574,Normal
393.9199,19.53862,0,-0.2787817,0.3015793,0,-1.308759,8156.395,1.198069,0.2643401,Left,Down,-0.302612,-0.2042389,Normal
393.9599,19.54797,0,-0.3382927,0.3055466,0,-1.326028,8157.176,1.195258,0.2637249,Left,Down,-0.309643,-0.1989365,Normal
393.9998,19.56008,0,-0.439918,0.3055466,0,-1.338747,8157.958,1.196671,0.2631097,Left,Down,-0.3102743,-0.1932297,Normal
394.0399,19.56862,0,-0.6651413,0.3134814,0,-1.352661,8158.741,1.193828,0.2624951,Left,Down,-0.3189811,-0.1875153,Normal
394.0799,19.58301,0,-0.8564883,0.3134814,0,-1.360815,8159.524,1.19536,0.2618808,Left,Down,-0.3202056,-0.181427,Normal
394.1199,19.59335,0,-1.040513,0.3134814,0,-1.370178,8160.308,1.19391,0.2612675,Left,Down,-0.3268584,-0.1752319,Normal
394.1599,19.60868,0,-1.099107,0.3174487,0,-1.374906,8161.092,1.193811,0.2606542,Left,Down,-0.3310224,-0.1688156,Normal
394.1999,19.61903,0,-1.097276,0.3174487,0,-1.380222,8161.877,1.193749,0.2600414,Left,Down,-0.3357179,-0.1621628,Normal
394.2399,19.63576,0,-1.097276,0.3174487,0,-1.381937,8162.662,1.192246,0.2594295,Left,Down,-0.3414966,-0.1553802,Normal
394.2798,19.64511,0,-1.097276,0.3174487,0,-1.383423,8163.448,1.193129,0.2588175,Left,Flat,-0.3443497,-0.1482773,Normal
394.3199,19.66297,0,-1.097276,0.3174487,0,-1.381992,8164.234,1.191098,0.2582061,Left,Flat,-0.3516591,-0.1411362,Normal
394.3599,19.67059,0,-1.097276,0.3214161,0,-1.380167,8165.021,1.191709,0.2575951,Left,Flat,-0.3533245,-0.1335907,Normal
394.3999,19.68881,0,-1.111009,0.3214161,0,-1.375025,8165.808,1.189943,0.2569851,Left,Flat,-0.3609945,-0.1260376,Normal
394.4398,19.6961,0,-1.167773,0.3253834,0,-1.370028,8166.596,1.189784,0.2563751,Left,Flat,-0.3631561,-0.1180801,Normal
394.4799,19.7171,0,-1.228198,0.3253834,0,-1.361838,8167.385,1.188901,0.2557656,Left,Flat,-0.3700944,-0.1100998,Normal
394.5199,19.72301,0,-1.327992,0.3253834,0,-1.354573,8168.174,1.187346,0.2551569,Left,Flat,-0.3722032,-0.101738,Normal
394.5598,19.74305,0,-1.425955,0.3253834,0,-1.343627,8168.963,1.187702,0.2545483,Left,Flat,-0.3794918,-0.09334564,Normal
394.5999,19.74858,0,-1.480889,0.3253834,0,-1.334119,8169.753,1.184954,0.2539402,Left,Flat,-0.3820612,-0.08457947,Normal
394.6399,19.7635,0,-1.522087,0.3253834,0,-1.321387,8170.544,1.186757,0.2533326,Left,Flat,-0.3891652,-0.07577515,Normal
394.6799,19.77222,0,-1.526665,0.3253834,0,-1.308997,8171.335,1.183792,0.2527258,Left,Flat,-0.3916712,-0.06659698,Normal
394.7198,19.78345,0,-1.526665,0.3253834,0,-1.295776,8172.126,1.186748,0.2521192,Left,Flat,-0.3976209,-0.05736542,Normal
394.7599,19.79211,0,-1.519341,0.3253834,0,-1.281421,8172.917,1.183043,0.251513,Left,Flat,-0.4015385,-0.0477829,Normal
394.7999,19.8004,0,-1.486382,0.3253834,0,-1.268269,8173.709,1.182963,0.2509078,Left,Flat,-0.4059006,-0.03808594,Normal
394.8399,19.8071,0,-1.40856,0.3253834,0,-1.251981,8174.501,1.17854,0.2503026,Left,Flat,-0.4111691,-0.02812195,Normal
394.8799,19.81622,0,-1.349967,0.3253834,0,-1.238609,8175.294,1.178555,0.2496979,Left,Flat,-0.414487,-0.01799774,Normal
394.9199,19.82227,0,-1.333485,0.3253834,0,-1.221627,8176.087,1.17486,0.2490936,Left,Flat,-0.4083038,-0.007698059,Normal
394.9599,19.82898,0,-1.333485,0.3253834,0,-1.207804,8176.88,1.176739,0.2484903,Left,Flat,-0.4054182,0.02918243,Normal
394.9998,19.83635,0,-1.320668,0.3253834,0,-1.191208,8177.673,1.174082,0.2478871,Left,Flat,-0.3901695,0.07518768,Normal
395.0399,19.84079,0,-1.244679,0.3253834,0,-1.177681,8178.467,1.176515,0.2472843,Left,Flat,-0.3846134,0.1302185,Normal
395.0799,19.84667,0,-1.133898,0.3253834,0,-1.162154,8179.261,1.174007,0.2466825,Left,Up,-0.3700944,0.1862183,Normal
395.1199,19.84985,0,-1.014878,0.297612,0,-1.14975,8180.055,1.176408,0.2460807,Left,Up,-0.3669084,0.2393112,Normal
395.1599,19.84738,0,-0.9929037,0.2936446,0,-1.135065,8180.849,1.1742,0.2454794,Left,Up,-0.3522151,0.2923737,Normal
395.1999,19.84589,0,-0.9929037,0.289662,0,-1.124967,8181.643,1.176695,0.2448786,Left,Up,-0.3494264,0.3425751,Normal
395.2399,19.84249,0,-0.9929037,0.27776,0,-1.110701,8182.437,1.174311,0.2442788,Left,Up,-0.3357179,0.3927612,Normal
395.2798,19.83745,0,-0.9929037,0.2658579,0,-1.101063,8183.231,1.174223,0.243679,Left,Up,-0.3345502,0.4402695,Normal
395.3199,19.8277,0,-0.9929037,0.2579232,0,-1.089336,8184.024,1.174433,0.2430797,Left,Up,-0.3220336,0.4875412,Normal
395.3599,19.8163,0,-0.9929037,0.2460212,0,-1.079607,8184.817,1.172466,0.2424809,Left,Up,-0.3165179,0.5328827,Normal
395.3999,19.80073,0,-0.9929037,0.2341192,0,-1.072533,8185.609,1.174303,0.2418831,Left,Up,-0.309643,0.5772095,Normal
395.4398,19.7847,0,-0.9929037,0.2182498,0,-1.063183,8186.4,1.172338,0.2412852,Left,Up,-0.2993615,0.620697,Normal
395.4799,19.76702,0,-0.9929037,0.2103151,0,-1.057798,8187.191,1.171652,0.240688,Left,Up,-0.2993615,0.6620636,Normal
395.5199,19.7449,0,-0.9910727,0.2023651,0,-1.051668,8187.981,1.172369,0.2400917,Left,Up,-0.2859903,0.7034073,Normal
395.5598,19.71967,0,-0.9700155,0.1983978,0,-1.046306,8188.771,1.170593,0.2394954,Left,Up,-0.2825486,0.7426682,Normal
395.5999,19.69522,0,-0.9324789,0.1983978,0,-1.044745,8189.559,1.171275,0.2388996,Left,Up,-0.2783625,0.7810974,Normal
395.6399,19.67056,0,-0.8500797,0.1983978,0,-1.040628,8190.346,1.170889,0.2383044,Left,Up,-0.2654082,0.8193665,Normal
395.6799,19.64495,0,-0.7392991,0.1983978,0,-1.038385,8191.132,1.169276,0.2377101,Left,Up,-0.2654082,0.8549347,Normal
395.7198,19.62084,0,-0.6733811,0.1983978,0,-1.039715,8191.917,1.170012,0.2371158,Left,Up,-0.2594432,0.8904724,Normal
395.7599,19.59594,0,-0.6422514,0.2222171,0,-1.038361,8192.701,1.169862,0.2365221,Left,Up,-0.2486604,0.9255066,Normal
395.7999,19.5755,0,-0.6367582,0.2301518,0,-1.0389,8193.484,1.168684,0.2359294,Left,Up,-0.2486604,0.9582367,Normal
395.8399,19.55845,0,-0.6367582,0.2341192,0,-1.042262,8194.268,1.168109,0.2353367,Left,Up,-0.2446942,0.9909286,Normal
395.8799,19.54111,0,-0.6367582,0.2380865,0,-1.044548,8195.049,1.16909,0.2347445,Left,Up,-0.2332305,1.023376,Normal
395.9199,19.52481,0,-0.6358427,0.2380865,0,-1.046861,8195.83,1.168117,0.2341528,Left,Up,-0.23239,1.053352,Normal
395.9599,19.50772,0,-0.6147856,0.2380865,0,-1.05159,8196.611,1.16578,0.2335621,Left,Up,-0.23239,1.083275,Normal
395.9998,19.49367,0,-0.5836576,0.2380865,0,-1.059346,8197.391,1.168079,0.2329716,Left,Up,-0.2193969,1.113159,Normal
396.0399,19.4769,0,-0.505836,0.2380865,0,-1.062691,8198.17,1.166904,0.2323814,Left,Up,-0.2158,1.140999,Normal
396.0799,19.45946,0,-0.422523,0.2380865,0,-1.068603,8198.949,1.165565,0.2317923,Left,Up,-0.2158,1.168213,Normal
396.1199,19.44739,0,-0.3263909,0.2380865,0,-1.076849,8199.727,1.163865,0.2312032,Left,Up,-0.2112177,1.195374,Normal
396.1599,19.42941,0,-0.2366674,0.2380865,0,-1.085278,8200.504,1.165849,0.2306147,Left,Up,-0.199792,1.222069,Normal
396.1999,19.41259,0,-0.1954687,0.2380865,0,-1.091155,8201.281,1.16493,0.2300267,Left,Up,-0.2007689,1.246605,Normal
396.2399,19.39548,0,-0.1524371,0.2380865,0,-1.098797,8202.057,1.163579,0.2294397,Left,Up,-0.2007689,1.271118,Normal
396.2798,19.38342,0,-0.08285701,0.2182498,0,-1.108469,8202.832,1.162124,0.2288527,Left,Up,-0.1928145,1.295586,Normal
396.3199,19.36308,0,-0.01052856,0.1944305,0,-1.117672,8203.607,1.1641,0.2282663,Left,Up,-0.1845175,1.319153,Normal
396.3599,19.33823,0,0.1350439,0.1626917,0,-1.123305,8204.381,1.163175,0.2276804,Left,Up,-0.1855749,1.341049,Normal
396.3999,19.30697,0,0.272373,0.1507896,0,-1.130123,8205.153,1.162175,0.2270955,Left,Up,-0.1845175,1.362907,Normal
396.4398,19.27297,0,0.4115367,0.142855,0,-1.138272,8205.925,1.160227,0.2265107,Left,Up,-0.1791368,1.384705,Normal
396.4799,19.23731,0,0.4774547,0.142855,0,-1.147687,8206.694,1.161861,0.2259264,Left,Up,-0.1690205,1.405952,Normal
396.5199,19.20021,0,0.4921031,0.142855,0,-1.151994,8207.463,1.161915,0.2253431,Left,Up,-0.1701742,1.425148,Normal
396.5598,19.16353,0,0.4921031,0.142855,0,-1.155256,8208.229,1.161223,0.2247598,Left,Up,-0.1701742,1.444305,Normal
396.5999,19.12696,0,0.4921031,0.166659,0,-1.158845,8208.995,1.159987,0.2241772,Left,Up,-0.1701742,1.463417,Normal
396.6399,19.09417,0,0.4820323,0.1706264,0,-1.16308,8209.759,1.158381,0.223595,Left,Up,-0.1594904,1.482475,Normal
396.6799,19.06442,0,0.4637218,0.1706264,0,-1.167991,8210.521,1.159765,0.2230138,Left,Up,-0.1532334,1.500175,Normal
396.7198,19.0333,0,0.4591441,0.1706264,0,-1.167439,8211.283,1.160027,0.2224327,Left,Up,-0.1545051,1.516632,Normal
396.7599,19.00254,0,0.4527354,0.1706264,0,-1.164595,8212.043,1.159264,0.2218523,Left,Up,-0.1532334,1.533066,Normal
396.7999,18.97145,0,0.4161143,0.1706264,0,-1.161748,8212.803,1.158001,0.2212726,Left,Up,-0.1532334,1.549469,Normal
396.8399,18.94125,0,0.289768,0.1745937,0,-1.158935,8213.561,1.157005,0.2206932,Left,Up,-0.1467098,1.565834,Normal
396.8799,18.91217,0,0.1002502,0.1745937,0,-1.156027,8214.317,1.155893,0.2201143,Left,Up,-0.1384764,1.581367,Normal
396.9199,18.88247,0,-0.02975464,0.1825284,0,-1.153189,8215.073,1.158305,0.219536,Left,Up,-0.1384764,1.595108,Normal
396.9599,18.85374,0,-0.1231402,0.1944305,0,-1.142529,8215.827,1.157336,0.2189586,Left,Up,-0.1384764,1.608818,Normal
396.9998,18.82779,0,-0.1368731,0.2023651,0,-1.131593,8216.581,1.156485,0.2183814,Left,Up,-0.1370561,1.622513,Normal
397.0399,18.80499,0,-0.1478595,0.2023651,0,-1.120646,8217.333,1.155337,0.2178046,Left,Up,-0.1384764,1.636192,Normal
397.0799,18.78137,0,-0.1972997,0.2063325,0,-1.109756,8218.085,1.15454,0.2172289,Left,Up,-0.1297215,1.649849,Normal
397.1199,18.75826,0,-0.2549779,0.2063325,0,-1.09863,8218.835,1.153406,0.2166533,Left,Up,-0.1219466,1.662292,Normal
397.1599,18.73683,0,-0.3025872,0.2103151,0,-1.087355,8219.585,1.154222,0.2160782,Left,Up,-0.1219466,1.673256,Normal
397.1999,18.71385,0,-0.314489,0.2103151,0,-1.072546,8220.333,1.15501,0.2155037,Left,Up,-0.1219466,1.684212,Normal
397.2399,18.69161,0,-0.314489,0.2103151,0,-1.05333,8221.081,1.154157,0.2149302,Left,Up,-0.1219466,1.695145,Normal
397.2798,18.66959,0,-0.314489,0.2103151,0,-1.034003,8221.828,1.152977,0.2143569,Left,Up,-0.1219466,1.706078,Normal
397.3199,18.6487,0,-0.3154045,0.2103151,0,-1.014835,8222.574,1.151899,0.213784,Left,Up,-0.1219466,1.71698,Normal
397.3599,18.62678,0,-0.3263909,0.2103151,0,-0.9959284,8223.319,1.15117,0.2132117,Left,Up,-0.1083524,1.727867,Normal
397.3999,18.60483,0,-0.3337151,0.2103151,0,-0.9769372,8224.063,1.150373,0.2126404,Left,Up,-0.1046783,1.736671,Normal
397.4398,18.58353,0,-0.3382927,0.2103151,0,-0.958099,8224.808,1.149682,0.2120693,Left,Up,-0.1046783,1.744713,Normal
397.4799,18.56259,0,-0.3382927,0.2103151,0,-0.9394973,8225.55,1.150995,0.2114987,Left,Up,-0.1065312,1.752747,Normal
397.5199,18.54043,0,-0.3382927,0.2103151,0,-0.9160486,8226.292,1.15104,0.2109291,Left,Up,-0.1046783,1.760765,Normal
397.5598,18.51844,0,-0.3382927,0.2103151,0,-0.8901243,8227.032,1.150063,0.2103596,Left,Up,-0.1046783,1.768776,Normal
397.5999,18.49696,0,-0.3437859,0.2103151,0,-0.8648353,8227.772,1.148725,0.2097908,Left,Up,-0.1046783,1.776779,Normal
397.6399,18.47585,0,-0.382238,0.2103151,0,-0.8398992,8228.512,1.147741,0.2092224,Left,Up,-0.1027921,1.784767,Normal
397.6799,18.45425,0,-0.4518199,0.2103151,0,-0.8158474,8229.25,1.146987,0.208655,Left,Up,-0.09065409,1.79274,Normal
397.7198,18.43252,0,-0.4948497,0.2103151,0,-0.7925379,8229.987,1.146528,0.2080878,Left,Up,-0.08846933,1.798302,Normal
397.7599,18.41079,0,-0.5250621,0.2103151,0,-0.7697157,8230.724,1.145757,0.2075212,Left,Up,-0.08846933,1.803139,Normal
397.7999,18.38948,0,-0.5250621,0.2103151,0,-0.747686,8231.46,1.145114,0.2069556,Left,Up,-0.08846933,1.807968,Normal
397.8399,18.3691,0,-0.5250621,0.2103151,0,-0.7264438,8232.194,1.145624,0.2063901,Left,Up,-0.08622923,1.812782,Normal
397.8799,18.34714,0,-0.5250621,0.2182498,0,-0.7052343,8232.929,1.146211,0.2058251,Left,Up,-0.08622923,1.817596,Normal
397.9199,18.32645,0,-0.5250621,0.2182498,0,-0.6778531,8233.662,1.145259,0.2052608,Left,Up,-0.08846933,1.822403,Normal
397.9599,18.30674,0,-0.5250621,0.2182498,0,-0.6513426,8234.395,1.14418,0.2046975,Left,Up,-0.08622923,1.827194,Normal
397.9998,18.2879,0,-0.5250621,0.2182498,0,-0.6261594,8235.127,1.143133,0.2041342,Left,Up,-0.08622923,1.831993,Normal
398.0399,18.26812,0,-0.5122447,0.2182498,0,-0.6020766,8235.857,1.142353,0.2035716,Left,Up,-0.08156469,1.836769,Normal
398.0799,18.2484,0,-0.4829478,0.2182498,0,-0.5791117,8236.588,1.141641,0.20301,Left,Up,-0.0656106,1.841515,Normal
398.1199,18.2287,0,-0.4417491,0.2182498,0,-0.557463,8237.317,1.141153,0.2024486,Left,Up,-0.0656106,1.842522,Normal
398.1599,18.20911,0,-0.4234385,0.2182498,0,-0.5368835,8238.046,1.140775,0.2018877,Left,Up,-0.06852804,1.843536,Normal
398.1999,18.1896,0,-0.422523,0.2182498,0,-0.5176951,8238.774,1.140561,0.2013274,Left,Up,-0.06255726,1.844543,Normal
398.2399,18.17018,0,-0.4280162,0.2182498,0,-0.4996459,8239.501,1.139949,0.200768,Left,Up,-0.06852804,1.845551,Normal
398.2798,18.15083,0,-0.4280162,0.2182498,0,-0.4829771,8240.228,1.1395,0.200209,Left,Up,-0.0656106,1.846542,Normal
398.3199,18.13208,0,-0.4280162,0.2182498,0,-0.467574,8240.953,1.139621,0.1996504,Left,Up,-0.0656106,1.847549,Normal
398.3599,18.11313,0,-0.4280162,0.2182498,0,-0.453643,8241.678,1.139431,0.1990929,Left,Up,-0.0656106,1.848549,Normal
398.3999,18.09488,0,-0.4280162,0.2182498,0,-0.4381165,8242.402,1.13899,0.1985354,Left,Up,-0.06852804,1.849533,Normal
398.4398,18.07644,0,-0.4280162,0.2182498,0,-0.4165105,8243.125,1.139025,0.1979787,Left,Up,-0.06852804,1.850525,Normal
398.4799,18.0584,0,-0.4280162,0.2182498,0,-0.3964443,8243.848,1.13873,0.1974224,Left,Up,-0.0656106,1.851517,Normal
398.5199,18.04009,0,-0.4280162,0.2182498,0,-0.3775151,8244.569,1.138309,0.1968673,Left,Up,-0.0656106,1.852501,Normal
398.5598,18.02242,0,-0.4353404,0.2182498,0,-0.3598355,8245.29,1.13757,0.1963122,Left,Up,-0.05934703,1.853493,Normal
398.5999,18.00478,0,-0.4335093,0.2182498,0,-0.3436924,8246.011,1.136819,0.1957578,Straight,Up,-0.02797646,1.854469,Normal
398.6399,17.98714,0,-0.4335093,0.2182498,0,-0.3293649,8246.73,1.136157,0.195204,Straight,Up,-0.01978234,1.847076,Normal
398.6799,17.96955,0,-0.4335093,0.2182498,0,-0.3161682,8247.449,1.135538,0.1946512,Straight,Up,0,1.837593,Normal
398.7198,17.95201,0,-0.4335093,0.2182498,0,-0.3041203,8248.168,1.134864,0.1940986,Straight,Up,-0.01978234,1.82811,Normal
398.7599,17.93453,0,-0.4335093,0.2222171,0,-0.2934206,8248.885,1.133851,0.1935465,Straight,Up,0,1.818642,Normal
398.7999,17.91806,0,-0.4335093,0.2301518,0,-0.2839875,8249.602,1.132834,0.1929955,Straight,Up,-0.01978234,1.809196,Normal
398.8398,17.90309,0,-0.3465325,0.2301518,0,-0.2756829,8250.318,1.131568,0.1924446,Straight,Up,0,1.799751,Normal
398.8799,17.8884,0,-0.1011676,0.2301518,0,-0.2685472,8251.034,1.130897,0.1918944,Straight,Up,-0.01978234,1.790329,Normal
398.9199,17.87387,0,0.05722046,0.2301518,0,-0.2628377,8251.749,1.130641,0.1913447,Straight,Up,-0.01978234,1.780907,Normal
398.9599,17.85942,0,0.2018774,0.2301518,0,-0.2579386,8252.464,1.130306,0.1907961,Straight,Up,-0.01978234,1.771492,Normal
398.9998,17.8451,0,0.272373,0.2301518,0,-0.2537583,8253.178,1.129827,0.1902476,Straight,Up,0,1.7621,Normal
399.0399,17.83089,0,0.3035009,0.2301518,0,-0.2501586,8253.891,1.129376,0.1896998,Straight,Up,-0.01978234,1.752708,Normal
399.0799,17.81675,0,0.3035009,0.2301518,0,-0.2473257,8254.604,1.129026,0.189153,Straight,Up,-0.01978234,1.743324,Normal
399.1199,17.8027,0,0.3035009,0.2341192,0,-0.2453285,8255.316,1.128688,0.1886063,Straight,Up,0,1.733948,Normal
399.1599,17.78931,0,0.2970922,0.2341192,0,-0.2438718,8256.027,1.128287,0.1880603,Straight,Up,-0.01978234,1.724594,Normal
399.1999,17.77623,0,0.2906835,0.2341192,0,-0.242739,8256.738,1.127805,0.1875149,Straight,Up,0,1.715233,Normal
399.2399,17.76323,0,0.289768,0.2380865,0,-0.2418393,8257.449,1.127147,0.1869705,Straight,Up,-0.01978234,1.705894,Normal
399.2798,17.75083,0,0.289768,0.2380865,0,-0.2413283,8258.16,1.126603,0.1864263,Straight,Up,-0.01978234,1.696548,Normal
399.3199,17.73872,0,0.3044164,0.2380865,0,-0.2409754,8258.869,1.126133,0.1858827,Straight,Up,-0.01978234,1.687218,Normal
399.3599,17.72668,0,0.3501928,0.2380865,0,-0.2408382,8259.578,1.125676,0.1853401,Straight,Up,-0.01978234,1.677895,Normal
399.3999,17.71464,0,0.3913951,0.2420539,0,-0.2408743,8260.287,1.125249,0.1847978,Straight,Up,-0.01978234,1.668571,Normal
399.4398,17.70322,0,0.4518199,0.2420539,0,-0.2409769,8260.996,1.124866,0.1842561,Straight,Up,-0.01978234,1.659264,Normal
399.4799,17.69203,0,0.5241466,0.2460212,0,-0.2408479,8261.703,1.12447,0.1837149,Straight,Up,-0.01978234,1.649948,Normal
399.5199,17.68146,0,0.5818248,0.2460212,0,-0.2403679,8262.41,1.124118,0.1831748,Straight,Up,-0.01978234,1.640648,Normal
399.5598,17.67113,0,0.6010544,0.2460212,0,-0.2395609,8263.117,1.123672,0.182635,Straight,Up,-0.01978234,1.631355,Normal
399.5999,17.66084,0,0.5754161,0.2460212,0,-0.2381227,8263.824,1.123347,0.1820957,Straight,Up,0,1.622055,Normal
399.6399,17.65055,0,0.4234385,0.2460212,0,-0.2361143,8264.53,1.123083,0.1815569,Straight,Up,-0.01978234,1.61277,Normal
399.6799,17.64024,0,0.2265966,0.2261845,0,-0.2334782,8265.235,1.122749,0.1810194,Straight,Up,-0.01978234,1.603485,Normal
399.7198,17.62721,0,0.110321,0.2182498,0,-0.2303675,8265.94,1.122071,0.180482,Straight,Up,-0.01978234,1.5942,Normal
399.7599,17.61174,0,0.0151062,0.2103151,0,-0.2267342,8266.646,1.121239,0.1799452,Straight,Up,0,1.58493,Normal
399.7999,17.59415,0,-0.03890991,0.2023651,0,-0.2225678,8267.35,1.120673,0.1794094,Straight,Up,-0.01978234,1.575661,Normal
399.8398,17.57485,0,-0.08743465,0.1944305,0,-0.2181185,8268.053,1.120343,0.1788739,Straight,Up,0,1.566406,Normal
399.8799,17.55382,0,-0.09384334,0.1864958,0,-0.2132269,8268.756,1.120035,0.178339,Straight,Up,0,1.557159,Normal
399.9199,17.53115,0,-0.09384334,0.1825284,0,-0.207895,8269.457,1.119573,0.1778047,Straight,Up,-0.01978234,1.54792,Normal
399.9599,17.50793,0,-0.09384334,0.1825284,0,-0.2021033,8270.158,1.119161,0.1772714,Straight,Up,-0.01978234,1.538696,Normal
399.9998,17.48447,0,-0.1048297,0.1825284,0,-0.195961,8270.857,1.118687,0.1767384,Straight,Up,-0.01978234,1.529472,Normal
400.0399,17.46105,0,-0.1780736,0.1825284,0,-0.1896537,8271.557,1.118333,0.176206,Straight,Up,-0.01978234,1.520271,Normal
400.0799,17.43772,0,-0.2751195,0.1825284,0,-0.1831065,8272.254,1.117827,0.1756746,Straight,Up,-0.01978234,1.511078,Normal
400.1199,17.41451,0,-0.3053337,0.1825284,0,-0.1763175,8272.951,1.117238,0.1751435,Straight,Up,-0.01978234,1.5019,Normal
400.1599,17.39139,0,-0.2815282,0.1825284,0,-0.1694267,8273.646,1.116615,0.1746129,Straight,Up,-0.01978234,1.492729,Normal
400.1999,17.36835,0,-0.2092016,0.1825284,0,-0.1624499,8274.342,1.116183,0.1740831,Straight,Up,-0.01978234,1.483566,Normal
400.2399,17.34485,0,-0.09384334,0.1825284,0,-0.1553692,8275.035,1.115272,0.1735543,Straight,Up,0,1.474426,Normal
400.2798,17.32367,0,-0.06546199,0.1825284,0,-0.1481754,8275.729,1.113057,0.1730257,Straight,Up,-0.01978234,1.465302,Normal
400.3199,17.3026,0,-0.06546199,0.2063325,0,-0.1427246,8276.421,1.114524,0.1724978,Straight,Up,-0.01978234,1.456192,Normal
400.3599,17.28473,0,-0.06546199,0.2103151,0,-0.1371309,8277.112,1.115636,0.1719708,Straight,Up,-0.01978234,1.447098,Normal
400.3999,17.26932,0,-0.06546199,0.2103151,0,-0.1314221,8277.804,1.116621,0.1714442,Straight,Up,-0.01978234,1.438004,Normal
400.4398,17.25424,0,-0.06546199,0.2103151,0,-0.1256273,8278.493,1.116654,0.1709181,Straight,Up,-0.01978234,1.428909,Normal
400.4799,17.24028,0,-0.06546199,0.2103151,0,-0.1199647,8279.183,1.116017,0.1703928,Straight,Up,-0.01978234,1.419823,Normal
400.5199,17.22645,0,-0.06546199,0.2103151,0,-0.1143988,8279.872,1.115013,0.1698683,Straight,Up,0.02797646,1.410736,Normal
400.5598,17.21264,0,-0.06546199,0.2103151,0,-0.1087993,8280.562,1.113953,0.1693443,Right,Up,0.05595291,1.398163,Normal
400.5999,17.19878,0,-0.06546199,0.2103151,0,-0.1033873,8281.249,1.112864,0.1688208,Right,Up,0.05595291,1.375435,Normal
400.6399,17.18493,0,-0.06546199,0.2103151,0,-0.0979346,8281.937,1.111749,0.168298,Right,Up,0.05595291,1.352722,Normal
400.6799,17.17148,0,-0.06454647,0.2103151,0,-0.09258962,8282.624,1.110589,0.1677761,Right,Up,0.05595291,1.33004,Normal
400.7198,17.15799,0,-0.04714966,0.2103151,0,-0.08754915,8283.311,1.110211,0.1672547,Right,Up,0.05595291,1.307373,Normal
400.7599,17.14476,0,-0.005950928,0.2103151,0,-0.08281901,8283.996,1.110007,0.1667338,Right,Up,0.05595291,1.284729,Normal
400.7999,17.13103,0,0.03982544,0.2103151,0,-0.07823804,8284.682,1.109568,0.1662139,Right,Up,0.05595291,1.262108,Normal
400.8398,17.11889,0,0.09933472,0.2103151,0,-0.07371053,8285.367,1.108375,0.1656944,Right,Up,0.05595291,1.23951,Normal
400.8799,17.1066,0,0.1533544,0.2103151,0,-0.07464114,8286.051,1.108819,0.1651755,Right,Up,0.05595291,1.216934,Normal
400.9199,17.09447,0,0.1780736,0.2103151,0,-0.07571509,8286.734,1.109007,0.1646572,Right,Up,0.05595291,1.194366,Normal
400.9599,17.08249,0,0.1826513,0.2103151,0,-0.07674721,8287.418,1.109092,0.1641399,Right,Up,0.05595291,1.171814,Normal
400.9998,17.07053,0,0.1826513,0.2142824,0,-0.07771423,8288.102,1.108691,0.163623,Right,Up,0.05595291,1.149261,Normal
401.0399,17.05954,0,0.1826513,0.2142824,0,-0.07872736,8288.783,1.10805,0.1631067,Right,Up,0.05595291,1.126717,Normal
401.0799,17.04893,0,0.1826513,0.2142824,0,-0.07952392,8289.465,1.106856,0.1625914,Right,Up,0.0656106,1.104195,Normal
401.1199,17.03874,0,0.1606786,0.2142824,0,-0.08019727,8290.146,1.105768,0.1620764,Right,Up,0.08846933,1.081688,Normal
401.1599,17.02895,0,0.1112366,0.2142824,0,-0.08088109,8290.828,1.10574,0.1615622,Right,Up,0.08846933,1.051414,Normal
401.1999,17.01931,0,0.05264282,0.2142824,0,-0.08146766,8291.51,1.105207,0.1610484,Right,Up,0.09065409,1.021088,Normal
401.2399,17.00971,0,-0.009613037,0.2142824,0,-0.08644149,8292.189,1.105194,0.1605358,Right,Up,0.08846933,0.9907761,Normal
401.2798,17.00025,0,-0.0151062,0.2142824,0,-0.09262139,8292.869,1.104936,0.1600234,Right,Up,0.08846933,0.9604797,Normal
401.3199,16.99125,0,-0.0151062,0.2142824,0,-0.09894773,8293.549,1.104625,0.1595118,Right,Up,0.08846933,0.9301758,Normal
401.3599,16.98224,0,0.01052856,0.2142824,0,-0.1052803,8294.229,1.104007,0.1590012,Right,Up,0.08846933,0.8998871,Normal
401.3999,16.97377,0,0.03799438,0.2142824,0,-0.1113625,8294.908,1.102652,0.1584908,Right,Up,0.09065409,0.869606,Normal
401.4398,16.9661,0,0.05630493,0.2142824,0,-0.1175665,8295.587,1.102051,0.1579811,Right,Up,0.09065409,0.8393555,Normal
401.4799,16.95841,0,0.08010864,0.2142824,0,-0.123634,8296.265,1.102076,0.1574721,Right,Up,0.1119058,0.8091202,Normal
401.5199,16.95067,0,0.09841919,0.2182498,0,-0.1337111,8296.942,1.10221,0.1569641,Right,Up,0.1186941,0.7747803,Normal
401.5598,16.94379,0,0.1121521,0.2182498,0,-0.1452487,8297.62,1.102059,0.1564564,Right,Up,0.1203313,0.7373505,Normal
401.5999,16.93748,0,0.1130676,0.2182498,0,-0.1568445,8298.298,1.101556,0.1559494,Right,Up,0.1203313,0.699913,Normal
401.6399,16.93126,0,0.1130676,0.2182498,0,-0.1678472,8298.976,1.100138,0.1554434,Right,Up,0.1203313,0.6624832,Normal
401.6799,16.92613,0,0.1130676,0.2182498,0,-0.1789187,8299.653,1.099151,0.1549378,Right,Up,0.1203313,0.6250839,Normal
401.7198,16.92188,0,0.1130676,0.2182498,0,-0.1898478,8300.331,1.098939,0.1544328,Right,Up,0.1186941,0.5877075,Normal
401.7599,16.91732,0,0.1130676,0.1904631,0,-0.2066471,8301.008,1.099672,0.1539284,Right,Up,0.1370561,0.5503464,Normal
401.7999,16.90835,0,0.1130676,0.1785611,0,-0.2229769,8301.684,1.100053,0.1534251,Right,Up,0.1493534,0.5105591,Normal
401.8398,16.89583,0,0.1130676,0.1706264,0,-0.2391169,8302.359,1.100074,0.1529222,Right,Up,0.1506579,0.4661331,Normal
401.8799,16.88223,0,0.1130676,0.1468223,0,-0.2550248,8303.035,1.099515,0.1524199,Right,Up,0.1493534,0.4216843,Normal
401.9199,16.86401,0,0.1130676,0.1190356,0,-0.2708466,8303.71,1.098441,0.1519182,Right,Up,0.1506579,0.3772736,Normal
401.9599,16.83957,0,0.1130676,0.07142748,0,-0.2867472,8304.384,1.097619,0.1514177,Right,Up,0.1519511,0.3329239,Normal
401.9998,16.80593,0,0.1130676,0.007934691,0,-0.302354,8305.057,1.09673,0.1509174,Right,Up,0.1713202,0.2886429,Normal
402.0399,16.76017,0,0.1130676,0,0,-0.3175366,8305.728,1.094978,0.1504178,Right,Up,0.1802258,0.2406006,Normal
402.0799,16.70992,0,0.1130676,0,0,-0.3325114,8306.396,1.094849,0.1499193,Right,Up,0.1802258,0.1895523,Normal
402.1198,16.65952,0,0.1130676,0,0,-0.3450573,8307.063,1.095649,0.1494211,Right,Flat,0.1802258,0.138649,Normal
402.1599,16.60931,0,0.1130676,0,0,-0.3526149,8307.729,1.095104,0.1489236,Right,Flat,0.14537,0.08789063,Normal
402.1999,16.56005,0,0.1130676,0,0,-0.3596793,8308.392,1.094498,0.1484267,Left,Flat,-0.09278741,0.03726196,Normal
402.2399,16.51094,0,0.1130676,0,0,-0.3662703,8309.053,1.093289,0.1479309,Left,Flat,-0.1607126,0.006408691,Normal
402.2798,16.46262,0,0.1112366,0,0,-0.3727563,8309.712,1.091264,0.1474354,Left,Flat,-0.1619255,-0.01331329,Normal
402.3199,16.41386,0,0.1112366,0,0,-0.3789271,8310.369,1.092084,0.1469407,Left,Flat,-0.1619255,-0.0329895,Normal
402.3599,16.36517,0,0.110321,0,0,-0.3813479,8311.024,1.092372,0.1464469,Left,Flat,-0.1619255,-0.05259705,Normal
402.3999,16.31686,0,0.08651733,0,0,-0.3799109,8311.678,1.092249,0.1459535,Left,Flat,-0.1594904,-0.07215118,Normal
402.4398,16.26904,0,0.03341675,0,0,-0.378077,8312.329,1.09147,0.1454608,Left,Flat,-0.1570175,-0.08934021,Normal
402.4799,16.22117,0,-0.06546199,0,0,-0.3761196,8312.979,1.09057,0.1449688,Left,Flat,-0.1582588,-0.1042938,Normal
402.5199,16.17396,0,-0.1249713,0,0,-0.374017,8313.626,1.089421,0.1444778,Left,Flat,-0.1582588,-0.119194,Normal
402.5598,16.12725,0,-0.1844823,0,0,-0.3718964,8314.271,1.087978,0.1439871,Left,Flat,-0.1582588,-0.1340485,Normal
402.5999,16.08035,0,-0.2613866,0,0,-0.3696334,8314.915,1.08864,0.1434972,Left,Flat,-0.1582588,-0.1488571,Normal
402.6399,16.03348,0,-0.3282219,0,0,-0.3656307,8315.557,1.089201,0.1430083,Left,Down,-0.1398823,-0.16362,Normal
402.6799,15.98695,0,-0.4042107,0,0,-0.3566975,8316.196,1.089026,0.1425198,Left,Down,-0.1297215,-0.1775208,Normal
402.7198,15.94083,0,-0.4408336,0,0,-0.3476245,8316.834,1.088342,0.1420319,Left,Down,-0.1282043,-0.1901398,Normal
402.7599,15.8948,0,-0.4820323,0,0,-0.3389011,8317.471,1.087536,0.1415447,Left,Down,-0.1282043,-0.2027359,Normal
402.7999,15.84896,0,-0.5168223,0,0,-0.3305215,8318.105,1.086815,0.1410586,Left,Down,-0.1297215,-0.2152939,Normal
402.8398,15.80326,0,-0.5406278,0,0,-0.3223934,8318.738,1.086125,0.1405729,Left,Down,-0.1297215,-0.2278137,Normal
402.8799,15.75793,0,-0.5433744,0,0,-0.3146902,8319.369,1.08525,0.1400878,Left,Down,-0.1282043,-0.2402878,Normal
402.9199,15.71288,0,-0.5369657,0,0,-0.3073278,8319.998,1.084035,0.1396035,Left,Down,-0.1203313,-0.2527237,Normal
402.9599,15.66809,0,-0.530557,0,0,-0.300535,8320.625,1.08392,0.1391202,Left,Down,-0.1008706,-0.2651215,Normal
402.9998,15.6234,0,-0.5168223,0,0,-0.2942567,8321.25,1.083956,0.1386372,Left,Down,-0.09691329,-0.2757263,Normal
403.0399,15.5788,0,-0.5131602,0,0,-0.2877204,8321.874,1.083964,0.1381549,Left,Down,-0.09691329,-0.285881,Normal
403.0799,15.53452,0,-0.5122447,0,0,-0.2751022,8322.496,1.083927,0.1376737,Left,Down,-0.09891172,-0.2960129,Normal
403.1198,15.49061,0,-0.5113292,0,0,-0.2632422,8323.116,1.083537,0.1371929,Left,Down,-0.09891172,-0.3061066,Normal
403.1599,15.44674,0,-0.4756236,0,0,-0.2522136,8323.734,1.083082,0.1367128,Left,Down,-0.09891172,-0.3161697,Normal
403.1999,15.40312,0,-0.4280162,0,0,-0.2419649,8324.351,1.08244,0.1362333,Left,Down,-0.09891172,-0.3262177,Normal
403.2399,15.35966,0,-0.4161143,0,0,-0.2326259,8324.966,1.081715,0.135755,Left,Down,-0.09891172,-0.3362274,Normal
403.2798,15.31635,0,-0.4124522,0,0,-0.2240292,8325.579,1.080872,0.135277,Left,Down,-0.09891172,-0.3462067,Normal
403.3199,15.27316,0,-0.4124522,0,0,-0.2163337,8326.19,1.080193,0.1347997,Left,Down,-0.09891172,-0.3561554,Normal
403.3599,15.2301,0,-0.4124522,0,0,-0.2093727,8326.8,1.079673,0.1343235,Left,Down,-0.07912937,-0.3660736,Normal
403.3999,15.18715,0,-0.4124522,0,0,-0.2032691,8327.407,1.07916,0.1338476,Left,Down,-0.05595291,-0.3755493,Normal
403.4398,15.14434,0,-0.4124522,0,0,-0.1981589,8328.014,1.078658,0.1333725,Left,Down,-0.05595291,-0.3826752,Normal
403.4799,15.10164,0,-0.4124522,0,0,-0.1939011,8328.618,1.078135,0.132898,Left,Down,-0.05595291,-0.3897781,Normal
403.5199,15.05907,0,-0.4124522,0,0,-0.1904289,8329.221,1.077604,0.1324246,Left,Down,-0.05595291,-0.3968506,Normal
403.5598,15.01677,0,-0.4124522,0,0,-0.1879649,8329.822,1.07696,0.1319516,Left,Down,-0.05595291,-0.4039078,Normal
403.5999,14.97459,0,-0.4124522,0,0,-0.1861703,8330.422,1.076215,0.1314793,Left,Down,-0.05595291,-0.4109421,Normal
403.6399,14.93259,0,-0.4124522,0,0,-0.1852982,8331.02,1.075724,0.1310082,Left,Down,-0.05595291,-0.4179459,Normal
403.6799,14.89079,0,-0.4124522,0,0,-0.1854225,8331.615,1.075705,0.1305373,Left,Down,-0.05233916,-0.4249344,Normal
403.7198,14.84909,0,-0.4005486,0,0,-0.1863303,8332.21,1.075562,0.1300671,Left,Down,-0.05595291,-0.4319,Normal
403.7599,14.80763,0,-0.3584343,0,0,-0.1881543,8332.803,1.075223,0.1295977,Left,Down,-0.05595291,-0.4388428,Normal
403.7999,14.76663,0,-0.3401238,0,0,-0.1906939,8333.394,1.074589,0.1291294,Left,Down,-0.05595291,-0.4457703,Normal
403.8398,14.72588,0,-0.3401238,0,0,-0.1939386,8333.983,1.07378,0.1286614,Left,Down,-0.05595291,-0.4526672,Normal
403.8799,14.68523,0,-0.3401238,0,0,-0.1948286,8334.571,1.073749,0.1281941,Left,Down,-0.05595291,-0.459549,Normal
403.9199,14.64471,0,-0.3392082,0,0,-0.1966096,8335.157,1.073497,0.1277277,Left,Down,-0.05595291,-0.4664001,Normal
403.9599,14.60432,0,-0.3337151,0,0,-0.1990372,8335.742,1.073343,0.1272622,Left,Down,-0.05595291,-0.4732437,Normal
403.9998,14.56441,0,-0.3089958,0,0,-0.2021781,8336.325,1.073109,0.1267972,Left,Down,-0.05595291,-0.4800568,Normal
404.0399,14.52454,0,-0.2787817,0,0,-0.2060947,8336.906,1.072619,0.1263328,Left,Down,-0.05595291,-0.4868546,Normal
404.0799,14.48485,0,-0.2128637,0,0,-0.2108,8337.486,1.072004,0.1258696,Left,Down,-0.05595291,-0.4936371,Normal
404.1198,14.44534,0,-0.1789892,0,0,-0.2162136,8338.064,1.071475,0.1254067,Left,Down,-0.05595291,-0.5003891,Normal
404.1599,14.40596,0,-0.1670855,0,0,-0.2222637,8338.641,1.071129,0.1249445,Left,Down,-0.05595291,-0.5071335,Normal
404.1999,14.36672,0,-0.1670855,0,0,-0.2289034,8339.216,1.070727,0.1244832,Straight,Down,-0.01978234,-0.5138474,Normal
404.2399,14.3276,0,-0.1670855,0,0,-0.2361786,8339.789,1.070228,0.1240228,Straight,Down,0,-0.5205383,Normal
404.2798,14.28861,0,-0.1670855,0,0,-0.243964,8340.361,1.06973,0.1235629,Straight,Down,0,-0.5235138,Normal
404.3199,14.24973,0,-0.1670855,0,0,-0.2522837,8340.932,1.069175,0.1231036,Straight,Down,0,-0.5264664,Normal
404.3599,14.21098,0,-0.1670855,0,0,-0.2609509,8341.5,1.068469,0.1226455,Straight,Down,0,-0.5294037,Normal
404.3999,14.17235,0,-0.1670855,0.003967346,0,-0.2700973,8342.067,1.067675,0.1221877,Straight,Down,0,-0.5323334,Normal
404.4398,14.1348,0,-0.1542681,0.003967346,0,-0.2795022,8342.633,1.067038,0.1217308,Straight,Down,0,-0.5352554,Normal
404.4799,14.0973,0,-0.02975464,0.003967346,0,-0.2893356,8343.197,1.066602,0.1212744,Straight,Down,0,-0.5381699,Normal
404.5199,14.05992,0,0.1130676,0.007934691,0,-0.2995172,8343.76,1.066278,0.1208194,Straight,Down,0,-0.541069,Normal
404.5598,14.02362,0,0.2540624,0.01190204,0,-0.3097559,8344.321,1.065947,0.1203645,Straight,Down,0,-0.5439758,Normal
404.5999,13.98834,0,0.3154027,0.01586938,0,-0.3199519,8344.881,1.065749,0.1199105,Straight,Down,0,-0.5468521,Normal
404.6399,13.95378,0,0.3327978,0.01586938,0,-0.3303342,8345.439,1.065471,0.1194574,Straight,Down,0,-0.549736,Normal
404.6799,13.91944,0,0.3428686,0.01586938,0,-0.3407631,8345.996,1.065241,0.119005,Straight,Down,0,-0.5526123,Normal
404.7198,13.88524,0,0.3437841,0.01586938,0,-0.3512702,8346.552,1.065021,0.1185531,Straight,Down,0,-0.555481,Normal
404.7599,13.85114,0,0.3437841,0.01586938,0,-0.3618743,8347.106,1.064716,0.118102,Straight,Down,0.01978234,-0.558342,Normal
404.7999,13.81716,0,0.3446996,0.01983673,0,-0.372196,8347.659,1.064403,0.1176519,Straight,Down,0,-0.561203,Normal
404.8398,13.78396,0,0.3446996,0.02777142,0,-0.3824523,8348.211,1.064019,0.1172025,Straight,Down,0,-0.5640411,Normal
404.8799,13.75265,0,0.3566051,0.03173877,0,-0.3925475,8348.762,1.063749,0.1167536,Straight,Down,0,-0.5668793,Normal
404.9199,13.72222,0,0.3859019,0.03173877,0,-0.4022883,8349.311,1.063411,0.1163058,Straight,Down,0,-0.5697174,Normal
404.9599,13.69202,0,0.4518199,0.03570611,0,-0.4116957,8349.858,1.063155,0.1158584,Straight,Down,0.01978234,-0.5725479,Normal
404.9998,13.6629,0,0.5342174,0.03570611,0,-0.4207329,8350.405,1.062886,0.1154119,Straight,Down,0,-0.5753708,Normal
405.0399,13.6338,0,0.5699229,0.03570611,0,-0.4294786,8350.951,1.062555,0.114966,Straight,Down,0,-0.578186,Normal
405.0799,13.60477,0,0.5754161,0.03570611,0,-0.4377692,8351.496,1.062061,0.1145212,Straight,Down,0.01978234,-0.5810013,Normal
405.1198,13.57583,0,0.5754161,0.03570611,0,-0.4453677,8352.039,1.06158,0.1140768,Straight,Down,0,-0.5838089,Normal
405.1599,13.54703,0,0.5754161,0.03570611,0,-0.4523922,8352.581,1.06103,0.1136333,Straight,Down,0,-0.5866089,Normal
405.1999,13.5183,0,0.5763316,0.03570611,0,-0.458809,8353.122,1.060464,0.1131905,Straight,Down,0,-0.5894012,Normal
405.2399,13.48963,0,0.5836558,0.03570611,0,-0.4646816,8353.662,1.059999,0.1127487,Straight,Down,0,-0.592186,Normal
405.2798,13.46104,0,0.6120408,0.03570611,0,-0.4696681,8354.201,1.0598,0.1123073,Straight,Down,0,-0.5949707,Normal
405.3199,13.43251,0,0.6303513,0.03570611,0,-0.4739494,8354.738,1.059565,0.1118668,Straight,Down,0,-0.5977554,Normal
405.3599,13.40414,0,0.6422532,0.007934691,0,-0.4773878,8355.275,1.05935,0.1114273,Straight,Down,0,-0.6005325,Normal
405.3998,13.36943,0,0.6431687,0.007934691,0,-0.4801018,8355.811,1.059072,0.1109882,Straight,Down,0,-0.603302,Normal
405.4398,13.33502,0,0.6431687,0.007934691,0,-0.4817276,8356.344,1.058767,0.11055,Straight,Down,0,-0.6060562,Normal
405.4799,13.30078,0,0.6431687,0.007934691,0,-0.4825765,8356.876,1.058422,0.1101124,Straight,Down,0,-0.6088181,Normal
405.5199,13.26667,0,0.63676,0.007934691,0,-0.4825683,8357.407,1.057969,0.1096759,Straight,Down,0,-0.6115723,Normal
405.5598,13.23269,0,0.6074631,0.003967346,0,-0.4816067,8357.937,1.057592,0.1092399,Straight,Down,0,-0.6143188,Normal
405.5999,13.19793,0,0.5461192,0.003967346,0,-0.4798673,8358.465,1.057149,0.1088047,Straight,Down,0,-0.6170578,Normal
405.6399,13.1633,0,0.4985118,0.003967346,0,-0.4771102,8358.992,1.056785,0.1083705,Straight,Down,0,-0.6197891,Normal
405.6799,13.12878,0,0.4390025,0.003967346,0,-0.4735441,8359.518,1.056435,0.1079367,Straight,Down,0,-0.6225128,Normal
405.7198,13.0944,0,0.4042125,0.003967346,0,-0.4710653,8360.042,1.056028,0.1075037,Straight,Down,0,-0.6252289,Normal
405.7599,13.06015,0,0.3794932,0.003967346,0,-0.4710115,8360.564,1.05554,0.1070716,Straight,Down,0,-0.6279526,Normal
405.7999,13.02602,0,0.3556895,0.003967346,0,-0.4702941,8361.086,1.055147,0.1066405,Straight,Down,0,-0.6306534,Normal
405.8398,12.99201,0,0.3282201,0.003967346,0,-0.468734,8361.605,1.054727,0.1062098,Straight,Down,0,-0.6333618,Normal
405.8799,12.95805,0,0.2796972,0.003967346,0,-0.4663873,8362.124,1.054375,0.1057798,Straight,Down,0,-0.636055,Normal
405.9199,12.92422,0,0.2421606,0.003967346,0,-0.4634938,8362.642,1.054153,0.1053511,Straight,Down,0,-0.6387405,Normal
405.9599,12.8905,0,0.2192724,0.003967346,0,-0.4598053,8363.157,1.0538,0.1049227,Straight,Down,0,-0.6414261,Normal
405.9998,12.85689,0,0.2183568,0.02777142,0,-0.4555131,8363.672,1.053573,0.1044951,Straight,Down,0,-0.644104,Normal
406.0399,12.82906,0,0.2137792,0.03173877,0,-0.4506638,8364.186,1.053269,0.1040682,Straight,Down,0,-0.6467743,Normal
406.0799,12.80183,0,0.206455,0.03173877,0,-0.4451515,8364.697,1.052862,0.1036426,Straight,Down,0,-0.649437,Normal
406.1198,12.77467,0,0.1945531,0.03173877,0,-0.4390322,8365.209,1.052479,0.1032173,Straight,Down,0,-0.6520996,Normal
406.1599,12.74775,0,0.1707494,0.03173877,0,-0.4322225,8365.719,1.052141,0.1027927,Straight,Down,0.03426402,-0.6547546,Normal
406.1999,12.72097,0,0.1048279,0.03173877,0,-0.424695,8366.229,1.051599,0.102369,Right,Down,0.05934703,-0.657402,Normal
406.2399,12.69431,0,0.0151062,0.03173877,0,-0.4164369,8366.736,1.051095,0.1019464,Right,Down,0.06255726,-0.6580276,Normal
406.2798,12.66788,0,-0.1240557,0.03173877,0,-0.4074324,8367.243,1.051275,0.1015242,Right,Down,0.06255726,-0.6582184,Normal
406.3199,12.64148,0,-0.2092016,0.03173877,0,-0.3981484,8367.749,1.051295,0.1011028,Right,Down,0.06255726,-0.6584167,Normal
406.3599,12.61468,0,-0.239414,0.03173877,0,-0.3882839,8368.254,1.051659,0.1006826,Right,Down,0.06255726,-0.6586075,Normal
406.3998,12.58807,0,-0.2366674,0.03173877,0,-0.378231,8368.758,1.051806,0.1002627,Right,Down,0.06255726,-0.6588058,Normal
406.4398,12.56161,0,-0.18906,0.03173877,0,-0.3725747,8369.261,1.051298,0.09984357,Right,Down,0.06255726,-0.6589966,Normal
406.4799,12.53545,0,-0.07187068,0.03173877,0,-0.3677437,8369.763,1.050664,0.09942526,Right,Down,0.05934703,-0.6591873,Normal
406.5199,12.50938,0,0.04440308,0.03967346,0,-0.363198,8370.263,1.05009,0.09900815,Right,Down,0.06255726,-0.6593781,Normal
406.5598,12.48511,0,0.1826513,0.04365606,0,-0.3584037,8370.763,1.049365,0.09859139,Right,Down,0.06255726,-0.6595688,Normal
406.5999,12.46149,0,0.289768,0.04365606,0,-0.3536631,8371.261,1.048551,0.09817544,Right,Down,0.06255726,-0.6597595,Normal
406.6399,12.43787,0,0.3337133,0.04762341,0,-0.3490118,8371.759,1.047933,0.09776068,Right,Down,0.06255726,-0.6599503,Normal
406.6799,12.41506,0,0.3392065,0.04762341,0,-0.3442782,8372.255,1.047547,0.09734628,Right,Down,0.05934703,-0.660141,Normal
406.7198,12.39245,0,0.3437841,0.04762341,0,-0.3394375,8372.751,1.047104,0.09693266,Right,Down,0.06255726,-0.6603241,Normal
406.7599,12.3701,0,0.3620982,0.04762341,0,-0.3341113,8373.246,1.046582,0.09651984,Right,Down,0.06255726,-0.6605148,Normal
406.7999,12.34786,0,0.4106212,0.04762341,0,-0.3282766,8373.74,1.045732,0.09610821,Right,Down,0.06255726,-0.6607056,Normal
406.8398,12.3259,0,0.4774547,0.04762341,0,-0.3218235,8374.233,1.045552,0.09569696,Right,Down,0.06255726,-0.6608963,Normal
406.8799,12.30374,0,0.6230271,0.05159075,0,-0.3135717,8374.726,1.045913,0.0952865,Right,Down,0.06852804,-0.661087,Normal
406.9199,12.28182,0,0.7539475,0.0555581,0,-0.3038092,8375.218,1.046568,0.0948771,Right,Down,0.08156469,-0.6612701,Normal
406.9599,12.26115,0,0.8015549,0.05952545,0,-0.2962516,8375.708,1.04741,0.09446833,Right,Down,0.08622923,-0.6609039,Normal
406.9998,12.24144,0,0.8088791,0.05952545,0,-0.2914719,8376.198,1.046896,0.09406025,Right,Down,0.08622923,-0.66008,Normal
407.0399,12.22199,0,0.8189499,0.05952545,0,-0.2867696,8376.687,1.045978,0.09365294,Right,Down,0.08846933,-0.6592636,Normal
407.0799,12.20275,0,0.8546591,0.05952545,0,-0.2815823,8377.175,1.044943,0.09324671,Right,Down,0.08622923,-0.6584396,Normal
407.1198,12.1834,0,0.9324789,0.05952545,0,-0.2758875,8377.663,1.043952,0.09284113,Right,Down,0.08622923,-0.6576233,Normal
407.1599,12.16383,0,1.02037,0.05952545,0,-0.2695088,8378.149,1.04341,0.0924362,Right,Down,0.08622923,-0.6567993,Normal
407.1999,12.14425,0,1.096362,0.05952545,0,-0.2625161,8378.636,1.042983,0.09203205,Right,Down,0.08622923,-0.655983,Normal
407.2399,12.12507,0,1.098193,0.05952545,0,-0.254279,8379.121,1.042404,0.09162901,Right,Down,0.08622923,-0.655159,Normal
407.2798,12.10611,0,1.098193,0.05952545,0,-0.2453704,8379.605,1.041854,0.09122662,Right,Down,0.08622923,-0.6543503,Normal
407.3199,12.08691,0,1.098193,0.05952545,0,-0.235353,8380.09,1.042439,0.09082485,Right,Down,0.08622923,-0.6535263,Normal
407.3599,12.06701,0,1.098193,0.05952545,0,-0.2239265,8380.572,1.04346,0.09042419,Right,Down,0.08622923,-0.6527176,Normal
407.3998,12.04731,0,1.086291,0.05952545,0,-0.213142,8381.055,1.044461,0.09002403,Right,Down,0.08622923,-0.6519012,Normal
407.4398,12.02786,0,1.026778,0.06349279,0,-0.2056193,8381.536,1.043874,0.08962483,Right,Down,0.09278741,-0.6510849,Normal
407.4799,12.00973,0,0.8903646,0.06349279,0,-0.1982523,8382.017,1.043168,0.08922628,Right,Down,0.1027921,-0.6502686,Normal
407.5199,11.9918,0,0.7667649,0.06746013,0,-0.1901372,8382.497,1.042559,0.08882881,Right,Down,0.1065312,-0.6489334,Normal
407.5598,11.97455,0,0.7383835,0.06746013,0,-0.1800834,8382.976,1.041375,0.08843187,Right,Down,0.1065312,-0.6473312,Normal
407.5999,11.95723,0,0.7768357,0.06746013,0,-0.1692221,8383.454,1.040349,0.08803586,Right,Down,0.1065312,-0.6457214,Normal
407.6399,11.94031,0,0.8015549,0.06746013,0,-0.1559348,8383.933,1.039183,0.0876408,Right,Down,0.1065312,-0.6441269,Normal
407.6799,11.92367,0,0.8079636,0.06746013,0,-0.1417142,8384.409,1.037562,0.08724628,Right,Down,0.1065312,-0.6425247,Normal
407.7198,11.90635,0,0.772258,0.06746013,0,-0.1256393,8384.886,1.037903,0.08685268,Right,Down,0.1065312,-0.6409378,Normal
407.7599,11.88867,0,0.6962693,0.06746013,0,-0.1076359,8385.361,1.039129,0.08645976,Right,Down,0.1065312,-0.6393356,Normal
407.7999,11.87123,0,0.5891526,0.06746013,0,-0.0907962,8385.836,1.039841,0.08606792,Right,Down,0.1065312,-0.6377411,Normal
407.8398,11.85412,0,0.5598521,0.06746013,0,-0.07528272,8386.311,1.039359,0.08567659,Right,Down,0.1065312,-0.6361465,Normal
407.8799,11.83738,0,0.5516124,0.06746013,0,-0.05897191,8386.784,1.038348,0.08528624,Right,Down,0.1101434,-0.634552,Normal
407.9199,11.82084,0,0.4866099,0.06746013,0,-0.04190716,8387.257,1.037348,0.08489681,Right,Down,0.1203313,-0.6329651,Normal
407.9599,11.80458,0,0.4170299,0.06746013,0,-0.02381766,8387.729,1.036175,0.08450792,Right,Down,0.1251145,-0.6311569,Normal
407.9998,11.78866,0,0.3758311,0.06746013,0,-0.005092382,8388.201,1.034774,0.08411986,Right,Down,0.1251145,-0.6288834,Normal
408.0399,11.77263,0,0.3511083,0.06746013,0,0.01453018,8388.672,1.033606,0.08373273,Right,Down,0.1266688,-0.6266098,Normal
408.0799,11.75558,0,0.2494848,0.06746013,0,0.03498533,8389.143,1.034674,0.08334655,Right,Down,0.1251145,-0.6243439,Normal
408.1198,11.73876,0,0.09384155,0.07142748,0,0.05597708,8389.612,1.036378,0.08296091,Right,Down,0.1251145,-0.6220779,Normal
408.1599,11.72299,0,-0.02426147,0.08332952,0,0.07355982,8390.081,1.036453,0.08257607,Right,Down,0.1251145,-0.619812,Normal
408.1999,11.71013,0,-0.1194781,0.1150683,0,0.09058079,8390.55,1.03594,0.08219219,Right,Down,0.1251145,-0.6175461,Normal
408.2399,11.70444,0,-0.13138,0.1309529,0,0.1081446,8391.019,1.035054,0.08180926,Right,Down,0.1251145,-0.6152802,Normal
408.2798,11.70257,0,-0.13138,0.1507896,0,0.1260531,8391.487,1.033801,0.0814269,Right,Down,0.1312212,-0.6130219,Normal
408.3199,11.70669,0,-0.13138,0.1983978,0,0.1440969,8391.956,1.032045,0.08104534,Right,Down,0.1384764,-0.6107559,Normal
408.3599,11.72213,0,-0.13138,0.2420539,0,0.1624824,8392.425,1.030623,0.08066497,Right,Down,0.1426525,-0.6082458,Normal
408.3998,11.74739,0,-0.1112384,0.2856947,0,0.1812488,8392.895,1.031863,0.08028505,Right,Down,0.1426525,-0.6053391,Normal
408.4398,11.78403,0,-0.0892657,0.289662,0,0.2002162,8393.364,1.033671,0.07990593,Right,Down,0.1426525,-0.6024323,Normal
408.4799,11.82341,0,-0.07736385,0.289662,0,0.2150358,8393.836,1.033323,0.07952765,Right,Down,0.1426525,-0.5995102,Normal
408.5199,11.86166,0,-0.07736385,0.289662,0,0.2297581,8394.309,1.032883,0.07915056,Right,Down,0.1426525,-0.5965805,Normal
408.5598,11.89226,0,-0.07736385,0.289662,0,0.2448485,8394.783,1.032048,0.07877392,Right,Down,0.1440177,-0.5936432,Normal
408.5999,11.92629,0,-0.07736385,0.289662,0,0.2600001,8395.258,1.030272,0.07839809,Right,Down,0.1426525,-0.5906982,Normal
408.6399,11.97006,0,-0.07187068,0.297612,0,0.275211,8395.734,1.028016,0.07802347,Right,Down,0.1506579,-0.587738,Normal
408.6798,11.99957,0,-0.04623413,0.3214161,0,0.290487,8396.212,1.028916,0.07764927,Right,Down,0.1582588,-0.5847855,Normal
408.7198,12.03763,0,0.004119873,0.3412528,0,0.3059269,8396.691,1.030928,0.07727591,Right,Down,0.1607126,-0.581337,Normal
408.7599,12.07751,0,0.05172729,0.3571222,0,0.3170217,8397.172,1.030866,0.07690338,Right,Down,0.1607126,-0.5777359,Normal
408.7999,12.12095,0,0.1222265,0.3610895,0,0.3276873,8397.654,1.030485,0.07653204,Right,Down,0.1594904,-0.5741196,Normal
408.8398,12.15948,0,0.1469457,0.3610895,0,0.3387806,8398.139,1.029324,0.07616115,Right,Down,0.1594904,-0.570488,Normal
408.8799,12.20413,0,0.1478612,0.3412528,0,0.3497805,8398.625,1.027172,0.0757911,Right,Down,0.1607126,-0.5668488,Normal
408.9199,12.25825,0,0.1478612,0.3372854,0,0.3608722,8399.113,1.026435,0.07542226,Right,Down,0.1619255,-0.5631866,Normal
408.9599,12.29992,0,0.1478612,0.3372854,0,0.3720837,8399.603,1.028244,0.07505385,Right,Down,0.1690205,-0.5595093,Normal
408.9998,12.33789,0,0.1478612,0.3372854,0,0.380262,8400.094,1.028853,0.07468627,Right,Down,0.1758294,-0.5557251,Normal
409.0399,12.37597,0,0.1515234,0.3571222,0,0.3866038,8400.586,1.028468,0.07431955,Right,Down,0.1758294,-0.5514221,Normal
409.0799,12.41216,0,0.1652563,0.3610895,0,0.3933025,8401.08,1.027414,0.07395399,Right,Down,0.1769387,-0.5470963,Normal
409.1198,12.45191,0,0.2201879,0.3610895,0,0.4002689,8401.576,1.025208,0.07358892,Right,Down,0.1769387,-0.5427475,Normal
409.1599,12.5048,0,0.2623022,0.3650568,0,0.4073639,8402.074,1.025107,0.07322467,Right,Down,0.1769387,-0.5383835,Normal
409.1999,12.55509,0,0.2796972,0.3729915,0,0.4149377,8402.574,1.027287,0.0728615,Right,Down,0.1802258,-0.5340042,Normal
409.2399,12.60015,0,0.2796972,0.3809415,0,0.4179736,8403.076,1.026775,0.07249901,Right,Down,0.1887116,-0.5296021,Normal
409.2798,12.64499,0,0.2796972,0.3888762,0,0.4211734,8403.58,1.026295,0.07213727,Right,Down,0.1928145,-0.5249023,Normal
409.3199,12.68649,0,0.2851903,0.3928435,0,0.4249544,8404.086,1.024266,0.07177637,Right,Down,0.1928145,-0.5198593,Normal
409.3599,12.73454,0,0.3035009,0.3928435,0,0.4287136,8404.594,1.022996,0.0714165,Right,Down,0.1928145,-0.5147858,Normal
409.3998,12.79014,0,0.3685069,0.3928435,0,0.4329815,8405.104,1.025218,0.07105739,Right,Down,0.1928145,-0.5096893,Normal
409.4398,12.84318,0,0.4509044,0.3928435,0,0.4334034,8405.615,1.025158,0.07069898,Right,Down,0.1968319,-0.5045776,Normal
409.4799,12.89202,0,0.5589366,0.3928435,0,0.4334681,8406.129,1.024474,0.07034142,Right,Down,0.2055842,-0.4994507,Normal
409.5199,12.9368,0,0.6248581,0.3928435,0,0.4340555,8406.645,1.022667,0.06998492,Right,Down,0.20842,-0.4939728,Normal
409.5598,12.98027,0,0.6349289,0.3928435,0,0.4350465,8407.163,1.02242,0.06962914,Right,Down,0.2093567,-0.4881744,Normal
409.5999,13.03276,0,0.6358445,0.3928435,0,0.4364765,8407.684,1.024687,0.06927408,Right,Down,0.2093567,-0.4823456,Normal
409.6399,13.08327,0,0.6532395,0.3928435,0,0.4333926,8408.206,1.023835,0.06892011,Right,Down,0.2093567,-0.4765015,Normal
409.6798,13.1306,0,0.7127488,0.3928435,0,0.4313105,8408.729,1.022526,0.06856672,Right,Down,0.2185032,-0.4706345,Normal
409.7198,13.17752,0,0.8070481,0.3928435,0,0.4300696,8409.256,1.020419,0.0682143,Right,Down,0.2246844,-0.464653,Normal
409.7599,13.22289,0,0.8775473,0.3928435,0,0.4296826,8409.784,1.022729,0.06786261,Right,Down,0.2255535,-0.458107,Normal
409.7999,13.2716,0,0.9745932,0.3928435,0,0.4266397,8410.314,1.023052,0.06751201,Right,Down,0.2246844,-0.4515305,Normal
409.8398,13.31769,0,1.054244,0.3928435,0,0.4228622,8410.847,1.021748,0.0671621,Right,Down,0.2264194,-0.4449387,Normal
409.8799,13.3668,0,1.12749,0.3928435,0,0.4202219,8411.381,1.019647,0.06681294,Right,Down,0.2349025,-0.4383163,Normal
409.9199,13.40809,0,1.173266,0.3928435,0,0.419055,8411.917,1.021487,0.06646488,Right,Down,0.2406627,-0.431488,Normal
409.9599,13.45488,0,1.202563,0.3928435,0,0.415563,8412.455,1.02194,0.06611738,Right,Down,0.2414744,-0.4241714,Normal
409.9998,13.50005,0,1.239184,0.3968109,0,0.4114466,8412.994,1.020324,0.06577087,Right,Down,0.2414744,-0.4168396,Normal
410.0399,13.55055,0,1.26665,0.3968109,0,0.4087698,8413.536,1.018549,0.06542511,Right,Down,0.2462884,-0.4094696,Normal
410.0799,13.59376,0,1.302359,0.4047455,0,0.4079051,8414.079,1.021017,0.06508041,Right,Down,0.2548778,-0.4020615,Normal
410.1198,13.6409,0,1.357291,0.4087129,0,0.4040478,8414.624,1.020506,0.06473631,Right,Down,0.2579304,-0.3941269,Normal
410.1599,13.68925,0,1.403983,0.4087129,0,0.4008632,8415.171,1.018371,0.0643932,Right,Down,0.2579304,-0.3860245,Normal
410.1999,13.73713,0,1.438773,0.4126802,0,0.3996079,8415.72,1.018385,0.06405104,Right,Down,0.2609472,-0.3778915,Normal
410.2399,13.78821,0,1.436942,0.4126802,0,0.3986974,8416.271,1.020418,0.0637095,Right,Down,0.2697954,-0.3697052,Normal
410.2798,13.83545,0,1.414053,0.4126802,0,0.3957421,8416.823,1.018439,0.06336883,Right,Down,0.2733977,-0.361084,Normal
410.3199,13.88899,0,1.350882,0.4126802,0,0.3945527,8417.378,1.016657,0.06302909,Right,Down,0.2733977,-0.3521881,Normal
410.3599,13.93438,0,1.290457,0.4166476,0,0.3960156,8417.935,1.019901,0.06269035,Right,Down,0.2790645,-0.3432541,Normal
410.3998,13.98347,0,1.238269,0.4285496,0,0.3939867,8418.493,1.018188,0.06235221,Right,Down,0.2887141,-0.3342819,Normal
410.4398,14.04236,0,1.220874,0.4404517,0,0.3934768,8419.055,1.015937,0.06201494,Right,Down,0.2900664,-0.3247299,Normal
410.4799,14.09168,0,1.208056,0.4483864,0,0.3954605,8419.618,1.018442,0.06167863,Right,Down,0.2900664,-0.3150177,Normal
410.5199,14.14776,0,1.173266,0.4563211,0,0.3952819,8420.184,1.017521,0.06134329,Right,Down,0.2987072,-0.3052444,Normal
410.5598,14.21169,0,1.132067,0.4682384,0,0.3956104,8420.751,1.015004,0.06100858,Right,Down,0.3071049,-0.295311,Normal
410.5999,14.26643,0,1.074389,0.4801404,0,0.3984421,8421.32,1.017971,0.06067473,Right,Down,0.3071049,-0.2847824,Normal
410.6399,14.32499,0,1.026778,0.4880751,0,0.3983352,8421.893,1.015927,0.06034208,Right,Down,0.3127867,-0.2741928,Normal
410.6798,14.39277,0,0.9691,0.4920424,0,0.3994781,8422.468,1.013836,0.06000993,Right,Down,0.3220336,-0.2635574,Normal
410.7198,14.45367,0,0.9279013,0.4920424,0,0.4021018,8423.045,1.017666,0.05967865,Right,Down,0.3238513,-0.2522659,Normal
410.7599,14.52315,0,0.9141684,0.4920424,0,0.4017949,8423.624,1.014308,0.05934823,Right,Down,0.3280534,-0.2408218,Normal
410.7999,14.5856,0,0.9132528,0.4920424,0,0.4035887,8424.207,1.014726,0.05901901,Right,Down,0.3374619,-0.2293243,Normal
410.8398,14.63966,0,0.9040976,0.4920424,0,0.4043097,8424.792,1.015388,0.05869029,Right,Down,0.3409232,-0.2172546,Normal
410.8799,14.71167,0,0.8903646,0.4920424,0,0.4043206,8425.38,1.01184,0.05836243,Right,Down,0.3454843,-0.2049408,Normal
410.9199,14.77331,0,0.8784628,0.4960098,0,0.4061466,8425.971,1.014258,0.05803579,Right,Down,0.354982,-0.1925812,Normal
410.9599,14.83537,0,0.8729696,0.4999771,0,0.4043996,8426.563,1.013492,0.05770967,Right,Down,0.3571801,-0.1796036,Normal
410.9998,14.90019,0,0.8619833,0.5038987,0,0.4045097,8427.159,1.012829,0.05738441,Right,Down,0.364769,-0.1664047,Normal
411.0399,14.96567,0,0.8500814,0.5038987,0,0.4023373,8427.757,1.013808,0.05706001,Right,Down,0.3743001,-0.1531067,Normal
411.0799,15.03025,0,0.8317709,0.5038987,0,0.4001611,8428.357,1.015488,0.0567368,Right,Flat,0.3758652,-0.1390381,Normal
411.1198,15.09732,0,0.8125412,0.5038987,0,0.3992158,8428.96,1.012517,0.05641413,Right,Flat,0.3861367,-0.1249237,Normal
411.1599,15.16463,0,0.8024704,0.507805,0,0.3942738,8429.566,1.013716,0.05609233,Right,Flat,0.3911712,-0.1103516,Normal
411.1999,15.2273,0,0.8015549,0.507805,0,0.3913343,8430.175,1.01342,0.05577171,Right,Flat,0.3995845,-0.09535217,Normal
411.2399,15.29765,0,0.8070481,0.507805,0,0.3871908,8430.786,1.010964,0.05545167,Right,Flat,0.4087828,-0.08020782,Normal
411.2798,15.35759,0,0.8326864,0.507805,0,0.3814378,8431.4,1.012389,0.05513245,Right,Flat,0.4125943,-0.06430817,Normal
411.3199,15.42381,0,0.8976889,0.507805,0,0.3774132,8432.017,1.009764,0.05481411,Right,Flat,0.4238235,-0.04834747,Normal
411.3599,15.49168,0,0.9489584,0.507805,0,0.3699106,8432.636,1.009858,0.05449698,Right,Flat,0.4242849,-0.03173828,Normal
411.3998,15.55136,0,0.9617758,0.507805,0,0.3634804,8433.257,1.011318,0.05418036,Right,Flat,0.4029978,-0.0148468,Normal
411.4398,15.61931,0,0.9617758,0.507805,0,0.3577527,8433.881,1.00798,0.05386464,Right,Flat,0.393167,0.002319336,Normal
411.4799,15.68279,0,0.9617758,0.507805,0,0.3485283,8434.508,1.009522,0.05354977,Right,Flat,0.3876539,0.0197525,Normal
411.5199,15.74336,0,0.9617758,0.507805,0,0.3413407,8435.137,1.009305,0.0532361,Right,Flat,0.3794918,0.03723145,Normal
411.5598,15.81038,0,0.9617758,0.507805,0,0.3327812,8435.769,1.007378,0.052923,Right,Flat,0.3789758,0.05444336,Normal
411.5999,15.87103,0,0.9727621,0.507805,0,0.3231644,8436.402,1.008958,0.05261073,Right,Flat,0.3748225,0.0717392,Normal
411.6399,15.9329,0,1.067981,0.507805,0,0.3155483,8437.039,1.007151,0.05229959,Right,Flat,0.3732531,0.08887482,Normal
411.6798,15.99558,0,1.222705,0.507805,0,0.3047754,8437.679,1.006903,0.05198918,Right,Flat,0.3700944,0.1059036,Normal
411.7198,16.05359,0,1.436942,0.507805,0,0.2950254,8438.32,1.008529,0.05167956,Right,Flat,0.3663747,0.1229706,Normal
411.7599,16.1194,0,1.554133,0.507805,0,0.286906,8438.964,1.005581,0.0513708,Right,Flat,0.3658403,0.1397247,Normal
411.7999,16.17957,0,1.631037,0.507805,0,0.2752044,8439.61,1.006841,0.05106312,Right,Up,0.3609945,0.1565247,Normal
411.8398,16.23637,0,1.659418,0.507805,0,0.2664756,8440.26,1.007776,0.05075625,Right,Up,0.3593647,0.1731644,Normal
411.8799,16.3008,0,1.660334,0.507805,0,0.2583551,8440.911,1.005164,0.05045012,Right,Up,0.3566318,0.1896515,Normal
411.9199,16.36111,0,1.658503,0.507805,0,0.2481793,8441.564,1.00632,0.05014506,Right,Up,0.3522151,0.2061691,Normal
411.9598,16.41562,0,1.647516,0.507805,0,0.241104,8442.221,1.006284,0.04984082,Right,Up,0.3522151,0.2223282,Normal
411.9998,16.47537,0,1.562372,0.507805,0,0.2340071,8442.879,1.004611,0.04953731,Right,Up,0.3471792,0.2385101,Normal
412.0399,16.53703,0,1.39025,0.5117113,0,0.226076,8443.54,1.005972,0.0492347,Right,Up,0.3443497,0.2545471,Normal
412.0799,16.59312,0,1.245593,0.5117113,0,0.2211114,8444.203,1.005073,0.04893315,Right,Up,0.3420692,0.2703629,Normal
412.1198,16.6498,0,1.110095,0.5156176,0,0.2148525,8444.868,1.003955,0.04863239,Right,Up,0.3368816,0.2862091,Normal
412.1599,16.71192,0,1.062487,0.5156176,0,0.2091108,8445.536,1.005353,0.04833243,Right,Up,0.3357179,0.3016891,Normal
412.1999,16.77163,0,1.02037,0.5156176,0,0.206042,8446.206,1.003838,0.04803354,Right,Up,0.3322025,0.3171463,Normal
412.2399,16.82779,0,0.9727621,0.5156176,0,0.2009031,8446.879,1.003409,0.04773531,Right,Up,0.3268584,0.3325043,Normal
412.2798,16.88867,0,0.9086752,0.5156176,0,0.1969389,8447.554,1.004743,0.04743809,Right,Up,0.3268584,0.3475113,Normal
412.3199,16.94855,0,0.7841599,0.5156176,0,0.1957596,8448.23,1.003038,0.04714162,Right,Up,0.3214254,0.3625412,Normal
412.3599,17.00445,0,0.6596482,0.5156176,0,0.1919996,8448.91,1.002688,0.04684628,Right,Up,0.3177519,0.3773346,Normal
412.3998,17.0659,0,0.5159068,0.5156176,0,0.1894696,8449.593,1.003803,0.04655159,Right,Up,0.3165179,0.3918991,Normal
412.4398,17.12391,0,0.4234385,0.5156176,0,0.189174,8450.277,1.002601,0.04625789,Right,Up,0.309643,0.4064865,Normal
412.4799,17.17979,0,0.4115367,0.5156176,0,0.1865442,8450.964,1.001761,0.04596517,Right,Up,0.3090104,0.4206467,Normal
412.5199,17.24107,0,0.4289317,0.5156176,0,0.1839801,8451.652,1.002597,0.04567314,Right,Up,0.3058279,0.4347229,Normal
412.5598,17.29714,0,0.4518199,0.5156176,0,0.1837593,8452.344,1.002209,0.045382,Right,Up,0.2987072,0.4488373,Normal
412.5999,17.35258,0,0.4682994,0.5156176,0,0.1821755,8453.037,1.000788,0.04509185,Right,Up,0.2987072,0.4623489,Normal
412.6399,17.41328,0,0.4692149,0.5156176,0,0.1793008,8453.733,1.001354,0.04480267,Right,Up,0.2940859,0.4759064,Normal
412.6798,17.46862,0,0.4875255,0.5156176,0,0.1785662,8454.432,1.002038,0.04451418,Right,Up,0.2880355,0.4893951,Normal
412.7198,17.5233,0,0.5241466,0.5156176,0,0.1778212,8455.132,1.00008,0.04422659,Right,Up,0.2880355,0.5023346,Normal
412.7599,17.58248,0,0.5360484,0.5156176,0,0.1740631,8455.834,1.000376,0.04393999,Right,Up,0.2832403,0.5153046,Normal
412.7999,17.64067,0,0.5360484,0.5156176,0,0.1720109,8456.539,1.001548,0.04365436,Right,Up,0.276953,0.5282288,Normal
412.8398,17.69295,0,0.5296397,0.4960098,0,0.1719369,8457.246,0.9994295,0.04336942,Right,Up,0.2762456,0.540535,Normal
412.8799,17.74765,0,0.5241466,0.4801404,0,0.1673237,8457.955,0.9991198,0.0430854,Right,Up,0.272681,0.5528717,Normal
412.9199,17.79918,0,0.5223155,0.4483864,0,0.1636009,8458.667,0.9996102,0.04280255,Right,Up,0.2639296,0.5652084,Normal
412.9598,17.83857,0,0.4985118,0.4206149,0,0.1615665,8459.38,0.9998645,0.04252029,Right,Up,0.2639296,0.576828,Normal
412.9998,17.87391,0,0.4582286,0.3690242,0,0.1587034,8460.095,0.9980875,0.04223892,Right,Up,0.261696,0.5884552,Normal
413.0399,17.89968,0,0.4325938,0.3214161,0,0.1527254,8460.811,0.9979828,0.04195846,Right,Up,0.2525642,0.6000977,Normal
413.0799,17.91563,0,0.4216075,0.2817273,0,0.1480041,8461.527,0.9989551,0.04167915,Right,Up,0.2517883,0.6110229,Normal
413.1198,17.91756,0,0.4042125,0.2182498,0,0.1450043,8462.244,0.9981833,0.04140047,Right,Up,0.2517883,0.6218414,Normal
413.1599,17.91057,0,0.3904796,0.1745937,0,0.1392227,8462.961,0.9969931,0.04112269,Right,Up,0.2414744,0.6326523,Normal
413.1999,17.89199,0,0.3611827,0.1349203,0,0.1315054,8463.677,0.9968499,0.04084609,Right,Up,0.2373883,0.6429749,Normal
413.2399,17.86454,0,0.3373754,0.1071336,0,0.1248246,8464.392,0.9977575,0.04057008,Right,Up,0.2382111,0.6528702,Normal
413.2798,17.82925,0,0.3154027,0.0991989,0,0.1198372,8465.105,0.9973242,0.04029498,Right,Up,0.2332305,0.6627426,Normal
413.3199,17.79385,0,0.2796972,0.09126421,0,0.1131695,8465.817,0.995772,0.04002077,Right,Up,0.2229358,0.6725769,Normal
413.3599,17.75674,0,0.2439916,0.08729687,0,0.1035074,8466.528,0.9956716,0.03974776,Right,Up,0.2229358,0.6814728,Normal
413.3998,17.71816,0,0.2183568,0.07142748,0,0.09477744,8467.237,0.9960451,0.03947536,Right,Up,0.2220564,0.6903229,Normal
413.4398,17.67563,0,0.2183568,0.0555581,0,0.08742633,8467.944,0.9973254,0.03920383,Right,Up,0.2158,0.6991425,Normal
413.4799,17.63033,0,0.2183568,0.04365606,0,0.08113989,8468.65,0.9951206,0.03893349,Right,Up,0.2055842,0.7078171,Normal
413.5199,17.58334,0,0.2183568,0.02380407,0,0.070133,8469.354,0.9945685,0.03866378,Right,Up,0.2055842,0.7155533,Normal
413.5598,17.53179,0,0.2183568,0.01586938,0,0.05872047,8470.057,0.9943641,0.03839496,Right,Up,0.2065338,0.723259,Normal
413.5999,17.47737,0,0.2183568,0.003967346,0,0.04833966,8470.756,0.9948823,0.03812704,Right,Up,0.2027088,0.7309189,Normal
413.6399,17.42061,0,0.2183568,0,0,0.03895339,8471.453,0.9959946,0.03786031,Right,Up,0.1897456,0.7385635,Normal
413.6798,17.36396,0,0.2183568,0,0,0.03060427,8472.148,0.9944245,0.03759421,Right,Up,0.1866263,0.7452698,Normal
413.7198,17.30735,0,0.2183568,0,0,0.01932037,8472.841,0.9932777,0.037329,Right,Up,0.1866263,0.7517319,Normal
413.7599,17.25066,0,0.2183568,0,0,0.005375981,8473.531,0.9931068,0.03706468,Right,Up,0.1876719,0.7581711,Normal
413.7999,17.19361,0,0.2247655,0,0,-0.007967889,8474.22,0.9933922,0.03680155,Right,Up,0.1791368,0.7645645,Normal
413.8398,17.13742,0,0.2183568,0,0,-0.02043733,8474.906,0.9937155,0.03653906,Right,Up,0.166689,0.7708893,Normal
413.8799,17.08054,0,0.2183568,0,0,-0.03196028,8475.59,0.9945212,0.03627745,Right,Up,0.165511,0.7759857,Normal
413.9199,17.02406,0,0.2183568,0,0,-0.0426456,8476.271,0.9935422,0.03601692,Right,Up,0.165511,0.7810593,Normal
413.9598,16.96823,0,0.2183568,0,0,-0.05274242,8476.951,0.9917915,0.03575723,Right,Up,0.165511,0.7861099,Normal
413.9998,16.91235,0,0.2183568,0,0,-0.06924579,8477.628,0.9915407,0.03549836,Right,Up,0.165511,0.7911377,Normal
414.0399,16.85636,0,0.2265966,0,0,-0.08531716,8478.303,0.9916818,0.03524036,Right,Up,0.1493534,0.7961426,Normal
414.0799,16.80071,0,0.2421606,0,0,-0.1004688,8478.976,0.991982,0.03498356,Right,Up,0.1398823,0.8003998,Normal
414.1198,16.74526,0,0.1963842,0,0,-0.1146855,8479.646,0.9921045,0.03472741,Right,Up,0.1398823,0.8038788,Normal
414.1599,16.68987,0,0.08102417,0,0,-0.1280709,8480.314,0.9920052,0.03447215,Right,Up,0.1398823,0.8073425,Normal
414.1999,16.63441,0,-0.0892657,0,0,-0.1408468,8480.98,0.9921159,0.03421796,Right,Up,0.1398823,0.8107986,Normal
414.2399,16.57901,0,-0.2677953,0,0,-0.1530535,8481.645,0.9918625,0.03396462,Right,Up,0.1412742,0.8142471,Normal
414.2798,16.52431,0,-0.3749138,0,0,-0.1649937,8482.306,0.9907654,0.03371206,Right,Up,0.1341704,0.8176727,Normal
414.3199,16.4699,0,-0.4472423,0,0,-0.1777805,8482.965,0.9895639,0.03346044,Right,Up,0.1136409,0.8210831,Normal
414.3599,16.41534,0,-0.4527354,0,0,-0.1973283,8483.622,0.989485,0.03320989,Right,Up,0.1065312,0.823143,Normal
414.3998,16.36072,0,-0.4454112,0,0,-0.2166843,8484.277,0.9895864,0.03296018,Right,Up,0.1083524,0.8246155,Normal
414.4398,16.30656,0,-0.4417491,0,0,-0.2359341,8484.931,0.9898941,0.0327113,Right,Up,0.1065312,0.8260803,Normal
414.4799,16.25257,0,-0.4417491,0,0,-0.2552088,8485.581,0.9899925,0.03246347,Right,Up,0.1083524,0.8275375,Normal
414.5199,16.19874,0,-0.4417491,0,0,-0.2745648,8486.229,0.9898574,0.03221641,Right,Up,0.1065312,0.8289871,Normal
414.5598,16.14509,0,-0.4417491,0,0,-0.2940804,8486.876,0.9895908,0.03197033,Right,Up,0.1065312,0.8304367,Normal
414.5999,16.0916,0,-0.4280162,0,0,-0.3137181,8487.521,0.9893343,0.03172509,Right,Up,0.1065312,0.8318787,Normal
414.6399,16.03826,0,-0.3218132,0,0,-0.3334997,8488.162,0.9890508,0.03148091,Right,Up,0.1065312,0.833313,Normal
414.6798,15.98508,0,-0.2128637,0,0,-0.3535018,8488.802,0.9886705,0.03123752,Straight,Up,0.04845664,0.8347397,Normal
414.7198,15.93205,0,-0.02883911,0,0,-0.3735162,8489.439,0.9884631,0.03099508,Straight,Up,0,0.8343353,Normal
414.7599,15.87919,0,0.09475708,0,0,-0.3937062,8490.075,0.9882381,0.0307535,Straight,Up,0,0.8299637,Normal
414.7999,15.82649,0,0.1945531,0,0,-0.4139682,8490.709,0.9880322,0.03051299,Straight,Up,0,0.8256073,Normal
414.8398,15.77395,0,0.2439916,0,0,-0.4341155,8491.341,0.9878124,0.03027323,Straight,Up,0,0.8212662,Normal
414.8799,15.72159,0,0.2558935,0,0,-0.4542344,8491.971,0.9875758,0.03003446,Straight,Up,0,0.8169403,Normal
414.9199,15.6694,0,0.2604711,0,0,-0.4743538,8492.598,0.9872926,0.02979669,Straight,Up,0,0.8126221,Normal
414.9598,15.61737,0,0.272373,0,0,-0.4947032,8493.223,0.9871055,0.02955971,Straight,Up,0,0.8083267,Normal
414.9998,15.56552,0,0.3135717,0.007934691,0,-0.5148631,8493.846,0.9868788,0.02932361,Straight,Up,0,0.804039,Normal
415.0399,15.51506,0,0.3813243,0.01586938,0,-0.5349204,8494.467,0.986625,0.02908851,Straight,Up,0,0.7997742,Normal
415.0799,15.46676,0,0.4444957,0.02380407,0,-0.5547971,8495.086,0.9863691,0.02885441,Straight,Up,0,0.7955093,Normal
415.1198,15.42005,0,0.4820323,0.04762341,0,-0.5743225,8495.703,0.9862382,0.02862108,Straight,Up,0,0.7912674,Normal
415.1599,15.37905,0,0.4820323,0.0555581,0,-0.5937447,8496.318,0.9860784,0.02838866,Straight,Up,0,0.7870331,Normal
415.1999,15.33996,0,0.4756236,0.05952545,0,-0.6129541,8496.933,0.9859275,0.02815739,Straight,Up,0.01978234,0.782814,Normal
415.2398,15.30176,0,0.4646373,0.06349279,0,-0.6318456,8497.545,0.9856794,0.02792681,Straight,Up,0,0.7786026,Normal
415.2798,15.26485,0,0.4454112,0.06349279,0,-0.6502692,8498.156,0.9855424,0.02769715,Straight,Up,0,0.7744064,Normal
415.3199,15.22801,0,0.4289317,0.06746013,0,-0.6681863,8498.766,0.9853396,0.02746851,Straight,Up,0,0.7702179,Normal
415.3599,15.19187,0,0.4280162,0.07539482,0,-0.6856751,8499.373,0.985083,0.02724085,Straight,Up,0,0.766037,Normal
415.3998,15.15759,0,0.422523,0.07936218,0,-0.7028007,8499.979,0.9848793,0.02701397,Straight,Up,0,0.7618713,Normal
415.4398,15.12421,0,0.4216075,0.08332952,0,-0.7191477,8500.585,0.9848739,0.02678797,Straight,Up,0,0.7577133,Normal
415.4799,15.09208,0,0.4216075,0.0991989,0,-0.7348503,8501.188,0.9846686,0.02656317,Straight,Up,0,0.7535553,Normal
415.5199,15.06297,0,0.4216075,0.1190356,0,-0.7499116,8501.791,0.9843028,0.02633903,Straight,Up,0,0.7494202,Normal
415.5598,15.03883,0,0.4216075,0.1269856,0,-0.7644215,8502.393,0.9839574,0.02611584,Straight,Up,0,0.7452927,Normal
415.5999,15.01658,0,0.4216075,0.1349203,0,-0.7780687,8502.994,0.9837054,0.02589357,Straight,Up,0,0.7411652,Normal
415.6399,14.9959,0,0.4216075,0.1468223,0,-0.7910728,8503.594,0.9834669,0.02567244,Straight,Up,0,0.7370453,Normal
415.6798,14.97765,0,0.4216075,0.1587244,0,-0.8033683,8504.193,0.9832599,0.02545203,Straight,Up,0,0.7329407,Normal
415.7198,14.96219,0,0.4216075,0.1745937,0,-0.8146909,8504.792,0.9831035,0.0252325,Straight,Up,0,0.7288361,Normal
415.7599,14.95069,0,0.4216075,0.1825284,0,-0.8254551,8505.39,0.9821548,0.02501417,Straight,Up,0,0.7247314,Normal
415.7999,14.94183,0,0.4216075,0.1864958,0,-0.833411,8505.987,0.9815545,0.02479653,Straight,Up,0,0.7206421,Normal
415.8398,14.93375,0,0.4170299,0.1944305,0,-0.8371675,8506.585,0.9823385,0.0245798,Straight,Up,0,0.7165604,Normal
415.8799,14.92747,0,0.3913951,0.1944305,0,-0.8402425,8507.183,0.9830565,0.024364,Straight,Up,0,0.712471,Normal
415.9199,14.92135,0,0.2256811,0.1983978,0,-0.8426049,8507.78,0.98373,0.02414933,Straight,Up,0,0.7083893,Normal
415.9598,14.91609,0,0.02792358,0.2063325,0,-0.8444022,8508.377,0.9838465,0.02393541,Straight,Up,0,0.7043152,Normal
415.9998,14.9129,0,-0.2146947,0.2063325,0,-0.8457996,8508.973,0.9838178,0.02372238,Straight,Up,0,0.7002258,Normal
416.0399,14.90952,0,-0.3639275,0.2103151,0,-0.8467736,8509.568,0.9839013,0.02351031,Straight,Up,0,0.6961441,Normal
416.0799,14.90677,0,-0.4161143,0.2103151,0,-0.8473596,8510.164,0.9824244,0.02329937,Straight,Up,0,0.6920624,Normal
416.1198,14.9059,0,-0.4280162,0.2142824,0,-0.8477153,8510.76,0.980149,0.02308915,Straight,Up,0,0.6879883,Normal
416.1599,14.90527,0,-0.4280162,0.2142824,0,-0.8421527,8511.355,0.9802582,0.02287985,Straight,Up,0.01978234,0.6839066,Normal
416.1999,14.90454,0,-0.4280162,0.2182498,0,-0.8367674,8511.951,0.9805333,0.0226717,Straight,Up,-0.01978234,0.6798401,Normal
416.2398,14.90417,0,-0.4280162,0.2261845,0,-0.8321297,8512.547,0.9811607,0.02246428,Left,Up,-0.08622923,0.675766,Normal
416.2798,14.90485,0,-0.4280162,0.2301518,0,-0.8279209,8513.143,0.9820248,0.02225778,Left,Up,-0.1101434,0.6678619,Normal
416.3199,14.90655,0,-0.4280162,0.2301518,0,-0.824164,8513.738,0.9822173,0.0220522,Left,Up,-0.1101434,0.6577454,Normal
416.3599,14.91072,0,-0.4280162,0.2301518,0,-0.8206308,8514.334,0.9793451,0.02184776,Left,Up,-0.1101434,0.6476288,Normal
416.3998,14.91455,0,-0.4280162,0.2341192,0,-0.8120312,8514.93,0.9786179,0.02164406,Left,Up,-0.1083524,0.6375122,Normal
416.4398,14.91896,0,-0.4280162,0.2420539,0,-0.8030628,8515.527,0.9784344,0.02144129,Left,Up,-0.1101434,0.627388,Normal
416.4799,14.92461,0,-0.4280162,0.2499886,0,-0.7941393,8516.125,0.9790481,0.02123958,Left,Up,-0.1101434,0.6172714,Normal
416.5199,14.92925,0,-0.4280162,0.2539559,0,-0.7856399,8516.723,0.9803361,0.02103875,Left,Up,-0.1101434,0.607132,Normal
416.5598,14.93911,0,-0.4280162,0.2539559,0,-0.7770081,8517.32,0.9780344,0.02083878,Left,Up,-0.1266688,0.5969925,Normal
416.5999,14.94877,0,-0.4280162,0.2539559,0,-0.7637609,8517.918,0.9774505,0.02063975,Left,Up,-0.1506579,0.5868378,Normal
416.6399,14.95809,0,-0.4280162,0.2579232,0,-0.7493433,8518.516,0.9773799,0.02044178,Left,Up,-0.1506579,0.5745621,Normal
416.6798,14.96743,0,-0.4280162,0.2579232,0,-0.7355331,8519.114,0.9784763,0.02024466,Left,Up,-0.1519511,0.5621414,Normal
416.7198,14.97471,0,-0.4280162,0.2579232,0,-0.7221211,8519.714,0.9782656,0.02004845,Left,Up,-0.1519511,0.5497208,Normal
416.7599,14.9857,0,-0.4280162,0.2579232,0,-0.7071056,8520.313,0.9763737,0.01985327,Left,Up,-0.1519511,0.5372849,Normal
416.7999,14.99634,0,-0.4408336,0.2579232,0,-0.6887903,8520.913,0.9767364,0.01965893,Left,Up,-0.1557664,0.5248337,Normal
416.8398,15.00667,0,-0.5067515,0.2579232,0,-0.6713756,8521.513,0.9778731,0.01946557,Left,Up,-0.1758294,0.5123596,Normal
416.8799,15.01642,0,-0.5955595,0.2579232,0,-0.6548762,8522.113,0.9775398,0.01927308,Left,Up,-0.1866263,0.4990463,Normal
416.9199,15.02693,0,-0.7502854,0.2579232,0,-0.636324,8522.715,0.9758492,0.01908166,Left,Up,-0.1855749,0.4846725,Normal
416.9598,15.0382,0,-0.8802938,0.2579232,0,-0.6153443,8523.316,0.976449,0.01889104,Left,Up,-0.1866263,0.4702911,Normal
416.9998,15.04584,0,-0.93431,0.2579232,0,-0.5958866,8523.918,0.9775403,0.01870144,Left,Up,-0.1855749,0.4558716,Normal
417.0399,15.05764,0,-0.9443808,0.2579232,0,-0.5777528,8524.52,0.9750925,0.0185127,Left,Up,-0.2027088,0.441452,Normal
417.0799,15.06884,0,-0.9443808,0.2579232,0,-0.5552214,8525.122,0.9758459,0.01832503,Left,Up,-0.2167048,0.4266205,Normal
417.1198,15.07747,0,-0.9443808,0.2579232,0,-0.5336415,8525.726,0.9772019,0.01813817,Left,Up,-0.2167048,0.4104767,Normal
417.1599,15.08966,0,-0.9443808,0.2579232,0,-0.5135689,8526.329,0.9751322,0.01795233,Left,Up,-0.2176059,0.3943253,Normal
417.1999,15.09993,0,-0.9443808,0.2579232,0,-0.4900802,8526.933,0.9754621,0.01776749,Left,Up,-0.2238118,0.3781586,Normal
417.2398,15.10923,0,-0.9379721,0.2579232,0,-0.4669493,8527.536,0.9771785,0.01758346,Left,Up,-0.2406627,0.3619385,Normal
417.2798,15.12072,0,-0.9150839,0.2579232,0,-0.4454589,8528.142,0.9758292,0.01740036,Left,Up,-0.2454926,0.3445816,Normal
417.3199,15.12957,0,-0.8509952,0.2618906,0,-0.4200274,8528.747,0.9754511,0.01721827,Left,Up,-0.2454926,0.326767,Normal
417.3599,15.14146,0,-0.6843674,0.2618906,0,-0.3952435,8529.353,0.9740717,0.01703718,Left,Up,-0.25101,0.3089218,Normal
417.3998,15.15628,0,-0.523231,0.2658579,0,-0.3717242,8529.958,0.9720633,0.01685691,Left,Up,-0.2668786,0.2910614,Normal
417.4398,15.16904,0,-0.380407,0.2698253,0,-0.3483759,8530.565,0.9735767,0.01667765,Left,Up,-0.2719625,0.2722168,Normal
417.4799,15.18359,0,-0.3327996,0.2737926,0,-0.3264315,8531.173,0.9749082,0.01649938,Left,Up,-0.2719625,0.2528534,Normal
417.5199,15.19897,0,-0.3108269,0.2856947,0,-0.3055468,8531.78,0.9762859,0.01632193,Left,Up,-0.2832403,0.2334671,Normal
417.5598,15.217,0,-0.298925,0.297612,0,-0.2859762,8532.389,0.9768752,0.01614544,Left,Up,-0.2967354,0.2139206,Normal
417.5999,15.23894,0,-0.2751195,0.3015793,0,-0.2676143,8532.998,0.9766667,0.01596994,Left,Up,-0.2967354,0.1930389,Normal
417.6399,15.26181,0,-0.208286,0.3055466,0,-0.2505406,8533.608,0.9760448,0.01579545,Left,Up,-0.3039024,0.1721039,Normal
417.6798,15.28553,0,-0.1469439,0.3055466,0,-0.2347583,8534.22,0.975395,0.01562179,Left,Up,-0.3183671,0.1511307,Normal
417.7198,15.3091,0,-0.08743465,0.3055466,0,-0.2200634,8534.832,0.9748344,0.01544905,Left,Flat,-0.3202056,0.1290054,Normal
417.7599,15.33263,0,-0.0590533,0.3055466,0,-0.2064162,8535.445,0.9747047,0.01527745,Left,Flat,-0.3268584,0.1066132,Normal
417.7999,15.35539,0,-0.05355835,0.3055466,0,-0.1938123,8536.059,0.9749897,0.01510662,Left,Flat,-0.3409232,0.08418274,Normal
417.8398,15.37811,0,-0.05172729,0.309514,0,-0.1820748,8536.674,0.9740999,0.01493672,Left,Flat,-0.3432113,0.06063843,Normal
417.8799,15.40137,0,-0.05172729,0.3214161,0,-0.1711027,8537.289,0.9730227,0.0147678,Left,Flat,-0.1802258,0.03682709,Normal
417.9199,15.42542,0,-0.08285701,0.3293507,0,-0.1608831,8537.906,0.9709018,0.01459998,Right,Flat,0.06852804,0.01242828,Normal
417.9598,15.45768,0,-0.1542681,0.3333181,0,-0.1522891,8538.524,0.9685289,0.01443291,Right,Flat,0.06852804,-0.02068329,Normal
417.9998,15.48934,0,-0.1799047,0.3333181,0,-0.1468426,8539.144,0.9711094,0.01426683,Right,Flat,0.06852804,-0.05384827,Normal
418.0399,15.51965,0,-0.1716632,0.3333181,0,-0.1419323,8539.765,0.9731928,0.01410166,Right,Flat,0.07132626,-0.08706665,Normal
418.0799,15.54946,0,-0.13138,0.3333181,0,-0.1375614,8540.386,0.9753009,0.01393763,Right,Flat,0.06852804,-0.1203537,Normal
418.1198,15.5788,0,-0.05813599,0.3333181,0,-0.1336832,8541.009,0.9763365,0.01377437,Right,Down,0.06852804,-0.1537628,Normal
418.1599,15.61141,0,0.02151489,0.3333181,0,-0.1302812,8541.633,0.9763994,0.01361207,Right,Down,0.06852804,-0.187294,Normal
418.1999,15.6438,0,0.06546021,0.3333181,0,-0.1272022,8542.258,0.9760323,0.01345086,Right,Down,0.07132626,-0.2209167,Normal
418.2398,15.67599,0,0.08926392,0.3333181,0,-0.1244836,8542.885,0.9753271,0.01329044,Right,Down,0.06852804,-0.2546158,Normal
418.2798,15.708,0,0.08926392,0.309514,0,-0.1221684,8543.513,0.9744422,0.01313099,Right,Down,0.06852804,-0.2883911,Normal
418.3199,15.73408,0,0.08926392,0.309514,0,-0.1201688,8544.142,0.9736071,0.01297248,Right,Down,0.07132626,-0.3222275,Normal
418.3599,15.7604,0,0.08926392,0.3015793,0,-0.1185106,8544.771,0.9730247,0.01281506,Right,Down,0.07132626,-0.3561096,Normal
418.3998,15.78508,0,0.08926392,0.289662,0,-0.1172197,8545.402,0.9725957,0.01265845,Right,Down,0.06852804,-0.3900528,Normal
418.4398,15.80738,0,0.08926392,0.2618906,0,-0.1164108,8546.035,0.972124,0.01250279,Straight,Down,0.03956468,-0.4240417,Normal
418.4799,15.8235,0,0.08926392,0.2341192,0,-0.1154771,8546.668,0.9717239,0.01234824,Straight,Down,0,-0.4534683,Normal
418.5199,15.83317,0,0.08926392,0.2142824,0,-0.1146363,8547.301,0.9713575,0.01219446,Straight,Down,-0.01978234,-0.462738,Normal
418.5598,15.83857,0,0.09292603,0.1944305,0,-0.1137751,8547.934,0.9709205,0.01204166,Straight,Down,-0.01978234,-0.4720001,Normal
418.5999,15.83995,0,0.09475708,0.1825284,0,-0.1130362,8548.566,0.9706427,0.01188979,Straight,Down,0,-0.4812775,Normal
418.6399,15.83868,0,0.1002502,0.1785611,0,-0.1122707,8549.199,0.9704832,0.01173905,Straight,Down,0,-0.4905472,Normal
418.6798,15.83609,0,0.1002502,0.1785611,0,-0.1115559,8549.832,0.9705422,0.01158909,Straight,Down,0,-0.4998169,Normal
418.7198,15.8335,0,0.1039124,0.2182498,0,-0.1109577,8550.465,0.97046,0.01144008,Straight,Down,-0.01978234,-0.5090866,Normal
418.7599,15.83995,0,0.1121521,0.2182498,0,-0.1110077,8551.098,0.9702207,0.01129213,Straight,Down,-0.01978234,-0.518364,Normal
418.7999,15.84618,0,0.1286352,0.2182498,0,-0.1112242,8551.731,0.9701979,0.01114509,Straight,Down,-0.01978234,-0.5276337,Normal
418.8398,15.8523,0,0.1588476,0.2182498,0,-0.111657,8552.366,0.9701243,0.01099894,Straight,Down,-0.01978234,-0.536911,Normal
418.8799,15.8584,0,0.1652563,0.2182498,0,-0.1116845,8553.001,0.9700244,0.01085374,Straight,Down,0,-0.546196,Normal
418.9199,15.86445,0,0.1597631,0.2182498,0,-0.1119689,8553.636,0.9701228,0.01070962,Straight,Down,0,-0.555481,Normal
418.9598,15.87049,0,0.1121521,0.2182498,0,-0.1123021,8554.271,0.9702943,0.01056639,Straight,Down,-0.01978234,-0.5647659,Normal
418.9998,15.8765,0,0.09841919,0.2182498,0,-0.1121878,8554.905,0.9699706,0.01042405,Straight,Down,0,-0.5740585,Normal
419.0399,15.8825,0,0.0819397,0.2182498,0,-0.112531,8555.54,0.9695807,0.01028276,Straight,Down,0,-0.5833588,Normal
419.0799,15.88848,0,0.04714966,0.2182498,0,-0.1121653,8556.175,0.9693696,0.01014236,Straight,Down,-0.01978234,-0.5926514,Normal
419.1198,15.89443,0,-0.004119873,0.1983978,0,-0.1118856,8556.811,0.9692631,0.01000294,Straight,Down,0,-0.6019516,Normal
419.1599,15.89717,0,-0.02426147,0.1864958,0,-0.1110983,8557.447,0.9691725,0.009864428,Straight,Down,0,-0.6112595,Normal
419.1999,15.8961,0,-0.02975464,0.1864958,0,-0.1099263,8558.084,0.9690104,0.009726973,Straight,Down,0,-0.6205597,Normal
419.2398,15.89508,0,-0.05264282,0.1864958,0,-0.1086897,8558.721,0.9687269,0.009590362,Straight,Down,0,-0.6298599,Normal
419.2798,15.89404,0,-0.08285701,0.1864958,0,-0.1068377,8559.357,0.9684454,0.009454795,Straight,Down,0,-0.6391602,Normal
419.3199,15.89303,0,-0.1295489,0.2103151,0,-0.1049576,8559.992,0.9681314,0.009320089,Straight,Down,-0.01978234,-0.6484604,Normal
419.3599,15.89749,0,-0.16617,0.2103151,0,-0.103118,8560.629,0.9678565,0.009186449,Straight,Down,-0.01978234,-0.6577682,Normal
419.3998,15.90175,0,-0.1835668,0.2103151,0,-0.101239,8561.266,0.967752,0.00905368,Straight,Down,-0.01978234,-0.6670685,Normal
419.4398,15.90598,0,-0.1945531,0.1825284,0,-0.09920964,8561.902,0.9675567,0.00892193,Straight,Down,0,-0.6763763,Normal
419.4799,15.90567,0,-0.1954687,0.1745937,0,-0.09709078,8562.539,0.9674108,0.008791155,Straight,Down,0,-0.6856766,Normal
419.5198,15.90236,0,-0.1954687,0.142855,0,-0.09481192,8563.176,0.9675293,0.008661275,Straight,Down,-0.01978234,-0.6949921,Normal
419.5598,15.89234,0,-0.1972997,0.1150683,0,-0.09256017,8563.812,0.967795,0.008532322,Straight,Down,-0.01978234,-0.7042923,Normal
419.5999,15.87604,0,-0.208286,0.0991989,0,-0.09064782,8564.446,0.9678009,0.008404379,Straight,Down,-0.01978234,-0.7135773,Normal
419.6399,15.85653,0,-0.2275121,0.09126421,0,-0.08879474,8565.081,0.9674919,0.008277454,Straight,Down,0,-0.7228699,Normal
419.6798,15.83453,0,-0.2558935,0.09126421,0,-0.08739263,8565.715,0.9673305,0.008151391,Straight,Down,0,-0.7321396,Normal
419.7198,15.81261,0,-0.298925,0.09126421,0,-0.08631209,8566.348,0.9671513,0.008026336,Straight,Down,-0.01978234,-0.741394,Normal
419.7599,15.7907,0,-0.3529412,0.09126421,0,-0.08566391,8566.979,0.966902,0.007902267,Straight,Down,0,-0.7506409,Normal
419.7999,15.7688,0,-0.4051262,0.09126421,0,-0.08560541,8567.61,0.9667655,0.007779093,Straight,Down,0,-0.7598724,Normal
419.8398,15.74697,0,-0.4756236,0.09126421,0,-0.08586228,8568.24,0.966674,0.007656879,Straight,Down,0,-0.769104,Normal
419.8799,15.7252,0,-0.5076671,0.09126421,0,-0.08680296,8568.869,0.966636,0.007535641,Straight,Down,0,-0.7783127,Normal
419.9199,15.70345,0,-0.5131602,0.09126421,0,-0.08828178,8569.498,0.9664863,0.007415422,Straight,Down,0,-0.7875137,Normal
419.9598,15.68175,0,-0.5131602,0.09126421,0,-0.09047076,8570.125,0.9662408,0.007296089,Straight,Down,0,-0.7967072,Normal
419.9998,15.66008,0,-0.5076671,0.1111009,0,-0.0933021,8570.752,0.9660317,0.007177682,Straight,Down,0,-0.8058853,Normal
420.0399,15.64296,0,-0.5003428,0.1150683,0,-0.0967789,8571.378,0.9658673,0.007060385,Straight,Down,-0.01978234,-0.8150482,Normal
420.0799,15.62676,0,-0.4948497,0.1150683,0,-0.1009492,8572.003,0.9657691,0.006943949,Straight,Down,0,-0.8242188,Normal
420.1198,15.61048,0,-0.4783702,0.1150683,0,-0.1057836,8572.628,0.965771,0.006828432,Straight,Down,0,-0.8333664,Normal
420.1599,15.59464,0,-0.4161143,0.1150683,0,-0.1114346,8573.252,0.9650329,0.0067139,Straight,Down,0,-0.8425064,Normal
420.1999,15.5797,0,-0.3053337,0.1150683,0,-0.1161124,8573.875,0.9641786,0.006600444,Straight,Down,0,-0.8516388,Normal
420.2398,15.56452,0,-0.1780736,0.1150683,0,-0.1173363,8574.498,0.964977,0.006487825,Straight,Down,0,-0.8607559,Normal
420.2798,15.54929,0,-0.1542681,0.1150683,0,-0.1191604,8575.12,0.9658548,0.006376182,Straight,Down,-0.01978234,-0.8698654,Normal
420.3199,15.53429,0,-0.1542681,0.1150683,0,-0.1217286,8575.741,0.9668955,0.0062655,Straight,Down,-0.01978234,-0.8789749,Normal
420.3599,15.51964,0,-0.1194781,0.1150683,0,-0.1247339,8576.362,0.9672399,0.006155885,Straight,Down,0,-0.8880768,Normal
420.3998,15.50536,0,-0.0892657,0.1150683,0,-0.1284978,8576.983,0.9670389,0.006047131,Straight,Down,0,-0.8971863,Normal
420.4398,15.49124,0,-0.05264282,0.1150683,0,-0.1326096,8577.603,0.9666424,0.005939313,Straight,Down,0,-0.9062729,Normal
420.4799,15.4772,0,-0.02792358,0.1150683,0,-0.1374409,8578.222,0.966282,0.005832587,Straight,Down,-0.01978234,-0.9153671,Normal
420.5198,15.46322,0,0.01052856,0.1150683,0,-0.1427459,8578.841,0.9658545,0.005726731,Straight,Down,0,-0.9244461,Normal
420.5598,15.4493,0,0.02700806,0.1150683,0,-0.1486701,8579.459,0.9653738,0.005621827,Straight,Down,-0.01978234,-0.9335175,Normal
420.5999,15.43542,0,0.02700806,0.1150683,0,-0.1550631,8580.076,0.9650182,0.005517875,Straight,Down,0,-0.9425888,Normal
420.6399,15.42159,0,0.02700806,0.1150683,0,-0.1619443,8580.693,0.9647941,0.005414999,Straight,Down,-0.01978234,-0.9516525,Normal
420.6798,15.40781,0,0.02700806,0.1150683,0,-0.1691203,8581.311,0.9646355,0.005312984,Straight,Down,-0.01978234,-0.960701,Normal
420.7198,15.39407,0,0.02700806,0.1150683,0,-0.1765903,8581.926,0.9644355,0.005211954,Straight,Down,-0.01978234,-0.9697571,Normal
420.7599,15.38038,0,0.02700806,0.1150683,0,-0.1845376,8582.541,0.9642066,0.005111968,Straight,Down,-0.02797646,-0.9769211,Normal
420.7999,15.36672,0,0.02700806,0.1150683,0,-0.192788,8583.156,0.9639774,0.005012841,Straight,Down,-0.03426402,-0.9782104,Normal
420.8398,15.35312,0,0.02883911,0.1190356,0,-0.2013843,8583.771,0.9638036,0.004914676,Straight,Down,-0.03426402,-0.9794998,Normal
420.8799,15.3402,0,0.04440308,0.1190356,0,-0.2103254,8584.384,0.9637549,0.004817487,Straight,Down,-0.02797646,-0.9807892,Normal
420.9199,15.3275,0,0.07003784,0.123003,0,-0.2194924,8584.997,0.9636987,0.004721375,Straight,Down,-0.02797646,-0.9820786,Normal
420.9598,15.3158,0,0.123142,0.123003,0,-0.2288798,8585.61,0.9636725,0.004626099,Straight,Down,-0.02797646,-0.9833679,Normal
420.9998,15.30395,0,0.1652563,0.123003,0,-0.2384199,8586.223,0.9638052,0.004531807,Straight,Down,-0.03426402,-0.9846497,Normal
421.0399,15.29213,0,0.1936376,0.123003,0,-0.247946,8586.834,0.9642048,0.004438551,Straight,Down,-0.02797646,-0.9859314,Normal
421.0799,15.28034,0,0.1954687,0.1269856,0,-0.2575345,8587.445,0.9641839,0.00434623,Straight,Down,-0.03426402,-0.9872208,Normal
421.1198,15.26958,0,0.1954687,0.1269856,0,-0.2671583,8588.057,0.9637741,0.004254853,Straight,Down,-0.02797646,-0.9885025,Normal
421.1599,15.25855,0,0.1954687,0.1269856,0,-0.2767363,8588.667,0.9633588,0.004164403,Straight,Down,-0.02797646,-0.9897842,Normal
421.1999,15.24749,0,0.1954687,0.1269856,0,-0.2861614,8589.276,0.9631064,0.004075029,Straight,Down,-0.02797646,-0.991066,Normal
421.2398,15.23643,0,0.1954687,0.1269856,0,-0.2954779,8589.886,0.9630646,0.003986541,Straight,Down,-0.02797646,-0.9923477,Normal
421.2798,15.2254,0,0.1954687,0.1309529,0,-0.3045841,8590.495,0.9630606,0.003899046,Straight,Down,-0.03426402,-0.9936218,Normal
421.3199,15.21529,0,0.1826513,0.1349203,0,-0.3136367,8591.104,0.9628717,0.00381247,Straight,Down,-0.02797646,-0.9949036,Normal
421.3599,15.20631,0,0.1789892,0.1388876,0,-0.3223373,8591.713,0.9623222,0.003726938,Straight,Down,-0.03426402,-0.9961777,Normal
421.3998,15.19799,0,0.1789892,0.1388876,0,-0.3249152,8592.32,0.9627387,0.003642357,Straight,Down,-0.02797646,-0.9974594,Normal
421.4398,15.1898,0,0.1789892,0.142855,0,-0.32729,8592.928,0.9630765,0.003558703,Straight,Down,-0.03426402,-0.9987259,Normal
421.4799,15.18231,0,0.1789892,0.142855,0,-0.3294026,8593.535,0.9634901,0.00347606,Straight,Down,-0.02797646,-1.000008,Normal
421.5198,15.17513,0,0.1789892,0.142855,0,-0.3313601,8594.143,0.9638229,0.003394344,Straight,Down,-0.03426402,-1.001274,Normal
421.5598,15.16825,0,0.1844823,0.142855,0,-0.3329933,8594.75,0.9639248,0.003313637,Straight,Down,-0.02797646,-1.002548,Normal
421.5999,15.16142,0,0.1844823,0.142855,0,-0.3343395,8595.357,0.963847,0.003233858,Straight,Down,-0.02797646,-1.003815,Normal
421.6399,15.15462,0,0.1844823,0.142855,0,-0.3353297,8595.963,0.9637682,0.003155089,Straight,Down,-0.02797646,-1.005089,Normal
421.6798,15.14783,0,0.1844823,0.142855,0,-0.3360932,8596.568,0.9636052,0.003077247,Straight,Down,-0.02797646,-1.006355,Normal
421.7198,15.14105,0,0.1844823,0.142855,0,-0.3366722,8597.174,0.9635019,0.003000415,Straight,Down,-0.02797646,-1.007629,Normal
421.7599,15.13428,0,0.171665,0.1468223,0,-0.3370546,8597.779,0.9633247,0.002924568,Straight,Down,-0.02797646,-1.008896,Normal
421.7999,15.12852,0,0.1606786,0.1507896,0,-0.3369717,8598.385,0.963216,0.002849615,Straight,Down,-0.02797646,-1.01017,Normal
421.8398,15.12366,0,0.1542699,0.154757,0,-0.3365943,8598.99,0.9630039,0.002775672,Straight,Down,-0.02797646,-1.011429,Normal
421.8799,15.1197,0,0.1542699,0.154757,0,-0.335851,8599.596,0.9628097,0.00270269,Straight,Down,-0.02797646,-1.012703,Normal
421.9199,15.11564,0,0.1542699,0.154757,0,-0.3346971,8600.201,0.9626754,0.002630717,Straight,Down,-0.03426402,-1.013969,Normal
421.9598,15.11162,0,0.1478612,0.154757,0,-0.3333242,8600.806,0.9626542,0.002559639,Straight,Down,-0.03956468,-1.014786,Normal
421.9998,15.10726,0,0.1350439,0.154757,0,-0.3316494,8601.409,0.9630467,0.002489603,Straight,Down,-0.03956468,-1.014107,Normal
422.0399,15.10298,0,0.08743286,0.154757,0,-0.3297523,8602.013,0.9633914,0.00242052,Straight,Down,-0.03956468,-1.013435,Normal
422.0799,15.09874,0,0.0151062,0.154757,0,-0.3276271,8602.616,0.9626335,0.002352363,Straight,Down,-0.03956468,-1.012756,Normal
422.1198,15.09422,0,-0.04074097,0.1587244,0,-0.3251609,8603.22,0.9620392,0.002285184,Straight,Down,-0.03956468,-1.012085,Normal
422.1599,15.09085,0,-0.08835018,0.1587244,0,-0.3226856,8603.823,0.9616602,0.002219023,Straight,Down,-0.03956468,-1.011414,Normal
422.1999,15.0872,0,-0.0993365,0.1587244,0,-0.3201351,8604.427,0.9614972,0.002153822,Straight,Down,-0.03956468,-1.010735,Normal
422.2398,15.08373,0,-0.100252,0.1587244,0,-0.3174665,8605.03,0.9611454,0.002089565,Straight,Down,-0.03956468,-1.010056,Normal
422.2798,15.08044,0,-0.1048297,0.1587244,0,-0.3125271,8605.634,0.9609143,0.002026268,Straight,Down,-0.03956468,-1.009392,Normal
422.3199,15.07698,0,-0.1130694,0.1587244,0,-0.3036089,8606.237,0.9612223,0.001964006,Straight,Down,-0.03956468,-1.008713,Normal
422.3599,15.07348,0,-0.1359576,0.1587244,0,-0.2947046,8606.841,0.9616022,0.001902671,Straight,Down,-0.03956468,-1.008034,Normal
422.3998,15.06995,0,-0.1606768,0.1587244,0,-0.285576,8607.444,0.9620214,0.001842297,Straight,Down,-0.03956468,-1.007362,Normal
422.4398,15.06665,0,-0.1963842,0.1626917,0,-0.2765771,8608.048,0.9622486,0.001782866,Straight,Down,-0.03956468,-1.006691,Normal
422.4799,15.06411,0,-0.2311742,0.166659,0,-0.2677162,8608.651,0.9622775,0.00172452,Straight,Down,-0.03956468,-1.006012,Normal
422.5198,15.06275,0,-0.256809,0.1706264,0,-0.2590114,8609.253,0.9621596,0.001667059,Straight,Down,-0.03956468,-1.005341,Normal
422.5598,15.06204,0,-0.2980095,0.1785611,0,-0.2503454,8609.854,0.9621159,0.001610551,Straight,Down,-0.03956468,-1.004662,Normal
422.5999,15.0631,0,-0.3291374,0.1864958,0,-0.2419943,8610.456,0.9620063,0.001555027,Straight,Down,-0.03956468,-1.00399,Normal
422.6399,15.06623,0,-0.3584343,0.1983978,0,-0.2340512,8611.06,0.9619712,0.001500555,Straight,Down,-0.04423466,-1.003311,Normal
422.6798,15.07183,0,-0.3749138,0.1983978,0,-0.2262399,8611.663,0.9617766,0.001446969,Straight,Down,-0.03956468,-1.002632,Normal
422.7198,15.0774,0,-0.3859001,0.1983978,0,-0.2186803,8612.267,0.9616274,0.001394368,Straight,Down,-0.03956468,-1.001961,Normal
422.7599,15.08275,0,-0.4051262,0.1983978,0,-0.2114544,8612.87,0.9622642,0.001342777,Straight,Down,-0.03956468,-1.001282,Normal
422.7998,15.08794,0,-0.4234385,0.1983978,0,-0.2047689,8613.474,0.9627909,0.001292113,Straight,Down,-0.03956468,-1.000603,Normal
422.8398,15.09314,0,-0.4637218,0.2063325,0,-0.1983891,8614.077,0.9621928,0.001242434,Straight,Down,-0.04423466,-0.9999313,Normal
422.8799,15.09961,0,-0.5113292,0.2103151,0,-0.1927829,8614.681,0.9613898,0.00119374,Straight,Down,-0.04845664,-0.9990311,Normal
422.9199,15.10711,0,-0.5415434,0.2103151,0,-0.1876913,8615.284,0.9608195,0.001146024,Straight,Down,-0.04845664,-0.9970245,Normal
422.9598,15.11432,0,-0.5662626,0.2142824,0,-0.1833688,8615.889,0.9607899,0.001099267,Left,Down,-0.05233916,-0.9950333,Normal
422.9998,15.12296,0,-0.5827421,0.2222171,0,-0.1796181,8616.494,0.9601349,0.001053454,Left,Down,-0.05233916,-0.9930344,Normal
423.0399,15.13335,0,-0.5955595,0.2222171,0,-0.1706688,8617.1,0.9605666,0.001008693,Left,Down,-0.05233916,-0.9910278,Normal
423.0799,15.14333,0,-0.5909818,0.2222171,0,-0.16215,8617.705,0.9608074,0.0009648585,Left,Down,-0.05233916,-0.9890289,Normal
423.1198,15.1532,0,-0.5827421,0.2261845,0,-0.1546575,8618.311,0.9613867,0.000921968,Left,Down,-0.05233916,-0.98703,Normal
423.1599,15.16368,0,-0.5296415,0.2380865,0,-0.1479042,8618.917,0.9616604,0.0008800708,Left,Down,-0.05233916,-0.9850159,Normal
423.1999,15.177,0,-0.4600596,0.2380865,0,-0.1421307,8619.524,0.9616483,0.0008391754,Straight,Down,-0.04845664,-0.9830093,Normal
423.2398,15.19055,0,-0.4060417,0.2380865,0,-0.1371983,8620.132,0.9615413,0.0007992155,Left,Down,-0.05233916,-0.9809952,Normal
423.2798,15.20412,0,-0.3877312,0.2380865,0,-0.1333825,8620.739,0.9615338,0.0007602324,Left,Down,-0.05233916,-0.978981,Normal
423.3199,15.21767,0,-0.3859001,0.2420539,0,-0.1304264,8621.349,0.9615133,0.0007222675,Left,Down,-0.05233916,-0.9769669,Normal
423.3599,15.23186,0,-0.3813225,0.2420539,0,-0.1285947,8621.958,0.9613788,0.0006852464,Straight,Down,-0.04845664,-0.9749451,Normal
423.3998,15.24611,0,-0.3749138,0.2420539,0,-0.1276672,8622.567,0.9617019,0.0006491856,Straight,Down,-0.04845664,-0.9729233,Normal
423.4398,15.25993,0,-0.3529412,0.2420539,0,-0.1281414,8623.178,0.961849,0.0006140851,Left,Down,-0.05233916,-0.9708939,Normal
423.4799,15.27378,0,-0.3263909,0.2460212,0,-0.1290387,8623.789,0.9611101,0.0005799863,Left,Down,-0.05233916,-0.9688644,Normal
423.5198,15.28829,0,-0.3035027,0.2460212,0,-0.130731,8624.4,0.960424,0.0005468809,Straight,Down,-0.04845664,-0.966835,Normal
423.5598,15.30285,0,-0.274204,0.2460212,0,-0.1335321,8625.012,0.9598913,0.0005146944,Left,Down,-0.05233916,-0.9648056,Normal
423.5999,15.31756,0,-0.2632177,0.2460212,0,-0.1376264,8625.625,0.9594826,0.0004835178,Left,Down,-0.05934703,-0.9627686,Normal
423.6399,15.33235,0,-0.2632177,0.2460212,0,-0.1396895,8626.238,0.9598312,0.0004533264,Left,Down,-0.05934703,-0.9599457,Normal
423.6798,15.34683,0,-0.2613866,0.2460212,0,-0.1403605,8626.852,0.9603558,0.0004240953,Left,Down,-0.05934703,-0.9567642,Normal
423.7198,15.36116,0,-0.256809,0.2460212,0,-0.1415321,8627.466,0.9607512,0.000395808,Left,Down,-0.05934703,-0.9535828,Normal
423.7599,15.37528,0,-0.2449071,0.2460212,0,-0.144026,8628.081,0.9612332,0.0003685388,Left,Down,-0.05934703,-0.9503937,Normal
423.7998,15.38987,0,-0.2375829,0.2460212,0,-0.1471599,8628.696,0.961691,0.0003422217,Left,Down,-0.05934703,-0.947197,Normal
423.8398,15.40446,0,-0.2330053,0.2261845,0,-0.152596,8629.312,0.9620266,0.0003168649,Left,Down,-0.05934703,-0.9440002,Normal
423.8799,15.41571,0,-0.2330053,0.2103151,0,-0.1598305,8629.929,0.9620121,0.0002925181,Left,Down,-0.06255726,-0.9407959,Normal
423.9199,15.42306,0,-0.2330053,0.1864958,0,-0.1672199,8630.546,0.9617838,0.0002691232,Left,Down,-0.06255726,-0.9375839,Normal
423.9598,15.42505,0,-0.2330053,0.1507896,0,-0.1767329,8631.163,0.9616421,0.0002467053,Left,Down,-0.06255726,-0.9343796,Normal
423.9998,15.41891,0,-0.2330053,0.1150683,0,-0.1850204,8631.78,0.9618634,0.0002252476,Left,Down,-0.06255726,-0.9311676,Normal
424.0399,15.4044,0,-0.2330053,0.04762341,0,-0.1936089,8632.396,0.9602779,0.0002048082,Left,Down,-0.05934703,-0.9279633,Normal
424.0799,15.37672,0,-0.2330053,0,0,-0.2017155,8633.012,0.9589083,0.0001853125,Left,Down,-0.06255726,-0.9247589,Normal
424.1198,15.33632,0,-0.2330053,0,0,-0.2093522,8633.625,0.9574698,0.0001667771,Left,Down,-0.06255726,-0.9215622,Normal
424.1599,15.29657,0,-0.2330053,0,0,-0.2142687,8634.237,0.9568627,0.0001492268,Left,Down,-0.06255726,-0.9183807,Normal
424.1999,15.25659,0,-0.2330053,0,0,-0.2169233,8634.848,0.9573074,0.0001326866,Left,Down,-0.0656106,-0.9151993,Normal
424.2398,15.21686,0,-0.2330053,0,0,-0.2203563,8635.457,0.9578366,0.0001170652,Left,Down,-0.07401875,-0.9117126,Normal
424.2798,15.17746,0,-0.2330053,0,0,-0.2245545,8636.064,0.9580866,0.000102462,Left,Down,-0.07132626,-0.9074783,Normal
424.3199,15.13821,0,-0.2330053,0,0,-0.2289236,8636.67,0.9583352,8.88192E-05,Left,Down,-0.07132626,-0.9032516,Normal
424.3599,15.09917,0,-0.2330053,0,0,-0.2334379,8637.274,0.9584292,7.61201E-05,Left,Down,-0.07401875,-0.899025,Normal
424.3998,15.06012,0,-0.2330053,0,0,-0.2378972,8637.877,0.95838,6.443924E-05,Left,Down,-0.07401875,-0.8948212,Normal
424.4398,15.02092,0,-0.2330053,0,0,-0.2420718,8638.479,0.9591846,5.371041E-05,Left,Down,-0.07132626,-0.8906174,Normal
424.4799,14.98154,0,-0.2330053,0,0,-0.2449864,8639.078,0.9610198,4.39667E-05,Left,Down,-0.07132626,-0.8864288,Normal
424.5198,14.9423,0,-0.2330053,0,0,-0.2485101,8639.676,0.9613627,3.519985E-05,Left,Down,-0.07132626,-0.8822403,Normal
424.5598,14.90383,0,-0.2330053,0,0,-0.2522209,8640.272,0.9616702,2.73933E-05,Left,Down,-0.07132626,-0.878067,Normal
424.5999,14.86536,0,-0.2330053,0,0,-0.258304,8640.867,0.9611452,2.057188E-05,Left,Down,-0.07132626,-0.873909,Normal
424.6399,14.82687,0,-0.2330053,0,0,-0.2599405,8641.461,0.9619279,1.472731E-05,Left,Down,-0.07132626,-0.869751,Normal
424.6798,14.78801,0,-0.2384984,0,0,-0.2620101,8642.053,0.9618881,9.843045E-06,Left,Down,-0.07132626,-0.8656158,Normal
424.7198,14.74932,0,-0.2439916,0,0,-0.2643944,8642.643,0.9619529,5.935629E-06,Left,Down,-0.07401875,-0.8614883,Normal
424.7599,14.71126,0,-0.2558935,0,0,-0.2666767,8643.231,0.9624293,3.013346E-06,Left,Down,-0.08156469,-0.8573685,Normal
424.7998,14.67311,0,-0.2687109,0,0,-0.2700299,8643.819,0.9628602,1.076195E-06,Left,Down,-0.08156469,-0.8524628,Normal
424.8398,14.63495,0,-0.298925,0,0,-0.2737074,8644.405,0.9633799,9.106265E-08,Left,Down,-0.08156469,-0.8473206,Normal
424.8799,14.59645,0,-0.3511101,0,0,-0.2781005,8644.989,0.9643847,9.106265E-08,Left,Down,-0.08392937,-0.8421936,Normal
424.9199,14.55784,0,-0.3987175,0,0,-0.2833382,8645.572,0.9645023,1.076195E-06,Left,Down,-0.08392937,-0.8370743,Normal
424.9598,14.51983,0,-0.4518199,0,0,-0.2890055,8646.153,0.9631988,3.013346E-06,Left,Down,-0.08392937,-0.8319626,Normal
424.9998,14.48242,0,-0.4838634,0,0,-0.2958634,8646.733,0.9614903,5.935629E-06,Left,Down,-0.08156469,-0.8268738,Normal
425.0399,14.44475,0,-0.5195689,0,0,-0.2991891,8647.312,0.9611943,9.843045E-06,Left,Down,-0.08392937,-0.8217926,Normal
425.0799,14.40687,0,-0.5479521,0,0,-0.3022107,8647.888,0.9612672,1.472731E-05,Left,Down,-0.08392937,-0.8167267,Normal
425.1198,14.3689,0,-0.5607694,0.007934691,0,-0.3062306,8648.463,0.9619313,2.057188E-05,Left,Down,-0.08392937,-0.811676,Normal
425.1599,14.33294,0,-0.5717558,0.007934691,0,-0.3109073,8649.037,0.9627936,2.73933E-05,Left,Down,-0.08392937,-0.806633,Normal
425.1999,14.29724,0,-0.5717558,0.007934691,0,-0.3163956,8649.609,0.963208,3.517502E-05,Left,Down,-0.08392937,-0.8016052,Normal
425.2398,14.26122,0,-0.5717558,0.01190204,0,-0.3228157,8650.18,0.963771,4.39667E-05,Left,Down,-0.09278741,-0.7965851,Normal
425.2798,14.22588,0,-0.5717558,0.01190204,0,-0.330236,8650.749,0.9648691,5.371041E-05,Left,Down,-0.09487279,-0.7909088,Normal
425.3199,14.19093,0,-0.5717558,0.01983673,0,-0.3382525,8651.317,0.9641755,6.440613E-05,Left,Down,-0.09487279,-0.784874,Normal
425.3599,14.15807,0,-0.5662626,0.03173877,0,-0.3472872,8651.884,0.9624522,7.61201E-05,Left,Down,-0.09487279,-0.7788467,Normal
425.3998,14.12818,0,-0.5662626,0.04365606,0,-0.3551369,8652.449,0.9611266,8.878608E-05,Left,Down,-0.09691329,-0.7728424,Normal
425.4398,14.10059,0,-0.5662626,0.04762341,0,-0.3605559,8653.014,0.9610468,0.0001024372,Left,Down,-0.09487279,-0.7668381,Normal
425.4799,14.07362,0,-0.5662626,0.06349279,0,-0.3671796,8653.576,0.9614206,0.0001170403,Left,Down,-0.09487279,-0.760849,Normal
425.5198,14.0499,0,-0.5662626,0.07539482,0,-0.3744527,8654.139,0.962104,0.0001326534,Left,Down,-0.09487279,-0.7548828,Normal
425.5598,14.02869,0,-0.5662626,0.08332952,0,-0.3825468,8654.7,0.9628253,0.0001492268,Left,Down,-0.09278741,-0.7489166,Normal
425.5999,14.00933,0,-0.5662626,0.08332952,0,-0.3917456,8655.261,0.9637097,0.0001667523,Left,Down,-0.09278741,-0.7429504,Normal
425.6399,13.98981,0,-0.5525297,0.08332952,0,-0.4017149,8655.821,0.9651492,0.0001852877,Left,Down,-0.09891172,-0.7369843,Normal
425.6798,13.97095,0,-0.4637218,0.08332952,0,-0.4122435,8656.38,0.963571,0.0002047751,Left,Down,-0.1065312,-0.7310333,Normal
425.7198,13.95304,0,-0.3511101,0.08332952,0,-0.4235708,8656.938,0.9614188,0.0002252476,Left,Down,-0.1083524,-0.7242126,Normal
425.7599,13.935,0,-0.2449071,0.08332952,0,-0.430864,8657.496,0.9611387,0.0002466804,Left,Down,-0.1065312,-0.7172089,Normal
425.7998,13.91654,0,-0.2375829,0.08332952,0,-0.4386711,8658.053,0.9617004,0.0002690901,Left,Down,-0.1065312,-0.7102203,Normal
425.8398,13.89764,0,-0.2430761,0.08332952,0,-0.4472992,8658.609,0.9624879,0.000292485,Left,Down,-0.1083524,-0.7032394,Normal
425.8799,13.87875,0,-0.2449071,0.08332952,0,-0.4570066,8659.164,0.9634615,0.0003168649,Left,Down,-0.1065312,-0.6962662,Normal
425.9199,13.85944,0,-0.2494848,0.08729687,0,-0.4676033,8659.719,0.9648408,0.0003421969,Left,Down,-0.1083524,-0.6893005,Normal
425.9598,13.84085,0,-0.2558935,0.08729687,0,-0.4789056,8660.272,0.9663667,0.000368514,Left,Down,-0.1083524,-0.6823349,Normal
425.9998,13.82352,0,-0.2558935,0.08729687,0,-0.4908336,8660.825,0.9640964,0.0003957831,Left,Down,-0.1083524,-0.6753693,Normal
426.0399,13.80643,0,-0.2558935,0.08729687,0,-0.5020127,8661.378,0.9622698,0.0004240291,Left,Down,-0.1153499,-0.6684265,Normal
426.0798,13.78936,0,-0.2558935,0.08729687,0,-0.5099424,8661.93,0.9619581,0.0004532685,Left,Down,-0.1219466,-0.6614151,Normal
426.1198,13.77182,0,-0.2558935,0.08729687,0,-0.5187312,8662.48,0.9621412,0.0004834847,Left,Down,-0.1203313,-0.6533737,Normal
426.1599,13.75349,0,-0.2558935,0.09126421,0,-0.5280629,8663.031,0.9627712,0.0005146944,Left,Down,-0.1203313,-0.6453476,Normal
426.1999,13.73569,0,-0.2494848,0.09126421,0,-0.5382341,8663.58,0.9644152,0.0005468146,Left,Down,-0.1219466,-0.6373291,Normal
426.2398,13.71811,0,-0.2430761,0.0991989,0,-0.5487865,8664.129,0.9660729,0.0005799615,Left,Down,-0.1219466,-0.629303,Normal
426.2798,13.70352,0,-0.239414,0.0991989,0,-0.5600712,8664.678,0.9635562,0.000614052,Left,Down,-0.1219466,-0.6212845,Normal
426.3199,13.68909,0,-0.239414,0.0991989,0,-0.5699245,8665.225,0.9618874,0.0006491277,Left,Down,-0.1219466,-0.6132813,Normal
426.3599,13.67468,0,-0.2384984,0.0991989,0,-0.5817088,8665.771,0.9612968,0.0006851885,Left,Down,-0.1235407,-0.605278,Normal
426.3998,13.65975,0,-0.2384984,0.0991989,0,-0.5997299,8666.318,0.9599082,0.0007222013,Left,Down,-0.1312212,-0.5972977,Normal
426.4398,13.64369,0,-0.2384984,0.0991989,0,-0.6171521,8666.864,0.9588466,0.0007601993,Left,Down,-0.1370561,-0.5889969,Normal
426.4799,13.62705,0,-0.2384984,0.1031662,0,-0.6377155,8667.409,0.956654,0.0007991824,Left,Down,-0.1356209,-0.5798645,Normal
426.5198,13.61282,0,-0.2384984,0.1031662,0,-0.6542805,8667.954,0.9526451,0.0008391175,Left,Down,-0.1356209,-0.5707321,Normal
426.5598,13.59925,0,-0.2430761,0.1031662,0,-0.6701345,8668.499,0.9466716,0.0008800377,Left,Down,-0.1370561,-0.561615,Normal
426.5999,13.58563,0,-0.2439916,0.1031662,0,-0.6775472,8669.042,0.9442157,0.00092191,Left,Down,-0.1370561,-0.5525131,Normal
426.6399,13.57176,0,-0.2439916,0.1031662,0,-0.6835526,8669.585,0.943631,0.0009647922,Left,Down,-0.1370561,-0.5434113,Normal
426.6798,13.55661,0,-0.2439916,0.1031662,0,-0.6907012,8670.128,0.9446089,0.001008635,Left,Down,-0.1398823,-0.5343246,Normal
426.7198,13.54011,0,-0.2439916,0.1071336,0,-0.699,8670.669,0.9473838,0.001053429,Left,Down,-0.1480375,-0.525238,Normal
426.7599,13.52719,0,-0.2449071,0.1071336,0,-0.7083156,8671.21,0.9453123,0.001099201,Left,Down,-0.1519511,-0.5155716,Normal
426.7998,13.51434,0,-0.2449071,0.1071336,0,-0.7155744,8671.751,0.9419828,0.001145966,Left,Down,-0.1519511,-0.5052948,Normal
426.8398,13.50148,0,-0.2449071,0.1071336,0,-0.7189074,8672.292,0.9412664,0.001193707,Left,Down,-0.1519511,-0.4950256,Normal
426.8799,13.48838,0,-0.2449071,0.1150683,0,-0.7222586,8672.831,0.9411711,0.001242401,Left,Down,-0.1519511,-0.4847641,Normal
426.9199,13.47447,0,-0.2449071,0.1150683,0,-0.7258214,8673.37,0.9435918,0.001292055,Left,Down,-0.1519511,-0.4745026,Normal
426.9598,13.46226,0,-0.2449071,0.1150683,0,-0.7294505,8673.909,0.9439955,0.001342719,Left,Down,-0.1557664,-0.4642639,Normal
426.9998,13.45069,0,-0.2449071,0.1150683,0,-0.7324645,8674.447,0.9415616,0.001394335,Left,Down,-0.1643245,-0.4540253,Normal
427.0399,13.43928,0,-0.2449071,0.1190356,0,-0.7318062,8674.984,0.9422008,0.001446911,Left,Down,-0.1690205,-0.4432602,Normal
427.0798,13.42767,0,-0.2504003,0.1190356,0,-0.7318159,8675.521,0.9429972,0.001500464,Left,Down,-0.1690205,-0.4317551,Normal
427.1198,13.41343,0,-0.2513158,0.1190356,0,-0.7328281,8676.059,0.9457119,0.001555002,Left,Down,-0.1701742,-0.4202423,Normal
427.1599,13.40107,0,-0.2513158,0.1190356,0,-0.7339977,8676.595,0.9462739,0.001610526,Left,Down,-0.1690205,-0.4087524,Normal
427.1999,13.38915,0,-0.2513158,0.1190356,0,-0.7326745,8677.13,0.944931,0.001666968,Left,Down,-0.1690205,-0.3972549,Normal
427.2398,13.37739,0,-0.2549779,0.1190356,0,-0.7285425,8677.665,0.9443914,0.001724429,Left,Down,-0.1758294,-0.3857651,Normal
427.2798,13.36482,0,-0.256809,0.1190356,0,-0.7237334,8678.2,0.9439556,0.001782866,Left,Down,-0.1855749,-0.3742828,Normal
427.3199,13.35026,0,-0.2613866,0.1190356,0,-0.719092,8678.734,0.9452459,0.001842206,Left,Down,-0.1866263,-0.3615265,Normal
427.3599,13.33618,0,-0.2668798,0.123003,0,-0.7113613,8679.268,0.9474323,0.001902589,Left,Down,-0.1876719,-0.3487015,Normal
427.3998,13.32323,0,-0.2687109,0.123003,0,-0.6951348,8679.801,0.9475847,0.001963915,Left,Down,-0.1866263,-0.335907,Normal
427.4398,13.31112,0,-0.2751195,0.1269856,0,-0.6797038,8680.334,0.947348,0.002026268,Left,Down,-0.1876719,-0.3231277,Normal
427.4799,13.2985,0,-0.2861059,0.1309529,0,-0.6622267,8680.865,0.9512569,0.002089474,Left,Down,-0.1968319,-0.3103485,Normal
427.5198,13.28681,0,-0.3044182,0.1349203,0,-0.6471214,8681.396,0.9562846,0.002153731,Left,Down,-0.2065338,-0.297493,Normal
427.5598,13.27571,0,-0.3282219,0.1349203,0,-0.6278097,8681.928,0.9572158,0.002218965,Left,Down,-0.2055842,-0.2833099,Normal
427.5999,13.26588,0,-0.3767449,0.1388876,0,-0.6111326,8682.459,0.9567718,0.002285101,Left,Down,-0.2055842,-0.2691574,Normal
427.6399,13.25504,0,-0.4353404,0.1388876,0,-0.5968266,8682.989,0.9591221,0.002352272,Left,Down,-0.2065338,-0.2550049,Normal
427.6798,13.24481,0,-0.5076671,0.1388876,0,-0.5790702,8683.519,0.9596666,0.002420429,Left,Down,-0.2130625,-0.2408524,Normal
427.7198,13.23477,0,-0.5406278,0.1388876,0,-0.562612,8684.048,0.9586025,0.002489545,Left,Down,-0.2229358,-0.2267227,Normal
427.7599,13.22532,0,-0.5763334,0.1388876,0,-0.547804,8684.577,0.9574488,0.002559548,Left,Down,-0.2255535,-0.2115097,Normal
427.7998,13.21464,0,-0.6266874,0.1388876,0,-0.5347335,8685.106,0.9603186,0.002630593,Left,Down,-0.2264194,-0.1958847,Normal
427.8398,13.20427,0,-0.6669724,0.1388876,0,-0.5172594,8685.635,0.960087,0.002702632,Left,Down,-0.2255535,-0.1802826,Normal
427.8799,13.19469,0,-0.7383835,0.1388876,0,-0.5006034,8686.162,0.9591218,0.002775614,Left,Down,-0.234068,-0.1647034,Normal
427.9199,13.18517,0,-0.7988101,0.1388876,0,-0.4845004,8686.689,0.958278,0.002849524,Left,Flat,-0.2462884,-0.1491318,Normal
427.9598,13.1761,0,-0.8848715,0.1388876,0,-0.4694641,8687.217,0.9618343,0.002924444,Left,Flat,-0.2478722,-0.1322021,Normal
427.9998,13.16614,0,-0.9379721,0.1388876,0,-0.4504651,8687.744,0.9621954,0.003000357,Left,Flat,-0.2478722,-0.1150665,Normal
428.0399,13.15643,0,-0.9489584,0.1388876,0,-0.4321488,8688.271,0.9619541,0.003077181,Left,Flat,-0.2517883,-0.0979538,Normal
428.0798,13.14827,0,-0.9672689,0.1388876,0,-0.4150999,8688.796,0.9608687,0.003154998,Left,Flat,-0.2639296,-0.08085632,Normal
428.1198,13.13895,0,-0.9855795,0.1388876,0,-0.399131,8689.321,0.9626186,0.003233792,Left,Flat,-0.2712421,-0.06376648,Normal
428.1599,13.1292,0,-0.9974831,0.1388876,0,-0.3806771,8689.847,0.9631925,0.003313579,Left,Flat,-0.2719625,-0.04669952,Normal
428.1999,13.11959,0,-0.9974831,0.142855,0,-0.3614888,8690.372,0.962946,0.003394253,Left,Flat,-0.276953,-0.02965546,Normal
428.2398,13.11209,0,-0.9974831,0.142855,0,-0.3431665,8690.897,0.9618266,0.003475969,Left,Flat,-0.2973941,-0.01263428,Normal
428.2798,13.10488,0,-0.9919882,0.142855,0,-0.326463,8691.421,0.9605406,0.003558637,Left,Flat,-0.3109043,-0.005859375,Normal
428.3199,13.0964,0,-0.9919882,0.142855,0,-0.3165525,8691.944,0.9628521,0.003642233,Left,Flat,-0.3109043,-0.01522827,Normal
428.3599,13.08795,0,-0.9919882,0.142855,0,-0.3128216,8692.468,0.9616698,0.003726813,Left,Flat,-0.3045456,-0.02458954,Normal
428.3998,13.07961,0,-0.9919882,0.142855,0,-0.3144972,8692.991,0.9575665,0.003812404,Left,Flat,-0.2947506,-0.03395081,Normal
428.4398,13.07295,0,-0.9919882,0.142855,0,-0.3089128,8693.515,0.9532879,0.00389898,Left,Flat,-0.2927522,-0.04288483,Normal
428.4799,13.06633,0,-0.9919882,0.142855,0,-0.3013606,8694.038,0.9502864,0.003986425,Left,Flat,-0.2920831,-0.051651,Normal
428.5198,13.0582,0,-0.984664,0.142855,0,-0.2873008,8694.561,0.9531311,0.004074905,Left,Flat,-0.2846186,-0.06041718,Normal
428.5598,13.05014,0,-0.9672689,0.142855,0,-0.2661552,8695.082,0.9499997,0.004164345,Left,Flat,-0.2755364,-0.06916809,Normal
428.5999,13.04215,0,-0.9489584,0.142855,0,-0.2453483,8695.604,0.9494952,0.004254704,Left,Flat,-0.2741124,-0.07743073,Normal
428.6399,13.0353,0,-0.9452963,0.142855,0,-0.2285935,8696.125,0.9500459,0.004346106,Left,Flat,-0.2733977,-0.08560944,Normal
428.6798,13.02925,0,-0.9452963,0.142855,0,-0.2151989,8696.646,0.9494482,0.004438435,Left,Flat,-0.268341,-0.09378052,Normal
428.7198,13.0216,0,-0.9507895,0.142855,0,-0.2034903,8697.168,0.9508254,0.00453175,Left,Flat,-0.2594432,-0.1019516,Normal
428.7599,13.01401,0,-0.9507895,0.142855,0,-0.1924695,8697.689,0.9531671,0.004625983,Left,Flat,-0.2564087,-0.1097183,Normal
428.7998,13.00648,0,-0.9507895,0.142855,0,-0.1782396,8698.209,0.9535834,0.004721226,Left,Flat,-0.2564087,-0.1173172,Normal
428.8398,12.99919,0,-0.9434652,0.142855,0,-0.165036,8698.729,0.9538597,0.004817429,Left,Flat,-0.2548778,-0.1249161,Normal
428.8799,12.99301,0,-0.9379721,0.142855,0,-0.1501939,8699.248,0.9525447,0.004914618,Left,Flat,-0.2454926,-0.1325073,Normal
428.9199,12.98797,0,-0.9379721,0.142855,0,-0.1329835,8699.768,0.9523162,0.005012692,Left,Flat,-0.2390311,-0.139946,Normal
428.9598,12.98094,0,-0.9379721,0.142855,0,-0.1094192,8700.287,0.9547166,0.005111819,Left,Flat,-0.2382111,-0.1469803,Normal
428.9998,12.97387,0,-0.9489584,0.142855,0,-0.08392048,8700.807,0.9563406,0.005211863,Left,Down,-0.2382111,-0.154007,Normal
429.0399,12.96681,0,-0.9507895,0.142855,0,-0.06100863,8701.326,0.9571938,0.005312868,Left,Down,-0.235734,-0.1610413,Normal
429.0798,12.9599,0,-0.9626913,0.142855,0,-0.04317755,8701.844,0.9601612,0.005414875,Left,Down,-0.2272819,-0.1680527,Normal
429.1198,12.95351,0,-0.9800863,0.142855,0,-0.03271151,8702.361,0.9615626,0.005517842,Left,Down,-0.2220564,-0.1748657,Normal
429.1599,12.94842,0,-1.004807,0.142855,0,-0.02593109,8702.879,0.9616068,0.005621736,Left,Down,-0.2220564,-0.1813354,Normal
429.1999,12.94304,0,-1.050584,0.142855,0,-0.02181852,8703.396,0.9607673,0.005726582,Left,Down,-0.2211734,-0.1878052,Normal
429.2398,12.9362,0,-1.090867,0.142855,0,-0.01867878,8703.914,0.9617052,0.005832472,Left,Down,-0.220287,-0.1942673,Normal
429.2798,12.92947,0,-1.161364,0.142855,0,-0.014579,8704.432,0.96224,0.00593928,Left,Down,-0.2112177,-0.2007294,Normal
429.3199,12.9228,0,-1.18059,0.142855,0,-0.008760959,8704.949,0.9622477,0.006046982,Left,Down,-0.2046302,-0.2070847,Normal
429.3598,12.91647,0,-1.173266,0.142855,0,-0.004102886,8705.467,0.9617221,0.006155736,Left,Down,-0.2046302,-0.2130051,Normal
429.3998,12.91076,0,-1.181506,0.142855,0,-0.001287043,8705.982,0.9612417,0.006265466,Left,Down,-0.2046302,-0.2189255,Normal
429.4398,12.90536,0,-1.21538,0.142855,0,0.0002940595,8706.498,0.9600229,0.006376124,Left,Down,-0.2046302,-0.2248459,Normal
429.4799,12.90016,0,-1.257496,0.142855,0,1.937151E-06,8707.014,0.959181,0.006487676,Left,Down,-0.2017412,-0.230751,Normal
429.5198,12.89411,0,-1.263905,0.142855,0,-0.00203982,8707.529,0.9601704,0.006600295,Left,Down,-0.1928145,-0.2366486,Normal
429.5598,12.88775,0,-1.24651,0.142855,0,-0.00574404,8708.045,0.9607539,0.006713876,Left,Down,-0.1876719,-0.2423401,Normal
429.5999,12.88151,0,-1.169604,0.142855,0,-0.005887389,8708.561,0.9605629,0.006828283,Left,Down,-0.1876719,-0.2477188,Normal
429.6399,12.87556,0,-1.051499,0.142855,0,-0.007784247,8709.076,0.9610562,0.006943767,Left,Down,-0.1876719,-0.2530899,Normal
429.6798,12.87012,0,-0.8747989,0.142855,0,-0.01128855,8709.592,0.960951,0.007060236,Left,Down,-0.1876719,-0.258461,Normal
429.7198,12.86498,0,-0.7685977,0.142855,0,-0.01624495,8710.106,0.9610946,0.007177657,Left,Down,-0.1866263,-0.2638245,Normal
429.7599,12.85983,0,-0.6779587,0.142855,0,-0.02263328,8710.62,0.9610899,0.007295915,Left,Down,-0.1780411,-0.2691803,Normal
429.7998,12.85504,0,-0.6358427,0.142855,0,-0.03037956,8711.134,0.9600531,0.007415273,Left,Down,-0.1713202,-0.2744751,Normal
429.8398,12.85034,0,-0.6019682,0.142855,0,-0.03970966,8711.647,0.9604242,0.00753555,Left,Down,-0.1701742,-0.2793198,Normal
429.8799,12.84473,0,-0.5113292,0.1468223,0,-0.05056506,8712.161,0.9620133,0.007656697,Left,Down,-0.1713202,-0.2841568,Normal
429.9199,12.84013,0,-0.4060417,0.1468223,0,-0.06006911,8712.675,0.9632401,0.007778919,Left,Down,-0.1713202,-0.2889938,Normal
429.9598,12.83576,0,-0.2623022,0.154757,0,-0.06765112,8713.188,0.9636355,0.007902118,Left,Down,-0.1713202,-0.2938232,Normal
429.9998,12.83366,0,-0.09475887,0.1587244,0,-0.07618234,8713.702,0.9636611,0.008026245,Left,Down,-0.1690205,-0.2986603,Normal
430.0399,12.83268,0,0.03341675,0.1587244,0,-0.08569646,8714.216,0.9633251,0.008151242,Left,Down,-0.1607126,-0.3034897,Normal
430.0798,12.83167,0,0.07461548,0.1626917,0,-0.09597149,8714.729,0.9632462,0.008277272,Left,Down,-0.1545051,-0.3082123,Normal
430.1198,12.83137,0,0.0151062,0.1626917,0,-0.1070071,8715.243,0.9631042,0.008404321,Left,Down,-0.1545051,-0.3125458,Normal
430.1599,12.83127,0,-0.1304644,0.1626917,0,-0.1188647,8715.757,0.9629706,0.008532288,Left,Down,-0.1545051,-0.3168716,Normal
430.1999,12.83162,0,-0.2092016,0.166659,0,-0.1315628,8716.271,0.9630864,0.008661093,Left,Down,-0.1545051,-0.3211899,Normal
430.2398,12.83233,0,-0.2092016,0.166659,0,-0.144749,8716.784,0.9640011,0.008790973,Left,Down,-0.1545051,-0.3255081,Normal
430.2798,12.83261,0,-0.1835668,0.166659,0,-0.1582366,8717.298,0.965266,0.008921838,Left,Down,-0.1557664,-0.329834,Normal
430.3199,12.83302,0,-0.1423663,0.166659,0,-0.1676926,8717.812,0.9657233,0.009053565,Left,Down,-0.1506579,-0.3341522,Normal
430.3598,12.83373,0,-0.08743465,0.166659,0,-0.1768456,8718.325,0.9659678,0.009186276,Left,Down,-0.1412742,-0.3384705,Normal
430.3998,12.83468,0,-0.02975464,0.1706264,0,-0.1864364,8718.839,0.9661383,0.009319997,Left,Down,-0.1384764,-0.3425293,Normal
430.4398,12.83665,0,0.02792358,0.1706264,0,-0.1964228,8719.353,0.9660988,0.009454704,Left,Down,-0.1384764,-0.3463593,Normal
430.4799,12.83832,0,0.110321,0.1706264,0,-0.2065623,8719.866,0.9661108,0.009590181,Left,Down,-0.1384764,-0.350174,Normal
430.5198,12.83991,0,0.171665,0.1706264,0,-0.2171752,8720.38,0.9662208,0.009726799,Left,Down,-0.1384764,-0.3539963,Normal
430.5598,12.84176,0,0.2485693,0.1706264,0,-0.2280453,8720.894,0.9659197,0.009864337,Left,Down,-0.1384764,-0.3578186,Normal
430.5999,12.84359,0,0.2732885,0.1706264,0,-0.2392552,8721.407,0.965659,0.01000274,Left,Down,-0.1384764,-0.3616333,Normal
430.6399,12.84582,0,0.2732885,0.1706264,0,-0.2507522,8721.921,0.966139,0.01014215,Left,Down,-0.1384764,-0.3654556,Normal
430.6798,12.84776,0,0.2732885,0.1706264,0,-0.2632026,8722.435,0.9669204,0.01028258,Left,Down,-0.1312212,-0.3692703,Normal
430.7198,12.84917,0,0.2732885,0.1706264,0,-0.2853551,8722.948,0.9691365,0.01042397,Left,Down,-0.1235407,-0.3730927,Normal
430.7599,12.8507,0,0.2421606,0.1706264,0,-0.3154309,8723.462,0.9708595,0.01056618,Left,Down,-0.1219466,-0.376503,Normal
430.7998,12.85251,0,0.1826513,0.1706264,0,-0.3449028,8723.976,0.9686673,0.01070941,Left,Down,-0.1219466,-0.3798218,Normal
430.8398,12.85452,0,0.1533544,0.1706264,0,-0.3581856,8724.489,0.9649027,0.01085365,Left,Down,-0.1219466,-0.3831406,Normal
430.8799,12.85666,0,0.1533544,0.1706264,0,-0.3645885,8725.003,0.9622063,0.01099873,Left,Down,-0.1219466,-0.386467,Normal
430.9199,12.85846,0,0.1533544,0.1706264,0,-0.3687032,8725.517,0.9594584,0.01114488,Left,Down,-0.1219466,-0.3897858,Normal
430.9598,12.86018,0,0.1533544,0.1706264,0,-0.3711918,8726.03,0.9583113,0.01129193,Left,Down,-0.1219466,-0.3931046,Normal
430.9998,12.86187,0,0.1533544,0.1706264,0,-0.3752424,8726.544,0.9584402,0.01143999,Left,Down,-0.1219466,-0.396431,Normal
431.0399,12.86357,0,0.1460302,0.1706264,0,-0.3802271,8727.058,0.9593254,0.01158887,Left,Down,-0.1219466,-0.3997574,Normal
431.0798,12.86551,0,0.1176488,0.1706264,0,-0.3852052,8727.571,0.9601786,0.01173885,Left,Down,-0.1136409,-0.4030762,Normal
431.1198,12.86734,0,0.09384155,0.1706264,0,-0.3867681,8728.087,0.9614096,0.0118897,Left,Down,-0.1046783,-0.4063568,Normal
431.1599,12.86959,0,0.09384155,0.1706264,0,-0.3828047,8728.603,0.9646251,0.01204155,Left,Down,-0.1046783,-0.4091721,Normal
431.1999,12.87174,0,0.09384155,0.1706264,0,-0.3688239,8729.118,0.9660178,0.01219425,Left,Down,-0.1046783,-0.4119873,Normal
431.2398,12.87335,0,0.08651733,0.1706264,0,-0.3572015,8729.634,0.9669098,0.01234803,Left,Down,-0.1065312,-0.4148026,Normal
431.2798,12.87498,0,0.07461548,0.1706264,0,-0.3401445,8730.149,0.9679407,0.01250268,Left,Down,-0.1046783,-0.4176178,Normal
431.3199,12.87692,0,0.06454468,0.1706264,0,-0.3284517,8730.665,0.9703887,0.01265825,Left,Down,-0.1065312,-0.4204254,Normal
431.3598,12.87903,0,0.05264282,0.1706264,0,-0.3251603,8731.181,0.9730932,0.01281486,Left,Down,-0.1065312,-0.4232483,Normal
431.3998,12.88126,0,0.05081177,0.1706264,0,-0.3231396,8731.696,0.9738267,0.01297242,Left,Down,-0.1046783,-0.4260635,Normal
431.4398,12.88338,0,0.05081177,0.1706264,0,-0.3210731,8732.212,0.9740835,0.01313088,Left,Down,-0.1046783,-0.4288864,Normal
431.4799,12.8853,0,0.05081177,0.1706264,0,-0.3187652,8732.728,0.9748861,0.01329023,Left,Down,-0.1065312,-0.4317017,Normal
431.5198,12.88715,0,0.05081177,0.1706264,0,-0.3156417,8733.243,0.9754373,0.01345066,Left,Down,-0.09891172,-0.4345093,Normal
431.5598,12.88899,0,0.05081177,0.1706264,0,-0.3121967,8733.759,0.975409,0.013612,Left,Down,-0.08846933,-0.4373322,Normal
431.5999,12.8908,0,0.04440308,0.1706264,0,-0.3088989,8734.274,0.9749233,0.01377416,Left,Down,-0.08846933,-0.4397049,Normal
431.6399,12.89262,0,0.03799438,0.1706264,0,-0.3056847,8734.79,0.9747762,0.01393742,Left,Down,-0.08846933,-0.4419861,Normal
431.6798,12.89446,0,0.0151062,0.1706264,0,-0.3028305,8735.306,0.975318,0.0141016,Left,Down,-0.08846933,-0.4442749,Normal
431.7198,12.89645,0,-0.03433228,0.1706264,0,-0.2996021,8735.821,0.9753224,0.0142667,Left,Down,-0.08846933,-0.4465561,Normal
431.7599,12.89845,0,-0.09475887,0.1745937,0,-0.2960397,8736.337,0.9752209,0.0144327,Left,Down,-0.08846933,-0.4488373,Normal
431.7998,12.90135,0,-0.1954687,0.1785611,0,-0.2927651,8736.853,0.9754941,0.01459974,Left,Down,-0.08846933,-0.4511185,Normal
431.8398,12.90518,0,-0.2796972,0.1785611,0,-0.2896982,8737.368,0.9763907,0.01476774,Left,Down,-0.08846933,-0.4533997,Normal
431.8799,12.90901,0,-0.3767449,0.1864958,0,-0.28687,8737.884,0.97677,0.01493651,Left,Down,-0.08846933,-0.4556885,Normal
431.9199,12.91435,0,-0.4948497,0.1904631,0,-0.2839801,8738.399,0.9775197,0.01510638,Left,Down,-0.08846933,-0.4579697,Normal
431.9598,12.92076,0,-0.5763334,0.1944305,0,-0.2808156,8738.917,0.9780056,0.01527721,Left,Down,-0.08846933,-0.4602585,Normal
431.9998,12.928,0,-0.6321806,0.1944305,0,-0.2722503,8739.435,0.9783385,0.01544899,Left,Down,-0.08846933,-0.4625473,Normal
432.0399,12.93541,0,-0.6367582,0.1983978,0,-0.2643235,8739.952,0.9783434,0.01562155,Left,Down,-0.08622923,-0.4648285,Normal
432.0798,12.94376,0,-0.6367582,0.1983978,0,-0.2570301,8740.47,0.9781266,0.01579521,Left,Down,-0.07661668,-0.4671173,Normal
432.1198,12.95206,0,-0.6367582,0.2063325,0,-0.2498545,8740.987,0.9780424,0.01596981,Left,Down,-0.07132626,-0.4692307,Normal
432.1599,12.96197,0,-0.6321806,0.2103151,0,-0.2432449,8741.505,0.9783283,0.01614538,Left,Down,-0.06852804,-0.4709167,Normal
432.1999,12.97256,0,-0.631265,0.2103151,0,-0.2369291,8742.024,0.9786519,0.0163217,Left,Down,-0.06852804,-0.4726105,Normal
432.2398,12.98313,0,-0.631265,0.2103151,0,-0.2313067,8742.544,0.9788859,0.01649914,Left,Down,-0.07132626,-0.4743042,Normal
432.2798,12.99368,0,-0.631265,0.2103151,0,-0.2264898,8743.063,0.9792091,0.01667754,Left,Down,-0.06852804,-0.4760056,Normal
432.3199,13.00418,0,-0.631265,0.2142824,0,-0.2230703,8743.583,0.979392,0.01685667,Left,Down,-0.06852804,-0.4776993,Normal
432.3598,13.01557,0,-0.6266874,0.2142824,0,-0.2201498,8744.104,0.9797058,0.01703692,Left,Down,-0.07132626,-0.479393,Normal
432.3998,13.02693,0,-0.594644,0.2142824,0,-0.2177125,8744.625,0.9797745,0.01721815,Left,Down,-0.06852804,-0.4810944,Normal
432.4398,13.03825,0,-0.4893565,0.2182498,0,-0.2157657,8745.146,0.9796209,0.0174003,Left,Down,-0.06852804,-0.4827881,Normal
432.4799,13.05046,0,-0.3447014,0.2182498,0,-0.2146084,8745.668,0.9793345,0.0175832,Left,Down,-0.07132626,-0.4844894,Normal
432.5198,13.06265,0,-0.2668798,0.2182498,0,-0.2141102,8746.19,0.9797345,0.01776723,Left,Down,-0.07132626,-0.4861908,Normal
432.5598,13.07477,0,-0.2183568,0.2222171,0,-0.2143791,8746.714,0.9798465,0.01795221,Left,Down,-0.06852804,-0.4878922,Normal
432.5999,13.0878,0,-0.1414508,0.2261845,0,-0.2149749,8747.237,0.9799332,0.01813793,Left,Down,-0.06852804,-0.4896011,Normal
432.6398,13.10169,0,-0.100252,0.2261845,0,-0.2160086,8747.761,0.9798544,0.01832479,Left,Down,-0.06852804,-0.4913025,Normal
432.6798,13.11555,0,-0.07553279,0.2261845,0,-0.2172763,8748.285,0.9797661,0.01851258,Left,Down,-0.07132626,-0.4930038,Normal
432.7198,13.12946,0,-0.07553279,0.2261845,0,-0.2186826,8748.811,0.9795094,0.01870132,Left,Down,-0.06852804,-0.4947128,Normal
432.7599,13.14332,0,-0.07553279,0.2261845,0,-0.2206636,8749.336,0.97904,0.01889081,Left,Down,-0.05934703,-0.4964218,Normal
432.7998,13.15716,0,-0.07553279,0.2261845,0,-0.2229564,8749.861,0.9784152,0.01908139,Straight,Down,-0.04845664,-0.4981308,Normal
432.8398,13.17085,0,-0.07553279,0.2261845,0,-0.226143,8750.389,0.978677,0.01927296,Straight,Down,-0.04423466,-0.4991379,Normal
432.8799,13.18478,0,-0.07553279,0.2261845,0,-0.2296446,8750.916,0.978655,0.0194653,Straight,Down,-0.04845664,-0.5000458,Normal
432.9199,13.1986,0,-0.07553279,0.2261845,0,-0.2334895,8751.443,0.9783279,0.01965866,Straight,Down,-0.04423466,-0.5009537,Normal
432.9598,13.2125,0,-0.06454647,0.2261845,0,-0.2378469,8751.972,0.9782665,0.01985303,Straight,Down,-0.04845664,-0.5018616,Normal
432.9998,13.22636,0,0.0050354,0.2261845,0,-0.2426138,8752.501,0.9785388,0.02004833,Straight,Down,-0.04423466,-0.5027771,Normal
433.0399,13.24006,0,0.04714966,0.2261845,0,-0.2479301,8753.03,0.9790576,0.0202444,Straight,Down,-0.04423466,-0.503685,Normal
433.0798,13.25368,0,0.07644653,0.2261845,0,-0.253272,8753.56,0.9796966,0.0204415,Straight,Down,-0.04423466,-0.5045929,Normal
433.1198,13.26733,0,0.09841919,0.2261845,0,-0.254931,8754.091,0.979544,0.02063961,Straight,Down,-0.04423466,-0.5055084,Normal
433.1599,13.28096,0,0.1039124,0.2261845,0,-0.2566237,8754.622,0.9796475,0.0208385,Straight,Down,-0.04423466,-0.5064163,Normal
433.1999,13.29455,0,0.1057434,0.2301518,0,-0.2584729,8755.153,0.9798567,0.02103848,Straight,Down,-0.04423466,-0.5073318,Normal
433.2398,13.30904,0,0.1057434,0.2341192,0,-0.2604999,8755.686,0.9799822,0.02123932,Straight,Down,-0.04423466,-0.5082474,Normal
433.2798,13.32418,0,0.1057434,0.2420539,0,-0.2626079,8756.219,0.980234,0.02144117,Straight,Down,-0.04423466,-0.5091629,Normal
433.3199,13.34093,0,0.1039124,0.2539559,0,-0.2646241,8756.752,0.9804681,0.0216438,Straight,Down,-0.04423466,-0.5100784,Normal
433.3598,13.36026,0,0.09292603,0.2579232,0,-0.2667499,8757.286,0.9808506,0.02184749,Straight,Down,-0.04423466,-0.510994,Normal
433.3998,13.38028,0,0.08010864,0.2618906,0,-0.2688642,8757.821,0.9810652,0.02205205,Straight,Down,-0.04423466,-0.5119095,Normal
433.4398,13.40109,0,0.08010864,0.2737926,0,-0.2711736,8758.356,0.9811078,0.02225763,Straight,Down,-0.04423466,-0.5128326,Normal
433.4799,13.42457,0,0.08010864,0.289662,0,-0.2733301,8758.894,0.9811228,0.02246398,Straight,Down,-0.04423466,-0.5137558,Normal
433.5198,13.45137,0,0.08010864,0.289662,0,-0.2755702,8759.431,0.9813484,0.02267141,Straight,Down,-0.04423466,-0.514679,Normal
433.5598,13.47815,0,0.08010864,0.289662,0,-0.2778983,8759.97,0.9816791,0.02287972,Straight,Down,-0.04423466,-0.5156021,Normal
433.5999,13.50486,0,0.07644653,0.2936446,0,-0.2800892,8760.51,0.9820696,0.02308888,Straight,Down,-0.04423466,-0.5165329,Normal
433.6398,13.53244,0,0.07644653,0.2936446,0,-0.2822654,8761.051,0.9823039,0.02329907,Straight,Down,-0.04423466,-0.5174561,Normal
433.6798,13.5599,0,0.07644653,0.3015793,0,-0.2843501,8761.593,0.9824355,0.02351026,Straight,Down,-0.04423466,-0.5183868,Normal
433.7198,13.58897,0,0.07644653,0.309514,0,-0.2862807,8762.136,0.9824971,0.02372224,Straight,Down,-0.04423466,-0.5193253,Normal
433.7599,13.61983,0,0.07644653,0.3134814,0,-0.288071,8762.681,0.9827331,0.02393511,Straight,Down,-0.04423466,-0.520256,Normal
433.7998,13.65129,0,0.07644653,0.3174487,0,-0.2897141,8763.227,0.9829732,0.02414907,Straight,Down,-0.04423466,-0.5211868,Normal
433.8398,13.68348,0,0.07644653,0.3174487,0,-0.2913425,8763.773,0.9832736,0.02436385,Straight,Down,-0.04423466,-0.5221329,Normal
433.8799,13.71563,0,0.07644653,0.3174487,0,-0.2927709,8764.322,0.9836906,0.0245795,Straight,Down,-0.01978234,-0.5230713,Normal
433.9199,13.7477,0,0.07644653,0.3174487,0,-0.294068,8764.872,0.9840365,0.02479623,Straight,Down,0,-0.5240173,Normal
433.9598,13.77973,0,0.07644653,0.3174487,0,-0.2952226,8765.423,0.984283,0.02501387,Straight,Down,0,-0.523201,Normal
433.9998,13.81164,0,0.07644653,0.3174487,0,-0.2961365,8765.976,0.9843458,0.02523235,Straight,Down,0,-0.5223618,Normal
434.0399,13.84344,0,0.08651733,0.3174487,0,-0.2970551,8766.529,0.9844239,0.02545173,Straight,Down,0,-0.5215302,Normal
434.0798,13.87517,0,0.08743286,0.297612,0,-0.2978556,8767.084,0.9845542,0.02567214,Straight,Down,0,-0.5206909,Normal
434.1198,13.90303,0,0.08743286,0.2936446,0,-0.2986417,8767.64,0.9847143,0.02589348,Straight,Down,0,-0.5198517,Normal
434.1599,13.92947,0,0.08743286,0.2936446,0,-0.2993855,8768.196,0.9848033,0.02611554,Straight,Down,0,-0.5190048,Normal
434.1999,13.9558,0,0.08743286,0.2936446,0,-0.2997644,8768.755,0.9847891,0.02633873,Straight,Down,0,-0.5181656,Normal
434.2398,13.98203,0,0.08743286,0.2936446,0,-0.3002189,8769.313,0.9849385,0.02656288,Straight,Down,0,-0.5173187,Normal
434.2798,14.00811,0,0.0819397,0.2936446,0,-0.3004052,8769.874,0.9851744,0.02678792,Straight,Down,0,-0.5164719,Normal
434.3199,14.03412,0,0.0819397,0.2936446,0,-0.3005842,8770.435,0.9853871,0.02701364,Straight,Down,0,-0.515625,Normal
434.3598,14.06006,0,0.0819397,0.2936446,0,-0.3007745,8770.997,0.9855357,0.02724055,Straight,Down,0,-0.5147705,Normal
434.3998,14.08591,0,0.0819397,0.3214161,0,-0.3008388,8771.56,0.9858519,0.02746836,Straight,Down,0,-0.5139236,Normal
434.4398,14.11786,0,0.08102417,0.3253834,0,-0.3008209,8772.124,0.9862124,0.02769709,Straight,Down,0,-0.5130692,Normal
434.4799,14.15042,0,0.07553101,0.3333181,0,-0.3007675,8772.689,0.9865777,0.02792651,Straight,Down,0,-0.512207,Normal
434.5198,14.18461,0,0.05264282,0.3491875,0,-0.3004389,8773.257,0.9867458,0.02815709,Straight,Down,0,-0.5113525,Normal
434.5598,14.22214,0,0.03250122,0.3491875,0,-0.3000457,8773.825,0.9870503,0.0283886,Straight,Down,0,-0.5104904,Normal
434.5999,14.2596,0,0.01052856,0.3491875,0,-0.299482,8774.396,0.9875252,0.02862076,Straight,Down,0,-0.5096207,Normal
434.6398,14.297,0,0.01052856,0.3491875,0,-0.2990202,8774.967,0.9879533,0.02885411,Straight,Down,0,-0.5087662,Normal
434.6798,14.33433,0,0.02792358,0.3491875,0,-0.2979753,8775.54,0.9882774,0.02908836,Straight,Down,0,-0.5078964,Normal
434.7198,14.37151,0,0.09933472,0.3491875,0,-0.2966379,8776.114,0.9891633,0.02932352,Straight,Down,0,-0.5070267,Normal
434.7599,14.4086,0,0.1643407,0.3491875,0,-0.2956395,8776.69,0.9895111,0.02955938,Straight,Down,0,-0.5061569,Normal
434.7998,14.44555,0,0.2320898,0.3491875,0,-0.2945403,8777.268,0.9897567,0.0297964,Straight,Down,0,-0.5052795,Normal
434.8398,14.48236,0,0.2668798,0.3491875,0,-0.2932351,8777.847,0.9897918,0.03003431,Straight,Down,0,-0.5044098,Normal
434.8799,14.51905,0,0.3144872,0.3531548,0,-0.2913816,8778.427,0.9903522,0.03027291,Straight,Down,0,-0.5035248,Normal
434.9199,14.55663,0,0.3758311,0.3610895,0,-0.2890369,8779.009,0.9911705,0.03051267,Straight,Down,0,-0.5026474,Normal
434.9598,14.59568,0,0.4106212,0.3610895,0,-0.2864256,8779.593,0.9914686,0.03075335,Straight,Down,0,-0.5017624,Normal
434.9998,14.63468,0,0.4344249,0.3650568,0,-0.2834734,8780.178,0.9910918,0.03099493,Straight,Down,0,-0.5008774,Normal
435.0399,14.67447,0,0.4444957,0.3650568,0,-0.280052,8780.765,0.9901919,0.03123719,Straight,Down,0,-0.4999847,Normal
435.0798,14.71412,0,0.4701304,0.3690242,0,-0.2758929,8781.353,0.9898586,0.03148059,Straight,Down,0,-0.4990997,Normal
435.1198,14.75458,0,0.5296397,0.3769741,0,-0.271434,8781.942,0.9906856,0.03172494,Straight,Down,0,-0.4982071,Normal
435.1599,14.79648,0,0.5580211,0.3769741,0,-0.2666481,8782.534,0.9912692,0.03197,Straight,Down,0,-0.4973068,Normal
435.1999,14.83826,0,0.5525279,0.3769741,0,-0.2613035,8783.127,0.9900635,0.03221608,Straight,Down,0,-0.4964066,Normal
435.2398,14.88001,0,0.5424571,0.3769741,0,-0.2552874,8783.722,0.9889649,0.03246314,Straight,Down,0,-0.4955063,Normal
435.2798,14.92159,0,0.5049205,0.3809415,0,-0.2489557,8784.318,0.9893827,0.03271113,Straight,Down,0,-0.494606,Normal
435.3199,14.96399,0,0.4170299,0.3849088,0,-0.2422814,8784.916,0.9904567,0.03295985,Straight,Down,0,-0.4936981,Normal
435.3598,15.0069,0,0.3428686,0.3849088,0,-0.2346692,8785.516,0.9907731,0.03320957,Straight,Down,0,-0.4927902,Normal
435.3998,15.04972,0,0.2778661,0.3849088,0,-0.2259613,8786.117,0.9905263,0.03346027,Straight,Down,0,-0.4918747,Normal
435.4398,15.09255,0,0.2623022,0.3849088,0,-0.2164042,8786.721,0.9909495,0.03371189,Straight,Down,0,-0.4909592,Normal
435.4799,15.13526,0,0.2623022,0.3650568,0,-0.2060516,8787.326,0.9918202,0.03396425,Straight,Down,0,-0.4900436,Normal
435.5198,15.1744,0,0.2595556,0.3412528,0,-0.1952292,8787.933,0.9920648,0.0342176,Straight,Down,0,-0.4891205,Normal
435.5598,15.20812,0,0.2384984,0.3293507,0,-0.1838108,8788.54,0.9915988,0.03447197,Straight,Down,0,-0.4881973,Normal
435.5999,15.23902,0,0.208286,0.3134814,0,-0.1716808,8789.149,0.9911076,0.03472704,Straight,Down,0,-0.4872742,Normal
435.6398,15.26545,0,0.1899755,0.2936446,0,-0.1596755,8789.76,0.9919114,0.03498323,Straight,Down,0,-0.4863434,Normal
435.6798,15.2874,0,0.171665,0.2539559,0,-0.1518765,8790.371,0.9939234,0.03524018,Straight,Down,0,-0.4854202,Normal
435.7198,15.3007,0,0.1350439,0.2222171,0,-0.1440187,8790.982,0.9950613,0.03549818,Straight,Down,0,-0.4844894,Normal
435.7599,15.30692,0,0.06546021,0.2182498,0,-0.1354983,8791.594,0.9930646,0.03575689,Straight,Down,0,-0.4835587,Normal
435.7998,15.31182,0,-0.01693726,0.2182498,0,-0.1257877,8792.207,0.9907998,0.03601668,Straight,Down,0,-0.4826279,Normal
435.8398,15.31656,0,-0.05813599,0.2182498,0,-0.1158149,8792.82,0.990074,0.03627728,Straight,Down,0,-0.4816971,Normal
435.8799,15.32128,0,-0.0956744,0.2182498,0,-0.1055588,8793.434,0.9898136,0.0365387,Straight,Down,0,-0.4807663,Normal
435.9198,15.32598,0,-0.1057452,0.2182498,0,-0.0951114,8794.047,0.9888631,0.0368012,Straight,Down,0,-0.4798355,Normal
435.9598,15.33069,0,-0.1066607,0.2182498,0,-0.08435053,8794.66,0.9885455,0.0370645,Straight,Down,0,-0.4789047,Normal
435.9998,15.33541,0,-0.1240557,0.2182498,0,-0.07318246,8795.273,0.9873633,0.03732882,Straight,Down,0,-0.4779739,Normal
436.0399,15.34015,0,-0.1551837,0.2182498,0,-0.0619559,8795.887,0.9865175,0.03759385,Straight,Down,0,-0.4770355,Normal
436.0798,15.34513,0,-0.208286,0.2182498,0,-0.05046588,8796.5,0.9850414,0.03785995,Straight,Down,0,-0.4761124,Normal
436.1198,15.3501,0,-0.2449071,0.2182498,0,-0.03964263,8797.113,0.9841071,0.03812686,Straight,Down,0,-0.475174,Normal
436.1599,15.3552,0,-0.2513158,0.2182498,0,-0.02901503,8797.727,0.984825,0.0383946,Straight,Down,0,-0.4742355,Normal
436.1999,15.36015,0,-0.2513158,0.2182498,0,-0.01868615,8798.342,0.9864743,0.03866342,Straight,Down,0,-0.4733047,Normal
436.2398,15.36462,0,-0.2256811,0.2182498,0,-0.008217782,8798.957,0.9887672,0.03893313,Straight,Down,0,-0.472374,Normal
436.2798,15.36912,0,-0.1835668,0.2182498,0,-0.00134322,8799.572,0.989168,0.03920365,Straight,Down,0,-0.4714355,Normal
436.3199,15.37376,0,-0.1121539,0.2182498,0,0.003116488,8800.188,0.9874662,0.03947497,Straight,Down,0,-0.4705048,Normal
436.3598,15.3785,0,-0.06454647,0.2182498,0,0.007844299,8800.803,0.9862264,0.03974739,Straight,Down,0.01978234,-0.4695663,Normal
436.3998,15.38341,0,-0.04806519,0.2380865,0,0.01250237,8801.418,0.9855469,0.04002068,Right,Down,0.05595291,-0.4686279,Normal
436.4398,15.39104,0,-0.04806519,0.2380865,0,0.01719493,8802.033,0.9872614,0.04029463,Right,Down,0.05595291,-0.4655075,Normal
436.4799,15.39922,0,-0.0453186,0.2380865,0,0.02209359,8802.648,0.9884849,0.04056973,Right,Down,0.05934703,-0.4623108,Normal
436.5198,15.4074,0,-0.03341675,0.2380865,0,0.02723131,8803.265,0.9896705,0.0408457,Right,Down,0.05595291,-0.4591217,Normal
436.5598,15.41618,0,-0.02243042,0.2380865,0,0.03222373,8803.882,0.9899965,0.04112259,Right,Down,0.05934703,-0.455925,Normal
436.5999,15.42518,0,0.0151062,0.2380865,0,0.03708211,8804.499,0.9913063,0.04140011,Right,Down,0.05934703,-0.4527283,Normal
436.6398,15.43421,0,0.1057434,0.2380865,0,0.04166463,8805.116,0.993223,0.04167879,Right,Down,0.05595291,-0.4495316,Normal
436.6798,15.44213,0,0.2128637,0.2103151,0,0.04621074,8805.733,0.9947903,0.04195837,Right,Down,0.05595291,-0.4463272,Normal
436.7198,15.44545,0,0.3154027,0.1825284,0,0.04646412,8806.351,0.9946519,0.04223884,Right,Down,0.05595291,-0.4431229,Normal
436.7599,15.44299,0,0.3501928,0.154757,0,0.04527006,8806.968,0.9942372,0.0425199,Right,Down,0.05595291,-0.4399261,Normal
436.7998,15.43365,0,0.3794932,0.1349203,0,0.04397139,8807.585,0.9939716,0.04280216,Right,Down,0.05934703,-0.4367218,Normal
436.8398,15.41997,0,0.439918,0.1309529,0,0.04242206,8808.202,0.9943364,0.04308528,Right,Down,0.05934703,-0.4335175,Normal
436.8799,15.40441,0,0.5223155,0.1309529,0,0.04125202,8808.818,0.9948768,0.04336903,Right,Down,0.05595291,-0.4303207,Normal
436.9198,15.38925,0,0.6230271,0.1309529,0,0.04041439,8809.434,0.9947626,0.04365397,Right,Down,0.05595291,-0.4271317,Normal
436.9598,15.37441,0,0.6779587,0.1309529,0,0.04010445,8810.049,0.9955128,0.04393977,Right,Down,0.05595291,-0.4239426,Normal
436.9998,15.35916,0,0.754863,0.1309529,0,0.04020247,8810.664,0.9979894,0.04422647,Right,Down,0.07401875,-0.4207535,Normal
437.0399,15.3429,0,0.8619833,0.1309529,0,0.04020324,8811.277,1.000147,0.0445138,Right,Down,0.08622923,-0.4171295,Normal
437.0798,15.32684,0,0.9324789,0.1309529,0,0.03636304,8811.891,0.9999751,0.04480225,Right,Down,0.08392937,-0.4127731,Normal
437.1198,15.31124,0,0.9855795,0.1309529,0,0.03378546,8812.504,0.9989984,0.04509163,Right,Down,0.08392937,-0.4084167,Normal
437.1599,15.296,0,0.9965658,0.154757,0,0.03205597,8813.115,0.9982045,0.04538158,Right,Down,0.08156469,-0.4040604,Normal
437.1999,15.28616,0,0.9901571,0.154757,0,0.03198585,8813.727,0.9974563,0.04567275,Right,Down,0.08392937,-0.3997116,Normal
437.2398,15.27638,0,0.9672689,0.154757,0,0.03303772,8814.338,0.9965551,0.04596478,Right,Down,0.08392937,-0.3953705,Normal
437.2798,15.267,0,0.9333944,0.154757,0,0.03519803,8814.949,0.9980251,0.04625768,Right,Down,0.08392937,-0.3910294,Normal
437.3199,15.25523,0,0.8610678,0.154757,0,0.03878796,8815.56,1.000342,0.04655117,Right,Down,0.08622923,-0.3866882,Normal
437.3598,15.24391,0,0.7731736,0.154757,0,0.03750595,8816.169,1.000523,0.04684586,Right,Down,0.08392937,-0.3823471,Normal
437.3998,15.23291,0,0.6047165,0.1309529,0,0.03720182,8816.778,1.00053,0.04714144,Right,Down,0.08392937,-0.378006,Normal
437.4398,15.21864,0,0.488441,0.1150683,0,0.03792399,8817.388,1.000227,0.04743767,Right,Down,0.09891172,-0.3736649,Normal
437.4799,15.20041,0,0.4527354,0.1031662,0,0.03995219,8817.996,0.9990609,0.04773492,Right,Down,0.1083524,-0.3689728,Normal
437.5198,15.18017,0,0.4509044,0.09126421,0,0.04316089,8818.604,0.9996253,0.04803312,Right,Down,0.1083524,-0.3635635,Normal
437.5598,15.15471,0,0.4509044,0.08332952,0,0.04744354,8819.21,1.002542,0.04833222,Right,Down,0.1101434,-0.3581543,Normal
437.5999,15.12789,0,0.4509044,0.08332952,0,0.04755861,8819.815,1.003085,0.048632,Right,Down,0.1083524,-0.3527527,Normal
437.6398,15.10124,0,0.4509044,0.08332952,0,0.04842335,8820.42,1.003363,0.04893274,Right,Down,0.1083524,-0.3473587,Normal
437.6798,15.07575,0,0.4444957,0.08332952,0,0.05064023,8821.023,1.00272,0.04923449,Right,Down,0.1083524,-0.34198,Normal
437.7198,15.05024,0,0.4032969,0.08332952,0,0.05382878,8821.625,1.001254,0.0495371,Right,Down,0.1101434,-0.3365936,Normal
437.7599,15.02338,0,0.3428686,0.08332952,0,0.05827996,8822.227,1.003931,0.0498404,Right,Down,0.1119058,-0.3312302,Normal
437.7998,14.99655,0,0.2247655,0.1071336,0,0.0601958,8822.826,1.005061,0.05014465,Right,Down,0.1266688,-0.3258667,Normal
437.8398,14.97542,0,0.140537,0.1150683,0,0.06086063,8823.426,1.005169,0.05044991,Right,Down,0.1341704,-0.3198776,Normal
437.8799,14.95668,0,0.123142,0.1309529,0,0.06284195,8824.023,1.004274,0.05075583,Right,Down,0.132704,-0.3134613,Normal
437.9198,14.9426,0,0.1304662,0.1388876,0,0.06539279,8824.621,1.002876,0.05106283,Right,Down,0.132704,-0.3070602,Normal
437.9598,14.92744,0,0.1588476,0.1468223,0,0.0688661,8825.219,1.005834,0.0513706,Right,Down,0.132704,-0.3006516,Normal
437.9998,14.91438,0,0.1844823,0.1626917,0,0.06793627,8825.815,1.005969,0.05167935,Right,Down,0.1341704,-0.2942581,Normal
438.0399,14.9046,0,0.1963842,0.1745937,0,0.06699249,8826.411,1.005591,0.05198875,Right,Down,0.132704,-0.2878723,Normal
438.0798,14.89962,0,0.2137792,0.1745937,0,0.06705603,8827.007,1.003839,0.05229918,Right,Down,0.1467098,-0.2814789,Normal
438.1198,14.89467,0,0.2549779,0.1745937,0,0.06758255,8827.603,1.005634,0.05261055,Right,Down,0.1582588,-0.2748108,Normal
438.1599,14.88761,0,0.291599,0.1745937,0,0.06557915,8828.198,1.007099,0.05292258,Right,Down,0.1582588,-0.2673492,Normal
438.1999,14.88008,0,0.3373754,0.1785611,0,0.06175211,8828.794,1.006701,0.05323568,Right,Down,0.1582588,-0.2598953,Normal
438.2398,14.87571,0,0.3392065,0.1864958,0,0.05880687,8829.39,1.005091,0.05354957,Right,Down,0.1582588,-0.252449,Normal
438.2798,14.87255,0,0.3392065,0.1983978,0,0.05667445,8829.985,1.006372,0.05386443,Right,Down,0.1582588,-0.2449951,Normal
438.3199,14.87106,0,0.3392065,0.1983978,0,0.05077505,8830.581,1.007331,0.05417994,Right,Down,0.1690205,-0.2375488,Normal
438.3598,14.86966,0,0.3392065,0.1983978,0,0.04393885,8831.177,1.008068,0.05449653,Right,Down,0.183454,-0.2300034,Normal
438.3998,14.86838,0,0.3392065,0.2063325,0,0.03793794,8831.772,1.008978,0.0548139,Right,Down,0.183454,-0.2214813,Normal
438.4398,14.86992,0,0.3392065,0.2103151,0,0.03047681,8832.368,1.009122,0.05513201,Right,Down,0.183454,-0.212944,Normal
438.4799,14.87128,0,0.3428686,0.2103151,0,0.01930448,8832.964,1.008841,0.05545122,Right,Down,0.183454,-0.2043991,Normal
438.5198,14.8728,0,0.3520274,0.2142824,0,0.00885123,8833.56,1.008664,0.0557713,Right,Down,0.1897456,-0.1958618,Normal
438.5598,14.8753,0,0.3666759,0.2182498,0,-0.0009619892,8834.155,1.008647,0.05609212,Right,Down,0.2046302,-0.1873169,Normal
438.5999,14.87856,0,0.3794932,0.2182498,0,-0.009907752,8834.751,1.008811,0.05641372,Right,Down,0.2093567,-0.1779251,Normal
438.6398,14.88174,0,0.3804088,0.2222171,0,-0.01821038,8835.347,1.009272,0.05673639,Right,Down,0.20842,-0.1682663,Normal
438.6798,14.8847,0,0.3804088,0.2301518,0,-0.02590901,8835.942,1.010153,0.05705992,Right,Down,0.20842,-0.1585999,Normal
438.7198,14.88964,0,0.3804088,0.2460212,0,-0.03917927,8836.538,1.010102,0.0573842,Right,Flat,0.220287,-0.1489258,Normal
438.7599,14.89807,0,0.3804088,0.2579232,0,-0.05163321,8837.134,1.010204,0.05770922,Right,Flat,0.235734,-0.1392059,Normal
438.7998,14.90929,0,0.3804088,0.2737926,0,-0.06356335,8837.729,1.01026,0.05803535,Right,Flat,0.235734,-0.1283722,Normal
438.8398,14.92395,0,0.3804088,0.2856947,0,-0.07465276,8838.326,1.010388,0.05836234,Right,Flat,0.2349025,-0.1175079,Normal
438.8799,14.94074,0,0.3804088,0.2856947,0,-0.08501381,8838.924,1.010572,0.05868984,Right,Flat,0.2430897,-0.1066513,Normal
438.9198,14.95749,0,0.3804088,0.289662,0,-0.09457442,8839.521,1.010948,0.05901856,Right,Flat,0.2594432,-0.09577179,Normal
438.9598,14.97509,0,0.3804088,0.289662,0,-0.1034249,8840.121,1.011739,0.05934811,Right,Flat,0.2624426,-0.08391571,Normal
438.9998,14.99204,0,0.3804088,0.2936446,0,-0.1131211,8840.721,1.012493,0.05967853,Right,Flat,0.2624426,-0.0717926,Normal
439.0399,15.01008,0,0.3813243,0.2936446,0,-0.1268845,8841.32,1.012493,0.06000949,Right,Flat,0.2748253,-0.05966187,Normal
439.0798,15.02805,0,0.3859019,0.2936446,0,-0.1399855,8841.922,1.012442,0.06034163,Right,Flat,0.2907402,-0.0474472,Normal
439.1198,15.04598,0,0.3913951,0.2936446,0,-0.1523255,8842.523,1.012346,0.06067462,Right,Flat,0.2907402,-0.03404236,Normal
439.1599,15.06369,0,0.3923106,0.2936446,0,-0.1639221,8843.126,1.012468,0.06100813,Right,Flat,0.2609472,-0.02062988,Normal
439.1999,15.08113,0,0.3923106,0.2658579,0,-0.1746609,8843.729,1.012881,0.06134284,Right,Flat,0.1876719,-0.007202148,Normal
439.2398,15.09367,0,0.3437841,0.2499886,0,-0.1844706,8844.333,1.013502,0.06167842,Right,Flat,0.1690205,0.01049805,Normal
439.2798,15.10198,0,0.3208959,0.2380865,0,-0.1937271,8844.937,1.013977,0.06201483,Right,Flat,0.1690205,0.02964783,Normal
439.3199,15.10771,0,0.3199804,0.2142824,0,-0.2023292,8845.54,1.014333,0.06235177,Right,Flat,0.1690205,0.04881287,Normal
439.3598,15.10739,0,0.3199804,0.2103151,0,-0.2101534,8846.144,1.015178,0.06268991,Right,Flat,0.1690205,0.06798553,Normal
439.3998,15.10594,0,0.3144872,0.2103151,0,-0.2220777,8846.747,1.015411,0.06302888,Right,Flat,0.165511,0.0871582,Normal
439.4398,15.10455,0,0.3135717,0.2341192,0,-0.2350709,8847.351,1.015397,0.06336836,Right,Flat,0.1440177,0.1063385,Normal
439.4799,15.10724,0,0.3135717,0.2618906,0,-0.2471967,8847.954,1.015429,0.06370906,Right,Flat,0.1341704,0.1236877,Normal
439.5198,15.11646,0,0.3135717,0.2737926,0,-0.2586317,8848.559,1.015378,0.06405059,Right,Flat,0.1341704,0.139534,Normal
439.5598,15.12825,0,0.3135717,0.2737926,0,-0.2693314,8849.164,1.01559,0.06439296,Right,Up,0.1341704,0.1553726,Normal
439.5999,15.14014,0,0.3135717,0.2737926,0,-0.279393,8849.77,1.015954,0.06473587,Right,Up,0.1341704,0.1712418,Normal
439.6398,15.15206,0,0.3135717,0.2737926,0,-0.2888075,8850.375,1.016483,0.06507993,Right,Up,0.1356209,0.1871109,Normal
439.6798,15.16401,0,0.3135717,0.27776,0,-0.2974507,8850.981,1.016998,0.06542487,Right,Up,0.1341704,0.2029953,Normal
439.7198,15.17668,0,0.3135717,0.27776,0,-0.3055209,8851.589,1.017394,0.06577042,Right,Up,0.1251145,0.2188873,Normal
439.7599,15.18941,0,0.3135717,0.27776,0,-0.3127945,8852.196,1.017793,0.06611694,Right,Up,0.1083524,0.2348022,Normal
439.7998,15.20229,0,0.3135717,0.27776,0,-0.31932,8852.804,1.018277,0.0664644,Right,Up,0.1083524,0.2475204,Normal
439.8398,15.21452,0,0.3199804,0.2817273,0,-0.3252058,8853.412,1.019144,0.06681273,Right,Up,0.1083524,0.2601547,Normal
439.8799,15.2277,0,0.3373754,0.2817273,0,-0.3347505,8854.021,1.019459,0.06716163,Right,Up,0.1065312,0.2728043,Normal
439.9198,15.24084,0,0.3978038,0.2817273,0,-0.3456607,8854.631,1.019442,0.06751154,Right,Up,0.1083524,0.2854538,Normal
439.9598,15.25395,0,0.4527354,0.2817273,0,-0.3558318,8855.24,1.019308,0.06786237,Right,Up,0.1083524,0.2981262,Normal
439.9998,15.26731,0,0.4939342,0.2499886,0,-0.3652918,8855.852,1.019332,0.06821407,Right,Up,0.1083524,0.3107986,Normal
440.0399,15.27281,0,0.505836,0.2460212,0,-0.3740716,8856.463,1.019718,0.06856636,Right,Up,0.1083524,0.3234787,Normal
440.0798,15.27732,0,0.5067515,0.2420539,0,-0.381865,8857.074,1.020151,0.06891964,Right,Up,0.1046783,0.3361588,Normal
440.1198,15.28126,0,0.5113292,0.2380865,0,-0.3888987,8857.686,1.020472,0.06927384,Right,Up,0.09065409,0.3488388,Normal
440.1599,15.28441,0,0.5186534,0.2341192,0,-0.394945,8858.297,1.02095,0.06962866,Right,Up,0.08392937,0.3596268,Normal
440.1998,15.28645,0,0.5223155,0.2261845,0,-0.4000875,8858.908,1.021397,0.06998444,Right,Up,0.08392937,0.3693237,Normal
440.2398,15.28688,0,0.5223155,0.2261845,0,-0.4044175,8859.52,1.02187,0.07034118,Right,Up,0.08392937,0.3790283,Normal
440.2798,15.28721,0,0.5223155,0.2261845,0,-0.4077836,8860.131,1.022225,0.07069875,Right,Up,0.08392937,0.3887329,Normal
440.3199,15.28754,0,0.5177379,0.2261845,0,-0.4102717,8860.742,1.022626,0.07105691,Right,Up,0.08392937,0.3984451,Normal
440.3598,15.28787,0,0.5113292,0.2261845,0,-0.4117709,8861.354,1.022957,0.07141603,Right,Up,0.08622923,0.4081497,Normal
440.3998,15.28819,0,0.4975963,0.2539559,0,-0.4123476,8861.965,1.023302,0.07177613,Right,Up,0.08392937,0.4178543,Normal
440.4398,15.29498,0,0.4637218,0.2618906,0,-0.4119937,8862.576,1.023701,0.0721368,Right,Up,0.08622923,0.4275589,Normal
440.4799,15.30233,0,0.4463267,0.2698253,0,-0.4106547,8863.188,1.024498,0.07249854,Right,Up,0.08622923,0.4372787,Normal
440.5198,15.31158,0,0.4353404,0.2737926,0,-0.4143165,8863.8,1.024455,0.07286099,Right,Up,0.08622923,0.4470062,Normal
440.5598,15.32163,0,0.4280162,0.2737926,0,-0.4177722,8864.413,1.024364,0.07322443,Right,Up,0.07912937,0.4567413,Normal
440.5999,15.33191,0,0.4097056,0.2737926,0,-0.4201785,8865.026,1.024434,0.07358841,Right,Up,0.06852804,0.4664688,Normal
440.6398,15.34229,0,0.3804088,0.2737926,0,-0.4216509,8865.64,1.024527,0.07395352,Right,Up,0.0656106,0.4741898,Normal
440.6798,15.35213,0,0.3511083,0.2817273,0,-0.4222034,8866.253,1.024787,0.07431928,Right,Up,0.06255726,0.4812393,Normal
440.7198,15.3633,0,0.2806127,0.2817273,0,-0.4220263,8866.868,1.02511,0.07468579,Right,Up,0.0656106,0.4882965,Normal
440.7599,15.37475,0,0.2018774,0.2817273,0,-0.4208158,8867.483,1.025648,0.07505337,Right,Up,0.0656106,0.4953461,Normal
440.7998,15.38631,0,0.05722046,0.2817273,0,-0.4188438,8868.099,1.026193,0.07542176,Right,Up,0.0656106,0.5024109,Normal
440.8398,15.3979,0,-0.07644832,0.2856947,0,-0.416267,8868.714,1.026599,0.07579086,Right,Up,0.0656106,0.5094833,Normal
440.8799,15.41019,0,-0.1112384,0.2856947,0,-0.4131523,8869.33,1.026962,0.07616068,Right,Up,0.06255726,0.5165482,Normal
440.9198,15.42262,0,-0.06546199,0.2856947,0,-0.4094837,8869.947,1.027258,0.07653154,Right,Up,0.06255726,0.5236359,Normal
440.9598,15.43504,0,0.02059937,0.2856947,0,-0.4054368,8870.564,1.027576,0.07690326,Right,Up,0.06255726,0.5307159,Normal
440.9998,15.44748,0,0.1057434,0.2856947,0,-0.4010054,8871.182,1.027977,0.07727567,Right,Up,0.0656106,0.5378036,Normal
441.0399,15.45989,0,0.1368749,0.2856947,0,-0.3957987,8871.8,1.028442,0.07764877,Right,Up,0.0656106,0.544899,Normal
441.0798,15.4722,0,0.1368749,0.289662,0,-0.3900147,8872.419,1.028835,0.07802296,Right,Up,0.0656106,0.552002,Normal
441.1198,15.48519,0,0.1368749,0.2936446,0,-0.3837543,8873.038,1.029144,0.07839797,Right,Up,0.06255726,0.5591125,Normal
441.1599,15.49899,0,0.1130676,0.297612,0,-0.3769085,8873.657,1.029364,0.07877342,Right,Up,0.0656106,0.5662231,Normal
441.1998,15.51358,0,0.07553101,0.297612,0,-0.3695456,8874.278,1.029655,0.07915006,Right,Up,0.05233916,0.5733414,Normal
441.2398,15.52832,0,-0.01052856,0.3055466,0,-0.3617106,8874.899,1.029922,0.07952753,Straight,Up,0.04423466,0.5799789,Normal
441.2798,15.54471,0,-0.1139849,0.3055466,0,-0.3536269,8875.521,1.030167,0.07990582,Straight,Up,0.04423466,0.5845947,Normal
441.3199,15.56127,0,-0.1945531,0.3055466,0,-0.3451645,8876.144,1.030508,0.08028454,Straight,Up,0.04845664,0.5892181,Normal
441.3598,15.57726,0,-0.1734942,0.3055466,0,-0.3365133,8876.767,1.031445,0.08066446,Straight,Up,0.04423466,0.5938492,Normal
441.3998,15.59322,0,-0.1231402,0.3055466,0,-0.3329616,8877.39,1.031805,0.08104519,Straight,Up,0.04423466,0.5984802,Normal
441.4398,15.60924,0,-0.05722046,0.3055466,0,-0.3313026,8878.015,1.031755,0.08142636,Straight,Up,0.04845664,0.6031189,Normal
441.4799,15.6252,0,-0.0151062,0.3055466,0,-0.3294482,8878.64,1.031783,0.08180875,Straight,Up,0.04423466,0.6077576,Normal
441.5198,15.6415,0,-0.0004577637,0.3055466,0,-0.3275195,8879.265,1.031895,0.08219195,Straight,Up,0.04423466,0.6124115,Normal
441.5598,15.65696,0,-0.02792358,0.3055466,0,-0.3257767,8879.891,1.032209,0.08257595,Straight,Up,0.04423466,0.6170654,Normal
441.5999,15.67239,0,-0.06637752,0.3055466,0,-0.3238998,8880.518,1.032695,0.08296037,Straight,Up,0.04845664,0.6217117,Normal
441.6398,15.68783,0,-0.1057452,0.3055466,0,-0.3219944,8881.145,1.033123,0.08334602,Straight,Up,0.04423466,0.6263733,Normal
441.6798,15.70324,0,-0.1240557,0.3055466,0,-0.3200003,8881.772,1.033513,0.08373246,Straight,Up,0.04423466,0.6310349,Normal
441.7198,15.71861,0,-0.1799047,0.3055466,0,-0.3181302,8882.401,1.033969,0.08411933,Straight,Up,0.04423466,0.635704,Normal
441.7599,15.73396,0,-0.2439916,0.3055466,0,-0.3162848,8883.03,1.034527,0.08450741,Straight,Up,0.04423466,0.6403732,Normal
441.7998,15.74923,0,-0.2513158,0.309514,0,-0.3146255,8883.66,1.034935,0.08489627,Straight,Up,0.04845664,0.64505,Normal
441.8398,15.76514,0,-0.2256811,0.309514,0,-0.3131517,8884.291,1.035405,0.08528597,Straight,Up,0.04423466,0.6497421,Normal
441.8799,15.78114,0,-0.1716632,0.309514,0,-0.3119541,8884.922,1.03577,0.08567608,Straight,Up,0.04423466,0.6544266,Normal
441.9198,15.79714,0,-0.100252,0.3134814,0,-0.3110034,8885.554,1.03619,0.08606739,Straight,Up,0.04423466,0.659111,Normal
441.9598,15.81409,0,-0.07003963,0.3134814,0,-0.3099418,8886.187,1.036651,0.0864595,Straight,Up,0.04423466,0.6638107,Normal
441.9998,15.83092,0,-0.06637752,0.3134814,0,-0.3092487,8886.819,1.036994,0.08685241,Straight,Up,0.04423466,0.6685104,Normal
442.0399,15.84768,0,-0.06637752,0.289662,0,-0.3086269,8887.453,1.03735,0.08724574,Straight,Up,0.04423466,0.6732178,Normal
442.0798,15.86047,0,-0.06546199,0.2737926,0,-0.3082364,8888.088,1.037666,0.08764026,Straight,Up,0.03426402,0.6779175,Normal
442.1198,15.86863,0,-0.05355835,0.2420539,0,-0.3080609,8888.723,1.038005,0.08803562,Straight,Up,0.01978234,0.6814423,Normal
442.1599,15.87016,0,-0.03982544,0.2261845,0,-0.3080457,8889.357,1.038403,0.08843148,Straight,Up,0.02797646,0.6835327,Normal
442.1998,15.86767,0,-0.02334595,0.2103151,0,-0.3082976,8889.992,1.038818,0.08882827,Straight,Up,0.02797646,0.6856308,Normal
442.2398,15.86193,0,-0.005950928,0.1864958,0,-0.3086319,8890.627,1.038999,0.08922601,Straight,Up,0.02797646,0.6877213,Normal
442.2798,15.85148,0,0.02059937,0.154757,0,-0.3091639,8891.262,1.039291,0.08962456,Straight,Up,0.02797646,0.6898117,Normal
442.3199,15.8337,0,0.07003784,0.1309529,0,-0.3098299,8891.895,1.039714,0.09002364,Straight,Up,0.02797646,0.6919022,Normal
442.3598,15.81052,0,0.1277196,0.1111009,0,-0.3106377,8892.527,1.040146,0.09042365,Straight,Up,0.02797646,0.693985,Normal
442.3998,15.78276,0,0.1478612,0.1031662,0,-0.3114412,8893.159,1.040529,0.09082458,Straight,Up,0.02797646,0.6960678,Normal
442.4398,15.75358,0,0.1524389,0.1031662,0,-0.3122714,8893.79,1.040838,0.09122605,Straight,Up,0.02797646,0.6981506,Normal
442.4799,15.72438,0,0.1524389,0.1031662,0,-0.3130215,8894.419,1.041233,0.09162847,Straight,Up,0.02797646,0.7002182,Normal
442.5198,15.69527,0,0.1524389,0.1031662,0,-0.313944,8895.047,1.041478,0.09203178,Straight,Up,0.02797646,0.7022934,Normal
442.5598,15.66625,0,0.1524389,0.1031662,0,-0.3146255,8895.674,1.041919,0.09243593,Straight,Up,0.02797646,0.704361,Normal
442.5999,15.63733,0,0.1524389,0.1031662,0,-0.3153252,8896.3,1.04224,0.09284056,Straight,Up,0.02797646,0.7064209,Normal
442.6398,15.60849,0,0.1524389,0.1031662,0,-0.3160291,8896.925,1.042541,0.09324617,Straight,Up,0.02797646,0.7084885,Normal
442.6798,15.57972,0,0.1524389,0.1031662,0,-0.3167036,8897.548,1.042922,0.09365267,Straight,Up,0.02797646,0.7105408,Normal
442.7198,15.55105,0,0.1524389,0.1309529,0,-0.3175188,8898.17,1.043175,0.09405968,Straight,Up,0.02797646,0.7125931,Normal
442.7599,15.52859,0,0.1524389,0.1388876,0,-0.3180728,8898.791,1.043502,0.0944678,Straight,Up,0.02797646,0.7146378,Normal
442.7998,15.50789,0,0.1469457,0.142855,0,-0.3183092,8899.412,1.043737,0.09487654,Straight,Up,0.02797646,0.7166901,Normal
442.8398,15.48819,0,0.1460302,0.1587244,0,-0.3196411,8900.031,1.043912,0.09528623,Straight,Up,0.03426402,0.7187271,Normal
442.8799,15.47161,0,0.1460302,0.1785611,0,-0.3261523,8900.65,1.044523,0.0956964,Straight,Up,0.02797646,0.7207642,Normal
442.9198,15.46006,0,0.1460302,0.1944305,0,-0.3325633,8901.27,1.045153,0.09610767,Straight,Up,0.02797646,0.7228088,Normal
442.9598,15.45237,0,0.1460302,0.1944305,0,-0.3387713,8901.888,1.045703,0.09651957,Straight,Up,0.02797646,0.7248459,Normal
442.9998,15.44454,0,0.1460302,0.1944305,0,-0.3447007,8902.505,1.046208,0.09693209,Straight,Up,0.02797646,0.7268753,Normal
443.0399,15.43671,0,0.1460302,0.1745937,0,-0.3503636,8903.122,1.046577,0.09734572,Straight,Up,0.02797646,0.7289124,Normal
443.0798,15.42562,0,0.1460302,0.1706264,0,-0.3558839,8903.739,1.046913,0.09776012,Straight,Up,0.02797646,0.7309494,Normal
443.1198,15.41309,0,0.1460302,0.1706264,0,-0.3611134,8904.356,1.04718,0.09817518,Straight,Up,0.02797646,0.7329788,Normal
443.1599,15.40027,0,0.1460302,0.1706264,0,-0.3660611,8904.973,1.047526,0.09859086,Straight,Up,0.02797646,0.7350159,Normal
443.1998,15.38738,0,0.1460302,0.1904631,0,-0.3706672,8905.588,1.0479,0.09900758,Straight,Up,0.02797646,0.7370453,Normal
443.2398,15.3778,0,0.1460302,0.2063325,0,-0.3750615,8906.203,1.048196,0.09942514,Straight,Up,0.02797646,0.7390671,Normal
443.2798,15.37261,0,0.1423681,0.2063325,0,-0.3792554,8906.818,1.048531,0.0998433,Straight,Up,0.02797646,0.7410889,Normal
443.3199,15.36755,0,0.140537,0.2063325,0,-0.3833916,8907.434,1.048916,0.1002621,Straight,Up,0.02797646,0.7431183,Normal
443.3598,15.36253,0,0.1295507,0.2103151,0,-0.387163,8908.049,1.049467,0.100682,Straight,Up,0.01978234,0.7451401,Normal
443.3998,15.3582,0,0.1167297,0.2182498,0,-0.3903989,8908.664,1.049982,0.1011026,Straight,Up,0.02797646,0.7471695,Normal
443.4398,15.35569,0,0.09384155,0.2341192,0,-0.3931583,8909.278,1.050268,0.1015236,Straight,Up,0.02797646,0.7491913,Normal
443.4798,15.35656,0,0.0819397,0.2341192,0,-0.3958601,8909.893,1.050521,0.1019459,Straight,Up,0.02797646,0.7512131,Normal
443.5198,15.35765,0,0.08010864,0.2380865,0,-0.3981984,8910.508,1.050817,0.1023688,Straight,Up,0.01978234,0.7532425,Normal
443.5598,15.35944,0,0.08010864,0.2460212,0,-0.4002559,8911.123,1.051381,0.1027926,Straight,Up,0,0.7552643,Normal
443.5999,15.36302,0,0.08010864,0.2539559,0,-0.4021705,8911.738,1.051801,0.1032167,Straight,Up,0,0.7542496,Normal
443.6398,15.36834,0,0.08010864,0.2658579,0,-0.4038206,8912.354,1.052194,0.103642,Straight,Up,0,0.7511063,Normal
443.6798,15.37635,0,0.08010864,0.2698253,0,-0.4053157,8912.969,1.052689,0.1040681,Straight,Up,0,0.7479706,Normal
443.7198,15.38537,0,0.08010864,0.2737926,0,-0.4067304,8913.584,1.0532,0.1044945,Straight,Up,0,0.7448273,Normal
443.7599,15.39527,0,0.08010864,0.2856947,0,-0.4087224,8914.199,1.05379,0.1049221,Straight,Up,0,0.741684,Normal
443.7998,15.40736,0,0.08010864,0.2856947,0,-0.4095466,8914.815,1.054182,0.1053505,Straight,Up,0,0.7385406,Normal
443.8398,15.41963,0,0.08010864,0.2856947,0,-0.4167147,8915.433,1.054714,0.1057797,Straight,Up,0,0.7353897,Normal
443.8799,15.43191,0,0.08010864,0.2856947,0,-0.4295532,8916.05,1.054419,0.1062092,Straight,Up,0,0.7322388,Normal
443.9198,15.44416,0,0.07644653,0.2856947,0,-0.4340962,8916.667,1.054301,0.1066399,Straight,Up,0,0.7290878,Normal
443.9598,15.45635,0,0.07003784,0.2856947,0,-0.4436583,8917.285,1.053507,0.1070713,Straight,Up,0,0.7259293,Normal
443.9998,15.46854,0,0.06454468,0.289662,0,-0.452533,8917.904,1.052379,0.1075031,Straight,Up,0,0.7227707,Normal
444.0399,15.48164,0,0.05813599,0.289662,0,-0.4601082,8918.523,1.051726,0.1079361,Straight,Up,0,0.7196121,Normal
444.0798,15.49462,0,0.05264282,0.289662,0,-0.4659989,8919.143,1.050592,0.1083699,Straight,Up,0,0.7164459,Normal
444.1198,15.50757,0,0.05081177,0.289662,0,-0.4674523,8919.763,1.049962,0.1088044,Straight,Up,0,0.7132797,Normal
444.1599,15.52047,0,0.04623413,0.289662,0,-0.469274,8920.384,1.048608,0.1092393,Straight,Up,0,0.7101135,Normal
444.1998,15.53334,0,0.04623413,0.289662,0,-0.4674527,8921.005,1.04946,0.1096753,Straight,Up,0,0.7069397,Normal
444.2398,15.54615,0,0.04623413,0.2539559,0,-0.4615434,8921.626,1.050733,0.1101121,Straight,Up,0,0.7037659,Normal
444.2798,15.55143,0,0.04623413,0.2341192,0,-0.4530903,8922.247,1.052157,0.1105497,Straight,Up,0,0.700592,Normal
444.3199,15.55253,0,0.04623413,0.2261845,0,-0.4475297,8922.87,1.05326,0.1109876,Straight,Up,0,0.6974106,Normal
444.3598,15.55126,0,0.04623413,0.2142824,0,-0.4387194,8923.491,1.055312,0.1114267,Straight,Up,0,0.6942368,Normal
444.3998,15.54747,0,0.04623413,0.2103151,0,-0.4287403,8924.112,1.0571,0.1118665,Straight,Up,0,0.6910629,Normal
444.4398,15.54273,0,0.04623413,0.2103151,0,-0.422216,8924.733,1.05835,0.1123068,Straight,Up,0,0.6878891,Normal
444.4798,15.53806,0,0.04623413,0.2103151,0,-0.4158804,8925.354,1.059201,0.1127481,Straight,Up,0,0.6847153,Normal
444.5198,15.53344,0,0.04623413,0.2341192,0,-0.4114735,8925.976,1.059661,0.1131902,Straight,Up,0,0.6815414,Normal
444.5598,15.53279,0,0.04623413,0.2460212,0,-0.4069551,8926.597,1.060077,0.113633,Straight,Up,0,0.6783676,Normal
444.5999,15.53603,0,0.04623413,0.2539559,0,-0.4028212,8927.218,1.060808,0.1140762,Straight,Up,0,0.6752014,Normal
444.6398,15.5412,0,0.0453186,0.2539559,0,-0.399501,8927.839,1.061669,0.1145206,Straight,Up,0,0.6720276,Normal
444.6798,15.54618,0,0.03890991,0.2539559,0,-0.3957748,8928.46,1.062415,0.1149657,Straight,Up,0,0.6688461,Normal
444.7198,15.55114,0,0.03341675,0.2618906,0,-0.3924863,8929.081,1.063297,0.1154113,Straight,Up,0,0.6656723,Normal
444.7599,15.5577,0,0.009613037,0.2698253,0,-0.3894336,8929.704,1.064313,0.1158578,Straight,Up,0,0.6624985,Normal
444.7998,15.56596,0,-0.0151062,0.2698253,0,-0.3862175,8930.327,1.065038,0.1163052,Straight,Up,0,0.6593246,Normal
444.8398,15.57431,0,-0.08194149,0.2737926,0,-0.3830356,8930.95,1.066137,0.1167533,Straight,Up,0,0.6561356,Normal
444.8799,15.58361,0,-0.1295489,0.27776,0,-0.3799458,8931.573,1.067042,0.1172019,Straight,Up,0,0.6529541,Normal
444.9198,15.5938,0,-0.1652545,0.2856947,0,-0.3768778,8932.196,1.067801,0.1176513,Straight,Up,0,0.6497726,Normal
444.9598,15.60549,0,-0.1670855,0.2856947,0,-0.3739616,8932.82,1.068207,0.1181017,Straight,Up,0,0.6465912,Normal
444.9998,15.6172,0,-0.1670855,0.2856947,0,-0.3711897,8933.445,1.06847,0.1185525,Straight,Up,0,0.6434021,Normal
445.0399,15.62891,0,-0.1533526,0.2460212,0,-0.3683708,8934.07,1.068701,0.1190044,Straight,Up,0,0.640213,Normal
445.0798,15.63214,0,-0.1194781,0.2222171,0,-0.365687,8934.695,1.069178,0.1194568,Straight,Up,0,0.6370163,Normal
445.1198,15.62962,0,-0.08194149,0.2023651,0,-0.3629043,8935.32,1.069629,0.1199102,Straight,Up,0,0.6338272,Normal
445.1599,15.62335,0,-0.06637752,0.142855,0,-0.3601673,8935.945,1.069999,0.1203639,Straight,Up,0,0.6306381,Normal
445.1998,15.60548,0,-0.06637752,0.06746013,0,-0.3576779,8936.57,1.070311,0.1208187,Straight,Up,0,0.6274414,Normal
445.2398,15.57018,0,-0.06637752,0,0,-0.3552088,8937.193,1.070641,0.1212742,Straight,Up,0,0.6242676,Normal
445.2798,15.51881,0,-0.06637752,0,0,-0.3530256,8937.814,1.07098,0.1217305,Straight,Up,0,0.6210938,Normal
445.3199,15.46789,0,-0.06637752,0,0,-0.3512512,8938.434,1.070996,0.1221872,Straight,Up,0,0.6179352,Normal
445.3598,15.41721,0,-0.06637752,0,0,-0.349894,8939.051,1.07133,0.122645,Straight,Up,0,0.6147842,Normal
445.3998,15.3667,0,-0.06637752,0,0,-0.3487207,8939.666,1.071508,0.1231033,Straight,Up,0,0.6116486,Normal
445.4398,15.31636,0,-0.06637752,0,0,-0.3478928,8940.279,1.071682,0.1235623,Straight,Up,0,0.6085129,Normal
445.4798,15.26618,0,-0.06637752,0,0,-0.3468602,8940.891,1.072047,0.1240222,Straight,Up,0,0.6054001,Normal
445.5198,15.21614,0,-0.06637752,0,0,-0.3461005,8941.5,1.072673,0.1244829,Straight,Up,0,0.6022797,Normal
445.5598,15.16625,0,-0.06546199,0,0,-0.345258,8942.107,1.073045,0.1249442,Straight,Up,0,0.5991821,Normal
445.5999,15.11652,0,-0.06363094,0,0,-0.34436,8942.713,1.073437,0.1254061,Straight,Up,0,0.5960922,Normal
445.6398,15.06693,0,-0.06363094,0,0,-0.3436529,8943.316,1.073983,0.125869,Straight,Up,0,0.5930176,Normal
445.6798,15.0175,0,-0.0590533,0,0,-0.3429468,8943.918,1.074462,0.1263327,Straight,Up,0,0.5899506,Normal
445.7198,14.96821,0,-0.05813599,0,0,-0.3423293,8944.518,1.07453,0.1267965,Straight,Up,0,0.5868835,Normal
445.7599,14.91907,0,-0.05813599,0,0,-0.3419823,8945.115,1.075119,0.1272616,Straight,Up,0,0.5838394,Normal
445.7998,14.87007,0,-0.05813599,0,0,-0.3417812,8945.711,1.075582,0.1277275,Straight,Up,0,0.5807953,Normal
445.8398,14.82123,0,-0.05722046,0,0,-0.3419127,8946.305,1.076185,0.1281938,Straight,Up,0,0.5777664,Normal
445.8799,14.77252,0,-0.05722046,0,0,-0.3425466,8946.896,1.07665,0.1286608,Straight,Up,0,0.5747528,Normal
445.9198,14.72397,0,-0.05264282,0,0,-0.3443336,8947.486,1.076653,0.1291288,Straight,Up,0,0.5717392,Normal
445.9598,14.67556,0,-0.0453186,0,0,-0.3477815,8948.074,1.076723,0.1295975,Straight,Up,0,0.5687408,Normal
445.9998,14.62729,0,-0.04074097,0,0,-0.3512748,8948.66,1.076948,0.1300665,Straight,Up,0,0.5657501,Normal
446.0399,14.57917,0,-0.04074097,0,0,-0.3564555,8949.244,1.077193,0.1305366,Straight,Up,0,0.562767,Normal
446.0798,14.53119,0,-0.04074097,0,0,-0.3624462,8949.826,1.07746,0.1310075,Straight,Up,0,0.5597992,Normal
446.1198,14.48336,0,-0.04074097,0,0,-0.3671064,8950.406,1.077826,0.1314791,Straight,Up,0,0.556839,Normal
446.1599,14.43567,0,-0.04074097,0,0,-0.373114,8950.984,1.078126,0.131951,Straight,Up,0,0.553894,Normal
446.1998,14.38812,0,-0.04074097,0,0,-0.377901,8951.561,1.078188,0.132424,Straight,Up,0,0.5509491,Normal
446.2398,14.34071,0,-0.04074097,0,0,-0.3836793,8952.135,1.077807,0.1328977,Straight,Up,0,0.5480194,Normal
446.2798,14.29345,0,-0.04074097,0,0,-0.3890404,8952.707,1.076817,0.1333717,Straight,Up,0,0.5450897,Normal
446.3199,14.24633,0,-0.04074097,0,0,-0.3928964,8953.277,1.07538,0.1338469,Straight,Up,0,0.5421829,Normal
446.3598,14.19934,0,-0.04074097,0,0,-0.39672,8953.846,1.073313,0.1343228,Straight,Up,0,0.5392838,Normal
446.3998,14.1525,0,-0.07736385,0,0,-0.3998038,8954.412,1.072449,0.1347994,Straight,Up,0,0.5363922,Normal
446.4398,14.1058,0,-0.1194781,0,0,-0.4028894,8954.977,1.072394,0.1352763,Straight,Up,0,0.5335007,Normal
446.4798,14.05923,0,-0.1231402,0,0,-0.4055091,8955.539,1.072558,0.1357543,Straight,Up,0,0.530632,Normal
446.5198,14.0128,0,-0.1231402,0,0,-0.4079245,8956.1,1.072713,0.1362331,Straight,Up,0,0.5277634,Normal
446.5598,13.96651,0,-0.1176471,0,0,-0.4101483,8956.659,1.072849,0.1367125,Straight,Up,0,0.52491,Normal
446.5999,13.92036,0,-0.1130694,0,0,-0.4122474,8957.217,1.073075,0.1371922,Straight,Up,0,0.5220718,Normal
446.6398,13.87435,0,-0.1112384,0,0,-0.4140126,8957.772,1.073276,0.1376731,Straight,Up,0,0.5192337,Normal
446.6798,13.82847,0,-0.1048297,0,0,-0.4153575,8958.326,1.073915,0.1381546,Straight,Up,0,0.5164032,Normal
446.7198,13.78272,0,-0.0993365,0,0,-0.4162843,8958.878,1.074843,0.1386365,Straight,Up,0,0.513588,Normal
446.7598,13.73712,0,-0.09384334,0,0,-0.4149376,8959.428,1.075744,0.1391194,Straight,Up,0,0.5107803,Normal
446.7998,13.69165,0,-0.09018123,0,0,-0.4140961,8959.976,1.076515,0.1396031,Straight,Up,0,0.507988,Normal
446.8398,13.64632,0,-0.09018123,0,0,-0.4117868,8960.521,1.077115,0.1400875,Straight,Up,0,0.505188,Normal
446.8799,13.60112,0,-0.09018123,0,0,-0.4102342,8961.066,1.077636,0.1405721,Straight,Up,0,0.5024109,Normal
446.9198,13.55606,0,-0.09018123,0,0,-0.4075169,8961.609,1.078824,0.1410579,Straight,Up,0,0.4996414,Normal
446.9598,13.51113,0,-0.09018123,0,0,-0.4061787,8962.15,1.080216,0.1415444,Straight,Up,0,0.4968796,Normal
446.9998,13.46634,0,-0.09018123,0,0,-0.4068218,8962.689,1.080656,0.1420313,Straight,Up,0,0.4941254,Normal
447.0399,13.42168,0,-0.09018123,0,0,-0.40758,8963.227,1.080566,0.142519,Straight,Up,0,0.4913788,Normal
447.0798,13.37715,0,-0.09018123,0,0,-0.4094048,8963.762,1.080574,0.1430076,Straight,Up,0,0.4886475,Normal
447.1198,13.33275,0,-0.09018123,0,0,-0.4121971,8964.296,1.080807,0.1434969,Straight,Up,0,0.4859238,Normal
447.1599,13.28849,0,-0.09018123,0,0,-0.4150265,8964.828,1.081163,0.1439866,Straight,Up,0,0.4832077,Normal
447.1998,13.24436,0,-0.1112384,0,0,-0.4184736,8965.358,1.081679,0.1444771,Straight,Up,0,0.4804993,Normal
447.2398,13.20036,0,-0.1240557,0,0,-0.4219338,8965.887,1.082795,0.1449684,Straight,Up,0,0.4778061,Normal
447.2798,13.15649,0,-0.1368731,0,0,-0.4250105,8966.413,1.084565,0.1454602,Straight,Up,0,0.4751129,Normal
447.3199,13.11275,0,-0.1423663,0,0,-0.4287531,8966.938,1.08681,0.1459529,Straight,Up,0,0.472435,Normal
447.3598,13.06944,0,-0.1432818,0.01190204,0,-0.4324883,8967.462,1.088106,0.1464462,Straight,Up,0,0.4697647,Normal
447.3998,13.02976,0,-0.1432818,0.03967346,0,-0.4370402,8967.983,1.086892,0.1469403,Straight,Up,0,0.4671021,Normal
447.4398,12.99558,0,-0.1432818,0.07142748,0,-0.4413736,8968.503,1.085739,0.1474348,Straight,Up,0,0.464447,Normal
447.4798,12.96903,0,-0.1432818,0.07936218,0,-0.4432542,8969.022,1.086538,0.1479303,Straight,Up,0,0.4618073,Normal
447.5198,12.94434,0,-0.1432818,0.07936218,0,-0.445667,8969.54,1.087479,0.1484264,Straight,Up,0,0.4591599,Normal
447.5598,12.91975,0,-0.1432818,0.08729687,0,-0.4488028,8970.058,1.089965,0.1489233,Straight,Up,0,0.4565353,Normal
447.5999,12.89707,0,-0.1432818,0.0991989,0,-0.4521489,8970.573,1.091602,0.1494205,Straight,Up,0,0.4538956,Normal
447.6398,12.87813,0,-0.1469439,0.123003,0,-0.455757,8971.089,1.092083,0.1499187,Straight,Up,0,0.4512634,Normal
447.6798,12.86483,0,-0.1533526,0.1388876,0,-0.459389,8971.604,1.092609,0.1504175,Straight,Up,0,0.4486389,Normal
447.7198,12.85519,0,-0.1780736,0.142855,0,-0.4636311,8972.117,1.094259,0.1509168,Straight,Up,0,0.4460144,Normal
447.7598,12.84648,0,-0.2073705,0.142855,0,-0.4686181,8972.631,1.094742,0.1514171,Straight,Up,0,0.4433823,Normal
447.7998,12.83773,0,-0.2146947,0.142855,0,-0.4733893,8973.145,1.094498,0.1519181,Straight,Up,0,0.4407654,Normal
447.8398,12.82899,0,-0.2146947,0.142855,0,-0.4781987,8973.658,1.094434,0.1524196,Straight,Up,0,0.4381409,Normal
447.8799,12.82025,0,-0.2146947,0.142855,0,-0.4826117,8974.172,1.09477,0.1529215,Straight,Up,0,0.435524,Normal
447.9198,12.81154,0,-0.2146947,0.142855,0,-0.4871076,8974.684,1.095176,0.1534245,Straight,Up,0,0.4329071,Normal
447.9598,12.80284,0,-0.2146947,0.142855,0,-0.4917041,8975.195,1.094589,0.1539281,Straight,Up,0,0.4302902,Normal
447.9998,12.79417,0,-0.2146947,0.1468223,0,-0.4968612,8975.707,1.094721,0.1544321,Straight,Up,0,0.4276733,Normal
448.0399,12.78629,0,-0.2146947,0.1745937,0,-0.502428,8976.219,1.095403,0.1549371,Straight,Up,0,0.4250641,Normal
448.0798,12.78442,0,-0.2073705,0.1944305,0,-0.5084488,8976.73,1.096559,0.1554428,Straight,Up,0,0.4224472,Normal
448.1198,12.787,0,-0.2073705,0.2063325,0,-0.5149125,8977.242,1.097343,0.155949,Straight,Up,0,0.419838,Normal
448.1599,12.79215,0,-0.2073705,0.2222171,0,-0.5215678,8977.754,1.097337,0.1564557,Straight,Up,0,0.4172287,Normal
448.1998,12.8007,0,-0.2027929,0.2460212,0,-0.5285154,8978.266,1.098127,0.1569635,Straight,Up,0,0.4146194,Normal
448.2398,12.81451,0,-0.1799047,0.2618906,0,-0.5358582,8978.777,1.098885,0.1574719,Straight,Up,0,0.4120026,Normal
448.2798,12.83179,0,-0.1231402,0.2618906,0,-0.5435246,8979.291,1.098855,0.1579804,Straight,Up,-0.01978234,0.4093781,Normal
448.3199,12.84912,0,-0.04714966,0.2618906,0,-0.5513585,8979.805,1.098787,0.1584901,Straight,Up,-0.03426402,0.4067535,Normal
448.3598,12.86645,0,0.05081177,0.2618906,0,-0.5594352,8980.319,1.098554,0.1590005,Straight,Up,-0.03956468,0.3974838,Normal
448.3998,12.88374,0,0.07003784,0.2618906,0,-0.5675951,8980.835,1.098948,0.1595116,Straight,Up,-0.03426402,0.387085,Normal
448.4398,12.90099,0,0.0819397,0.2658579,0,-0.5763371,8981.351,1.099968,0.1600228,Straight,Up,-0.03956468,0.3766708,Normal
448.4798,12.91902,0,0.1222265,0.2698253,0,-0.5858518,8981.867,1.100775,0.1605351,Straight,Up,-0.03956468,0.3662415,Normal
448.5198,12.93929,0,0.1881444,0.27776,0,-0.5953739,8982.385,1.100391,0.1610482,Straight,Up,-0.03956468,0.3558121,Normal
448.5598,12.96087,0,0.291599,0.297612,0,-0.6018291,8982.902,1.101408,0.1615619,Straight,Up,-0.03426402,0.3453674,Normal
448.5999,12.98648,0,0.3758311,0.309514,0,-0.6069506,8983.422,1.102581,0.1620757,Straight,Up,-0.03426402,0.3348999,Normal
448.6398,13.01465,0,0.4866099,0.3214161,0,-0.6119277,8983.942,1.103735,0.1625908,Straight,Up,-0.03956468,0.3244095,Normal
448.6798,13.04549,0,0.5589366,0.3293507,0,-0.6163481,8984.464,1.105192,0.1631065,Straight,Up,-0.03426402,0.3138885,Normal
448.7198,13.07859,0,0.5937302,0.3333181,0,-0.6203796,8984.986,1.106297,0.1636222,Straight,Up,-0.03956468,0.3033447,Normal
448.7598,13.11261,0,0.6532395,0.3333181,0,-0.624221,8985.511,1.107465,0.1641393,Straight,Up,-0.03956468,0.2927628,Normal
448.7998,13.14658,0,0.7136643,0.3333181,0,-0.6273988,8986.036,1.108053,0.1646569,Straight,Up,-0.03956468,0.2821503,Normal
448.8398,13.18045,0,0.8253622,0.3412528,0,-0.6299284,8986.563,1.10852,0.1651752,Straight,Up,-0.03426402,0.2715149,Normal
448.8799,13.21583,0,0.9608603,0.3412528,0,-0.6313975,8987.092,1.108772,0.1656936,Straight,Up,-0.03956468,0.260849,Normal
448.9198,13.25107,0,1.002059,0.3412528,0,-0.6316468,8987.621,1.108983,0.1662133,Straight,Up,-0.03956468,0.2501526,Normal
448.9598,13.28618,0,1.00389,0.3412528,0,-0.630531,8988.152,1.109216,0.1667335,Straight,Up,-0.03956468,0.2394257,Normal
448.9998,13.32115,0,0.9974813,0.3412528,0,-0.6286752,8988.685,1.109725,0.1672539,Straight,Up,-0.03956468,0.2286758,Normal
449.0399,13.35599,0,0.9498739,0.3412528,0,-0.6258584,8989.219,1.110376,0.1677754,Straight,Up,-0.03956468,0.2179031,Normal
449.0798,13.3907,0,0.8958578,0.3452201,0,-0.622142,8989.754,1.110731,0.1682977,Straight,Up,-0.03426402,0.2070923,Normal
449.1198,13.42618,0,0.8784628,0.3531548,0,-0.6177315,8990.291,1.111015,0.1688205,Straight,Up,-0.03426402,0.1962585,Normal
449.1599,13.46324,0,0.8775473,0.3571222,0,-0.6122761,8990.829,1.111583,0.1693434,Straight,Up,-0.03426402,0.1853943,Normal
449.1998,13.50111,0,0.8775473,0.3571222,0,-0.6058296,8991.369,1.112129,0.1698676,Straight,Up,-0.03426402,0.1744995,Normal
449.2398,13.53879,0,0.8628988,0.3610895,0,-0.5980483,8991.91,1.112567,0.1703924,Straight,Up,-0.03426402,0.1635818,Normal
449.2798,13.57728,0,0.8079636,0.3650568,0,-0.5889323,8992.453,1.112916,0.1709175,Straight,Up,-0.03426402,0.152626,Normal
449.3199,13.61639,0,0.6843674,0.3650568,0,-0.5785275,8992.997,1.113366,0.1714434,Straight,Flat,-0.03426402,0.1416321,Normal
449.3598,13.65548,0,0.4628062,0.3650568,0,-0.5665897,8993.543,1.113925,0.1719701,Straight,Flat,-0.01978234,0.1306152,Normal
449.3998,13.69455,0,0.3373754,0.3690242,0,-0.5538894,8994.09,1.114394,0.1724974,Straight,Flat,0,0.1210403,Normal
449.4398,13.73445,0,0.2357519,0.3690242,0,-0.5401214,8994.639,1.114937,0.1730251,Straight,Flat,-0.01978234,0.1185379,Normal
449.4798,13.77422,0,0.07003784,0.3690242,0,-0.525835,8995.189,1.115351,0.1735535,Straight,Flat,0,0.1160126,Normal
449.5198,13.81395,0,-0.04074097,0.3690242,0,-0.5107478,8995.742,1.115805,0.1740828,Straight,Flat,0,0.1134949,Normal
449.5598,13.85359,0,-0.1231402,0.3690242,0,-0.4948987,8996.296,1.116129,0.1746127,Straight,Flat,0,0.1109695,Normal
449.5999,13.89318,0,-0.1240557,0.3729915,0,-0.4785005,8996.852,1.116413,0.1751429,Straight,Flat,0,0.108429,Normal
449.6398,13.93357,0,-0.07644832,0.3809415,0,-0.4614772,8997.408,1.116522,0.1756739,Straight,Flat,0,0.1058884,Normal
449.6798,13.97552,0,-0.07187068,0.3809415,0,-0.4436535,8997.967,1.116666,0.1762056,Straight,Flat,0,0.1033401,Normal
449.7198,14.01743,0,-0.09384334,0.3849088,0,-0.4252655,8998.527,1.116899,0.1767377,Straight,Flat,0,0.1007767,Normal
449.7598,14.06014,0,-0.1478595,0.3888762,0,-0.4063213,8999.09,1.117201,0.1772708,Straight,Flat,0,0.09820557,Normal
449.7998,14.10366,0,-0.1954687,0.3928435,0,-0.38708,8999.653,1.117668,0.1778043,Straight,Flat,-0.01978234,0.09563446,Normal
449.8398,14.14772,0,-0.2558935,0.4007782,0,-0.3672747,9000.219,1.118318,0.1783386,Straight,Flat,0,0.0930481,Normal
449.8799,14.19337,0,-0.3053337,0.4007782,0,-0.3472483,9000.786,1.118824,0.1788732,Straight,Flat,0,0.09046173,Normal
449.9198,14.23897,0,-0.3291374,0.4087129,0,-0.3272148,9001.355,1.119211,0.1794088,Straight,Flat,-0.01978234,0.08786774,Normal
449.9598,14.28611,0,-0.3273064,0.4087129,0,-0.3070985,9001.927,1.11967,0.1799448,Straight,Flat,0,0.08525848,Normal
449.9998,14.33316,0,-0.3163201,0.4087129,0,-0.2870288,9002.5,1.120171,0.1804813,Straight,Flat,0,0.0826416,Normal
450.0398,14.38009,0,-0.3035027,0.4087129,0,-0.2669762,9003.075,1.120713,0.1810187,Straight,Flat,0,0.08001709,Normal
450.0798,14.42687,0,-0.2980095,0.4087129,0,-0.24691,9003.651,1.121227,0.1815566,Straight,Flat,0,0.07738495,Normal
450.1198,14.47348,0,-0.2980095,0.4087129,0,-0.2269868,9004.229,1.121715,0.1820953,Straight,Flat,0,0.07474518,Normal
450.1599,14.51999,0,-0.314489,0.4087129,0,-0.2070078,9004.81,1.122263,0.1826342,Straight,Flat,0,0.07209778,Normal
450.1998,14.56631,0,-0.3208977,0.4087129,0,-0.1873822,9005.392,1.122791,0.1831742,Straight,Flat,0,0.06943512,Normal
450.2398,14.61246,0,-0.3208977,0.4087129,0,-0.1679657,9005.976,1.123257,0.1837145,Straight,Flat,0,0.06676483,Normal
450.2798,14.65849,0,-0.3511101,0.4087129,0,-0.1487283,9006.562,1.123666,0.1842553,Straight,Flat,-0.01978234,0.06409454,Normal
450.3199,14.70438,0,-0.3868157,0.4087129,0,-0.1301909,9007.149,1.124042,0.1847971,Straight,Flat,0,0.061409,Normal
450.3598,14.7501,0,-0.4417491,0.4087129,0,-0.1120347,9007.739,1.124398,0.1853395,Straight,Flat,0,0.05871582,Normal
450.3998,14.7871,0,-0.4692149,0.4087129,0,-0.0947108,9008.331,1.123791,0.1858823,Straight,Flat,0,0.05601501,Normal
450.4398,14.83873,0,-0.4582286,0.4087129,0,-0.07787192,9008.925,1.122905,0.1864256,Straight,Flat,0,0.05331421,Normal
450.4798,14.88586,0,-0.4060417,0.4087129,0,-0.06107798,9009.52,1.127375,0.1869698,Straight,Flat,0,0.05059814,Normal
450.5198,14.93124,0,-0.3584343,0.4126802,0,-0.04492912,9010.116,1.127519,0.1875146,Straight,Flat,0,0.04786682,Normal
450.5598,14.97685,0,-0.3053337,0.4126802,0,-0.0294168,9010.715,1.127838,0.1880596,Straight,Flat,0,0.0451355,Normal
450.5999,15.01406,0,-0.2851903,0.4126802,0,-0.01469445,9011.314,1.127676,0.1886056,Straight,Flat,0,0.04238892,Normal
450.6398,15.06009,0,-0.2806127,0.4126802,0,-0.0003490746,9011.916,1.127276,0.1891523,Straight,Flat,0,0.03964233,Normal
450.6798,15.10782,0,-0.2806127,0.4126802,0,0.01352325,9012.52,1.127493,0.1896995,Straight,Flat,0,0.03687286,Normal
450.7198,15.15509,0,-0.2806127,0.4126802,0,0.02677026,9013.125,1.127995,0.1902469,Straight,Flat,0,0.03410339,Normal
450.7598,15.2015,0,-0.2806127,0.4126802,0,0.03947255,9013.732,1.128545,0.1907953,Straight,Flat,0,0.03133392,Normal
450.7998,15.24724,0,-0.2687109,0.4126802,0,0.05150342,9014.342,1.129179,0.1913445,Straight,Flat,0,0.02854919,Normal
450.8398,15.29247,0,-0.2513158,0.4126802,0,0.0629853,9014.953,1.129743,0.1918941,Straight,Flat,0,-0.07413483,TransSharp
450.8799,15.33735,0,-0.2330053,0.4126802,0,0.07408556,9015.566,1.129962,0.1924439,Straight,Flat,0,-0.08061218,TransSharp
450.9198,15.38199,0,-0.2330053,0.4126802,0,0.08408049,9016.182,1.130559,0.1929948,Straight,Flat,0,-0.08711243,TransSharp
450.9598,15.42643,0,-0.2256811,0.4166476,0,0.09359848,9016.798,1.130853,0.1935462,Straight,Flat,0,-0.0936203,TransSharp
450.9998,15.47143,0,-0.2027929,0.4166476,0,0.1024148,9017.416,1.131299,0.1940977,Straight,Flat,0,-0.1001511,TransSharp
451.0398,15.51639,0,-0.1799047,0.4166476,0,0.1106787,9018.036,1.131747,0.1946504,Straight,Flat,-0.01978234,-0.1067047,TransSharp
451.0798,15.56126,0,-0.1707476,0.4166476,0,0.1183239,9018.658,1.132286,0.1952037,Straight,Flat,-0.01978234,-0.1132736,TransSharp
451.1198,15.60598,0,-0.1551837,0.4166476,0,0.1252302,9019.282,1.132932,0.1957576,Straight,Flat,0,-0.1198578,TransSharp
451.1599,15.6506,0,-0.1478595,0.4166476,0,0.1317549,9019.908,1.133595,0.1963115,Straight,Flat,-0.01978234,-0.1264725,TransSharp
451.1998,15.69511,0,-0.1368731,0.4166476,0,0.137788,9020.535,1.134189,0.1968665,Straight,Flat,0,-0.1330948,TransSharp
451.2398,15.73943,0,-0.1185626,0.4166476,0,0.1431957,9021.164,1.134831,0.1974222,Straight,Flat,-0.01978234,-0.13974,TransSharp
451.2798,15.78365,0,-0.09384334,0.4166476,0,0.1481266,9021.795,1.135309,0.1979779,Straight,Flat,0,-0.1464081,TransSharp
451.3199,15.82776,0,-0.05722046,0.3849088,0,0.1526459,9022.428,1.135747,0.1985347,Straight,Down,0,-0.1530914,TransSharp
451.3598,15.86649,0,-0.05355835,0.3690242,0,0.1566659,9023.063,1.136307,0.1990921,Straight,Down,0,-0.15979,TransSharp
451.3998,15.90025,0,-0.0892657,0.3650568,0,0.1604802,9023.698,1.136831,0.1996501,Straight,Down,0,-0.1665039,TransSharp
451.4398,15.93324,0,-0.1295489,0.3610895,0,0.1640159,9024.335,1.137065,0.2002081,Straight,Down,-0.01978234,-0.173233,TransSharp
451.4798,15.96488,0,-0.1707476,0.3333181,0,0.1671912,9024.974,1.137298,0.2007673,Straight,Down,0,-0.1799698,TransSharp
451.5198,15.9906,0,-0.1799047,0.3134814,0,0.1699025,9025.612,1.138299,0.201327,Straight,Down,0,-0.1867294,TransSharp
451.5598,16.01164,0,-0.1799047,0.2817273,0,0.1722329,9026.253,1.139148,0.201887,Straight,Down,0,-0.1934891,TransSharp
451.5999,16.02687,0,-0.1799047,0.2301518,0,0.1742192,9026.894,1.13992,0.2024477,Straight,Down,0,-0.2002563,TransSharp
451.6398,16.03108,0,-0.1725787,0.1864958,0,0.1758054,9027.534,1.140534,0.2030092,Straight,Down,0,-0.2070313,TransSharp
451.6798,16.0259,0,-0.1615924,0.1507896,0,0.1769828,9028.175,1.141068,0.2035713,Straight,Down,0,-0.2137985,TransSharp
451.7198,16.01214,0,-0.148775,0.1349203,0,0.1777417,9028.815,1.141474,0.2041336,Straight,Down,0,-0.2205658,TransSharp
451.7598,15.99431,0,-0.1414508,0.1071336,0,0.1782175,9029.456,1.141909,0.2046966,Straight,Down,0,-0.2273254,TransSharp
451.7998,15.97078,0,-0.1368731,0.08332952,0,0.1781067,9030.095,1.142296,0.2052604,Straight,Down,-0.01978234,-0.2340775,TransSharp
451.8398,15.94224,0,-0.13138,0.07142748,0,0.1775565,9030.732,1.142689,0.2058248,Straight,Down,0,-0.2408142,TransSharp
451.8799,15.91214,0,-0.1286334,0.04762341,0,0.1767569,9031.369,1.142408,0.2063894,Straight,Down,-0.03956468,-0.2475357,TransSharp
451.9198,15.87765,0,-0.1231402,0.03173877,0,0.1767914,9032.005,1.142337,0.2069547,Left,Down,-0.1083524,-0.2542419,TransSharp
451.9598,15.83898,0,-0.1231402,0.02380407,0,0.1793015,9032.639,1.144012,0.2075208,Left,Down,-0.1186941,-0.3059692,TransSharp
451.9998,15.79796,0,-0.1231402,0.02380407,0,0.1814847,9033.271,1.145361,0.2080871,Left,Down,-0.1203313,-0.3682938,TransSharp
452.0398,15.75761,0,-0.1231402,0.02380407,0,0.183282,9033.902,1.146749,0.2086543,Left,Down,-0.1203313,-0.4304657,TransSharp
452.0798,15.71784,0,-0.1231402,0.02380407,0,0.1848267,9034.531,1.147354,0.209222,Left,Down,-0.1203313,-0.4925232,TransSharp
452.1198,15.67911,0,-0.1231402,0.02380407,0,0.1863194,9035.159,1.146474,0.2097904,Left,Down,-0.1203313,-0.5544128,TransSharp
452.1599,15.64102,0,-0.1231402,0.02380407,0,0.1873539,9035.785,1.146988,0.2103589,Left,Down,-0.1203313,-0.6161118,TransSharp
452.1998,15.60352,0,-0.1231402,0.02380407,0,0.1880032,9036.41,1.148482,0.2109282,Left,Down,-0.1170339,-0.6776276,TransSharp
452.2398,15.56636,0,-0.1231402,0.02380407,0,0.188873,9037.033,1.149281,0.2114983,Left,Down,-0.09278741,-0.7389526,TransSharp
452.2798,15.52976,0,-0.1231402,0.02380407,0,0.1930708,9037.654,1.1513,0.2120685,Left,Down,-0.08392937,-0.7910385,TransSharp
452.3199,15.49376,0,-0.1231402,0.02380407,0,0.1972322,9038.274,1.1526,0.2126397,Left,Down,-0.08622923,-0.8358841,TransSharp
452.3598,15.45782,0,-0.1231402,0.02380407,0,0.2007497,9038.894,1.153549,0.2132113,Left,Down,-0.08622923,-0.8806534,TransSharp
452.3998,15.42277,0,-0.1231402,0.02380407,0,0.2039541,9039.511,1.153922,0.2137836,Left,Down,-0.08622923,-0.925354,TransSharp
452.4398,15.38791,0,-0.1231402,0.01983673,0,0.2067579,9040.127,1.153875,0.2143561,Left,Down,-0.08392937,-0.9699707,TransSharp
452.4798,15.35265,0,-0.1139849,0,0,0.2092053,9040.741,1.153651,0.2149295,Left,Down,-0.08392937,-1.014496,TransSharp
452.5198,15.31305,0,-0.1057452,0,0,0.2115853,9041.354,1.153214,0.2155033,Left,Down,-0.08622923,-1.058907,TransSharp
452.5598,15.27395,0,-0.0956744,0,0,0.2139734,9041.966,1.152265,0.2160775,Left,Down,-0.08392937,-1.103188,TransSharp
452.5999,15.23542,0,-0.0956744,0,0,0.2159776,9042.575,1.152441,0.2166525,Left,Down,-0.08392937,-1.147331,TransSharp
452.6398,15.19695,0,-0.0956744,0,0,0.2175618,9043.184,1.153761,0.2172282,Left,Down,-0.08622923,-1.191345,TransSharp
452.6798,15.15928,0,-0.0956744,0,0,0.2189496,9043.79,1.154662,0.2178042,Left,Down,-0.08392937,-1.235222,TransSharp
452.7198,15.12333,0,-0.0956744,0,0,0.2200321,9044.396,1.153545,0.2183806,Straight,Down,-0.04845664,-1.278938,TransSharp
452.7598,15.08713,0,-0.0956744,0,0,0.2234523,9044.999,1.155487,0.2189579,Straight,Down,0.01978234,-1.316299,TransSharp
452.7998,15.05142,0,-0.0956744,0,0,0.2267218,9045.602,1.157803,0.2195357,Straight,Down,0,-1.327202,TransSharp
452.8398,15.01579,0,-0.0956744,0,0,0.2295295,9046.203,1.159835,0.2201139,Straight,Down,0,-1.338089,TransSharp
452.8799,14.98141,0,-0.0956744,0,0,0.2320428,9046.803,1.16156,0.2206925,Straight,Down,0.01978234,-1.348969,TransSharp
452.9198,14.94731,0,-0.0956744,0,0,0.2342713,9047.4,1.162117,0.2212719,Straight,Down,0.01978234,-1.359825,TransSharp
452.9598,14.91378,0,-0.0956744,0,0,0.2361984,9047.997,1.161976,0.221852,Straight,Down,0,-1.370674,TransSharp
452.9998,14.88051,0,-0.0956744,0,0,0.2380007,9048.593,1.161588,0.2224319,Straight,Down,0,-1.381493,TransSharp
453.0398,14.84741,0,-0.0956744,0,0,0.2395667,9049.187,1.161345,0.2230131,Straight,Down,0.01978234,-1.392288,TransSharp
453.0798,14.81443,0,-0.0956744,0,0,0.240827,9049.779,1.16118,0.2235947,Straight,Down,0.01978234,-1.403061,TransSharp
453.1198,14.78156,0,-0.0956744,0,0,0.2420796,9050.371,1.161178,0.2241769,Straight,Down,0.01978234,-1.413803,TransSharp
453.1599,14.74878,0,-0.0956744,0,0,0.2429071,9050.961,1.161294,0.224759,Straight,Down,0.01978234,-1.42453,TransSharp
453.1998,14.7161,0,-0.0956744,0,0,0.2434201,9051.55,1.161514,0.2253423,Straight,Down,0,-1.435234,TransSharp
453.2398,14.68352,0,-0.0956744,0,0,0.2438579,9052.138,1.161726,0.2259261,Straight,Down,0.01978234,-1.445908,TransSharp
453.2798,14.65103,0,-0.0956744,0,0,0.2442065,9052.724,1.162118,0.2265099,Straight,Down,0.01978234,-1.456558,TransSharp
453.3198,14.61863,0,-0.1130694,0,0,0.244298,9053.309,1.162547,0.2270947,Straight,Down,0.01978234,-1.467186,TransSharp
453.3598,14.58632,0,-0.1533526,0,0,0.2440473,9053.893,1.163023,0.2276801,Straight,Down,0.01978234,-1.477783,TransSharp
453.3998,14.55411,0,-0.1725787,0,0,0.2435824,9054.475,1.163556,0.228266,Straight,Down,0,-1.488365,TransSharp
453.4398,14.52198,0,-0.1734942,0,0,0.2427591,9055.056,1.164047,0.2288519,Straight,Down,0,-1.498924,TransSharp
453.4798,14.48995,0,-0.1734942,0,0,0.2416359,9055.636,1.164504,0.2294389,Straight,Down,0.01978234,-1.509453,TransSharp
453.5198,14.458,0,-0.1734942,0,0,0.2404121,9056.214,1.164996,0.2300264,Straight,Down,0.01978234,-1.519966,TransSharp
453.5598,14.42615,0,-0.1606768,0,0,0.238872,9056.791,1.165568,0.2306138,Straight,Down,0.01978234,-1.530449,TransSharp
453.5999,14.3944,0,-0.13138,0,0,0.2370523,9057.367,1.166093,0.2312024,Straight,Down,0,-1.540916,TransSharp
453.6398,14.36274,0,-0.1057452,0,0,0.2350427,9057.941,1.166612,0.2317915,Straight,Down,0.01978234,-1.551353,TransSharp
453.6798,14.33117,0,-0.06454647,0,0,0.2328428,9058.516,1.167139,0.2323812,Straight,Down,0,-1.561768,TransSharp
453.7198,14.29971,0,-0.02426147,0,0,0.2303319,9059.088,1.167687,0.2329707,Straight,Down,0.01978234,-1.572166,TransSharp
453.7598,14.26834,0,0.02059937,0,0,0.2277756,9059.659,1.168292,0.2335613,Straight,Down,0.01978234,-1.582535,TransSharp
453.7998,14.23707,0,0.05813599,0,0,0.2250334,9060.229,1.168773,0.2341525,Straight,Down,0.01978234,-1.592888,TransSharp
453.8398,14.20589,0,0.08102417,0,0,0.2221788,9060.798,1.169284,0.2347438,Straight,Down,0.01978234,-1.603203,TransSharp
453.8799,14.17482,0,0.1112366,0.007934691,0,0.2192347,9061.365,1.169834,0.2353358,Straight,Down,0.01978234,-1.61351,TransSharp
453.9198,14.1452,0,0.1542699,0.01586938,0,0.2162256,9061.932,1.170357,0.2359286,Straight,Down,0,-1.623795,TransSharp
453.9598,14.11764,0,0.2549779,0.01586938,0,0.213197,9062.496,1.170895,0.2365218,Straight,Down,0.01978234,-1.634048,TransSharp
453.9998,14.0904,0,0.3318822,0.01586938,0,0.2104137,9063.061,1.171291,0.2371152,Straight,Down,0.01978234,-1.644287,TransSharp
454.0398,14.06326,0,0.3566051,0.01586938,0,0.207778,9063.623,1.17156,0.2377092,Straight,Down,0.01978234,-1.654518,TransSharp
454.0798,14.03621,0,0.3566051,0.01586938,0,0.2052822,9064.185,1.171842,0.238304,Straight,Down,0,-1.664711,TransSharp
454.1198,14.00925,0,0.3566051,0.01586938,0,0.2031525,9064.745,1.172762,0.2388993,Straight,Down,0.01978234,-1.674889,TransSharp
454.1599,13.98244,0,0.3566051,0.01586938,0,0.2013603,9065.305,1.173755,0.2394947,Straight,Down,0.01978234,-1.685051,TransSharp
454.1998,13.95579,0,0.3566051,0.01586938,0,0.1999857,9065.863,1.174523,0.2400908,Straight,Down,0.01978234,-1.695198,TransSharp
454.2398,13.92933,0,0.3501928,0.01586938,0,0.1989136,9066.421,1.175218,0.2406876,Straight,Down,0.01978234,-1.705315,TransSharp
454.2798,13.90294,0,0.3208959,0.01586938,0,0.1981051,9066.978,1.175783,0.2412845,Straight,Down,0,-1.715416,TransSharp
454.3198,13.87662,0,0.2970922,0.01586938,0,0.1976925,9067.532,1.176375,0.2418824,Straight,Down,0.01978234,-1.725502,TransSharp
454.3598,13.85038,0,0.2549779,0.01586938,0,0.1977339,9068.087,1.176926,0.2424805,Straight,Down,0,-1.735565,TransSharp
454.3998,13.82422,0,0.2137792,0.01586938,0,0.1979575,9068.64,1.177517,0.2430793,Straight,Down,0.01978234,-1.745613,TransSharp
454.4398,13.79825,0,0.1899755,0.01586938,0,0.1983619,9069.192,1.178164,0.2436783,Straight,Down,0.01978234,-1.755646,TransSharp
454.4798,13.77236,0,0.1533544,0.01983673,0,0.1990364,9069.743,1.178679,0.2442779,Straight,Down,0.01978234,-1.765656,TransSharp
454.5198,13.74725,0,0.1295507,0.02777142,0,0.1999698,9070.294,1.179216,0.2448782,Straight,Down,0.01978234,-1.775642,TransSharp
454.5598,13.72402,0,0.1240575,0.03570611,0,0.2012394,9070.843,1.17976,0.2454786,Straight,Down,0,-1.785622,TransSharp
454.5999,13.70235,0,0.1240575,0.03570611,0,0.2027682,9071.392,1.180424,0.24608,Straight,Down,0,-1.795578,TransSharp
454.6398,13.68023,0,0.1368749,0.03967346,0,0.2045771,9071.938,1.181683,0.2466816,Straight,Down,0.01978234,-1.805527,TransSharp
454.6798,13.65908,0,0.1423681,0.04365606,0,0.2039274,9072.485,1.18223,0.2472839,Right,Down,0.06255726,-1.815468,TransSharp
454.7198,13.63914,0,0.1478612,0.04365606,0,0.2015613,9073.031,1.18211,0.2478863,Right,Down,0.0656106,-1.80294,TransSharp
454.7598,13.61926,0,0.1533544,0.04365606,0,0.1995626,9073.576,1.181988,0.2484896,Right,Down,0.0656106,-1.785713,TransSharp
454.7998,13.59944,0,0.1542699,0.04762341,0,0.1977866,9074.121,1.181988,0.2490932,Right,Down,0.0656106,-1.768509,TransSharp
454.8398,13.57987,0,0.1542699,0.04762341,0,0.1964178,9074.664,1.182194,0.2496971,Right,Down,0.06852804,-1.751335,TransSharp
454.8799,13.56039,0,0.1542699,0.04762341,0,0.1954024,9075.207,1.182726,0.2503018,Right,Down,0.06852804,-1.734192,TransSharp
454.9198,13.5409,0,0.1542699,0.05159075,0,0.1947178,9075.749,1.183426,0.2509071,Right,Down,0.06852804,-1.717079,TransSharp
454.9598,13.52218,0,0.1542699,0.0555581,0,0.1944857,9076.29,1.184257,0.2515126,Right,Down,0.06852804,-1.699982,TransSharp
454.9998,13.50448,0,0.1542699,0.06746013,0,0.1945306,9076.831,1.185003,0.2521184,Right,Down,0.06852804,-1.682915,TransSharp
455.0398,13.48965,0,0.1542699,0.08729687,0,0.1950827,9077.37,1.185111,0.2527251,Right,Down,0.0656106,-1.665871,TransSharp
455.0798,13.47898,0,0.1542699,0.1150683,0,0.1960281,9077.909,1.18494,0.2533323,Right,Down,0.06852804,-1.648842,TransSharp
455.1198,13.47516,0,0.1588476,0.1190356,0,0.19704,9078.448,1.186488,0.2539398,Right,Down,0.0656106,-1.631828,TransSharp
455.1599,13.47243,0,0.1606786,0.123003,0,0.198336,9078.987,1.188034,0.2545475,Right,Down,0.0656106,-1.61483,TransSharp
455.1998,13.47025,0,0.171665,0.1349203,0,0.1997811,9079.526,1.189879,0.2551562,Right,Down,0.06852804,-1.597816,TransSharp
455.2398,13.46821,0,0.1844823,0.1507896,0,0.2017326,9080.065,1.193216,0.2557653,Right,Down,0.08156469,-1.580772,TransSharp
455.2798,13.47044,0,0.206455,0.1706264,0,0.2015334,9080.604,1.193757,0.2563742,Right,Down,0.09691329,-1.563713,TransSharp
455.3198,13.47762,0,0.2183568,0.1864958,0,0.1996629,9081.144,1.192477,0.2569843,Right,Down,0.09891172,-1.536011,TransSharp
455.3598,13.48851,0,0.2201879,0.2103151,0,0.1980291,9081.683,1.191286,0.2575948,Right,Down,0.09891172,-1.507126,TransSharp
455.3998,13.50457,0,0.2201879,0.2499886,0,0.1967529,9082.223,1.189813,0.2582058,Right,Down,0.09891172,-1.47821,TransSharp
455.4398,13.52755,0,0.2201879,0.27776,0,0.1957654,9082.764,1.189218,0.2588167,Right,Down,0.1008706,-1.449287,TransSharp
455.4798,13.55615,0,0.2201879,0.289662,0,0.1952114,9083.306,1.189492,0.2594287,Right,Down,0.09891172,-1.420341,TransSharp
455.5198,13.5881,0,0.2201879,0.289662,0,0.1952745,9083.849,1.189512,0.2600411,Right,Down,0.09891172,-1.391357,TransSharp
455.5598,13.62021,0,0.2201879,0.2936446,0,0.1956484,9084.394,1.189121,0.2606533,Right,Down,0.09891172,-1.36232,TransSharp
455.5999,13.65389,0,0.2201879,0.2936446,0,0.1962702,9084.939,1.191521,0.2612667,Right,Down,0.09891172,-1.333229,TransSharp
455.6398,13.68655,0,0.2247655,0.2936446,0,0.1971884,9085.486,1.195034,0.2618805,Right,Down,0.1027921,-1.304031,TransSharp
455.6798,13.71592,0,0.2320898,0.2936446,0,0.1984727,9086.035,1.20034,0.2624948,Right,Down,0.1170339,-1.274719,TransSharp
455.7198,13.74595,0,0.2558935,0.2936446,0,0.1957371,9086.585,1.199293,0.2631089,Right,Down,0.1282043,-1.241508,TransSharp
455.7598,13.7766,0,0.291599,0.297612,0,0.1937244,9087.136,1.197961,0.2637241,Right,Down,0.1282043,-1.201714,TransSharp
455.7998,13.80931,0,0.3080785,0.3015793,0,0.191604,9087.688,1.196482,0.2643398,Right,Down,0.1282043,-1.161797,TransSharp
455.8398,13.84435,0,0.3080785,0.3015793,0,0.1899748,9088.242,1.1948,0.2649553,Right,Down,0.1266688,-1.121796,TransSharp
455.8799,13.87651,0,0.3080785,0.3015793,0,0.1892999,9088.797,1.193425,0.2655718,Right,Down,0.1266688,-1.08181,TransSharp
455.9198,13.90875,0,0.3080785,0.3015793,0,0.188646,9089.353,1.192448,0.2661889,Right,Down,0.1266688,-1.041809,TransSharp
455.9598,13.94355,0,0.3208959,0.3015793,0,0.1885708,9089.91,1.196075,0.2668064,Right,Down,0.1266688,-1.001701,TransSharp
455.9998,13.96968,0,0.3675914,0.3015793,0,0.1889884,9090.469,1.202165,0.2674237,Right,Down,0.1426525,-0.9614334,TransSharp
456.0398,13.99686,0,0.4271007,0.3015793,0,0.1861358,9091.028,1.202979,0.2680421,Right,Down,0.1532334,-0.9185791,TransSharp
456.0798,14.02485,0,0.5644298,0.3015793,0,0.183595,9091.589,1.202103,0.268661,Right,Down,0.1532334,-0.8682938,TransSharp
456.1198,14.05397,0,0.7182419,0.3015793,0,0.181783,9092.151,1.200758,0.2692803,Right,Down,0.1532334,-0.8178482,TransSharp
456.1599,14.0849,0,0.7896531,0.3015793,0,0.1809082,9092.714,1.198073,0.2698994,Right,Down,0.1532334,-0.7673111,TransSharp
456.1998,14.11477,0,0.8436728,0.309514,0,0.1806141,9093.278,1.195509,0.2705196,Right,Down,0.1532334,-0.716835,TransSharp
456.2398,14.14549,0,0.8738852,0.3174487,0,0.1813425,9093.844,1.199688,0.2711403,Right,Down,0.1570175,-0.6662674,TransSharp
456.2798,14.1728,0,0.9251547,0.3253834,0,0.1830329,9094.41,1.206475,0.271761,Right,Down,0.1724585,-0.6155167,TransSharp
456.3198,14.20275,0,0.9983969,0.3293507,0,0.1811565,9094.979,1.205754,0.2723823,Right,Down,0.1791368,-0.5593719,TransSharp
456.3598,14.23354,0,1.062487,0.3293507,0,0.1810008,9095.548,1.205185,0.2730043,Right,Down,0.1791368,-0.4987335,TransSharp
456.3998,14.26551,0,1.125659,0.3372854,0,0.1824262,9096.118,1.20266,0.2736267,Right,Down,0.1791368,-0.4379196,TransSharp
456.4398,14.30502,0,1.155871,0.3412528,0,0.1846206,9096.689,1.198499,0.2742492,Right,Down,0.1791368,-0.3770676,TransSharp
456.4798,14.33626,0,1.186084,0.3452201,0,0.1885131,9097.263,1.203958,0.2748723,Right,Down,0.1887116,-0.3160934,TransSharp
456.5198,14.36847,0,1.219958,0.3452201,0,0.1922064,9097.837,1.208658,0.275496,Right,Down,0.2036718,-0.2549438,TransSharp
456.5598,14.39979,0,1.255664,0.3531548,0,0.1947061,9098.412,1.20826,0.2761198,Right,Down,0.2046302,-0.1846848,TransSharp
456.5998,14.42983,0,1.284045,0.3571222,0,0.1999109,9098.989,1.206753,0.2767442,Right,Flat,0.2055842,-0.1136627,TransSharp
456.6398,14.4659,0,1.30419,0.3610895,0,0.2061458,9099.567,1.202414,0.2773693,Right,Flat,0.2046302,-0.04249573,TransSharp
456.6798,14.49745,0,1.332572,0.3610895,0,0.2144081,9100.147,1.206583,0.2779948,Right,Flat,0.2158,0.02890778,TransSharp
456.7198,14.52958,0,1.383841,0.3650568,0,0.2231028,9100.729,1.211277,0.2786203,Right,Flat,0.2298502,0.1006699,TransSharp
456.7598,14.56326,0,1.425955,0.3650568,0,0.2308731,9101.311,1.210699,0.2792464,Right,Up,0.2306999,0.1821136,TransSharp
456.7998,14.5934,0,1.461661,0.3650568,0,0.2416053,9101.895,1.20814,0.2798733,Right,Up,0.2306999,0.2636337,TransSharp
456.8398,14.6369,0,1.46807,0.3650568,0,0.2541523,9102.479,1.206093,0.2805001,Right,Up,0.235734,0.3454895,TransSharp
456.8799,14.66156,0,1.46807,0.3650568,0,0.2694058,9103.065,1.214085,0.2811277,Right,Up,0.25101,0.4275284,TransSharp
456.9198,14.68919,0,1.46807,0.3650568,0,0.2824874,9103.653,1.213088,0.2817556,Right,Up,0.2564087,0.5162201,TransSharp
456.9598,14.71698,0,1.462576,0.3650568,0,0.2983212,9104.241,1.210681,0.2823841,Right,Up,0.2564087,0.6082611,TransSharp
456.9998,14.75393,0,1.462576,0.3650568,0,0.3170585,9104.831,1.209186,0.2830126,Right,Up,0.2646699,0.7006302,TransSharp
457.0398,14.78598,0,1.462576,0.3650568,0,0.3381673,9105.422,1.216855,0.2836419,Right,Up,0.2797648,0.7933578,TransSharp
457.0798,14.81085,0,1.460745,0.3650568,0,0.3575074,9106.014,1.21447,0.2842715,Right,Up,0.2832403,0.8942337,TransSharp
457.1198,14.84091,0,1.460745,0.3650568,0,0.3793616,9106.606,1.210767,0.2849013,Right,Up,0.2832403,0.9968185,TransSharp
457.1599,14.86115,0,1.450675,0.3650568,0,0.4042698,9107.2,1.21144,0.2855319,Right,Up,0.3906707,1.099648,TransSharp
457.1998,14.89313,0,1.40856,0.3650568,0,0.4300057,9107.796,1.212076,0.2861629,Right,Up,0.7903101,1.204742,TransSharp
457.2398,14.92492,0,1.325247,0.3650568,0,0.4539957,9108.393,1.217226,0.2867941,Right,Up,0.9168525,1.212517,TransSharp
457.2798,14.95779,0,1.163195,0.3650568,0,0.4757054,9108.99,1.220259,0.2874255,Right,Up,0.8800449,1.163513,TransSharp
457.3198,14.98587,0,0.9727621,0.3650568,0,0.4943648,9109.589,1.220639,0.2880578,Right,Up,0.8432553,1.116013,TransSharp
457.3598,15.00436,0,0.8793783,0.3650568,0,0.5098945,9110.188,1.220174,0.2886905,Right,Up,0.8057577,1.070007,TransSharp
457.3998,15.03158,0,0.8610678,0.3650568,0,0.5225608,9110.79,1.22026,0.2893234,Right,Up,0.7699938,1.025406,TransSharp
457.4398,15.06961,0,0.8674765,0.3650568,0,0.5329471,9111.393,1.219623,0.2899565,Right,Up,0.7367479,0.9821625,TransSharp
457.4798,15.10839,0,0.868392,0.3650568,0,0.539438,9111.996,1.22393,0.2905904,Right,Up,0.7105184,0.9407272,TransSharp
457.5198,15.13624,0,0.868392,0.3650568,0,0.5442964,9112.602,1.222993,0.2912248,Right,Up,0.6786853,0.9004669,TransSharp
457.5598,15.16488,0,0.8720541,0.3650568,0,0.54802,9113.208,1.221392,0.2918589,Right,Up,0.6498165,0.8612213,TransSharp
457.5998,15.18715,0,0.8720541,0.3690242,0,0.5489309,9113.815,1.22482,0.292494,Right,Up,0.6246366,0.8235397,TransSharp
457.6398,15.21317,0,0.8720541,0.3690242,0,0.5482924,9114.425,1.225174,0.2931296,Right,Up,0.5970887,0.7870483,TransSharp
457.6798,15.25936,0,0.8720541,0.3729915,0,0.5473924,9115.035,1.224162,0.2937655,Right,Up,0.5723243,0.7513351,TransSharp
457.7198,15.28011,0,0.8720541,0.3809415,0,0.5429292,9115.646,1.228299,0.2944012,Right,Up,0.5471546,0.7172699,TransSharp
457.7598,15.32018,0,0.8720541,0.3928435,0,0.5380193,9116.259,1.227302,0.295038,Right,Up,0.5271187,0.6840286,TransSharp
457.7998,15.35302,0,0.8720541,0.4047455,0,0.5317309,9116.872,1.230288,0.2956751,Right,Up,0.5016313,0.6517639,TransSharp
457.8398,15.39454,0,0.8720541,0.4087129,0,0.5240714,9117.487,1.228254,0.296312,Right,Up,0.4841639,0.6206284,TransSharp
457.8799,15.43651,0,0.8720541,0.4126802,0,0.5152535,9118.104,1.230825,0.29695,Right,Up,0.4588492,0.5902023,TransSharp
457.9198,15.47919,0,0.8720541,0.4206149,0,0.5043067,9118.723,1.229637,0.2975883,Right,Up,0.4463111,0.5610046,TransSharp
457.9598,15.51479,0,0.8784628,0.4206149,0,0.4921204,9119.343,1.233749,0.2982271,Right,Up,0.4201138,0.5324249,TransSharp
457.9998,15.56005,0,0.9214926,0.4206149,0,0.4790346,9119.965,1.230138,0.2988656,Right,Up,0.4068635,0.504837,TransSharp
458.0398,15.59583,0,0.9782553,0.4206149,0,0.4636981,9120.588,1.234387,0.2995051,Right,Up,0.3886621,0.4781723,TransSharp
458.0798,15.64202,0,1.061572,0.4206149,0,0.4509893,9121.213,1.230751,0.300145,Right,Up,0.3642322,0.4516068,TransSharp
458.1198,15.69096,0,1.121081,0.4206149,0,0.4335902,9121.84,1.233473,0.3007847,Right,Up,0.3609945,0.4269104,TransSharp
458.1599,15.72636,0,1.120166,0.4245823,0,0.4182572,9122.469,1.23548,0.3014254,Right,Up,0.3339648,0.4021378,TransSharp
458.1998,15.77524,0,1.089953,0.4245823,0,0.4011045,9123.1,1.231816,0.3020665,Right,Up,0.3208161,0.3784332,TransSharp
458.2398,15.81574,0,1.027694,0.4285496,0,0.3815703,9123.731,1.234564,0.3027079,Right,Up,0.3177519,0.3556824,TransSharp
458.2798,15.85592,0,0.8912802,0.432517,0,0.362723,9124.365,1.23535,0.3033491,Right,Up,0.2900664,0.3328552,TransSharp
458.3198,15.90299,0,0.7017624,0.4364843,0,0.3410335,9125.001,1.233198,0.3039914,Right,Up,0.2748253,0.3110809,TransSharp
458.3598,15.95215,0,0.5937302,0.4364843,0,0.3171988,9125.639,1.235161,0.304634,Right,Up,0.2748253,0.2904129,TransSharp
458.3998,15.99437,0,0.5113292,0.444419,0,0.2935082,9126.278,1.237461,0.305277,Right,Up,0.2564087,0.2696686,TransSharp
458.4398,16.0425,0,0.505836,0.4483864,0,0.2741305,9126.92,1.234851,0.3059197,Right,Up,0.2264194,0.2489395,TransSharp
458.4798,16.0922,0,0.505836,0.4483864,0,0.2510265,9127.563,1.235657,0.3065635,Right,Up,0.2255535,0.2305222,TransSharp
458.5198,16.14357,0,0.505836,0.4483864,0,0.2299964,9128.209,1.236957,0.3072076,Right,Up,0.2264194,0.2120361,TransSharp
458.5598,16.1936,0,0.505836,0.4483864,0,0.2113102,9128.856,1.239772,0.3078517,Right,Up,0.2176059,0.1934967,TransSharp
458.5998,16.2365,0,0.505836,0.4483864,0,0.1942486,9129.506,1.23731,0.3084964,Right,Up,0.1823843,0.1749344,TransSharp
458.6398,16.28699,0,0.505836,0.4523537,0,0.1755442,9130.157,1.235933,0.3091416,Right,Up,0.1713202,0.1581421,TransSharp
458.6798,16.33796,0,0.505836,0.4523537,0,0.1558322,9130.811,1.236049,0.3097873,Right,Flat,0.1713202,0.1421967,TransSharp
458.7198,16.38949,0,0.4994273,0.4563211,0,0.13791,9131.466,1.237317,0.3104326,Right,Flat,0.1713202,0.1262131,TransSharp
458.7598,16.43644,0,0.4866099,0.4563211,0,0.1222451,9132.123,1.240029,0.311079,Right,Flat,0.1713202,0.1101913,TransSharp
458.7998,16.48448,0,0.4444957,0.4563211,0,0.1089225,9132.782,1.241011,0.3117258,Right,Flat,0.1467098,0.09410858,TransSharp
458.8398,16.53627,0,0.3904796,0.4563211,0,0.09720585,9133.443,1.238692,0.3123724,Right,Flat,0.09891172,0.0779953,TransSharp
458.8799,16.58792,0,0.3135717,0.4285496,0,0.07990709,9134.106,1.239562,0.3130197,Right,Flat,0.09487279,0.06532288,TransSharp
458.9198,16.63519,0,0.272373,0.4166476,0,0.06358039,9134.771,1.240638,0.3136675,Right,Flat,0.09487279,0.05285645,TransSharp
458.9598,16.6764,0,0.2668798,0.4126802,0,0.04891229,9135.438,1.242157,0.3143157,Right,Flat,0.09487279,0.04036713,TransSharp
458.9998,16.71577,0,0.2668798,0.3849088,0,0.03655365,9136.106,1.243888,0.3149638,Right,Flat,0.09691329,0.02784729,TransSharp
459.0398,16.75144,0,0.2668798,0.3650568,0,0.02543634,9136.776,1.245236,0.3156126,Right,Flat,0.09487279,0.01531219,TransSharp
459.0798,16.78198,0,0.2659643,0.3571222,0,0.01878107,9137.447,1.246057,0.3162619,Right,Flat,0.09487279,0.002738953,TransSharp
459.1198,16.81079,0,0.2311742,0.3531548,0,0.01452127,9138.119,1.246659,0.3169111,Right,Flat,0.09487279,-0.009841919,TransSharp
459.1599,16.83827,0,0.1789892,0.3531548,0,0.00893569,9138.793,1.247327,0.3175611,Right,Flat,0.09487279,-0.02244568,TransSharp
459.1998,16.86483,0,0.08102417,0.3531548,0,0.004327595,9139.467,1.247058,0.3182112,Right,Flat,0.09691329,-0.03507233,TransSharp
459.2398,16.89059,0,0.003204346,0.3531548,0,-0.001825184,9140.143,1.246808,0.3188619,Right,Flat,0.05595291,-0.04769897,TransSharp
459.2798,16.92002,0,-0.0892657,0.3531548,0,-0.008833021,9140.819,1.246121,0.3195125,Straight,Flat,0,-0.06021118,TransSharp
459.3198,16.94797,0,-0.1707476,0.3531548,0,-0.01795506,9141.497,1.247653,0.320164,Straight,Flat,0,-0.06742859,TransSharp
459.3598,16.97527,0,-0.2265966,0.3531548,0,-0.02780238,9142.176,1.249242,0.3208155,Straight,Flat,-0.01978234,-0.07466125,TransSharp
459.3998,17.00155,0,-0.3273064,0.3531548,0,-0.03730217,9142.855,1.250836,0.3214676,Straight,Flat,0,-0.08190155,TransSharp
459.4398,17.02966,0,-0.3913933,0.3531548,0,-0.04713747,9143.536,1.251575,0.3221196,Straight,Flat,-0.01978234,-0.0891571,TransSharp
459.4798,17.05777,0,-0.4417491,0.3809415,0,-0.05676472,9144.218,1.252404,0.3227724,Straight,Flat,0,-0.09643555,TransSharp
459.5198,17.09002,0,-0.4408336,0.3928435,0,-0.06660777,9144.901,1.25334,0.3234254,Straight,Flat,-0.01978234,-0.103714,TransSharp
459.5598,17.12626,0,-0.4362559,0.4126802,0,-0.07657093,9145.586,1.254503,0.3240784,Straight,Flat,-0.01978234,-0.1110153,TransSharp
459.5998,17.16637,0,-0.4234385,0.4245823,0,-0.08677971,9146.272,1.255651,0.3247323,Straight,Flat,-0.01978234,-0.1183319,TransSharp
459.6398,17.20908,0,-0.422523,0.432517,0,-0.09707683,9146.96,1.256411,0.3253865,Straight,Flat,-0.01978234,-0.1256638,TransSharp
459.6798,17.25363,0,-0.422523,0.4364843,0,-0.1075781,9147.649,1.257265,0.3260408,Straight,Flat,-0.01978234,-0.1330109,TransSharp
459.7198,17.2988,0,-0.4115367,0.4404517,0,-0.1182255,9148.341,1.257594,0.3266952,Straight,Flat,-0.01978234,-0.1403885,TransSharp
459.7598,17.34505,0,-0.4115367,0.4404517,0,-0.1288546,9149.034,1.257687,0.3273504,Straight,Flat,-0.01978234,-0.1477814,TransSharp
459.7998,17.39106,0,-0.4106212,0.444419,0,-0.1398042,9149.729,1.257686,0.328006,Straight,Down,-0.01978234,-0.1551895,TransSharp
459.8398,17.43815,0,-0.3987175,0.4483864,0,-0.1511807,9150.427,1.257964,0.3286612,Straight,Down,-0.01978234,-0.1626282,TransSharp
459.8799,17.48531,0,-0.3337151,0.4523537,0,-0.1627141,9151.126,1.257592,0.3293174,Straight,Down,-0.01978234,-0.1700897,TransSharp
459.9198,17.533,0,-0.3813225,0.4523537,0,-0.1739651,9151.827,1.255296,0.3299739,Straight,Down,-0.01978234,-0.1775665,TransSharp
459.9598,17.58092,0,-0.4161143,0.4523537,0,-0.185784,9152.53,1.251936,0.3306306,Straight,Down,-0.01978234,-0.1850662,TransSharp
459.9998,17.6285,0,-0.4234385,0.4523537,0,-0.1972984,9153.235,1.248029,0.3312874,Straight,Down,-0.01978234,-0.1925964,TransSharp
460.0398,17.6756,0,-0.4234385,0.4563211,0,-0.2094583,9153.942,1.24524,0.3319449,Straight,Down,-0.01978234,-0.2001343,TransSharp
460.0798,17.7225,0,-0.4234385,0.4563211,0,-0.2235592,9154.65,1.243808,0.3326027,Straight,Down,-0.01978234,-0.2077026,TransSharp
460.1198,17.77138,0,-0.4234385,0.4603037,0,-0.2376222,9155.36,1.241399,0.3332603,Straight,Down,-0.04423466,-0.2152939,TransSharp
460.1599,17.82131,0,-0.4234385,0.464271,0,-0.2472425,9156.072,1.242705,0.3339188,Left,Down,-0.09891172,-0.2228317,TransSharp
460.1998,17.87115,0,-0.4179454,0.464271,0,-0.2581168,9156.786,1.245071,0.3345776,Left,Down,-0.09891172,-0.2265244,TransSharp
460.2398,17.92072,0,-0.3465325,0.4682384,0,-0.2708025,9157.503,1.24759,0.3352368,Left,Down,-0.09891172,-0.2302246,TransSharp
460.2798,17.97131,0,-0.2796972,0.4682384,0,-0.2849638,9158.222,1.249578,0.3358956,Left,Down,-0.09891172,-0.2339401,TransSharp
460.3198,18.02329,0,-0.2275121,0.4245823,0,-0.3009128,9158.942,1.251715,0.3365554,Left,Down,-0.09891172,-0.2376633,TransSharp
460.3598,18.06546,0,-0.2275121,0.4007782,0,-0.3179287,9159.665,1.253042,0.3372155,Left,Down,-0.09691329,-0.2414093,TransSharp
460.3998,18.09922,0,-0.239414,0.3888762,0,-0.3357633,9160.389,1.25272,0.3378753,Left,Down,-0.09891172,-0.245163,TransSharp
460.4398,18.13305,0,-0.2632177,0.3888762,0,-0.3534702,9161.113,1.251972,0.3385361,Left,Down,-0.1046783,-0.2489166,TransSharp
460.4798,18.16762,0,-0.3053337,0.3729915,0,-0.3660706,9161.84,1.25425,0.3391971,Left,Down,-0.1282043,-0.2526703,TransSharp
460.5198,18.19853,0,-0.3767449,0.3571222,0,-0.3796289,9162.567,1.256751,0.3398585,Left,Down,-0.132704,-0.255127,TransSharp
460.5598,18.22366,0,-0.4701304,0.3412528,0,-0.3937277,9163.296,1.258841,0.3405195,Left,Down,-0.132704,-0.257309,TransSharp
460.5998,18.24662,0,-0.6193632,0.3372854,0,-0.409314,9164.025,1.261652,0.3411815,Left,Down,-0.132704,-0.2594986,TransSharp
460.6398,18.26554,0,-0.7502854,0.3372854,0,-0.4259592,9164.756,1.261834,0.3418438,Left,Down,-0.132704,-0.2616806,TransSharp
460.6798,18.28787,0,-0.8738834,0.3333181,0,-0.4421115,9165.487,1.261263,0.3425065,Left,Down,-0.1356209,-0.2638779,TransSharp
460.7198,18.30901,0,-0.9040976,0.3333181,0,-0.454166,9166.22,1.262692,0.3431687,Left,Down,-0.1545051,-0.2660675,TransSharp
460.7598,18.32994,0,-0.8848715,0.3333181,0,-0.468252,9166.952,1.264195,0.343832,Left,Down,-0.1594904,-0.2674026,TransSharp
460.7998,18.34879,0,-0.8381778,0.3690242,0,-0.4840607,9167.687,1.266485,0.3444955,Left,Down,-0.1582588,-0.2684326,TransSharp
460.8398,18.3737,0,-0.7905704,0.3729915,0,-0.501123,9168.421,1.266728,0.3451587,Left,Down,-0.1594904,-0.2694626,TransSharp
460.8798,18.40394,0,-0.6596482,0.3729915,0,-0.5175614,9169.157,1.265162,0.3458228,Left,Down,-0.1582588,-0.2704926,TransSharp
460.9198,18.43376,0,-0.4939342,0.3729915,0,-0.5301238,9169.895,1.266331,0.3464873,Left,Down,-0.174713,-0.2715225,TransSharp
460.9598,18.46418,0,-0.3868157,0.3729915,0,-0.5452297,9170.633,1.268055,0.347152,Left,Down,-0.1802258,-0.2719498,TransSharp
460.9998,18.48992,0,-0.3346306,0.3729915,0,-0.5618073,9171.372,1.27104,0.3478164,Left,Down,-0.1802258,-0.2720184,TransSharp
461.0398,18.5173,0,-0.3346306,0.3491875,0,-0.579581,9172.112,1.26819,0.3484817,Left,Down,-0.1802258,-0.2720871,TransSharp
461.0798,18.54193,0,-0.3437859,0.3412528,0,-0.5918602,9172.854,1.269515,0.3491474,Left,Down,-0.1876719,-0.2721481,TransSharp
461.1198,18.5658,0,-0.3511101,0.3293507,0,-0.6056042,9173.596,1.270993,0.3498128,Left,Down,-0.199792,-0.2720947,TransSharp
461.1599,18.5848,0,-0.3529412,0.3214161,0,-0.6213489,9174.339,1.274152,0.3504789,Left,Down,-0.199792,-0.2713089,TransSharp
461.1998,18.59932,0,-0.3529412,0.3214161,0,-0.6384293,9175.083,1.271463,0.3511454,Left,Down,-0.1988102,-0.2705307,TransSharp
461.2398,18.61756,0,-0.3529412,0.3214161,0,-0.6491861,9175.827,1.272674,0.3518122,Left,Down,-0.2046302,-0.2697525,TransSharp
461.2798,18.63694,0,-0.3529412,0.3174487,0,-0.6618329,9176.572,1.2743,0.3524788,Left,Down,-0.2167048,-0.2689285,TransSharp
461.3198,18.64969,0,-0.3566033,0.3134814,0,-0.6759491,9177.318,1.275378,0.353146,Left,Down,-0.2167048,-0.2674026,TransSharp
461.3598,18.66587,0,-0.3566033,0.3055466,0,-0.6870838,9178.064,1.274304,0.3538136,Left,Down,-0.2167048,-0.2658768,TransSharp
461.3998,18.68122,0,-0.3584343,0.289662,0,-0.6960712,9178.812,1.275699,0.3544811,Left,Down,-0.2255535,-0.2643433,TransSharp
461.4398,18.69086,0,-0.3639275,0.2698253,0,-0.7072493,9179.56,1.278486,0.3551494,Left,Down,-0.23239,-0.2625046,TransSharp
461.4798,18.69543,0,-0.3767449,0.2420539,0,-0.7173799,9180.308,1.275938,0.3558177,Left,Down,-0.23239,-0.2603073,TransSharp
461.5198,18.69754,0,-0.399633,0.2222171,0,-0.7230586,9181.056,1.277207,0.3564865,Left,Down,-0.2365626,-0.25811,TransSharp
461.5598,18.69373,0,-0.4106212,0.2142824,0,-0.7310178,9181.804,1.279707,0.3571551,Left,Down,-0.2462884,-0.2558594,TransSharp
461.5998,18.68556,0,-0.4280162,0.2063325,0,-0.7392741,9182.552,1.277417,0.3578245,Left,Down,-0.2462884,-0.2530441,TransSharp
461.6398,18.67874,0,-0.4765391,0.1944305,0,-0.742081,9183.3,1.27911,0.3584939,Left,Down,-0.2486604,-0.2502213,TransSharp
461.6798,18.66781,0,-0.5479521,0.1745937,0,-0.7469456,9184.046,1.281652,0.3591638,Left,Down,-0.2594432,-0.2473984,TransSharp
461.7198,18.65275,0,-0.6889451,0.154757,0,-0.751842,9184.792,1.279541,0.3598335,Left,Down,-0.2609472,-0.2440872,TransSharp
461.7598,18.63506,0,-0.8216983,0.142855,0,-0.7524617,9185.538,1.281446,0.360504,Left,Down,-0.2624426,-0.2406921,TransSharp
461.7998,18.61198,0,-1.003892,0.1349203,0,-0.7551367,9186.282,1.283434,0.3611745,Left,Down,-0.2719625,-0.2372971,TransSharp
461.8398,18.58795,0,-1.179675,0.1269856,0,-0.7561498,9187.026,1.281818,0.3618451,Left,Down,-0.2733977,-0.2334671,TransSharp
461.8798,18.56225,0,-1.275807,0.123003,0,-0.7553144,9187.769,1.283935,0.3625163,Left,Down,-0.276953,-0.2295456,TransSharp
461.9198,18.53473,0,-1.374686,0.123003,0,-0.7569535,9188.511,1.283771,0.3631879,Left,Down,-0.2859903,-0.2256241,TransSharp
461.9598,18.50842,0,-1.40856,0.123003,0,-0.7553529,9189.251,1.283657,0.3638594,Left,Down,-0.2859903,-0.2212067,TransSharp
461.9998,18.48103,0,-1.410391,0.1190356,0,-0.754387,9189.99,1.286342,0.3645311,Left,Down,-0.2900664,-0.2167892,TransSharp
462.0398,18.45273,0,-1.410391,0.1190356,0,-0.7549323,9190.729,1.284155,0.3652034,Left,Down,-0.2987072,-0.2123032,TransSharp
462.0798,18.42477,0,-1.410391,0.1150683,0,-0.751837,9191.466,1.286601,0.3658758,Left,Down,-0.2980514,-0.2074051,TransSharp
462.1198,18.39442,0,-1.410391,0.1111009,0,-0.7514197,9192.202,1.286921,0.3665482,Left,Down,-0.3051875,-0.202507,TransSharp
462.1599,18.36491,0,-1.410391,0.1111009,0,-0.7494084,9192.937,1.286535,0.3672213,Left,Down,-0.309643,-0.1973953,TransSharp
462.1998,18.33336,0,-1.410391,0.1111009,0,-0.7480524,9193.67,1.289434,0.3678947,Left,Down,-0.311533,-0.1920471,TransSharp
462.2398,18.30343,0,-1.392081,0.1111009,0,-0.7478288,9194.402,1.286915,0.3685681,Left,Down,-0.3202056,-0.1867142,TransSharp
462.2798,18.27351,0,-1.333485,0.1111009,0,-0.74585,9195.134,1.289904,0.3692416,Left,Down,-0.3208161,-0.1809845,TransSharp
462.3198,18.24245,0,-1.210803,0.1349203,0,-0.7464778,9195.864,1.287695,0.3699157,Left,Down,-0.3268584,-0.1752167,TransSharp
462.3598,18.21554,0,-1.087205,0.1507896,0,-0.7441446,9196.593,1.290344,0.3705901,Left,Down,-0.3310224,-0.1692734,TransSharp
462.3998,18.1922,0,-0.9269857,0.1745937,0,-0.7443411,9197.321,1.29118,0.3712641,Left,Down,-0.3345502,-0.1631088,TransSharp
462.4398,18.17809,0,-0.8336002,0.1745937,0,-0.7437158,9198.048,1.29078,0.371939,Left,Down,-0.3414966,-0.1569214,TransSharp
462.4798,18.16018,0,-0.8271915,0.1745937,0,-0.743587,9198.774,1.293955,0.3726141,Left,Down,-0.3414966,-0.1503525,TransSharp
462.5198,18.14589,0,-0.8400089,0.1785611,0,-0.743488,9199.501,1.291735,0.3732896,Left,Flat,-0.3488659,-0.1437759,TransSharp
462.5598,18.12844,0,-0.8400089,0.1825284,0,-0.7429406,9200.226,1.29533,0.3739645,Left,Flat,-0.3522151,-0.1369476,TransSharp
462.5998,18.11656,0,-0.8400089,0.1864958,0,-0.7430006,9200.95,1.292646,0.3746404,Left,Flat,-0.3571801,-0.1299896,TransSharp
462.6398,18.10218,0,-0.843671,0.1904631,0,-0.7420433,9201.675,1.296136,0.3753166,Left,Flat,-0.3609945,-0.1228943,TransSharp
462.6798,18.09077,0,-0.8619815,0.2023651,0,-0.7423719,9202.398,1.293506,0.375993,Left,Flat,-0.365305,-0.1155548,TransSharp
462.7198,18.07949,0,-0.9279013,0.2103151,0,-0.7411011,9203.121,1.297248,0.3766689,Left,Flat,-0.3706227,-0.1081619,TransSharp
462.7598,18.07229,0,-1.004807,0.2103151,0,-0.7408496,9203.844,1.2948,0.3773458,Left,Flat,-0.3732531,-0.1004715,TransSharp
462.7998,18.06485,0,-1.126574,0.2142824,0,-0.7388507,9204.566,1.298284,0.3780229,Left,Flat,-0.3800071,-0.09278107,TransSharp
462.8398,18.05756,0,-1.221789,0.2222171,0,-0.7384094,9205.289,1.295685,0.3786995,Left,Flat,-0.3815487,-0.08473206,TransSharp
462.8798,18.05213,0,-1.26299,0.2261845,0,-0.7362133,9206.012,1.299364,0.3793771,Left,Flat,-0.3886621,-0.07668304,TransSharp
462.9198,18.04741,0,-1.268483,0.2261845,0,-0.7351544,9206.734,1.296852,0.3800549,Left,Flat,-0.3906707,-0.06832886,TransSharp
462.9598,18.04372,0,-1.26299,0.2301518,0,-0.7330011,9207.457,1.301209,0.380733,Left,Flat,-0.3966355,-0.05992889,TransSharp
462.9998,18.0374,0,-1.245595,0.2301518,0,-0.731827,9208.178,1.299779,0.3814106,Left,Flat,-0.3990945,-0.0512619,TransSharp
463.0398,18.03324,0,-1.182421,0.2301518,0,-0.7289904,9208.898,1.300411,0.3820891,Left,Flat,-0.4049353,-0.04251862,TransSharp
463.0798,18.02506,0,-1.099107,0.2301518,0,-0.7262214,9209.619,1.299879,0.3827678,Left,Flat,-0.4073442,-0.03351593,TransSharp
463.1198,18.02148,0,-0.9745932,0.2380865,0,-0.7226413,9210.34,1.297264,0.3834461,Left,Flat,-0.4135417,-0.02445221,TransSharp
463.1599,18.01416,0,-0.9095907,0.2539559,0,-0.719485,9211.061,1.299746,0.3841253,Left,Flat,-0.4125943,-0.01513672,TransSharp
463.1998,18.01631,0,-0.878461,0.2579232,0,-0.7150902,9211.781,1.297636,0.3848048,Left,Flat,-0.4073442,-0.005775452,TransSharp
463.2398,18.01219,0,-0.8793783,0.2698253,0,-0.7115589,9212.502,1.301518,0.3854844,Left,Flat,-0.403483,0.03352356,TransSharp
463.2798,18.01723,0,-0.8793783,0.2817273,0,-0.7057794,9213.223,1.299645,0.3861636,Left,Flat,-0.3896677,0.07530975,TransSharp
463.3198,18.0168,0,-0.8793783,0.297612,0,-0.7023315,9213.943,1.303887,0.3868437,Left,Flat,-0.3856296,0.1252213,TransSharp
463.3598,18.02366,0,-0.8793783,0.3055466,0,-0.6951832,9214.664,1.302093,0.387524,Left,Up,-0.3727285,0.1760788,TransSharp
463.3998,18.03107,0,-0.8738834,0.3134814,0,-0.6921041,9215.385,1.305942,0.3882041,Left,Up,-0.3700944,0.2248154,TransSharp
463.4398,18.03884,0,-0.8500797,0.3333181,0,-0.6840915,9216.105,1.304703,0.3888846,Left,Up,-0.3571801,0.2730637,TransSharp
463.4798,18.05522,0,-0.8198673,0.3412528,0,-0.6794406,9216.828,1.304691,0.3895656,Left,Up,-0.3522151,0.3197174,TransSharp
463.5198,18.06516,0,-0.7859927,0.3452201,0,-0.6735807,9217.551,1.307385,0.3902468,Left,Up,-0.3432113,0.3654099,TransSharp
463.5598,18.08077,0,-0.7566941,0.3452201,0,-0.6669454,9218.273,1.306124,0.3909277,Left,Up,-0.3339648,0.4102859,TransSharp
463.5998,18.09759,0,-0.720073,0.3491875,0,-0.6634742,9218.998,1.309869,0.3916091,Left,Up,-0.3322025,0.453392,TransSharp
463.6398,18.11564,0,-0.6916916,0.3491875,0,-0.6552591,9219.723,1.308967,0.3922909,Left,Up,-0.3189811,0.4965515,TransSharp
463.6798,18.13435,0,-0.6733811,0.3531548,0,-0.6496767,9220.447,1.307983,0.3929725,Left,Up,-0.3165179,0.5375366,TransSharp
463.7198,18.14504,0,-0.654155,0.3610895,0,-0.6448671,9221.173,1.311695,0.3936547,Left,Up,-0.309643,0.5781403,TransSharp
463.7598,18.16172,0,-0.6321806,0.3610895,0,-0.6368434,9221.899,1.311031,0.3943369,Left,Up,-0.2993615,0.6181412,TransSharp
463.7998,18.18395,0,-0.6056303,0.3690242,0,-0.6314179,9222.626,1.310671,0.3950196,Left,Up,-0.2993615,0.6561661,TransSharp
463.8398,18.2038,0,-0.5534452,0.3769741,0,-0.6255426,9223.354,1.313432,0.395702,Left,Up,-0.289391,0.6942596,TransSharp
463.8798,18.22126,0,-0.5003428,0.3809415,0,-0.6174254,9224.083,1.312792,0.3963851,Left,Up,-0.2818553,0.7312088,TransSharp
463.9198,18.24521,0,-0.4591441,0.3849088,0,-0.6113757,9224.813,1.312255,0.3970681,Left,Up,-0.2825486,0.7667618,TransSharp
463.9598,18.26852,0,-0.4545665,0.3849088,0,-0.605196,9225.543,1.315386,0.3977516,Left,Up,-0.2705197,0.8023834,TransSharp
463.9998,18.28718,0,-0.4600596,0.3888762,0,-0.5964068,9226.274,1.315073,0.3984348,Left,Up,-0.2654082,0.8366165,TransSharp
464.0398,18.31012,0,-0.4637218,0.3968109,0,-0.5890272,9227.007,1.31395,0.3991187,Left,Up,-0.2654082,0.8697433,TransSharp
464.0798,18.33746,0,-0.4637218,0.4007782,0,-0.5830119,9227.74,1.317593,0.3998025,Left,Up,-0.2556444,0.9029465,TransSharp
464.1198,18.3591,0,-0.4692149,0.4047455,0,-0.5726638,9228.475,1.317402,0.4004863,Left,Up,-0.249446,0.934967,TransSharp
464.1598,18.37997,0,-0.471046,0.4047455,0,-0.5635527,9229.209,1.316626,0.4011708,Left,Up,-0.249446,0.9656906,TransSharp
464.1998,18.4112,0,-0.4765391,0.4087129,0,-0.5565239,9229.945,1.318475,0.4018551,Left,Up,-0.2414744,0.9964752,TransSharp
464.2398,18.43554,0,-0.4765391,0.4166476,0,-0.5463628,9230.683,1.32003,0.40254,Left,Up,-0.23239,1.026802,TransSharp
464.2798,18.46123,0,-0.4765391,0.4166476,0,-0.5356627,9231.421,1.320145,0.4032246,Left,Up,-0.23239,1.055161,TransSharp
464.3198,18.48621,0,-0.4765391,0.4166476,0,-0.5257925,9232.16,1.318813,0.4039097,Left,Up,-0.2315465,1.083534,TransSharp
464.3598,18.51722,0,-0.4765391,0.4206149,0,-0.5184552,9232.9,1.322767,0.4045949,Left,Up,-0.220287,1.111961,TransSharp
464.3998,18.54419,0,-0.4765391,0.4206149,0,-0.5055947,9233.643,1.322905,0.4052801,Left,Up,-0.2167048,1.138634,TransSharp
464.4398,18.56926,0,-0.4765391,0.4206149,0,-0.4940473,9234.385,1.322938,0.4059658,Left,Up,-0.2167048,1.164642,TransSharp
464.4798,18.59883,0,-0.4765391,0.4206149,0,-0.4837217,9235.129,1.321558,0.4066518,Left,Up,-0.2121421,1.190666,TransSharp
464.5198,18.62661,0,-0.471046,0.4206149,0,-0.4753836,9235.873,1.325743,0.4073377,Left,Up,-0.2007689,1.216728,TransSharp
464.5598,18.65246,0,-0.471046,0.4206149,0,-0.4613852,9236.619,1.32563,0.4080236,Left,Up,-0.2007689,1.240471,TransSharp
464.5998,18.6765,0,-0.471046,0.4206149,0,-0.448604,9237.365,1.325593,0.40871,Left,Up,-0.2007689,1.264122,TransSharp
464.6398,18.7042,0,-0.471046,0.4206149,0,-0.4371108,9238.113,1.324188,0.4093967,Left,Up,-0.1968319,1.287796,TransSharp
464.6798,18.73263,0,-0.471046,0.4206149,0,-0.4276497,9238.862,1.32785,0.4100829,Left,Up,-0.1855749,1.311485,TransSharp
464.7198,18.75741,0,-0.471046,0.4206149,0,-0.4132113,9239.612,1.328643,0.4107699,Left,Up,-0.1855749,1.332794,TransSharp
464.7598,18.78154,0,-0.471046,0.4007782,0,-0.3991118,9240.363,1.328771,0.4114571,Left,Up,-0.1855749,1.354111,TransSharp
464.7998,18.80096,0,-0.471046,0.3968109,0,-0.3859777,9241.115,1.327845,0.4121445,Left,Up,-0.1845175,1.375443,TransSharp
464.8398,18.82572,0,-0.471046,0.3849088,0,-0.3748918,9241.868,1.328311,0.4128313,Left,Up,-0.1724585,1.396767,TransSharp
464.8798,18.8425,0,-0.4820323,0.3729915,0,-0.3643211,9242.622,1.331755,0.4135191,Left,Up,-0.1701742,1.416283,TransSharp
464.9198,18.85667,0,-0.5415434,0.3610895,0,-0.3489559,9243.376,1.33196,0.414207,Left,Up,-0.1690205,1.435173,TransSharp
464.9598,18.86762,0,-0.5671781,0.3610895,0,-0.3347662,9244.13,1.331824,0.414895,Left,Up,-0.1701742,1.454079,TransSharp
464.9998,18.882,0,-0.5717558,0.3610895,0,-0.3219692,9244.886,1.330994,0.4155825,Left,Up,-0.166689,1.472992,TransSharp
465.0398,18.89429,0,-0.5717558,0.3571222,0,-0.3110689,9245.642,1.331403,0.4162709,Left,Up,-0.1545051,1.491837,TransSharp
465.0798,18.90429,0,-0.5717558,0.3571222,0,-0.3018023,9246.397,1.335017,0.4169595,Left,Up,-0.1545051,1.508217,TransSharp
465.1198,18.91354,0,-0.5717558,0.3571222,0,-0.2867258,9247.153,1.335178,0.4176475,Left,Up,-0.1545051,1.524605,TransSharp
465.1598,18.92247,0,-0.5717558,0.3571222,0,-0.2727323,9247.91,1.335164,0.4183363,Left,Up,-0.1545051,1.540993,TransSharp
465.1998,18.93427,0,-0.5717558,0.3571222,0,-0.2609091,9248.668,1.334911,0.4190254,Left,Up,-0.1519511,1.557388,TransSharp
465.2398,18.94305,0,-0.5717558,0.3571222,0,-0.2509083,9249.426,1.334384,0.4197145,Left,Up,-0.1398823,1.573761,TransSharp
465.2798,18.95658,0,-0.5717558,0.3531548,0,-0.2434724,9250.184,1.336636,0.4204032,Left,Up,-0.1370561,1.588089,TransSharp
465.3198,18.96365,0,-0.5717558,0.3452201,0,-0.2366396,9250.941,1.339209,0.4210927,Left,Up,-0.1384764,1.601898,TransSharp
465.3598,18.9692,0,-0.5717558,0.3253834,0,-0.225768,9251.699,1.339279,0.4217823,Left,Up,-0.1384764,1.6157,TransSharp
465.3998,18.9716,0,-0.5717558,0.2856947,0,-0.2173193,9252.459,1.338779,0.4224714,Left,Up,-0.1370561,1.629494,TransSharp
465.4398,18.96884,0,-0.5717558,0.2301518,0,-0.2107891,9253.218,1.338321,0.4231614,Left,Up,-0.1341704,1.643295,TransSharp
465.4798,18.95153,0,-0.5671781,0.1904631,0,-0.2048816,9253.976,1.337937,0.4238515,Left,Up,-0.1235407,1.657051,TransSharp
465.5198,18.92557,0,-0.5653471,0.1507896,0,-0.2013362,9254.733,1.338887,0.4245418,Left,Up,-0.1219466,1.668182,TransSharp
465.5598,18.89086,0,-0.5607694,0.1269856,0,-0.1993735,9255.489,1.341739,0.4252315,Left,Up,-0.1219466,1.679222,TransSharp
465.5998,18.85014,0,-0.5607694,0.1150683,0,-0.1919868,9256.243,1.34236,0.425922,Left,Up,-0.1219466,1.690247,TransSharp
465.6398,18.80698,0,-0.5607694,0.09523156,0,-0.1848116,9256.996,1.342053,0.4266127,Left,Up,-0.1219466,1.701233,TransSharp
465.6798,18.75953,0,-0.5598539,0.08332952,0,-0.1787184,9257.747,1.341538,0.427303,Left,Up,-0.1219466,1.712189,TransSharp
465.7198,18.70975,0,-0.5488676,0.05952545,0,-0.1744982,9258.496,1.341563,0.4279938,Left,Up,-0.1136409,1.723106,TransSharp
465.7598,18.65556,0,-0.523231,0.04762341,0,-0.1717215,9259.243,1.34172,0.4286849,Left,Up,-0.1046783,1.733147,TransSharp
465.7998,18.59872,0,-0.5076671,0.03173877,0,-0.1710853,9259.987,1.341873,0.4293762,Left,Up,-0.1046783,1.741165,TransSharp
465.8398,18.53828,0,-0.4994273,0.007934691,0,-0.1724165,9260.729,1.343604,0.4300671,Left,Up,-0.1065312,1.749168,TransSharp
465.8798,18.47176,0,-0.4930186,0,0,-0.174435,9261.469,1.34614,0.4307584,Left,Up,-0.1065312,1.757133,TransSharp
465.9198,18.40359,0,-0.4820323,0,0,-0.1702694,9262.206,1.346124,0.4314501,Left,Up,-0.1046783,1.76506,TransSharp
465.9598,18.33601,0,-0.471046,0,0,-0.1675213,9262.94,1.346106,0.4321419,Left,Up,-0.1046783,1.772964,TransSharp
465.9998,18.26818,0,-0.453651,0,0,-0.1665787,9263.672,1.346139,0.4328333,Left,Up,-0.1046783,1.78083,TransSharp
466.0398,18.2007,0,-0.4179454,0,0,-0.1673055,9264.4,1.346653,0.4335251,Left,Up,-0.09891172,1.788658,TransSharp
466.0798,18.13338,0,-0.3767449,0,0,-0.1695255,9265.126,1.347454,0.4342174,Left,Up,-0.08622923,1.795723,TransSharp
466.1198,18.06648,0,-0.3154045,0,0,-0.1732452,9265.85,1.348163,0.4349092,Left,Up,-0.08622923,1.800438,TransSharp
466.1598,17.99996,0,-0.2806127,0,0,-0.1782376,9266.57,1.348412,0.4356017,Left,Up,-0.08846933,1.805138,TransSharp
466.1998,17.9338,0,-0.2558935,0,0,-0.1849584,9267.288,1.350117,0.436294,Left,Up,-0.08622923,1.809822,TransSharp
466.2398,17.86722,0,-0.2549779,0,0,-0.1931212,9268.004,1.352057,0.4369867,Left,Up,-0.08622923,1.814476,TransSharp
466.2798,17.80103,0,-0.2549779,0,0,-0.1998981,9268.717,1.353676,0.437679,Left,Up,-0.08622923,1.819115,TransSharp
466.3198,17.73519,0,-0.2549779,0,0,-0.2024571,9269.427,1.353895,0.438372,Left,Up,-0.08846933,1.823738,TransSharp
466.3598,17.66971,0,-0.2549779,0,0,-0.2065332,9270.135,1.353994,0.4390648,Left,Up,-0.08622923,1.828339,TransSharp
466.3998,17.60403,0,-0.2549779,0,0,-0.2120343,9270.84,1.354092,0.4397575,Left,Up,-0.08622923,1.832916,TransSharp
466.4398,17.53881,0,-0.2549779,0,0,-0.218647,9271.542,1.354716,0.4404508,Left,Up,-0.07912937,1.837471,TransSharp
466.4798,17.47368,0,-0.2513158,0,0,-0.2260779,9272.242,1.355781,0.441144,Left,Up,-0.0656106,1.841614,TransSharp
466.5198,17.4087,0,-0.2430761,0,0,-0.2326666,9272.939,1.357353,0.4418375,Left,Up,-0.0656106,1.842567,TransSharp
466.5598,17.34391,0,-0.2183568,0,0,-0.2392916,9273.634,1.358263,0.4425307,Left,Up,-0.06852804,1.843529,TransSharp
466.5998,17.27942,0,-0.1533526,0,0,-0.2446548,9274.326,1.358946,0.4432245,Left,Up,-0.0656106,1.844475,TransSharp
466.6398,17.21529,0,-0.08285701,0,0,-0.2511741,9275.016,1.360096,0.4439181,Left,Up,-0.0656106,1.845428,TransSharp
466.6798,17.15143,0,-0.03982544,0,0,-0.2607773,9275.702,1.36176,0.4446116,Left,Up,-0.0656106,1.846359,TransSharp
466.7198,17.0879,0,-0.0050354,0,0,-0.2715223,9276.387,1.363945,0.4453057,Left,Up,-0.0656106,1.847298,TransSharp
466.7598,17.02467,0,-0.0004577637,0,0,-0.2842568,9277.068,1.365093,0.4459998,Left,Up,-0.0656106,1.848228,TransSharp
466.7998,16.96196,0,-0.0004577637,0,0,-0.2988129,9277.747,1.365424,0.4466939,Left,Up,-0.0656106,1.849152,TransSharp
466.8398,16.89952,0,-0.0004577637,0,0,-0.3067618,9278.424,1.366054,0.4473878,Left,Up,-0.0656106,1.850075,TransSharp
466.8798,16.8373,0,-0.0004577637,0.003967346,0,-0.3142167,9279.098,1.366812,0.4480823,Left,Up,-0.0656106,1.85099,TransSharp
466.9198,16.77587,0,-0.0004577637,0.007934691,0,-0.3225093,9279.77,1.36753,0.448777,Left,Up,-0.0656106,1.851898,TransSharp
466.9598,16.71573,0,-0.0004577637,0.01586938,0,-0.3309367,9280.438,1.368323,0.4494709,Left,Up,-0.0656106,1.852806,TransSharp
466.9998,16.65759,0,-0.0004577637,0.04365606,0,-0.3404028,9281.105,1.368815,0.4501657,Straight,Up,-0.04845664,1.853706,TransSharp
467.0398,16.60511,0,-0.0004577637,0.04762341,0,-0.3514387,9281.771,1.369371,0.4508606,Straight,Up,-0.02797646,1.854614,TransSharp
467.0798,16.55461,0,-0.0004577637,0.04762341,0,-0.3631571,9282.434,1.369674,0.4515556,Straight,Up,-0.01978234,1.846519,TransSharp
467.1198,16.50429,0,-0.0004577637,0.04762341,0,-0.3770713,9283.095,1.369017,0.45225,Straight,Up,-0.01978234,1.83786,TransSharp
467.1598,16.45412,0,-0.0004577637,0.04762341,0,-0.3933924,9283.753,1.368216,0.4529452,Straight,Up,-0.01978234,1.829224,TransSharp
467.1998,16.4041,0,-0.0004577637,0.04762341,0,-0.4096892,9284.409,1.367406,0.4536405,Straight,Up,-0.01978234,1.820618,TransSharp
467.2398,16.35423,0,-0.01052856,0.04762341,0,-0.429261,9285.063,1.365968,0.4543358,Straight,Up,0,1.812042,TransSharp
467.2798,16.30451,0,-0.01052856,0.04762341,0,-0.4469923,9285.716,1.365212,0.4550306,Straight,Up,-0.01978234,1.80349,TransSharp
467.3198,16.25494,0,-0.01052856,0.04762341,0,-0.4673481,9286.366,1.365038,0.4557261,Straight,Up,0,1.79496,TransSharp
467.3598,16.20551,0,-0.01052856,0.04762341,0,-0.4857509,9287.015,1.363502,0.4564217,Straight,Up,-0.01978234,1.786461,TransSharp
467.3998,16.15623,0,-0.01052856,0.04762341,0,-0.5003901,9287.661,1.361527,0.4571167,Straight,Up,-0.01978234,1.777992,TransSharp
467.4398,16.1071,0,-0.01052856,0.04762341,0,-0.5145185,9288.306,1.358558,0.4578125,Straight,Up,0,1.769539,TransSharp
467.4798,16.05812,0,-0.01052856,0.04762341,0,-0.5276956,9288.948,1.357245,0.4585084,Straight,Up,-0.01978234,1.761116,TransSharp
467.5198,16.00929,0,-0.01052856,0.04762341,0,-0.5417119,9289.589,1.356887,0.4592044,Straight,Up,-0.01978234,1.752724,TransSharp
467.5598,15.9606,0,-0.01052856,0.04762341,0,-0.5556766,9290.228,1.358147,0.4598997,Straight,Up,-0.01978234,1.744362,TransSharp
467.5998,15.91206,0,-0.01052856,0.04762341,0,-0.5683702,9290.864,1.359588,0.4605958,Straight,Up,-0.01978234,1.736015,TransSharp
467.6398,15.86365,0,-0.01052856,0.04762341,0,-0.5799886,9291.499,1.36097,0.461292,Straight,Up,-0.01978234,1.727699,TransSharp
467.6798,15.8154,0,-0.01052856,0.04762341,0,-0.5912923,9292.132,1.362236,0.4619876,Straight,Up,0,1.719406,TransSharp
467.7198,15.76729,0,-0.01052856,0.04762341,0,-0.602212,9292.763,1.363253,0.4626839,Straight,Up,-0.01978234,1.711143,TransSharp
467.7598,15.71933,0,-0.01052856,0.04762341,0,-0.6129981,9293.392,1.364544,0.4633803,Straight,Up,0,1.702896,TransSharp
467.7998,15.6715,0,-0.01052856,0.04762341,0,-0.624189,9294.019,1.365811,0.4640768,Straight,Up,-0.01978234,1.694687,TransSharp
467.8398,15.62382,0,-0.01052856,0.04762341,0,-0.6346709,9294.644,1.368243,0.4647726,Straight,Up,-0.01978234,1.686493,TransSharp
467.8798,15.57629,0,-0.01052856,0.04762341,0,-0.6445153,9295.267,1.370763,0.4654693,Straight,Up,0,1.678329,TransSharp
467.9198,15.5289,0,-0.01052856,0.05159075,0,-0.6514141,9295.889,1.374039,0.466166,Straight,Up,0,1.670189,TransSharp
467.9598,15.48261,0,-0.01052856,0.0555581,0,-0.6559159,9296.509,1.377356,0.4668623,Straight,Up,-0.01978234,1.662079,TransSharp
467.9998,15.43702,0,-0.01052856,0.05952545,0,-0.6611053,9297.127,1.379708,0.4675588,Straight,Up,-0.01978234,1.653984,TransSharp
468.0398,15.39271,0,-0.01052856,0.05952545,0,-0.6631708,9297.743,1.382822,0.4682558,Straight,Up,-0.01978234,1.645912,TransSharp
468.0798,15.3485,0,-0.01052856,0.05952545,0,-0.6676147,9298.357,1.385388,0.4689527,Straight,Up,-0.01978234,1.637871,TransSharp
468.1198,15.30441,0,-0.01052856,0.05952545,0,-0.6709012,9298.97,1.387922,0.4696492,Straight,Up,-0.01978234,1.629845,TransSharp
468.1598,15.26045,0,-0.01052856,0.05952545,0,-0.6757215,9299.581,1.39021,0.470346,Straight,Up,-0.01978234,1.621849,TransSharp
468.1998,15.21662,0,-0.01052856,0.05952545,0,-0.6834619,9300.19,1.391024,0.4710432,Straight,Up,-0.01978234,1.613869,TransSharp
468.2398,15.17292,0,-0.01052856,0.05952545,0,-0.6908097,9300.798,1.390375,0.4717404,Straight,Up,-0.01978234,1.605919,TransSharp
468.2798,15.12935,0,-0.01052856,0.05952545,0,-0.6995211,9301.403,1.389095,0.4724371,Straight,Up,0,1.597984,TransSharp
468.3198,15.08592,0,-0.01052856,0.05952545,0,-0.7078948,9302.007,1.387257,0.4731342,Straight,Up,-0.01978234,1.59008,TransSharp
468.3598,15.04267,0,-0.01052856,0.05952545,0,-0.7168896,9302.609,1.386787,0.4738315,Straight,Up,-0.01978234,1.582199,TransSharp
468.3998,14.99954,0,-0.01052856,0.06349279,0,-0.7272367,9303.21,1.387769,0.4745284,Straight,Up,0,1.574333,TransSharp
468.4398,14.95719,0,-0.01052856,0.06349279,0,-0.7378523,9303.809,1.389262,0.4752259,Straight,Up,0,1.56649,TransSharp
468.4798,14.91512,0,-0.01052856,0.06349279,0,-0.7490647,9304.405,1.390694,0.4759232,Straight,Up,-0.01978234,1.558678,TransSharp
468.5198,14.87324,0,-0.01052856,0.06746013,0,-0.7602566,9305.001,1.392309,0.4766207,Straight,Up,-0.01978234,1.550888,TransSharp
468.5598,14.83248,0,-0.01052856,0.07142748,0,-0.7711426,9305.595,1.394313,0.4773178,Straight,Up,-0.01978234,1.543114,TransSharp
468.5998,14.79276,0,-0.01052856,0.07539482,0,-0.7822963,9306.187,1.397084,0.4780152,Straight,Up,0,1.535362,TransSharp
468.6398,14.75408,0,-0.01052856,0.07936218,0,-0.7933989,9306.777,1.400291,0.4787129,Straight,Up,-0.01978234,1.527626,TransSharp
468.6798,14.71611,0,-0.01052856,0.07936218,0,-0.8048897,9307.366,1.402046,0.4794101,Straight,Up,-0.01978234,1.519913,TransSharp
468.7198,14.67837,0,0.02883911,0.07936218,0,-0.8165657,9307.954,1.40209,0.4801079,Straight,Up,0,1.512222,TransSharp
468.7598,14.64077,0,0.208286,0.08332952,0,-0.8287343,9308.54,1.400022,0.4808054,Straight,Up,-0.01978234,1.504547,TransSharp
468.7998,14.60393,0,0.4097056,0.09126421,0,-0.8409443,9309.124,1.399233,0.4815032,Straight,Up,-0.01978234,1.496895,TransSharp
468.8398,14.56897,0,0.8363485,0.1031662,0,-0.8527453,9309.707,1.400237,0.4822007,Straight,Up,-0.01978234,1.489258,TransSharp
468.8798,14.53669,0,1.137561,0.1111009,0,-0.8635904,9310.289,1.401273,0.4828986,Straight,Up,-0.01978234,1.481636,TransSharp
468.9198,14.50676,0,1.47814,0.1269856,0,-0.8734548,9310.869,1.401017,0.4835963,Straight,Up,-0.01978234,1.474037,TransSharp
468.9598,14.48108,0,1.63653,0.1269856,0,-0.8820094,9311.449,1.399755,0.4842937,Straight,Up,-0.01978234,1.466454,TransSharp
468.9998,14.45525,0,1.641108,0.1309529,0,-0.8905881,9312.027,1.401766,0.4849917,Straight,Up,-0.01978234,1.458878,TransSharp
469.0398,14.43003,0,1.607233,0.1388876,0,-0.8975516,9312.605,1.404209,0.4856898,Straight,Up,-0.01978234,1.451317,TransSharp
469.0798,14.40627,0,1.555048,0.1468223,0,-0.9032038,9313.182,1.40633,0.4863876,Straight,Up,-0.01978234,1.443764,TransSharp
469.1198,14.38494,0,1.471732,0.1587244,0,-0.9074807,9313.758,1.408256,0.4870852,Straight,Up,-0.01978234,1.436218,TransSharp
469.1598,14.36762,0,1.362784,0.1587244,0,-0.9102965,9314.332,1.409412,0.4877833,Straight,Up,-0.01978234,1.428658,TransSharp
469.1998,14.35015,0,1.327994,0.1587244,0,-0.91179,9314.906,1.409517,0.4884814,Straight,Up,-0.01978234,1.421104,TransSharp
469.2398,14.33261,0,1.238269,0.166659,0,-0.9118303,9315.48,1.408384,0.4891793,Straight,Up,0.01978234,1.413559,TransSharp
469.2798,14.31673,0,1.16228,0.1745937,0,-0.9101495,9316.053,1.407856,0.489877,Straight,Up,0.04845664,1.406021,TransSharp
469.3198,14.30282,0,1.061572,0.1785611,0,-0.9068768,9316.625,1.40834,0.4905752,Right,Up,0.05595291,1.390198,TransSharp
469.3598,14.28976,0,0.9663534,0.1785611,0,-0.9014862,9317.197,1.40922,0.4912734,Right,Up,0.05595291,1.371307,TransSharp
469.3998,14.27672,0,0.8921957,0.1825284,0,-0.8941928,9317.769,1.409851,0.491971,Right,Up,0.05595291,1.352432,TransSharp
469.4398,14.26459,0,0.7429612,0.1864958,0,-0.8848794,9318.339,1.409793,0.4926692,Right,Up,0.05595291,1.333557,TransSharp
469.4798,14.25368,0,0.5827403,0.1864958,0,-0.8736622,9318.909,1.409613,0.4933674,Right,Up,0.05595291,1.314682,TransSharp
469.5198,14.24301,0,0.3620982,0.1864958,0,-0.8610469,9319.479,1.410167,0.4940658,Right,Up,0.05595291,1.295822,TransSharp
469.5598,14.23255,0,0.1881444,0.1864958,0,-0.8470975,9320.049,1.411127,0.4947633,Right,Up,0.05595291,1.27697,TransSharp
469.5998,14.22267,0,0.06454468,0.1864958,0,-0.831776,9320.617,1.411513,0.4954616,Right,Up,0.05233916,1.258125,TransSharp
469.6398,14.21317,0,-0.1194781,0.166659,0,-0.816476,9321.186,1.411864,0.4961599,Right,Up,0.05595291,1.239296,TransSharp
469.6798,14.20028,0,-0.2787817,0.1507896,0,-0.8031967,9321.754,1.413274,0.4968575,Right,Up,0.05595291,1.220467,TransSharp
469.7198,14.18345,0,-0.505836,0.1468223,0,-0.7891567,9322.321,1.41484,0.4975558,Right,Up,0.05595291,1.20166,TransSharp
469.7598,14.16573,0,-0.7090867,0.1468223,0,-0.7747033,9322.888,1.416436,0.4982541,Right,Up,0.05595291,1.182861,TransSharp
469.7998,14.14851,0,-0.8033878,0.1468223,0,-0.7600871,9323.454,1.416758,0.4989525,Right,Up,0.05595291,1.164078,TransSharp
469.8398,14.13165,0,-0.8152896,0.1468223,0,-0.7455017,9324.02,1.415384,0.4996501,Right,Up,0.05595291,1.145309,TransSharp
469.8798,14.11494,0,-0.7557786,0.1468223,0,-0.7306951,9324.584,1.414662,0.5003484,Right,Up,0.05595291,1.126556,TransSharp
469.9198,14.09843,0,-0.5781645,0.1745937,0,-0.715538,9325.148,1.414335,0.5010467,Right,Up,0.06255726,1.107826,TransSharp
469.9598,14.08718,0,-0.380407,0.1825284,0,-0.6997462,9325.713,1.414651,0.5017443,Right,Up,0.08392937,1.089119,TransSharp
469.9998,14.07881,0,-0.2787817,0.1864958,0,-0.6843415,9326.275,1.415527,0.5024427,Right,Up,0.09065409,1.066582,TransSharp
470.0398,14.0717,0,-0.2384984,0.1864958,0,-0.6691555,9326.838,1.416587,0.503141,Right,Up,0.09065409,1.041359,TransSharp
470.0798,14.06473,0,-0.2375829,0.1864958,0,-0.6546898,9327.4,1.417316,0.5038393,Right,Up,0.09065409,1.016174,TransSharp
470.1198,14.0576,0,-0.2375829,0.1864958,0,-0.6448723,9327.963,1.418784,0.5045369,Right,Up,0.08846933,0.9909897,TransSharp
470.1598,14.05093,0,-0.2375829,0.1864958,0,-0.635173,9328.525,1.420238,0.5052351,Right,Up,0.08846933,0.9658203,TransSharp
470.1998,14.04442,0,-0.2128637,0.1864958,0,-0.6258869,9329.088,1.421076,0.5059335,Right,Up,0.08846933,0.9406509,TransSharp
470.2398,14.03807,0,-0.13138,0.1864958,0,-0.6177288,9329.649,1.420688,0.5066317,Right,Up,0.09065409,0.9154816,TransSharp
470.2798,14.03178,0,-0.07736385,0.1864958,0,-0.6095315,9330.21,1.419497,0.5073293,Right,Up,0.08846933,0.8903198,TransSharp
470.3198,14.02618,0,-0.0453186,0.1864958,0,-0.6025835,9330.771,1.416711,0.5080275,Right,Up,0.08846933,0.865181,TransSharp
470.3598,14.02121,0,-0.03982544,0.1864958,0,-0.596185,9331.331,1.415731,0.5087258,Right,Up,0.09065409,0.840065,TransSharp
470.3998,14.01618,0,-0.03982544,0.1864958,0,-0.5893505,9331.892,1.415867,0.5094235,Right,Up,0.1065312,0.8149567,TransSharp
470.4398,14.01103,0,-0.03982544,0.1864958,0,-0.5861943,9332.452,1.417098,0.5101215,Right,Up,0.1203313,0.7883606,TransSharp
470.4798,14.00583,0,-0.03982544,0.1864958,0,-0.5843852,9333.013,1.418748,0.5108196,Right,Up,0.1203313,0.7572937,TransSharp
470.5198,14.00101,0,-0.03982544,0.1864958,0,-0.5823843,9333.573,1.41981,0.5115178,Right,Up,0.1203313,0.7262268,TransSharp
470.5598,13.99655,0,-0.05813599,0.1864958,0,-0.5802265,9334.134,1.420412,0.5122154,Right,Up,0.1203313,0.6951447,TransSharp
470.5998,13.99256,0,-0.09475887,0.1864958,0,-0.5774606,9334.694,1.420176,0.5129133,Right,Up,0.1203313,0.6640854,TransSharp
470.6398,13.98924,0,-0.1524371,0.1864958,0,-0.5750161,9335.254,1.419837,0.5136114,Right,Up,0.1186941,0.6330566,TransSharp
470.6798,13.98657,0,-0.1853979,0.1864958,0,-0.5725881,9335.813,1.420837,0.5143089,Right,Up,0.1186941,0.6020432,TransSharp
470.7198,13.98365,0,-0.1954687,0.1864958,0,-0.5736656,9336.371,1.42217,0.5150067,Right,Up,0.1266688,0.5710526,TransSharp
470.7598,13.98056,0,-0.1835668,0.1864958,0,-0.5769056,9336.93,1.423781,0.5157048,Right,Up,0.1426525,0.5400696,TransSharp
470.7998,13.97791,0,-0.1542681,0.1864958,0,-0.5798956,9337.488,1.425034,0.5164027,Right,Up,0.1493534,0.5059128,TransSharp
470.8398,13.97573,0,-0.1011676,0.1864958,0,-0.5834187,9338.047,1.426156,0.5171002,Right,Up,0.1506579,0.4690323,TransSharp
470.8798,13.97384,0,-0.08743465,0.1864958,0,-0.5871516,9338.605,1.426752,0.5177978,Right,Up,0.1506579,0.4321365,TransSharp
470.9198,13.97232,0,-0.0993365,0.1864958,0,-0.5909079,9339.164,1.426299,0.5184957,Right,Up,0.1506579,0.3952408,TransSharp
470.9598,13.97076,0,-0.1670855,0.1864958,0,-0.595241,9339.723,1.426209,0.5191931,Right,Up,0.1506579,0.358345,TransSharp
470.9998,13.96919,0,-0.2494848,0.1864958,0,-0.6000414,9340.281,1.426401,0.5198908,Right,Up,0.1557664,0.3214493,TransSharp
471.0398,13.96751,0,-0.3218132,0.1864958,0,-0.6053984,9340.84,1.426651,0.5205883,Right,Up,0.1735894,0.2845764,TransSharp
471.0798,13.96649,0,-0.3382927,0.1864958,0,-0.6109617,9341.398,1.42639,0.5212861,Right,Up,0.1802258,0.2443466,TransSharp
471.1198,13.9663,0,-0.3382927,0.1864958,0,-0.6175575,9341.957,1.426908,0.5219833,Right,Up,0.1802258,0.2016144,TransSharp
471.1598,13.965,0,-0.3382927,0.1864958,0,-0.624199,9342.516,1.429163,0.5226809,Right,Up,0.1802258,0.1588821,TransSharp
471.1998,13.9638,0,-0.3282219,0.1864958,0,-0.625324,9343.074,1.429588,0.5233783,Right,Flat,0.1802258,0.1161499,TransSharp
471.2398,13.96288,0,-0.314489,0.1864958,0,-0.6268954,9343.633,1.429778,0.5240753,Right,Flat,0.09065409,0.07343292,TransSharp
471.2798,13.96208,0,-0.2925146,0.1864958,0,-0.6281604,9344.191,1.429829,0.5247728,Left,Flat,-0.1153499,0.03070831,TransSharp
471.3198,13.96213,0,-0.2623022,0.1864958,0,-0.6295985,9344.75,1.429458,0.5254703,Left,Flat,-0.1619255,0.006881714,TransSharp
471.3598,13.96223,0,-0.2604711,0.1864958,0,-0.6308008,9345.309,1.429014,0.5261674,Left,Flat,-0.1607126,-0.009849548,TransSharp
471.3998,13.9623,0,-0.297094,0.1864958,0,-0.6321505,9345.867,1.430806,0.5268643,Left,Flat,-0.1619255,-0.02658844,TransSharp
471.4398,13.96181,0,-0.4042107,0.1864958,0,-0.6317351,9346.426,1.433145,0.5275616,Left,Flat,-0.1607126,-0.04331207,TransSharp
471.4798,13.9613,0,-0.4820323,0.1864958,0,-0.6273022,9346.984,1.434604,0.5282588,Left,Flat,-0.1607126,-0.06004333,TransSharp
471.5198,13.96068,0,-0.5003428,0.1864958,0,-0.6229258,9347.543,1.435834,0.5289558,Left,Flat,-0.1582588,-0.07676697,TransSharp
471.5598,13.96044,0,-0.4545665,0.1864958,0,-0.6195195,9348.102,1.435581,0.5296524,Left,Flat,-0.1582588,-0.09075928,TransSharp
471.5998,13.9609,0,-0.3859001,0.1864958,0,-0.6175604,9348.66,1.434749,0.5303495,Left,Flat,-0.1582588,-0.1036072,TransSharp
471.6398,13.96101,0,-0.298925,0.1864958,0,-0.6160442,9349.219,1.434397,0.5310465,Left,Flat,-0.1582588,-0.1164551,TransSharp
471.6798,13.96157,0,-0.2513158,0.1864958,0,-0.6153904,9349.777,1.434488,0.5317428,Left,Flat,-0.1582588,-0.1292953,TransSharp
471.7198,13.96265,0,-0.2092016,0.1864958,0,-0.6158652,9350.336,1.435425,0.5324396,Left,Flat,-0.1570175,-0.1421432,TransSharp
471.7598,13.963,0,-0.1414508,0.1864958,0,-0.617218,9350.895,1.436234,0.5331365,Left,Down,-0.1506579,-0.1549759,TransSharp
471.7998,13.96336,0,-0.1121539,0.1864958,0,-0.6147134,9351.453,1.43664,0.5338332,Left,Down,-0.1356209,-0.1678085,TransSharp
471.8398,13.96366,0,-0.1606768,0.1864958,0,-0.6108302,9352.012,1.437333,0.5345292,Left,Down,-0.1297215,-0.1794968,TransSharp
471.8798,13.96438,0,-0.3685051,0.1864958,0,-0.6072336,9352.57,1.437981,0.5352258,Left,Down,-0.1282043,-0.1905289,TransSharp
471.9198,13.96541,0,-0.5891508,0.1944305,0,-0.6045294,9353.129,1.438251,0.5359224,Left,Down,-0.1297215,-0.2015686,TransSharp
471.9598,13.96768,0,-0.861066,0.2063325,0,-0.6028005,9353.688,1.438377,0.5366182,Left,Down,-0.1282043,-0.2126083,TransSharp
471.9998,13.97241,0,-1.009385,0.2182498,0,-0.6022291,9354.246,1.438329,0.5373146,Left,Down,-0.1297215,-0.2236481,TransSharp
472.0398,13.97994,0,-1.073472,0.2460212,0,-0.603363,9354.805,1.438844,0.538011,Left,Down,-0.1282043,-0.2346725,TransSharp
472.0798,13.99339,0,-1.020371,0.2539559,0,-0.6069977,9355.364,1.440577,0.5387072,Left,Down,-0.1297215,-0.2457123,TransSharp
472.1198,14.00893,0,-0.9095907,0.2539559,0,-0.6131889,9355.925,1.441468,0.5394027,Left,Down,-0.1153499,-0.2567596,TransSharp
472.1598,14.02497,0,-0.6889451,0.2579232,0,-0.6251271,9356.485,1.443328,0.5400988,Left,Down,-0.09891172,-0.267746,TransSharp
472.1998,14.04159,0,-0.5113292,0.2658579,0,-0.6371189,9357.047,1.444267,0.5407948,Left,Down,-0.09891172,-0.2768631,TransSharp
472.2398,14.06015,0,-0.3291374,0.2737926,0,-0.6499647,9357.609,1.443336,0.5414901,Left,Down,-0.09891172,-0.2859879,TransSharp
472.2798,14.08034,0,-0.2137792,0.289662,0,-0.6571357,9358.172,1.441502,0.542186,Left,Down,-0.09891172,-0.2951202,TransSharp
472.3198,14.10414,0,-0.16617,0.2936446,0,-0.6618404,9358.736,1.44009,0.5428817,Left,Down,-0.09891172,-0.3042755,TransSharp
472.3598,14.12898,0,-0.1432818,0.297612,0,-0.667852,9359.301,1.437825,0.5435775,Left,Down,-0.09891172,-0.3134384,TransSharp
472.3998,14.15457,0,-0.1359576,0.3015793,0,-0.6721567,9359.867,1.436339,0.5442724,Left,Down,-0.09691329,-0.3226242,TransSharp
472.4398,14.18098,0,-0.1286334,0.3015793,0,-0.6765711,9360.434,1.434973,0.5449679,Left,Down,-0.09691329,-0.3318176,TransSharp
472.4798,14.20745,0,-0.1286334,0.3015793,0,-0.6811732,9361.002,1.434503,0.5456634,Left,Down,-0.09891172,-0.3410187,TransSharp
472.5198,14.23391,0,-0.1368731,0.309514,0,-0.6864992,9361.571,1.434663,0.5463587,Left,Down,-0.09691329,-0.3502502,TransSharp
472.5598,14.26195,0,-0.1432818,0.3174487,0,-0.6932529,9362.142,1.434626,0.5470533,Left,Down,-0.09278741,-0.3594818,TransSharp
472.5998,14.29163,0,-0.1597613,0.3253834,0,-0.7001245,9362.713,1.434838,0.5477484,Left,Down,-0.06852804,-0.3687363,TransSharp
472.6398,14.32297,0,-0.1853979,0.3333181,0,-0.7072668,9363.285,1.434888,0.5484436,Left,Down,-0.05595291,-0.377037,TransSharp
472.6798,14.35618,0,-0.2320898,0.3412528,0,-0.7137904,9363.859,1.436259,0.5491381,Left,Down,-0.05233916,-0.3837509,TransSharp
472.7198,14.3909,0,-0.2787817,0.3412528,0,-0.7204822,9364.435,1.437626,0.5498328,Left,Down,-0.05595291,-0.39048,TransSharp
472.7598,14.42551,0,-0.3291374,0.3452201,0,-0.7274302,9365.011,1.439037,0.5505276,Left,Down,-0.05595291,-0.3972168,TransSharp
472.7998,14.46095,0,-0.3437859,0.3452201,0,-0.735274,9365.589,1.440221,0.5512223,Left,Down,-0.05934703,-0.4039841,TransSharp
472.8398,14.4964,0,-0.3437859,0.3491875,0,-0.7436401,9366.169,1.441115,0.5519162,Left,Down,-0.05595291,-0.4107513,TransSharp
472.8798,14.53269,0,-0.3208977,0.3491875,0,-0.7525558,9366.75,1.441484,0.5526106,Left,Down,-0.05233916,-0.4175415,TransSharp
472.9198,14.56865,0,-0.2861059,0.3491875,0,-0.7624363,9367.332,1.442517,0.553305,Left,Down,-0.05595291,-0.4243393,TransSharp
472.9598,14.60488,0,-0.2439916,0.3491875,0,-0.7729347,9367.916,1.443878,0.5539989,Left,Down,-0.05595291,-0.43116,TransSharp
472.9998,14.64093,0,-0.2375829,0.3491875,0,-0.7839102,9368.501,1.445337,0.5546929,Left,Down,-0.05595291,-0.4379883,TransSharp
473.0398,14.67677,0,-0.2375829,0.3491875,0,-0.7952318,9369.088,1.446825,0.5553869,Left,Down,-0.05595291,-0.4448318,TransSharp
473.0798,14.71329,0,-0.2375829,0.3491875,0,-0.8067199,9369.676,1.448083,0.5560809,Left,Down,-0.05934703,-0.4516907,TransSharp
473.1198,14.74935,0,-0.2375829,0.3491875,0,-0.8158472,9370.266,1.449697,0.5567743,Left,Down,-0.05233916,-0.4585724,TransSharp
473.1598,14.78555,0,-0.2330053,0.3491875,0,-0.8252385,9370.856,1.451333,0.5574678,Left,Down,-0.05595291,-0.4654617,TransSharp
473.1998,14.82158,0,-0.2265966,0.3491875,0,-0.8353105,9371.449,1.452921,0.5581614,Left,Down,-0.05595291,-0.4723663,TransSharp
473.2398,14.85737,0,-0.2018774,0.3491875,0,-0.8456158,9372.043,1.454596,0.5588545,Left,Down,-0.05595291,-0.4792938,TransSharp
473.2798,14.89358,0,-0.16617,0.3491875,0,-0.8568279,9372.639,1.456146,0.5595479,Left,Down,-0.05595291,-0.4862289,TransSharp
473.3198,14.92965,0,-0.1432818,0.3491875,0,-0.8688949,9373.235,1.457125,0.560241,Left,Down,-0.05595291,-0.493187,TransSharp
473.3598,14.96563,0,-0.1295489,0.3491875,0,-0.8811737,9373.833,1.457605,0.5609342,Left,Down,-0.05595291,-0.5001602,TransSharp
473.3998,15.00144,0,-0.1295489,0.3491875,0,-0.8940696,9374.433,1.458222,0.5616267,Left,Down,-0.05595291,-0.5071487,TransSharp
473.4398,15.03712,0,-0.1295489,0.3491875,0,-0.9066738,9375.034,1.458636,0.5623197,Straight,Down,-0.01978234,-0.5141449,TransSharp
473.4798,15.07273,0,-0.1359576,0.3491875,0,-0.9197167,9375.637,1.459291,0.5630123,Straight,Down,0,-0.5208359,TransSharp
473.5198,15.1082,0,-0.1286334,0.3491875,0,-0.933589,9376.24,1.460094,0.563705,Straight,Down,0,-0.5239563,TransSharp
473.5598,15.14356,0,-0.04806519,0.3491875,0,-0.9472765,9376.846,1.460887,0.5643971,Straight,Down,0,-0.5270767,TransSharp
473.5998,15.17883,0,0.05722046,0.3491875,0,-0.9610328,9377.453,1.461619,0.5650895,Straight,Down,0,-0.5301971,TransSharp
473.6398,15.21402,0,0.1725805,0.3491875,0,-0.9730048,9378.062,1.462536,0.5657817,Straight,Down,0,-0.5333328,TransSharp
473.6798,15.24912,0,0.2375829,0.3491875,0,-0.9835334,9378.671,1.463405,0.5664734,Straight,Down,0,-0.5364761,TransSharp
473.7198,15.28411,0,0.2595556,0.3491875,0,-0.9940219,9379.282,1.46454,0.5671654,Straight,Down,0,-0.5396194,TransSharp
473.7598,15.31903,0,0.2595556,0.3491875,0,-1.000991,9379.895,1.466407,0.5678573,Straight,Down,0,-0.542778,TransSharp
473.7998,15.35383,0,0.2549779,0.3491875,0,-1.010616,9380.508,1.467999,0.5685489,Straight,Down,0,-0.5459366,TransSharp
473.8398,15.38853,0,0.2430761,0.3491875,0,-1.019358,9381.123,1.469483,0.5692401,Straight,Down,0,-0.5491028,TransSharp
473.8798,15.42313,0,0.2421606,0.3253834,0,-1.029891,9381.74,1.470128,0.5699316,Straight,Down,0,-0.5522766,TransSharp
473.9198,15.45183,0,0.2421606,0.3174487,0,-1.042574,9382.357,1.470335,0.570623,Straight,Down,0.01978234,-0.5554581,TransSharp
473.9598,15.4792,0,0.2485693,0.3134814,0,-1.054964,9382.977,1.470912,0.5713136,Straight,Down,0,-0.5586548,TransSharp
473.9998,15.50555,0,0.2613866,0.3134814,0,-1.068966,9383.597,1.471969,0.5720047,Straight,Down,0,-0.5618439,TransSharp
474.0398,15.53191,0,0.3630137,0.309514,0,-1.082954,9384.218,1.472878,0.5726957,Straight,Down,0.01978234,-0.5650482,TransSharp
474.0798,15.55752,0,0.5891526,0.309514,0,-1.09779,9384.84,1.473725,0.5733863,Straight,Down,0,-0.5682449,TransSharp
474.1198,15.58285,0,0.8262777,0.309514,0,-1.112734,9385.463,1.474755,0.5740765,Straight,Down,0,-0.5714569,TransSharp
474.1598,15.608,0,1.168689,0.309514,0,-1.127045,9386.087,1.47593,0.5747671,Straight,Down,0,-0.5746765,TransSharp
474.1998,15.63289,0,1.438773,0.309514,0,-1.140632,9386.712,1.476777,0.5754575,Straight,Down,0,-0.5778961,TransSharp
474.2398,15.65752,0,1.694208,0.309514,0,-1.152963,9387.338,1.477574,0.576147,Straight,Down,0,-0.581131,TransSharp
474.2798,15.68186,0,1.799498,0.3293507,0,-1.163622,9387.965,1.4784,0.5768371,Straight,Down,0,-0.5843582,TransSharp
474.3198,15.71083,0,1.816893,0.3333181,0,-1.172226,9388.593,1.479604,0.577527,Straight,Down,0,-0.5876083,TransSharp
474.3598,15.7402,0,1.793089,0.3333181,0,-1.178803,9389.222,1.480841,0.5782169,Straight,Down,0.01978234,-0.5908585,TransSharp
474.3998,15.76945,0,1.751887,0.3333181,0,-1.183382,9389.853,1.481884,0.5789058,Straight,Down,0,-0.5941238,TransSharp
474.4398,15.79835,0,1.717097,0.3333181,0,-1.185839,9390.484,1.483389,0.5795953,Straight,Down,0,-0.5973892,TransSharp
474.4798,15.82697,0,1.713434,0.3333181,0,-1.186538,9391.117,1.485251,0.5802847,Straight,Down,0,-0.6006622,TransSharp
474.5198,15.85529,0,1.713434,0.3372854,0,-1.184959,9391.751,1.486939,0.5809731,Straight,Down,0,-0.6039505,TransSharp
474.5598,15.88418,0,1.667658,0.3412528,0,-1.181061,9392.386,1.488427,0.5816622,Straight,Down,0,-0.6072388,TransSharp
474.5998,15.91376,0,1.571528,0.3452201,0,-1.174479,9393.022,1.489468,0.582351,Straight,Down,0,-0.6105499,TransSharp
474.6398,15.94394,0,1.407645,0.3452201,0,-1.165108,9393.66,1.490196,0.5830398,Straight,Down,0,-0.6138611,TransSharp
474.6798,15.97424,0,1.303275,0.3452201,0,-1.152497,9394.299,1.490605,0.5837276,Straight,Down,0,-0.6171799,TransSharp
474.7198,16.00455,0,1.267565,0.3452201,0,-1.136951,9394.938,1.491167,0.584416,Straight,Down,0,-0.6205139,TransSharp
474.7598,16.03443,0,1.227282,0.3452201,0,-1.119192,9395.579,1.492142,0.5851042,Straight,Down,0,-0.6238556,TransSharp
474.7998,16.06443,0,1.191577,0.3452201,0,-1.104517,9396.222,1.493068,0.5857922,Straight,Down,0,-0.6271973,TransSharp
474.8398,16.09442,0,0.7786667,0.3452201,0,-1.087115,9396.865,1.493478,0.5864794,Straight,Down,0,-0.6305618,TransSharp
474.8798,16.1247,0,0.171665,0.3452201,0,-1.067075,9397.51,1.493474,0.5871672,Straight,Down,0,-0.6339264,TransSharp
474.9198,16.15526,0,-0.239414,0.3452201,0,-1.044827,9398.156,1.493444,0.5878547,Straight,Down,0,-0.6372986,TransSharp
474.9598,16.18604,0,-0.5250621,0.3452201,0,-1.021037,9398.803,1.493329,0.5885416,Straight,Down,0,-0.640686,TransSharp
474.9998,16.21703,0,-0.5781645,0.3452201,0,-0.9956229,9399.451,1.493719,0.5892286,Straight,Down,0,-0.6440735,TransSharp
475.0398,16.24821,0,-0.5543607,0.3452201,0,-0.9690146,9400.101,1.494372,0.5899156,Straight,Down,0,-0.6474762,TransSharp
475.0798,16.27952,0,-0.488441,0.3452201,0,-0.9405817,9400.751,1.494923,0.5906025,Straight,Down,0,-0.6508865,TransSharp
475.1198,16.3109,0,-0.4344249,0.3452201,0,-0.9107337,9401.403,1.495645,0.5912884,Straight,Down,0.02797646,-0.6543045,TransSharp
475.1598,16.34221,0,-0.4106212,0.3452201,0,-0.8793987,9402.057,1.495774,0.591975,Right,Down,0.05934703,-0.6577225,TransSharp
475.1998,16.37367,0,-0.4097039,0.3452201,0,-0.8464044,9402.711,1.495371,0.5926613,Right,Down,0.05934703,-0.6581039,TransSharp
475.2398,16.40552,0,-0.4051262,0.3452201,0,-0.8128307,9403.367,1.496014,0.593347,Right,Down,0.06255726,-0.6583557,TransSharp
475.2798,16.43766,0,-0.3208977,0.3452201,0,-0.7782835,9404.024,1.497119,0.5940326,Right,Down,0.06255726,-0.6586151,TransSharp
475.3198,16.46784,0,-0.3089958,0.3452201,0,-0.7441077,9404.683,1.49823,0.5947185,Right,Down,0.06255726,-0.6588669,TransSharp
475.3598,16.49869,0,-0.4829478,0.3452201,0,-0.7143878,9405.343,1.497828,0.595404,Right,Down,0.06255726,-0.6591263,TransSharp
475.3998,16.52948,0,-0.6669724,0.3452201,0,-0.6845735,9406.004,1.497947,0.5960889,Right,Down,0.06255726,-0.6593781,TransSharp
475.4398,16.56045,0,-0.7795841,0.3452201,0,-0.6547886,9406.666,1.497914,0.596774,Right,Down,0.05934703,-0.6596298,TransSharp
475.4798,16.59097,0,-0.7338059,0.3452201,0,-0.6255119,9407.329,1.497912,0.597459,Right,Down,0.06255726,-0.6598892,TransSharp
475.5198,16.62123,0,-0.6376737,0.3452201,0,-0.5965836,9407.993,1.498551,0.5981434,Right,Down,0.05934703,-0.660141,TransSharp
475.5598,16.65133,0,-0.530557,0.3452201,0,-0.5679584,9408.659,1.499339,0.598828,Right,Down,0.06255726,-0.6604004,TransSharp
475.5998,16.68142,0,-0.4994273,0.3452201,0,-0.5394661,9409.326,1.499577,0.5995122,Right,Down,0.05934703,-0.6606522,TransSharp
475.6398,16.71159,0,-0.4985118,0.3452201,0,-0.5113997,9409.994,1.500228,0.6001965,Right,Down,0.06255726,-0.6609039,TransSharp
475.6798,16.74293,0,-0.4948497,0.3452201,0,-0.4840642,9410.664,1.501852,0.6008801,Right,Down,0.07401875,-0.6611633,TransSharp
475.7198,16.77151,0,-0.4948497,0.3452201,0,-0.4586406,9411.334,1.503602,0.6015639,Right,Down,0.08622923,-0.6610489,TransSharp
475.7598,16.80034,0,-0.4948497,0.3452201,0,-0.4393054,9412.006,1.503712,0.6022474,Right,Down,0.08622923,-0.6599197,TransSharp
475.7998,16.82949,0,-0.4939342,0.3452201,0,-0.420853,9412.679,1.503739,0.6029308,Right,Down,0.08622923,-0.658783,TransSharp
475.8398,16.85922,0,-0.4893565,0.3452201,0,-0.4034049,9413.353,1.503447,0.6036137,Right,Down,0.08622923,-0.6576462,TransSharp
475.8798,16.88841,0,-0.3813225,0.3452201,0,-0.3868198,9414.028,1.503311,0.6042967,Right,Down,0.08622923,-0.6565094,TransSharp
475.9198,16.91702,0,-0.1853979,0.3452201,0,-0.3707436,9414.704,1.50338,0.6049793,Right,Down,0.08622923,-0.655365,TransSharp
475.9598,16.94617,0,0.06362915,0.3452201,0,-0.3553095,9415.382,1.503539,0.6056616,Right,Down,0.08622923,-0.6542282,TransSharp
475.9998,16.97722,0,0.3273046,0.3452201,0,-0.3405384,9416.061,1.505799,0.606344,Right,Down,0.08622923,-0.6530762,TransSharp
476.0398,17.00463,0,0.488441,0.3452201,0,-0.3276243,9416.74,1.507966,0.6070263,Right,Down,0.08846933,-0.6519318,TransSharp
476.0798,17.03243,0,0.6010544,0.3452201,0,-0.3203478,9417.422,1.508048,0.607708,Right,Down,0.09891172,-0.6507797,TransSharp
476.1198,17.06076,0,0.6184494,0.3452201,0,-0.3129835,9418.104,1.5079,0.6083894,Right,Down,0.1065312,-0.6492538,TransSharp
476.1598,17.09012,0,0.6303513,0.3452201,0,-0.3058912,9418.787,1.507714,0.6090711,Right,Down,0.1065312,-0.6469727,TransSharp
476.1998,17.11825,0,0.6834519,0.3452201,0,-0.2986889,9419.472,1.507642,0.6097522,Right,Down,0.1065312,-0.6446915,TransSharp
476.2398,17.14712,0,0.7383835,0.3452201,0,-0.29174,9420.157,1.507188,0.6104329,Right,Down,0.1065312,-0.6424026,TransSharp
476.2798,17.17744,0,0.8381796,0.3452201,0,-0.2847081,9420.844,1.509465,0.6111139,Right,Down,0.1065312,-0.6401062,TransSharp
476.3198,17.20433,0,0.9095907,0.3452201,0,-0.2803046,9421.531,1.511478,0.6117947,Right,Down,0.1083524,-0.6378098,TransSharp
476.3598,17.23147,0,0.9379721,0.3452201,0,-0.279551,9422.221,1.511954,0.612475,Right,Down,0.1065312,-0.6355057,TransSharp
476.3998,17.25871,0,0.9196615,0.3452201,0,-0.2779877,9422.91,1.511696,0.6131548,Right,Down,0.1186941,-0.633194,TransSharp
476.4398,17.28764,0,0.8967733,0.3253834,0,-0.2757275,9423.602,1.51114,0.6138349,Right,Down,0.1251145,-0.6304474,TransSharp
476.4798,17.31205,0,0.8848715,0.3174487,0,-0.2725668,9424.294,1.509986,0.6145148,Right,Down,0.1251145,-0.6271286,TransSharp
476.5198,17.33548,0,0.8848715,0.3174487,0,-0.268519,9424.987,1.51211,0.6151938,Right,Down,0.1266688,-0.6238022,TransSharp
476.5598,17.35539,0,0.901351,0.3134814,0,-0.2665194,9425.681,1.513259,0.6158732,Right,Down,0.1266688,-0.6204681,TransSharp
476.5998,17.37465,0,0.9141684,0.309514,0,-0.2670463,9426.376,1.513245,0.6165524,Right,Down,0.1251145,-0.6171341,TransSharp
476.6398,17.39266,0,0.9443808,0.3055466,0,-0.2658445,9427.071,1.513138,0.6172314,Right,Down,0.1266688,-0.6137848,TransSharp
476.6798,17.4122,0,1.009383,0.3015793,0,-0.2631232,9427.768,1.512553,0.6179094,Right,Down,0.1384764,-0.6104279,TransSharp
476.7198,17.43126,0,1.097277,0.2936446,0,-0.2591796,9428.465,1.513677,0.6185879,Right,Down,0.1426525,-0.6064453,TransSharp
476.7598,17.44473,0,1.185168,0.2817273,0,-0.254105,9429.162,1.516862,0.6192662,Right,Down,0.1440177,-0.6021423,TransSharp
476.7998,17.45634,0,1.197985,0.2737926,0,-0.2532197,9429.86,1.517108,0.6199443,Right,Down,0.1426525,-0.5978394,TransSharp
476.8398,17.46599,0,1.191577,0.2698253,0,-0.2497925,9430.56,1.517264,0.6206214,Right,Down,0.1440177,-0.5935211,TransSharp
476.8798,17.47517,0,1.185168,0.2698253,0,-0.2439749,9431.259,1.516267,0.621299,Right,Down,0.14537,-0.5892029,TransSharp
476.9198,17.4868,0,1.185168,0.2698253,0,-0.2365583,9431.958,1.517368,0.6219764,Right,Down,0.1582588,-0.584877,TransSharp
476.9598,17.49395,0,1.185168,0.2698253,0,-0.2292022,9432.657,1.520041,0.6226528,Right,Down,0.1594904,-0.5798111,TransSharp
476.9998,17.50167,0,1.185168,0.2698253,0,-0.2241121,9433.356,1.520429,0.6233296,Right,Down,0.1594904,-0.5745697,TransSharp
477.0398,17.50849,0,1.166857,0.2698253,0,-0.2157835,9434.058,1.520227,0.6240063,Right,Down,0.1594904,-0.5693359,TransSharp
477.0798,17.5202,0,1.037765,0.2698253,0,-0.2051183,9434.759,1.519284,0.6246827,Right,Down,0.1594904,-0.5640869,TransSharp
477.1198,17.52777,0,0.8628988,0.2698253,0,-0.1918702,9435.46,1.523164,0.6253581,Right,Down,0.1713202,-0.5588303,TransSharp
477.1598,17.53506,0,0.702678,0.2698253,0,-0.1827845,9436.161,1.523381,0.626034,Right,Down,0.1769387,-0.5531006,TransSharp
477.1998,17.54205,0,0.6724656,0.2698253,0,-0.1711589,9436.862,1.523406,0.6267096,Right,Down,0.1758294,-0.5469589,TransSharp
477.2398,17.55103,0,0.702678,0.2698253,0,-0.1570832,9437.563,1.521898,0.6273844,Right,Down,0.1769387,-0.5408096,TransSharp
477.2798,17.55994,0,0.7539475,0.2698253,0,-0.1409363,9438.267,1.525494,0.6280596,Right,Down,0.1791368,-0.5346527,TransSharp
477.3198,17.56755,0,0.7978928,0.2698253,0,-0.1288267,9438.97,1.525663,0.6287345,Right,Down,0.1907741,-0.5284805,TransSharp
477.3598,17.57441,0,0.8500814,0.2698253,0,-0.1143245,9439.673,1.52551,0.6294091,Right,Down,0.1928145,-0.5216293,TransSharp
477.3998,17.58521,0,0.8921957,0.2698253,0,-0.09673318,9440.376,1.524938,0.6300828,Right,Down,0.1928145,-0.5146027,TransSharp
477.4398,17.59197,0,0.9251547,0.2698253,0,-0.0784426,9441.079,1.528204,0.630757,Right,Down,0.1928145,-0.5075531,TransSharp
477.4798,17.59914,0,0.9489584,0.2698253,0,-0.06313097,9441.782,1.528678,0.6314309,Right,Down,0.2036718,-0.5005035,TransSharp
477.5198,17.60504,0,0.9507895,0.2856947,0,-0.04444018,9442.486,1.528173,0.632104,Right,Down,0.2093567,-0.4930344,TransSharp
477.5598,17.6197,0,0.9507895,0.289662,0,-0.02306411,9443.191,1.530662,0.6327772,Right,Down,0.2093567,-0.4851227,TransSharp
477.5998,17.63058,0,0.9443808,0.289662,0,-0.004501164,9443.896,1.531445,0.6334503,Right,Down,0.2093567,-0.4772034,TransSharp
477.6398,17.64007,0,0.9425497,0.289662,0,0.01503772,9444.602,1.530904,0.6341232,Right,Down,0.220287,-0.4692764,TransSharp
477.6798,17.65348,0,0.9333944,0.289662,0,0.03753036,9445.308,1.531321,0.6347954,Right,Down,0.2246844,-0.4608994,TransSharp
477.7198,17.66533,0,0.9315634,0.289662,0,0.05897811,9446.015,1.533405,0.6354675,Right,Down,0.2246844,-0.4521103,TransSharp
477.7598,17.67458,0,0.9315634,0.289662,0,0.07957003,9446.722,1.532701,0.6361396,Right,Down,0.2281412,-0.4433136,TransSharp
477.7998,17.68825,0,0.9315634,0.289662,0,0.1029317,9447.429,1.532664,0.6368109,Right,Down,0.2398483,-0.4345093,TransSharp
477.8398,17.7005,0,0.9315634,0.289662,0,0.1256316,9448.137,1.535065,0.6374825,Right,Down,0.2406627,-0.4249496,TransSharp
477.8798,17.70811,0,0.9315634,0.297612,0,0.1465617,9448.846,1.534179,0.6381535,Right,Down,0.2414744,-0.4152832,TransSharp
477.9198,17.72257,0,0.9333944,0.297612,0,0.1706429,9449.555,1.534715,0.6388245,Right,Down,0.25101,-0.4056244,TransSharp
477.9598,17.7364,0,0.9333944,0.3015793,0,0.1938736,9450.264,1.536793,0.6394948,Right,Down,0.2579304,-0.3955307,TransSharp
477.9998,17.74603,0,0.9315634,0.3015793,0,0.2161961,9450.973,1.53529,0.6401653,Right,Down,0.2571706,-0.3849945,TransSharp
478.0398,17.75992,0,0.903182,0.3015793,0,0.2413678,9451.684,1.537611,0.6408352,Right,Down,0.2646699,-0.3744431,TransSharp
478.0798,17.77513,0,0.8189499,0.3055466,0,0.2638741,9452.395,1.537888,0.6415051,Right,Down,0.2741124,-0.3636398,TransSharp
478.1198,17.79073,0,0.7676804,0.309514,0,0.28708,9453.105,1.53629,0.6421743,Right,Down,0.2733977,-0.3522263,TransSharp
478.1598,17.80061,0,0.7310593,0.309514,0,0.3122528,9453.817,1.540311,0.6428437,Right,Down,0.2818553,-0.3407898,TransSharp
478.1998,17.814,0,0.720073,0.309514,0,0.333818,9454.53,1.538446,0.6435125,Right,Down,0.2900664,-0.3291016,TransSharp
478.2398,17.83275,0,0.720073,0.309514,0,0.357736,9455.243,1.539998,0.6441808,Right,Down,0.2900664,-0.3167877,TransSharp
478.2798,17.84575,0,0.720073,0.309514,0,0.3799427,9455.956,1.540795,0.6448494,Right,Down,0.3000144,-0.3044434,TransSharp
478.3198,17.86369,0,0.720073,0.309514,0,0.4017698,9456.671,1.539091,0.6455176,Right,Down,0.3071049,-0.2917404,TransSharp
478.3598,17.87267,0,0.7136643,0.309514,0,0.423892,9457.386,1.542958,0.6461853,Right,Down,0.3090104,-0.278511,TransSharp
478.3998,17.8922,0,0.6770432,0.309514,0,0.4439152,9458.101,1.540389,0.6468526,Right,Down,0.3208161,-0.2652817,TransSharp
478.4398,17.90358,0,0.6358445,0.309514,0,0.4651646,9458.817,1.544612,0.6475199,Right,Down,0.3232465,-0.251358,TransSharp
478.4798,17.92104,0,0.6230271,0.309514,0,0.4829639,9459.534,1.541714,0.6481869,Right,Down,0.3310224,-0.2372284,TransSharp
478.5198,17.93152,0,0.619365,0.309514,0,0.5021712,9460.251,1.546008,0.6488532,Right,Down,0.3403488,-0.2228928,TransSharp
478.5598,17.94334,0,0.619365,0.309514,0,0.5175723,9460.968,1.542867,0.6495197,Right,Down,0.3426407,-0.2078552,TransSharp
478.5998,17.95811,0,0.6257737,0.309514,0,0.5345665,9461.687,1.545556,0.6501859,Right,Down,0.354982,-0.1928101,TransSharp
478.6398,17.97042,0,0.6422532,0.309514,0,0.5468271,9462.405,1.545801,0.6508516,Right,Down,0.3577275,-0.1770554,TransSharp
478.6798,17.98518,0,0.6550705,0.309514,0,0.5605813,9463.124,1.546194,0.6515168,Right,Down,0.3690354,-0.1611176,TransSharp
478.7198,17.99911,0,0.6587327,0.3134814,0,0.5696293,9463.845,1.549318,0.6521822,Right,Flat,0.3743001,-0.1446762,TransSharp
478.7598,18.01378,0,0.6587327,0.3134814,0,0.5806021,9464.565,1.548269,0.6528472,Right,Flat,0.3841043,-0.1278076,TransSharp
478.7998,18.03154,0,0.6587327,0.3134814,0,0.5866681,9465.286,1.550046,0.6535113,Right,Flat,0.3911712,-0.1105728,TransSharp
478.8398,18.04319,0,0.6587327,0.3134814,0,0.5941927,9466.008,1.549749,0.6541757,Right,Flat,0.4005627,-0.09278107,TransSharp
478.8798,18.06315,0,0.6587327,0.3134814,0,0.5981159,9466.73,1.549719,0.6548399,Right,Flat,0.4087828,-0.074646,TransSharp
478.9198,18.07271,0,0.6587327,0.3134814,0,0.602414,9467.453,1.551151,0.6555037,Right,Flat,0.4182466,-0.05593109,TransSharp
478.9598,18.09031,0,0.6587327,0.3134814,0,0.6051167,9468.176,1.549451,0.6561666,Right,Flat,0.4265846,-0.03686523,TransSharp
478.9998,18.10042,0,0.6651413,0.3134814,0,0.6060241,9468.9,1.552176,0.6568298,Right,Flat,0.4059006,-0.01720428,TransSharp
479.0398,18.11599,0,0.6788743,0.3134814,0,0.6076483,9469.625,1.549688,0.6574928,Right,Flat,0.393167,0.002685547,TransSharp
479.0798,18.13012,0,0.7493699,0.3134814,0,0.6049106,9470.35,1.552401,0.6581554,Right,Flat,0.3861367,0.02285004,TransSharp
479.1198,18.14203,0,0.8262777,0.3134814,0,0.6046534,9471.075,1.551171,0.6588171,Right,Flat,0.3794918,0.04288483,TransSharp
479.1598,18.15746,0,0.9269857,0.3134814,0,0.5996772,9471.802,1.552705,0.659479,Right,Flat,0.3769049,0.06266022,TransSharp
479.1998,18.16757,0,1.00389,0.3134814,0,0.5964689,9472.528,1.554031,0.6601408,Right,Flat,0.3732531,0.08239746,TransSharp
479.2398,18.18415,0,1.037765,0.3134814,0,0.5913665,9473.255,1.553104,0.6608015,Right,Flat,0.3716771,0.1017609,TransSharp
479.2798,18.19395,0,1.03868,0.2936446,0,0.5850018,9473.983,1.55575,0.6614625,Right,Flat,0.3663747,0.1211472,TransSharp
479.3198,18.20463,0,1.033187,0.27776,0,0.580057,9474.712,1.553562,0.6621233,Right,Flat,0.3658403,0.1400757,TransSharp
479.3598,18.20919,0,1.021285,0.2579232,0,0.5708951,9475.44,1.556153,0.6627837,Right,Up,0.360452,0.1589966,TransSharp
479.3998,18.2071,0,0.9965658,0.2539559,0,0.5643017,9476.169,1.556251,0.6634431,Right,Up,0.3593647,0.1775742,TransSharp
479.4398,18.20704,0,0.9617758,0.2499886,0,0.554943,9476.897,1.55628,0.664103,Right,Up,0.354982,0.1959991,TransSharp
479.4798,18.20445,0,0.9086752,0.2420539,0,0.5454994,9477.626,1.558684,0.6647624,Right,Up,0.3522151,0.2141876,TransSharp
479.5198,18.2017,0,0.8729696,0.2341192,0,0.5379243,9478.354,1.556555,0.6654209,Right,Up,0.3494264,0.2321014,TransSharp
479.5598,18.19585,0,0.868392,0.2341192,0,0.5259058,9479.083,1.558854,0.6660798,Right,Up,0.3443497,0.2499237,TransSharp
479.5998,18.18762,0,0.8610678,0.2341192,0,0.5165548,9479.811,1.559584,0.6667383,Right,Up,0.3432113,0.2672882,TransSharp
479.6398,18.1822,0,0.8317709,0.2341192,0,0.505486,9480.537,1.559085,0.6673965,Right,Up,0.3374619,0.2846146,TransSharp
479.6798,18.17661,0,0.7795823,0.2341192,0,0.4935214,9481.264,1.561523,0.6680537,Right,Up,0.3357179,0.3015213,TransSharp
479.7198,18.17012,0,0.7072556,0.2341192,0,0.4840553,9481.99,1.560096,0.6687112,Right,Up,0.3310224,0.3182907,TransSharp
479.7598,18.16327,0,0.6596482,0.2341192,0,0.4705324,9482.717,1.561383,0.6693684,Right,Up,0.3268584,0.3348312,TransSharp
479.7998,18.15583,0,0.6074631,0.2341192,0,0.4586062,9483.443,1.563782,0.6700249,Right,Up,0.3256589,0.3509903,TransSharp
479.8398,18.15087,0,0.5644298,0.2579232,0,0.4475167,9484.17,1.561919,0.6706812,Right,Up,0.3189811,0.3671265,TransSharp
479.8798,18.14998,0,0.4454112,0.2658579,0,0.4326193,9484.896,1.563375,0.6713374,Right,Up,0.3183671,0.3827667,TransSharp
479.9198,18.1483,0,0.3263891,0.2658579,0,0.4200576,9485.623,1.565288,0.6719933,Right,Up,0.3140353,0.3982925,TransSharp
479.9598,18.14885,0,0.2009618,0.2698253,0,0.4076684,9486.35,1.563552,0.6726484,Right,Up,0.3083766,0.4136276,TransSharp
479.9998,18.15175,0,0.123142,0.2698253,0,0.3913859,9487.076,1.564937,0.6733034,Right,Up,0.3083766,0.4284973,TransSharp
480.0398,18.15177,0,0.08743286,0.2698253,0,0.3766991,9487.803,1.566775,0.6739582,Right,Up,0.301316,0.443367,TransSharp
480.0798,18.15255,0,0.0819397,0.2737926,0,0.3622798,9488.529,1.565115,0.6746128,Right,Up,0.2987072,0.4577942,TransSharp
480.1198,18.15617,0,0.110321,0.2737926,0,0.3436858,9489.256,1.566429,0.6752665,Right,Up,0.2960753,0.4719925,TransSharp
480.1598,18.15785,0,0.2201879,0.2737926,0,0.326265,9489.982,1.568658,0.6759201,Right,Up,0.2887141,0.4861755,TransSharp
480.1998,18.15883,0,0.4527354,0.2737926,0,0.3099081,9490.709,1.566824,0.6765736,Right,Up,0.2880355,0.4997101,TransSharp
480.2398,18.16179,0,0.6358445,0.2737926,0,0.2887734,9491.436,1.568003,0.6772264,Right,Up,0.2846186,0.5131683,TransSharp
480.2798,18.16486,0,0.8143723,0.2817273,0,0.2689916,9492.162,1.569969,0.6778792,Right,Up,0.2762456,0.5266342,TransSharp
480.3198,18.16597,0,0.9022665,0.2817273,0,0.2514639,9492.889,1.569093,0.6785314,Right,Up,0.276953,0.5393219,TransSharp
480.3598,18.16969,0,0.9571981,0.2817273,0,0.2298856,9493.615,1.569572,0.6791835,Right,Up,0.272681,0.5520096,TransSharp
480.3998,18.17371,0,0.9617758,0.2817273,0,0.2087199,9494.342,1.570975,0.6798348,Right,Up,0.2646699,0.5646973,TransSharp
480.4398,18.1752,0,0.9617758,0.2856947,0,0.1894073,9495.068,1.572214,0.6804863,Right,Up,0.2639296,0.5765915,TransSharp
480.4798,18.17888,0,0.9626913,0.2856947,0,0.1698312,9495.795,1.571318,0.6811371,Right,Up,0.261696,0.5884705,TransSharp
480.5198,18.18284,0,0.9626913,0.2856947,0,0.147428,9496.521,1.572074,0.6817874,Right,Up,0.2525642,0.6003494,TransSharp
480.5598,18.18767,0,0.9626913,0.289662,0,0.126107,9497.248,1.574112,0.6824377,Right,Up,0.2517883,0.6114655,TransSharp
480.5998,18.18849,0,0.9562826,0.289662,0,0.1072767,9497.976,1.574332,0.6830875,Right,Up,0.25101,0.6224976,TransSharp
480.6398,18.19362,0,0.9452963,0.289662,0,0.08599323,9498.704,1.574908,0.6837372,Right,Up,0.2414744,0.633522,TransSharp
480.6798,18.19806,0,0.9132528,0.289662,0,0.0643692,9499.433,1.57556,0.684386,Right,Up,0.2382111,0.6439896,TransSharp
480.7198,18.2036,0,0.8793783,0.289662,0,0.0436506,9500.161,1.577798,0.6850349,Right,Up,0.2382111,0.6541061,TransSharp
480.7598,18.20421,0,0.8610678,0.3015793,0,0.026279,9500.89,1.578204,0.6856833,Right,Up,0.2315465,0.6642075,TransSharp
480.7998,18.21059,0,0.8610678,0.3055466,0,0.00711593,9501.618,1.578196,0.6863311,Right,Up,0.2229358,0.6741562,TransSharp
480.8398,18.2182,0,0.8610678,0.3055466,0,-0.0136019,9502.347,1.579393,0.6869789,Right,Up,0.2220564,0.6832886,TransSharp
480.8798,18.22644,0,0.8610678,0.3055466,0,-0.03261659,9503.075,1.581044,0.6876264,Right,Up,0.2229358,0.6924057,TransSharp
480.9198,18.23056,0,0.8628988,0.3055466,0,-0.04870036,9503.804,1.582525,0.6882733,Right,Up,0.2130625,0.7015228,TransSharp
480.9598,18.23738,0,0.8628988,0.3055466,0,-0.06272998,9504.533,1.58091,0.6889196,Right,Up,0.2055842,0.7101974,TransSharp
480.9998,18.24452,0,0.8628988,0.3055466,0,-0.08185044,9505.264,1.581356,0.689566,Right,Up,0.2065338,0.7182388,TransSharp
481.0398,18.25171,0,0.8628988,0.3055466,0,-0.09910154,9505.994,1.581689,0.690212,Right,Up,0.2065338,0.726265,TransSharp
481.0798,18.25772,0,0.8628988,0.2856947,0,-0.1138584,9506.725,1.583363,0.6908569,Right,Up,0.1968319,0.7342758,TransSharp
481.1198,18.26012,0,0.8628988,0.2658579,0,-0.1260349,9507.455,1.584921,0.6915022,Right,Up,0.1876719,0.7419586,TransSharp
481.1598,18.25764,0,0.8546591,0.2539559,0,-0.1355967,9508.186,1.583972,0.6921471,Right,Up,0.1866263,0.7487793,TransSharp
481.1998,18.25357,0,0.8143723,0.2420539,0,-0.1507785,9508.916,1.584903,0.6927916,Right,Up,0.1876719,0.7555771,TransSharp
481.2398,18.24645,0,0.7768357,0.2301518,0,-0.163957,9509.646,1.585732,0.6934351,Right,Up,0.1845175,0.7623749,TransSharp
481.2798,18.23653,0,0.6596482,0.2222171,0,-0.1744036,9510.376,1.586647,0.6940789,Right,Up,0.1690205,0.7691498,TransSharp
481.3198,18.22443,0,0.540626,0.2222171,0,-0.182685,9511.104,1.588213,0.6947222,Right,Up,0.166689,0.7748718,TransSharp
481.3598,18.21202,0,0.4591441,0.2222171,0,-0.1883135,9511.833,1.588998,0.6953653,Right,Up,0.166689,0.7802887,TransSharp
481.3998,18.20013,0,0.4032969,0.2460212,0,-0.1917001,9512.562,1.588301,0.6960073,Right,Up,0.165511,0.7856903,TransSharp
481.4398,18.19223,0,0.4032969,0.2499886,0,-0.2000581,9513.29,1.588633,0.6966494,Right,Up,0.166689,0.7910919,TransSharp
481.4798,18.18697,0,0.4032969,0.2499886,0,-0.2076242,9514.018,1.589364,0.6972913,Right,Up,0.1480375,0.7964706,TransSharp
481.5198,18.18152,0,0.3868175,0.2499886,0,-0.2127565,9514.744,1.590179,0.6979321,Right,Up,0.1398823,0.8008957,TransSharp
481.5598,18.17602,0,0.3254735,0.2499886,0,-0.215718,9515.471,1.591165,0.6985732,Right,Up,0.1412742,0.8046646,TransSharp
481.5998,18.17102,0,0.1661718,0.2499886,0,-0.2168125,9516.197,1.592019,0.6992139,Right,Up,0.1398823,0.8084183,TransSharp
481.6398,18.16587,0,0.01602173,0.2499886,0,-0.216329,9516.924,1.593256,0.6998543,Right,Up,0.1398823,0.8121643,TransSharp
481.6798,18.16045,0,-0.2092016,0.2539559,0,-0.213939,9517.65,1.593318,0.7004935,Right,Up,0.1412742,0.815918,TransSharp
481.7198,18.15578,0,-0.3813225,0.2618906,0,-0.210177,9518.377,1.592702,0.7011331,Right,Up,0.1219466,0.8196564,TransSharp
481.7598,18.15395,0,-0.4353404,0.2698253,0,-0.2115105,9519.104,1.593007,0.7017722,Right,Up,0.1083524,0.8226624,TransSharp
481.7998,18.15369,0,-0.4298472,0.2698253,0,-0.2148316,9519.83,1.593886,0.7024102,Right,Up,0.1065312,0.8242874,TransSharp
481.8398,18.15332,0,-0.3941399,0.2698253,0,-0.216926,9520.557,1.594962,0.7030486,Right,Up,0.1065312,0.8259125,TransSharp
481.8798,18.15283,0,-0.3566033,0.2737926,0,-0.2182948,9521.283,1.59587,0.7036866,Right,Up,0.1083524,0.8275223,TransSharp
481.9198,18.15348,0,-0.3566033,0.27776,0,-0.2190984,9522.01,1.596511,0.7043241,Right,Up,0.1065312,0.8291397,TransSharp
481.9598,18.15538,0,-0.3566033,0.27776,0,-0.2193014,9522.736,1.597261,0.7049606,Right,Up,0.1065312,0.8307495,TransSharp
481.9998,18.1572,0,-0.3566033,0.2817273,0,-0.2190232,9523.463,1.598096,0.7055973,Right,Up,0.1065312,0.8323669,TransSharp
482.0398,18.15995,0,-0.3566033,0.2817273,0,-0.2184924,9524.189,1.598483,0.7062337,Right,Up,0.08156469,0.8339767,TransSharp
482.0798,18.16257,0,-0.3566033,0.2817273,0,-0.2177408,9524.916,1.598742,0.7068692,Straight,Up,0,0.8355865,TransSharp
482.1198,18.16519,0,-0.3566033,0.2856947,0,-0.2169222,9525.643,1.598816,0.7075046,Straight,Up,0,0.8311768,TransSharp
482.1598,18.16828,0,-0.3566033,0.2856947,0,-0.2159753,9526.369,1.59939,0.7081398,Straight,Up,0,0.8262177,TransSharp
482.1998,18.17162,0,-0.3566033,0.289662,0,-0.2152965,9527.096,1.600189,0.7087745,Straight,Up,0,0.8212585,TransSharp
482.2398,18.1759,0,-0.3566033,0.289662,0,-0.2147797,9527.822,1.600695,0.7094084,Straight,Up,0,0.8163071,TransSharp
482.2798,18.18006,0,-0.3520256,0.289662,0,-0.2146402,9528.549,1.6012,0.7100421,Straight,Up,0,0.8113403,TransSharp
482.3198,18.18415,0,-0.3447014,0.2936446,0,-0.2147657,9529.275,1.601582,0.7106756,Straight,Up,0,0.8063812,TransSharp
482.3598,18.18878,0,-0.3447014,0.297612,0,-0.2151679,9530.003,1.602139,0.7113088,Straight,Up,0,0.8014145,TransSharp
482.3998,18.19425,0,-0.3447014,0.3055466,0,-0.2161272,9530.731,1.602643,0.711941,Straight,Up,0,0.7964554,TransSharp
482.4398,18.20146,0,-0.3447014,0.3055466,0,-0.2175839,9531.46,1.603135,0.7125731,Straight,Up,0,0.7914886,TransSharp
482.4798,18.20882,0,-0.3447014,0.3055466,0,-0.2197771,9532.188,1.603551,0.7132049,Straight,Up,0,0.7865143,TransSharp
482.5198,18.21622,0,-0.3447014,0.3055466,0,-0.2226798,9532.917,1.603719,0.7138359,Straight,Up,0,0.7815399,TransSharp
482.5598,18.22356,0,-0.3447014,0.3055466,0,-0.2261585,9533.646,1.604014,0.714467,Straight,Up,0,0.7765579,TransSharp
482.5998,18.23091,0,-0.3447014,0.3055466,0,-0.2304768,9534.374,1.604596,0.7150974,Straight,Up,0,0.7715836,TransSharp
482.6398,18.23803,0,-0.3447014,0.3055466,0,-0.2355111,9535.104,1.605279,0.7157276,Straight,Up,0,0.7665939,TransSharp
482.6798,18.24516,0,-0.3447014,0.3055466,0,-0.2413717,9535.834,1.606032,0.7163569,Straight,Up,0,0.7616119,TransSharp
482.7198,18.25226,0,-0.3337151,0.3055466,0,-0.2481087,9536.564,1.606692,0.716986,Straight,Up,0,0.7566147,TransSharp
482.7598,18.25947,0,-0.3163201,0.309514,0,-0.2557276,9537.295,1.607002,0.717615,Straight,Up,0,0.7516174,TransSharp
482.7998,18.26726,0,-0.2787817,0.309514,0,-0.2642092,9538.025,1.607374,0.7182431,Straight,Up,0,0.7466278,TransSharp
482.8398,18.27503,0,-0.2494848,0.309514,0,-0.2737605,9538.756,1.607947,0.7188711,Straight,Up,0,0.7416153,TransSharp
482.8798,18.28278,0,-0.239414,0.3134814,0,-0.2840805,9539.486,1.608453,0.7194986,Straight,Up,0,0.7366104,TransSharp
482.9198,18.29153,0,-0.239414,0.3134814,0,-0.2953384,9540.219,1.609208,0.7201258,Straight,Up,0,0.7316055,TransSharp
482.9598,18.29885,0,-0.2504003,0.3134814,0,-0.3075154,9540.951,1.609438,0.7207522,Straight,Up,0,0.726593,TransSharp
482.9998,18.30954,0,-0.2677953,0.3134814,0,-0.3184293,9541.684,1.60932,0.7213786,Straight,Up,0,0.7215805,TransSharp
483.0398,18.31943,0,-0.2806127,0.3134814,0,-0.3257691,9542.416,1.611125,0.7220043,Straight,Up,0,0.7165604,TransSharp
483.0798,18.32888,0,-0.2870214,0.3174487,0,-0.3341272,9543.148,1.612986,0.7226293,Straight,Up,0,0.7115479,TransSharp
483.1198,18.33755,0,-0.2906835,0.3214161,0,-0.3436107,9543.882,1.614863,0.7232544,Straight,Up,0,0.7065201,TransSharp
483.1598,18.35037,0,-0.3089958,0.3214161,0,-0.3540916,9544.616,1.615841,0.723879,Straight,Up,0,0.7014847,TransSharp
483.1998,18.36199,0,-0.3639275,0.3214161,0,-0.3655599,9545.351,1.615865,0.724503,Straight,Up,0,0.6964417,TransSharp
483.2398,18.37198,0,-0.4124522,0.3214161,0,-0.3778086,9546.085,1.614063,0.7251264,Straight,Up,0,0.6913986,TransSharp
483.2798,18.38514,0,-0.4655528,0.3214161,0,-0.3870217,9546.82,1.613564,0.7257497,Straight,Up,0,0.6863403,TransSharp
483.3198,18.3978,0,-0.488441,0.3214161,0,-0.3946217,9547.557,1.615023,0.7263725,Straight,Up,0,0.6812973,TransSharp
483.3598,18.40967,0,-0.4893565,0.3214161,0,-0.4030043,9548.293,1.616182,0.7269948,Left,Up,-0.07912937,0.676239,TransSharp
483.3998,18.42041,0,-0.4893565,0.3214161,0,-0.4127937,9549.029,1.618097,0.7276163,Left,Up,-0.1101434,0.6665802,TransSharp
483.4398,18.43046,0,-0.4893565,0.3214161,0,-0.4232446,9549.766,1.617354,0.7282379,Left,Up,-0.1101434,0.6539993,TransSharp
483.4798,18.44422,0,-0.4893565,0.297612,0,-0.4316158,9550.504,1.616608,0.728859,Left,Up,-0.1101434,0.6414185,TransSharp
483.5198,18.45393,0,-0.4893565,0.2737926,0,-0.4371266,9551.242,1.617828,0.729479,Left,Up,-0.1101434,0.6288147,TransSharp
483.5598,18.45744,0,-0.4893565,0.2539559,0,-0.4447294,9551.98,1.619615,0.7300993,Left,Up,-0.1101434,0.6162186,TransSharp
483.5998,18.45273,0,-0.4893565,0.2460212,0,-0.4528737,9552.719,1.620111,0.730719,Left,Up,-0.1101434,0.6036072,TransSharp
483.6398,18.45087,0,-0.4893565,0.2380865,0,-0.4593816,9553.457,1.618884,0.7313383,Left,Up,-0.1412742,0.5909958,TransSharp
483.6798,18.44625,0,-0.4893565,0.2222171,0,-0.4623398,9554.195,1.620101,0.7319565,Left,Up,-0.1506579,0.5766296,TransSharp
483.7198,18.43885,0,-0.4893565,0.2103151,0,-0.4679217,9554.934,1.622422,0.7325749,Left,Up,-0.1519511,0.5612259,TransSharp
483.7598,18.42558,0,-0.4893565,0.1944305,0,-0.4740036,9555.67,1.621026,0.7331929,Left,Up,-0.1519511,0.5458221,TransSharp
483.7998,18.41322,0,-0.4838634,0.1587244,0,-0.4750096,9556.406,1.62154,0.7338098,Left,Up,-0.1519511,0.530426,TransSharp
483.8398,18.39268,0,-0.4838634,0.1309529,0,-0.4765757,9557.143,1.623071,0.7344268,Left,Up,-0.1713202,0.5150299,TransSharp
483.8798,18.36378,0,-0.4838634,0.07936218,0,-0.4797455,9557.877,1.623064,0.7350434,Left,Up,-0.1855749,0.4987717,TransSharp
483.9198,18.32743,0,-0.4838634,0,0,-0.4790621,9558.61,1.622737,0.7356595,Left,Up,-0.1866263,0.4811096,TransSharp
483.9598,18.2741,0,-0.4838634,0,0,-0.4773128,9559.342,1.624539,0.7362745,Left,Up,-0.1855749,0.4634781,TransSharp
483.9998,18.21773,0,-0.4838634,0,0,-0.4773971,9560.071,1.624062,0.7368898,Left,Up,-0.1978235,0.4459,TransSharp
484.0398,18.16276,0,-0.4838634,0,0,-0.4730467,9560.799,1.624627,0.7375045,Left,Up,-0.2167048,0.4281311,TransSharp
484.0798,18.10669,0,-0.4838634,0,0,-0.4686644,9561.523,1.626774,0.7381182,Left,Up,-0.2167048,0.4086075,TransSharp
484.1198,18.05117,0,-0.4838634,0,0,-0.4651012,9562.246,1.624912,0.738732,Left,Up,-0.2176059,0.3891449,TransSharp
484.1598,17.99618,0,-0.4838634,0,0,-0.4567554,9562.967,1.62728,0.7393454,Left,Up,-0.23239,0.3697281,TransSharp
484.1998,17.94098,0,-0.4838634,0,0,-0.4495544,9563.685,1.627912,0.7399582,Left,Up,-0.2454926,0.3496704,TransSharp
484.2398,17.88637,0,-0.4838634,0,0,-0.4392792,9564.4,1.627442,0.74057,Left,Up,-0.2454926,0.328476,TransSharp
484.2798,17.83368,0,-0.4829478,0,0,-0.4278471,9565.114,1.62682,0.741182,Left,Up,-0.2525642,0.3073349,TransSharp
484.3198,17.78003,0,-0.4774547,0,0,-0.4174413,9565.826,1.626501,0.7417935,Left,Up,-0.2705197,0.2862625,TransSharp
484.3598,17.72781,0,-0.4527354,0,0,-0.4074063,9566.536,1.628785,0.742404,Left,Up,-0.2719625,0.2636261,TransSharp
484.3998,17.67512,0,-0.3520256,0,0,-0.3986341,9567.244,1.630824,0.7430144,Left,Up,-0.276953,0.2409592,TransSharp
484.4398,17.62348,0,-0.2320898,0,0,-0.3913136,9567.949,1.632548,0.7436244,Left,Up,-0.2947506,0.218338,TransSharp
484.4798,17.57204,0,-0.13138,0,0,-0.3852914,9568.652,1.633398,0.744234,Left,Up,-0.2967354,0.1943436,TransSharp
484.5198,17.5212,0,-0.1112384,0,0,-0.3803274,9569.354,1.633559,0.7448427,Left,Up,-0.3051875,0.1701965,TransSharp
484.5598,17.4707,0,-0.07736385,0,0,-0.376489,9570.053,1.633518,0.7454512,Left,Flat,-0.3202056,0.1460037,TransSharp
484.5998,17.42047,0,-0.02426147,0,0,-0.3736195,9570.75,1.633595,0.7460593,Left,Flat,-0.3208161,0.1204529,TransSharp
484.6398,17.37008,0,0.03982544,0,0,-0.3724281,9571.445,1.634038,0.746667,Left,Flat,-0.3339648,0.0949707,TransSharp
484.6798,17.31978,0,0.1359594,0.003967346,0,-0.3722509,9572.139,1.634483,0.7472737,Left,Flat,-0.3432113,0.06891632,TransSharp
484.7198,17.27009,0,0.2439916,0.04365606,0,-0.372673,9572.83,1.633741,0.7478802,Left,Flat,-0.2306999,0.04211426,TransSharp
484.7598,17.2285,0,0.3327978,0.04762341,0,-0.3736609,9573.52,1.632466,0.7484865,Right,Flat,0.06255726,0.01537323,TransSharp
484.7998,17.1912,0,0.405128,0.04762341,0,-0.3761087,9574.207,1.630271,0.7490918,Right,Flat,0.06852804,-0.02127838,TransSharp
484.8398,17.15405,0,0.4325938,0.04762341,0,-0.3820773,9574.894,1.633908,0.7496969,Right,Flat,0.07132626,-0.05815887,TransSharp
484.8798,17.11658,0,0.4573131,0.05159075,0,-0.3879858,9575.579,1.637163,0.7503017,Right,Flat,0.06852804,-0.09494781,TransSharp
484.9198,17.08063,0,0.4875255,0.06349279,0,-0.394049,9576.263,1.640199,0.7509059,Right,Flat,0.06852804,-0.1316681,TransSharp
484.9598,17.04792,0,0.4994273,0.06746013,0,-0.40024,9576.944,1.641885,0.7515093,Right,Down,0.06852804,-0.1683731,TransSharp
484.9998,17.01719,0,0.4994273,0.06746013,0,-0.4063992,9577.626,1.642225,0.7521124,Right,Down,0.06852804,-0.2050552,TransSharp
485.0398,16.98667,0,0.4994273,0.07142748,0,-0.4125457,9578.306,1.642249,0.7527152,Right,Down,0.06852804,-0.241684,TransSharp
485.0798,16.95685,0,0.4994273,0.07539482,0,-0.4184521,9578.984,1.642307,0.7533171,Right,Down,0.06852804,-0.2782593,TransSharp
485.1198,16.92797,0,0.488441,0.08729687,0,-0.4241266,9579.662,1.642021,0.7539189,Right,Down,0.07132626,-0.3147659,TransSharp
485.1598,16.90193,0,0.453651,0.09126421,0,-0.4295704,9580.338,1.642151,0.7545201,Right,Down,0.07132626,-0.3512039,TransSharp
485.1998,16.87702,0,0.3428686,0.1031662,0,-0.4347145,9581.014,1.642549,0.7551209,Right,Down,0.07132626,-0.3875885,TransSharp
485.2398,16.85427,0,0.2384984,0.1111009,0,-0.4392914,9581.688,1.642683,0.7557209,Straight,Down,0.03956468,-0.4239273,TransSharp
485.2798,16.83352,0,0.2027929,0.1190356,0,-0.4433085,9582.361,1.642573,0.7563207,Straight,Down,0,-0.4540482,TransSharp
485.3198,16.81458,0,0.2027929,0.1269856,0,-0.4468643,9583.034,1.643063,0.7569197,Straight,Down,0,-0.4639053,TransSharp
485.3598,16.79744,0,0.2027929,0.142855,0,-0.4499893,9583.706,1.643625,0.7575182,Straight,Down,0,-0.4737549,TransSharp
485.3998,16.78329,0,0.2027929,0.1626917,0,-0.4527211,9584.378,1.644264,0.7581165,Straight,Down,-0.01978234,-0.4835892,TransSharp
485.4398,16.77357,0,0.2027929,0.1626917,0,-0.455036,9585.05,1.644793,0.7587144,Straight,Down,-0.01978234,-0.4934158,TransSharp
485.4798,16.76447,0,0.2027929,0.1626917,0,-0.4568972,9585.72,1.645652,0.7593115,Straight,Down,-0.01978234,-0.5032349,TransSharp
485.5198,16.75549,0,0.2027929,0.1626917,0,-0.4582292,9586.39,1.646272,0.7599079,Straight,Down,0,-0.5130615,TransSharp
485.5598,16.74656,0,0.2027929,0.1626917,0,-0.4592038,9587.06,1.647082,0.7605042,Straight,Down,0,-0.5228653,TransSharp
485.5998,16.73767,0,0.2027929,0.1626917,0,-0.4598616,9587.729,1.647789,0.7611,Straight,Down,-0.01978234,-0.5326691,TransSharp
485.6398,16.72879,0,0.2027929,0.1626917,0,-0.4599476,9588.399,1.64793,0.7616951,Straight,Down,-0.01978234,-0.5424652,TransSharp
485.6798,16.71996,0,0.2027929,0.1626917,0,-0.4595063,9589.068,1.647991,0.7622895,Straight,Down,0,-0.5522537,TransSharp
485.7198,16.71114,0,0.2018774,0.1626917,0,-0.4585013,9589.736,1.648849,0.7628837,Straight,Down,-0.01978234,-0.5620346,TransSharp
485.7598,16.70235,0,0.2018774,0.1626917,0,-0.4568207,9590.404,1.649339,0.7634775,Straight,Down,0,-0.5718155,TransSharp
485.7998,16.69359,0,0.2018774,0.1626917,0,-0.4544622,9591.072,1.649409,0.7640701,Straight,Down,0,-0.5815811,TransSharp
485.8398,16.68485,0,0.1963842,0.1626917,0,-0.4514118,9591.74,1.650115,0.7646629,Straight,Down,0,-0.5913391,TransSharp
485.8798,16.67614,0,0.1954687,0.1626917,0,-0.4476553,9592.408,1.650773,0.7652552,Straight,Down,-0.01978234,-0.6010971,TransSharp
485.9198,16.66745,0,0.1954687,0.1626917,0,-0.4431719,9593.074,1.651305,0.7658468,Straight,Down,0,-0.6108475,TransSharp
485.9598,16.65881,0,0.1954687,0.1626917,0,-0.4378874,9593.74,1.651964,0.7664374,Straight,Down,0,-0.6205902,TransSharp
485.9998,16.65018,0,0.1954687,0.1626917,0,-0.4319205,9594.406,1.652751,0.767028,Straight,Down,0,-0.6303177,TransSharp
486.0398,16.64157,0,0.1936376,0.166659,0,-0.4254805,9595.072,1.653267,0.7676182,Straight,Down,-0.01978234,-0.6400528,TransSharp
486.0798,16.63397,0,0.1423681,0.166659,0,-0.4183374,9595.738,1.653273,0.7682072,Straight,Down,0,-0.6497726,TransSharp
486.1198,16.62632,0,0.04714966,0.166659,0,-0.4109114,9596.404,1.653555,0.7687963,Straight,Down,-0.01978234,-0.6594925,TransSharp
486.1598,16.61869,0,-0.0352478,0.166659,0,-0.4032629,9597.068,1.654373,0.7693849,Straight,Down,0,-0.6692047,TransSharp
486.1998,16.61109,0,-0.1231402,0.166659,0,-0.3953187,9597.732,1.654955,0.7699729,Straight,Down,-0.01978234,-0.6789093,TransSharp
486.2398,16.60354,0,-0.1542681,0.166659,0,-0.3871369,9598.396,1.655216,0.7705598,Straight,Down,0,-0.6886063,TransSharp
486.2798,16.596,0,-0.1652545,0.166659,0,-0.3788219,9599.061,1.655993,0.7711468,Straight,Down,0,-0.6983109,TransSharp
486.3198,16.58839,0,-0.1652545,0.166659,0,-0.3703261,9599.725,1.656688,0.7717333,Straight,Down,-0.01978234,-0.7080002,TransSharp
486.3598,16.58084,0,-0.1652545,0.166659,0,-0.3613594,9600.389,1.657076,0.7723186,Straight,Down,-0.01978234,-0.7176819,TransSharp
486.3998,16.57333,0,-0.1652545,0.142855,0,-0.352205,9601.051,1.65733,0.772904,Straight,Down,-0.01978234,-0.7273636,TransSharp
486.4398,16.56041,0,-0.1652545,0.1349203,0,-0.3429888,9601.713,1.657607,0.7734889,Straight,Down,-0.01978234,-0.7370377,TransSharp
486.4798,16.54606,0,-0.1652545,0.1190356,0,-0.3340018,9602.375,1.658301,0.7740732,Straight,Down,0,-0.7467041,TransSharp
486.5198,16.52849,0,-0.1652545,0.1111009,0,-0.3250516,9603.037,1.658492,0.7746564,Straight,Down,0,-0.7563553,TransSharp
486.5598,16.50899,0,-0.1652545,0.1031662,0,-0.3161636,9603.697,1.658923,0.7752397,Straight,Down,-0.01978234,-0.7659988,TransSharp
486.5998,16.48779,0,-0.1734942,0.1031662,0,-0.3072411,9604.357,1.659105,0.7758225,Straight,Down,0,-0.7756348,TransSharp
486.6398,16.4665,0,-0.1963842,0.1031662,0,-0.2985386,9605.016,1.659481,0.7764046,Straight,Down,0,-0.7852554,TransSharp
486.6798,16.44525,0,-0.2330053,0.1031662,0,-0.2898877,9605.674,1.660425,0.7769856,Straight,Down,-0.01978234,-0.7948608,TransSharp
486.7198,16.42401,0,-0.2549779,0.1031662,0,-0.2812429,9606.331,1.660867,0.7775668,Straight,Down,0,-0.8044586,TransSharp
486.7598,16.4028,0,-0.2549779,0.1031662,0,-0.2727582,9606.987,1.661269,0.7781473,Straight,Down,-0.01978234,-0.8140411,TransSharp
486.7998,16.38165,0,-0.2549779,0.1031662,0,-0.2645505,9607.643,1.661777,0.7787269,Straight,Down,-0.01978234,-0.823616,TransSharp
486.8398,16.36055,0,-0.2549779,0.1031662,0,-0.256528,9608.297,1.662197,0.7793062,Straight,Down,0,-0.8331757,TransSharp
486.8798,16.33987,0,-0.256809,0.1031662,0,-0.2488336,9608.951,1.662398,0.7798852,Straight,Down,-0.01978234,-0.84272,TransSharp
486.9198,16.32019,0,-0.2806127,0.1031662,0,-0.2397147,9609.604,1.662675,0.7804636,Straight,Down,0,-0.8522491,TransSharp
486.9598,16.30027,0,-0.3108269,0.1031662,0,-0.2269175,9610.256,1.664567,0.7810411,Straight,Down,-0.01978234,-0.861763,TransSharp
486.9998,16.28025,0,-0.3868157,0.1031662,0,-0.214925,9610.907,1.666097,0.7816182,Straight,Down,0,-0.8712692,TransSharp
487.0398,16.26055,0,-0.4655528,0.1031662,0,-0.2033857,9611.558,1.667405,0.7821949,Straight,Down,0,-0.8807602,TransSharp
487.0798,16.24115,0,-0.5012584,0.1031662,0,-0.1923688,9612.208,1.668123,0.7827708,Straight,Down,0,-0.8902512,TransSharp
487.1198,16.22206,0,-0.530557,0.1031662,0,-0.1821658,9612.856,1.668464,0.7833462,Straight,Down,0,-0.8997345,TransSharp
487.1598,16.2031,0,-0.5369657,0.1031662,0,-0.1724645,9613.505,1.668607,0.7839212,Straight,Down,-0.01978234,-0.9092178,TransSharp
487.1998,16.1842,0,-0.5424589,0.1031662,0,-0.163265,9614.152,1.668785,0.7844958,Straight,Down,-0.01978234,-0.9186859,TransSharp
487.2398,16.16533,0,-0.5424589,0.1031662,0,-0.1550507,9614.799,1.668871,0.7850694,Straight,Down,-0.01978234,-0.9281464,TransSharp
487.2798,16.14652,0,-0.5424589,0.1031662,0,-0.147571,9615.445,1.669111,0.7856426,Straight,Down,-0.01978234,-0.9375992,TransSharp
487.3198,16.12774,0,-0.5369657,0.1031662,0,-0.1409831,9616.09,1.669379,0.7862155,Straight,Down,0,-0.9470444,TransSharp
487.3598,16.10901,0,-0.5360502,0.1031662,0,-0.1355068,9616.734,1.669692,0.7867875,Straight,Down,0,-0.9564743,TransSharp
487.3998,16.09031,0,-0.5296415,0.1031662,0,-0.1309526,9617.379,1.670086,0.7873592,Straight,Down,-0.01978234,-0.9659042,TransSharp
487.4398,16.07165,0,-0.5168223,0.1309529,0,-0.1273932,9618.021,1.670512,0.7879302,Straight,Down,-0.02797646,-0.9753113,TransSharp
487.4798,16.05913,0,-0.4948497,0.142855,0,-0.1248916,9618.664,1.670883,0.7885008,Straight,Down,-0.02797646,-0.9777679,TransSharp
487.5198,16.04889,0,-0.4289317,0.166659,0,-0.1236297,9619.307,1.671193,0.7890705,Straight,Down,-0.02797646,-0.9791107,TransSharp
487.5598,16.04382,0,-0.3675896,0.1864958,0,-0.1231714,9619.949,1.671575,0.7896401,Straight,Down,-0.02797646,-0.9804535,TransSharp
487.5998,16.04268,0,-0.2980095,0.1864958,0,-0.1236414,9620.592,1.67212,0.7902088,Straight,Down,-0.02797646,-0.9818039,TransSharp
487.6398,16.04233,0,-0.2265966,0.1864958,0,-0.1248645,9621.234,1.672678,0.7907768,Straight,Down,-0.02797646,-0.9831467,TransSharp
487.6798,16.04196,0,-0.1670855,0.1864958,0,-0.1270488,9621.877,1.673403,0.7913446,Straight,Down,-0.02797646,-0.9844971,TransSharp
487.7198,16.04163,0,-0.09475887,0.1904631,0,-0.1301855,9622.52,1.674312,0.7919118,Straight,Down,-0.02797646,-0.9858398,TransSharp
487.7598,16.04235,0,-0.04714966,0.1904631,0,-0.1341535,9623.162,1.674406,0.7924783,Straight,Down,-0.02797646,-0.9871826,TransSharp
487.7998,16.04305,0,-0.005950928,0.1944305,0,-0.1385869,9623.805,1.674398,0.793044,Straight,Down,-0.03426402,-0.988533,TransSharp
487.8398,16.04446,0,0.01602173,0.1983978,0,-0.143651,9624.447,1.674638,0.7936096,Straight,Down,-0.03426402,-0.9898758,TransSharp
487.8798,16.04672,0,0.02151489,0.2063325,0,-0.1497662,9625.09,1.675099,0.7941745,Straight,Down,-0.03426402,-0.9912186,TransSharp
487.9198,16.05052,0,0.02151489,0.2182498,0,-0.1563265,9625.732,1.675651,0.7947388,Straight,Down,-0.02797646,-0.992569,TransSharp
487.9598,16.05662,0,0.02151489,0.2301518,0,-0.1637307,9626.375,1.676177,0.7953022,Straight,Down,-0.02797646,-0.9939194,TransSharp
487.9998,16.06556,0,0.02151489,0.2420539,0,-0.1713724,9627.018,1.676465,0.7958654,Straight,Down,-0.02797646,-0.9952621,TransSharp
488.0398,16.07806,0,0.02151489,0.2460212,0,-0.1771625,9627.66,1.677039,0.796428,Straight,Down,-0.02797646,-0.9966125,TransSharp
488.0798,16.09111,0,0.02151489,0.2460212,0,-0.1793112,9628.304,1.678125,0.7969896,Straight,Down,-0.03426402,-0.997963,TransSharp
488.1198,16.10394,0,0.02151489,0.2460212,0,-0.1819674,9628.948,1.679138,0.797551,Straight,Down,-0.02797646,-0.9993134,TransSharp
488.1598,16.11669,0,0.02151489,0.2460212,0,-0.1850533,9629.593,1.680072,0.798112,Straight,Down,-0.02797646,-1.000664,TransSharp
488.1998,16.12961,0,0.00869751,0.2460212,0,-0.1884809,9630.237,1.680718,0.7986721,Straight,Down,-0.02797646,-1.002022,TransSharp
488.2398,16.14261,0,-0.02334595,0.2460212,0,-0.1921069,9630.883,1.681251,0.7992315,Straight,Down,-0.02797646,-1.003372,TransSharp
488.2798,16.15558,0,-0.07644832,0.2460212,0,-0.196042,9631.529,1.681841,0.7997906,Straight,Down,-0.03426402,-1.004723,TransSharp
488.3198,16.16852,0,-0.1130694,0.2460212,0,-0.2002774,9632.176,1.682216,0.8003493,Straight,Down,-0.02797646,-1.006081,TransSharp
488.3598,16.18141,0,-0.1139849,0.2460212,0,-0.2050618,9632.822,1.682582,0.8009067,Straight,Down,-0.02797646,-1.007446,TransSharp
488.3998,16.19426,0,-0.1139849,0.2460212,0,-0.2099728,9633.471,1.682942,0.8014641,Straight,Down,-0.02797646,-1.008804,TransSharp
488.4398,16.20706,0,-0.1139849,0.2499886,0,-0.21535,9634.119,1.683391,0.8020209,Straight,Down,-0.02797646,-1.010162,TransSharp
488.4798,16.22044,0,-0.1139849,0.2539559,0,-0.2208309,9634.768,1.683862,0.8025771,Straight,Down,-0.02797646,-1.01152,TransSharp
488.5198,16.23462,0,-0.1139849,0.2618906,0,-0.2267083,9635.416,1.68438,0.8031323,Straight,Down,-0.02797646,-1.012878,TransSharp
488.5598,16.2506,0,-0.1139849,0.2618906,0,-0.2327805,9636.066,1.684958,0.8036873,Straight,Down,-0.03426402,-1.014244,TransSharp
488.5998,16.26667,0,-0.1139849,0.2658579,0,-0.2392811,9636.717,1.685581,0.8042418,Straight,Down,-0.03956468,-1.01458,TransSharp
488.6398,16.28304,0,-0.1139849,0.2658579,0,-0.2462623,9637.367,1.686474,0.804795,Straight,Down,-0.03956468,-1.013855,TransSharp
488.6798,16.29959,0,-0.1139849,0.2658579,0,-0.2537404,9638.02,1.686761,0.8053484,Straight,Down,-0.03956468,-1.013123,TransSharp
488.7198,16.31611,0,-0.1139849,0.2698253,0,-0.2610183,9638.672,1.68679,0.8059011,Straight,Down,-0.03956468,-1.012398,TransSharp
488.7598,16.33312,0,-0.1139849,0.2698253,0,-0.2685546,9639.325,1.686846,0.8064531,Straight,Down,-0.03956468,-1.011665,TransSharp
488.7998,16.35012,0,-0.1139849,0.2698253,0,-0.2767383,9639.979,1.68714,0.8070041,Straight,Down,-0.03956468,-1.010933,TransSharp
488.8398,16.36689,0,-0.100252,0.2698253,0,-0.2853303,9640.634,1.687458,0.807555,Straight,Down,-0.03956468,-1.010193,TransSharp
488.8798,16.3846,0,-0.07553279,0.2698253,0,-0.2923959,9641.289,1.687675,0.8081052,Straight,Down,-0.03956468,-1.009468,TransSharp
488.9198,16.40171,0,-0.04074097,0.2698253,0,-0.2942292,9641.945,1.688747,0.8086549,Straight,Down,-0.04423466,-1.008728,TransSharp
488.9598,16.41868,0,-0.02334595,0.2698253,0,-0.2964236,9642.602,1.689919,0.8092034,Straight,Down,-0.04423466,-1.007988,TransSharp
488.9998,16.43563,0,0.003204346,0.2737926,0,-0.298821,9643.259,1.691231,0.8097519,Straight,Down,-0.03956468,-1.007248,TransSharp
489.0398,16.45362,0,0.03433228,0.2817273,0,-0.3014804,9643.917,1.692209,0.8102998,Straight,Down,-0.03956468,-1.006516,TransSharp
489.0798,16.47325,0,0.05813599,0.2817273,0,-0.304381,9644.575,1.692694,0.8108467,Straight,Down,-0.03956468,-1.005775,TransSharp
489.1198,16.49295,0,0.110321,0.2856947,0,-0.3074743,9645.235,1.692904,0.8113932,Straight,Down,-0.03956468,-1.005035,TransSharp
489.1598,16.51325,0,0.1359594,0.2856947,0,-0.3107496,9645.896,1.693411,0.8119392,Straight,Down,-0.04423466,-1.004295,TransSharp
489.1998,16.53366,0,0.1606786,0.2856947,0,-0.3139781,9646.557,1.694047,0.8124847,Straight,Down,-0.03956468,-1.003548,TransSharp
489.2398,16.55404,0,0.1963842,0.2856947,0,-0.3171767,9647.219,1.695053,0.8130291,Straight,Down,-0.04423466,-1.002808,TransSharp
489.2798,16.5744,0,0.2384984,0.2856947,0,-0.3203025,9647.881,1.695277,0.8135732,Straight,Down,-0.04423466,-1.00206,TransSharp
489.3198,16.59479,0,0.3199804,0.2856947,0,-0.3235635,9648.545,1.69572,0.8141169,Straight,Down,-0.04423466,-1.001312,TransSharp
489.3598,16.61445,0,0.3849864,0.2856947,0,-0.3271325,9649.209,1.696433,0.8146595,Straight,Down,-0.04423466,-1.000565,TransSharp
489.3998,16.63454,0,0.4811168,0.2856947,0,-0.3305808,9649.874,1.696277,0.8152017,Straight,Down,-0.04845664,-0.9998169,TransSharp
489.4398,16.65376,0,0.5342174,0.289662,0,-0.3332237,9650.54,1.696558,0.8157435,Left,Down,-0.05233916,-0.9984818,TransSharp
489.4798,16.67408,0,0.5241466,0.289662,0,-0.3354609,9651.206,1.696646,0.8162847,Left,Down,-0.05233916,-0.9962769,TransSharp
489.5198,16.69407,0,0.488441,0.289662,0,-0.3377765,9651.874,1.696524,0.8168249,Left,Down,-0.05233916,-0.9940643,TransSharp
489.5598,16.71461,0,0.4527354,0.289662,0,-0.3366404,9652.542,1.696922,0.8173646,Left,Down,-0.05233916,-0.9918594,TransSharp
489.5998,16.73481,0,0.3978038,0.2936446,0,-0.331131,9653.212,1.697778,0.8179039,Straight,Down,-0.04845664,-0.9896393,TransSharp
489.6398,16.75573,0,0.3199804,0.2936446,0,-0.3253257,9653.882,1.699022,0.8184422,Left,Down,-0.05233916,-0.9874268,TransSharp
489.6798,16.77613,0,0.2494848,0.2936446,0,-0.319165,9654.553,1.700167,0.8189803,Straight,Down,-0.04845664,-0.9852066,TransSharp
489.7198,16.79722,0,0.1542699,0.297612,0,-0.3129956,9655.225,1.700924,0.8195176,Straight,Down,-0.04845664,-0.9829788,TransSharp
489.7598,16.81918,0,0.09292603,0.297612,0,-0.305968,9655.896,1.701527,0.8200544,Straight,Down,-0.04845664,-0.980751,TransSharp
489.7998,16.841,0,0.02792358,0.297612,0,-0.2984677,9656.57,1.701779,0.8205902,Left,Down,-0.05233916,-0.9785233,TransSharp
489.8398,16.86276,0,-0.02334595,0.297612,0,-0.2903402,9657.244,1.702059,0.8211258,Left,Down,-0.05233916,-0.9762878,TransSharp
489.8798,16.88438,0,-0.06454647,0.297612,0,-0.2814983,9657.92,1.702344,0.8216606,Left,Down,-0.05233916,-0.9740524,TransSharp
489.9198,16.90593,0,-0.1240557,0.297612,0,-0.2724808,9658.596,1.703172,0.8221949,Straight,Down,-0.04845664,-0.9718094,TransSharp
489.9598,16.92721,0,-0.1780736,0.297612,0,-0.2632693,9659.272,1.704179,0.8227282,Straight,Down,-0.04845664,-0.9695663,TransSharp
489.9998,16.94795,0,-0.2796972,0.3015793,0,-0.2532147,9659.95,1.703946,0.8232613,Left,Down,-0.05233916,-0.9673233,TransSharp
490.0398,16.9693,0,-0.3987175,0.3055466,0,-0.2426944,9660.629,1.70388,0.8237936,Left,Down,-0.05233916,-0.965065,TransSharp
490.0798,16.99166,0,-0.4756236,0.3055466,0,-0.2326344,9661.309,1.703431,0.824325,Left,Down,-0.05934703,-0.962822,TransSharp
490.1198,17.01446,0,-0.5250621,0.3055466,0,-0.2188473,9661.988,1.703778,0.8248561,Left,Down,-0.06255726,-0.9596939,TransSharp
490.1598,17.03708,0,-0.5314726,0.309514,0,-0.2023327,9662.67,1.704523,0.8253866,Left,Down,-0.06255726,-0.9561691,TransSharp
490.1998,17.0603,0,-0.5314726,0.309514,0,-0.185483,9663.352,1.705574,0.8259164,Left,Down,-0.06255726,-0.9526443,TransSharp
490.2398,17.08303,0,-0.5314726,0.309514,0,-0.1690207,9664.035,1.706627,0.8264453,Left,Down,-0.06255726,-0.9491119,TransSharp
490.2798,17.10662,0,-0.5314726,0.309514,0,-0.1531306,9664.719,1.707436,0.8269739,Left,Down,-0.05934703,-0.9455719,TransSharp
490.3198,17.13002,0,-0.5470365,0.3134814,0,-0.137745,9665.404,1.70803,0.827502,Left,Down,-0.06255726,-0.9420319,TransSharp
490.3598,17.15425,0,-0.5607694,0.3134814,0,-0.1230316,9666.09,1.708444,0.8280287,Left,Down,-0.05934703,-0.9384766,TransSharp
490.3998,17.17845,0,-0.5909818,0.3134814,0,-0.1094428,9666.777,1.709088,0.8285555,Left,Down,-0.06255726,-0.9349213,TransSharp
490.4398,17.20196,0,-0.631265,0.3134814,0,-0.09689435,9667.465,1.710083,0.8290815,Left,Down,-0.06255726,-0.9313507,TransSharp
490.4798,17.22474,0,-0.6486619,0.3134814,0,-0.08442801,9668.154,1.709332,0.8296068,Left,Down,-0.05934703,-0.9277802,TransSharp
490.5198,17.24743,0,-0.6486619,0.3134814,0,-0.0727714,9668.844,1.708682,0.8301312,Left,Down,-0.05934703,-0.924202,TransSharp
490.5598,17.27119,0,-0.6431669,0.3134814,0,-0.06231311,9669.534,1.707846,0.8306554,Left,Down,-0.05934703,-0.9206238,TransSharp
490.5998,17.29414,0,-0.6358427,0.3134814,0,-0.04686511,9670.226,1.708613,0.8311789,Left,Down,-0.0656106,-0.917038,TransSharp
490.6398,17.31693,0,-0.6321806,0.3134814,0,-0.03122416,9670.918,1.70962,0.8317012,Left,Down,-0.07132626,-0.9134445,TransSharp
490.6798,17.33945,0,-0.6321806,0.3134814,0,-0.01635304,9671.611,1.710724,0.8322234,Left,Down,-0.07132626,-0.9087906,TransSharp
490.7198,17.36174,0,-0.6321806,0.3134814,0,-0.002627552,9672.306,1.711594,0.832745,Left,Down,-0.07132626,-0.9039612,TransSharp
490.7598,17.3845,0,-0.6321806,0.3134814,0,0.0101065,9673.001,1.71235,0.8332659,Left,Down,-0.07132626,-0.8991241,TransSharp
490.7998,17.40756,0,-0.631265,0.3134814,0,0.02127573,9673.697,1.713223,0.8337857,Left,Down,-0.07132626,-0.8942719,TransSharp
490.8398,17.42949,0,-0.6239408,0.3134814,0,0.03061861,9674.395,1.714428,0.8343052,Left,Down,-0.07132626,-0.8894196,TransSharp
490.8798,17.45125,0,-0.6129545,0.3134814,0,0.03855473,9675.092,1.714039,0.8348242,Left,Down,-0.07401875,-0.8845444,TransSharp
490.9198,17.47259,0,-0.5763334,0.3134814,0,0.04539403,9675.791,1.713215,0.8353425,Left,Down,-0.07132626,-0.8796692,TransSharp
490.9598,17.49454,0,-0.5296415,0.3134814,0,0.05061814,9676.49,1.712157,0.8358596,Left,Down,-0.07132626,-0.8747864,TransSharp
490.9998,17.51678,0,-0.5012584,0.3174487,0,0.05991995,9677.191,1.71312,0.8363767,Left,Down,-0.07401875,-0.8699036,TransSharp
491.0398,17.53936,0,-0.4930186,0.3174487,0,0.06867975,9677.893,1.714296,0.836893,Left,Down,-0.07132626,-0.8650055,TransSharp
491.0798,17.56154,0,-0.4930186,0.3174487,0,0.07620171,9678.595,1.71557,0.8374081,Left,Down,-0.07661668,-0.8601074,TransSharp
491.1198,17.58353,0,-0.4930186,0.3174487,0,0.08223554,9679.298,1.716386,0.8379231,Left,Down,-0.08156469,-0.8548813,TransSharp
491.1598,17.60653,0,-0.4930186,0.3174487,0,0.08670688,9680.002,1.717258,0.8384375,Left,Down,-0.08156469,-0.8487244,TransSharp
491.1998,17.62863,0,-0.4930186,0.3174487,0,0.08903494,9680.707,1.71886,0.8389512,Left,Down,-0.08392937,-0.8425446,TransSharp
491.2398,17.65002,0,-0.4893565,0.3174487,0,0.09016392,9681.412,1.718437,0.8394638,Left,Down,-0.08156469,-0.8363495,TransSharp
491.2798,17.67061,0,-0.4893565,0.3174487,0,0.08994386,9682.119,1.717316,0.8399761,Left,Down,-0.08156469,-0.8301468,TransSharp
491.3198,17.69373,0,-0.4893565,0.3174487,0,0.09018716,9682.826,1.716418,0.8404878,Left,Down,-0.08156469,-0.8239288,TransSharp
491.3598,17.71585,0,-0.4893565,0.3174487,0,0.09303632,9683.535,1.717427,0.8409984,Left,Down,-0.08156469,-0.8177109,TransSharp
491.3998,17.73753,0,-0.4893565,0.3174487,0,0.09491149,9684.244,1.718634,0.8415088,Left,Down,-0.08392937,-0.8114929,TransSharp
491.4398,17.75817,0,-0.488441,0.3174487,0,0.09551278,9684.954,1.719831,0.8420185,Left,Down,-0.08156469,-0.8052521,TransSharp
491.4798,17.78086,0,-0.488441,0.3174487,0,0.09439465,9685.665,1.721101,0.8425276,Left,Down,-0.08846933,-0.7990112,TransSharp
491.5198,17.80236,0,-0.488441,0.3174487,0,0.09121695,9686.377,1.722955,0.8430354,Left,Down,-0.09487279,-0.7923355,TransSharp
491.5598,17.82232,0,-0.488441,0.3174487,0,0.08706215,9687.09,1.722057,0.8435432,Left,Down,-0.09487279,-0.7847672,TransSharp
491.5998,17.84264,0,-0.488441,0.3174487,0,0.08152965,9687.803,1.72039,0.8440502,Left,Down,-0.09487279,-0.7771835,TransSharp
491.6398,17.86501,0,-0.4875255,0.3174487,0,0.07965255,9688.518,1.720358,0.8445563,Left,Down,-0.09487279,-0.7695847,TransSharp
491.6798,17.88659,0,-0.4875255,0.3174487,0,0.07718694,9689.232,1.721424,0.8450618,Left,Down,-0.09487279,-0.7619934,TransSharp
491.7198,17.90697,0,-0.4875255,0.3174487,0,0.07383218,9689.949,1.722759,0.8455668,Left,Down,-0.09487279,-0.7543945,TransSharp
491.7598,17.92778,0,-0.4875255,0.3174487,0,0.06871733,9690.666,1.724317,0.8460712,Left,Down,-0.09487279,-0.7467728,TransSharp
491.7998,17.94809,0,-0.4875255,0.3174487,0,0.06182727,9691.384,1.726448,0.8465745,Left,Down,-0.09891172,-0.7391357,TransSharp
491.8398,17.96635,0,-0.4838634,0.2817273,0,0.05393454,9692.103,1.724887,0.8470774,Left,Down,-0.1046783,-0.7314911,TransSharp
491.8798,17.98026,0,-0.4838634,0.2658579,0,0.04564431,9692.821,1.723086,0.8475797,Left,Down,-0.1065312,-0.7227402,TransSharp
491.9198,17.99078,0,-0.4838634,0.2579232,0,0.04185137,9693.54,1.723831,0.848081,Left,Down,-0.1083524,-0.713707,TransSharp
491.9598,17.99856,0,-0.4838634,0.2579232,0,0.03586829,9694.261,1.725007,0.848582,Left,Down,-0.1083524,-0.7046738,TransSharp
491.9998,18.00526,0,-0.4838634,0.2499886,0,0.02863884,9694.981,1.726604,0.8490822,Left,Down,-0.1065312,-0.6956482,TransSharp
492.0398,18.01028,0,-0.4829478,0.2301518,0,0.01956329,9695.702,1.729137,0.8495817,Left,Down,-0.1065312,-0.6865921,TransSharp
492.0798,18.00929,0,-0.4829478,0.2142824,0,0.009641588,9696.423,1.727671,0.8500804,Left,Down,-0.1083524,-0.6775284,TransSharp
492.1198,18.00828,0,-0.4829478,0.1904631,0,0.000233233,9697.144,1.725893,0.8505785,Left,Down,-0.1136409,-0.6684723,TransSharp
492.1598,18.00243,0,-0.4829478,0.1706264,0,-0.005775809,9697.864,1.726555,0.851076,Left,Down,-0.1219466,-0.6590118,TransSharp
492.1998,17.99109,0,-0.4829478,0.1626917,0,-0.01396066,9698.584,1.727783,0.8515729,Left,Down,-0.1219466,-0.6485138,TransSharp
492.2398,17.97588,0,-0.4829478,0.1626917,0,-0.02379635,9699.303,1.730275,0.8520688,Left,Down,-0.1219466,-0.6380234,TransSharp
492.2798,17.96042,0,-0.4829478,0.1864958,0,-0.03451538,9700.021,1.730808,0.8525643,Left,Down,-0.1203313,-0.6275253,TransSharp
492.3198,17.94967,0,-0.4829478,0.1983978,0,-0.04630953,9700.74,1.72804,0.8530589,Left,Down,-0.1219466,-0.6170273,TransSharp
492.3598,17.9439,0,-0.4875255,0.2063325,0,-0.05245301,9701.458,1.728649,0.8535527,Left,Down,-0.1203313,-0.6065369,TransSharp
492.3998,17.93944,0,-0.4893565,0.2063325,0,-0.06138986,9702.175,1.729593,0.8540462,Left,Down,-0.1312212,-0.5960617,TransSharp
492.4398,17.93449,0,-0.5177379,0.2222171,0,-0.07213834,9702.892,1.732441,0.8545389,Left,Down,-0.1370561,-0.5847015,TransSharp
492.4798,17.9301,0,-0.5598539,0.2301518,0,-0.08342883,9703.608,1.732673,0.8550308,Left,Down,-0.1370561,-0.5726776,TransSharp
492.5198,17.93148,0,-0.6248564,0.2301518,0,-0.09440511,9704.325,1.730287,0.8555219,Left,Down,-0.1356209,-0.5606613,TransSharp
492.5598,17.9327,0,-0.6916916,0.2341192,0,-0.1015036,9705.042,1.730898,0.8560125,Left,Down,-0.1370561,-0.5486374,TransSharp
492.5998,17.93531,0,-0.7392991,0.2341192,0,-0.1121308,9705.759,1.73256,0.8565024,Left,Down,-0.1384764,-0.5366211,TransSharp
492.6398,17.9334,0,-0.7841617,0.2341192,0,-0.1237332,9706.476,1.735708,0.8569913,Left,Down,-0.1480375,-0.5245895,TransSharp
492.6798,17.93316,0,-0.8043033,0.2341192,0,-0.1362371,9707.192,1.732259,0.8574799,Left,Down,-0.1519511,-0.5114899,TransSharp
492.7198,17.93484,0,-0.8198673,0.2341192,0,-0.143988,9707.909,1.732662,0.8579679,Left,Down,-0.1519511,-0.4978485,TransSharp
492.7598,17.93771,0,-0.8564883,0.2341192,0,-0.1541879,9708.626,1.733852,0.8584549,Left,Down,-0.1532334,-0.4841995,TransSharp
492.7998,17.93564,0,-0.9086752,0.2103151,0,-0.1667213,9709.343,1.737204,0.858941,Left,Down,-0.1519511,-0.4705582,TransSharp
492.8398,17.92859,0,-1.010301,0.2103151,0,-0.1797587,9710.06,1.733347,0.8594268,Left,Down,-0.1619255,-0.4569092,TransSharp
492.8798,17.92426,0,-1.075303,0.2063325,0,-0.1878494,9710.776,1.73432,0.8599119,Left,Down,-0.1690205,-0.4426651,TransSharp
492.9198,17.91928,0,-1.097276,0.2063325,0,-0.1996796,9711.493,1.73649,0.8603958,Left,Down,-0.1690205,-0.4272919,TransSharp
492.9598,17.91,0,-1.067979,0.2063325,0,-0.2137313,9712.21,1.737864,0.8608795,Left,Down,-0.1690205,-0.4119339,TransSharp
492.9998,17.90196,0,-1.014878,0.2063325,0,-0.2258083,9712.927,1.736093,0.8613625,Left,Down,-0.1690205,-0.3965607,TransSharp
493.0398,17.89482,0,-0.8931112,0.2063325,0,-0.2361275,9713.643,1.73547,0.8618448,Left,Down,-0.1813082,-0.3811874,TransSharp
493.0798,17.88871,0,-0.7676822,0.2063325,0,-0.2501121,9714.357,1.735956,0.8623258,Left,Down,-0.1876719,-0.3648911,TransSharp
493.1198,17.87806,0,-0.6422514,0.2063325,0,-0.2643568,9715.072,1.737231,0.8628067,Left,Down,-0.1876719,-0.3477173,TransSharp
493.1598,17.86845,0,-0.6193632,0.2063325,0,-0.274423,9715.787,1.735601,0.8632869,Left,Down,-0.1866263,-0.3305435,TransSharp
493.1998,17.86229,0,-0.6431669,0.2063325,0,-0.2869312,9716.502,1.734607,0.8637664,Left,Down,-0.1938267,-0.313385,TransSharp
493.2398,17.85222,0,-0.6605637,0.2063325,0,-0.299573,9717.217,1.738254,0.8642446,Left,Down,-0.2055842,-0.29599,TransSharp
493.2798,17.84118,0,-0.6550705,0.2063325,0,-0.3085413,9717.93,1.737503,0.8647227,Left,Down,-0.2055842,-0.2769394,TransSharp
493.3198,17.83312,0,-0.6257719,0.2063325,0,-0.3196326,9718.643,1.738618,0.8652,Left,Down,-0.2055842,-0.2579117,TransSharp
493.3598,17.82496,0,-0.5406278,0.2063325,0,-0.3281679,9719.355,1.739862,0.8656761,Left,Down,-0.2139789,-0.2388611,TransSharp
493.3998,17.81438,0,-0.4518199,0.2063325,0,-0.3362084,9720.068,1.738884,0.866152,Left,Down,-0.2264194,-0.2195206,TransSharp
493.4398,17.80568,0,-0.3566033,0.2261845,0,-0.3462413,9720.781,1.741969,0.8666272,Left,Down,-0.2264194,-0.198494,TransSharp
493.4798,17.80234,0,-0.3282219,0.2261845,0,-0.3520814,9721.494,1.742597,0.8671017,Left,Down,-0.2255535,-0.1774673,TransSharp
493.5198,17.79726,0,-0.3263909,0.2301518,0,-0.3585573,9722.206,1.74195,0.867575,Left,Down,-0.2406627,-0.1564789,TransSharp
493.5598,17.793,0,-0.3263909,0.2301518,0,-0.3666641,9722.917,1.74449,0.868048,Left,Flat,-0.2478722,-0.1343002,TransSharp
493.5998,17.79047,0,-0.3263909,0.2301518,0,-0.3704515,9723.628,1.744638,0.8685204,Left,Flat,-0.2470816,-0.1111679,TransSharp
493.6398,17.7863,0,-0.3263909,0.2301518,0,-0.3749561,9724.339,1.743858,0.8689914,Left,Flat,-0.2586879,-0.08805847,TransSharp
493.6798,17.78399,0,-0.3337151,0.2301518,0,-0.381039,9725.05,1.74531,0.8694623,Left,Flat,-0.2712421,-0.06494904,TransSharp
493.7198,17.7818,0,-0.3703362,0.2301518,0,-0.3841051,9725.761,1.746295,0.8699325,Left,Flat,-0.2712421,-0.04186249,TransSharp
493.7598,17.77866,0,-0.4454112,0.2301518,0,-0.3866629,9726.472,1.74608,0.870402,Left,Flat,-0.2900664,-0.01879883,TransSharp
493.7998,17.77795,0,-0.5122447,0.2301518,0,-0.3901081,9727.183,1.745174,0.8708702,Left,Flat,-0.3102743,-0.005783081,TransSharp
493.8398,17.77556,0,-0.5763334,0.2301518,0,-0.3943869,9727.894,1.747865,0.8713382,Left,Flat,-0.3109043,-0.01847839,TransSharp
493.8798,17.77244,0,-0.5781645,0.2301518,0,-0.3946279,9728.604,1.747847,0.8718054,Left,Flat,-0.2980514,-0.03117371,TransSharp
493.9198,17.76843,0,-0.5543607,0.2301518,0,-0.3953508,9729.315,1.747102,0.8722717,Left,Flat,-0.2927522,-0.04341888,TransSharp
493.9598,17.7691,0,-0.505836,0.2301518,0,-0.3978048,9730.026,1.747575,0.8727373,Left,Flat,-0.2907402,-0.05532074,TransSharp
493.9998,17.76602,0,-0.4463267,0.2301518,0,-0.3984826,9730.737,1.749322,0.8732024,Left,Flat,-0.2776587,-0.0672226,TransSharp
494.0398,17.76329,0,-0.3465325,0.2301518,0,-0.3970555,9731.448,1.749591,0.8736668,Left,Flat,-0.2741124,-0.07855225,TransSharp
494.0798,17.76004,0,-0.2806127,0.2301518,0,-0.3956092,9732.159,1.74875,0.8741301,Left,Flat,-0.272681,-0.08966827,TransSharp
494.1198,17.76154,0,-0.208286,0.2023651,0,-0.3962932,9732.87,1.749131,0.8745929,Left,Flat,-0.2601963,-0.1007919,TransSharp
494.1598,17.75203,0,-0.1954687,0.1864958,0,-0.3958275,9733.581,1.751269,0.8750551,Left,Flat,-0.2564087,-0.1113892,TransSharp
494.1998,17.74077,0,-0.1954687,0.1825284,0,-0.3919325,9734.29,1.751447,0.8755165,Left,Flat,-0.2564087,-0.1217422,TransSharp
494.2398,17.72829,0,-0.1954687,0.1785611,0,-0.3882054,9734.999,1.751177,0.8759769,Left,Flat,-0.2462884,-0.1320953,TransSharp
494.2798,17.71777,0,-0.1954687,0.1785611,0,-0.3858749,9735.708,1.749802,0.8764367,Left,Flat,-0.2390311,-0.1421127,TransSharp
494.3198,17.70509,0,-0.1954687,0.1785611,0,-0.3853325,9736.417,1.752687,0.876896,Left,Down,-0.2390311,-0.1516953,TransSharp
494.3598,17.69193,0,-0.1954687,0.1785611,0,-0.3790045,9737.124,1.753143,0.8773541,Left,Down,-0.235734,-0.1612701,TransSharp
494.3998,17.67882,0,-0.1954687,0.1785611,0,-0.3728349,9737.831,1.753414,0.8778119,Left,Down,-0.2229358,-0.1708298,TransSharp
494.4398,17.66641,0,-0.1954687,0.1785611,0,-0.3667908,9738.538,1.75264,0.8782688,Left,Down,-0.2211734,-0.1797791,TransSharp
494.4798,17.65562,0,-0.1954687,0.1785611,0,-0.3625713,9739.245,1.752133,0.8787252,Left,Down,-0.2211734,-0.1886063,TransSharp
494.5198,17.64345,0,-0.2018774,0.1785611,0,-0.359639,9739.95,1.754835,0.8791804,Left,Down,-0.2167048,-0.1974182,TransSharp
494.5598,17.63088,0,-0.2183568,0.1785611,0,-0.3503667,9740.655,1.755165,0.8796352,Left,Down,-0.2046302,-0.2061996,TransSharp
494.5998,17.61834,0,-0.2375829,0.1785611,0,-0.3414025,9741.36,1.755408,0.8800892,Left,Down,-0.2046302,-0.2142792,TransSharp
494.6398,17.60606,0,-0.274204,0.1785611,0,-0.3331636,9742.065,1.754922,0.8805422,Left,Down,-0.2046302,-0.2223587,TransSharp
494.6798,17.59491,0,-0.314489,0.1785611,0,-0.3258917,9742.769,1.753671,0.8809948,Left,Down,-0.2017412,-0.2304306,TransSharp
494.7198,17.5842,0,-0.3337151,0.1785611,0,-0.3198349,9743.472,1.755512,0.8814465,Left,Down,-0.1897456,-0.2384872,TransSharp
494.7598,17.57193,0,-0.3392082,0.1785611,0,-0.3108864,9744.175,1.756895,0.8818976,Left,Down,-0.1876719,-0.2459793,TransSharp
494.7998,17.55989,0,-0.3392082,0.1785611,0,-0.2989694,9744.878,1.757242,0.8823476,Left,Down,-0.1876719,-0.2533188,TransSharp
494.8398,17.54789,0,-0.3392082,0.1785611,0,-0.2876158,9745.58,1.757117,0.8827972,Left,Down,-0.1876719,-0.2606583,TransSharp
494.8798,17.53685,0,-0.3392082,0.1785611,0,-0.2772772,9746.281,1.756784,0.883246,Left,Down,-0.1802258,-0.2679901,TransSharp
494.9198,17.52558,0,-0.3392082,0.1785611,0,-0.2677801,9746.982,1.756054,0.8836939,Left,Down,-0.1713202,-0.275177,TransSharp
494.9598,17.51545,0,-0.3392082,0.2023651,0,-0.259302,9747.684,1.757601,0.8841412,Left,Down,-0.1701742,-0.2818069,TransSharp
494.9998,17.50884,0,-0.3392082,0.2023651,0,-0.2499537,9748.385,1.759302,0.8845879,Left,Down,-0.1701742,-0.2884216,TransSharp
495.0398,17.50249,0,-0.3392082,0.2063325,0,-0.2359996,9749.085,1.759457,0.8850336,Left,Down,-0.1713202,-0.2950363,TransSharp
495.0798,17.49717,0,-0.3392082,0.2103151,0,-0.2223621,9749.784,1.75941,0.8854784,Left,Down,-0.1643245,-0.301651,TransSharp
495.1198,17.49378,0,-0.3392082,0.2103151,0,-0.2097532,9750.483,1.759295,0.8859228,Left,Down,-0.1557664,-0.3081665,TransSharp
495.1598,17.48942,0,-0.3392082,0.2103151,0,-0.1978982,9751.183,1.758977,0.8863664,Left,Down,-0.1545051,-0.3140945,TransSharp
495.1998,17.48575,0,-0.3392082,0.2103151,0,-0.1869207,9751.882,1.758463,0.8868089,Left,Down,-0.1545051,-0.320015,TransSharp
495.2398,17.48293,0,-0.3392082,0.2103151,0,-0.1770188,9752.581,1.760072,0.887251,Left,Down,-0.1545051,-0.3259354,TransSharp
495.2798,17.47829,0,-0.3392082,0.2103151,0,-0.1665989,9753.28,1.761799,0.8876923,Left,Down,-0.1545051,-0.3318558,TransSharp
495.3198,17.4738,0,-0.3392082,0.2103151,0,-0.1508785,9753.979,1.762064,0.8881329,Left,Down,-0.1440177,-0.3377609,TransSharp
495.3598,17.46985,0,-0.3392082,0.2103151,0,-0.1356835,9754.679,1.761984,0.8885723,Left,Down,-0.1384764,-0.3433151,TransSharp
495.3998,17.46666,0,-0.3392082,0.2103151,0,-0.1219006,9755.378,1.761848,0.8890114,Left,Down,-0.1384764,-0.3485413,TransSharp
495.4398,17.46286,0,-0.3392082,0.2103151,0,-0.1091619,9756.077,1.761868,0.8894497,Left,Down,-0.1384764,-0.353775,TransSharp
495.4798,17.459,0,-0.3392082,0.2103151,0,-0.0968281,9756.776,1.761791,0.8898874,Left,Down,-0.1370561,-0.3589935,TransSharp
495.5198,17.45558,0,-0.3392082,0.2142824,0,-0.08568677,9757.475,1.761914,0.8903238,Left,Down,-0.1384764,-0.364212,TransSharp
495.5598,17.45335,0,-0.3392082,0.2142824,0,-0.07551441,9758.172,1.763417,0.8907598,Left,Down,-0.1312212,-0.3694229,TransSharp
495.5998,17.45021,0,-0.3392082,0.2142824,0,-0.06581238,9758.869,1.765061,0.8911951,Left,Down,-0.1235407,-0.374527,TransSharp
495.6398,17.44711,0,-0.3392082,0.2142824,0,-0.04992735,9759.566,1.765262,0.8916292,Left,Down,-0.1219466,-0.3790512,TransSharp
495.6798,17.44446,0,-0.3392082,0.2142824,0,-0.03472924,9760.264,1.765371,0.892063,Left,Down,-0.1219466,-0.3835831,TransSharp
495.7198,17.44219,0,-0.3392082,0.2142824,0,-0.02082476,9760.961,1.76527,0.8924959,Left,Down,-0.1219466,-0.3881073,TransSharp
495.7598,17.43975,0,-0.3392082,0.2142824,0,-0.008075982,9761.658,1.765304,0.8929281,Left,Down,-0.1219466,-0.3926315,TransSharp
495.7998,17.43716,0,-0.3392082,0.2142824,0,0.00368911,9762.355,1.765551,0.8933592,Left,Down,-0.1219466,-0.3971481,TransSharp
495.8398,17.43438,0,-0.3392082,0.2142824,0,0.01478666,9763.053,1.765749,0.8937899,Left,Down,-0.1170339,-0.4016647,TransSharp
495.8798,17.43201,0,-0.3392082,0.2142824,0,0.02514228,9763.75,1.76559,0.8942198,Left,Down,-0.1046783,-0.4061813,TransSharp
495.9198,17.43007,0,-0.3392082,0.2142824,0,0.03428447,9764.447,1.766838,0.8946486,Left,Down,-0.1065312,-0.4100037,TransSharp
495.9598,17.42829,0,-0.3465325,0.2142824,0,0.04232636,9765.145,1.76808,0.8950769,Left,Down,-0.1046783,-0.413826,TransSharp
495.9998,17.4253,0,-0.3685051,0.2142824,0,0.05126011,9765.842,1.769266,0.8955046,Left,Down,-0.1046783,-0.4176407,TransSharp
496.0398,17.42296,0,-0.3987175,0.2142824,0,0.065602,9766.539,1.769273,0.8959314,Left,Down,-0.1046783,-0.421463,TransSharp
496.0798,17.42086,0,-0.4060417,0.2142824,0,0.07850188,9767.236,1.769286,0.8963571,Left,Down,-0.1065312,-0.4252777,TransSharp
496.1198,17.41892,0,-0.4060417,0.2142824,0,0.09024528,9767.934,1.769278,0.8967824,Left,Down,-0.1065312,-0.4291,TransSharp
496.1598,17.41667,0,-0.4060417,0.2142824,0,0.1008372,9768.631,1.769392,0.8972069,Left,Down,-0.1027921,-0.4329071,TransSharp
496.1998,17.41438,0,-0.4060417,0.2142824,0,0.110394,9769.328,1.769711,0.8976304,Left,Down,-0.09278741,-0.4367218,TransSharp
496.2398,17.41204,0,-0.4060417,0.2142824,0,0.1188973,9770.025,1.770021,0.8980532,Left,Down,-0.08846933,-0.4400101,TransSharp
496.2798,17.40974,0,-0.4060417,0.2142824,0,0.1262166,9770.723,1.770336,0.8984754,Left,Down,-0.08846933,-0.4431,TransSharp
496.3198,17.40745,0,-0.4097039,0.2142824,0,0.1327921,9771.42,1.770502,0.8988969,Left,Down,-0.08846933,-0.4461823,TransSharp
496.3598,17.40545,0,-0.4051262,0.2142824,0,0.1384734,9772.115,1.770605,0.8993172,Left,Down,-0.08846933,-0.4492569,TransSharp
496.3998,17.40363,0,-0.4051262,0.2142824,0,0.1428598,9772.811,1.771801,0.899737,Left,Down,-0.08846933,-0.4523392,TransSharp
496.4398,17.40181,0,-0.4051262,0.2142824,0,0.1459806,9773.506,1.772726,0.9001561,Left,Down,-0.08846933,-0.4554214,TransSharp
496.4798,17.39995,0,-0.4051262,0.2182498,0,0.1483559,9774.201,1.773196,0.9005743,Left,Down,-0.08846933,-0.4585037,TransSharp
496.5198,17.39846,0,-0.4042107,0.2182498,0,0.1532097,9774.896,1.773561,0.9009916,Left,Down,-0.08846933,-0.4615707,TransSharp
496.5598,17.39738,0,-0.4042107,0.2182498,0,0.1616316,9775.592,1.773643,0.9014082,Left,Down,-0.08622923,-0.4646454,TransSharp
496.5998,17.3965,0,-0.4042107,0.2182498,0,0.1689746,9776.287,1.773702,0.9018242,Left,Down,-0.07132626,-0.46772,TransSharp
496.6398,17.39582,0,-0.3529412,0.2182498,0,0.175397,9776.982,1.773741,0.9022391,Left,Down,-0.07132626,-0.470253,TransSharp
496.6798,17.39477,0,-0.1533526,0.2182498,0,0.1808923,9777.678,1.773831,0.9026535,Left,Down,-0.07132626,-0.4725266,TransSharp
496.7198,17.39379,0,0.07461548,0.2182498,0,0.1853164,9778.373,1.774132,0.903067,Left,Down,-0.06852804,-0.4747925,TransSharp
496.7598,17.39284,0,0.3675914,0.2182498,0,0.1889997,9779.068,1.774422,0.9034798,Left,Down,-0.06852804,-0.4770584,TransSharp
496.7998,17.39193,0,0.5186534,0.2182498,0,0.1922378,9779.764,1.774889,0.9038916,Left,Down,-0.07132626,-0.4793243,TransSharp
496.8398,17.39107,0,0.5827403,0.2182498,0,0.1952373,9780.459,1.775483,0.9043027,Left,Down,-0.06852804,-0.4815903,TransSharp
496.8798,17.39026,0,0.5644298,0.2182498,0,0.1980194,9781.154,1.776022,0.9047132,Left,Down,-0.06852804,-0.4838638,TransSharp
496.9198,17.38948,0,0.5479503,0.2261845,0,0.2003037,9781.85,1.776382,0.9051226,Left,Down,-0.07132626,-0.4861221,TransSharp
496.9598,17.3903,0,0.5470347,0.2301518,0,0.2022157,9782.545,1.776868,0.9055315,Left,Down,-0.07132626,-0.4883881,TransSharp
496.9998,17.39185,0,0.5470347,0.2341192,0,0.2041846,9783.24,1.777261,0.9059393,Left,Down,-0.06852804,-0.490654,TransSharp
497.0398,17.39409,0,0.5470347,0.2380865,0,0.2061857,9783.936,1.777745,0.9063467,Left,Down,-0.06852804,-0.4929199,TransSharp
497.0798,17.39755,0,0.5470347,0.2420539,0,0.2084948,9784.631,1.777962,0.9067529,Left,Down,-0.06852804,-0.4951782,TransSharp
497.1198,17.40175,0,0.5470347,0.2420539,0,0.2107771,9785.326,1.778316,0.9071587,Straight,Down,-0.04845664,-0.4974442,TransSharp
497.1598,17.40613,0,0.5516124,0.2420539,0,0.2132621,9786.021,1.779198,0.9075634,Straight,Down,-0.04423466,-0.4990692,TransSharp
497.1998,17.41064,0,0.5516124,0.2420539,0,0.2159671,9786.719,1.779991,0.9079673,Straight,Down,-0.04423466,-0.500267,TransSharp
497.2398,17.41516,0,0.5424571,0.2420539,0,0.2193335,9787.416,1.780261,0.9083706,Straight,Down,-0.04423466,-0.5014725,TransSharp
497.2798,17.41964,0,0.4765391,0.2420539,0,0.2233388,9788.113,1.780653,0.9087732,Straight,Down,-0.04845664,-0.5026703,TransSharp
497.3198,17.42415,0,0.3556895,0.2420539,0,0.2277931,9788.811,1.781077,0.9091748,Straight,Down,-0.04423466,-0.5038757,TransSharp
497.3598,17.42829,0,0.1542699,0.2420539,0,0.234143,9789.508,1.781642,0.9095755,Straight,Down,-0.04423466,-0.5050735,TransSharp
497.3998,17.43258,0,0.02883911,0.2460212,0,0.2449651,9790.205,1.781615,0.9099756,Straight,Down,-0.04423466,-0.506279,TransSharp
497.4398,17.43786,0,-0.02883911,0.2460212,0,0.2563079,9790.902,1.781648,0.9103749,Straight,Down,-0.04423466,-0.5074768,TransSharp
497.4798,17.44317,0,-0.02883911,0.2460212,0,0.2683779,9791.6,1.781814,0.9107734,Straight,Down,-0.04423466,-0.5086823,TransSharp
497.5198,17.44821,0,-0.02883911,0.2460212,0,0.2808408,9792.297,1.782158,0.9111708,Straight,Down,-0.04423466,-0.5098877,TransSharp
497.5598,17.45323,0,-0.03341675,0.2460212,0,0.2937763,9792.994,1.782503,0.9115677,Straight,Down,-0.04423466,-0.5110855,TransSharp
497.5998,17.45827,0,-0.03890991,0.2460212,0,0.3071477,9793.692,1.782834,0.9119639,Straight,Down,-0.04423466,-0.5122986,TransSharp
497.6398,17.46329,0,-0.04806519,0.2460212,0,0.3212749,9794.392,1.783289,0.9123589,Straight,Down,-0.04423466,-0.5134964,TransSharp
497.6798,17.46832,0,-0.07187068,0.2499886,0,0.3356536,9795.091,1.783664,0.9127533,Straight,Down,-0.04423466,-0.5147018,TransSharp
497.7198,17.47433,0,-0.1011676,0.2499886,0,0.3503167,9795.79,1.784033,0.9131471,Straight,Down,-0.04423466,-0.5158997,TransSharp
497.7598,17.48026,0,-0.1542681,0.2499886,0,0.3655737,9796.489,1.784292,0.91354,Straight,Down,-0.04423466,-0.5171127,TransSharp
497.7998,17.48615,0,-0.1954687,0.2499886,0,0.3810155,9797.188,1.784631,0.9139317,Straight,Down,-0.04423466,-0.5183105,TransSharp
497.8398,17.49207,0,-0.2330053,0.2499886,0,0.3966011,9797.888,1.785088,0.914323,Straight,Down,-0.04423466,-0.5195236,TransSharp
497.8798,17.49797,0,-0.2632177,0.2499886,0,0.4125477,9798.587,1.785384,0.9147136,Straight,Down,-0.04423466,-0.5207214,TransSharp
497.9198,17.50386,0,-0.2870214,0.2499886,0,0.428437,9799.286,1.785816,0.9151028,Straight,Down,-0.04423466,-0.5219345,TransSharp
497.9598,17.50975,0,-0.3163201,0.2539559,0,0.4443154,9799.987,1.786129,0.9154918,Straight,Down,-0.01978234,-0.52314,TransSharp
497.9998,17.51621,0,-0.3382927,0.2539559,0,0.4601543,9800.688,1.786387,0.9158798,Straight,Down,0,-0.523735,TransSharp
498.0398,17.52288,0,-0.3639275,0.2539559,0,0.4757705,9801.39,1.786399,0.916267,Straight,Down,0,-0.5226746,TransSharp
498.0798,17.52958,0,-0.3639275,0.2539559,0,0.4914606,9802.091,1.78689,0.9166531,Straight,Down,0,-0.5216141,TransSharp
498.1198,17.53624,0,-0.3639275,0.2539559,0,0.5068803,9802.792,1.787204,0.9170387,Straight,Down,0,-0.520546,TransSharp
498.1598,17.54291,0,-0.3639275,0.2182498,0,0.5220134,9803.493,1.787523,0.9174236,Straight,Down,0,-0.5194778,TransSharp
498.1998,17.54238,0,-0.3639275,0.2103151,0,0.5369287,9804.194,1.787869,0.9178072,Straight,Down,0,-0.5184174,TransSharp
498.2398,17.53929,0,-0.3767449,0.2023651,0,0.5513228,9804.896,1.78804,0.9181904,Straight,Down,0,-0.5173492,TransSharp
498.2798,17.53476,0,-0.4170299,0.1706264,0,0.5654923,9805.597,1.78849,0.9185728,Straight,Down,0,-0.5162811,TransSharp
498.3198,17.52391,0,-0.4417491,0.1388876,0,0.5788854,9806.298,1.788829,0.9189544,Straight,Down,0,-0.5152206,TransSharp
498.3598,17.50659,0,-0.4756236,0.1190356,0,0.5917121,9806.999,1.789322,0.9193347,Straight,Down,0,-0.5141602,TransSharp
498.3998,17.48449,0,-0.4838634,0.1111009,0,0.6037557,9807.698,1.789572,0.9197146,Straight,Down,0,-0.513092,TransSharp
498.4398,17.45975,0,-0.4875255,0.1071336,0,0.6151388,9808.397,1.789855,0.9200938,Straight,Down,0,-0.5120392,TransSharp
498.4798,17.43418,0,-0.4756236,0.1071336,0,0.6255956,9809.095,1.79026,0.9204718,Straight,Down,0,-0.5109787,TransSharp
498.5198,17.40877,0,-0.4298472,0.1071336,0,0.635251,9809.792,1.790588,0.9208491,Straight,Down,0,-0.5099182,TransSharp
498.5598,17.38343,0,-0.2632177,0.1349203,0,0.6440442,9810.487,1.790871,0.9212258,Straight,Down,0,-0.5088654,TransSharp
498.5998,17.36454,0,-0.1240557,0.1388876,0,0.6519567,9811.183,1.791191,0.9216016,Straight,Down,0,-0.5078125,TransSharp
498.6398,17.34651,0,0.0050354,0.1388876,0,0.6593066,9811.876,1.791312,0.9219763,Straight,Down,0,-0.5067596,TransSharp
498.6798,17.32853,0,0.02151489,0.142855,0,0.6659398,9812.569,1.791615,0.9223504,Straight,Down,0,-0.5057144,TransSharp
498.7198,17.31152,0,0.02151489,0.1468223,0,0.6720507,9813.263,1.791849,0.9227238,Straight,Down,0,-0.5046616,TransSharp
498.7598,17.29509,0,0.02151489,0.1507896,0,0.6776294,9813.954,1.792146,0.9230963,Straight,Down,0,-0.5036163,TransSharp
498.7998,17.27953,0,0.02151489,0.154757,0,0.6828232,9814.646,1.79269,0.9234678,Straight,Down,0,-0.5025635,TransSharp
498.8398,17.26534,0,0.02151489,0.1587244,0,0.6873802,9815.337,1.793157,0.9238385,Straight,Down,0,-0.5015182,TransSharp
498.8798,17.25175,0,0.02151489,0.166659,0,0.6912483,9816.026,1.793393,0.9242086,Straight,Down,0,-0.500473,TransSharp
498.9198,17.24005,0,0.03250122,0.1706264,0,0.6947317,9816.716,1.793703,0.9245775,Straight,Down,0,-0.4994278,TransSharp
498.9598,17.22958,0,0.0819397,0.1706264,0,0.6979388,9817.405,1.793998,0.924946,Straight,Down,0,-0.4983826,TransSharp
498.9998,17.21908,0,0.1359594,0.1706264,0,0.7007934,9818.095,1.794478,0.9253134,Straight,Down,0,-0.497345,TransSharp
499.0398,17.20859,0,0.2201879,0.1706264,0,0.7033776,9818.783,1.794898,0.9256802,Straight,Down,0,-0.4962997,TransSharp
499.0798,17.19816,0,0.289768,0.1706264,0,0.7055479,9819.471,1.795255,0.9260458,Straight,Down,0,-0.4952621,TransSharp
499.1198,17.18779,0,0.3044164,0.1706264,0,0.7075021,9820.158,1.795681,0.9264108,Straight,Down,0,-0.4942169,TransSharp
499.1598,17.17745,0,0.3080785,0.1706264,0,0.7094417,9820.846,1.796065,0.926775,Straight,Down,0,-0.4931793,TransSharp
499.1998,17.16714,0,0.3080785,0.1706264,0,0.7111161,9821.533,1.796435,0.9271382,Straight,Down,0,-0.4921417,TransSharp
499.2398,17.15687,0,0.3080785,0.1706264,0,0.7126933,9822.219,1.796784,0.9275007,Straight,Down,0,-0.4911041,TransSharp
499.2798,17.1466,0,0.3080785,0.1349203,0,0.7142853,9822.904,1.797053,0.9278624,Straight,Down,0,-0.4900665,TransSharp
499.3198,17.12845,0,0.3080785,0.1309529,0,0.7158746,9823.59,1.797327,0.9282234,Straight,Down,0,-0.4890213,TransSharp
499.3598,17.10942,0,0.2970922,0.1190356,0,0.7175153,9824.274,1.797662,0.9285831,Straight,Down,0,-0.4879837,TransSharp
499.3998,17.08822,0,0.2778661,0.1150683,0,0.7192417,9824.958,1.798218,0.9289424,Straight,Down,0,-0.4869537,TransSharp
499.4398,17.06519,0,0.2604711,0.1031662,0,0.7190546,9825.641,1.798744,0.9293007,Straight,Down,0,-0.4859161,TransSharp
499.4798,17.03993,0,0.2485693,0.1031662,0,0.71504,9826.322,1.79858,0.9296581,Straight,Down,0,-0.4848862,TransSharp
499.5198,17.01471,0,0.2430761,0.1031662,0,0.7113257,9827.003,1.798463,0.9300148,Straight,Down,0,-0.4838562,TransSharp
499.5598,16.9895,0,0.2430761,0.1031662,0,0.7080275,9827.683,1.798377,0.9303707,Straight,Down,0,-0.4828262,TransSharp
499.5998,16.96408,0,0.2366674,0.1031662,0,0.7051315,9828.361,1.798645,0.9307256,Straight,Down,0,-0.4817963,TransSharp
499.6398,16.93867,0,0.2137792,0.1309529,0,0.7025582,9829.039,1.799148,0.9310796,Straight,Down,0,-0.4807663,TransSharp
499.6798,16.91965,0,0.1597631,0.1309529,0,0.7006481,9829.717,1.799641,0.931433,Straight,Down,0,-0.479744,TransSharp
499.7198,16.90048,0,0.09841919,0.1349203,0,0.6990809,9830.393,1.800189,0.9317855,Straight,Down,0,-0.4787216,TransSharp
499.7598,16.88199,0,0.05264282,0.1388876,0,0.6981938,9831.068,1.800451,0.9321371,Straight,Down,0,-0.4776917,TransSharp
499.7998,16.8646,0,0.05264282,0.142855,0,0.6979392,9831.743,1.800467,0.9324877,Straight,Down,0,-0.4766769,TransSharp
499.8398,16.84817,0,0.07553101,0.142855,0,0.6976742,9832.417,1.801323,0.9328377,Straight,Down,0,-0.4756546,TransSharp
499.8798,16.83217,0,0.1057434,0.1468223,0,0.6975901,9833.091,1.802153,0.9331868,Straight,Down,0,-0.4746323,TransSharp
499.9198,16.81715,0,0.1222265,0.154757,0,0.6980667,9833.764,1.802912,0.9335349,Straight,Down,0,-0.4736176,TransSharp
499.9598,16.80375,0,0.1414526,0.154757,0,0.6991976,9834.436,1.803655,0.9338823,Straight,Down,0,-0.4725876,TransSharp
499.9998,16.78962,0,0.1597631,0.154757,0,0.6989969,9835.107,1.804329,0.9342289,Straight,Down,0,-0.4715729,TransSharp
500.0398,16.77604,0,0.1789892,0.1626917,0,0.6940579,9835.779,1.803712,0.9345747,Straight,Down,0,-0.4705582,TransSharp
500.0798,16.76415,0,0.1963842,0.166659,0,0.6895521,9836.449,1.803191,0.9349193,Straight,Down,0.01978234,-0.4695358,TransSharp
500.1198,16.75302,0,0.2128637,0.166659,0,0.6855724,9837.119,1.8028,0.9352634,Right,Down,0.05595291,-0.4683228,TransSharp
500.1598,16.74183,0,0.2421606,0.166659,0,0.6822336,9837.789,1.802835,0.9356067,Right,Down,0.05595291,-0.464859,TransSharp
500.1998,16.73059,0,0.2787817,0.1706264,0,0.679317,9838.459,1.803029,0.9359487,Right,Down,0.05934703,-0.4613953,TransSharp
500.2398,16.72051,0,0.3373754,0.1745937,0,0.6773694,9839.128,1.802981,0.9362902,Right,Down,0.05934703,-0.4579315,TransSharp
500.2798,16.7115,0,0.4087901,0.1745937,0,0.6756306,9839.796,1.803409,0.9366308,Right,Down,0.05595291,-0.4544754,TransSharp
500.3198,16.7026,0,0.4747081,0.1785611,0,0.6744505,9840.464,1.804547,0.9369707,Right,Down,0.05595291,-0.4510193,TransSharp
500.3598,16.69424,0,0.5470347,0.1785611,0,0.6741619,9841.132,1.805952,0.9373094,Right,Down,0.05595291,-0.4475632,TransSharp
500.3998,16.6847,0,0.5836558,0.1785611,0,0.6734823,9841.8,1.807225,0.9376475,Right,Down,0.05595291,-0.4441071,TransSharp
500.4398,16.6757,0,0.619365,0.1825284,0,0.6685488,9842.468,1.806681,0.9379848,Right,Down,0.05595291,-0.4406509,TransSharp
500.4798,16.66824,0,0.6358445,0.1864958,0,0.6641561,9843.134,1.806126,0.9383209,Right,Down,0.05595291,-0.4371948,TransSharp
500.5198,16.66121,0,0.6431687,0.1864958,0,0.6606026,9843.8,1.805709,0.9386564,Right,Down,0.05595291,-0.4337387,TransSharp
500.5598,16.65379,0,0.6468308,0.1864958,0,0.6582993,9844.466,1.805413,0.9389911,Right,Down,0.05595291,-0.4302826,TransSharp
500.5998,16.64697,0,0.6468308,0.1864958,0,0.6571324,9845.132,1.804912,0.939325,Right,Down,0.05595291,-0.4268265,TransSharp
500.6398,16.64056,0,0.6468308,0.1864958,0,0.6567109,9845.798,1.80599,0.9396576,Right,Down,0.05934703,-0.423378,TransSharp
500.6798,16.63377,0,0.6065476,0.1944305,0,0.6572807,9846.464,1.80772,0.9399898,Right,Down,0.07912937,-0.4199295,TransSharp
500.7198,16.62723,0,0.5397105,0.1944305,0,0.6569402,9847.13,1.809386,0.940321,Right,Down,0.08392937,-0.4156418,TransSharp
500.7598,16.62135,0,0.4344249,0.1983978,0,0.6536327,9847.794,1.809035,0.9406515,Right,Down,0.08392937,-0.4109116,TransSharp
500.7998,16.61681,0,0.3630137,0.1983978,0,0.6509978,9848.458,1.808606,0.9409807,Right,Down,0.08392937,-0.406189,TransSharp
500.8398,16.6123,0,0.3327978,0.1983978,0,0.6492877,9849.122,1.807827,0.9413095,Right,Down,0.08622923,-0.4014587,TransSharp
500.8798,16.60786,0,0.3327978,0.2063325,0,0.6489432,9849.786,1.806871,0.9416373,Right,Down,0.08392937,-0.3967438,TransSharp
500.9198,16.6054,0,0.3327978,0.2103151,0,0.6493148,9850.45,1.807932,0.941964,Right,Down,0.08392937,-0.3920212,TransSharp
500.9598,16.60264,0,0.3373754,0.2103151,0,0.6507754,9851.114,1.810346,0.9422901,Right,Down,0.08392937,-0.3872986,TransSharp
500.9998,16.59962,0,0.3446996,0.2142824,0,0.6487491,9851.778,1.811135,0.9426153,Right,Down,0.08392937,-0.3825684,TransSharp
501.0398,16.59751,0,0.3456151,0.2142824,0,0.646535,9852.442,1.810814,0.9429397,Right,Down,0.08392937,-0.3778458,TransSharp
501.0798,16.5958,0,0.3520274,0.2142824,0,0.6451499,9853.106,1.810049,0.943263,Right,Down,0.1008706,-0.3731079,TransSharp
501.1198,16.59572,0,0.3611827,0.2182498,0,0.6447063,9853.771,1.808495,0.9435856,Right,Down,0.1083524,-0.3677826,TransSharp
501.1598,16.59659,0,0.3666759,0.2182498,0,0.6450612,9854.435,1.810249,0.9439074,Right,Down,0.1083524,-0.3618774,TransSharp
501.1998,16.59406,0,0.3685069,0.2182498,0,0.6454847,9855.099,1.812698,0.9442281,Right,Down,0.1083524,-0.355957,TransSharp
501.2398,16.59256,0,0.3685069,0.2182498,0,0.6414918,9855.763,1.812626,0.9445481,Right,Down,0.1083524,-0.3500443,TransSharp
501.2798,16.59063,0,0.3694224,0.2182498,0,0.6393687,9856.427,1.812047,0.9448673,Right,Down,0.1083524,-0.3441238,TransSharp
501.3198,16.59062,0,0.3694224,0.2182498,0,0.637917,9857.091,1.810186,0.9451856,Right,Down,0.1083524,-0.3382034,TransSharp
501.3598,16.59121,0,0.3694224,0.2182498,0,0.6370441,9857.755,1.811975,0.9455029,Right,Down,0.1101434,-0.332283,TransSharp
501.3998,16.58892,0,0.3694224,0.2182498,0,0.6346664,9858.419,1.813969,0.9458194,Right,Down,0.1266688,-0.3263626,TransSharp
501.4398,16.58697,0,0.3694224,0.2182498,0,0.6289755,9859.083,1.813885,0.9461351,Right,Down,0.132704,-0.3197861,TransSharp
501.4798,16.58469,0,0.3694224,0.2182498,0,0.6256924,9859.747,1.812716,0.9464498,Right,Down,0.132704,-0.3126831,TransSharp
501.5198,16.58747,0,0.3740001,0.2182498,0,0.6223376,9860.411,1.812291,0.9467637,Right,Down,0.1341704,-0.3055878,TransSharp
501.5598,16.58433,0,0.3849864,0.2182498,0,0.619089,9861.075,1.81484,0.9470767,Right,Down,0.1341704,-0.2984848,TransSharp
501.5998,16.58183,0,0.4106212,0.2182498,0,0.6106981,9861.739,1.814346,0.9473889,Right,Down,0.1341704,-0.2913818,TransSharp
501.6398,16.57862,0,0.4756236,0.2182498,0,0.6042834,9862.403,1.813098,0.9477001,Right,Down,0.1412742,-0.2842789,TransSharp
501.6798,16.5796,0,0.5296397,0.2182498,0,0.59816,9863.067,1.812897,0.9480106,Right,Down,0.1570175,-0.2771683,TransSharp
501.7198,16.57646,0,0.5415416,0.2182498,0,0.591361,9863.73,1.815736,0.9483202,Right,Down,0.1582588,-0.2689438,TransSharp
501.7598,16.57344,0,0.5516124,0.2182498,0,0.5807954,9864.393,1.815198,0.9486287,Right,Down,0.1582588,-0.2606506,TransSharp
501.7998,16.57207,0,0.5580211,0.2182498,0,0.572074,9865.055,1.813089,0.9489366,Right,Down,0.1582588,-0.2523651,TransSharp
501.8398,16.57142,0,0.5580211,0.2182498,0,0.5640953,9865.717,1.815043,0.9492436,Right,Down,0.1582588,-0.2440643,TransSharp
501.8798,16.5694,0,0.5580211,0.2182498,0,0.5514007,9866.379,1.81589,0.9495496,Right,Down,0.1735894,-0.2357712,TransSharp
501.9198,16.56715,0,0.5580211,0.2182498,0,0.5388181,9867.041,1.816696,0.9498547,Right,Down,0.1823843,-0.227005,TransSharp
501.9598,16.56401,0,0.5580211,0.2182498,0,0.52806,9867.703,1.817324,0.9501591,Right,Down,0.183454,-0.2175064,TransSharp
501.9998,16.563,0,0.5470347,0.2182498,0,0.5120289,9868.365,1.817188,0.9504625,Right,Down,0.1823843,-0.2080002,TransSharp
502.0398,16.56098,0,0.5415416,0.2182498,0,0.495505,9869.027,1.817082,0.950765,Right,Down,0.1855749,-0.1984863,TransSharp
502.0798,16.55897,0,0.5415416,0.2182498,0,0.4795223,9869.689,1.81693,0.9510666,Right,Down,0.2017412,-0.1889801,TransSharp
502.1198,16.55698,0,0.5415416,0.2182498,0,0.464609,9870.352,1.816982,0.9513674,Right,Down,0.20842,-0.1787262,TransSharp
502.1598,16.55499,0,0.5415416,0.2182498,0,0.4496294,9871.014,1.81744,0.9516674,Right,Down,0.20842,-0.167984,TransSharp
502.1998,16.55184,0,0.5415416,0.2182498,0,0.4348598,9871.676,1.818279,0.9519662,Right,Down,0.2093567,-0.1572418,TransSharp
502.2398,16.54898,0,0.5415416,0.2222171,0,0.4152105,9872.338,1.817844,0.9522644,Right,Flat,0.2238118,-0.146492,TransSharp
502.2798,16.54719,0,0.5415416,0.2222171,0,0.3948185,9873,1.817096,0.9525618,Right,Flat,0.235734,-0.1352844,TransSharp
502.3198,16.5454,0,0.5415416,0.2261845,0,0.3762447,9873.662,1.816363,0.9528582,Right,Flat,0.2349025,-0.1232452,TransSharp
502.3598,16.54406,0,0.5415416,0.2301518,0,0.3568743,9874.324,1.81586,0.9531535,Right,Flat,0.235734,-0.1112137,TransSharp
502.3998,16.54373,0,0.5415416,0.2341192,0,0.3390622,9874.986,1.81532,0.9534482,Right,Flat,0.254109,-0.0991745,TransSharp
502.4398,16.54465,0,0.5415416,0.2341192,0,0.3246336,9875.648,1.815295,0.953742,Right,Flat,0.2631872,-0.08642578,TransSharp
502.4798,16.54419,0,0.5415416,0.2341192,0,0.3103358,9876.311,1.814935,0.9540346,Right,Flat,0.2631872,-0.07305145,TransSharp
502.5198,16.54404,0,0.5415416,0.2341192,0,0.2927884,9876.973,1.814148,0.9543266,Right,Flat,0.2748253,-0.05966949,TransSharp
502.5598,16.54398,0,0.5415416,0.2341192,0,0.2762218,9877.635,1.813168,0.9546177,Right,Flat,0.2907402,-0.04610443,TransSharp
502.5998,16.54378,0,0.5415416,0.2341192,0,0.2620973,9878.297,1.812735,0.954908,Right,Flat,0.2907402,-0.03136444,TransSharp
502.6398,16.54361,0,0.5415416,0.2341192,0,0.2511125,9878.959,1.812669,0.9551971,Right,Flat,0.2382111,-0.01662445,TransSharp
502.6798,16.5433,0,0.5415416,0.2103151,0,0.2437602,9879.621,1.81293,0.9554856,Right,Flat,0.1678588,-0.001075745,TransSharp
502.7198,16.53747,0,0.5415416,0.2103151,0,0.2392277,9880.283,1.813397,0.9557732,Right,Flat,0.1690205,0.01990509,TransSharp
502.7598,16.53181,0,0.5415416,0.2103151,0,0.2388813,9880.945,1.814292,0.9560596,Right,Flat,0.1690205,0.0408783,TransSharp
502.7998,16.52609,0,0.5415416,0.2023651,0,0.2402129,9881.606,1.815845,0.9563454,Right,Flat,0.1690205,0.06186676,TransSharp
502.8398,16.51828,0,0.5415416,0.2023651,0,0.2376423,9882.267,1.817341,0.9566303,Right,Flat,0.1690205,0.08283997,TransSharp
502.8798,16.51053,0,0.5415416,0.1983978,0,0.2329978,9882.927,1.818701,0.9569144,Right,Flat,0.1480375,0.1038055,TransSharp
502.9198,16.5019,0,0.5415416,0.1983978,0,0.2282057,9883.587,1.819181,0.9571972,Right,Flat,0.1341704,0.123085,TransSharp
502.9598,16.49354,0,0.5415416,0.1983978,0,0.2251605,9884.247,1.819729,0.9574795,Right,Flat,0.1341704,0.1403809,TransSharp
502.9998,16.48469,0,0.540626,0.1983978,0,0.2227766,9884.907,1.820492,0.9577608,Right,Up,0.1341704,0.1576614,TransSharp
503.0398,16.4758,0,0.540626,0.1983978,0,0.2205644,9885.566,1.82132,0.9580413,Right,Up,0.1341704,0.1749344,TransSharp
503.0798,16.46697,0,0.540626,0.1983978,0,0.2197582,9886.225,1.822133,0.9583206,Right,Up,0.1356209,0.1921997,TransSharp
503.1198,16.45819,0,0.5360484,0.1983978,0,0.2196419,9886.883,1.822388,0.9585993,Right,Up,0.1356209,0.2094498,TransSharp
503.1598,16.44942,0,0.5287242,0.1983978,0,0.220884,9887.541,1.822512,0.958877,Right,Up,0.1170339,0.2266998,TransSharp
503.1998,16.4407,0,0.4582286,0.1983978,0,0.2234124,9888.199,1.822613,0.9591538,Right,Up,0.1083524,0.2421341,TransSharp
503.2398,16.43198,0,0.3694224,0.1983978,0,0.2272545,9888.857,1.823434,0.9594297,Right,Up,0.1083524,0.2557907,TransSharp
503.2798,16.42275,0,0.2613866,0.2222171,0,0.2306081,9889.514,1.824517,0.9597048,Right,Up,0.1083524,0.2694321,TransSharp
503.3198,16.41754,0,0.2439916,0.2301518,0,0.2305717,9890.17,1.824367,0.959979,Right,Up,0.1083524,0.2830734,TransSharp
503.3598,16.41554,0,0.2439916,0.2301518,0,0.2328525,9890.826,1.823825,0.960252,Right,Up,0.1083524,0.2967224,TransSharp
503.3998,16.41377,0,0.2311742,0.2301518,0,0.2366935,9891.482,1.823123,0.9605244,Right,Up,0.1083524,0.3103638,TransSharp
503.4398,16.41159,0,0.1963842,0.2341192,0,0.2411385,9892.139,1.823181,0.9607959,Right,Up,0.1083524,0.3239899,TransSharp
503.4798,16.41008,0,0.1524389,0.2341192,0,0.2480464,9892.795,1.823075,0.9610664,Right,Up,0.1027921,0.337616,TransSharp
503.5198,16.40876,0,0.110321,0.2341192,0,0.254673,9893.451,1.822995,0.961336,Right,Up,0.08846933,0.3512421,TransSharp
503.5598,16.40753,0,0.02243042,0.2341192,0,0.2623464,9894.107,1.822703,0.9616048,Right,Up,0.08392937,0.3621826,TransSharp
503.5998,16.40636,0,-0.08194149,0.2380865,0,0.2696208,9894.764,1.8223,0.9618727,Right,Up,0.08622923,0.3725967,TransSharp
503.6398,16.40618,0,-0.1615924,0.2380865,0,0.2761777,9895.42,1.822476,0.9621395,Right,Up,0.08622923,0.3830185,TransSharp
503.6798,16.406,0,-0.2375829,0.2380865,0,0.2821503,9896.076,1.822505,0.9624056,Right,Up,0.08392937,0.3934326,TransSharp
503.7198,16.4058,0,-0.2632177,0.2420539,0,0.2881601,9896.732,1.822598,0.9626708,Right,Up,0.08622923,0.403862,TransSharp
503.7598,16.40623,0,-0.3053337,0.2420539,0,0.2937073,9897.389,1.822826,0.9629349,Right,Up,0.08392937,0.4142761,TransSharp
503.7998,16.40685,0,-0.3575188,0.2460212,0,0.2992832,9898.045,1.823032,0.9631983,Right,Up,0.08392937,0.4246902,TransSharp
503.8398,16.40821,0,-0.4005486,0.2499886,0,0.305751,9898.701,1.823609,0.9634607,Right,Up,0.08622923,0.435112,TransSharp
503.8798,16.40996,0,-0.471046,0.2539559,0,0.3076056,9899.357,1.823585,0.9637223,Right,Up,0.08622923,0.4455338,TransSharp
503.9198,16.4129,0,-0.5076671,0.2579232,0,0.3077199,9900.014,1.823428,0.9639828,Right,Up,0.08156469,0.4559631,TransSharp
503.9598,16.41678,0,-0.5186534,0.2579232,0,0.307981,9900.67,1.823376,0.9642426,Right,Up,0.06852804,0.4663925,TransSharp
503.9998,16.42075,0,-0.5168223,0.2579232,0,0.308236,9901.326,1.823462,0.9645014,Right,Up,0.0656106,0.4746246,TransSharp
504.0398,16.42405,0,-0.5168223,0.2579232,0,0.3080748,9901.982,1.82341,0.9647594,Right,Up,0.06255726,0.4821701,TransSharp
504.0798,16.42734,0,-0.5168223,0.2579232,0,0.3076107,9902.639,1.823414,0.9650163,Right,Up,0.0656106,0.4897079,TransSharp
504.1198,16.4306,0,-0.5122447,0.2579232,0,0.3067974,9903.295,1.823739,0.9652725,Right,Up,0.0656106,0.4972534,TransSharp
504.1598,16.43386,0,-0.4948497,0.2618906,0,0.3054294,9903.953,1.824302,0.9655277,Right,Up,0.0656106,0.5047989,TransSharp
504.1998,16.43773,0,-0.3877312,0.2618906,0,0.3034129,9904.611,1.824786,0.9657818,Right,Up,0.0656106,0.5123444,TransSharp
504.2398,16.44178,0,-0.2439916,0.2618906,0,0.300948,9905.27,1.825217,0.9660353,Right,Up,0.0656106,0.5198898,TransSharp
504.2798,16.44586,0,-0.05355835,0.2618906,0,0.2978126,9905.928,1.825678,0.9662878,Right,Up,0.0656106,0.5274353,TransSharp
504.3198,16.44996,0,0.04440308,0.2618906,0,0.2943648,9906.586,1.826037,0.9665393,Right,Up,0.06255726,0.5349884,TransSharp
504.3598,16.45405,0,0.2137792,0.2618906,0,0.2903526,9907.244,1.826552,0.9667899,Right,Up,0.0656106,0.5425491,TransSharp
504.3998,16.45815,0,0.4042125,0.2618906,0,0.2860963,9907.902,1.827283,0.9670397,Right,Up,0.06255726,0.5501022,TransSharp
504.4398,16.46228,0,0.4527354,0.2618906,0,0.2817962,9908.561,1.827886,0.9672886,Right,Up,0.0656106,0.5576553,TransSharp
504.4798,16.46639,0,0.4518199,0.2618906,0,0.277593,9909.219,1.828375,0.9675363,Right,Up,0.0656106,0.5652084,TransSharp
504.5198,16.47052,0,0.4325938,0.2618906,0,0.2734044,9909.877,1.828555,0.9677833,Right,Up,0.05595291,0.5727692,TransSharp
504.5598,16.47469,0,0.4289317,0.2618906,0,0.2692392,9910.535,1.828634,0.9680295,Straight,Up,0.04845664,0.5798874,TransSharp
504.5998,16.47882,0,0.4344249,0.2618906,0,0.2650592,9911.193,1.828771,0.9682747,Straight,Up,0.04845664,0.5847855,TransSharp
504.6398,16.48311,0,0.4454112,0.2618906,0,0.2608285,9911.854,1.82925,0.9685189,Straight,Up,0.04423466,0.5896835,TransSharp
504.6798,16.48676,0,0.4463267,0.2618906,0,0.2562421,9912.514,1.830984,0.9687623,Straight,Up,0.04423466,0.5945816,TransSharp
504.7198,16.49041,0,0.4444957,0.2618906,0,0.244728,9913.174,1.831773,0.9690048,Straight,Up,0.04845664,0.5994797,TransSharp
504.7598,16.49411,0,0.3556895,0.2618906,0,0.23197,9913.834,1.831573,0.9692461,Straight,Up,0.04423466,0.6043777,TransSharp
504.7998,16.49784,0,0.1954687,0.2618906,0,0.2196233,9914.494,1.831051,0.9694868,Straight,Up,0.04845664,0.6092834,TransSharp
504.8398,16.5016,0,0.08743286,0.2618906,0,0.2080004,9915.154,1.830752,0.9697266,Straight,Up,0.04423466,0.6141891,TransSharp
504.8798,16.50498,0,0.03982544,0.2618906,0,0.1967494,9915.814,1.830375,0.9699654,Straight,Up,0.04423466,0.6190948,TransSharp
504.9198,16.50832,0,0.06271362,0.2618906,0,0.1860029,9916.475,1.830164,0.970203,Straight,Up,0.04845664,0.6239929,TransSharp
504.9598,16.51167,0,0.1185644,0.2618906,0,0.1754385,9917.135,1.829975,0.9704401,Straight,Up,0.04423466,0.6288986,TransSharp
504.9998,16.51502,0,0.1515234,0.2618906,0,0.1650193,9917.795,1.830267,0.9706762,Straight,Up,0.04423466,0.6338043,TransSharp
505.0398,16.51834,0,0.1533544,0.2618906,0,0.155019,9918.455,1.83058,0.9709111,Straight,Up,0.04423466,0.6387177,TransSharp
505.0798,16.52164,0,0.1533544,0.2618906,0,0.1453317,9919.115,1.830825,0.9711454,Straight,Up,0.04423466,0.6436157,TransSharp
505.1198,16.52495,0,0.1533544,0.2618906,0,0.1361852,9919.775,1.831065,0.9713787,Straight,Up,0.04845664,0.6485291,TransSharp
505.1598,16.52827,0,0.1533544,0.2618906,0,0.1273963,9920.436,1.831343,0.9716111,Straight,Up,0.04845664,0.6534348,TransSharp
505.1998,16.53159,0,0.1533544,0.2618906,0,0.1190581,9921.098,1.831661,0.9718424,Straight,Up,0.04845664,0.6583481,TransSharp
505.2398,16.53485,0,0.1533544,0.2618906,0,0.1111688,9921.76,1.831845,0.972073,Straight,Up,0.04845664,0.6632538,TransSharp
505.2798,16.53815,0,0.1121521,0.2618906,0,0.103638,9922.422,1.831929,0.9723027,Straight,Up,0.04423466,0.6681671,TransSharp
505.3198,16.54142,0,0.05630493,0.2618906,0,0.09648097,9923.084,1.832031,0.9725314,Straight,Up,0.04845664,0.6730804,TransSharp
505.3598,16.54471,0,-0.02243042,0.2618906,0,0.08958238,9923.746,1.832156,0.9727589,Straight,Up,0.03426402,0.6779861,TransSharp
505.3998,16.54801,0,-0.04806519,0.2618906,0,0.08301893,9924.408,1.832357,0.9729859,Straight,Up,0.02797646,0.6815643,TransSharp
505.4398,16.55127,0,-0.05172729,0.2618906,0,0.07680494,9925.07,1.832641,0.9732118,Straight,Up,0.01978234,0.6837463,TransSharp
505.4798,16.55455,0,-0.05172729,0.2618906,0,0.07067463,9925.732,1.832968,0.9734366,Straight,Up,0.02797646,0.6859283,TransSharp
505.5198,16.5578,0,-0.05172729,0.2618906,0,0.06473455,9926.395,1.833293,0.9736608,Straight,Up,0.02797646,0.6881104,TransSharp
505.5598,16.56102,0,-0.05172729,0.2658579,0,0.05903041,9927.057,1.833469,0.973884,Straight,Up,0.02797646,0.6903,TransSharp
505.5998,16.56525,0,-0.05172729,0.2698253,0,0.05339408,9927.719,1.833604,0.9741062,Straight,Up,0.02797646,0.692482,TransSharp
505.6398,16.57003,0,-0.05172729,0.2698253,0,0.04807001,9928.381,1.833871,0.9743273,Straight,Up,0.02797646,0.694664,TransSharp
505.6798,16.57495,0,-0.05172729,0.2698253,0,0.04280677,9929.043,1.834176,0.9745478,Straight,Up,0.02797646,0.6968536,TransSharp
505.7198,16.5799,0,-0.0590533,0.2698253,0,0.03741723,9929.707,1.834548,0.9747673,Straight,Up,0.02797646,0.6990356,TransSharp
505.7598,16.58482,0,-0.07095516,0.2698253,0,0.03221908,9930.371,1.834786,0.9749857,Straight,Up,0.01978234,0.7012329,TransSharp
505.7998,16.58975,0,-0.07095516,0.2698253,0,0.02725571,9931.035,1.835001,0.9752033,Straight,Up,0.02797646,0.7034149,TransSharp
505.8398,16.59466,0,-0.06363094,0.2698253,0,0.02245894,9931.699,1.835242,0.9754201,Straight,Up,0.02797646,0.7056046,TransSharp
505.8798,16.59953,0,-0.04714966,0.2737926,0,0.01766178,9932.363,1.835482,0.9756358,Straight,Up,0.02797646,0.7077942,TransSharp
505.9198,16.60535,0,-0.04074097,0.2737926,0,0.01310018,9933.027,1.835557,0.9758505,Straight,Up,0.02797646,0.7099838,TransSharp
505.9598,16.6111,0,-0.04074097,0.2737926,0,0.008329749,9933.691,1.835663,0.9760644,Straight,Up,0.02797646,0.7121735,TransSharp
505.9998,16.61682,0,-0.03341675,0.2737926,0,0.003720492,9934.355,1.835732,0.9762774,Straight,Up,0.02797646,0.7143631,TransSharp
506.0398,16.62234,0,-0.01693726,0.2737926,0,-0.0009352565,9935.02,1.835944,0.9764894,Straight,Up,0.02797646,0.7165604,TransSharp
506.0798,16.62848,0,-0.009613037,0.2737926,0,-0.006877661,9935.685,1.835974,0.9767005,Straight,Up,0.02797646,0.71875,TransSharp
506.1198,16.63441,0,-0.0050354,0.2737926,0,-0.01858541,9936.351,1.836261,0.9769106,Straight,Up,0.02797646,0.7209396,TransSharp
506.1598,16.64025,0,0.004119873,0.2737926,0,-0.03050819,9937.017,1.836585,0.97712,Straight,Up,0.02797646,0.7231369,TransSharp
506.1998,16.6461,0,0.01052856,0.2737926,0,-0.04230505,9937.683,1.836861,0.9773282,Straight,Up,0.02797646,0.7253265,TransSharp
506.2398,16.652,0,0.01419067,0.2737926,0,-0.05415848,9938.349,1.837076,0.9775356,Straight,Up,0.02797646,0.7275238,TransSharp
506.2798,16.65796,0,0.01419067,0.2737926,0,-0.06608939,9939.015,1.837341,0.977742,Straight,Up,0.02797646,0.7297211,TransSharp
506.3198,16.66393,0,0.01602173,0.2737926,0,-0.07796955,9939.681,1.837469,0.9779476,Straight,Up,0.02797646,0.7319107,TransSharp
506.3598,16.66989,0,0.03250122,0.2737926,0,-0.08996749,9940.347,1.837488,0.9781521,Straight,Up,0.02797646,0.7341156,TransSharp
506.3998,16.67582,0,0.0453186,0.2737926,0,-0.1020596,9941.014,1.837444,0.9783558,Straight,Up,0.02797646,0.7363129,TransSharp
506.4398,16.68175,0,0.05172729,0.2737926,0,-0.1140633,9941.682,1.837534,0.9785585,Straight,Up,0.02797646,0.7385101,TransSharp
506.4798,16.68763,0,0.05172729,0.2737926,0,-0.1260709,9942.35,1.837663,0.9787602,Straight,Up,0.01978234,0.7407074,TransSharp
506.5198,16.69349,0,0.05172729,0.2737926,0,-0.1381274,9943.018,1.837873,0.9789612,Straight,Up,0.02797646,0.7429123,TransSharp
506.5598,16.69934,0,0.05722046,0.2737926,0,-0.1501335,9943.686,1.838139,0.9791611,Straight,Up,0.02797646,0.7451096,TransSharp
506.5998,16.70517,0,0.06912231,0.2737926,0,-0.1620969,9944.354,1.838173,0.9793601,Straight,Up,0.02797646,0.7473145,TransSharp
506.6398,16.71099,0,0.08102417,0.2737926,0,-0.1739937,9945.021,1.838236,0.9795581,Straight,Up,0.02797646,0.7495117,TransSharp
506.6798,16.71679,0,0.1039124,0.2737926,0,-0.1858259,9945.689,1.838501,0.9797552,Straight,Up,0.02797646,0.7517166,TransSharp
506.7198,16.72256,0,0.1121521,0.2737926,0,-0.197761,9946.357,1.838741,0.9799514,Straight,Up,0.01978234,0.7539215,TransSharp
506.7598,16.72833,0,0.1121521,0.2737926,0,-0.2096079,9947.027,1.838921,0.9801465,Straight,Up,0,0.7560501,TransSharp
506.7998,16.73406,0,0.1121521,0.2737926,0,-0.2214036,9947.697,1.839054,0.9803408,Straight,Up,0,0.7526321,TransSharp
506.8398,16.73979,0,0.1121521,0.2737926,0,-0.232937,9948.367,1.839266,0.9805343,Straight,Up,0,0.7492142,TransSharp
506.8798,16.74551,0,0.1121521,0.2737926,0,-0.2444483,9949.037,1.839352,0.9807268,Straight,Up,0,0.7457962,TransSharp
506.9198,16.7512,0,0.1121521,0.2737926,0,-0.2557601,9949.707,1.839491,0.9809182,Straight,Up,0,0.7423782,TransSharp
506.9598,16.75687,0,0.1121521,0.2737926,0,-0.2670277,9950.377,1.839797,0.9811088,Straight,Up,0,0.7389526,TransSharp
506.9998,16.76254,0,0.1121521,0.2737926,0,-0.2781648,9951.047,1.839923,0.9812984,Straight,Up,0,0.7355347,TransSharp
507.0398,16.76816,0,0.1121521,0.2737926,0,-0.2892077,9951.717,1.8401,0.981487,Straight,Up,0,0.7321014,TransSharp
507.0798,16.77379,0,0.1121521,0.2737926,0,-0.2998745,9952.388,1.840272,0.9816748,Straight,Up,0,0.7286835,TransSharp
507.1198,16.77939,0,0.1121521,0.2737926,0,-0.3104753,9953.06,1.840511,0.9818617,Straight,Up,0,0.7252502,TransSharp
507.1598,16.78497,0,0.1121521,0.2737926,0,-0.3210099,9953.731,1.840821,0.9820476,Straight,Up,0,0.7218246,TransSharp
507.1998,16.79054,0,0.1121521,0.2737926,0,-0.3314576,9954.403,1.841166,0.9822323,Straight,Up,0,0.718399,TransSharp
507.2398,16.79608,0,0.1121521,0.2737926,0,-0.3416332,9955.075,1.841424,0.9824164,Straight,Up,0,0.7149658,TransSharp
507.2798,16.80162,0,0.1121521,0.2737926,0,-0.3526475,9955.747,1.841697,0.9825995,Straight,Up,0,0.7115402,TransSharp
507.3198,16.80714,0,0.1121521,0.2737926,0,-0.3654044,9956.419,1.84203,0.9827816,Straight,Up,0,0.7080994,TransSharp
507.3598,16.81265,0,0.1057434,0.2737926,0,-0.3788932,9957.091,1.84267,0.9829627,Straight,Up,0,0.7046661,TransSharp
507.3998,16.81814,0,0.1002502,0.2737926,0,-0.3948944,9957.763,1.843222,0.9831429,Straight,Up,0,0.7012329,TransSharp
507.4398,16.8236,0,0.09933472,0.2737926,0,-0.4096966,9958.436,1.843545,0.9833223,Straight,Up,0,0.6977997,TransSharp
507.4798,16.82904,0,0.09384155,0.2737926,0,-0.4261287,9959.109,1.84342,0.9835004,Straight,Up,0,0.6943588,TransSharp
507.5198,16.83449,0,0.08926392,0.2737926,0,-0.4407999,9959.783,1.842949,0.9836779,Straight,Up,0,0.6909256,TransSharp
507.5598,16.83992,0,0.08834839,0.2737926,0,-0.4526504,9960.457,1.842561,0.9838544,Straight,Up,0,0.6874847,TransSharp
507.5998,16.84532,0,0.0819397,0.2737926,0,-0.4643535,9961.131,1.842359,0.9840299,Straight,Up,0,0.6840439,TransSharp
507.6398,16.85069,0,0.0819397,0.2737926,0,-0.4743474,9961.805,1.84235,0.9842044,Straight,Up,0,0.680603,TransSharp
507.6798,16.85607,0,0.0819397,0.2737926,0,-0.4840162,9962.479,1.842532,0.9843781,Straight,Up,0,0.6771622,TransSharp
507.7198,16.86143,0,0.0819397,0.2737926,0,-0.4932039,9963.152,1.842459,0.9845507,Straight,Up,0,0.6737213,TransSharp
507.7598,16.86679,0,0.0819397,0.2737926,0,-0.5017118,9963.826,1.842451,0.9847224,Straight,Up,0,0.6702728,TransSharp
507.7998,16.87211,0,0.0819397,0.2737926,0,-0.5104377,9964.501,1.842338,0.9848932,Straight,Up,0,0.6668243,TransSharp
507.8398,16.8774,0,0.0819397,0.2737926,0,-0.5184283,9965.177,1.842378,0.9850631,Straight,Up,0,0.6633759,TransSharp
507.8798,16.88272,0,0.0819397,0.2737926,0,-0.5264636,9965.853,1.84237,0.985232,Straight,Up,0,0.659935,TransSharp
507.9198,16.88797,0,0.0819397,0.2737926,0,-0.5338321,9966.528,1.842429,0.9853998,Straight,Up,0,0.6564865,TransSharp
507.9598,16.89324,0,0.0819397,0.2737926,0,-0.5406846,9967.204,1.842421,0.9855669,Straight,Up,0,0.6530304,TransSharp
507.9998,16.8985,0,0.0819397,0.2737926,0,-0.5473248,9967.88,1.841962,0.985733,Straight,Up,0,0.6495819,TransSharp
508.0398,16.90373,0,0.0819397,0.2737926,0,-0.5534772,9968.556,1.841409,0.9858981,Straight,Up,0,0.6461334,TransSharp
508.0798,16.90894,0,0.0819397,0.2737926,0,-0.5592617,9969.231,1.840433,0.9860622,Straight,Up,0,0.6426773,TransSharp
508.1198,16.91416,0,0.0819397,0.2737926,0,-0.5648068,9969.907,1.839668,0.9862255,Straight,Up,0,0.6392288,TransSharp
508.1598,16.91934,0,0.08102417,0.2737926,0,-0.569657,9970.584,1.838892,0.9863877,Straight,Up,0,0.6357727,TransSharp
508.1998,16.92451,0,0.08102417,0.2737926,0,-0.5729676,9971.262,1.837312,0.986549,Straight,Up,0,0.6323166,TransSharp
508.2398,16.92966,0,0.08102417,0.2737926,0,-0.5750409,9971.939,1.834989,0.9867094,Straight,Up,0,0.6288528,TransSharp
508.2798,16.93482,0,0.08102417,0.2737926,0,-0.5745252,9972.617,1.829787,0.9868689,Straight,Up,0,0.6253967,TransSharp
508.3198,16.93993,0,0.08102417,0.2737926,0,-0.5737258,9973.295,1.824041,0.9870273,Straight,Up,0,0.6219406,TransSharp
508.3598,16.94504,0,0.07644653,0.2737926,0,-0.5743753,9973.973,1.820427,0.9871849,Straight,Up,0,0.6184769,TransSharp
508.3998,16.95015,0,0.07461548,0.2737926,0,-0.5744987,9974.65,1.81809,0.9873414,Straight,Up,0,0.6150131,TransSharp
508.4398,16.95523,0,0.07461548,0.2737926,0,-0.5753459,9975.328,1.818738,0.9874971,Straight,Up,0,0.6115494,TransSharp
508.4798,16.9603,0,0.07461548,0.2737926,0,-0.5743339,9976.006,1.820822,0.9876517,Straight,Up,0,0.6080856,TransSharp
508.5198,16.96535,0,0.07461548,0.2737926,0,-0.5727268,9976.684,1.823778,0.9878054,Straight,Up,0,0.6046219,TransSharp
508.5598,16.97038,0,0.07461548,0.2737926,0,-0.5720341,9977.363,1.826379,0.9879582,Straight,Up,0,0.6011581,TransSharp
508.5998,16.9754,0,0.07461548,0.2737926,0,-0.5708278,9978.043,1.829259,0.9881101,Straight,Up,0,0.5976944,TransSharp
508.6398,16.98042,0,0.07461548,0.2737926,0,-0.571104,9978.723,1.830858,0.9882609,Straight,Up,0,0.594223,TransSharp
508.6798,16.98541,0,0.07461548,0.2737926,0,-0.5714599,9979.402,1.832538,0.9884108,Straight,Up,0,0.5907516,TransSharp
508.7198,16.99039,0,0.07461548,0.2737926,0,-0.5724024,9980.082,1.833974,0.9885597,Straight,Up,0,0.5872803,TransSharp
508.7598,16.99536,0,0.07461548,0.2737926,0,-0.5738785,9980.762,1.835054,0.9887077,Straight,Up,0,0.5838165,TransSharp
508.7998,17.0003,0,0.07461548,0.2737926,0,-0.5751424,9981.441,1.836202,0.9888548,Straight,Up,0,0.5803452,TransSharp
508.8398,17.00523,0,0.08102417,0.2737926,0,-0.5763892,9982.121,1.836919,0.9890009,Straight,Up,0,0.5768738,TransSharp
508.8798,17.01015,0,0.1048279,0.2737926,0,-0.57766,9982.801,1.837517,0.9891461,Straight,Up,0,0.5733948,TransSharp
508.9198,17.01504,0,0.1121521,0.2737926,0,-0.5787033,9983.48,1.837608,0.9892902,Straight,Up,0,0.5699234,TransSharp
508.9598,17.01994,0,0.1130676,0.2737926,0,-0.579675,9984.162,1.837792,0.9894335,Straight,Up,0,0.5664444,TransSharp
508.9998,17.02481,0,0.1130676,0.2737926,0,-0.5803034,9984.844,1.838106,0.9895758,Straight,Up,0,0.5629654,TransSharp
509.0398,17.02968,0,0.1130676,0.2737926,0,-0.5807344,9985.525,1.838363,0.9897171,Straight,Up,0,0.559494,TransSharp
509.0798,17.03453,0,0.1130676,0.2737926,0,-0.5811011,9986.207,1.83883,0.9898576,Straight,Up,0,0.556015,TransSharp
509.1198,17.03934,0,0.1130676,0.2737926,0,-0.5812365,9986.889,1.839485,0.989997,Straight,Up,0,0.5525284,TransSharp
509.1598,17.04416,0,0.1130676,0.2737926,0,-0.5809357,9987.57,1.840626,0.9901354,Straight,Up,0,0.549057,TransSharp
509.1998,17.04897,0,0.1112366,0.2737926,0,-0.5803797,9988.252,1.841502,0.9902729,Straight,Up,0,0.5455704,TransSharp
509.2398,17.05375,0,0.1112366,0.2737926,0,-0.5797461,9988.934,1.840688,0.9904095,Straight,Up,0.01978234,0.5420914,TransSharp
509.2798,17.05851,0,0.1112366,0.2737926,0,-0.5788405,9989.615,1.837784,0.9905451,Straight,Up,0,0.5386047,TransSharp
509.3198,17.06327,0,0.1112366,0.2737926,0,-0.577142,9990.297,1.83377,0.9906797,Straight,Up,0,0.5351181,TransSharp
509.3598,17.06803,0,0.1112366,0.2737926,0,-0.5750154,9990.98,1.831376,0.9908134,Straight,Up,0,0.5316391,TransSharp
509.3998,17.07276,0,0.1112366,0.2737926,0,-0.571876,9991.664,1.830149,0.9909462,Straight,Up,0,0.5281448,TransSharp
509.4398,17.07747,0,0.1112366,0.2737926,0,-0.5684748,9992.348,1.830451,0.991078,Straight,Up,0,0.5246658,TransSharp
509.4798,17.08216,0,0.1112366,0.2737926,0,-0.5643455,9993.031,1.832305,0.9912087,Straight,Up,0,0.5211716,TransSharp
509.5198,17.08687,0,0.1112366,0.2737926,0,-0.5599808,9993.715,1.834431,0.9913386,Straight,Up,0,0.5176849,TransSharp
509.5598,17.09154,0,0.1112366,0.2737926,0,-0.5557506,9994.398,1.836969,0.9914675,Straight,Up,0,0.5141907,TransSharp
509.5998,17.0962,0,0.1112366,0.2737926,0,-0.5511253,9995.082,1.840766,0.9915956,Straight,Up,0,0.510704,TransSharp
509.6398,17.10084,0,0.1112366,0.2737926,0,-0.5468782,9995.766,1.842872,0.9917223,Straight,Up,0.01978234,0.5072098,TransSharp
509.6798,17.10547,0,0.1112366,0.2737926,0,-0.5421454,9996.449,1.844488,0.9918485,Straight,Up,0,0.5037231,TransSharp
509.7198,17.11011,0,0.1112366,0.2737926,0,-0.5377171,9997.133,1.845366,0.9919736,Straight,Up,0,0.5002289,TransSharp
509.7598,17.11471,0,0.1112366,0.2737926,0,-0.5336357,9997.817,1.845686,0.9920976,Straight,Up,0,0.4967346,TransSharp
509.7998,17.1193,0,0.1112366,0.2737926,0,-0.5290003,9998.503,1.846164,0.9922208,Straight,Up,0,0.4932404,TransSharp
509.8398,17.12387,0,0.1112366,0.2737926,0,-0.5242944,9999.188,1.846953,0.992343,Straight,Up,0,0.4897385,TransSharp
509.8798,17.12844,0,0.1112366,0.2737926,0,-0.5192522,9999.874,1.847827,0.9924642,Straight,Up,0,0.4862442,TransSharp
509.9198,17.13297,0,0.1112366,0.2737926,0,-0.5140391,10000.56,1.849125,0.9925845,Straight,Up,0,0.4827499,TransSharp
509.9598,17.1375,0,0.1112366,0.2737926,0,-0.5090232,10001.25,1.8495,0.9927038,Straight,Up,0,0.4792404,TransSharp
509.9998,17.14203,0,0.1112366,0.2737926,0,-0.5042896,10001.93,1.848711,0.9928222,Straight,Up,0,0.4757462,TransSharp
510.0398,17.14655,0,0.1112366,0.2737926,0,-0.4991347,10002.62,1.847764,0.9929395,Straight,Up,0,0.4722443,TransSharp
510.0798,17.1506,0,0.1112366,0.2737926,0,-0.4938666,10003.3,1.8463,0.9930559,Straight,Up,0,0.4687424,TransSharp
510.1198,17.1562,0,0.09933472,0.2737926,0,-0.4878414,10003.99,1.844414,0.9931715,Straight,Up,0,0.4652481,TransSharp
510.1598,17.16276,0,0.06362915,0.2737926,0,-0.4775988,10004.67,1.846042,0.993286,Straight,Up,0,0.4617462,TransSharp
510.1998,17.16881,0,0.01602173,0.2737926,0,-0.4662577,10005.36,1.848466,0.9933994,Straight,Up,0,0.4582443,TransSharp
510.2398,17.17454,0,-0.0352478,0.2737926,0,-0.4547824,10006.05,1.850423,0.993512,Straight,Up,0,0.4547501,TransSharp
510.2798,17.17996,0,-0.1478595,0.2737926,0,-0.4432645,10006.74,1.850916,0.9936237,Straight,Up,0,0.4512482,TransSharp
510.3198,17.18724,0,-0.2806127,0.2737926,0,-0.4312778,10007.42,1.850968,0.9937344,Straight,Up,0,0.4477386,TransSharp
510.3598,17.19444,0,-0.3877312,0.2737926,0,-0.4194852,10008.11,1.85072,0.993844,Straight,Up,0,0.4442215,TransSharp
510.3998,17.20154,0,-0.5122447,0.2737926,0,-0.4077267,10008.8,1.850444,0.9939528,Straight,Up,0,0.440712,TransSharp
510.4398,17.20853,0,-0.5726713,0.2737926,0,-0.3965439,10009.49,1.850043,0.9940606,Straight,Up,0,0.4371948,TransSharp
510.4798,17.21544,0,-0.5763334,0.2737926,0,-0.3862396,10010.17,1.849277,0.9941673,Straight,Up,0,0.4336853,TransSharp
510.5198,17.22232,0,-0.5525297,0.2737926,0,-0.3761654,10010.86,1.848479,0.9942732,Straight,Up,0,0.4301682,TransSharp
510.5598,17.22914,0,-0.5433744,0.2737926,0,-0.3662261,10011.55,1.848276,0.9943781,Straight,Up,0,0.426651,TransSharp
510.5998,17.2359,0,-0.5406278,0.2737926,0,-0.3566111,10012.24,1.848594,0.994482,Straight,Up,0,0.4231262,TransSharp
510.6398,17.24263,0,-0.5369657,0.2737926,0,-0.3477319,10012.93,1.848599,0.9945849,Straight,Up,0,0.4196091,TransSharp
510.6798,17.2493,0,-0.5360502,0.2737926,0,-0.3396263,10013.62,1.848532,0.9946869,Straight,Up,0,0.4160843,TransSharp
510.7198,17.25595,0,-0.523231,0.2737926,0,-0.3323155,10014.31,1.848398,0.994788,Straight,Up,0,0.4125595,TransSharp
510.7598,17.26251,0,-0.5168223,0.2737926,0,-0.3255853,10015,1.848251,0.9948879,Straight,Up,-0.01978234,0.4090347,TransSharp
510.7998,17.269,0,-0.5131602,0.2737926,0,-0.3194587,10015.69,1.848248,0.9949871,Straight,Up,-0.03426402,0.4029541,TransSharp
510.8398,17.27549,0,-0.5122447,0.2737926,0,-0.3139234,10016.38,1.848664,0.9950852,Straight,Up,-0.03426402,0.3890076,TransSharp
510.8798,17.28191,0,-0.5122447,0.2737926,0,-0.3092766,10017.08,1.849004,0.9951824,Straight,Up,-0.03956468,0.375061,TransSharp
510.9198,17.28778,0,-0.5122447,0.2737926,0,-0.3054294,10017.77,1.848355,0.9952786,Straight,Up,-0.03956468,0.3611069,TransSharp
510.9598,17.29599,0,-0.505836,0.2737926,0,-0.3003436,10018.46,1.848024,0.9953738,Straight,Up,-0.03956468,0.3471603,TransSharp
510.9998,17.30352,0,-0.4985118,0.2737926,0,-0.2933943,10019.15,1.848953,0.9954681,Straight,Up,-0.03956468,0.3332062,TransSharp
511.0398,17.31075,0,-0.4875255,0.2737926,0,-0.2873984,10019.84,1.8499,0.9955613,Straight,Up,-0.03956468,0.319252,TransSharp
511.0798,17.31675,0,-0.4289317,0.2737926,0,-0.2821352,10020.54,1.851074,0.9956537,Straight,Up,-0.03956468,0.3052826,TransSharp
511.1198,17.32523,0,-0.3025872,0.2737926,0,-0.2778332,10021.23,1.851643,0.9957451,Straight,Up,-0.03956468,0.2912979,TransSharp
511.1598,17.33344,0,-0.148775,0.2737926,0,-0.2748201,10021.92,1.851646,0.9958355,Straight,Up,-0.03956468,0.2773056,TransSharp
511.1998,17.34161,0,0.06546021,0.2737926,0,-0.2729066,10022.62,1.851303,0.9959249,Straight,Up,-0.03956468,0.2632904,TransSharp
511.2398,17.34974,0,0.1899755,0.2737926,0,-0.2718466,10023.31,1.850891,0.9960134,Straight,Up,-0.03956468,0.2492828,TransSharp
511.2798,17.35789,0,0.2732885,0.2737926,0,-0.2715653,10024,1.850583,0.9961008,Straight,Up,-0.03426402,0.2352676,TransSharp
511.3198,17.36604,0,0.3099096,0.2737926,0,-0.2718946,10024.7,1.850713,0.9961873,Straight,Up,-0.03426402,0.2212372,TransSharp
511.3598,17.37421,0,0.3446996,0.2737926,0,-0.2726966,10025.39,1.850705,0.9962729,Straight,Up,-0.03956468,0.2072144,TransSharp
511.3998,17.38238,0,0.3868175,0.2737926,0,-0.2737896,10026.09,1.850829,0.9963576,Straight,Up,-0.03426402,0.1931763,TransSharp
511.4398,17.39056,0,0.4216075,0.2737926,0,-0.2754842,10026.78,1.850869,0.9964412,Straight,Up,-0.03426402,0.1791306,TransSharp
511.4798,17.39875,0,0.4756236,0.2737926,0,-0.2774694,10027.48,1.850847,0.9965239,Straight,Up,-0.03956468,0.1650848,TransSharp
511.5198,17.40691,0,0.5168223,0.2737926,0,-0.2798741,10028.17,1.850832,0.9966055,Straight,Up,-0.03956468,0.1510239,TransSharp
511.5598,17.41505,0,0.5241466,0.2737926,0,-0.2823781,10028.87,1.850911,0.9966863,Straight,Flat,-0.02797646,0.1369629,TransSharp
511.5998,17.42317,0,0.5241466,0.2737926,0,-0.2847678,10029.57,1.851163,0.996766,Straight,Flat,0,0.1229019,TransSharp
511.6398,17.43125,0,0.5241466,0.2737926,0,-0.2870048,10030.27,1.851289,0.9968448,Straight,Flat,0,0.1186066,TransSharp
511.6798,17.4393,0,0.5168223,0.2737926,0,-0.2887382,10030.96,1.851863,0.9969227,Straight,Flat,0,0.1154175,TransSharp
511.7198,17.44728,0,0.5104136,0.2737926,0,-0.2903654,10031.66,1.852463,0.9969995,Straight,Flat,0,0.1122284,TransSharp
511.7598,17.45521,0,0.505836,0.2737926,0,-0.2916338,10032.36,1.852617,0.9970753,Straight,Flat,0,0.1090393,TransSharp
511.7998,17.4631,0,0.5049205,0.2737926,0,-0.2924292,10033.06,1.852769,0.9971503,Straight,Flat,0,0.1058502,TransSharp
511.8398,17.47095,0,0.4994273,0.2737926,0,-0.292645,10033.76,1.852467,0.9972243,Straight,Flat,0,0.1026611,TransSharp
511.8798,17.47871,0,0.4975963,0.2737926,0,-0.2922506,10034.46,1.852308,0.9972973,Straight,Flat,0,0.09946442,TransSharp
511.9198,17.48642,0,0.4811168,0.2737926,0,-0.2911236,10035.16,1.85247,0.9973692,Straight,Flat,0,0.0962677,TransSharp
511.9598,17.49408,0,0.4765391,0.2737926,0,-0.2892492,10035.85,1.853244,0.9974402,Straight,Flat,0,0.09307098,TransSharp
511.9998,17.5017,0,0.4747081,0.2737926,0,-0.286307,10036.55,1.854032,0.9975103,Straight,Flat,0,0.08987427,TransSharp
512.0398,17.50927,0,0.4692149,0.2737926,0,-0.2827086,10037.25,1.852822,0.9975795,Straight,Flat,0,0.08667755,TransSharp
512.0798,17.51679,0,0.4591441,0.2737926,0,-0.2782097,10037.96,1.852185,0.9976475,Straight,Flat,0,0.08347321,TransSharp
512.1198,17.52429,0,0.4509044,0.2737926,0,-0.2725994,10038.66,1.852904,0.9977147,Straight,Flat,0,0.08026886,TransSharp
512.1598,17.53175,0,0.4280162,0.2737926,0,-0.2660878,10039.36,1.853308,0.9977809,Straight,Flat,-0.01978234,0.07706451,TransSharp
512.1998,17.53918,0,0.3556895,0.2737926,0,-0.2590819,10040.06,1.853171,0.9978461,Straight,Flat,0,0.0738678,TransSharp
512.2398,17.5466,0,0.2183568,0.2737926,0,-0.2515263,10040.76,1.854419,0.9979104,Straight,Flat,0,0.07065582,TransSharp
512.2798,17.55406,0,0.05813599,0.2737926,0,-0.2432763,10041.46,1.855288,0.9979736,Straight,Flat,0,0.06745148,TransSharp
512.3198,17.56152,0,-0.1716632,0.2737926,0,-0.2348978,10042.17,1.85563,0.9980359,Straight,Flat,0,0.0642395,TransSharp
512.3598,17.56902,0,-0.2851903,0.2737926,0,-0.2255258,10042.87,1.855859,0.9980973,Straight,Flat,0,0.06102753,TransSharp
512.3998,17.57655,0,-0.3337151,0.2737926,0,-0.2160439,10043.57,1.855913,0.9981576,Straight,Flat,0,0.05782318,TransSharp
512.4398,17.58908,0,-0.3337151,0.2737926,0,-0.206448,10044.28,1.854026,0.998217,Straight,Flat,0,0.05461121,TransSharp
512.4798,17.59287,0,-0.3291374,0.2737926,0,-0.1957441,10044.98,1.857983,0.9982755,Straight,Flat,0,0.05139923,TransSharp
512.5198,17.59957,0,-0.3282219,0.2737926,0,-0.1844888,10045.68,1.857297,0.9983329,Straight,Flat,0,0.04817963,TransSharp
512.5598,17.60677,0,-0.3208977,0.2737926,0,-0.1721004,10046.39,1.857092,0.9983894,Straight,Flat,0,0.04496765,TransSharp
512.5998,17.60843,0,-0.2980095,0.2737926,0,-0.1603422,10047.09,1.856929,0.9984449,Straight,Flat,0,0.04174042,TransSharp
512.6398,17.61885,0,-0.2732885,0.2737926,0,-0.1478507,10047.8,1.856259,0.9984994,Straight,Flat,0,0.03852081,TransSharp
512.6798,17.62815,0,-0.2677953,0.2737926,0,-0.1345778,10048.5,1.855935,0.9985529,Straight,Flat,0,0.03530121,TransSharp
512.7198,17.63608,0,-0.2806127,0.2737926,0,-0.1209491,10049.21,1.856332,0.9986056,Straight,Flat,0,0.0320816,TransSharp
512.7598,17.64346,0,-0.3089958,0.2737926,0,-0.1070997,10049.91,1.856705,0.9986572,Straight,Flat,0,0.02885437,TransSharp
512.7998,17.65071,0,-0.363012,0.2737926,0,-0.09303594,10050.62,1.857208,0.9987078,Straight,Flat,0,-0.07443237,TransSlide
512.8398,17.6579,0,-0.4820323,0.2737926,0,-0.07856464,10051.32,1.857494,0.9987575,Straight,Flat,0,-0.08189392,TransSlide
512.8798,17.66505,0,-0.4820323,0.2737926,0,-0.06531763,10052.03,1.857634,0.9988062,Straight,Flat,-0.01978234,-0.08934784,TransSlide
512.9198,17.67216,0,-0.523231,0.2737926,0,-0.05187613,10052.74,1.857603,0.9988539,Straight,Flat,0,-0.09681702,TransSlide
512.9598,17.67921,0,-0.5479521,0.2737926,0,-0.03859463,10053.45,1.857415,0.9989007,Straight,Flat,-0.01978234,-0.1042862,TransSlide
512.9998,17.68624,0,-0.5525297,0.2737926,0,-0.02563393,10054.15,1.857598,0.9989464,Straight,Flat,0,-0.1117554,TransSlide
513.0398,17.6932,0,-0.5351347,0.2737926,0,-0.01380607,10054.86,1.858585,0.9989913,Straight,Flat,0,-0.1192322,TransSlide
513.0798,17.70013,0,-0.5012584,0.2737926,0,-0.002835989,10055.57,1.858576,0.9990351,Straight,Flat,0,-0.126709,TransSlide
513.1198,17.70699,0,-0.4527354,0.2737926,0,0.007191867,10056.28,1.858059,0.9990779,Straight,Flat,0,-0.1341858,TransSlide
513.1598,17.71384,0,-0.4280162,0.2737926,0,0.01635343,10056.98,1.857642,0.9991199,Straight,Flat,0,-0.1416779,TransSlide
513.1998,17.72064,0,-0.4170299,0.2737926,0,0.02455765,10057.69,1.857643,0.9991608,Straight,Flat,-0.01978234,-0.1491623,TransSlide
513.2398,17.72739,0,-0.380407,0.2737926,0,0.03185412,10058.4,1.858092,0.9992008,Straight,Down,0,-0.1566467,TransSlide
513.2798,17.73409,0,-0.297094,0.2737926,0,0.03815877,10059.11,1.858177,0.9992397,Straight,Down,0,-0.1641388,TransSlide
513.3198,17.74095,0,-0.1716632,0.2737926,0,0.0435859,10059.82,1.857645,0.9992777,Straight,Down,0,-0.1716385,TransSlide
513.3598,17.74791,0,-0.05355835,0.2539559,0,0.04808241,10060.53,1.856921,0.9993147,Straight,Down,0,-0.1791306,TransSlide
513.3998,17.75004,0,-0.03982544,0.2539559,0,0.05203304,10061.24,1.857361,0.9993508,Straight,Down,-0.01978234,-0.1866302,TransSlide
513.4398,17.75256,0,-0.06546199,0.2539559,0,0.0550116,10061.95,1.858155,0.9993858,Straight,Down,0,-0.1941299,TransSlide
513.4798,17.75514,0,-0.100252,0.2539559,0,0.05740514,10062.66,1.858336,0.99942,Straight,Down,-0.01978234,-0.2016296,TransSlide
513.5198,17.75808,0,-0.1011676,0.2539559,0,0.05942598,10063.37,1.85822,0.9994531,Straight,Down,-0.01978234,-0.209137,TransSlide
513.5598,17.76098,0,-0.08743465,0.2539559,0,0.06059098,10064.08,1.858146,0.9994852,Straight,Down,0,-0.2166367,TransSlide
513.5998,17.76385,0,-0.06637752,0.2539559,0,0.06114307,10064.79,1.858155,0.9995164,Straight,Down,0,-0.224144,TransSlide
513.6398,17.76668,0,-0.04623413,0.2539559,0,0.06075719,10065.5,1.858032,0.9995466,Straight,Down,0,-0.2316513,TransSlide
513.6798,17.7697,0,-0.04623413,0.2539559,0,0.0595116,10066.22,1.857819,0.9995759,Straight,Down,0,-0.2391586,TransSlide
513.7198,17.77164,0,-0.04623413,0.2539559,0,0.05762598,10066.93,1.85728,0.9996042,Straight,Down,-0.02797646,-0.246666,TransSlide
513.7598,17.77673,0,-0.04806519,0.2499886,0,0.05641565,10067.64,1.856652,0.9996314,Left,Down,-0.1065312,-0.2541656,TransSlide
513.7998,17.7805,0,-0.04806519,0.2460212,0,0.05812576,10068.35,1.857832,0.9996578,Left,Down,-0.1203313,-0.3128967,TransSlide
513.8398,17.78276,0,-0.04806519,0.2460212,0,0.05930161,10069.06,1.858595,0.9996831,Left,Down,-0.1203313,-0.3830109,TransSlide
513.8798,17.78427,0,-0.04806519,0.2380865,0,0.05998504,10069.77,1.859307,0.9997074,Left,Down,-0.1203313,-0.4531479,TransSlide
513.9198,17.78544,0,-0.04806519,0.2341192,0,0.06076378,10070.48,1.858795,0.9997308,Left,Down,-0.1203313,-0.5233231,TransSlide
513.9598,17.78685,0,-0.04806519,0.2341192,0,0.0613302,10071.19,1.857354,0.9997532,Left,Down,-0.1203313,-0.5934753,TransSlide
513.9998,17.78929,0,-0.04806519,0.2301518,0,0.06067893,10071.9,1.859087,0.9997747,Left,Down,-0.1203313,-0.6635818,TransSlide
514.0398,17.79135,0,-0.0453186,0.2301518,0,0.05966231,10072.61,1.859508,0.9997951,Left,Down,-0.09487279,-0.7336426,TransSlide
514.0798,17.79289,0,-0.03982544,0.2301518,0,0.06314415,10073.33,1.861541,0.9998146,Left,Down,-0.08392937,-0.7936554,TransSlide
514.1198,17.79475,0,-0.02151489,0.2301518,0,0.06705254,10074.04,1.862452,0.9998332,Left,Down,-0.08622923,-0.8451157,TransSlide
514.1598,17.79818,0,0.009613037,0.2301518,0,0.06952667,10074.75,1.862834,0.9998507,Left,Down,-0.08392937,-0.8966293,TransSlide
514.1998,17.80152,0,0.09292603,0.2301518,0,0.07156727,10075.46,1.862398,0.9998673,Left,Down,-0.08622923,-0.9481964,TransSlide
514.2398,17.80524,0,0.2421606,0.2301518,0,0.07335642,10076.17,1.861629,0.9998828,Left,Down,-0.08392937,-0.9998016,TransSlide
514.2798,17.80912,0,0.3511083,0.2301518,0,0.07519129,10076.89,1.860726,0.9998975,Left,Down,-0.08622923,-1.051414,TransSlide
514.3198,17.81281,0,0.4161143,0.2301518,0,0.07809392,10077.6,1.859098,0.9999112,Left,Down,-0.08622923,-1.103027,TransSlide
514.3598,17.8169,0,0.4106212,0.2301518,0,0.08091092,10078.31,1.858465,0.9999238,Left,Down,-0.08622923,-1.154617,TransSlide
514.3998,17.82188,0,0.3749156,0.2301518,0,0.08324906,10079.03,1.859296,0.9999356,Left,Down,-0.08392937,-1.206207,TransSlide
514.4398,17.82521,0,0.3208959,0.2301518,0,0.08576426,10079.74,1.858891,0.9999462,Left,Down,-0.06852804,-1.257751,TransSlide
514.4798,17.83307,0,0.2732885,0.2301518,0,0.09075126,10080.45,1.859049,0.999956,Straight,Down,0.01978234,-1.30925,TransSlide
514.5198,17.84015,0,0.1835668,0.2301518,0,0.09760568,10081.16,1.861565,0.9999648,Straight,Down,0,-1.32589,TransSlide
514.5598,17.84756,0,0.1359594,0.2301518,0,0.1037247,10081.88,1.863433,0.9999726,Straight,Down,0.01978234,-1.338814,TransSlide
514.5998,17.85366,0,0.123142,0.2301518,0,0.109809,10082.59,1.864524,0.9999794,Straight,Down,0,-1.351768,TransSlide
514.6398,17.86325,0,0.123142,0.2301518,0,0.1161307,10083.31,1.864141,0.9999852,Straight,Down,0.01978234,-1.364738,TransSlide
514.6798,17.87222,0,0.1222265,0.2301518,0,0.1226577,10084.02,1.863259,0.9999901,Straight,Down,0,-1.377724,TransSlide
514.7198,17.88102,0,0.09841919,0.2301518,0,0.1295047,10084.74,1.862247,0.999994,Straight,Down,0.01978234,-1.390717,TransSlide
514.7598,17.88972,0,0.05722046,0.2301518,0,0.1365753,10085.45,1.861226,0.999997,Straight,Down,0.01978234,-1.403717,TransSlide
514.7998,17.89828,0,-0.01144409,0.2142824,0,0.1438486,10086.17,1.860245,0.9999989,Straight,Down,0.01978234,-1.416725,TransSlide
514.8398,17.90335,0,-0.08102596,0.2103151,0,0.1513643,10086.88,1.859408,0.9999999,Straight,Down,0.01978234,-1.429733,TransSlide

Participant ID:, 004
DateTime:, 2026-07-22 12:53:00
Target Speed:, 80 km/h
Camera xyz:, -0.2704259,-0.102585,0.2337965
Trial Duration:, 180 s
Warmup Duration:, 30 s
