Time,Speed,WheelsOffRoad,SteeringAngle,ThrottlePos,BrakePos,LanePosition,DistanceTravelledm,CamHeightm,PropOfTotalHeight,RoadDirection,RoadSlope,RoadHeadingChange,RoadSlopeAngle,RoadAttribute
317.9799,21.60835,0,-0.04623413,0.289662,0,0.709762,5504.494,0.9255689,9.106265E-08,Left,Down,-0.08392937,-0.8106155,TransSlide
318.0199,21.61284,0,-0.06546199,0.289662,0,0.7191483,5505.358,0.9262518,1.076195E-06,Left,Down,-0.08392937,-0.8731461,TransSlide
318.0599,21.61717,0,-0.08102596,0.289662,0,0.7284955,5506.223,0.9261823,3.013346E-06,Left,Down,-0.08622923,-0.9357452,TransSlide
318.0999,21.62342,0,-0.0956744,0.289662,0,0.7377356,5507.088,0.925167,5.935629E-06,Left,Down,-0.08392937,-0.9983978,TransSlide
318.1399,21.62819,0,-0.1066607,0.289662,0,0.74691,5507.953,0.9234247,9.843045E-06,Left,Down,-0.08392937,-1.061081,TransSlide
318.1799,21.63391,0,-0.1176471,0.289662,0,0.7562064,5508.818,0.921985,1.472731E-05,Left,Down,-0.08392937,-1.123741,TransSlide
318.2199,21.64091,0,-0.1231402,0.289662,0,0.7652374,5509.684,0.9227653,2.057188E-05,Left,Down,-0.08622923,-1.186394,TransSlide
318.2599,21.64553,0,-0.1240557,0.289662,0,0.7742037,5510.55,0.9226942,2.73933E-05,Left,Down,-0.07661668,-1.249023,TransSlide
318.2999,21.65285,0,-0.1304644,0.289662,0,0.7848301,5511.416,0.9225368,3.519985E-05,Straight,Down,0.01978234,-1.311584,TransSlide
318.3399,21.66298,0,-0.1377887,0.289662,0,0.7970248,5512.282,0.9253051,4.39667E-05,Straight,Down,0,-1.329247,TransSlide
318.3799,21.67264,0,-0.1478595,0.289662,0,0.809046,5513.149,0.9272649,5.371041E-05,Straight,Down,0,-1.344948,TransSlide
318.4199,21.6794,0,-0.1551837,0.289662,0,0.8209742,5514.017,0.9278824,6.443924E-05,Straight,Down,0.01978234,-1.36068,TransSlide
318.4599,21.69116,0,-0.1606768,0.289662,0,0.8326398,5514.884,0.9269808,7.61201E-05,Straight,Down,0.01978234,-1.376434,TransSlide
318.4999,21.70207,0,-0.1606768,0.289662,0,0.8440217,5515.752,0.9253909,8.88192E-05,Straight,Down,0.01978234,-1.392204,TransSlide
318.5399,21.71258,0,-0.1615924,0.289662,0,0.8549922,5516.62,0.9238124,0.0001024372,Straight,Down,0,-1.407982,TransSlide
318.5799,21.72287,0,-0.1652545,0.289662,0,0.8657852,5517.489,0.9224674,0.0001170652,Straight,Down,0,-1.423767,TransSlide
318.6199,21.73297,0,-0.1670855,0.289662,0,0.8762707,5518.358,0.9214342,0.0001326534,Straight,Down,0.01978234,-1.439568,TransSlide
318.6599,21.74297,0,-0.1725787,0.289662,0,0.8863915,5519.228,0.9205472,0.0001492268,Straight,Down,0.01978234,-1.455368,TransSlide
318.6999,21.75291,0,-0.1799047,0.289662,0,0.8960752,5520.098,0.9199488,0.0001667771,Straight,Down,0.01978234,-1.471169,TransSlide
318.7399,21.76279,0,-0.1799047,0.289662,0,0.9052748,5520.968,0.9194826,0.0001852877,Straight,Down,0.01978234,-1.486984,TransSlide
318.7799,21.7726,0,-0.1799047,0.289662,0,0.9139827,5521.839,0.9191657,0.0002047751,Straight,Down,0.01978234,-1.5028,TransSlide
318.8199,21.78238,0,-0.1799047,0.289662,0,0.9222454,5522.71,0.9189907,0.0002252476,Straight,Down,0.01978234,-1.518631,TransSlide
318.8599,21.79216,0,-0.1799047,0.289662,0,0.9300541,5523.582,0.9189017,0.0002466804,Straight,Down,0.01978234,-1.534462,TransSlide
318.8999,21.80191,0,-0.1799047,0.289662,0,0.9373606,5524.454,0.9188489,0.0002691232,Straight,Down,0.01978234,-1.550301,TransSlide
318.9399,21.8116,0,-0.1799047,0.289662,0,0.9440632,5525.326,0.9187838,0.0002925181,Straight,Down,0.01978234,-1.566147,TransSlide
318.9799,21.82127,0,-0.1799047,0.289662,0,0.9502299,5526.199,0.9188411,0.0003168649,Straight,Down,0.01978234,-1.582008,TransSlide
319.0199,21.83091,0,-0.1734942,0.289662,0,0.9560103,5527.072,0.9188474,0.0003421969,Straight,Down,0,-1.597862,TransSlide
319.0599,21.84034,0,-0.1670855,0.289662,0,0.9611659,5527.946,0.9187456,0.000368514,Straight,Down,0.01978234,-1.613731,TransSlide
319.0999,21.85019,0,-0.148775,0.289662,0,0.9657465,5528.82,0.9184228,0.000395808,Straight,Down,0.01978234,-1.629608,TransSlide
319.1399,21.85995,0,-0.1359576,0.289662,0,0.9698544,5529.694,0.9187547,0.0004240622,Straight,Down,0.01978234,-1.645477,TransSlide
319.1799,21.86958,0,-0.1066607,0.289662,0,0.9733908,5530.569,0.9193026,0.0004533016,Straight,Down,0.01978234,-1.661362,TransSlide
319.2199,21.87907,0,-0.07553279,0.289662,0,0.9764004,5531.444,0.9196449,0.0004835178,Straight,Down,0.01978234,-1.677261,TransSlide
319.2599,21.88909,0,-0.04806519,0.289662,0,0.9789644,5532.319,0.9197428,0.0005146944,Straight,Down,0,-1.693161,TransSlide
319.2999,21.89904,0,-0.01144409,0.289662,0,0.9811611,5533.195,0.919839,0.0005468478,Straight,Down,0.01978234,-1.709061,TransSlide
319.3399,21.90882,0,0.02059937,0.289662,0,0.9827066,5534.071,0.9197992,0.0005799863,Straight,Down,0,-1.724976,TransSlide
319.3799,21.91867,0,0.05172729,0.289662,0,0.9836462,5534.948,0.919654,0.0006140851,Straight,Down,0.01978234,-1.740898,TransSlide
319.4199,21.9286,0,0.0819397,0.289662,0,0.9842021,5535.825,0.9196712,0.0006491608,Straight,Down,0.01978234,-1.756821,TransSlide
319.4599,21.9385,0,0.1039124,0.289662,0,0.9843873,5536.703,0.9196009,0.0006852216,Straight,Down,0.01978234,-1.772758,TransSlide
319.4999,21.94837,0,0.1277196,0.289662,0,0.9841006,5537.581,0.9195572,0.0007222344,Straight,Down,0,-1.788704,TransSlide
319.5399,21.95919,0,0.1423681,0.289662,0,0.9835353,5538.458,0.9199119,0.0007602324,Straight,Down,0.01978234,-1.804665,TransSlide
319.5799,21.96725,0,0.1698339,0.2856947,0,0.9772241,5539.337,0.9191318,0.0007991824,Right,Down,0.06852804,-1.811218,TransSlide
319.6199,21.97537,0,0.1945531,0.2856947,0,0.9680675,5540.216,0.9179126,0.0008391506,Right,Down,0.0656106,-1.783432,TransSlide
319.6599,21.98357,0,0.2137792,0.2856947,0,0.9589285,5541.095,0.9170209,0.0008800708,Right,Down,0.06852804,-1.755638,TransSlide
319.6999,21.9915,0,0.2485693,0.2856947,0,0.9496212,5541.975,0.9168115,0.000921968,Right,Down,0.0656106,-1.727844,TransSlide
319.7399,21.9989,0,0.2787817,0.2856947,0,0.9402168,5542.855,0.9170558,0.0009648253,Right,Down,0.0656106,-1.700043,TransSlide
319.7799,22.00569,0,0.3208959,0.2856947,0,0.930999,5543.735,0.9167857,0.001008668,Right,Down,0.0656106,-1.672249,TransSlide
319.8199,22.01335,0,0.3675914,0.2856947,0,0.9221745,5544.616,0.9182969,0.001053487,Right,Down,0.0656106,-1.644463,TransSlide
319.8599,22.02244,0,0.4042125,0.2856947,0,0.9132911,5545.497,0.9203827,0.001099234,Right,Down,0.06852804,-1.616669,TransSlide
319.8999,22.03273,0,0.453651,0.2856947,0,0.9048343,5546.377,0.922544,0.00114599,Right,Down,0.07132626,-1.588852,TransSlide
319.9399,22.0376,0,0.4985118,0.2856947,0,0.8933133,5547.259,0.9223415,0.00119374,Right,Down,0.09891172,-1.560219,TransSlide
319.9799,22.04306,0,0.5644298,0.2856947,0,0.8783836,5548.141,0.9188157,0.001242434,Right,Down,0.09891172,-1.513046,TransSlide
320.0199,22.04877,0,0.6312668,0.2856947,0,0.8639991,5549.023,0.9155854,0.001292088,Right,Down,0.09891172,-1.465836,TransSlide
320.0599,22.05523,0,0.6843674,0.2856947,0,0.8505224,5549.905,0.9139797,0.001342752,Right,Down,0.09891172,-1.418678,TransSlide
320.0999,22.05993,0,0.7539475,0.2856947,0,0.8382657,5550.788,0.9132748,0.001394368,Right,Down,0.09891172,-1.37159,TransSlide
320.1399,22.06644,0,0.8024704,0.2856947,0,0.8268744,5551.67,0.9166604,0.001446936,Right,Down,0.09891172,-1.324539,TransSlide
320.1799,22.07372,0,0.8610678,0.2856947,0,0.8169644,5552.553,0.9224702,0.001500489,Right,Down,0.1170339,-1.277412,TransSlide
320.2199,22.07399,0,0.9086752,0.2856947,0,0.8016651,5553.436,0.9192876,0.001555027,Right,Down,0.1282043,-1.221115,TransSlide
320.2599,22.07593,0,0.9443808,0.2856947,0,0.7875472,5554.319,0.9162548,0.001610551,Right,Down,0.1266688,-1.157295,TransSlide
320.2999,22.08308,0,0.9855795,0.2856947,0,0.7751967,5555.202,0.9130718,0.001667001,Right,Down,0.1266688,-1.093498,TransSlide
320.3399,22.08347,0,1.019454,0.2856947,0,0.7645373,5556.085,0.9135757,0.001724453,Right,Down,0.1266688,-1.029877,TransSlide
320.3799,22.08997,0,1.067981,0.2856947,0,0.7561026,5556.969,0.9198479,0.001782899,Right,Down,0.1412742,-0.9662247,TransSlide
320.4199,22.08571,0,1.114672,0.2856947,0,0.7441546,5557.853,0.9187948,0.001842264,Right,Down,0.1545051,-0.8955231,TransSlide
320.4599,22.08242,0,1.144885,0.2856947,0,0.7337835,5558.736,0.9160153,0.001902613,Right,Down,0.1532334,-0.8162689,TransSlide
320.4999,22.08433,0,1.179675,0.2856947,0,0.7259927,5559.62,0.9116002,0.001963981,Right,Down,0.1545051,-0.73703,TransSlide
320.5399,22.09066,0,1.201648,0.2856947,0,0.7211188,5560.503,0.9160848,0.002026293,Right,Down,0.1607126,-0.657959,TransSlide
320.5799,22.08273,0,1.23186,0.2856947,0,0.7158265,5561.387,0.9186981,0.002089532,Right,Down,0.1791368,-0.5762329,TransSlide
320.6199,22.07624,0,1.267565,0.2856947,0,0.7108123,5562.27,0.9162071,0.002153789,Right,Down,0.1802258,-0.482132,TransSlide
320.6599,22.06761,0,1.292288,0.2856947,0,0.7088054,5563.153,0.9109816,0.002218998,Right,Down,0.1791368,-0.3880386,TransSlide
320.6999,22.07284,0,1.331656,0.2856947,0,0.7107713,5564.036,0.9181697,0.002285217,Right,Down,0.1948336,-0.2940445,TransSlide
320.7399,22.06274,0,1.356375,0.2856947,0,0.7110921,5564.918,0.9169561,0.00235233,Right,Down,0.2046302,-0.1920776,TransSlide
320.7799,22.0491,0,1.380179,0.2856947,0,0.7147796,5565.8,0.9130769,0.002420462,Right,Flat,0.2046302,-0.08342743,TransSlide
320.8199,22.05933,0,1.402152,0.2856947,0,0.7222284,5566.683,0.9150358,0.00248957,Right,Flat,0.2148914,0.02520752,TransSlide
320.8599,22.04049,0,1.40856,0.2856947,0,0.7305984,5567.564,0.9168591,0.002559606,Right,Flat,0.2306999,0.1385727,TransSlide
320.8999,22.02363,0,1.409476,0.2856947,0,0.7410877,5568.445,0.9130399,0.002630659,Right,Up,0.2306999,0.2618027,TransSlide
320.9399,22.02163,0,1.409476,0.2856947,0,0.7559689,5569.326,0.915257,0.00270269,Right,Up,0.2438933,0.3850784,TransSlide
320.9799,22.0036,0,1.413138,0.2856947,0,0.7715319,5570.207,0.9160607,0.002775672,Right,Up,0.2571706,0.5146713,TransSlide
321.0199,21.98463,0,1.413138,0.2856947,0,0.7899264,5571.086,0.9106605,0.002849582,Right,Up,0.2564087,0.652359,TransSlide
321.0599,21.97652,0,1.413138,0.2856947,0,0.8135154,5571.965,0.9183926,0.00292451,Right,Up,0.2790645,0.7903214,TransSlide
321.0999,21.95594,0,1.414053,0.2856947,0,0.8362135,5572.844,0.9129194,0.003000415,Right,Up,0.2832403,0.9406738,TransSlide
321.1399,21.9413,0,1.414969,0.2856947,0,0.8640015,5573.722,0.9132577,0.003077214,Right,Up,0.3669084,1.092758,TransSlide
321.1799,21.93183,0,1.414969,0.2856947,0,0.8925632,5574.599,0.9154714,0.003155056,Right,Up,0.9366996,1.242043,TransSlide
321.2199,21.9138,0,1.414969,0.2856947,0,0.9169314,5575.476,0.9209348,0.003233858,Right,Up,0.884702,1.169342,TransSlide
321.2599,21.90151,0,1.414969,0.2856947,0,0.9351906,5576.352,0.9198133,0.003313637,Right,Up,0.8285072,1.099922,TransSlide
321.2999,21.89343,0,1.414969,0.2856947,0,0.9463971,5577.228,0.9213352,0.003394311,Right,Up,0.7750598,1.033867,TransSlide
321.3399,21.88116,0,1.414969,0.2856947,0,0.9520133,5578.103,0.9227371,0.003476027,Right,Up,0.7295417,0.9714279,TransSlide
321.3799,21.86137,0,1.409476,0.2856947,0,0.9532692,5578.977,0.9237934,0.003558703,Right,Up,0.6864257,0.9120255,TransSlide
321.4199,21.85073,0,1.403067,0.2856947,0,0.9508005,5579.851,0.9241515,0.003642299,Right,Up,0.64589,0.855484,TransSlide
321.4599,21.83911,0,1.391165,0.2856947,0,0.9454432,5580.725,0.9244484,0.003726905,Right,Up,0.6071628,0.801651,TransSlide
321.4999,21.82143,0,1.37377,0.2856947,0,0.9371735,5581.598,0.9242614,0.00381247,Right,Up,0.5719823,0.7504272,TransSlide
321.5399,21.80234,0,1.357291,0.2856947,0,0.9267807,5582.471,0.9239158,0.003899046,Right,Up,0.5363187,0.7017136,TransSlide
321.5799,21.79148,0,1.331656,0.2856947,0,0.9135499,5583.343,0.9276752,0.003986483,Right,Up,0.5047422,0.655632,TransSlide
321.6199,21.78672,0,1.297781,0.2856947,0,0.8994784,5584.214,0.9273059,0.004074962,Right,Up,0.4768338,0.6115875,TransSlide
321.6599,21.77003,0,1.269397,0.2856947,0,0.885667,5585.085,0.9252305,0.004164436,Right,Up,0.4502396,0.5693436,TransSlide
321.6999,21.76416,0,1.221789,0.2856947,0,0.8709527,5585.956,0.9273654,0.004254819,Right,Up,0.4168407,0.5291824,TransSlide
321.7399,21.75478,0,1.178759,0.2856947,0,0.8551429,5586.826,0.9274179,0.004346139,Right,Up,0.4015385,0.4912109,TransSlide
321.7799,21.73446,0,1.115588,0.2856947,0,0.8422605,5587.696,0.9246304,0.004438493,Right,Up,0.364769,0.4540482,TransSlide
321.8199,21.7339,0,1.045089,0.2856947,0,0.8261961,5588.565,0.9287167,0.004531832,Right,Up,0.3527702,0.4197769,TransSlide
321.8599,21.71509,0,0.9901571,0.2856947,0,0.8139536,5589.434,0.9247696,0.004626041,Right,Up,0.3202056,0.3859787,TransSlide
321.8999,21.70953,0,0.9132528,0.2856947,0,0.7993324,5590.302,0.9284743,0.004721292,Right,Up,0.3171355,0.3547745,TransSlide
321.9399,21.69656,0,0.8326864,0.2856947,0,0.7896889,5591.17,0.925324,0.004817521,Right,Up,0.2783625,0.3236008,TransSlide
321.9799,21.68817,0,0.772258,0.2856947,0,0.7769796,5592.038,0.9270862,0.004914676,Right,Up,0.2748253,0.2952576,TransSlide
322.0199,21.68056,0,0.6825364,0.2856947,0,0.768505,5592.905,0.9283541,0.005012759,Right,Up,0.2525642,0.2671967,TransSlide
322.0599,21.67014,0,0.6120408,0.2856947,0,0.7612783,5593.772,0.9258018,0.005111876,Right,Up,0.2264194,0.2403717,TransSlide
322.0999,21.66561,0,0.5177379,0.2856947,0,0.753031,5594.639,0.9270027,0.005211954,Right,Up,0.2264194,0.2156296,TransSlide
322.1399,21.6617,0,0.4335093,0.2856947,0,0.7491986,5595.505,0.9287403,0.005312926,Right,Up,0.2121421,0.190918,TransSlide
322.1799,21.64958,0,0.3804088,0.2856947,0,0.7479235,5596.371,0.925476,0.005414908,Right,Up,0.1713202,0.1666412,TransSlide
322.2199,21.64619,0,0.291599,0.2856947,0,0.7431968,5597.237,0.9261789,0.005517908,Right,Flat,0.1713202,0.1455917,TransSlide
322.2599,21.64514,0,0.2137792,0.2856947,0,0.7422717,5598.104,0.927348,0.005621827,Right,Flat,0.1713202,0.1245804,TransSlide
322.2999,21.63712,0,0.08743286,0.2856947,0,0.7455877,5598.969,0.9284768,0.00572664,Right,Flat,0.1713202,0.1035843,TransSlide
322.3399,21.63107,0,-0.03341675,0.2856947,0,0.752071,5599.834,0.9251753,0.00583253,Right,Flat,0.1119058,0.08261108,TransSlide
322.3799,21.62941,0,-0.1057452,0.2856947,0,0.7518675,5600.699,0.925448,0.005939338,Right,Flat,0.09691329,0.06519318,TransSlide
322.4199,21.62888,0,-0.1844823,0.2856947,0,0.7537028,5601.564,0.9262574,0.006047049,Right,Flat,0.09691329,0.04908752,TransSlide
322.4599,21.62388,0,-0.2201879,0.2856947,0,0.7583117,5602.43,0.927299,0.006155794,Right,Flat,0.09691329,0.03300476,TransSlide
322.4999,21.62246,0,-0.2549779,0.2856947,0,0.7653563,5603.295,0.9276433,0.006265524,Right,Flat,0.09487279,0.01692963,TransSlide
322.5399,21.62156,0,-0.2861059,0.2856947,0,0.7745442,5604.16,0.9277498,0.006376215,Right,Flat,0.09691329,0.0008544922,TransSlide
322.5799,21.61998,0,-0.314489,0.2856947,0,0.7859796,5605.025,0.9273648,0.006487758,Right,Flat,0.09691329,-0.01520538,TransSlide
322.6199,21.61771,0,-0.3584343,0.2856947,0,0.7992418,5605.89,0.9257806,0.006600353,Right,Flat,0.09691329,-0.03126526,TransSlide
322.6599,21.61454,0,-0.4042107,0.2856947,0,0.8140268,5606.754,0.923918,0.006713933,Right,Flat,0.05595291,-0.04730225,TransSlide
322.6999,21.6151,0,-0.4875255,0.2856947,0,0.8266687,5607.619,0.9242489,0.006828374,Straight,Flat,0,-0.06191254,TransSlide
322.7399,21.61478,0,-0.5653471,0.2856947,0,0.8390878,5608.483,0.9257168,0.006943858,Straight,Flat,-0.01978234,-0.07104492,TransSlide
322.7799,21.61339,0,-0.6742966,0.2856947,0,0.8521453,5609.347,0.927009,0.007060294,Straight,Flat,-0.01978234,-0.08016968,TransSlide
322.8199,21.61241,0,-0.7740909,0.2856947,0,0.8655698,5610.211,0.9275854,0.007177715,Straight,Flat,-0.01978234,-0.08930969,TransSlide
322.8599,21.61246,0,-0.8372623,0.2856947,0,0.8791407,5611.076,0.9276325,0.007295997,Straight,Flat,0,-0.09844208,TransSlide
322.8999,21.61238,0,-0.8848715,0.2856947,0,0.8925241,5611.94,0.9273242,0.007415331,Straight,Flat,-0.01978234,-0.1075821,TransSlide
322.9399,21.61211,0,-0.9095907,0.2856947,0,0.9057506,5612.804,0.9268587,0.007535641,Straight,Flat,0,-0.1167145,TransSlide
322.9799,21.61167,0,-0.9214926,0.2856947,0,0.9188043,5613.668,0.9264535,0.007656879,Straight,Flat,-0.01978234,-0.1258545,TransSlide
323.0199,21.611,0,-0.9443808,0.2856947,0,0.9311559,5614.533,0.926071,0.007779011,Straight,Flat,-0.01978234,-0.1349945,TransSlide
323.0599,21.61008,0,-0.9736776,0.2856947,0,0.9428374,5615.397,0.9258119,0.007902177,Straight,Flat,0,-0.1441345,TransSlide
323.0999,21.60899,0,-1.020371,0.2856947,0,0.9534765,5616.261,0.9259714,0.008026304,Straight,Down,-0.01978234,-0.1532822,TransSlide
323.1399,21.60734,0,-1.068894,0.2856947,0,0.9626172,5617.125,0.9255784,0.008151324,Straight,Down,-0.01978234,-0.1624298,TransSlide
323.1799,21.60561,0,-1.098191,0.2856947,0,0.9701287,5617.99,0.9249187,0.008277388,Straight,Down,-0.01978234,-0.1715851,TransSlide
323.2199,21.60337,0,-1.121081,0.2856947,0,0.9755256,5618.854,0.924503,0.008404379,Straight,Down,-0.01978234,-0.1807404,TransSlide
323.2599,21.60063,0,-1.122912,0.2856947,0,0.9788575,5619.718,0.924435,0.008532347,Straight,Down,0,-0.1899109,TransSlide
323.2999,21.5979,0,-1.122912,0.2856947,0,0.9797831,5620.583,0.9244576,0.008661184,Straight,Down,-0.01978234,-0.1990738,TransSlide
323.3399,21.59338,0,-1.122912,0.2856947,0,0.9784995,5621.446,0.9239419,0.008791064,Straight,Down,-0.01978234,-0.208252,TransSlide
323.3799,21.59175,0,-1.122912,0.2856947,0,0.980258,5622.31,0.9248064,0.00892193,Left,Down,-0.05934703,-0.2174149,TransSlide
323.4199,21.58948,0,-1.122912,0.2856947,0,0.9822719,5623.173,0.926338,0.009053622,Left,Down,-0.09891172,-0.2246246,TransSlide
323.4599,21.58645,0,-1.122912,0.2856947,0,0.9812406,5624.036,0.9275877,0.009186392,Left,Down,-0.09691329,-0.2290649,TransSlide
323.4999,21.58345,0,-1.121081,0.2856947,0,0.9770606,5624.899,0.9282979,0.009320089,Left,Down,-0.09891172,-0.2335129,TransSlide
323.5399,21.58035,0,-1.121081,0.2856947,0,0.9694542,5625.763,0.9280981,0.009454762,Left,Down,-0.09891172,-0.2379684,TransSlide
323.5799,21.57591,0,-1.117419,0.2856947,0,0.9583036,5626.626,0.9264315,0.009590304,Left,Down,-0.09891172,-0.242424,TransSlide
323.6199,21.57098,0,-1.117419,0.2856947,0,0.944136,5627.489,0.9241629,0.00972689,Left,Down,-0.09891172,-0.2468948,TransSlide
323.6599,21.56897,0,-1.117419,0.2856947,0,0.9342569,5628.352,0.9252815,0.009864428,Left,Down,-0.1186941,-0.251358,TransSlide
323.6999,21.56564,0,-1.117419,0.2856947,0,0.9205794,5629.214,0.9264302,0.01000283,Left,Down,-0.132704,-0.2547684,TransSlide
323.7399,21.56056,0,-1.117419,0.2856947,0,0.9026705,5630.077,0.9282746,0.01014227,Left,Down,-0.132704,-0.2573547,TransSlide
323.7799,21.55622,0,-1.117419,0.2856947,0,0.8806478,5630.939,0.9270549,0.01028267,Left,Down,-0.132704,-0.2599411,TransSlide
323.8199,21.55049,0,-1.111009,0.2856947,0,0.8552754,5631.801,0.9244298,0.01042405,Left,Down,-0.132704,-0.2625275,TransSlide
323.8599,21.54865,0,-1.098191,0.2856947,0,0.8338048,5632.664,0.9254203,0.01056624,Left,Down,-0.1467098,-0.2651138,TransSlide
323.8999,21.54613,0,-1.06981,0.2856947,0,0.8078117,5633.526,0.927031,0.01070953,Left,Down,-0.1582588,-0.2671432,TransSlide
323.9399,21.53959,0,-1.03502,0.2856947,0,0.7773861,5634.387,0.9281498,0.01085374,Left,Down,-0.1582588,-0.2683563,TransSlide
323.9799,21.53327,0,-1.010301,0.2856947,0,0.7429168,5635.249,0.9252396,0.01099894,Left,Down,-0.1582588,-0.2695694,TransSlide
324.0199,21.53078,0,-0.9745932,0.2856947,0,0.7120835,5636.11,0.9255089,0.01114494,Left,Down,-0.1631294,-0.2707825,TransSlide
324.0599,21.52999,0,-0.9434652,0.2856947,0,0.6774515,5636.971,0.9272082,0.01129204,Left,Down,-0.1802258,-0.271904,TransSlide
324.0999,21.52435,0,-0.8912802,0.2856947,0,0.6382707,5637.833,0.9282284,0.0114401,Left,Down,-0.1813082,-0.2719879,TransSlide
324.1399,21.51812,0,-0.828107,0.2856947,0,0.5962988,5638.693,0.9252892,0.01158896,Left,Down,-0.1802258,-0.2720718,TransSlide
324.1799,21.5164,0,-0.7722598,0.2856947,0,0.558094,5639.553,0.9262581,0.0117389,Left,Down,-0.1876719,-0.2721481,TransSlide
324.2199,21.5164,0,-0.6788743,0.2856947,0,0.5149079,5640.414,0.9287906,0.01188979,Left,Down,-0.199792,-0.2719955,TransSlide
324.2599,21.50746,0,-0.61387,0.2856947,0,0.4677638,5641.274,0.9269056,0.01204166,Left,Down,-0.1988102,-0.2710876,TransSlide
324.2999,21.50688,0,-0.5351347,0.2856947,0,0.423116,5642.134,0.9265448,0.01219434,Left,Down,-0.199792,-0.2701797,TransSlide
324.3399,21.5082,0,-0.471046,0.2856947,0,0.3769673,5642.995,0.9285288,0.01234809,Left,Down,-0.2121421,-0.2692719,TransSlide
324.3799,21.50283,0,-0.4362559,0.2856947,0,0.3267598,5643.855,0.9276568,0.01250279,Left,Down,-0.2167048,-0.2677307,TransSlide
324.4199,21.50094,0,-0.4179454,0.2856947,0,0.2790919,5644.715,0.9271058,0.01265833,Left,Down,-0.2167048,-0.2659607,TransSlide
324.4599,21.50274,0,-0.4179454,0.2856947,0,0.2303981,5645.576,0.9291742,0.01281494,Left,Down,-0.2272819,-0.2641907,TransSlide
324.4999,21.49924,0,-0.4234385,0.2856947,0,0.17798,5646.436,0.9276411,0.01297248,Left,Down,-0.23239,-0.2619247,TransSlide
324.5399,21.49788,0,-0.4472423,0.2856947,0,0.1292734,5647.296,0.9278486,0.01313099,Left,Down,-0.2315465,-0.2593765,TransSlide
324.5799,21.50122,0,-0.4591441,0.2856947,0,0.07837713,5648.157,0.9305618,0.01329032,Left,Down,-0.2430897,-0.2568283,TransSlide
324.6199,21.49665,0,-0.4646373,0.2856947,0,0.02499932,5649.017,0.9274341,0.01345075,Left,Down,-0.2470816,-0.2537689,TransSlide
324.6599,21.49736,0,-0.4646373,0.2856947,0,-0.02339071,5649.877,0.9291176,0.01361209,Left,Down,-0.2478722,-0.2505035,TransSlide
324.6999,21.49673,0,-0.4646373,0.2856947,0,-0.07529357,5650.737,0.9299651,0.01377425,Left,Down,-0.2594432,-0.2472229,TransSlide
324.7399,21.49419,0,-0.4646373,0.2856947,0,-0.1251004,5651.597,0.9286256,0.01393751,Left,Down,-0.2601963,-0.2433319,TransSlide
324.7799,21.49776,0,-0.4692149,0.2856947,0,-0.1741212,5652.457,0.9311536,0.01410172,Left,Down,-0.2661444,-0.2393723,TransSlide
324.8199,21.49655,0,-0.4756236,0.2856947,0,-0.2246886,5653.316,0.928409,0.01426685,Left,Down,-0.2741124,-0.2352219,TransSlide
324.8599,21.49666,0,-0.488441,0.2856947,0,-0.2705925,5654.176,0.930378,0.01443279,Left,Down,-0.2741124,-0.2306519,TransSlide
324.8999,21.49615,0,-0.5168223,0.2856947,0,-0.319363,5655.036,0.9296436,0.01459983,Left,Down,-0.2846186,-0.2260666,TransSlide
324.9399,21.4957,0,-0.5543607,0.2856947,0,-0.3639851,5655.896,0.9299065,0.01476783,Left,Down,-0.2859903,-0.2209625,TransSlide
324.9799,21.49486,0,-0.5900663,0.2856947,0,-0.409461,5656.755,0.9314514,0.01493675,Left,Down,-0.2927522,-0.2157822,TransSlide
325.0199,21.49639,0,-0.6266874,0.2856947,0,-0.4529781,5657.615,0.9298052,0.01510651,Left,Down,-0.2980514,-0.2103424,TransSlide
325.0599,21.496,0,-0.6495774,0.2856947,0,-0.495511,5658.475,0.9325834,0.01527733,Left,Down,-0.3019647,-0.2045898,TransSlide
325.0999,21.49701,0,-0.6733811,0.2856947,0,-0.5369999,5659.334,0.9299419,0.01544909,Left,Down,-0.3090104,-0.1987228,TransSlide
325.1399,21.49619,0,-0.6907761,0.2856947,0,-0.5763346,5660.194,0.9327733,0.01562166,Left,Down,-0.311533,-0.1924286,TransSlide
325.1799,21.49597,0,-0.7081711,0.2856947,0,-0.6149249,5661.053,0.9301732,0.01579532,Left,Down,-0.3208161,-0.1861191,TransSlide
325.2199,21.49442,0,-0.7264817,0.2856947,0,-0.650918,5661.913,0.9331478,0.01596991,Left,Down,-0.3214254,-0.179306,TransSlide
325.2599,21.49502,0,-0.7484543,0.2856947,0,-0.6858113,5662.772,0.9305684,0.01614547,Left,Down,-0.3304307,-0.172493,TransSlide
325.2999,21.49281,0,-0.7722598,0.2856947,0,-0.7185203,5663.631,0.9333419,0.01632181,Left,Down,-0.3316129,-0.1652145,TransSlide
325.3399,21.49412,0,-0.7924014,0.2856947,0,-0.7499815,5664.491,0.930739,0.01649925,Left,Down,-0.3409232,-0.1579056,TransSlide
325.3799,21.49078,0,-0.8033878,0.2856947,0,-0.7798782,5665.35,0.9337125,0.01667762,Left,Down,-0.3420692,-0.1501389,TransSlide
325.4199,21.49416,0,-0.8143741,0.2856947,0,-0.8076686,5666.209,0.9316388,0.0168568,Left,Flat,-0.3505445,-0.1423416,TransSlide
325.4599,21.48928,0,-0.8262759,0.2856947,0,-0.8346633,5667.069,0.9323357,0.01703707,Left,Flat,-0.3527702,-0.1341171,TransSlide
325.4999,21.49417,0,-0.8381778,0.2856947,0,-0.8578739,5667.928,0.9326977,0.01721827,Left,Flat,-0.3615361,-0.1258392,TransSlide
325.5399,21.48742,0,-0.8509952,0.2856947,0,-0.8820728,5668.788,0.9306406,0.01740039,Left,Flat,-0.3642322,-0.1171341,TransSlide
325.5799,21.49238,0,-0.862897,0.2856947,0,-0.9013162,5669.647,0.9335532,0.01758335,Left,Flat,-0.3711503,-0.1083527,TransSlide
325.6199,21.48668,0,-0.8747989,0.2856947,0,-0.9206401,5670.506,0.9310885,0.01776734,Left,Flat,-0.3743001,-0.09918976,TransSlide
325.6599,21.48419,0,-0.8793783,0.2856947,0,-0.9377492,5671.366,0.9345592,0.01795233,Left,Flat,-0.3800071,-0.08991241,TransSlide
325.6999,21.48555,0,-0.8793783,0.2856947,0,-0.9527654,5672.225,0.9325838,0.01813808,Left,Flat,-0.3856296,-0.0803299,TransSlide
325.7399,21.48134,0,-0.8793783,0.2856947,0,-0.9671583,5673.084,0.9319102,0.01832492,Left,Flat,-0.3891652,-0.07051849,TransSlide
325.7799,21.48751,0,-0.8793783,0.2856947,0,-0.977111,5673.944,0.934404,0.0185127,Left,Flat,-0.3961419,-0.06051636,TransSlide
325.8199,21.47847,0,-0.8793783,0.2856947,0,-0.9870117,5674.803,0.9324939,0.01870144,Left,Flat,-0.3995845,-0.05020905,TransSlide
325.8599,21.476,0,-0.8693057,0.2856947,0,-0.9950153,5675.663,0.9325511,0.01889095,Left,Flat,-0.4063823,-0.03974915,TransSlide
325.8999,21.46744,0,-0.8509952,0.2856947,0,-0.999615,5676.521,0.9287963,0.01908154,Left,Flat,-0.410693,-0.02894592,TransSlide
325.9399,21.46553,0,-0.8262759,0.2856947,0,-1.005062,5677.379,0.9294423,0.01927308,Left,Flat,-0.414487,-0.01798248,TransSlide
325.9799,21.45997,0,-0.8024722,0.2856947,0,-1.005995,5678.238,0.9260907,0.01946539,Left,Flat,-0.4083038,-0.006820679,TransSlide
326.0199,21.45532,0,-0.7722598,0.2856947,0,-1.007362,5679.096,0.9285833,0.01965881,Left,Flat,-0.4025119,0.03687286,TransSlide
326.0599,21.45185,0,-0.7502854,0.2856947,0,-1.006592,5679.954,0.926384,0.01985315,Left,Flat,-0.3881583,0.08815002,TransSlide
326.0999,21.44018,0,-0.737468,0.2856947,0,-1.004238,5680.812,0.9289381,0.02004845,Left,Flat,-0.3800071,0.1486816,TransSlide
326.1399,21.43656,0,-0.737468,0.2856947,0,-1.001707,5681.669,0.9287378,0.02024451,Left,Up,-0.3700944,0.207962,TransSlide
326.1799,21.42467,0,-0.7438767,0.2856947,0,-0.9965076,5682.526,0.9303944,0.02044165,Left,Up,-0.3599087,0.2652817,TransSlide
326.2199,21.42112,0,-0.7566941,0.2856947,0,-0.9921061,5683.383,0.929957,0.02063975,Left,Up,-0.3522151,0.3208847,TransSlide
326.2599,21.40988,0,-0.7685977,0.2856947,0,-0.985444,5684.239,0.9317988,0.02083878,Left,Up,-0.3409232,0.3750458,TransSlide
326.2999,21.40491,0,-0.7850772,0.2856947,0,-0.9790739,5685.096,0.9304332,0.02103857,Left,Up,-0.3345502,0.4272919,TransSlide
326.3399,21.39341,0,-0.7905704,0.2856947,0,-0.9717627,5685.952,0.9330623,0.02123947,Left,Up,-0.324455,0.4782867,TransSlide
326.3799,21.38413,0,-0.7905704,0.2856947,0,-0.9634172,5686.807,0.9316763,0.02144131,Left,Up,-0.3165179,0.5276947,TransSlide
326.4199,21.37571,0,-0.7804996,0.2856947,0,-0.956476,5687.663,0.9342999,0.02164391,Left,Up,-0.3102743,0.575531,TransSlide
326.4599,21.36757,0,-0.777753,0.2856947,0,-0.9455894,5688.518,0.9329312,0.02184759,Left,Up,-0.2993615,0.6224289,TransSlide
326.4999,21.3602,0,-0.7631046,0.2856947,0,-0.9380975,5689.372,0.934027,0.0220522,Left,Up,-0.2980514,0.6671295,TransSlide
326.5399,21.35095,0,-0.7447922,0.2856947,0,-0.9268818,5690.227,0.9344574,0.02225778,Left,Up,-0.2839303,0.7118225,TransSlide
326.5799,21.33792,0,-0.7319748,0.2856947,0,-0.9170502,5691.08,0.9332144,0.0224641,Left,Up,-0.2825486,0.7536774,TransSlide
326.6199,21.32973,0,-0.7246506,0.2856947,0,-0.9086673,5691.934,0.9358193,0.02267153,Left,Up,-0.2733977,0.7952957,TransSlide
326.6599,21.31963,0,-0.7136643,0.2856947,0,-0.8966836,5692.787,0.935124,0.02287987,Left,Up,-0.2654082,0.8355484,TransSlide
326.6999,21.30939,0,-0.6971848,0.2856947,0,-0.8873593,5693.639,0.933813,0.023089,Left,Up,-0.2654082,0.8741379,TransSlide
326.7399,21.30071,0,-0.6797898,0.2856947,0,-0.8780724,5694.491,0.9363827,0.02329919,Left,Up,-0.2517883,0.9127121,TransSlide
326.7799,21.28811,0,-0.6660569,0.2856947,0,-0.8669361,5695.343,0.935801,0.02351034,Left,Up,-0.2486604,0.9489212,TransSlide
326.8199,21.27759,0,-0.6422514,0.2856947,0,-0.8586175,5696.194,0.9347705,0.02372242,Left,Up,-0.2470816,0.9845047,TransSlide
326.8599,21.26823,0,-0.6248564,0.2856947,0,-0.8494705,5697.045,0.9371836,0.02393524,Left,Up,-0.2332305,1.020081,TransSlide
326.8999,21.25666,0,-0.6019682,0.2856947,0,-0.8386335,5697.896,0.9368598,0.02414919,Left,Up,-0.2332305,1.052841,TransSlide
326.9399,21.2432,0,-0.5836576,0.2856947,0,-0.8302803,5698.745,0.9352275,0.02436403,Left,Up,-0.2306999,1.085472,TransSlide
326.9799,21.23582,0,-0.5763334,0.2856947,0,-0.8231088,5699.595,0.9383454,0.02457962,Left,Up,-0.2176059,1.11808,TransSlide
327.0199,21.22374,0,-0.561685,0.2856947,0,-0.8122274,5700.444,0.9378913,0.02479634,Left,Up,-0.2167048,1.14798,TransSlide
327.0599,21.21008,0,-0.5488676,0.2856947,0,-0.8039852,5701.292,0.9368127,0.02501399,Left,Up,-0.2167048,1.177681,TransSlide
327.0999,21.20394,0,-0.530557,0.2856947,0,-0.7985829,5702.141,0.9386064,0.02523253,Left,Up,-0.2055842,1.207352,TransSlide
327.1399,21.19053,0,-0.5067515,0.2856947,0,-0.7892988,5702.989,0.9390079,0.02545184,Left,Up,-0.2007689,1.235199,TransSlide
327.1799,21.17817,0,-0.4893565,0.2856947,0,-0.7809909,5703.836,0.9387218,0.02567227,Left,Up,-0.2007689,1.262016,TransSlide
327.2199,21.16584,0,-0.4655528,0.2856947,0,-0.7747529,5704.683,0.9371349,0.02589361,Left,Up,-0.1968319,1.288795,TransSlide
327.2599,21.1568,0,-0.4545665,0.3055466,0,-0.7705365,5705.529,0.9404989,0.02611587,Left,Up,-0.1845175,1.315147,TransSlide
327.2999,21.14877,0,-0.4454112,0.3055466,0,-0.7612986,5706.375,0.9400115,0.02633888,Left,Up,-0.1855749,1.339142,TransSlide
327.3399,21.14037,0,-0.4362559,0.3055466,0,-0.7544306,5707.221,0.9397051,0.02656299,Left,Up,-0.1845175,1.363121,TransSlide
327.3799,21.13384,0,-0.4298472,0.3055466,0,-0.7498227,5708.066,0.9383153,0.026788,Left,Up,-0.1780411,1.38707,TransSlide
327.4199,21.12834,0,-0.422523,0.3055466,0,-0.74794,5708.912,0.9417191,0.02701382,Left,Up,-0.1701742,1.409973,TransSlide
327.4599,21.11955,0,-0.4106212,0.3055466,0,-0.7398807,5709.756,0.9414558,0.0272407,Left,Up,-0.1701742,1.431129,TransSlide
327.4999,21.11065,0,-0.3923088,0.3055466,0,-0.7336959,5710.601,0.9411576,0.02746848,Left,Up,-0.1690205,1.452255,TransSlide
327.5399,21.10475,0,-0.3685051,0.3055466,0,-0.7295729,5711.445,0.9402086,0.02769721,Left,Up,-0.165511,1.473366,TransSlide
327.5799,21.09847,0,-0.3511101,0.309514,0,-0.7276584,5712.289,0.9407621,0.02792669,Left,Up,-0.1545051,1.494049,TransSlide
327.6199,21.09109,0,-0.3218132,0.309514,0,-0.7246512,5713.133,0.943008,0.02815724,Left,Up,-0.1545051,1.512306,TransSlide
327.6599,21.08346,0,-0.2861059,0.309514,0,-0.7182466,5713.977,0.9428397,0.02838871,Left,Up,-0.1545051,1.530548,TransSlide
327.6999,21.07507,0,-0.2613866,0.309514,0,-0.7135511,5714.819,0.9422014,0.02862093,Left,Up,-0.1532334,1.548775,TransSlide
327.7399,21.06943,0,-0.2366674,0.309514,0,-0.7107421,5715.662,0.9415871,0.02885426,Left,Up,-0.14537,1.566978,TransSlide
327.7799,21.06359,0,-0.2211034,0.309514,0,-0.7098054,5716.505,0.9420562,0.02908851,Left,Up,-0.1384764,1.583893,TransSlide
327.8199,21.05715,0,-0.2192724,0.309514,0,-0.7084335,5717.348,0.9446147,0.02932365,Left,Up,-0.1384764,1.599197,TransSlide
327.8599,21.04942,0,-0.2183568,0.309514,0,-0.702279,5718.189,0.9444065,0.02955956,Left,Up,-0.1370561,1.614494,TransSlide
327.8999,21.04117,0,-0.2183568,0.309514,0,-0.6976362,5719.031,0.9438928,0.02979654,Left,Up,-0.1384764,1.629784,TransSlide
327.9399,21.03608,0,-0.2183568,0.309514,0,-0.6947954,5719.873,0.943545,0.03003446,Left,Up,-0.132704,1.64505,TransSlide
327.9799,21.02803,0,-0.2128637,0.309514,0,-0.6935061,5720.714,0.9430832,0.03027308,Left,Up,-0.1203313,1.659729,TransSlide
328.0199,21.02299,0,-0.2073705,0.309514,0,-0.6938208,5721.555,0.9445952,0.03051284,Left,Up,-0.1219466,1.672005,TransSlide
328.0599,21.01529,0,-0.2027929,0.309514,0,-0.6921088,5722.396,0.9463829,0.0307535,Left,Up,-0.1219466,1.684273,TransSlide
328.0999,21.00697,0,-0.2027929,0.309514,0,-0.6860951,5723.236,0.9461187,0.03099504,Left,Up,-0.1219466,1.696533,TransSlide
328.1399,20.99945,0,-0.2027929,0.309514,0,-0.6813303,5724.076,0.9454411,0.03123737,Left,Up,-0.1235407,1.708778,TransSlide
328.1799,20.99384,0,-0.2027929,0.309514,0,-0.6779653,5724.916,0.9451954,0.03148076,Left,Up,-0.1170339,1.721016,TransSlide
328.2199,20.98621,0,-0.2027929,0.309514,0,-0.6759971,5725.755,0.9452489,0.03172509,Left,Up,-0.1046783,1.73259,TransSlide
328.2599,20.97864,0,-0.1972997,0.309514,0,-0.6749966,5726.594,0.9450653,0.0319703,Left,Up,-0.1046783,1.741638,TransSlide
328.2999,20.97395,0,-0.1945531,0.309514,0,-0.6755086,5727.433,0.9470653,0.03221628,Left,Up,-0.1065312,1.750679,TransSlide
328.3399,20.96574,0,-0.1844823,0.309514,0,-0.6728855,5728.272,0.9483045,0.03246332,Left,Up,-0.1046783,1.759712,TransSlide
328.3799,20.9577,0,-0.1707476,0.309514,0,-0.6665425,5729.11,0.9479682,0.03271128,Left,Up,-0.1046783,1.768738,TransSlide
328.4199,20.95034,0,-0.1432818,0.309514,0,-0.6613709,5729.948,0.9473953,0.03295998,Left,Up,-0.1046783,1.777756,TransSlide
328.4599,20.94422,0,-0.1048297,0.309514,0,-0.6572695,5730.786,0.9471352,0.03320974,Left,Up,-0.09891172,1.786766,TransSlide
328.4999,20.93694,0,-0.07095516,0.309514,0,-0.6541226,5731.624,0.9473224,0.03346048,Left,Up,-0.08622923,1.795303,TransSlide
328.5399,20.92936,0,-0.03433228,0.309514,0,-0.6517984,5732.461,0.9476153,0.03371206,Left,Up,-0.08846933,1.800774,TransSlide
328.5799,20.92211,0,-0.01693726,0.309514,0,-0.6502219,5733.298,0.9474467,0.03396437,Left,Up,-0.08622923,1.806244,TransSlide
328.6199,20.91545,0,-0.005950928,0.309514,0,-0.649328,5734.135,0.9491186,0.03421781,Left,Up,-0.08846933,1.811707,TransSlide
328.6599,20.90911,0,-0.0050354,0.309514,0,-0.6484599,5734.971,0.9508504,0.03447215,Left,Up,-0.08846933,1.817162,TransSlide
328.6999,20.90126,0,-0.0050354,0.309514,0,-0.6399595,5735.807,0.9505565,0.03472719,Left,Up,-0.08622923,1.822617,TransSlide
328.7399,20.89398,0,-0.0050354,0.309514,0,-0.6322888,5736.643,0.9501292,0.03498334,Left,Up,-0.08622923,1.828064,TransSlide
328.7799,20.88824,0,-0.004119873,0.309514,0,-0.6253276,5737.479,0.9498251,0.03524039,Left,Up,-0.08622923,1.833511,TransSlide
328.8199,20.88072,0,-0.0004577637,0.309514,0,-0.6190453,5738.314,0.949922,0.03549836,Left,Up,-0.07401875,1.838951,TransSlide
328.8599,20.8735,0,0.004119873,0.309514,0,-0.6133541,5739.149,0.9501694,0.03575701,Left,Up,-0.0656106,1.84211,TransSlide
328.8999,20.86634,0,0.009613037,0.309514,0,-0.6082642,5739.984,0.9504272,0.0360168,Left,Up,-0.0656106,1.843269,TransSlide
328.9399,20.85924,0,0.02059937,0.309514,0,-0.6035537,5740.818,0.9508337,0.03627745,Left,Up,-0.0656106,1.844421,TransSlide
328.9799,20.85192,0,0.02792358,0.309514,0,-0.5992902,5741.652,0.9508725,0.03653885,Left,Up,-0.0656106,1.845566,TransSlide
329.0199,20.84504,0,0.03982544,0.309514,0,-0.5953364,5742.486,0.9512691,0.03680135,Left,Up,-0.0656106,1.846718,TransSlide
329.0599,20.83867,0,0.05630493,0.309514,0,-0.5917394,5743.32,0.9523469,0.03706471,Left,Up,-0.0656106,1.847855,TransSlide
329.0999,20.83185,0,0.06362915,0.3134814,0,-0.5884259,5744.153,0.9529535,0.037329,Left,Up,-0.0656106,1.849007,TransSlide
329.1399,20.82698,0,0.06912231,0.3134814,0,-0.5755496,5744.986,0.9537742,0.037594,Left,Up,-0.0656106,1.850136,TransSlide
329.1799,20.82184,0,0.06912231,0.3134814,0,-0.5612069,5745.819,0.9543878,0.0378601,Left,Up,-0.0656106,1.85128,TransSlide
329.2199,20.81671,0,0.06912231,0.3134814,0,-0.5472188,5746.652,0.9548884,0.03812711,Left,Up,-0.06852804,1.852409,TransSlide
329.2599,20.81199,0,0.06912231,0.3134814,0,-0.5334838,5747.485,0.9550127,0.03839479,Left,Up,-0.05595291,1.853554,TransSlide
329.2999,20.80737,0,0.06912231,0.3134814,0,-0.519869,5748.317,0.9549919,0.03866357,Straight,Up,-0.01978234,1.85453,TransSlide
329.3399,20.8027,0,0.06912231,0.3134814,0,-0.5063844,5749.149,0.9549515,0.03893326,Straight,Up,0,1.843552,TransSlide
329.3799,20.79803,0,0.06912231,0.3134814,0,-0.4931182,5749.981,0.9549284,0.03920386,Straight,Up,-0.01978234,1.832581,TransSlide
329.4199,20.79328,0,0.06912231,0.3134814,0,-0.4798582,5750.813,0.9549328,0.03947515,Straight,Up,-0.01978234,1.821609,TransSlide
329.4599,20.78857,0,0.06912231,0.3134814,0,-0.4666178,5751.645,0.9549572,0.03974754,Straight,Up,-0.01978234,1.810638,TransSlide
329.4999,20.78384,0,0.06912231,0.3134814,0,-0.4534533,5752.476,0.9550741,0.04002083,Straight,Up,-0.01978234,1.799675,TransSlide
329.5399,20.77912,0,0.06912231,0.3134814,0,-0.4402036,5753.307,0.9552194,0.04029504,Straight,Up,-0.01978234,1.788704,TransSlide
329.5799,20.77441,0,0.06912231,0.3134814,0,-0.4270629,5754.138,0.9554067,0.04056991,Straight,Up,-0.01978234,1.777748,TransSlide
329.6199,20.76972,0,0.06912231,0.3134814,0,-0.4139953,5754.969,0.955631,0.04084588,Straight,Up,-0.01978234,1.766792,TransSlide
329.6599,20.76505,0,0.06912231,0.3134814,0,-0.400844,5755.8,0.9558104,0.04112274,Straight,Up,-0.01978234,1.755836,TransSlide
329.6999,20.76038,0,0.06912231,0.3134814,0,-0.3875481,5756.63,0.9561248,0.04140032,Straight,Up,0,1.744881,TransSlide
329.7399,20.75572,0,0.06912231,0.3134814,0,-0.3742295,5757.46,0.9563354,0.04167897,Straight,Up,-0.01978234,1.733932,TransSlide
329.7799,20.75109,0,0.06912231,0.3134814,0,-0.3608054,5758.29,0.9566426,0.04195851,Straight,Up,-0.01978234,1.722977,TransSlide
329.8199,20.74645,0,0.06912231,0.3174487,0,-0.3472153,5759.12,0.9569369,0.04223895,Straight,Up,-0.01978234,1.712029,TransSlide
329.8599,20.74233,0,0.06912231,0.3174487,0,-0.3335594,5759.95,0.957126,0.04252008,Straight,Up,-0.01978234,1.701088,TransSlide
329.8999,20.73857,0,0.06912231,0.3174487,0,-0.3198004,5760.78,0.9573454,0.04280234,Straight,Up,-0.01978234,1.69014,TransSlide
329.9399,20.73487,0,0.06912231,0.3174487,0,-0.3060822,5761.609,0.9575971,0.04308546,Straight,Up,0,1.679199,TransSlide
329.9799,20.73115,0,0.06912231,0.3174487,0,-0.2919941,5762.438,0.9579284,0.04336924,Straight,Up,-0.01978234,1.668259,TransSlide
330.0199,20.72746,0,0.06912231,0.3174487,0,-0.2778878,5763.267,0.9581583,0.04365415,Straight,Up,-0.01978234,1.657318,TransSlide
330.0599,20.72374,0,0.06912231,0.3174487,0,-0.2635808,5764.096,0.9584116,0.04393996,Straight,Up,0,1.646378,TransSlide
330.0999,20.72008,0,0.06912231,0.3174487,0,-0.2489677,5764.925,0.9587215,0.04422665,Straight,Up,0,1.635445,TransSlide
330.1399,20.71638,0,0.06912231,0.3174487,0,-0.234329,5765.754,0.959035,0.04451401,Straight,Up,-0.01978234,1.624512,TransSlide
330.1799,20.71273,0,0.06912231,0.3174487,0,-0.2194695,5766.583,0.9592534,0.04480246,Straight,Up,-0.01978234,1.613571,TransSlide
330.2199,20.70901,0,0.06912231,0.3174487,0,-0.2044473,5767.411,0.9594942,0.04509182,Straight,Up,-0.01978234,1.602646,TransSlide
330.2599,20.70545,0,0.06912231,0.3174487,0,-0.1891175,5768.239,0.9596505,0.04538182,Straight,Up,-0.01978234,1.591721,TransSlide
330.2999,20.70191,0,0.06271362,0.3174487,0,-0.1736741,5769.067,0.9597363,0.04567296,Straight,Up,0,1.580788,TransSlide
330.3399,20.69836,0,0.05172729,0.3174487,0,-0.1579266,5769.895,0.9602998,0.04596496,Straight,Up,-0.01978234,1.569862,TransSlide
330.3799,20.69475,0,0.0453186,0.3174487,0,-0.1420152,5770.723,0.9606729,0.04625786,Straight,Up,-0.01978234,1.558929,TransSlide
330.4199,20.69115,0,0.03433228,0.2936446,0,-0.1259938,5771.551,0.9610502,0.04655141,Straight,Up,0,1.548012,TransSlide
330.4599,20.68275,0,0.02700806,0.2856947,0,-0.1097233,5772.378,0.9613356,0.04684607,Straight,Up,-0.01978234,1.537086,TransSlide
330.4999,20.67316,0,0.01602173,0.2817273,0,-0.09323391,5773.206,0.9615638,0.04714162,Straight,Up,-0.01978234,1.526169,TransSlide
330.5399,20.66239,0,0.00869751,0.2817273,0,-0.07659534,5774.032,0.9617798,0.04743806,Straight,Up,-0.01978234,1.515259,TransSlide
330.5799,20.6512,0,0.003204346,0.27776,0,-0.05990756,5774.858,0.9620525,0.04773516,Straight,Up,-0.01978234,1.504349,TransSlide
330.6199,20.63921,0,-0.005950928,0.2737926,0,-0.04312059,5775.684,0.9623057,0.04803333,Straight,Up,0,1.493454,TransSlide
330.6599,20.62636,0,-0.01052856,0.2737926,0,-0.02599928,5776.509,0.9625123,0.04833243,Straight,Up,-0.01978234,1.482552,TransSlide
330.6999,20.61166,0,-0.0151062,0.2698253,0,-0.008963585,5777.334,0.962309,0.04863215,Straight,Up,-0.01978234,1.471672,TransSlide
330.7399,20.60032,0,-0.02334595,0.2658579,0,0.007385582,5778.158,0.9623539,0.04893297,Straight,Up,-0.01978234,1.4608,TransSlide
330.7799,20.58862,0,-0.0352478,0.2658579,0,0.02259144,5778.982,0.9646854,0.0492347,Straight,Up,-0.01978234,1.449944,TransSlide
330.8199,20.5759,0,-0.05355835,0.2618906,0,0.03796622,5779.805,0.9666947,0.04953731,Straight,Up,0,1.439087,TransSlide
330.8599,20.56099,0,-0.07095516,0.2618906,0,0.05321237,5780.627,0.9679304,0.04984055,Straight,Up,-0.01978234,1.428238,TransSlide
330.8999,20.54905,0,-0.08102596,0.2579232,0,0.06840429,5781.45,0.9681078,0.05014488,Straight,Up,-0.01978234,1.417381,TransSlide
330.9399,20.53635,0,-0.09018123,0.2579232,0,0.08375427,5782.271,0.9677703,0.05045012,Straight,Up,0.04423466,1.406532,TransSlide
330.9799,20.5232,0,-0.1011676,0.2579232,0,0.09900004,5783.092,0.9672516,0.05075598,Right,Up,0.05233916,1.383202,TransSlide
331.0199,20.50973,0,-0.1176471,0.2579232,0,0.1144147,5783.913,0.9666349,0.05106298,Right,Up,0.05595291,1.356041,TransSlide
331.0599,20.49679,0,-0.1423663,0.2579232,0,0.1298437,5784.733,0.9658113,0.05137083,Right,Up,0.05233916,1.328903,TransSlide
331.0999,20.48377,0,-0.1652545,0.2579232,0,0.1450899,5785.552,0.9662969,0.05167956,Right,Up,0.05595291,1.301788,TransSlide
331.1399,20.4711,0,-0.2018774,0.2579232,0,0.1600993,5786.371,0.9667565,0.05198893,Right,Up,0.05233916,1.274696,TransSlide
331.1799,20.45764,0,-0.2211034,0.2579232,0,0.1750785,5787.189,0.9666141,0.05229942,Right,Up,0.05595291,1.247627,TransSlide
331.2199,20.44624,0,-0.2366674,0.2579232,0,0.1849456,5788.007,0.9671801,0.05261076,Right,Up,0.05595291,1.220581,TransSlide
331.2599,20.43479,0,-0.2366674,0.2579232,0,0.1924513,5788.825,0.9681998,0.05292273,Right,Up,0.05595291,1.193542,TransSlide
331.2999,20.42319,0,-0.2366674,0.2579232,0,0.1998419,5789.642,0.9689885,0.05323587,Right,Up,0.05595291,1.166527,TransSlide
331.3399,20.41153,0,-0.2320898,0.27776,0,0.2070136,5790.458,0.9692932,0.05354983,Right,Up,0.05595291,1.139511,TransSlide
331.3799,20.40467,0,-0.2275121,0.27776,0,0.2139184,5791.275,0.9690372,0.05386466,Right,Up,0.05934703,1.112495,TransSlide
331.4199,20.39826,0,-0.2256811,0.27776,0,0.2205884,5792.091,0.9685634,0.05418012,Right,Up,0.08622923,1.085503,TransSlide
331.4599,20.39283,0,-0.2183568,0.2817273,0,0.2268183,5792.907,0.9693788,0.05449671,Right,Up,0.08846933,1.050514,TransSlide
331.4999,20.38725,0,-0.2092016,0.2817273,0,0.232548,5793.722,0.9695552,0.05481416,Right,Up,0.08846933,1.014122,TransSlide
331.5399,20.38247,0,-0.1972997,0.2817273,0,0.2309479,5794.538,0.9706295,0.05513249,Right,Up,0.09065409,0.9777527,TransSlide
331.5799,20.37782,0,-0.190891,0.2817273,0,0.2288612,5795.353,0.9711183,0.0554514,Right,Up,0.08846933,0.9413757,TransSlide
331.6199,20.37315,0,-0.1835668,0.2817273,0,0.2261372,5796.168,0.9713642,0.05577145,Right,Up,0.08846933,0.9049988,TransSlide
331.6599,20.3688,0,-0.1725787,0.2817273,0,0.2229878,5796.982,0.970515,0.05609239,Right,Up,0.08846933,0.8686295,TransSlide
331.6999,20.36583,0,-0.1670855,0.2817273,0,0.2192247,5797.797,0.971163,0.05641393,Right,Up,0.09487279,0.832283,TransSlide
331.7399,20.36298,0,-0.1597613,0.2817273,0,0.2144283,5798.611,0.9719907,0.05673656,Right,Up,0.1203313,0.7959061,TransSlide
331.7799,20.35962,0,-0.1542681,0.2817273,0,0.202421,5799.426,0.9728272,0.05706007,Right,Up,0.1203313,0.7509155,TransSlide
331.8199,20.35648,0,-0.1478595,0.2817273,0,0.1898842,5800.24,0.9730415,0.05738446,Right,Up,0.1186941,0.7059097,TransSlide
331.8599,20.35342,0,-0.1368731,0.2817273,0,0.1768231,5801.055,0.9723566,0.05770943,Right,Up,0.1203313,0.6609116,TransSlide
331.8999,20.35183,0,-0.1295489,0.2817273,0,0.1631922,5801.869,0.9728032,0.05803553,Right,Up,0.1203313,0.6159439,TransSlide
331.9399,20.3516,0,-0.1185626,0.2817273,0,0.1464242,5802.684,0.9738404,0.05836249,Right,Up,0.1251145,0.5709991,TransSlide
331.9799,20.35093,0,-0.1121539,0.2817273,0,0.1242783,5803.498,0.9753852,0.05869005,Right,Up,0.1493534,0.5260773,TransSlide
332.0199,20.34971,0,-0.1066607,0.2817273,0,0.1017566,5804.313,0.9760646,0.05901877,Right,Up,0.1506579,0.4726639,TransSlide
332.0599,20.34932,0,-0.1066607,0.2817273,0,0.07863554,5805.127,0.9761876,0.05934829,Right,Up,0.1493534,0.4191666,TransSlide
332.0999,20.35009,0,-0.1066607,0.2817273,0,0.05466098,5805.941,0.9758602,0.05967868,Right,Up,0.1493534,0.3656464,TransSlide
332.1399,20.35063,0,-0.1066607,0.2817273,0,0.02975464,5806.756,0.9755209,0.0600097,Right,Up,0.1607126,0.3121262,TransSlide
332.1799,20.35054,0,-0.1048297,0.2817273,0,0.00442794,5807.57,0.9746404,0.06034184,Right,Up,0.1802258,0.2569809,TransSlide
332.2199,20.35232,0,-0.09475887,0.2817273,0,-0.02151826,5808.385,0.9746875,0.06067479,Right,Up,0.1802258,0.1949539,TransSlide
332.2599,20.35359,0,-0.08194149,0.2817273,0,-0.04537117,5809.199,0.9762628,0.06100837,Right,Flat,0.1802258,0.1329269,TransSlide
332.2999,20.35414,0,-0.07003963,0.2817273,0,-0.06388956,5810.014,0.9762805,0.06134305,Right,Flat,0.08156469,0.07089233,TransSlide
332.3399,20.3539,0,-0.05264282,0.2817273,0,-0.08254859,5810.828,0.9758516,0.0616786,Left,Flat,-0.1607126,0.01506042,TransSlide
332.3799,20.35561,0,-0.04623413,0.2817273,0,-0.1015916,5811.643,0.9743775,0.06201503,Left,Flat,-0.1619255,-0.009254456,TransSlide
332.4199,20.35875,0,-0.0352478,0.2817273,0,-0.1212257,5812.457,0.9758606,0.06235201,Left,Flat,-0.1619255,-0.03356171,TransSlide
332.4599,20.35999,0,-0.02975464,0.2817273,0,-0.1361135,5813.271,0.9768359,0.06269012,Left,Flat,-0.1607126,-0.05786896,TransSlide
332.4999,20.36071,0,-0.02792358,0.2817273,0,-0.1479573,5814.086,0.9769287,0.06302906,Left,Flat,-0.1582588,-0.08205414,TransSlide
332.5399,20.36225,0,-0.02151489,0.2817273,0,-0.1602001,5814.9,0.9767039,0.06336863,Left,Flat,-0.1570175,-0.1007385,TransSlide
332.5799,20.3645,0,-0.005950928,0.2817273,0,-0.1730108,5815.715,0.9761961,0.0637093,Left,Flat,-0.1582588,-0.1194305,TransSlide
332.6199,20.36688,0,0.00869751,0.2817273,0,-0.1859591,5816.529,0.9760988,0.0640508,Left,Flat,-0.1582588,-0.1380997,TransSlide
332.6599,20.37022,0,0.02243042,0.2817273,0,-0.1995068,5817.344,0.9775578,0.06439317,Left,Down,-0.1480375,-0.1567764,TransSlide
332.6999,20.37242,0,0.03250122,0.2817273,0,-0.2057402,5818.158,0.9783239,0.06473614,Left,Down,-0.1297215,-0.1750336,TransSlide
332.7399,20.37432,0,0.03890991,0.2817273,0,-0.2106102,5818.973,0.9784929,0.0650802,Left,Down,-0.1297215,-0.1910934,TransSlide
332.7799,20.37712,0,0.04440308,0.2817273,0,-0.2157521,5819.789,0.978436,0.06542511,Left,Down,-0.1297215,-0.2071609,TransSlide
332.8199,20.38,0,0.0453186,0.2817273,0,-0.2212699,5820.604,0.9784012,0.06577084,Left,Down,-0.1282043,-0.2232285,TransSlide
332.8599,20.38252,0,0.04623413,0.2817273,0,-0.2270531,5821.419,0.9783089,0.06611717,Left,Down,-0.1297215,-0.239296,TransSlide
332.8999,20.38526,0,0.04714966,0.2817273,0,-0.2328421,5822.235,0.9777701,0.06646464,Left,Down,-0.1153499,-0.2553635,TransSlide
332.9399,20.38859,0,0.05264282,0.2817273,0,-0.2389542,5823.05,0.9788754,0.06681294,Left,Down,-0.09691329,-0.2707291,TransSlide
332.9799,20.39198,0,0.06271362,0.2817273,0,-0.245239,5823.866,0.9798022,0.06716181,Left,Down,-0.09891172,-0.2839661,TransSlide
333.0199,20.39508,0,0.06454468,0.2817273,0,-0.2419122,5824.681,0.9806305,0.06751177,Left,Down,-0.09691329,-0.2972107,TransSlide
333.0599,20.39845,0,0.06546021,0.2817273,0,-0.2383823,5825.497,0.9810229,0.06786264,Left,Down,-0.09891172,-0.3104553,TransSlide
333.0999,20.40228,0,0.06546021,0.2817273,0,-0.2351325,5826.313,0.9812042,0.0682143,Left,Down,-0.09691329,-0.3237076,TransSlide
333.1399,20.4061,0,0.06546021,0.2817273,0,-0.2319025,5827.13,0.9813289,0.06856654,Left,Down,-0.09891172,-0.3369675,TransSlide
333.1799,20.40987,0,0.06546021,0.2817273,0,-0.2286772,5827.946,0.9812753,0.06891987,Left,Down,-0.09691329,-0.3502197,TransSlide
333.2199,20.41356,0,0.06546021,0.2817273,0,-0.2254526,5828.763,0.9813071,0.06927408,Left,Down,-0.08392937,-0.3634872,TransSlide
333.2599,20.41726,0,0.06546021,0.2817273,0,-0.2221656,5829.579,0.9813478,0.06962884,Left,Down,-0.05595291,-0.3761139,TransSlide
333.2999,20.4209,0,0.06546021,0.2817273,0,-0.2189108,5830.396,0.9815642,0.06998471,Left,Down,-0.05595291,-0.385704,TransSlide
333.3399,20.42455,0,0.06546021,0.2817273,0,-0.2154526,5831.213,0.9818205,0.07034142,Left,Down,-0.05595291,-0.3952942,TransSlide
333.3799,20.42796,0,0.05264282,0.2817273,0,-0.2119944,5832.03,0.9819064,0.07069898,Left,Down,-0.05595291,-0.4048843,TransSlide
333.4199,20.43182,0,0.05081177,0.2817273,0,-0.2084983,5832.848,0.9817802,0.07105712,Left,Down,-0.05595291,-0.4144745,TransSlide
333.4599,20.43547,0,0.04714966,0.2817273,0,-0.2050594,5833.665,0.9826531,0.07141633,Left,Down,-0.05233916,-0.4240646,TransSlide
333.4999,20.43955,0,0.04714966,0.2817273,0,-0.2015338,5834.482,0.9834083,0.07177637,Left,Down,-0.05233916,-0.4336548,TransSlide
333.5399,20.44342,0,0.04714966,0.2817273,0,-0.1978339,5835.3,0.9838462,0.07213698,Left,Down,-0.05595291,-0.4432449,TransSlide
333.5799,20.44745,0,0.0453186,0.2817273,0,-0.1934679,5836.118,0.9838841,0.07249875,Left,Down,-0.05595291,-0.4528351,TransSlide
333.6199,20.45198,0,0.03890991,0.2817273,0,-0.184614,5836.936,0.9848478,0.07286129,Left,Down,-0.05595291,-0.4624252,TransSlide
333.6599,20.45659,0,0.02883911,0.2817273,0,-0.1757837,5837.754,0.985495,0.07322467,Left,Down,-0.05595291,-0.4720306,TransSlide
333.6999,20.46057,0,0.02334595,0.2817273,0,-0.1668906,5838.573,0.9860717,0.07358862,Left,Down,-0.05595291,-0.4816284,TransSlide
333.7399,20.46549,0,0.01419067,0.2817273,0,-0.1580049,5839.391,0.9863542,0.07395367,Left,Down,-0.05595291,-0.4912338,TransSlide
333.7799,20.47029,0,0.004119873,0.2817273,0,-0.1489196,5840.209,0.9863812,0.07431958,Left,Down,-0.05595291,-0.5008392,TransSlide
333.8199,20.47503,0,-0.0050354,0.2817273,0,-0.1396469,5841.029,0.9864858,0.0746863,Straight,Down,-0.04423466,-0.5104523,TransSlide
333.8599,20.47972,0,-0.009613037,0.2817273,0,-0.1303311,5841.848,0.9865186,0.07505355,Straight,Down,0,-0.5200653,TransSlide
333.8999,20.48435,0,-0.01144409,0.2817273,0,-0.1207116,5842.667,0.9866087,0.07542194,Straight,Down,0,-0.5246124,TransSlide
333.9399,20.48899,0,-0.01693726,0.2817273,0,-0.111082,5843.487,0.9868075,0.07579116,Straight,Down,0,-0.5288696,TransSlide
333.9799,20.49358,0,-0.02426147,0.2817273,0,-0.1015292,5844.306,0.9870066,0.07616092,Straight,Down,0,-0.5331268,TransSlide
334.0199,20.49818,0,-0.03433228,0.2817273,0,-0.09174153,5845.126,0.9872749,0.07653175,Straight,Down,0,-0.5373917,TransSlide
334.0599,20.50275,0,-0.04806519,0.2817273,0,-0.08188725,5845.947,0.987565,0.07690344,Straight,Down,0,-0.5416412,TransSlide
334.0999,20.50729,0,-0.06637752,0.2817273,0,-0.07208604,5846.767,0.9878744,0.07727594,Straight,Down,0,-0.5459061,TransSlide
334.1399,20.51183,0,-0.09475887,0.2817273,0,-0.06239408,5847.587,0.988265,0.077649,Straight,Down,0,-0.5501709,TransSlide
334.1799,20.51634,0,-0.1286334,0.2817273,0,-0.05259132,5848.408,0.9884492,0.07802317,Straight,Down,0,-0.5544357,TransSlide
334.2199,20.52086,0,-0.1286334,0.2817273,0,-0.04278353,5849.229,0.9888041,0.07839815,Straight,Down,0,-0.5587006,TransSlide
334.2599,20.52535,0,-0.07736385,0.2817273,0,-0.03308228,5850.05,0.9891389,0.07877365,Straight,Down,0,-0.5629578,TransSlide
334.2999,20.52984,0,-0.0453186,0.2817273,0,-0.02347711,5850.871,0.9893955,0.0791503,Straight,Down,0,-0.5672302,TransSlide
334.3399,20.53431,0,0.009613037,0.2817273,0,-0.01385877,5851.692,0.9895304,0.07952774,Straight,Down,0,-0.5715027,TransSlide
334.3799,20.53878,0,0.04714966,0.2817273,0,-0.004273355,5852.514,0.9901342,0.07990599,Straight,Down,0,-0.5757675,TransSlide
334.4199,20.5432,0,0.07003784,0.2817273,0,0.005088508,5853.335,0.9904602,0.08028478,Straight,Down,0,-0.58004,TransSlide
334.4599,20.54767,0,0.110321,0.2817273,0,0.01473668,5854.157,0.9906306,0.08066467,Straight,Down,0,-0.5843048,TransSlide
334.4999,20.55221,0,0.1350439,0.2817273,0,0.02447939,5854.979,0.9908643,0.0810454,Straight,Down,0,-0.5885773,TransSlide
334.5399,20.5567,0,0.1643407,0.2817273,0,0.0343852,5855.802,0.991442,0.08142666,Straight,Down,0,-0.5928421,TransSlide
334.5799,20.56106,0,0.1835668,0.2817273,0,0.04443708,5856.624,0.9919719,0.08180899,Straight,Down,0,-0.5971222,TransSlide
334.6199,20.56569,0,0.1936376,0.2817273,0,0.05444556,5857.446,0.9924808,0.08219219,Straight,Down,0,-0.601387,TransSlide
334.6599,20.57031,0,0.2018774,0.2817273,0,0.06471905,5858.269,0.9929454,0.08257616,Straight,Down,0,-0.6056671,TransSlide
334.6999,20.5749,0,0.2174413,0.2817273,0,0.07497278,5859.092,0.9932737,0.08296067,Straight,Down,0,-0.6099396,TransSlide
334.7399,20.57943,0,0.2540624,0.2817273,0,0.08559456,5859.916,0.9936519,0.08334626,Straight,Down,0,-0.614212,TransSlide
334.7799,20.58402,0,0.3099096,0.2817273,0,0.09651545,5860.739,0.9940802,0.0837327,Straight,Down,0,-0.6184921,TransSlide
334.8199,20.58871,0,0.3666759,0.2817273,0,0.107756,5861.562,0.9944901,0.08411992,Straight,Down,0,-0.6227722,TransSlide
334.8599,20.59308,0,0.4271007,0.2817273,0,0.1152667,5862.385,0.9946898,0.08450768,Straight,Down,0,-0.6270523,TransSlide
334.8999,20.59747,0,0.453651,0.2817273,0,0.1196071,5863.209,0.9948626,0.08489654,Straight,Down,0,-0.63134,TransSlide
334.9399,20.60186,0,0.4637218,0.2817273,0,0.1243779,5864.034,0.9951336,0.08528618,Straight,Down,0,-0.6356201,TransSlide
334.9799,20.60628,0,0.4637218,0.2817273,0,0.1297399,5864.858,0.9953343,0.08567638,Straight,Down,0,-0.6399002,TransSlide
335.0199,20.61052,0,0.4637218,0.2817273,0,0.1356211,5865.682,0.9955025,0.08606765,Straight,Down,0,-0.6441956,TransSlide
335.0599,20.61473,0,0.4637218,0.2817273,0,0.1422586,5866.506,0.9958968,0.08645973,Straight,Down,0,-0.6484833,TransSlide
335.0999,20.61899,0,0.4637218,0.2817273,0,0.1492784,5867.331,0.9962221,0.08685265,Straight,Down,0,-0.652771,TransSlide
335.1399,20.62304,0,0.4646373,0.2817273,0,0.157144,5868.156,0.9962837,0.08724604,Right,Down,0.05233916,-0.6570587,TransSlide
335.1799,20.62732,0,0.4646373,0.2817273,0,0.1656725,5868.981,0.9971578,0.08764053,Right,Down,0.06255726,-0.6581192,TransSlide
335.2199,20.63209,0,0.4646373,0.2817273,0,0.175232,5869.807,0.9981145,0.08803586,Right,Down,0.06255726,-0.658432,TransSlide
335.2599,20.63691,0,0.4829478,0.2817273,0,0.1859979,5870.632,0.9990291,0.08843166,Right,Down,0.05934703,-0.6587524,TransSlide
335.2999,20.64046,0,0.5104136,0.2817273,0,0.1930712,5871.457,0.9991102,0.0888286,Right,Down,0.05934703,-0.6590652,TransSlide
335.3399,20.64426,0,0.5470347,0.2817273,0,0.1981237,5872.283,0.998668,0.08922631,Right,Down,0.06255726,-0.6593857,TransSlide
335.3799,20.64824,0,0.5772471,0.2817273,0,0.2041637,5873.109,0.9982184,0.0896248,Right,Down,0.05934703,-0.6597061,TransSlide
335.4199,20.65246,0,0.5937302,0.2817273,0,0.211521,5873.936,0.9981071,0.09002382,Right,Down,0.06255726,-0.6600189,TransSlide
335.4599,20.65604,0,0.6010544,0.2817273,0,0.2203668,5874.762,0.9983481,0.09042395,Right,Down,0.06255726,-0.6603317,TransSlide
335.4999,20.65947,0,0.6047165,0.2817273,0,0.2307472,5875.588,0.998213,0.09082488,Right,Down,0.06255726,-0.6606445,TransSlide
335.5399,20.6634,0,0.6047165,0.2817273,0,0.2425917,5876.414,0.9995611,0.09122626,Right,Down,0.05934703,-0.6609573,TransSlide
335.5799,20.66861,0,0.5946457,0.2817273,0,0.256227,5877.241,1.001286,0.0916288,Right,Down,0.08392937,-0.6612778,TransSlide
335.6199,20.67059,0,0.5754161,0.2817273,0,0.2672207,5878.068,1.002105,0.09203208,Right,Down,0.08622923,-0.6603012,TransSlide
335.6599,20.67358,0,0.5342174,0.2817273,0,0.2761312,5878.895,1.001543,0.0924362,Right,Down,0.08846933,-0.658905,TransSlide
335.6999,20.67732,0,0.4820323,0.2817273,0,0.2865918,5879.722,1.00106,0.09284077,Right,Down,0.08622923,-0.6575089,TransSlide
335.7399,20.68133,0,0.4234385,0.2817273,0,0.2985781,5880.549,1.000953,0.0932465,Right,Down,0.08622923,-0.6561203,TransSlide
335.7799,20.6841,0,0.4097056,0.2817273,0,0.3124365,5881.376,1.000607,0.09365297,Right,Down,0.08622923,-0.6547241,TransSlide
335.8199,20.68813,0,0.4170299,0.2817273,0,0.3276478,5882.204,1.002158,0.09406022,Right,Down,0.08846933,-0.6533279,TransSlide
335.8599,20.69229,0,0.4747081,0.2817273,0,0.344415,5883.032,1.004507,0.09446801,Right,Down,0.08846933,-0.6519318,TransSlide
335.8999,20.69429,0,0.523231,0.2817273,0,0.3550085,5883.86,1.004177,0.09487686,Right,Down,0.1008706,-0.650528,TransSlide
335.9399,20.69716,0,0.5827403,0.2817273,0,0.3674078,5884.688,1.003744,0.09528653,Right,Down,0.1065312,-0.6482849,TransSlide
335.9799,20.70161,0,0.6184494,0.2817273,0,0.3818551,5885.516,1.003272,0.09569664,Right,Down,0.1065312,-0.6455078,TransSlide
336.0199,20.70377,0,0.6248581,0.2817273,0,0.3987761,5886.344,1.00278,0.09610788,Right,Down,0.1065312,-0.642746,TransSlide
336.0599,20.70905,0,0.6248581,0.2817273,0,0.4176439,5887.172,1.00478,0.09651987,Right,Down,0.1065312,-0.6399689,TransSlide
336.0999,20.71101,0,0.619365,0.2817273,0,0.4351825,5888,1.006417,0.09693269,Right,Down,0.1065312,-0.6371994,TransSlide
336.1399,20.71278,0,0.6047165,0.2817273,0,0.4501238,5888.829,1.006094,0.09734596,Right,Down,0.1119058,-0.6344223,TransSlide
336.1799,20.71531,0,0.5763316,0.2817273,0,0.4669437,5889.657,1.005589,0.09776033,Right,Down,0.1266688,-0.6315384,TransSlide
336.2199,20.71842,0,0.5461192,0.2817273,0,0.4857278,5890.486,1.004263,0.09817547,Right,Down,0.1251145,-0.6275482,TransSlide
336.2599,20.72421,0,0.5067515,0.2817273,0,0.5062981,5891.315,1.006471,0.0985911,Right,Down,0.1251145,-0.623558,TransSlide
336.2999,20.72538,0,0.4975963,0.2817273,0,0.5250586,5892.144,1.008132,0.09900782,Right,Down,0.1266688,-0.6195679,TransSlide
336.3399,20.72635,0,0.4975963,0.2817273,0,0.5413311,5892.973,1.007955,0.09942532,Right,Down,0.1251145,-0.6155701,TransSlide
336.3799,20.72787,0,0.5003428,0.2817273,0,0.5595046,5893.802,1.006975,0.09984363,Right,Down,0.1341704,-0.6115646,TransSlide
336.4199,20.73194,0,0.5067515,0.2817273,0,0.5798919,5894.631,1.006718,0.1002624,Right,Down,0.1426525,-0.6070557,TransSlide
336.4599,20.7361,0,0.5104136,0.2817273,0,0.6024129,5895.46,1.009887,0.1006822,Right,Down,0.1426525,-0.6019363,TransSlide
336.4999,20.73734,0,0.5104136,0.2817273,0,0.6184951,5896.29,1.009629,0.1011028,Right,Down,0.1440177,-0.5968018,TransSlide
336.5399,20.73734,0,0.5104136,0.2817273,0,0.6371231,5897.119,1.008864,0.1015239,Right,Down,0.1426525,-0.5916672,TransSlide
336.5799,20.74209,0,0.5104136,0.2817273,0,0.6575221,5897.948,1.00792,0.1019461,Right,Down,0.1532334,-0.5865326,TransSlide
336.6199,20.74596,0,0.5104136,0.2817273,0,0.6803584,5898.778,1.011319,0.102369,Right,Down,0.1594904,-0.5808182,TransSlide
336.6599,20.74681,0,0.5104136,0.2817273,0,0.6970981,5899.608,1.011032,0.1027928,Right,Down,0.1594904,-0.5746002,TransSlide
336.6999,20.74616,0,0.5104136,0.2817273,0,0.7157583,5900.438,1.009992,0.103217,Right,Down,0.1594904,-0.5683823,TransSlide
336.7399,20.7532,0,0.5104136,0.2817273,0,0.7364254,5901.269,1.010118,0.1036423,Right,Down,0.1631294,-0.5621643,TransSlide
336.7799,20.75446,0,0.5168223,0.2817273,0,0.7564299,5902.099,1.01251,0.1040683,Right,Down,0.1769387,-0.5558548,TransSlide
336.8199,20.75518,0,0.523231,0.2817273,0,0.772783,5902.929,1.012182,0.1044948,Right,Down,0.1758294,-0.5485764,TransSlide
336.8599,20.7543,0,0.5342174,0.2817273,0,0.7914211,5903.759,1.0103,0.1049224,Right,Down,0.1769387,-0.5413055,TransSlide
336.8999,20.76135,0,0.5415416,0.2817273,0,0.8121234,5904.589,1.0137,0.1053508,Right,Down,0.1802258,-0.5340195,TransSlide
336.9399,20.76128,0,0.5644298,0.2817273,0,0.82711,5905.419,1.013448,0.1057799,Right,Down,0.1938267,-0.5266571,TransSlide
336.9799,20.75957,0,0.5937302,0.2817273,0,0.8438861,5906.249,1.011819,0.1062095,Right,Down,0.1928145,-0.518364,TransSlide
337.0199,20.76706,0,0.6239426,0.2817273,0,0.8626676,5907.08,1.014319,0.1066401,Right,Down,0.1928145,-0.5100555,TransSlide
337.0599,20.7665,0,0.67155,0.2817273,0,0.8771075,5907.911,1.014557,0.1070716,Right,Down,0.2007689,-0.5017395,TransSlide
337.0999,20.76455,0,0.7008469,0.2817273,0,0.8922812,5908.742,1.012919,0.1075038,Right,Down,0.20842,-0.4930038,TransSlide
337.1399,20.76974,0,0.7328904,0.2817273,0,0.90991,5909.573,1.015761,0.1079364,Right,Down,0.2093567,-0.4836807,TransSlide
337.1799,20.76974,0,0.7557786,0.2817273,0,0.9227138,5910.404,1.015708,0.1083702,Right,Down,0.2121421,-0.4743576,TransSlide
337.2199,20.76814,0,0.7676804,0.2817273,0,0.9366872,5911.235,1.013607,0.1088047,Right,Down,0.2246844,-0.4649811,TransSlide
337.2599,20.7722,0,0.7768357,0.2817273,0,0.9521996,5912.066,1.017408,0.1092396,Right,Down,0.2246844,-0.4546585,TransSlide
337.2999,20.77039,0,0.7786667,0.2817273,0,0.9624231,5912.897,1.015995,0.1096756,Right,Down,0.2272819,-0.4443283,TransSlide
337.3399,20.7732,0,0.7850754,0.2817273,0,0.9751838,5913.728,1.016258,0.1101124,Right,Down,0.2406627,-0.4339981,TransSlide
337.3799,20.77466,0,0.803386,0.2817273,0,0.986073,5914.559,1.017875,0.11055,Right,Down,0.2414744,-0.4227219,TransSlide
337.4199,20.77013,0,0.8262777,0.2817273,0,0.9953419,5915.39,1.015764,0.1109879,Right,Down,0.2446942,-0.4113998,TransSlide
337.4599,20.77119,0,0.8546591,0.2817273,0,1.007718,5916.221,1.019706,0.111427,Right,Down,0.2579304,-0.4000244,TransSlide
337.4999,20.77042,0,0.8793783,0.2817273,0,1.01418,5917.052,1.017612,0.1118668,Right,Down,0.2571706,-0.3877029,TransSlide
337.5399,20.77373,0,0.901351,0.2817273,0,1.023425,5917.883,1.019029,0.112307,Right,Down,0.2646699,-0.3753738,TransSlide
337.5799,20.77354,0,0.9214926,0.2817273,0,1.0299,5918.714,1.019102,0.1127484,Right,Down,0.2733977,-0.3627319,TransSlide
337.6199,20.77427,0,0.9425497,0.2817273,0,1.036589,5919.545,1.018455,0.1131905,Right,Down,0.2733977,-0.3494186,TransSlide
337.6599,20.76877,0,0.9626913,0.2817273,0,1.042442,5920.376,1.020481,0.1136333,Right,Down,0.2866737,-0.3360672,TransSlide
337.6999,20.76941,0,0.9736776,0.2817273,0,1.046895,5921.208,1.018391,0.1140766,Right,Down,0.2900664,-0.321991,TransSlide
337.7399,20.76525,0,0.9800863,0.2817273,0,1.051874,5922.039,1.021824,0.1145209,Right,Down,0.2967354,-0.3076401,TransSlide
337.7799,20.76717,0,0.9800863,0.2817273,0,1.054024,5922.87,1.018961,0.114966,Right,Down,0.3071049,-0.2930222,TransSlide
337.8199,20.76213,0,0.9800863,0.2817273,0,1.056675,5923.7,1.022399,0.1154115,Right,Down,0.309643,-0.2776489,TransSlide
337.8599,20.7664,0,0.9837484,0.2817273,0,1.057157,5924.531,1.020336,0.1158581,Right,Down,0.3232465,-0.262291,TransSlide
337.8999,20.75632,0,0.9837484,0.2817273,0,1.057296,5925.361,1.022523,0.1163055,Right,Down,0.3238513,-0.2459183,TransSlide
337.9399,20.7603,0,0.9837484,0.2817273,0,1.056578,5926.191,1.022493,0.1167536,Right,Down,0.3374619,-0.229538,TransSlide
337.9799,20.74908,0,0.9837484,0.2817273,0,1.053457,5927.021,1.022254,0.1172021,Right,Down,0.3403488,-0.2123413,TransSlide
338.0199,20.75303,0,0.9855795,0.2817273,0,1.051302,5927.851,1.023858,0.1176517,Right,Down,0.3533245,-0.1949463,TransSlide
338.0599,20.74799,0,0.9929037,0.2817273,0,1.044761,5928.681,1.024221,0.118102,Right,Down,0.3577275,-0.1768341,TransSlide
338.0999,20.74725,0,1.002059,0.2817273,0,1.038946,5929.511,1.025021,0.1185531,Right,Down,0.3706227,-0.158432,TransSlide
338.1399,20.74456,0,1.009383,0.2817273,0,1.030156,5930.341,1.028373,0.1190046,Right,Flat,0.3758652,-0.1392441,TransSlide
338.1799,20.74234,0,1.019454,0.2817273,0,1.021529,5931.171,1.026131,0.1194572,Right,Flat,0.3896677,-0.119812,TransSlide
338.2199,20.73829,0,1.021285,0.2817273,0,1.011238,5932.001,1.028466,0.1199105,Right,Flat,0.3966355,-0.09944916,TransSlide
338.2599,20.73924,0,1.033187,0.2817273,0,1.000718,5932.83,1.026371,0.1203642,Right,Flat,0.4087828,-0.07884979,TransSlide
338.2999,20.73232,0,1.043258,0.2817273,0,0.9892174,5933.659,1.028148,0.120819,Right,Flat,0.4173099,-0.05735779,TransSlide
338.3399,20.73336,0,1.048751,0.2817273,0,0.9769626,5934.488,1.026605,0.1212745,Right,Flat,0.4265846,-0.03546906,TransSlide
338.3799,20.72559,0,1.050582,0.2817273,0,0.9644633,5935.317,1.02827,0.1217308,Right,Flat,0.4010509,-0.01291656,TransSlide
338.4199,20.72617,0,1.055163,0.2817273,0,0.9513891,5936.146,1.026974,0.1221874,Right,Flat,0.392669,0.009994507,TransSlide
338.4599,20.71817,0,1.056994,0.2817273,0,0.9381661,5936.976,1.028914,0.1226452,Right,Flat,0.3810355,0.0330658,TransSlide
338.4999,20.71783,0,1.061572,0.2817273,0,0.9243976,5937.805,1.027579,0.1231037,Right,Flat,0.3784592,0.0557251,TransSlide
338.5399,20.71042,0,1.061572,0.2817273,0,0.9105248,5938.633,1.029996,0.1235625,Right,Flat,0.3732531,0.07832336,TransSlide
338.5799,20.7088,0,1.062487,0.2817273,0,0.8967401,5939.461,1.028214,0.1240225,Right,Flat,0.3716771,0.1004181,TransSlide
338.6199,20.70212,0,1.067065,0.2817273,0,0.8821503,5940.289,1.031192,0.1244831,Right,Flat,0.3663747,0.1224747,TransSlide
338.6599,20.69944,0,1.073474,0.2817273,0,0.8683147,5941.117,1.028775,0.1249446,Right,Flat,0.364769,0.1440125,TransSlide
338.6999,20.69409,0,1.079882,0.2817273,0,0.8529617,5941.945,1.03172,0.1254064,Right,Up,0.3593647,0.1655045,TransSlide
338.7399,20.68986,0,1.08446,0.2817273,0,0.8401788,5942.772,1.029493,0.1258693,Right,Up,0.3577275,0.1864777,TransSlide
338.7799,20.68539,0,1.08446,0.2817273,0,0.824355,5943.6,1.032079,0.1263329,Right,Up,0.3516591,0.2073746,TransSlide
338.8199,20.67854,0,1.08446,0.2817273,0,0.8124148,5944.427,1.030602,0.1267968,Right,Up,0.3505445,0.2277527,TransSlide
338.8599,20.67466,0,1.08446,0.2817273,0,0.7969788,5945.254,1.032424,0.1272619,Right,Up,0.343781,0.2480698,TransSlide
338.8999,20.66752,0,1.079882,0.2817273,0,0.7847991,5946.081,1.032632,0.1277277,Right,Up,0.3426407,0.2678146,TransSlide
338.9399,20.66315,0,1.078967,0.2856947,0,0.7709306,5946.908,1.032697,0.1281942,Right,Up,0.3363003,0.2875214,TransSlide
338.9799,20.65767,0,1.062487,0.2856947,0,0.7585844,5947.734,1.034733,0.1286611,Right,Up,0.3357179,0.306633,TransSlide
339.0199,20.65462,0,1.034102,0.2856947,0,0.7470084,5948.56,1.033109,0.1291291,Right,Up,0.3286494,0.3256836,TransSlide
339.0599,20.65074,0,1.002059,0.2856947,0,0.7342476,5949.386,1.035449,0.1295977,Right,Up,0.3268584,0.3441849,TransSlide
339.0999,20.64471,0,0.9791708,0.289662,0,0.7252008,5950.212,1.033809,0.1300672,Right,Up,0.3214254,0.3625412,TransSlide
339.1399,20.63944,0,0.9663534,0.289662,0,0.7121459,5951.038,1.035213,0.1305369,Right,Up,0.3183671,0.3804779,TransSlide
339.1799,20.63492,0,0.9507895,0.2936446,0,0.7026694,5951.863,1.036723,0.1310078,Right,Up,0.3140353,0.3981247,TransSlide
339.2199,20.63066,0,0.9434652,0.2936446,0,0.6938495,5952.688,1.035456,0.1314794,Right,Up,0.3083766,0.4154816,TransSlide
339.2599,20.62978,0,0.920577,0.2936446,0,0.6836508,5953.513,1.037199,0.1319513,Right,Up,0.3064671,0.432373,TransSlide
339.2999,20.62543,0,0.8921957,0.2936446,0,0.6773969,5954.338,1.036935,0.1324243,Right,Up,0.2980514,0.4492188,TransSlide
339.3399,20.62086,0,0.8729696,0.2936446,0,0.6688846,5955.164,1.037083,0.132898,Right,Up,0.2987072,0.4653091,TransSlide
339.3799,20.61953,0,0.8445883,0.2936446,0,0.6620008,5955.989,1.039141,0.1333725,Right,Up,0.2907402,0.4813995,TransSlide
339.4199,20.61463,0,0.8262777,0.297612,0,0.6587793,5956.813,1.037434,0.1338473,Right,Up,0.2873554,0.4969559,TransSlide
339.4599,20.61185,0,0.7969773,0.297612,0,0.6508436,5957.637,1.038632,0.1343231,Right,Up,0.2853053,0.5121918,TransSlide
339.4999,20.61091,0,0.7713425,0.3015793,0,0.6463281,5958.461,1.04087,0.1347997,Right,Up,0.2762456,0.5273819,TransSlide
339.5399,20.60631,0,0.7484543,0.3055466,0,0.6446319,5959.286,1.038833,0.1352767,Right,Up,0.2762456,0.5417328,TransSlide
339.5799,20.60652,0,0.7237351,0.3055466,0,0.6389502,5960.11,1.039955,0.1357547,Right,Up,0.2705197,0.5560684,TransSlide
339.6199,20.60857,0,0.6962693,0.3055466,0,0.63675,5960.934,1.042242,0.1362333,Right,Up,0.2646699,0.5700531,TransSlide
339.6599,20.60418,0,0.6550705,0.3055466,0,0.6375567,5961.758,1.040184,0.1367128,Right,Up,0.2639296,0.5834656,TransSlide
339.6999,20.60498,0,0.6001389,0.3055466,0,0.6337653,5962.583,1.041081,0.1371926,Right,Up,0.2548778,0.5968628,TransSlide
339.7399,20.60764,0,0.5534434,0.3055466,0,0.6330416,5963.407,1.042983,0.1376734,Right,Up,0.25101,0.609642,TransSlide
339.7799,20.60246,0,0.5049205,0.3055466,0,0.6355773,5964.231,1.042181,0.1381549,Right,Up,0.25101,0.6220703,TransSlide
339.8199,20.60333,0,0.4701304,0.3055466,0,0.6344693,5965.055,1.042297,0.1386368,Right,Up,0.2398483,0.6344833,TransSlide
339.8599,20.6051,0,0.4325938,0.3055466,0,0.634081,5965.879,1.043315,0.1391198,Right,Up,0.2373883,0.6461411,TransSlide
339.8999,20.604,0,0.3923106,0.3055466,0,0.6368357,5966.704,1.044762,0.1396035,Right,Up,0.2373883,0.6575241,TransSlide
339.9399,20.60245,0,0.3611827,0.3055466,0,0.6409928,5967.528,1.043246,0.1400878,Right,Up,0.2264194,0.6688919,TransSlide
339.9799,20.60316,0,0.3089941,0.3055466,0,0.6405639,5968.352,1.043932,0.1405725,Right,Up,0.2229358,0.6795349,TransSlide
340.0199,20.60559,0,0.2623022,0.3055466,0,0.6423515,5969.176,1.045444,0.1410583,Right,Up,0.2220564,0.6897812,TransSlide
340.0599,20.60253,0,0.2073705,0.3055466,0,0.6467729,5970,1.04626,0.1415447,Right,Up,0.2148914,0.7000198,TransSlide
340.0999,20.60249,0,0.1533544,0.3055466,0,0.651522,5970.825,1.045047,0.1420315,Right,Up,0.2055842,0.7098618,TransSlide
340.1399,20.60344,0,0.1057434,0.3055466,0,0.6516526,5971.649,1.045612,0.1425194,Right,Up,0.2055842,0.7188873,TransSlide
340.1799,20.60543,0,0.04623413,0.3055466,0,0.6533569,5972.473,1.046747,0.143008,Right,Up,0.2055842,0.7278976,TransSlide
340.2199,20.60427,0,-0.0004577637,0.3055466,0,0.6571428,5973.297,1.04836,0.1434972,Right,Up,0.1928145,0.7368927,TransSlide
340.2599,20.60314,0,-0.06363094,0.3055466,0,0.6625451,5974.122,1.047098,0.1439868,Right,Up,0.1876719,0.745018,TransSlide
340.2999,20.60426,0,-0.1139849,0.3055466,0,0.6633262,5974.946,1.047143,0.1444774,Right,Up,0.1866263,0.7526703,TransSlide
340.3399,20.60582,0,-0.1533526,0.3055466,0,0.6628768,5975.77,1.047866,0.1449688,Right,Up,0.1866263,0.7603073,TransSlide
340.3799,20.60624,0,-0.2018774,0.3055466,0,0.6638651,5976.594,1.048915,0.1454608,Right,Up,0.1713202,0.7679367,TransSlide
340.4199,20.60646,0,-0.2375829,0.3055466,0,0.6659445,5977.418,1.050289,0.1459532,Right,Up,0.165511,0.7745972,TransSlide
340.4599,20.60535,0,-0.2815282,0.3055466,0,0.6690885,5978.243,1.049435,0.1464466,Right,Up,0.166689,0.7807007,TransSlide
340.4999,20.60605,0,-0.3218132,0.3055466,0,0.6697405,5979.067,1.04886,0.1469407,Right,Up,0.165511,0.7867966,TransSlide
340.5399,20.60723,0,-0.3456169,0.3055466,0,0.665199,5979.891,1.049492,0.1474351,Right,Up,0.1607126,0.7928925,TransSlide
340.5799,20.60764,0,-0.3620964,0.3055466,0,0.6613669,5980.715,1.05031,0.1479306,Right,Up,0.1412742,0.7988892,TransSlide
340.6199,20.60736,0,-0.363012,0.3055466,0,0.6582447,5981.54,1.051182,0.1484268,Right,Up,0.1398823,0.803154,TransSlide
340.6599,20.60826,0,-0.363012,0.3055466,0,0.6551828,5982.364,1.052131,0.1489236,Right,Up,0.1412742,0.8074112,TransSlide
340.6999,20.60848,0,-0.363012,0.3055466,0,0.6523449,5983.188,1.052421,0.1494208,Right,Up,0.1412742,0.811676,TransSlide
340.7399,20.60797,0,-0.363012,0.3055466,0,0.6495751,5984.012,1.05181,0.149919,Right,Up,0.1398823,0.8159332,TransSlide
340.7799,20.60796,0,-0.363012,0.2856947,0,0.6452607,5984.836,1.051201,0.1504179,Right,Up,0.1186941,0.8201828,TransSlide
340.8199,20.60625,0,-0.363012,0.2856947,0,0.6324255,5985.661,1.0521,0.1509171,Right,Up,0.1083524,0.8231201,TransSlide
340.8599,20.60214,0,-0.3447014,0.2817273,0,0.6196783,5986.485,1.053273,0.1514174,Right,Up,0.1065312,0.8249588,TransSlide
340.8999,20.59631,0,-0.3154045,0.2817273,0,0.6066545,5987.309,1.054193,0.1519183,Right,Up,0.1065312,0.8268051,TransSlide
340.9399,20.59156,0,-0.2925146,0.2817273,0,0.5932622,5988.133,1.054837,0.1524199,Right,Up,0.1065312,0.8286438,TransSlide
340.9799,20.58665,0,-0.2613866,0.2817273,0,0.5794976,5988.956,1.055281,0.1529218,Right,Up,0.1065312,0.8304825,TransSlide
341.0199,20.58175,0,-0.2320898,0.2817273,0,0.5653199,5989.779,1.055702,0.1534248,Right,Up,0.1065312,0.8323135,TransSlide
341.0599,20.5768,0,-0.190891,0.2817273,0,0.5506507,5990.603,1.055951,0.1539285,Right,Up,0.07401875,0.8341522,TransSlide
341.0999,20.57186,0,-0.1533526,0.27776,0,0.5353239,5991.426,1.056336,0.1544324,Straight,Up,0,0.8348999,TransSlide
341.1399,20.56601,0,-0.1240557,0.27776,0,0.5194377,5992.249,1.056641,0.1549374,Straight,Up,0,0.8292542,TransSlide
341.1799,20.56018,0,-0.09018123,0.27776,0,0.5028026,5993.071,1.056938,0.1554431,Straight,Up,0,0.8236237,TransSlide
341.2199,20.55439,0,-0.07644832,0.27776,0,0.485734,5993.893,1.057305,0.1559495,Straight,Up,0,0.8179779,TransSlide
341.2599,20.54862,0,-0.06546199,0.27776,0,0.4680877,5994.715,1.057695,0.1564561,Straight,Up,0,0.8123474,TransSlide
341.2999,20.5429,0,-0.06363094,0.27776,0,0.4498901,5995.537,1.058122,0.1569638,Straight,Up,0,0.8067093,TransSlide
341.3399,20.5372,0,-0.0590533,0.27776,0,0.4309576,5996.358,1.05858,0.1574721,Straight,Up,0.01978234,0.8010712,TransSlide
341.3799,20.53152,0,-0.05355835,0.27776,0,0.4112165,5997.18,1.059028,0.1579811,Straight,Up,0,0.795433,TransSlide
341.4199,20.52584,0,-0.04806519,0.27776,0,0.390912,5998.001,1.059451,0.1584904,Straight,Up,0,0.7897949,TransSlide
341.4599,20.52021,0,-0.03890991,0.27776,0,0.3699788,5998.822,1.059858,0.1590008,Straight,Up,0,0.7841644,TransSlide
341.4999,20.51466,0,-0.03341675,0.27776,0,0.3485148,5999.643,1.060369,0.1595118,Straight,Up,0,0.7785263,TransSlide
341.5399,20.50894,0,-0.03341675,0.27776,0,0.3266098,6000.463,1.061028,0.1600231,Straight,Up,0,0.7728958,TransSlide
341.5799,20.50331,0,-0.03341675,0.27776,0,0.303884,6001.283,1.061381,0.1605355,Straight,Up,0,0.7672577,TransSlide
341.6199,20.49766,0,-0.03341675,0.27776,0,0.2805835,6002.104,1.061592,0.1610485,Straight,Up,0,0.7616272,TransSlide
341.6599,20.49215,0,-0.03341675,0.27776,0,0.2567244,6002.923,1.061988,0.1615622,Straight,Up,0,0.7559891,TransSlide
341.6999,20.48641,0,-0.03341675,0.27776,0,0.2324306,6003.742,1.062477,0.1620761,Straight,Up,0,0.7503586,TransSlide
341.7399,20.48075,0,-0.03341675,0.27776,0,0.2077517,6004.562,1.062973,0.1625911,Straight,Up,0,0.7447281,TransSlide
341.7799,20.47514,0,-0.03341675,0.27776,0,0.1827264,6005.381,1.063387,0.1631067,Straight,Up,0,0.7390976,TransSlide
341.8199,20.46949,0,-0.03341675,0.27776,0,0.1572684,6006.2,1.063935,0.1636226,Straight,Up,0,0.7334671,TransSlide
341.8599,20.46292,0,-0.03341675,0.27776,0,0.1313617,6007.018,1.064173,0.1641396,Straight,Up,0,0.7278442,TransSlide
341.8999,20.45847,0,-0.03341675,0.27776,0,0.107637,6007.836,1.064441,0.1646572,Straight,Up,0,0.7222137,TransSlide
341.9399,20.45445,0,-0.03341675,0.27776,0,0.08855337,6008.655,1.066465,0.1651755,Straight,Up,0,0.7165985,TransSlide
341.9799,20.45003,0,-0.04074097,0.2658579,0,0.06911522,6009.473,1.068263,0.165694,Straight,Up,0,0.7109756,TransSlide
342.0199,20.44283,0,-0.04714966,0.2618906,0,0.04927376,6010.291,1.069452,0.1662136,Straight,Up,0,0.7053604,TransSlide
342.0599,20.43644,0,-0.04806519,0.2618906,0,0.02882248,6011.108,1.070654,0.1667338,Straight,Up,0,0.6997299,TransSlide
342.0999,20.42801,0,-0.05355835,0.2618906,0,0.008210033,6011.926,1.069529,0.1672543,Straight,Up,0,0.6941071,TransSlide
342.1399,20.42081,0,-0.06454647,0.2618906,0,-0.01074809,6012.743,1.068109,0.1677758,Straight,Up,0.01978234,0.6884842,TransSlide
342.1799,20.41497,0,-0.08285701,0.2618906,0,-0.02404276,6013.559,1.069254,0.168298,Straight,Up,0,0.6828613,TransSlide
342.2199,20.40813,0,-0.1057452,0.2618906,0,-0.03772989,6014.375,1.070515,0.1688208,Left,Up,-0.06255726,0.6772537,TransSlide
342.2599,20.40032,0,-0.1295489,0.2618906,0,-0.05178159,6015.192,1.072389,0.1693439,Left,Up,-0.1101434,0.6677322,TransSlide
342.2999,20.3919,0,-0.1652545,0.2618906,0,-0.06612813,6016.007,1.070825,0.169868,Left,Up,-0.1101434,0.653801,TransSlide
342.3399,20.3869,0,-0.190891,0.2618906,0,-0.07562444,6016.823,1.070765,0.1703927,Left,Up,-0.1101434,0.6398849,TransSlide
342.3799,20.382,0,-0.2265966,0.2618906,0,-0.08287287,6017.638,1.071976,0.1709182,Left,Up,-0.1083524,0.6259613,TransSlide
342.4199,20.37643,0,-0.2558935,0.2618906,0,-0.09069392,6018.454,1.074448,0.1714438,Left,Up,-0.1101434,0.6120529,TransSlide
342.4599,20.36694,0,-0.2732885,0.2618906,0,-0.09878191,6019.268,1.072003,0.1719705,Left,Up,-0.1219466,0.5981293,TransSlide
342.4999,20.36254,0,-0.2796972,0.2618906,0,-0.09960133,6020.083,1.07314,0.1724978,Left,Up,-0.1506579,0.5837555,TransSlide
342.5399,20.35914,0,-0.2796972,0.2618906,0,-0.100876,6020.897,1.074941,0.1730254,Left,Up,-0.1519511,0.5667648,TransSlide
342.5799,20.34969,0,-0.2796972,0.2618906,0,-0.1025396,6021.711,1.074297,0.1735539,Left,Up,-0.1519511,0.5497894,TransSlide
342.6199,20.34565,0,-0.2796972,0.2618906,0,-0.09851265,6022.525,1.074492,0.1740832,Left,Up,-0.1519511,0.5327988,TransSlide
342.6599,20.3425,0,-0.2796972,0.2618906,0,-0.09307778,6023.338,1.076398,0.174613,Left,Up,-0.1701742,0.5158081,TransSlide
342.6999,20.33542,0,-0.2806127,0.2618906,0,-0.08842126,6024.152,1.075411,0.1751431,Left,Up,-0.1855749,0.4978027,TransSlide
342.7399,20.33067,0,-0.2861059,0.2618906,0,-0.07724661,6024.965,1.076252,0.1756743,Left,Up,-0.1855749,0.4782639,TransSlide
342.7799,20.32668,0,-0.2980095,0.2618906,0,-0.06552491,6025.779,1.07844,0.176206,Left,Up,-0.1855749,0.4587097,TransSlide
342.8199,20.32169,0,-0.3053337,0.2618906,0,-0.05286911,6026.591,1.076421,0.176738,Left,Up,-0.2055842,0.4391785,TransSlide
342.8599,20.31934,0,-0.3263909,0.2618906,0,-0.03467578,6027.404,1.078877,0.1772711,Left,Up,-0.2167048,0.4183807,TransSlide
342.8999,20.31335,0,-0.3401238,0.2618906,0,-0.01741228,6028.216,1.077463,0.1778047,Left,Up,-0.2167048,0.3965607,TransSlide
342.9399,20.31037,0,-0.3456169,0.2618906,0,0.006052822,6029.029,1.079368,0.178339,Left,Up,-0.2272819,0.3747482,TransSlide
342.9799,20.30538,0,-0.3511101,0.2618906,0,0.02968451,6029.841,1.079969,0.1788735,Left,Up,-0.2454926,0.3524857,TransSlide
343.0199,20.30187,0,-0.3520256,0.2579232,0,0.0578995,6030.654,1.079577,0.179409,Left,Up,-0.2454926,0.3285446,TransSlide
343.0599,20.29619,0,-0.3520256,0.2579232,0,0.08797765,6031.465,1.078616,0.1799452,Left,Up,-0.2548778,0.3045959,TransSlide
343.0999,20.29638,0,-0.3520256,0.2579232,0,0.1180721,6032.277,1.079784,0.1804816,Left,Up,-0.2719625,0.280304,TransSlide
343.1399,20.29246,0,-0.3520256,0.2539559,0,0.147798,6033.088,1.082206,0.181019,Left,Up,-0.2719625,0.254425,TransSlide
343.1799,20.28916,0,-0.3520256,0.2539559,0,0.1765089,6033.9,1.084277,0.181557,Left,Up,-0.2866737,0.2285385,TransSlide
343.2199,20.28458,0,-0.3520256,0.2460212,0,0.2041277,6034.711,1.085251,0.1820957,Left,Up,-0.2967354,0.2017059,TransSlide
343.2599,20.28068,0,-0.3520256,0.2460212,0,0.2307852,6035.523,1.085347,0.1826345,Left,Up,-0.3032579,0.173912,TransSlide
343.2999,20.27628,0,-0.3437859,0.2420539,0,0.2563037,6036.334,1.08516,0.1831744,Left,Flat,-0.3208161,0.146019,TransSlide
343.3399,20.2711,0,-0.3208977,0.2380865,0,0.2804243,6037.145,1.085172,0.183715,Left,Flat,-0.3214254,0.1164474,TransSlide
343.3799,20.2646,0,-0.2870214,0.2341192,0,0.3031564,6037.956,1.085213,0.1842557,Left,Flat,-0.339197,0.08687592,TransSlide
343.4199,20.25684,0,-0.2494848,0.2261845,0,0.3248966,6038.766,1.083778,0.1847974,Left,Flat,-0.3432113,0.05597687,TransSlide
343.4599,20.24765,0,-0.2192724,0.2222171,0,0.345597,6039.576,1.082636,0.1853398,Left,Flat,-0.07401875,0.02471161,TransSlide
343.4999,20.23767,0,-0.1945531,0.2103151,0,0.3645369,6040.386,1.080398,0.1858827,Right,Flat,0.06852804,-0.01464844,TransSlide
343.5399,20.22958,0,-0.1835668,0.1944305,0,0.3793007,6041.195,1.084776,0.1864259,Right,Flat,0.06852804,-0.05791473,TransSlide
343.5799,20.21599,0,-0.1780736,0.1745937,0,0.3930987,6042.004,1.088509,0.1869701,Right,Flat,0.06852804,-0.1011429,TransSlide
343.6199,20.19643,0,-0.1780736,0.154757,0,0.4058517,6042.812,1.09155,0.1875149,Right,Flat,0.06852804,-0.144371,TransSlide
343.6599,20.17677,0,-0.1734942,0.1507896,0,0.4174735,6043.619,1.092604,0.1880603,Right,Down,0.06852804,-0.187645,TransSlide
343.6999,20.15553,0,-0.1734942,0.1507896,0,0.4280829,6044.426,1.092559,0.1886059,Right,Down,0.06852804,-0.2309113,TransSlide
343.7399,20.13388,0,-0.1707476,0.1507896,0,0.4375586,6045.231,1.09207,0.1891526,Right,Down,0.07132626,-0.2741623,TransSlide
343.7799,20.11225,0,-0.1606768,0.1507896,0,0.4459631,6046.036,1.091364,0.1896998,Right,Down,0.07132626,-0.3173828,TransSlide
343.8199,20.09066,0,-0.1469439,0.1507896,0,0.453389,6046.84,1.090777,0.1902472,Right,Down,0.07132626,-0.3605576,TransSlide
343.8599,20.06908,0,-0.13138,0.1706264,0,0.4597948,6047.643,1.090529,0.1907957,Right,Down,0.06255726,-0.4036942,TransSlide
343.8999,20.05013,0,-0.1139849,0.1785611,0,0.4653877,6048.445,1.090304,0.1913448,Straight,Down,-0.01978234,-0.4467926,TransSlide
343.9399,20.0344,0,-0.100252,0.1904631,0,0.4700388,6049.247,1.090301,0.1918944,Straight,Down,-0.01978234,-0.4621201,TransSlide
343.9799,20.02144,0,-0.08835018,0.2023651,0,0.4738209,6050.047,1.090497,0.1924442,Straight,Down,-0.01978234,-0.4738312,TransSlide
344.0199,20.01075,0,-0.07736385,0.2142824,0,0.4767026,6050.848,1.090769,0.1929951,Straight,Down,-0.01978234,-0.4855423,TransSlide
344.0599,20.00311,0,-0.07187068,0.2222171,0,0.4788037,6051.648,1.091184,0.1935465,Straight,Down,0,-0.4972458,TransSlide
344.0999,19.99681,0,-0.06454647,0.2261845,0,0.4800895,6052.448,1.091642,0.1940981,Straight,Down,-0.01978234,-0.5089569,TransSlide
344.1399,19.99176,0,-0.04806519,0.2341192,0,0.4806048,6053.248,1.092102,0.1946508,Straight,Down,0,-0.5206604,TransSlide
344.1799,19.98895,0,-0.02334595,0.2420539,0,0.4803646,6054.047,1.092664,0.195204,Straight,Down,-0.01978234,-0.5323715,TransSlide
344.2199,19.98794,0,0.003204346,0.2460212,0,0.4795278,6054.847,1.093175,0.1957579,Straight,Down,-0.01978234,-0.5440674,TransSlide
344.2599,19.98775,0,0.02243042,0.2460212,0,0.4780923,6055.647,1.0937,0.1963119,Straight,Down,0,-0.5557785,TransSlide
344.2999,19.98753,0,0.04623413,0.2499886,0,0.476037,6056.447,1.094268,0.1968669,Straight,Down,0,-0.567482,TransSlide
344.3399,19.98822,0,0.06454468,0.2499886,0,0.4734769,6057.247,1.094765,0.1974225,Straight,Down,-0.01978234,-0.5791931,TransSlide
344.3799,19.98889,0,0.08926392,0.2539559,0,0.470546,6058.046,1.095318,0.1979783,Straight,Down,0,-0.5909042,TransSlide
344.4199,19.99008,0,0.1112366,0.2539559,0,0.4672904,6058.846,1.095859,0.1985351,Straight,Down,-0.01978234,-0.6026154,TransSlide
344.4599,19.99161,0,0.1277196,0.2539559,0,0.4636129,6059.646,1.096333,0.1990925,Straight,Down,-0.01978234,-0.6143341,TransSlide
344.4999,19.99316,0,0.1460302,0.2579232,0,0.4595337,6060.446,1.096874,0.1996505,Straight,Down,0,-0.6260452,TransSlide
344.5399,19.99521,0,0.1588476,0.2579232,0,0.4552917,6061.246,1.097363,0.2002086,Straight,Down,-0.01978234,-0.637764,TransSlide
344.5799,19.99762,0,0.1698339,0.2579232,0,0.45083,6062.045,1.097962,0.2007677,Straight,Down,0,-0.6494827,TransSlide
344.6199,20.00004,0,0.1707494,0.2579232,0,0.4463238,6062.845,1.098459,0.2013274,Straight,Down,0,-0.6612091,TransSlide
344.6599,20.00237,0,0.1707494,0.2579232,0,0.4415736,6063.645,1.099205,0.2018877,Straight,Down,0,-0.6729279,TransSlide
344.6999,20.00464,0,0.1707494,0.2579232,0,0.4366179,6064.445,1.099971,0.2024482,Straight,Down,-0.01978234,-0.6846542,TransSlide
344.7399,20.0069,0,0.1707494,0.2579232,0,0.4316763,6065.245,1.100311,0.2030096,Straight,Down,0,-0.6963806,TransSlide
344.7799,20.00929,0,0.1707494,0.2579232,0,0.4267567,6066.045,1.100555,0.2035717,Straight,Down,-0.01978234,-0.708107,TransSlide
344.8199,20.01146,0,0.1707494,0.2579232,0,0.4216887,6066.846,1.101023,0.2041339,Straight,Down,-0.01978234,-0.719841,TransSlide
344.8599,20.01375,0,0.1707494,0.2579232,0,0.4167253,6067.647,1.101438,0.204697,Straight,Down,0,-0.731575,TransSlide
344.8999,20.01575,0,0.1707494,0.2579232,0,0.4119836,6068.448,1.101899,0.2052608,Straight,Down,0,-0.7433014,TransSlide
344.9399,20.01779,0,0.1707494,0.2579232,0,0.4074607,6069.249,1.102444,0.2058252,Straight,Down,-0.01978234,-0.7550354,TransSlide
344.9799,20.01986,0,0.1707494,0.2579232,0,0.4030835,6070.049,1.103017,0.2063897,Straight,Down,-0.01978234,-0.7667694,TransSlide
345.0199,20.02196,0,0.1606786,0.2579232,0,0.3989775,6070.85,1.103469,0.2069552,Straight,Down,0,-0.7785034,TransSlide
345.0599,20.02392,0,0.1469457,0.2579232,0,0.3951505,6071.651,1.103994,0.2075212,Straight,Down,-0.01978234,-0.7902374,TransSlide
345.0999,20.02589,0,0.1176488,0.2579232,0,0.391652,6072.452,1.104574,0.2080874,Straight,Down,0,-0.8019714,TransSlide
345.1399,20.02785,0,0.08926392,0.2579232,0,0.388305,6073.252,1.105189,0.2086546,Straight,Down,-0.01978234,-0.8137054,TransSlide
345.1799,20.02982,0,0.05630493,0.2579232,0,0.3851513,6074.053,1.105671,0.2092224,Straight,Down,-0.01978234,-0.8254395,TransSlide
345.2199,20.03176,0,0.02700806,0.2579232,0,0.382134,6074.854,1.106086,0.2097908,Straight,Down,0,-0.8371735,TransSlide
345.2599,20.03381,0,0.009613037,0.2579232,0,0.3801267,6075.656,1.105773,0.2103592,Straight,Down,-0.01978234,-0.8488998,TransSlide
345.2999,20.03747,0,-0.009613037,0.2579232,0,0.3847275,6076.458,1.107923,0.2109287,Straight,Down,-0.01978234,-0.8606262,TransSlide
345.3399,20.04064,0,-0.01602173,0.2579232,0,0.3895432,6077.26,1.109688,0.2114987,Straight,Down,0,-0.872345,TransSlide
345.3799,20.04251,0,-0.02334595,0.2579232,0,0.3947406,6078.062,1.111057,0.2120689,Straight,Down,0,-0.884079,TransSlide
345.4199,20.0465,0,-0.0352478,0.2579232,0,0.4001518,6078.863,1.111799,0.21264,Straight,Down,-0.01978234,-0.895813,TransSlide
345.4599,20.05046,0,-0.05722046,0.2420539,0,0.405739,6079.665,1.111973,0.2132118,Straight,Down,-0.01978234,-0.9075546,TransSlide
345.4999,20.05225,0,-0.0993365,0.2380865,0,0.4116322,6080.467,1.112081,0.213784,Straight,Down,0,-0.9192886,TransSlide
345.5399,20.0517,0,-0.1194781,0.2380865,0,0.4176238,6081.269,1.112148,0.2143564,Straight,Down,-0.01978234,-0.9310379,TransSlide
345.5799,20.05109,0,-0.1414508,0.2380865,0,0.423708,6082.07,1.112104,0.2149298,Straight,Down,0,-0.9427795,TransSlide
345.6199,20.05047,0,-0.148775,0.2380865,0,0.429767,6082.872,1.112167,0.2155038,Straight,Down,-0.01978234,-0.9545212,TransSlide
345.6599,20.04983,0,-0.1533526,0.2380865,0,0.435919,6083.674,1.112374,0.2160783,Straight,Down,0,-0.9662628,TransSlide
345.6999,20.04919,0,-0.1652545,0.2380865,0,0.4421303,6084.476,1.112721,0.2166529,Straight,Down,-0.02797646,-0.9768066,TransSlide
345.7399,20.04851,0,-0.1844823,0.2380865,0,0.4483276,6085.277,1.113023,0.2172285,Straight,Down,-0.02797646,-0.9784851,TransSlide
345.7799,20.04788,0,-0.2256811,0.2380865,0,0.4543568,6086.079,1.113464,0.2178047,Straight,Down,-0.02797646,-0.9801636,TransSlide
345.8199,20.04735,0,-0.2677953,0.2380865,0,0.4602779,6086.881,1.113991,0.2183809,Straight,Down,-0.02797646,-0.981842,TransSlide
345.8599,20.04645,0,-0.297094,0.2380865,0,0.4658244,6087.683,1.114824,0.2189582,Straight,Down,-0.03426402,-0.9835205,TransSlide
345.8999,20.04556,0,-0.3099114,0.2380865,0,0.4710248,6088.484,1.115023,0.219536,Straight,Down,-0.02797646,-0.985199,TransSlide
345.9399,20.04483,0,-0.3108269,0.2380865,0,0.4760386,6089.286,1.114899,0.2201144,Straight,Down,-0.02797646,-0.9868774,TransSlide
345.9799,20.04377,0,-0.3108269,0.2380865,0,0.4806037,6090.088,1.115064,0.2206928,Straight,Down,-0.02797646,-0.9885559,TransSlide
346.0199,20.04254,0,-0.3108269,0.2380865,0,0.4846418,6090.89,1.115467,0.2212723,Straight,Down,-0.03426402,-0.9902344,TransSlide
346.0599,20.04139,0,-0.3108269,0.2380865,0,0.4882128,6091.691,1.116019,0.2218523,Straight,Down,-0.02797646,-0.9919128,TransSlide
346.0999,20.04029,0,-0.3108269,0.2380865,0,0.4916369,6092.493,1.116609,0.2224324,Straight,Down,-0.02797646,-0.9935913,TransSlide
346.1399,20.03872,0,-0.3108269,0.2380865,0,0.4944713,6093.295,1.116894,0.2230134,Straight,Down,-0.02797646,-0.9952621,TransSlide
346.1799,20.03816,0,-0.3108269,0.2380865,0,0.5018329,6094.097,1.117756,0.223595,Straight,Down,-0.02797646,-0.9969406,TransSlide
346.2199,20.0374,0,-0.3108269,0.2380865,0,0.5115884,6094.898,1.118927,0.2241772,Straight,Down,-0.02797646,-0.9986191,TransSlide
346.2599,20.0365,0,-0.3108269,0.2380865,0,0.5205175,6095.7,1.120002,0.2247594,Straight,Down,-0.02797646,-1.00029,TransSlide
346.2999,20.03546,0,-0.3108269,0.2380865,0,0.5289406,6096.502,1.120823,0.2253426,Straight,Down,-0.02797646,-1.001968,TransSlide
346.3399,20.03489,0,-0.3108269,0.2380865,0,0.5365614,6097.304,1.121395,0.2259264,Straight,Down,-0.02797646,-1.003647,TransSlide
346.3799,20.03433,0,-0.3108269,0.2380865,0,0.543372,6098.105,1.121786,0.2265103,Straight,Down,-0.02797646,-1.005325,TransSlide
346.4199,20.0337,0,-0.3108269,0.2380865,0,0.5493628,6098.907,1.122081,0.2270951,Straight,Down,-0.02797646,-1.006996,TransSlide
346.4599,20.03312,0,-0.3089958,0.2380865,0,0.5545714,6099.709,1.122344,0.2276804,Straight,Down,-0.02797646,-1.008682,TransSlide
346.4999,20.0325,0,-0.2925146,0.2380865,0,0.5587425,6100.511,1.122765,0.2282663,Straight,Down,-0.03426402,-1.010353,TransSlide
346.5399,20.03184,0,-0.2732885,0.2380865,0,0.5620663,6101.313,1.123223,0.2288523,Straight,Down,-0.03426402,-1.012032,TransSlide
346.5799,20.03135,0,-0.2384984,0.2380865,0,0.5644161,6102.113,1.12371,0.2294393,Straight,Down,-0.03426402,-1.01371,TransSlide
346.6199,20.03024,0,-0.1972997,0.2380865,0,0.565786,6102.914,1.124713,0.2300268,Straight,Down,-0.03956468,-1.014702,TransSlide
346.6599,20.02951,0,-0.1707476,0.2380865,0,0.5662284,6103.715,1.124366,0.2306143,Straight,Down,-0.03956468,-1.013809,TransSlide
346.6999,20.02834,0,-0.1359576,0.2380865,0,0.5660243,6104.516,1.124169,0.2312029,Straight,Down,-0.04423466,-1.012909,TransSlide
346.7399,20.0273,0,-0.1194781,0.2380865,0,0.5647547,6105.316,1.124427,0.2317919,Straight,Down,-0.03956468,-1.012009,TransSlide
346.7799,20.02609,0,-0.1130694,0.2618906,0,0.5625483,6106.117,1.124899,0.2323815,Straight,Down,-0.03956468,-1.011116,TransSlide
346.8199,20.02781,0,-0.1130694,0.2658579,0,0.5594101,6106.918,1.1253,0.2329711,Straight,Down,-0.03956468,-1.010223,TransSlide
346.8599,20.03319,0,-0.1130694,0.2698253,0,0.5598153,6107.719,1.126084,0.2335618,Straight,Down,-0.03956468,-1.009323,TransSlide
346.8999,20.03936,0,-0.1130694,0.2698253,0,0.5632491,6108.521,1.127309,0.2341529,Straight,Down,-0.03956468,-1.008423,TransSlide
346.9399,20.04537,0,-0.1130694,0.2698253,0,0.5658786,6109.323,1.128408,0.2347445,Straight,Down,-0.03956468,-1.00753,TransSlide
346.9799,20.05117,0,-0.1130694,0.2698253,0,0.5676728,6110.125,1.129311,0.2353363,Straight,Down,-0.03956468,-1.00663,TransSlide
347.0199,20.05754,0,-0.1130694,0.2698253,0,0.5686646,6110.927,1.130093,0.235929,Straight,Down,-0.04423466,-1.00573,TransSlide
347.0599,20.06388,0,-0.1130694,0.2698253,0,0.5687646,6111.729,1.130602,0.2365222,Straight,Down,-0.03956468,-1.004829,TransSlide
347.0999,20.07021,0,-0.1130694,0.2698253,0,0.5680765,6112.532,1.131069,0.2371154,Straight,Down,-0.03956468,-1.003922,TransSlide
347.1399,20.07648,0,-0.1130694,0.2698253,0,0.5668483,6113.335,1.131458,0.2377097,Straight,Down,-0.03956468,-1.003021,TransSlide
347.1799,20.08297,0,-0.1130694,0.2698253,0,0.564876,6114.138,1.132261,0.2383044,Straight,Down,-0.03956468,-1.002121,TransSlide
347.2199,20.08862,0,-0.1130694,0.2698253,0,0.5620043,6114.942,1.133145,0.2388997,Straight,Down,-0.04423466,-1.001213,TransSlide
347.2599,20.09461,0,-0.1130694,0.2698253,0,0.5585325,6115.746,1.132541,0.239495,Straight,Down,-0.04423466,-1.000313,TransSlide
347.2999,20.10002,0,-0.1130694,0.2698253,0,0.5545378,6116.549,1.132291,0.2400913,Left,Down,-0.05233916,-0.9994049,TransSlide
347.3399,20.10567,0,-0.1130694,0.2698253,0,0.5494492,6117.354,1.13251,0.240688,Left,Down,-0.05233916,-0.9968185,TransSlide
347.3799,20.1108,0,-0.1130694,0.2698253,0,0.5436184,6118.158,1.132819,0.2412849,Straight,Down,-0.04845664,-0.9941559,TransSlide
347.4199,20.11692,0,-0.1130694,0.2698253,0,0.5431221,6118.963,1.133704,0.2418826,Straight,Down,-0.04845664,-0.9914932,TransSlide
347.4599,20.12261,0,-0.1130694,0.2698253,0,0.5445297,6119.768,1.134918,0.2424809,Left,Down,-0.05233916,-0.9888306,TransSlide
347.4999,20.12831,0,-0.1130694,0.2698253,0,0.545427,6120.572,1.136139,0.2430797,Left,Down,-0.05233916,-0.9861603,TransSlide
347.5399,20.13377,0,-0.1176471,0.2698253,0,0.5458055,6121.378,1.137072,0.2436786,Left,Down,-0.05233916,-0.98349,TransSlide
347.5799,20.13967,0,-0.1240557,0.2698253,0,0.5454521,6122.184,1.137729,0.2442784,Straight,Down,-0.04845664,-0.9808197,TransSlide
347.6199,20.14561,0,-0.1359576,0.2698253,0,0.5445641,6122.989,1.138217,0.2448787,Straight,Down,-0.04845664,-0.9781494,TransSlide
347.6599,20.15158,0,-0.1432818,0.2698253,0,0.5430454,6123.795,1.138712,0.245479,Straight,Down,-0.04845664,-0.9754715,TransSlide
347.6999,20.15723,0,-0.1524371,0.2698253,0,0.5406418,6124.602,1.13988,0.2460803,Left,Down,-0.05233916,-0.9727936,TransSlide
347.7399,20.1628,0,-0.1615924,0.2698253,0,0.5376624,6125.408,1.139505,0.2466821,Left,Down,-0.05233916,-0.9701157,TransSlide
347.7799,20.16763,0,-0.1734942,0.2698253,0,0.5342054,6126.215,1.138988,0.2472843,Left,Down,-0.05233916,-0.9674377,TransSlide
347.8199,20.17298,0,-0.1945531,0.2698253,0,0.5299964,6127.021,1.138861,0.2478866,Left,Down,-0.05233916,-0.9647522,TransSlide
347.8599,20.17761,0,-0.2128637,0.2698253,0,0.5257455,6127.828,1.138861,0.2484899,Left,Down,-0.06255726,-0.9620438,TransSlide
347.8999,20.18321,0,-0.2375829,0.2698253,0,0.5284951,6128.636,1.140085,0.2490937,Left,Down,-0.06255726,-0.9578552,TransSlide
347.9399,20.18834,0,-0.2558935,0.2698253,0,0.5306,6129.443,1.141411,0.2496979,Left,Down,-0.06255726,-0.9536667,TransSlide
347.9799,20.19286,0,-0.2751195,0.2698253,0,0.532092,6130.251,1.142658,0.2503022,Left,Down,-0.06255726,-0.9494781,TransSlide
348.0199,20.19833,0,-0.2906835,0.2698253,0,0.5330648,6131.059,1.143509,0.2509074,Left,Down,-0.05934703,-0.9452896,TransSlide
348.0599,20.20379,0,-0.298925,0.2698253,0,0.5332849,6131.867,1.14403,0.2515131,Left,Down,-0.06255726,-0.9410934,TransSlide
348.0999,20.2095,0,-0.3154045,0.2698253,0,0.5325201,6132.675,1.14488,0.2521188,Left,Down,-0.06255726,-0.9368973,TransSlide
348.1399,20.2145,0,-0.3327996,0.2698253,0,0.5310363,6133.484,1.145643,0.2527255,Left,Down,-0.06255726,-0.9326935,TransSlide
348.1799,20.21873,0,-0.3401238,0.2698253,0,0.5287027,6134.292,1.144853,0.2533326,Left,Down,-0.06255726,-0.9284821,TransSlide
348.2199,20.22286,0,-0.3575188,0.2698253,0,0.5256687,6135.101,1.144248,0.2539403,Left,Down,-0.05934703,-0.9242783,TransSlide
348.2599,20.22761,0,-0.3685051,0.2698253,0,0.5226333,6135.91,1.144072,0.2545479,Left,Down,-0.05934703,-0.9200745,TransSlide
348.2999,20.23292,0,-0.3767449,0.2698253,0,0.5255367,6136.72,1.145443,0.2551565,Left,Down,-0.0656106,-0.915863,TransSlide
348.3399,20.23737,0,-0.3868157,0.2698253,0,0.5276265,6137.529,1.146744,0.2557656,Left,Down,-0.07132626,-0.9112091,TransSlide
348.3799,20.24111,0,-0.3913933,0.2698253,0,0.5287918,6138.339,1.148013,0.2563747,Left,Down,-0.07132626,-0.9055634,TransSlide
348.4199,20.24615,0,-0.3987175,0.2698253,0,0.5291436,6139.148,1.148912,0.2569847,Left,Down,-0.07401875,-0.8999176,TransSlide
348.4599,20.25141,0,-0.4042107,0.2698253,0,0.5280538,6139.958,1.15002,0.2575952,Left,Down,-0.07132626,-0.8942642,TransSlide
348.4999,20.25596,0,-0.4060417,0.2698253,0,0.5258799,6140.769,1.150692,0.2582061,Left,Down,-0.07401875,-0.8886032,TransSlide
348.5399,20.25928,0,-0.4106212,0.2698253,0,0.522837,6141.579,1.149652,0.2588171,Left,Down,-0.07132626,-0.8829422,TransSlide
348.5799,20.26239,0,-0.4115367,0.2698253,0,0.5186698,6142.39,1.148647,0.259429,Left,Down,-0.07401875,-0.8772736,TransSlide
348.6199,20.26758,0,-0.4115367,0.2698253,0,0.5176753,6143.2,1.149024,0.2600414,Left,Down,-0.07132626,-0.8716125,TransSlide
348.6599,20.27222,0,-0.4115367,0.2698253,0,0.5189736,6144.011,1.150278,0.2606538,Left,Down,-0.07132626,-0.8659439,TransSlide
348.6999,20.27598,0,-0.4115367,0.2698253,0,0.5192816,6144.822,1.151785,0.2612671,Left,Down,-0.07661668,-0.8602829,TransSlide
348.7399,20.27939,0,-0.4115367,0.2698253,0,0.5182902,6145.633,1.152923,0.2618808,Left,Down,-0.08156469,-0.8541565,TransSlide
348.7799,20.284,0,-0.4124522,0.2698253,0,0.5156634,6146.445,1.154423,0.2624951,Left,Down,-0.08392937,-0.8470383,TransSlide
348.8199,20.28767,0,-0.4124522,0.2698253,0,0.5115895,6147.256,1.154658,0.2631094,Left,Down,-0.08392937,-0.8399124,TransSlide
348.8599,20.29054,0,-0.4124522,0.2698253,0,0.5064902,6148.068,1.153596,0.2637245,Left,Down,-0.08392937,-0.8327789,TransSlide
348.8999,20.2937,0,-0.4124522,0.2698253,0,0.5010142,6148.879,1.152353,0.2643401,Left,Down,-0.08156469,-0.8256531,TransSlide
348.9399,20.29814,0,-0.422523,0.2698253,0,0.5008132,6149.691,1.153602,0.2649562,Left,Down,-0.08156469,-0.8185272,TransSlide
348.9799,20.30185,0,-0.4289317,0.2698253,0,0.4993138,6150.503,1.154975,0.2655723,Left,Down,-0.08156469,-0.8113937,TransSlide
349.0199,20.30417,0,-0.4362559,0.2698253,0,0.4964503,6151.316,1.156453,0.2661893,Left,Down,-0.08392937,-0.8042679,TransSlide
349.0599,20.30836,0,-0.4408336,0.2698253,0,0.4916636,6152.128,1.158206,0.2668068,Left,Down,-0.09278741,-0.7971268,TransSlide
349.0999,20.31134,0,-0.4582286,0.2698253,0,0.4856387,6152.941,1.158213,0.2674242,Left,Down,-0.09487279,-0.7889862,TransSlide
349.1399,20.31255,0,-0.4893565,0.2698253,0,0.4782132,6153.753,1.156817,0.2680426,Left,Down,-0.09487279,-0.7803421,TransSlide
349.1799,20.31684,0,-0.5195689,0.2698253,0,0.4731809,6154.566,1.156269,0.2686614,Left,Down,-0.09487279,-0.7717133,TransSlide
349.2199,20.32093,0,-0.5662626,0.2698253,0,0.470238,6155.378,1.157552,0.2692806,Left,Down,-0.09487279,-0.7630768,TransSlide
349.2599,20.32368,0,-0.5891508,0.2698253,0,0.4658224,6156.191,1.159017,0.2698999,Left,Down,-0.09487279,-0.7544479,TransSlide
349.2999,20.3261,0,-0.6010526,0.2698253,0,0.4595573,6157.004,1.161044,0.2705201,Left,Down,-0.09487279,-0.7458038,TransSlide
349.3399,20.32836,0,-0.6056303,0.2698253,0,0.4514863,6157.817,1.161717,0.2711407,Left,Down,-0.09891172,-0.7371521,TransSlide
349.3799,20.32902,0,-0.6065458,0.2698253,0,0.4418564,6158.631,1.159953,0.2717613,Left,Down,-0.1065312,-0.7282333,TransSlide
349.4199,20.33265,0,-0.6065458,0.2698253,0,0.4353735,6159.444,1.159471,0.2723828,Left,Down,-0.1083524,-0.7180176,TransSlide
349.4599,20.33635,0,-0.6074613,0.2698253,0,0.4297035,6160.258,1.160889,0.2730047,Left,Down,-0.1065312,-0.7078171,TransSlide
349.4999,20.33895,0,-0.6074613,0.2698253,0,0.4222168,6161.071,1.16272,0.2736271,Left,Down,-0.1083524,-0.6976089,TransSlide
349.5399,20.34027,0,-0.6129545,0.2698253,0,0.4127398,6161.885,1.165286,0.2742495,Left,Down,-0.1083524,-0.6873856,TransSlide
349.5799,20.33942,0,-0.6202787,0.2698253,0,0.4014873,6162.698,1.163386,0.2748728,Left,Down,-0.1065312,-0.6771545,TransSlide
349.6199,20.34233,0,-0.6367582,0.2698253,0,0.3920693,6163.512,1.162225,0.2754965,Left,Down,-0.1153499,-0.6669235,TransSlide
349.6599,20.34585,0,-0.6504929,0.2698253,0,0.3846845,6164.325,1.163371,0.2761202,Left,Down,-0.1219466,-0.6558533,TransSlide
349.6999,20.34871,0,-0.6733811,0.2539559,0,0.3749828,6165.139,1.165442,0.2767447,Left,Down,-0.1203313,-0.6439819,TransSlide
349.7399,20.34444,0,-0.6953537,0.2539559,0,0.3630027,6165.952,1.167597,0.2773698,Left,Down,-0.1219466,-0.6320953,TransSlide
349.7799,20.34041,0,-0.7072556,0.2499886,0,0.3492493,6166.766,1.164983,0.2779952,Left,Down,-0.1219466,-0.6202087,TransSlide
349.8199,20.33927,0,-0.7127488,0.2499886,0,0.3397976,6167.579,1.165069,0.2786206,Left,Down,-0.1219466,-0.6083145,TransSlide
349.8599,20.33731,0,-0.7136643,0.2460212,0,0.3293191,6168.393,1.166418,0.279247,Left,Down,-0.1312212,-0.5964203,TransSlide
349.8999,20.33386,0,-0.7136643,0.2460212,0,0.3160714,6169.206,1.169841,0.2798737,Left,Down,-0.1370561,-0.5835114,TransSlide
349.9399,20.32603,0,-0.7136643,0.2460212,0,0.3010046,6170.02,1.168124,0.2805004,Left,Down,-0.1370561,-0.5698853,TransSlide
349.9799,20.32314,0,-0.7136643,0.2460212,0,0.2884003,6170.832,1.167279,0.281128,Left,Down,-0.1370561,-0.5562592,TransSlide
350.0199,20.32064,0,-0.7136643,0.2460212,0,0.27671,6171.645,1.168487,0.2817561,Left,Down,-0.1370561,-0.5426331,TransSlide
350.0599,20.31728,0,-0.7136643,0.2460212,0,0.2617792,6172.457,1.172153,0.2823845,Left,Down,-0.14537,-0.529007,TransSlide
350.0999,20.30781,0,-0.7136643,0.2460212,0,0.2451217,6173.27,1.169553,0.2830129,Left,Down,-0.1532334,-0.5146942,TransSlide
350.1399,20.3047,0,-0.7136643,0.2460212,0,0.2320734,6174.082,1.16948,0.2836422,Left,Down,-0.1519511,-0.4992447,TransSlide
350.1799,20.30342,0,-0.7136643,0.2460212,0,0.217943,6174.895,1.171427,0.284272,Left,Down,-0.1519511,-0.4837952,TransSlide
350.2199,20.29601,0,-0.7136643,0.2460212,0,0.2010666,6175.707,1.173297,0.2849021,Left,Down,-0.1519511,-0.4683456,TransSlide
350.2599,20.28962,0,-0.7136643,0.2460212,0,0.1846512,6176.518,1.170911,0.2855322,Left,Down,-0.1643245,-0.4528961,TransSlide
350.2999,20.28642,0,-0.7072556,0.2460212,0,0.1711829,6177.33,1.172459,0.2861632,Left,Down,-0.1690205,-0.4361191,TransSlide
350.3399,20.28227,0,-0.6797898,0.2460212,0,0.1537687,6178.141,1.176027,0.2867946,Left,Down,-0.1690205,-0.4187164,TransSlide
350.3799,20.27286,0,-0.6614792,0.2460212,0,0.1360426,6178.952,1.173353,0.287426,Left,Down,-0.1690205,-0.4013214,TransSlide
350.4199,20.26733,0,-0.6056303,0.2460212,0,0.1225961,6179.763,1.172753,0.2880582,Left,Down,-0.1780411,-0.3839111,TransSlide
350.4599,20.2632,0,-0.5653471,0.2460212,0,0.1060757,6180.573,1.173038,0.2886908,Left,Down,-0.1876719,-0.365654,TransSlide
350.4999,20.25401,0,-0.5168223,0.2460212,0,0.08964747,6181.384,1.174297,0.2893239,Left,Down,-0.1866263,-0.3461914,TransSlide
350.5399,20.24511,0,-0.4875255,0.2460212,0,0.07668832,6182.193,1.172634,0.2899569,Left,Down,-0.1876719,-0.3267365,TransSlide
350.5799,20.24072,0,-0.4783702,0.2460212,0,0.06107256,6183.003,1.174302,0.2905908,Left,Down,-0.1988102,-0.3072968,TransSlide
350.6199,20.23236,0,-0.471046,0.2460212,0,0.049328,6183.813,1.175296,0.2912251,Left,Down,-0.2065338,-0.2866821,TransSlide
350.6599,20.22531,0,-0.471046,0.2460212,0,0.03739902,6184.621,1.174738,0.2918593,Left,Down,-0.2055842,-0.2650986,TransSlide
350.6999,20.21528,0,-0.471046,0.2460212,0,0.02649751,6185.43,1.178033,0.2924944,Left,Down,-0.2112177,-0.2434998,TransSlide
350.7399,20.20647,0,-0.471046,0.2460212,0,0.01849321,6186.238,1.177159,0.2931299,Left,Down,-0.2264194,-0.221817,TransSlide
350.7799,20.20105,0,-0.471046,0.2460212,0,0.008106977,6187.046,1.180961,0.2937658,Left,Down,-0.2255535,-0.1979599,TransSlide
350.8199,20.19461,0,-0.4701304,0.2460212,0,0.003265262,6187.854,1.181082,0.2944016,Left,Down,-0.2281412,-0.1741104,TransSlide
350.8599,20.18753,0,-0.4701304,0.2460212,0,-0.003078908,6188.662,1.180557,0.2950384,Left,Down,-0.2454926,-0.1502914,TransSlide
350.8999,20.18071,0,-0.4692149,0.2460212,0,-0.008984894,6189.469,1.183896,0.2956755,Left,Flat,-0.2470816,-0.124382,TransSlide
350.9399,20.17254,0,-0.4600596,0.2460212,0,-0.01123664,6190.276,1.18367,0.2963125,Left,Flat,-0.25101,-0.09815216,TransSlide
350.9799,20.1672,0,-0.4600596,0.2460212,0,-0.0152415,6191.083,1.18396,0.2969504,Left,Flat,-0.2712421,-0.07195282,TransSlide
351.0199,20.16112,0,-0.4600596,0.2460212,0,-0.0173344,6191.889,1.185989,0.2975887,Left,Flat,-0.2719625,-0.04577637,TransSlide
351.0599,20.15278,0,-0.4600596,0.2460212,0,-0.01726621,6192.695,1.18584,0.2982274,Left,Flat,-0.2887141,-0.01961517,TransSlide
351.0999,20.14688,0,-0.4600596,0.2460212,0,-0.01882988,6193.501,1.185647,0.298866,Left,Flat,-0.3109043,-0.007026672,TransSlide
351.1399,20.14159,0,-0.4600596,0.2460212,0,-0.01925799,6194.307,1.187944,0.2995055,Left,Flat,-0.3083766,-0.02142334,TransSlide
351.1799,20.13437,0,-0.4600596,0.2460212,0,-0.01672885,6195.112,1.187954,0.3001454,Left,Flat,-0.2934199,-0.03580475,TransSlide
351.2199,20.1266,0,-0.4600596,0.2460212,0,-0.01545769,6195.917,1.186607,0.3007857,Left,Flat,-0.2920831,-0.04934692,TransSlide
351.2599,20.12363,0,-0.4600596,0.2460212,0,-0.01569209,6196.722,1.189743,0.3014258,Left,Flat,-0.2818553,-0.06282806,TransSlide
351.2999,20.11674,0,-0.4600596,0.2460212,0,-0.01063457,6197.527,1.189746,0.3020669,Left,Flat,-0.2741124,-0.07592773,TransSlide
351.3399,20.10925,0,-0.4600596,0.2460212,0,-0.006857902,6198.332,1.189194,0.3027083,Left,Flat,-0.2741124,-0.08852386,TransSlide
351.3799,20.10815,0,-0.4600596,0.2460212,0,-0.005019933,6199.136,1.189816,0.3033496,Left,Flat,-0.2594432,-0.10112,TransSlide
351.4199,20.10094,0,-0.4600596,0.2460212,0,-0.001183212,6199.94,1.191693,0.3039918,Left,Flat,-0.2564087,-0.11306,TransSlide
351.4599,20.09455,0,-0.4600596,0.2460212,0,0.005178392,6200.744,1.19224,0.3046344,Left,Flat,-0.254109,-0.1248016,TransSlide
351.4999,20.08705,0,-0.4600596,0.2460212,0,0.0106369,6201.547,1.191202,0.3052774,Left,Flat,-0.2414744,-0.1365204,TransSlide
351.5399,20.08556,0,-0.4600596,0.2460212,0,0.01375648,6202.351,1.192377,0.3059202,Left,Flat,-0.2390311,-0.1474991,TransSlide
351.5799,20.07915,0,-0.4600596,0.2460212,0,0.01928937,6203.154,1.194105,0.3065639,Left,Down,-0.2382111,-0.1583786,TransSlide
351.6199,20.07325,0,-0.4600596,0.2460212,0,0.02706626,6203.957,1.194503,0.307208,Left,Down,-0.2255535,-0.1692352,TransSlide
351.6599,20.06683,0,-0.4600596,0.2460212,0,0.03373393,6204.76,1.193925,0.307852,Left,Down,-0.2220564,-0.1795044,TransSlide
351.6999,20.06402,0,-0.4600596,0.2460212,0,0.03832188,6205.563,1.194075,0.3084969,Left,Down,-0.2211734,-0.1895294,TransSlide
351.7399,20.05949,0,-0.4600596,0.2460212,0,0.04257315,6206.365,1.196518,0.3091421,Left,Down,-0.2130625,-0.1995392,TransSlide
351.7799,20.0539,0,-0.4600596,0.2460212,0,0.05179322,6207.167,1.196927,0.3097877,Left,Down,-0.2046302,-0.209259,TransSlide
351.8199,20.04784,0,-0.4600596,0.2460212,0,0.05963984,6207.969,1.196821,0.3104331,Left,Down,-0.2046302,-0.2184601,TransSlide
351.8599,20.04378,0,-0.4600596,0.2460212,0,0.06575155,6208.771,1.195907,0.3110795,Left,Down,-0.2046302,-0.2276535,TransSlide
351.8999,20.04054,0,-0.4600596,0.2460212,0,0.0700036,6209.573,1.197382,0.3117262,Left,Down,-0.191797,-0.236824,TransSlide
351.9399,20.03537,0,-0.4600596,0.2460212,0,0.07555741,6210.375,1.199374,0.3123728,Left,Down,-0.1876719,-0.2454987,TransSlide
351.9799,20.02999,0,-0.4600596,0.2460212,0,0.08481041,6211.176,1.199726,0.3130202,Left,Down,-0.1876719,-0.2538681,TransSlide
352.0199,20.02491,0,-0.4600596,0.2460212,0,0.09265471,6211.977,1.199547,0.313668,Left,Down,-0.1876719,-0.2622375,TransSlide
352.0599,20.02122,0,-0.4600596,0.2460212,0,0.09878966,6212.777,1.19908,0.3143162,Left,Down,-0.1758294,-0.2705917,TransSlide
352.0999,20.01708,0,-0.4600596,0.2460212,0,0.1030932,6213.578,1.199556,0.3149642,Left,Down,-0.1713202,-0.2784805,TransSlide
352.1399,20.01382,0,-0.4600596,0.2460212,0,0.1055612,6214.379,1.202,0.3156131,Left,Down,-0.1713202,-0.2860336,TransSlide
352.1799,20.00913,0,-0.4600596,0.2460212,0,0.1137793,6215.18,1.20279,0.3162623,Left,Down,-0.1713202,-0.2935944,TransSlide
352.2199,20.00411,0,-0.4600596,0.2460212,0,0.1216972,6215.979,1.202873,0.3169119,Left,Down,-0.165511,-0.3011475,TransSlide
352.2599,20.00042,0,-0.4600596,0.2460212,0,0.1275374,6216.779,1.202956,0.3175614,Left,Down,-0.1545051,-0.3085556,TransSlide
352.2999,19.99619,0,-0.4600596,0.2460212,0,0.1319045,6217.579,1.2028,0.3182117,Left,Down,-0.1545051,-0.3153229,TransSlide
352.3399,19.99252,0,-0.4600596,0.2460212,0,0.1343534,6218.379,1.203556,0.3188624,Left,Down,-0.1557664,-0.3220901,TransSlide
352.3799,19.98965,0,-0.4600596,0.2460212,0,0.1349539,6219.179,1.205588,0.3195129,Left,Down,-0.1545051,-0.3288422,TransSlide
352.4199,19.9852,0,-0.4600596,0.2460212,0,0.1401482,6219.979,1.206494,0.3201643,Left,Down,-0.1480375,-0.3356018,TransSlide
352.4599,19.9807,0,-0.4600596,0.2460212,0,0.1462309,6220.777,1.206703,0.320816,Left,Down,-0.1384764,-0.3421326,TransSlide
352.4999,19.97692,0,-0.4600596,0.2460212,0,0.1504895,6221.576,1.206563,0.3214681,Left,Down,-0.1384764,-0.348114,TransSlide
352.5399,19.97354,0,-0.4591441,0.2460212,0,0.1529059,6222.375,1.206665,0.32212,Left,Down,-0.1370561,-0.3540802,TransSlide
352.5799,19.96972,0,-0.4545665,0.2460212,0,0.1540054,6223.174,1.206416,0.3227728,Left,Down,-0.1384764,-0.3600388,TransSlide
352.6199,19.96634,0,-0.4472423,0.2460212,0,0.1530969,6223.973,1.207609,0.3234259,Left,Down,-0.1384764,-0.3659897,TransSlide
352.6599,19.96371,0,-0.4408336,0.2460212,0,0.1503372,6224.771,1.209575,0.3240789,Left,Down,-0.1266688,-0.3719406,TransSlide
352.6999,19.95942,0,-0.4280162,0.2460212,0,0.1512481,6225.57,1.210654,0.3247327,Left,Down,-0.1219466,-0.3773499,TransSlide
352.7399,19.95554,0,-0.4042107,0.2460212,0,0.1539834,6226.368,1.210816,0.3253868,Left,Down,-0.1219466,-0.3825226,TransSlide
352.7799,19.95239,0,-0.382238,0.2460212,0,0.154907,6227.166,1.210862,0.3260413,Left,Down,-0.1219466,-0.3876877,TransSlide
352.8199,19.94948,0,-0.3575188,0.2460212,0,0.1540845,6227.964,1.211048,0.3266956,Left,Down,-0.1219466,-0.3928452,TransSlide
352.8599,19.94609,0,-0.3327996,0.2460212,0,0.1517289,6228.762,1.211499,0.3273508,Left,Down,-0.1219466,-0.3980026,TransSlide
352.8999,19.94255,0,-0.3163201,0.2460212,0,0.14801,6229.56,1.211661,0.3280063,Left,Down,-0.1136409,-0.4031525,TransSlide
352.9399,19.93946,0,-0.297094,0.2460212,0,0.1427351,6230.357,1.212496,0.3286616,Left,Down,-0.1065312,-0.4079819,TransSlide
352.9799,19.93692,0,-0.274204,0.2460212,0,0.1357486,6231.155,1.214064,0.3293178,Left,Down,-0.1046783,-0.4123459,TransSlide
353.0199,19.93426,0,-0.239414,0.2460212,0,0.1274122,6231.953,1.215919,0.3299743,Left,Down,-0.1046783,-0.4167023,TransSlide
353.0599,19.931,0,-0.1963842,0.2460212,0,0.126556,6232.75,1.21615,0.3306311,Left,Down,-0.1046783,-0.421051,TransSlide
353.0999,19.92804,0,-0.1615924,0.2460212,0,0.1243031,6233.547,1.216331,0.3312878,Left,Down,-0.1046783,-0.4254074,TransSlide
353.1399,19.92576,0,-0.1112384,0.2460212,0,0.120492,6234.344,1.216412,0.3319453,Left,Down,-0.1065312,-0.4297562,TransSlide
353.1799,19.92302,0,-0.07095516,0.2460212,0,0.1155243,6235.141,1.216777,0.3326031,Left,Down,-0.1008706,-0.4341049,TransSlide
353.2199,19.92028,0,-0.02792358,0.2460212,0,0.1092433,6235.938,1.216936,0.3332607,Left,Down,-0.08846933,-0.438324,TransSlide
353.2599,19.91757,0,0.01052856,0.2460212,0,0.1020387,6236.734,1.217253,0.3339192,Left,Down,-0.08622923,-0.4418488,TransSlide
353.2999,19.91472,0,0.03250122,0.2460212,0,0.09365311,6237.531,1.217829,0.334578,Left,Down,-0.08846933,-0.4453659,TransSlide
353.3399,19.91241,0,0.05081177,0.2460212,0,0.0844098,6238.328,1.218047,0.3352371,Left,Down,-0.08846933,-0.4488754,TransSlide
353.3799,19.91007,0,0.05813599,0.2460212,0,0.07418668,6239.125,1.219471,0.335896,Left,Down,-0.08846933,-0.4523926,TransSlide
353.4199,19.90814,0,0.06454468,0.2460212,0,0.06303373,6239.921,1.220704,0.3365558,Left,Down,-0.08846933,-0.4559021,TransSlide
353.4599,19.90607,0,0.07003784,0.2460212,0,0.05133566,6240.717,1.221858,0.3372159,Left,Down,-0.08846933,-0.4594116,TransSlide
353.4999,19.90373,0,0.07095337,0.2460212,0,0.04624134,6241.513,1.22237,0.3378763,Left,Down,-0.08846933,-0.4629211,TransSlide
353.5399,19.90163,0,0.07644653,0.2460212,0,0.04222602,6242.309,1.222523,0.3385365,Left,Down,-0.07912937,-0.4664307,TransSlide
353.5799,19.89965,0,0.08010864,0.2460212,0,0.03765124,6243.104,1.222733,0.3391975,Left,Down,-0.07132626,-0.4696198,TransSlide
353.6199,19.89772,0,0.0819397,0.2460212,0,0.03253832,6243.9,1.223096,0.3398589,Left,Down,-0.06852804,-0.4722061,TransSlide
353.6599,19.89559,0,0.08926392,0.2460212,0,0.02689734,6244.696,1.223608,0.34052,Left,Down,-0.06852804,-0.4748001,TransSlide
353.6999,19.89345,0,0.09475708,0.2460212,0,0.02083018,6245.492,1.224175,0.341182,Left,Down,-0.07132626,-0.4773865,TransSlide
353.7399,19.8913,0,0.110321,0.2460212,0,0.01450422,6246.288,1.224768,0.3418443,Left,Down,-0.07132626,-0.4799728,TransSlide
353.7799,19.88917,0,0.1176488,0.2460212,0,0.007890016,6247.084,1.225437,0.3425068,Left,Down,-0.07132626,-0.4825592,TransSlide
353.8199,19.88705,0,0.1295507,0.2460212,0,0.0009658635,6247.88,1.226065,0.3431692,Left,Down,-0.07132626,-0.4851456,TransSlide
353.8599,19.88493,0,0.140537,0.2460212,0,-0.006378651,6248.675,1.226723,0.3438324,Left,Down,-0.07132626,-0.4877243,TransSlide
353.8999,19.88283,0,0.1515234,0.2460212,0,-0.01372123,6249.47,1.227347,0.3444959,Left,Down,-0.06852804,-0.4903107,TransSlide
353.9399,19.88076,0,0.1643407,0.2460212,0,-0.02107233,6250.265,1.228052,0.3451592,Left,Down,-0.06852804,-0.492897,TransSlide
353.9799,19.87866,0,0.1725805,0.2460212,0,-0.02837268,6251.06,1.228461,0.3458233,Left,Down,-0.06852804,-0.4954758,TransSlide
354.0199,19.87673,0,0.1844823,0.2460212,0,-0.03550565,6251.855,1.229067,0.3464877,Straight,Down,-0.04845664,-0.4980545,TransSlide
354.0599,19.87467,0,0.1954687,0.2460212,0,-0.04276919,6252.65,1.230167,0.3471524,Straight,Down,-0.04423466,-0.4995651,TransSlide
354.0999,19.87284,0,0.2018774,0.2460212,0,-0.04991224,6253.445,1.23112,0.3478169,Straight,Down,-0.03956468,-0.5009308,TransSlide
354.1399,19.87109,0,0.206455,0.2460212,0,-0.05670273,6254.24,1.231707,0.3484822,Straight,Down,-0.04423466,-0.5022964,TransSlide
354.1799,19.86948,0,0.206455,0.2460212,0,-0.06332546,6255.035,1.232395,0.3491478,Straight,Down,-0.04423466,-0.5036621,TransSlide
354.2199,19.86739,0,0.206455,0.2460212,0,-0.06789443,6255.83,1.233095,0.3498132,Straight,Down,-0.04845664,-0.5050278,TransSlide
354.2599,19.86541,0,0.206455,0.2460212,0,-0.06808272,6256.625,1.23336,0.3504794,Straight,Down,-0.04423466,-0.5063934,TransSlide
354.2999,19.86349,0,0.206455,0.2460212,0,-0.06775224,6257.419,1.23356,0.3511459,Straight,Down,-0.04845664,-0.5077591,TransSlide
354.3399,19.86169,0,0.1789892,0.2460212,0,-0.06705526,6258.214,1.233982,0.3518126,Straight,Down,-0.04423466,-0.5091248,TransSlide
354.3799,19.85956,0,0.1588476,0.2460212,0,-0.06617036,6259.008,1.234457,0.3524792,Straight,Down,-0.04423466,-0.5104904,TransSlide
354.4199,19.85744,0,0.1240575,0.2460212,0,-0.06490889,6259.802,1.235021,0.3531465,Straight,Down,-0.04423466,-0.5118561,TransSlide
354.4599,19.85536,0,0.1002502,0.2460212,0,-0.06328207,6260.596,1.235773,0.3538141,Straight,Down,-0.04423466,-0.5132217,TransSlide
354.4999,19.85327,0,0.09384155,0.2460212,0,-0.06133562,6261.39,1.236472,0.354482,Straight,Down,-0.04423466,-0.5145874,TransSlide
354.5399,19.85121,0,0.09384155,0.2460212,0,-0.05926093,6262.184,1.2371,0.3551497,Straight,Down,-0.04423466,-0.5159454,TransSlide
354.5799,19.84915,0,0.09384155,0.2460212,0,-0.05685577,6262.978,1.23772,0.3558182,Straight,Down,-0.03956468,-0.5173187,TransSlide
354.6199,19.84711,0,0.09384155,0.2460212,0,-0.05385473,6263.772,1.238398,0.3564869,Straight,Down,-0.04423466,-0.5186844,TransSlide
354.6599,19.84508,0,0.09384155,0.2460212,0,-0.05042714,6264.566,1.239028,0.3571555,Straight,Down,-0.04845664,-0.52005,TransSlide
354.6999,19.84304,0,0.09384155,0.2460212,0,-0.0466125,6265.36,1.239634,0.3578248,Straight,Down,-0.04423466,-0.5214081,TransSlide
354.7399,19.84101,0,0.09384155,0.2460212,0,-0.04230854,6266.154,1.240249,0.3584944,Straight,Down,-0.02797646,-0.5227737,TransSlide
354.7799,19.83899,0,0.09384155,0.2460212,0,-0.0376094,6266.948,1.240831,0.3591643,Straight,Down,0,-0.5239258,TransSlide
354.8199,19.83697,0,0.09384155,0.2698253,0,-0.03245232,6267.742,1.241438,0.3598339,Straight,Down,0,-0.522728,TransSlide
354.8599,19.84015,0,0.09384155,0.2737926,0,-0.0268617,6268.536,1.242084,0.3605043,Straight,Down,0,-0.5215225,TransSlide
354.8999,19.84386,0,0.09384155,0.2737926,0,-0.02086428,6269.33,1.242715,0.361175,Straight,Down,0,-0.5203171,TransSlide
354.9399,19.84789,0,0.1002502,0.2737926,0,-0.01446393,6270.124,1.243453,0.3618455,Straight,Down,0,-0.5191193,TransSlide
354.9799,19.85194,0,0.1112366,0.2737926,0,-0.007693589,6270.917,1.244112,0.3625167,Straight,Down,0,-0.5179062,TransSlide
355.0199,19.85597,0,0.1286352,0.2737926,0,-0.0006152391,6271.711,1.244655,0.3631882,Straight,Down,0,-0.5167084,TransSlide
355.0599,19.86,0,0.1533544,0.2737926,0,0.006868362,6272.505,1.24525,0.36386,Straight,Down,0,-0.5155029,TransSlide
355.0999,19.86397,0,0.1771581,0.2737926,0,0.01468322,6273.3,1.245821,0.3645315,Straight,Down,0,-0.5143051,TransSlide
355.1399,19.86796,0,0.2018774,0.2737926,0,0.02311176,6274.095,1.246474,0.3652038,Straight,Down,0,-0.513092,TransSlide
355.1799,19.8719,0,0.2247655,0.27776,0,0.03220165,6274.89,1.247146,0.3658763,Straight,Down,0,-0.5118942,TransSlide
355.2199,19.87678,0,0.2366674,0.27776,0,0.04170027,6275.685,1.247749,0.3665486,Straight,Down,0,-0.5106812,TransSlide
355.2599,19.88155,0,0.2595556,0.2817273,0,0.05176145,6276.48,1.248296,0.3672217,Straight,Down,0,-0.5094833,TransSlide
355.2999,19.88679,0,0.2787817,0.2817273,0,0.0623197,6277.275,1.248941,0.3678951,Straight,Down,0,-0.5082703,TransSlide
355.3399,19.89234,0,0.3135717,0.2817273,0,0.07341802,6278.071,1.249644,0.3685686,Straight,Down,0,-0.5070724,TransSlide
355.3799,19.89789,0,0.3382909,0.2817273,0,0.08492857,6278.867,1.250182,0.369242,Straight,Down,0,-0.5058594,TransSlide
355.4199,19.90337,0,0.3694224,0.2817273,0,0.09733602,6279.663,1.250739,0.3699161,Straight,Down,0,-0.5046539,TransSlide
355.4599,19.90884,0,0.3932261,0.2817273,0,0.1106074,6280.459,1.251348,0.3705904,Straight,Down,0,-0.5034409,TransSlide
355.4999,19.91434,0,0.3987193,0.2817273,0,0.1244503,6281.256,1.251778,0.3712651,Straight,Down,0,-0.5022354,TransSlide
355.5399,19.91975,0,0.3996348,0.2817273,0,0.1391878,6282.053,1.252614,0.3719394,Straight,Down,0,-0.5010223,TransSlide
355.5799,19.92509,0,0.3996348,0.2817273,0,0.1546858,6282.85,1.253375,0.3726145,Straight,Down,0,-0.4998169,TransSlide
355.6199,19.93048,0,0.3849864,0.2817273,0,0.1711306,6283.646,1.254071,0.3732899,Straight,Down,0,-0.4986038,TransSlide
355.6599,19.93581,0,0.3556895,0.2817273,0,0.1883279,6284.444,1.2547,0.373965,Straight,Down,0,-0.4973984,TransSlide
355.6999,19.94125,0,0.3263891,0.2817273,0,0.2064131,6285.242,1.255349,0.3746409,Straight,Down,0,-0.4961929,TransSlide
355.7399,19.9466,0,0.2806127,0.2817273,0,0.2254441,6286.04,1.255992,0.3753169,Straight,Down,0,-0.4949722,TransSlide
355.7799,19.95192,0,0.2430761,0.2817273,0,0.2451825,6286.837,1.256533,0.3759933,Straight,Down,0,-0.4937668,TransSlide
355.8199,19.95723,0,0.1844823,0.2817273,0,0.2657767,6287.635,1.257266,0.3766694,Straight,Down,0,-0.4925461,TransSlide
355.8599,19.96259,0,0.1185644,0.2817273,0,0.2870567,6288.434,1.25781,0.3773462,Straight,Down,0,-0.4913406,TransSlide
355.8999,19.96795,0,0.06454468,0.2817273,0,0.3092441,6289.233,1.258348,0.3780233,Straight,Down,0,-0.4901276,TransSlide
355.9399,19.97333,0,0.004119873,0.2817273,0,0.3320831,6290.032,1.25892,0.3787,Straight,Down,0,-0.4889069,TransSlide
355.9799,19.97872,0,-0.02883911,0.2817273,0,0.355633,6290.831,1.259526,0.3793776,Straight,Down,0,-0.4876938,TransSlide
356.0199,19.9842,0,-0.05264282,0.2817273,0,0.3799373,6291.63,1.260678,0.3800553,Straight,Down,0,-0.4864807,TransSlide
356.0599,19.98882,0,-0.05355835,0.2817273,0,0.3978563,6292.43,1.260517,0.3807334,Straight,Down,0,-0.48526,TransSlide
356.0999,19.99364,0,-0.05355835,0.2817273,0,0.4160222,6293.229,1.26048,0.3814111,Straight,Down,0,-0.4840469,TransSlide
356.1399,19.99883,0,-0.05355835,0.2817273,0,0.4347594,6294.029,1.260626,0.3820896,Straight,Down,0,-0.4828262,TransSlide
356.1799,20.00347,0,-0.05355835,0.2817273,0,0.4542584,6294.829,1.261153,0.3827683,Straight,Down,0,-0.4816132,TransSlide
356.2199,20.00799,0,-0.05355835,0.2817273,0,0.4742153,6295.629,1.261811,0.3834467,Straight,Down,0,-0.4803925,TransSlide
356.2599,20.01251,0,-0.05355835,0.2817273,0,0.4944826,6296.43,1.262527,0.3841258,Straight,Down,0,-0.4791718,TransSlide
356.2999,20.01702,0,-0.05355835,0.2817273,0,0.5153786,6297.231,1.26337,0.3848052,Straight,Down,0,-0.4779587,TransSlide
356.3399,20.02161,0,-0.03433228,0.2817273,0,0.5369318,6298.032,1.263869,0.3854848,Straight,Down,0,-0.476738,TransSlide
356.3799,20.02634,0,-0.0151062,0.2817273,0,0.5586514,6298.833,1.265069,0.3861641,Straight,Down,0,-0.4755249,TransSlide
356.4199,20.03153,0,0.02151489,0.2817273,0,0.580709,6299.633,1.266375,0.3868442,Straight,Down,0,-0.4742966,TransSlide
356.4599,20.03616,0,0.05813599,0.2817273,0,0.6032068,6300.435,1.267574,0.3875245,Straight,Down,0,-0.4730835,TransSlide
356.4999,20.04132,0,0.08834839,0.2817273,0,0.6261631,6301.237,1.268967,0.388205,Straight,Down,0,-0.4718628,TransSlide
356.5399,20.04536,0,0.1295507,0.2817273,0,0.641441,6302.039,1.268583,0.3888851,Straight,Down,0,-0.4706421,TransSlide
356.5799,20.04982,0,0.1725805,0.2817273,0,0.6570584,6302.84,1.26828,0.3895661,Straight,Down,0.02797646,-0.4694214,TransSlide
356.6199,20.05494,0,0.2027929,0.2817273,0,0.6730728,6303.642,1.268028,0.3902472,Right,Down,0.05595291,-0.4672165,TransSlide
356.6599,20.05884,0,0.2430761,0.2817273,0,0.6894971,6304.445,1.268431,0.3909281,Right,Down,0.05595291,-0.4630508,TransSlide
356.6999,20.06244,0,0.2732885,0.2817273,0,0.706594,6305.248,1.268776,0.3916096,Right,Down,0.05595291,-0.4588852,TransSlide
356.7399,20.06658,0,0.3099096,0.2817273,0,0.7241341,6306.05,1.269492,0.3922914,Right,Down,0.05595291,-0.4547195,TransSlide
356.7799,20.0714,0,0.3446996,0.2817273,0,0.7418045,6306.853,1.271143,0.3929734,Right,Down,0.05934703,-0.4505539,TransSlide
356.8199,20.07653,0,0.3694224,0.2817273,0,0.7598909,6307.656,1.273307,0.3936551,Right,Down,0.05595291,-0.4463806,TransSlide
356.8599,20.07918,0,0.3913951,0.2817273,0,0.7737861,6308.458,1.273946,0.3943375,Right,Down,0.05934703,-0.4422073,TransSlide
356.8999,20.08262,0,0.3987193,0.2817273,0,0.7851726,6309.262,1.273621,0.3950201,Right,Down,0.05595291,-0.4380341,TransSlide
356.9399,20.08645,0,0.4032969,0.2817273,0,0.7970904,6310.065,1.273303,0.3957024,Right,Down,0.05934703,-0.4338531,TransSlide
356.9799,20.09004,0,0.4042125,0.2817273,0,0.8097992,6310.869,1.273134,0.3963854,Right,Down,0.05595291,-0.4296722,TransSlide
357.0199,20.09384,0,0.4161143,0.2817273,0,0.8233031,6311.673,1.273447,0.3970686,Right,Down,0.05595291,-0.425499,TransSlide
357.0599,20.09835,0,0.4335093,0.2817273,0,0.8372401,6312.477,1.275427,0.3977521,Right,Down,0.07132626,-0.4213257,TransSlide
357.0999,20.10189,0,0.4463267,0.2817273,0,0.8512945,6313.28,1.278043,0.3984352,Right,Down,0.08392937,-0.4165421,TransSlide
357.1399,20.10414,0,0.4637218,0.2817273,0,0.8593477,6314.084,1.277788,0.399119,Right,Down,0.08392937,-0.41082,TransSlide
357.1799,20.10708,0,0.4747081,0.2817273,0,0.8681334,6314.889,1.277543,0.399803,Right,Down,0.08392937,-0.4050903,TransSlide
357.2199,20.11146,0,0.4866099,0.2817273,0,0.8782597,6315.693,1.276833,0.4004867,Right,Down,0.08392937,-0.3993607,TransSlide
357.2599,20.11441,0,0.4939342,0.2817273,0,0.8890426,6316.498,1.277287,0.4011711,Right,Down,0.08156469,-0.393631,TransSlide
357.2999,20.11913,0,0.5003428,0.2817273,0,0.9009565,6317.303,1.279934,0.4018557,Right,Down,0.08392937,-0.3878937,TransSlide
357.3399,20.12024,0,0.505836,0.2817273,0,0.9090302,6318.107,1.281251,0.4025405,Right,Down,0.08622923,-0.3821564,TransSlide
357.3799,20.1214,0,0.505836,0.2817273,0,0.915582,6318.912,1.281082,0.403225,Right,Down,0.09065409,-0.3764191,TransSlide
357.4199,20.12325,0,0.505836,0.2817273,0,0.9233224,6319.717,1.280022,0.4039101,Right,Down,0.1101434,-0.3706512,TransSlide
357.4599,20.12769,0,0.505836,0.2817273,0,0.9320148,6320.521,1.280713,0.4045955,Right,Down,0.1101434,-0.363472,TransSlide
357.4999,20.13091,0,0.505836,0.2856947,0,0.9417359,6321.327,1.28396,0.4052805,Right,Down,0.1083524,-0.3562927,TransSlide
357.5399,20.13252,0,0.505836,0.2856947,0,0.9454513,6322.133,1.284078,0.4059663,Right,Down,0.1083524,-0.3490982,TransSlide
357.5799,20.13333,0,0.505836,0.2856947,0,0.9510551,6322.938,1.28315,0.4066522,Right,Down,0.1083524,-0.3419113,TransSlide
357.6199,20.13992,0,0.505836,0.2856947,0,0.9578223,6323.744,1.283009,0.4073382,Right,Down,0.1083524,-0.3347168,TransSlide
357.6599,20.14288,0,0.505836,0.2856947,0,0.9650878,6324.55,1.286305,0.408024,Right,Down,0.1235407,-0.3275146,TransSlide
357.6999,20.14408,0,0.505836,0.2856947,0,0.9666678,6325.355,1.286244,0.4087104,Right,Down,0.1341704,-0.3196335,TransSlide
357.7399,20.14295,0,0.4985118,0.2856947,0,0.9704933,6326.161,1.284766,0.4093971,Right,Down,0.132704,-0.3110123,TransSlide
357.7799,20.1525,0,0.4939342,0.2856947,0,0.9754318,6326.967,1.286674,0.4100839,Right,Down,0.1341704,-0.3023682,TransSlide
357.8199,20.15182,0,0.4866099,0.2856947,0,0.9771144,6327.772,1.288185,0.4107704,Right,Down,0.132704,-0.2937317,TransSlide
357.8599,20.15111,0,0.4591441,0.2856947,0,0.9775801,6328.578,1.287358,0.4114575,Right,Down,0.1384764,-0.28508,TransSlide
357.8999,20.15673,0,0.4325938,0.2856947,0,0.9795246,6329.384,1.287897,0.4121448,Right,Down,0.1582588,-0.2763901,TransSlide
357.9399,20.15822,0,0.3923106,0.2856947,0,0.9791597,6330.191,1.290013,0.4128318,Right,Down,0.1582588,-0.2662888,TransSlide
357.9799,20.15741,0,0.3556895,0.2856947,0,0.9761951,6330.998,1.288945,0.4135195,Right,Down,0.1582588,-0.2561874,TransSlide
358.0199,20.16077,0,0.3282201,0.2856947,0,0.9749259,6331.804,1.28983,0.4142073,Right,Down,0.1582588,-0.2460861,TransSlide
358.0599,20.16468,0,0.2970922,0.2856947,0,0.9697881,6332.611,1.291462,0.4148954,Right,Down,0.1735894,-0.2359772,TransSlide
358.0999,20.16641,0,0.2778661,0.2856947,0,0.9630957,6333.417,1.292621,0.415583,Right,Down,0.1823843,-0.225174,TransSlide
358.1399,20.16629,0,0.2549779,0.2856947,0,0.9571835,6334.224,1.293258,0.4162713,Right,Down,0.183454,-0.2135925,TransSlide
358.1799,20.16957,0,0.2357519,0.2856947,0,0.9449213,6335.031,1.293221,0.4169598,Right,Down,0.183454,-0.2020035,TransSlide
358.2199,20.17158,0,0.2183568,0.2856947,0,0.9341019,6335.837,1.293311,0.417648,Right,Down,0.1988102,-0.1904144,TransSlide
358.2599,20.17398,0,0.2009618,0.2856947,0,0.9246603,6336.644,1.293688,0.4183368,Right,Down,0.20842,-0.1779938,TransSlide
358.2999,20.17615,0,0.18906,0.2856947,0,0.9166998,6337.451,1.294481,0.4190258,Right,Down,0.20842,-0.1648865,TransSlide
358.3399,20.17679,0,0.1835668,0.2856947,0,0.9060895,6338.257,1.295135,0.4197149,Right,Down,0.2148914,-0.1517792,TransSlide
358.3799,20.17778,0,0.1826513,0.2856947,0,0.8925195,6339.064,1.295304,0.4204037,Right,Flat,0.2349025,-0.1385574,TransSlide
358.4199,20.179,0,0.1826513,0.2856947,0,0.8801007,6339.872,1.295545,0.4210931,Right,Flat,0.2349025,-0.1238708,TransSlide
358.4599,20.18055,0,0.1826513,0.2856947,0,0.8688723,6340.679,1.296029,0.4217827,Right,Flat,0.2390311,-0.1091843,TransSlide
358.4999,20.18144,0,0.1826513,0.2856947,0,0.8587917,6341.487,1.296795,0.422472,Right,Flat,0.261696,-0.09449768,TransSlide
358.5399,20.18267,0,0.1826513,0.2856947,0,0.8498227,6342.294,1.298175,0.4231619,Right,Flat,0.2624426,-0.07827759,TransSlide
358.5799,20.18276,0,0.1899755,0.2856947,0,0.8356819,6343.102,1.298628,0.423852,Right,Flat,0.2712421,-0.06195068,TransSlide
358.6199,20.18316,0,0.1945531,0.2856947,0,0.8205376,6343.91,1.29884,0.4245422,Right,Flat,0.2907402,-0.04537964,TransSlide
358.6599,20.18367,0,0.2027929,0.2856947,0,0.8065119,6344.717,1.299229,0.425232,Right,Flat,0.2900664,-0.02738953,TransSlide
358.6999,20.18425,0,0.2119482,0.2856947,0,0.7936391,6345.525,1.299831,0.4259225,Right,Flat,0.1988102,-0.009407043,TransSlide
358.7399,20.18449,0,0.2183568,0.2856947,0,0.7817776,6346.333,1.300599,0.4266132,Right,Flat,0.1690205,0.01382446,TransSlide
358.7799,20.18471,0,0.2256811,0.2856947,0,0.7707858,6347.14,1.301516,0.4273039,Right,Flat,0.1690205,0.03942871,TransSlide
358.8199,20.18528,0,0.2265966,0.2856947,0,0.7607726,6347.948,1.302698,0.4279943,Right,Flat,0.1690205,0.06504059,TransSlide
358.8599,20.18463,0,0.2265966,0.2856947,0,0.7460337,6348.755,1.30321,0.4286854,Right,Flat,0.1607126,0.0906601,TransSlide
358.8999,20.18429,0,0.2265966,0.2856947,0,0.7293528,6349.563,1.303413,0.4293766,Right,Flat,0.1341704,0.1160736,TransSlide
358.9399,20.18394,0,0.2265966,0.2856947,0,0.7135682,6350.371,1.303671,0.4300674,Right,Flat,0.1341704,0.1372375,TransSlide
358.9799,20.18386,0,0.2265966,0.2856947,0,0.6987637,6351.178,1.304239,0.4307589,Right,Up,0.1341704,0.1583786,TransSlide
359.0199,20.18337,0,0.2265966,0.2856947,0,0.6846542,6351.986,1.30499,0.4314505,Right,Up,0.1341704,0.1795349,TransSlide
359.0599,20.18282,0,0.2265966,0.2856947,0,0.6715362,6352.793,1.305856,0.4321423,Right,Up,0.1341704,0.200676,TransSlide
359.0999,20.18229,0,0.2265966,0.2856947,0,0.6591958,6353.601,1.306682,0.4328337,Right,Up,0.1219466,0.221817,TransSlide
359.1399,20.18179,0,0.2265966,0.2856947,0,0.6477969,6354.409,1.307545,0.4335257,Right,Up,0.1083524,0.2413712,TransSlide
359.1799,20.1817,0,0.2247655,0.2856947,0,0.6370166,6355.216,1.308598,0.4342178,Right,Up,0.1083524,0.2581253,TransSlide
359.2199,20.18032,0,0.2247655,0.2856947,0,0.6218719,6356.024,1.309163,0.4349096,Right,Up,0.1083524,0.2748795,TransSlide
359.2599,20.17924,0,0.2247655,0.2856947,0,0.6044384,6356.832,1.309419,0.435602,Right,Up,0.1083524,0.2916412,TransSlide
359.2999,20.17823,0,0.2247655,0.2856947,0,0.5878342,6357.639,1.309524,0.4362945,Right,Up,0.1083524,0.308403,TransSlide
359.3399,20.17746,0,0.2201879,0.2856947,0,0.5719407,6358.446,1.309959,0.4369872,Right,Up,0.1083524,0.3251495,TransSlide
359.3799,20.17624,0,0.2183568,0.2856947,0,0.556915,6359.253,1.310682,0.4376794,Right,Up,0.09891172,0.3418961,TransSlide
359.4199,20.17498,0,0.2183568,0.2856947,0,0.5426037,6360.06,1.311529,0.4383723,Right,Up,0.08622923,0.3574142,TransSlide
359.4599,20.17373,0,0.2183568,0.2856947,0,0.5292122,6360.866,1.312387,0.4390653,Right,Up,0.08622923,0.3702164,TransSlide
359.4999,20.17251,0,0.2183568,0.2856947,0,0.5165688,6361.673,1.313246,0.4397579,Right,Up,0.08622923,0.3830185,TransSlide
359.5399,20.1713,0,0.2183568,0.2856947,0,0.5046979,6362.479,1.314079,0.4404512,Right,Up,0.08392937,0.3958282,TransSlide
359.5799,20.17012,0,0.2174413,0.2856947,0,0.4938646,6363.286,1.31485,0.4411446,Right,Up,0.08392937,0.4086227,TransSlide
359.6199,20.16895,0,0.2137792,0.2856947,0,0.4836857,6364.093,1.315585,0.441838,Right,Up,0.08392937,0.4214249,TransSlide
359.6599,20.16808,0,0.2128637,0.2856947,0,0.4743207,6364.899,1.316571,0.4425311,Right,Up,0.08622923,0.4342346,TransSlide
359.6999,20.1661,0,0.208286,0.2856947,0,0.4596964,6365.706,1.31692,0.4432248,Right,Up,0.08622923,0.4470291,TransSlide
359.7399,20.1644,0,0.2073705,0.2856947,0,0.4429478,6366.513,1.31699,0.4439186,Right,Up,0.07661668,0.4598389,TransSlide
359.7799,20.16273,0,0.2009618,0.2856947,0,0.4272448,6367.319,1.317168,0.4446125,Right,Up,0.0656106,0.471611,TransSlide
359.8199,20.16118,0,0.1954687,0.2856947,0,0.4123226,6368.126,1.317703,0.4453061,Right,Up,0.0656106,0.4808655,TransSlide
359.8599,20.1593,0,0.1899755,0.2856947,0,0.3982019,6368.933,1.318364,0.4460002,Right,Up,0.06255726,0.4901199,TransSlide
359.8999,20.15739,0,0.1881444,0.2856947,0,0.3846891,6369.739,1.319186,0.4466945,Right,Up,0.0656106,0.4993668,TransSlide
359.9399,20.15551,0,0.1835668,0.2856947,0,0.372093,6370.546,1.320058,0.4473883,Right,Up,0.0656106,0.5086212,TransSlide
359.9799,20.15366,0,0.1780736,0.2856947,0,0.3602438,6371.352,1.320966,0.4480827,Right,Up,0.0656106,0.517868,TransSlide
360.0199,20.15184,0,0.1725805,0.2856947,0,0.3491114,6372.158,1.321677,0.4487773,Right,Up,0.06255726,0.5271225,TransSlide
360.0599,20.15003,0,0.1707494,0.2856947,0,0.3386733,6372.963,1.322421,0.449472,Right,Up,0.0656106,0.5363693,TransSlide
360.0999,20.14825,0,0.1698339,0.2856947,0,0.3288996,6373.769,1.323168,0.4501662,Right,Up,0.0656106,0.5456161,TransSlide
360.1399,20.14647,0,0.1597631,0.2856947,0,0.3200158,6374.575,1.323784,0.450861,Right,Up,0.06255726,0.554863,TransSlide
360.1799,20.14472,0,0.1478612,0.2856947,0,0.3117476,6375.38,1.324407,0.451556,Right,Up,0.0656106,0.5641098,TransSlide
360.2199,20.14297,0,0.1368749,0.2856947,0,0.3043113,6376.186,1.325135,0.4522505,Right,Up,0.05595291,0.573349,TransSlide
360.2599,20.14122,0,0.123142,0.2856947,0,0.2974166,6376.992,1.325814,0.4529456,Straight,Up,0.04423466,0.5813522,TransSlide
360.2999,20.13945,0,0.1112366,0.2856947,0,0.2910988,6377.797,1.32639,0.4536408,Straight,Up,0.04423466,0.5873413,TransSlide
360.3399,20.13801,0,0.09475708,0.2856947,0,0.2855973,6378.603,1.327286,0.4543362,Straight,Up,0.04845664,0.5933228,TransSlide
360.3799,20.13561,0,0.08834839,0.2856947,0,0.2741336,6379.409,1.327724,0.455031,Straight,Up,0.04423466,0.5993042,TransSlide
360.4199,20.13344,0,0.08651733,0.2856947,0,0.2606704,6380.214,1.32785,0.4557265,Straight,Up,0.04845664,0.6052856,TransSlide
360.4599,20.13127,0,0.0819397,0.2856947,0,0.247674,6381.02,1.327986,0.4564221,Straight,Up,0.04423466,0.6112747,TransSlide
360.4999,20.12927,0,0.0819397,0.2856947,0,0.2351802,6381.825,1.328484,0.4571173,Straight,Up,0.04845664,0.6172562,TransSlide
360.5399,20.12694,0,0.08102417,0.2856947,0,0.2232671,6382.63,1.329136,0.457813,Straight,Up,0.04845664,0.6232376,TransSlide
360.5799,20.12463,0,0.08102417,0.289662,0,0.2120622,6383.435,1.329955,0.4585088,Straight,Up,0.04423466,0.6292114,TransSlide
360.6199,20.12284,0,0.08102417,0.289662,0,0.2013386,6384.239,1.33075,0.4592047,Straight,Up,0.04423466,0.6351929,TransSlide
360.6599,20.12144,0,0.08010864,0.289662,0,0.1911565,6385.044,1.331602,0.4599002,Straight,Up,0.04845664,0.6411667,TransSlide
360.6999,20.12002,0,0.08010864,0.289662,0,0.181296,6385.849,1.332307,0.4605963,Straight,Up,0.04423466,0.6471405,TransSlide
360.7399,20.11869,0,0.08010864,0.289662,0,0.172069,6386.653,1.332981,0.4612924,Straight,Up,0.04423466,0.6531219,TransSlide
360.7799,20.11734,0,0.08010864,0.289662,0,0.1631546,6387.458,1.333731,0.4619881,Straight,Up,0.04845664,0.6590958,TransSlide
360.8199,20.11599,0,0.08010864,0.289662,0,0.1547202,6388.263,1.334361,0.4626844,Straight,Up,0.04423466,0.665062,TransSlide
360.8599,20.11465,0,0.08010864,0.289662,0,0.1467593,6389.067,1.335109,0.4633808,Straight,Up,0.04423466,0.6710434,TransSlide
360.8999,20.11331,0,0.08010864,0.2936446,0,0.139249,6389.872,1.335807,0.4640772,Straight,Up,0.03426402,0.6770172,TransSlide
360.9399,20.1125,0,0.08743286,0.2936446,0,0.131992,6390.677,1.33636,0.4647732,Straight,Up,0.02797646,0.6816025,TransSlide
360.9799,20.11203,0,0.08926392,0.297612,0,0.1252143,6391.481,1.336942,0.4654698,Straight,Up,0.02797646,0.6842499,TransSlide
361.0199,20.1121,0,0.09292603,0.297612,0,0.1188872,6392.286,1.337605,0.4661664,Straight,Up,0.01978234,0.6869049,TransSlide
361.0599,20.11251,0,0.09292603,0.3015793,0,0.1129642,6393.091,1.338271,0.4668632,Straight,Up,0.02797646,0.6895599,TransSlide
361.0999,20.11347,0,0.09292603,0.3015793,0,0.1074526,6393.896,1.338876,0.4675594,Straight,Up,0.01978234,0.6922073,TransSlide
361.1399,20.11473,0,0.09475708,0.3015793,0,0.1023455,6394.7,1.339504,0.4682562,Straight,Up,0.02797646,0.6948624,TransSlide
361.1799,20.11601,0,0.1121521,0.3015793,0,0.09755802,6395.505,1.340115,0.4689531,Straight,Up,0.01978234,0.6975174,TransSlide
361.2199,20.11728,0,0.1304662,0.3015793,0,0.09301269,6396.31,1.340824,0.4696496,Straight,Up,0.02797646,0.7001724,TransSlide
361.2599,20.11856,0,0.1707494,0.3015793,0,0.08878699,6397.114,1.341365,0.4703466,Straight,Up,0.02797646,0.7028198,TransSlide
361.2999,20.11983,0,0.208286,0.3055466,0,0.08504286,6397.919,1.341942,0.4710436,Straight,Up,0.02797646,0.7054825,TransSlide
361.3399,20.12161,0,0.2311742,0.3055466,0,0.0817776,6398.724,1.342541,0.4717408,Straight,Up,0.02797646,0.7081299,TransSlide
361.3799,20.12367,0,0.2430761,0.3055466,0,0.07908496,6399.528,1.343132,0.4724375,Straight,Up,0.02797646,0.7107849,TransSlide
361.4199,20.12577,0,0.2485693,0.3055466,0,0.07689676,6400.333,1.343831,0.4731347,Straight,Up,0.02797646,0.7134476,TransSlide
361.4599,20.12777,0,0.2485693,0.3055466,0,0.07506576,6401.138,1.344453,0.473832,Straight,Up,0.02797646,0.716095,TransSlide
361.4999,20.12999,0,0.2485693,0.3055466,0,0.07248935,6401.943,1.344885,0.4745288,Straight,Up,0.02797646,0.71875,TransSlide
361.5399,20.13242,0,0.2494848,0.3055466,0,0.06320691,6402.749,1.345863,0.4752262,Straight,Up,0.02797646,0.7213974,TransSlide
361.5799,20.13475,0,0.2494848,0.3055466,0,0.0545401,6403.554,1.346829,0.4759237,Straight,Up,0.02797646,0.7240601,TransSlide
361.6199,20.13677,0,0.2504003,0.3055466,0,0.04638121,6404.36,1.347686,0.4766212,Straight,Up,0.02797646,0.7267075,TransSlide
361.6599,20.13934,0,0.2504003,0.3055466,0,0.03876781,6405.166,1.348348,0.4773182,Straight,Up,0.02797646,0.7293625,TransSlide
361.6999,20.14181,0,0.2540624,0.3055466,0,0.03174719,6405.971,1.348938,0.4780158,Straight,Up,0.02797646,0.7320251,TransSlide
361.7399,20.14425,0,0.2549779,0.3055466,0,0.02539024,6406.777,1.34941,0.4787134,Straight,Up,0.02797646,0.7346802,TransSlide
361.7799,20.14666,0,0.2549779,0.3055466,0,0.01962101,6407.583,1.349869,0.4794105,Straight,Up,0.02797646,0.7373276,TransSlide
361.8199,20.14903,0,0.2549779,0.3055466,0,0.01455033,6408.388,1.35047,0.4801082,Straight,Up,0.02797646,0.7399826,TransSlide
361.8599,20.15136,0,0.2549779,0.3055466,0,0.01010379,6409.194,1.351053,0.480806,Straight,Up,0.02797646,0.7426453,TransSlide
361.8999,20.15368,0,0.2549779,0.3055466,0,0.006374389,6410,1.351592,0.4815038,Straight,Up,0.02797646,0.7453003,TransSlide
361.9399,20.15602,0,0.2549779,0.3055466,0,0.003465176,6410.806,1.352261,0.482201,Straight,Up,0.02797646,0.7479553,TransSlide
361.9799,20.15832,0,0.2549779,0.3055466,0,0.001342058,6411.613,1.352876,0.4828989,Straight,Up,0.02797646,0.7506104,TransSlide
362.0199,20.16061,0,0.2485693,0.3055466,0,-5.036592E-05,6412.419,1.353486,0.4835968,Straight,Up,0.01978234,0.753273,TransSlide
362.0599,20.16292,0,0.2357519,0.3055466,0,-0.0008229017,6413.226,1.354141,0.4842947,Straight,Up,0,0.755928,TransSlide
362.0999,20.16518,0,0.2256811,0.3055466,0,-0.0008124411,6414.033,1.354708,0.4849921,Straight,Up,0,0.752243,TransSlide
362.1399,20.16745,0,0.2137792,0.3055466,0,-0.0001173913,6414.839,1.35532,0.4856901,Straight,Up,0,0.7481232,TransSlide
362.1799,20.16973,0,0.1963842,0.3055466,0,0.001293629,6415.646,1.355932,0.4863881,Straight,Up,0,0.7440033,TransSlide
362.2199,20.17199,0,0.1826513,0.3055466,0,0.003519416,6416.453,1.356586,0.4870856,Straight,Up,0,0.7398834,TransSlide
362.2599,20.17425,0,0.1588476,0.3055466,0,0.006599486,6417.259,1.357237,0.4877837,Straight,Up,0,0.7357635,TransSlide
362.2999,20.17654,0,0.140537,0.3055466,0,0.01033354,6418.066,1.357873,0.4884818,Straight,Up,0,0.7316437,TransSlide
362.3399,20.1788,0,0.1121521,0.3055466,0,0.01488158,6418.873,1.358494,0.4891799,Straight,Up,0,0.7275314,TransSlide
362.3799,20.18108,0,0.08926392,0.3055466,0,0.02001774,6419.681,1.359112,0.4898775,Straight,Up,0,0.7234039,TransSlide
362.4199,20.18335,0,0.07461548,0.3055466,0,0.02592063,6420.488,1.359697,0.4905756,Straight,Up,0,0.7192841,TransSlide
362.4599,20.18564,0,0.05630493,0.3055466,0,0.03235856,6421.296,1.360315,0.4912738,Straight,Up,0,0.7151642,TransSlide
362.4999,20.18794,0,0.04623413,0.3055466,0,0.03963217,6422.104,1.360951,0.4919714,Straight,Up,0,0.7110367,TransSlide
362.5399,20.19024,0,0.03341675,0.3055466,0,0.04758999,6422.911,1.3617,0.4926696,Straight,Up,0,0.7069168,TransSlide
362.5799,20.19254,0,0.02059937,0.3055466,0,0.05612081,6423.719,1.36223,0.4933679,Straight,Up,0,0.7027969,TransSlide
362.6199,20.19485,0,0.004119873,0.2856947,0,0.06506813,6424.526,1.362773,0.4940661,Straight,Up,0,0.6986694,TransSlide
362.6599,20.1946,0,-0.02334595,0.2856947,0,0.07453769,6425.334,1.363373,0.4947638,Straight,Up,0,0.6945496,TransSlide
362.6999,20.19267,0,-0.04714966,0.2856947,0,0.08453804,6426.142,1.364052,0.495462,Straight,Up,0,0.6904297,TransSlide
362.7399,20.19067,0,-0.07644832,0.2856947,0,0.09481502,6426.949,1.364588,0.4961603,Straight,Up,0,0.6863022,TransSlide
362.7799,20.18864,0,-0.1011676,0.2856947,0,0.1055774,6427.757,1.365222,0.496858,Straight,Up,0,0.6821823,TransSlide
362.8199,20.18669,0,-0.1176471,0.2856947,0,0.1166638,6428.564,1.365851,0.4975563,Straight,Up,0,0.6780548,TransSlide
362.8599,20.18469,0,-0.1286334,0.2856947,0,0.1278737,6429.372,1.366455,0.4982546,Straight,Up,0,0.6739349,TransSlide
362.8999,20.18276,0,-0.1295489,0.2817273,0,0.1395264,6430.18,1.367056,0.4989528,Straight,Up,0,0.6698227,TransSlide
362.9399,20.18029,0,-0.1304644,0.2817273,0,0.1513337,6430.987,1.367648,0.4996506,Straight,Up,0,0.6657028,TransSlide
362.9799,20.1775,0,-0.13138,0.2817273,0,0.1631871,6431.794,1.368225,0.5003489,Straight,Up,0,0.6615753,TransSlide
363.0199,20.17467,0,-0.13138,0.2817273,0,0.1753772,6432.601,1.368845,0.5010471,Straight,Up,0,0.6574554,TransSlide
363.0599,20.17186,0,-0.13138,0.2817273,0,0.1875681,6433.408,1.369443,0.5017454,Straight,Up,0,0.6533356,TransSlide
363.0999,20.16909,0,-0.13138,0.2817273,0,0.1998903,6434.214,1.370012,0.5024431,Straight,Up,0,0.6492233,TransSlide
363.1399,20.1663,0,-0.13138,0.2817273,0,0.2121091,6435.021,1.370622,0.5031414,Straight,Up,0,0.6451111,TransSlide
363.1799,20.16353,0,-0.13138,0.2817273,0,0.2241446,6435.828,1.371212,0.5038397,Straight,Up,0,0.6409912,TransSlide
363.2199,20.16076,0,-0.13138,0.2817273,0,0.2362061,6436.634,1.371763,0.5045374,Straight,Up,0,0.6368713,TransSlide
363.2599,20.15797,0,-0.13138,0.2817273,0,0.2482269,6437.441,1.372446,0.5052357,Straight,Up,0,0.6327591,TransSlide
363.2999,20.1552,0,-0.13138,0.2817273,0,0.2600369,6438.248,1.373122,0.5059339,Straight,Up,0,0.6286392,TransSlide
363.3399,20.15241,0,-0.13138,0.2817273,0,0.271766,6439.053,1.373667,0.5066321,Straight,Up,0,0.624527,TransSlide
363.3799,20.14964,0,-0.1359576,0.2817273,0,0.2833599,6439.859,1.374313,0.5073298,Straight,Up,0,0.6204147,TransSlide
363.4199,20.14688,0,-0.1359576,0.2817273,0,0.2947088,6440.665,1.374947,0.508028,Straight,Up,0,0.6163025,TransSlide
363.4599,20.14413,0,-0.1359576,0.2817273,0,0.3057111,6441.47,1.375488,0.5087262,Straight,Up,0,0.6121826,TransSlide
363.4999,20.14136,0,-0.1359576,0.2817273,0,0.3163674,6442.276,1.376037,0.5094238,Straight,Up,0,0.608078,TransSlide
363.5399,20.13862,0,-0.1359576,0.2817273,0,0.3267416,6443.082,1.376742,0.510122,Straight,Up,0,0.6039658,TransSlide
363.5799,20.13586,0,-0.1359576,0.2817273,0,0.3367919,6443.887,1.377351,0.5108201,Straight,Up,0,0.5998535,TransSlide
363.6199,20.13314,0,-0.1359576,0.2817273,0,0.3465989,6444.693,1.378003,0.5115182,Straight,Up,0,0.5957413,TransSlide
363.6599,20.13039,0,-0.1359576,0.2817273,0,0.3559902,6445.499,1.378639,0.5122157,Straight,Up,0,0.5916367,TransSlide
363.6999,20.12764,0,-0.1368731,0.2817273,0,0.3648934,6446.303,1.379284,0.5129138,Straight,Up,0,0.5875244,TransSlide
363.7399,20.12491,0,-0.1377887,0.2817273,0,0.3735335,6447.108,1.37986,0.5136119,Straight,Up,0,0.5834122,TransSlide
363.7799,20.12218,0,-0.148775,0.2817273,0,0.3817369,6447.913,1.380476,0.5143093,Straight,Up,0,0.5793076,TransSlide
363.8199,20.11947,0,-0.1615924,0.2817273,0,0.3895289,6448.717,1.381079,0.5150073,Straight,Up,0,0.5751953,TransSlide
363.8599,20.11674,0,-0.1844823,0.2817273,0,0.3968467,6449.522,1.381666,0.5157052,Straight,Up,0,0.5710907,TransSlide
363.8999,20.11402,0,-0.2073705,0.2817273,0,0.4035605,6450.327,1.382293,0.5164032,Straight,Up,0,0.5669861,TransSlide
363.9399,20.11129,0,-0.2146947,0.2817273,0,0.409697,6451.131,1.38288,0.5171005,Straight,Up,0,0.5628738,TransSlide
363.9799,20.10858,0,-0.2201879,0.2817273,0,0.4154879,6451.936,1.383547,0.5177984,Straight,Up,0,0.5587692,TransSlide
364.0199,20.10588,0,-0.2201879,0.2817273,0,0.4206488,6452.741,1.384244,0.5184962,Straight,Up,0,0.5546646,TransSlide
364.0599,20.10316,0,-0.2201879,0.2817273,0,0.4252062,6453.544,1.384906,0.5191935,Straight,Up,0,0.55056,TransSlide
364.0999,20.10044,0,-0.2201879,0.2817273,0,0.4291324,6454.348,1.385509,0.5198912,Straight,Up,0,0.5464554,TransSlide
364.1399,20.09771,0,-0.2201879,0.2817273,0,0.4325662,6455.152,1.386156,0.5205889,Straight,Up,0,0.5423508,TransSlide
364.1799,20.09502,0,-0.2201879,0.2817273,0,0.4354026,6455.956,1.386797,0.5212866,Straight,Up,0,0.5382462,TransSlide
364.2199,20.0923,0,-0.2128637,0.2817273,0,0.4376718,6456.759,1.387372,0.5219837,Straight,Up,0,0.5341415,TransSlide
364.2599,20.08961,0,-0.1853979,0.2817273,0,0.439342,6457.563,1.388133,0.5226813,Straight,Up,0,0.5300369,TransSlide
364.2999,20.08691,0,-0.1615924,0.2817273,0,0.4403772,6458.367,1.388637,0.5233788,Straight,Up,0,0.5259323,TransSlide
364.3399,20.08424,0,-0.1478595,0.2817273,0,0.440684,6459.17,1.389209,0.5240763,Straight,Up,0,0.5218353,TransSlide
364.3799,20.08155,0,-0.1249713,0.2817273,0,0.4405019,6459.974,1.389906,0.5247732,Straight,Up,0,0.5177307,TransSlide
364.4199,20.07891,0,-0.1130694,0.2817273,0,0.4396934,6460.777,1.390501,0.5254706,Straight,Up,0,0.5136337,TransSlide
364.4599,20.07625,0,-0.0892657,0.2817273,0,0.4382227,6461.58,1.391185,0.526168,Straight,Up,0,0.5095367,TransSlide
364.4999,20.07363,0,-0.06637752,0.2817273,0,0.4361337,6462.382,1.391825,0.5268647,Straight,Up,0,0.5054321,TransSlide
364.5399,20.07102,0,-0.04623413,0.2817273,0,0.4334418,6463.185,1.392416,0.527562,Straight,Up,0,0.5013351,TransSlide
364.5799,20.06843,0,-0.01602173,0.2817273,0,0.4303013,6463.988,1.393135,0.5282592,Straight,Up,0,0.4972305,TransSlide
364.6199,20.06585,0,-0.004119873,0.2817273,0,0.4265176,6464.791,1.393705,0.5289563,Straight,Up,0,0.4931335,TransSlide
364.6599,20.06328,0,0.0050354,0.2817273,0,0.422359,6465.593,1.394378,0.5296529,Straight,Up,0,0.4890366,TransSlide
364.6999,20.06073,0,0.009613037,0.2817273,0,0.4175486,6466.396,1.395002,0.5303499,Straight,Up,0,0.4849396,TransSlide
364.7399,20.05822,0,0.01419067,0.2817273,0,0.4123935,6467.199,1.395619,0.5310469,Straight,Up,0,0.4808426,TransSlide
364.7799,20.05573,0,0.02059937,0.2817273,0,0.4066642,6468.001,1.396257,0.5317432,Straight,Up,0,0.4767532,TransSlide
364.8199,20.0532,0,0.02700806,0.2817273,0,0.400666,6468.803,1.396978,0.5324401,Straight,Up,0,0.4726486,TransSlide
364.8599,20.05035,0,0.03250122,0.2817273,0,0.3943795,6469.604,1.397336,0.5331368,Straight,Up,0,0.4685516,TransSlide
364.8999,20.04811,0,0.03250122,0.2817273,0,0.3881617,6470.406,1.396603,0.5338336,Straight,Up,0,0.4644699,TransSlide
364.9399,20.04828,0,0.03250122,0.2817273,0,0.386085,6471.208,1.399721,0.5345296,Straight,Up,0,0.4603806,TransSlide
364.9799,20.04764,0,0.03250122,0.2817273,0,0.3835524,6472.01,1.402315,0.5352262,Straight,Up,0,0.4562912,TransSlide
365.0199,20.04459,0,0.03250122,0.2817273,0,0.3807598,6472.812,1.404197,0.5359228,Straight,Up,0,0.4522018,TransSlide
365.0599,20.0456,0,0.03250122,0.2817273,0,0.3779936,6473.613,1.405095,0.5366186,Straight,Up,0,0.4481125,TransSlide
365.0999,20.04619,0,0.03250122,0.2817273,0,0.3747802,6474.415,1.405209,0.5373151,Straight,Up,0,0.4440231,TransSlide
365.1399,20.04661,0,0.03250122,0.2817273,0,0.3713096,6475.217,1.405094,0.5380113,Straight,Up,0,0.4399185,TransSlide
365.1799,20.04693,0,0.03250122,0.2817273,0,0.3676809,6476.019,1.405028,0.5387076,Straight,Up,0,0.4358292,TransSlide
365.2199,20.04718,0,0.03433228,0.2817273,0,0.3638469,6476.82,1.405026,0.5394031,Straight,Up,0,0.4317322,TransSlide
365.2599,20.04736,0,0.03799438,0.2817273,0,0.3598824,6477.622,1.405138,0.5400993,Straight,Up,0,0.4276352,TransSlide
365.2999,20.0475,0,0.03890991,0.2817273,0,0.3558267,6478.424,1.405331,0.5407952,Straight,Up,0,0.4235458,TransSlide
365.3399,20.04763,0,0.03890991,0.2817273,0,0.3517208,6479.226,1.405694,0.5414912,Straight,Up,0,0.4194489,TransSlide
365.3799,20.04778,0,0.03982544,0.2817273,0,0.3475656,6480.027,1.406153,0.5421864,Straight,Up,0,0.4153519,TransSlide
365.4199,20.0479,0,0.03982544,0.2817273,0,0.3432883,6480.829,1.40664,0.5428822,Straight,Up,0,0.4112549,TransSlide
365.4599,20.04802,0,0.03982544,0.2817273,0,0.3390266,6481.631,1.407147,0.5435778,Straight,Up,-0.02797646,0.4071655,TransSlide
365.4999,20.04815,0,0.03982544,0.2817273,0,0.3345994,6482.433,1.407718,0.5442729,Straight,Up,-0.03426402,0.3933029,TransSlide
365.5399,20.04829,0,0.03982544,0.2817273,0,0.3301622,6483.234,1.408296,0.5449684,Straight,Up,-0.03956468,0.377121,TransSlide
365.5799,20.04725,0,0.03982544,0.2817273,0,0.3258571,6484.036,1.40845,0.5456638,Straight,Up,-0.03956468,0.3609314,TransSlide
365.6199,20.04949,0,0.03982544,0.2817273,0,0.3250849,6484.838,1.409419,0.5463591,Straight,Up,-0.03956468,0.3447571,TransSlide
365.6599,20.05114,0,0.03433228,0.2817273,0,0.3270961,6485.64,1.411492,0.5470538,Straight,Up,-0.03426402,0.3285904,TransSlide
365.6999,20.05238,0,0.02792358,0.2817273,0,0.3290011,6486.441,1.413343,0.547749,Straight,Up,-0.03956468,0.3124161,TransSlide
365.7399,20.05285,0,0.02059937,0.2817273,0,0.3308937,6487.243,1.414466,0.548444,Straight,Up,-0.03426402,0.2962341,TransSlide
365.7799,20.05515,0,0.009613037,0.2817273,0,0.3328289,6488.045,1.415005,0.5491384,Straight,Up,-0.03426402,0.2800446,TransSlide
365.8199,20.05729,0,0.004119873,0.2817273,0,0.3347908,6488.848,1.415293,0.5498333,Straight,Up,-0.03426402,0.2638474,TransSlide
365.8599,20.05934,0,-0.004119873,0.2817273,0,0.3367644,6489.65,1.415321,0.550528,Straight,Up,-0.03426402,0.2476425,TransSlide
365.8999,20.06131,0,-0.005950928,0.2817273,0,0.3387686,6490.453,1.415559,0.5512227,Straight,Up,-0.03956468,0.2314453,TransSlide
365.9399,20.06327,0,-0.005950928,0.2817273,0,0.340875,6491.256,1.415771,0.5519167,Straight,Up,-0.03426402,0.2152405,TransSlide
365.9799,20.06517,0,-0.005950928,0.2817273,0,0.3429094,6492.059,1.415994,0.5526112,Straight,Up,-0.03956468,0.1990356,TransSlide
366.0199,20.06704,0,-0.005950928,0.2817273,0,0.3451267,6492.861,1.416389,0.5533055,Straight,Up,-0.03426402,0.1828308,TransSlide
366.0599,20.0689,0,-0.01052856,0.2817273,0,0.3472486,6493.664,1.416894,0.5539992,Straight,Up,-0.03426402,0.166626,TransSlide
366.0999,20.07075,0,-0.01693726,0.2817273,0,0.3494965,6494.467,1.417335,0.5546934,Straight,Up,-0.03956468,0.1504211,TransSlide
366.1399,20.07261,0,-0.02334595,0.2817273,0,0.3515956,6495.27,1.417889,0.5553874,Straight,Flat,-0.02797646,0.134201,TransSlide
366.1799,20.07446,0,-0.03890991,0.2817273,0,0.3537292,6496.072,1.418398,0.5560814,Straight,Flat,0,0.1206894,TransSlide
366.2199,20.07629,0,-0.04714966,0.2817273,0,0.355874,6496.875,1.418953,0.5567746,Straight,Flat,0,0.117012,TransSlide
366.2599,20.07813,0,-0.06363094,0.2817273,0,0.3579766,6497.678,1.419558,0.5574684,Straight,Flat,0,0.1133423,TransSlide
366.2999,20.07997,0,-0.08102596,0.2817273,0,0.3600335,6498.48,1.420189,0.558162,Straight,Flat,0,0.1096725,TransSlide
366.3399,20.08179,0,-0.09384334,0.2817273,0,0.3619574,6499.284,1.420747,0.5588554,Straight,Flat,0,0.1060104,TransSlide
366.3799,20.08361,0,-0.1048297,0.2817273,0,0.3638121,6500.088,1.42148,0.5595483,Straight,Flat,0,0.1023331,TransSlide
366.4199,20.08543,0,-0.1112384,0.2817273,0,0.3656093,6500.892,1.422061,0.5602415,Straight,Flat,0,0.09866333,TransSlide
366.4599,20.08724,0,-0.1130694,0.2817273,0,0.3673036,6501.695,1.422718,0.5609347,Straight,Flat,0,0.09499359,TransSlide
366.4999,20.08904,0,-0.1130694,0.2817273,0,0.3688951,6502.499,1.423329,0.5616271,Straight,Flat,0,0.09132385,TransSlide
366.5399,20.09083,0,-0.1130694,0.2817273,0,0.3703596,6503.303,1.423951,0.5623201,Straight,Flat,0,0.08764648,TransSlide
366.5799,20.09263,0,-0.1130694,0.2817273,0,0.3716781,6504.106,1.42451,0.5630128,Straight,Flat,0,0.08397675,TransSlide
366.6199,20.09441,0,-0.1130694,0.2817273,0,0.372771,6504.91,1.425089,0.5637054,Straight,Flat,0,0.08030701,TransSlide
366.6599,20.09616,0,-0.1130694,0.2817273,0,0.3736233,6505.714,1.425739,0.5643975,Straight,Flat,0,0.07662964,TransSlide
366.6999,20.09794,0,-0.1130694,0.2817273,0,0.3743199,6506.518,1.426397,0.5650899,Straight,Flat,0,0.0729599,TransSlide
366.7399,20.09968,0,-0.1130694,0.2817273,0,0.374872,6507.321,1.426997,0.5657821,Straight,Flat,0,0.06929016,TransSlide
366.7799,20.10142,0,-0.1130694,0.2817273,0,0.3751824,6508.125,1.427692,0.5664738,Straight,Flat,-0.01978234,0.06561279,TransSlide
366.8199,20.10316,0,-0.1130694,0.2817273,0,0.3750894,6508.929,1.428173,0.5671658,Straight,Flat,0,0.06194305,TransSlide
366.8599,20.10489,0,-0.1130694,0.2817273,0,0.3747558,6509.732,1.428764,0.5678577,Straight,Flat,0,0.05826569,TransSlide
366.8999,20.10176,0,-0.1130694,0.2817273,0,0.3736776,6510.537,1.428586,0.5685495,Straight,Flat,0,0.05459595,TransSlide
366.9399,20.10936,0,-0.1130694,0.2817273,0,0.3729062,6511.341,1.431979,0.5692405,Straight,Flat,0,0.05091858,TransSlide
366.9799,20.11057,0,-0.1130694,0.2817273,0,0.3720647,6512.146,1.431912,0.569932,Straight,Flat,0,0.04724884,TransSlide
367.0199,20.11184,0,-0.1130694,0.2817273,0,0.3709032,6512.951,1.432097,0.5706233,Straight,Flat,-0.01978234,0.04357147,TransSlide
367.0599,20.11589,0,-0.1130694,0.2817273,0,0.3686995,6513.755,1.43189,0.571314,Straight,Flat,0,0.0398941,TransSlide
367.0999,20.11538,0,-0.1130694,0.2817273,0,0.3666031,6514.56,1.431995,0.5720051,Straight,Flat,0,0.03620911,TransSlide
367.1399,20.11654,0,-0.1130694,0.2817273,0,0.3640833,6515.365,1.432295,0.572696,Straight,Flat,0,0.03253174,TransSlide
367.1799,20.11794,0,-0.1130694,0.2817273,0,0.3613496,6516.169,1.432919,0.5733868,Straight,Flat,0,0.028862,TransSlide
367.2199,20.1194,0,-0.1130694,0.2817273,0,0.3581734,6516.974,1.43371,0.574077,Straight,Flat,0,-0.07546234,Normal
367.2599,20.12088,0,-0.1130694,0.2817273,0,0.3545401,6517.779,1.434437,0.5747675,Straight,Flat,0,-0.08396149,Normal
367.2999,20.12237,0,-0.1130694,0.2817273,0,0.350586,6518.583,1.435191,0.5754578,Straight,Flat,0,-0.09246063,Normal
367.3399,20.12387,0,-0.1130694,0.2817273,0,0.3463037,6519.388,1.435894,0.5761475,Straight,Flat,0,-0.1009674,Normal
367.3799,20.12539,0,-0.1130694,0.2817273,0,0.3415678,6520.193,1.436655,0.5768375,Straight,Flat,0,-0.1094742,Normal
367.4199,20.12691,0,-0.1130694,0.2817273,0,0.3362402,6520.998,1.437393,0.5775275,Straight,Flat,0,-0.1179733,Normal
367.4599,20.12842,0,-0.1066607,0.2817273,0,0.3306077,6521.802,1.438013,0.5782173,Straight,Flat,-0.01978234,-0.1264801,Normal
367.4999,20.12993,0,-0.0956744,0.2817273,0,0.32451,6522.607,1.438675,0.5789063,Straight,Flat,0,-0.1349869,Normal
367.5399,20.13142,0,-0.08285701,0.2817273,0,0.3181143,6523.413,1.43931,0.5795957,Straight,Flat,0,-0.1434937,Normal
367.5799,20.13293,0,-0.07187068,0.2817273,0,0.3113296,6524.219,1.439964,0.5802851,Straight,Down,-0.01978234,-0.1519928,Normal
367.6199,20.13438,0,-0.05172729,0.2817273,0,0.3040951,6525.024,1.440583,0.5809742,Straight,Down,0,-0.1605072,Normal
367.6599,20.13597,0,-0.02975464,0.2817273,0,0.2967804,6525.83,1.440848,0.5816627,Straight,Down,0,-0.1690063,Normal
367.6999,20.13772,0,-0.005950928,0.2817273,0,0.2891271,6526.636,1.441141,0.5823515,Straight,Down,0,-0.1775208,Normal
367.7399,20.13939,0,0.02243042,0.27776,0,0.2810682,6527.441,1.442439,0.5830402,Straight,Down,0,-0.1860275,Normal
367.7799,20.14028,0,0.0453186,0.2737926,0,0.2728834,6528.247,1.443626,0.5837281,Straight,Down,0,-0.1945343,Normal
367.8199,20.14096,0,0.07095337,0.2737926,0,0.2644897,6529.053,1.444378,0.5844164,Straight,Down,0,-0.2030411,Normal
367.8599,20.14129,0,0.09292603,0.2737926,0,0.2559802,6529.858,1.445019,0.5851046,Straight,Down,0,-0.2115555,Normal
367.8999,20.14153,0,0.1121521,0.2737926,0,0.2472506,6530.664,1.445648,0.5857926,Straight,Down,0,-0.2200623,Normal
367.9399,20.14164,0,0.1222265,0.2698253,0,0.2383374,6531.47,1.446257,0.58648,Straight,Down,0,-0.228569,Normal
367.9799,20.14154,0,0.1295507,0.2698253,0,0.2290034,6532.275,1.446857,0.5871676,Straight,Down,0,-0.2370758,Normal
368.0199,20.14036,0,0.1368749,0.2698253,0,0.2193928,6533.081,1.447091,0.5878552,Straight,Down,0,-0.2455902,Normal
368.0599,20.14071,0,0.1423681,0.2698253,0,0.2111037,6533.887,1.447085,0.588542,Left,Down,-0.1065312,-0.254097,Normal
368.0999,20.14189,0,0.1515234,0.2658579,0,0.2064577,6534.692,1.449335,0.5892291,Left,Down,-0.1203313,-0.3214951,Normal
368.1399,20.14164,0,0.1533544,0.2658579,0,0.201965,6535.498,1.451158,0.5899161,Left,Down,-0.1203313,-0.4009094,Normal
368.1799,20.14039,0,0.1597631,0.2658579,0,0.1974774,6536.304,1.452495,0.5906029,Left,Down,-0.1203313,-0.4803467,Normal
368.2199,20.1408,0,0.1643407,0.2658579,0,0.1940076,6537.109,1.451873,0.591289,Left,Down,-0.1186941,-0.5597916,Normal
368.2599,20.14288,0,0.1643407,0.2658579,0,0.1900206,6537.915,1.453655,0.5919755,Left,Down,-0.1203313,-0.6391983,Normal
368.2999,20.14498,0,0.1643407,0.2618906,0,0.185865,6538.721,1.455066,0.5926617,Left,Down,-0.1008706,-0.718544,Normal
368.3399,20.14778,0,0.1643407,0.2618906,0,0.1865027,6539.526,1.457735,0.5933473,Left,Down,-0.08392937,-0.7893829,Normal
368.3799,20.14941,0,0.1643407,0.2579232,0,0.1887087,6540.332,1.45941,0.5940332,Left,Down,-0.08392937,-0.847641,Normal
368.4199,20.15174,0,0.1643407,0.2579232,0,0.1904591,6541.138,1.460387,0.5947189,Left,Down,-0.08392937,-0.9059677,Normal
368.4599,20.15432,0,0.1643407,0.2579232,0,0.1921456,6541.944,1.460413,0.5954044,Left,Down,-0.08622923,-0.9643478,Normal
368.4999,20.15734,0,0.1460302,0.2579232,0,0.1943803,6542.75,1.460005,0.5960893,Left,Down,-0.08392937,-1.022766,Normal
368.5399,20.15968,0,0.1240575,0.2579232,0,0.1969881,6543.557,1.458987,0.5967745,Left,Down,-0.08392937,-1.081192,Normal
368.5799,20.16293,0,0.09292603,0.2579232,0,0.2003657,6544.364,1.458128,0.5974595,Left,Down,-0.08392937,-1.139595,Normal
368.6199,20.16702,0,0.06362915,0.2579232,0,0.203254,6545.17,1.459469,0.5981443,Left,Down,-0.08392937,-1.197975,Normal
368.6599,20.16817,0,0.04714966,0.2579232,0,0.2064933,6545.977,1.459956,0.5988284,Left,Down,-0.07132626,-1.256317,Normal
368.6999,20.17513,0,0.03433228,0.2579232,0,0.2124276,6546.784,1.461238,0.5995128,Straight,Down,0.01978234,-1.314301,Normal
368.7399,20.18192,0,0.02792358,0.2579232,0,0.220034,6547.591,1.464453,0.600197,Straight,Down,0.01978234,-1.328926,Normal
368.7799,20.18868,0,0.02151489,0.2579232,0,0.2275006,6548.399,1.466978,0.6008804,Straight,Down,0,-1.343552,Normal
368.8199,20.19352,0,0.01052856,0.2579232,0,0.2351558,6549.207,1.46812,0.6015643,Straight,Down,0.01978234,-1.358208,Normal
368.8599,20.2024,0,0.0050354,0.2579232,0,0.2430683,6550.014,1.467973,0.6022479,Straight,Down,0,-1.372879,Normal
368.8999,20.21063,0,-0.004119873,0.2579232,0,0.2514453,6550.823,1.467335,0.6029313,Straight,Down,0.01978234,-1.387566,Normal
368.9399,20.21861,0,-0.004119873,0.2579232,0,0.2599881,6551.631,1.466557,0.603614,Straight,Down,0,-1.402252,Normal
368.9799,20.22644,0,-0.0050354,0.27776,0,0.268844,6552.44,1.465948,0.604297,Straight,Down,0,-1.416954,Normal
369.0199,20.23876,0,-0.0050354,0.2817273,0,0.27788,6553.25,1.465512,0.6049799,Straight,Down,0.01978234,-1.431656,Normal
369.0599,20.25126,0,-0.0050354,0.2817273,0,0.2872295,6554.059,1.465265,0.605662,Straight,Down,0,-1.446381,Normal
369.0999,20.26399,0,-0.0050354,0.2817273,0,0.2968963,6554.87,1.465284,0.6063444,Straight,Down,0.01978234,-1.461105,Normal
369.1399,20.27671,0,-0.0050354,0.2817273,0,0.306849,6555.681,1.465484,0.6070266,Straight,Down,0.01978234,-1.47583,Normal
369.1799,20.28937,0,-0.0050354,0.2856947,0,0.3169346,6556.492,1.465741,0.6077086,Straight,Down,0.01978234,-1.490578,Normal
369.2199,20.30294,0,-0.0050354,0.289662,0,0.3273107,6557.304,1.466189,0.6083899,Straight,Down,0.01978234,-1.505325,Normal
369.2599,20.31692,0,-0.0050354,0.289662,0,0.3377578,6558.117,1.466691,0.6090714,Straight,Down,0.01978234,-1.520081,Normal
369.2999,20.3312,0,-0.0050354,0.289662,0,0.3483765,6558.93,1.467355,0.6097528,Straight,Down,0.01978234,-1.534859,Normal
369.3399,20.34547,0,-0.0050354,0.289662,0,0.3592268,6559.743,1.467895,0.6104334,Straight,Down,0.01978234,-1.549637,Normal
369.3799,20.3597,0,-0.0050354,0.289662,0,0.370236,6560.558,1.4685,0.6111143,Straight,Down,0.01978234,-1.56443,Normal
369.4199,20.3739,0,-0.0050354,0.289662,0,0.3813708,6561.373,1.4691,0.611795,Straight,Down,0,-1.579231,Normal
369.4599,20.38803,0,-0.0050354,0.289662,0,0.3926721,6562.188,1.469651,0.6124755,Straight,Down,0.01978234,-1.59404,Normal
369.4999,20.40214,0,-0.0050354,0.289662,0,0.4039405,6563.004,1.470176,0.6131552,Straight,Down,0,-1.608864,Normal
369.5399,20.4162,0,-0.0050354,0.289662,0,0.4153895,6563.82,1.470786,0.6138353,Straight,Down,0,-1.623695,Normal
369.5799,20.43014,0,-0.0050354,0.289662,0,0.4271813,6564.638,1.471258,0.6145151,Straight,Down,0.01978234,-1.638542,Normal
369.6199,20.44438,0,-0.0050354,0.289662,0,0.4391328,6565.455,1.471496,0.6151948,Straight,Down,0.01978234,-1.653389,Normal
369.6599,20.45851,0,-0.0050354,0.289662,0,0.4510559,6566.273,1.472667,0.6158736,Straight,Down,0,-1.668243,Normal
369.6999,20.47248,0,-0.0050354,0.2936446,0,0.4632855,6567.092,1.473776,0.6165528,Straight,Down,0,-1.683121,Normal
369.7399,20.48693,0,-0.0050354,0.2936446,0,0.4755396,6567.912,1.474643,0.6172317,Straight,Down,0.01978234,-1.697998,Normal
369.7799,20.50218,0,0.004119873,0.2936446,0,0.4879641,6568.731,1.475338,0.6179099,Straight,Down,0.01978234,-1.712883,Normal
369.8199,20.51729,0,0.01052856,0.2936446,0,0.5003444,6569.552,1.475919,0.6185884,Straight,Down,0,-1.727791,Normal
369.8599,20.53227,0,0.02059937,0.297612,0,0.5127774,6570.373,1.476509,0.6192666,Straight,Down,0.01978234,-1.742706,Normal
369.8999,20.54816,0,0.02792358,0.3015793,0,0.525045,6571.195,1.477072,0.6199446,Straight,Down,0.01978234,-1.757629,Normal
369.9399,20.56456,0,0.03433228,0.3055466,0,0.5373339,6572.017,1.477624,0.6206219,Straight,Down,0,-1.772568,Normal
369.9799,20.58217,0,0.04623413,0.3055466,0,0.5496061,6572.84,1.478119,0.6212994,Straight,Down,0,-1.787521,Normal
370.0199,20.60093,0,0.06271362,0.3055466,0,0.5620279,6573.664,1.478909,0.6219767,Straight,Down,0.01978234,-1.802483,Normal
370.0599,20.61668,0,0.07644653,0.3055466,0,0.5705708,6574.488,1.47915,0.6226532,Right,Down,0.0656106,-1.816704,Normal
370.0999,20.63291,0,0.09475708,0.3055466,0,0.5758452,6575.313,1.478556,0.6233301,Right,Down,0.0656106,-1.790611,Normal
370.1399,20.64934,0,0.110321,0.3055466,0,0.5812538,6576.139,1.478212,0.6240067,Right,Down,0.06852804,-1.764503,Normal
370.1799,20.66621,0,0.1295507,0.3055466,0,0.5866015,6576.965,1.478379,0.624683,Right,Down,0.0656106,-1.738373,Normal
370.2199,20.682,0,0.1606786,0.3055466,0,0.5921715,6577.792,1.479,0.6253586,Right,Down,0.06852804,-1.712242,Normal
370.2599,20.69772,0,0.2009618,0.3055466,0,0.5979342,6578.62,1.480015,0.6260345,Right,Down,0.06852804,-1.686096,Normal
370.2999,20.71319,0,0.2595556,0.3055466,0,0.6047026,6579.448,1.480039,0.6267101,Right,Down,0.06852804,-1.659927,Normal
370.3399,20.72929,0,0.3044164,0.3055466,0,0.6114079,6580.277,1.4825,0.6273849,Right,Down,0.06852804,-1.633766,Normal
370.3799,20.74651,0,0.3520274,0.3055466,0,0.6182917,6581.107,1.484872,0.62806,Right,Down,0.06852804,-1.607582,Normal
370.4199,20.76454,0,0.3859019,0.3055466,0,0.6260093,6581.938,1.48825,0.6287349,Right,Down,0.08156469,-1.581352,Normal
370.4599,20.77662,0,0.4087901,0.3055466,0,0.6292638,6582.769,1.486942,0.6294095,Right,Down,0.09891172,-1.550224,Normal
370.4999,20.7907,0,0.4325938,0.3055466,0,0.6306205,6583.6,1.484389,0.6300833,Right,Down,0.09891172,-1.505722,Normal
370.5399,20.80551,0,0.453651,0.309514,0,0.632522,6584.432,1.482172,0.6307575,Right,Down,0.09891172,-1.461182,Normal
370.5799,20.82029,0,0.5067515,0.309514,0,0.6351697,6585.265,1.481359,0.6314313,Right,Down,0.09891172,-1.416672,Normal
370.6199,20.83385,0,0.5818248,0.309514,0,0.6392947,6586.098,1.480817,0.6321044,Right,Down,0.09891172,-1.3722,Normal
370.6599,20.84936,0,0.6495774,0.309514,0,0.6435615,6586.932,1.484647,0.6327778,Right,Down,0.09891172,-1.327751,Normal
370.6999,20.86624,0,0.7667649,0.309514,0,0.648705,6587.767,1.490395,0.6334508,Right,Down,0.1119058,-1.283218,Normal
370.7399,20.87502,0,0.8601522,0.309514,0,0.6501667,6588.602,1.489397,0.6341236,Right,Down,0.1282043,-1.232414,Normal
370.7799,20.88612,0,0.9681845,0.309514,0,0.6519083,6589.437,1.487067,0.6347957,Right,Down,0.1266688,-1.172066,Normal
370.8199,20.90017,0,1.048751,0.309514,0,0.655244,6590.272,1.484745,0.635468,Right,Down,0.1266688,-1.111656,Normal
370.8599,20.91026,0,1.078967,0.309514,0,0.6606758,6591.108,1.483372,0.63614,Right,Down,0.1266688,-1.051384,Normal
370.8999,20.9285,0,1.098193,0.309514,0,0.6675112,6591.945,1.488375,0.6368118,Right,Down,0.1312212,-0.9911346,Normal
370.9399,20.93444,0,1.108264,0.309514,0,0.6735435,6592.782,1.492251,0.6374828,Right,Down,0.1532334,-0.9306412,Normal
370.9799,20.94062,0,1.125659,0.309514,0,0.6783709,6593.62,1.490236,0.638154,Right,Down,0.1532334,-0.8555603,Normal
371.0199,20.94714,0,1.151294,0.309514,0,0.6852222,6594.458,1.487554,0.6388249,Right,Down,0.1532334,-0.780365,Normal
371.0599,20.95806,0,1.163195,0.309514,0,0.6942497,6595.296,1.486256,0.6394951,Right,Down,0.1532334,-0.7053146,Normal
371.0999,20.97094,0,1.168689,0.3134814,0,0.7058467,6596.135,1.493651,0.6401656,Right,Down,0.1678588,-0.6302567,Normal
371.1399,20.97436,0,1.168689,0.3134814,0,0.7146615,6596.974,1.493308,0.6408357,Right,Down,0.1791368,-0.5480652,Normal
371.1799,20.97538,0,1.168689,0.3134814,0,0.7267419,6597.813,1.490836,0.6415056,Right,Down,0.1802258,-0.4586792,Normal
371.2199,20.98525,0,1.168689,0.3134814,0,0.7411532,6598.652,1.487817,0.6421747,Right,Down,0.1791368,-0.369339,Normal
371.2599,20.99405,0,1.168689,0.3134814,0,0.7592008,6599.492,1.496363,0.642844,Right,Down,0.1978235,-0.2799835,Normal
371.2999,20.99536,0,1.168689,0.3134814,0,0.7738453,6600.332,1.494298,0.643513,Right,Down,0.2046302,-0.18116,Normal
371.3399,20.99037,0,1.168689,0.3134814,0,0.7934636,6601.171,1.490704,0.6441813,Right,Flat,0.2046302,-0.07783508,Normal
371.3799,21.01447,0,1.168689,0.3134814,0,0.8160082,6602.012,1.493428,0.6448497,Right,Flat,0.2148914,0.02555847,Normal
371.4199,21.00516,0,1.168689,0.3134814,0,0.8383884,6602.852,1.496271,0.6455179,Right,Flat,0.2306999,0.1330185,Normal
371.4599,20.99844,0,1.168689,0.3134814,0,0.8627586,6603.691,1.493287,0.6461858,Right,Up,0.2306999,0.2503738,Normal
371.4999,21.00753,0,1.168689,0.3134814,0,0.891194,6604.531,1.494054,0.646853,Right,Up,0.2398483,0.3678055,Normal
371.5399,21.00081,0,1.163195,0.3134814,0,0.9200618,6605.372,1.497568,0.6475203,Right,Up,0.2571706,0.4888611,Normal
371.5799,20.99408,0,1.151294,0.3134814,0,0.9502547,6606.211,1.493639,0.6481873,Right,Up,0.2571706,0.6202087,Normal
371.6199,20.99599,0,1.115588,0.3134814,0,0.9854941,6607.051,1.498287,0.6488536,Right,Up,0.272681,0.7517471,Normal
371.6599,20.99,0,1.075305,0.3134814,0,1.019913,6607.891,1.497453,0.6495201,Right,Up,0.2825486,0.8911209,Normal
371.6999,20.98792,0,1.014876,0.3134814,0,1.057112,6608.731,1.493721,0.6501863,Right,Up,0.2873554,1.036346,Normal
371.7399,20.99109,0,0.9782553,0.3134814,0,1.096288,6609.57,1.497899,0.6508521,Right,Up,0.7088641,1.182487,Normal
371.7799,20.99056,0,0.9379721,0.3134814,0,1.131934,6610.41,1.499053,0.6515173,Right,Up,0.906766,1.202332,Normal
371.8199,20.97109,0,0.920577,0.3134814,0,1.160667,6611.249,1.503379,0.6521825,Right,Up,0.8531751,1.134346,Normal
371.8599,20.97198,0,0.9196615,0.3134814,0,1.182576,6612.087,1.506137,0.6528475,Right,Up,0.8052719,1.069695,Normal
371.8999,20.96951,0,0.9196615,0.3134814,0,1.197613,6612.927,1.508289,0.6535122,Right,Up,0.7597608,1.008049,Normal
371.9399,20.9712,0,0.9196615,0.3134814,0,1.207116,6613.766,1.509819,0.6541761,Right,Up,0.7157319,0.9493103,Normal
371.9799,20.97826,0,0.9196615,0.3134814,0,1.210838,6614.605,1.51162,0.6548403,Right,Up,0.6740565,0.8933411,Normal
372.0199,20.98023,0,0.9196615,0.3134814,0,1.210567,6615.444,1.512246,0.655504,Right,Up,0.635814,0.8399582,Normal
372.0599,20.98264,0,0.9150839,0.3134814,0,1.206298,6616.283,1.512354,0.656167,Right,Up,0.598725,0.7890091,Normal
372.0999,20.98994,0,0.9132528,0.3134814,0,1.198716,6617.122,1.512319,0.6568303,Right,Up,0.564406,0.7403793,Normal
372.1399,20.98458,0,0.9040976,0.3134814,0,1.188417,6617.961,1.511652,0.6574931,Right,Up,0.5337587,0.6938629,Normal
372.1799,20.97517,0,0.8921957,0.3134814,0,1.175042,6618.8,1.513078,0.6581557,Right,Up,0.5000685,0.6497116,Normal
372.2199,20.97292,0,0.883956,0.3134814,0,1.158057,6619.639,1.516094,0.6588175,Right,Up,0.4731261,0.6076202,Normal
372.2599,20.97666,0,0.868392,0.3134814,0,1.139931,6620.478,1.514215,0.6594794,Right,Up,0.4502396,0.5671005,Normal
372.2999,20.97527,0,0.8445883,0.3174487,0,1.120228,6621.317,1.515274,0.6601411,Right,Up,0.416371,0.5283966,Normal
372.3399,20.98472,0,0.8262777,0.3214161,0,1.097033,6622.156,1.517271,0.6608019,Right,Up,0.4020255,0.4917603,Normal
372.3799,20.97476,0,0.7951462,0.3253834,0,1.076256,6622.995,1.514218,0.661463,Right,Up,0.3663747,0.4558716,Normal
372.4199,20.98965,0,0.754863,0.3333181,0,1.049894,6623.834,1.519045,0.6621237,Right,Up,0.3560827,0.4225769,Normal
372.4599,20.98602,0,0.7301438,0.3333181,0,1.027019,6624.674,1.515441,0.662784,Right,Up,0.3208161,0.3895416,Normal
372.4999,20.99577,0,0.6825364,0.3412528,0,0.9989001,6625.514,1.519609,0.6634436,Right,Up,0.3208161,0.3592987,Normal
372.5399,20.99925,0,0.6468308,0.3412528,0,0.9743339,6626.354,1.517985,0.6641034,Right,Up,0.2846186,0.3290253,Normal
372.5799,21.00804,0,0.6239426,0.3452201,0,0.9463575,6627.194,1.519066,0.6647629,Right,Up,0.2748253,0.3009567,Normal
372.6199,21.02058,0,0.6056321,0.3491875,0,0.9199402,6628.035,1.522091,0.6654214,Right,Up,0.2624426,0.2736435,Normal
372.6599,21.02813,0,0.5946457,0.3491875,0,0.8947933,6628.875,1.519002,0.6660802,Right,Up,0.2255535,0.2467041,Normal
372.6999,21.03935,0,0.5836558,0.3491875,0,0.8659568,6629.717,1.520751,0.6667387,Right,Up,0.2264194,0.2225647,Normal
372.7399,21.05568,0,0.5763316,0.3531548,0,0.8395321,6630.559,1.523924,0.6673969,Right,Up,0.2264194,0.19841,Normal
372.7799,21.05801,0,0.5662608,0.3531548,0,0.817103,6631.401,1.520795,0.6680542,Right,Up,0.1813082,0.1742859,Normal
372.8199,21.07299,0,0.5516124,0.3571222,0,0.7893205,6632.244,1.521768,0.6687117,Right,Up,0.1713202,0.1528778,Normal
372.8599,21.08932,0,0.5342174,0.3610895,0,0.7630775,6633.087,1.523068,0.6693689,Right,Flat,0.1713202,0.1322708,Normal
372.8999,21.10218,0,0.5104136,0.3610895,0,0.7395244,6633.931,1.526001,0.6700257,Right,Flat,0.1713202,0.1116638,Normal
372.9399,21.11164,0,0.4866099,0.3650568,0,0.719411,6634.775,1.524214,0.6706817,Right,Flat,0.1384764,0.09103394,Normal
372.9799,21.12865,0,0.4692149,0.3650568,0,0.6967459,6635.62,1.523305,0.6713379,Right,Flat,0.09691329,0.07192993,Normal
373.0199,21.14683,0,0.4454112,0.3690242,0,0.6715517,6636.466,1.524474,0.6719937,Right,Flat,0.09691329,0.05605316,Normal
373.0599,21.1629,0,0.4280162,0.3690242,0,0.649092,6637.313,1.526061,0.6726487,Right,Flat,0.09691329,0.04019165,Normal
373.0999,21.1774,0,0.405128,0.3729915,0,0.6294206,6638.159,1.527227,0.6733038,Right,Flat,0.09487279,0.02432251,Normal
373.1399,21.19532,0,0.3849864,0.3729915,0,0.6122578,6639.007,1.527747,0.6739587,Right,Flat,0.09487279,0.00843811,Normal
373.1799,21.21378,0,0.3630137,0.3809415,0,0.5969927,6639.855,1.528631,0.6746132,Right,Flat,0.09691329,-0.007446289,Normal
373.2199,21.23253,0,0.3337133,0.3809415,0,0.5843396,6640.705,1.528098,0.6752668,Right,Flat,0.09691329,-0.02334595,Normal
373.2599,21.2513,0,0.3135717,0.3849088,0,0.5740952,6641.554,1.527296,0.6759206,Right,Flat,0.09487279,-0.03925323,Normal
373.2999,21.2709,0,0.2668798,0.3888762,0,0.5651642,6642.405,1.525937,0.6765741,Straight,Flat,0,-0.05513763,Normal
373.3399,21.29383,0,0.2137792,0.3888762,0,0.5538055,6643.256,1.528045,0.6772267,Straight,Flat,-0.01978234,-0.0663147,Normal
373.3799,21.31551,0,0.171665,0.3928435,0,0.5449539,6644.109,1.529928,0.6778795,Straight,Flat,-0.01978234,-0.07537842,Normal
373.4199,21.33557,0,0.1057434,0.3968109,0,0.5379739,6644.962,1.531636,0.6785319,Straight,Flat,-0.01978234,-0.08444977,Normal
373.4599,21.36023,0,0.05264282,0.3968109,0,0.5326522,6645.816,1.532349,0.679184,Straight,Flat,-0.01978234,-0.09353638,Normal
373.4999,21.3848,0,-0.01693726,0.3968109,0,0.5290274,6646.671,1.532753,0.6798352,Straight,Flat,0,-0.1026306,Normal
373.5399,21.40928,0,-0.1011676,0.3968109,0,0.5268024,6647.527,1.53297,0.6804866,Straight,Flat,-0.01978234,-0.1117325,Normal
373.5799,21.43366,0,-0.1707476,0.3968109,0,0.5257009,6648.384,1.53305,0.6811376,Straight,Flat,0,-0.1208344,Normal
373.6199,21.45797,0,-0.2558935,0.3968109,0,0.5258927,6649.242,1.533248,0.6817878,Straight,Flat,-0.01978234,-0.1299515,Normal
373.6599,21.48226,0,-0.3163201,0.3968109,0,0.5272421,6650.101,1.533532,0.6824381,Straight,Flat,-0.01978234,-0.1390762,Normal
373.6999,21.50648,0,-0.3941399,0.3968109,0,0.5294079,6650.961,1.533778,0.6830881,Straight,Flat,-0.01978234,-0.148201,Normal
373.7399,21.53092,0,-0.4829478,0.3968109,0,0.5318866,6651.822,1.534354,0.6837376,Straight,Down,-0.01978234,-0.1573334,Normal
373.7799,21.55474,0,-0.5589384,0.3968109,0,0.534876,6652.684,1.534845,0.6843864,Straight,Down,-0.01978234,-0.1664734,Normal
373.8199,21.57887,0,-0.6669724,0.3968109,0,0.5383195,6653.546,1.534604,0.6850353,Straight,Down,-0.01978234,-0.1756287,Normal
373.8599,21.6026,0,-0.754863,0.3968109,0,0.5421385,6654.41,1.5345,0.6856838,Straight,Down,0,-0.1847916,Normal
373.8999,21.62597,0,-0.861066,0.3968109,0,0.5454478,6655.275,1.534935,0.6863315,Straight,Down,-0.01978234,-0.1939697,Normal
373.9399,21.64935,0,-0.9443808,0.3968109,0,0.5485671,6656.141,1.53542,0.6869792,Straight,Down,-0.01978234,-0.2031479,Normal
373.9799,21.67086,0,-0.9983987,0.3968109,0,0.551398,6657.007,1.53511,0.6876267,Straight,Down,-0.01978234,-0.2123337,Normal
374.0199,21.69579,0,-1.057908,0.3968109,0,0.5614161,6657.875,1.53731,0.6882738,Left,Down,-0.09065409,-0.2215271,Normal
374.0599,21.71986,0,-1.098191,0.3968109,0,0.5712739,6658.744,1.539181,0.68892,Left,Down,-0.09691329,-0.2266235,Normal
374.0999,21.74129,0,-1.132983,0.3968109,0,0.5798819,6659.613,1.540644,0.6895664,Left,Down,-0.09891172,-0.2310791,Normal
374.1399,21.76644,0,-1.157702,0.3968109,0,0.5870978,6660.484,1.541764,0.6902123,Left,Down,-0.09891172,-0.2355499,Normal
374.1799,21.78974,0,-1.169604,0.3968109,0,0.5928515,6661.355,1.541543,0.6908579,Left,Down,-0.09891172,-0.2400284,Normal
374.2199,21.81,0,-1.186999,0.3968109,0,0.5971729,6662.228,1.540014,0.6915026,Left,Down,-0.09891172,-0.2445145,Normal
374.2599,21.83274,0,-1.203479,0.3968109,0,0.6029932,6663.101,1.539123,0.6921474,Left,Down,-0.1046783,-0.2490082,Normal
374.2999,21.85677,0,-1.220874,0.3968109,0,0.6113466,6663.975,1.540513,0.6927919,Left,Down,-0.132704,-0.2534256,Normal
374.3399,21.8784,0,-1.233693,0.3968109,0,0.6175986,6664.85,1.542192,0.6934355,Left,Down,-0.132704,-0.2560272,Normal
374.3799,21.89866,0,-1.240101,0.3968109,0,0.6204714,6665.726,1.544034,0.6940792,Left,Down,-0.132704,-0.2586365,Normal
374.4199,21.91594,0,-1.243764,0.3968109,0,0.6207023,6666.602,1.542325,0.6947227,Left,Down,-0.132704,-0.2612534,Normal
374.4599,21.93696,0,-1.244679,0.3968109,0,0.6224144,6667.479,1.54154,0.6953655,Left,Down,-0.1356209,-0.2638702,Normal
374.4999,21.95966,0,-1.251088,0.3968109,0,0.6244654,6668.357,1.543005,0.6960077,Left,Down,-0.1570175,-0.2664871,Normal
374.5399,21.9814,0,-1.263905,0.3968109,0,0.6224973,6669.236,1.545433,0.6966498,Left,Down,-0.1582588,-0.2677994,Normal
374.5799,21.996,0,-1.279469,0.3968109,0,0.6169791,6670.116,1.544589,0.6972917,Left,Down,-0.1594904,-0.2690277,Normal
374.6199,22.0142,0,-1.303273,0.3968109,0,0.6111684,6670.997,1.543247,0.6979326,Left,Down,-0.1594904,-0.2702637,Normal
374.6599,22.0363,0,-1.310597,0.3968109,0,0.6064894,6671.878,1.544647,0.6985736,Left,Down,-0.174713,-0.271492,Normal
374.6999,22.05787,0,-1.317006,0.3968109,0,0.5962368,6672.76,1.547662,0.6992143,Left,Down,-0.1802258,-0.2719574,Normal
374.7399,22.06805,0,-1.327992,0.3968109,0,0.5824889,6673.643,1.545443,0.6998546,Left,Down,-0.1802258,-0.2720337,Normal
374.7799,22.08795,0,-1.338063,0.3968109,0,0.5712247,6674.526,1.545586,0.7004939,Left,Down,-0.1813082,-0.2721176,Normal
374.8199,22.11039,0,-1.338063,0.3968109,0,0.5566314,6675.41,1.547729,0.7011334,Left,Down,-0.1978235,-0.2721939,Normal
374.8599,22.12432,0,-1.338978,0.3968109,0,0.5372944,6676.295,1.548424,0.7017725,Left,Down,-0.199792,-0.2713776,Normal
374.8999,22.13873,0,-1.339894,0.3968109,0,0.5171418,6677.18,1.547006,0.7024108,Left,Down,-0.199792,-0.2704468,Normal
374.9399,22.16011,0,-1.349967,0.3968109,0,0.4969184,6678.066,1.548953,0.7030491,Left,Down,-0.2093567,-0.269516,Normal
374.9799,22.17666,0,-1.352713,0.3968109,0,0.4704979,6678.953,1.549989,0.703687,Left,Down,-0.2167048,-0.2681656,Normal
375.0199,22.18814,0,-1.356375,0.3968109,0,0.4442182,6679.84,1.548692,0.7043245,Left,Down,-0.2167048,-0.2663498,Normal
375.0599,22.20895,0,-1.351798,0.3968109,0,0.4165258,6680.729,1.550768,0.7049611,Left,Down,-0.2246844,-0.2645187,Normal
375.0999,22.22331,0,-1.338978,0.3968109,0,0.3827233,6681.617,1.550526,0.7055978,Left,Down,-0.23239,-0.2623215,Normal
375.1399,22.23667,0,-1.287709,0.3968109,0,0.3505364,6682.506,1.550559,0.7062342,Left,Down,-0.2315465,-0.2597046,Normal
375.1799,22.25891,0,-1.208972,0.3968109,0,0.3140815,6683.396,1.553719,0.7068701,Left,Down,-0.2414744,-0.2570648,Normal
375.2199,22.26972,0,-1.038682,0.3968109,0,0.2732107,6684.287,1.550755,0.7075051,Left,Down,-0.2470816,-0.2539673,Normal
375.2599,22.28766,0,-0.8848715,0.3968109,0,0.2353623,6685.178,1.553085,0.7081403,Left,Down,-0.2478722,-0.2505798,Normal
375.2999,22.30477,0,-0.6669724,0.3968109,0,0.1916226,6686.07,1.553617,0.7087749,Left,Down,-0.2594432,-0.2471848,Normal
375.3399,22.31901,0,-0.4994273,0.3968109,0,0.1499471,6686.963,1.553252,0.7094087,Left,Down,-0.2601963,-0.2431335,Normal
375.3799,22.34248,0,-0.4124522,0.3968109,0,0.1058866,6687.856,1.556505,0.7100426,Left,Down,-0.2668786,-0.2390366,Normal
375.4199,22.35893,0,-0.3511101,0.3968109,0,0.06033799,6688.75,1.553981,0.7106761,Left,Down,-0.2733977,-0.234642,Normal
375.4599,22.37923,0,-0.3263909,0.3968109,0,0.01568434,6689.646,1.557009,0.7113091,Left,Down,-0.2755364,-0.2298813,Normal
375.4999,22.39695,0,-0.2796972,0.3968109,0,-0.03355688,6690.541,1.554725,0.7119413,Left,Down,-0.2859903,-0.2250443,Normal
375.5399,22.41719,0,-0.2037084,0.3968109,0,-0.07850459,6691.438,1.557794,0.7125736,Left,Down,-0.2859903,-0.2196579,Normal
375.5799,22.43636,0,-0.1423663,0.3968109,0,-0.1279035,6692.335,1.556224,0.7132054,Left,Down,-0.2954137,-0.2142487,Normal
375.6199,22.45715,0,-0.0590533,0.3968109,0,-0.1732293,6693.233,1.558825,0.7138363,Left,Down,-0.2980514,-0.208374,Normal
375.6599,22.47702,0,-0.01144409,0.3968109,0,-0.2209805,6694.132,1.557889,0.7144673,Left,Down,-0.3058279,-0.2023544,Normal
375.6999,22.50059,0,0.02883911,0.3968109,0,-0.2649918,6695.032,1.560147,0.7150979,Left,Down,-0.309643,-0.1959915,Normal
375.7399,22.51966,0,0.03250122,0.3968109,0,-0.3099755,6695.932,1.558729,0.715728,Left,Down,-0.315899,-0.1893845,Normal
375.7799,22.54508,0,0.0151062,0.3968109,0,-0.350968,6696.833,1.561759,0.7163573,Left,Down,-0.3208161,-0.1824951,Normal
375.8199,22.56225,0,-0.05264282,0.3968109,0,-0.3925661,6697.736,1.559758,0.7169865,Left,Down,-0.3268584,-0.1753387,Normal
375.8599,22.58912,0,-0.1057452,0.3968109,0,-0.4295099,6698.639,1.563568,0.7176154,Left,Down,-0.3310224,-0.1679001,Normal
375.8999,22.60636,0,-0.1725787,0.3968109,0,-0.4669839,6699.543,1.561233,0.7182434,Left,Down,-0.3380413,-0.160202,Normal
375.9399,22.63134,0,-0.2330053,0.3968109,0,-0.5003221,6700.448,1.565189,0.7188715,Left,Down,-0.3414966,-0.1521835,Normal
375.9799,22.65141,0,-0.2796972,0.3968109,0,-0.5323169,6701.354,1.563033,0.7194991,Left,Flat,-0.3488659,-0.1439667,Normal
376.0199,22.67043,0,-0.3437859,0.3968109,0,-0.5612534,6702.261,1.565982,0.7201263,Left,Flat,-0.3516591,-0.1353836,Normal
376.0599,22.69905,0,-0.3913933,0.3968109,0,-0.5866274,6703.169,1.565462,0.7207526,Left,Flat,-0.360452,-0.1266556,Normal
376.0999,22.71152,0,-0.4600596,0.3968109,0,-0.6102107,6704.077,1.564214,0.7213789,Left,Flat,-0.3636945,-0.1174927,Normal
376.1399,22.74238,0,-0.5360502,0.3968109,0,-0.6284431,6704.987,1.567891,0.7220047,Left,Flat,-0.3711503,-0.1082001,Normal
376.1799,22.75427,0,-0.594644,0.3968109,0,-0.6439626,6705.897,1.565773,0.7226303,Left,Flat,-0.3748225,-0.09851074,Normal
376.2199,22.77497,0,-0.6614792,0.3968109,0,-0.6569232,6706.808,1.568588,0.7232548,Left,Flat,-0.3805216,-0.08861542,Normal
376.2599,22.80847,0,-0.702678,0.3968109,0,-0.6652226,6707.72,1.56891,0.7238794,Left,Flat,-0.3871488,-0.07845306,Normal
376.2999,22.8165,0,-0.7493699,0.3968109,0,-0.6703813,6708.632,1.567189,0.7245035,Left,Flat,-0.3906707,-0.06795502,Normal
376.3399,22.84195,0,-0.7905704,0.3968109,0,-0.6719742,6709.546,1.571988,0.7251267,Left,Flat,-0.3976209,-0.05729675,Normal
376.3799,22.85781,0,-0.8198673,0.3968109,0,-0.6687266,6710.46,1.568484,0.72575,Left,Flat,-0.4025119,-0.0462265,Normal
376.4199,22.87407,0,-0.8674747,0.3968109,0,-0.6625695,6711.375,1.568351,0.7263728,Left,Flat,-0.4068635,-0.03492737,Normal
376.4599,22.8988,0,-0.9050131,0.3968109,0,-0.6514137,6712.291,1.563967,0.7269952,Left,Flat,-0.4140146,-0.02341461,Normal
376.4999,22.90712,0,-0.9745932,0.3968109,0,-0.6366606,6713.207,1.564646,0.7276167,Left,Flat,-0.4102162,-0.01152802,Normal
376.5399,22.92722,0,-1.033189,0.3968109,0,-0.6212478,6714.124,1.566896,0.7282383,Left,Flat,-0.4073442,0.01922607,Normal
376.5799,22.93309,0,-1.067979,0.3968109,0,-0.5987472,6715.041,1.564353,0.7288592,Left,Flat,-0.3906707,0.07241821,Normal
376.6199,22.95222,0,-1.114672,0.3968109,0,-0.5772347,6715.958,1.567865,0.7294794,Left,Flat,-0.3830841,0.1356201,Normal
376.6599,22.96821,0,-1.151294,0.3968109,0,-0.5517486,6716.877,1.565802,0.7300996,Left,Up,-0.3700944,0.199646,Normal
376.6999,22.97323,0,-1.220874,0.3968109,0,-0.5248867,6717.796,1.569199,0.7307193,Left,Up,-0.360452,0.2610931,Normal
376.7399,22.99128,0,-1.292287,0.3968109,0,-0.4969455,6718.715,1.568754,0.7313386,Left,Up,-0.3522151,0.3208771,Normal
376.7799,22.9963,0,-1.345387,0.3968109,0,-0.4666577,6719.635,1.57086,0.7319569,Left,Up,-0.3397734,0.3790436,Normal
376.8199,23.0118,0,-1.398489,0.3968109,0,-0.4369999,6720.556,1.57076,0.7325753,Left,Up,-0.3345502,0.4348907,Normal
376.8599,23.01768,0,-1.421378,0.3968109,0,-0.4053975,6721.477,1.572651,0.7331933,Left,Up,-0.3214254,0.4897614,Normal
376.8999,23.02722,0,-1.422293,0.3968109,0,-0.374504,6722.397,1.571535,0.7338102,Left,Up,-0.3165179,0.5421524,Normal
376.9399,23.03489,0,-1.403067,0.3968109,0,-0.3433408,6723.319,1.5744,0.7344272,Left,Up,-0.3045456,0.5937271,Normal
376.9799,23.03841,0,-1.391165,0.3968109,0,-0.3115752,6724.241,1.572801,0.7350438,Left,Up,-0.2993615,0.6429672,Normal
377.0199,23.04676,0,-1.380179,0.3968109,0,-0.281976,6725.163,1.576376,0.7356598,Left,Up,-0.2900664,0.6912613,Normal
377.0599,23.05276,0,-1.380179,0.3968109,0,-0.2501354,6726.084,1.575056,0.736275,Left,Up,-0.2825486,0.7379074,Normal
377.0999,23.05965,0,-1.380179,0.3968109,0,-0.2229339,6727.007,1.576918,0.7368902,Left,Up,-0.2776587,0.7829361,Normal
377.1399,23.0667,0,-1.384757,0.3968109,0,-0.1936771,6727.93,1.57705,0.7375048,Left,Up,-0.2654082,0.8272781,Normal
377.1799,23.06655,0,-1.384757,0.3968109,0,-0.1672734,6728.853,1.575513,0.7381191,Left,Up,-0.2654082,0.8690948,Normal
377.2199,23.07829,0,-1.384757,0.3968109,0,-0.1441531,6729.775,1.579094,0.7387325,Left,Up,-0.2525642,0.9109421,Normal
377.2599,23.07723,0,-1.384757,0.3968109,0,-0.1200251,6730.698,1.578374,0.7393457,Left,Up,-0.2486604,0.950325,Normal
377.2999,23.07856,0,-1.375601,0.3968109,0,-0.1005978,6731.621,1.578468,0.7399586,Left,Up,-0.2446942,0.9889603,Normal
377.3399,23.08514,0,-1.357291,0.3968109,0,-0.0829829,6732.545,1.580611,0.7405705,Left,Up,-0.2332305,1.027092,Normal
377.3799,23.08492,0,-1.327077,0.3968109,0,-0.06620368,6733.469,1.580151,0.7411824,Left,Up,-0.23239,1.062607,Normal
377.4199,23.08864,0,-1.262074,0.3968109,0,-0.05472645,6734.392,1.580616,0.7417939,Left,Up,-0.2255535,1.098083,Normal
377.4599,23.09175,0,-1.203479,0.3968109,0,-0.04465404,6735.316,1.582569,0.7424048,Left,Up,-0.2158,1.13237,Normal
377.4999,23.09095,0,-1.121081,0.3968109,0,-0.0357846,6736.24,1.582128,0.7430149,Left,Up,-0.2158,1.164726,Normal
377.5399,23.09287,0,-1.039597,0.3968109,0,-0.03185529,6737.164,1.581977,0.7436249,Left,Up,-0.2093567,1.19706,Normal
377.5799,23.09784,0,-0.986495,0.3968109,0,-0.03088826,6738.087,1.584655,0.7442344,Left,Up,-0.2007689,1.228287,Normal
377.6199,23.09812,0,-0.9279013,0.3968109,0,-0.03010836,6739.011,1.584432,0.744843,Left,Up,-0.199792,1.25753,Normal
377.6599,23.09454,0,-0.8793783,0.3968109,0,-0.03385094,6739.935,1.582718,0.7454516,Left,Up,-0.1978235,1.286743,Normal
377.6999,23.10489,0,-0.8198673,0.3968109,0,-0.04423058,6740.859,1.587109,0.7460597,Left,Up,-0.1855749,1.315483,Normal
377.7399,23.10565,0,-0.7310593,0.3968109,0,-0.05131203,6741.783,1.586773,0.7466673,Left,Up,-0.1855749,1.341667,Normal
377.7799,23.10445,0,-0.6651413,0.3968109,0,-0.06286055,6742.707,1.586148,0.747274,Left,Up,-0.1845175,1.367821,Normal
377.8199,23.10993,0,-0.5781645,0.3968109,0,-0.07976258,6743.631,1.586035,0.7478807,Left,Up,-0.1735894,1.393929,Normal
377.8599,23.11584,0,-0.4893565,0.3968109,0,-0.1000263,6744.556,1.589349,0.7484869,Left,Up,-0.1701742,1.417969,Normal
377.8999,23.1176,0,-0.4289317,0.3968109,0,-0.1178842,6745.48,1.589297,0.7490922,Left,Up,-0.1690205,1.44104,Normal
377.9399,23.11835,0,-0.3382927,0.3968109,0,-0.1394156,6746.405,1.588793,0.7496973,Left,Up,-0.1701742,1.464088,Normal
377.9799,23.1244,0,-0.2504003,0.3968109,0,-0.1657926,6747.33,1.588421,0.750302,Left,Up,-0.1570175,1.487099,Normal
378.0199,23.13323,0,-0.1139849,0.3968109,0,-0.1968537,6748.255,1.592407,0.7509063,Left,Up,-0.1545051,1.507622,Normal
378.0599,23.13661,0,0.0453186,0.3968109,0,-0.2225256,6749.181,1.592342,0.7515096,Left,Up,-0.1545051,1.527542,Normal
378.0999,23.13934,0,0.171665,0.3968109,0,-0.2508537,6750.107,1.592042,0.7521129,Left,Up,-0.1532334,1.54744,Normal
378.1399,23.14714,0,0.3254735,0.3968109,0,-0.2827365,6751.033,1.591585,0.7527156,Left,Up,-0.14537,1.567329,Normal
378.1799,23.15331,0,0.422523,0.3968109,0,-0.3178303,6751.958,1.593042,0.7533174,Left,Up,-0.1384764,1.585594,Normal
378.2199,23.16114,0,0.5159068,0.3968109,0,-0.35247,6752.885,1.59572,0.7539192,Left,Up,-0.1384764,1.602325,Normal
378.2599,23.16545,0,0.5662608,0.3968109,0,-0.3825455,6753.812,1.595661,0.7545205,Left,Up,-0.1384764,1.619041,Normal
378.2999,23.17103,0,0.6001389,0.3968109,0,-0.4147731,6754.739,1.595446,0.7551214,Left,Up,-0.1384764,1.635757,Normal
378.3399,23.17921,0,0.6642258,0.3968109,0,-0.4493657,6755.666,1.595545,0.7557212,Left,Up,-0.1266688,1.652458,Normal
378.3799,23.18531,0,0.720073,0.3968109,0,-0.4855713,6756.593,1.596274,0.7563209,Left,Up,-0.1219466,1.666862,Normal
378.4199,23.19529,0,0.7960618,0.3968109,0,-0.5231532,6757.521,1.599709,0.7569203,Left,Up,-0.1235407,1.680305,Normal
378.4599,23.20028,0,0.8445883,0.3968109,0,-0.5515729,6758.449,1.599769,0.7575191,Left,Up,-0.1219466,1.693748,Normal
378.4999,23.20501,0,0.8601522,0.3968109,0,-0.5799994,6759.376,1.599585,0.7581169,Left,Up,-0.1219466,1.707191,Normal
378.5399,23.21389,0,0.8445883,0.3968109,0,-0.6093791,6760.305,1.599644,0.7587146,Left,Up,-0.1170339,1.720627,Normal
378.5799,23.21857,0,0.8125412,0.3968109,0,-0.6387689,6761.234,1.600089,0.759312,Left,Up,-0.1046783,1.7332,Normal
378.6199,23.22335,0,0.754863,0.3968109,0,-0.6677347,6762.163,1.600593,0.7599083,Left,Up,-0.1065312,1.743156,Normal
378.6599,23.23182,0,0.6834519,0.3968109,0,-0.6968955,6763.092,1.603485,0.7605045,Left,Up,-0.1046783,1.753098,Normal
378.6999,23.2358,0,0.6175339,0.3968109,0,-0.7180056,6764.021,1.604423,0.7611003,Left,Up,-0.1065312,1.763062,Normal
378.7399,23.23938,0,0.5223155,0.3968109,0,-0.7357193,6764.951,1.604337,0.7616956,Left,Up,-0.1046783,1.77301,Normal
378.7799,23.24632,0,0.4591441,0.3968109,0,-0.7530196,6765.881,1.604209,0.7622899,Left,Up,-0.1065312,1.782967,Normal
378.8199,23.2501,0,0.3978038,0.3968109,0,-0.7697604,6766.811,1.60474,0.7628841,Left,Up,-0.09065409,1.792931,Normal
378.8599,23.25414,0,0.3566051,0.3968109,0,-0.7853795,6767.74,1.605371,0.7634778,Left,Up,-0.08622923,1.799637,Normal
378.8999,23.25761,0,0.3318822,0.3968109,0,-0.7990178,6768.671,1.605578,0.7640706,Left,Up,-0.08622923,1.805695,Normal
378.9399,23.26181,0,0.2970922,0.3968109,0,-0.8116409,6769.602,1.607352,0.7646633,Left,Up,-0.08622923,1.811752,Normal
378.9799,23.26763,0,0.2623022,0.3968109,0,-0.8209396,6770.532,1.60946,0.7652555,Left,Up,-0.08622923,1.81781,Normal
379.0199,23.27053,0,0.2137792,0.3968109,0,-0.8195313,6771.463,1.609473,0.7658471,Left,Up,-0.08622923,1.823868,Normal
379.0599,23.27421,0,0.1542699,0.3968109,0,-0.8165494,6772.394,1.609358,0.7664378,Left,Up,-0.08622923,1.829926,Normal
379.0999,23.27986,0,0.1130676,0.3968109,0,-0.8123134,6773.325,1.609523,0.7670284,Left,Up,-0.08392937,1.835983,Normal
379.1399,23.28374,0,0.06454468,0.3968109,0,-0.8066949,6774.256,1.609964,0.7676185,Left,Up,-0.0656106,1.841621,Normal
379.1799,23.28775,0,0.03799438,0.3968109,0,-0.7996598,6775.188,1.610474,0.7682076,Left,Up,-0.0656106,1.842903,Normal
379.2199,23.29186,0,0.02059937,0.3968109,0,-0.79103,6776.12,1.611173,0.7687967,Left,Up,-0.0656106,1.844193,Normal
379.2599,23.29554,0,0.01052856,0.4007782,0,-0.7808805,6777.051,1.611638,0.7693852,Left,Up,-0.06852804,1.845482,Normal
379.2999,23.30091,0,0.0050354,0.4007782,0,-0.769134,6777.983,1.612224,0.7699732,Left,Up,-0.0656106,1.846764,Normal
379.3399,23.30676,0,-0.01052856,0.4007782,0,-0.7562656,6778.916,1.613743,0.7705603,Left,Up,-0.0656106,1.848038,Normal
379.3799,23.31199,0,-0.02792358,0.4047455,0,-0.7407394,6779.848,1.614669,0.7711472,Left,Up,-0.0656106,1.849327,Normal
379.4199,23.31916,0,-0.05722046,0.4047455,0,-0.7119305,6780.781,1.615884,0.7717336,Left,Up,-0.0656106,1.850601,Normal
379.4599,23.32648,0,-0.08285701,0.4087129,0,-0.6825565,6781.713,1.616772,0.7723196,Left,Up,-0.0656106,1.851883,Normal
379.4999,23.3344,0,-0.1011676,0.4087129,0,-0.6520427,6782.647,1.617381,0.7729045,Left,Up,-0.06852804,1.853157,Normal
379.5399,23.34326,0,-0.1194781,0.4087129,0,-0.6208373,6783.581,1.617695,0.7734892,Straight,Up,-0.02797646,1.854424,Normal
379.5799,23.35196,0,-0.1304644,0.4126802,0,-0.5887944,6784.514,1.617807,0.7740735,Straight,Up,-0.01978234,1.844612,Normal
379.6199,23.3614,0,-0.1432818,0.4126802,0,-0.5559524,6785.449,1.617966,0.7746569,Straight,Up,0,1.832253,Normal
379.6599,23.37072,0,-0.1533526,0.4126802,0,-0.5223746,6786.383,1.618192,0.7752401,Straight,Up,0,1.81987,Normal
379.6999,23.38,0,-0.1542681,0.4126802,0,-0.4881095,6787.318,1.618415,0.7758228,Straight,Up,-0.01978234,1.807495,Normal
379.7399,23.38923,0,-0.1597613,0.4126802,0,-0.45315,6788.254,1.618556,0.776405,Straight,Up,0,1.795105,Normal
379.7799,23.39844,0,-0.1597613,0.4126802,0,-0.4179153,6789.189,1.618893,0.7769861,Straight,Up,0,1.782715,Normal
379.8199,23.40761,0,-0.1597613,0.4126802,0,-0.3822328,6790.126,1.619384,0.7775672,Straight,Up,-0.01978234,1.770317,Normal
379.8599,23.41674,0,-0.16617,0.4126802,0,-0.3461406,6791.063,1.619792,0.7781478,Straight,Up,0,1.757919,Normal
379.8999,23.42587,0,-0.1670855,0.4126802,0,-0.309955,6792,1.620244,0.7787272,Straight,Up,-0.01978234,1.745506,Normal
379.9399,23.43494,0,-0.1789892,0.4126802,0,-0.2735594,6792.937,1.620722,0.7793067,Straight,Up,-0.01978234,1.733093,Normal
379.9799,23.44399,0,-0.1899755,0.4126802,0,-0.2371929,6793.875,1.621219,0.7798856,Straight,Up,-0.01978234,1.72068,Normal
380.0199,23.453,0,-0.208286,0.4126802,0,-0.2008605,6794.813,1.621626,0.780464,Straight,Up,-0.01978234,1.708252,Normal
380.0599,23.46201,0,-0.2256811,0.4166476,0,-0.1647942,6795.751,1.622071,0.7810413,Straight,Up,-0.01978234,1.695824,Normal
380.0999,23.47138,0,-0.2320898,0.4166476,0,-0.1288167,6796.689,1.622586,0.7816186,Straight,Up,0,1.683395,Normal
380.1399,23.48116,0,-0.2366674,0.4166476,0,-0.09312388,6797.629,1.62307,0.7821953,Straight,Up,-0.01978234,1.670952,Normal
380.1799,23.49087,0,-0.2366674,0.4166476,0,-0.05768797,6798.568,1.623631,0.782771,Straight,Up,-0.01978234,1.658516,Normal
380.2199,23.50056,0,-0.2366674,0.4166476,0,-0.02263871,6799.508,1.624078,0.7833467,Straight,Up,-0.01978234,1.646065,Normal
380.2599,23.51024,0,-0.2366674,0.4166476,0,0.0120208,6800.449,1.624517,0.7839217,Straight,Up,-0.01978234,1.633621,Normal
380.2999,23.51983,0,-0.2366674,0.4166476,0,0.04633433,6801.389,1.625044,0.7844962,Straight,Up,-0.01978234,1.621162,Normal
380.3399,23.52923,0,-0.2366674,0.4166476,0,0.08021316,6802.331,1.625544,0.7850697,Straight,Up,-0.01978234,1.608704,Normal
380.3799,23.53882,0,-0.2366674,0.4166476,0,0.1135554,6803.272,1.625842,0.7856431,Straight,Up,-0.01978234,1.596237,Normal
380.4199,23.54845,0,-0.2366674,0.4166476,0,0.1463289,6804.214,1.626253,0.786216,Straight,Up,0,1.583771,Normal
380.4599,23.55784,0,-0.2366674,0.4166476,0,0.1785759,6805.156,1.627109,0.7867882,Straight,Up,-0.01978234,1.571312,Normal
380.4999,23.56727,0,-0.2366674,0.4166476,0,0.2102099,6806.099,1.62771,0.7873595,Straight,Up,-0.01978234,1.558838,Normal
380.5399,23.57681,0,-0.2275121,0.4166476,0,0.2410819,6807.042,1.628085,0.7879307,Straight,Up,-0.01978234,1.546356,Normal
380.5799,23.5864,0,-0.2201879,0.4166476,0,0.2711039,6807.985,1.628593,0.7885013,Straight,Up,-0.01978234,1.533882,Normal
380.6199,23.59582,0,-0.2137792,0.4166476,0,0.3003138,6808.929,1.629186,0.7890708,Straight,Up,-0.01978234,1.521393,Normal
380.6599,23.60524,0,-0.2037084,0.4166476,0,0.328547,6809.873,1.629728,0.7896403,Straight,Up,-0.01978234,1.508911,Normal
380.6999,23.61473,0,-0.1954687,0.4166476,0,0.3558387,6810.817,1.630137,0.7902092,Straight,Up,-0.01978234,1.496414,Normal
380.7399,23.62416,0,-0.1707476,0.4166476,0,0.3824134,6811.762,1.630608,0.7907776,Straight,Up,-0.01978234,1.483925,Normal
380.7799,23.63161,0,-0.1286334,0.4166476,0,0.4082073,6812.708,1.630849,0.7913449,Straight,Up,-0.01978234,1.471428,Normal
380.8199,23.64043,0,-0.06454647,0.4166476,0,0.4323853,6813.653,1.631479,0.7919121,Straight,Up,-0.01978234,1.458946,Normal
380.8599,23.65366,0,0.003204346,0.4166476,0,0.4545835,6814.599,1.634555,0.7924787,Straight,Up,-0.01978234,1.446465,Normal
380.8999,23.66508,0,0.0453186,0.4166476,0,0.4756759,6815.545,1.637218,0.7930444,Straight,Up,-0.01978234,1.433983,Normal
380.9398,23.6743,0,0.07553101,0.4166476,0,0.4959308,6816.492,1.638639,0.7936099,Straight,Up,-0.01978234,1.421478,Normal
380.9799,23.68787,0,0.0819397,0.4166476,0,0.5153352,6817.439,1.638834,0.7941748,Straight,Up,0.03426402,1.408958,Normal
381.0199,23.70062,0,0.0819397,0.4166476,0,0.5338083,6818.388,1.638422,0.7947391,Right,Up,0.05233916,1.385094,Normal
381.0599,23.71245,0,0.0819397,0.4166476,0,0.5515991,6819.336,1.637756,0.7953025,Right,Up,0.05595291,1.353691,Normal
381.0999,23.72464,0,0.0819397,0.4166476,0,0.5687669,6820.285,1.637552,0.7958657,Right,Up,0.05595291,1.322296,Normal
381.1399,23.73721,0,0.07644653,0.4166476,0,0.5846527,6821.234,1.638057,0.7964283,Right,Up,0.05595291,1.290886,Normal
381.1799,23.74915,0,0.07553101,0.4166476,0,0.6001135,6822.185,1.638393,0.79699,Right,Up,0.05595291,1.259468,Normal
381.2199,23.76062,0,0.07553101,0.4166476,0,0.6128239,6823.135,1.638251,0.7975514,Right,Up,0.05595291,1.22805,Normal
381.2599,23.77486,0,0.07553101,0.4166476,0,0.6186706,6824.086,1.63966,0.7981123,Right,Up,0.05233916,1.196617,Normal
381.2999,23.78865,0,0.07553101,0.4166476,0,0.6244154,6825.037,1.640789,0.7986726,Right,Up,0.05595291,1.165169,Normal
381.3399,23.80071,0,0.07553101,0.4166476,0,0.6299406,6825.989,1.641154,0.7992318,Right,Up,0.05595291,1.133682,Normal
381.3799,23.8142,0,0.07461548,0.4166476,0,0.6359686,6826.941,1.640884,0.799791,Right,Up,0.06852804,1.10218,Normal
381.4199,23.82826,0,0.06912231,0.4166476,0,0.6417936,6827.895,1.641465,0.8003495,Right,Up,0.08846933,1.066917,Normal
381.4599,23.84221,0,0.06912231,0.4166476,0,0.6473641,6828.848,1.642381,0.8009071,Right,Up,0.08846933,1.024376,Normal
381.4999,23.85686,0,0.06912231,0.4166476,0,0.6474656,6829.802,1.643277,0.8014645,Right,Up,0.08846933,0.9818192,Normal
381.5399,23.87177,0,0.06912231,0.4166476,0,0.6448121,6830.757,1.64427,0.8020213,Right,Up,0.08846933,0.9392166,Normal
381.5799,23.88611,0,0.06912231,0.4166476,0,0.6417638,6831.712,1.644584,0.8025774,Right,Up,0.09065409,0.8965912,Normal
381.6199,23.90018,0,0.06546021,0.4166476,0,0.6390258,6832.668,1.644116,0.8031326,Right,Up,0.09065409,0.8539276,Normal
381.6599,23.91728,0,0.06546021,0.4166476,0,0.6359802,6833.625,1.645381,0.8036877,Right,Up,0.1101434,0.8112564,Normal
381.6999,23.93412,0,0.06546021,0.4166476,0,0.6271166,6834.582,1.64639,0.8042421,Right,Up,0.1186941,0.7619629,Normal
381.7399,23.94893,0,0.06454468,0.4166476,0,0.6155964,6835.54,1.647073,0.8047959,Right,Up,0.1186941,0.7090073,Normal
381.7799,23.96387,0,0.06271362,0.4166476,0,0.6040142,6836.498,1.646758,0.8053487,Right,Up,0.1203313,0.6560135,Normal
381.8199,23.98076,0,0.05081177,0.4166476,0,0.5921944,6837.457,1.648031,0.8059014,Right,Up,0.1203313,0.6030045,Normal
381.8599,24.00035,0,0.02700806,0.4166476,0,0.5743765,6838.417,1.649744,0.8064535,Right,Up,0.1370561,0.5499802,Normal
381.8999,24.01799,0,-0.004119873,0.4166476,0,0.5535312,6839.377,1.651031,0.8070045,Right,Up,0.1506579,0.4914246,Normal
381.9398,24.036,0,-0.04714966,0.4166476,0,0.5322803,6840.339,1.65143,0.8075553,Right,Up,0.1506579,0.4281845,Normal
381.9799,24.05522,0,-0.08743465,0.4166476,0,0.5107985,6841.301,1.65119,0.8081056,Right,Up,0.1506579,0.3648605,Normal
382.0199,24.07512,0,-0.1377887,0.4166476,0,0.4886487,6842.264,1.651046,0.8086553,Right,Up,0.166689,0.3014679,Normal
382.0599,24.09182,0,-0.18906,0.4166476,0,0.4673799,6843.227,1.649667,0.8092039,Right,Up,0.1802258,0.2331161,Normal
382.0999,24.11448,0,-0.2211034,0.4166476,0,0.4456203,6844.191,1.65172,0.8097523,Right,Up,0.1802258,0.1595154,Normal
382.1399,24.13387,0,-0.2604711,0.4166476,0,0.4320219,6845.157,1.652103,0.8103001,Right,Flat,0.1384764,0.08583832,Normal
382.1799,24.15071,0,-0.2751195,0.4166476,0,0.4206159,6846.123,1.651437,0.810847,Left,Flat,-0.1619255,0.01633453,Normal
382.2199,24.17006,0,-0.2815282,0.4166476,0,0.4090352,6847.089,1.649906,0.8113936,Left,Flat,-0.1619255,-0.01259613,Normal
382.2599,24.19264,0,-0.2815282,0.3928435,0,0.3964174,6848.057,1.651752,0.8119397,Left,Flat,-0.1607126,-0.04154205,Normal
382.2999,24.20756,0,-0.2851903,0.3928435,0,0.3924939,6849.025,1.652281,0.812485,Left,Flat,-0.1594904,-0.07051086,Normal
382.3399,24.21976,0,-0.2861059,0.3888762,0,0.3903386,6849.994,1.651856,0.8130294,Left,Flat,-0.1570175,-0.09536743,Normal
382.3799,24.23501,0,-0.2980095,0.3888762,0,0.3878893,6850.963,1.651104,0.8135736,Left,Flat,-0.1582588,-0.1176605,Normal
382.4199,24.24816,0,-0.3053337,0.3888762,0,0.3849781,6851.933,1.651274,0.8141172,Left,Flat,-0.1582588,-0.139946,Normal
382.4599,24.26425,0,-0.3218132,0.3849088,0,0.381451,6852.903,1.652854,0.8146598,Left,Down,-0.1426525,-0.1622467,Normal
382.4999,24.27719,0,-0.3346306,0.3849088,0,0.3881001,6853.874,1.653167,0.8152022,Left,Down,-0.1297215,-0.1828613,Normal
382.5399,24.28965,0,-0.3511101,0.3849088,0,0.3945918,6854.846,1.652854,0.8157439,Left,Down,-0.1297215,-0.2020569,Normal
382.5799,24.30434,0,-0.3620964,0.3849088,0,0.4000693,6855.818,1.652646,0.816285,Left,Down,-0.1282043,-0.2212677,Normal
382.6199,24.31702,0,-0.3703362,0.3849088,0,0.4048146,6856.791,1.652389,0.8168252,Left,Down,-0.1282043,-0.2404785,Normal
382.6599,24.32993,0,-0.3868157,0.3849088,0,0.4089806,6857.764,1.652591,0.817365,Left,Down,-0.1083524,-0.259697,Normal
382.6999,24.34434,0,-0.3913933,0.3849088,0,0.4117093,6858.737,1.653844,0.8179043,Left,Down,-0.09691329,-0.2769089,Normal
382.7399,24.35775,0,-0.3923088,0.3849088,0,0.418432,6859.711,1.654906,0.8184429,Left,Down,-0.09691329,-0.2927475,Normal
382.7799,24.37119,0,-0.3923088,0.3809415,0,0.431347,6860.686,1.655689,0.8189806,Left,Down,-0.09691329,-0.3086014,Normal
382.8199,24.38523,0,-0.3923088,0.3809415,0,0.4430597,6861.662,1.656125,0.8195179,Left,Down,-0.09691329,-0.3244629,Normal
382.8599,24.39842,0,-0.3923088,0.3809415,0,0.453835,6862.637,1.656253,0.8200548,Left,Down,-0.09891172,-0.3403397,Normal
382.8999,24.41152,0,-0.3923088,0.3809415,0,0.4632208,6863.614,1.65623,0.8205906,Left,Down,-0.09691329,-0.3562088,Normal
382.9398,24.42446,0,-0.3923088,0.3809415,0,0.4720132,6864.59,1.656316,0.821126,Left,Down,-0.06255726,-0.3720932,Normal
382.9799,24.43723,0,-0.3877312,0.3809415,0,0.4797781,6865.568,1.656514,0.821661,Left,Down,-0.05595291,-0.3842392,Normal
383.0199,24.44984,0,-0.3877312,0.3809415,0,0.4857371,6866.545,1.656837,0.8221952,Left,Down,-0.05595291,-0.3957138,Normal
383.0599,24.46215,0,-0.3767449,0.3809415,0,0.4902879,6867.524,1.656529,0.8227285,Left,Down,-0.05595291,-0.407196,Normal
383.0999,24.47465,0,-0.3675896,0.3809415,0,0.4931638,6868.502,1.657228,0.8232616,Left,Down,-0.05934703,-0.4186783,Normal
383.1399,24.48761,0,-0.3584343,0.3769741,0,0.4939351,6869.482,1.658191,0.8237939,Left,Down,-0.05595291,-0.4301605,Normal
383.1799,24.49983,0,-0.3575188,0.3769741,0,0.492934,6870.462,1.658893,0.8243253,Left,Down,-0.05595291,-0.4416504,Normal
383.2199,24.51069,0,-0.3575188,0.3769741,0,0.4905668,6871.442,1.659045,0.8248565,Left,Down,-0.05595291,-0.4531403,Normal
383.2599,24.52365,0,-0.3575188,0.3729915,0,0.49164,6872.423,1.660199,0.8253869,Left,Down,-0.05595291,-0.4646225,Normal
383.2999,24.53598,0,-0.3575188,0.3729915,0,0.4911274,6873.404,1.661037,0.8259168,Left,Down,-0.05233916,-0.4761124,Normal
383.3399,24.54672,0,-0.3529412,0.3690242,0,0.4887343,6874.386,1.661603,0.8264456,Left,Down,-0.05595291,-0.4875946,Normal
383.3799,24.55782,0,-0.3346306,0.3690242,0,0.484729,6875.368,1.66171,0.8269742,Left,Down,-0.05595291,-0.4990921,Normal
383.4199,24.56868,0,-0.3044182,0.3650568,0,0.4790365,6876.351,1.661839,0.8275022,Straight,Down,-0.04423466,-0.5105896,Normal
383.4599,24.57897,0,-0.2211034,0.3650568,0,0.471728,6877.334,1.662088,0.8280291,Straight,Down,0,-0.5212402,Normal
383.4999,24.58875,0,-0.1423663,0.3610895,0,0.4627877,6878.317,1.662291,0.8285558,Straight,Down,0,-0.526329,Normal
383.5399,24.59813,0,-0.02883911,0.3610895,0,0.4523135,6879.301,1.66226,0.8290818,Straight,Down,0,-0.5314178,Normal
383.5799,24.6071,0,0.08651733,0.3531548,0,0.4405783,6880.286,1.662607,0.8296072,Straight,Down,0,-0.5365067,Normal
383.6199,24.61486,0,0.1524389,0.3531548,0,0.4271336,6881.27,1.663034,0.8301316,Straight,Down,0,-0.5415955,Normal
383.6599,24.6223,0,0.2256811,0.3412528,0,0.4126116,6882.255,1.663448,0.8306556,Straight,Down,0,-0.5466843,Normal
383.6999,24.62768,0,0.2861059,0.3372854,0,0.396725,6883.24,1.663985,0.8311792,Straight,Down,0,-0.5517731,Normal
383.7399,24.63188,0,0.3932261,0.3333181,0,0.3797629,6884.226,1.664597,0.831702,Straight,Down,0,-0.5568619,Normal
383.7799,24.63569,0,0.5342174,0.3214161,0,0.3618896,6885.211,1.664984,0.8322238,Straight,Down,0,-0.5619431,Normal
383.8199,24.63709,0,0.6431687,0.3174487,0,0.3431942,6886.196,1.665625,0.8327453,Straight,Down,0,-0.5670319,Normal
383.8599,24.63764,0,0.753032,0.309514,0,0.3242818,6887.182,1.66618,0.8332661,Straight,Down,0,-0.572113,Normal
383.8999,24.63656,0,0.7960618,0.3015793,0,0.3048308,6888.167,1.666686,0.833786,Straight,Down,0,-0.5772018,Normal
383.9398,24.63326,0,0.803386,0.2936446,0,0.2856271,6889.152,1.667281,0.8343056,Straight,Down,0,-0.582283,Normal
383.9799,24.62889,0,0.803386,0.289662,0,0.2664586,6890.138,1.667876,0.8348244,Straight,Down,0,-0.5873642,Normal
384.0199,24.62357,0,0.8070481,0.289662,0,0.2473591,6891.123,1.668738,0.8353428,Straight,Down,0,-0.5924454,Normal
384.0599,24.61749,0,0.8207846,0.2856947,0,0.2288566,6892.107,1.669363,0.83586,Straight,Down,0,-0.5975189,Normal
384.0999,24.61085,0,0.8427572,0.2856947,0,0.2106803,6893.092,1.669961,0.836377,Straight,Down,0,-0.6026001,Normal
384.1399,24.60402,0,0.8720541,0.2856947,0,0.1931739,6894.076,1.670583,0.8368933,Straight,Down,0,-0.6076813,Normal
384.1799,24.59688,0,0.8921957,0.2817273,0,0.1765012,6895.06,1.671008,0.8374085,Straight,Down,0,-0.6127625,Normal
384.2198,24.58932,0,0.8921957,0.2817273,0,0.1608029,6896.043,1.671478,0.8379235,Straight,Down,0,-0.617836,Normal
384.2599,24.58115,0,0.8921957,0.27776,0,0.1463595,6897.027,1.672165,0.8384379,Straight,Down,0,-0.6229172,Normal
384.2999,24.57215,0,0.8848715,0.2737926,0,0.1272588,6898.01,1.672671,0.8389515,Straight,Down,0,-0.6279907,Normal
384.3399,24.562,0,0.8482504,0.2737926,0,0.1066832,6898.992,1.673316,0.8394641,Straight,Down,0,-0.6330719,Normal
384.3799,24.55137,0,0.772258,0.2737926,0,0.08794975,6899.975,1.673933,0.8399765,Straight,Down,0,-0.6381454,Normal
384.4199,24.54044,0,0.6788743,0.2737926,0,0.07150373,6900.956,1.674531,0.8404882,Straight,Down,0,-0.6432266,Normal
384.4599,24.52942,0,0.5607677,0.2737926,0,0.05703166,6901.938,1.675087,0.8409988,Straight,Down,0,-0.6483078,Normal
384.4999,24.51844,0,0.4765391,0.2737926,0,0.04477221,6902.918,1.675714,0.8415091,Straight,Down,0,-0.653389,Normal
384.5399,24.50723,0,0.3868175,0.2737926,0,0.03520617,6903.898,1.67583,0.8420188,Right,Down,0.05934703,-0.6579056,Normal
384.5799,24.49653,0,0.3428686,0.2737926,0,0.02775007,6904.878,1.677348,0.8425279,Right,Down,0.06255726,-0.658287,Normal
384.6199,24.48669,0,0.3327978,0.2737926,0,0.0226267,6905.858,1.678908,0.8430359,Right,Down,0.06255726,-0.6586533,Normal
384.6599,24.47607,0,0.3327978,0.2737926,0,0.01579475,6906.837,1.679391,0.8435435,Right,Down,0.06255726,-0.6590271,Normal
384.6999,24.46488,0,0.3327978,0.2737926,0,0.006262809,6907.816,1.678842,0.8440505,Right,Down,0.05934703,-0.6594009,Normal
384.7399,24.45464,0,0.3327978,0.2737926,0,-0.0006074905,6908.794,1.678387,0.8445565,Right,Down,0.05934703,-0.6597824,Normal
384.7799,24.44444,0,0.3327978,0.2737926,0,-0.004781276,6909.772,1.678455,0.8450621,Right,Down,0.06255726,-0.6601486,Normal
384.8199,24.43336,0,0.3327978,0.2737926,0,-0.005978823,6910.75,1.678686,0.8455672,Right,Down,0.06255726,-0.6605225,Normal
384.8599,24.42293,0,0.3327978,0.2698253,0,-0.004265606,6911.727,1.67965,0.8460715,Right,Down,0.05934703,-0.6608963,Normal
384.8999,24.41378,0,0.3327978,0.2658579,0,-0.0002615154,6912.703,1.68173,0.8465748,Right,Down,0.08156469,-0.6612625,Normal
384.9398,24.40169,0,0.3327978,0.2658579,0,0.0004900992,6913.679,1.682547,0.8470777,Right,Down,0.08622923,-0.6601105,Normal
384.9799,24.38908,0,0.3327978,0.2618906,0,0.0003696084,6914.655,1.682017,0.8475801,Right,Down,0.08622923,-0.6584702,Normal
385.0199,24.37751,0,0.3327978,0.2579232,0,0.002266467,6915.63,1.681562,0.8480816,Right,Down,0.08622923,-0.6568298,Normal
385.0599,24.36391,0,0.3501928,0.2579232,0,0.006896257,6916.605,1.681316,0.8485823,Right,Down,0.08622923,-0.6551895,Normal
385.0999,24.35059,0,0.3675914,0.2579232,0,0.01384947,6917.579,1.682418,0.8490825,Right,Down,0.08622923,-0.6535492,Normal
385.1399,24.33908,0,0.4042125,0.2499886,0,0.02212498,6918.553,1.68497,0.8495821,Right,Down,0.08622923,-0.6519089,Normal
385.1799,24.32304,0,0.4509044,0.2499886,0,0.02438757,6919.526,1.684693,0.8500806,Right,Down,0.1027921,-0.6502686,Normal
385.2198,24.30732,0,0.4921031,0.2460212,0,0.029318,6920.499,1.684206,0.8505788,Right,Down,0.1083524,-0.6472702,Normal
385.2599,24.29227,0,0.5589366,0.2420539,0,0.03690234,6921.47,1.683681,0.8510764,Right,Down,0.1065312,-0.6440277,Normal
385.2999,24.27576,0,0.6129563,0.2420539,0,0.04683062,6922.441,1.684735,0.8515732,Right,Down,0.1065312,-0.6407928,Normal
385.3399,24.2602,0,0.6779587,0.2380865,0,0.0560995,6923.412,1.686871,0.852069,Right,Down,0.1065312,-0.6375504,Normal
385.3799,24.24122,0,0.7319748,0.2380865,0,0.06167811,6924.382,1.68658,0.8525645,Right,Down,0.1119058,-0.6342926,Normal
385.4199,24.22234,0,0.7667649,0.2380865,0,0.06983429,6925.351,1.685789,0.8530593,Right,Down,0.1251145,-0.6306915,Normal
385.4599,24.20473,0,0.8088791,0.2380865,0,0.08062848,6926.319,1.68562,0.8535531,Right,Down,0.1251145,-0.6260452,Normal
385.4999,24.18874,0,0.8326864,0.2380865,0,0.09291661,6927.287,1.68873,0.8540465,Right,Down,0.1266688,-0.6213913,Normal
385.5399,24.16935,0,0.8564901,0.2380865,0,0.09918213,6928.254,1.688406,0.8545392,Right,Down,0.1251145,-0.616745,Normal
385.5799,24.1491,0,0.883956,0.2579232,0,0.108869,6929.22,1.687784,0.8550312,Right,Down,0.132704,-0.6120834,Normal
385.6199,24.13348,0,0.9077597,0.27776,0,0.1212234,6930.186,1.687599,0.8555222,Right,Down,0.1426525,-0.6068878,Normal
385.6599,24.12416,0,0.9434652,0.2936446,0,0.1339462,6931.151,1.690368,0.8560128,Right,Down,0.1426525,-0.6009369,Normal
385.6999,24.1151,0,0.9672689,0.297612,0,0.1425778,6932.116,1.690113,0.8565028,Right,Down,0.1426525,-0.5949707,Normal
385.7399,24.10551,0,0.984664,0.297612,0,0.1553366,6933.08,1.688852,0.8569916,Right,Down,0.1467098,-0.5890121,Normal
385.7799,24.10484,0,0.9910727,0.3015793,0,0.1710717,6934.044,1.691108,0.8574802,Right,Down,0.1607126,-0.5828171,Normal
385.8199,24.09743,0,0.9910727,0.3015793,0,0.1824103,6935.008,1.691616,0.857968,Right,Down,0.1594904,-0.5756073,Normal
385.8599,24.08852,0,0.9910727,0.3055466,0,0.1961582,6935.972,1.690931,0.8584552,Right,Down,0.1594904,-0.5683899,Normal
385.8999,24.0879,0,0.9910727,0.3055466,0,0.2131908,6936.935,1.69174,0.8589414,Right,Down,0.166689,-0.5611725,Normal
385.9398,24.0811,0,0.9910727,0.3134814,0,0.2276172,6937.898,1.693175,0.8594272,Right,Down,0.1758294,-0.5535278,Normal
385.9799,24.07381,0,0.9919882,0.3134814,0,0.242971,6938.861,1.69243,0.8599122,Right,Down,0.1769387,-0.5450974,Normal
386.0199,24.0733,0,0.9929037,0.3174487,0,0.2621062,6939.824,1.693353,0.8603965,Right,Down,0.1769387,-0.5366592,Normal
386.0599,24.06832,0,1.002059,0.3214161,0,0.2784507,6940.787,1.694404,0.8608798,Right,Down,0.1907741,-0.5282135,Normal
386.0999,24.0612,0,1.010299,0.3293507,0,0.2966743,6941.75,1.693219,0.8613628,Right,Down,0.191797,-0.5187302,Normal
386.1399,24.0656,0,1.03868,0.3293507,0,0.3190205,6942.713,1.696253,0.861845,Right,Down,0.1928145,-0.5091019,Normal
386.1799,24.06187,0,1.067981,0.3333181,0,0.3360631,6943.676,1.695463,0.8623262,Right,Down,0.2055842,-0.4994507,Normal
386.2198,24.05625,0,1.08446,0.3333181,0,0.3584035,6944.638,1.694647,0.862807,Right,Down,0.20842,-0.4889603,Normal
386.2599,24.0608,0,1.096362,0.3372854,0,0.3809361,6945.6,1.696989,0.8632872,Right,Down,0.2093567,-0.4781494,Normal
386.2999,24.05503,0,1.096362,0.3372854,0,0.4026093,6946.562,1.695611,0.8637666,Right,Down,0.2220564,-0.4673386,Normal
386.3399,24.05641,0,1.079882,0.3372854,0,0.4294319,6947.524,1.698712,0.864245,Right,Down,0.2246844,-0.4555664,Normal
386.3799,24.05511,0,1.056079,0.3412528,0,0.4512783,6948.486,1.697186,0.864723,Right,Down,0.2272819,-0.4435883,Normal
386.4199,24.0549,0,1.033187,0.3412528,0,0.4781915,6949.448,1.698472,0.8652003,Right,Down,0.2414744,-0.4314346,Normal
386.4599,24.05598,0,1.008468,0.3412528,0,0.5020537,6950.41,1.698232,0.8656765,Right,Down,0.2406627,-0.4182968,Normal
386.4999,24.05568,0,0.9910727,0.3412528,0,0.5290921,6951.372,1.698385,0.8661523,Right,Down,0.2525642,-0.4051666,Normal
386.5399,24.05634,0,0.9681845,0.3412528,0,0.554685,6952.333,1.699389,0.8666275,Right,Down,0.2579304,-0.3912811,Normal
386.5799,24.05522,0,0.9370565,0.3412528,0,0.5819685,6953.295,1.699069,0.867102,Right,Down,0.2624426,-0.3769989,Normal
386.6199,24.05334,0,0.9086752,0.3412528,0,0.6087264,6954.257,1.699989,0.8675753,Right,Down,0.2733977,-0.3623657,Normal
386.6599,24.0542,0,0.8729696,0.3412528,0,0.6366699,6955.219,1.700283,0.8680484,Right,Down,0.2755364,-0.3469162,Normal
386.6999,24.05015,0,0.8372641,0.3412528,0,0.6629868,6956.181,1.700246,0.8685206,Right,Down,0.2900664,-0.3313599,Normal
386.7399,24.05282,0,0.8189499,0.3412528,0,0.6914324,6957.143,1.702065,0.8689919,Right,Down,0.2900664,-0.314743,Normal
386.7799,24.04576,0,0.7978928,0.3412528,0,0.7166118,6958.105,1.700069,0.8694627,Right,Down,0.3058279,-0.298111,Normal
386.8199,24.04887,0,0.7951462,0.3412528,0,0.7442224,6959.067,1.703345,0.8699328,Right,Down,0.3071049,-0.280365,Normal
386.8599,24.0487,0,0.7914841,0.3412528,0,0.768916,6960.029,1.700173,0.8704022,Right,Down,0.3232465,-0.262558,Normal
386.8999,24.0408,0,0.7914841,0.3412528,0,0.7932947,6960.991,1.702275,0.8708706,Right,Down,0.3256589,-0.2435989,Normal
386.9398,24.04719,0,0.7914841,0.3412528,0,0.818695,6961.953,1.704842,0.8713385,Right,Down,0.3409232,-0.2245255,Normal
386.9799,24.03906,0,0.7914841,0.3412528,0,0.8392032,6962.915,1.700727,0.8718058,Right,Down,0.3460502,-0.2043533,Normal
387.0199,24.04275,0,0.7969773,0.3412528,0,0.859388,6963.876,1.704633,0.8722723,Right,Down,0.3577275,-0.183876,Normal
387.0599,24.04366,0,0.8125412,0.3412528,0,0.8789865,6964.838,1.704616,0.8727377,Right,Down,0.3679734,-0.1625519,Normal
387.0999,24.04224,0,0.8253622,0.3412528,0,0.8928275,6965.8,1.708491,0.8732028,Right,Flat,0.3748225,-0.1405106,Normal
387.1399,24.04149,0,0.8427572,0.3412528,0,0.907205,6966.762,1.706824,0.8736671,Right,Flat,0.3916712,-0.1180038,Normal
387.1799,24.03994,0,0.8619833,0.3412528,0,0.9198612,6967.724,1.707846,0.8741304,Right,Flat,0.4000739,-0.09429932,Normal
387.2198,24.04752,0,0.8784628,0.3412528,0,0.9297329,6968.686,1.70795,0.8745933,Right,Flat,0.4087828,-0.07003021,Normal
387.2599,24.0393,0,0.8958578,0.3412528,0,0.9414228,6969.648,1.706021,0.8750554,Right,Flat,0.4256662,-0.04512787,Normal
387.2999,24.04277,0,0.8976889,0.3412528,0,0.9479429,6970.61,1.709296,0.8755168,Right,Flat,0.4087828,-0.01905823,Normal
387.3399,24.03978,0,0.8976889,0.3412528,0,0.9561436,6971.572,1.706955,0.8759771,Right,Flat,0.393167,0.007377625,Normal
387.3799,24.03719,0,0.8958578,0.3412528,0,0.9623626,6972.534,1.708546,0.8764371,Right,Flat,0.3805216,0.03411102,Normal
387.4199,24.04065,0,0.8912802,0.3412528,0,0.9668886,6973.496,1.708036,0.8768963,Right,Flat,0.3774237,0.06034088,Normal
387.4599,24.03385,0,0.885787,0.3412528,0,0.9725567,6974.457,1.708177,0.8773544,Right,Flat,0.3727285,0.08638,Normal
387.4999,24.0367,0,0.8793783,0.3412528,0,0.9744404,6975.419,1.709536,0.8778122,Right,Flat,0.3685048,0.111969,Normal
387.5399,24.0305,0,0.8738852,0.3412528,0,0.9790984,6976.38,1.707504,0.8782693,Right,Flat,0.3669084,0.1371765,Normal
387.5799,24.03215,0,0.868392,0.3412528,0,0.9783341,6977.341,1.710054,0.8787255,Right,Up,0.3599087,0.1621399,Normal
387.6199,24.0277,0,0.8628988,0.3412528,0,0.9807296,6978.302,1.708309,0.8791807,Right,Up,0.3577275,0.1865082,Normal
387.6599,24.02791,0,0.8555746,0.3412528,0,0.9789722,6979.263,1.711313,0.8796355,Right,Up,0.3522151,0.2106628,Normal
387.6999,24.02469,0,0.8445883,0.3412528,0,0.979704,6980.224,1.709392,0.8800895,Right,Up,0.3483046,0.2342834,Normal
387.7399,24.02242,0,0.8381796,0.3412528,0,0.9771845,6981.185,1.712413,0.8805425,Right,Up,0.343781,0.2575836,Normal
387.7799,24.0194,0,0.8271933,0.3412528,0,0.9764829,6982.146,1.710312,0.880995,Right,Up,0.3386196,0.2804718,Normal
387.8199,24.01644,0,0.8189499,0.3412528,0,0.9729872,6983.106,1.713265,0.8814469,Right,Up,0.3357179,0.3028641,Normal
387.8599,24.01394,0,0.803386,0.3412528,0,0.9711953,6984.067,1.711278,0.881898,Right,Up,0.3286494,0.3249893,Normal
387.8999,24.01097,0,0.7896531,0.3412528,0,0.9669145,6985.027,1.713942,0.8823479,Right,Up,0.3274564,0.3464813,Normal
387.9398,24.0072,0,0.7832444,0.3412528,0,0.964492,6985.987,1.711941,0.8827975,Right,Up,0.3189811,0.3677902,Normal
387.9799,24.0038,0,0.7786667,0.3412528,0,0.9589044,6986.947,1.713996,0.8832464,Right,Up,0.3183671,0.3883896,Normal
388.0199,24.00012,0,0.7786667,0.3412528,0,0.9573144,6987.907,1.712148,0.8836941,Right,Up,0.3090104,0.4088593,Normal
388.0599,23.99528,0,0.7786667,0.3412528,0,0.9504348,6988.867,1.714231,0.8841415,Right,Up,0.3083766,0.4285202,Normal
388.0999,23.99263,0,0.7786667,0.3412528,0,0.9476732,6989.827,1.714149,0.8845881,Right,Up,0.2987072,0.4481354,Normal
388.1399,23.98641,0,0.7786667,0.3412528,0,0.9420997,6990.787,1.714439,0.8850339,Right,Up,0.2987072,0.4668655,Normal
388.1799,23.98554,0,0.7786667,0.3412528,0,0.9379666,6991.746,1.716084,0.8854787,Right,Up,0.2887141,0.4855652,Normal
388.2198,23.97828,0,0.7768357,0.3412528,0,0.9344231,6992.705,1.714972,0.8859231,Right,Up,0.2880355,0.5033875,Normal
388.2599,23.97802,0,0.7612717,0.3412528,0,0.9289503,6993.664,1.716857,0.8863667,Right,Up,0.2797648,0.5211105,Normal
388.2999,23.97287,0,0.7310593,0.3412528,0,0.9273603,6994.623,1.715684,0.8868095,Right,Up,0.2762456,0.5381165,Normal
388.3399,23.96771,0,0.7017624,0.3412528,0,0.9212993,6995.582,1.716682,0.8872513,Right,Up,0.2712421,0.5548019,Normal
388.3799,23.96827,0,0.6587327,0.3412528,0,0.9178492,6996.541,1.718392,0.8876926,Right,Up,0.2646699,0.5710449,Normal
388.4199,23.95923,0,0.6129563,0.3412528,0,0.9158605,6997.5,1.717047,0.8881332,Right,Up,0.2631872,0.5866547,Normal
388.4599,23.95761,0,0.5415416,0.3412528,0,0.9106714,6998.458,1.718171,0.8885726,Right,Up,0.25101,0.6021881,Normal
388.4998,23.95577,0,0.4692149,0.3412528,0,0.9088737,6999.416,1.719113,0.8890117,Right,Up,0.25101,0.6166611,Normal
388.5399,23.94874,0,0.4115367,0.3412528,0,0.9066443,7000.374,1.718346,0.88945,Right,Up,0.2430897,0.6311035,Normal
388.5799,23.94757,0,0.3428686,0.3412528,0,0.9022699,7001.332,1.719599,0.8898876,Right,Up,0.2373883,0.6448975,Normal
388.6199,23.94499,0,0.291599,0.3412528,0,0.9014218,7002.29,1.720579,0.890324,Right,Up,0.2382111,0.6581421,Normal
388.6599,23.93912,0,0.2439916,0.3412528,0,0.9002855,7003.248,1.719491,0.8907601,Right,Up,0.2238118,0.6713562,Normal
388.6999,23.93743,0,0.208286,0.3452201,0,0.8962578,7004.205,1.720259,0.8911953,Right,Up,0.2229358,0.6834335,Normal
388.7399,23.93799,0,0.1780736,0.3452201,0,0.8948483,7005.163,1.722204,0.8916295,Right,Up,0.220287,0.6953506,Normal
388.7799,23.93181,0,0.1240575,0.3452201,0,0.8972008,7006.12,1.720318,0.8920632,Right,Up,0.2055842,0.707222,Normal
388.8199,23.93095,0,0.07461548,0.3452201,0,0.8925729,7007.077,1.721142,0.8924961,Right,Up,0.2065338,0.7177124,Normal
388.8599,23.93251,0,-0.0050354,0.3452201,0,0.8896726,7008.034,1.722432,0.8929284,Right,Up,0.2055842,0.7281799,Normal
388.8999,23.92932,0,-0.08743465,0.3452201,0,0.8897063,7008.991,1.72335,0.8933595,Right,Up,0.1887116,0.7386475,Normal
388.9398,23.92614,0,-0.1469439,0.3452201,0,0.8909078,7009.948,1.721923,0.8937901,Right,Up,0.1866263,0.747757,Normal
388.9799,23.92626,0,-0.2128637,0.3452201,0,0.8849351,7010.905,1.722567,0.8942201,Right,Up,0.1866263,0.7566528,Normal
389.0199,23.92651,0,-0.2513158,0.3452201,0,0.8807086,7011.862,1.723682,0.8946488,Right,Up,0.1780411,0.7655258,Normal
389.0599,23.92548,0,-0.2870214,0.3452201,0,0.8779125,7012.819,1.725187,0.8950773,Right,Up,0.165511,0.7736511,Normal
389.0999,23.92303,0,-0.3108269,0.3452201,0,0.8771555,7013.776,1.724089,0.8955048,Right,Up,0.166689,0.7807465,Normal
389.1399,23.92197,0,-0.3327996,0.3452201,0,0.8726683,7014.733,1.7236,0.8959317,Right,Up,0.165511,0.7878418,Normal
389.1799,23.92289,0,-0.3620964,0.3452201,0,0.8636237,7015.69,1.724475,0.8963574,Right,Up,0.1532334,0.7949142,Normal
389.2198,23.92159,0,-0.3913933,0.3452201,0,0.8561537,7016.647,1.725473,0.8967827,Right,Up,0.1398823,0.8010025,Normal
389.2599,23.92089,0,-0.4280162,0.3452201,0,0.8493733,7017.604,1.726323,0.8972072,Right,Up,0.1412742,0.805954,Normal
389.2999,23.92051,0,-0.4545665,0.3452201,0,0.8431008,7018.561,1.726699,0.8976309,Right,Up,0.1412742,0.8108978,Normal
389.3399,23.91881,0,-0.4774547,0.3452201,0,0.8375063,7019.518,1.725993,0.8980535,Right,Up,0.1398823,0.8158417,Normal
389.3799,23.91739,0,-0.4875255,0.3452201,0,0.8285733,7020.475,1.725506,0.8984758,Right,Up,0.1153499,0.8207779,Normal
389.4199,23.91755,0,-0.4875255,0.3452201,0,0.8115357,7021.432,1.726635,0.8988972,Right,Up,0.1083524,0.8236771,Normal
389.4599,23.91644,0,-0.471046,0.3452201,0,0.7947139,7022.389,1.727577,0.8993174,Right,Up,0.1083524,0.8258133,Normal
389.4998,23.91447,0,-0.4289317,0.3452201,0,0.777844,7023.346,1.728327,0.8997373,Right,Up,0.1065312,0.8279495,Normal
389.5399,23.91366,0,-0.3749138,0.3452201,0,0.7608373,7024.303,1.728965,0.9001563,Right,Up,0.1065312,0.8300934,Normal
389.5799,23.91279,0,-0.2980095,0.3452201,0,0.7434917,7025.259,1.729543,0.9005746,Right,Up,0.1065312,0.8322296,Normal
389.6199,23.91181,0,-0.2375829,0.3452201,0,0.7257443,7026.215,1.729981,0.9009919,Right,Up,0.0656106,0.8343582,Normal
389.6599,23.91076,0,-0.1789892,0.3452201,0,0.707914,7027.171,1.730348,0.9014086,Straight,Up,0,0.8333511,Normal
389.6999,23.90965,0,-0.1542681,0.3452201,0,0.6895463,7028.127,1.730389,0.9018245,Straight,Up,0,0.8267975,Normal
389.7399,23.90849,0,-0.1542681,0.3452201,0,0.6703639,7029.083,1.730848,0.9022394,Straight,Up,0,0.8202438,Normal
389.7799,23.90728,0,-0.1542681,0.3452201,0,0.6505623,7030.04,1.731274,0.9026537,Straight,Up,0,0.8136826,Normal
389.8199,23.90607,0,-0.1716632,0.3452201,0,0.6296829,7030.996,1.731462,0.9030673,Straight,Up,0,0.8071213,Normal
389.8599,23.90484,0,-0.1899755,0.3452201,0,0.6077292,7031.952,1.731537,0.9034801,Straight,Up,0,0.80056,Normal
389.8999,23.90361,0,-0.2027929,0.3452201,0,0.5846666,7032.908,1.731672,0.9038918,Straight,Up,0,0.7939987,Normal
389.9398,23.90236,0,-0.2092016,0.3452201,0,0.5603849,7033.864,1.731945,0.904303,Straight,Up,0,0.7874374,Normal
389.9799,23.90125,0,-0.2183568,0.3452201,0,0.5349617,7034.82,1.732378,0.9047135,Straight,Up,0,0.7808685,Normal
390.0199,23.89987,0,-0.2183568,0.3452201,0,0.5083902,7035.776,1.732864,0.9051228,Straight,Up,0,0.7742996,Normal
390.0599,23.89848,0,-0.2092016,0.3452201,0,0.4806157,7036.732,1.733003,0.9055316,Straight,Up,0,0.7677383,Normal
390.0999,23.89732,0,-0.1725787,0.3452201,0,0.4516382,7037.688,1.733207,0.9059398,Straight,Up,0,0.7611694,Normal
390.1399,23.89591,0,-0.1414508,0.3452201,0,0.4216658,7038.644,1.73342,0.906347,Straight,Up,0,0.7545929,Normal
390.1799,23.89438,0,-0.1194781,0.3452201,0,0.3907532,7039.6,1.73359,0.9067532,Straight,Up,0,0.7480164,Normal
390.2198,23.893,0,-0.1194781,0.3452201,0,0.3590583,7040.556,1.733981,0.9071589,Straight,Up,0,0.7414474,Normal
390.2599,23.89164,0,-0.1295489,0.3452201,0,0.3265118,7041.512,1.734227,0.9075638,Straight,Up,0,0.7348709,Normal
390.2999,23.88949,0,-0.1524371,0.3452201,0,0.2931417,7042.468,1.734511,0.9079679,Straight,Up,0,0.7282944,Normal
390.3399,23.88783,0,-0.1615924,0.3452201,0,0.2619109,7043.423,1.735124,0.9083709,Straight,Up,0,0.7217255,Normal
390.3799,23.88871,0,-0.1725787,0.3452201,0,0.2348183,7044.378,1.737577,0.9087734,Straight,Up,0,0.7151489,Normal
390.4199,23.88878,0,-0.1780736,0.3452201,0,0.2065049,7045.333,1.739311,0.9091751,Straight,Up,0.01978234,0.70858,Normal
390.4599,23.88815,0,-0.190891,0.3452201,0,0.1766833,7046.289,1.740358,0.9095757,Straight,Up,0,0.7020035,Normal
390.4998,23.88895,0,-0.2128637,0.3452201,0,0.1459725,7047.244,1.739793,0.9099758,Straight,Up,0,0.6954117,Normal
390.5399,23.8868,0,-0.2311742,0.3452201,0,0.1162329,7048.199,1.737909,0.9103751,Straight,Up,0,0.6888275,Normal
390.5799,23.88951,0,-0.256809,0.3452201,0,0.09244356,7049.154,1.739104,0.9107736,Straight,Up,0,0.6822433,Normal
390.6199,23.89147,0,-0.2815282,0.3452201,0,0.06759843,7050.11,1.740558,0.9111711,Left,Up,-0.08846933,0.6756592,Normal
390.6599,23.89042,0,-0.3163201,0.3452201,0,0.04201952,7051.066,1.741107,0.911568,Left,Up,-0.1101434,0.6613541,Normal
390.6999,23.88887,0,-0.3447014,0.3452201,0,0.01805308,7052.021,1.739437,0.9119641,Left,Up,-0.1101434,0.6450043,Normal
390.7399,23.89209,0,-0.3575188,0.3452201,0,-0.0002925098,7052.978,1.740649,0.9123591,Left,Up,-0.1101434,0.6286545,Normal
390.7799,23.89648,0,-0.3620964,0.3452201,0,-0.02086312,7053.934,1.742964,0.9127536,Left,Up,-0.1101434,0.6122971,Normal
390.8199,23.89093,0,-0.3620964,0.3452201,0,-0.04066157,7054.89,1.740371,0.9131473,Left,Up,-0.1282043,0.595932,Normal
390.8599,23.89425,0,-0.3566033,0.3452201,0,-0.05296209,7055.846,1.741765,0.9135402,Left,Up,-0.1519511,0.5780716,Normal
390.8999,23.89995,0,-0.3456169,0.3452201,0,-0.06777743,7056.802,1.743549,0.913932,Left,Up,-0.1519511,0.5580673,Normal
390.9398,23.8957,0,-0.3382927,0.3452201,0,-0.07939374,7057.758,1.74194,0.9143233,Left,Up,-0.1519511,0.538063,Normal
390.9799,23.90158,0,-0.3208977,0.3452201,0,-0.0863795,7058.714,1.743614,0.9147137,Left,Up,-0.166689,0.5180435,Normal
391.0199,23.90324,0,-0.291599,0.3253834,0,-0.0952625,7059.67,1.742695,0.9151031,Left,Up,-0.1855749,0.4968872,Normal
391.0599,23.90214,0,-0.2430761,0.3253834,0,-0.09636551,7060.626,1.744014,0.915492,Left,Up,-0.1866263,0.4738388,Normal
391.0999,23.9005,0,-0.1899755,0.3253834,0,-0.09817907,7061.582,1.744329,0.91588,Left,Up,-0.1907741,0.4507675,Normal
391.1399,23.89798,0,-0.148775,0.3253834,0,-0.09418041,7062.538,1.744617,0.9162673,Left,Up,-0.2176059,0.4274063,Normal
391.1799,23.89663,0,-0.1057452,0.3253834,0,-0.08863667,7063.494,1.745187,0.9166535,Left,Up,-0.2176059,0.4016495,Normal
391.2198,23.89652,0,-0.08194149,0.3253834,0,-0.07802844,7064.45,1.745596,0.917039,Left,Up,-0.2264194,0.3759003,Normal
391.2599,23.89596,0,-0.05722046,0.3214161,0,-0.06521031,7065.406,1.745791,0.9174238,Left,Up,-0.2446942,0.3494186,Normal
391.2999,23.89385,0,-0.02975464,0.3214161,0,-0.04593915,7066.362,1.745463,0.9178075,Left,Up,-0.2454926,0.3211441,Normal
391.3399,23.89007,0,-0.0050354,0.3174487,0,-0.02596286,7067.318,1.744172,0.9181907,Left,Up,-0.2654082,0.2928848,Normal
391.3799,23.89242,0,0.03799438,0.3174487,0,-0.005253941,7068.274,1.747384,0.918573,Left,Up,-0.2719625,0.2629395,Normal
391.4199,23.89302,0,0.06546021,0.3174487,0,0.01467896,7069.23,1.749618,0.9189546,Left,Up,-0.2839303,0.2323608,Normal
391.4599,23.89029,0,0.1048279,0.3134814,0,0.03354913,7070.187,1.750824,0.919335,Left,Up,-0.2973941,0.2007751,Normal
391.4998,23.89112,0,0.1350439,0.3134814,0,0.05151814,7071.143,1.750818,0.9197149,Left,Up,-0.3064671,0.1679535,Normal
391.5399,23.89145,0,0.1423681,0.3134814,0,0.06884441,7072.099,1.75027,0.920094,Left,Flat,-0.3202056,0.1343155,Normal
391.5799,23.89194,0,0.1423681,0.3134814,0,0.08486271,7073.055,1.750013,0.9204723,Left,Flat,-0.3316129,0.09937286,Normal
391.6199,23.89152,0,0.1423681,0.3134814,0,0.09983262,7074.011,1.748652,0.9208494,Left,Flat,-0.3432113,0.06350708,Normal
391.6599,23.88991,0,0.1423681,0.309514,0,0.1143605,7074.967,1.746824,0.921226,Left,Flat,-0.08846933,0.02653503,Normal
391.6999,23.88342,0,0.1423681,0.309514,0,0.1269733,7075.922,1.744599,0.9216018,Right,Flat,0.06852804,-0.02001953,Normal
391.7399,23.88738,0,0.1460302,0.3055466,0,0.1349784,7076.877,1.749558,0.9219765,Right,Flat,0.06852804,-0.07120514,Normal
391.7798,23.88835,0,0.1515234,0.3055466,0,0.1429544,7077.832,1.753725,0.9223506,Right,Flat,0.06852804,-0.1223831,Normal
391.8199,23.88351,0,0.1542699,0.3055466,0,0.1507379,7078.787,1.756049,0.922724,Right,Down,0.07132626,-0.1735992,Normal
391.8599,23.88688,0,0.1643407,0.3055466,0,0.1581862,7079.742,1.756486,0.9230965,Right,Down,0.07132626,-0.2248993,Normal
391.8999,23.88944,0,0.1725805,0.3055466,0,0.165349,7080.698,1.755783,0.9234679,Right,Down,0.07132626,-0.2762375,Normal
391.9398,23.89135,0,0.1780736,0.3055466,0,0.1723169,7081.654,1.754751,0.9238388,Right,Down,0.07132626,-0.3275833,Normal
391.9799,23.89291,0,0.1826513,0.3055466,0,0.1792566,7082.61,1.753802,0.9242088,Right,Down,0.06852804,-0.3789444,Normal
392.0199,23.89425,0,0.1826513,0.3055466,0,0.1860467,7083.566,1.753007,0.9245777,Straight,Down,0.03426402,-0.4302979,Normal
392.0599,23.89547,0,0.1826513,0.3055466,0,0.1927248,7084.522,1.752441,0.9249461,Straight,Down,-0.01978234,-0.4598846,Normal
392.0999,23.89662,0,0.1826513,0.3055466,0,0.1995254,7085.478,1.752069,0.9253137,Straight,Down,0,-0.4738617,Normal
392.1399,23.8977,0,0.1826513,0.3055466,0,0.2061826,7086.434,1.751953,0.9256804,Straight,Down,-0.01978234,-0.4878387,Normal
392.1799,23.89877,0,0.1606786,0.3055466,0,0.2131064,7087.39,1.751904,0.926046,Straight,Down,0,-0.5018082,Normal
392.2198,23.89983,0,0.1414526,0.3055466,0,0.2201483,7088.346,1.752064,0.926411,Straight,Down,0,-0.5157852,Normal
392.2599,23.90087,0,0.1121521,0.3055466,0,0.2272255,7089.302,1.752336,0.9267753,Straight,Down,0,-0.5297623,Normal
392.2999,23.9019,0,0.08010864,0.3055466,0,0.2343093,7090.258,1.752546,0.9271383,Straight,Down,-0.01978234,-0.5437317,Normal
392.3399,23.90296,0,0.05264282,0.3055466,0,0.24177,7091.214,1.752906,0.927501,Straight,Down,-0.01978234,-0.5577087,Normal
392.3799,23.90401,0,0.01052856,0.3055466,0,0.249395,7092.17,1.753261,0.9278627,Straight,Down,0,-0.5716858,Normal
392.4199,23.90507,0,-0.02792358,0.3055466,0,0.2572168,7093.126,1.753526,0.9282236,Straight,Down,-0.01978234,-0.5856552,Normal
392.4599,23.90614,0,-0.04806519,0.3055466,0,0.2654629,7094.083,1.753914,0.9285834,Straight,Down,-0.01978234,-0.5996323,Normal
392.4998,23.90719,0,-0.07553279,0.297612,0,0.2738632,7095.039,1.754197,0.9289426,Straight,Down,-0.01978234,-0.6136093,Normal
392.5399,23.90697,0,-0.09018123,0.297612,0,0.2824509,7095.995,1.754488,0.929301,Straight,Down,0,-0.6275787,Normal
392.5799,23.90632,0,-0.1176471,0.2856947,0,0.2914955,7096.951,1.754656,0.9296586,Straight,Down,0,-0.6415558,Normal
392.6199,23.90394,0,-0.1368731,0.2817273,0,0.3008663,7097.907,1.755035,0.930015,Straight,Down,-0.01978234,-0.6555252,Normal
392.6599,23.89991,0,-0.1716632,0.2698253,0,0.3102483,7098.863,1.755521,0.9303709,Straight,Down,-0.01978234,-0.6695023,Normal
392.6999,23.89405,0,-0.2201879,0.2618906,0,0.3196179,7099.819,1.756094,0.9307259,Straight,Down,0,-0.6834564,Normal
392.7399,23.88593,0,-0.2604711,0.2579232,0,0.3289162,7100.774,1.7565,0.9310798,Straight,Down,0,-0.6974258,Normal
392.7798,23.8766,0,-0.3099114,0.2539559,0,0.3382638,7101.729,1.756267,0.9314332,Straight,Down,0,-0.71138,Normal
392.8199,23.86643,0,-0.3465325,0.2460212,0,0.3469077,7102.685,1.756296,0.9317856,Straight,Down,0,-0.7253265,Normal
392.8599,23.85539,0,-0.3675896,0.2460212,0,0.3555509,7103.639,1.756488,0.9321373,Straight,Down,0,-0.7392731,Normal
392.8999,23.84328,0,-0.3758293,0.2420539,0,0.3639934,7104.593,1.756744,0.932488,Straight,Down,-0.01978234,-0.753212,Normal
392.9398,23.83081,0,-0.3758293,0.2420539,0,0.3721782,7105.546,1.757036,0.9328379,Straight,Down,0,-0.7671432,Normal
392.9799,23.81801,0,-0.3758293,0.2420539,0,0.3801457,7106.499,1.757258,0.933187,Straight,Down,0,-0.7810669,Normal
393.0199,23.80506,0,-0.3758293,0.2420539,0,0.3878087,7107.451,1.757542,0.933535,Straight,Down,0,-0.7949905,Normal
393.0599,23.79217,0,-0.3758293,0.2420539,0,0.3948642,7108.403,1.757822,0.9338825,Straight,Down,0,-0.8089066,Normal
393.0999,23.77926,0,-0.3758293,0.2420539,0,0.4011138,7109.354,1.758099,0.9342291,Straight,Down,-0.01978234,-0.8228073,Normal
393.1399,23.76637,0,-0.3767449,0.2420539,0,0.4068203,7110.305,1.75832,0.9345749,Straight,Down,-0.01978234,-0.8367081,Normal
393.1799,23.75261,0,-0.3767449,0.2420539,0,0.4136627,7111.255,1.75832,0.9349195,Straight,Down,0,-0.8505859,Normal
393.2198,23.74174,0,-0.3767449,0.2420539,0,0.4261023,7112.205,1.760536,0.9352636,Straight,Down,0,-0.8644562,Normal
393.2599,23.73028,0,-0.3767449,0.2420539,0,0.4377926,7113.154,1.762434,0.9356068,Straight,Down,0,-0.8783264,Normal
393.2999,23.7176,0,-0.3767449,0.2380865,0,0.448471,7114.103,1.763421,0.9359489,Straight,Down,0,-0.8921967,Normal
393.3399,23.70615,0,-0.3767449,0.2341192,0,0.4585105,7115.051,1.763546,0.9362904,Straight,Down,-0.01978234,-0.9060669,Normal
393.3799,23.6936,0,-0.3639275,0.2301518,0,0.4674427,7115.999,1.763317,0.9366311,Straight,Down,0,-0.9199448,Normal
393.4199,23.68011,0,-0.3337151,0.2261845,0,0.4754559,7116.946,1.762926,0.9369709,Straight,Down,0,-0.9338074,Normal
393.4599,23.66564,0,-0.3053337,0.2261845,0,0.4821576,7117.893,1.762528,0.9373096,Straight,Down,0,-0.9476624,Normal
393.4998,23.65113,0,-0.2613866,0.2261845,0,0.4878936,7118.839,1.762339,0.9376477,Straight,Down,0,-0.961525,Normal
393.5399,23.63667,0,-0.2201879,0.2261845,0,0.4924796,7119.785,1.762292,0.9379849,Straight,Down,-0.01978234,-0.9753723,Normal
393.5799,23.62222,0,-0.1707476,0.2261845,0,0.4956003,7120.73,1.762178,0.9383214,Straight,Down,-0.02797646,-0.9784164,Normal
393.6199,23.60783,0,-0.1295489,0.2261845,0,0.4975429,7121.674,1.762257,0.9386567,Straight,Down,-0.02797646,-0.9803848,Normal
393.6599,23.59365,0,-0.1057452,0.2261845,0,0.4980334,7122.618,1.762649,0.9389913,Straight,Down,-0.02797646,-0.9823685,Normal
393.6999,23.57909,0,-0.07187068,0.2261845,0,0.4969141,7123.562,1.763108,0.9393252,Straight,Down,-0.02797646,-0.9843445,Normal
393.7399,23.56469,0,-0.04714966,0.2261845,0,0.4945182,7124.504,1.762505,0.9396579,Straight,Down,-0.02797646,-0.9863205,Normal
393.7798,23.5506,0,-0.01144409,0.2499886,0,0.4909318,7125.447,1.762104,0.93999,Straight,Down,-0.02797646,-0.9882965,Normal
393.8199,23.53865,0,0.02792358,0.2698253,0,0.4858836,7126.388,1.762254,0.9403213,Straight,Down,-0.02797646,-0.9902725,Normal
393.8599,23.53281,0,0.05081177,0.2737926,0,0.4795956,7127.33,1.762659,0.9406517,Straight,Down,-0.02797646,-0.9922485,Normal
393.8999,23.52901,0,0.05722046,0.2737926,0,0.4727718,7128.271,1.763084,0.9409809,Straight,Down,-0.02797646,-0.9942169,Normal
393.9398,23.52467,0,0.05813599,0.2737926,0,0.4666248,7129.212,1.76335,0.9413097,Straight,Down,-0.02797646,-0.9961853,Normal
393.9799,23.52158,0,0.05813599,0.2737926,0,0.467474,7130.153,1.764644,0.9416375,Straight,Down,-0.02797646,-0.9981613,Normal
394.0199,23.51833,0,0.04714966,0.2737926,0,0.4673985,7131.094,1.765669,0.9419641,Straight,Down,-0.03426402,-1.000137,Normal
394.0599,23.51458,0,0.04440308,0.2737926,0,0.4663358,7132.034,1.766455,0.9422902,Straight,Down,-0.02797646,-1.002098,Normal
394.0999,23.51174,0,0.03982544,0.2737926,0,0.4645458,7132.975,1.766933,0.9426155,Straight,Down,-0.02797646,-1.004074,Normal
394.1399,23.50883,0,0.03890991,0.27776,0,0.4621116,7133.915,1.767163,0.9429399,Straight,Down,-0.02797646,-1.00605,Normal
394.1799,23.50679,0,0.02883911,0.2817273,0,0.4588487,7134.855,1.767314,0.9432632,Straight,Down,-0.02797646,-1.008018,Normal
394.2198,23.50514,0,0.0151062,0.2856947,0,0.4549112,7135.796,1.767463,0.9435858,Straight,Down,-0.03426402,-1.009987,Normal
394.2599,23.50436,0,0.004119873,0.289662,0,0.4502803,7136.736,1.76757,0.9439076,Straight,Down,-0.02797646,-1.011955,Normal
394.2999,23.50511,0,-0.0151062,0.289662,0,0.4448799,7137.677,1.767941,0.9442283,Straight,Down,-0.03426402,-1.013931,Normal
394.3399,23.50528,0,-0.02151489,0.289662,0,0.4385501,7138.617,1.768433,0.9445484,Straight,Down,-0.03956468,-1.01442,Normal
394.3799,23.50577,0,-0.02151489,0.289662,0,0.4315903,7139.558,1.76756,0.9448675,Straight,Down,-0.03956468,-1.013374,Normal
394.4199,23.50564,0,-0.02151489,0.2936446,0,0.4245549,7140.498,1.767198,0.9451858,Straight,Down,-0.03956468,-1.012321,Normal
394.4599,23.50635,0,-0.02151489,0.2936446,0,0.416642,7141.438,1.767297,0.945503,Straight,Down,-0.03956468,-1.011269,Normal
394.4998,23.50677,0,-0.02426147,0.297612,0,0.4083696,7142.379,1.767465,0.9458196,Straight,Down,-0.04423466,-1.010216,Normal
394.5399,23.50813,0,-0.0352478,0.297612,0,0.4056871,7143.319,1.768107,0.9461353,Straight,Down,-0.03956468,-1.009163,Normal
394.5799,23.51015,0,-0.07003963,0.3015793,0,0.4066859,7144.26,1.76919,0.9464499,Straight,Down,-0.03956468,-1.00811,Normal
394.6199,23.51227,0,-0.1231402,0.3015793,0,0.4072135,7145.2,1.770194,0.9467639,Straight,Down,-0.03956468,-1.007057,Normal
394.6599,23.51491,0,-0.1707476,0.3015793,0,0.4073026,7146.141,1.770794,0.947077,Straight,Down,-0.03956468,-1.006004,Normal
394.6999,23.51798,0,-0.2275121,0.3015793,0,0.4069454,7147.081,1.77129,0.9473892,Straight,Down,-0.03956468,-1.004944,Normal
394.7399,23.52103,0,-0.256809,0.3015793,0,0.4058099,7148.021,1.771574,0.9477003,Straight,Down,-0.04423466,-1.003883,Normal
394.7798,23.52401,0,-0.2751195,0.3015793,0,0.4040699,7148.962,1.77167,0.9480108,Straight,Down,-0.03956468,-1.002823,Normal
394.8199,23.52732,0,-0.2787817,0.3055466,0,0.4015904,7149.904,1.772148,0.9483204,Straight,Down,-0.03956468,-1.00177,Normal
394.8599,23.53007,0,-0.2787817,0.3055466,0,0.3983042,7150.845,1.772076,0.9486291,Straight,Down,-0.03956468,-1.00071,Normal
394.8999,23.53343,0,-0.2787817,0.309514,0,0.3950544,7151.787,1.771221,0.9489368,Straight,Down,-0.04845664,-0.999649,Normal
394.9398,23.53717,0,-0.2787817,0.309514,0,0.3911867,7152.728,1.770737,0.9492437,Left,Down,-0.05233916,-0.9970856,Normal
394.9799,23.54008,0,-0.2787817,0.309514,0,0.3861462,7153.669,1.770528,0.9495499,Straight,Down,-0.04845664,-0.9939728,Normal
395.0199,23.54481,0,-0.2787817,0.3134814,0,0.3886719,7154.611,1.771511,0.9498549,Left,Down,-0.05233916,-0.9908524,Normal
395.0598,23.54934,0,-0.2623022,0.3134814,0,0.3924676,7155.553,1.772607,0.9501592,Straight,Down,-0.04845664,-0.9877396,Normal
395.0999,23.55351,0,-0.239414,0.3134814,0,0.3956453,7156.495,1.773454,0.9504626,Left,Down,-0.05233916,-0.9846191,Normal
395.1399,23.55868,0,-0.2275121,0.3174487,0,0.3980961,7157.438,1.774042,0.9507653,Straight,Down,-0.04845664,-0.9814987,Normal
395.1799,23.56476,0,-0.2265966,0.3174487,0,0.3998667,7158.38,1.774464,0.9510668,Straight,Down,-0.04845664,-0.978363,Normal
395.2198,23.57069,0,-0.2265966,0.3174487,0,0.4007086,7159.322,1.774782,0.9513676,Straight,Down,-0.04845664,-0.975235,Normal
395.2599,23.57689,0,-0.239414,0.3174487,0,0.4000937,7160.266,1.775659,0.9516675,Left,Down,-0.05233916,-0.9721069,Normal
395.2999,23.58256,0,-0.2677953,0.3174487,0,0.3988237,7161.209,1.774469,0.9519664,Left,Down,-0.05233916,-0.9689789,Normal
395.3399,23.58727,0,-0.2870214,0.3214161,0,0.3967684,7162.152,1.7735,0.9522646,Left,Down,-0.05233916,-0.9658432,Normal
395.3799,23.59221,0,-0.3099114,0.3214161,0,0.3928438,7163.096,1.772825,0.9525619,Left,Down,-0.05934703,-0.9627075,Normal
395.4199,23.59921,0,-0.3218132,0.3214161,0,0.3961241,7164.04,1.773805,0.9528583,Left,Down,-0.05934703,-0.9581451,Normal
395.4599,23.60517,0,-0.3263909,0.3214161,0,0.4002472,7164.984,1.774924,0.9531537,Left,Down,-0.06255726,-0.9532471,Normal
395.4998,23.61021,0,-0.3273064,0.3214161,0,0.4032269,7165.928,1.775886,0.9534483,Left,Down,-0.05934703,-0.948349,Normal
395.5399,23.61671,0,-0.3273064,0.3214161,0,0.4053051,7166.873,1.776555,0.9537421,Left,Down,-0.05934703,-0.9434433,Normal
395.5799,23.623,0,-0.3273064,0.3214161,0,0.4062101,7167.817,1.777053,0.9540348,Left,Down,-0.05934703,-0.9385376,Normal
395.6199,23.62949,0,-0.3273064,0.3214161,0,0.4049502,7168.763,1.778035,0.9543268,Left,Down,-0.06255726,-0.9336319,Normal
395.6599,23.63534,0,-0.3273064,0.3214161,0,0.403037,7169.708,1.776461,0.9546179,Left,Down,-0.06255726,-0.9287186,Normal
395.6999,23.64004,0,-0.3282219,0.3253834,0,0.4001627,7170.653,1.775329,0.9549081,Left,Down,-0.05934703,-0.92379,Normal
395.7399,23.6458,0,-0.3282219,0.3253834,0,0.3986029,7171.599,1.775102,0.9551973,Left,Down,-0.05934703,-0.9188766,Normal
395.7798,23.65309,0,-0.3282219,0.3253834,0,0.4021277,7172.545,1.776222,0.9554857,Left,Down,-0.06852804,-0.9139557,Normal
395.8199,23.65942,0,-0.3282219,0.3253834,0,0.4045097,7173.492,1.777433,0.9557734,Left,Down,-0.07132626,-0.9076996,Normal
395.8599,23.66488,0,-0.3282219,0.3253834,0,0.4055255,7174.438,1.778283,0.9560601,Left,Down,-0.07132626,-0.9011002,Normal
395.8999,23.67207,0,-0.3282219,0.3253834,0,0.4048653,7175.385,1.779084,0.9563456,Left,Down,-0.07132626,-0.8944931,Normal
395.9398,23.67881,0,-0.3282219,0.3253834,0,0.4020789,7176.332,1.779425,0.9566305,Left,Down,-0.07132626,-0.8878784,Normal
395.9799,23.68397,0,-0.3291374,0.3253834,0,0.3983887,7177.279,1.777901,0.9569145,Left,Down,-0.07401875,-0.8812561,Normal
396.0199,23.68851,0,-0.3291374,0.3253834,0,0.3934226,7178.227,1.776296,0.9571974,Left,Down,-0.07132626,-0.8746338,Normal
396.0598,23.69558,0,-0.3327996,0.3253834,0,0.3953721,7179.174,1.777543,0.9574797,Left,Down,-0.07132626,-0.8680115,Normal
396.0999,23.70157,0,-0.3447014,0.3293507,0,0.3964259,7180.123,1.77876,0.957761,Left,Down,-0.07661668,-0.8613892,Normal
396.1399,23.70653,0,-0.3566033,0.3293507,0,0.3962287,7181.071,1.779836,0.9580414,Left,Down,-0.08156469,-0.8543396,Normal
396.1799,23.71444,0,-0.3749138,0.3293507,0,0.3937964,7182.019,1.780994,0.9583208,Left,Down,-0.08392937,-0.8460236,Normal
396.2198,23.72092,0,-0.4005486,0.3293507,0,0.389654,7182.968,1.780354,0.9585994,Left,Down,-0.08392937,-0.8376999,Normal
396.2599,23.72478,0,-0.4298472,0.3293507,0,0.3844307,7183.917,1.778387,0.9588772,Left,Down,-0.08156469,-0.829361,Normal
396.2999,23.73208,0,-0.471046,0.3293507,0,0.3831363,7184.866,1.778176,0.9591539,Left,Down,-0.08392937,-0.8210297,Normal
396.3399,23.73903,0,-0.5067515,0.3293507,0,0.3831406,7185.815,1.779409,0.9594299,Left,Down,-0.08156469,-0.8126831,Normal
396.3799,23.7438,0,-0.5415434,0.3293507,0,0.3818136,7186.765,1.780547,0.9597049,Left,Down,-0.08156469,-0.8043518,Normal
396.4199,23.75021,0,-0.561685,0.3293507,0,0.3779064,7187.715,1.782173,0.9599791,Left,Down,-0.09278741,-0.7960052,Normal
396.4599,23.75582,0,-0.5717558,0.3293507,0,0.3723255,7188.666,1.781173,0.9602522,Left,Down,-0.09487279,-0.786171,Normal
396.4998,23.75883,0,-0.5772489,0.3293507,0,0.3653261,7189.616,1.778643,0.9605246,Left,Down,-0.09487279,-0.7760696,Normal
396.5399,23.76603,0,-0.5827421,0.3333181,0,0.3648957,7190.566,1.779606,0.9607961,Left,Down,-0.09487279,-0.7659683,Normal
396.5799,23.77257,0,-0.5845731,0.3333181,0,0.362482,7191.517,1.780878,0.9610665,Left,Down,-0.09487279,-0.7558746,Normal
396.6199,23.77813,0,-0.596475,0.3333181,0,0.3582493,7192.468,1.782572,0.9613362,Left,Down,-0.09691329,-0.7457733,Normal
396.6599,23.78414,0,-0.6065458,0.3333181,0,0.351553,7193.419,1.782605,0.961605,Left,Down,-0.1008706,-0.7356491,Normal
396.6999,23.78672,0,-0.6184477,0.3333181,0,0.3434011,7194.371,1.779823,0.9618729,Left,Down,-0.1065312,-0.7247238,Normal
396.7399,23.79426,0,-0.6266874,0.3333181,0,0.3414128,7195.322,1.78057,0.9621397,Left,Down,-0.1083524,-0.7127838,Normal
396.7798,23.801,0,-0.6431669,0.3333181,0,0.3368461,7196.274,1.781919,0.9624057,Left,Down,-0.1083524,-0.7008438,Normal
396.8199,23.80553,0,-0.6596482,0.3333181,0,0.3295458,7197.227,1.784384,0.962671,Left,Down,-0.1065312,-0.6888885,Normal
396.8599,23.80837,0,-0.6724656,0.3333181,0,0.3204528,7198.179,1.782128,0.9629353,Left,Down,-0.1083524,-0.676918,Normal
396.8999,23.81244,0,-0.6907761,0.3333181,0,0.3141714,7199.131,1.780939,0.9631984,Left,Down,-0.1186941,-0.6649399,Normal
396.9398,23.81957,0,-0.7081711,0.3333181,0,0.3083689,7200.084,1.782191,0.963461,Left,Down,-0.1219466,-0.6515274,Normal
396.9799,23.82536,0,-0.7338059,0.3333181,0,0.2994498,7201.037,1.784727,0.9637225,Left,Down,-0.1203313,-0.637619,Normal
397.0199,23.82551,0,-0.7667667,0.3333181,0,0.2885557,7201.99,1.78287,0.9639829,Left,Down,-0.1219466,-0.6236954,Normal
397.0598,23.82889,0,-0.7841617,0.3333181,0,0.2805785,7202.943,1.781763,0.9642428,Left,Down,-0.1219466,-0.6097717,Normal
397.0999,23.83528,0,-0.8043033,0.3333181,0,0.2725978,7203.896,1.782977,0.9645016,Left,Down,-0.1312212,-0.5958405,Normal
397.1399,23.84097,0,-0.8152896,0.3333181,0,0.2607882,7204.85,1.785886,0.9647596,Left,Down,-0.1370561,-0.5804977,Normal
397.1799,23.8384,0,-0.8271915,0.3333181,0,0.2471057,7205.803,1.781972,0.9650164,Left,Down,-0.1370561,-0.5645142,Normal
397.2198,23.8428,0,-0.8336002,0.3333181,0,0.2399212,7206.757,1.782845,0.9652726,Left,Down,-0.1370561,-0.5485306,Normal
397.2599,23.85122,0,-0.8381778,0.3333181,0,0.2273278,7207.711,1.785359,0.9655278,Left,Down,-0.1398823,-0.5325394,Normal
397.2999,23.84645,0,-0.8491641,0.3333181,0,0.2126074,7208.666,1.78378,0.965782,Left,Down,-0.1519511,-0.5159988,Normal
397.3399,23.8496,0,-0.862897,0.3333181,0,0.202182,7209.62,1.783262,0.9660354,Left,Down,-0.1519511,-0.4978561,Normal
397.3799,23.8571,0,-0.8793783,0.3333181,0,0.1887978,7210.574,1.785466,0.9662879,Left,Down,-0.1519511,-0.4796982,Normal
397.4199,23.85246,0,-0.903182,0.3333181,0,0.1726261,7211.528,1.783903,0.9665395,Left,Down,-0.1570175,-0.4615402,Normal
397.4599,23.85448,0,-0.9260702,0.3333181,0,0.1609908,7212.482,1.783889,0.9667901,Left,Down,-0.1690205,-0.4427948,Normal
397.4998,23.86291,0,-0.9489584,0.3333181,0,0.1452104,7213.436,1.787264,0.9670398,Left,Down,-0.1690205,-0.4223251,Normal
397.5399,23.85638,0,-0.9617758,0.3134814,0,0.1278004,7214.39,1.784141,0.9672887,Left,Down,-0.1690205,-0.4018478,Normal
397.5799,23.85185,0,-0.9617758,0.3134814,0,0.115474,7215.344,1.782853,0.9675364,Left,Down,-0.1802258,-0.3813705,Normal
397.6199,23.8527,0,-0.9617758,0.3134814,0,0.09745845,7216.298,1.783211,0.9677835,Left,Down,-0.1866263,-0.3593597,Normal
397.6599,23.8436,0,-0.9617758,0.3134814,0,0.08254045,7217.252,1.782356,0.9680297,Left,Down,-0.1866263,-0.336441,Normal
397.6999,23.83636,0,-0.9617758,0.3134814,0,0.06696421,7218.206,1.780824,0.9682749,Left,Down,-0.1938267,-0.3135376,Normal
397.7399,23.83308,0,-0.9571981,0.3134814,0,0.05162624,7219.159,1.782909,0.968519,Left,Down,-0.2055842,-0.2897644,Normal
397.7798,23.82427,0,-0.951705,0.3134814,0,0.03738353,7220.112,1.78204,0.9687624,Left,Down,-0.2055842,-0.264328,Normal
397.8199,23.81709,0,-0.9443808,0.3134814,0,0.02411559,7221.065,1.784827,0.9690049,Left,Down,-0.2148914,-0.238884,Normal
397.8599,23.81,0,-0.9269857,0.3134814,0,0.01136488,7222.017,1.784055,0.9692464,Left,Down,-0.2264194,-0.2124481,Normal
397.8999,23.80394,0,-0.8921957,0.3134814,0,-0.001176238,7222.969,1.787384,0.969487,Left,Down,-0.2255535,-0.1843262,Normal
397.9398,23.79587,0,-0.8390933,0.3134814,0,-0.01270112,7223.921,1.786371,0.9697267,Left,Down,-0.2414744,-0.1562347,Normal
397.9799,23.79101,0,-0.7988101,0.3134814,0,-0.0260295,7224.873,1.789683,0.9699655,Left,Flat,-0.2470816,-0.126236,Normal
398.0199,23.78596,0,-0.7557786,0.3134814,0,-0.0360868,7225.824,1.788861,0.9702032,Left,Flat,-0.2533378,-0.0953064,Normal
398.0598,23.78009,0,-0.7191575,0.3134814,0,-0.04998431,7226.775,1.790442,0.9704403,Left,Flat,-0.2712421,-0.06441498,Normal
398.0999,23.77677,0,-0.6834519,0.3134814,0,-0.06047475,7227.727,1.790748,0.9706763,Left,Flat,-0.272681,-0.03354645,Normal
398.1399,23.76705,0,-0.6477463,0.3134814,0,-0.07240218,7228.677,1.789052,0.9709115,Left,Flat,-0.3102743,-0.002716064,Normal
398.1799,23.7675,0,-0.6239408,0.3134814,0,-0.08719271,7229.628,1.791952,0.9711455,Left,Flat,-0.3109043,-0.01891327,Normal
398.2198,23.76106,0,-0.5845731,0.3134814,0,-0.09876952,7230.578,1.791327,0.9713789,Left,Flat,-0.2927522,-0.03588867,Normal
398.2599,23.75295,0,-0.5525297,0.3134814,0,-0.112946,7231.528,1.790337,0.9716113,Left,Flat,-0.2920831,-0.05183411,Normal
398.2999,23.7536,0,-0.4930186,0.3134814,0,-0.1281681,7232.479,1.792381,0.9718426,Left,Flat,-0.276953,-0.06774139,Normal
398.3398,23.74892,0,-0.4179454,0.3134814,0,-0.1417619,7233.429,1.792072,0.9720731,Left,Flat,-0.2741124,-0.08277893,Normal
398.3799,23.74141,0,-0.3620964,0.3134814,0,-0.157588,7234.378,1.790837,0.9723028,Left,Flat,-0.2639296,-0.09762573,Normal
398.4199,23.74302,0,-0.2787817,0.3134814,0,-0.1751033,7235.329,1.792974,0.9725314,Left,Flat,-0.2564087,-0.1119308,Normal
398.4599,23.73956,0,-0.2137792,0.3134814,0,-0.1895061,7236.278,1.792838,0.9727591,Left,Flat,-0.2533378,-0.1257629,Normal
398.4998,23.73279,0,-0.1423663,0.3134814,0,-0.205393,7237.227,1.79124,0.972986,Left,Flat,-0.2390311,-0.139473,Normal
398.5399,23.73588,0,-0.08285701,0.3134814,0,-0.225871,7238.176,1.794029,0.9732119,Left,Down,-0.2390311,-0.1523056,Normal
398.5799,23.73324,0,-0.0590533,0.3134814,0,-0.2396976,7239.125,1.793829,0.9734368,Left,Down,-0.2298502,-0.165123,Normal
398.6199,23.72935,0,-0.04806519,0.3134814,0,-0.2553475,7240.075,1.793293,0.9736609,Left,Down,-0.2211734,-0.1775055,Normal
398.6599,23.72895,0,-0.04714966,0.3134814,0,-0.2742219,7241.024,1.792923,0.9738841,Left,Down,-0.2220564,-0.1893387,Normal
398.6999,23.7297,0,-0.04714966,0.3134814,0,-0.2930894,7241.973,1.794904,0.9741064,Left,Down,-0.2112177,-0.2011566,Normal
398.7399,23.72794,0,-0.03433228,0.3134814,0,-0.3079284,7242.922,1.79475,0.9743276,Left,Down,-0.2036718,-0.2124023,Normal
398.7798,23.72478,0,-0.0151062,0.3134814,0,-0.324434,7243.872,1.793957,0.974548,Left,Down,-0.2036718,-0.2232513,Normal
398.8199,23.72513,0,0.02700806,0.3134814,0,-0.3434452,7244.821,1.793723,0.9747674,Left,Down,-0.1958353,-0.2340927,Normal
398.8599,23.7271,0,0.05813599,0.3134814,0,-0.36226,7245.77,1.795888,0.9749858,Left,Down,-0.1876719,-0.2445221,Normal
398.8999,23.72597,0,0.1002502,0.3134814,0,-0.3756,7246.719,1.795892,0.9752035,Left,Down,-0.1876719,-0.2544098,Normal
398.9398,23.72422,0,0.123142,0.3134814,0,-0.3898536,7247.668,1.795395,0.9754202,Left,Down,-0.1866263,-0.2642899,Normal
398.9799,23.72517,0,0.1240575,0.3134814,0,-0.4057694,7248.618,1.794462,0.9756359,Left,Down,-0.1713202,-0.2741394,Normal
399.0199,23.72688,0,0.1039124,0.3134814,0,-0.4236414,7249.567,1.796128,0.9758506,Left,Down,-0.1713202,-0.2830811,Normal
399.0598,23.72688,0,0.07003784,0.3134814,0,-0.4364544,7250.516,1.797108,0.9760646,Left,Down,-0.1713202,-0.2920227,Normal
399.0999,23.72602,0,0.02151489,0.3134814,0,-0.4462454,7251.465,1.796904,0.9762775,Left,Down,-0.165511,-0.3009567,Normal
399.1399,23.72666,0,-0.02792358,0.3134814,0,-0.4577457,7252.415,1.796556,0.9764896,Left,Down,-0.1545051,-0.3096313,Normal
399.1799,23.72641,0,-0.05355835,0.3134814,0,-0.4700419,7253.364,1.795961,0.9767006,Left,Down,-0.1557664,-0.3176422,Normal
399.2198,23.72723,0,-0.07095516,0.3134814,0,-0.4837298,7254.313,1.797125,0.9769108,Left,Down,-0.1545051,-0.3256454,Normal
399.2599,23.7283,0,-0.07095516,0.3134814,0,-0.4938976,7255.262,1.798397,0.9771201,Left,Down,-0.1519511,-0.3336411,Normal
399.2999,23.7275,0,-0.07095516,0.3134814,0,-0.498938,7256.211,1.798303,0.9773283,Left,Down,-0.1384764,-0.3415146,Normal
399.3398,23.72755,0,-0.0590533,0.3134814,0,-0.5049359,7257.161,1.797701,0.9775357,Left,Down,-0.1384764,-0.3485947,Normal
399.3799,23.72876,0,-0.05172729,0.3134814,0,-0.5117761,7258.11,1.797495,0.9777422,Left,Down,-0.1398823,-0.3556747,Normal
399.4199,23.72845,0,-0.03890991,0.3134814,0,-0.5185007,7259.059,1.797089,0.9779477,Left,Down,-0.1384764,-0.3627472,Normal
399.4599,23.72965,0,-0.02975464,0.3134814,0,-0.5263245,7260.008,1.798624,0.9781522,Left,Down,-0.1312212,-0.369812,Normal
399.4998,23.73071,0,-0.02243042,0.3134814,0,-0.530019,7260.958,1.799684,0.9783559,Left,Down,-0.1219466,-0.3764801,Normal
399.5399,23.73048,0,-0.01052856,0.3134814,0,-0.5282059,7261.907,1.799503,0.9785587,Left,Down,-0.1219466,-0.3826141,Normal
399.5799,23.73085,0,-0.009613037,0.3134814,0,-0.5274068,7262.856,1.799162,0.9787604,Left,Down,-0.1219466,-0.3887558,Normal
399.6199,23.73208,0,-0.005950928,0.3134814,0,-0.5272541,7263.805,1.799214,0.9789613,Left,Down,-0.1219466,-0.3948975,Normal
399.6599,23.73254,0,-0.005950928,0.3134814,0,-0.5275356,7264.754,1.799572,0.9791612,Left,Down,-0.1186941,-0.4010315,Normal
399.6999,23.73264,0,-0.005950928,0.3134814,0,-0.5277655,7265.704,1.799497,0.9793602,Left,Down,-0.1046783,-0.4070129,Normal
399.7399,23.73329,0,-0.02243042,0.3134814,0,-0.5288461,7266.653,1.800533,0.9795581,Left,Down,-0.1065312,-0.4122086,Normal
399.7798,23.73513,0,-0.04074097,0.3134814,0,-0.5277516,7267.602,1.80178,0.9797553,Left,Down,-0.1046783,-0.4174042,Normal
399.8199,23.73512,0,-0.07095516,0.3134814,0,-0.5184219,7268.551,1.80162,0.9799515,Left,Down,-0.1046783,-0.4225922,Normal
399.8599,23.7356,0,-0.09475887,0.3134814,0,-0.509811,7269.5,1.801344,0.9801467,Left,Down,-0.1046783,-0.4277878,Normal
399.8999,23.73724,0,-0.1231402,0.3134814,0,-0.5016097,7270.45,1.801001,0.980341,Left,Down,-0.1027921,-0.4329834,Normal
399.9398,23.73791,0,-0.1551837,0.3134814,0,-0.4935217,7271.399,1.800911,0.9805344,Left,Down,-0.08846933,-0.4380951,Normal
399.9799,23.73858,0,-0.1799047,0.3134814,0,-0.4859655,7272.348,1.801108,0.9807269,Left,Down,-0.08622923,-0.4423065,Normal
400.0199,23.73913,0,-0.208286,0.3134814,0,-0.4787351,7273.297,1.801038,0.9809183,Left,Down,-0.08622923,-0.4465103,Normal
400.0598,23.73989,0,-0.2183568,0.3134814,0,-0.4715926,7274.247,1.800836,0.9811089,Left,Down,-0.08846933,-0.4507141,Normal
400.0999,23.74076,0,-0.2183568,0.3134814,0,-0.4652471,7275.196,1.801863,0.9812985,Left,Down,-0.08846933,-0.4549179,Normal
400.1399,23.74265,0,-0.2183568,0.3134814,0,-0.4594789,7276.145,1.802917,0.9814873,Left,Down,-0.08846933,-0.4591141,Normal
400.1799,23.74316,0,-0.2037084,0.3134814,0,-0.4444061,7277.095,1.802848,0.9816749,Left,Down,-0.08846933,-0.4633102,Normal
400.2198,23.74387,0,-0.1853979,0.3134814,0,-0.4282026,7278.045,1.802642,0.9818617,Left,Down,-0.07401875,-0.4675064,Normal
400.2599,23.74567,0,-0.1716632,0.3134814,0,-0.4125761,7278.995,1.802385,0.9820477,Left,Down,-0.07132626,-0.470932,Normal
400.2999,23.74652,0,-0.148775,0.3134814,0,-0.397489,7279.945,1.80226,0.9822325,Left,Down,-0.06852804,-0.4740295,Normal
400.3398,23.74743,0,-0.1240557,0.3134814,0,-0.3828736,7280.896,1.802239,0.9824165,Left,Down,-0.06852804,-0.4771347,Normal
400.3799,23.74835,0,-0.1057452,0.3134814,0,-0.3687816,7281.846,1.802348,0.9825996,Left,Down,-0.06852804,-0.4802322,Normal
400.4199,23.74926,0,-0.08285701,0.3134814,0,-0.3552814,7282.796,1.802507,0.9827816,Left,Down,-0.06852804,-0.4833374,Normal
400.4599,23.75021,0,-0.07553279,0.3134814,0,-0.3421849,7283.746,1.802627,0.9829628,Left,Down,-0.07132626,-0.4864273,Normal
400.4998,23.75116,0,-0.07187068,0.3134814,0,-0.3295324,7284.696,1.802821,0.983143,Left,Down,-0.07132626,-0.4895325,Normal
400.5399,23.75209,0,-0.07187068,0.3134814,0,-0.3175273,7285.646,1.802962,0.9833224,Left,Down,-0.07132626,-0.4926224,Normal
400.5799,23.75282,0,-0.07187068,0.3134814,0,-0.3060718,7286.597,1.802947,0.9835006,Left,Down,-0.06255726,-0.4957199,Normal
400.6199,23.75406,0,-0.07003963,0.3134814,0,-0.2948262,7287.547,1.803074,0.983678,Straight,Down,-0.03956468,-0.4985962,Normal
400.6599,23.75502,0,-0.06363094,0.3134814,0,-0.2842633,7288.497,1.803798,0.9838545,Straight,Down,-0.04423466,-0.5002365,Normal
400.6999,23.75618,0,-0.04806519,0.3134814,0,-0.2744575,7289.447,1.804302,0.9840301,Straight,Down,-0.04423466,-0.5018692,Normal
400.7399,23.75777,0,-0.03433228,0.3134814,0,-0.264836,7290.397,1.804595,0.9842045,Straight,Down,-0.04423466,-0.5035095,Normal
400.7798,23.75898,0,-0.02334595,0.3134814,0,-0.252916,7291.348,1.804673,0.9843782,Straight,Down,-0.04845664,-0.5051498,Normal
400.8199,23.76014,0,-0.009613037,0.3134814,0,-0.2370426,7292.298,1.804415,0.9845509,Straight,Down,-0.04423466,-0.5067902,Normal
400.8599,23.76128,0,0.00869751,0.3134814,0,-0.2217809,7293.248,1.804167,0.9847226,Straight,Down,-0.04423466,-0.5084305,Normal
400.8999,23.76264,0,0.02700806,0.309514,0,-0.2070214,7294.198,1.804105,0.9848933,Straight,Down,-0.04423466,-0.5100708,Normal
400.9398,23.76278,0,0.04623413,0.309514,0,-0.1924904,7295.148,1.804241,0.9850632,Straight,Down,-0.04423466,-0.5117111,Normal
400.9799,23.76294,0,0.05813599,0.309514,0,-0.1784496,7296.099,1.80446,0.9852322,Straight,Down,-0.03956468,-0.5133438,Normal
401.0199,23.76308,0,0.06454468,0.309514,0,-0.1647303,7297.049,1.804629,0.9854,Straight,Down,-0.04423466,-0.5149765,Normal
401.0598,23.76327,0,0.06454468,0.309514,0,-0.1514116,7297.999,1.804908,0.985567,Straight,Down,-0.04423466,-0.5166168,Normal
401.0999,23.76346,0,0.06454468,0.309514,0,-0.13844,7298.949,1.805147,0.9857331,Straight,Down,-0.04423466,-0.5182495,Normal
401.1399,23.76368,0,0.06454468,0.309514,0,-0.1258896,7299.899,1.805401,0.9858983,Straight,Down,-0.04423466,-0.5198898,Normal
401.1799,23.76389,0,0.06454468,0.309514,0,-0.1136418,7300.85,1.805553,0.9860623,Straight,Down,-0.04423466,-0.5215225,Normal
401.2198,23.76409,0,0.06454468,0.309514,0,-0.1017376,7301.8,1.80573,0.9862256,Straight,Down,0,-0.5231628,Normal
401.2599,23.76433,0,0.06454468,0.309514,0,-0.09013757,7302.75,1.80595,0.9863879,Straight,Down,0,-0.5233459,Normal
401.2999,23.76455,0,0.06454468,0.309514,0,-0.07876572,7303.7,1.806061,0.9865491,Straight,Down,0,-0.521904,Normal
401.3398,23.76476,0,0.06454468,0.3293507,0,-0.06757364,7304.65,1.80622,0.9867095,Straight,Down,0,-0.520462,Normal
401.3799,23.7693,0,0.06454468,0.3293507,0,-0.05637845,7305.601,1.806397,0.986869,Straight,Down,0,-0.5190201,Normal
401.4199,23.77384,0,0.06454468,0.3293507,0,-0.04527742,7306.552,1.806555,0.9870275,Straight,Down,0,-0.5175781,Normal
401.4599,23.77838,0,0.06546021,0.3333181,0,-0.03448477,7307.503,1.806737,0.9871849,Straight,Down,0,-0.5161438,Normal
401.4998,23.78372,0,0.06912231,0.3333181,0,-0.02368554,7308.455,1.806901,0.9873415,Straight,Down,0,-0.5146942,Normal
401.5399,23.78909,0,0.07461548,0.3372854,0,-0.0128127,7309.406,1.806919,0.9874972,Straight,Down,0,-0.5132523,Normal
401.5799,23.79529,0,0.07644653,0.3372854,0,-0.002088636,7310.358,1.807047,0.9876518,Straight,Down,0,-0.5118103,Normal
401.6198,23.80149,0,0.0819397,0.3372854,0,0.008626521,7311.31,1.807237,0.9878055,Straight,Down,0,-0.5103683,Normal
401.6599,23.80766,0,0.08834839,0.3372854,0,0.01958305,7312.262,1.807364,0.9879583,Straight,Down,0,-0.5089188,Normal
401.6999,23.81381,0,0.09841919,0.3372854,0,0.0306403,7313.214,1.807623,0.9881102,Straight,Down,0,-0.5074768,Normal
401.7399,23.81992,0,0.1112366,0.3372854,0,0.04169562,7314.167,1.807714,0.9882609,Straight,Down,0,-0.5060349,Normal
401.7798,23.826,0,0.1176488,0.3372854,0,0.05281061,7315.121,1.807806,0.9884109,Straight,Down,0,-0.5045929,Normal
401.8199,23.83204,0,0.1295507,0.3372854,0,0.06430992,7316.074,1.807844,0.9885599,Straight,Down,0,-0.5031433,Normal
401.8599,23.8382,0,0.140537,0.3372854,0,0.07584488,7317.027,1.807894,0.9887078,Straight,Down,0,-0.5017014,Normal
401.8999,23.8443,0,0.1542699,0.3372854,0,0.08763555,7317.981,1.80837,0.9888549,Straight,Down,0,-0.5002518,Normal
401.9398,23.8503,0,0.1789892,0.3372854,0,0.09997132,7318.935,1.808711,0.989001,Straight,Down,0,-0.4988022,Normal
401.9799,23.85626,0,0.2027929,0.3372854,0,0.112452,7319.889,1.809009,0.9891462,Straight,Down,0,-0.4973679,Normal
402.0199,23.86242,0,0.2366674,0.3372854,0,0.1253705,7320.843,1.809113,0.9892903,Straight,Down,0,-0.4959183,Normal
402.0598,23.86852,0,0.2613866,0.3372854,0,0.1386256,7321.798,1.809173,0.9894336,Straight,Down,0,-0.4944687,Normal
402.0999,23.87447,0,0.2906835,0.3372854,0,0.1523317,7322.753,1.80935,0.9895759,Straight,Down,0,-0.4930191,Normal
402.1399,23.88047,0,0.3154027,0.3372854,0,0.1663606,7323.708,1.809513,0.9897172,Straight,Down,0,-0.4915695,Normal
402.1799,23.88647,0,0.3263891,0.3412528,0,0.1808299,7324.664,1.809585,0.9898576,Straight,Down,0,-0.4901199,Normal
402.2198,23.89283,0,0.3337133,0.3412528,0,0.1959847,7325.62,1.809679,0.9899971,Straight,Down,0,-0.4886703,Normal
402.2599,23.89998,0,0.3382909,0.3412528,0,0.2117887,7326.576,1.809873,0.9901356,Straight,Down,0,-0.4872208,Normal
402.2999,23.90638,0,0.3446996,0.3412528,0,0.2240257,7327.532,1.809807,0.990273,Straight,Down,0,-0.4857635,Normal
402.3398,23.91201,0,0.3511083,0.3412528,0,0.2320734,7328.488,1.809009,0.9904096,Straight,Down,0,-0.4843216,Normal
402.3799,23.91804,0,0.3575206,0.3412528,0,0.2407762,7329.445,1.808423,0.9905452,Straight,Down,0,-0.4828644,Normal
402.4199,23.92407,0,0.3675914,0.3412528,0,0.2505883,7330.402,1.808335,0.9906799,Straight,Down,0,-0.4814072,Normal
402.4599,23.92947,0,0.3740001,0.3412528,0,0.261226,7331.359,1.808676,0.9908135,Straight,Down,0,-0.4799576,Normal
402.4998,23.93482,0,0.3794932,0.3412528,0,0.2728605,7332.316,1.809093,0.9909462,Straight,Down,0,-0.478508,Normal
402.5399,23.9398,0,0.3849864,0.3412528,0,0.2857534,7333.273,1.809287,0.991078,Straight,Down,0,-0.4770508,Normal
402.5799,23.94532,0,0.3859019,0.3412528,0,0.300124,7334.231,1.809912,0.9912089,Straight,Down,0,-0.4755936,Normal
402.6198,23.95127,0,0.3859019,0.3412528,0,0.3151965,7335.189,1.811143,0.9913387,Straight,Down,0,-0.474144,Normal
402.6599,23.95762,0,0.3859019,0.3412528,0,0.3315608,7336.147,1.81196,0.9914676,Straight,Down,0,-0.4726868,Normal
402.6999,23.96294,0,0.3859019,0.3412528,0,0.3448074,7337.106,1.811955,0.9915956,Straight,Down,0,-0.4712296,Normal
402.7399,23.96757,0,0.3859019,0.3412528,0,0.3544362,7338.065,1.811018,0.9917225,Straight,Down,0,-0.4697723,Normal
402.7798,23.97301,0,0.3859019,0.3412528,0,0.3653358,7339.024,1.810174,0.9918485,Right,Down,0.05595291,-0.4676056,Normal
402.8199,23.97816,0,0.3859019,0.3412528,0,0.3774957,7339.983,1.8099,0.9919736,Right,Down,0.05595291,-0.4626312,Normal
402.8599,23.98203,0,0.3859019,0.3412528,0,0.3915342,7340.942,1.809658,0.9920977,Right,Down,0.05595291,-0.4576569,Normal
402.8999,23.98656,0,0.3859019,0.3412528,0,0.4070593,7341.901,1.810472,0.9922209,Right,Down,0.05595291,-0.4526825,Normal
402.9398,23.99306,0,0.3923106,0.3412528,0,0.4237568,7342.861,1.812098,0.9923431,Right,Down,0.05595291,-0.4477005,Normal
402.9799,23.99705,0,0.3996348,0.3412528,0,0.4375842,7343.821,1.812705,0.9924643,Right,Down,0.05934703,-0.4427185,Normal
403.0199,24.0005,0,0.4115367,0.3412528,0,0.4483385,7344.781,1.811654,0.9925846,Right,Down,0.05595291,-0.4377289,Normal
403.0598,24.00552,0,0.4280162,0.3412528,0,0.4604027,7345.741,1.810734,0.9927039,Right,Down,0.05595291,-0.4327393,Normal
403.0999,24.0094,0,0.4344249,0.3412528,0,0.4744954,7346.701,1.809894,0.9928223,Right,Down,0.05934703,-0.427742,Normal
403.1399,24.01337,0,0.4444957,0.3412528,0,0.490346,7347.661,1.810969,0.9929396,Right,Down,0.06255726,-0.4227524,Normal
403.1799,24.02,0,0.4454112,0.3412528,0,0.507709,7348.622,1.813486,0.9930561,Right,Down,0.08392937,-0.4173813,Normal
403.2198,24.02186,0,0.4454112,0.3412528,0,0.5178229,7349.583,1.812523,0.9931715,Right,Down,0.08392937,-0.4105453,Normal
403.2599,24.02473,0,0.4463267,0.3412528,0,0.5295857,7350.544,1.811504,0.9932861,Right,Down,0.08392937,-0.4036942,Normal
403.2999,24.02911,0,0.4463267,0.3412528,0,0.5435146,7351.505,1.8102,0.9933995,Right,Down,0.08392937,-0.396843,Normal
403.3398,24.03393,0,0.4509044,0.3412528,0,0.5588619,7352.466,1.811729,0.9935121,Right,Down,0.08392937,-0.3899994,Normal
403.3799,24.03815,0,0.4527354,0.3412528,0,0.5717393,7353.428,1.813269,0.9936237,Right,Down,0.08622923,-0.3831482,Normal
403.4199,24.03917,0,0.4628062,0.3452201,0,0.5817524,7354.39,1.812443,0.9937344,Right,Down,0.09065409,-0.3762817,Normal
403.4599,24.04167,0,0.4765391,0.3452201,0,0.5940785,7355.352,1.81061,0.9938441,Right,Down,0.1083524,-0.3690872,Normal
403.4998,24.05033,0,0.4875255,0.3452201,0,0.6079117,7356.313,1.812205,0.9939529,Right,Down,0.1101434,-0.3605042,Normal
403.5399,24.05348,0,0.4975963,0.3452201,0,0.6179612,7357.275,1.813055,0.9940606,Right,Down,0.1083524,-0.3519135,Normal
403.5799,24.05408,0,0.5003428,0.3452201,0,0.6269996,7358.237,1.812097,0.9941673,Right,Down,0.1101434,-0.3433151,Normal
403.6198,24.05783,0,0.5067515,0.3452201,0,0.6382072,7359.199,1.811196,0.9942732,Right,Down,0.1101434,-0.3347244,Normal
403.6599,24.06491,0,0.5104136,0.3452201,0,0.6481611,7360.162,1.813501,0.9943781,Right,Down,0.1266688,-0.3261185,Normal
403.6999,24.06608,0,0.5122447,0.3452201,0,0.653728,7361.125,1.812573,0.994482,Right,Down,0.132704,-0.3162766,Normal
403.7399,24.06496,0,0.5159068,0.3452201,0,0.6622476,7362.088,1.811402,0.994585,Right,Down,0.1341704,-0.305954,Normal
403.7798,24.07408,0,0.5168223,0.3452201,0,0.6687882,7363.051,1.813538,0.994687,Right,Down,0.1341704,-0.2956314,Normal
403.8199,24.07403,0,0.5177379,0.3452201,0,0.671561,7364.014,1.812199,0.9947881,Right,Down,0.1384764,-0.2853012,Normal
403.8599,24.07771,0,0.5223155,0.3452201,0,0.6769932,7364.977,1.812697,0.9948881,Right,Down,0.1582588,-0.2746735,Normal
403.8999,24.08138,0,0.5241466,0.3452201,0,0.6773256,7365.939,1.813097,0.9949871,Right,Down,0.1582588,-0.2626038,Normal
403.9398,24.07888,0,0.5287242,0.3491875,0,0.6779846,7366.902,1.81107,0.9950852,Right,Down,0.1582588,-0.2505417,Normal
403.9799,24.08799,0,0.5296397,0.3491875,0,0.6770695,7367.866,1.813552,0.9951824,Right,Down,0.1678588,-0.2384644,Normal
404.0199,24.08992,0,0.5305552,0.3491875,0,0.6717819,7368.83,1.814121,0.9952787,Right,Down,0.183454,-0.2257538,Normal
404.0598,24.08953,0,0.5305552,0.3531548,0,0.6671494,7369.793,1.814318,0.9953739,Right,Down,0.183454,-0.2119217,Normal
404.0999,24.0958,0,0.5305552,0.3571222,0,0.6564222,7370.757,1.81372,0.9954681,Right,Down,0.1866263,-0.1980743,Normal
404.1399,24.09986,0,0.5305552,0.3610895,0,0.6482447,7371.721,1.813372,0.9955614,Right,Down,0.20842,-0.1840897,Normal
404.1799,24.10537,0,0.5305552,0.3610895,0,0.6426661,7372.685,1.813449,0.9956537,Right,Down,0.20842,-0.1684265,Normal
404.2198,24.11061,0,0.5305552,0.3610895,0,0.6361762,7373.649,1.813578,0.9957452,Right,Down,0.2139789,-0.1527634,Normal
404.2599,24.11463,0,0.5305552,0.3650568,0,0.625568,7374.614,1.813007,0.9958355,Right,Flat,0.235734,-0.1367874,Normal
404.2999,24.11977,0,0.5305552,0.3650568,0,0.6175594,7375.579,1.812697,0.9959249,Right,Flat,0.2349025,-0.1192169,Normal
404.3398,24.12561,0,0.5342174,0.3690242,0,0.6122237,7376.544,1.812846,0.9960135,Right,Flat,0.25101,-0.1016541,Normal
404.3799,24.13217,0,0.5342174,0.3690242,0,0.6097357,7377.509,1.813413,0.9961009,Right,Flat,0.2624426,-0.08301544,Normal
404.4199,24.13745,0,0.5342174,0.3729915,0,0.6042241,7378.475,1.813647,0.9961875,Right,Flat,0.2690692,-0.06349182,Normal
404.4599,24.14283,0,0.5342174,0.3729915,0,0.5968471,7379.44,1.813279,0.996273,Right,Flat,0.2900664,-0.04351807,Normal
404.4998,24.14948,0,0.5342174,0.3729915,0,0.5921022,7380.406,1.813139,0.9963576,Right,Flat,0.268341,-0.02198792,Normal
404.5399,24.15556,0,0.5342174,0.3769741,0,0.5898454,7381.372,1.813273,0.9964412,Right,Flat,0.1690205,0.0009689331,Normal
404.5799,24.16222,0,0.5296397,0.3769741,0,0.5902914,7382.339,1.813758,0.9965239,Right,Flat,0.1690205,0.03164673,Normal
404.6198,24.16993,0,0.5241466,0.3769741,0,0.593576,7383.306,1.814375,0.9966056,Right,Flat,0.1690205,0.06233215,Normal
404.6599,24.17587,0,0.5168223,0.3769741,0,0.5929762,7384.272,1.814489,0.9966863,Right,Flat,0.1582588,0.0930481,Normal
404.6999,24.18173,0,0.5113292,0.3809415,0,0.5912549,7385.239,1.814156,0.9967661,Right,Flat,0.1341704,0.122261,Normal
404.7399,24.18952,0,0.4975963,0.3809415,0,0.5919445,7386.207,1.813787,0.9968449,Right,Flat,0.1341704,0.1476364,Normal
404.7798,24.19628,0,0.4774547,0.3809415,0,0.5954201,7387.175,1.813984,0.9969227,Right,Up,0.1341704,0.1730118,Normal
404.8199,24.20298,0,0.4527354,0.3809415,0,0.6014892,7388.143,1.814451,0.9969996,Right,Up,0.1341704,0.1983948,Normal
404.8599,24.20978,0,0.4271007,0.3849088,0,0.6101979,7389.111,1.81488,0.9970754,Right,Up,0.1186941,0.2237778,Normal
404.8998,24.2171,0,0.4032969,0.3849088,0,0.6215589,7390.08,1.815403,0.9971504,Right,Up,0.1083524,0.2462921,Normal
404.9398,24.22572,0,0.3611827,0.3849088,0,0.6347343,7391.048,1.816025,0.9972243,Right,Up,0.1083524,0.2664185,Normal
404.9799,24.23258,0,0.3135717,0.3849088,0,0.6406918,7392.018,1.815357,0.9972973,Right,Up,0.1083524,0.2865601,Normal
405.0199,24.23979,0,0.2421606,0.3849088,0,0.6491765,7392.987,1.814875,0.9973692,Right,Up,0.1083524,0.3067093,Normal
405.0598,24.24804,0,0.1643407,0.3888762,0,0.6602132,7393.957,1.81472,0.9974403,Right,Up,0.1083524,0.3268585,Normal
405.0999,24.25562,0,0.1002502,0.3888762,0,0.6733587,7394.927,1.814902,0.9975104,Right,Up,0.09487279,0.3470078,Normal
405.1399,24.26385,0,0.03341675,0.3888762,0,0.6885235,7395.898,1.815307,0.9975795,Right,Up,0.08622923,0.3639297,Normal
405.1799,24.27231,0,-0.01602173,0.3888762,0,0.7058304,7396.869,1.815635,0.9976476,Right,Up,0.08392937,0.3793488,Normal
405.2198,24.28095,0,-0.06546199,0.3888762,0,0.7249907,7397.84,1.815886,0.9977148,Right,Up,0.08392937,0.3947678,Normal
405.2599,24.28975,0,-0.1112384,0.3888762,0,0.7458957,7398.812,1.816193,0.997781,Right,Up,0.08622923,0.4101868,Normal
405.2999,24.29868,0,-0.1377887,0.3888762,0,0.7687696,7399.783,1.816427,0.9978461,Right,Up,0.08392937,0.425621,Normal
405.3398,24.30843,0,-0.1835668,0.3928435,0,0.7915094,7400.756,1.816779,0.9979104,Right,Up,0.08392937,0.4410629,Normal
405.3799,24.31736,0,-0.2183568,0.3928435,0,0.8067281,7401.729,1.816065,0.9979737,Right,Up,0.08156469,0.4565048,Normal
405.4199,24.3267,0,-0.2668798,0.3928435,0,0.8235151,7402.701,1.815611,0.998036,Right,Up,0.06255726,0.4711075,Normal
405.4599,24.33686,0,-0.3053337,0.3928435,0,0.8413368,7403.675,1.815332,0.9980973,Right,Up,0.06255726,0.4822922,Normal
405.4998,24.34597,0,-0.3291374,0.3928435,0,0.8600885,7404.648,1.815357,0.9981577,Right,Up,0.06255726,0.4934692,Normal
405.5399,24.35518,0,-0.3575188,0.3928435,0,0.8796219,7405.623,1.815588,0.9982171,Right,Up,0.0656106,0.5046539,Normal
405.5799,24.36448,0,-0.3675896,0.3928435,0,0.8998764,7406.597,1.815846,0.9982755,Right,Up,0.0656106,0.515831,Normal
405.6198,24.37375,0,-0.3685051,0.3928435,0,0.9208444,7407.572,1.816148,0.9983329,Right,Up,0.06255726,0.5270233,Normal
405.6599,24.38309,0,-0.3685051,0.3928435,0,0.9421958,7408.547,1.816361,0.9983894,Right,Up,0.0656106,0.5382156,Normal
405.6999,24.39241,0,-0.3685051,0.3928435,0,0.9638786,7409.523,1.816397,0.9984449,Right,Up,0.06255726,0.549408,Normal
405.7399,24.40164,0,-0.3685051,0.3928435,0,0.98582,7410.499,1.816529,0.9984994,Right,Up,0.0656106,0.5606079,Normal
405.7798,24.4108,0,-0.3685051,0.3928435,0,1.007811,7411.475,1.816606,0.998553,Right,Up,0.05934703,0.5718079,Normal
405.8199,24.41991,0,-0.3639275,0.3928435,0,1.029495,7412.452,1.816648,0.9986056,Straight,Up,0.04423466,0.5816193,Normal
405.8599,24.42893,0,-0.3401238,0.3928435,0,1.05107,7413.429,1.81671,0.9986572,Straight,Up,0.04845664,0.5888824,Normal
405.8998,24.43855,0,-0.3208977,0.3928435,0,1.070946,7414.406,1.817007,0.9987078,Straight,Up,0.04423466,0.5961456,Normal
405.9398,24.44654,0,-0.2925146,0.3928435,0,1.080729,7415.384,1.816298,0.9987575,Straight,Up,0.04423466,0.6034088,Normal
405.9799,24.45464,0,-0.2787817,0.3928435,0,1.089921,7416.362,1.815704,0.9988062,Straight,Up,0.04845664,0.6106796,Normal
406.0199,24.46348,0,-0.2613866,0.3928435,0,1.098526,7417.34,1.815487,0.9988539,Straight,Up,0.04845664,0.6179428,Normal
406.0598,24.47123,0,-0.2513158,0.3928435,0,1.106477,7418.319,1.815578,0.9989007,Straight,Up,0.04423466,0.6252213,Normal
406.0999,24.47899,0,-0.2430761,0.3928435,0,1.113618,7419.298,1.815756,0.9989464,Straight,Up,0.04845664,0.6324844,Normal
406.1399,24.48677,0,-0.2275121,0.3928435,0,1.119947,7420.278,1.815927,0.9989913,Straight,Up,0.04845664,0.6397629,Normal
406.1799,24.49457,0,-0.2128637,0.3928435,0,1.125201,7421.257,1.816185,0.9990351,Straight,Up,0.04423466,0.6470337,Normal
406.2198,24.50239,0,-0.1799047,0.3928435,0,1.129682,7422.237,1.816384,0.999078,Straight,Up,0.04423466,0.6543121,Normal
406.2599,24.51019,0,-0.1359576,0.3928435,0,1.133205,7423.218,1.816552,0.9991199,Straight,Up,0.04423466,0.6615906,Normal
406.2999,24.51801,0,-0.09475887,0.3928435,0,1.135853,7424.198,1.816703,0.9991608,Straight,Up,0.04423466,0.668869,Normal
406.3398,24.52581,0,-0.03890991,0.3928435,0,1.137585,7425.179,1.816735,0.9992008,Straight,Up,0.03426402,0.6761551,Normal
406.3799,24.53365,0,0.004119873,0.3928435,0,1.138419,7426.161,1.816763,0.9992397,Straight,Up,0.02797646,0.6818008,Normal
406.4199,24.54144,0,0.06271362,0.3928435,0,1.138459,7427.142,1.816869,0.9992777,Straight,Up,0.02797646,0.6850357,Normal
406.4599,24.54927,0,0.110321,0.3928435,0,1.137629,7428.124,1.816865,0.9993147,Straight,Up,0.02797646,0.6882782,Normal
406.4998,24.55713,0,0.1414526,0.3928435,0,1.135918,7429.106,1.816988,0.9993508,Straight,Up,0.01978234,0.6915131,Normal
406.5399,24.56503,0,0.1826513,0.3928435,0,1.13332,7430.089,1.817028,0.9993859,Straight,Up,0.02797646,0.6947556,Normal
406.5799,24.57295,0,0.206455,0.3928435,0,1.129753,7431.072,1.816974,0.99942,Straight,Up,0.02797646,0.6979904,Normal
406.6198,24.58087,0,0.2320898,0.3928435,0,1.125756,7432.055,1.817083,0.9994531,Straight,Up,0.02797646,0.7012405,Normal
406.6599,24.5888,0,0.2485693,0.3928435,0,1.121064,7433.039,1.817178,0.9994853,Straight,Up,0.01978234,0.704483,Normal
406.6999,24.59675,0,0.2494848,0.3928435,0,1.115726,7434.022,1.817226,0.9995165,Straight,Up,0.02797646,0.7077255,Normal
406.7399,24.6047,0,0.2494848,0.3928435,0,1.109982,7435.006,1.817255,0.9995466,Straight,Up,0.03426402,0.710968,Normal
406.7798,24.6126,0,0.2494848,0.3928435,0,1.103853,7435.991,1.817344,0.9995759,Straight,Up,0.02797646,0.7142181,Normal
406.8199,24.61993,0,0.2494848,0.3928435,0,1.097486,7436.975,1.817262,0.9996042,Straight,Up,0.02797646,0.7174606,Normal
406.8599,24.62836,0,0.2494848,0.3928435,0,1.083284,7437.96,1.817662,0.9996315,Straight,Up,0.02797646,0.7207108,Normal
406.8998,24.63668,0,0.2494848,0.3928435,0,1.066277,7438.946,1.818092,0.9996578,Straight,Up,0.02797646,0.7239532,Normal
406.9398,24.6443,0,0.2366674,0.3928435,0,1.04914,7439.931,1.818323,0.9996831,Straight,Up,0.02797646,0.7272034,Normal
406.9799,24.65275,0,0.2302587,0.3928435,0,1.032102,7440.917,1.818484,0.9997075,Straight,Up,0.01978234,0.7304535,Normal
407.0199,24.66102,0,0.2137792,0.3928435,0,1.014923,7441.904,1.818441,0.9997308,Straight,Up,0.01978234,0.7337036,Normal
407.0598,24.66922,0,0.1963842,0.3928435,0,0.9979647,7442.89,1.818381,0.9997532,Straight,Up,0.02797646,0.7369537,Normal
407.0999,24.67729,0,0.1826513,0.3928435,0,0.981131,7443.877,1.818256,0.9997747,Straight,Up,0.02797646,0.7402115,Normal
407.1399,24.68532,0,0.1533544,0.3928435,0,0.9645028,7444.865,1.818123,0.9997951,Straight,Up,0.02797646,0.7434616,Normal
407.1799,24.69328,0,0.1368749,0.3928435,0,0.9482466,7445.852,1.818067,0.9998146,Straight,Up,0.02797646,0.7467117,Normal
407.2198,24.7012,0,0.1222265,0.3928435,0,0.9321129,7446.84,1.817996,0.9998332,Straight,Up,0.02797646,0.7499695,Normal
407.2599,24.70908,0,0.1130676,0.3729915,0,0.9163972,7447.829,1.817964,0.9998507,Straight,Up,0.01978234,0.7532272,Normal
407.2999,24.71482,0,0.1130676,0.3729915,0,0.9011273,7448.817,1.817948,0.9998673,Straight,Up,0,0.7555008,Normal
407.3398,24.71832,0,0.1057434,0.3729915,0,0.8863822,7449.805,1.818013,0.9998829,Straight,Up,0,0.7504501,Normal
407.3799,24.72178,0,0.09475708,0.3729915,0,0.8722402,7450.794,1.81809,0.9998975,Straight,Up,0,0.7453918,Normal
407.4199,24.72528,0,0.06271362,0.3729915,0,0.8586231,7451.784,1.818045,0.9999112,Straight,Up,0,0.7403488,Normal
407.4599,24.72872,0,0.01419067,0.3729915,0,0.8453878,7452.773,1.817951,0.9999238,Straight,Up,0,0.7352982,Normal
407.4998,24.73216,0,-0.02243042,0.3729915,0,0.8325026,7453.762,1.817916,0.9999356,Straight,Up,0,0.7302475,Normal
407.5399,24.73561,0,-0.05813599,0.3690242,0,0.8199983,7454.751,1.818,0.9999463,Straight,Up,0,0.7251892,Normal
407.5799,24.73821,0,-0.07187068,0.3690242,0,0.8080581,7455.741,1.817989,0.999956,Straight,Up,0,0.7201462,Normal
407.6198,24.74082,0,-0.07187068,0.3690242,0,0.7964143,7456.73,1.818042,0.9999648,Straight,Up,0,0.7150879,Normal
407.6599,24.7434,0,-0.07187068,0.3690242,0,0.7850982,7457.719,1.818031,0.9999726,Straight,Up,0,0.7100372,Normal
407.6999,24.746,0,-0.07187068,0.3690242,0,0.7743533,7458.709,1.818097,0.9999794,Straight,Up,0,0.7049789,Normal
407.7399,24.74864,0,-0.07187068,0.3690242,0,0.763981,7459.7,1.81806,0.9999852,Straight,Up,0,0.6999283,Normal
407.7798,24.75122,0,-0.07644832,0.3690242,0,0.7540418,7460.69,1.818037,0.9999901,Straight,Up,0,0.69487,Normal
407.8199,24.75382,0,-0.07644832,0.3690242,0,0.7443808,7461.68,1.818103,0.999994,Straight,Up,0,0.6898193,Normal
407.8599,24.7564,0,-0.07644832,0.3690242,0,0.735031,7462.67,1.818114,0.999997,Straight,Up,0,0.684761,Normal
407.8998,24.759,0,-0.07736385,0.3690242,0,0.7259004,7463.661,1.818082,0.9999989,Straight,Up,0,0.6797028,Normal
407.9398,24.76159,0,-0.08194149,0.3690242,0,0.7169543,7464.651,1.818079,0.9999999,Straight,Up,0,0.6746521,Normal
407.9799,24.76415,0,-0.0892657,0.3690242,0,0.7079741,7465.641,1.818072,0.9999999,Straight,Up,0,0.6695862,Normal
408.0199,24.7667,0,-0.09475887,0.3690242,0,0.6992275,7466.631,1.817991,0.9999989,Straight,Up,0,0.6645355,Normal
408.0598,24.76927,0,-0.100252,0.3690242,0,0.6906586,7467.622,1.817936,0.999997,Straight,Up,0,0.6594696,Normal
408.0999,24.77181,0,-0.1057452,0.3690242,0,0.6819798,7468.613,1.817977,0.999994,Straight,Up,0,0.6544113,Normal
408.1399,24.77434,0,-0.1066607,0.3690242,0,0.6733208,7469.604,1.818,0.9999901,Straight,Up,0,0.649353,Normal
408.1799,24.77688,0,-0.1066607,0.3690242,0,0.6648135,7470.596,1.817943,0.9999852,Straight,Up,0,0.6442947,Normal
408.2198,24.77936,0,-0.1066607,0.3690242,0,0.6562223,7471.587,1.818015,0.9999794,Straight,Up,0,0.6392365,Normal
408.2599,24.78188,0,-0.1066607,0.3690242,0,0.647459,7472.578,1.81798,0.9999726,Straight,Up,0,0.6341705,Normal
408.2999,24.78434,0,-0.1066607,0.3690242,0,0.6386241,7473.569,1.817885,0.9999648,Straight,Up,0,0.6291122,Normal
408.3398,24.78682,0,-0.1066607,0.3690242,0,0.6296368,7474.561,1.817824,0.999956,Straight,Up,0,0.624054,Normal
408.3799,24.78929,0,-0.1066607,0.3690242,0,0.6203811,7475.552,1.817846,0.9999463,Straight,Up,0,0.6189804,Normal
408.4199,24.79172,0,-0.1066607,0.3690242,0,0.6109286,7476.543,1.817854,0.9999356,Straight,Up,0,0.6139221,Normal
408.4599,24.79416,0,-0.1066607,0.3690242,0,0.6012359,7477.535,1.81776,0.9999238,Straight,Up,0,0.6088562,Normal
408.4998,24.79656,0,-0.1066607,0.3690242,0,0.5913142,7478.527,1.817745,0.9999112,Straight,Up,0,0.6037903,Normal
408.5399,24.79897,0,-0.1066607,0.3690242,0,0.5809504,7479.52,1.817653,0.9998975,Straight,Up,0,0.598732,Normal
408.5799,24.80139,0,-0.0956744,0.3690242,0,0.5703341,7480.512,1.817659,0.9998829,Straight,Up,0,0.5936661,Normal
408.6198,24.80377,0,-0.07187068,0.3690242,0,0.5593333,7481.504,1.817563,0.9998673,Straight,Up,0,0.5885925,Normal
408.6599,24.80614,0,-0.03433228,0.3690242,0,0.5479677,7482.496,1.817587,0.9998507,Straight,Up,0,0.5835342,Normal
408.6999,24.80852,0,0.004119873,0.3690242,0,0.536332,7483.488,1.817546,0.9998332,Straight,Up,0,0.5784683,Normal
408.7399,24.81089,0,0.04714966,0.3690242,0,0.5244821,7484.48,1.817576,0.9998147,Straight,Up,0,0.5733948,Normal
408.7798,24.81325,0,0.0819397,0.3690242,0,0.5124164,7485.473,1.817576,0.9997952,Straight,Up,0,0.5683289,Normal
408.8199,24.81561,0,0.09933472,0.3690242,0,0.5000635,7486.465,1.817539,0.9997747,Straight,Up,0,0.5632629,Normal
408.8599,24.818,0,0.1121521,0.3690242,0,0.4875189,7487.458,1.817525,0.9997533,Straight,Up,0,0.558197,Normal
408.8998,24.82039,0,0.1167297,0.3690242,0,0.4745412,7488.451,1.817509,0.9997308,Straight,Up,0,0.5531158,Normal
408.9398,24.82274,0,0.1167297,0.3690242,0,0.4613681,7489.444,1.817547,0.9997075,Straight,Up,0,0.5480499,Normal
408.9799,24.82512,0,0.1121521,0.3690242,0,0.447645,7490.437,1.817487,0.9996831,Straight,Up,0,0.542984,Normal
409.0199,24.82751,0,0.1121521,0.3690242,0,0.4337978,7491.43,1.817435,0.9996578,Straight,Up,0,0.5379105,Normal
409.0598,24.82988,0,0.1121521,0.3690242,0,0.4198965,7492.423,1.817494,0.9996315,Straight,Up,0,0.5328369,Normal
409.0999,24.83225,0,0.1112366,0.3690242,0,0.4058839,7493.417,1.817436,0.9996042,Straight,Up,0,0.5277634,Normal
409.1399,24.8346,0,0.1048279,0.3690242,0,0.3918105,7494.41,1.81733,0.999576,Straight,Up,0,0.5226974,Normal
409.1798,24.83694,0,0.1002502,0.3690242,0,0.3775844,7495.403,1.81733,0.9995466,Straight,Up,0,0.5176239,Normal
409.2198,24.83929,0,0.1002502,0.3690242,0,0.3634122,7496.396,1.817388,0.9995165,Straight,Up,0,0.5125504,Normal
409.2599,24.84164,0,0.09933472,0.3690242,0,0.3492524,7497.39,1.817345,0.9994853,Straight,Up,0,0.5074768,Normal
409.2999,24.84397,0,0.09384155,0.3690242,0,0.3350113,7498.384,1.817339,0.9994532,Straight,Up,0,0.5024033,Normal
409.3398,24.84628,0,0.08651733,0.3690242,0,0.3208879,7499.378,1.817226,0.99942,Straight,Up,0,0.4973297,Normal
409.3799,24.84858,0,0.06912231,0.3690242,0,0.3067246,7500.372,1.817267,0.999386,Straight,Up,0,0.4922562,Normal
409.4199,24.85087,0,0.05264282,0.3690242,0,0.2926419,7501.366,1.817299,0.9993508,Straight,Up,0,0.4871826,Normal
409.4599,24.85316,0,0.02700806,0.3690242,0,0.2785654,7502.36,1.817225,0.9993148,Straight,Up,0,0.4821014,Normal
409.4998,24.85544,0,0.0050354,0.3650568,0,0.2645091,7503.354,1.817298,0.9992778,Straight,Up,0,0.4770203,Normal
409.5399,24.85685,0,-0.01602173,0.3650568,0,0.2505093,7504.349,1.817203,0.9992397,Straight,Up,0,0.4719467,Normal
409.5799,24.85533,0,-0.02426147,0.3650568,0,0.2366125,7505.343,1.816648,0.9992008,Straight,Up,0,0.4668732,Normal
409.6198,24.8578,0,-0.02792358,0.3650568,0,0.2265362,7506.337,1.817974,0.9991608,Straight,Up,0,0.4618073,Normal
409.6599,24.86278,0,-0.02792358,0.3650568,0,0.2190011,7507.331,1.820719,0.9991199,Straight,Up,0,0.4567413,Normal
409.6999,24.86359,0,-0.02792358,0.3650568,0,0.2115535,7508.325,1.822569,0.999078,Straight,Up,0,0.4516602,Normal
409.7399,24.86789,0,-0.02883911,0.3610895,0,0.2042435,7509.32,1.82281,0.9990352,Straight,Up,0,0.4465866,Normal
409.7798,24.87243,0,-0.0352478,0.3610895,0,0.197126,7510.315,1.822207,0.9989914,Straight,Up,0,0.4415054,Normal
409.8199,24.8763,0,-0.0453186,0.3610895,0,0.189897,7511.31,1.821248,0.9989465,Straight,Up,0,0.4364243,Normal
409.8599,24.8798,0,-0.05813599,0.3571222,0,0.1828589,7512.305,1.820099,0.9989008,Straight,Up,0,0.4313431,Normal
409.8998,24.88223,0,-0.07095516,0.3571222,0,0.1758724,7513.3,1.819282,0.998854,Straight,Up,0,0.4262619,Normal
409.9398,24.88447,0,-0.08835018,0.3571222,0,0.168808,7514.295,1.818486,0.9988062,Straight,Up,0,0.4211807,Normal
409.9799,24.88665,0,-0.100252,0.3571222,0,0.1617339,7515.291,1.817752,0.9987576,Straight,Up,0,0.4160995,Normal
410.0199,24.8888,0,-0.1112384,0.3571222,0,0.1545866,7516.286,1.81728,0.9987079,Straight,Up,0,0.4110107,Normal
410.0598,24.89093,0,-0.1130694,0.3571222,0,0.1473943,7517.281,1.816958,0.9986572,Straight,Up,-0.03956468,0.4046097,Normal
410.0999,24.89304,0,-0.1139849,0.3571222,0,0.1401951,7518.277,1.816687,0.9986057,Straight,Up,-0.03426402,0.3845062,Normal
410.1399,24.89423,0,-0.1139849,0.3571222,0,0.1331276,7519.273,1.8164,0.998553,Straight,Up,-0.03426402,0.3644104,Normal
410.1798,24.89589,0,-0.1139849,0.3571222,0,0.1294292,7520.27,1.816767,0.9984995,Straight,Up,-0.03426402,0.3443298,Normal
410.2198,24.90049,0,-0.1139849,0.3571222,0,0.1299898,7521.266,1.818689,0.998445,Straight,Up,-0.03426402,0.3242416,Normal
410.2599,24.9033,0,-0.1139849,0.3571222,0,0.1303331,7522.262,1.82004,0.9983895,Straight,Up,-0.03956468,0.3041611,Normal
410.2999,24.90639,0,-0.1139849,0.3571222,0,0.1304439,7523.258,1.820329,0.998333,Straight,Up,-0.03426402,0.28405,Normal
410.3398,24.91121,0,-0.1139849,0.3571222,0,0.1304063,7524.254,1.819909,0.9982756,Straight,Up,-0.03956468,0.2639389,Normal
410.3799,24.91561,0,-0.1057452,0.3571222,0,0.1299259,7525.25,1.819224,0.9982172,Straight,Up,-0.03426402,0.2438202,Normal
410.4199,24.91974,0,-0.09384334,0.3571222,0,0.1293695,7526.248,1.818448,0.9981577,Straight,Up,-0.03426402,0.2236938,Normal
410.4599,24.92369,0,-0.07003963,0.3571222,0,0.1285761,7527.245,1.817782,0.9980974,Straight,Up,-0.03956468,0.2035599,Normal
410.4998,24.92756,0,-0.04714966,0.3571222,0,0.1273789,7528.242,1.817123,0.998036,Straight,Up,-0.03426402,0.1834335,Normal
410.5399,24.93136,0,-0.0151062,0.3571222,0,0.1259826,7529.239,1.816655,0.9979737,Straight,Up,-0.03426402,0.1632996,Normal
410.5799,24.93512,0,0.02059937,0.3571222,0,0.1243349,7530.236,1.816315,0.9979105,Straight,Flat,-0.03956468,0.1431656,Normal
410.6198,24.93887,0,0.03982544,0.3571222,0,0.1224543,7531.233,1.815998,0.9978462,Straight,Flat,0,0.123024,Normal
410.6599,24.9426,0,0.06454468,0.3571222,0,0.1204059,7532.231,1.81591,0.997781,Straight,Flat,0,0.1172638,Normal
410.6999,24.94633,0,0.08010864,0.3571222,0,0.1180825,7533.229,1.815794,0.9977148,Straight,Flat,0,0.1127014,Normal
410.7399,24.95005,0,0.09475708,0.3491875,0,0.1154503,7534.227,1.815659,0.9976476,Straight,Flat,-0.01978234,0.1081467,Normal
410.7798,24.95253,0,0.1121521,0.3412528,0,0.1126426,7535.225,1.815538,0.9975795,Straight,Flat,0,0.1035843,Normal
410.8199,24.95328,0,0.1240575,0.3372854,0,0.1097857,7536.223,1.815452,0.9975104,Straight,Flat,0,0.09902191,Normal
410.8599,24.95272,0,0.1368749,0.3293507,0,0.1066653,7537.221,1.815376,0.9974405,Straight,Flat,0,0.09446716,Normal
410.8998,24.95087,0,0.1469457,0.3253834,0,0.103247,7538.219,1.815278,0.9973694,Straight,Flat,0,0.08990479,Normal
410.9398,24.94815,0,0.1542699,0.3253834,0,0.09977025,7539.217,1.815301,0.9972973,Straight,Flat,0,0.08535004,Normal
410.9799,24.945,0,0.1542699,0.3174487,0,0.09615088,7540.215,1.815147,0.9972243,Straight,Flat,0,0.08078766,Normal
411.0199,24.94056,0,0.1542699,0.3134814,0,0.0925931,7541.213,1.815112,0.9971504,Straight,Flat,0,0.07622528,Normal
411.0598,24.93527,0,0.1542699,0.309514,0,0.08902022,7542.21,1.815008,0.9970756,Straight,Flat,0,0.07167053,Normal
411.0999,24.92871,0,0.1542699,0.3015793,0,0.0854086,7543.208,1.814949,0.9969996,Straight,Flat,0,0.06710815,Normal
411.1399,24.92085,0,0.1460302,0.2936446,0,0.08189306,7544.205,1.814887,0.9969228,Straight,Flat,0,0.06256104,Normal
411.1798,24.91127,0,0.123142,0.2856947,0,0.07854217,7545.201,1.81486,0.996845,Straight,Flat,0,0.05800629,Normal
411.2198,24.90219,0,0.09933472,0.2817273,0,0.07419714,7546.197,1.813118,0.9967662,Straight,Flat,-0.01978234,0.05345917,Normal
411.2599,24.88868,0,0.06362915,0.27776,0,0.07127127,7547.193,1.816462,0.9966864,Straight,Flat,0,0.04891205,Normal
411.2999,24.87452,0,0.03341675,0.27776,0,0.06850114,7548.188,1.815827,0.9966057,Straight,Flat,0,0.04436493,Normal
411.3398,24.86232,0,-0.004119873,0.27776,0,0.06449124,7549.182,1.814648,0.996524,Straight,Flat,0,0.03981781,Normal
411.3799,24.84735,0,-0.02883911,0.27776,0,0.06162193,7550.176,1.813866,0.9964414,Straight,Flat,0,0.03527069,Normal
411.4199,24.83375,0,-0.04074097,0.27776,0,0.05915672,7551.169,1.81348,0.9963577,Straight,Flat,0,0.0307312,Normal
411.4599,24.82019,0,-0.05172729,0.27776,0,0.05672985,7552.163,1.813362,0.9962731,Straight,Flat,0,0.02619934,Normal
411.4998,24.80668,0,-0.05813599,0.309514,0,0.05460015,7553.155,1.813481,0.9961876,Straight,Flat,0,-0.08359528,TransSharp
411.5399,24.7966,0,-0.05813599,0.309514,0,0.05256963,7554.147,1.813569,0.996101,Straight,Flat,-0.01978234,-0.09407806,TransSharp
411.5799,24.79014,0,-0.06363094,0.3134814,0,0.05068013,7555.139,1.813573,0.9960136,Straight,Flat,0,-0.1045532,TransSharp
411.6198,24.7842,0,-0.07003963,0.3174487,0,0.04902774,7556.13,1.813711,0.9959251,Straight,Flat,0,-0.1150284,TransSharp
411.6599,24.77961,0,-0.07644832,0.3214161,0,0.04743966,7557.121,1.813834,0.9958356,Straight,Flat,-0.01978234,-0.1255035,TransSharp
411.6999,24.77548,0,-0.08835018,0.3214161,0,0.04593566,7558.112,1.81377,0.9957453,Straight,Flat,0,-0.1359634,TransSharp
411.7399,24.77181,0,-0.09384334,0.3253834,0,0.04429838,7559.104,1.813668,0.9956539,Straight,Flat,0,-0.1464386,TransSharp
411.7798,24.76901,0,-0.09475887,0.3293507,0,0.04270953,7560.095,1.813642,0.9955615,Straight,Down,0,-0.1568985,TransSharp
411.8199,24.76695,0,-0.09475887,0.3333181,0,0.04113734,7561.085,1.813567,0.9954683,Straight,Down,0,-0.1673737,TransSharp
411.8599,24.76592,0,-0.09475887,0.3333181,0,0.03993824,7562.075,1.813026,0.995374,Straight,Down,-0.01978234,-0.1778336,TransSharp
411.8998,24.76522,0,-0.100252,0.3333181,0,0.03894913,7563.065,1.813408,0.9952787,Straight,Down,-0.01978234,-0.1882935,TransSharp
411.9398,24.76425,0,-0.1066607,0.3333181,0,0.03817078,7564.056,1.81407,0.9951826,Straight,Down,-0.01978234,-0.1987534,TransSharp
411.9799,24.76336,0,-0.1185626,0.3333181,0,0.03733549,7565.046,1.814308,0.9950854,Straight,Down,0,-0.2092209,TransSharp
412.0199,24.76305,0,-0.1304644,0.3333181,0,0.03625146,7566.036,1.814225,0.9949872,Straight,Down,0,-0.2196732,TransSharp
412.0598,24.76255,0,-0.1368731,0.3333181,0,0.03506786,7567.026,1.814028,0.9948882,Straight,Down,0,-0.2301407,TransSharp
412.0999,24.76196,0,-0.1377887,0.3333181,0,0.03346971,7568.017,1.813863,0.9947881,Straight,Down,0,-0.2406006,TransSharp
412.1399,24.75939,0,-0.1377887,0.3333181,0,0.03136712,7569.007,1.812835,0.9946871,Left,Down,-0.07661668,-0.2510605,TransSharp
412.1798,24.76124,0,-0.1377887,0.3333181,0,0.0349462,7569.997,1.814745,0.9945851,Left,Down,-0.1186941,-0.3114166,TransSharp
412.2198,24.76287,0,-0.1377887,0.3333181,0,0.03882477,7570.987,1.816276,0.9944822,Left,Down,-0.1203313,-0.4090652,TransSharp
412.2599,24.76184,0,-0.1130694,0.3333181,0,0.04236433,7571.978,1.816893,0.9943782,Left,Down,-0.1203313,-0.5067368,TransSharp
412.2999,24.76143,0,-0.09384334,0.3333181,0,0.04692942,7572.968,1.816098,0.9942734,Left,Down,-0.1203313,-0.6044083,TransSharp
412.3398,24.76387,0,-0.06363094,0.3333181,0,0.05034152,7573.958,1.818451,0.9941676,Left,Down,-0.1083524,-0.7020035,TransSharp
412.3799,24.76989,0,-0.02243042,0.3333181,0,0.05789834,7574.949,1.821109,0.9940608,Left,Down,-0.08392937,-0.7906036,TransSharp
412.4199,24.773,0,0.004119873,0.3333181,0,0.06837562,7575.94,1.822488,0.993953,Left,Down,-0.08392937,-0.862236,TransSharp
412.4598,24.77724,0,0.02334595,0.3333181,0,0.07755849,7576.931,1.822545,0.9938442,Left,Down,-0.08392937,-0.93396,TransSharp
412.4998,24.78437,0,0.03890991,0.3333181,0,0.0860897,7577.922,1.821367,0.9937345,Left,Down,-0.08392937,-1.00576,TransSharp
412.5399,24.79039,0,0.0453186,0.3333181,0,0.09446904,7578.914,1.819302,0.9936239,Left,Down,-0.08392937,-1.077606,TransSharp
412.5799,24.79554,0,0.04714966,0.3333181,0,0.1035419,7579.906,1.817444,0.9935123,Left,Down,-0.08392937,-1.149437,TransSharp
412.6198,24.80246,0,0.05172729,0.3333181,0,0.1115997,7580.898,1.818102,0.9933997,Left,Down,-0.08392937,-1.221245,TransSharp
412.6599,24.80433,0,0.05813599,0.3333181,0,0.11959,7581.89,1.817331,0.9932861,Straight,Down,-0.03426402,-1.292953,TransSharp
412.6999,24.81512,0,0.06454468,0.3333181,0,0.1319184,7582.882,1.8211,0.9931717,Straight,Down,0.01978234,-1.326859,TransSharp
412.7399,24.82627,0,0.07095337,0.3333181,0,0.143164,7583.875,1.823472,0.9930562,Straight,Down,0.01978234,-1.344841,TransSharp
412.7798,24.83209,0,0.07644653,0.3333181,0,0.1538822,7584.869,1.823984,0.9929398,Straight,Down,0,-1.362862,TransSharp
412.8199,24.84524,0,0.08010864,0.3333181,0,0.1645199,7585.862,1.822679,0.9928223,Straight,Down,0,-1.380905,TransSharp
412.8599,24.85713,0,0.08102417,0.3333181,0,0.1750654,7586.856,1.820652,0.992704,Straight,Down,0.01978234,-1.398964,TransSharp
412.8998,24.8682,0,0.08102417,0.309514,0,0.1854644,7587.851,1.818484,0.9925847,Straight,Down,0.01978234,-1.417038,TransSharp
412.9398,24.87625,0,0.08102417,0.3015793,0,0.1957813,7588.846,1.816598,0.9924644,Straight,Down,0.01978234,-1.435112,TransSharp
412.9799,24.88015,0,0.08102417,0.3015793,0,0.2060435,7589.841,1.815021,0.9923432,Straight,Down,0.01978234,-1.453194,TransSharp
413.0199,24.88344,0,0.08102417,0.3015793,0,0.2160966,7590.836,1.813806,0.9922211,Straight,Down,0.01978234,-1.471275,TransSharp
413.0598,24.88665,0,0.08102417,0.297612,0,0.2260275,7591.832,1.812814,0.9920979,Straight,Down,0.01978234,-1.489357,TransSharp
413.0999,24.88898,0,0.08102417,0.297612,0,0.2359616,7592.827,1.812118,0.9919737,Straight,Down,0.01978234,-1.507446,TransSharp
413.1399,24.89128,0,0.08102417,0.297612,0,0.2458895,7593.822,1.811652,0.9918487,Straight,Down,0.01978234,-1.525536,TransSharp
413.1798,24.89355,0,0.08102417,0.297612,0,0.2558031,7594.818,1.811304,0.9917227,Straight,Down,0.01978234,-1.543617,TransSharp
413.2198,24.89587,0,0.08102417,0.297612,0,0.265662,7595.814,1.811051,0.9915957,Straight,Down,0.01978234,-1.561714,TransSharp
413.2599,24.89817,0,0.08102417,0.2936446,0,0.2757178,7596.811,1.810894,0.9914677,Straight,Down,0.01978234,-1.579796,TransSharp
413.2999,24.89964,0,0.08102417,0.2936446,0,0.2858785,7597.807,1.810762,0.9913388,Straight,Down,0,-1.597893,TransSharp
413.3398,24.9011,0,0.0819397,0.2936446,0,0.2962419,7598.803,1.810715,0.991209,Straight,Down,0,-1.615982,TransSharp
413.3799,24.90251,0,0.08651733,0.289662,0,0.306785,7599.799,1.810607,0.9910781,Straight,Down,0,-1.634079,TransSharp
413.4199,24.90307,0,0.08651733,0.2856947,0,0.317711,7600.795,1.810076,0.9909465,Straight,Down,0,-1.652168,TransSharp
413.4598,24.90352,0,0.08651733,0.2856947,0,0.3288581,7601.791,1.810269,0.9908137,Straight,Down,0,-1.670265,TransSharp
413.4998,24.90338,0,0.08651733,0.2856947,0,0.3404148,7602.787,1.810911,0.99068,Straight,Down,0.01978234,-1.688354,TransSharp
413.5399,24.90304,0,0.08743286,0.2817273,0,0.3523383,7603.783,1.811113,0.9905453,Straight,Down,0.01978234,-1.706444,TransSharp
413.5799,24.90293,0,0.09292603,0.2817273,0,0.3643126,7604.779,1.811024,0.9904097,Straight,Down,0.01978234,-1.724541,TransSharp
413.6198,24.90233,0,0.09841919,0.2817273,0,0.3766515,7605.775,1.810878,0.9902732,Straight,Down,0,-1.742622,TransSharp
413.6599,24.90147,0,0.110321,0.27776,0,0.3889671,7606.771,1.810695,0.9901356,Straight,Down,0,-1.760719,TransSharp
413.6999,24.90008,0,0.1185644,0.2737926,0,0.4014308,7607.768,1.810527,0.9899972,Straight,Down,0.01978234,-1.778809,TransSharp
413.7399,24.89817,0,0.1277196,0.2737926,0,0.4142369,7608.764,1.810248,0.9898578,Straight,Down,0.01978234,-1.796898,TransSharp
413.7798,24.89637,0,0.1359594,0.2698253,0,0.4245824,7609.76,1.809982,0.9897174,Right,Down,0.05934703,-1.814995,TransSharp
413.8199,24.89157,0,0.1423681,0.2698253,0,0.4290708,7610.756,1.808119,0.989576,Right,Down,0.0656106,-1.789536,TransSharp
413.8599,24.88689,0,0.1542699,0.2658579,0,0.434083,7611.751,1.806649,0.9894338,Right,Down,0.06852804,-1.758057,TransSharp
413.8998,24.88236,0,0.1725805,0.2658579,0,0.4394671,7612.746,1.806064,0.9892905,Right,Down,0.06852804,-1.726593,TransSharp
413.9398,24.8767,0,0.1936376,0.2658579,0,0.4453068,7613.741,1.806095,0.9891464,Right,Down,0.0656106,-1.695152,TransSharp
413.9799,24.8703,0,0.2183568,0.2658579,0,0.4523201,7614.736,1.80582,0.9890012,Right,Down,0.06852804,-1.663727,TransSharp
414.0199,24.86483,0,0.2384984,0.2658579,0,0.4601683,7615.731,1.807531,0.9888551,Right,Down,0.06852804,-1.632324,TransSharp
414.0598,24.86109,0,0.272373,0.2658579,0,0.467882,7616.725,1.809858,0.988708,Right,Down,0.06852804,-1.600937,TransSharp
414.0999,24.85776,0,0.3089941,0.2618906,0,0.4754257,7617.719,1.81196,0.98856,Right,Down,0.09065409,-1.569504,TransSharp
414.1399,24.8486,0,0.3392065,0.2618906,0,0.4768983,7618.713,1.807389,0.9884111,Right,Down,0.09891172,-1.521492,TransSharp
414.1798,24.84092,0,0.3868175,0.2579232,0,0.4783806,7619.707,1.803652,0.9882611,Right,Down,0.09891172,-1.4683,TransSharp
414.2198,24.83476,0,0.4280162,0.2499886,0,0.4807768,7620.7,1.801628,0.9881102,Right,Down,0.09891172,-1.415176,TransSharp
414.2599,24.82258,0,0.4811168,0.2420539,0,0.4853109,7621.693,1.800705,0.9879584,Right,Down,0.09891172,-1.362167,TransSharp
414.2999,24.8119,0,0.540626,0.2261845,0,0.4899051,7622.686,1.804629,0.9878057,Right,Down,0.09891172,-1.309242,TransSharp
414.3398,24.79795,0,0.5891526,0.2142824,0,0.4923916,7623.678,1.807204,0.9876519,Right,Down,0.1282043,-1.256248,TransSharp
414.3799,24.77553,0,0.6550705,0.1944305,0,0.4926632,7624.669,1.803296,0.9874973,Right,Down,0.1266688,-1.1847,TransSharp
414.4199,24.75145,0,0.7118332,0.1825284,0,0.4932281,7625.66,1.799924,0.9873418,Right,Down,0.1266688,-1.113136,TransSharp
414.4598,24.72375,0,0.7795823,0.1785611,0,0.4962322,7626.649,1.798201,0.9871851,Right,Down,0.1266688,-1.041809,TransSharp
414.4998,24.70078,0,0.8564901,0.1745937,0,0.5001457,7627.637,1.804033,0.9870276,Right,Down,0.1398823,-0.9706345,TransSharp
414.5399,24.66591,0,0.9196615,0.1745937,0,0.4994204,7628.624,1.80304,0.9868691,Right,Down,0.1532334,-0.8917542,TransSharp
414.5799,24.63126,0,0.9983969,0.1745937,0,0.5007105,7629.61,1.799726,0.9867098,Right,Down,0.1532334,-0.8033447,TransSharp
414.6198,24.60048,0,1.061572,0.1745937,0,0.504032,7630.594,1.795829,0.9865494,Right,Down,0.1532334,-0.7151031,TransSharp
414.6599,24.57097,0,1.138476,0.1745937,0,0.508943,7631.577,1.80306,0.986388,Right,Down,0.1690205,-0.6271133,TransSharp
414.6999,24.53263,0,1.208972,0.1745937,0,0.5093362,7632.559,1.800644,0.9862258,Right,Down,0.1791368,-0.5291138,TransSharp
414.7399,24.49372,0,1.26665,0.1745937,0,0.5143082,7633.539,1.796547,0.9860626,Right,Down,0.1802258,-0.4246521,TransSharp
414.7798,24.46523,0,1.331656,0.1983978,0,0.5208786,7634.518,1.798295,0.9858984,Right,Down,0.1876719,-0.3204498,TransSharp
414.8199,24.42947,0,1.383841,0.2023651,0,0.5258427,7635.496,1.799726,0.9857332,Right,Down,0.2046302,-0.2109451,TransSharp
414.8599,24.39329,0,1.449759,0.2103151,0,0.533255,7636.472,1.796013,0.9855673,Right,Flat,0.2046302,-0.09075165,TransSharp
414.8998,24.36975,0,1.518424,0.2142824,0,0.5441027,7637.446,1.797276,0.9854003,Right,Flat,0.2158,0.02929688,TransSharp
414.9398,24.3326,0,1.567866,0.2142824,0,0.5535719,7638.42,1.798135,0.9852323,Right,Up,0.2306999,0.1560898,TransSharp
414.9799,24.29433,0,1.631037,0.2142824,0,0.5668348,7639.392,1.793433,0.9850635,Right,Up,0.2306999,0.292038,TransSharp
415.0199,24.26859,0,1.677729,0.2142824,0,0.5846581,7640.363,1.800381,0.9848936,Right,Up,0.2517883,0.4279633,TransSharp
415.0598,24.22622,0,1.718928,0.2142824,0,0.6001836,7641.332,1.795469,0.9847227,Right,Up,0.2564087,0.5766754,TransSharp
415.0999,24.19004,0,1.742731,0.2142824,0,0.6222485,7642.3,1.795272,0.984551,Right,Up,0.2690692,0.7283096,TransSharp
415.1399,24.14939,0,1.747309,0.2142824,0,0.6452929,7643.266,1.796102,0.9843784,Right,Up,0.2832403,0.8874512,TransSharp
415.1798,24.1062,0,1.742731,0.2142824,0,0.6723042,7644.23,1.791829,0.9842048,Right,Up,0.2880355,1.05471,TransSharp
415.2198,24.07303,0,1.736323,0.2142824,0,0.7015167,7645.193,1.794587,0.9840302,Right,Up,0.8652454,1.224907,TransSharp
415.2599,24.0268,0,1.730829,0.2142824,0,0.7246894,7646.155,1.800743,0.9838548,Right,Up,0.8866904,1.173218,TransSharp
415.2999,23.98755,0,1.730829,0.2142824,0,0.7413923,7647.115,1.801431,0.9836783,Right,Up,0.8254311,1.097092,TransSharp
415.3398,23.9542,0,1.730829,0.2142824,0,0.7479414,7648.073,1.803724,0.9835008,Right,Up,0.7697397,1.025284,TransSharp
415.3799,23.90744,0,1.72259,0.2142824,0,0.7486511,7649.03,1.806012,0.9833225,Right,Up,0.7209076,0.9575653,TransSharp
415.4199,23.865,0,1.710688,0.2142824,0,0.7444583,7649.985,1.807909,0.9831433,Right,Up,0.6740565,0.8934937,TransSharp
415.4598,23.82767,0,1.683222,0.2142824,0,0.7354894,7650.939,1.808963,0.982963,Right,Up,0.6308707,0.8329086,TransSharp
415.4998,23.78866,0,1.647516,0.2142824,0,0.7241811,7651.891,1.809044,0.9827818,Right,Up,0.5891711,0.7755585,TransSharp
415.5399,23.74676,0,1.602656,0.2142824,0,0.7104594,7652.841,1.809012,0.9825997,Right,Up,0.5503638,0.7213593,TransSharp
415.5799,23.7093,0,1.52117,0.2182498,0,0.6953465,7653.79,1.808333,0.9824167,Right,Up,0.5162413,0.6700897,TransSharp
415.6198,23.66725,0,1.438773,0.2261845,0,0.6797893,7654.736,1.807047,0.9822327,Right,Up,0.4849715,0.6213913,TransSharp
415.6599,23.62939,0,1.303275,0.2301518,0,0.6647806,7655.682,1.805214,0.9820477,Right,Up,0.4502396,0.5750198,TransSharp
415.6999,23.59504,0,1.149462,0.2301518,0,0.6479212,7656.625,1.809633,0.9818619,Right,Up,0.4187142,0.531456,TransSharp
415.7398,23.55823,0,1.026778,0.2301518,0,0.6319835,7657.568,1.807494,0.9816751,Right,Up,0.4005627,0.4901886,TransSharp
415.7798,23.52187,0,0.8903646,0.2341192,0,0.6193734,7658.509,1.80458,0.9814874,Right,Up,0.3642322,0.4502258,TransSharp
415.8199,23.49675,0,0.7960618,0.2341192,0,0.6038638,7659.449,1.808873,0.9812987,Right,Up,0.3460502,0.413208,TransSharp
415.8599,23.46139,0,0.6825364,0.2341192,0,0.5928596,7660.388,1.804913,0.9811091,Right,Up,0.3202056,0.3774643,TransSharp
415.8998,23.43571,0,0.588237,0.2341192,0,0.5813824,7661.326,1.808497,0.9809186,Right,Up,0.3032579,0.3437805,TransSharp
415.9398,23.40926,0,0.5241466,0.2380865,0,0.5746671,7662.263,1.804434,0.980727,Right,Up,0.2748253,0.3112106,TransSharp
415.9799,23.38179,0,0.4527354,0.2380865,0,0.5667306,7663.198,1.806794,0.9805347,Right,Up,0.272681,0.2809677,TransSharp
416.0199,23.35615,0,0.3987193,0.2420539,0,0.5650812,7664.133,1.803986,0.9803413,Right,Up,0.2281412,0.2507935,TransSharp
416.0598,23.32983,0,0.3263891,0.2420539,0,0.5607556,7665.066,1.804594,0.9801469,Right,Up,0.2264194,0.2239914,TransSharp
416.0999,23.31206,0,0.2357519,0.2460212,0,0.5605383,7665.999,1.806345,0.9799516,Right,Up,0.2246844,0.1974106,TransSharp
416.1399,23.28584,0,0.1597631,0.2499886,0,0.5660959,7666.931,1.802761,0.9797556,Right,Up,0.1758294,0.1708984,TransSharp
416.1798,23.26856,0,0.05813599,0.2499886,0,0.5673969,7667.861,1.803146,0.9795585,Right,Flat,0.1701742,0.1480026,TransSharp
416.2198,23.25392,0,-0.02151489,0.2499886,0,0.5720202,7668.792,1.803777,0.9793603,Right,Flat,0.1713202,0.1254501,TransSharp
416.2599,23.23499,0,-0.1112384,0.2499886,0,0.5807734,7669.721,1.805035,0.9791615,Right,Flat,0.1713202,0.102951,TransSharp
416.2999,23.21627,0,-0.18906,0.2499886,0,0.5940514,7670.65,1.801011,0.9789615,Right,Flat,0.1065312,0.08047485,TransSharp
416.3398,23.20213,0,-0.239414,0.2499886,0,0.6003146,7671.578,1.801284,0.9787606,Right,Flat,0.09691329,0.06240082,TransSharp
416.3799,23.18908,0,-0.3163201,0.2499886,0,0.6087795,7672.506,1.801931,0.9785588,Right,Flat,0.09487279,0.04516602,TransSharp
416.4199,23.17275,0,-0.3913933,0.2499886,0,0.6210611,7673.433,1.802404,0.9783562,Right,Flat,0.09691329,0.02796173,TransSharp
416.4598,23.15934,0,-0.4893565,0.2499886,0,0.6361213,7674.36,1.802215,0.9781525,Right,Flat,0.09691329,0.01077271,TransSharp
416.4998,23.14631,0,-0.5763334,0.2499886,0,0.6527625,7675.286,1.802214,0.977948,Right,Flat,0.09691329,-0.006393433,TransSharp
416.5399,23.13272,0,-0.6257719,0.2499886,0,0.6717029,7676.211,1.800618,0.9777424,Right,Flat,0.09487279,-0.02355194,TransSharp
416.5799,23.1186,0,-0.6614792,0.2499886,0,0.6923974,7677.136,1.79867,0.977536,Right,Flat,0.09691329,-0.04068756,TransSharp
416.6198,23.10505,0,-0.6742966,0.2539559,0,0.7124709,7678.061,1.797124,0.9773286,Straight,Flat,0,-0.05779266,TransSharp
416.6599,23.0942,0,-0.6779587,0.2539559,0,0.7300831,7678.984,1.798326,0.9771202,Straight,Flat,-0.01978234,-0.06850433,TransSharp
416.6999,23.08223,0,-0.6843674,0.2539559,0,0.7489723,7679.908,1.799481,0.9769111,Straight,Flat,-0.01978234,-0.07823944,TransSharp
416.7398,23.06909,0,-0.7072556,0.2539559,0,0.7685542,7680.831,1.80001,0.976701,Straight,Flat,-0.01978234,-0.08796692,TransSharp
416.7798,23.05802,0,-0.7566941,0.2539559,0,0.7884991,7681.753,1.799835,0.9764898,Straight,Flat,0,-0.09770203,TransSharp
416.8199,23.04673,0,-0.8097965,0.2539559,0,0.808518,7682.675,1.799124,0.9762777,Straight,Flat,-0.01978234,-0.1074295,TransSharp
416.8599,23.0352,0,-0.8986044,0.2539559,0,0.8280755,7683.597,1.798483,0.9760648,Straight,Flat,0,-0.117157,TransSharp
416.8998,23.02342,0,-0.984664,0.2579232,0,0.8468344,7684.518,1.797649,0.9758509,Straight,Flat,-0.01978234,-0.1268845,TransSharp
416.9398,23.01184,0,-1.038682,0.2579232,0,0.8647031,7685.438,1.796973,0.9756361,Straight,Flat,-0.01978234,-0.1366043,TransSharp
416.9799,23.0004,0,-1.085374,0.2579232,0,0.8813215,7686.358,1.796373,0.9754205,Straight,Flat,-0.01978234,-0.1463165,TransSharp
417.0199,22.98865,0,-1.098191,0.2579232,0,0.8961226,7687.278,1.796187,0.9752038,Straight,Down,-0.01978234,-0.1560287,TransSharp
417.0598,22.97637,0,-1.099107,0.2579232,0,0.9091914,7688.197,1.795226,0.9749861,Straight,Down,-0.01978234,-0.1657486,TransSharp
417.0999,22.96383,0,-1.098191,0.2579232,0,0.9206903,7689.116,1.794096,0.9747676,Straight,Down,0,-0.1754684,TransSharp
417.1399,22.95085,0,-1.098191,0.2618906,0,0.9299731,7690.034,1.793476,0.9745483,Straight,Down,-0.01978234,-0.1851959,TransSharp
417.1798,22.93792,0,-1.090867,0.2658579,0,0.936752,7690.952,1.793102,0.9743279,Straight,Down,-0.01978234,-0.1949158,TransSharp
417.2198,22.92608,0,-1.075303,0.2698253,0,0.9411594,7691.869,1.79267,0.9741066,Straight,Down,-0.01978234,-0.2046432,TransSharp
417.2599,22.91455,0,-1.033189,0.2698253,0,0.945683,7692.786,1.792238,0.9738844,Straight,Down,-0.03956468,-0.2143631,TransSharp
417.2999,22.90478,0,-0.9755087,0.2698253,0,0.9534827,7693.702,1.79372,0.9736612,Left,Down,-0.09891172,-0.2234039,TransSharp
417.3398,22.89432,0,-0.9379721,0.2698253,0,0.9583194,7694.618,1.794845,0.9734372,Left,Down,-0.09891172,-0.2281113,TransSharp
417.3799,22.88285,0,-0.8912802,0.2698253,0,0.9599211,7695.533,1.795492,0.9732121,Left,Down,-0.09891172,-0.2328186,TransSharp
417.4199,22.87296,0,-0.8674747,0.2698253,0,0.9575353,7696.448,1.795306,0.9729863,Left,Down,-0.09891172,-0.2375336,TransSharp
417.4598,22.86118,0,-0.8555728,0.2698253,0,0.9522852,7697.363,1.793033,0.9727595,Left,Down,-0.09891172,-0.2422562,TransSharp
417.4998,22.84866,0,-0.8555728,0.2698253,0,0.9441658,7698.277,1.790324,0.9725317,Left,Down,-0.09691329,-0.2469788,TransSharp
417.5399,22.83958,0,-0.8555728,0.2698253,0,0.9400157,7699.191,1.791364,0.9723029,Left,Down,-0.1219466,-0.2516861,TransSharp
417.5799,22.8291,0,-0.8555728,0.2698253,0,0.9323879,7700.104,1.792163,0.9720734,Left,Down,-0.132704,-0.2551117,TransSharp
417.6198,22.81766,0,-0.8555728,0.2698253,0,0.9202087,7701.017,1.793661,0.9718429,Left,Down,-0.132704,-0.2578354,TransSharp
417.6599,22.80577,0,-0.8555728,0.2737926,0,0.9045088,7701.929,1.791237,0.9716114,Left,Down,-0.1341704,-0.2605667,TransSharp
417.6999,22.79515,0,-0.8491641,0.2737926,0,0.8886986,7702.841,1.78924,0.9713792,Left,Down,-0.132704,-0.263298,TransSharp
417.7398,22.78737,0,-0.8372623,0.2737926,0,0.8740293,7703.753,1.790194,0.9711459,Left,Down,-0.1532334,-0.2660294,TransSharp
417.7798,22.77886,0,-0.7924014,0.2737926,0,0.8547043,7704.664,1.792062,0.9709117,Left,Down,-0.1582588,-0.2676392,TransSharp
417.8199,22.766,0,-0.7539475,0.2737926,0,0.83224,7705.575,1.79044,0.9706765,Left,Down,-0.1594904,-0.2689133,TransSharp
417.8599,22.75575,0,-0.6834519,0.2737926,0,0.8095261,7706.485,1.788461,0.9704406,Left,Down,-0.1594904,-0.270195,TransSharp
417.8998,22.74867,0,-0.61387,0.2737926,0,0.7882457,7707.395,1.78925,0.9702036,Left,Down,-0.174713,-0.2714691,TransSharp
417.9398,22.74191,0,-0.5772489,0.27776,0,0.7620631,7708.305,1.791504,0.9699657,Left,Down,-0.1802258,-0.2719574,TransSharp
417.9799,22.72806,0,-0.5607694,0.27776,0,0.7337211,7709.214,1.787959,0.969727,Left,Down,-0.1802258,-0.2720413,TransSharp
418.0199,22.72199,0,-0.5607694,0.2817273,0,0.7094118,7710.124,1.787924,0.9694873,Left,Down,-0.1823843,-0.2721252,TransSharp
418.0598,22.7187,0,-0.5772489,0.2817273,0,0.680845,7711.033,1.789811,0.9692466,Left,Down,-0.199792,-0.2721863,TransSharp
418.0999,22.70709,0,-0.6010526,0.2856947,0,0.6495383,7711.941,1.788432,0.969005,Left,Down,-0.1988102,-0.2712402,TransSharp
418.1399,22.70178,0,-0.61387,0.2856947,0,0.6203052,7712.849,1.787235,0.9687628,Left,Down,-0.199792,-0.2702789,TransSharp
418.1798,22.70048,0,-0.6321806,0.2856947,0,0.5895925,7713.757,1.788911,0.9685193,Left,Down,-0.2121421,-0.2693253,TransSharp
418.2198,22.69158,0,-0.6486619,0.2856947,0,0.5558612,7714.665,1.787368,0.9682751,Left,Down,-0.2167048,-0.2677536,TransSharp
418.2599,22.68578,0,-0.6733811,0.2856947,0,0.5258187,7715.572,1.786894,0.96803,Left,Down,-0.2167048,-0.2658997,TransSharp
418.2999,22.6852,0,-0.7145798,0.289662,0,0.4931014,7716.479,1.789195,0.9677839,Left,Down,-0.2289973,-0.2640228,TransSharp
418.3398,22.67569,0,-0.7539475,0.289662,0,0.4579739,7717.387,1.785413,0.9675369,Left,Down,-0.23239,-0.2615662,TransSharp
418.3799,22.6724,0,-0.8152896,0.289662,0,0.4287826,7718.294,1.786876,0.9672889,Left,Down,-0.2332305,-0.2588882,TransSharp
418.4199,22.67019,0,-0.878461,0.2936446,0,0.3944582,7719.201,1.787805,0.9670402,Left,Down,-0.2462884,-0.2562027,TransSharp
418.4598,22.66157,0,-0.9086752,0.2936446,0,0.3616351,7720.107,1.785427,0.9667903,Left,Down,-0.2462884,-0.2528076,TransSharp
418.4998,22.66204,0,-0.9324789,0.2936446,0,0.3296504,7721.014,1.787628,0.9665397,Left,Down,-0.2525642,-0.2493668,TransSharp
418.5399,22.65695,0,-0.93431,0.2936446,0,0.2934582,7721.92,1.784177,0.9662881,Left,Down,-0.2601963,-0.2457047,TransSharp
418.5799,22.65283,0,-0.93431,0.2936446,0,0.2631476,7722.826,1.786178,0.9660357,Left,Down,-0.2601963,-0.2415619,TransSharp
418.6198,22.64908,0,-0.9288168,0.297612,0,0.2286516,7723.732,1.785131,0.9657823,Left,Down,-0.2712421,-0.2374039,TransSharp
418.6599,22.64489,0,-0.9279013,0.297612,0,0.1980694,7724.639,1.784906,0.965528,Left,Down,-0.2733977,-0.2327118,TransSharp
418.6999,22.64349,0,-0.9279013,0.297612,0,0.1652533,7725.544,1.785983,0.965273,Left,Down,-0.2804634,-0.2278976,TransSharp
418.7398,22.63899,0,-0.9279013,0.297612,0,0.133226,7726.45,1.783791,0.9650168,Left,Down,-0.2859903,-0.2227631,TransSharp
418.7798,22.63798,0,-0.9279013,0.297612,0,0.1019736,7727.355,1.786336,0.9647598,Left,Down,-0.289391,-0.2173233,TransSharp
418.8199,22.63503,0,-0.9279013,0.297612,0,0.07006249,7728.26,1.783034,0.9645018,Left,Down,-0.2980514,-0.2117538,TransSharp
418.8599,22.6319,0,-0.9279013,0.297612,0,0.04000333,7729.166,1.785902,0.9642432,Left,Down,-0.3000144,-0.2057114,TransSharp
418.8998,22.62797,0,-0.9279013,0.3015793,0,0.008800089,7730.071,1.782511,0.9639834,Left,Down,-0.309643,-0.1996231,TransSharp
418.9398,22.62447,0,-0.9279013,0.3015793,0,-0.02026492,7730.976,1.785409,0.9637227,Left,Down,-0.3102743,-0.1930084,TransSharp
418.9799,22.62203,0,-0.9279013,0.3015793,0,-0.0502187,7731.881,1.782107,0.9634613,Left,Down,-0.3202056,-0.1863937,TransSharp
419.0198,22.61704,0,-0.9279013,0.3015793,0,-0.07885328,7732.786,1.784528,0.9631988,Left,Down,-0.3214254,-0.1792374,TransSharp
419.0598,22.61742,0,-0.9279013,0.3055466,0,-0.1070535,7733.69,1.782071,0.9629354,Left,Down,-0.3310224,-0.1720657,TransSharp
419.0999,22.61132,0,-0.9279013,0.3055466,0,-0.134694,7734.595,1.782924,0.9626712,Left,Down,-0.332791,-0.1643753,TransSharp
419.1399,22.6157,0,-0.9279013,0.3055466,0,-0.1613658,7735.499,1.782032,0.9624062,Left,Down,-0.3414966,-0.1566391,TransSharp
419.1798,22.60864,0,-0.9279013,0.3055466,0,-0.1879629,7736.403,1.780551,0.9621401,Left,Flat,-0.3443497,-0.1484375,TransSharp
419.2198,22.61449,0,-0.9279013,0.3055466,0,-0.2126093,7737.308,1.782506,0.9618731,Left,Flat,-0.3516591,-0.140152,TransSharp
419.2599,22.60467,0,-0.9279013,0.3055466,0,-0.2373285,7738.212,1.77928,0.9616054,Left,Flat,-0.3555328,-0.1314468,TransSharp
419.2999,22.60517,0,-0.9260702,0.3055466,0,-0.2604341,7739.116,1.782915,0.9613366,Left,Flat,-0.3615361,-0.1225891,TransSharp
419.3398,22.6026,0,-0.9214926,0.3055466,0,-0.2833428,7740.021,1.779977,0.9610668,Left,Flat,-0.3674413,-0.1134186,TransSharp
419.3799,22.59814,0,-0.9105062,0.3055466,0,-0.3049165,7740.925,1.780078,0.9607963,Left,Flat,-0.3706227,-0.1039734,TransSharp
419.4199,22.60577,0,-0.8986044,0.3055466,0,-0.324546,7741.829,1.781095,0.960525,Left,Flat,-0.3784592,-0.09433746,TransSharp
419.4598,22.59419,0,-0.8848715,0.309514,0,-0.3437532,7742.732,1.777974,0.9602526,Left,Flat,-0.382573,-0.0843277,TransSharp
419.4998,22.59405,0,-0.861066,0.309514,0,-0.3617984,7743.636,1.781538,0.9599793,Left,Flat,-0.3891652,-0.07417297,TransSharp
419.5399,22.59653,0,-0.8390933,0.3134814,0,-0.3781181,7744.54,1.779655,0.9597054,Left,Flat,-0.3941611,-0.06365204,TransSharp
419.5799,22.5911,0,-0.8143741,0.3134814,0,-0.3936368,7745.444,1.778423,0.9594303,Left,Flat,-0.3981127,-0.05292511,TransSharp
419.6198,22.59563,0,-0.7960635,0.3134814,0,-0.4060067,7746.348,1.777605,0.9591543,Left,Flat,-0.4054182,-0.0419693,TransSharp
419.6599,22.58704,0,-0.7795841,0.3134814,0,-0.4164696,7747.251,1.774327,0.9588774,Left,Flat,-0.409739,-0.03063965,TransSharp
419.6999,22.58777,0,-0.7631046,0.3134814,0,-0.4283769,7748.154,1.775074,0.9585999,Left,Flat,-0.4140146,-0.01915741,TransSharp
419.7398,22.58186,0,-0.754863,0.3174487,0,-0.4344602,7749.058,1.770649,0.9583212,Left,Flat,-0.4083038,-0.007408142,TransSharp
419.7798,22.58184,0,-0.7429612,0.3174487,0,-0.4419345,7749.961,1.772822,0.9580417,Left,Flat,-0.4025119,0.0368576,TransSharp
419.8199,22.58278,0,-0.7338059,0.3214161,0,-0.4470851,7750.864,1.770547,0.9577612,Left,Flat,-0.3881583,0.09133911,TransSharp
419.8599,22.57024,0,-0.7319748,0.3214161,0,-0.4502907,7751.767,1.771546,0.9574801,Left,Up,-0.3779418,0.1550674,TransSharp
419.8998,22.57283,0,-0.7319748,0.3253834,0,-0.4555106,7752.67,1.772682,0.9571978,Left,Up,-0.3700944,0.2170563,TransSharp
419.9398,22.5662,0,-0.7319748,0.3293507,0,-0.4556105,7753.573,1.771543,0.9569147,Left,Up,-0.3560827,0.2774277,TransSharp
419.9799,22.56988,0,-0.7319748,0.3333181,0,-0.4597498,7754.475,1.773657,0.9566309,Left,Up,-0.3522151,0.3352737,TransSharp
420.0198,22.56818,0,-0.7319748,0.3372854,0,-0.4581162,7755.377,1.771922,0.956346,Left,Up,-0.3357179,0.392334,TransSharp
420.0598,22.56898,0,-0.7319748,0.3452201,0,-0.4603889,7756.28,1.773478,0.9560602,Left,Up,-0.3339648,0.4463501,TransSharp
420.0999,22.56923,0,-0.7319748,0.3491875,0,-0.4577517,7757.182,1.77229,0.9557735,Left,Up,-0.3177519,0.5001221,TransSharp
420.1399,22.57102,0,-0.7319748,0.3531548,0,-0.4579239,7758.085,1.772068,0.9554862,Left,Up,-0.3171355,0.5508194,TransSharp
420.1798,22.57264,0,-0.7319748,0.3571222,0,-0.455652,7758.988,1.772809,0.9551977,Left,Up,-0.3019647,0.6013107,TransSharp
420.2198,22.57176,0,-0.7319748,0.3650568,0,-0.4537154,7759.891,1.770744,0.9549084,Left,Up,-0.2993615,0.6490326,TransSharp
420.2599,22.57653,0,-0.7319748,0.3650568,0,-0.4520605,7760.794,1.773244,0.9546183,Left,Up,-0.2887141,0.6962814,TransSharp
420.2999,22.57823,0,-0.7338059,0.3690242,0,-0.4482718,7761.697,1.771388,0.9543273,Left,Up,-0.2825486,0.7415924,TransSharp
420.3398,22.58367,0,-0.7338059,0.3690242,0,-0.4476299,7762.601,1.773214,0.9540352,Left,Up,-0.276953,0.7856216,TransSharp
420.3799,22.58972,0,-0.7338059,0.3729915,0,-0.4428947,7763.504,1.772294,0.9537423,Left,Up,-0.2654082,0.8288498,TransSharp
420.4199,22.59144,0,-0.7338059,0.3769741,0,-0.4398671,7764.407,1.770159,0.9534488,Left,Up,-0.2661444,0.8697357,TransSharp
420.4598,22.60283,0,-0.7338059,0.3769741,0,-0.4384053,7765.311,1.772625,0.9531541,Left,Up,-0.2525642,0.9106445,TransSharp
420.4998,22.60409,0,-0.7310593,0.3849088,0,-0.4340346,7766.215,1.771408,0.9528586,Left,Up,-0.2486604,0.9491806,TransSharp
420.5399,22.60903,0,-0.7255661,0.3849088,0,-0.4320542,7767.12,1.77038,0.9525624,Left,Up,-0.2462884,0.986969,TransSharp
420.5799,22.61905,0,-0.7246506,0.3888762,0,-0.430028,7768.024,1.772052,0.952265,Left,Up,-0.2332305,1.024475,TransSharp
420.6198,22.6242,0,-0.7090867,0.3928435,0,-0.4266476,7768.929,1.771039,0.9519669,Left,Up,-0.23239,1.059212,TransSharp
420.6599,22.63061,0,-0.6971848,0.3968109,0,-0.4254524,7769.834,1.769914,0.9516678,Left,Up,-0.2272819,1.093941,TransSharp
420.6999,22.64169,0,-0.6797898,0.4007782,0,-0.4246861,7770.74,1.771706,0.951368,Left,Up,-0.2167048,1.127907,TransSharp
420.7398,22.64974,0,-0.6614792,0.4007782,0,-0.4223601,7771.646,1.770839,0.9510671,Left,Up,-0.2167048,1.159615,TransSharp
420.7798,22.65411,0,-0.6367582,0.4047455,0,-0.4216089,7772.552,1.768681,0.9507655,Left,Up,-0.2121421,1.191292,TransSharp
420.8199,22.67015,0,-0.6065458,0.4047455,0,-0.4231323,7773.459,1.771612,0.9504628,Left,Up,-0.2007689,1.222496,TransSharp
420.8599,22.67839,0,-0.5827421,0.4047455,0,-0.4213902,7774.367,1.770754,0.9501597,Left,Up,-0.199792,1.25119,TransSharp
420.8998,22.68252,0,-0.5424589,0.4047455,0,-0.4212767,7775.274,1.768761,0.9498553,Left,Up,-0.2007689,1.279877,TransSharp
420.9398,22.70029,0,-0.5168223,0.4047455,0,-0.4254569,7776.182,1.770399,0.9495501,Left,Up,-0.1866263,1.308548,TransSharp
420.9799,22.70742,0,-0.4774547,0.4047455,0,-0.4256219,7777.09,1.770442,0.9492443,Left,Up,-0.1855749,1.334602,TransSharp
421.0198,22.71392,0,-0.4353404,0.4087129,0,-0.4266236,7777.998,1.769511,0.9489372,Left,Up,-0.1845175,1.360329,TransSharp
421.0598,22.7247,0,-0.399633,0.4087129,0,-0.4298687,7778.907,1.767347,0.9486293,Left,Up,-0.1780411,1.386047,TransSharp
421.0999,22.73833,0,-0.3566033,0.4087129,0,-0.4368894,7779.816,1.770321,0.9483206,Left,Up,-0.1701742,1.410652,TransSharp
421.1399,22.74634,0,-0.3291374,0.4087129,0,-0.4379852,7780.726,1.769708,0.9480113,Left,Up,-0.1701742,1.433395,TransSharp
421.1798,22.75373,0,-0.3089958,0.4087129,0,-0.4403766,7781.636,1.768699,0.9477007,Left,Up,-0.1690205,1.456139,TransSharp
421.2198,22.76541,0,-0.298925,0.4087129,0,-0.4452572,7782.546,1.767192,0.9473894,Left,Up,-0.1619255,1.478859,TransSharp
421.2599,22.77812,0,-0.291599,0.4087129,0,-0.4535705,7783.458,1.768701,0.9470775,Left,Up,-0.1532334,1.500244,TransSharp
421.2999,22.7857,0,-0.2751195,0.4126802,0,-0.4583206,7784.369,1.769109,0.9467643,Left,Up,-0.1532334,1.519928,TransSharp
421.3398,22.79359,0,-0.2558935,0.4126802,0,-0.4618391,7785.28,1.768205,0.9464504,Left,Up,-0.1545051,1.539612,TransSharp
421.3799,22.80543,0,-0.2137792,0.4126802,0,-0.4677162,7786.192,1.767143,0.9461355,Left,Up,-0.1519511,1.559296,TransSharp
421.4199,22.81407,0,-0.1652545,0.4126802,0,-0.4756802,7787.104,1.765961,0.94582,Left,Up,-0.1384764,1.578667,TransSharp
421.4598,22.82854,0,-0.1240557,0.4126802,0,-0.4863583,7788.018,1.768867,0.9455035,Left,Up,-0.1384764,1.59523,TransSharp
421.4998,22.83731,0,-0.07736385,0.4126802,0,-0.4900484,7788.931,1.768314,0.945186,Left,Up,-0.1384764,1.611801,TransSharp
421.5399,22.84532,0,-0.04806519,0.4126802,0,-0.4940705,7789.845,1.767236,0.944868,Left,Up,-0.1384764,1.628365,TransSharp
421.5799,22.85863,0,-0.0151062,0.4126802,0,-0.50058,7790.759,1.766391,0.9445487,Left,Up,-0.132704,1.644928,TransSharp
421.6198,22.86647,0,0.0151062,0.4166476,0,-0.5082642,7791.673,1.765301,0.9442288,Left,Up,-0.1219466,1.660683,TransSharp
421.6599,22.88062,0,0.03250122,0.4166476,0,-0.5181507,7792.588,1.766841,0.9439079,Left,Up,-0.1219466,1.674011,TransSharp
421.6999,22.89078,0,0.05264282,0.4166476,0,-0.5245875,7793.504,1.767719,0.9435862,Left,Up,-0.1219466,1.687347,TransSharp
421.7398,22.89996,0,0.06912231,0.4166476,0,-0.5270924,7794.42,1.766763,0.9432636,Left,Up,-0.1219466,1.700684,TransSharp
421.7798,22.91119,0,0.08834839,0.4166476,0,-0.5313334,7795.336,1.765664,0.9429401,Left,Up,-0.1219466,1.71402,TransSharp
421.8199,22.92285,0,0.1039124,0.4166476,0,-0.536913,7796.253,1.765131,0.9426157,Left,Up,-0.1101434,1.727348,TransSharp
421.8599,22.93263,0,0.110321,0.4166476,0,-0.5429918,7797.17,1.764454,0.9422908,Left,Up,-0.1046783,1.738106,TransSharp
421.8998,22.94344,0,0.1121521,0.4166476,0,-0.5504461,7798.088,1.765258,0.9419647,Left,Up,-0.1046783,1.747978,TransSharp
421.9398,22.95604,0,0.1130676,0.4166476,0,-0.5570504,7799.006,1.766872,0.9416377,Left,Up,-0.1046783,1.757858,TransSharp
421.9799,22.96494,0,0.1167297,0.4166476,0,-0.5558847,7799.924,1.766037,0.9413102,Left,Up,-0.1065312,1.767731,TransSharp
422.0198,22.97483,0,0.1167297,0.4166476,0,-0.5554302,7800.843,1.764917,0.9409814,Left,Up,-0.1046783,1.777618,TransSharp
422.0598,22.98732,0,0.1167297,0.4166476,0,-0.5558852,7801.763,1.764233,0.9406519,Left,Up,-0.09891172,1.787491,TransSharp
422.0999,22.99725,0,0.1167297,0.4166476,0,-0.5569102,7802.683,1.763921,0.9403215,Left,Up,-0.08846933,1.796272,TransSharp
422.1399,23.00642,0,0.1167297,0.4166476,0,-0.5583173,7803.603,1.763511,0.9399905,Left,Up,-0.08846933,1.802284,TransSharp
422.1798,23.01633,0,0.1167297,0.4166476,0,-0.5599362,7804.523,1.763423,0.9396584,Left,Up,-0.08846933,1.808296,TransSharp
422.2198,23.02929,0,0.1167297,0.4166476,0,-0.5621779,7805.444,1.764708,0.9393255,Left,Up,-0.08622923,1.814301,TransSharp
422.2599,23.03846,0,0.1167297,0.4166476,0,-0.559117,7806.366,1.765042,0.9389918,Left,Up,-0.08622923,1.820313,TransSharp
422.2998,23.04763,0,0.1121521,0.4166476,0,-0.5510371,7807.288,1.764089,0.9386572,Left,Up,-0.08846933,1.826317,TransSharp
422.3398,23.05854,0,0.1039124,0.4166476,0,-0.5435851,7808.209,1.763123,0.9383216,Left,Up,-0.08846933,1.832321,TransSharp
422.3799,23.06884,0,0.08010864,0.4166476,0,-0.5363109,7809.132,1.762441,0.9379852,Left,Up,-0.07401875,1.838326,TransSharp
422.4199,23.07851,0,0.05172729,0.4166476,0,-0.5291678,7810.055,1.762185,0.9376482,Left,Up,-0.0656106,1.842102,TransSharp
422.4598,23.08813,0,0.03433228,0.4166476,0,-0.5221042,7810.979,1.761969,0.9373101,Left,Up,-0.0656106,1.843384,TransSharp
422.4998,23.09781,0,0.02334595,0.4166476,0,-0.5150051,7811.902,1.761826,0.9369711,Left,Up,-0.0656106,1.844658,TransSharp
422.5399,23.10709,0,0.02334595,0.4166476,0,-0.5074958,7812.826,1.761338,0.9366316,Left,Up,-0.06852804,1.845932,TransSharp
422.5799,23.11676,0,0.02334595,0.4166476,0,-0.5001665,7813.751,1.761721,0.936291,Left,Up,-0.0656106,1.847198,TransSharp
422.6198,23.12683,0,0.02334595,0.4166476,0,-0.4926855,7814.676,1.762205,0.9359494,Left,Up,-0.0656106,1.848473,TransSharp
422.6599,23.13682,0,0.02334595,0.4166476,0,-0.4800427,7815.601,1.762231,0.935607,Left,Up,-0.0656106,1.849739,TransSharp
422.6999,23.14746,0,0.02334595,0.4166476,0,-0.4592754,7816.527,1.762564,0.9352641,Left,Up,-0.0656106,1.851006,TransSharp
422.7398,23.1586,0,0.02334595,0.4166476,0,-0.438841,7817.453,1.762627,0.9349201,Left,Up,-0.06852804,1.852272,TransSharp
422.7798,23.1691,0,0.02334595,0.4166476,0,-0.4181472,7818.38,1.762295,0.9345751,Left,Up,-0.05595291,1.853531,TransSharp
422.8199,23.18016,0,0.02334595,0.4166476,0,-0.3974125,7819.307,1.76172,0.9342297,Straight,Up,-0.01978234,1.853416,TransSharp
422.8599,23.19109,0,0.02334595,0.4166476,0,-0.3765171,7820.234,1.761108,0.933883,Straight,Up,-0.01978234,1.841164,TransSharp
422.8998,23.20186,0,0.02243042,0.4166476,0,-0.3555983,7821.162,1.76037,0.9335356,Straight,Up,-0.01978234,1.828911,TransSharp
422.9398,23.21254,0,0.02059937,0.4166476,0,-0.3343865,7822.091,1.759856,0.9331873,Straight,Up,-0.02797646,1.81665,TransSharp
422.9799,23.22317,0,0.01419067,0.4166476,0,-0.3130428,7823.02,1.7593,0.9328384,Straight,Up,-0.01978234,1.804382,TransSharp
423.0198,23.2337,0,0.004119873,0.4206149,0,-0.2914912,7823.949,1.758651,0.9324884,Straight,Up,-0.01978234,1.792107,TransSharp
423.0598,23.24463,0,-0.005950928,0.4206149,0,-0.2699559,7824.878,1.758225,0.9321376,Straight,Up,-0.01978234,1.779831,TransSharp
423.0999,23.25601,0,-0.01602173,0.4206149,0,-0.2483168,7825.809,1.757833,0.9317859,Straight,Up,-0.01978234,1.767548,TransSharp
423.1399,23.26728,0,-0.02243042,0.4206149,0,-0.2264948,7826.739,1.75747,0.9314337,Straight,Up,-0.02797646,1.755249,TransSharp
423.1798,23.27857,0,-0.02426147,0.4245823,0,-0.2046275,7827.67,1.757157,0.9310803,Straight,Up,-0.01978234,1.742958,TransSharp
423.2198,23.29026,0,-0.02792358,0.4245823,0,-0.182494,7828.602,1.756845,0.9307262,Straight,Up,-0.01978234,1.730652,TransSharp
423.2599,23.30235,0,-0.02883911,0.4285496,0,-0.1603938,7829.533,1.756526,0.9303714,Straight,Up,-0.01978234,1.718346,TransSharp
423.2998,23.31527,0,-0.03341675,0.432517,0,-0.1382029,7830.466,1.756142,0.9300154,Straight,Up,-0.01978234,1.706024,TransSharp
423.3398,23.3286,0,-0.03890991,0.432517,0,-0.1159009,7831.399,1.755811,0.9296588,Straight,Up,-0.01978234,1.693703,TransSharp
423.3799,23.34232,0,-0.03890991,0.432517,0,-0.09359577,7832.333,1.75543,0.9293013,Straight,Up,-0.01978234,1.681366,TransSharp
423.4199,23.35597,0,-0.03890991,0.4364843,0,-0.07129762,7833.267,1.755152,0.9289432,Straight,Up,-0.01978234,1.669029,TransSharp
423.4598,23.37005,0,-0.03982544,0.4364843,0,-0.04906261,7834.201,1.754802,0.9285839,Straight,Up,-0.01978234,1.656677,TransSharp
423.4998,23.38454,0,-0.03982544,0.4364843,0,-0.02683187,7835.137,1.754477,0.9282238,Straight,Up,-0.01978234,1.644325,TransSharp
423.5399,23.39896,0,-0.04714966,0.4404517,0,-0.004594535,7836.072,1.754112,0.9278632,Straight,Up,-0.01978234,1.631958,TransSharp
423.5799,23.41422,0,-0.05355835,0.444419,0,0.01757461,7837.009,1.753767,0.9275016,Straight,Up,-0.01978234,1.619591,TransSharp
423.6198,23.43013,0,-0.07003963,0.444419,0,0.03989756,7837.946,1.753358,0.9271389,Straight,Up,-0.01978234,1.607216,TransSharp
423.6599,23.44627,0,-0.0892657,0.444419,0,0.06211823,7838.883,1.752938,0.9267755,Straight,Up,-0.01978234,1.594826,TransSharp
423.6999,23.46235,0,-0.1194781,0.444419,0,0.08423313,7839.822,1.752642,0.9264116,Straight,Up,-0.02797646,1.582428,TransSharp
423.7398,23.47829,0,-0.1542681,0.444419,0,0.1061814,7840.761,1.752557,0.9260466,Straight,Up,-0.01978234,1.57003,TransSharp
423.7798,23.49417,0,-0.1780736,0.444419,0,0.1282034,7841.7,1.752368,0.9256806,Straight,Up,-0.01978234,1.557625,TransSharp
423.8199,23.51019,0,-0.2037084,0.444419,0,0.149987,7842.641,1.752028,0.9253142,Straight,Up,-0.01978234,1.545197,TransSharp
423.8599,23.52626,0,-0.2201879,0.444419,0,0.1714855,7843.582,1.75168,0.9249466,Straight,Up,-0.01978234,1.532776,TransSharp
423.8998,23.54216,0,-0.2375829,0.444419,0,0.1924734,7844.523,1.751266,0.9245783,Straight,Up,-0.01978234,1.520332,TransSharp
423.9398,23.558,0,-0.2549779,0.444419,0,0.2130963,7845.465,1.750829,0.9242091,Straight,Up,-0.01978234,1.507896,TransSharp
423.9799,23.57384,0,-0.2668798,0.444419,0,0.2332768,7846.408,1.750382,0.9238393,Straight,Up,0,1.495445,TransSharp
424.0198,23.58963,0,-0.2787817,0.444419,0,0.253026,7847.352,1.750112,0.9234684,Straight,Up,-0.01978234,1.482986,TransSharp
424.0598,23.60211,0,-0.2796972,0.444419,0,0.2721647,7848.296,1.749261,0.9230968,Straight,Up,-0.01978234,1.47052,TransSharp
424.0999,23.6186,0,-0.2796972,0.444419,0,0.2898013,7849.24,1.749374,0.9227243,Straight,Up,-0.01978234,1.458069,TransSharp
424.1399,23.63801,0,-0.2796972,0.4245823,0,0.3055352,7850.186,1.751612,0.9223512,Straight,Up,-0.01978234,1.44561,TransSharp
424.1798,23.65027,0,-0.2796972,0.4245823,0,0.3204892,7851.132,1.753198,0.9219771,Straight,Up,-0.01978234,1.433151,TransSharp
424.2198,23.66243,0,-0.274204,0.4206149,0,0.3349481,7852.078,1.753276,0.9216021,Straight,Up,-0.01978234,1.420662,TransSharp
424.2599,23.67677,0,-0.2668798,0.4206149,0,0.3489165,7853.025,1.752451,0.9212266,Straight,Up,0.03956468,1.408165,TransSharp
424.2998,23.69033,0,-0.2613866,0.4166476,0,0.3620605,7853.973,1.751212,0.9208499,Right,Up,0.05595291,1.383141,TransSharp
424.3398,23.70244,0,-0.2549779,0.4166476,0,0.3745741,7854.921,1.749788,0.9204725,Right,Up,0.05233916,1.351791,TransSharp
424.3799,23.71456,0,-0.2449071,0.4166476,0,0.3865035,7855.869,1.748654,0.9200943,Right,Up,0.05595291,1.320435,TransSharp
424.4199,23.72691,0,-0.2320898,0.4166476,0,0.3973,7856.818,1.748422,0.9197155,Right,Up,0.05595291,1.289078,TransSharp
424.4598,23.73813,0,-0.2192724,0.4166476,0,0.4072531,7857.768,1.747854,0.9193355,Right,Up,0.05595291,1.257713,TransSharp
424.4998,23.75007,0,-0.1972997,0.4166476,0,0.4136511,7858.718,1.747112,0.9189548,Right,Up,0.05595291,1.226349,TransSharp
424.5399,23.76398,0,-0.1734942,0.4126802,0,0.4139409,7859.668,1.74776,0.9185736,Right,Up,0.05595291,1.194969,TransSharp
424.5799,23.77664,0,-0.1551837,0.4126802,0,0.4132385,7860.619,1.748014,0.9181913,Right,Up,0.05595291,1.163589,TransSharp
424.6198,23.78805,0,-0.1304644,0.4126802,0,0.4116082,7861.57,1.747694,0.9178081,Right,Up,0.05595291,1.132172,TransSharp
424.6599,23.80048,0,-0.1112384,0.4126802,0,0.4095153,7862.522,1.746375,0.9174241,Right,Up,0.07132626,1.100739,TransSharp
424.6999,23.81343,0,-0.07736385,0.4126802,0,0.4064426,7863.475,1.746391,0.9170396,Right,Up,0.08846933,1.065071,TransSharp
424.7398,23.82642,0,-0.04806519,0.4126802,0,0.4022269,7864.428,1.746316,0.916654,Right,Up,0.08846933,1.022629,TransSharp
424.7798,23.84024,0,-0.02883911,0.4126802,0,0.3912301,7865.381,1.746385,0.9162675,Right,Up,0.08846933,0.9801865,TransSharp
424.8199,23.85413,0,-0.0050354,0.4126802,0,0.3772249,7866.335,1.746263,0.9158806,Right,Up,0.08846933,0.9377136,TransSharp
424.8599,23.86734,0,0.0151062,0.4126802,0,0.3622077,7867.29,1.745821,0.9154926,Right,Up,0.08846933,0.8952103,TransSharp
424.8998,23.8806,0,0.03341675,0.4087129,0,0.3467295,7868.245,1.744603,0.9151037,Right,Up,0.09065409,0.8526917,TransSharp
424.9398,23.89579,0,0.05172729,0.4087129,0,0.3299747,7869.2,1.745181,0.914714,Right,Up,0.1101434,0.8101654,TransSharp
424.9799,23.91101,0,0.06362915,0.4087129,0,0.3065049,7870.156,1.74553,0.9143239,Right,Up,0.1203313,0.7608032,TransSharp
425.0198,23.92429,0,0.07461548,0.4087129,0,0.2802193,7871.113,1.745153,0.9139326,Right,Up,0.1203313,0.7080612,TransSharp
425.0598,23.93753,0,0.08010864,0.4087129,0,0.253465,7872.07,1.743617,0.9135405,Right,Up,0.1203313,0.6552811,TransSharp
425.0999,23.95235,0,0.0819397,0.4087129,0,0.2255925,7873.028,1.743977,0.9131476,Right,Up,0.1219466,0.6025009,TransSharp
425.1399,23.97062,0,0.08651733,0.4087129,0,0.1912069,7873.987,1.74517,0.9127542,Right,Up,0.1384764,0.5497131,TransSharp
425.1798,23.98682,0,0.08743286,0.4087129,0,0.1539756,7874.946,1.745776,0.9123597,Right,Up,0.1493534,0.4914017,TransSharp
425.2198,24.00272,0,0.08834839,0.4087129,0,0.1160528,7875.906,1.745486,0.9119644,Right,Up,0.1493534,0.4284744,TransSharp
425.2599,24.02065,0,0.08834839,0.4087129,0,0.07727721,7876.867,1.74441,0.9115686,Right,Up,0.1506579,0.3654633,TransSharp
425.2998,24.03892,0,0.09292603,0.4047455,0,0.03750363,7877.828,1.743259,0.9111717,Right,Up,0.165511,0.3023987,TransSharp
425.3398,24.05363,0,0.09475708,0.4047455,0,-0.001874775,7878.79,1.74109,0.910774,Right,Up,0.1802258,0.2345886,TransSharp
425.3799,24.07316,0,0.09841919,0.4047455,0,-0.0421063,7879.753,1.742211,0.9103754,Right,Up,0.1802258,0.1613846,TransSharp
425.4199,24.09014,0,0.09841919,0.4047455,0,-0.0734649,7880.716,1.741709,0.9099764,Right,Flat,0.1467098,0.08811188,TransSharp
425.4598,24.10503,0,0.09841919,0.4047455,0,-0.1032563,7881.68,1.740496,0.9095763,Left,Flat,-0.1607126,0.01739502,TransSharp
425.4998,24.12193,0,0.09841919,0.4047455,0,-0.1330838,7882.645,1.738116,0.9091754,Left,Flat,-0.1607126,-0.0113678,TransSharp
425.5399,24.14145,0,0.09841919,0.4047455,0,-0.1638318,7883.61,1.739399,0.908774,Left,Flat,-0.1607126,-0.04014587,TransSharp
425.5798,24.1588,0,0.09841919,0.4047455,0,-0.1853594,7884.577,1.738993,0.9083715,Left,Flat,-0.1582588,-0.06893921,TransSharp
425.6198,24.17418,0,0.09841919,0.4047455,0,-0.205257,7885.543,1.737963,0.9079681,Left,Flat,-0.1582588,-0.09403229,TransSharp
425.6599,24.19272,0,0.09841919,0.4047455,0,-0.2255599,7886.511,1.736708,0.907564,Left,Flat,-0.1582588,-0.1162033,TransSharp
425.6999,24.20885,0,0.09841919,0.4047455,0,-0.2455873,7887.479,1.735767,0.9071594,Left,Flat,-0.1582588,-0.1383743,TransSharp
425.7398,24.22874,0,0.09841919,0.4047455,0,-0.2653928,7888.448,1.736773,0.9067538,Left,Down,-0.1440177,-0.1605606,TransSharp
425.7798,24.24636,0,0.09841919,0.4047455,0,-0.2751057,7889.418,1.736565,0.9063473,Left,Down,-0.1297215,-0.1813278,TransSharp
425.8199,24.26286,0,0.09384155,0.4007782,0,-0.2840778,7890.388,1.735914,0.9059403,Left,Down,-0.1297215,-0.2004318,TransSharp
425.8599,24.28142,0,0.09384155,0.4007782,0,-0.2935245,7891.359,1.73504,0.9055322,Left,Down,-0.1297215,-0.2195587,TransSharp
425.8998,24.29851,0,0.09384155,0.4007782,0,-0.3028588,7892.331,1.734223,0.9051234,Left,Down,-0.1297215,-0.2387085,TransSharp
425.9398,24.31487,0,0.09384155,0.4007782,0,-0.3113614,7893.304,1.733071,0.9047137,Left,Down,-0.1119058,-0.2578506,TransSharp
425.9799,24.33246,0,0.09292603,0.4007782,0,-0.3200379,7894.277,1.733711,0.9043036,Left,Down,-0.09691329,-0.2753372,TransSharp
426.0198,24.35052,0,0.08651733,0.4007782,0,-0.3231656,7895.25,1.734066,0.9038924,Left,Down,-0.09691329,-0.2911377,TransSharp
426.0598,24.36765,0,0.07644653,0.4007782,0,-0.319096,7896.225,1.733973,0.9034804,Left,Down,-0.09891172,-0.3069611,TransSharp
426.0999,24.3855,0,0.06912231,0.4007782,0,-0.3152984,7897.2,1.733571,0.9030679,Left,Down,-0.09891172,-0.3227921,TransSharp
426.1399,24.40361,0,0.06362915,0.4007782,0,-0.3113947,7898.176,1.732936,0.9026543,Left,Down,-0.09891172,-0.3386459,TransSharp
426.1798,24.42166,0,0.05722046,0.4007782,0,-0.3073096,7899.153,1.732191,0.90224,Left,Down,-0.09891172,-0.3545074,TransSharp
426.2198,24.43953,0,0.0453186,0.4007782,0,-0.3027252,7900.13,1.731269,0.9018248,Left,Down,-0.0656106,-0.3703766,TransSharp
426.2599,24.45727,0,0.03250122,0.4007782,0,-0.2979001,7901.108,1.730543,0.9014091,Left,Down,-0.05233916,-0.3830032,TransSharp
426.2998,24.47489,0,0.00869751,0.4007782,0,-0.2929375,7902.087,1.729745,0.9009925,Left,Down,-0.05595291,-0.3944931,TransSharp
426.3398,24.49218,0,-0.02243042,0.4007782,0,-0.2874046,7903.066,1.729135,0.9005749,Left,Down,-0.05595291,-0.4059906,TransSharp
426.3799,24.50975,0,-0.04074097,0.4007782,0,-0.2812282,7904.047,1.728495,0.9001566,Left,Down,-0.05595291,-0.4174957,TransSharp
426.4199,24.5272,0,-0.06454647,0.4007782,0,-0.2750712,7905.028,1.728679,0.8997379,Left,Down,-0.05595291,-0.4290085,TransSharp
426.4598,24.54498,0,-0.07644832,0.4007782,0,-0.2687874,7906.009,1.728732,0.8993181,Left,Down,-0.05595291,-0.4405289,TransSharp
426.4998,24.56199,0,-0.08743465,0.4007782,0,-0.2617242,7906.992,1.728123,0.8988974,Left,Down,-0.05233916,-0.4520569,TransSharp
426.5399,24.58049,0,-0.0892657,0.4007782,0,-0.2490715,7907.975,1.728555,0.8984764,Left,Down,-0.05595291,-0.4635925,TransSharp
426.5798,24.59928,0,-0.0892657,0.4007782,0,-0.2364564,7908.958,1.7286,0.8980541,Left,Down,-0.05595291,-0.4751358,TransSharp
426.6198,24.61689,0,-0.09384334,0.4007782,0,-0.2235461,7909.943,1.728287,0.8976313,Left,Down,-0.05595291,-0.4866867,TransSharp
426.6599,24.63571,0,-0.1011676,0.4007782,0,-0.2105699,7910.928,1.727754,0.8972075,Left,Down,-0.05595291,-0.4982605,TransSharp
426.6999,24.65425,0,-0.1176471,0.4007782,0,-0.1974379,7911.914,1.727081,0.8967833,Straight,Down,-0.04845664,-0.5098343,TransSharp
426.7398,24.67266,0,-0.1359576,0.4007782,0,-0.1843873,7912.901,1.726308,0.896358,Straight,Down,0,-0.5209579,TransSharp
426.7798,24.6909,0,-0.1469439,0.4007782,0,-0.171403,7913.888,1.725587,0.895932,Straight,Down,0,-0.5260849,TransSharp
426.8199,24.70902,0,-0.1551837,0.4007782,0,-0.1584849,7914.876,1.724803,0.8955055,Straight,Down,0,-0.5312195,TransSharp
426.8599,24.72705,0,-0.1597613,0.4007782,0,-0.1456602,7915.865,1.724195,0.8950779,Straight,Down,0,-0.5363541,TransSharp
426.8998,24.745,0,-0.1597613,0.4007782,0,-0.1330931,7916.855,1.723702,0.8946494,Straight,Down,0,-0.5415039,TransSharp
426.9398,24.76289,0,-0.1597613,0.4007782,0,-0.1205485,7917.845,1.723134,0.8942204,Straight,Down,0,-0.5466537,TransSharp
426.9799,24.78071,0,-0.1597613,0.4007782,0,-0.1080136,7918.836,1.722634,0.8937908,Straight,Down,0,-0.5518036,TransSharp
427.0198,24.79848,0,-0.1597613,0.4007782,0,-0.09572122,7919.828,1.72217,0.8933601,Straight,Down,0,-0.5569534,TransSharp
427.0598,24.81616,0,-0.1597613,0.4007782,0,-0.08359581,7920.82,1.721682,0.8929287,Straight,Down,0,-0.5621109,TransSharp
427.0999,24.83377,0,-0.1597613,0.4007782,0,-0.07190317,7921.813,1.721326,0.8924968,Straight,Down,0,-0.5672607,TransSharp
427.1399,24.85138,0,-0.1377887,0.4007782,0,-0.06042051,7922.808,1.720932,0.8920639,Straight,Down,0,-0.5724258,TransSharp
427.1798,24.86887,0,-0.1185626,0.4007782,0,-0.04941595,7923.802,1.720458,0.8916301,Straight,Down,0,-0.5775986,TransSharp
427.2198,24.88614,0,-0.08285701,0.4007782,0,-0.03863066,7924.797,1.720055,0.8911955,Straight,Down,0,-0.5827713,TransSharp
427.2599,24.90369,0,-0.05722046,0.4007782,0,-0.0281871,7925.793,1.719453,0.8907607,Straight,Down,0,-0.5879364,TransSharp
427.2998,24.92119,0,-0.01602173,0.4007782,0,-0.01807013,7926.79,1.719385,0.8903247,Straight,Down,0,-0.5931168,TransSharp
427.3398,24.93838,0,0.01602173,0.4007782,0,-0.008105814,7927.787,1.719277,0.8898878,Straight,Down,0,-0.5982971,TransSharp
427.3799,24.95584,0,0.03890991,0.4007782,0,0.001455963,7928.785,1.719015,0.8894503,Straight,Down,0,-0.6034775,TransSharp
427.4199,24.97343,0,0.06454468,0.4007782,0,0.0105997,7929.784,1.718623,0.8890123,Straight,Down,0,-0.6086655,TransSharp
427.4598,24.99074,0,0.07644653,0.4007782,0,0.01941529,7930.784,1.718156,0.8885733,Straight,Down,0,-0.6138458,TransSharp
427.4998,25.00818,0,0.09933472,0.4007782,0,0.02780858,7931.784,1.717771,0.8881335,Straight,Down,0,-0.6190338,TransSharp
427.5399,25.02577,0,0.123142,0.4007782,0,0.03578421,7932.785,1.717379,0.8876932,Straight,Down,0.01978234,-0.6242371,TransSharp
427.5798,25.04295,0,0.1414526,0.4007782,0,0.03439412,7933.786,1.71675,0.8872519,Straight,Down,0,-0.6294327,TransSharp
427.6198,25.06009,0,0.1725805,0.4007782,0,0.03198391,7934.788,1.716109,0.8868098,Straight,Down,0,-0.6346359,TransSharp
427.6599,25.07739,0,0.2018774,0.4007782,0,0.02937302,7935.791,1.715561,0.886367,Straight,Down,0,-0.6398392,TransSharp
427.6999,25.09435,0,0.2439916,0.4007782,0,0.0266552,7936.795,1.715161,0.8859237,Straight,Down,0,-0.64505,TransSharp
427.7398,25.11128,0,0.2970922,0.4007782,0,0.02390096,7937.799,1.714724,0.8854793,Straight,Down,0.01978234,-0.6502686,TransSharp
427.7798,25.12773,0,0.3327978,0.4007782,0,0.02134159,7938.804,1.714247,0.8850342,Straight,Down,0.03956468,-0.6554794,TransSharp
427.8199,25.14458,0,0.3813243,0.4007782,0,0.01935098,7939.81,1.714133,0.8845888,Right,Down,0.05934703,-0.6580734,TransSharp
427.8599,25.16192,0,0.4161143,0.4007782,0,0.01713178,7940.816,1.714725,0.8841422,Right,Down,0.05934703,-0.6584549,TransSharp
427.8998,25.18033,0,0.4582286,0.4007782,0,0.01531473,7941.823,1.71538,0.8836948,Right,Down,0.06255726,-0.658844,TransSharp
427.9398,25.19625,0,0.5003428,0.4007782,0,0.004338831,7942.831,1.713966,0.8832467,Right,Down,0.06255726,-0.6592255,TransSharp
427.9799,25.21267,0,0.5342174,0.4007782,0,-0.006788164,7943.839,1.712739,0.8827982,Right,Down,0.06255726,-0.6596069,TransSharp
428.0198,25.23053,0,0.571754,0.4007782,0,-0.0173898,7944.848,1.711714,0.8823486,Right,Down,0.06255726,-0.659996,TransSharp
428.0598,25.24642,0,0.6001389,0.4007782,0,-0.02742541,7945.858,1.71113,0.8818983,Right,Down,0.05934703,-0.6603775,TransSharp
428.0999,25.26145,0,0.6358445,0.4007782,0,-0.03617823,7946.868,1.710457,0.8814475,Right,Down,0.06255726,-0.6607666,TransSharp
428.1399,25.27782,0,0.6724656,0.4007782,0,-0.04426816,7947.879,1.711696,0.8809957,Right,Down,0.07401875,-0.6611481,TransSharp
428.1798,25.29579,0,0.6962693,0.4007782,0,-0.05480394,7948.891,1.71226,0.8805431,Right,Down,0.08392937,-0.6605682,TransSharp
428.2198,25.30974,0,0.7328904,0.4007782,0,-0.06997067,7949.903,1.710857,0.8800898,Right,Down,0.08622923,-0.6588745,TransSharp
428.2599,25.32529,0,0.7621872,0.4007782,0,-0.08419982,7950.916,1.709613,0.8796361,Right,Down,0.08622923,-0.6571808,TransSharp
428.2998,25.34096,0,0.8125412,0.4007782,0,-0.09678897,7951.929,1.708716,0.8791813,Right,Down,0.08622923,-0.6554794,TransSharp
428.3398,25.35464,0,0.868392,0.4007782,0,-0.1073007,7952.943,1.708604,0.8787258,Right,Down,0.08622923,-0.6537857,TransSharp
428.3799,25.3728,0,0.9095907,0.4007782,0,-0.1164332,7953.958,1.710451,0.8782696,Right,Down,0.08392937,-0.6520844,TransSharp
428.4199,25.38525,0,0.9663534,0.4007782,0,-0.1329575,7954.974,1.709303,0.8778128,Right,Down,0.1027921,-0.6503754,TransSharp
428.4598,25.3977,0,1.013961,0.4007782,0,-0.1467574,7955.989,1.708035,0.8773551,Right,Down,0.1065312,-0.6473541,TransSharp
428.4998,25.41258,0,1.043258,0.4007782,0,-0.1582044,7957.006,1.706784,0.8768966,Right,Down,0.1065312,-0.6439743,TransSharp
428.5399,25.42543,0,1.08446,0.4007782,0,-0.1670498,7958.022,1.707256,0.8764377,Right,Down,0.1065312,-0.6405945,TransSharp
428.5798,25.44061,0,1.115588,0.4007782,0,-0.1776271,7959.04,1.708261,0.8759779,Right,Down,0.1065312,-0.6371994,TransSharp
428.6198,25.45059,0,1.155871,0.4007782,0,-0.1900612,7960.058,1.707141,0.8755171,Right,Down,0.1153499,-0.6338043,TransSharp
428.6599,25.46197,0,1.191577,0.4007782,0,-0.199086,7961.076,1.705679,0.8750557,Right,Down,0.1266688,-0.6297607,TransSharp
428.6999,25.47349,0,1.208972,0.4007782,0,-0.2046457,7962.095,1.705549,0.8745939,Right,Down,0.1251145,-0.6248779,TransSharp
428.7398,25.48724,0,1.219958,0.4007782,0,-0.210924,7963.114,1.70673,0.8741311,Right,Down,0.1266688,-0.6199951,TransSharp
428.7798,25.49534,0,1.219958,0.4007782,0,-0.2186288,7964.134,1.705684,0.8736674,Right,Down,0.1251145,-0.6150894,TransSharp
428.8199,25.50304,0,1.208056,0.4007782,0,-0.2215659,7965.154,1.703891,0.8732035,Right,Down,0.1412742,-0.6101837,TransSharp
428.8599,25.51789,0,1.191577,0.4007782,0,-0.2206806,7966.174,1.70512,0.8727384,Right,Down,0.1426525,-0.6041336,TransSharp
428.8998,25.5257,0,1.174182,0.4007782,0,-0.2234004,7967.195,1.704948,0.8722726,Right,Down,0.1426525,-0.5978394,TransSharp
428.9398,25.531,0,1.1458,0.4007782,0,-0.2230056,7968.217,1.703727,0.8718061,Right,Down,0.1426525,-0.5915298,TransSharp
428.9799,25.54151,0,1.115588,0.4007782,0,-0.2175587,7969.238,1.702843,0.8713392,Right,Down,0.1570175,-0.5852127,TransSharp
429.0198,25.55132,0,1.073474,0.4007782,0,-0.212693,7970.26,1.704041,0.8708712,Right,Down,0.1594904,-0.5778122,TransSharp
429.0598,25.55705,0,1.021285,0.4007782,0,-0.2075064,7971.283,1.702897,0.8704026,Right,Down,0.1607126,-0.5701599,TransSharp
429.0999,25.56323,0,0.9855795,0.4007782,0,-0.1964705,7972.305,1.701678,0.8699335,Right,Down,0.1631294,-0.5625,TransSharp
429.1399,25.57442,0,0.9507895,0.4007782,0,-0.1861618,7973.328,1.702772,0.8694634,Right,Down,0.1758294,-0.5545654,TransSharp
429.1798,25.57922,0,0.9379721,0.4007782,0,-0.1749794,7974.352,1.701448,0.8689925,Right,Down,0.1758294,-0.5456161,TransSharp
429.2198,25.58891,0,0.9315634,0.4007782,0,-0.1578553,7975.375,1.70135,0.868521,Right,Down,0.1758294,-0.5366364,TransSharp
429.2599,25.59631,0,0.9251547,0.4007782,0,-0.1431702,7976.398,1.701232,0.868049,Right,Down,0.191797,-0.5276566,TransSharp
429.2998,25.59742,0,0.9132528,0.4007782,0,-0.1248149,7977.422,1.699131,0.867576,Right,Down,0.1928145,-0.5174789,TransSharp
429.3398,25.61295,0,0.8912802,0.4007782,0,-0.1029104,7978.447,1.701021,0.8671023,Right,Down,0.1928145,-0.5072174,TransSharp
429.3799,25.61658,0,0.8729696,0.3968109,0,-0.08384067,7979.471,1.69929,0.8666282,Right,Down,0.20842,-0.4969559,TransSharp
429.4199,25.62067,0,0.8564901,0.3888762,0,-0.05851862,7980.496,1.699338,0.8661531,Right,Down,0.2093567,-0.4854507,TransSharp
429.4598,25.62863,0,0.8555746,0.3809415,0,-0.03660557,7981.521,1.698809,0.8656772,Right,Down,0.2130625,-0.4739304,TransSharp
429.4998,25.62824,0,0.8610678,0.3729915,0,-0.0103626,7982.546,1.697299,0.8652006,Right,Down,0.2255535,-0.4620743,TransSharp
429.5399,25.63545,0,0.8628988,0.3571222,0,0.01549023,7983.572,1.698219,0.8647236,Right,Down,0.2246844,-0.4493103,TransSharp
429.5798,25.62827,0,0.8674765,0.3452201,0,0.04243949,7984.597,1.695608,0.8642457,Right,Down,0.2373883,-0.436554,TransSharp
429.6198,25.62782,0,0.8784628,0.3253834,0,0.07061923,7985.623,1.697342,0.863767,Right,Down,0.2414744,-0.4228439,TransSharp
429.6599,25.61531,0,0.901351,0.3055466,0,0.09852582,7986.647,1.694453,0.8632874,Right,Down,0.2470816,-0.4088669,TransSharp
429.6999,25.60505,0,0.9251547,0.297612,0,0.1280643,7987.672,1.696375,0.8628078,Right,Down,0.2579304,-0.3943787,TransSharp
429.7398,25.58832,0,0.9571981,0.2817273,0,0.157041,7988.695,1.69371,0.8623269,Right,Down,0.2594432,-0.3791656,TransSharp
429.7798,25.57018,0,0.984664,0.2618906,0,0.1865399,7989.718,1.695075,0.8618454,Right,Down,0.2733977,-0.3637314,TransSharp
429.8199,25.54881,0,1.015792,0.2380865,0,0.2166761,7990.74,1.693984,0.8613635,Right,Down,0.2748253,-0.3473206,TransSharp
429.8598,25.51981,0,1.043258,0.2182498,0,0.2453181,7991.761,1.693347,0.8608805,Right,Down,0.2900664,-0.3307724,TransSharp
429.8998,25.48875,0,1.056079,0.2023651,0,0.2763249,7992.781,1.695065,0.8603969,Right,Down,0.2914124,-0.3131485,TransSharp
429.9398,25.44943,0,1.074389,0.1785611,0,0.3032393,7993.799,1.691031,0.8599125,Right,Down,0.3064671,-0.2954102,TransSharp
429.9799,25.40911,0,1.089953,0.166659,0,0.3313349,7994.816,1.692965,0.8594278,Right,Down,0.3109043,-0.2765884,TransSharp
430.0198,25.36541,0,1.098193,0.154757,0,0.3593489,7995.832,1.691704,0.858942,Right,Down,0.3232465,-0.257515,TransSharp
430.0598,25.31396,0,1.110095,0.1507896,0,0.3848921,7996.845,1.689522,0.8584556,Right,Down,0.3304307,-0.2375183,TransSharp
430.0999,25.26896,0,1.115588,0.1507896,0,0.4107306,7997.856,1.691437,0.8579688,Right,Down,0.3409232,-0.2170105,TransSharp
430.1399,25.21945,0,1.116503,0.1507896,0,0.4356966,7998.865,1.689896,0.8574809,Right,Down,0.3527702,-0.1958542,TransSharp
430.1798,25.1697,0,1.116503,0.1507896,0,0.4572164,7999.873,1.690535,0.8569924,Right,Down,0.3588198,-0.1738586,TransSharp
430.2198,25.12373,0,1.116503,0.1507896,0,0.4775213,8000.878,1.691692,0.8565031,Right,Down,0.3748225,-0.1514359,TransSharp
430.2599,25.07502,0,1.116503,0.1825284,0,0.4980985,8001.881,1.691119,0.8560135,Right,Flat,0.3841043,-0.1279373,TransSharp
430.2998,25.03417,0,1.113757,0.2023651,0,0.5144333,8002.883,1.692539,0.8555229,Right,Flat,0.3936644,-0.1037827,TransSharp
430.3398,24.99286,0,1.102771,0.2301518,0,0.5322667,8003.883,1.689367,0.8550315,Right,Flat,0.4087828,-0.07899475,TransSharp
430.3799,24.96012,0,1.080798,0.2380865,0,0.5488844,8004.881,1.689661,0.8545398,Right,Flat,0.4205793,-0.0531311,TransSharp
430.4199,24.93463,0,1.044173,0.2420539,0,0.5639705,8005.879,1.688496,0.8540472,Right,Flat,0.4177785,-0.026474,TransSharp
430.4598,24.90144,0,0.9919882,0.2539559,0,0.5820433,8006.875,1.685696,0.8535537,Right,Flat,0.393167,0.0007629395,TransSharp
430.4998,24.87807,0,0.9498739,0.2658579,0,0.596035,8007.871,1.687608,0.8530596,Right,Flat,0.3835945,0.02842712,TransSharp
430.5399,24.85254,0,0.903182,0.297612,0,0.6124547,8008.865,1.684677,0.8525652,Right,Flat,0.3784592,0.05566406,TransSharp
430.5798,24.83286,0,0.8720541,0.3372854,0,0.6281828,8009.859,1.685653,0.8520697,Right,Flat,0.3732531,0.08263397,TransSharp
430.6198,24.82706,0,0.8372641,0.3690242,0,0.643281,8010.852,1.684265,0.8515736,Right,Flat,0.3700944,0.1090622,TransSharp
430.6599,24.82107,0,0.803386,0.3928435,0,0.6610802,8011.845,1.683072,0.8510767,Right,Flat,0.3658403,0.1351395,TransSharp
430.6999,24.82934,0,0.7768357,0.4047455,0,0.6755651,8012.838,1.684076,0.8505796,Right,Up,0.3599087,0.1609039,TransSharp
430.7398,24.83297,0,0.7383835,0.4047455,0,0.6937937,8013.832,1.68174,0.8500813,Right,Up,0.3577275,0.1860886,TransSharp
430.7798,24.84507,0,0.6944382,0.4087129,0,0.7081391,8014.825,1.683744,0.8495824,Right,Up,0.3516591,0.2110291,TransSharp
430.8199,24.85253,0,0.6248581,0.4087129,0,0.7260225,8015.819,1.681202,0.8490832,Right,Up,0.3477423,0.2354202,TransSharp
430.8598,24.86222,0,0.5589366,0.4087129,0,0.7408789,8016.813,1.683324,0.848583,Right,Up,0.3443497,0.2594376,TransSharp
430.8998,24.87183,0,0.5113292,0.4087129,0,0.7574977,8017.808,1.680591,0.848082,Right,Up,0.3380413,0.2830887,TransSharp
430.9398,24.8799,0,0.4682994,0.4087129,0,0.7721941,8018.803,1.682399,0.8475804,Right,Up,0.3357179,0.3061523,TransSharp
430.9799,24.88948,0,0.4454112,0.4087129,0,0.7874426,8019.798,1.679823,0.8470784,Right,Up,0.3268584,0.3290176,TransSharp
431.0198,24.89908,0,0.4335093,0.4087129,0,0.801643,8020.794,1.681323,0.8465755,Right,Up,0.3256589,0.3511124,TransSharp
431.0598,24.90795,0,0.4271007,0.4126802,0,0.8158396,8021.791,1.678876,0.8460718,Right,Up,0.3177519,0.3730545,TransSharp
431.0999,24.92043,0,0.4115367,0.4126802,0,0.8288406,8022.787,1.680508,0.8455679,Right,Up,0.315279,0.3942795,TransSharp
431.1399,24.92873,0,0.3804088,0.4126802,0,0.8429799,8023.784,1.67775,0.8450629,Right,Up,0.3083766,0.4152451,TransSharp
431.1798,24.94217,0,0.3382909,0.4126802,0,0.8541518,8024.782,1.679101,0.8445573,Right,Up,0.3045456,0.435585,TransSharp
431.2198,24.95153,0,0.2677953,0.4126802,0,0.8680423,8025.78,1.676594,0.8440509,Right,Up,0.2987072,0.4555893,TransSharp
431.2599,24.96242,0,0.1881444,0.4126802,0,0.87655,8026.778,1.677661,0.8435443,Right,Up,0.2940859,0.4749985,TransSharp
431.2998,24.97467,0,0.1222265,0.4126802,0,0.888007,8027.777,1.676044,0.8430365,Right,Up,0.2880355,0.4940567,TransSharp
431.3398,24.98186,0,0.04714966,0.4126802,0,0.8942121,8028.776,1.676094,0.8425282,Right,Up,0.2846186,0.5124817,TransSharp
431.3799,24.99819,0,0.01419067,0.4126802,0,0.9016799,8029.776,1.676392,0.8420196,Right,Up,0.2762456,0.5306625,TransSharp
431.4199,25.00393,0,-0.009613037,0.4126802,0,0.9071128,8030.776,1.674686,0.8415099,Right,Up,0.2755364,0.548027,TransSharp
431.4598,25.02005,0,-0.009613037,0.4126802,0,0.9097763,8031.776,1.675701,0.8409995,Right,Up,0.2639296,0.565361,TransSharp
431.4998,25.02799,0,-0.009613037,0.4126802,0,0.9151442,8032.777,1.673248,0.8404886,Right,Up,0.2639296,0.5816422,TransSharp
431.5399,25.03864,0,-0.0050354,0.4126802,0,0.9133524,8033.779,1.673479,0.8399773,Right,Up,0.254109,0.597908,TransSharp
431.5798,25.05695,0,-0.0050354,0.4126802,0,0.9128441,8034.781,1.674329,0.8394649,Right,Up,0.2517883,0.6132965,TransSharp
431.6198,25.0606,0,-0.0050354,0.4126802,0,0.9122404,8035.783,1.672016,0.8389518,Right,Up,0.2462884,0.6284027,TransSharp
431.6599,25.07323,0,-0.0151062,0.4126802,0,0.906033,8036.786,1.672241,0.8384382,Right,Up,0.2373883,0.6430359,TransSharp
431.6999,25.08897,0,-0.01602173,0.4126802,0,0.9008608,8037.789,1.672738,0.8379242,Right,Up,0.2373883,0.6569138,TransSharp
431.7398,25.09409,0,-0.01602173,0.4166476,0,0.894796,8038.793,1.670675,0.8374093,Right,Up,0.2246844,0.670784,TransSharp
431.7798,25.10687,0,-0.01602173,0.4166476,0,0.8827031,8039.797,1.670681,0.8368936,Right,Up,0.2220564,0.6835175,TransSharp
431.8199,25.12269,0,-0.01602173,0.4166476,0,0.8711836,8040.802,1.671564,0.8363777,Right,Up,0.220287,0.6960373,TransSharp
431.8598,25.12854,0,-0.01602173,0.4166476,0,0.8604131,8041.807,1.668984,0.8358607,Right,Up,0.2055842,0.708374,TransSharp
431.8998,25.14082,0,-0.009613037,0.4166476,0,0.841331,8042.813,1.668973,0.8353431,Right,Up,0.2065338,0.719429,TransSharp
431.9398,25.15613,0,0.02792358,0.4166476,0,0.8224581,8043.818,1.669769,0.8348249,Right,Up,0.2027088,0.7304611,TransSharp
431.9799,25.16437,0,0.06912231,0.4166476,0,0.8051892,8044.825,1.668982,0.8343063,Right,Up,0.1866263,0.7412872,TransSharp
432.0198,25.17378,0,0.140537,0.4166476,0,0.7843335,8045.832,1.66744,0.8337867,Right,Up,0.1876719,0.7506866,TransSharp
432.0598,25.18682,0,0.208286,0.4206149,0,0.757899,8046.839,1.667335,0.8332665,Right,Up,0.1876719,0.7600784,TransSharp
432.0999,25.19873,0,0.2494848,0.4206149,0,0.7325608,8047.847,1.667847,0.832746,Right,Up,0.1678588,0.7694626,TransSharp
432.1399,25.21012,0,0.2861059,0.4206149,0,0.7084087,8048.855,1.667587,0.8322244,Right,Up,0.165511,0.7772217,TransSharp
432.1798,25.21925,0,0.2961767,0.4206149,0,0.6849878,8049.864,1.665459,0.8317023,Right,Up,0.166689,0.7847443,TransSharp
432.2198,25.23221,0,0.2961767,0.4206149,0,0.6512736,8050.874,1.665348,0.8311795,Right,Up,0.1619255,0.7922516,TransSharp
432.2599,25.24452,0,0.289768,0.4206149,0,0.6181158,8051.883,1.665513,0.8306565,Right,Up,0.1398823,0.7994385,TransSharp
432.2998,25.2543,0,0.2806127,0.4206149,0,0.5859103,8052.893,1.665541,0.8301324,Right,Up,0.1398823,0.8046951,TransSharp
432.3398,25.26669,0,0.2659643,0.4245823,0,0.5540667,8053.904,1.666009,0.8296076,Right,Up,0.1398823,0.8099518,TransSharp
432.3799,25.27822,0,0.2504003,0.4245823,0,0.523264,8054.915,1.664378,0.8290826,Right,Up,0.1398823,0.8152084,TransSharp
432.4199,25.28823,0,0.2265966,0.4245823,0,0.4913339,8055.926,1.662718,0.8285566,Right,Up,0.1170339,0.8204575,TransSharp
432.4598,25.30176,0,0.2073705,0.4245823,0,0.4494264,8056.938,1.663054,0.8280299,Right,Up,0.1083524,0.8236771,TransSharp
432.4998,25.31403,0,0.2009618,0.4245823,0,0.4087586,8057.951,1.663374,0.8275025,Right,Up,0.1083524,0.8259506,TransSharp
432.5399,25.32466,0,0.1945531,0.4245823,0,0.3689083,8058.963,1.663363,0.826975,Right,Up,0.1083524,0.8282242,TransSharp
432.5798,25.33699,0,0.1936376,0.4245823,0,0.3299588,8059.977,1.66308,0.8264464,Right,Up,0.1065312,0.8304977,TransSharp
432.6198,25.34918,0,0.1881444,0.4245823,0,0.2921104,8060.991,1.662609,0.8259172,Right,Up,0.1065312,0.8327713,TransSharp
432.6599,25.36135,0,0.1771581,0.4245823,0,0.2550713,8062.005,1.662153,0.8253877,Straight,Up,0.03426402,0.8350449,TransSharp
432.6999,25.37342,0,0.1652563,0.4245823,0,0.2188547,8063.02,1.661546,0.8248572,Straight,Up,0,0.8308105,TransSharp
432.7398,25.38541,0,0.1423681,0.4245823,0,0.1836125,8064.036,1.660983,0.824326,Straight,Up,0,0.8238297,TransSharp
432.7798,25.39734,0,0.1240575,0.4245823,0,0.1490057,8065.051,1.660354,0.8237944,Straight,Up,0,0.8168411,TransSharp
432.8199,25.40924,0,0.1002502,0.4245823,0,0.1152407,8066.068,1.659767,0.8232623,Straight,Up,0,0.809845,TransSharp
432.8598,25.4211,0,0.08010864,0.4245823,0,0.08217666,8067.084,1.659293,0.8227293,Straight,Up,0,0.8028564,TransSharp
432.8998,25.43294,0,0.06912231,0.4245823,0,0.05003428,8068.102,1.65885,0.8221956,Straight,Up,0,0.7958603,TransSharp
432.9398,25.44476,0,0.05081177,0.4245823,0,0.01848507,8069.119,1.658289,0.8216614,Straight,Up,0,0.7888641,TransSharp
432.9799,25.45653,0,0.03799438,0.4245823,0,-0.01210991,8070.137,1.65781,0.8211269,Straight,Up,0,0.781868,TransSharp
433.0198,25.46839,0,0.01419067,0.4245823,0,-0.04200053,8071.156,1.657302,0.8205913,Straight,Up,0,0.7748642,TransSharp
433.0598,25.48021,0,-0.02426147,0.4047455,0,-0.07108375,8072.175,1.656987,0.8200551,Straight,Up,0,0.767868,TransSharp
433.0999,25.48759,0,-0.05264282,0.4047455,0,-0.09954515,8073.194,1.656337,0.8195187,Straight,Up,0,0.7608566,TransSharp
433.1398,25.49503,0,-0.09018123,0.4007782,0,-0.127375,8074.214,1.655535,0.8189814,Straight,Up,0,0.7538605,TransSharp
433.1798,25.50201,0,-0.1286334,0.4007782,0,-0.1547904,8075.234,1.654902,0.8184433,Straight,Up,0,0.7468491,TransSharp
433.2198,25.50821,0,-0.1478595,0.4007782,0,-0.18174,8076.254,1.654385,0.8179047,Straight,Up,0,0.7398453,TransSharp
433.2599,25.51458,0,-0.1780736,0.4007782,0,-0.2082309,8077.275,1.653902,0.8173658,Straight,Up,0,0.7328339,TransSharp
433.2998,25.51865,0,-0.1972997,0.4007782,0,-0.2341372,8078.295,1.653084,0.8168259,Straight,Up,0.01978234,0.7258301,TransSharp
433.3398,25.52567,0,-0.2275121,0.4007782,0,-0.2536459,8079.316,1.653701,0.8162854,Straight,Up,0,0.7188263,TransSharp
433.3799,25.53442,0,-0.2751195,0.4007782,0,-0.269381,8080.338,1.655108,0.8157447,Straight,Up,0,0.7118225,TransSharp
433.4199,25.5395,0,-0.3218132,0.3968109,0,-0.2849472,8081.359,1.655847,0.8152029,Straight,Up,0,0.7048187,TransSharp
433.4598,25.54912,0,-0.3932244,0.3968109,0,-0.3008353,8082.381,1.656043,0.8146606,Straight,Up,0,0.6978073,TransSharp
433.4998,25.55326,0,-0.4417491,0.3968109,0,-0.3165076,8083.403,1.65305,0.8141176,Straight,Up,0.01978234,0.6907883,TransSharp
433.5399,25.56127,0,-0.4994273,0.3968109,0,-0.3247258,8084.426,1.652496,0.8135744,Straight,Up,0,0.6837769,TransSharp
433.5798,25.5712,0,-0.5296415,0.3968109,0,-0.3314266,8085.448,1.652882,0.8130302,Left,Up,-0.06852804,0.6767578,TransSharp
433.6198,25.57785,0,-0.5314726,0.3968109,0,-0.3387271,8086.472,1.653528,0.8124855,Left,Up,-0.1101434,0.6630096,TransSharp
433.6599,25.58156,0,-0.5195689,0.3928435,0,-0.3450118,8087.495,1.650153,0.8119404,Left,Up,-0.1101434,0.6455841,TransSharp
433.6999,25.59002,0,-0.5113292,0.3928435,0,-0.3427294,8088.519,1.650528,0.8113944,Left,Up,-0.1101434,0.6281586,TransSharp
433.7398,25.60209,0,-0.505836,0.3928435,0,-0.3420333,8089.542,1.651841,0.8108477,Left,Up,-0.1101434,0.6107178,TransSharp
433.7798,25.60041,0,-0.4820323,0.3928435,0,-0.3394657,8090.567,1.64887,0.8103005,Left,Up,-0.1356209,0.5932693,TransSharp
433.8199,25.60947,0,-0.4545665,0.3888762,0,-0.3294336,8091.591,1.649383,0.8097532,Left,Up,-0.1519511,0.5735016,TransSharp
433.8598,25.61955,0,-0.4106212,0.3888762,0,-0.3215043,8092.616,1.649405,0.8092047,Left,Up,-0.1519511,0.5521698,TransSharp
433.8998,25.61993,0,-0.3703362,0.3849088,0,-0.3073313,8093.64,1.647995,0.8086556,Left,Up,-0.1519511,0.5308304,TransSharp
433.9398,25.63216,0,-0.3337151,0.3769741,0,-0.2908431,8094.666,1.649176,0.8081059,Left,Up,-0.1791368,0.5094757,TransSharp
433.9799,25.62981,0,-0.3089958,0.3729915,0,-0.2724502,8095.691,1.646671,0.8075562,Left,Up,-0.1866263,0.4854965,TransSharp
434.0198,25.63862,0,-0.2980095,0.3729915,0,-0.2480619,8096.716,1.64809,0.8070053,Left,Up,-0.1866263,0.4608841,TransSharp
434.0598,25.63967,0,-0.2861059,0.3690242,0,-0.2228975,8097.742,1.645698,0.8064538,Left,Up,-0.2093567,0.4362793,TransSharp
434.0999,25.6444,0,-0.2796972,0.3650568,0,-0.1915606,8098.767,1.647419,0.8059022,Left,Up,-0.2176059,0.4094849,TransSharp
434.1398,25.64625,0,-0.2668798,0.3610895,0,-0.1578778,8099.792,1.645097,0.8053496,Left,Up,-0.220287,0.3820038,TransSharp
434.1798,25.64696,0,-0.2504003,0.3610895,0,-0.1197589,8100.818,1.646099,0.8047963,Left,Up,-0.2454926,0.3541946,TransSharp
434.2198,25.64942,0,-0.2330053,0.3571222,0,-0.07628036,8101.844,1.643797,0.8042425,Left,Up,-0.2446942,0.3239975,TransSharp
434.2599,25.64386,0,-0.2183568,0.3491875,0,-0.0305202,8102.87,1.641425,0.8036885,Left,Up,-0.2646699,0.2938004,TransSharp
434.2998,25.648,0,-0.2092016,0.3452201,0,0.0155592,8103.896,1.644053,0.8031335,Left,Up,-0.2719625,0.2618484,TransSharp
434.3398,25.64933,0,-0.2073705,0.3412528,0,0.06051543,8104.922,1.645598,0.8025779,Left,Up,-0.2859903,0.2291794,TransSharp
434.3799,25.64555,0,-0.2037084,0.3372854,0,0.1036678,8105.948,1.645998,0.802022,Left,Up,-0.2967354,0.1951065,TransSharp
434.4199,25.64616,0,-0.2037084,0.3333181,0,0.1453971,8106.973,1.645015,0.8014652,Left,Up,-0.311533,0.1600266,TransSharp
434.4598,25.64564,0,-0.2037084,0.3333181,0,0.1853129,8107.999,1.643419,0.8009079,Left,Flat,-0.3202056,0.1234741,TransSharp
434.4998,25.64448,0,-0.2037084,0.3333181,0,0.2224438,8109.024,1.642115,0.80035,Left,Flat,-0.3397734,0.08612823,TransSharp
434.5399,25.64221,0,-0.1963842,0.3293507,0,0.2583563,8110.049,1.638814,0.7997918,Left,Flat,-0.276953,0.04693604,TransSharp
434.5798,25.63307,0,-0.1853979,0.3253834,0,0.2923765,8111.075,1.635098,0.7992327,Right,Flat,0.06852804,0.004676819,TransSharp
434.6198,25.63116,0,-0.1725787,0.3253834,0,0.3207438,8112.1,1.63732,0.798673,Right,Flat,0.07132626,-0.0500946,TransSharp
434.6599,25.63255,0,-0.1542681,0.3214161,0,0.3469031,8113.125,1.641279,0.7981131,Right,Flat,0.07132626,-0.1048355,TransSharp
434.6999,25.62583,0,-0.1423663,0.3214161,0,0.3716219,8114.151,1.64377,0.7975522,Right,Down,0.06852804,-0.1595917,TransSharp
434.7398,25.62592,0,-0.1249713,0.3174487,0,0.3950002,8115.176,1.643659,0.7969908,Right,Down,0.06852804,-0.2144547,TransSharp
434.7798,25.62673,0,-0.1130694,0.3134814,0,0.4170062,8116.202,1.642257,0.7964287,Right,Down,0.07132626,-0.269371,TransSharp
434.8199,25.62516,0,-0.1057452,0.3134814,0,0.4376896,8117.227,1.640312,0.7958665,Right,Down,0.06852804,-0.3243179,TransSharp
434.8598,25.62299,0,-0.0993365,0.309514,0,0.4568736,8118.252,1.638324,0.7953033,Right,Down,0.06852804,-0.3792877,TransSharp
434.8998,25.62016,0,-0.09475887,0.309514,0,0.4744842,8119.277,1.636493,0.7947395,Straight,Down,0.02797646,-0.4342499,TransSharp
434.9398,25.61678,0,-0.0892657,0.3015793,0,0.4904812,8120.301,1.634906,0.7941752,Straight,Down,0,-0.4619446,TransSharp
434.9799,25.61205,0,-0.08743465,0.3015793,0,0.504894,8121.326,1.633481,0.7936107,Straight,Down,-0.01978234,-0.4768982,TransSharp
435.0198,25.60684,0,-0.08743465,0.297612,0,0.5182026,8122.35,1.632348,0.7930452,Straight,Down,0,-0.4918594,TransSharp
435.0598,25.60128,0,-0.08743465,0.297612,0,0.530013,8123.375,1.63146,0.7924792,Straight,Down,0,-0.5068207,TransSharp
435.0999,25.59529,0,-0.08743465,0.2936446,0,0.5408324,8124.398,1.630672,0.791913,Straight,Down,-0.01978234,-0.5217743,TransSharp
435.1398,25.5889,0,-0.08743465,0.2936446,0,0.5503217,8125.422,1.629987,0.7913457,Straight,Down,0,-0.5367355,TransSharp
435.1798,25.58212,0,-0.08743465,0.289662,0,0.5585135,8126.445,1.62936,0.790778,Straight,Down,-0.01978234,-0.5516891,TransSharp
435.2198,25.57497,0,-0.0993365,0.289662,0,0.5656369,8127.469,1.628848,0.7902097,Straight,Down,0,-0.5666504,TransSharp
435.2599,25.5674,0,-0.1121539,0.2856947,0,0.5717083,8128.491,1.628337,0.7896411,Straight,Down,0,-0.581604,TransSharp
435.2998,25.55905,0,-0.1231402,0.2817273,0,0.5766515,8129.514,1.627809,0.7890717,Straight,Down,0,-0.5965576,TransSharp
435.3398,25.55027,0,-0.1304644,0.2817273,0,0.5805486,8130.536,1.627261,0.7885016,Straight,Down,-0.01978234,-0.6115036,TransSharp
435.3799,25.54106,0,-0.1377887,0.27776,0,0.583385,8131.558,1.626753,0.7879314,Straight,Down,-0.01978234,-0.6264572,TransSharp
435.4199,25.53106,0,-0.1432818,0.27776,0,0.5851889,8132.579,1.626314,0.7873604,Straight,Down,0,-0.6413956,TransSharp
435.4598,25.52104,0,-0.148775,0.27776,0,0.5857929,8133.6,1.62574,0.7867886,Straight,Down,0,-0.6563416,TransSharp
435.4998,25.5111,0,-0.1551837,0.27776,0,0.5854016,8134.621,1.625495,0.7862163,Straight,Down,0,-0.6712799,TransSharp
435.5399,25.50097,0,-0.1652545,0.27776,0,0.5838213,8135.641,1.625089,0.7856439,Straight,Down,0,-0.6862183,TransSharp
435.5798,25.49098,0,-0.1652545,0.2737926,0,0.5814638,8136.661,1.624172,0.7850706,Straight,Down,0,-0.701149,TransSharp
435.6198,25.48014,0,-0.1652545,0.2737926,0,0.5777944,8137.68,1.623525,0.7844966,Straight,Down,0,-0.7160797,TransSharp
435.6599,25.46934,0,-0.1606768,0.2737926,0,0.5732526,8138.699,1.622886,0.7839226,Straight,Down,-0.01978234,-0.7310028,TransSharp
435.6999,25.45831,0,-0.1533526,0.2737926,0,0.5679076,8139.717,1.622253,0.7833474,Straight,Down,-0.01978234,-0.7459183,TransSharp
435.7398,25.44735,0,-0.1423663,0.2737926,0,0.561572,8140.735,1.621791,0.7827719,Straight,Down,-0.01978234,-0.7608414,TransSharp
435.7798,25.43657,0,-0.1359576,0.2737926,0,0.5545493,8141.753,1.621326,0.7821957,Straight,Down,0,-0.7757492,TransSharp
435.8199,25.42565,0,-0.13138,0.2737926,0,0.5468295,8142.77,1.620891,0.7816194,Straight,Down,0,-0.790657,TransSharp
435.8598,25.4148,0,-0.13138,0.2737926,0,0.5382165,8143.787,1.620371,0.7810422,Straight,Down,0,-0.8055649,TransSharp
435.8998,25.40397,0,-0.13138,0.2737926,0,0.5286121,8144.803,1.619975,0.7804644,Straight,Down,0,-0.8204575,TransSharp
435.9398,25.3932,0,-0.13138,0.2737926,0,0.5179372,8145.819,1.619477,0.7798865,Straight,Down,-0.01978234,-0.8353577,TransSharp
435.9799,25.38101,0,-0.13138,0.2737926,0,0.5084549,8146.834,1.618778,0.7793076,Straight,Down,0,-0.8502426,TransSharp
436.0198,25.37248,0,-0.13138,0.2737926,0,0.5052093,8147.849,1.62056,0.7787281,Straight,Down,0,-0.8651123,TransSharp
436.0598,25.36352,0,-0.13138,0.2737926,0,0.5011096,8148.864,1.621702,0.7781481,Straight,Down,-0.01978234,-0.8799744,TransSharp
436.0999,25.35279,0,-0.13138,0.2737926,0,0.4961784,8149.878,1.621847,0.777568,Straight,Down,-0.01978234,-0.8948441,TransSharp
436.1398,25.34471,0,-0.1368731,0.2737926,0,0.4905428,8150.892,1.621141,0.776987,Straight,Down,0,-0.9097061,TransSharp
436.1798,25.33637,0,-0.1368731,0.2737926,0,0.4838844,8151.905,1.619968,0.7764054,Straight,Down,0,-0.9245834,TransSharp
436.2198,25.32786,0,-0.1368731,0.2737926,0,0.4763431,8152.918,1.61881,0.7758232,Straight,Down,-0.01978234,-0.9394531,TransSharp
436.2599,25.31927,0,-0.1368731,0.2737926,0,0.4679479,8153.931,1.617596,0.775241,Straight,Down,-0.01978234,-0.9543228,TransSharp
436.2998,25.31063,0,-0.1368731,0.2737926,0,0.4586554,8154.944,1.616459,0.7746577,Straight,Down,-0.01978234,-0.9691849,TransSharp
436.3398,25.30194,0,-0.1377887,0.2737926,0,0.4485031,8155.956,1.61544,0.774074,Straight,Down,-0.02797646,-0.9776688,TransSharp
436.3799,25.29326,0,-0.1377887,0.2737926,0,0.4375993,8156.968,1.614633,0.77349,Straight,Down,-0.02797646,-0.9797974,TransSharp
436.4198,25.28467,0,-0.1414508,0.2737926,0,0.4256188,8157.979,1.613913,0.7729053,Straight,Down,-0.02797646,-0.9819183,TransSharp
436.4598,25.27599,0,-0.1423663,0.2737926,0,0.4125806,8158.99,1.613656,0.7723199,Straight,Down,-0.02797646,-0.9840393,TransSharp
436.4998,25.26703,0,-0.1432818,0.2737926,0,0.3986072,8160.001,1.612314,0.7717341,Straight,Down,-0.02797646,-0.9861679,TransSharp
436.5399,25.25856,0,-0.148775,0.2737926,0,0.3837632,8161.012,1.61104,0.771148,Straight,Down,-0.02797646,-0.9882813,TransSharp
436.5798,25.24944,0,-0.1597613,0.2737926,0,0.3678417,8162.021,1.610207,0.7705612,Straight,Down,-0.02797646,-0.9904099,TransSharp
436.6198,25.24032,0,-0.16617,0.2737926,0,0.3509347,8163.031,1.609665,0.7699736,Straight,Down,-0.02797646,-0.9925232,TransSharp
436.6599,25.23149,0,-0.1789892,0.2737926,0,0.3334027,8164.041,1.609163,0.7693861,Straight,Down,-0.03426402,-0.9946518,TransSharp
436.6999,25.2221,0,-0.1844823,0.2737926,0,0.3191321,8165.049,1.608868,0.7687976,Straight,Down,-0.03426402,-0.9967651,TransSharp
436.7398,25.21384,0,-0.1853979,0.2737926,0,0.3100185,8166.058,1.609333,0.7682084,Straight,Down,-0.02797646,-0.9988861,TransSharp
436.7798,25.20536,0,-0.1853979,0.2737926,0,0.3001689,8167.066,1.609598,0.7676189,Straight,Down,-0.03426402,-1.000992,TransSharp
436.8199,25.19672,0,-0.1853979,0.2737926,0,0.289506,8168.074,1.609394,0.7670292,Straight,Down,-0.03426402,-1.003113,TransSharp
436.8598,25.18869,0,-0.1707476,0.2737926,0,0.2778797,8169.082,1.608938,0.7664387,Straight,Down,-0.03426402,-1.005226,TransSharp
436.8998,25.18064,0,-0.1432818,0.2737926,0,0.2653521,8170.089,1.608323,0.7658475,Straight,Down,-0.03426402,-1.007339,TransSharp
436.9398,25.17257,0,-0.09384334,0.2737926,0,0.2518498,8171.096,1.607562,0.7652563,Straight,Down,-0.02797646,-1.00946,TransSharp
436.9799,25.1645,0,-0.02883911,0.297612,0,0.2376191,8172.103,1.606906,0.7646641,Straight,Down,-0.02797646,-1.011566,TransSharp
437.0198,25.15892,0,0.02243042,0.3015793,0,0.2226309,8173.11,1.606227,0.7640715,Straight,Down,-0.03426402,-1.013687,TransSharp
437.0598,25.1567,0,0.08102417,0.3055466,0,0.2066386,8174.116,1.605864,0.7634782,Straight,Down,-0.03956468,-1.014488,TransSharp
437.0999,25.15522,0,0.110321,0.3055466,0,0.189859,8175.122,1.6045,0.762885,Straight,Down,-0.03956468,-1.013359,TransSharp
437.1398,25.15381,0,0.1222265,0.309514,0,0.1726865,8176.127,1.603009,0.7622907,Straight,Down,-0.03956468,-1.01223,TransSharp
437.1798,25.1532,0,0.1176488,0.3134814,0,0.1544777,8177.133,1.602234,0.761696,Straight,Down,-0.03956468,-1.011101,TransSharp
437.2198,25.15211,0,0.1176488,0.3134814,0,0.135236,8178.139,1.60154,0.7611007,Straight,Down,-0.03956468,-1.009972,TransSharp
437.2599,25.15284,0,0.1121521,0.3174487,0,0.1237638,8179.145,1.601632,0.7605054,Straight,Down,-0.03956468,-1.008842,TransSharp
437.2998,25.15388,0,0.1057434,0.3214161,0,0.1138006,8180.151,1.601912,0.7599091,Straight,Down,-0.03956468,-1.007713,TransSharp
437.3398,25.15499,0,0.09841919,0.3214161,0,0.1033749,8181.157,1.6021,0.7593124,Straight,Down,-0.03956468,-1.006584,TransSharp
437.3799,25.15767,0,0.08651733,0.3214161,0,0.0923897,8182.163,1.601813,0.7587156,Straight,Down,-0.04423466,-1.005447,TransSharp
437.4198,25.1603,0,0.07461548,0.3214161,0,0.08102599,8183.169,1.601324,0.7581177,Straight,Down,-0.04423466,-1.004318,TransSharp
437.4598,25.16286,0,0.05081177,0.3214161,0,0.069381,8184.176,1.600781,0.7575194,Straight,Down,-0.03956468,-1.003189,TransSharp
437.4998,25.16536,0,0.03250122,0.3214161,0,0.05755779,8185.183,1.600139,0.7569207,Straight,Down,-0.03956468,-1.002052,TransSharp
437.5399,25.16817,0,0.0050354,0.3214161,0,0.04493454,8186.19,1.60001,0.7563218,Straight,Down,-0.03956468,-1.000923,TransSharp
437.5798,25.17057,0,-0.02334595,0.3214161,0,0.03195795,8187.197,1.598287,0.755722,Straight,Down,-0.04423466,-0.9997864,TransSharp
437.6198,25.17198,0,-0.03982544,0.3214161,0,0.0190852,8188.204,1.596599,0.7551216,Left,Down,-0.05233916,-0.997261,TransSharp
437.6599,25.17303,0,-0.0590533,0.3214161,0,0.005190402,8189.21,1.595461,0.7545214,Left,Down,-0.05233916,-0.993927,TransSharp
437.6999,25.17554,0,-0.07095516,0.3214161,0,-0.001388937,8190.217,1.595511,0.7539202,Straight,Down,-0.04845664,-0.9905853,TransSharp
437.7398,25.17741,0,-0.08743465,0.3214161,0,-0.005255103,8191.224,1.595761,0.7533184,Left,Down,-0.05233916,-0.9872437,TransSharp
437.7798,25.17853,0,-0.0993365,0.3214161,0,-0.009339005,8192.231,1.595997,0.752716,Left,Down,-0.05233916,-0.9839096,TransSharp
437.8199,25.18086,0,-0.1066607,0.3214161,0,-0.01370651,8193.239,1.595795,0.7521138,Straight,Down,-0.04845664,-0.9805679,TransSharp
437.8598,25.18311,0,-0.1240557,0.3214161,0,-0.01830298,8194.247,1.595449,0.7515106,Left,Down,-0.05233916,-0.9772186,TransSharp
437.8998,25.18528,0,-0.1377887,0.3214161,0,-0.02315012,8195.255,1.594938,0.7509068,Left,Down,-0.05233916,-0.973877,TransSharp
437.9398,25.18776,0,-0.1533526,0.3214161,0,-0.02895537,8196.263,1.59486,0.750303,Straight,Down,-0.04845664,-0.9705353,TransSharp
437.9799,25.18964,0,-0.1725787,0.3214161,0,-0.03470716,8197.271,1.592602,0.7496982,Left,Down,-0.05233916,-0.9671783,TransSharp
438.0198,25.19041,0,-0.18906,0.3214161,0,-0.04066351,8198.278,1.590761,0.7490931,Left,Down,-0.05934703,-0.963829,TransSharp
438.0598,25.1916,0,-0.2037084,0.3214161,0,-0.04291293,8199.286,1.590142,0.7484873,Left,Down,-0.06255726,-0.9595642,TransSharp
438.0999,25.19394,0,-0.2201879,0.3214161,0,-0.03966665,8200.294,1.590346,0.7478816,Left,Down,-0.05934703,-0.9543381,TransSharp
438.1398,25.195,0,-0.2320898,0.3214161,0,-0.03671211,8201.302,1.590622,0.7472749,Left,Down,-0.06255726,-0.9491119,TransSharp
438.1798,25.19622,0,-0.2449071,0.3214161,0,-0.03412059,8202.31,1.590554,0.7466678,Left,Down,-0.05934703,-0.9438782,TransSharp
438.2198,25.19811,0,-0.2604711,0.3214161,0,-0.03208929,8203.317,1.590266,0.7460601,Left,Down,-0.06255726,-0.938652,TransSharp
438.2599,25.20057,0,-0.2796972,0.3214161,0,-0.03111801,8204.325,1.590224,0.7454525,Left,Down,-0.05934703,-0.9334183,TransSharp
438.2998,25.20213,0,-0.3044182,0.3214161,0,-0.03085959,8205.333,1.588525,0.744844,Left,Down,-0.06255726,-0.9281769,TransSharp
438.3398,25.202,0,-0.3218132,0.3214161,0,-0.0308286,8206.341,1.58627,0.7442348,Left,Down,-0.06255726,-0.9229355,TransSharp
438.3799,25.20306,0,-0.3447014,0.3214161,0,-0.02685007,8207.349,1.585299,0.7436258,Left,Down,-0.06255726,-0.9176941,TransSharp
438.4198,25.20497,0,-0.3584343,0.3214161,0,-0.01878959,8208.356,1.585621,0.7430157,Left,Down,-0.07132626,-0.9122772,TransSharp
438.4598,25.20517,0,-0.380407,0.3214161,0,-0.01106229,8209.364,1.585959,0.7424053,Left,Down,-0.07132626,-0.9052582,TransSharp
438.4998,25.20591,0,-0.4060417,0.3214161,0,-0.004189283,8210.372,1.586015,0.7417943,Left,Down,-0.07132626,-0.8982315,TransSharp
438.5399,25.20813,0,-0.4280162,0.3214161,0,0.001310676,8211.38,1.585978,0.7411833,Left,Down,-0.07132626,-0.8911972,TransSharp
438.5798,25.20922,0,-0.4582286,0.3214161,0,0.005235732,8212.388,1.584695,0.7405714,Left,Down,-0.07132626,-0.8841553,TransSharp
438.6198,25.20787,0,-0.4774547,0.3214161,0,0.008597463,8213.396,1.582144,0.7399591,Left,Down,-0.07132626,-0.8771133,TransSharp
438.6599,25.20874,0,-0.4985118,0.3214161,0,0.01641852,8214.403,1.581244,0.7393466,Left,Down,-0.07132626,-0.8700714,TransSharp
438.6999,25.20997,0,-0.5177379,0.297612,0,0.02659127,8215.411,1.581486,0.7387334,Left,Down,-0.07401875,-0.8630295,TransSharp
438.7398,25.20437,0,-0.530557,0.297612,0,0.03577453,8216.419,1.58192,0.7381195,Left,Down,-0.08156469,-0.8558884,TransSharp
438.7798,25.19979,0,-0.5479521,0.2936446,0,0.04329804,8217.427,1.582024,0.7375053,Left,Down,-0.08392937,-0.8470612,TransSharp
438.8199,25.19493,0,-0.5653471,0.2856947,0,0.04869959,8218.435,1.581557,0.7368912,Left,Down,-0.08156469,-0.8382263,TransSharp
438.8598,25.18501,0,-0.5955595,0.2817273,0,0.05294621,8219.442,1.578629,0.736276,Left,Down,-0.08156469,-0.8293839,TransSharp
438.8998,25.17622,0,-0.6303495,0.27776,0,0.06140614,8220.45,1.577516,0.7356603,Left,Down,-0.08392937,-0.820549,TransSharp
438.9398,25.1676,0,-0.6596482,0.2737926,0,0.07110777,8221.457,1.577861,0.7350447,Left,Down,-0.08156469,-0.8117142,TransSharp
438.9799,25.1558,0,-0.7017624,0.2658579,0,0.07939529,8222.463,1.578201,0.7344281,Left,Down,-0.08156469,-0.8028946,TransSharp
439.0198,25.14392,0,-0.7310593,0.2618906,0,0.08476043,8223.469,1.579027,0.7338111,Left,Down,-0.09487279,-0.7939148,TransSharp
439.0598,25.12979,0,-0.7612717,0.2618906,0,0.08811054,8224.475,1.576735,0.7331936,Left,Down,-0.09487279,-0.7832413,TransSharp
439.0999,25.11368,0,-0.7804996,0.2579232,0,0.09211811,8225.479,1.574068,0.7325762,Left,Down,-0.09487279,-0.772583,TransSharp
439.1398,25.09994,0,-0.7924014,0.2579232,0,0.09996939,8226.482,1.574291,0.7319579,Left,Down,-0.09487279,-0.7619171,TransSharp
439.1798,25.08546,0,-0.8024722,0.2579232,0,0.1056356,8227.486,1.574856,0.731339,Left,Down,-0.09487279,-0.7512665,TransSharp
439.2198,25.06955,0,-0.8079654,0.2579232,0,0.1079214,8228.489,1.575995,0.7307197,Left,Down,-0.09278741,-0.7406158,TransSharp
439.2599,25.0527,0,-0.8143741,0.2579232,0,0.1078734,8229.491,1.572964,0.7301005,Left,Down,-0.1083524,-0.72995,TransSharp
439.2998,25.03578,0,-0.8262759,0.2579232,0,0.1104641,8230.493,1.570996,0.7294803,Left,Down,-0.1083524,-0.717392,TransSharp
439.3398,25.02155,0,-0.8336002,0.2579232,0,0.113519,8231.494,1.571393,0.7288597,Left,Down,-0.1083524,-0.704834,TransSharp
439.3799,25.00593,0,-0.843671,0.27776,0,0.1134434,8232.494,1.572489,0.7282392,Left,Down,-0.1083524,-0.6922836,TransSharp
439.4198,24.99101,0,-0.845502,0.2856947,0,0.1099883,8233.494,1.571404,0.7276176,Left,Down,-0.1083524,-0.6797256,TransSharp
439.4598,24.97728,0,-0.8500797,0.2936446,0,0.1068192,8234.494,1.568462,0.7269957,Left,Down,-0.1153499,-0.66716,TransSharp
439.4998,24.97025,0,-0.8555728,0.2936446,0,0.1061276,8235.492,1.568683,0.7263733,Left,Down,-0.1219466,-0.6534348,TransSharp
439.5399,24.96375,0,-0.8555728,0.2936446,0,0.1011724,8236.49,1.570064,0.725751,Left,Down,-0.1219466,-0.6388626,TransSharp
439.5798,24.95088,0,-0.8564883,0.297612,0,0.0927504,8237.488,1.568246,0.7251276,Left,Down,-0.1219466,-0.6242828,TransSharp
439.6198,24.94061,0,-0.8564883,0.297612,0,0.0865829,8238.486,1.566171,0.7245039,Left,Down,-0.1219466,-0.6097107,TransSharp
439.6599,24.9339,0,-0.8574039,0.297612,0,0.08022633,8239.484,1.56646,0.7238803,Left,Down,-0.132704,-0.5951233,TransSharp
439.6998,24.92676,0,-0.8574039,0.3015793,0,0.06898311,8240.481,1.568235,0.7232557,Left,Down,-0.1356209,-0.5789413,TransSharp
439.7398,24.91315,0,-0.8574039,0.3055466,0,0.05581203,8241.478,1.563676,0.7226306,Left,Down,-0.1356209,-0.5622406,TransSharp
439.7798,24.90574,0,-0.8574039,0.3055466,0,0.04762098,8242.474,1.563892,0.7220052,Left,Down,-0.1370561,-0.5455399,TransSharp
439.8199,24.90382,0,-0.8574039,0.3055466,0,0.03290793,8243.47,1.566321,0.7213798,Left,Down,-0.1440177,-0.5288315,TransSharp
439.8598,24.88852,0,-0.8574039,0.3055466,0,0.01547784,8244.466,1.561733,0.7207534,Left,Down,-0.1519511,-0.510994,TransSharp
439.8998,24.88141,0,-0.8574039,0.3055466,0,0.003924668,8245.462,1.562173,0.7201267,Left,Down,-0.1519511,-0.4920654,TransSharp
439.9398,24.87937,0,-0.8574039,0.3055466,0,-0.01424426,8246.458,1.564887,0.7194999,Left,Down,-0.1519511,-0.473114,TransSharp
439.9799,24.86313,0,-0.8555728,0.3055466,0,-0.03348985,8247.452,1.560108,0.7188724,Left,Down,-0.1631294,-0.4541855,TransSharp
440.0198,24.85654,0,-0.8491641,0.3055466,0,-0.0491676,8248.446,1.56085,0.7182444,Left,Down,-0.1690205,-0.4336395,TransSharp
440.0598,24.85222,0,-0.8336002,0.3055466,0,-0.07133636,8249.44,1.561362,0.7176159,Left,Down,-0.1690205,-0.4123154,TransSharp
440.0999,24.83673,0,-0.8079654,0.3055466,0,-0.09018523,8250.435,1.557998,0.7169874,Left,Down,-0.1724585,-0.3909836,TransSharp
440.1398,24.82772,0,-0.777753,0.3055466,0,-0.1105183,8251.428,1.556268,0.7163582,Left,Down,-0.1866263,-0.3691711,TransSharp
440.1798,24.81928,0,-0.737468,0.3055466,0,-0.1332365,8252.42,1.555961,0.7157285,Left,Down,-0.1866263,-0.3453064,TransSharp
440.2198,24.80437,0,-0.6916916,0.3055466,0,-0.152472,8253.412,1.552336,0.7150987,Left,Down,-0.1876719,-0.3214569,TransSharp
440.2599,24.79685,0,-0.6477463,0.3055466,0,-0.1746845,8254.404,1.554199,0.7144682,Left,Down,-0.2065338,-0.2975388,TransSharp
440.2998,24.78306,0,-0.6184477,0.3055466,0,-0.192671,8255.396,1.551636,0.7138373,Left,Down,-0.2065338,-0.2710648,TransSharp
440.3398,24.7732,0,-0.6056303,0.3055466,0,-0.2118058,8256.388,1.554107,0.7132058,Left,Down,-0.2093567,-0.244606,TransSharp
440.3799,24.76181,0,-0.5909818,0.309514,0,-0.2285218,8257.378,1.552505,0.7125744,Left,Down,-0.2264194,-0.2176437,TransSharp
440.4198,24.75246,0,-0.5781645,0.309514,0,-0.2462231,8258.368,1.555428,0.7119421,Left,Down,-0.2264194,-0.1884079,TransSharp
440.4598,24.74321,0,-0.5589384,0.309514,0,-0.2609586,8259.358,1.554083,0.7113096,Left,Down,-0.2382111,-0.1591949,TransSharp
440.4998,24.73427,0,-0.5241466,0.309514,0,-0.2778839,8260.349,1.556594,0.7106765,Left,Flat,-0.2478722,-0.128273,TransSharp
440.5399,24.72713,0,-0.4930186,0.309514,0,-0.2902925,8261.338,1.555298,0.7100435,Left,Flat,-0.2525642,-0.09613037,TransSharp
440.5798,24.718,0,-0.4518199,0.3174487,0,-0.3062066,8262.326,1.55606,0.7094097,Left,Flat,-0.2719625,-0.06402588,TransSharp
440.6198,24.71353,0,-0.4234385,0.3214161,0,-0.317506,8263.314,1.555631,0.7087753,Left,Flat,-0.2741124,-0.03194427,TransSharp
440.6599,24.7032,0,-0.3923088,0.3253834,0,-0.3301345,8264.303,1.553439,0.7081411,Left,Flat,-0.3109043,-0.003494263,TransSharp
440.6998,24.70434,0,-0.3639275,0.3253834,0,-0.3435107,8265.291,1.555453,0.7075061,Left,Flat,-0.3083766,-0.02113342,TransSharp
440.7398,24.69858,0,-0.3465325,0.3293507,0,-0.3537644,8266.279,1.554129,0.7068706,Left,Flat,-0.2920831,-0.03865051,TransSharp
440.7798,24.69295,0,-0.3263909,0.3293507,0,-0.3665903,8267.268,1.553366,0.7062346,Left,Flat,-0.2900664,-0.05517578,TransSharp
440.8199,24.69396,0,-0.3035027,0.3293507,0,-0.3766503,8268.256,1.553573,0.7055988,Left,Flat,-0.2741124,-0.07162476,TransSharp
440.8598,24.68966,0,-0.2668798,0.3293507,0,-0.3862259,8269.244,1.552133,0.7049621,Left,Flat,-0.2741124,-0.08708191,TransSharp
440.8998,24.68969,0,-0.2192724,0.3293507,0,-0.3986841,8270.232,1.551775,0.704325,Left,Flat,-0.2579304,-0.1025314,TransSharp
440.9398,24.68844,0,-0.1799047,0.3293507,0,-0.407571,8271.221,1.551869,0.703688,Left,Flat,-0.2564087,-0.1170425,TransSharp
440.9799,24.68512,0,-0.1295489,0.3293507,0,-0.4157947,8272.209,1.550648,0.70305,Left,Flat,-0.2462884,-0.1314392,TransSharp
441.0198,24.68415,0,-0.09475887,0.3333181,0,-0.4261785,8273.196,1.54946,0.7024117,Left,Flat,-0.2382111,-0.1452713,TransSharp
441.0598,24.68599,0,-0.06363094,0.3412528,0,-0.4348485,8274.185,1.550386,0.701773,Left,Down,-0.2382111,-0.1586151,TransSharp
441.0999,24.68627,0,-0.04714966,0.3452201,0,-0.4403956,8275.173,1.549361,0.7011344,Left,Down,-0.2220564,-0.1719513,TransSharp
441.1398,24.686,0,-0.04714966,0.3491875,0,-0.447588,8276.161,1.547209,0.7004949,Left,Down,-0.2220564,-0.1843033,TransSharp
441.1798,24.69353,0,-0.04714966,0.3531548,0,-0.4578238,8277.149,1.54899,0.699855,Left,Down,-0.2176059,-0.1966171,TransSharp
441.2198,24.69743,0,-0.04714966,0.3531548,0,-0.4604031,8278.138,1.548128,0.6992152,Left,Down,-0.2036718,-0.2086945,TransSharp
441.2599,24.70021,0,-0.04714966,0.3571222,0,-0.4641921,8279.126,1.546961,0.6985746,Left,Down,-0.2046302,-0.2200012,TransSharp
441.2998,24.70622,0,-0.06546199,0.3650568,0,-0.4697684,8280.114,1.544853,0.6979336,Left,Down,-0.199792,-0.2313156,TransSharp
441.3398,24.71627,0,-0.08102596,0.3650568,0,-0.4771218,8281.103,1.546797,0.697292,Left,Down,-0.1876719,-0.2424164,TransSharp
441.3799,24.7235,0,-0.1121539,0.3650568,0,-0.4764448,8282.091,1.54606,0.6966508,Left,Down,-0.1876719,-0.2527237,TransSharp
441.4198,24.72896,0,-0.1377887,0.3650568,0,-0.4767241,8283.079,1.544744,0.6960086,Left,Down,-0.1876719,-0.2630463,TransSharp
441.4598,24.73819,0,-0.1899755,0.3650568,0,-0.4784368,8284.069,1.543054,0.695366,Left,Down,-0.1713202,-0.2733612,TransSharp
441.4998,24.74719,0,-0.2439916,0.3650568,0,-0.4822295,8285.06,1.543586,0.694723,Left,Down,-0.1713202,-0.282753,TransSharp
441.5399,24.75576,0,-0.2815282,0.3650568,0,-0.4810186,8286.05,1.543815,0.6940802,Left,Down,-0.1713202,-0.292099,TransSharp
441.5798,24.76237,0,-0.3282219,0.3650568,0,-0.4770327,8287.04,1.542789,0.6934365,Left,Down,-0.1643245,-0.3014374,TransSharp
441.6198,24.77119,0,-0.3520256,0.3650568,0,-0.4747385,8288.03,1.541541,0.6927924,Left,Down,-0.1545051,-0.3104324,TransSharp
441.6599,24.77818,0,-0.3675896,0.3650568,0,-0.4737117,8289.021,1.539973,0.6921484,Left,Down,-0.1545051,-0.3188095,TransSharp
441.6998,24.78773,0,-0.3685051,0.3650568,0,-0.4744513,8290.013,1.540974,0.6915035,Left,Down,-0.1545051,-0.3271866,TransSharp
441.7398,24.79599,0,-0.3685051,0.3650568,0,-0.4698079,8291.005,1.541057,0.6908584,Left,Down,-0.1480375,-0.3355637,TransSharp
441.7798,24.80252,0,-0.3685051,0.3650568,0,-0.4624326,8291.997,1.539937,0.6902127,Left,Down,-0.1370561,-0.343544,TransSharp
441.8199,24.8117,0,-0.3685051,0.3650568,0,-0.4566551,8292.989,1.538687,0.6895673,Left,Down,-0.1384764,-0.3509598,TransSharp
441.8598,24.81915,0,-0.3685051,0.3650568,0,-0.4523247,8293.981,1.537626,0.6889209,Left,Down,-0.1384764,-0.3583679,TransSharp
441.8998,24.82613,0,-0.3685051,0.3650568,0,-0.4492303,8294.974,1.537023,0.6882743,Left,Down,-0.1384764,-0.3657837,TransSharp
441.9398,24.83646,0,-0.3685051,0.3650568,0,-0.4480241,8295.968,1.53821,0.6876277,Left,Down,-0.1235407,-0.3731842,TransSharp
441.9799,24.8436,0,-0.3685051,0.3650568,0,-0.438082,8296.962,1.537482,0.6869802,Left,Down,-0.1219466,-0.3796997,TransSharp
442.0198,24.85047,0,-0.3685051,0.3650568,0,-0.4286479,8297.956,1.536295,0.6863323,Left,Down,-0.1219466,-0.3861389,TransSharp
442.0598,24.86012,0,-0.3566033,0.3650568,0,-0.421101,8298.95,1.535201,0.6856843,Left,Down,-0.1235407,-0.3925781,TransSharp
442.0999,24.86776,0,-0.3456169,0.3650568,0,-0.4152849,8299.944,1.534317,0.6850363,Left,Down,-0.1219466,-0.3990173,TransSharp
442.1398,24.8749,0,-0.3382927,0.3650568,0,-0.4107794,8300.938,1.5332,0.6843873,Left,Down,-0.1065312,-0.4054489,TransSharp
442.1798,24.8827,0,-0.3154045,0.3650568,0,-0.4078859,8301.935,1.533427,0.6837382,Left,Down,-0.1046783,-0.4110107,TransSharp
442.2198,24.89242,0,-0.291599,0.3650568,0,-0.4063912,8302.931,1.534225,0.683089,Left,Down,-0.1065312,-0.4164581,TransSharp
442.2599,24.89954,0,-0.239414,0.3650568,0,-0.3954376,8303.927,1.533265,0.682439,Left,Down,-0.1065312,-0.4219131,TransSharp
442.2998,24.90711,0,-0.1799047,0.3650568,0,-0.3860906,8304.923,1.53216,0.6817887,Left,Down,-0.1065312,-0.4273605,TransSharp
442.3398,24.91637,0,-0.1377887,0.3650568,0,-0.3783655,8305.919,1.530993,0.6811382,Left,Down,-0.1046783,-0.4328079,TransSharp
442.3799,24.92435,0,-0.09384334,0.3650568,0,-0.3721503,8306.915,1.530147,0.6804875,Left,Down,-0.08846933,-0.4381638,TransSharp
442.4198,24.93234,0,-0.07644832,0.3650568,0,-0.3675045,8307.913,1.529507,0.6798362,Left,Down,-0.08846933,-0.4425888,TransSharp
442.4598,24.94006,0,-0.07003963,0.3650568,0,-0.3639916,8308.911,1.528789,0.6791844,Left,Down,-0.08846933,-0.4469986,TransSharp
442.4998,24.94813,0,-0.07003963,0.3650568,0,-0.3618627,8309.909,1.528194,0.6785324,Left,Down,-0.08846933,-0.4514084,TransSharp
442.5399,24.95663,0,-0.07003963,0.3650568,0,-0.3617035,8310.907,1.528624,0.6778803,Left,Down,-0.08846933,-0.4558258,TransSharp
442.5798,24.9657,0,-0.06637752,0.3650568,0,-0.3620531,8311.905,1.528857,0.6772277,Left,Down,-0.08846933,-0.4602356,TransSharp
442.6198,24.97384,0,-0.0590533,0.3650568,0,-0.3527118,8312.903,1.527856,0.6765745,Left,Down,-0.08622923,-0.4646454,TransSharp
442.6599,24.98226,0,-0.04623413,0.3650568,0,-0.3449671,8313.903,1.526798,0.6759216,Left,Down,-0.07132626,-0.4689713,TransSharp
442.6998,24.9915,0,-0.03341675,0.3650568,0,-0.3382324,8314.903,1.525821,0.6752678,Left,Down,-0.06852804,-0.472229,TransSharp
442.7398,24.9999,0,-0.02792358,0.3650568,0,-0.3327497,8315.903,1.52504,0.6746136,Left,Down,-0.06852804,-0.4754944,TransSharp
442.7798,25.0083,0,-0.02426147,0.3650568,0,-0.3283818,8316.903,1.524385,0.6739591,Left,Down,-0.06852804,-0.4787521,TransSharp
442.8199,25.01673,0,-0.02426147,0.3650568,0,-0.325039,8317.903,1.523839,0.6733049,Left,Down,-0.07132626,-0.4820099,TransSharp
442.8598,25.02516,0,-0.02426147,0.3650568,0,-0.3226646,8318.904,1.523205,0.6726497,Left,Down,-0.07132626,-0.4852676,TransSharp
442.8998,25.0336,0,-0.02426147,0.3650568,0,-0.3213892,8319.906,1.522585,0.6719942,Left,Down,-0.06852804,-0.4885254,TransSharp
442.9398,25.04202,0,-0.02334595,0.3650568,0,-0.3211897,8320.908,1.522074,0.6713388,Left,Down,-0.06852804,-0.4917831,TransSharp
442.9798,25.05027,0,-0.01693726,0.3650568,0,-0.3219894,8321.91,1.521403,0.6706826,Left,Down,-0.06852804,-0.4950409,TransSharp
443.0198,25.05877,0,-0.01144409,0.3650568,0,-0.323381,8322.912,1.520566,0.6700262,Straight,Down,-0.04423466,-0.4982986,TransSharp
443.0598,25.06718,0,-0.009613037,0.3452201,0,-0.3255436,8323.914,1.520705,0.6693693,Straight,Down,-0.04423466,-0.5000458,TransSharp
443.0999,25.07158,0,0.003204346,0.3372854,0,-0.3286902,8324.916,1.520633,0.6687127,Straight,Down,-0.04423466,-0.5017776,TransSharp
443.1398,25.07498,0,0.01052856,0.3333181,0,-0.3322439,8325.92,1.52016,0.6680551,Straight,Down,-0.04423466,-0.5035019,TransSharp
443.1798,25.07685,0,0.02700806,0.3253834,0,-0.3331981,8326.924,1.519578,0.6673973,Straight,Down,-0.04423466,-0.5052261,TransSharp
443.2198,25.07721,0,0.04623413,0.3253834,0,-0.3303003,8327.928,1.518519,0.6667398,Straight,Down,-0.04423466,-0.5069504,TransSharp
443.2599,25.07725,0,0.06362915,0.3214161,0,-0.3279808,8328.932,1.517459,0.6660812,Straight,Down,-0.04423466,-0.5086823,TransSharp
443.2998,25.07643,0,0.0819397,0.3174487,0,-0.326119,8329.936,1.516618,0.6654224,Straight,Down,-0.04423466,-0.5104065,TransSharp
443.3398,25.07446,0,0.09933472,0.3134814,0,-0.3248207,8330.939,1.516043,0.6647633,Straight,Down,-0.04423466,-0.5121307,TransSharp
443.3799,25.07163,0,0.123142,0.3134814,0,-0.3237742,8331.941,1.51553,0.6641044,Straight,Down,-0.04423466,-0.513855,TransSharp
443.4198,25.0688,0,0.1423681,0.3134814,0,-0.3231811,8332.943,1.514983,0.6634446,Straight,Down,-0.04845664,-0.5155716,TransSharp
443.4598,25.06603,0,0.1542699,0.3134814,0,-0.323011,8333.945,1.514472,0.6627845,Straight,Down,-0.03956468,-0.5172958,TransSharp
443.4998,25.06325,0,0.1771581,0.3134814,0,-0.3229668,8334.947,1.513953,0.6621246,Straight,Down,-0.04423466,-0.5190125,TransSharp
443.5399,25.0605,0,0.1881444,0.3134814,0,-0.3232191,8335.949,1.51337,0.661464,Straight,Down,-0.04423466,-0.5207367,TransSharp
443.5798,25.05775,0,0.1963842,0.3134814,0,-0.3233616,8336.951,1.51285,0.6608029,Straight,Down,-0.03426402,-0.5224609,TransSharp
443.6198,25.05501,0,0.206455,0.309514,0,-0.3236646,8337.953,1.512317,0.6601415,Straight,Down,0,-0.5238876,TransSharp
443.6599,25.05142,0,0.208286,0.3055466,0,-0.3240369,8338.955,1.511767,0.6594804,Straight,Down,0,-0.5223694,TransSharp
443.6998,25.04739,0,0.2137792,0.3055466,0,-0.3243767,8339.957,1.511261,0.6588185,Straight,Down,0,-0.5208511,TransSharp
443.7398,25.04291,0,0.2192724,0.3015793,0,-0.3246057,8340.959,1.510707,0.6581562,Straight,Down,0,-0.5193405,TransSharp
443.7798,25.0376,0,0.2265966,0.3015793,0,-0.3245948,8341.961,1.510128,0.6574935,Straight,Down,0,-0.5178223,TransSharp
443.8199,25.03221,0,0.2311742,0.297612,0,-0.3243399,8342.963,1.509544,0.6568312,Straight,Down,0,-0.5163116,TransSharp
443.8598,25.02643,0,0.2320898,0.297612,0,-0.3238947,8343.965,1.508982,0.656168,Straight,Down,0,-0.5147934,TransSharp
443.8998,25.02019,0,0.2357519,0.2936446,0,-0.3230749,8344.965,1.508437,0.6555045,Straight,Down,0,-0.5132751,TransSharp
443.9398,25.01353,0,0.2366674,0.2936446,0,-0.3218328,8345.965,1.507885,0.6548412,Straight,Down,0,-0.5117645,TransSharp
443.9798,25.00641,0,0.2384984,0.2936446,0,-0.3202014,8346.965,1.507331,0.6541771,Straight,Down,0,-0.5102539,TransSharp
444.0198,24.99928,0,0.2430761,0.289662,0,-0.3180147,8347.965,1.506752,0.6535127,Straight,Down,0,-0.5087357,TransSharp
444.0598,24.99174,0,0.2494848,0.289662,0,-0.3153442,8348.965,1.506257,0.652848,Straight,Down,0,-0.507225,TransSharp
444.0999,24.98373,0,0.2549779,0.2856947,0,-0.3121091,8349.965,1.505645,0.6521835,Straight,Down,0,-0.5057144,TransSharp
444.1398,24.97488,0,0.2558935,0.2817273,0,-0.3082058,8350.964,1.505091,0.6515182,Straight,Down,0,-0.5042038,TransSharp
444.1798,24.96508,0,0.2604711,0.2817273,0,-0.3035368,8351.962,1.50446,0.6508527,Straight,Down,0,-0.5026855,TransSharp
444.2198,24.95541,0,0.2659643,0.2737926,0,-0.2979617,8352.96,1.503764,0.6501873,Straight,Down,0,-0.5011749,TransSharp
444.2599,24.94449,0,0.2668798,0.2658579,0,-0.2916815,8353.958,1.50318,0.6495211,Straight,Down,0,-0.4996643,TransSharp
444.2998,24.93223,0,0.2677953,0.2579232,0,-0.2844683,8354.956,1.50286,0.6488546,Straight,Down,0,-0.4981461,TransSharp
444.3398,24.91787,0,0.2677953,0.2499886,0,-0.276235,8355.952,1.502444,0.6481878,Straight,Down,0,-0.4966431,TransSharp
444.3799,24.90178,0,0.2677953,0.2460212,0,-0.2670742,8356.948,1.501918,0.6475213,Straight,Down,0,-0.4951324,TransSharp
444.4198,24.88453,0,0.2677953,0.2380865,0,-0.2570774,8357.944,1.501353,0.6468539,Straight,Down,0,-0.4936218,TransSharp
444.4598,24.86598,0,0.2677953,0.2341192,0,-0.2461615,8358.938,1.500742,0.6461864,Straight,Down,0,-0.4921188,TransSharp
444.4998,24.84651,0,0.2677953,0.2341192,0,-0.2343414,8359.933,1.500099,0.6455188,Straight,Down,0,-0.4906082,TransSharp
444.5399,24.82671,0,0.2677953,0.2301518,0,-0.2212881,8360.926,1.499557,0.6448507,Straight,Down,0,-0.4891052,TransSharp
444.5798,24.80595,0,0.2677953,0.2301518,0,-0.2072903,8361.918,1.498982,0.6441822,Straight,Down,0,-0.4875946,TransSharp
444.6198,24.78548,0,0.2677953,0.2301518,0,-0.1950974,8362.91,1.498336,0.6435136,Straight,Down,0,-0.4860916,TransSharp
444.6599,24.76401,0,0.2623022,0.2301518,0,-0.1882523,8363.9,1.496763,0.6428449,Straight,Down,0,-0.4845886,TransSharp
444.6998,24.7427,0,0.2558935,0.2301518,0,-0.1802724,8364.891,1.495273,0.6421756,Straight,Down,0,-0.4830856,TransSharp
444.7398,24.72187,0,0.2504003,0.2301518,0,-0.1710555,8365.88,1.494417,0.641506,Straight,Down,0,-0.4815903,TransSharp
444.7798,24.70052,0,0.2439916,0.2301518,0,-0.1604817,8366.868,1.493903,0.6408362,Straight,Down,0,-0.4800873,TransSharp
444.8199,24.6792,0,0.2439916,0.2301518,0,-0.1486996,8367.855,1.49359,0.6401666,Straight,Down,0,-0.4785843,TransSharp
444.8598,24.65788,0,0.2439916,0.2301518,0,-0.1357497,8368.842,1.493243,0.6394961,Straight,Down,0,-0.4770889,TransSharp
444.8998,24.63687,0,0.2439916,0.2301518,0,-0.1212707,8369.828,1.492799,0.6388254,Straight,Down,0,-0.4755859,TransSharp
444.9398,24.61612,0,0.2439916,0.2301518,0,-0.1057297,8370.813,1.49346,0.638155,Straight,Down,0,-0.4740906,TransSharp
444.9798,24.5964,0,0.2439916,0.2301518,0,-0.08894816,8371.797,1.493876,0.6374838,Straight,Down,0,-0.4725952,TransSharp
445.0198,24.57511,0,0.2439916,0.2301518,0,-0.07672745,8372.78,1.492884,0.6368123,Straight,Down,0,-0.4710999,TransSharp
445.0598,24.55372,0,0.2540624,0.2301518,0,-0.06691849,8373.763,1.491255,0.6361405,Straight,Down,0.01978234,-0.4696121,TransSharp
445.0999,24.5335,0,0.2659643,0.2539559,0,-0.05573183,8374.744,1.489708,0.6354689,Right,Down,0.05595291,-0.4669418,TransSharp
445.1398,24.5149,0,0.2787817,0.2579232,0,-0.04342395,8375.725,1.488742,0.6347967,Right,Down,0.05595291,-0.461853,TransSharp
445.1798,24.49929,0,0.2980077,0.2658579,0,-0.02948886,8376.705,1.487914,0.6341241,Right,Down,0.05595291,-0.4567719,TransSharp
445.2198,24.48561,0,0.3254735,0.2817273,0,-0.01421443,8377.685,1.488105,0.6334518,Right,Down,0.05595291,-0.4516907,TransSharp
445.2599,24.47665,0,0.3428686,0.2856947,0,0.002326906,8378.663,1.489295,0.6327787,Right,Down,0.05595291,-0.4466095,TransSharp
445.2998,24.46581,0,0.3611827,0.2856947,0,0.01296341,8379.642,1.48838,0.6321054,Right,Down,0.05595291,-0.4415283,TransSharp
445.3398,24.45614,0,0.3694224,0.2856947,0,0.02304047,8380.62,1.486751,0.6314318,Right,Down,0.05595291,-0.4364471,TransSharp
445.3799,24.44873,0,0.3849864,0.2936446,0,0.03430501,8381.599,1.485247,0.6307585,Right,Down,0.05595291,-0.4313583,TransSharp
445.4198,24.43956,0,0.3913951,0.3055466,0,0.04751173,8382.577,1.483793,0.6300843,Right,Down,0.05595291,-0.4262772,TransSharp
445.4598,24.4345,0,0.3987193,0.3055466,0,0.06186292,8383.554,1.484755,0.62941,Right,Down,0.07401875,-0.4212036,TransSharp
445.4998,24.43069,0,0.4097056,0.309514,0,0.07396817,8384.53,1.485521,0.628736,Right,Down,0.08622923,-0.4151459,TransSharp
445.5399,24.42488,0,0.4161143,0.3174487,0,0.08188879,8385.507,1.483927,0.6280611,Right,Down,0.08392937,-0.4081879,TransSharp
445.5798,24.42184,0,0.4289317,0.3214161,0,0.09134829,8386.483,1.482338,0.6273859,Right,Down,0.08392937,-0.4012299,TransSharp
445.6198,24.41902,0,0.4454112,0.3253834,0,0.1026826,8387.46,1.480847,0.6267106,Right,Down,0.08392937,-0.3942795,TransSharp
445.6599,24.4216,0,0.4582286,0.3293507,0,0.1154228,8388.437,1.482949,0.6260355,Right,Down,0.08392937,-0.3873138,TransSharp
445.6998,24.41941,0,0.4747081,0.3333181,0,0.1210766,8389.413,1.481926,0.6253596,Right,Down,0.08622923,-0.3803558,TransSharp
445.7398,24.41741,0,0.4866099,0.3333181,0,0.128041,8390.39,1.480168,0.6246834,Right,Down,0.09891172,-0.3733902,TransSharp
445.7798,24.41855,0,0.5049205,0.3372854,0,0.1369372,8391.366,1.478301,0.6240072,Right,Down,0.1083524,-0.3653336,TransSharp
445.8199,24.42246,0,0.5186534,0.3412528,0,0.1462855,8392.343,1.480553,0.6233311,Right,Down,0.1083524,-0.3566208,TransSharp
445.8598,24.42262,0,0.5305552,0.3491875,0,0.1488553,8393.319,1.479007,0.6226543,Right,Down,0.1083524,-0.347908,TransSharp
445.8998,24.42085,0,0.5415416,0.3531548,0,0.1541902,8394.296,1.476606,0.6219772,Right,Down,0.1101434,-0.33918,TransSharp
445.9398,24.43187,0,0.5479503,0.3531548,0,0.1610017,8395.272,1.477899,0.6213004,Right,Down,0.1153499,-0.330452,TransSharp
445.9798,24.43369,0,0.5589366,0.3571222,0,0.161637,8396.249,1.477073,0.6206229,Right,Down,0.1341704,-0.3213196,TransSharp
446.0198,24.43319,0,0.5607677,0.3571222,0,0.1635602,8397.226,1.474834,0.6199451,Right,Down,0.132704,-0.3108521,TransSharp
446.0598,24.44544,0,0.5607677,0.3571222,0,0.167261,8398.203,1.476495,0.6192672,Right,Down,0.132704,-0.3003769,TransSharp
446.0999,24.44682,0,0.5607677,0.3571222,0,0.1636714,8399.182,1.475069,0.6185893,Right,Down,0.1341704,-0.2898941,TransSharp
446.1398,24.4448,0,0.5607677,0.3571222,0,0.162398,8400.16,1.472476,0.6179109,Right,Down,0.1519511,-0.2794113,TransSharp
446.1798,24.45657,0,0.5607677,0.3571222,0,0.1596937,8401.139,1.474305,0.6172322,Right,Down,0.1582588,-0.267601,TransSharp
446.2198,24.45507,0,0.5607677,0.3571222,0,0.152897,8402.117,1.471996,0.6165538,Right,Down,0.1582588,-0.2553558,TransSharp
446.2598,24.45766,0,0.5607677,0.3610895,0,0.1487596,8403.096,1.472811,0.6158746,Right,Down,0.1582588,-0.243103,TransSharp
446.2998,24.46543,0,0.5607677,0.3610895,0,0.1366765,8404.074,1.472534,0.6151953,Right,Down,0.183454,-0.2308502,TransSharp
446.3398,24.46787,0,0.5607677,0.3610895,0,0.1274781,8405.053,1.472671,0.6145156,Right,Down,0.183454,-0.2168274,TransSharp
446.3799,24.47331,0,0.5607677,0.3610895,0,0.1108562,8406.031,1.471377,0.6138363,Right,Down,0.1823843,-0.202774,TransSharp
446.4198,24.47702,0,0.5607677,0.3610895,0,0.09595096,8407.01,1.470278,0.6131562,Right,Down,0.2027088,-0.1887054,TransSharp
446.4598,24.48164,0,0.5607677,0.3610895,0,0.08375505,8407.988,1.469413,0.612476,Right,Down,0.20842,-0.1732559,TransSharp
446.4998,24.48599,0,0.5607677,0.3610895,0,0.07343546,8408.967,1.469196,0.611796,Right,Down,0.2093567,-0.1573563,TransSharp
446.5399,24.48857,0,0.5607677,0.3610895,0,0.05653188,8409.946,1.467773,0.6111153,Right,Flat,0.23239,-0.1414337,TransSharp
446.5798,24.49146,0,0.5607677,0.3610895,0,0.04236007,8410.927,1.466664,0.6104345,Right,Flat,0.235734,-0.1238327,TransSharp
446.6198,24.49531,0,0.5580211,0.3610895,0,0.03097349,8411.907,1.465948,0.6097533,Right,Flat,0.2446942,-0.1060028,TransSharp
446.6599,24.49805,0,0.5470347,0.3610895,0,0.02239463,8412.888,1.465569,0.6090724,Right,Flat,0.2631872,-0.08756256,TransSharp
446.6998,24.501,0,0.5287242,0.3610895,0,0.01284564,8413.868,1.465299,0.6083908,Right,Flat,0.2631872,-0.06774902,TransSharp
446.7398,24.50281,0,0.5049205,0.3610895,0,-0.0005048215,8414.849,1.464189,0.6077091,Right,Flat,0.2907402,-0.04789734,TransSharp
446.7798,24.50501,0,0.4454112,0.3610895,0,-0.01128119,8415.829,1.463363,0.6070275,Right,Flat,0.2907402,-0.02604675,TransSharp
446.8199,24.50782,0,0.3813243,0.3610895,0,-0.01926574,8416.81,1.462778,0.6063454,Right,Flat,0.1713202,-0.004203796,TransSharp
446.8598,24.50995,0,0.3373754,0.3610895,0,-0.02472115,8417.79,1.462462,0.6056629,Right,Flat,0.1690205,0.02674103,TransSharp
446.8998,24.51282,0,0.2796972,0.3610895,0,-0.02744982,8418.771,1.462464,0.6049804,Right,Flat,0.1690205,0.05786133,TransSharp
446.9398,24.51492,0,0.2504003,0.3610895,0,-0.03288198,8419.751,1.462042,0.6042981,Right,Flat,0.1631294,0.08899689,TransSharp
446.9798,24.51657,0,0.2256811,0.3610895,0,-0.04100329,8420.731,1.460867,0.603615,Right,Flat,0.1341704,0.1192627,TransSharp
447.0198,24.51911,0,0.2073705,0.3610895,0,-0.04645365,8421.712,1.45989,0.6029318,Right,Flat,0.1356209,0.1449814,TransSharp
447.0598,24.52135,0,0.1954687,0.3610895,0,-0.04946631,8422.692,1.459367,0.6022484,Right,Up,0.1341704,0.1707001,TransSharp
447.0999,24.52335,0,0.1780736,0.3610895,0,-0.04979214,8423.673,1.459043,0.6015654,Right,Up,0.1356209,0.1964111,TransSharp
447.1398,24.52544,0,0.1597631,0.3610895,0,-0.04790536,8424.653,1.458767,0.6008815,Right,Up,0.1219466,0.2221298,TransSharp
447.1798,24.52775,0,0.1295507,0.3610895,0,-0.04378232,8425.634,1.458393,0.6001974,Right,Up,0.1083524,0.2452316,TransSharp
447.2198,24.53091,0,0.1048279,0.3610895,0,-0.03832847,8426.614,1.458463,0.5995138,Right,Up,0.1083524,0.2656174,TransSharp
447.2598,24.53242,0,0.08834839,0.3610895,0,-0.04099244,8427.595,1.457108,0.5988294,Right,Up,0.1083524,0.2859955,TransSharp
447.2998,24.53428,0,0.07553101,0.3610895,0,-0.04177079,8428.575,1.456014,0.5981448,Right,Up,0.1083524,0.3063889,TransSharp
447.3398,24.53711,0,0.07461548,0.3610895,0,-0.04072008,8429.557,1.455081,0.5974599,Right,Up,0.1083524,0.3267746,TransSharp
447.3799,24.53878,0,0.07461548,0.3610895,0,-0.03796622,8430.539,1.454562,0.5967755,Right,Up,0.09278741,0.3471603,TransSharp
447.4198,24.54065,0,0.06912231,0.3610895,0,-0.03337866,8431.521,1.454167,0.5960904,Right,Up,0.08622923,0.3642197,TransSharp
447.4598,24.54263,0,0.06271362,0.3610895,0,-0.02706975,8432.504,1.453905,0.595405,Right,Up,0.08392937,0.3798065,TransSharp
447.4998,24.5447,0,0.03982544,0.3333181,0,-0.01929131,8433.486,1.453465,0.5947199,Right,Up,0.08392937,0.3953857,TransSharp
447.5399,24.54136,0,0.01602173,0.3293507,0,-0.0100728,8434.469,1.45296,0.5940342,Right,Up,0.08392937,0.4109726,TransSharp
447.5798,24.53662,0,-0.02151489,0.3214161,0,0.0004835129,8435.451,1.452414,0.5933483,Right,Up,0.08392937,0.4265518,TransSharp
447.6198,24.53116,0,-0.05813599,0.3174487,0,0.009326994,8436.432,1.452131,0.5926622,Right,Up,0.08392937,0.4421387,TransSharp
447.6599,24.52351,0,-0.08743465,0.3134814,0,0.01131451,8437.412,1.450704,0.5919765,Right,Up,0.07912937,0.4577179,TransSharp
447.6998,24.51525,0,-0.1130694,0.3134814,0,0.01419312,8438.393,1.449445,0.5912899,Right,Up,0.0656106,0.4720688,TransSharp
447.7398,24.50724,0,-0.1295489,0.3134814,0,0.01792639,8439.373,1.448668,0.5906034,Right,Up,0.06255726,0.4833374,TransSharp
447.7798,24.49846,0,-0.1469439,0.3134814,0,0.022414,8440.354,1.448142,0.5899171,Right,Up,0.0656106,0.4945831,TransSharp
447.8199,24.48978,0,-0.1615924,0.3134814,0,0.02761564,8441.334,1.447697,0.5892301,Right,Up,0.0656106,0.5058289,TransSharp
447.8598,24.48112,0,-0.1725787,0.3134814,0,0.03366303,8442.313,1.447301,0.5885429,Right,Up,0.06255726,0.517067,TransSharp
447.8998,24.47259,0,-0.18906,0.3134814,0,0.04016528,8443.291,1.446883,0.5878556,Right,Up,0.0656106,0.5283051,TransSharp
447.9398,24.4641,0,-0.1945531,0.3134814,0,0.0470472,8444.27,1.446439,0.5871687,Right,Up,0.06255726,0.5395432,TransSharp
447.9798,24.45571,0,-0.1954687,0.3134814,0,0.0543305,8445.248,1.445973,0.586481,Right,Up,0.06255726,0.550766,TransSharp
448.0198,24.44729,0,-0.1954687,0.3134814,0,0.06197062,8446.227,1.445451,0.5857931,Right,Up,0.06255726,0.5619888,TransSharp
448.0598,24.43892,0,-0.1835668,0.3134814,0,0.06969365,8447.205,1.444841,0.5851051,Right,Up,0.05595291,0.573204,TransSharp
448.0999,24.43056,0,-0.1524371,0.3134814,0,0.07770067,8448.182,1.44424,0.5844175,Straight,Up,0.04845664,0.5825348,TransSharp
448.1398,24.42215,0,-0.09475887,0.309514,0,0.08578596,8449.158,1.443746,0.5837291,Straight,Up,0.04423466,0.5897903,TransSharp
448.1798,24.41326,0,-0.0453186,0.309514,0,0.09079698,8450.135,1.44317,0.5830407,Straight,Up,0.04845664,0.5970535,TransSharp
448.2198,24.4033,0,0.04623413,0.309514,0,0.08776262,8451.111,1.441799,0.5823525,Straight,Up,0.04845664,0.6043015,TransSharp
448.2598,24.39342,0,0.1240575,0.3055466,0,0.08492005,8452.088,1.44059,0.5816637,Straight,Up,0.04845664,0.611557,TransSharp
448.2998,24.38332,0,0.2183568,0.3055466,0,0.08219332,8453.063,1.439683,0.5809746,Straight,Up,0.04845664,0.6188049,TransSharp
448.3398,24.37254,0,0.289768,0.3055466,0,0.07980248,8454.037,1.439208,0.5802856,Straight,Up,0.04423466,0.6260452,TransSharp
448.3799,24.3618,0,0.3208959,0.3055466,0,0.07748953,8455.012,1.438816,0.5795967,Straight,Up,0.04845664,0.6332855,TransSharp
448.4198,24.35116,0,0.3327978,0.3055466,0,0.07535478,8455.986,1.438367,0.5789073,Straight,Up,0.04845664,0.6405182,TransSharp
448.4598,24.34059,0,0.3327978,0.3055466,0,0.07309258,8456.96,1.438006,0.5782177,Straight,Up,0.04423466,0.6477432,TransSharp
448.4998,24.33008,0,0.3273046,0.3055466,0,0.07093111,8457.933,1.437577,0.5775285,Straight,Up,0.04423466,0.6549683,TransSharp
448.5399,24.31962,0,0.3199804,0.3055466,0,0.06873322,8458.905,1.437124,0.5768385,Straight,Up,0.04423466,0.6621933,TransSharp
448.5798,24.30921,0,0.3089941,0.3055466,0,0.06692624,8459.878,1.436563,0.5761485,Straight,Up,0.04423466,0.6694183,TransSharp
448.6198,24.29881,0,0.2842748,0.3055466,0,0.06524983,8460.851,1.436052,0.5754583,Straight,Up,0.03426402,0.6766357,TransSharp
448.6599,24.28843,0,0.2549779,0.3055466,0,0.06406352,8461.822,1.435482,0.5747684,Straight,Up,0.02797646,0.6819763,TransSharp
448.6998,24.27806,0,0.2073705,0.3055466,0,0.06308565,8462.793,1.434855,0.574078,Straight,Up,0.02797646,0.6851807,TransSharp
448.7398,24.26774,0,0.1588476,0.3055466,0,0.06233093,8463.764,1.434217,0.5733873,Straight,Up,0.02797646,0.688385,TransSharp
448.7798,24.2574,0,0.1295507,0.3055466,0,0.06201944,8464.734,1.43367,0.5726971,Straight,Up,0.02797646,0.6915894,TransSharp
448.8199,24.2471,0,0.1130676,0.3055466,0,0.06192374,8465.705,1.433091,0.5720061,Straight,Up,0.02797646,0.6947861,TransSharp
448.8598,24.23684,0,0.1121521,0.3055466,0,0.06243786,8466.674,1.432518,0.5713151,Straight,Up,0.02797646,0.6979828,TransSharp
448.8998,24.22658,0,0.1121521,0.3055466,0,0.06343976,8467.643,1.432001,0.5706238,Straight,Up,0.02797646,0.7011795,TransSharp
448.9398,24.21637,0,0.1286352,0.3055466,0,0.06519946,8468.611,1.431314,0.569933,Straight,Up,0.02797646,0.7043762,TransSharp
448.9798,24.20617,0,0.140537,0.3055466,0,0.06754729,8469.58,1.430679,0.5692415,Straight,Up,0.02797646,0.7075653,TransSharp
449.0198,24.19599,0,0.1515234,0.3055466,0,0.07046813,8470.549,1.430127,0.56855,Straight,Up,0.02797646,0.7107544,TransSharp
449.0598,24.18585,0,0.1542699,0.3055466,0,0.07391897,8471.516,1.429467,0.5678582,Straight,Up,0.01978234,0.7139435,TransSharp
449.0999,24.17532,0,0.1588476,0.3055466,0,0.07818496,8472.482,1.428846,0.5671668,Straight,Up,0.02797646,0.7171326,TransSharp
449.1398,24.16559,0,0.1588476,0.3055466,0,0.07669839,8473.449,1.428445,0.5664747,Straight,Up,0.02797646,0.7203217,TransSharp
449.1798,24.15595,0,0.1588476,0.3055466,0,0.0719946,8474.416,1.428203,0.5657827,Straight,Up,0.02797646,0.7235031,TransSharp
449.2198,24.14594,0,0.1588476,0.3055466,0,0.06795952,8475.383,1.427948,0.565091,Straight,Up,0.02797646,0.7266846,TransSharp
449.2598,24.13633,0,0.1588476,0.3055466,0,0.0645048,8476.348,1.427331,0.5643985,Straight,Up,0.02797646,0.7298737,TransSharp
449.2998,24.12685,0,0.1588476,0.3055466,0,0.06177303,8477.313,1.426475,0.5637059,Straight,Up,0.02797646,0.7330475,TransSharp
449.3398,24.11735,0,0.1588476,0.3055466,0,0.05957437,8478.277,1.425717,0.5630134,Straight,Up,0.02797646,0.7362289,TransSharp
449.3799,24.10786,0,0.1588476,0.3055466,0,0.05835745,8479.242,1.425064,0.5623211,Straight,Up,0.03426402,0.7394028,TransSharp
449.4198,24.09837,0,0.1533544,0.3055466,0,0.05787006,8480.207,1.424348,0.5616282,Straight,Up,0.02797646,0.7425842,TransSharp
449.4598,24.08891,0,0.1524389,0.3055466,0,0.0581432,8481.17,1.423554,0.5609351,Straight,Up,0.02797646,0.7457581,TransSharp
449.4998,24.07946,0,0.1469457,0.3015793,0,0.05915517,8482.133,1.422876,0.5602425,Straight,Up,0.02797646,0.7489319,TransSharp
449.5399,24.06916,0,0.1368749,0.3015793,0,0.06106597,8483.096,1.42219,0.5595493,Straight,Up,0.01978234,0.7521057,TransSharp
449.5798,24.05889,0,0.1304662,0.3015793,0,0.0636389,8484.059,1.421526,0.5588559,Straight,Up,0,0.7552719,TransSharp
449.6198,24.04865,0,0.1240575,0.297612,0,0.0668751,8485.021,1.420857,0.5581624,Straight,Up,0,0.7524567,TransSharp
449.6599,24.0376,0,0.1176488,0.2936446,0,0.07081681,8485.982,1.42017,0.5574693,Straight,Up,0,0.7475433,TransSharp
449.6998,24.0257,0,0.1048279,0.289662,0,0.07536873,8486.943,1.419561,0.5567757,Straight,Up,0,0.7426453,TransSharp
449.7398,24.01343,0,0.08926392,0.2817273,0,0.08053008,8487.904,1.418964,0.5560818,Straight,Up,0,0.7377396,TransSharp
449.7798,23.99946,0,0.07553101,0.27776,0,0.0865151,8488.865,1.418305,0.5553885,Straight,Up,0,0.7328339,TransSharp
449.8199,23.98467,0,0.05722046,0.2737926,0,0.09320176,8489.824,1.4177,0.5546944,Straight,Up,0,0.7279358,TransSharp
449.8598,23.96864,0,0.03982544,0.2698253,0,0.1005157,8490.783,1.417061,0.5540003,Straight,Up,0,0.7230377,TransSharp
449.8998,23.9518,0,0.02059937,0.2658579,0,0.1082922,8491.742,1.41644,0.553306,Straight,Up,0,0.7181473,TransSharp
449.9398,23.93411,0,-0.009613037,0.2658579,0,0.1167777,8492.699,1.415778,0.5526122,Straight,Up,0,0.7132645,TransSharp
449.9798,23.91652,0,-0.02975464,0.2658579,0,0.1259082,8493.656,1.415152,0.5519177,Straight,Up,0,0.7083817,TransSharp
450.0198,23.89897,0,-0.06363094,0.2618906,0,0.1355568,8494.612,1.414446,0.5512232,Straight,Up,0,0.7034988,TransSharp
450.0598,23.88108,0,-0.08743465,0.2579232,0,0.1456354,8495.567,1.413893,0.5505291,Straight,Up,0,0.6986237,TransSharp
450.0999,23.86237,0,-0.1139849,0.2499886,0,0.1559945,8496.522,1.413185,0.5498343,Straight,Up,0,0.6937561,TransSharp
450.1398,23.84202,0,-0.1368731,0.2499886,0,0.1668635,8497.476,1.412574,0.5491394,Straight,Up,0,0.6888809,TransSharp
450.1798,23.82128,0,-0.148775,0.2460212,0,0.1779068,8498.429,1.411841,0.5484445,Straight,Up,0,0.6840134,TransSharp
450.2198,23.79975,0,-0.1597613,0.2420539,0,0.1894619,8499.381,1.411234,0.5477501,Straight,Up,0,0.6791534,TransSharp
450.2598,23.77786,0,-0.1606768,0.2420539,0,0.2011301,8500.332,1.410616,0.5470548,Straight,Up,0,0.6743011,TransSharp
450.2998,23.75558,0,-0.1615924,0.2420539,0,0.2130854,8501.283,1.409849,0.5463597,Straight,Up,0,0.6694489,TransSharp
450.3398,23.73338,0,-0.1652545,0.2380865,0,0.2252194,8502.232,1.409311,0.5456643,Straight,Up,0,0.6646042,TransSharp
450.3799,23.71079,0,-0.1670855,0.2380865,0,0.2374955,8503.182,1.408735,0.5449694,Straight,Up,0,0.6597595,TransSharp
450.4198,23.68785,0,-0.1780736,0.2380865,0,0.2497968,8504.129,1.407966,0.5442739,Straight,Up,0,0.6549225,TransSharp
450.4598,23.66496,0,-0.1853979,0.2380865,0,0.2620163,8505.076,1.407295,0.5435784,Straight,Up,0,0.6500854,TransSharp
450.4998,23.64213,0,-0.1972997,0.2380865,0,0.2739957,8506.021,1.406647,0.5428832,Straight,Up,0,0.645256,TransSharp
450.5398,23.61935,0,-0.2073705,0.2380865,0,0.2858592,8506.967,1.405994,0.5421875,Straight,Up,0,0.6404343,TransSharp
450.5798,23.59665,0,-0.2092016,0.2380865,0,0.2976184,8507.91,1.405362,0.5414916,Straight,Up,0,0.6356201,TransSharp
450.6198,23.57398,0,-0.2128637,0.2380865,0,0.3090174,8508.854,1.404667,0.5407957,Straight,Up,0,0.630806,TransSharp
450.6599,23.55137,0,-0.2128637,0.2380865,0,0.3202459,8509.796,1.404024,0.5401002,Straight,Up,0,0.6259995,TransSharp
450.6998,23.52881,0,-0.2128637,0.2380865,0,0.3311749,8510.737,1.4034,0.5394042,Straight,Up,0,0.6211853,TransSharp
450.7398,23.50632,0,-0.2128637,0.2380865,0,0.3417018,8511.678,1.40264,0.538708,Straight,Up,0,0.6163864,TransSharp
450.7798,23.48385,0,-0.2128637,0.2380865,0,0.3519009,8512.617,1.402012,0.5380123,Straight,Up,0,0.6115952,TransSharp
450.8199,23.46145,0,-0.2128637,0.2380865,0,0.3615994,8513.556,1.401442,0.5373161,Straight,Up,0,0.6068039,TransSharp
450.8598,23.43911,0,-0.2128637,0.2380865,0,0.3707335,8514.493,1.400783,0.5366197,Straight,Up,0,0.6020126,TransSharp
450.8998,23.41681,0,-0.1945531,0.2380865,0,0.3793592,8515.431,1.400121,0.5359232,Straight,Up,0,0.5972366,TransSharp
450.9398,23.39459,0,-0.1725787,0.2380865,0,0.3874736,8516.366,1.399399,0.5352272,Straight,Up,0,0.592453,TransSharp
450.9798,23.37241,0,-0.1533526,0.2380865,0,0.3949839,8517.302,1.398762,0.5345308,Straight,Up,0,0.587677,TransSharp
451.0198,23.3503,0,-0.1231402,0.2380865,0,0.4017752,8518.235,1.398113,0.533834,Straight,Up,0,0.5829086,TransSharp
451.0598,23.32826,0,-0.0993365,0.2380865,0,0.4079679,8519.169,1.397511,0.5331379,Straight,Up,0,0.5781479,TransSharp
451.0999,23.3063,0,-0.06454647,0.2380865,0,0.4136871,8520.102,1.396935,0.532441,Straight,Up,0,0.5733871,TransSharp
451.1398,23.28439,0,-0.02975464,0.2380865,0,0.4187376,8521.033,1.396361,0.5317443,Straight,Up,0,0.5686264,TransSharp
451.1798,23.26257,0,-0.01144409,0.2380865,0,0.4231226,8521.964,1.39575,0.5310473,Straight,Up,0,0.5638733,TransSharp
451.2198,23.24082,0,-0.0004577637,0.2380865,0,0.426938,8522.894,1.395057,0.5303509,Straight,Up,0,0.5591278,TransSharp
451.2598,23.21916,0,0.003204346,0.2380865,0,0.4301308,8523.823,1.394449,0.5296538,Straight,Up,0,0.55439,TransSharp
451.2998,23.19757,0,0.003204346,0.2380865,0,0.4326266,8524.751,1.393792,0.5289568,Straight,Up,0,0.5496521,TransSharp
451.3398,23.17606,0,0.003204346,0.2380865,0,0.4345529,8525.679,1.393197,0.5282596,Straight,Up,0,0.5449142,TransSharp
451.3799,23.15461,0,0.003204346,0.2380865,0,0.4359469,8526.604,1.392525,0.527563,Straight,Up,0,0.5401917,TransSharp
451.4198,23.13325,0,0.003204346,0.2380865,0,0.4366474,8527.53,1.391827,0.5268657,Straight,Up,0,0.5354614,TransSharp
451.4598,23.11195,0,0.003204346,0.2380865,0,0.4368884,8528.455,1.391153,0.5261685,Straight,Up,0,0.5307465,TransSharp
451.4998,23.09073,0,-0.01693726,0.2380865,0,0.4365629,8529.379,1.390559,0.5254717,Straight,Up,0,0.5260239,TransSharp
451.5398,23.06957,0,-0.04074097,0.2380865,0,0.4358167,8530.302,1.389987,0.5247743,Straight,Up,0,0.5213089,TransSharp
451.5798,23.04846,0,-0.0590533,0.2380865,0,0.4347234,8531.224,1.389402,0.5240768,Straight,Up,0,0.5166016,TransSharp
451.6198,23.02745,0,-0.08102596,0.2380865,0,0.4330567,8532.146,1.388771,0.5233793,Straight,Up,0,0.5119019,TransSharp
451.6599,23.00647,0,-0.08743465,0.2380865,0,0.4308003,8533.065,1.38822,0.5226823,Straight,Up,0,0.5072021,TransSharp
451.6998,22.98555,0,-0.08835018,0.2380865,0,0.4280216,8533.985,1.387581,0.5219847,Straight,Up,0,0.5025024,TransSharp
451.7398,22.9647,0,-0.09018123,0.2380865,0,0.4248757,8534.904,1.386855,0.521287,Straight,Up,0,0.497818,TransSharp
451.7798,22.9439,0,-0.09475887,0.2380865,0,0.421409,8535.822,1.386277,0.5205899,Straight,Up,0,0.4931259,TransSharp
451.8199,22.92318,0,-0.1057452,0.2380865,0,0.4174545,8536.739,1.38566,0.5198923,Straight,Up,0,0.4884415,TransSharp
451.8598,22.90251,0,-0.1139849,0.2380865,0,0.4130858,8537.655,1.384965,0.5191945,Straight,Up,0,0.4837646,TransSharp
451.8998,22.88191,0,-0.1295489,0.2380865,0,0.4083506,8538.571,1.384394,0.5184966,Straight,Up,0,0.4790955,TransSharp
451.9398,22.86135,0,-0.1359576,0.2380865,0,0.402994,8539.485,1.38379,0.5177994,Straight,Up,0,0.4744186,TransSharp
451.9798,22.84086,0,-0.1359576,0.2380865,0,0.3971919,8540.399,1.383143,0.5171016,Straight,Up,0,0.4697571,TransSharp
452.0198,22.81894,0,-0.1359576,0.2380865,0,0.3909082,8541.313,1.381005,0.5164037,Straight,Up,0,0.4650955,TransSharp
452.0598,22.80139,0,-0.1359576,0.2380865,0,0.3895948,8542.225,1.38321,0.5157063,Straight,Up,0,0.4604492,TransSharp
452.0999,22.78326,0,-0.1359576,0.2380865,0,0.3882213,8543.137,1.384843,0.5150083,Straight,Up,0,0.4558029,TransSharp
452.1398,22.76325,0,-0.1359576,0.2380865,0,0.3862555,8544.047,1.385702,0.5143104,Straight,Up,0,0.4511566,TransSharp
452.1798,22.74633,0,-0.1359576,0.2380865,0,0.3839243,8544.957,1.385138,0.5136123,Straight,Up,0,0.4465103,TransSharp
452.2198,22.72929,0,-0.1359576,0.2658579,0,0.381258,8545.866,1.38394,0.5129148,Straight,Up,0,0.4418716,TransSharp
452.2598,22.7178,0,-0.1359576,0.2737926,0,0.3780214,8546.774,1.382455,0.5122167,Straight,Up,0,0.437233,TransSharp
452.2998,22.70793,0,-0.1359576,0.27776,0,0.3743471,8547.683,1.380896,0.5115187,Straight,Up,0,0.4325867,TransSharp
452.3398,22.69926,0,-0.1295489,0.27776,0,0.3700377,8548.591,1.379459,0.5108206,Straight,Up,0,0.427948,TransSharp
452.3799,22.69054,0,-0.1240557,0.27776,0,0.3651812,8549.499,1.378206,0.510123,Straight,Up,0,0.423317,TransSharp
452.4198,22.68181,0,-0.1185626,0.27776,0,0.3597588,8550.407,1.377094,0.5094247,Straight,Up,0,0.4186783,TransSharp
452.4598,22.67308,0,-0.1130694,0.27776,0,0.353859,8551.313,1.376154,0.5087267,Straight,Up,0,0.4140472,TransSharp
452.4998,22.66438,0,-0.1048297,0.27776,0,0.347495,8552.22,1.375362,0.508029,Straight,Up,0,0.4094162,TransSharp
452.5398,22.65572,0,-0.09018123,0.27776,0,0.340624,8553.126,1.374486,0.5073308,Straight,Up,-0.03426402,0.400116,TransSharp
452.5798,22.64708,0,-0.07644832,0.27776,0,0.3332516,8554.032,1.373776,0.5066327,Straight,Up,-0.03956468,0.3818283,TransSharp
452.6198,22.63741,0,-0.04806519,0.27776,0,0.3253143,8554.938,1.372776,0.5059344,Straight,Up,-0.03956468,0.3635483,TransSharp
452.6599,22.62976,0,-0.02243042,0.27776,0,0.3202851,8555.844,1.372419,0.5052367,Straight,Up,-0.03426402,0.3452911,TransSharp
452.6998,22.6231,0,0.02883911,0.27776,0,0.3187214,8556.748,1.373548,0.5045384,Straight,Up,-0.03426402,0.3270416,TransSharp
452.7398,22.61618,0,0.08651733,0.27776,0,0.3167118,8557.652,1.37428,0.5038403,Straight,Up,-0.03956468,0.3087997,TransSharp
452.7798,22.60811,0,0.1185644,0.27776,0,0.3142489,8558.557,1.3741,0.5031424,Straight,Up,-0.03426402,0.2905502,TransSharp
452.8199,22.60197,0,0.1606786,0.27776,0,0.3115795,8559.461,1.373294,0.5024442,Straight,Up,-0.03426402,0.2723007,TransSharp
452.8598,22.59571,0,0.1881444,0.2856947,0,0.3086129,8560.365,1.372128,0.5017459,Straight,Up,-0.03426402,0.2540512,TransSharp
452.8998,22.59066,0,0.1945531,0.297612,0,0.3053949,8561.27,1.370913,0.5010477,Straight,Up,-0.03956468,0.2358093,TransSharp
452.9398,22.58777,0,0.1954687,0.3015793,0,0.3017647,8562.174,1.369777,0.5003499,Straight,Up,-0.03426402,0.2175674,TransSharp
452.9798,22.58651,0,0.1954687,0.3055466,0,0.2980659,8563.078,1.368656,0.4996516,Straight,Up,-0.03426402,0.1993256,TransSharp
453.0198,22.5861,0,0.1954687,0.309514,0,0.2941231,8563.982,1.367653,0.4989533,Straight,Up,-0.03956468,0.181076,TransSharp
453.0598,22.58613,0,0.1954687,0.309514,0,0.2900698,8564.887,1.366791,0.4982556,Straight,Up,-0.03956468,0.1628418,TransSharp
453.0999,22.58654,0,0.1954687,0.309514,0,0.2859893,8565.791,1.366006,0.4975573,Straight,Flat,-0.03956468,0.1445999,TransSharp
453.1398,22.58695,0,0.1899755,0.3134814,0,0.2819012,8566.695,1.365285,0.496859,Straight,Flat,0,0.126358,TransSharp
453.1798,22.5878,0,0.1780736,0.3134814,0,0.2779742,8567.6,1.364614,0.4961607,Straight,Flat,0,0.1184464,TransSharp
453.2198,22.58908,0,0.1533544,0.3134814,0,0.2740921,8568.504,1.363912,0.495463,Straight,Flat,0,0.1143188,TransSharp
453.2598,22.59034,0,0.1240575,0.3134814,0,0.2703364,8569.408,1.363325,0.4947648,Straight,Flat,0,0.1101913,TransSharp
453.2998,22.5916,0,0.1048279,0.3174487,0,0.2666298,8570.313,1.362632,0.4940665,Straight,Flat,0,0.1060638,TransSharp
453.3398,22.59373,0,0.08102417,0.3174487,0,0.2630415,8571.217,1.362125,0.4933689,Straight,Flat,0,0.1019287,TransSharp
453.3799,22.59584,0,0.06912231,0.3174487,0,0.2594573,8572.121,1.3615,0.4926706,Straight,Flat,0,0.09780121,TransSharp
453.4198,22.59793,0,0.05813599,0.3214161,0,0.2562161,8573.025,1.360773,0.4919725,Straight,Flat,0,0.09367371,TransSharp
453.4598,22.60049,0,0.05264282,0.3214161,0,0.2532038,8573.93,1.360138,0.4912743,Straight,Flat,0,0.0895462,TransSharp
453.4998,22.60344,0,0.04714966,0.3214161,0,0.2504911,8574.834,1.359556,0.4905767,Straight,Flat,0,0.08541107,TransSharp
453.5398,22.60639,0,0.03890991,0.3253834,0,0.2480375,8575.738,1.359005,0.4898784,Straight,Flat,0,0.08128357,TransSharp
453.5798,22.61022,0,0.02883911,0.3253834,0,0.2457458,8576.643,1.358346,0.4891804,Straight,Flat,0,0.07714844,TransSharp
453.6198,22.61401,0,0.01052856,0.3253834,0,0.2439218,8577.547,1.357728,0.4884822,Straight,Flat,0,0.07302094,TransSharp
453.6599,22.61781,0,-0.005950928,0.3253834,0,0.2422574,8578.451,1.357105,0.4877847,Straight,Flat,0,0.0688858,TransSharp
453.6998,22.62157,0,-0.01693726,0.3253834,0,0.2408781,8579.355,1.356529,0.4870866,Straight,Flat,0,0.06474304,TransSharp
453.7398,22.62535,0,-0.02792358,0.3253834,0,0.2396411,8580.26,1.355869,0.4863886,Straight,Flat,0,0.06061554,TransSharp
453.7798,22.62913,0,-0.02792358,0.3253834,0,0.2386012,8581.164,1.355281,0.4856912,Straight,Flat,0,0.05648041,TransSharp
453.8198,22.63568,0,-0.02792358,0.3253834,0,0.2373994,8582.069,1.35735,0.4849932,Straight,Flat,0,0.05235291,TransSharp
453.8598,22.63782,0,-0.02792358,0.3253834,0,0.237012,8582.976,1.355656,0.4842952,Straight,Flat,0,0.04821014,TransSharp
453.8998,22.64086,0,-0.02792358,0.3253834,0,0.236998,8583.882,1.354469,0.4835973,Straight,Flat,0,0.04407501,TransSharp
453.9398,22.64674,0,-0.02792358,0.3253834,0,0.2364386,8584.788,1.352905,0.4829,Straight,Flat,0,0.03993225,TransSharp
453.9798,22.6481,0,-0.02792358,0.3253834,0,0.2365846,8585.694,1.351554,0.4822021,Straight,Flat,0,0.03579712,TransSharp
454.0198,22.6514,0,-0.02792358,0.3253834,0,0.2370364,8586.601,1.350668,0.4815042,Straight,Flat,0,0.03165436,TransSharp
454.0598,22.6548,0,-0.02792358,0.3253834,0,0.2375951,8587.507,1.349996,0.4808069,Straight,Flat,0,0.0275116,TransSharp
454.0999,22.65823,0,-0.02792358,0.2936446,0,0.2383211,8588.413,1.349529,0.4801093,Straight,Flat,0,-0.07965088,TransSlide
454.1398,22.65547,0,-0.02792358,0.2936446,0,0.2390437,8589.319,1.349033,0.4794115,Straight,Flat,0,-0.08922577,TransSlide
454.1798,22.65205,0,-0.02792358,0.2936446,0,0.2398844,8590.226,1.348581,0.4787139,Straight,Flat,0,-0.09879303,TransSlide
454.2198,22.64865,0,-0.02792358,0.289662,0,0.2406906,8591.132,1.348027,0.4780167,Straight,Flat,0,-0.1083679,TransSlide
454.2598,22.64436,0,-0.02975464,0.2856947,0,0.2415356,8592.038,1.347413,0.4773192,Straight,Flat,0,-0.1179352,TransSlide
454.2998,22.63966,0,-0.0352478,0.2817273,0,0.2423531,8592.944,1.346855,0.4766216,Straight,Flat,-0.01978234,-0.1275024,TransSlide
454.3398,22.6337,0,-0.04074097,0.2817273,0,0.2432934,8593.851,1.346359,0.4759247,Straight,Flat,0,-0.1370621,TransSlide
454.3799,22.62776,0,-0.04806519,0.27776,0,0.2442747,8594.755,1.345702,0.4752272,Straight,Flat,0,-0.1466293,TransSlide
454.4198,22.62095,0,-0.05722046,0.2737926,0,0.2451612,8595.659,1.345083,0.4745299,Straight,Down,0,-0.156189,TransSlide
454.4598,22.61308,0,-0.06637752,0.2737926,0,0.2459899,8596.563,1.344313,0.4738325,Straight,Down,0,-0.1657486,TransSlide
454.4998,22.60578,0,-0.08102596,0.2737926,0,0.247048,8597.468,1.343294,0.4731357,Straight,Down,-0.01978234,-0.175293,TransSlide
454.5398,22.59842,0,-0.09475887,0.2698253,0,0.2479573,8598.372,1.343146,0.4724384,Straight,Down,0,-0.184845,TransSlide
454.5798,22.59039,0,-0.1130694,0.2698253,0,0.2488635,8599.276,1.343118,0.4717413,Straight,Down,0,-0.1943817,TransSlide
454.6198,22.58227,0,-0.1286334,0.2698253,0,0.2496968,8600.18,1.342738,0.4710441,Straight,Down,0,-0.2039261,TransSlide
454.6599,22.57445,0,-0.1432818,0.2658579,0,0.2503617,8601.082,1.342186,0.4703476,Straight,Down,0,-0.2134628,TransSlide
454.6998,22.56569,0,-0.1524371,0.2658579,0,0.2508165,8601.984,1.341541,0.4696506,Straight,Down,0,-0.2229919,TransSlide
454.7398,22.55681,0,-0.1542681,0.2658579,0,0.2508025,8602.887,1.340841,0.4689536,Straight,Down,0,-0.2325287,TransSlide
454.7798,22.5482,0,-0.1542681,0.2618906,0,0.2506514,8603.789,1.340049,0.4682573,Straight,Down,0,-0.2420578,TransSlide
454.8198,22.53763,0,-0.1542681,0.2618906,0,0.2502148,8604.691,1.338203,0.4675604,Left,Down,-0.07912937,-0.2515717,TransSlide
454.8598,22.53024,0,-0.1542681,0.2618906,0,0.2552584,8605.592,1.339418,0.4668637,Left,Down,-0.1186941,-0.3074341,TransSlide
454.8998,22.52232,0,-0.1542681,0.2618906,0,0.2600431,8606.492,1.340197,0.4661669,Left,Down,-0.1203313,-0.3962479,TransSlide
454.9398,22.51295,0,-0.1542681,0.2618906,0,0.2645734,8607.393,1.340526,0.4654708,Left,Down,-0.1203313,-0.4850616,TransSlide
454.9798,22.50465,0,-0.148775,0.2618906,0,0.2695205,8608.293,1.338412,0.4647742,Left,Down,-0.1203313,-0.5738449,TransSlide
455.0198,22.49917,0,-0.1368731,0.2618906,0,0.2735974,8609.193,1.340133,0.4640778,Left,Down,-0.1203313,-0.6625366,TransSlide
455.0598,22.49387,0,-0.1240557,0.2618906,0,0.2786162,8610.094,1.340913,0.4633817,Left,Down,-0.08846933,-0.7511368,TransSlide
455.0999,22.4891,0,-0.1130694,0.2618906,0,0.288224,8610.994,1.342302,0.4626855,Left,Down,-0.08622923,-0.8200912,TransSlide
455.1398,22.48461,0,-0.0993365,0.2618906,0,0.2971539,8611.894,1.342473,0.4619891,Left,Down,-0.08392937,-0.8851471,TransSlide
455.1798,22.48034,0,-0.08835018,0.2618906,0,0.3054275,8612.792,1.341516,0.4612929,Left,Down,-0.08392937,-0.9502563,TransSlide
455.2198,22.47775,0,-0.07736385,0.2618906,0,0.3133067,8613.69,1.339652,0.4605973,Left,Down,-0.08392937,-1.015396,TransSlide
455.2598,22.47388,0,-0.07187068,0.2618906,0,0.3210886,8614.589,1.337155,0.4599012,Left,Down,-0.08622923,-1.080528,TransSlide
455.2998,22.47083,0,-0.07095516,0.2618906,0,0.3287303,8615.487,1.335317,0.4592052,Left,Down,-0.08622923,-1.145622,TransSlide
455.3398,22.46915,0,-0.07003963,0.2618906,0,0.3354316,8616.386,1.335366,0.4585098,Left,Down,-0.08392937,-1.210678,TransSlide
455.3799,22.46415,0,-0.07003963,0.2618906,0,0.3418463,8617.284,1.333568,0.4578141,Straight,Down,-0.04845664,-1.275642,TransSlide
455.4198,22.46564,0,-0.07003963,0.2618906,0,0.351441,8618.183,1.335695,0.4571182,Straight,Down,0,-1.320808,TransSlide
455.4598,22.46693,0,-0.06637752,0.2579232,0,0.360737,8619.081,1.337566,0.4564226,Straight,Down,0,-1.337097,TransSlide
455.4998,22.46456,0,-0.06637752,0.2579232,0,0.3693787,8619.979,1.3384,0.4557275,Straight,Down,0.01978234,-1.353386,TransSlide
455.5398,22.46583,0,-0.06637752,0.2579232,0,0.3776596,8620.878,1.337371,0.4550321,Straight,Down,0.01978234,-1.369698,TransSlide
455.5798,22.46776,0,-0.06637752,0.2579232,0,0.3855992,8621.776,1.335363,0.4543366,Straight,Down,0.01978234,-1.386017,TransSlide
455.6198,22.46914,0,-0.06637752,0.2579232,0,0.3930134,8622.675,1.332954,0.4536413,Straight,Down,0.01978234,-1.402351,TransSlide
455.6599,22.47023,0,-0.06637752,0.2579232,0,0.4000162,8623.573,1.330741,0.4529466,Straight,Down,0.01978234,-1.418678,TransSlide
455.6998,22.47118,0,-0.06637752,0.2579232,0,0.4065239,8624.472,1.328789,0.4522515,Straight,Down,0.01978234,-1.435013,TransSlide
455.7398,22.47204,0,-0.06637752,0.2579232,0,0.4126453,8625.37,1.327082,0.4515564,Straight,Down,0.01978234,-1.451347,TransSlide
455.7798,22.47285,0,-0.06637752,0.2579232,0,0.4183332,8626.269,1.325702,0.4508621,Straight,Down,0.01978234,-1.467674,TransSlide
455.8198,22.47362,0,-0.06637752,0.2579232,0,0.4236708,8627.167,1.324489,0.4501671,Straight,Down,0.01978234,-1.484009,TransSlide
455.8598,22.47441,0,-0.06637752,0.2579232,0,0.4285164,8628.065,1.323429,0.4494725,Straight,Down,0,-1.500336,TransSlide
455.8998,22.47517,0,-0.06637752,0.2579232,0,0.4329277,8628.964,1.322506,0.4487777,Straight,Down,0,-1.516663,TransSlide
455.9398,22.47593,0,-0.06637752,0.2579232,0,0.4368822,8629.862,1.321748,0.4480838,Straight,Down,0.01978234,-1.53299,TransSlide
455.9798,22.47671,0,-0.06637752,0.2579232,0,0.4403613,8630.761,1.321002,0.4473892,Straight,Down,0.01978234,-1.549324,TransSlide
456.0198,22.4775,0,-0.06637752,0.2579232,0,0.4435262,8631.659,1.32036,0.446695,Straight,Down,0.01978234,-1.565659,TransSlide
456.0598,22.47829,0,-0.06637752,0.2579232,0,0.4463568,8632.558,1.319811,0.4460013,Straight,Down,0.01978234,-1.581993,TransSlide
456.0999,22.47909,0,-0.06637752,0.2579232,0,0.4487848,8633.456,1.319202,0.4453071,Straight,Down,0,-1.59832,TransSlide
456.1398,22.47988,0,-0.06546199,0.2579232,0,0.4508304,8634.354,1.318549,0.444613,Straight,Down,0.01978234,-1.614655,TransSlide
456.1798,22.48053,0,-0.06454647,0.2579232,0,0.4525305,8635.253,1.317831,0.4439192,Straight,Down,0.01978234,-1.630981,TransSlide
456.2198,22.48149,0,-0.05264282,0.2579232,0,0.4539915,8636.151,1.316852,0.4432258,Straight,Down,0.01978234,-1.647316,TransSlide
456.2598,22.4825,0,-0.03433228,0.2579232,0,0.4551383,8637.05,1.316325,0.4425321,Straight,Down,0.01978234,-1.663643,TransSlide
456.2998,22.48346,0,-0.02151489,0.2579232,0,0.4560483,8637.948,1.31632,0.4418386,Straight,Down,0.01978234,-1.679985,TransSlide
456.3398,22.48417,0,0.003204346,0.2579232,0,0.456834,8638.847,1.316095,0.4411455,Straight,Down,0.01978234,-1.696312,TransSlide
456.3799,22.48549,0,0.0151062,0.2579232,0,0.4573993,8639.746,1.315646,0.4404522,Straight,Down,0,-1.712646,TransSlide
456.4198,22.48678,0,0.03250122,0.2579232,0,0.4577809,8640.646,1.314984,0.4397589,Straight,Down,0.01978234,-1.728973,TransSlide
456.4598,22.48793,0,0.05172729,0.2539559,0,0.457698,8641.547,1.314332,0.4390659,Straight,Down,0.01978234,-1.745316,TransSlide
456.4998,22.48827,0,0.07095337,0.2539559,0,0.4572749,8642.447,1.313693,0.4383733,Straight,Down,0,-1.76165,TransSlide
456.5398,22.48872,0,0.1167297,0.2539559,0,0.4564218,8643.348,1.312975,0.4376805,Straight,Down,0.01978234,-1.777992,TransSlide
456.5798,22.48917,0,0.1533544,0.2539559,0,0.4556082,8644.248,1.312269,0.4369876,Straight,Down,0.01978234,-1.794319,TransSlide
456.6198,22.48993,0,0.2137792,0.2539559,0,0.4540349,8645.148,1.312067,0.4362955,Straight,Down,0.03956468,-1.810677,TransSlide
456.6599,22.48895,0,0.274204,0.2539559,0,0.4452739,8646.049,1.309833,0.4356029,Right,Down,0.06852804,-1.800102,TransSlide
456.6998,22.4883,0,0.3199804,0.2539559,0,0.4364037,8646.949,1.307985,0.4349106,Right,Down,0.06852804,-1.77166,TransSlide
456.7398,22.48849,0,0.3694224,0.2539559,0,0.4277326,8647.85,1.306605,0.4342183,Right,Down,0.0656106,-1.743233,TransSlide
456.7798,22.4872,0,0.405128,0.2539559,0,0.4193087,8648.75,1.30596,0.4335267,Right,Down,0.0656106,-1.714813,TransSlide
456.8198,22.48609,0,0.4463267,0.2539559,0,0.4111839,8649.65,1.305682,0.4328347,Right,Down,0.0656106,-1.686401,TransSlide
456.8598,22.48461,0,0.4774547,0.2539559,0,0.4039529,8650.549,1.304681,0.4321428,Right,Down,0.06852804,-1.657997,TransSlide
456.8998,22.48401,0,0.5003428,0.2539559,0,0.3968478,8651.447,1.306026,0.431451,Right,Down,0.0656106,-1.629608,TransSlide
456.9398,22.4846,0,0.5360484,0.2539559,0,0.3897993,8652.346,1.307449,0.4307599,Right,Down,0.06852804,-1.601227,TransSlide
456.9798,22.48465,0,0.5607677,0.2539559,0,0.383471,8653.245,1.309932,0.4300685,Right,Down,0.08846933,-1.572807,TransSlide
457.0198,22.48067,0,0.6056321,0.2539559,0,0.3710748,8654.144,1.305314,0.4293771,Right,Down,0.09891172,-1.532127,TransSlide
457.0598,22.47845,0,0.6486619,0.2539559,0,0.3590381,8655.042,1.30138,0.4286864,Right,Down,0.09891172,-1.484009,TransSlide
457.0998,22.47827,0,0.6825364,0.2539559,0,0.3479243,8655.94,1.29848,0.4279953,Right,Down,0.09891172,-1.435905,TransSlide
457.1398,22.47309,0,0.7246506,0.2539559,0,0.3386485,8656.839,1.296773,0.4273045,Right,Down,0.09891172,-1.387894,TransSlide
457.1798,22.46969,0,0.7539475,0.2539559,0,0.3306841,8657.737,1.297629,0.4266136,Right,Down,0.09891172,-1.339951,TransSlide
457.2198,22.47236,0,0.7969773,0.2539559,0,0.3239374,8658.636,1.301691,0.4259235,Right,Down,0.1101434,-1.292,TransSlide
457.2598,22.46281,0,0.8427572,0.2737926,0,0.3140424,8659.534,1.301297,0.425233,Right,Down,0.1282043,-1.2397,TransSlide
457.2998,22.45975,0,0.8729696,0.2737926,0,0.3039851,8660.433,1.297584,0.4245427,Right,Down,0.1266688,-1.17482,TransSlide
457.3398,22.46074,0,0.9095907,0.2737926,0,0.2952385,8661.331,1.294088,0.423853,Right,Down,0.1282043,-1.109879,TransSlide
457.3799,22.45736,0,0.9562826,0.2817273,0,0.2889791,8662.229,1.291359,0.4231629,Right,Down,0.1282043,-1.045113,TransSlide
457.4198,22.46518,0,0.9855795,0.2817273,0,0.2845283,8663.128,1.295995,0.422473,Right,Down,0.1356209,-0.9804077,TransSlide
457.4598,22.45846,0,1.032271,0.2817273,0,0.2781032,8664.026,1.296711,0.4217833,Right,Down,0.1532334,-0.9118195,TransSlide
457.4998,22.45295,0,1.067065,0.2817273,0,0.2722104,8664.925,1.293513,0.4210942,Right,Down,0.1532334,-0.8312683,TransSlide
457.5398,22.44993,0,1.114672,0.2817273,0,0.2690482,8665.823,1.289273,0.4204047,Right,Down,0.1532334,-0.750679,TransSlide
457.5798,22.4511,0,1.160449,0.2856947,0,0.2684027,8666.722,1.290103,0.4197153,Right,Down,0.1570175,-0.6702881,TransSlide
457.6198,22.44724,0,1.186084,0.2856947,0,0.2685736,8667.62,1.293718,0.4190268,Right,Down,0.1791368,-0.5893478,TransSlide
457.6599,22.43964,0,1.219958,0.289662,0,0.2677596,8668.519,1.290695,0.4183379,Right,Down,0.1802258,-0.4937286,TransSlide
457.6998,22.42908,0,1.243762,0.289662,0,0.2709493,8669.415,1.285506,0.417649,Right,Down,0.1791368,-0.3980865,TransSlide
457.7398,22.43709,0,1.284045,0.2936446,0,0.2775837,8670.313,1.289545,0.4169603,Right,Down,0.1928145,-0.3025589,TransSlide
457.7798,22.42622,0,1.331656,0.297612,0,0.2827411,8671.209,1.289055,0.4162723,Right,Down,0.2046302,-0.2001572,TransSlide
457.8198,22.41523,0,1.368277,0.3055466,0,0.2910748,8672.105,1.285291,0.4155841,Right,Flat,0.2046302,-0.08972931,TransSlide
457.8598,22.42354,0,1.419547,0.309514,0,0.3033544,8673.002,1.284831,0.4148958,Right,Flat,0.2139789,0.02067566,TransSlide
457.8998,22.41144,0,1.448843,0.309514,0,0.3164104,8673.898,1.28682,0.4142078,Right,Flat,0.2306999,0.1354752,TransSlide
457.9398,22.39958,0,1.46807,0.309514,0,0.3315457,8674.795,1.282966,0.4135205,Right,Up,0.2298502,0.260788,TransSlide
457.9798,22.40016,0,1.473563,0.309514,0,0.3516274,8675.691,1.283273,0.4128329,Right,Up,0.2438933,0.386116,TransSlide
458.0198,22.38613,0,1.473563,0.309514,0,0.3719961,8676.587,1.283891,0.4121453,Right,Up,0.2564087,0.5181885,TransSlide
458.0598,22.37074,0,1.473563,0.309514,0,0.3954585,8677.481,1.278361,0.4114585,Right,Up,0.2571706,0.6582718,TransSlide
458.0998,22.36743,0,1.473563,0.309514,0,0.4242167,8678.376,1.284568,0.4107713,Right,Up,0.2811602,0.7986069,TransSlide
458.1398,22.35016,0,1.46807,0.309514,0,0.4517661,8679.271,1.278783,0.4100844,Right,Up,0.2825486,0.9525299,TransSlide
458.1798,22.33677,0,1.466238,0.309514,0,0.4848166,8680.164,1.278485,0.4093975,Right,Up,0.4173099,1.107285,TransSlide
458.2198,22.33099,0,1.457083,0.309514,0,0.5181848,8681.057,1.280586,0.4087114,Right,Up,0.9325122,1.233704,TransSlide
458.2598,22.32071,0,1.44335,0.3134814,0,0.5468926,8681.949,1.285134,0.408025,Right,Up,0.8764802,1.160019,TransSlide
458.2998,22.31344,0,1.425955,0.3134814,0,0.5687618,8682.842,1.283371,0.4073387,Right,Up,0.81781,1.089745,TransSlide
458.3398,22.30791,0,1.397574,0.3134814,0,0.5825311,8683.734,1.285549,0.4066532,Right,Up,0.7687222,1.023354,TransSlide
458.3799,22.29055,0,1.360953,0.3174487,0,0.5912383,8684.627,1.286475,0.4059672,Right,Up,0.7228051,0.9602661,TransSlide
458.4198,22.27963,0,1.327078,0.3174487,0,0.5953497,8685.518,1.286732,0.4052815,Right,Up,0.6786853,0.9002991,TransSlide
458.4598,22.2778,0,1.285876,0.3174487,0,0.595314,8686.408,1.286595,0.404596,Right,Up,0.6379647,0.8433304,TransSlide
458.4998,22.27528,0,1.255664,0.3174487,0,0.5920569,8687.299,1.286066,0.4039111,Right,Up,0.5983981,0.7891464,TransSlide
458.5398,22.26976,0,1.221789,0.3214161,0,0.586207,8688.189,1.285465,0.403226,Right,Up,0.5623221,0.7376175,TransSlide
458.5798,22.256,0,1.179675,0.3214161,0,0.5786456,8689.08,1.283643,0.402541,Right,Up,0.5308178,0.6885529,TransSlide
458.6198,22.24489,0,1.1458,0.3214161,0,0.5690613,8689.971,1.283615,0.4018567,Right,Up,0.4937682,0.6417313,TransSlide
458.6599,22.23557,0,1.098193,0.3214161,0,0.5569193,8690.86,1.285656,0.4011721,Right,Up,0.464781,0.5976486,TransSlide
458.6998,22.23496,0,1.056994,0.3214161,0,0.5446866,8691.749,1.282958,0.4004877,Right,Up,0.4410186,0.5554733,TransSlide
458.7398,22.22359,0,1.010299,0.3253834,0,0.5334937,8692.638,1.280252,0.3998035,Right,Up,0.4073442,0.514801,TransSlide
458.7798,22.23374,0,0.9672689,0.3253834,0,0.5184231,8693.526,1.283712,0.3991199,Right,Up,0.3871488,0.4768066,TransSlide
458.8198,22.21791,0,0.9370565,0.3253834,0,0.5065064,8694.415,1.279273,0.3984362,Right,Up,0.3642322,0.4399872,TransSlide
458.8598,22.21742,0,0.8976889,0.3253834,0,0.4930789,8695.304,1.283008,0.3977525,Right,Up,0.3368816,0.4050064,TransSlide
458.8998,22.21908,0,0.8628988,0.3253834,0,0.4807087,8696.192,1.278701,0.3970692,Right,Up,0.3208161,0.3717957,TransSlide
458.9398,22.21485,0,0.8125412,0.3253834,0,0.4687789,8697.081,1.281528,0.3963864,Right,Up,0.2980514,0.3398666,TransSlide
458.9798,22.21757,0,0.7539475,0.3293507,0,0.4588526,8697.97,1.277189,0.3957034,Right,Up,0.2748253,0.3092499,TransSlide
459.0198,22.21602,0,0.6953537,0.3293507,0,0.447633,8698.858,1.278802,0.3950205,Right,Up,0.2719625,0.2805023,TransSlide
459.0598,22.21555,0,0.6175339,0.3293507,0,0.4410021,8699.747,1.275853,0.3943385,Right,Up,0.2289973,0.2517853,TransSlide
459.0998,22.21258,0,0.5534434,0.3293507,0,0.4311621,8700.636,1.275792,0.3936561,Right,Up,0.2255535,0.22612,TransSlide
459.1398,22.21898,0,0.4875255,0.3293507,0,0.4238998,8701.524,1.276732,0.3929739,Right,Up,0.2264194,0.2007599,TransSlide
459.1798,22.21415,0,0.4325938,0.3293507,0,0.4213997,8702.413,1.274456,0.3922918,Right,Up,0.183454,0.1754303,TransSlide
459.2198,22.21823,0,0.3932261,0.3293507,0,0.415935,8703.302,1.273222,0.3916106,Right,Up,0.1713202,0.1528549,TransSlide
459.2598,22.22369,0,0.3456151,0.3293507,0,0.4116485,8704.19,1.273096,0.3909291,Right,Flat,0.1713202,0.1312561,TransSlide
459.2998,22.22775,0,0.3035009,0.3293507,0,0.4111061,8705.079,1.274573,0.3902477,Right,Flat,0.1713202,0.1096878,TransSlide
459.3398,22.22639,0,0.2302587,0.3293507,0,0.4148025,8705.968,1.271778,0.3895671,Right,Flat,0.1297215,0.08811951,TransSlide
459.3799,22.23159,0,0.1368749,0.3293507,0,0.4158827,8706.856,1.269774,0.3888861,Right,Flat,0.09487279,0.06896973,TransSlide
459.4198,22.23845,0,0.06271362,0.3293507,0,0.4153062,8707.745,1.269734,0.3882055,Right,Flat,0.09691329,0.05239105,TransSlide
459.4598,22.24302,0,-0.03890991,0.3293507,0,0.4177268,8708.636,1.270177,0.3875249,Right,Flat,0.09487279,0.03583527,TransSlide
459.4998,22.24704,0,-0.1057452,0.3293507,0,0.4229428,8709.526,1.269833,0.3868452,Right,Flat,0.09487279,0.01928711,TransSlide
459.5398,22.25322,0,-0.1734942,0.3293507,0,0.430574,8710.417,1.26915,0.3861651,Right,Flat,0.09487279,0.002738953,TransSlide
459.5798,22.25955,0,-0.2275121,0.3293507,0,0.4400738,8711.308,1.268789,0.3854853,Right,Flat,0.09487279,-0.0138092,TransSlide
459.6198,22.26502,0,-0.2604711,0.3293507,0,0.4520551,8712.198,1.2664,0.3848062,Right,Flat,0.09487279,-0.03035736,TransSlide
459.6599,22.26828,0,-0.2980095,0.3293507,0,0.4660808,8713.089,1.263913,0.3841268,Right,Flat,0.06255726,-0.04689026,TransSlide
459.6998,22.27624,0,-0.3273064,0.3293507,0,0.4786824,8713.979,1.263095,0.3834476,Straight,Flat,-0.01978234,-0.06195831,TransSlide
459.7398,22.28387,0,-0.363012,0.3293507,0,0.4908117,8714.87,1.263843,0.3827688,Straight,Flat,-0.01978234,-0.07138062,TransSlide
459.7798,22.29018,0,-0.4005486,0.3293507,0,0.5043318,8715.762,1.264489,0.3820906,Straight,Flat,-0.01978234,-0.08078766,TransSlide
459.8198,22.29619,0,-0.4289317,0.3293507,0,0.5190235,8716.654,1.264431,0.3814121,Straight,Flat,-0.01978234,-0.09020996,TransSlide
459.8598,22.3039,0,-0.4646373,0.3293507,0,0.5346122,8717.547,1.26366,0.3807338,Straight,Flat,-0.01978234,-0.09963226,TransSlide
459.8998,22.31144,0,-0.4985118,0.3293507,0,0.5508587,8718.439,1.262734,0.3800558,Straight,Flat,-0.01978234,-0.1090698,TransSlide
459.9398,22.31884,0,-0.5369657,0.3333181,0,0.5674326,8719.332,1.261677,0.3793786,Straight,Flat,-0.01978234,-0.1184921,TransSlide
459.9798,22.327,0,-0.5763334,0.3333181,0,0.5841657,8720.225,1.260438,0.378701,Straight,Flat,0,-0.1279297,TransSlide
460.0198,22.33499,0,-0.6065458,0.3333181,0,0.6010615,8721.117,1.259427,0.3780237,Straight,Flat,0,-0.1373596,TransSlide
460.0598,22.34284,0,-0.6495774,0.3333181,0,0.6178636,8722.012,1.258432,0.3773471,Straight,Flat,-0.01978234,-0.1467972,TransSlide
460.0998,22.35074,0,-0.6916916,0.3333181,0,0.6341047,8722.906,1.257821,0.3766704,Straight,Down,-0.01978234,-0.1562347,TransSlide
460.1398,22.35795,0,-0.7566941,0.3333181,0,0.6497011,8723.801,1.256845,0.3759938,Straight,Down,-0.01978234,-0.1656799,TransSlide
460.1798,22.36531,0,-0.8336002,0.3372854,0,0.6647531,8724.695,1.2554,0.3753175,Straight,Down,-0.01978234,-0.1751328,TransSlide
460.2198,22.37271,0,-0.8967733,0.3372854,0,0.6788606,8725.59,1.254166,0.3746418,Straight,Down,-0.01978234,-0.1845932,TransSlide
460.2598,22.37989,0,-0.9736776,0.3372854,0,0.6915873,8726.484,1.253298,0.373966,Straight,Down,0,-0.1940613,TransSlide
460.2998,22.38733,0,-1.021287,0.3372854,0,0.7028185,8727.379,1.252571,0.3732904,Straight,Down,0,-0.203537,TransSlide
460.3398,22.39278,0,-1.074387,0.3372854,0,0.7132392,8728.275,1.251183,0.3726155,Straight,Down,-0.02797646,-0.2130127,TransSlide
460.3798,22.40128,0,-1.109177,0.3372854,0,0.7299681,8729.172,1.252281,0.3719403,Left,Down,-0.09691329,-0.2224808,TransSlide
460.4198,22.40887,0,-1.132067,0.3372854,0,0.7446257,8730.068,1.253008,0.3712656,Left,Down,-0.09891172,-0.2272263,TransSlide
460.4598,22.41447,0,-1.152209,0.3372854,0,0.7570897,8730.965,1.253195,0.3705909,Left,Down,-0.09691329,-0.2318115,TransSlide
460.4998,22.42276,0,-1.169604,0.3372854,0,0.7668863,8731.861,1.253386,0.3699171,Left,Down,-0.09891172,-0.2364197,TransSlide
460.5398,22.4291,0,-1.19707,0.3372854,0,0.7741518,8732.758,1.251064,0.3692429,Left,Down,-0.09891172,-0.2410278,TransSlide
460.5798,22.43271,0,-1.22362,0.3372854,0,0.7786033,8733.654,1.248006,0.3685691,Left,Down,-0.09891172,-0.2456436,TransSlide
460.6198,22.44058,0,-1.244679,0.3412528,0,0.7863457,8734.552,1.247232,0.3678961,Left,Down,-0.1136409,-0.2502594,TransSlide
460.6599,22.44774,0,-1.267567,0.3412528,0,0.7931397,8735.45,1.24764,0.3672227,Left,Down,-0.132704,-0.2542267,TransSlide
460.6998,22.45344,0,-1.274891,0.3412528,0,0.7961714,8736.349,1.248452,0.3665497,Left,Down,-0.132704,-0.256897,TransSlide
460.7398,22.4582,0,-1.2813,0.3412528,0,0.7953113,8737.247,1.247464,0.3658768,Left,Down,-0.132704,-0.2595749,TransSlide
460.7798,22.4608,0,-1.2813,0.3412528,0,0.7908868,8738.146,1.243758,0.3652048,Left,Down,-0.1312212,-0.2622528,TransSlide
460.8198,22.46844,0,-1.2813,0.3412528,0,0.7909775,8739.044,1.243727,0.3645324,Left,Down,-0.1440177,-0.2649384,TransSlide
460.8598,22.47563,0,-1.2813,0.3412528,0,0.786925,8739.942,1.244442,0.3638605,Left,Down,-0.1582588,-0.2671051,TransSlide
460.8998,22.47782,0,-1.2813,0.3412528,0,0.7781709,8740.841,1.244935,0.3631891,Left,Down,-0.1582588,-0.268364,TransSlide
460.9398,22.47903,0,-1.279469,0.3412528,0,0.7653451,8741.739,1.241092,0.3625177,Left,Down,-0.1582588,-0.2696152,TransSlide
460.9798,22.48489,0,-1.273976,0.3452201,0,0.7563114,8742.638,1.240874,0.3618464,Left,Down,-0.1643245,-0.2708817,TransSlide
461.0198,22.49368,0,-1.267567,0.3452201,0,0.7424449,8743.538,1.241889,0.3611755,Left,Down,-0.1802258,-0.2719116,TransSlide
461.0598,22.49414,0,-1.252003,0.3452201,0,0.7238975,8744.438,1.241183,0.3605053,Left,Down,-0.1813082,-0.2720032,TransSlide
461.0998,22.49703,0,-1.239186,0.3452201,0,0.7037681,8745.339,1.23832,0.3598349,Left,Down,-0.1802258,-0.2720871,TransSlide
461.1398,22.50449,0,-1.21538,0.3452201,0,0.6847,8746.239,1.238714,0.3591647,Left,Down,-0.1907741,-0.2721634,TransSlide
461.1798,22.51176,0,-1.181506,0.3452201,0,0.659391,8747.14,1.240192,0.3584949,Left,Down,-0.1988102,-0.2717361,TransSlide
461.2198,22.5086,0,-1.151294,0.3452201,0,0.6303218,8748.04,1.235942,0.3578258,Left,Down,-0.199792,-0.2707901,TransSlide
461.2598,22.5153,0,-1.111009,0.3452201,0,0.6048963,8748.94,1.236484,0.3571565,Left,Down,-0.2036718,-0.2698441,TransSlide
461.2998,22.52495,0,-1.081712,0.3452201,0,0.5729709,8749.841,1.238248,0.3564874,Left,Down,-0.2158,-0.2687759,TransSlide
461.3398,22.52182,0,-1.045091,0.3452201,0,0.5382633,8750.741,1.23423,0.3558192,Left,Down,-0.2167048,-0.2669296,TransSlide
461.3798,22.52989,0,-1.004807,0.3452201,0,0.5057839,8751.642,1.235011,0.3551507,Left,Down,-0.2211734,-0.2650681,TransSlide
461.4198,22.53718,0,-0.9700155,0.3452201,0,0.4668821,8752.544,1.235429,0.3544825,Left,Down,-0.23239,-0.2630768,TransSlide
461.4598,22.5369,0,-0.920577,0.3452201,0,0.4275734,8753.446,1.232765,0.3538145,Left,Down,-0.23239,-0.2604141,TransSlide
461.4998,22.54616,0,-0.8693057,0.3452201,0,0.387849,8754.349,1.234146,0.3531474,Left,Down,-0.2382111,-0.2577438,TransSlide
461.5398,22.55035,0,-0.7841617,0.3452201,0,0.3426142,8755.251,1.231658,0.3524802,Left,Down,-0.2462884,-0.2547913,TransSlide
461.5798,22.55421,0,-0.6788743,0.3253834,0,0.3008012,8756.153,1.231806,0.3518131,Left,Down,-0.2470816,-0.251358,TransSlide
461.6198,22.56168,0,-0.6001371,0.3214161,0,0.2547249,8757.056,1.232799,0.3511468,Left,Down,-0.2579304,-0.2479248,TransSlide
461.6599,22.55864,0,-0.4985118,0.3134814,0,0.2082875,8757.958,1.229926,0.3504803,Left,Down,-0.2609472,-0.243988,TransSlide
461.6998,22.56291,0,-0.4289317,0.309514,0,0.162353,8758.86,1.231977,0.3498142,Left,Down,-0.2646699,-0.2398376,TransSlide
461.7398,22.56138,0,-0.3575188,0.309514,0,0.1133617,8759.763,1.228242,0.3491483,Left,Down,-0.2733977,-0.235527,TransSlide
461.7798,22.56161,0,-0.298925,0.3055466,0,0.06795409,8760.665,1.229963,0.3484832,Left,Down,-0.2741124,-0.2307358,TransSlide
461.8198,22.56038,0,-0.2613866,0.3055466,0,0.01797792,8761.567,1.227482,0.3478179,Left,Down,-0.2853053,-0.2259293,TransSlide
461.8598,22.56019,0,-0.2211034,0.3055466,0,-0.0275335,8762.47,1.22829,0.3471529,Left,Down,-0.2859903,-0.2205353,TransSlide
461.8998,22.56016,0,-0.1972997,0.3015793,0,-0.0761126,8763.372,1.22723,0.3464887,Left,Down,-0.2940859,-0.2151031,TransSlide
461.9398,22.56075,0,-0.1945531,0.3015793,0,-0.1215252,8764.274,1.227169,0.3458243,Left,Down,-0.2980514,-0.2092972,TransSlide
461.9798,22.55892,0,-0.1945531,0.3015793,0,-0.1679824,8765.177,1.226377,0.3451601,Left,Down,-0.3039024,-0.2032547,TransSlide
462.0198,22.56139,0,-0.2018774,0.3015793,0,-0.2117488,8766.079,1.225969,0.3444964,Left,Down,-0.309643,-0.1969528,TransSlide
462.0598,22.55925,0,-0.2265966,0.3015793,0,-0.2556671,8766.981,1.224966,0.3438334,Left,Down,-0.3140353,-0.1903381,TransSlide
462.0998,22.56362,0,-0.2677953,0.3015793,0,-0.2964492,8767.884,1.225165,0.3431702,Left,Down,-0.3202056,-0.1835251,TransSlide
462.1398,22.56053,0,-0.3208977,0.3015793,0,-0.3371921,8768.786,1.222928,0.3425072,Left,Down,-0.3256589,-0.1763687,TransSlide
462.1798,22.56528,0,-0.4161143,0.3015793,0,-0.3735449,8769.688,1.224461,0.3418447,Left,Down,-0.3310224,-0.1690063,TransSlide
462.2198,22.5609,0,-0.4939342,0.3015793,0,-0.4108163,8770.591,1.2211,0.341183,Left,Down,-0.3368816,-0.1613235,TransSlide
462.2598,22.56622,0,-0.5900663,0.3015793,0,-0.4430255,8771.493,1.223984,0.340521,Left,Down,-0.3414966,-0.1534042,TransSlide
462.2998,22.56279,0,-0.67155,0.3015793,0,-0.4754286,8772.396,1.220537,0.3398594,Left,Flat,-0.3483046,-0.1452179,TransSlide
462.3398,22.56362,0,-0.7081711,0.3015793,0,-0.5042623,8773.298,1.223542,0.3391984,Left,Flat,-0.3516591,-0.1367493,TransSlide
462.3798,22.56484,0,-0.7392991,0.3214161,0,-0.5312697,8774.2,1.220283,0.3385375,Left,Flat,-0.3593647,-0.128067,TransSlide
462.4198,22.56583,0,-0.7557786,0.3214161,0,-0.5559838,8775.103,1.220196,0.3378767,Left,Flat,-0.3620769,-0.1190414,TransSlide
462.4598,22.58085,0,-0.7795841,0.3214161,0,-0.5765172,8776.005,1.220533,0.3372164,Left,Flat,-0.3706227,-0.1098709,TransSlide
462.4998,22.57549,0,-0.7988101,0.3214161,0,-0.5958984,8776.907,1.217343,0.3365568,Left,Flat,-0.373777,-0.1002731,TransSlide
462.5398,22.58141,0,-0.8400089,0.3214161,0,-0.611482,8777.81,1.220243,0.3358971,Left,Flat,-0.3800071,-0.09054565,TransSlide
462.5798,22.58523,0,-0.8931112,0.3214161,0,-0.6245514,8778.713,1.217604,0.3352376,Left,Flat,-0.3851218,-0.08047485,TransSlide
462.6198,22.58504,0,-0.9324789,0.3214161,0,-0.6361718,8779.617,1.215442,0.334579,Left,Flat,-0.3891652,-0.07016754,TransSlide
462.6599,22.59827,0,-0.9755087,0.3214161,0,-0.64262,8780.521,1.218411,0.3339201,Left,Flat,-0.3966355,-0.05965424,TransSlide
462.6998,22.59221,0,-1.002976,0.3214161,0,-0.6478346,8781.426,1.214658,0.3332617,Left,Flat,-0.4010509,-0.04876709,TransSlide
462.7398,22.59464,0,-1.020371,0.3214161,0,-0.6519356,8782.33,1.214543,0.3326035,Left,Flat,-0.4063823,-0.03768921,TransSlide
462.7798,22.59663,0,-1.022202,0.3214161,0,-0.6502425,8783.234,1.208779,0.3319462,Left,Flat,-0.4121198,-0.02632904,TransSlide
462.8198,22.59583,0,-1.022202,0.3214161,0,-0.6482008,8784.139,1.208826,0.3312888,Left,Flat,-0.4121198,-0.01469421,TransSlide
462.8598,22.59797,0,-1.022202,0.3214161,0,-0.6437389,8785.043,1.206346,0.3306316,Left,Flat,-0.4078243,0.004364014,TransSlide
462.8998,22.58713,0,-1.016709,0.3253834,0,-0.6358349,8785.947,1.205578,0.3299753,Left,Flat,-0.3961419,0.05678558,TransSlide
462.9398,22.59113,0,-1.011216,0.3293507,0,-0.6295401,8786.852,1.207739,0.3293187,Left,Flat,-0.3881583,0.1156006,TransSlide
462.9798,22.58578,0,-0.9974831,0.3333181,0,-0.6176307,8787.756,1.20442,0.3286626,Left,Up,-0.3722032,0.1793442,TransSlide
463.0198,22.58828,0,-0.9755087,0.3333181,0,-0.6077791,8788.66,1.206911,0.3280067,Left,Up,-0.3663747,0.2401199,TransSlide
463.0598,22.58547,0,-0.9443808,0.3372854,0,-0.5941676,8789.564,1.203953,0.3273517,Left,Up,-0.3522151,0.3000641,TransSlide
463.0998,22.58381,0,-0.9040976,0.3372854,0,-0.5820643,8790.469,1.206405,0.3266965,Left,Up,-0.3454843,0.3571777,TransSlide
463.1398,22.5814,0,-0.8747989,0.3412528,0,-0.5670664,8791.372,1.203675,0.3260418,Left,Up,-0.3345502,0.4132919,TransSlide
463.1798,22.58058,0,-0.8336002,0.3412528,0,-0.5536594,8792.275,1.205921,0.3253873,Left,Up,-0.3274564,0.4671097,TransSlide
463.2198,22.57916,0,-0.8024722,0.3412528,0,-0.5370199,8793.179,1.203337,0.3247336,Left,Up,-0.3171355,0.5198975,TransSlide
463.2598,22.57975,0,-0.7676822,0.3452201,0,-0.523807,8794.082,1.205661,0.3240798,Left,Up,-0.311533,0.5704346,TransSlide
463.2998,22.58,0,-0.7264817,0.3452201,0,-0.5058256,8794.984,1.203086,0.3234264,Left,Up,-0.2993615,0.6202164,TransSlide
463.3398,22.58057,0,-0.6971848,0.3452201,0,-0.491679,8795.887,1.203277,0.3227738,Left,Up,-0.2973941,0.6674805,TransSlide
463.3798,22.58015,0,-0.6559861,0.3452201,0,-0.4743552,8796.789,1.202969,0.322121,Left,Up,-0.2825486,0.7147598,TransSlide
463.4198,22.5754,0,-0.6266874,0.3452201,0,-0.4584857,8797.691,1.200701,0.3214685,Left,Up,-0.2825486,0.7588348,TransSlide
463.4598,22.57777,0,-0.5955595,0.3491875,0,-0.4435739,8798.594,1.202712,0.3208165,Left,Up,-0.2705197,0.8029099,TransSlide
463.4998,22.57472,0,-0.5763334,0.3531548,0,-0.4261664,8799.496,1.200827,0.3201653,Left,Up,-0.2654082,0.844902,TransSlide
463.5398,22.57509,0,-0.5671781,0.3531548,0,-0.4119655,8800.398,1.200605,0.3195139,Left,Up,-0.261696,0.8858032,TransSlide
463.5798,22.57651,0,-0.5671781,0.3531548,0,-0.3954151,8801.301,1.200894,0.3188628,Left,Up,-0.2486604,0.9262238,TransSlide
463.6198,22.57351,0,-0.5671781,0.3531548,0,-0.3792963,8802.203,1.199074,0.3182126,Left,Up,-0.2486604,0.9640121,TransSlide
463.6598,22.5778,0,-0.5671781,0.3531548,0,-0.3665863,8803.105,1.200453,0.3175624,Left,Up,-0.2398483,1.001778,TransSlide
463.6998,22.5764,0,-0.5671781,0.3531548,0,-0.3494901,8804.008,1.199441,0.3169124,Left,Up,-0.23239,1.038078,TransSlide
463.7398,22.57216,0,-0.5671781,0.3531548,0,-0.3341832,8804.91,1.197485,0.3162627,Left,Up,-0.23239,1.072762,TransSlide
463.7798,22.57934,0,-0.5671781,0.3531548,0,-0.3223826,8805.813,1.198799,0.315614,Left,Up,-0.2220564,1.107445,TransSlide
463.8198,22.57512,0,-0.5671781,0.3531548,0,-0.3062027,8806.715,1.198083,0.3149652,Left,Up,-0.2167048,1.140182,TransSlide
463.8598,22.57074,0,-0.5671781,0.3531548,0,-0.291337,8807.617,1.196529,0.3143166,Left,Up,-0.2167048,1.171814,TransSlide
463.8998,22.57716,0,-0.5671781,0.3531548,0,-0.279649,8808.52,1.196421,0.3136689,Left,Up,-0.2074791,1.203415,TransSlide
463.9398,22.57265,0,-0.5671781,0.3531548,0,-0.2658193,8809.422,1.196988,0.3130211,Left,Up,-0.2007689,1.233391,TransSlide
463.9798,22.56968,0,-0.5671781,0.3531548,0,-0.2516363,8810.324,1.195673,0.3123737,Left,Up,-0.2007689,1.261993,TransSlide
464.0198,22.56617,0,-0.5671781,0.3531548,0,-0.2395647,8811.227,1.193398,0.3117266,Left,Up,-0.1958353,1.290565,TransSlide
464.0598,22.56949,0,-0.5671781,0.3531548,0,-0.2297418,8812.129,1.196161,0.3110804,Left,Up,-0.1845175,1.318352,TransSlide
464.0998,22.56656,0,-0.5671781,0.3531548,0,-0.2152124,8813.031,1.194771,0.310434,Left,Up,-0.1855749,1.343971,TransSlide
464.1398,22.5614,0,-0.5671781,0.3531548,0,-0.2030948,8813.934,1.19308,0.3097882,Left,Up,-0.1855749,1.369576,TransSlide
464.1798,22.56292,0,-0.5671781,0.3531548,0,-0.1939929,8814.836,1.192037,0.3091431,Left,Up,-0.1735894,1.395142,TransSlide
464.2198,22.56259,0,-0.5671781,0.3531548,0,-0.1854903,8815.738,1.194136,0.3084978,Left,Up,-0.1701742,1.418571,TransSlide
464.2598,22.55924,0,-0.5662626,0.3531548,0,-0.1730147,8816.641,1.192939,0.3078529,Left,Up,-0.1701742,1.44117,TransSlide
464.2998,22.55461,0,-0.5653471,0.3531548,0,-0.1627277,8817.543,1.191264,0.3072085,Left,Up,-0.1701742,1.463753,TransSlide
464.3398,22.55403,0,-0.5598539,0.3531548,0,-0.1552216,8818.445,1.189566,0.3065649,Left,Up,-0.1570175,1.486305,TransSlide
464.3798,22.55538,0,-0.5470365,0.3531548,0,-0.1507766,8819.348,1.192366,0.3059212,Left,Up,-0.1532334,1.506546,TransSlide
464.4198,22.55146,0,-0.530557,0.3531548,0,-0.1402962,8820.25,1.191183,0.3052778,Left,Up,-0.1532334,1.526062,TransSlide
464.4598,22.54676,0,-0.505836,0.3333181,0,-0.1315213,8821.152,1.189774,0.3046349,Left,Up,-0.1545051,1.545578,TransSlide
464.4998,22.54393,0,-0.4765391,0.3293507,0,-0.1255158,8822.055,1.188197,0.3039928,Left,Up,-0.1480375,1.565071,TransSlide
464.5398,22.53528,0,-0.4545665,0.3293507,0,-0.1220959,8822.957,1.187841,0.3033506,Left,Up,-0.1370561,1.583366,TransSlide
464.5798,22.52963,0,-0.4234385,0.3293507,0,-0.1200108,8823.858,1.189872,0.3027088,Left,Up,-0.1384764,1.599747,TransSlide
464.6198,22.52031,0,-0.399633,0.3253834,0,-0.112321,8824.759,1.188665,0.3020678,Left,Up,-0.1384764,1.616112,TransSlide
464.6598,22.51035,0,-0.3620964,0.3253834,0,-0.1069381,8825.659,1.187144,0.3014268,Left,Up,-0.1384764,1.632477,TransSlide
464.6998,22.50368,0,-0.3154045,0.3253834,0,-0.1042001,8826.56,1.185913,0.3007861,Left,Up,-0.1297215,1.648811,TransSlide
464.7398,22.49398,0,-0.2787817,0.3253834,0,-0.1034892,8827.46,1.184906,0.3001459,Left,Up,-0.1219466,1.66362,TransSlide
464.7798,22.48861,0,-0.2265966,0.3214161,0,-0.1054701,8828.36,1.186674,0.2995064,Left,Up,-0.1219466,1.67675,TransSlide
464.8198,22.47777,0,-0.190891,0.3174487,0,-0.1031095,8829.259,1.186721,0.298867,Left,Up,-0.1219466,1.689857,TransSlide
464.8598,22.46607,0,-0.1533526,0.309514,0,-0.09923714,8830.157,1.185357,0.2982278,Left,Up,-0.1219466,1.702957,TransSlide
464.8998,22.45576,0,-0.1194781,0.3055466,0,-0.09756345,8831.056,1.183957,0.2975896,Left,Up,-0.1219466,1.716057,TransSlide
464.9398,22.44311,0,-0.0956744,0.3015793,0,-0.09806129,8831.954,1.183057,0.2969514,Left,Up,-0.1065312,1.729118,TransSlide
464.9798,22.42941,0,-0.07003963,0.297612,0,-0.1002011,8832.851,1.181806,0.2963135,Left,Up,-0.1046783,1.739212,TransSlide
465.0198,22.41632,0,-0.04623413,0.297612,0,-0.1043001,8833.747,1.182939,0.2956759,Left,Up,-0.1046783,1.748863,TransSlide
465.0598,22.40303,0,-0.01052856,0.2936446,0,-0.1081364,8834.644,1.184165,0.2950393,Left,Up,-0.1046783,1.758514,TransSlide
465.0998,22.3869,0,0.02792358,0.289662,0,-0.1057096,8835.539,1.182735,0.2944026,Left,Up,-0.1065312,1.76815,TransSlide
465.1398,22.37115,0,0.05264282,0.2856947,0,-0.1047886,8836.434,1.18134,0.2937663,Left,Up,-0.1046783,1.777771,TransSlide
465.1798,22.35577,0,0.0819397,0.2817273,0,-0.1053853,8837.328,1.180179,0.2931309,Left,Up,-0.09891172,1.787384,TransSlide
465.2198,22.33845,0,0.1002502,0.2817273,0,-0.1071148,8838.222,1.179578,0.2924953,Left,Up,-0.08622923,1.796043,TransSlide
465.2598,22.32052,0,0.1176488,0.2817273,0,-0.1097272,8839.114,1.178821,0.2918603,Left,Up,-0.08622923,1.801872,TransSlide
465.2998,22.30321,0,0.123142,0.2817273,0,-0.1135066,8840.007,1.178737,0.2912255,Left,Up,-0.08846933,1.807693,TransSlide
465.3398,22.28727,0,0.123142,0.27776,0,-0.1183088,8840.898,1.179594,0.2905917,Left,Up,-0.08846933,1.813507,TransSlide
465.3798,22.2695,0,0.123142,0.27776,0,-0.1207938,8841.789,1.180064,0.2899578,Left,Up,-0.08846933,1.819313,TransSlide
465.4198,22.25097,0,0.123142,0.27776,0,-0.1173441,8842.68,1.178771,0.2893244,Left,Up,-0.08846933,1.825111,TransSlide
465.4598,22.23316,0,0.1240575,0.27776,0,-0.114746,8843.569,1.177477,0.2886913,Left,Up,-0.08622923,1.830902,TransSlide
465.4998,22.21604,0,0.1240575,0.2737926,0,-0.1128813,8844.458,1.176479,0.2880591,Left,Up,-0.08156469,1.836685,TransSlide
465.5398,22.1971,0,0.1240575,0.2737926,0,-0.1114699,8845.347,1.175868,0.2874269,Left,Up,-0.0656106,1.841705,TransSlide
465.5798,22.17822,0,0.1240575,0.2737926,0,-0.1105559,8846.233,1.175395,0.2867951,Left,Up,-0.0656106,1.842934,TransSlide
465.6198,22.15936,0,0.1240575,0.2737926,0,-0.1100003,8847.12,1.175009,0.2861642,Left,Up,-0.0656106,1.844154,TransSlide
465.6598,22.14044,0,0.1240575,0.2698253,0,-0.1096489,8848.006,1.174309,0.2855331,Left,Up,-0.06852804,1.845367,TransSlide
465.6998,22.12098,0,0.1240575,0.2658579,0,-0.1094118,8848.891,1.174275,0.2849025,Left,Up,-0.0656106,1.846588,TransSlide
465.7398,22.10175,0,0.1240575,0.2658579,0,-0.1095095,8849.775,1.174606,0.2842724,Left,Up,-0.0656106,1.847801,TransSlide
465.7798,22.08146,0,0.1222265,0.2658579,0,-0.1095594,8850.658,1.174479,0.2836432,Left,Up,-0.0656106,1.849014,TransSlide
465.8198,22.06248,0,0.1185644,0.2618906,0,-0.1005513,8851.541,1.174344,0.2830139,Left,Up,-0.0656106,1.85022,TransSlide
465.8598,22.0425,0,0.1057434,0.2618906,0,-0.08857623,8852.423,1.174177,0.2823849,Left,Up,-0.0656106,1.851425,TransSlide
465.8998,22.0224,0,0.09292603,0.2618906,0,-0.07676813,8853.304,1.173855,0.281757,Left,Up,-0.0656106,1.852623,TransSlide
465.9398,22.00275,0,0.08010864,0.2618906,0,-0.06493253,8854.185,1.173295,0.281129,Straight,Up,-0.04845664,1.853821,TransSlide
465.9798,21.98318,0,0.06271362,0.2618906,0,-0.05310041,8855.063,1.172433,0.2805013,Straight,Up,0,1.851273,TransSlide
466.0198,21.96364,0,0.04623413,0.2618906,0,-0.04112571,8855.942,1.171509,0.2798741,Straight,Up,-0.01978234,1.839691,TransSlide
466.0598,21.94413,0,0.02700806,0.2579232,0,-0.02910918,8856.82,1.170607,0.2792478,Straight,Up,-0.01978234,1.82811,TransSlide
466.0998,21.92375,0,0.004119873,0.2579232,0,-0.01691133,8857.697,1.169804,0.2786216,Straight,Up,-0.01978234,1.816544,TransSlide
466.1398,21.90344,0,-0.01052856,0.2539559,0,-0.004673958,8858.574,1.169067,0.2779956,Straight,Up,-0.01978234,1.805,TransSlide
466.1798,21.88268,0,-0.02243042,0.2539559,0,0.007674217,8859.449,1.168434,0.2773707,Straight,Up,-0.01978234,1.793449,TransSlide
466.2198,21.86163,0,-0.02334595,0.2539559,0,0.02019829,8860.324,1.167768,0.2767456,Straight,Up,0,1.781921,TransSlide
466.2598,21.8406,0,-0.02334595,0.2539559,0,0.03285873,8861.198,1.167084,0.2761211,Straight,Up,0,1.770393,TransSlide
466.2998,21.81968,0,-0.02334595,0.2499886,0,0.04567918,8862.071,1.166515,0.2754969,Straight,Up,-0.01978234,1.758881,TransSlide
466.3398,21.79791,0,-0.02334595,0.2499886,0,0.05856743,8862.943,1.165949,0.2748737,Straight,Up,-0.01978234,1.747375,TransSlide
466.3798,21.77623,0,-0.02334595,0.2499886,0,0.07179314,8863.814,1.165415,0.2742504,Straight,Up,-0.01978234,1.735886,TransSlide
466.4198,21.75461,0,-0.02334595,0.2499886,0,0.08502388,8864.686,1.164883,0.2736276,Straight,Up,-0.01978234,1.724411,TransSlide
466.4598,21.73308,0,-0.02334595,0.2499886,0,0.09818721,8865.555,1.164362,0.2730051,Straight,Up,-0.01978234,1.712944,TransSlide
466.4998,21.71159,0,-0.02334595,0.2460212,0,0.1114412,8866.424,1.163748,0.2723837,Straight,Up,-0.01978234,1.701485,TransSlide
466.5398,21.68972,0,-0.02334595,0.2460212,0,0.124844,8867.291,1.163183,0.2717621,Straight,Up,-0.01978234,1.690041,TransSlide
466.5798,21.66751,0,-0.02334595,0.2460212,0,0.1382231,8868.158,1.162551,0.2711411,Straight,Up,-0.01978234,1.678604,TransSlide
466.6198,21.64537,0,-0.02334595,0.2460212,0,0.15162,8869.024,1.162084,0.270521,Straight,Up,-0.01978234,1.667183,TransSlide
466.6598,21.62328,0,-0.01144409,0.2460212,0,0.1652576,8869.89,1.161512,0.2699008,Straight,Up,-0.01978234,1.655769,TransSlide
466.6998,21.60127,0,0.00869751,0.2460212,0,0.1788231,8870.754,1.160854,0.2692811,Straight,Up,-0.01978234,1.644371,TransSlide
466.7398,21.57933,0,0.02700806,0.2460212,0,0.192423,8871.617,1.160282,0.2686618,Straight,Up,-0.01978234,1.632988,TransSlide
466.7798,21.55744,0,0.05264282,0.2460212,0,0.2063147,8872.479,1.159798,0.2680435,Straight,Up,-0.01978234,1.621605,TransSlide
466.8198,21.53558,0,0.07095337,0.2460212,0,0.2202293,8873.341,1.159184,0.2674251,Straight,Up,-0.01978234,1.610237,TransSlide
466.8598,21.51393,0,0.09292603,0.2460212,0,0.2344251,8874.202,1.158457,0.2668072,Straight,Up,0,1.598885,TransSlide
466.8998,21.49231,0,0.1057434,0.2460212,0,0.2486608,8875.062,1.157944,0.2661902,Straight,Up,-0.01978234,1.587547,TransSlide
466.9398,21.47069,0,0.1130676,0.2460212,0,0.2627668,8875.921,1.157594,0.2655732,Straight,Up,-0.01978234,1.57621,TransSlide
466.9798,21.44923,0,0.1222265,0.2460212,0,0.2771532,8876.778,1.157176,0.2649566,Straight,Up,-0.01978234,1.564888,TransSlide
467.0198,21.42784,0,0.1277196,0.2460212,0,0.2913975,8877.636,1.156651,0.2643406,Straight,Up,-0.01978234,1.553581,TransSlide
467.0598,21.40661,0,0.1359594,0.2460212,0,0.3058684,8878.492,1.156151,0.2637254,Straight,Up,0,1.542282,TransSlide
467.0998,21.3854,0,0.1414526,0.2460212,0,0.3204733,8879.348,1.155574,0.2631103,Straight,Up,-0.01978234,1.530991,TransSlide
467.1398,21.3642,0,0.1414526,0.2460212,0,0.3353011,8880.203,1.155044,0.2624955,Straight,Up,-0.01978234,1.519714,TransSlide
467.1798,21.34317,0,0.1368749,0.2460212,0,0.3502822,8881.057,1.154409,0.2618817,Straight,Up,-0.01978234,1.508446,TransSlide
467.2198,21.32217,0,0.123142,0.2460212,0,0.365557,8881.91,1.153831,0.261268,Straight,Up,-0.01978234,1.497185,TransSlide
467.2598,21.3012,0,0.08010864,0.2420539,0,0.3811031,8882.762,1.153315,0.2606547,Straight,Up,-0.01978234,1.485939,TransSlide
467.2998,21.28003,0,0.02243042,0.2420539,0,0.3966181,8883.613,1.152649,0.2600418,Straight,Up,-0.01978234,1.474701,TransSlide
467.3398,21.25758,0,-0.02334595,0.2420539,0,0.4120452,8884.464,1.150494,0.2594299,Straight,Up,-0.01978234,1.463486,TransSlide
467.3798,21.23865,0,-0.08285701,0.2420539,0,0.4254057,8885.313,1.152507,0.258818,Straight,Up,-0.01978234,1.452293,TransSlide
467.4198,21.21895,0,-0.1249713,0.2420539,0,0.4388174,8886.163,1.15382,0.2582066,Straight,Up,-0.01978234,1.441109,TransSlide
467.4598,21.19775,0,-0.1725787,0.2420539,0,0.4523468,8887.011,1.154724,0.2575961,Straight,Up,-0.01978234,1.429924,TransSlide
467.4998,21.17957,0,-0.2073705,0.2420539,0,0.4656423,8887.858,1.154271,0.2569855,Straight,Up,0,1.418739,TransSlide
467.5398,21.16117,0,-0.2211034,0.2420539,0,0.4791644,8888.705,1.153124,0.2563756,Straight,Up,0.03956468,1.40757,TransSlide
467.5798,21.1427,0,-0.2320898,0.2420539,0,0.492509,8889.551,1.151759,0.255766,Right,Up,0.05595291,1.384987,TransSlide
467.6198,21.12399,0,-0.2330053,0.2420539,0,0.5059753,8890.396,1.150159,0.2551574,Right,Up,0.05595291,1.357025,TransSlide
467.6598,21.10577,0,-0.2330053,0.2420539,0,0.5197031,8891.24,1.148786,0.2545488,Right,Up,0.05595291,1.329094,TransSlide
467.6998,21.08766,0,-0.2330053,0.2420539,0,0.5333015,8892.084,1.148448,0.2539407,Right,Up,0.05595291,1.301186,TransSlide
467.7398,21.06973,0,-0.2330053,0.2420539,0,0.5467686,8892.928,1.147972,0.253333,Right,Up,0.05595291,1.273315,TransSlide
467.7798,21.0511,0,-0.2330053,0.2420539,0,0.5601869,8893.77,1.146842,0.2527264,Right,Up,0.05595291,1.245476,TransSlide
467.8198,21.03442,0,-0.2183568,0.2420539,0,0.5683024,8894.611,1.146616,0.2521197,Right,Up,0.05595291,1.217659,TransSlide
467.8598,21.01779,0,-0.2018774,0.2420539,0,0.5740417,8895.452,1.146803,0.2515135,Right,Up,0.05233916,1.189865,TransSlide
467.8998,21.00088,0,-0.1835668,0.2420539,0,0.5793418,8896.292,1.146753,0.2509083,Right,Up,0.05595291,1.162094,TransSlide
467.9398,20.9841,0,-0.1725787,0.2420539,0,0.58455,8897.132,1.146212,0.2503031,Right,Up,0.05595291,1.134331,TransSlide
467.9798,20.9677,0,-0.1670855,0.2420539,0,0.5897145,8897.971,1.144802,0.2496983,Right,Up,0.0656106,1.106583,TransSlide
468.0198,20.95191,0,-0.1670855,0.2420539,0,0.5942857,8898.809,1.144146,0.2490941,Right,Up,0.09065409,1.077972,TransSlide
468.0598,20.9366,0,-0.1670855,0.2420539,0,0.5983546,8899.646,1.144009,0.2484908,Right,Up,0.09065409,1.040604,TransSlide
468.0998,20.92119,0,-0.16617,0.2420539,0,0.6007093,8900.483,1.143492,0.2478875,Right,Up,0.08846933,1.003273,TransSlide
468.1398,20.90621,0,-0.1652545,0.2420539,0,0.5968374,8901.319,1.143381,0.2472847,Right,Up,0.08846933,0.9659729,TransSlide
468.1798,20.89163,0,-0.1606768,0.2420539,0,0.5923742,8902.155,1.143014,0.2466829,Right,Up,0.08846933,0.928688,TransSlide
468.2198,20.87639,0,-0.1551837,0.2618906,0,0.5873953,8902.991,1.142053,0.2460812,Right,Up,0.09065409,0.8914261,TransSlide
468.2598,20.8649,0,-0.1524371,0.2618906,0,0.5820767,8903.825,1.1408,0.2454799,Right,Up,0.08846933,0.8541946,TransSlide
468.2998,20.85631,0,-0.1469439,0.2618906,0,0.5761486,8904.659,1.140954,0.2448791,Right,Up,0.1065312,0.8169937,TransSlide
468.3398,20.84768,0,-0.1414508,0.2658579,0,0.5665752,8905.493,1.141017,0.2442792,Right,Up,0.1203313,0.7759094,TransSlide
468.3798,20.83947,0,-0.1295489,0.2658579,0,0.5524894,8906.327,1.140662,0.2436795,Right,Up,0.1203313,0.7298737,TransSlide
468.4198,20.83132,0,-0.1194781,0.2698253,0,0.5377771,8907.161,1.139637,0.2430801,Right,Up,0.1203313,0.6838303,TransSlide
468.4598,20.82458,0,-0.1066607,0.2698253,0,0.5224895,8907.994,1.138255,0.2424818,Right,Up,0.1203313,0.6378174,TransSlide
468.4998,20.81954,0,-0.0956744,0.2698253,0,0.5065956,8908.826,1.138487,0.2418835,Right,Up,0.1203313,0.5918427,TransSlide
468.5398,20.8154,0,-0.0892657,0.2698253,0,0.4839394,8909.658,1.139269,0.2412858,Right,Up,0.1398823,0.5459061,TransSlide
468.5798,20.81019,0,-0.07736385,0.2737926,0,0.4596367,8910.49,1.139368,0.2406884,Right,Up,0.1506579,0.495079,TransSlide
468.6198,20.80667,0,-0.06546199,0.2737926,0,0.4346018,8911.322,1.13894,0.2400921,Right,Up,0.1506579,0.4403992,TransSlide
468.6598,20.80362,0,-0.05264282,0.2737926,0,0.4091019,8912.154,1.137748,0.2394958,Right,Up,0.1506579,0.3857117,TransSlide
468.6998,20.80117,0,-0.03341675,0.2737926,0,0.3826311,8912.986,1.136652,0.2389001,Right,Up,0.1532334,0.3310242,TransSlide
468.7398,20.79811,0,-0.01052856,0.2737926,0,0.3556431,8913.818,1.135113,0.2383048,Right,Up,0.1769387,0.2763443,TransSlide
468.7798,20.79524,0,0.02059937,0.2737926,0,0.328299,8914.65,1.133275,0.2377105,Right,Up,0.1802258,0.21418,TransSlide
468.8198,20.79499,0,0.03433228,0.2737926,0,0.3004618,8915.482,1.134732,0.2371164,Right,Up,0.1802258,0.1508179,TransSlide
468.8598,20.79248,0,0.03890991,0.2737926,0,0.280835,8916.314,1.133964,0.2365226,Right,Flat,0.1440177,0.08745575,TransSlide
468.8998,20.78949,0,0.03890991,0.2737926,0,0.2614061,8917.146,1.132898,0.2359299,Left,Flat,-0.1412742,0.02410126,TransSlide
468.9398,20.78806,0,0.03890991,0.2737926,0,0.2417212,8917.979,1.130727,0.2353371,Left,Flat,-0.1607126,-0.003791809,TransSlide
468.9798,20.78773,0,0.03890991,0.2737926,0,0.2214609,8918.811,1.130607,0.234745,Left,Flat,-0.1619255,-0.02861023,TransSlide
469.0198,20.78666,0,0.03890991,0.2737926,0,0.2038348,8919.643,1.131131,0.2341533,Left,Flat,-0.1607126,-0.05342865,TransSlide
469.0598,20.78463,0,0.03890991,0.2737926,0,0.1918105,8920.475,1.130442,0.2335626,Left,Flat,-0.1582588,-0.07824707,TransSlide
469.0998,20.78286,0,0.03890991,0.2737926,0,0.179632,8921.307,1.129344,0.232972,Left,Flat,-0.1582588,-0.09811401,TransSlide
469.1398,20.78217,0,0.03890991,0.2737926,0,0.1672366,8922.139,1.127952,0.2323819,Left,Flat,-0.1582588,-0.1171799,TransSlide
469.1798,20.7814,0,0.03341675,0.2737926,0,0.1546087,8922.971,1.126843,0.2317927,Left,Flat,-0.1582588,-0.1362457,TransSlide
469.2198,20.78191,0,0.02243042,0.2737926,0,0.1418982,8923.803,1.12742,0.2312037,Left,Down,-0.1506579,-0.1552963,TransSlide
469.2598,20.78111,0,0.01419067,0.2737926,0,0.1351701,8924.635,1.127474,0.2306152,Left,Down,-0.1297215,-0.1740875,TransSlide
469.2998,20.78001,0,-0.0004577637,0.2737926,0,0.1314539,8925.467,1.126794,0.2300272,Left,Down,-0.1297215,-0.1904678,TransSlide
469.3398,20.77975,0,-0.01144409,0.2737926,0,0.1272402,8926.299,1.125814,0.2294402,Left,Down,-0.1297215,-0.2068634,TransSlide
469.3798,20.77983,0,-0.02426147,0.2737926,0,0.1228367,8927.131,1.124897,0.2288532,Left,Down,-0.1297215,-0.2232513,TransSlide
469.4198,20.77927,0,-0.04074097,0.2737926,0,0.1183084,8927.963,1.123943,0.2282667,Left,Down,-0.1282043,-0.2396393,TransSlide
469.4598,20.77908,0,-0.05722046,0.2737926,0,0.1138479,8928.795,1.122885,0.2276813,Left,Down,-0.1153499,-0.2560196,TransSlide
469.4998,20.7797,0,-0.08102596,0.2737926,0,0.1089779,8929.627,1.12317,0.227096,Left,Down,-0.09891172,-0.2715302,TransSlide
469.5398,20.78012,0,-0.1011676,0.2737926,0,0.104039,8930.459,1.123118,0.2265111,Left,Down,-0.09691329,-0.2850266,TransSlide
469.5798,20.78035,0,-0.1304644,0.2737926,0,0.1089306,8931.291,1.122973,0.2259268,Left,Down,-0.09691329,-0.2985229,TransSlide
469.6198,20.78084,0,-0.1469439,0.2737926,0,0.1136678,8932.123,1.122547,0.2253435,Left,Down,-0.09691329,-0.312027,TransSlide
469.6598,20.78165,0,-0.148775,0.2737926,0,0.1181867,8932.955,1.121858,0.2247603,Left,Down,-0.09691329,-0.325531,TransSlide
469.6998,20.78258,0,-0.148775,0.2737926,0,0.1226554,8933.787,1.12103,0.2241776,Left,Down,-0.09691329,-0.339035,TransSlide
469.7398,20.78344,0,-0.148775,0.2737926,0,0.1268214,8934.619,1.120171,0.2235954,Left,Down,-0.09691329,-0.3525467,TransSlide
469.7798,20.78427,0,-0.1432818,0.2737926,0,0.1307895,8935.451,1.1194,0.2230143,Left,Down,-0.07661668,-0.3660507,TransSlide
469.8198,20.78509,0,-0.1368731,0.2737926,0,0.1346029,8936.283,1.118654,0.2224332,Left,Down,-0.05595291,-0.3781433,TransSlide
469.8598,20.78586,0,-0.1304644,0.2737926,0,0.1383075,8937.115,1.117913,0.2218526,Left,Down,-0.05595291,-0.3879013,TransSlide
469.8998,20.78661,0,-0.1240557,0.2737926,0,0.1416542,8937.947,1.117181,0.2212731,Left,Down,-0.05233916,-0.3976669,TransSlide
469.9398,20.7873,0,-0.1139849,0.2737926,0,0.1448098,8938.779,1.116224,0.2206936,Left,Down,-0.05595291,-0.4074173,TransSlide
469.9798,20.78826,0,-0.1011676,0.2737926,0,0.1478228,8939.611,1.115855,0.2201148,Left,Down,-0.05595291,-0.4171753,TransSlide
470.0198,20.78926,0,-0.08743465,0.2737926,0,0.150455,8940.443,1.115806,0.2195364,Left,Down,-0.05595291,-0.4269333,TransSlide
470.0598,20.79021,0,-0.06637752,0.2737926,0,0.1526843,8941.275,1.115529,0.218959,Left,Down,-0.05595291,-0.4366837,TransSlide
470.0998,20.79116,0,-0.04623413,0.2737926,0,0.1548919,8942.107,1.115028,0.2183817,Left,Down,-0.05595291,-0.446434,TransSlide
470.1398,20.79264,0,-0.02792358,0.2737926,0,0.1585357,8942.939,1.114516,0.2178051,Left,Down,-0.05595291,-0.4561844,TransSlide
470.1798,20.7946,0,-0.005950928,0.2737926,0,0.1650685,8943.771,1.114488,0.2172294,Left,Down,-0.05595291,-0.4659424,TransSlide
470.2198,20.79635,0,0.009613037,0.2737926,0,0.1711713,8944.604,1.114159,0.2166537,Left,Down,-0.05595291,-0.4756851,TransSlide
470.2598,20.79774,0,0.0151062,0.2737926,0,0.1770974,8945.436,1.113753,0.2160787,Left,Down,-0.05595291,-0.4854355,TransSlide
470.2998,20.79983,0,0.02151489,0.2737926,0,0.1828876,8946.268,1.11318,0.2155042,Left,Down,-0.05595291,-0.4951935,TransSlide
470.3398,20.80184,0,0.02334595,0.2737926,0,0.1882946,8947.1,1.112431,0.2149307,Left,Down,-0.05595291,-0.5049515,TransSlide
470.3798,20.8038,0,0.02792358,0.2737926,0,0.1933641,8947.932,1.111572,0.2143573,Straight,Down,-0.02797646,-0.5147095,TransSlide
470.4198,20.80573,0,0.02883911,0.2737926,0,0.1983294,8948.764,1.11083,0.2137844,Straight,Down,0.01978234,-0.5223007,TransSlide
470.4598,20.80763,0,0.02883911,0.2737926,0,0.203025,8949.596,1.110085,0.2132126,Straight,Down,0,-0.526619,TransSlide
470.4998,20.8095,0,0.03250122,0.2737926,0,0.2075653,8950.428,1.109388,0.2126409,Straight,Down,0,-0.5309372,TransSlide
470.5398,20.81139,0,0.03250122,0.2737926,0,0.2118468,8951.26,1.108723,0.2120697,Straight,Down,0,-0.5352554,TransSlide
470.5798,20.81323,0,0.03250122,0.2737926,0,0.216016,8952.092,1.108142,0.2114992,Straight,Down,0,-0.5395737,TransSlide
470.6198,20.81512,0,0.03341675,0.2737926,0,0.2201111,8952.924,1.107625,0.2109295,Straight,Down,0,-0.5438919,TransSlide
470.6598,20.81699,0,0.03341675,0.2737926,0,0.2238998,8953.756,1.107148,0.2103601,Straight,Down,0.01978234,-0.5482178,TransSlide
470.6998,20.81884,0,0.03799438,0.2737926,0,0.2277388,8954.588,1.106646,0.2097911,Straight,Down,0,-0.5525284,TransSlide
470.7398,20.82069,0,0.03799438,0.2737926,0,0.2314357,8955.42,1.106181,0.2092232,Straight,Down,0,-0.5568542,TransSlide
470.7798,20.82254,0,0.03890991,0.2737926,0,0.2350295,8956.252,1.105693,0.2086554,Straight,Down,0,-0.5611725,TransSlide
470.8198,20.8244,0,0.03982544,0.2737926,0,0.2384462,8957.084,1.105217,0.2080882,Straight,Down,0,-0.5654984,TransSlide
470.8598,20.82623,0,0.0453186,0.2737926,0,0.2418521,8957.918,1.104666,0.2075216,Straight,Down,0,-0.569809,TransSlide
470.8998,20.82807,0,0.05172729,0.2737926,0,0.2451906,8958.752,1.104069,0.206956,Straight,Down,0,-0.5741348,TransSlide
470.9398,20.82983,0,0.05722046,0.2737926,0,0.2485221,8959.586,1.103601,0.2063905,Straight,Down,0,-0.5784607,TransSlide
470.9798,20.83175,0,0.06546021,0.2737926,0,0.2520245,8960.42,1.102969,0.2058256,Straight,Down,0,-0.5827789,TransSlide
471.0198,20.83369,0,0.08010864,0.2737926,0,0.2555916,8961.254,1.102471,0.2052612,Straight,Down,0,-0.5870972,TransSlide
471.0598,20.83559,0,0.08834839,0.2737926,0,0.259054,8962.088,1.10222,0.2046979,Straight,Down,0.01978234,-0.591423,TransSlide
471.0998,20.83732,0,0.1002502,0.2737926,0,0.2627912,8962.922,1.101954,0.2041347,Straight,Down,0,-0.5957489,TransSlide
471.1398,20.8394,0,0.1112366,0.2737926,0,0.2665806,8963.756,1.101578,0.2035721,Straight,Down,0.01978234,-0.6000671,TransSlide
471.1798,20.84147,0,0.1185644,0.2737926,0,0.2706421,8964.59,1.101077,0.2030105,Straight,Down,0,-0.604393,TransSlide
471.2198,20.84349,0,0.1240575,0.2737926,0,0.2746799,8965.424,1.100577,0.202449,Straight,Down,0,-0.6087189,TransSlide
471.2598,20.84542,0,0.1286352,0.2737926,0,0.2788196,8966.258,1.100067,0.2018881,Straight,Down,0,-0.6130371,TransSlide
471.2998,20.84746,0,0.1350439,0.2737926,0,0.283022,8967.092,1.09956,0.2013278,Straight,Down,0,-0.617363,TransSlide
471.3398,20.84955,0,0.1368749,0.2737926,0,0.2873136,8967.926,1.098954,0.2007685,Straight,Down,0,-0.6216965,TransSlide
471.3798,20.85153,0,0.1460302,0.2737926,0,0.2898919,8968.76,1.098413,0.2002093,Straight,Down,0,-0.6260147,TransSlide
471.4198,20.85341,0,0.1524389,0.2737926,0,0.2866646,8969.594,1.097788,0.1996509,Straight,Down,0,-0.6303482,TransSlide
471.4598,20.85532,0,0.1597631,0.2737926,0,0.2836249,8970.428,1.097085,0.1990933,Straight,Down,0.01978234,-0.6346817,TransSlide
471.4998,20.85727,0,0.1698339,0.2737926,0,0.2808977,8971.262,1.096476,0.1985359,Straight,Down,0,-0.6390076,TransSlide
471.5398,20.8591,0,0.1771581,0.2737926,0,0.2786196,8972.096,1.096084,0.1979791,Straight,Down,0,-0.6433411,TransSlide
471.5798,20.86092,0,0.1899755,0.2737926,0,0.2766271,8972.93,1.095615,0.1974229,Straight,Down,0,-0.6476669,TransSlide
471.6198,20.86273,0,0.2119482,0.2737926,0,0.2750537,8973.764,1.095126,0.1968677,Straight,Down,0.01978234,-0.6520004,TransSlide
471.6598,20.86442,0,0.2265966,0.2737926,0,0.2739147,8974.598,1.094367,0.1963127,Straight,Down,0.04423466,-0.6563263,TransSlide
471.6998,20.86636,0,0.2540624,0.2737926,0,0.2730937,8975.432,1.094212,0.1957582,Right,Down,0.06255726,-0.6580658,TransSlide
471.7398,20.86887,0,0.2677953,0.2737926,0,0.2728365,8976.266,1.094426,0.1952048,Right,Down,0.06255726,-0.6583862,TransSlide
471.7798,20.8716,0,0.2861059,0.2737926,0,0.2731526,8977.1,1.094646,0.1946516,Right,Down,0.06255726,-0.6587067,TransSlide
471.8198,20.87314,0,0.3016698,0.2737926,0,0.2703453,8977.934,1.094111,0.194099,Right,Down,0.05934703,-0.6590271,TransSlide
471.8598,20.87465,0,0.3044164,0.2737926,0,0.2633247,8978.769,1.092757,0.1935469,Right,Down,0.06255726,-0.6593475,TransSlide
471.8998,20.87656,0,0.3154027,0.2737926,0,0.2568751,8979.604,1.091447,0.1929959,Right,Down,0.06255726,-0.6596603,TransSlide
471.9398,20.87878,0,0.3254735,0.2737926,0,0.2510307,8980.44,1.090507,0.1924451,Right,Down,0.06255726,-0.6599808,TransSlide
471.9798,20.88026,0,0.3382909,0.2737926,0,0.2459872,8981.276,1.089903,0.1918948,Right,Down,0.05934703,-0.6603012,TransSlide
472.0198,20.8815,0,0.3556895,0.2737926,0,0.2418692,8982.112,1.089044,0.1913451,Right,Down,0.05934703,-0.6606216,TransSlide
472.0598,20.8833,0,0.3666759,0.2737926,0,0.2384947,8982.948,1.089396,0.1907965,Right,Down,0.06255726,-0.6609344,TransSlide
472.0998,20.88648,0,0.3804088,0.2737926,0,0.2358694,8983.784,1.090205,0.1902481,Right,Down,0.07912937,-0.6612549,TransSlide
472.1398,20.88685,0,0.3859019,0.2737926,0,0.2302021,8984.62,1.090198,0.1897002,Right,Down,0.08622923,-0.6604004,TransSlide
472.1798,20.88777,0,0.3913951,0.2737926,0,0.2212133,8985.456,1.088913,0.1891534,Right,Down,0.08846933,-0.6590042,TransSlide
472.2198,20.88948,0,0.3978038,0.2737926,0,0.2130421,8986.292,1.087593,0.1886067,Right,Down,0.08622923,-0.6576004,TransSlide
472.2598,20.89164,0,0.3987193,0.2737926,0,0.2057928,8987.128,1.086586,0.1880607,Right,Down,0.08622923,-0.6561966,TransSlide
472.2998,20.89244,0,0.4032969,0.2737926,0,0.1998086,8987.964,1.085229,0.1875153,Right,Down,0.08622923,-0.6547928,TransSlide
472.3398,20.89428,0,0.4097056,0.2737926,0,0.1947794,8988.8,1.08584,0.1869709,Right,Down,0.08622923,-0.6533966,TransSlide
472.3798,20.89649,0,0.4151988,0.2737926,0,0.1905637,8989.636,1.087417,0.1864267,Right,Down,0.08622923,-0.6519852,TransSlide
472.4198,20.89635,0,0.4271007,0.2737926,0,0.1795332,8990.472,1.086331,0.1858831,Right,Down,0.1008706,-0.6505814,TransSlide
472.4598,20.8971,0,0.4353404,0.2737926,0,0.1697405,8991.308,1.085065,0.1853406,Right,Down,0.1083524,-0.6483612,TransSlide
472.4998,20.89968,0,0.4518199,0.2737926,0,0.1610354,8992.144,1.083703,0.1847982,Right,Down,0.1065312,-0.6455765,TransSlide
472.5398,20.89962,0,0.4692149,0.2737926,0,0.1539965,8992.979,1.082088,0.1842564,Right,Down,0.1083524,-0.6427994,TransSlide
472.5798,20.90291,0,0.4866099,0.2737926,0,0.1482602,8993.815,1.08361,0.1837154,Right,Down,0.1065312,-0.6400146,TransSlide
472.6198,20.90277,0,0.505836,0.2737926,0,0.1399847,8994.651,1.084239,0.1831753,Right,Down,0.1083524,-0.6372223,TransSlide
472.6598,20.90239,0,0.5168223,0.2737926,0,0.1288213,8995.487,1.083058,0.1826353,Right,Down,0.1119058,-0.6344376,TransSlide
472.6998,20.90297,0,0.5296397,0.2737926,0,0.118893,8996.323,1.081626,0.1820961,Right,Down,0.1266688,-0.631546,TransSlide
472.7398,20.90382,0,0.5397105,0.2737926,0,0.1106594,8997.159,1.079671,0.1815578,Right,Down,0.1251145,-0.6275406,TransSlide
472.7798,20.90713,0,0.5534434,0.2737926,0,0.1039487,8997.995,1.081136,0.1810198,Right,Down,0.1251145,-0.6235352,TransSlide
472.8198,20.90599,0,0.5818248,0.2737926,0,0.09382164,8998.831,1.081534,0.1804824,Right,Down,0.1251145,-0.6195374,TransSlide
472.8598,20.90489,0,0.6001389,0.2737926,0,0.08199728,8999.667,1.080589,0.1799456,Right,Down,0.1266688,-0.6155167,TransSlide
472.8998,20.90397,0,0.6248581,0.2737926,0,0.07216391,9000.503,1.078833,0.1794098,Right,Down,0.1356209,-0.6115036,TransSlide
472.9398,20.90567,0,0.6468308,0.2737926,0,0.06397751,9001.339,1.077912,0.1788743,Right,Down,0.1426525,-0.6069641,TransSlide
472.9798,20.90709,0,0.6550705,0.2737926,0,0.05656093,9002.175,1.079925,0.1783393,Right,Down,0.1426525,-0.6018219,TransSlide
473.0198,20.90606,0,0.6669724,0.2737926,0,0.04359442,9003.011,1.078976,0.1778051,Right,Down,0.1426525,-0.5966721,TransSlide
473.0598,20.90396,0,0.6788743,0.2737926,0,0.03296372,9003.847,1.077444,0.1772718,Right,Down,0.1440177,-0.5915222,TransSlide
473.0998,20.90562,0,0.6944382,0.2737926,0,0.02407724,9004.683,1.075658,0.1767388,Right,Down,0.1532334,-0.5863647,TransSlide
473.1398,20.90607,0,0.7145798,0.2737926,0,0.01616243,9005.519,1.077973,0.1762064,Right,Down,0.1594904,-0.5806046,TransSlide
473.1798,20.90445,0,0.7365525,0.2737926,0,0.003049463,9006.354,1.076869,0.175675,Right,Down,0.1594904,-0.5743713,TransSlide
473.2198,20.90166,0,0.7777512,0.2737926,0,-0.007501036,9007.19,1.075165,0.1751439,Right,Down,0.1594904,-0.5681381,TransSlide
473.2598,20.90616,0,0.8134568,0.2737926,0,-0.01597258,9008.026,1.074707,0.1746134,Right,Down,0.165511,-0.5618973,TransSlide
473.2998,20.90315,0,0.8619833,0.2737926,0,-0.02596092,9008.862,1.075717,0.1740835,Right,Down,0.1769387,-0.5555191,TransSlide
473.3398,20.90106,0,0.903182,0.2737926,0,-0.03777871,9009.698,1.074772,0.1735547,Right,Down,0.1758294,-0.5482254,TransSlide
473.3798,20.89709,0,0.9269857,0.2737926,0,-0.04678607,9010.534,1.072082,0.1730262,Right,Down,0.1769387,-0.5409317,TransSlide
473.4198,20.89976,0,0.9425497,0.2737926,0,-0.05415034,9011.37,1.074733,0.1724982,Right,Down,0.1813082,-0.5336227,TransSlide
473.4598,20.89711,0,0.9489584,0.2737926,0,-0.06642219,9012.206,1.073541,0.1719712,Right,Down,0.1928145,-0.5261841,TransSlide
473.4998,20.89229,0,0.9507895,0.2737926,0,-0.0755671,9013.042,1.071278,0.1714445,Right,Down,0.1928145,-0.517868,TransSlide
473.5398,20.89584,0,0.9608603,0.2737926,0,-0.08213094,9013.878,1.07341,0.1709185,Right,Down,0.1928145,-0.5095367,TransSlide
473.5798,20.89156,0,0.9681845,0.2737926,0,-0.09431833,9014.714,1.071958,0.1703931,Right,Down,0.2027088,-0.5011978,TransSlide
473.6198,20.88547,0,0.9901571,0.2737926,0,-0.103204,9015.55,1.069748,0.1698688,Right,Down,0.2093567,-0.492363,TransSlide
473.6598,20.88792,0,1.008468,0.2737926,0,-0.1095215,9016.386,1.072106,0.1693446,Right,Down,0.2093567,-0.483017,TransSlide
473.6998,20.88374,0,1.034102,0.2737926,0,-0.120693,9017.222,1.070632,0.1688212,Right,Down,0.2130625,-0.4736557,TransSlide
473.7398,20.87957,0,1.061572,0.2817273,0,-0.12822,9018.058,1.068201,0.1682988,Right,Down,0.2255535,-0.46418,TransSlide
473.7798,20.88135,0,1.072558,0.2856947,0,-0.1347839,9018.894,1.070476,0.1677766,Right,Down,0.2255535,-0.4538116,TransSlide
473.8198,20.8771,0,1.078967,0.2856947,0,-0.1437912,9019.729,1.068655,0.167255,Right,Down,0.2281412,-0.4434509,TransSlide
473.8598,20.8774,0,1.079882,0.2856947,0,-0.1493261,9020.565,1.068622,0.1667342,Right,Down,0.2406627,-0.4330521,TransSlide
473.8998,20.87706,0,1.080798,0.2856947,0,-0.1572199,9021.401,1.068643,0.1662144,Right,Down,0.2414744,-0.4216843,TransSlide
473.9398,20.87318,0,1.086291,0.289662,0,-0.164136,9022.236,1.066345,0.1656948,Right,Down,0.2454926,-0.4103241,TransSlide
473.9798,20.87234,0,1.096362,0.289662,0,-0.1687216,9023.071,1.068455,0.1651758,Right,Down,0.2579304,-0.3988113,TransSlide
474.0198,20.87022,0,1.104602,0.289662,0,-0.1765221,9023.906,1.066086,0.164658,Right,Down,0.2571706,-0.3864365,TransSlide
474.0598,20.87248,0,1.114672,0.2936446,0,-0.1802906,9024.74,1.06738,0.1641404,Right,Down,0.2654082,-0.3740616,TransSlide
474.0998,20.87251,0,1.12749,0.3015793,0,-0.1876712,9025.574,1.065693,0.1636234,Right,Down,0.2733977,-0.3612595,TransSlide
474.1398,20.8746,0,1.143969,0.3055466,0,-0.191876,9026.409,1.065052,0.1631071,Right,Down,0.2741124,-0.3478775,TransSlide
474.1798,20.8743,0,1.151294,0.309514,0,-0.1976177,9027.244,1.065338,0.1625918,Right,Down,0.2880355,-0.3344727,TransSlide
474.2198,20.87907,0,1.16228,0.3134814,0,-0.2020386,9028.079,1.063,0.1620769,Right,Down,0.2900664,-0.3202133,TransSlide
474.2598,20.87645,0,1.167773,0.3134814,0,-0.2064178,9028.915,1.064623,0.1615625,Right,Down,0.2980514,-0.3057785,TransSlide
474.2998,20.88396,0,1.173266,0.3134814,0,-0.2109616,9029.751,1.06192,0.1610489,Right,Down,0.3071049,-0.2909317,TransSlide
474.3398,20.8816,0,1.178759,0.3134814,0,-0.2154585,9030.587,1.06353,0.1605362,Right,Down,0.311533,-0.2754822,TransSlide
474.3798,20.88943,0,1.185168,0.3134814,0,-0.2194335,9031.423,1.061734,0.1600239,Right,Down,0.3232465,-0.2598953,TransSlide
474.4198,20.88441,0,1.197985,0.3134814,0,-0.2245305,9032.259,1.061854,0.1595122,Right,Down,0.3256589,-0.2434082,TransSlide
474.4598,20.89255,0,1.21538,0.3134814,0,-0.2279093,9033.095,1.062256,0.1590015,Right,Down,0.3403488,-0.2269211,TransSlide
474.4998,20.88694,0,1.245593,0.3134814,0,-0.234243,9033.931,1.060197,0.1584911,Right,Down,0.3414966,-0.2094421,TransSlide
474.5398,20.89519,0,1.290457,0.3134814,0,-0.2379554,9034.767,1.061365,0.1579815,Right,Down,0.3560827,-0.191925,TransSlide
474.5798,20.89672,0,1.32067,0.3134814,0,-0.2446978,9035.603,1.061059,0.1574724,Right,Down,0.3593647,-0.1735153,TransSlide
474.6198,20.90057,0,1.35546,0.3134814,0,-0.2506123,9036.438,1.061521,0.1569645,Right,Down,0.373777,-0.1549835,TransSlide
474.6598,20.90189,0,1.371939,0.3134814,0,-0.2568647,9037.274,1.063956,0.1564568,Right,Flat,0.3789758,-0.1354675,TransSlide
474.6998,20.90435,0,1.374686,0.3134814,0,-0.2634456,9038.11,1.061738,0.1559498,Right,Flat,0.3911712,-0.1157837,TransSlide
474.7398,20.90531,0,1.374686,0.3134814,0,-0.2693721,9038.946,1.062739,0.1554439,Right,Flat,0.3990945,-0.09516144,TransSlide
474.7798,20.91156,0,1.374686,0.3134814,0,-0.2760723,9039.782,1.060006,0.1549381,Right,Flat,0.4087828,-0.07416534,TransSlide
474.8198,20.91,0,1.372855,0.3134814,0,-0.2812681,9040.618,1.060266,0.1544332,Right,Flat,0.4205793,-0.05249023,TransSlide
474.8598,20.91626,0,1.371939,0.3134814,0,-0.287386,9041.454,1.058134,0.1539288,Right,Flat,0.4219727,-0.030159,TransSlide
474.8998,20.91374,0,1.362784,0.3134814,0,-0.2912871,9042.29,1.058229,0.1534256,Right,Flat,0.3941611,-0.007415771,TransSlide
474.9398,20.91899,0,1.349967,0.3134814,0,-0.2957514,9043.126,1.056385,0.1529225,Right,Flat,0.3891652,0.01584625,TransSlide
474.9798,20.91661,0,1.337149,0.3134814,0,-0.2979172,9043.962,1.056843,0.1524203,Right,Flat,0.3794918,0.03905487,TransSlide
475.0198,20.92107,0,1.319754,0.3134814,0,-0.3011402,9044.798,1.054963,0.151919,Right,Flat,0.3769049,0.06187439,TransSlide
475.0598,20.91858,0,1.303275,0.3134814,0,-0.3017403,9045.634,1.055949,0.1514181,Right,Flat,0.3732531,0.08456421,TransSlide
475.0998,20.92248,0,1.280383,0.3134814,0,-0.3025338,9046.47,1.053782,0.1509178,Right,Flat,0.3700944,0.1068497,TransSlide
475.1398,20.91966,0,1.262072,0.3134814,0,-0.3014761,9047.306,1.055397,0.1504183,Right,Flat,0.3663747,0.128952,TransSlide
475.1798,20.92311,0,1.237353,0.3134814,0,-0.2996164,9048.143,1.053017,0.1499197,Right,Up,0.3626169,0.1506882,TransSlide
475.2198,20.92119,0,1.202563,0.3134814,0,-0.2969683,9048.979,1.054378,0.1494215,Right,Up,0.3593647,0.1722107,TransSlide
475.2598,20.92282,0,1.167773,0.3134814,0,-0.2922095,9049.814,1.051927,0.1489239,Right,Up,0.3555328,0.1933823,TransSlide
475.2998,20.92344,0,1.120166,0.3134814,0,-0.288281,9050.651,1.053139,0.1484271,Right,Up,0.3516591,0.2142792,TransSlide
475.3398,20.92183,0,1.068896,0.3134814,0,-0.2802926,9051.487,1.05075,0.1479314,Right,Up,0.3477423,0.2348404,TransSlide
475.3798,20.92298,0,1.033187,0.3134814,0,-0.2751126,9052.324,1.051754,0.1474358,Right,Up,0.3443497,0.2551422,TransSlide
475.4198,20.92075,0,0.984664,0.3134814,0,-0.2650243,9053.16,1.050312,0.146941,Right,Up,0.3409232,0.2750778,TransSlide
475.4598,20.92156,0,0.9498739,0.3134814,0,-0.2576635,9053.997,1.050336,0.1464473,Right,Up,0.3363003,0.294754,TransSlide
475.4998,20.92177,0,0.9077597,0.3134814,0,-0.24669,9054.834,1.050913,0.1459539,Right,Up,0.332791,0.3140182,TransSlide
475.5398,20.92312,0,0.868392,0.3134814,0,-0.2360411,9055.672,1.049082,0.1454612,Right,Up,0.3268584,0.3331146,TransSlide
475.5798,20.92511,0,0.8445883,0.3134814,0,-0.2242919,9056.51,1.050192,0.1449691,Right,Up,0.3250574,0.3516617,TransSlide
475.6198,20.92604,0,0.8134568,0.3134814,0,-0.2098279,9057.348,1.047808,0.1444782,Right,Up,0.3183671,0.3701935,TransSlide
475.6598,20.92547,0,0.7951462,0.3134814,0,-0.1979288,9058.186,1.048308,0.1439876,Right,Up,0.3183671,0.3880157,TransSlide
475.6998,20.92482,0,0.7658494,0.3134814,0,-0.1816083,9059.023,1.04807,0.1434976,Right,Up,0.3102743,0.4058228,TransSlide
475.7398,20.92511,0,0.737468,0.3134814,0,-0.1666593,9059.861,1.046842,0.1430087,Right,Up,0.3090104,0.4230347,TransSlide
475.7798,20.92917,0,0.7136643,0.3134814,0,-0.1508928,9060.699,1.047701,0.1425201,Right,Up,0.3032579,0.4400787,TransSlide
475.8198,20.92877,0,0.6779587,0.3134814,0,-0.1314771,9061.537,1.045592,0.1420323,Right,Up,0.2987072,0.4567337,TransSlide
475.8598,20.92839,0,0.6486619,0.3134814,0,-0.1165642,9062.375,1.045847,0.1415451,Right,Up,0.2960753,0.4729767,TransSlide
475.8998,20.92974,0,0.6129563,0.3134814,0,-0.09820464,9063.213,1.047017,0.141059,Right,Up,0.2880355,0.4891281,TransSlide
475.9398,20.9291,0,0.5708385,0.3134814,0,-0.07890171,9064.051,1.044543,0.1405732,Right,Up,0.2873554,0.5045395,TransSlide
475.9798,20.93186,0,0.5360484,0.3134814,0,-0.0616692,9064.889,1.044799,0.1400882,Right,Up,0.2797648,0.5199203,TransSlide
476.0198,20.93372,0,0.4921031,0.3134814,0,-0.04102576,9065.727,1.045186,0.1396042,Right,Up,0.2762456,0.5348129,TransSlide
476.0598,20.933,0,0.4518199,0.3134814,0,-0.02126101,9066.564,1.043295,0.1391205,Right,Up,0.2748253,0.5493164,TransSlide
476.0998,20.93554,0,0.3987193,0.3134814,0,-0.003085494,9067.402,1.043363,0.1386375,Right,Up,0.2646699,0.563797,TransSlide
476.1398,20.93697,0,0.3392065,0.3134814,0,0.01817939,9068.24,1.043695,0.1381553,Right,Up,0.2639296,0.5774307,TransSlide
476.1798,20.93643,0,0.2961767,0.3134814,0,0.03827655,9069.078,1.041835,0.1376741,Right,Up,0.2594432,0.5909729,TransSlide
476.2198,20.9387,0,0.2384984,0.3134814,0,0.05626687,9069.916,1.041662,0.1371932,Right,Up,0.2517883,0.6043015,TransSlide
476.2598,20.94209,0,0.2018774,0.3134814,0,0.07675999,9070.754,1.042717,0.1367131,Right,Up,0.25101,0.6168823,TransSlide
476.2998,20.94041,0,0.1597631,0.3134814,0,0.09789276,9071.592,1.040317,0.1362337,Right,Up,0.2454926,0.6294479,TransSlide
476.3398,20.94259,0,0.1277196,0.3134814,0,0.1143923,9072.43,1.040174,0.1357554,Right,Up,0.2373883,0.6416473,TransSlide
476.3798,20.94714,0,0.1057434,0.3134814,0,0.1330997,9073.268,1.040776,0.1352773,Right,Up,0.2373883,0.6531677,TransSlide
476.4198,20.94436,0,0.08102417,0.3134814,0,0.1541205,9074.105,1.039691,0.1348,Right,Up,0.2315465,0.6646729,TransSlide
476.4598,20.94686,0,0.06362915,0.3134814,0,0.1713867,9074.943,1.038614,0.1343238,Right,Up,0.2220564,0.6758423,TransSlide
476.4998,20.94931,0,0.03250122,0.3134814,0,0.1873508,9075.781,1.038324,0.133848,Right,Up,0.2229358,0.6862335,TransSlide
476.5398,20.95254,0,-0.009613037,0.3134814,0,0.204992,9076.619,1.039563,0.1333728,Right,Up,0.2193969,0.6966095,TransSlide
476.5798,20.95095,0,-0.04074097,0.3134814,0,0.224231,9077.457,1.037552,0.1328984,Right,Up,0.2065338,0.7069778,TransSlide
476.6198,20.95309,0,-0.08194149,0.3134814,0,0.2379166,9078.295,1.036857,0.132425,Right,Up,0.2065338,0.7161179,TransSlide
476.6598,20.95582,0,-0.1066607,0.3134814,0,0.2508103,9079.133,1.036704,0.131952,Right,Up,0.2055842,0.7252502,TransSlide
476.6998,20.95764,0,-0.1368731,0.3134814,0,0.2646113,9079.971,1.037529,0.1314797,Right,Up,0.1968319,0.734375,TransSlide
476.7398,20.95707,0,-0.1597613,0.3134814,0,0.2793933,9080.809,1.036583,0.1310085,Right,Up,0.1866263,0.742981,TransSlide
476.7798,20.95849,0,-0.1725787,0.3134814,0,0.2919035,9081.646,1.034881,0.1305376,Right,Up,0.1866263,0.7507401,TransSlide
476.8198,20.96069,0,-0.190891,0.3134814,0,0.2995347,9082.484,1.034701,0.1300675,Right,Up,0.1876719,0.7584991,TransSlide
476.8598,20.9627,0,-0.2073705,0.3134814,0,0.3077893,9083.322,1.034808,0.1295981,Right,Up,0.1758294,0.7662506,TransSlide
476.8998,20.96342,0,-0.2320898,0.3134814,0,0.3165022,9084.16,1.035303,0.1291298,Right,Up,0.166689,0.7733307,TransSlide
476.9398,20.96421,0,-0.2623022,0.3134814,0,0.3258606,9084.998,1.03455,0.1286618,Right,Up,0.166689,0.7795334,TransSlide
476.9798,20.96456,0,-0.2815282,0.3134814,0,0.3346343,9085.836,1.032645,0.1281946,Right,Up,0.165511,0.7857285,TransSlide
477.0198,20.96641,0,-0.3044182,0.3134814,0,0.3350221,9086.674,1.0324,0.1277284,Right,Up,0.1631294,0.7919159,TransSlide
477.0598,20.96804,0,-0.3163201,0.3134814,0,0.3357117,9087.512,1.032386,0.1272626,Right,Up,0.1426525,0.7981033,TransSlide
477.0998,20.96795,0,-0.3208977,0.3134814,0,0.3363127,9088.35,1.032405,0.1267976,Right,Up,0.1412742,0.8026123,TransSlide
477.1398,20.96951,0,-0.3208977,0.3134814,0,0.3368907,9089.188,1.032305,0.1263332,Right,Up,0.1398823,0.8069458,TransSlide
477.1798,20.97071,0,-0.3208977,0.3134814,0,0.3372231,9090.025,1.032322,0.1258699,Right,Up,0.1412742,0.8112717,TransSlide
477.2198,20.97085,0,-0.3208977,0.3134814,0,0.3373591,9090.863,1.030907,0.125407,Right,Up,0.1398823,0.8155975,TransSlide
477.2598,20.97084,0,-0.3208977,0.3134814,0,0.3370344,9091.701,1.029161,0.1249449,Right,Up,0.1219466,0.8199234,TransSlide
477.2998,20.97235,0,-0.3154045,0.3134814,0,0.3263747,9092.541,1.029197,0.1244838,Right,Up,0.1065312,0.8230438,TransSlide
477.3398,20.97332,0,-0.2796972,0.3134814,0,0.3153093,9093.381,1.029336,0.1240231,Right,Up,0.1065312,0.824913,TransSlide
477.3798,20.97293,0,-0.2320898,0.3134814,0,0.3039173,9094.221,1.029421,0.1235632,Right,Up,0.1065312,0.8267899,TransSlide
477.4198,20.97396,0,-0.1542681,0.3134814,0,0.292232,9095.061,1.029312,0.123104,Right,Up,0.1083524,0.8286591,TransSlide
477.4598,20.97489,0,-0.0993365,0.3134814,0,0.2799253,9095.9,1.029006,0.1226459,Right,Up,0.1065312,0.8305359,TransSlide
477.4998,20.97577,0,-0.02334595,0.3134814,0,0.2672292,9096.74,1.028527,0.1221881,Right,Up,0.1065312,0.8324051,TransSlide
477.5398,20.97668,0,0.04440308,0.3134814,0,0.2540531,9097.58,1.027972,0.1217311,Right,Up,0.06852804,0.8342667,TransSlide
477.5798,20.97756,0,0.08010864,0.3134814,0,0.2403423,9098.42,1.027498,0.1212748,Straight,Up,0,0.8344269,TransSlide
477.6198,20.97845,0,0.1295507,0.3134814,0,0.2259307,9099.26,1.026917,0.1208197,Straight,Up,0,0.8286743,TransSlide
477.6598,20.97936,0,0.1606786,0.3134814,0,0.2111533,9100.1,1.026448,0.1203649,Straight,Up,0,0.8229218,TransSlide
477.6998,20.98029,0,0.1936376,0.3134814,0,0.1960145,9100.939,1.025909,0.1199108,Straight,Up,0,0.8171768,TransSlide
477.7398,20.98124,0,0.2073705,0.3134814,0,0.1803817,9101.779,1.025419,0.1194579,Straight,Up,0,0.8114243,TransSlide
477.7798,20.98221,0,0.208286,0.3134814,0,0.1644017,9102.619,1.025052,0.1190053,Straight,Up,0,0.8056717,TransSlide
477.8198,20.9832,0,0.208286,0.3134814,0,0.1481347,9103.459,1.024589,0.1185534,Straight,Up,0.01978234,0.7999115,TransSlide
477.8598,20.98419,0,0.208286,0.3134814,0,0.1315612,9104.299,1.024189,0.1181023,Straight,Up,0,0.7941666,TransSlide
477.8998,20.98519,0,0.206455,0.3134814,0,0.1149009,9105.139,1.023734,0.1176524,Straight,Up,0,0.7884064,TransSlide
477.9398,20.98616,0,0.1844823,0.3134814,0,0.09803921,9105.979,1.023358,0.1172028,Straight,Up,0,0.7826538,TransSlide
477.9798,20.98722,0,0.1652563,0.3134814,0,0.08108875,9106.818,1.023013,0.1167539,Straight,Up,0,0.7768936,TransSlide
478.0198,20.98817,0,0.1277196,0.3134814,0,0.06394961,9107.658,1.02276,0.1163061,Straight,Up,0,0.7711411,TransSlide
478.0598,20.98901,0,0.09292603,0.3134814,0,0.04675856,9108.498,1.022352,0.1158588,Straight,Up,0.01978234,0.7653809,TransSlide
478.0998,20.98993,0,0.04623413,0.3134814,0,0.02937728,9109.338,1.021654,0.1154122,Straight,Up,0,0.7596207,TransSlide
478.1398,20.99099,0,0.009613037,0.3134814,0,0.01190612,9110.178,1.021099,0.1149663,Straight,Up,0,0.7538681,TransSlide
478.1798,20.99166,0,-0.0151062,0.3134814,0,-0.005553424,9111.018,1.020694,0.1145215,Straight,Up,0,0.7481079,TransSlide
478.2198,20.99239,0,-0.03890991,0.3134814,0,-0.02313229,9111.857,1.020256,0.1140773,Straight,Up,0,0.7423477,TransSlide
478.2598,20.99314,0,-0.05722046,0.3134814,0,-0.04081422,9112.697,1.019929,0.1136336,Straight,Up,0,0.7365875,TransSlide
478.2998,20.99387,0,-0.07095516,0.3134814,0,-0.05825749,9113.537,1.019614,0.1131911,Straight,Up,0,0.7308273,TransSlide
478.3398,20.99332,0,-0.0956744,0.3134814,0,-0.0755946,9114.377,1.018474,0.1127491,Straight,Up,0,0.7250748,TransSlide
478.3798,20.99609,0,-0.1231402,0.3134814,0,-0.08677933,9115.217,1.019206,0.1123077,Straight,Up,0,0.7193146,TransSlide
478.4198,20.99828,0,-0.1652545,0.3134814,0,-0.0963318,9116.057,1.020281,0.1118671,Straight,Up,0,0.7135696,TransSlide
478.4598,20.99956,0,-0.1972997,0.3134814,0,-0.1060338,9116.896,1.020907,0.1114276,Straight,Up,0,0.7078171,TransSlide
478.4998,21.00186,0,-0.2375829,0.3134814,0,-0.1160303,9117.736,1.021048,0.1109886,Straight,Up,0,0.7020569,TransSlide
478.5398,21.00416,0,-0.2677953,0.3134814,0,-0.1262375,9118.576,1.020451,0.1105503,Straight,Up,0,0.6962967,TransSlide
478.5798,21.00453,0,-0.2815282,0.3134814,0,-0.1365455,9119.416,1.017635,0.1101127,Straight,Up,0,0.6905289,TransSlide
478.6198,21.00843,0,-0.291599,0.3134814,0,-0.1403419,9120.256,1.017186,0.1096762,Straight,Up,0,0.684761,TransSlide
478.6598,21.01204,0,-0.2980095,0.3134814,0,-0.1429827,9121.096,1.017605,0.1092403,Straight,Up,-0.02797646,0.6790085,TransSlide
478.6998,21.01416,0,-0.3025872,0.3134814,0,-0.1458372,9121.936,1.018484,0.108805,Left,Up,-0.1101434,0.6717072,TransSlide
478.7398,21.01452,0,-0.3108269,0.3134814,0,-0.1489239,9122.775,1.017455,0.1083708,Left,Up,-0.1101434,0.657402,TransSlide
478.7798,21.01789,0,-0.3218132,0.3134814,0,-0.1492993,9123.615,1.015409,0.107937,Left,Up,-0.1101434,0.6430893,TransSlide
478.8198,21.02236,0,-0.3346306,0.3134814,0,-0.1449241,9124.456,1.015575,0.1075042,Left,Up,-0.1101434,0.6287842,TransSlide
478.8598,21.02742,0,-0.3447014,0.3134814,0,-0.1414767,9125.298,1.016882,0.1070719,Left,Up,-0.1101434,0.6144714,TransSlide
478.8998,21.02547,0,-0.3456169,0.3134814,0,-0.1384199,9126.14,1.014653,0.1066407,Left,Up,-0.1186941,0.6001511,TransSlide
478.9398,21.03073,0,-0.3456169,0.3134814,0,-0.1293792,9126.981,1.014283,0.10621,Left,Up,-0.1519511,0.5857239,TransSlide
478.9798,21.0371,0,-0.3456169,0.3134814,0,-0.1195063,9127.823,1.015042,0.1057803,Left,Up,-0.1519511,0.5682297,TransSlide
479.0198,21.03679,0,-0.3465325,0.3134814,0,-0.1105424,9128.665,1.014104,0.1053514,Left,Up,-0.1519511,0.5507202,TransSlide
479.0598,21.04141,0,-0.3575188,0.3134814,0,-0.09636202,9129.507,1.013176,0.104923,Left,Up,-0.1519511,0.5332108,TransSlide
479.0998,21.04821,0,-0.3675896,0.3134814,0,-0.08034721,9130.349,1.014144,0.1044954,Left,Up,-0.1701742,0.515686,TransSlide
479.1398,21.04951,0,-0.3813225,0.3134814,0,-0.06545943,9131.19,1.012174,0.1040686,Left,Up,-0.1866263,0.4970398,TransSlide
479.1798,21.05388,0,-0.3923088,0.3134814,0,-0.0439772,9132.032,1.012458,0.1036429,Left,Up,-0.1866263,0.4768524,TransSlide
479.2198,21.05853,0,-0.4097039,0.3134814,0,-0.02257246,9132.874,1.013375,0.1032175,Left,Up,-0.1866263,0.4566498,TransSlide
479.2598,21.06182,0,-0.422523,0.3134814,0,0.0008050799,9133.716,1.010976,0.102793,Left,Up,-0.2093567,0.4364548,TransSlide
479.2998,21.06988,0,-0.439918,0.3134814,0,0.02838546,9134.559,1.01271,0.1023697,Left,Up,-0.2167048,0.4145813,TransSlide
479.3398,21.07328,0,-0.4701304,0.2936446,0,0.0557915,9135.401,1.009746,0.1019467,Left,Up,-0.2167048,0.3920135,TransSlide
479.3798,21.07464,0,-0.5003428,0.2936446,0,0.08937743,9136.245,1.01173,0.1015245,Left,Up,-0.23239,0.3694229,TransSlide
479.4198,21.07329,0,-0.5488676,0.289662,0,0.1214652,9137.089,1.009672,0.1011031,Left,Up,-0.2446942,0.345787,TransSlide
479.4598,21.07215,0,-0.6001371,0.289662,0,0.1604038,9137.933,1.009371,0.1006828,Left,Up,-0.2454926,0.3209839,TransSlide
479.4998,21.07203,0,-0.6303495,0.289662,0,0.1979857,9138.776,1.006827,0.100263,Left,Up,-0.261696,0.2961731,TransSlide
479.5398,21.07421,0,-0.6504929,0.289662,0,0.235678,9139.62,1.008843,0.09984387,Left,Up,-0.2719625,0.270256,TransSlide
479.5798,21.07615,0,-0.6550705,0.289662,0,0.2719032,9140.464,1.010315,0.09942568,Left,Up,-0.2755364,0.2434082,TransSlide
479.6198,21.07522,0,-0.6550705,0.289662,0,0.3065243,9141.308,1.011157,0.09900845,Left,Up,-0.2960753,0.2165375,TransSlide
479.6598,21.07805,0,-0.6550705,0.2856947,0,0.3395279,9142.151,1.010755,0.09859169,Left,Up,-0.2967354,0.1877823,TransSlide
479.6998,21.07997,0,-0.6550705,0.2856947,0,0.3708978,9142.995,1.00979,0.09817571,Left,Up,-0.3127867,0.1589279,TransSlide
479.7398,21.08141,0,-0.6550705,0.2856947,0,0.4004529,9143.839,1.008685,0.09776095,Left,Flat,-0.3202056,0.1289215,TransSlide
479.7798,21.08198,0,-0.6550705,0.2856947,0,0.4276648,9144.683,1.008159,0.09734655,Left,Flat,-0.332791,0.09819031,TransSlide
479.8198,21.08232,0,-0.6550705,0.2856947,0,0.4527734,9145.526,1.005553,0.09693296,Left,Flat,-0.3426407,0.06668091,TransSlide
479.8598,21.08204,0,-0.6550705,0.2856947,0,0.4758236,9146.37,1.003552,0.0965201,Left,Flat,-0.1557664,0.03413391,TransSlide
479.8998,21.07901,0,-0.6550705,0.2856947,0,0.4967479,9147.214,0.9997599,0.0961085,Right,Flat,0.06852804,-0.003364563,TransSlide
479.9398,21.08432,0,-0.6550705,0.2856947,0,0.5119069,9148.058,1.002948,0.09569723,Right,Flat,0.06852804,-0.04847717,TransSlide
479.9798,21.08722,0,-0.6477463,0.2856947,0,0.524534,9148.901,1.006054,0.09528676,Right,Flat,0.07132626,-0.09357452,TransSlide
480.0198,21.08671,0,-0.6248564,0.2856947,0,0.5348629,9149.745,1.008431,0.09487752,Right,Flat,0.06852804,-0.1387177,TransSlide
480.0598,21.09001,0,-0.5781645,0.2856947,0,0.543214,9150.589,1.008754,0.09446863,Right,Down,0.06852804,-0.1839676,TransSlide
480.0998,21.095,0,-0.5250621,0.2856947,0,0.5495539,9151.433,1.007944,0.09406052,Right,Down,0.07132626,-0.2292862,TransSlide
480.1398,21.09944,0,-0.4417491,0.2856947,0,0.5536687,9152.276,1.006506,0.09365321,Right,Down,0.06852804,-0.2746506,TransSlide
480.1798,21.10367,0,-0.3868157,0.2856947,0,0.555743,9153.12,1.004925,0.09324712,Right,Down,0.07132626,-0.3200607,TransSlide
480.2198,21.10779,0,-0.314489,0.2856947,0,0.555774,9153.964,1.003519,0.09284139,Right,Down,0.06852804,-0.3654861,TransSlide
480.2598,21.11188,0,-0.239414,0.2856947,0,0.5535924,9154.808,1.002238,0.09243647,Right,Down,0.05233916,-0.4109497,TransSlide
480.2998,21.11601,0,-0.1899755,0.2856947,0,0.5491893,9155.651,1.001126,0.09203262,Straight,Down,0,-0.4530258,TransSlide
480.3398,21.12021,0,-0.1057452,0.2856947,0,0.5425758,9156.496,1.000229,0.09162942,Straight,Down,0,-0.4654083,TransSlide
480.3798,21.12455,0,-0.0453186,0.2856947,0,0.5338548,9157.342,0.9995286,0.09122688,Straight,Down,0,-0.4777985,TransSlide
480.4198,21.129,0,0.05172729,0.2856947,0,0.5232303,9158.188,0.9989277,0.09082515,Straight,Down,0,-0.4901962,TransSlide
480.4598,21.13357,0,0.1240575,0.2856947,0,0.5110669,9159.033,0.9984216,0.0904246,Straight,Down,0,-0.502594,TransSlide
480.4998,21.13829,0,0.1698339,0.2856947,0,0.4973871,9159.879,0.9980296,0.09002445,Straight,Down,-0.01978234,-0.515007,TransSlide
480.5398,21.14311,0,0.2018774,0.2856947,0,0.4823029,9160.725,0.9977152,0.0896251,Straight,Down,0,-0.5274277,TransSlide
480.5798,21.148,0,0.2073705,0.2856947,0,0.4657077,9161.57,0.9974335,0.08922655,Straight,Down,-0.01978234,-0.5398483,TransSlide
480.6198,21.15299,0,0.2073705,0.2856947,0,0.4480859,9162.416,0.9970855,0.08882923,Straight,Down,-0.01978234,-0.5522766,TransSlide
480.6598,21.15802,0,0.2073705,0.2856947,0,0.4290909,9163.262,0.9967265,0.08843229,Straight,Down,-0.01978234,-0.5647125,TransSlide
480.6998,21.16305,0,0.2073705,0.2856947,0,0.4090368,9164.107,0.9964811,0.08803613,Straight,Down,0,-0.5771484,TransSlide
480.7398,21.16814,0,0.208286,0.2856947,0,0.3879947,9164.954,0.9961098,0.08764107,Straight,Down,-0.01978234,-0.589592,TransSlide
480.7798,21.1732,0,0.208286,0.2856947,0,0.3661304,9165.802,0.9958912,0.08724666,Straight,Down,0,-0.6020355,TransSlide
480.8198,21.17826,0,0.2119482,0.2856947,0,0.343587,9166.649,0.9955812,0.08685295,Straight,Down,0,-0.6144943,TransSlide
480.8598,21.18331,0,0.2119482,0.2856947,0,0.3203916,9167.497,0.9951941,0.08646003,Straight,Down,0,-0.6269455,TransSlide
480.8998,21.18836,0,0.2119482,0.2817273,0,0.2967843,9168.345,0.994925,0.08606816,Straight,Down,0,-0.6394119,TransSlide
480.9398,21.19287,0,0.2119482,0.2817273,0,0.2729945,9169.192,0.9946883,0.08567701,Straight,Down,-0.01978234,-0.6518784,TransSlide
480.9798,21.197,0,0.2119482,0.2817273,0,0.248786,9170.04,0.9943362,0.08528651,Straight,Down,0,-0.6643448,TransSlide
481.0198,21.20118,0,0.2119482,0.2817273,0,0.2245824,9170.888,0.9941308,0.08489708,Straight,Down,0,-0.6768112,TransSlide
481.0598,21.20508,0,0.2119482,0.2817273,0,0.200043,9171.735,0.994119,0.08450819,Straight,Down,-0.01978234,-0.6892929,TransSlide
481.0998,21.20899,0,0.2119482,0.2817273,0,0.175306,9172.583,0.9939227,0.08412025,Straight,Down,0,-0.701767,TransSlide
481.1398,21.21295,0,0.2009618,0.2817273,0,0.1506596,9173.431,0.9932508,0.083733,Straight,Down,0,-0.714241,TransSlide
481.1798,21.21684,0,0.1945531,0.2817273,0,0.1260159,9174.279,0.9927792,0.08334679,Straight,Down,0,-0.7267303,TransSlide
481.2198,21.22066,0,0.1881444,0.2817273,0,0.1012467,9175.129,0.9923683,0.08296118,Straight,Down,0,-0.7392044,TransSlide
481.2598,21.22448,0,0.1826513,0.2817273,0,0.0768092,9175.979,0.9919575,0.08257646,Straight,Down,0,-0.7516937,TransSlide
481.2998,21.22811,0,0.1771581,0.2817273,0,0.05267772,9176.828,0.9916743,0.08219273,Straight,Down,-0.01978234,-0.7641754,TransSlide
481.3398,21.23175,0,0.1652563,0.2817273,0,0.02871516,9177.678,0.9913457,0.08180953,Straight,Down,0,-0.7766647,TransSlide
481.3798,21.23549,0,0.1533544,0.2817273,0,0.005095869,9178.527,0.9910704,0.08142716,Straight,Down,-0.01978234,-0.7891541,TransSlide
481.4198,21.23905,0,0.1350439,0.2817273,0,-0.01802674,9179.377,0.9907479,0.08104572,Straight,Down,0,-0.801651,TransSlide
481.4598,21.24261,0,0.1121521,0.2817273,0,-0.04096028,9180.227,0.99044,0.08066524,Straight,Down,0,-0.8141403,TransSlide
481.4998,21.24614,0,0.09384155,0.2817273,0,-0.063494,9181.076,0.9902126,0.08028529,Straight,Down,0,-0.8266373,TransSlide
481.5398,21.24948,0,0.06546021,0.2817273,0,-0.08565733,9181.926,0.9897045,0.0799062,Straight,Down,0,-0.8391266,TransSlide
481.5798,21.25303,0,0.04623413,0.2817273,0,-0.1056263,9182.775,0.9890211,0.07952828,Straight,Down,0,-0.8516083,TransSlide
481.6198,21.25841,0,0.01602173,0.2817273,0,-0.1196016,9183.625,0.9905064,0.0791508,Straight,Down,-0.01978234,-0.8640976,TransSlide
481.6598,21.26325,0,-0.01602173,0.2817273,0,-0.1332031,9184.475,0.9914802,0.07877416,Straight,Down,0,-0.8765793,TransSlide
481.6998,21.26682,0,-0.03890991,0.2817273,0,-0.1465288,9185.326,0.9918297,0.07839847,Straight,Down,0,-0.8890686,TransSlide
481.7398,21.27266,0,-0.06454647,0.2817273,0,-0.159474,9186.178,0.9915452,0.07802371,Straight,Down,0,-0.9015656,TransSlide
481.7798,21.27826,0,-0.0892657,0.2817273,0,-0.1721964,9187.029,0.9907732,0.07764954,Straight,Down,-0.01978234,-0.9140778,TransSlide
481.8198,21.28371,0,-0.1057452,0.2817273,0,-0.1844652,9187.881,0.9899412,0.07727618,Straight,Down,0,-0.9265823,TransSlide
481.8598,21.28909,0,-0.1295489,0.2817273,0,-0.1964759,9188.732,0.989122,0.07690377,Straight,Down,-0.01978234,-0.9390945,TransSlide
481.8998,21.2944,0,-0.1423663,0.2817273,0,-0.2083204,9189.584,0.9882489,0.07653231,Straight,Down,0,-0.9516068,TransSlide
481.9398,21.29966,0,-0.1551837,0.2817273,0,-0.2200255,9190.436,0.9875632,0.07616142,Straight,Down,0,-0.964119,TransSlide
481.9798,21.30487,0,-0.1615924,0.2817273,0,-0.2317565,9191.287,0.9869305,0.07579137,Straight,Down,-0.02797646,-0.9766083,TransSlide
482.0198,21.31009,0,-0.1652545,0.2817273,0,-0.2431868,9192.139,0.9863423,0.0754225,Straight,Down,-0.02797646,-0.9784012,TransSlide
482.0598,21.31528,0,-0.1652545,0.2817273,0,-0.2546544,9192.991,0.9858768,0.07505412,Straight,Down,-0.02797646,-0.9801941,TransSlide
482.0998,21.32043,0,-0.1652545,0.2817273,0,-0.2660386,9193.845,0.9854643,0.07468653,Straight,Down,-0.02797646,-0.981987,TransSlide
482.1398,21.32556,0,-0.1652545,0.2817273,0,-0.2774097,9194.698,0.9850724,0.07431979,Straight,Down,-0.03426402,-0.9837799,TransSlide
482.1798,21.33072,0,-0.1652545,0.2817273,0,-0.2889602,9195.552,0.9850294,0.07395423,Straight,Down,-0.02797646,-0.9855652,TransSlide
482.2198,21.33555,0,-0.1652545,0.2817273,0,-0.3006873,9196.405,0.9845605,0.07358915,Straight,Down,-0.02797646,-0.9873581,TransSlide
482.2598,21.34057,0,-0.1652545,0.2817273,0,-0.3125419,9197.259,0.9835405,0.07322491,Straight,Down,-0.03426402,-0.989151,TransSlide
482.2998,21.34546,0,-0.1652545,0.2817273,0,-0.3245987,9198.112,0.9827762,0.07286186,Straight,Down,-0.02797646,-0.9909439,TransSlide
482.3398,21.3499,0,-0.1652545,0.2817273,0,-0.3369705,9198.966,0.9822921,0.07249928,Straight,Down,-0.02797646,-0.9927368,TransSlide
482.3798,21.35443,0,-0.1652545,0.2817273,0,-0.3497292,9199.819,0.9820235,0.07213751,Straight,Down,-0.03426402,-0.9945297,TransSlide
482.4198,21.35885,0,-0.1652545,0.2817273,0,-0.3620016,9200.673,0.9813005,0.07177661,Straight,Down,-0.02797646,-0.9963226,TransSlide
482.4598,21.36397,0,-0.1524371,0.27776,0,-0.3665932,9201.527,0.9819104,0.07141689,Straight,Down,-0.02797646,-0.9981155,TransSlide
482.4998,21.36798,0,-0.1368731,0.27776,0,-0.3715295,9202.383,0.9822199,0.07105763,Straight,Down,-0.02797646,-0.9999084,TransSlide
482.5398,21.37151,0,-0.1176471,0.27776,0,-0.3767751,9203.238,0.982333,0.07069922,Straight,Down,-0.03426402,-1.001701,TransSlide
482.5798,21.37598,0,-0.1011676,0.27776,0,-0.3825974,9204.094,0.9820722,0.07034201,Straight,Down,-0.03426402,-1.003494,TransSlide
482.6198,21.38029,0,-0.0892657,0.27776,0,-0.3884896,9204.949,0.9817588,0.06998528,Straight,Down,-0.02797646,-1.005287,TransSlide
482.6598,21.38458,0,-0.07736385,0.27776,0,-0.394772,9205.805,0.9813029,0.06962938,Straight,Down,-0.02797646,-1.00708,TransSlide
482.6998,21.38884,0,-0.07736385,0.2737926,0,-0.4015015,9206.66,0.9808721,0.06927431,Straight,Down,-0.02797646,-1.008881,TransSlide
482.7398,21.39257,0,-0.07736385,0.2737926,0,-0.4086924,9207.516,0.9803756,0.06892047,Straight,Down,-0.02797646,-1.010674,TransSlide
482.7798,21.39588,0,-0.07736385,0.2737926,0,-0.4165167,9208.371,0.9799295,0.06856707,Straight,Down,-0.02797646,-1.012466,TransSlide
482.8198,21.39919,0,-0.07736385,0.2737926,0,-0.4248143,9209.227,0.9795194,0.06821454,Straight,Down,-0.03956468,-1.014259,TransSlide
482.8598,21.40269,0,-0.07736385,0.2737926,0,-0.4336843,9210.082,0.9792113,0.06786285,Straight,Down,-0.03956468,-1.014343,TransSlide
482.8998,21.40564,0,-0.07736385,0.2737926,0,-0.4430225,9210.938,0.9793537,0.06751237,Straight,Down,-0.03956468,-1.013382,TransSlide
482.9398,21.40871,0,-0.07736385,0.2737926,0,-0.4528832,9211.793,0.9781119,0.06716234,Straight,Down,-0.03956468,-1.012428,TransSlide
482.9798,21.41149,0,-0.07736385,0.2737926,0,-0.4630616,9212.649,0.9770717,0.06681318,Straight,Down,-0.03956468,-1.011467,TransSlide
483.0198,21.41428,0,-0.07736385,0.2737926,0,-0.4739226,9213.507,0.9763343,0.06646512,Straight,Down,-0.03956468,-1.010513,TransSlide
483.0598,21.41667,0,-0.07736385,0.2737926,0,-0.484478,9214.364,0.9756762,0.06611774,Straight,Down,-0.03956468,-1.009544,TransSlide
483.0998,21.42005,0,-0.07736385,0.2737926,0,-0.4875015,9215.222,0.9760722,0.06577111,Straight,Down,-0.03956468,-1.008583,TransSlide
483.1398,21.42294,0,-0.07736385,0.2737926,0,-0.4909281,9216.079,0.9763431,0.06542534,Straight,Down,-0.03956468,-1.007629,TransSlide
483.1798,21.42539,0,-0.07736385,0.2737926,0,-0.4947613,9216.937,0.9766259,0.06508065,Straight,Down,-0.03956468,-1.00666,TransSlide
483.2198,21.4287,0,-0.07736385,0.2737926,0,-0.499075,9217.794,0.9765809,0.06473667,Straight,Down,-0.03956468,-1.005699,TransSlide
483.2598,21.43186,0,-0.07736385,0.2737926,0,-0.5039411,9218.651,0.9763684,0.06439344,Straight,Down,-0.03956468,-1.004738,TransSlide
483.2998,21.43504,0,-0.07736385,0.2737926,0,-0.5092266,9219.509,0.9759828,0.06405128,Straight,Down,-0.03956468,-1.003777,TransSlide
483.3398,21.43816,0,-0.07736385,0.2737926,0,-0.5147275,9220.366,0.9756777,0.06370974,Straight,Down,-0.03956468,-1.002815,TransSlide
483.3798,21.44129,0,-0.07736385,0.2737926,0,-0.5208474,9221.224,0.9752618,0.06336916,Straight,Down,-0.03956468,-1.001839,TransSlide
483.4198,21.44466,0,-0.07736385,0.2737926,0,-0.5274653,9222.081,0.9750737,0.06302933,Straight,Down,-0.03956468,-1.000877,TransSlide
483.4598,21.44714,0,-0.08194149,0.2737926,0,-0.5346872,9222.938,0.9749613,0.06269059,Straight,Down,-0.04845664,-0.9999084,TransSlide
483.4998,21.44997,0,-0.08194149,0.2737926,0,-0.5422361,9223.796,0.9735034,0.06235246,Straight,Down,-0.04845664,-0.9981308,TransSlide
483.5398,21.45228,0,-0.08743465,0.2737926,0,-0.5502611,9224.653,0.9724139,0.0620153,Left,Down,-0.05233916,-0.9952927,TransSlide
483.5798,21.45464,0,-0.09018123,0.2737926,0,-0.5576068,9225.511,0.9715776,0.0616791,Straight,Down,-0.04845664,-0.9924469,TransSlide
483.6198,21.45791,0,-0.0956744,0.2737926,0,-0.557989,9226.368,0.9718567,0.06134353,Left,Down,-0.05233916,-0.9896011,TransSlide
483.6598,21.46038,0,-0.1066607,0.2737926,0,-0.5585454,9227.227,0.9721664,0.06100882,Left,Down,-0.05233916,-0.9867554,TransSlide
483.6998,21.46245,0,-0.1139849,0.2737926,0,-0.5596842,9228.086,0.9724478,0.06067506,Straight,Down,-0.04845664,-0.9839096,TransSlide
483.7398,21.46538,0,-0.1231402,0.2737926,0,-0.5613604,9228.945,0.9724206,0.06034229,Straight,Down,-0.04845664,-0.9810638,TransSlide
483.7798,21.46821,0,-0.1286334,0.2737926,0,-0.5634337,9229.805,0.9722184,0.06001014,Left,Down,-0.05233916,-0.9782181,TransSlide
483.8198,21.47104,0,-0.1295489,0.2737926,0,-0.5659243,9230.664,0.9718825,0.05967898,Left,Down,-0.05233916,-0.9753647,TransSlide
483.8598,21.4738,0,-0.13138,0.2737926,0,-0.5688577,9231.523,0.9715397,0.05934856,Left,Down,-0.05233916,-0.9725113,TransSlide
483.8998,21.47658,0,-0.1377887,0.2737926,0,-0.5724659,9232.383,0.9718923,0.05901922,Left,Down,-0.05233916,-0.9696579,TransSlide
483.9398,21.4791,0,-0.1469439,0.2737926,0,-0.5765139,9233.242,0.970605,0.05869053,Straight,Down,-0.04845664,-0.9668045,TransSlide
483.9798,21.48073,0,-0.1533526,0.2737926,0,-0.5809059,9234.102,0.9691867,0.05836279,Left,Down,-0.05595291,-0.9639511,TransSlide
484.0198,21.48305,0,-0.1606768,0.2737926,0,-0.5838003,9234.961,0.9680957,0.05803601,Left,Down,-0.06255726,-0.9605103,TransSlide
484.0598,21.48565,0,-0.1716632,0.2737926,0,-0.5808948,9235.82,0.968419,0.05770988,Left,Down,-0.05934703,-0.9560623,TransSlide
484.0998,21.48787,0,-0.1835668,0.2737926,0,-0.5783304,9236.68,0.9687651,0.05738461,Left,Down,-0.05934703,-0.9515991,TransSlide
484.1398,21.48948,0,-0.2018774,0.2737926,0,-0.5763791,9237.539,0.9690329,0.05706034,Left,Down,-0.06255726,-0.9471359,TransSlide
484.1798,21.49197,0,-0.2183568,0.2737926,0,-0.5751553,9238.398,0.9689975,0.05673704,Left,Down,-0.06255726,-0.9426804,TransSlide
484.2198,21.49445,0,-0.2256811,0.2737926,0,-0.5743248,9239.258,0.9689154,0.05641437,Left,Down,-0.05934703,-0.9382095,TransSlide
484.2598,21.49721,0,-0.2275121,0.2737926,0,-0.5743197,9240.117,0.9688107,0.05609257,Left,Down,-0.05934703,-0.933754,TransSlide
484.2998,21.49918,0,-0.2275121,0.2737926,0,-0.5750406,9240.977,0.9689896,0.05577195,Left,Down,-0.06255726,-0.9292755,TransSlide
484.3398,21.50083,0,-0.2275121,0.2737926,0,-0.5763214,9241.836,0.9671365,0.05545188,Left,Down,-0.06255726,-0.9248047,TransSlide
484.3798,21.50179,0,-0.2311742,0.2737926,0,-0.5780195,9242.695,0.9652824,0.05513266,Left,Down,-0.05934703,-0.9203339,TransSlide
484.4198,21.5045,0,-0.2330053,0.2737926,0,-0.5726303,9243.555,0.9654126,0.05481435,Left,Down,-0.0656106,-0.915863,TransSlide
484.4598,21.50675,0,-0.2449071,0.2737926,0,-0.567323,9244.414,0.9657995,0.05449719,Left,Down,-0.07132626,-0.9108582,TransSlide
484.4998,21.50759,0,-0.2623022,0.2737926,0,-0.5627956,9245.273,0.9661438,0.0541806,Left,Down,-0.07401875,-0.9048615,TransSlide
484.5398,21.50956,0,-0.2906835,0.2737926,0,-0.5591501,9246.134,0.9662608,0.05386484,Left,Down,-0.07401875,-0.8988647,TransSlide
484.5798,21.51156,0,-0.3208977,0.2737926,0,-0.5561807,9246.995,0.9661281,0.05355031,Left,Down,-0.07132626,-0.8928604,TransSlide
484.6198,21.51371,0,-0.3437859,0.2737926,0,-0.5544721,9247.856,0.9666223,0.05323631,Left,Down,-0.07132626,-0.8868561,TransSlide
484.6598,21.51509,0,-0.3639275,0.2737926,0,-0.5537245,9248.718,0.965311,0.05292321,Left,Down,-0.07132626,-0.8808441,TransSlide
484.6998,21.51525,0,-0.3758293,0.2737926,0,-0.5538274,9249.579,0.9631093,0.05261097,Left,Down,-0.07132626,-0.8748245,TransSlide
484.7398,21.51779,0,-0.3859001,0.2737926,0,-0.5477428,9250.44,0.9628651,0.05229989,Left,Down,-0.07401875,-0.8688202,TransSlide
484.7798,21.5197,0,-0.3923088,0.2737926,0,-0.5413539,9251.302,0.9633132,0.05198941,Left,Down,-0.07132626,-0.8628082,TransSlide
484.8198,21.51995,0,-0.3987175,0.2737926,0,-0.5358975,9252.163,0.9637302,0.05167977,Left,Down,-0.08156469,-0.8567963,TransSlide
484.8598,21.5212,0,-0.4106212,0.2737926,0,-0.5314614,9253.024,0.9638798,0.05137134,Left,Down,-0.08392937,-0.84935,TransSlide
484.8998,21.52311,0,-0.422523,0.2737926,0,-0.528195,9253.886,0.9643457,0.05106346,Left,Down,-0.08392937,-0.8418045,TransSlide
484.9398,21.52393,0,-0.4353404,0.2737926,0,-0.526341,9254.747,0.9636592,0.05075646,Left,Down,-0.08392937,-0.8342514,TransSlide
484.9798,21.52323,0,-0.4527354,0.2737926,0,-0.5256618,9255.608,0.9611109,0.05045033,Left,Down,-0.08392937,-0.8266983,TransSlide
485.0198,21.52505,0,-0.4637218,0.2737926,0,-0.5189565,9256.47,0.9606498,0.0501454,Left,Down,-0.08156469,-0.8191376,TransSlide
485.0598,21.52665,0,-0.4756236,0.2737926,0,-0.5126154,9257.331,0.9611403,0.04984102,Left,Down,-0.08392937,-0.8115845,TransSlide
485.0998,21.52651,0,-0.4783702,0.2737926,0,-0.5076382,9258.192,0.9616933,0.04953751,Left,Down,-0.08392937,-0.8040314,TransSlide
485.1398,21.52744,0,-0.4838634,0.2737926,0,-0.504144,9259.054,0.9619616,0.0492349,Left,Down,-0.09278741,-0.7964706,TransSlide
485.1798,21.52859,0,-0.488441,0.2737926,0,-0.5022248,9259.915,0.9627843,0.04893345,Left,Down,-0.09487279,-0.7876892,TransSlide
485.2198,21.52681,0,-0.488441,0.2737926,0,-0.5016592,9260.776,0.9601581,0.0486326,Left,Down,-0.09487279,-0.7785416,TransSlide
485.2598,21.52794,0,-0.488441,0.2737926,0,-0.4971975,9261.638,0.9588,0.04833264,Left,Down,-0.09487279,-0.7694016,TransSlide
485.2998,21.52896,0,-0.488441,0.2737926,0,-0.4913134,9262.499,0.9590903,0.04803372,Left,Down,-0.09487279,-0.7602615,TransSlide
485.3398,21.52956,0,-0.488441,0.2737926,0,-0.4870534,9263.36,0.9597063,0.04773561,Left,Down,-0.09487279,-0.7511215,TransSlide
485.3798,21.52975,0,-0.488441,0.2737926,0,-0.4845473,9264.222,0.960556,0.04743827,Left,Down,-0.09691329,-0.7419739,TransSlide
485.4198,21.52912,0,-0.4829478,0.2737926,0,-0.4839553,9265.083,0.960357,0.04714183,Left,Down,-0.1027921,-0.732811,TransSlide
485.4598,21.52717,0,-0.4765391,0.2737926,0,-0.4843553,9265.944,0.9571717,0.04684646,Left,Down,-0.1083524,-0.7225342,TransSlide
485.4998,21.52786,0,-0.4756236,0.2737926,0,-0.4784877,9266.806,0.9571574,0.04655189,Left,Down,-0.1065312,-0.711731,TransSlide
485.5398,21.52894,0,-0.4472423,0.2737926,0,-0.4747478,9267.667,0.9576963,0.04625807,Left,Down,-0.1083524,-0.7009354,TransSlide
485.5798,21.52839,0,-0.4170299,0.2737926,0,-0.4727448,9268.528,0.9588723,0.04596535,Left,Down,-0.1083524,-0.6901321,TransSlide
485.6198,21.52765,0,-0.3941399,0.2737926,0,-0.4725209,9269.39,0.9589336,0.04567334,Left,Down,-0.1065312,-0.6793213,TransSlide
485.6598,21.52563,0,-0.3694206,0.2737926,0,-0.4722321,9270.251,0.9558266,0.0453823,Left,Down,-0.1136409,-0.6685028,TransSlide
485.6998,21.5259,0,-0.3529412,0.2737926,0,-0.4668447,9271.112,0.9557764,0.04509202,Left,Down,-0.1219466,-0.6570053,TransSlide
485.7398,21.52697,0,-0.3447014,0.2737926,0,-0.4637398,9271.974,0.9565165,0.04480285,Left,Down,-0.1219466,-0.644455,TransSlide
485.7798,21.52583,0,-0.3447014,0.2737926,0,-0.4625843,9272.835,0.9585128,0.04451436,Left,Down,-0.1219466,-0.6318893,TransSlide
485.8198,21.52253,0,-0.3447014,0.2737926,0,-0.4630277,9273.696,0.9553064,0.04422686,Left,Down,-0.1219466,-0.6193237,TransSlide
485.8598,21.52269,0,-0.363012,0.2737926,0,-0.4582253,9274.558,0.9546484,0.04394037,Left,Down,-0.1219466,-0.6067505,TransSlide
485.8998,21.52352,0,-0.3923088,0.2737926,0,-0.4538353,9275.419,0.954906,0.04365453,Left,Down,-0.1341704,-0.5941849,TransSlide
485.9398,21.52285,0,-0.4353404,0.2737926,0,-0.4519507,9276.28,0.9571028,0.04336972,Left,Down,-0.1370561,-0.580162,TransSlide
485.9798,21.51818,0,-0.4783702,0.2737926,0,-0.4515679,9277.142,0.9541073,0.04308567,Left,Down,-0.1370561,-0.5657425,TransSlide
486.0198,21.51794,0,-0.5113292,0.2737926,0,-0.4458839,9278.003,0.9535338,0.04280273,Left,Down,-0.1370561,-0.5513306,TransSlide
486.0598,21.51892,0,-0.5424589,0.2737926,0,-0.4408264,9278.864,0.9540135,0.04252047,Left,Down,-0.1370561,-0.5369186,TransSlide
486.0998,21.51666,0,-0.5671781,0.2698253,0,-0.4381589,9279.726,0.9561957,0.0422392,Left,Down,-0.1506579,-0.5224991,TransSlide
486.1398,21.51188,0,-0.61387,0.2698253,0,-0.43507,9280.587,0.9524394,0.04195873,Left,Down,-0.1519511,-0.5064011,TransSlide
486.1798,21.51039,0,-0.6614792,0.2698253,0,-0.427289,9281.448,0.952718,0.04167936,Left,Down,-0.1519511,-0.4900513,TransSlide
486.2198,21.51116,0,-0.6971848,0.2698253,0,-0.4223477,9282.31,0.9550508,0.04140067,Left,Down,-0.1519511,-0.4736938,TransSlide
486.2598,21.50209,0,-0.7493699,0.2698253,0,-0.4191553,9283.169,0.9512288,0.04112298,Left,Down,-0.1607126,-0.4573288,TransSlide
486.2998,21.50035,0,-0.7804996,0.2698253,0,-0.4096234,9284.028,0.951725,0.04084627,Left,Down,-0.1678588,-0.4400864,TransSlide
486.3398,21.50105,0,-0.8189517,0.2698253,0,-0.4028081,9284.888,0.9539623,0.04057027,Left,Down,-0.1690205,-0.4216537,TransSlide
486.3798,21.49122,0,-0.8400089,0.2698253,0,-0.3982905,9285.747,0.9514832,0.04029516,Left,Down,-0.1690205,-0.4032211,TransSlide
486.4198,21.4867,0,-0.8555728,0.2698253,0,-0.3876605,9286.606,0.9498107,0.04002107,Left,Down,-0.1769387,-0.3847733,TransSlide
486.4598,21.48411,0,-0.8683902,0.2698253,0,-0.379731,9287.466,0.9489127,0.03974793,Left,Down,-0.1866263,-0.3654556,TransSlide
486.4998,21.47684,0,-0.8793783,0.2698253,0,-0.3717338,9288.325,0.9489602,0.03947553,Left,Down,-0.1866263,-0.3448181,TransSlide
486.5398,21.4682,0,-0.8967733,0.2698253,0,-0.3604151,9289.185,0.9464195,0.03920401,Left,Down,-0.1866263,-0.3241882,TransSlide
486.5798,21.46453,0,-0.920577,0.2698253,0,-0.351953,9290.044,0.9480203,0.03893367,Left,Down,-0.2027088,-0.303566,TransSlide
486.6198,21.45661,0,-0.9388876,0.2698253,0,-0.3380181,9290.902,0.9468634,0.03866396,Left,Down,-0.2055842,-0.2812271,TransSlide
486.6598,21.45064,0,-0.9626913,0.2698253,0,-0.326413,9291.76,0.9475157,0.03839514,Left,Down,-0.2065338,-0.2583313,TransSlide
486.6998,21.44344,0,-0.9745932,0.2698253,0,-0.3112858,9292.617,0.9483667,0.03812725,Left,Down,-0.2167048,-0.2354202,TransSlide
486.7398,21.43503,0,-0.986495,0.2698253,0,-0.2968556,9293.475,0.9469914,0.03786049,Left,Down,-0.2264194,-0.2114258,TransSlide
486.7798,21.42643,0,-0.9910727,0.2698253,0,-0.2815374,9294.332,0.9499717,0.03759439,Left,Down,-0.2264194,-0.1861038,TransSlide
486.8198,21.41778,0,-0.9910727,0.2698253,0,-0.2642386,9295.189,0.9487764,0.03732917,Left,Down,-0.2373883,-0.1608047,TransSlide
486.8598,21.41172,0,-0.9910727,0.2698253,0,-0.2500711,9296.047,0.951031,0.03706512,Left,Flat,-0.2478722,-0.1343536,TransSlide
486.8998,21.40605,0,-0.9910727,0.2698253,0,-0.2307809,9296.902,0.9504725,0.03680173,Left,Flat,-0.2478722,-0.1064911,TransSlide
486.9398,21.39731,0,-0.9910727,0.2698253,0,-0.2141497,9297.758,0.9485888,0.03653924,Left,Flat,-0.2661444,-0.07867432,TransSlide
486.9798,21.39268,0,-0.9910727,0.2698253,0,-0.1983956,9298.613,0.9509532,0.03627763,Left,Flat,-0.2719625,-0.05085754,TransSlide
487.0198,21.38392,0,-0.9910727,0.2698253,0,-0.1799152,9299.469,0.9498811,0.03601718,Left,Flat,-0.2846186,-0.02307892,TransSlide
487.0598,21.3758,0,-0.9910727,0.2698253,0,-0.1645362,9300.324,0.9485497,0.0357574,Left,Flat,-0.3109043,-0.006011963,TransSlide
487.0998,21.37119,0,-0.9910727,0.2698253,0,-0.1496484,9301.18,0.9502109,0.03549851,Left,Flat,-0.3083766,-0.02130127,TransSlide
487.1398,21.36283,0,-0.9910727,0.2698253,0,-0.1329804,9302.035,0.9493484,0.03524053,Left,Flat,-0.2920831,-0.03658295,TransSlide
487.1798,21.35382,0,-0.9910727,0.2698253,0,-0.1195315,9302.889,0.9475885,0.03498373,Left,Flat,-0.2920831,-0.05090332,TransSlide
487.2198,21.35015,0,-0.9910727,0.2698253,0,-0.1076548,9303.742,0.9495189,0.03472758,Left,Flat,-0.2797648,-0.06522369,TransSlide
487.2598,21.34238,0,-0.9910727,0.2698253,0,-0.09327459,9304.596,0.9487995,0.0344723,Left,Flat,-0.2741124,-0.07894897,TransSlide
487.2998,21.33247,0,-0.984664,0.2698253,0,-0.08232504,9305.449,0.9467192,0.03421823,Left,Flat,-0.2697954,-0.0923233,TransSlide
487.3398,21.33033,0,-0.9736776,0.2698253,0,-0.07538036,9306.303,0.9483451,0.03396476,Left,Flat,-0.2556444,-0.1055908,TransSlide
487.3798,21.32255,0,-0.9452963,0.2698253,0,-0.06474075,9307.156,0.9481329,0.03371225,Left,Flat,-0.2564087,-0.1180496,TransSlide
487.4198,21.31426,0,-0.9159994,0.2698253,0,-0.056454,9308.01,0.9472919,0.03346062,Left,Flat,-0.2478722,-0.1304932,TransSlide
487.4598,21.30793,0,-0.861066,0.2698253,0,-0.05172774,9308.861,0.9456625,0.03321017,Left,Flat,-0.2390311,-0.1425858,TransSlide
487.4998,21.30382,0,-0.8143741,0.2698253,0,-0.04997772,9309.713,0.9476973,0.03296036,Left,Down,-0.2382111,-0.1541214,TransSlide
487.5398,21.29705,0,-0.754863,0.2698253,0,-0.04418796,9310.564,0.947028,0.03271145,Left,Down,-0.2298502,-0.1656494,TransSlide
487.5798,21.28942,0,-0.6907761,0.2698253,0,-0.04176497,9311.416,0.945963,0.03246364,Left,Down,-0.2211734,-0.176796,TransSlide
487.6198,21.28506,0,-0.6431669,0.2698253,0,-0.04305628,9312.268,0.9445226,0.03221668,Left,Down,-0.2220564,-0.1874313,TransSlide
487.6598,21.28132,0,-0.5836576,0.2698253,0,-0.04771823,9313.119,0.9467934,0.03197051,Left,Down,-0.2148914,-0.1980515,TransSlide
487.6998,21.27544,0,-0.5351347,0.2698253,0,-0.04755667,9313.971,0.9462357,0.03172527,Left,Down,-0.2046302,-0.2084503,TransSlide
487.7398,21.2693,0,-0.5012584,0.2698253,0,-0.05060574,9314.822,0.9454345,0.03148109,Left,Down,-0.2036718,-0.2181931,TransSlide
487.7798,21.2655,0,-0.4701304,0.2698253,0,-0.05693868,9315.674,0.9436738,0.03123776,Left,Down,-0.2036718,-0.2279358,TransSlide
487.8198,21.2628,0,-0.4472423,0.2698253,0,-0.06681427,9316.523,0.9445598,0.03099526,Left,Down,-0.1907741,-0.2376633,TransSlide
487.8598,21.25809,0,-0.422523,0.2698253,0,-0.0754346,9317.373,0.9453502,0.03075383,Left,Down,-0.1876719,-0.2467499,TransSlide
487.8998,21.253,0,-0.3868157,0.2698253,0,-0.08286977,9318.223,0.9448326,0.03051314,Left,Down,-0.1876719,-0.2556152,TransSlide
487.9398,21.24863,0,-0.3575188,0.2698253,0,-0.09316301,9319.072,0.9439104,0.03027347,Left,Down,-0.1855749,-0.264473,TransSlide
487.9798,21.24577,0,-0.3154045,0.2698253,0,-0.1061156,9319.922,0.9426398,0.03003464,Left,Down,-0.1724585,-0.2733307,TransSlide
488.0198,21.2437,0,-0.2815282,0.2698253,0,-0.1219669,9320.771,0.9435124,0.02979687,Left,Down,-0.1713202,-0.2813873,TransSlide
488.0598,21.24078,0,-0.2275121,0.2698253,0,-0.1373456,9321.621,0.944611,0.02955985,Left,Down,-0.1713202,-0.2893906,TransSlide
488.0998,21.23682,0,-0.1945531,0.2698253,0,-0.1492606,9322.471,0.9440377,0.02932385,Left,Down,-0.1713202,-0.2973938,TransSlide
488.1398,21.23372,0,-0.1478595,0.2698253,0,-0.163427,9323.32,0.9431557,0.02908883,Left,Down,-0.1582588,-0.3053818,TransSlide
488.1798,21.23205,0,-0.100252,0.2698253,0,-0.1800198,9324.17,0.9424046,0.02885458,Left,Down,-0.1545051,-0.3127518,TransSlide
488.2198,21.22915,0,-0.07003963,0.2698253,0,-0.198594,9325.02,0.941462,0.02862132,Left,Down,-0.1545051,-0.3199081,TransSlide
488.2598,21.22873,0,-0.02975464,0.2698253,0,-0.2192692,9325.869,0.9429381,0.0283889,Left,Down,-0.1545051,-0.3270569,TransSlide
488.2998,21.22607,0,-0.0004577637,0.2698253,0,-0.2367342,9326.719,0.9435417,0.02815757,Left,Down,-0.1506579,-0.3342056,TransSlide
488.3398,21.2234,0,0.0151062,0.2698253,0,-0.252002,9327.568,0.9429374,0.02792699,Left,Down,-0.1384764,-0.3412552,TransSlide
488.3798,21.22131,0,0.02792358,0.2698253,0,-0.269071,9328.418,0.942147,0.02769739,Left,Down,-0.1384764,-0.34758,TransSlide
488.4198,21.22028,0,0.03433228,0.2698253,0,-0.2877378,9329.268,0.9415702,0.02746866,Left,Down,-0.1384764,-0.3538971,TransSlide
488.4598,21.21822,0,0.04440308,0.2698253,0,-0.3078098,9330.117,0.9408411,0.027241,Left,Down,-0.1384764,-0.3602066,TransSlide
488.4998,21.21679,0,0.04714966,0.2698253,0,-0.3292887,9330.967,0.941044,0.02701412,Left,Down,-0.1384764,-0.3665085,TransSlide
488.5398,21.2165,0,0.04714966,0.2698253,0,-0.3518649,9331.816,0.9423603,0.02678821,Left,Down,-0.1235407,-0.3728104,TransSlide
488.5798,21.21436,0,0.04714966,0.2698253,0,-0.3677398,9332.664,0.9423501,0.02656332,Left,Down,-0.1219466,-0.378418,TransSlide
488.6198,21.21251,0,0.04714966,0.2698253,0,-0.3831981,9333.512,0.9416904,0.02633921,Left,Down,-0.1235407,-0.3838882,TransSlide
488.6598,21.21189,0,0.05264282,0.2698253,0,-0.3997505,9334.359,0.9410231,0.02611599,Left,Down,-0.1219466,-0.3893585,TransSlide
488.6998,21.21061,0,0.06271362,0.2698253,0,-0.4171701,9335.207,0.9405255,0.02589378,Left,Down,-0.1219466,-0.3948288,TransSlide
488.7398,21.20922,0,0.07003784,0.2698253,0,-0.4353115,9336.055,0.940187,0.02567259,Left,Down,-0.1203313,-0.4002914,TransSlide
488.7798,21.20764,0,0.08102417,0.2698253,0,-0.4538799,9336.902,0.9395463,0.02545218,Left,Down,-0.1065312,-0.4057541,TransSlide
488.8198,21.20653,0,0.08834839,0.2698253,0,-0.4731125,9337.75,0.9399852,0.02523265,Left,Down,-0.1065312,-0.4104538,TransSlide
488.8598,21.20634,0,0.09292603,0.2698253,0,-0.4929639,9338.598,0.940972,0.02501431,Left,Down,-0.1065312,-0.4150772,TransSlide
488.8998,21.20443,0,0.09292603,0.2698253,0,-0.5060937,9339.445,0.9410064,0.02479667,Left,Down,-0.1065312,-0.4197006,TransSlide
488.9398,21.20313,0,0.09292603,0.2698253,0,-0.5173814,9340.293,0.9404458,0.02457995,Left,Down,-0.1046783,-0.424324,TransSlide
488.9798,21.20248,0,0.09292603,0.2698253,0,-0.5290964,9341.141,0.9398791,0.02436415,Left,Down,-0.1065312,-0.4289398,TransSlide
489.0198,21.20162,0,0.09292603,0.2698253,0,-0.5410887,9341.988,0.9394466,0.02414948,Left,Down,-0.1008706,-0.4335632,TransSlide
489.0598,21.20052,0,0.09292603,0.2698253,0,-0.5534196,9342.836,0.9390441,0.02393556,Left,Down,-0.08622923,-0.4381027,TransSlide
489.0998,21.19936,0,0.09292603,0.2698253,0,-0.5657304,9343.684,0.9389821,0.02372253,Left,Down,-0.08846933,-0.4418488,TransSlide
489.1398,21.19819,0,0.09292603,0.2698253,0,-0.5782502,9344.531,0.9387236,0.02351067,Left,Down,-0.08846933,-0.4455948,TransSlide
489.1798,21.19694,0,0.08743286,0.2698253,0,-0.5909314,9345.379,0.93813,0.02329952,Left,Down,-0.08846933,-0.4493332,TransSlide
489.2198,21.19593,0,0.0819397,0.2698253,0,-0.6035258,9346.227,0.9384264,0.0230893,Left,Down,-0.08622923,-0.4530716,TransSlide
489.2598,21.19552,0,0.08102417,0.2698253,0,-0.6161773,9347.074,0.9390078,0.02288,Left,Down,-0.08622923,-0.45681,TransSlide
489.2998,21.19453,0,0.07644653,0.2698253,0,-0.626685,9347.922,0.9394682,0.02267185,Left,Down,-0.08846933,-0.4605408,TransSlide
489.3398,21.19368,0,0.07553101,0.2698253,0,-0.6293284,9348.77,0.9389935,0.0224644,Left,Down,-0.08846933,-0.4642792,TransSlide
489.3798,21.1928,0,0.07003784,0.2698253,0,-0.6319196,9349.617,0.9384976,0.0222579,Left,Down,-0.07132626,-0.4680176,TransSlide
489.4198,21.19239,0,0.06362915,0.2698253,0,-0.6344202,9350.465,0.9379851,0.02205233,Left,Down,-0.07132626,-0.4709625,TransSlide
489.4598,21.19145,0,0.05722046,0.2698253,0,-0.6368783,9351.313,0.9375744,0.02184791,Left,Down,-0.06852804,-0.4737167,TransSlide
489.4998,21.19056,0,0.05172729,0.2698253,0,-0.6392509,9352.16,0.9373005,0.02164421,Left,Down,-0.07132626,-0.4764786,TransSlide
489.5398,21.18969,0,0.04623413,0.2698253,0,-0.6414254,9353.008,0.9371157,0.02144144,Left,Down,-0.06852804,-0.4792404,TransSlide
489.5798,21.18879,0,0.03890991,0.2698253,0,-0.6435485,9353.855,0.9369347,0.02123979,Left,Down,-0.06852804,-0.4819946,TransSlide
489.6198,21.18791,0,0.03250122,0.2698253,0,-0.6455624,9354.703,0.9367826,0.0210389,Left,Down,-0.06852804,-0.4847565,TransSlide
489.6598,21.18705,0,0.02059937,0.2698253,0,-0.6472843,9355.551,0.9366385,0.02083893,Left,Down,-0.07132626,-0.4875107,TransSlide
489.6998,21.18619,0,0.004119873,0.2698253,0,-0.6490558,9356.398,0.9365038,0.02063987,Left,Down,-0.07132626,-0.4902649,TransSlide
489.7398,21.18532,0,-0.005950928,0.2698253,0,-0.650578,9357.246,0.9363171,0.02044198,Left,Down,-0.07132626,-0.4930191,TransSlide
489.7798,21.18436,0,-0.01144409,0.2698253,0,-0.6520727,9358.094,0.9361219,0.02024481,Left,Down,-0.06255726,-0.4957733,TransSlide
489.8198,21.18368,0,-0.0151062,0.2698253,0,-0.6532573,9358.941,0.9356602,0.02004856,Straight,Down,-0.04423466,-0.4984436,TransSlide
489.8598,21.183,0,-0.0151062,0.2698253,0,-0.6544008,9359.789,0.9358377,0.01985342,Straight,Down,-0.04423466,-0.4999084,TransSlide
489.8998,21.18234,0,-0.0151062,0.2698253,0,-0.6553833,9360.637,0.9362257,0.01965911,Straight,Down,-0.04423466,-0.5013657,TransSlide
489.9398,21.18179,0,-0.0151062,0.2698253,0,-0.6561268,9361.484,0.9363253,0.01946569,Straight,Down,-0.04423466,-0.5028229,TransSlide
489.9798,21.18149,0,-0.0151062,0.2698253,0,-0.6567631,9362.332,0.9362493,0.0192732,Straight,Down,-0.04423466,-0.5042801,TransSlide
490.0198,21.18055,0,-0.0151062,0.2698253,0,-0.6513963,9363.18,0.9357364,0.01908177,Straight,Down,-0.04423466,-0.5057373,TransSlide
490.0598,21.17998,0,-0.0151062,0.2856947,0,-0.6453415,9364.027,0.9352147,0.01889125,Straight,Down,-0.04423466,-0.5072021,TransSlide
490.0998,21.18158,0,-0.01052856,0.289662,0,-0.6391395,9364.875,0.9347617,0.01870156,Straight,Down,-0.04423466,-0.5086517,TransSlide
490.1398,21.18515,0,-0.005950928,0.289662,0,-0.6329385,9365.723,0.9344085,0.01851297,Straight,Down,-0.04423466,-0.5101166,TransSlide
490.1798,21.18872,0,-0.0050354,0.289662,0,-0.6265118,9366.57,0.9342229,0.01832518,Straight,Down,-0.04423466,-0.5115738,TransSlide
490.2198,21.19226,0,-0.004119873,0.289662,0,-0.6200569,9367.418,0.9341106,0.01813838,Straight,Down,-0.04423466,-0.513031,TransSlide
490.2598,21.19583,0,0.003204346,0.289662,0,-0.6136472,9368.266,0.9339607,0.01795245,Straight,Down,-0.04423466,-0.5144882,TransSlide
490.2998,21.19937,0,0.01052856,0.289662,0,-0.6073063,9369.113,0.9338166,0.01776761,Straight,Down,-0.04423466,-0.5159454,TransSlide
490.3398,21.20289,0,0.02243042,0.289662,0,-0.6007855,9369.961,0.9336805,0.01758364,Straight,Down,-0.04423466,-0.5174026,TransSlide
490.3798,21.20645,0,0.03433228,0.289662,0,-0.5942804,9370.809,0.9335681,0.01740054,Straight,Down,-0.04423466,-0.5188675,TransSlide
490.4198,21.20995,0,0.04623413,0.289662,0,-0.5876235,9371.656,0.9334668,0.01721838,Straight,Down,-0.04423466,-0.5203171,TransSlide
490.4598,21.21348,0,0.05722046,0.289662,0,-0.5807703,9372.504,0.9333345,0.01703731,Straight,Down,-0.04423466,-0.5217819,TransSlide
490.4998,21.21699,0,0.06546021,0.289662,0,-0.5739069,9373.353,0.9331989,0.0168571,Straight,Down,-0.01978234,-0.5232468,TransSlide
490.5398,21.22048,0,0.07461548,0.289662,0,-0.5670699,9374.202,0.9330332,0.01667777,Straight,Down,0,-0.5234299,TransSlide
490.5798,21.22397,0,0.0819397,0.289662,0,-0.5601478,9375.052,0.9328675,0.01649949,Straight,Down,0,-0.5221405,TransSlide
490.6198,21.22742,0,0.08926392,0.289662,0,-0.5532904,9375.901,0.9326534,0.01632205,Straight,Down,0,-0.5208511,TransSlide
490.6598,21.23088,0,0.09475708,0.289662,0,-0.546171,9376.751,0.9324852,0.01614562,Straight,Down,0,-0.5195694,TransSlide
490.6998,21.23432,0,0.09933472,0.289662,0,-0.5389966,9377.601,0.9323171,0.01597006,Straight,Down,0,-0.51828,TransSlide
490.7398,21.23775,0,0.1002502,0.289662,0,-0.5316224,9378.45,0.9322441,0.01579556,Straight,Down,0,-0.5169907,TransSlide
490.7798,21.24116,0,0.1048279,0.289662,0,-0.5241609,9379.3,0.9321656,0.01562191,Straight,Down,0,-0.5157089,TransSlide
490.8198,21.24457,0,0.1057434,0.289662,0,-0.5166261,9380.149,0.9319654,0.01544923,Straight,Down,0,-0.5144196,TransSlide
490.8598,21.24794,0,0.110321,0.289662,0,-0.5089159,9380.999,0.9317752,0.01527757,Straight,Down,0,-0.5131302,TransSlide
490.8998,21.25132,0,0.1167297,0.289662,0,-0.5009924,9381.849,0.9316391,0.01510674,Straight,Down,0,-0.5118408,TransSlide
490.9398,21.25466,0,0.1222265,0.289662,0,-0.4930398,9382.698,0.9314764,0.01493684,Straight,Down,0,-0.5105515,TransSlide
490.9798,21.258,0,0.1286352,0.289662,0,-0.4847213,9383.548,0.931303,0.01476798,Straight,Down,0,-0.5092697,TransSlide
491.0198,21.26134,0,0.1304662,0.289662,0,-0.4761013,9384.397,0.9311966,0.01460007,Straight,Down,0,-0.5079803,TransSlide
491.0598,21.26464,0,0.1359594,0.289662,0,-0.4674018,9385.247,0.931043,0.01443303,Straight,Down,0,-0.506691,TransSlide
491.0998,21.26794,0,0.1359594,0.289662,0,-0.458389,9386.099,0.9309363,0.01426694,Straight,Down,0,-0.505394,TransSlide
491.1398,21.27122,0,0.140537,0.289662,0,-0.4490634,9386.95,0.9307709,0.01410195,Straight,Down,0,-0.5041122,TransSlide
491.1798,21.27451,0,0.1423681,0.289662,0,-0.4395359,9387.802,0.9305962,0.01393774,Straight,Down,0,-0.5028229,TransSlide
491.2198,21.27773,0,0.1478612,0.289662,0,-0.4297408,9388.653,0.9303206,0.01377449,Straight,Down,0,-0.5015335,TransSlide
491.2598,21.28105,0,0.1588476,0.289662,0,-0.419521,9389.505,0.9300424,0.01361215,Straight,Down,0,-0.5002365,TransSlide
491.2998,21.28432,0,0.1661718,0.289662,0,-0.408949,9390.356,0.9300371,0.01345099,Straight,Down,0,-0.4989471,TransSlide
491.3398,21.28749,0,0.171665,0.289662,0,-0.3978881,9391.208,0.9301021,0.01329056,Straight,Down,0,-0.4976578,TransSlide
491.3798,21.29081,0,0.1771581,0.289662,0,-0.3864209,9392.06,0.9301022,0.01313108,Straight,Down,0,-0.4963684,TransSlide
491.4198,21.29402,0,0.1780736,0.289662,0,-0.3745675,9392.911,0.9300506,0.01297274,Straight,Down,0,-0.495079,TransSlide
491.4598,21.29737,0,0.1789892,0.289662,0,-0.3621988,9393.763,0.9299528,0.01281518,Straight,Down,0,-0.493782,TransSlide
491.4998,21.30067,0,0.1835668,0.289662,0,-0.3494533,9394.614,0.929769,0.01265857,Straight,Down,0,-0.4924927,TransSlide
491.5398,21.30387,0,0.1844823,0.289662,0,-0.3362658,9395.466,0.9295923,0.01250289,Straight,Down,0,-0.4911957,TransSlide
491.5798,21.30717,0,0.1881444,0.289662,0,-0.3226577,9396.317,0.9294612,0.01234833,Straight,Down,0,-0.4899063,TransSlide
491.6198,21.31043,0,0.1881444,0.2698253,0,-0.3084018,9397.169,0.92922,0.01219458,Straight,Down,0,-0.4886169,TransSlide
491.6598,21.30961,0,0.1881444,0.2658579,0,-0.2935632,9398.021,0.9293467,0.01204175,Straight,Down,0,-0.4873199,TransSlide
491.6998,21.30728,0,0.1881444,0.2618906,0,-0.2816986,9398.872,0.9290466,0.01188991,Straight,Down,0,-0.4860229,TransSlide
491.7398,21.30366,0,0.18906,0.2579232,0,-0.2740143,9399.724,0.9280776,0.01173914,Straight,Down,0,-0.484726,TransSlide
491.7798,21.29934,0,0.1899755,0.2539559,0,-0.2656961,9400.575,0.927353,0.01158917,Straight,Down,0,-0.4834366,TransSlide
491.8198,21.29483,0,0.1954687,0.2499886,0,-0.2569189,9401.427,0.9269321,0.01144019,Straight,Down,0,-0.4821472,TransSlide
491.8598,21.28887,0,0.206455,0.2499886,0,-0.2474664,9402.278,0.9268811,0.01129228,Straight,Down,0,-0.4808502,TransSlide
491.8998,21.28252,0,0.2174413,0.2420539,0,-0.2373525,9403.13,0.9269286,0.01114518,Straight,Down,0,-0.4795609,TransSlide
491.9398,21.27477,0,0.2256811,0.2380865,0,-0.2267071,9403.981,0.9270247,0.01099903,Straight,Down,0,-0.4782639,TransSlide
491.9798,21.26608,0,0.2357519,0.2261845,0,-0.2151749,9404.833,0.9270201,0.01085383,Straight,Down,0,-0.4769745,TransSlide
492.0198,21.25528,0,0.2384984,0.2222171,0,-0.202915,9405.683,0.9267585,0.01070977,Straight,Down,0,-0.4756851,TransSlide
492.0598,21.24321,0,0.2494848,0.2182498,0,-0.1899388,9406.532,0.9276479,0.01056648,Straight,Down,0,-0.4743958,TransSlide
492.0998,21.23061,0,0.2549779,0.2103151,0,-0.1764229,9407.382,0.9283527,0.01042414,Straight,Down,0,-0.4731064,TransSlide
492.1398,21.21563,0,0.2595556,0.2023651,0,-0.163771,9408.23,0.9289454,0.01028288,Straight,Down,0,-0.4718094,TransSlide
492.1798,21.19934,0,0.2623022,0.1983978,0,-0.1569476,9409.078,0.9277877,0.01014248,Straight,Down,0,-0.47052,TransSlide
492.2198,21.18234,0,0.2659643,0.1944305,0,-0.1494221,9409.926,0.9267343,0.01000303,Straight,Down,0.03426402,-0.4692383,TransSlide
492.2598,21.16477,0,0.2668798,0.1904631,0,-0.1411451,9410.772,0.9259372,0.009864511,Right,Down,0.05595291,-0.466362,TransSlide
492.2998,21.14555,0,0.272373,0.1864958,0,-0.1320211,9411.618,0.9255827,0.009727064,Right,Down,0.05934703,-0.4619675,TransSlide
492.3398,21.12499,0,0.2732885,0.1825284,0,-0.1220645,9412.464,0.9253049,0.009590511,Right,Down,0.05595291,-0.4575958,TransSlide
492.3798,21.1041,0,0.2778661,0.1825284,0,-0.1110673,9413.308,0.9253617,0.009454878,Right,Down,0.05595291,-0.4532166,TransSlide
492.4198,21.08395,0,0.2842748,0.1785611,0,-0.09930184,9414.151,0.9264641,0.009320262,Right,Down,0.05595291,-0.4488373,TransSlide
492.4598,21.06197,0,0.289768,0.1785611,0,-0.0888606,9414.994,0.9276385,0.009186598,Right,Down,0.05595291,-0.4444656,TransSlide
492.4998,21.03957,0,0.2980077,0.1745937,0,-0.08340016,9415.836,0.9267239,0.009053829,Right,Down,0.05595291,-0.440094,TransSlide
492.5398,21.01674,0,0.3044164,0.1745937,0,-0.07713658,9416.677,0.9256347,0.008922013,Right,Down,0.05595291,-0.43573,TransSlide
492.5798,20.99442,0,0.3144872,0.1745937,0,-0.06990597,9417.517,0.9249769,0.008791246,Right,Down,0.05595291,-0.4313583,TransSlide
492.6198,20.97142,0,0.3254735,0.1745937,0,-0.06179899,9418.355,0.9240755,0.008661391,Right,Down,0.05595291,-0.427002,TransSlide
492.6598,20.94908,0,0.3327978,0.1745937,0,-0.0525983,9419.193,0.9245318,0.008532471,Right,Down,0.06255726,-0.4226456,TransSlide
492.6998,20.92692,0,0.3373754,0.1745937,0,-0.0423744,9420.031,0.9267241,0.00840447,Right,Down,0.08392937,-0.4181366,TransSlide
492.7398,20.90332,0,0.3373754,0.1745937,0,-0.03923815,9420.867,0.9260868,0.008277537,Right,Down,0.08622923,-0.4121857,TransSlide
492.7798,20.88014,0,0.3382909,0.1745937,0,-0.03504422,9421.703,0.9250429,0.00815154,Right,Down,0.08392937,-0.4062347,TransSlide
492.8198,20.8582,0,0.3428686,0.1745937,0,-0.03001848,9422.537,0.9240286,0.008026428,Right,Down,0.08392937,-0.4002914,TransSlide
492.8598,20.83528,0,0.3456151,0.1745937,0,-0.02380449,9423.371,0.923024,0.007902359,Right,Down,0.08392937,-0.3943558,TransSlide
492.8998,20.81383,0,0.3520274,0.1745937,0,-0.01649097,9424.203,0.9251848,0.007779184,Right,Down,0.08392937,-0.3884354,TransSlide
492.9398,20.78989,0,0.3520274,0.1745937,0,-0.01371697,9425.035,0.9254521,0.007656995,Right,Down,0.08622923,-0.382515,TransSlide
492.9798,20.76648,0,0.3556895,0.1745937,0,-0.01227728,9425.866,0.9246457,0.007535732,Right,Down,0.09065409,-0.3765945,TransSlide
493.0198,20.74347,0,0.3556895,0.1745937,0,-0.009591609,9426.696,0.923213,0.007415505,Right,Down,0.1101434,-0.3706436,TransSlide
493.0598,20.72202,0,0.3556895,0.1745937,0,-0.005738229,9427.525,0.9230447,0.007296146,Right,Down,0.1083524,-0.3632584,TransSlide
493.0998,20.69902,0,0.3575206,0.1745937,0,-0.002823591,9428.354,0.925082,0.007177806,Right,Down,0.1083524,-0.3558731,TransSlide
493.1398,20.67527,0,0.3611827,0.1745937,0,-0.004834354,9429.181,0.9244165,0.007060477,Right,Down,0.1083524,-0.3485031,TransSlide
493.1798,20.65125,0,0.3630137,0.1745937,0,-0.005254328,9430.007,0.9230037,0.006944007,Right,Down,0.1101434,-0.3411255,TransSlide
493.2198,20.63104,0,0.3666759,0.1745937,0,-0.004648775,9430.833,0.9226202,0.006828523,Right,Down,0.1083524,-0.3337631,TransSlide
493.2598,20.60703,0,0.3675914,0.1745937,0,-0.006068707,9431.657,0.924287,0.006714025,Right,Down,0.1266688,-0.3264008,TransSlide
493.2998,20.58311,0,0.3675914,0.1745937,0,-0.01106384,9432.481,0.9236346,0.006600535,Right,Down,0.1341704,-0.3181152,TransSlide
493.3398,20.55864,0,0.3675914,0.1944305,0,-0.01450035,9433.304,0.9213724,0.006487907,Right,Down,0.1341704,-0.3093109,TransSlide
493.3798,20.54094,0,0.3675914,0.1944305,0,-0.01678115,9434.126,0.9240441,0.006376273,Right,Down,0.132704,-0.3005066,TransSlide
493.4198,20.52082,0,0.3675914,0.1983978,0,-0.02549872,9434.946,0.9233359,0.006265673,Right,Down,0.132704,-0.2917175,TransSlide
493.4598,20.50107,0,0.3675914,0.1983978,0,-0.03325081,9435.767,0.9218116,0.006155976,Right,Down,0.1440177,-0.2829208,TransSlide
493.4998,20.48596,0,0.3685069,0.2023651,0,-0.03979567,9436.587,0.9232997,0.006047198,Right,Down,0.1582588,-0.2737122,TransSlide
493.5398,20.46706,0,0.3685069,0.2023651,0,-0.05180445,9437.405,0.9229662,0.005939396,Right,Down,0.1582588,-0.2634583,TransSlide
493.5798,20.44764,0,0.3685069,0.2063325,0,-0.0636695,9438.224,0.9209847,0.005832679,Right,Down,0.1582588,-0.2532272,TransSlide
493.6198,20.43333,0,0.3694224,0.2063325,0,-0.07444277,9439.041,0.9226694,0.005726789,Right,Down,0.1582588,-0.2430038,TransSlide
493.6598,20.41741,0,0.3694224,0.2063325,0,-0.09200421,9439.857,0.9229107,0.005621885,Right,Down,0.1802258,-0.2327728,TransSlide
493.6998,20.40097,0,0.3694224,0.2142824,0,-0.1081488,9440.674,0.9235014,0.005517991,Right,Down,0.1823843,-0.2213745,TransSlide
493.7398,20.38609,0,0.3694224,0.2182498,0,-0.1276288,9441.49,0.9231858,0.00541509,Right,Down,0.1823843,-0.2096863,TransSlide
493.7798,20.37197,0,0.3694224,0.2182498,0,-0.1497569,9442.305,0.922578,0.005313075,Right,Down,0.1855749,-0.1979828,TransSlide
493.8198,20.35844,0,0.3694224,0.2182498,0,-0.1704143,9443.119,0.9220758,0.005212012,Right,Down,0.2065338,-0.1862946,TransSlide
493.8598,20.34501,0,0.3694224,0.2182498,0,-0.1895909,9443.934,0.9217662,0.005112025,Right,Down,0.20842,-0.1732407,TransSlide
493.8998,20.3313,0,0.3694224,0.2222171,0,-0.2073778,9444.747,0.9221819,0.005012908,Right,Down,0.2093567,-0.1600418,TransSlide
493.9398,20.3178,0,0.3630137,0.2222171,0,-0.231629,9445.56,0.9215689,0.004914734,Right,Flat,0.2238118,-0.146843,TransSlide
493.9798,20.30448,0,0.3566051,0.2222171,0,-0.2551325,9446.372,0.9209464,0.004817554,Right,Flat,0.2349025,-0.1329498,TransSlide
494.0198,20.29148,0,0.3456151,0.2222171,0,-0.2772253,9447.185,0.9206697,0.004721441,Right,Flat,0.2349025,-0.1182022,TransSlide
494.0598,20.27809,0,0.3392065,0.2222171,0,-0.2978443,9447.995,0.9206139,0.00462619,Right,Flat,0.2478722,-0.1034546,TransSlide
494.0998,20.26479,0,0.3282201,0.2222171,0,-0.3170841,9448.806,0.9208812,0.004531899,Right,Flat,0.2624426,-0.08816528,TransSlide
494.1398,20.25094,0,0.3208959,0.2222171,0,-0.3368134,9449.616,0.9213375,0.004438642,Right,Flat,0.2624426,-0.07180786,TransSlide
494.1798,20.23696,0,0.3044164,0.2222171,0,-0.3619334,9450.426,0.9207668,0.004346288,Right,Flat,0.2804634,-0.05545044,TransSlide
494.2198,20.22317,0,0.2961767,0.2222171,0,-0.3855818,9451.234,0.9204485,0.004254911,Right,Flat,0.2907402,-0.03818512,TransSlide
494.2598,20.20975,0,0.291599,0.2222171,0,-0.4079791,9452.043,0.9201224,0.004164461,Right,Flat,0.2586879,-0.02017975,TransSlide
494.2998,20.19567,0,0.291599,0.2222171,0,-0.4290317,9452.852,0.9202541,0.004075111,Right,Flat,0.1678588,-0.001525879,TransSlide
494.3398,20.18173,0,0.291599,0.2222171,0,-0.4488055,9453.658,0.9204519,0.003986598,Right,Flat,0.1690205,0.02406311,TransSlide
494.3798,20.16787,0,0.3025854,0.2222171,0,-0.4673718,9454.465,0.9206311,0.003899104,Right,Flat,0.1690205,0.04964447,TransSlide
494.4198,20.15376,0,0.3099096,0.2222171,0,-0.4856666,9455.271,0.9211422,0.003812586,Right,Flat,0.1690205,0.07521057,TransSlide
494.4598,20.13935,0,0.3199804,0.2222171,0,-0.5101663,9456.077,0.9206301,0.00372702,Right,Flat,0.1506579,0.1007767,TransSlide
494.4998,20.12514,0,0.3282201,0.2222171,0,-0.5332008,9456.882,0.9201621,0.003642415,Right,Flat,0.1356209,0.1243591,TransSlide
494.5398,20.11152,0,0.3392065,0.2222171,0,-0.5549806,9457.687,0.9198248,0.003558761,Right,Flat,0.1341704,0.1454391,TransSlide
494.5798,20.09695,0,0.3575206,0.2261845,0,-0.5754795,9458.491,0.9198175,0.003476151,Right,Up,0.1356209,0.1664886,TransSlide
494.6198,20.08346,0,0.3794932,0.2261845,0,-0.5946604,9459.294,0.9199272,0.003394427,Right,Up,0.1341704,0.1875229,TransSlide
494.6598,20.06997,0,0.3913951,0.2261845,0,-0.6126812,9460.097,0.920046,0.003313695,Right,Up,0.1356209,0.2085495,TransSlide
494.6998,20.05654,0,0.3996348,0.2301518,0,-0.6291992,9460.899,0.9201899,0.003233974,Right,Up,0.1136409,0.2295609,TransSlide
494.7398,20.04396,0,0.3996348,0.2301518,0,-0.6444938,9461.702,0.9203429,0.00315518,Right,Up,0.1083524,0.2473831,TransSlide
494.7798,20.03135,0,0.3996348,0.2341192,0,-0.6586391,9462.503,0.9209799,0.00307733,Right,Up,0.1083524,0.2640152,TransSlide
494.8198,20.01917,0,0.3996348,0.2341192,0,-0.6801221,9463.304,0.9203843,0.00300044,Right,Up,0.1083524,0.2806396,TransSlide
494.8598,20.0071,0,0.3996348,0.2341192,0,-0.700134,9464.104,0.9198338,0.002924593,Right,Up,0.1083524,0.2972565,TransSlide
494.8998,19.99547,0,0.3996348,0.2341192,0,-0.7188635,9464.905,0.9193919,0.002849706,Right,Up,0.1083524,0.313858,TransSlide
494.9398,19.98319,0,0.3996348,0.2341192,0,-0.7362128,9465.704,0.9192767,0.00277573,Right,Up,0.1083524,0.3304443,TransSlide
494.9798,19.97093,0,0.3996348,0.2341192,0,-0.7523488,9466.503,0.9194224,0.002702715,Right,Up,0.09065409,0.347023,TransSlide
495.0198,19.9587,0,0.3996348,0.2341192,0,-0.7670428,9467.302,0.9195746,0.002630742,Right,Up,0.08622923,0.3612061,TransSlide
495.0598,19.94651,0,0.3996348,0.2341192,0,-0.7805039,9468.101,0.9197069,0.00255973,Right,Up,0.08622923,0.3738708,TransSlide
495.0998,19.93436,0,0.3978038,0.2341192,0,-0.7925136,9468.897,0.9199554,0.002489628,Right,Up,0.08392937,0.3865204,TransSlide
495.1398,19.92227,0,0.3978038,0.2341192,0,-0.8031955,9469.694,0.9199843,0.002420578,Right,Up,0.08392937,0.3991699,TransSlide
495.1798,19.91023,0,0.3978038,0.2341192,0,-0.8124093,9470.491,0.9201083,0.002352421,Right,Up,0.08392937,0.4118042,TransSlide
495.2198,19.89821,0,0.3932261,0.2341192,0,-0.8203195,9471.288,0.9201235,0.002285275,Right,Up,0.08392937,0.4244385,TransSlide
495.2598,19.88623,0,0.3923106,0.2341192,0,-0.8268006,9472.083,0.9205058,0.002219056,Right,Up,0.08392937,0.4370651,TransSlide
495.2998,19.87366,0,0.3904796,0.2341192,0,-0.8403491,9472.878,0.919784,0.00215388,Right,Up,0.08392937,0.4496918,TransSlide
495.3398,19.86125,0,0.3859019,0.2341192,0,-0.8528256,9473.673,0.9192959,0.002089598,Right,Up,0.07401875,0.4623032,TransSlide
495.3798,19.84913,0,0.3804088,0.2341192,0,-0.8640292,9474.468,0.918895,0.002026326,Right,Up,0.06255726,0.4732437,TransSlide
495.4198,19.83664,0,0.3694224,0.2341192,0,-0.8736876,9475.261,0.9187809,0.001964064,Right,Up,0.06255726,0.4823608,TransSlide
495.4598,19.82411,0,0.3620982,0.2341192,0,-0.8821911,9476.054,0.91885,0.001902704,Right,Up,0.0656106,0.4914551,TransSlide
495.4998,19.8116,0,0.3511083,0.2341192,0,-0.8891867,9476.847,0.9189991,0.001842322,Right,Up,0.0656106,0.5005569,TransSlide
495.5398,19.79917,0,0.3437841,0.2341192,0,-0.8948525,9477.639,0.9190694,0.001782932,Right,Up,0.06255726,0.5096436,TransSlide
495.5798,19.78679,0,0.3373754,0.2341192,0,-0.8990558,9478.43,0.9191884,0.001724544,Right,Up,0.0656106,0.5187302,TransSlide
495.6198,19.77447,0,0.3282201,0.2341192,0,-0.9020652,9479.221,0.9193184,0.001667084,Right,Up,0.0656106,0.5278168,TransSlide
495.6598,19.7622,0,0.3208959,0.2341192,0,-0.9037433,9480.012,0.9194067,0.001610584,Right,Up,0.0656106,0.5368805,TransSlide
495.6998,19.75,0,0.3080785,0.2341192,0,-0.9039513,9480.802,0.9194671,0.001555118,Right,Up,0.0656106,0.5459518,TransSlide
495.7398,19.73781,0,0.2961767,0.2341192,0,-0.9029741,9481.591,0.9194555,0.00150058,Right,Up,0.0656106,0.5550079,TransSlide
495.7798,19.7257,0,0.2778661,0.2341192,0,-0.9007628,9482.38,0.9194303,0.001446994,Right,Up,0.0656106,0.564064,TransSlide
495.8198,19.71366,0,0.2549779,0.2341192,0,-0.8973283,9483.169,0.9193909,0.001394426,Right,Up,0.05595291,0.5731201,TransSlide
495.8598,19.70165,0,0.2375829,0.2341192,0,-0.8927097,9483.957,0.9193481,0.00134281,Straight,Up,0.04845664,0.5810776,TransSlide
495.8998,19.68971,0,0.2137792,0.2341192,0,-0.8867448,9484.744,0.9193096,0.001292171,Straight,Up,0.04845664,0.5869293,TransSlide
495.9398,19.678,0,0.1945531,0.2341192,0,-0.8796926,9485.531,0.9194627,0.001242467,Straight,Up,0.04845664,0.5927734,TransSlide
495.9798,19.6655,0,0.1652563,0.2341192,0,-0.8771675,9486.318,0.9192408,0.001193765,Straight,Up,0.04423466,0.5986252,TransSlide
496.0198,19.6533,0,0.1350439,0.2341192,0,-0.8768861,9487.104,0.9186432,0.001146057,Straight,Up,0.04845664,0.6044693,TransSlide
496.0598,19.64123,0,0.1057434,0.2341192,0,-0.8756261,9487.89,0.9183002,0.001099292,Straight,Up,0.04845664,0.6103058,TransSlide
496.0998,19.62929,0,0.07461548,0.2341192,0,-0.873312,9488.675,0.9180603,0.00105352,Straight,Up,0.04845664,0.6161423,TransSlide
496.1398,19.61711,0,0.05081177,0.2341192,0,-0.8701564,9489.46,0.918031,0.001008726,Straight,Up,0.04845664,0.6219635,TransSlide
496.1798,19.60495,0,0.02059937,0.2341192,0,-0.8661597,9490.245,0.9180771,0.0009648833,Straight,Up,0.04423466,0.6277924,TransSlide
496.2198,19.59284,0,-0.0151062,0.2341192,0,-0.8613305,9491.028,0.9181592,0.0009220011,Straight,Up,0.04423466,0.6336212,TransSlide
496.2598,19.58082,0,-0.0352478,0.2341192,0,-0.8556374,9491.812,0.9182749,0.0008800957,Straight,Up,0.04845664,0.6394348,TransSlide
496.2998,19.56887,0,-0.06546199,0.2341192,0,-0.8492565,9492.595,0.9183269,0.0008392085,Straight,Up,0.04845664,0.6452408,TransSlide
496.3398,19.557,0,-0.0892657,0.2341192,0,-0.8423087,9493.378,0.9184296,0.0007992403,Straight,Up,0.04423466,0.6510544,TransSlide
496.3798,19.54517,0,-0.1176471,0.2341192,0,-0.8348479,9494.159,0.918425,0.0007602655,Straight,Up,0.04845664,0.6568604,TransSlide
496.4198,19.53342,0,-0.1414508,0.2341192,0,-0.8268361,9494.94,0.918351,0.0007222924,Straight,Up,0.04423466,0.6626587,TransSlide
496.4598,19.52168,0,-0.1542681,0.2341192,0,-0.8184106,9495.722,0.9183169,0.0006852464,Straight,Up,0.04845664,0.668457,TransSlide
496.4998,19.51001,0,-0.1670855,0.2341192,0,-0.8096175,9496.503,0.91833,0.0006491856,Straight,Up,0.04423466,0.6742554,TransSlide
496.5398,19.49837,0,-0.1734942,0.2341192,0,-0.8005174,9497.282,0.918278,0.00061411,Straight,Up,0.03426402,0.6800461,TransSlide
496.5798,19.48676,0,-0.1853979,0.2341192,0,-0.7911714,9498.062,0.9182014,0.0005800194,Straight,Up,0.02797646,0.6828613,TransSlide
496.6198,19.47521,0,-0.1972997,0.2341192,0,-0.7815794,9498.841,0.9181392,0.0005468809,Straight,Up,0.02797646,0.6854324,TransSlide
496.6598,19.46367,0,-0.208286,0.2341192,0,-0.7718257,9499.62,0.9180664,0.0005147192,Straight,Up,0.02797646,0.6880035,TransSlide
496.6998,19.45217,0,-0.2201879,0.2341192,0,-0.7620093,9500.397,0.9180724,0.0004835509,Straight,Up,0.02797646,0.690567,TransSlide
496.7398,19.4407,0,-0.2320898,0.2341192,0,-0.7521533,9501.175,0.9179841,0.0004533595,Straight,Up,0.02797646,0.6931305,TransSlide
496.7798,19.42925,0,-0.239414,0.2341192,0,-0.7424859,9501.952,0.9179709,0.0004240953,Straight,Up,0.02797646,0.695694,TransSlide
496.8198,19.4178,0,-0.2504003,0.2341192,0,-0.7329007,9502.729,0.9178594,0.0003958411,Straight,Up,0.02797646,0.6982498,TransSlide
496.8598,19.4064,0,-0.2558935,0.2341192,0,-0.7235739,9503.506,0.9177566,0.0003685719,Straight,Up,0.02797646,0.7008133,TransSlide
496.8998,19.39502,0,-0.2677953,0.2341192,0,-0.7143624,9504.281,0.9176627,0.0003422548,Straight,Up,0.02797646,0.7033768,TransSlide
496.9398,19.38367,0,-0.2796972,0.2341192,0,-0.7053715,9505.057,0.9176409,0.0003168898,Straight,Up,0.02797646,0.7059326,TransSlide
496.9798,19.37232,0,-0.2851903,0.2341192,0,-0.6968052,9505.832,0.9176571,0.0002925181,Straight,Up,0.02797646,0.7084885,TransSlide
497.0198,19.36102,0,-0.2806127,0.2341192,0,-0.6887941,9506.607,0.917643,0.0002691481,Straight,Up,0.02797646,0.7110367,TransSlide
497.0598,19.3497,0,-0.239414,0.2341192,0,-0.6811565,9507.381,0.9176053,0.0002467384,Straight,Up,0.02797646,0.7135849,TransSlide
497.0998,19.33836,0,-0.1432818,0.2341192,0,-0.6739883,9508.154,0.9174501,0.0002252807,Straight,Up,0.02797646,0.7161407,TransSlide
497.1398,19.32734,0,-0.005950928,0.2341192,0,-0.6682018,9508.928,0.9172526,0.0002048082,Straight,Up,0.02797646,0.718689,TransSlide
497.1798,19.31648,0,0.09841919,0.2341192,0,-0.6694069,9509.701,0.9175376,0.0001853125,Straight,Up,0.02797646,0.7212372,TransSlide
497.2198,19.30554,0,0.2201879,0.2341192,0,-0.6705526,9510.473,0.9178316,0.0001668102,Straight,Up,0.02797646,0.7237778,TransSlide
497.2598,19.29448,0,0.2842748,0.2380865,0,-0.6719938,9511.244,0.9180068,0.0001492517,Straight,Up,0.02797646,0.726326,TransSlide
497.2998,19.28481,0,0.3428686,0.2380865,0,-0.673275,9512.016,0.9180134,0.0001326866,Straight,Up,0.02797646,0.7288666,TransSlide
497.3398,19.27511,0,0.3611827,0.2380865,0,-0.6750677,9512.787,0.917956,0.0001170983,Straight,Up,0.02797646,0.7314072,TransSlide
497.3798,19.26544,0,0.3675914,0.2380865,0,-0.676957,9513.559,0.917893,0.000102462,Straight,Up,0.02797646,0.7339478,TransSlide
497.4198,19.25581,0,0.3675914,0.2380865,0,-0.6792895,9514.328,0.917793,8.88192E-05,Straight,Up,0.02797646,0.7364807,TransSlide
497.4598,19.24621,0,0.3675914,0.2420539,0,-0.6818725,9515.098,0.9177492,7.615321E-05,Straight,Up,0.02797646,0.7390213,TransSlide
497.4998,19.23714,0,0.3675914,0.2420539,0,-0.6844427,9515.867,0.9176372,6.443924E-05,Straight,Up,0.02797646,0.7415543,TransSlide
497.5398,19.22843,0,0.3675914,0.2420539,0,-0.6867969,9516.637,0.9176652,5.371041E-05,Straight,Up,0.02797646,0.7440872,TransSlide
497.5798,19.21974,0,0.3520274,0.2420539,0,-0.6889812,9517.406,0.917621,4.39667E-05,Straight,Up,0.02797646,0.7466278,TransSlide
497.6198,19.21108,0,0.3318822,0.2420539,0,-0.6907262,9518.175,0.9176269,3.519985E-05,Straight,Up,0.02797646,0.7491608,TransSlide
497.6598,19.20241,0,0.3135717,0.2420539,0,-0.6921754,9518.942,0.9175926,2.73933E-05,Straight,Up,0.02797646,0.7516861,TransSlide
497.6998,19.19375,0,0.289768,0.2420539,0,-0.6934361,9519.71,0.91754,2.057188E-05,Straight,Up,0.01978234,0.7542191,TransSlide
497.7398,19.18512,0,0.274204,0.2420539,0,-0.6941664,9520.478,0.9176329,1.472731E-05,Straight,Up,0,0.7550888,TransSlide
497.7798,19.1765,0,0.2604711,0.2420539,0,-0.6943803,9521.245,0.9175708,9.843045E-06,Straight,Up,0,0.7511749,TransSlide
497.8198,19.16787,0,0.2558935,0.2420539,0,-0.6942368,9522.013,0.9177088,5.935629E-06,Straight,Up,0,0.747261,TransSlide
497.8598,19.15927,0,0.2558935,0.2420539,0,-0.6936095,9522.778,0.9177512,3.013346E-06,Straight,Up,0,0.7433472,TransSlide
497.8998,19.15069,0,0.2558935,0.2420539,0,-0.6924949,9523.544,0.9177355,1.076195E-06,Straight,Up,0,0.7394333,TransSlide
497.9398,19.14212,0,0.2549779,0.2420539,0,-0.6909178,9524.31,0.9177049,9.106265E-08,Straight,Up,0,0.735527,TransSlide

Participant ID:, 005
DateTime:, 2026-07-22 13:02:35
Target Speed:, 80 km/h
Camera xyz:, -0.2339134,-0.0933181,0.2078125
Trial Duration:, 180 s
Warmup Duration:, 30 s
