Time,Speed,WheelsOffRoad,SteeringAngle,ThrottlePos,BrakePos,LanePosition,DistanceTravelledm,CamHeightm,PropOfTotalHeight,RoadDirection,RoadSlope,RoadHeadingChange,RoadSlopeAngle,RoadAttribute
376.9599,20.84965,0,-0.1066607,0.3055466,0,0.5191774,6697.063,1.831614,0.9999999,Straight,Up,0,0.4409637,TransSharp
376.9999,20.85279,0,-0.0892657,0.3055466,0,0.5102638,6697.896,1.830744,0.9999989,Straight,Up,0,0.4367065,TransSharp
377.0399,20.85586,0,-0.07187068,0.3055466,0,0.5009449,6698.73,1.829957,0.999997,Straight,Up,0,0.4324417,TransSharp
377.0799,20.85882,0,-0.05264282,0.3055466,0,0.4913231,6699.564,1.829352,0.999994,Straight,Up,0,0.4281845,TransSharp
377.1199,20.86171,0,-0.04806519,0.3055466,0,0.4814564,6700.398,1.828887,0.9999901,Straight,Up,0,0.4239273,TransSharp
377.1599,20.86458,0,-0.04806519,0.3055466,0,0.4712461,6701.233,1.828501,0.9999852,Straight,Up,0,0.4196625,TransSharp
377.1999,20.86742,0,-0.04806519,0.3055466,0,0.4606301,6702.068,1.82825,0.9999794,Straight,Up,0,0.4154053,TransSharp
377.2399,20.87027,0,-0.04806519,0.3055466,0,0.4496333,6702.903,1.828096,0.9999726,Straight,Up,0,0.4111404,TransSharp
377.2799,20.87312,0,-0.04806519,0.3055466,0,0.4381351,6703.738,1.827876,0.9999648,Straight,Up,-0.03426402,0.406868,TransSharp
377.3199,20.87599,0,-0.04806519,0.3055466,0,0.4262844,6704.573,1.827769,0.999956,Straight,Up,-0.03426402,0.3914871,TransSharp
377.3599,20.8788,0,-0.04714966,0.3055466,0,0.4141679,6705.408,1.827782,0.9999463,Straight,Up,-0.03426402,0.3746338,TransSharp
377.3999,20.88035,0,-0.0453186,0.3055466,0,0.4016252,6706.243,1.827058,0.9999356,Straight,Up,-0.03426402,0.3577728,TransSharp
377.4399,20.88533,0,-0.04074097,0.3055466,0,0.3929228,6707.078,1.827793,0.9999238,Straight,Up,-0.03426402,0.3409348,TransSharp
377.4799,20.8897,0,-0.02975464,0.3055466,0,0.3861114,6707.914,1.829394,0.9999112,Straight,Up,-0.03426402,0.3240891,TransSharp
377.5199,20.89326,0,-0.01052856,0.2817273,0,0.3790718,6708.75,1.830639,0.9998975,Straight,Up,-0.03426402,0.3072357,TransSharp
377.5599,20.89225,0,0.02151489,0.2817273,0,0.3717079,6709.586,1.830999,0.9998829,Straight,Up,-0.03426402,0.2903748,TransSharp
377.5999,20.89196,0,0.04440308,0.2817273,0,0.364222,6710.422,1.830684,0.9998673,Straight,Up,-0.03956468,0.2735062,TransSharp
377.6399,20.89159,0,0.04623413,0.2817273,0,0.3565497,6711.258,1.830273,0.9998507,Straight,Up,-0.03426402,0.2566376,TransSharp
377.6799,20.89114,0,0.04623413,0.2817273,0,0.3488925,6712.094,1.829694,0.9998332,Straight,Up,-0.03426402,0.2397614,TransSharp
377.7199,20.89062,0,0.04623413,0.2817273,0,0.3408382,6712.93,1.829092,0.9998147,Straight,Up,-0.03956468,0.2228928,TransSharp
377.7599,20.89005,0,0.04623413,0.2817273,0,0.3326204,6713.766,1.828535,0.9997952,Straight,Up,-0.03426402,0.2060242,TransSharp
377.7999,20.88945,0,0.04623413,0.2817273,0,0.3244096,6714.602,1.82818,0.9997747,Straight,Up,-0.03956468,0.1891479,TransSharp
377.8399,20.88883,0,0.04623413,0.2817273,0,0.3159513,6715.438,1.827943,0.9997533,Straight,Up,-0.03956468,0.1722717,TransSharp
377.8799,20.88821,0,0.03433228,0.2817273,0,0.3071957,6716.273,1.827736,0.9997308,Straight,Up,-0.03426402,0.1554108,TransSharp
377.9199,20.88762,0,0.02792358,0.2817273,0,0.2982829,6717.109,1.827686,0.9997075,Straight,Flat,-0.02797646,0.1385498,TransSharp
377.9599,20.88702,0,0.02700806,0.2817273,0,0.2892143,6717.945,1.827639,0.9996831,Straight,Flat,0,0.1216736,TransSharp
377.9999,20.88641,0,0.02700806,0.27776,0,0.2800198,6718.781,1.827622,0.9996578,Straight,Flat,-0.01978234,0.1176987,TransSharp
378.0399,20.88531,0,0.02700806,0.2737926,0,0.2706231,6719.616,1.827516,0.9996315,Straight,Flat,0,0.113884,TransSharp
378.0799,20.88336,0,0.02700806,0.2737926,0,0.2612147,6720.451,1.827484,0.9996042,Straight,Flat,0,0.1100616,TransSharp
378.1199,20.88106,0,0.02700806,0.2737926,0,0.2516196,6721.286,1.827485,0.9995759,Straight,Flat,0,0.1062469,TransSharp
378.1599,20.87874,0,0.02700806,0.2698253,0,0.2419219,6722.121,1.827452,0.9995466,Straight,Flat,0,0.1024323,TransSharp
378.1999,20.87594,0,0.02700806,0.2698253,0,0.2323384,6722.956,1.827408,0.9995165,Straight,Flat,0,0.09861755,TransSharp
378.2399,20.87279,0,0.02700806,0.2698253,0,0.2228917,6723.791,1.827429,0.9994853,Straight,Flat,0,0.09480286,TransSharp
378.2799,20.86963,0,0.02700806,0.2698253,0,0.2134686,6724.626,1.82743,0.9994531,Straight,Flat,0,0.09098816,TransSharp
378.3199,20.86648,0,0.02700806,0.2658579,0,0.2039378,6725.461,1.827348,0.99942,Straight,Flat,0,0.08717346,TransSharp
378.3599,20.86243,0,0.02700806,0.2618906,0,0.1944934,6726.296,1.827318,0.9993859,Straight,Flat,0,0.08336639,TransSharp
378.3999,20.85793,0,0.01602173,0.2618906,0,0.1850301,6727.13,1.827208,0.9993508,Straight,Flat,0,0.0795517,TransSharp
378.4399,20.85308,0,0.004119873,0.2539559,0,0.1757647,6727.964,1.827244,0.9993147,Straight,Flat,-0.01978234,0.07574463,TransSharp
378.4799,20.84683,0,-0.02426147,0.2539559,0,0.166328,6728.798,1.82729,0.9992777,Straight,Flat,0,0.07192993,TransSharp
378.5199,20.84028,0,-0.04714966,0.2539559,0,0.1568755,6729.632,1.827284,0.9992397,Straight,Flat,0,0.06812286,TransSharp
378.5599,20.83374,0,-0.07003963,0.2499886,0,0.147268,6730.465,1.827292,0.9992008,Straight,Flat,0,0.0643158,TransSharp
378.5999,20.8263,0,-0.07553279,0.2499886,0,0.1377093,6731.298,1.827395,0.9991608,Straight,Flat,0,0.06050873,TransSharp
378.6399,20.81892,0,-0.07553279,0.2499886,0,0.128017,6732.131,1.827422,0.9991199,Straight,Flat,0,0.05670929,TransSharp
378.6799,20.81444,0,-0.07553279,0.2460212,0,0.1172751,6732.963,1.825895,0.999078,Straight,Flat,0,0.05290222,TransSharp
378.7199,20.80462,0,-0.07553279,0.2341192,0,0.107644,6733.795,1.829215,0.9990351,Straight,Flat,0,0.04910278,TransSharp
378.7599,20.79353,0,-0.07553279,0.2222171,0,0.09798303,6734.627,1.828695,0.9989913,Straight,Flat,-0.01978234,0.04531097,TransSharp
378.7999,20.77611,0,-0.07553279,0.2182498,0,0.08752474,6735.458,1.828005,0.9989464,Straight,Flat,0,0.04150391,TransSharp
378.8399,20.76504,0,-0.07553279,0.2182498,0,0.07735625,6736.29,1.827044,0.9989008,Straight,Flat,0,0.03770447,TransSharp
378.8799,20.75144,0,-0.07553279,0.2182498,0,0.06760386,6737.12,1.82656,0.998854,Straight,Flat,0,0.03390503,TransSharp
378.9199,20.73721,0,-0.07553279,0.2142824,0,0.05777863,6737.949,1.826305,0.9988062,Straight,Flat,0,0.03012085,TransSharp
378.9599,20.72246,0,-0.07553279,0.1904631,0,0.04781237,6738.778,1.826131,0.9987575,Straight,Flat,0,0.02633667,TransSharp
378.9999,20.70316,0,-0.07003963,0.1507896,0,0.03775081,6739.606,1.826308,0.9987079,Straight,Flat,0,-0.0815506,TransSlide
379.0399,20.67723,0,-0.07003963,0.1507896,0,0.02737543,6740.434,1.826393,0.9986572,Straight,Flat,0,-0.09029388,TransSlide
379.0799,20.64847,0,-0.06363094,0.1507896,0,0.01688227,6741.26,1.82648,0.9986056,Straight,Flat,0,-0.09901428,TransSlide
379.1199,20.61973,0,-0.03433228,0.1507896,0,0.00614503,6742.085,1.826582,0.998553,Straight,Flat,0,-0.1077271,TransSlide
379.1599,20.59107,0,-0.02243042,0.1507896,0,-0.00466156,6742.909,1.826585,0.9984995,Straight,Flat,-0.01978234,-0.1164322,TransSlide
379.1999,20.5625,0,-0.01602173,0.1507896,0,-0.01548287,6743.732,1.826647,0.9984449,Straight,Flat,0,-0.1251221,TransSlide
379.2399,20.53402,0,-0.01602173,0.1507896,0,-0.02658352,6744.554,1.826796,0.9983894,Straight,Flat,0,-0.1337967,TransSlide
379.2799,20.50562,0,-0.01602173,0.1507896,0,-0.03782907,6745.374,1.826825,0.998333,Straight,Flat,-0.01978234,-0.1424713,TransSlide
379.3199,20.47731,0,-0.01144409,0.1507896,0,-0.04936054,6746.193,1.826861,0.9982755,Straight,Down,-0.01978234,-0.151123,TransSlide
379.3599,20.44909,0,0.003204346,0.1507896,0,-0.06091952,6747.012,1.826848,0.9982171,Straight,Down,0,-0.1597672,TransSlide
379.3999,20.42092,0,0.02334595,0.1706264,0,-0.07269198,6747.829,1.826699,0.9981577,Straight,Down,0,-0.168396,TransSlide
379.4399,20.39549,0,0.03890991,0.1706264,0,-0.0841479,6748.645,1.826363,0.9980974,Straight,Down,0,-0.1770172,TransSlide
379.4799,20.37202,0,0.04440308,0.1706264,0,-0.09565961,6749.459,1.825986,0.998036,Straight,Down,-0.01978234,-0.1856308,TransSlide
379.5199,20.34861,0,0.04623413,0.1706264,0,-0.1071655,6750.273,1.826649,0.9979737,Straight,Down,0,-0.1942215,TransSlide
379.5599,20.32518,0,0.04714966,0.1706264,0,-0.1185153,6751.087,1.827122,0.9979104,Straight,Down,0,-0.2028122,TransSlide
379.5999,20.30229,0,0.05081177,0.1706264,0,-0.1300417,6751.899,1.827173,0.9978461,Straight,Down,0,-0.2113876,TransSlide
379.6399,20.27943,0,0.05081177,0.1706264,0,-0.1415627,6752.711,1.827155,0.9977809,Straight,Down,0,-0.2199554,TransSlide
379.6799,20.25659,0,0.05081177,0.1706264,0,-0.1530462,6753.521,1.827155,0.9977148,Straight,Down,0,-0.2285156,TransSlide
379.7199,20.2338,0,0.05081177,0.1706264,0,-0.164931,6754.331,1.827055,0.9976476,Straight,Down,0,-0.2370682,TransSlide
379.7599,20.21097,0,0.05081177,0.1706264,0,-0.1769452,6755.14,1.826678,0.9975795,Straight,Down,0,-0.2456131,TransSlide
379.7999,20.18941,0,0.05081177,0.1706264,0,-0.1882337,6755.947,1.825692,0.9975104,Left,Down,-0.1065312,-0.2541351,TransSlide
379.8399,20.1684,0,0.05081177,0.1706264,0,-0.1952334,6756.754,1.827308,0.9974404,Left,Down,-0.1186941,-0.3220062,TransSlide
379.8799,20.14709,0,0.05081177,0.1745937,0,-0.2023137,6757.561,1.828638,0.9973693,Left,Down,-0.1203313,-0.4014511,TransSlide
379.9199,20.126,0,0.05081177,0.1745937,0,-0.2091356,6758.366,1.829416,0.9972973,Left,Down,-0.1203313,-0.4808578,TransSlide
379.9599,20.10641,0,0.05081177,0.1785611,0,-0.2150613,6759.17,1.828461,0.9972243,Left,Down,-0.1203313,-0.5601959,TransSlide
379.9999,20.08857,0,0.05081177,0.1904631,0,-0.2212234,6759.974,1.828174,0.9971504,Left,Down,-0.1203313,-0.6394196,TransSlide
380.0399,20.0737,0,0.05081177,0.1944305,0,-0.2278647,6760.777,1.829231,0.9970754,Left,Down,-0.1027921,-0.7184982,TransSlide
380.0799,20.06138,0,0.05081177,0.2023651,0,-0.2304303,6761.58,1.831407,0.9969996,Left,Down,-0.08392937,-0.7891006,TransSlide
380.1199,20.05,0,0.05081177,0.2063325,0,-0.2303458,6762.381,1.832701,0.9969227,Left,Down,-0.08392937,-0.8470764,TransSlide
380.1599,20.04041,0,0.05081177,0.2182498,0,-0.2313353,6763.183,1.833209,0.9968449,Left,Down,-0.08622923,-0.9050751,TransSlide
380.1999,20.03423,0,0.03982544,0.2182498,0,-0.2323132,6763.985,1.832578,0.9967661,Left,Down,-0.08622923,-0.9631195,TransSlide
380.2399,20.02883,0,0.03890991,0.2182498,0,-0.2333473,6764.786,1.831354,0.9966863,Left,Down,-0.08392937,-1.021164,TransSlide
380.2799,20.0232,0,0.03799438,0.2261845,0,-0.2341186,6765.586,1.829904,0.9966056,Left,Down,-0.08392937,-1.079201,TransSlide
380.3199,20.01916,0,0.03799438,0.2301518,0,-0.233973,6766.387,1.827676,0.9965239,Left,Down,-0.08622923,-1.137199,TransSlide
380.3599,20.01689,0,0.03341675,0.2341192,0,-0.2344034,6767.188,1.828038,0.9964412,Left,Down,-0.08622923,-1.19516,TransSlide
380.3999,20.01324,0,0.02700806,0.2380865,0,-0.2348482,6767.989,1.828156,0.9963577,Left,Down,-0.07401875,-1.253059,TransSlide
380.4399,20.01541,0,0.02334595,0.2380865,0,-0.233687,6768.79,1.828216,0.996273,Straight,Down,0.01978234,-1.310867,TransSlide
380.4799,20.01835,0,0.02151489,0.2380865,0,-0.2296287,6769.59,1.831145,0.9961875,Straight,Down,0.01978234,-1.327866,TransSlide
380.5199,20.02097,0,0.02151489,0.2420539,0,-0.2264231,6770.391,1.833342,0.9961009,Straight,Down,0.01978234,-1.342377,TransSlide
380.5599,20.02297,0,0.02151489,0.2539559,0,-0.2232497,6771.192,1.834257,0.9960135,Straight,Down,0.01978234,-1.356903,TransSlide
380.5999,20.03115,0,0.02151489,0.2539559,0,-0.2199771,6771.993,1.83364,0.995925,Straight,Down,0,-1.371452,TransSlide
380.6399,20.03901,0,0.02151489,0.2539559,0,-0.2165646,6772.794,1.832294,0.9958355,Straight,Down,0.01978234,-1.386009,TransSlide
380.6799,20.04664,0,0.02151489,0.2539559,0,-0.2129595,6773.596,1.830765,0.9957452,Straight,Down,0,-1.400574,TransSlide
380.7199,20.0541,0,0.02151489,0.2539559,0,-0.2093045,6774.398,1.829409,0.9956538,Straight,Down,0.01978234,-1.415154,TransSlide
380.7599,20.06143,0,0.02151489,0.2579232,0,-0.2053446,6775.201,1.828194,0.9955614,Straight,Down,0.01978234,-1.429726,TransSlide
380.7999,20.06921,0,0.02151489,0.2579232,0,-0.2013405,6776.003,1.827215,0.9954681,Straight,Down,0,-1.444305,TransSlide
380.8399,20.07727,0,0.02151489,0.2579232,0,-0.1972531,6776.806,1.826512,0.995374,Straight,Down,0.01978234,-1.4589,TransSlide
380.8799,20.08528,0,0.02151489,0.2579232,0,-0.1929693,6777.61,1.825989,0.9952787,Straight,Down,0.01978234,-1.473495,TransSlide
380.9199,20.09328,0,0.02151489,0.2579232,0,-0.1885255,6778.414,1.825626,0.9951824,Straight,Down,0.01978234,-1.488091,TransSlide
380.9599,20.10126,0,0.02151489,0.2579232,0,-0.1840379,6779.217,1.825353,0.9950854,Straight,Down,0.01978234,-1.502693,TransSlide
380.9999,20.10924,0,0.02151489,0.2579232,0,-0.1795596,6780.022,1.825163,0.9949872,Straight,Down,0,-1.517303,TransSlide
381.0399,20.11718,0,0.02151489,0.2380865,0,-0.1748624,6780.827,1.824989,0.9948881,Straight,Down,0.01978234,-1.531921,TransSlide
381.0799,20.12253,0,0.02700806,0.2341192,0,-0.1701469,6781.631,1.824842,0.9947881,Straight,Down,0.01978234,-1.546539,TransSlide
381.1199,20.12527,0,0.03799438,0.2341192,0,-0.165344,6782.436,1.824791,0.994687,Straight,Down,0.01978234,-1.561157,TransSlide
381.1599,20.12797,0,0.05172729,0.2341192,0,-0.1604627,6783.241,1.824697,0.994585,Straight,Down,0.01978234,-1.575783,TransSlide
381.1999,20.13065,0,0.06546021,0.2341192,0,-0.1554196,6784.046,1.82472,0.994482,Straight,Down,0,-1.590416,TransSlide
381.2399,20.13333,0,0.07003784,0.2341192,0,-0.1502067,6784.852,1.824567,0.9943781,Straight,Down,0.01978234,-1.605034,TransSlide
381.2799,20.13599,0,0.08651733,0.2341192,0,-0.1448009,6785.657,1.824557,0.9942733,Straight,Down,0.01978234,-1.619667,TransSlide
381.3199,20.13867,0,0.1048279,0.2341192,0,-0.1394233,6786.463,1.82444,0.9941674,Straight,Down,0,-1.6343,TransSlide
381.3599,20.14128,0,0.1515234,0.2341192,0,-0.1340547,6787.269,1.824302,0.9940606,Straight,Down,0.01978234,-1.648933,TransSlide
381.3999,20.14401,0,0.208286,0.2341192,0,-0.1280023,6788.074,1.824098,0.9939529,Straight,Down,0,-1.663567,TransSlide
381.4398,20.14687,0,0.2439916,0.2341192,0,-0.1214365,6788.88,1.823689,0.9938442,Straight,Down,0,-1.6782,TransSlide
381.4799,20.14966,0,0.289768,0.2341192,0,-0.1144744,6789.686,1.824197,0.9937344,Straight,Down,0.01978234,-1.692841,TransSlide
381.5199,20.15232,0,0.3080785,0.2341192,0,-0.1070539,6790.491,1.824554,0.9936237,Straight,Down,0.01978234,-1.707474,TransSlide
381.5599,20.1552,0,0.3144872,0.2341192,0,-0.09899074,6791.297,1.824751,0.9935122,Straight,Down,0.01978234,-1.722122,TransSlide
381.5999,20.15831,0,0.3144872,0.2341192,0,-0.0904758,6792.104,1.824845,0.9933996,Straight,Down,0.01978234,-1.736763,TransSlide
381.6399,20.1613,0,0.3144872,0.2341192,0,-0.08183688,6792.911,1.824831,0.9932861,Straight,Down,0.01978234,-1.751404,TransSlide
381.6799,20.1642,0,0.3144872,0.2341192,0,-0.07268694,6793.717,1.82467,0.9931716,Straight,Down,0.01978234,-1.76606,TransSlide
381.7199,20.16723,0,0.3144872,0.2341192,0,-0.06340179,6794.524,1.824498,0.9930561,Straight,Down,0.01978234,-1.780708,TransSlide
381.7599,20.17013,0,0.3154027,0.2341192,0,-0.05371836,6795.331,1.824373,0.9929397,Straight,Down,0.01978234,-1.795357,TransSlide
381.7999,20.17301,0,0.3263891,0.2341192,0,-0.04351771,6796.137,1.825118,0.9928222,Straight,Down,0.03956468,-1.81002,TransSlide
381.8399,20.17484,0,0.3392065,0.2341192,0,-0.03978366,6796.944,1.823811,0.992704,Right,Down,0.06852804,-1.804146,TransSlide
381.8799,20.17692,0,0.3630137,0.2341192,0,-0.03559089,6797.75,1.822582,0.9925846,Right,Down,0.06852804,-1.778625,TransSlide
381.9199,20.17955,0,0.3859019,0.2341192,0,-0.03069377,6798.558,1.821521,0.9924643,Right,Down,0.06852804,-1.753105,TransSlide
381.9599,20.18107,0,0.4325938,0.2341192,0,-0.02495903,6799.365,1.821326,0.9923432,Right,Down,0.0656106,-1.7276,TransSlide
381.9999,20.18251,0,0.4921031,0.2341192,0,-0.01832002,6800.173,1.821406,0.9922209,Right,Down,0.0656106,-1.702095,TransSlide
382.0399,20.18408,0,0.5351329,0.2341192,0,-0.01070353,6800.98,1.821663,0.9920977,Right,Down,0.0656106,-1.676582,TransSlide
382.0799,20.18533,0,0.5772471,0.2341192,0,-0.001000732,6801.788,1.821231,0.9919736,Right,Down,0.0656106,-1.651085,TransSlide
382.1199,20.18725,0,0.588237,0.2341192,0,0.009452909,6802.596,1.822182,0.9918486,Right,Down,0.0656106,-1.625595,TransSlide
382.1599,20.19003,0,0.588237,0.2341192,0,0.0206202,6803.403,1.823982,0.9917226,Right,Down,0.06852804,-1.600113,TransSlide
382.1999,20.19126,0,0.588237,0.2341192,0,0.03341392,6804.211,1.82765,0.9915956,Right,Down,0.08622923,-1.574577,TransSlide
382.2399,20.19074,0,0.588237,0.2341192,0,0.04201797,6805.019,1.824867,0.9914676,Right,Down,0.09891172,-1.540031,TransSlide
382.2799,20.19067,0,0.588237,0.2341192,0,0.05029812,6805.826,1.821626,0.9913388,Right,Down,0.09891172,-1.496803,TransSlide
382.3199,20.19255,0,0.588237,0.2539559,0,0.05982232,6806.634,1.818827,0.9912089,Right,Down,0.09891172,-1.453583,TransSlide
382.3599,20.19445,0,0.588237,0.2618906,0,0.07101479,6807.441,1.817826,0.991078,Right,Down,0.09891172,-1.410423,TransSlide
382.3999,20.19841,0,0.588237,0.2618906,0,0.08477011,6808.249,1.816658,0.9909463,Right,Down,0.1008706,-1.367302,TransSlide
382.4398,20.20458,0,0.5946457,0.2658579,0,0.09931114,6809.057,1.8187,0.9908136,Right,Down,0.09891172,-1.324226,TransSlide
382.4799,20.2117,0,0.6129563,0.2698253,0,0.1154821,6809.866,1.823921,0.9906799,Right,Down,0.1136409,-1.281082,TransSlide
382.5199,20.21464,0,0.6239426,0.2737926,0,0.1287462,6810.674,1.823266,0.9905452,Right,Down,0.1266688,-1.231445,TransSlide
382.5599,20.21975,0,0.6413376,0.2856947,0,0.1428591,6811.483,1.820241,0.9904097,Right,Down,0.1282043,-1.173042,TransSlide
382.5999,20.23072,0,0.6651413,0.289662,0,0.1579596,6812.292,1.817264,0.9902731,Right,Down,0.1266688,-1.114571,TransSlide
382.6399,20.23802,0,0.6944382,0.289662,0,0.1759743,6813.102,1.81459,0.9901356,Right,Down,0.1266688,-1.056229,TransSlide
382.6799,20.25176,0,0.7328904,0.2936446,0,0.1953357,6813.912,1.816967,0.9899971,Right,Down,0.1297215,-0.9979477,TransSlide
382.7199,20.25839,0,0.7841599,0.2936446,0,0.2157808,6814.722,1.822737,0.9898577,Right,Down,0.1506579,-0.9395599,TransSlide
382.7599,20.26376,0,0.8143723,0.2936446,0,0.233209,6815.533,1.820236,0.9897172,Right,Down,0.1532334,-0.8689651,TransSlide
382.7999,20.27014,0,0.8564901,0.2936446,0,0.2532507,6816.343,1.817264,0.9895759,Right,Down,0.1532334,-0.7962494,TransSlide
382.8399,20.27995,0,0.8912802,0.2936446,0,0.276123,6817.154,1.812934,0.9894337,Right,Down,0.1532334,-0.7236023,TransSlide
382.8799,20.29423,0,0.9251547,0.2936446,0,0.3007353,6817.966,1.816562,0.9892904,Right,Down,0.1631294,-0.6510544,TransSlide
382.9199,20.29313,0,0.9452963,0.3055466,0,0.3248087,6818.777,1.820102,0.9891462,Right,Down,0.1791368,-0.5757523,TransSlide
382.9599,20.29679,0,0.9663534,0.309514,0,0.348531,6819.589,1.817831,0.9890012,Right,Down,0.1791368,-0.4893723,TransSlide
382.9999,20.30007,0,0.9791708,0.309514,0,0.3754946,6820.4,1.812925,0.988855,Right,Down,0.1791368,-0.4029312,TransSlide
383.0399,20.32099,0,0.9919882,0.309514,0,0.4048146,6821.213,1.814677,0.9887079,Right,Down,0.1887116,-0.3165588,TransSlide
383.0799,20.32162,0,1.002975,0.309514,0,0.4335878,6822.025,1.818556,0.9885599,Right,Down,0.2046302,-0.2268753,TransSlide
383.1199,20.32439,0,1.00389,0.309514,0,0.4624518,6822.838,1.816049,0.988411,Right,Flat,0.2046302,-0.1269379,TransSlide
383.1599,20.32466,0,1.00389,0.309514,0,0.4949463,6823.65,1.809948,0.988261,Right,Flat,0.2046302,-0.02700806,TransSlide
383.1999,20.33534,0,0.9983969,0.309514,0,0.5302645,6824.464,1.817723,0.9881101,Right,Flat,0.2246844,0.07299042,TransSlide
383.2399,20.3385,0,0.9983969,0.309514,0,0.5619656,6825.277,1.816056,0.9879583,Right,Up,0.2306999,0.1830902,TransSlide
383.2799,20.33447,0,0.9983969,0.3134814,0,0.5980655,6826.091,1.81111,0.9878056,Right,Up,0.2306999,0.2965393,TransSlide
383.3199,20.35369,0,0.9983969,0.3134814,0,0.6372754,6826.905,1.815024,0.9876519,Right,Up,0.2478722,0.4102707,TransSlide
383.3599,20.35045,0,0.9974813,0.3134814,0,0.6743842,6827.719,1.815387,0.9874972,Right,Up,0.2564087,0.5321579,TransSlide
383.3999,20.34476,0,0.9919882,0.3134814,0,0.7146948,6828.532,1.80975,0.9873416,Right,Up,0.2579304,0.6592026,TransSlide
383.4398,20.35141,0,0.9901571,0.3134814,0,0.7581257,6829.347,1.816181,0.987185,Right,Up,0.2790645,0.7866364,TransSlide
383.4799,20.34561,0,0.9855795,0.3134814,0,0.798876,6830.161,1.812753,0.9870275,Right,Up,0.2832403,0.9250259,TransSlide
383.5199,20.34866,0,0.9745932,0.3174487,0,0.8428067,6830.974,1.808784,0.986869,Right,Up,0.289391,1.065651,TransSlide
383.5599,20.36194,0,0.9571981,0.3372854,0,0.8881566,6831.788,1.811143,0.9867096,Right,Up,0.8045425,1.208641,TransSlide
383.5999,20.3538,0,0.9324789,0.3729915,0,0.9294737,6832.602,1.812763,0.9865492,Right,Up,0.8970026,1.192566,TransSlide
383.6399,20.35405,0,0.9141684,0.3769741,0,0.9636269,6833.417,1.816136,0.9863879,Right,Up,0.8494976,1.127281,TransSlide
383.6799,20.37242,0,0.8958578,0.3769741,0,0.9910359,6834.231,1.817709,0.9862257,Right,Up,0.8025945,1.064774,TransSlide
383.7199,20.38811,0,0.8775473,0.3769741,0,1.011252,6835.047,1.818825,0.9860625,Right,Up,0.7579558,1.005066,TransSlide
383.7599,20.40686,0,0.8628988,0.3769741,0,1.025791,6835.864,1.819488,0.9858983,Right,Up,0.7149112,0.9480591,TransSlide
383.7999,20.43129,0,0.8482504,0.3769741,0,1.034302,6836.681,1.819917,0.9857331,Right,Up,0.6743467,0.893631,TransSlide
383.8399,20.4492,0,0.8363485,0.3769741,0,1.038742,6837.499,1.819561,0.9855672,Right,Up,0.6367366,0.8416214,TransSlide
383.8799,20.4707,0,0.8189499,0.3769741,0,1.039128,6838.317,1.818678,0.9854001,Right,Up,0.6006827,0.7918396,TransSlide
383.9199,20.49354,0,0.803386,0.3769741,0,1.035903,6839.136,1.817789,0.9852322,Right,Up,0.5671728,0.7442169,TransSlide
383.9599,20.4942,0,0.7969773,0.3769741,0,1.028989,6839.956,1.817277,0.9850633,Right,Up,0.5337587,0.6985397,TransSlide
383.9999,20.50369,0,0.7951462,0.3769741,0,1.017917,6840.776,1.82064,0.9848934,Right,Up,0.5043544,0.6554031,TransSlide
384.0399,20.52737,0,0.7905686,0.3769741,0,1.004725,6841.597,1.818631,0.9847227,Right,Up,0.4784724,0.613884,TransSlide
384.0799,20.53753,0,0.7841599,0.3769741,0,0.9903595,6842.418,1.816039,0.9845509,Right,Up,0.4502396,0.5737915,TransSlide
384.1199,20.56412,0,0.7777512,0.3769741,0,0.9714595,6843.241,1.820847,0.9843783,Right,Up,0.4228991,0.5358658,TransSlide
384.1599,20.5772,0,0.7731736,0.3769741,0,0.9516045,6844.063,1.817147,0.9842046,Right,Up,0.4073442,0.4994125,TransSlide
384.1999,20.58732,0,0.7676804,0.3769741,0,0.9306228,6844.887,1.818934,0.9840301,Right,Up,0.3743001,0.4641876,TransSlide
384.2399,20.61994,0,0.7612717,0.3769741,0,0.9069772,6845.712,1.817549,0.9838547,Right,Up,0.3642322,0.4308548,TransSlide
384.2799,20.62176,0,0.7484543,0.3769741,0,0.8838782,6846.537,1.817823,0.9836781,Right,Up,0.3292442,0.3983231,TransSlide
384.3199,20.64784,0,0.7310593,0.3769741,0,0.85729,6847.362,1.816922,0.9835007,Right,Up,0.3208161,0.3679047,TransSlide
384.3599,20.65718,0,0.7127488,0.3769741,0,0.8320916,6848.188,1.819188,0.9833224,Right,Up,0.2960753,0.3381195,TransSlide
384.3999,20.67825,0,0.6834519,0.3769741,0,0.806181,6849.016,1.815458,0.9831432,Right,Up,0.2748253,0.3095779,TransSlide
384.4398,20.69794,0,0.6605637,0.3769741,0,0.7775534,6849.843,1.817786,0.9829628,Right,Up,0.2748253,0.2826996,TransSlide
384.4799,20.71396,0,0.6010544,0.3769741,0,0.7515123,6850.671,1.816319,0.9827816,Right,Up,0.235734,0.2558136,TransSlide
384.5199,20.72831,0,0.5342174,0.3769741,0,0.7230877,6851.5,1.815461,0.9825996,Right,Up,0.2264194,0.2312698,TransSlide
384.5599,20.75123,0,0.4747081,0.3769741,0,0.6939607,6852.33,1.816548,0.9824166,Right,Up,0.2264194,0.2074661,TransSlide
384.5999,20.76433,0,0.405128,0.3769741,0,0.6677499,6853.161,1.816952,0.9822326,Right,Up,0.1988102,0.1836548,TransSlide
384.6399,20.78273,0,0.3685069,0.3769741,0,0.6416565,6853.992,1.814168,0.9820477,Right,Up,0.1713202,0.1611557,TransSlide
384.6799,20.80328,0,0.3327978,0.3769741,0,0.6121354,6854.824,1.814378,0.9818619,Right,Flat,0.1713202,0.1407928,TransSlide
384.7198,20.82585,0,0.2980077,0.3769741,0,0.5836086,6855.657,1.815672,0.981675,Right,Flat,0.1713202,0.1204453,TransSlide
384.7599,20.84076,0,0.2659643,0.3769741,0,0.5585624,6856.49,1.816456,0.9814873,Right,Flat,0.165511,0.1000748,TransSlide
384.7999,20.85745,0,0.1963842,0.3769741,0,0.5358621,6857.324,1.812474,0.9812985,Right,Flat,0.1046783,0.07968903,TransSlide
384.8399,20.87881,0,0.1515234,0.3769741,0,0.5064147,6858.159,1.812387,0.981109,Right,Flat,0.09691329,0.06336975,TransSlide
384.8799,20.90091,0,0.09292603,0.3769741,0,0.4769463,6858.995,1.813217,0.9809184,Right,Flat,0.09487279,0.04766846,TransSlide
384.9199,20.91736,0,0.0151062,0.3769741,0,0.4501458,6859.832,1.813987,0.9807269,Right,Flat,0.09487279,0.03197479,TransSlide
384.9599,20.93826,0,-0.02243042,0.3769741,0,0.4254332,6860.669,1.814092,0.9805346,Right,Flat,0.09487279,0.01625824,TransSlide
384.9999,20.95934,0,-0.0453186,0.3769741,0,0.4022765,6861.507,1.814125,0.9803411,Right,Flat,0.09691329,0.0005264282,TransSlide
385.0399,20.97968,0,-0.05264282,0.3769741,0,0.3803232,6862.346,1.81433,0.9801468,Right,Flat,0.09691329,-0.01521301,TransSlide
385.0799,20.99934,0,-0.05722046,0.3769741,0,0.3602756,6863.186,1.812555,0.9799515,Right,Flat,0.09691329,-0.03097534,TransSlide
385.1199,21.0164,0,-0.06546199,0.3769741,0,0.3418548,6864.026,1.810721,0.9797555,Right,Flat,0.06255726,-0.04673004,TransSlide
385.1599,21.03865,0,-0.08194149,0.3769741,0,0.3221467,6864.868,1.809781,0.9795582,Straight,Flat,-0.01978234,-0.06143188,TransSlide
385.1999,21.06028,0,-0.100252,0.3769741,0,0.3008163,6865.71,1.810998,0.9793602,Straight,Flat,-0.01978234,-0.07042694,TransSlide
385.2399,21.0805,0,-0.1231402,0.3571222,0,0.280971,6866.553,1.812295,0.9791614,Straight,Flat,-0.01978234,-0.079422,TransSlide
385.2799,21.09702,0,-0.1533526,0.3571222,0,0.2621333,6867.396,1.813084,0.9789613,Straight,Flat,-0.01978234,-0.08843231,TransSlide
385.3199,21.11454,0,-0.1799047,0.3571222,0,0.2439067,6868.241,1.813028,0.9787605,Straight,Flat,-0.01978234,-0.09745026,TransSlide
385.3599,21.1315,0,-0.1853979,0.3571222,0,0.2264231,6869.086,1.812493,0.9785587,Straight,Flat,-0.01978234,-0.1064758,TransSlide
385.3999,21.14828,0,-0.1853979,0.3571222,0,0.2093413,6869.932,1.811933,0.978356,Straight,Flat,-0.01978234,-0.1155014,TransSlide
385.4398,21.16492,0,-0.1853979,0.3571222,0,0.1928077,6870.779,1.811362,0.9781524,Straight,Flat,-0.01978234,-0.1245422,TransSlide
385.4799,21.18147,0,-0.1853979,0.3571222,0,0.1765574,6871.626,1.81091,0.9779477,Straight,Flat,-0.01978234,-0.1335831,TransSlide
385.5199,21.19794,0,-0.1853979,0.3571222,0,0.1604875,6872.474,1.810465,0.9777422,Straight,Flat,0,-0.1426315,TransSlide
385.5599,21.21428,0,-0.1853979,0.3571222,0,0.144704,6873.322,1.809843,0.9775358,Straight,Down,-0.01978234,-0.1516876,TransSlide
385.5999,21.23083,0,-0.1853979,0.3571222,0,0.128836,6874.171,1.809411,0.9773284,Straight,Down,0,-0.1607437,TransSlide
385.6399,21.24668,0,-0.1853979,0.3531548,0,0.1129681,6875.021,1.809426,0.9771201,Straight,Down,-0.01978234,-0.1698151,TransSlide
385.6799,21.26185,0,-0.1853979,0.3452201,0,0.09713495,6875.872,1.80853,0.9769109,Straight,Down,-0.01978234,-0.178894,TransSlide
385.7198,21.27535,0,-0.1972997,0.3372854,0,0.08139366,6876.722,1.807697,0.9767007,Straight,Down,-0.01978234,-0.187973,TransSlide
385.7599,21.287,0,-0.2265966,0.3333181,0,0.06532073,6877.574,1.807371,0.9764896,Straight,Down,-0.01978234,-0.1970596,TransSlide
385.7999,21.29783,0,-0.2430761,0.3293507,0,0.04890648,6878.425,1.80722,0.9762775,Straight,Down,0,-0.2061539,TransSlide
385.8399,21.30671,0,-0.274204,0.3293507,0,0.03265998,6879.277,1.805886,0.9760647,Straight,Down,-0.04423466,-0.2152328,TransSlide
385.8799,21.31773,0,-0.3584343,0.3293507,0,0.02424887,6880.13,1.807141,0.9758508,Left,Down,-0.09691329,-0.223526,TransSlide
385.9199,21.32815,0,-0.4756236,0.3293507,0,0.01548016,6880.983,1.808404,0.9756359,Left,Down,-0.09891172,-0.2279282,TransSlide
385.9599,21.33697,0,-0.5671781,0.3293507,0,0.006012142,6881.836,1.809203,0.9754203,Left,Down,-0.09891172,-0.2323303,TransSlide
385.9999,21.34897,0,-0.6916916,0.3293507,0,-0.004609257,6882.69,1.809362,0.9752036,Left,Down,-0.09891172,-0.2367401,TransSlide
386.0399,21.35947,0,-0.7667667,0.3293507,0,-0.01648748,6883.544,1.809361,0.974986,Left,Down,-0.09891172,-0.2411575,TransSlide
386.0799,21.36715,0,-0.8491641,0.3293507,0,-0.0289945,6884.399,1.806819,0.9747674,Left,Down,-0.09891172,-0.2455673,TransSlide
386.1199,21.37752,0,-0.9050131,0.3293507,0,-0.03970695,6885.254,1.804739,0.9745481,Left,Down,-0.1119058,-0.2499847,TransSlide
386.1599,21.38874,0,-0.9288168,0.3293507,0,-0.04696429,6886.109,1.805423,0.9743277,Left,Down,-0.132704,-0.253952,TransSlide
386.1999,21.39873,0,-0.9398031,0.3531548,0,-0.05527815,6886.965,1.806289,0.9741064,Left,Down,-0.132704,-0.2565079,TransSlide
386.2399,21.41269,0,-0.9398031,0.3571222,0,-0.06569538,6887.821,1.807591,0.9738842,Left,Down,-0.132704,-0.2590637,TransSlide
386.2799,21.42566,0,-0.9398031,0.3610895,0,-0.07737911,6888.678,1.806016,0.9736611,Left,Down,-0.1341704,-0.2616348,TransSlide
386.3199,21.44172,0,-0.93431,0.3610895,0,-0.08774635,6889.536,1.80353,0.973437,Left,Down,-0.1384764,-0.2641983,TransSlide
386.3599,21.46031,0,-0.9333944,0.3610895,0,-0.09482548,6890.394,1.803858,0.9732119,Left,Down,-0.1594904,-0.2667007,TransSlide
386.3999,21.47782,0,-0.9224081,0.3610895,0,-0.1046755,6891.253,1.805207,0.9729862,Left,Down,-0.1594904,-0.2679062,TransSlide
386.4398,21.49047,0,-0.9141684,0.3610895,0,-0.1162256,6892.112,1.805945,0.9727593,Left,Down,-0.1594904,-0.269104,TransSlide
386.4799,21.50422,0,-0.8912802,0.3610895,0,-0.1286458,6892.972,1.802548,0.9725314,Left,Down,-0.1594904,-0.2703094,TransSlide
386.5199,21.5211,0,-0.8574039,0.3610895,0,-0.1358946,6893.833,1.802773,0.9723028,Left,Down,-0.174713,-0.2715073,TransSlide
386.5599,21.53978,0,-0.8262759,0.3610895,0,-0.1474648,6894.694,1.804096,0.9720733,Left,Down,-0.1802258,-0.2719574,TransSlide
386.5999,21.54911,0,-0.777753,0.3610895,0,-0.1605495,6895.557,1.804084,0.9718428,Left,Down,-0.1802258,-0.2720337,TransSlide
386.6399,21.56491,0,-0.7319748,0.3610895,0,-0.1725409,6896.419,1.801586,0.9716113,Left,Down,-0.1802258,-0.27211,TransSlide
386.6799,21.5816,0,-0.6907761,0.3610895,0,-0.1820724,6897.282,1.801892,0.971379,Left,Down,-0.1968319,-0.2721939,TransSlide
386.7198,21.60068,0,-0.6733811,0.3610895,0,-0.1961586,6898.146,1.804362,0.9711457,Left,Down,-0.199792,-0.2714691,TransSlide
386.7599,21.60825,0,-0.6733811,0.3610895,0,-0.2114838,6899.01,1.800493,0.9709114,Left,Down,-0.199792,-0.2705688,TransSlide
386.7999,21.6251,0,-0.6889451,0.3610895,0,-0.2210696,6899.875,1.801003,0.9706763,Left,Down,-0.2065338,-0.2696609,TransSlide
386.8399,21.64488,0,-0.7081711,0.3610895,0,-0.2356753,6900.741,1.803007,0.9704404,Left,Down,-0.2167048,-0.2684937,TransSlide
386.8799,21.65231,0,-0.7566941,0.3610895,0,-0.2519389,6901.607,1.79959,0.9702035,Left,Down,-0.2158,-0.2667236,TransSlide
386.9199,21.66952,0,-0.8189517,0.3610895,0,-0.2625793,6902.474,1.800098,0.9699655,Left,Down,-0.2211734,-0.264946,TransSlide
386.9599,21.68865,0,-0.8638126,0.3610895,0,-0.2780978,6903.341,1.802226,0.9697269,Left,Down,-0.2332305,-0.2630157,TransSlide
386.9999,21.69683,0,-0.9224081,0.3610895,0,-0.2945151,6904.209,1.798847,0.9694871,Left,Down,-0.23239,-0.2604599,TransSlide
387.0399,21.71461,0,-0.9507895,0.3610895,0,-0.3067742,6905.077,1.799862,0.9692464,Left,Down,-0.2382111,-0.2579041,TransSlide
387.0799,21.72855,0,-0.9855795,0.3610895,0,-0.323789,6905.946,1.801021,0.9690049,Left,Down,-0.2470816,-0.2551422,TransSlide
387.1199,21.74,0,-1.02678,0.3610895,0,-0.3388935,6906.815,1.798354,0.9687626,Left,Down,-0.2470816,-0.2518539,TransSlide
387.1599,21.75863,0,-1.062486,0.3610895,0,-0.3535403,6907.686,1.799941,0.9685192,Left,Down,-0.2556444,-0.248558,TransSlide
387.1999,21.77123,0,-1.109177,0.3610895,0,-0.3722327,6908.556,1.797303,0.9682749,Left,Down,-0.2609472,-0.2449036,TransSlide
387.2399,21.78434,0,-1.140307,0.3610895,0,-0.3858586,6909.427,1.798561,0.9680299,Left,Down,-0.2624426,-0.2409286,TransSlide
387.2799,21.79741,0,-1.175097,0.3610895,0,-0.4034853,6910.299,1.799049,0.9677837,Left,Down,-0.2733977,-0.2369461,TransSlide
387.3199,21.80939,0,-1.193408,0.3610895,0,-0.4186363,6911.171,1.797368,0.9675366,Left,Down,-0.2733977,-0.2323685,TransSlide
387.3599,21.82533,0,-1.19707,0.3610895,0,-0.4352883,6912.044,1.799299,0.9672886,Left,Down,-0.2811602,-0.2277451,TransSlide
387.3999,21.83759,0,-1.186084,0.3610895,0,-0.4539465,6912.917,1.796204,0.96704,Left,Down,-0.2859903,-0.2227859,TransSlide
387.4398,21.85304,0,-1.174182,0.3610895,0,-0.4700022,6913.792,1.79839,0.9667902,Left,Down,-0.289391,-0.2175446,TransSlide
387.4799,21.86368,0,-1.163195,0.3610895,0,-0.4895332,6914.666,1.795539,0.9665395,Left,Down,-0.2980514,-0.2122192,TransSlide
387.5199,21.87722,0,-1.16228,0.3610895,0,-0.5053632,6915.541,1.797794,0.9662879,Left,Down,-0.2987072,-0.2063904,TransSlide
387.5599,21.88641,0,-1.16228,0.3610895,0,-0.5255892,6916.416,1.794661,0.9660355,Left,Down,-0.3083766,-0.2005463,TransSlide
387.5999,21.90112,0,-1.152209,0.3610895,0,-0.541671,6917.292,1.797157,0.9657822,Left,Down,-0.309643,-0.1942062,TransSlide
387.6399,21.9099,0,-1.122912,0.3610895,0,-0.5619355,6918.168,1.794081,0.9655278,Left,Down,-0.3183671,-0.1877975,TransSlide
387.6799,21.9254,0,-1.050584,0.3610895,0,-0.578761,6919.045,1.796733,0.9652728,Left,Down,-0.3202056,-0.1809921,TransSlide
387.7198,21.93438,0,-0.9443808,0.3610895,0,-0.5990492,6919.922,1.793873,0.9650167,Left,Down,-0.3280534,-0.1740417,TransSlide
387.7599,21.94914,0,-0.885787,0.3610895,0,-0.6163543,6920.8,1.796451,0.9647596,Left,Down,-0.3310224,-0.1667328,TransSlide
387.7999,21.95959,0,-0.8271915,0.3610895,0,-0.6360837,6921.678,1.79335,0.9645016,Left,Down,-0.339197,-0.1592712,TransSlide
387.8399,21.97203,0,-0.8033878,0.3610895,0,-0.6530684,6922.557,1.796108,0.9642429,Left,Down,-0.3409232,-0.1514359,TransSlide
387.8799,21.98421,0,-0.8079654,0.3610895,0,-0.6714146,6923.436,1.793375,0.9639832,Left,Flat,-0.3494264,-0.1434631,TransSlide
387.9199,21.99344,0,-0.828107,0.3610895,0,-0.6883815,6924.315,1.796188,0.9637225,Left,Flat,-0.3516591,-0.1351166,TransSlide
387.9599,22.01262,0,-0.8500797,0.3610895,0,-0.7056634,6925.196,1.793673,0.9634612,Left,Flat,-0.360452,-0.1266479,TransSlide
387.9998,22.01748,0,-0.8729678,0.3610895,0,-0.7223781,6926.077,1.793114,0.9631987,Left,Flat,-0.3631561,-0.1177673,TransSlide
388.0399,22.03872,0,-0.8802938,0.3610895,0,-0.7379014,6926.958,1.794047,0.9629353,Left,Flat,-0.3706227,-0.1087875,TransSlide
388.0799,22.04317,0,-0.8802938,0.3650568,0,-0.7534624,6927.84,1.791233,0.9626709,Left,Flat,-0.3743001,-0.09939575,TransSlide
388.1199,22.05503,0,-0.8802938,0.3650568,0,-0.7679959,6928.722,1.794623,0.962406,Left,Flat,-0.3800071,-0.08986664,TransSlide
388.1599,22.07211,0,-0.8848715,0.3650568,0,-0.7820848,6929.604,1.792475,0.9621398,Left,Flat,-0.3856296,-0.08001709,TransSlide
388.1999,22.07965,0,-0.8931112,0.3650568,0,-0.794722,6930.487,1.791788,0.9618729,Left,Flat,-0.3891652,-0.0699234,TransSlide
388.2399,22.10304,0,-0.8976889,0.3650568,0,-0.8052062,6931.371,1.793922,0.9616052,Left,Flat,-0.3971285,-0.05963898,TransSlide
388.2799,22.10637,0,-0.8976889,0.3650568,0,-0.8151911,6932.255,1.79131,0.9613364,Left,Flat,-0.4010509,-0.04898071,TransSlide
388.3199,22.11803,0,-0.8976889,0.3412528,0,-0.8246142,6933.14,1.79114,0.9610667,Left,Flat,-0.4063823,-0.0381546,TransSlide
388.3599,22.12331,0,-0.8931112,0.3372854,0,-0.8304202,6934.024,1.786715,0.9607961,Left,Flat,-0.4116447,-0.02702332,TransSlide
388.3999,22.12747,0,-0.8931112,0.3333181,0,-0.8372177,6934.909,1.787067,0.9605248,Left,Flat,-0.4125943,-0.01564789,TransSlide
388.4398,22.13386,0,-0.8912802,0.3253834,0,-0.8404781,6935.794,1.783056,0.9602525,Left,Flat,-0.4073442,-0.0009841919,TransSlide
388.4799,22.12739,0,-0.8802938,0.3055466,0,-0.8429548,6936.679,1.784443,0.9599791,Left,Flat,-0.3981127,0.05037689,TransSlide
388.5199,22.12748,0,-0.8683902,0.2856947,0,-0.8466733,6937.564,1.784478,0.9597051,Left,Flat,-0.3881583,0.1064987,TransSlide
388.5599,22.1128,0,-0.8555728,0.2698253,0,-0.846466,6938.449,1.7842,0.9594301,Left,Up,-0.3748225,0.1689301,TransSlide
388.5999,22.10515,0,-0.8262759,0.2658579,0,-0.8495048,6939.333,1.78667,0.9591541,Left,Up,-0.3690354,0.2289581,TransSlide
388.6399,22.0896,0,-0.7988101,0.2658579,0,-0.8466214,6940.217,1.784489,0.9588772,Left,Up,-0.3538778,0.2880478,TransSlide
388.6799,22.07694,0,-0.7795841,0.2658579,0,-0.8484007,6941.1,1.787122,0.9585997,Left,Up,-0.3494264,0.3440857,TransSlide
388.7198,22.06095,0,-0.754863,0.2658579,0,-0.8445141,6941.983,1.785108,0.958321,Left,Up,-0.3345502,0.399704,TransSlide
388.7599,22.04704,0,-0.7392991,0.2658579,0,-0.8446114,6942.865,1.786749,0.9580414,Left,Up,-0.3322025,0.45224,TransSlide
388.7999,22.03164,0,-0.7338059,0.2817273,0,-0.8403452,6943.746,1.785702,0.957761,Left,Up,-0.3165179,0.5046997,TransSlide
388.8399,22.01909,0,-0.7328904,0.297612,0,-0.8391312,6944.627,1.785082,0.9574798,Left,Up,-0.3165179,0.5539322,TransSlide
388.8799,22.00953,0,-0.7328904,0.3055466,0,-0.835889,6945.508,1.78628,0.9571977,Left,Up,-0.301316,0.6031799,TransSlide
388.9199,21.99984,0,-0.7319748,0.3134814,0,-0.8327725,6946.388,1.784449,0.9569145,Left,Up,-0.2993615,0.6495895,TransSlide
388.9599,21.9943,0,-0.7319748,0.3134814,0,-0.83063,6947.268,1.786616,0.9566307,Left,Up,-0.2887141,0.6956253,TransSlide
388.9998,21.98686,0,-0.7246506,0.3174487,0,-0.8260019,6948.147,1.78502,0.9563458,Left,Up,-0.2818553,0.73983,TransSlide
389.0399,21.9826,0,-0.6843674,0.3214161,0,-0.8246975,6949.027,1.78551,0.95606,Left,Up,-0.2776587,0.7826996,TransSlide
389.0799,21.97951,0,-0.6376737,0.3214161,0,-0.8207439,6949.906,1.785873,0.9557734,Left,Up,-0.2654082,0.8250275,TransSlide
389.1199,21.97221,0,-0.5708402,0.3214161,0,-0.8175256,6950.785,1.784147,0.955486,Left,Up,-0.2654082,0.8647995,TransSlide
389.1599,21.97264,0,-0.5406278,0.3214161,0,-0.8170083,6951.664,1.786328,0.9551975,Left,Up,-0.2548778,0.9045792,TransSlide
389.1999,21.9659,0,-0.5250621,0.3214161,0,-0.8121008,6952.542,1.785158,0.9549081,Left,Up,-0.2486604,0.9425125,TransSlide
389.2399,21.95846,0,-0.5250621,0.3214161,0,-0.8087987,6953.421,1.783285,0.9546182,Left,Up,-0.2486604,0.9792099,TransSlide
389.2799,21.95793,0,-0.5479521,0.3214161,0,-0.8080055,6954.299,1.785703,0.954327,Left,Up,-0.2349025,1.015915,TransSlide
389.3199,21.95101,0,-0.5827421,0.3214161,0,-0.8033937,6955.177,1.78457,0.9540349,Left,Up,-0.23239,1.050064,TransSlide
389.3599,21.9417,0,-0.6056303,0.3214161,0,-0.8006871,6956.055,1.782475,0.9537421,Left,Up,-0.2315465,1.083733,TransSlide
389.3999,21.94187,0,-0.6193632,0.3214161,0,-0.801503,6956.933,1.785378,0.9534486,Left,Up,-0.2176059,1.117393,TransSlide
389.4398,21.93499,0,-0.6202787,0.3214161,0,-0.7974117,6957.81,1.784529,0.9531538,Left,Up,-0.2158,1.148331,TransSlide
389.4799,21.92615,0,-0.6202787,0.3293507,0,-0.7950114,6958.687,1.782928,0.9528583,Left,Up,-0.2167048,1.179008,TransSlide
389.5199,21.92795,0,-0.6184477,0.3333181,0,-0.7963916,6959.564,1.784141,0.9525621,Left,Up,-0.2036718,1.209663,TransSlide
389.5599,21.92255,0,-0.6184477,0.3333181,0,-0.7940664,6960.441,1.784464,0.9522648,Left,Up,-0.2007689,1.23819,TransSlide
389.5999,21.91717,0,-0.6019682,0.3333181,0,-0.7920533,6961.318,1.783382,0.9519666,Left,Up,-0.2007689,1.265915,TransSlide
389.6399,21.91619,0,-0.5772489,0.3333181,0,-0.7923955,6962.195,1.781236,0.9516676,Left,Up,-0.1938267,1.293617,TransSlide
389.6799,21.91296,0,-0.5186534,0.3333181,0,-0.7949765,6963.072,1.784436,0.9513678,Left,Up,-0.1855749,1.320305,TransSlide
389.7198,21.90798,0,-0.439918,0.3333181,0,-0.7931356,6963.948,1.783611,0.951067,Left,Up,-0.1855749,1.345139,TransSlide
389.7599,21.90152,0,-0.3923088,0.3333181,0,-0.7927409,6964.824,1.782282,0.9507653,Left,Up,-0.1855749,1.369957,TransSlide
389.7999,21.9009,0,-0.3575188,0.3333181,0,-0.7950596,6965.7,1.780765,0.9504627,Left,Up,-0.1735894,1.394737,TransSlide
389.8399,21.89794,0,-0.3401238,0.3333181,0,-0.7988005,6966.576,1.783667,0.9501594,Left,Up,-0.1701742,1.417503,TransSlide
389.8799,21.89299,0,-0.3392082,0.3333181,0,-0.797778,6967.452,1.782942,0.9498551,Left,Up,-0.1690205,1.4394,TransSlide
389.9199,21.88704,0,-0.3392082,0.3333181,0,-0.7982062,6968.327,1.781753,0.9495499,Left,Up,-0.1701742,1.461281,TransSlide
389.9599,21.88402,0,-0.3392082,0.3333181,0,-0.8011249,6969.202,1.780038,0.9492439,Left,Up,-0.1594904,1.483131,TransSlide
389.9998,21.88303,0,-0.3291374,0.3333181,0,-0.8070072,6970.077,1.78211,0.9489369,Left,Up,-0.1545051,1.503174,TransSlide
390.0399,21.87759,0,-0.3108269,0.3333181,0,-0.808522,6970.952,1.782239,0.9486291,Left,Up,-0.1545051,1.522087,TransSlide
390.0799,21.87207,0,-0.3035027,0.3372854,0,-0.8092545,6971.827,1.781209,0.9483204,Left,Up,-0.1532334,1.540977,TransSlide
390.1199,21.87107,0,-0.298925,0.3372854,0,-0.8123137,6972.702,1.779969,0.948011,Left,Up,-0.1506579,1.55986,TransSlide
390.1599,21.86584,0,-0.298925,0.3491875,0,-0.8172631,6973.577,1.778607,0.9477006,Left,Up,-0.1384764,1.578468,TransSlide
390.1999,21.86763,0,-0.298925,0.3491875,0,-0.8248511,6974.452,1.781072,0.9473892,Left,Up,-0.1384764,1.594337,TransSlide
390.2399,21.86562,0,-0.298925,0.3491875,0,-0.8270786,6975.327,1.781088,0.9470772,Left,Up,-0.1384764,1.610214,TransSlide
390.2799,21.86351,0,-0.2980095,0.3531548,0,-0.8286126,6976.202,1.779996,0.9467641,Left,Up,-0.1370561,1.626076,TransSlide
390.3199,21.8655,0,-0.2861059,0.3610895,0,-0.8325537,6977.077,1.779028,0.9464501,Left,Up,-0.1356209,1.64193,TransSlide
390.3599,21.86455,0,-0.2668798,0.3729915,0,-0.8380698,6977.952,1.778306,0.9461353,Left,Up,-0.1219466,1.657692,TransSlide
390.3999,21.86951,0,-0.2256811,0.3809415,0,-0.845571,6978.827,1.778428,0.9458199,Left,Up,-0.1219466,1.670441,TransSlide
390.4398,21.87572,0,-0.1725787,0.3809415,0,-0.8532507,6979.702,1.780596,0.9455032,Left,Up,-0.1219466,1.683189,TransSlide
390.4799,21.88022,0,-0.148775,0.3809415,0,-0.8546727,6980.577,1.77972,0.9451858,Left,Up,-0.1219466,1.69593,TransSlide
390.5199,21.88509,0,-0.1368731,0.3809415,0,-0.8569872,6981.452,1.778658,0.9448677,Left,Up,-0.1219466,1.708687,TransSlide
390.5599,21.89304,0,-0.1368731,0.3809415,0,-0.861564,6982.328,1.777866,0.9445485,Left,Up,-0.1170339,1.72142,TransSlide
390.5999,21.89816,0,-0.1368731,0.3809415,0,-0.8674142,6983.204,1.777466,0.9442285,Left,Up,-0.1046783,1.733269,TransSlide
390.6399,21.90325,0,-0.1286334,0.3809415,0,-0.8741781,6984.08,1.776574,0.9439076,Left,Up,-0.1046783,1.742699,TransSlide
390.6799,21.91167,0,-0.1011676,0.3571222,0,-0.8828651,6984.956,1.77827,0.9435861,Left,Up,-0.1046783,1.752121,TransSlide
390.7198,21.91079,0,-0.04714966,0.3452201,0,-0.8875698,6985.832,1.779026,0.9432634,Left,Up,-0.1065312,1.761551,TransSlide
390.7599,21.90812,0,0.004119873,0.3412528,0,-0.8885059,6986.708,1.77803,0.9429399,Left,Up,-0.1046783,1.770966,TransSlide
390.7999,21.90569,0,0.05813599,0.3412528,0,-0.8909306,6987.584,1.776982,0.9426156,Left,Up,-0.1046783,1.78038,TransSlide
390.8399,21.90284,0,0.08834839,0.3412528,0,-0.8944945,6988.46,1.776367,0.9422905,Left,Up,-0.09487279,1.789787,TransSlide
390.8799,21.89968,0,0.09933472,0.3412528,0,-0.8990924,6989.336,1.776072,0.9419644,Left,Up,-0.08846933,1.797379,TransSlide
390.9199,21.89603,0,0.1057434,0.3571222,0,-0.9043539,6990.212,1.77573,0.9416375,Left,Up,-0.08622923,1.803101,TransSlide
390.9599,21.89469,0,0.1112366,0.3571222,0,-0.910021,6991.088,1.775408,0.9413099,Left,Up,-0.08622923,1.808807,TransSlide
390.9998,21.89734,0,0.1112366,0.3610895,0,-0.9168032,6991.964,1.776789,0.9409813,Left,Up,-0.08622923,1.814522,TransSlide
391.0399,21.89779,0,0.1112366,0.3650568,0,-0.9189706,6992.84,1.777284,0.9406517,Left,Up,-0.08622923,1.820221,TransSlide
391.0799,21.89952,0,0.1112366,0.3650568,0,-0.9167458,6993.716,1.776468,0.9403213,Left,Up,-0.08622923,1.825928,TransSlide
391.1199,21.90222,0,0.1112366,0.3650568,0,-0.9155439,6994.592,1.775545,0.9399902,Left,Up,-0.08846933,1.831627,TransSlide
391.1599,21.90468,0,0.1112366,0.3690242,0,-0.915051,6995.468,1.774868,0.9396581,Left,Up,-0.08156469,1.837326,TransSlide
391.1999,21.90756,0,0.1112366,0.3690242,0,-0.9149212,6996.344,1.774501,0.9393251,Left,Up,-0.0656106,1.841827,TransSlide
391.2399,21.9104,0,0.1112366,0.3690242,0,-0.9150082,6997.22,1.774349,0.9389916,Left,Up,-0.0656106,1.843033,TransSlide
391.2798,21.9132,0,0.1112366,0.3690242,0,-0.9154226,6998.097,1.774188,0.9386569,Left,Up,-0.0656106,1.844246,TransSlide
391.3199,21.91556,0,0.1057434,0.3690242,0,-0.9158368,6998.974,1.773937,0.9383214,Left,Up,-0.0656106,1.845451,TransSlide
391.3599,21.9188,0,0.1057434,0.3690242,0,-0.9161285,6999.851,1.773306,0.9379849,Left,Up,-0.0656106,1.846657,TransSlide
391.3999,21.92196,0,0.1057434,0.3690242,0,-0.9170271,7000.728,1.773937,0.9376479,Left,Up,-0.0656106,1.847855,TransSlide
391.4398,21.92501,0,0.1057434,0.3690242,0,-0.9179748,7001.604,1.774043,0.9373098,Left,Up,-0.0656106,1.84906,TransSlide
391.4799,21.92896,0,0.1057434,0.3690242,0,-0.9086335,7002.481,1.774403,0.9369709,Left,Up,-0.0656106,1.85025,TransSlide
391.5199,21.93266,0,0.1057434,0.3690242,0,-0.8971126,7003.358,1.774708,0.9366313,Left,Up,-0.0656106,1.851448,TransSlide
391.5599,21.93618,0,0.1048279,0.3690242,0,-0.8859438,7004.236,1.774679,0.9362906,Left,Up,-0.0656106,1.852654,TransSlide
391.5999,21.94069,0,0.1048279,0.3690242,0,-0.8748664,7005.114,1.77415,0.9359491,Straight,Up,-0.04845664,1.853836,TransSlide
391.6399,21.94491,0,0.1048279,0.3690242,0,-0.8636276,7005.992,1.773573,0.9356068,Straight,Up,-0.01978234,1.851097,TransSlide
391.6799,21.94905,0,0.1002502,0.3531548,0,-0.8521699,7006.87,1.772878,0.9352639,Straight,Up,-0.01978234,1.839523,TransSlide
391.7198,21.95116,0,0.08651733,0.3491875,0,-0.8405684,7007.748,1.77213,0.9349197,Straight,Up,-0.01978234,1.82795,TransSlide
391.7599,21.95081,0,0.07003784,0.3491875,0,-0.8288021,7008.625,1.771518,0.9345749,Straight,Up,-0.01978234,1.816368,TransSlide
391.7999,21.95039,0,0.05264282,0.3491875,0,-0.8166852,7009.503,1.771041,0.9342293,Straight,Up,-0.01978234,1.804794,TransSlide
391.8399,21.94996,0,0.03799438,0.3491875,0,-0.8044674,7010.381,1.770697,0.9338828,Straight,Up,-0.01978234,1.793213,TransSlide
391.8799,21.94959,0,0.02243042,0.3491875,0,-0.7921574,7011.259,1.770386,0.9335353,Straight,Up,-0.01978234,1.781647,TransSlide
391.9199,21.94919,0,-0.0004577637,0.3491875,0,-0.7795368,7012.137,1.770047,0.933187,Straight,Up,-0.01978234,1.770065,TransSlide
391.9599,21.94877,0,-0.02243042,0.3690242,0,-0.7668012,7013.015,1.769663,0.9328381,Straight,Up,-0.01978234,1.758492,TransSlide
391.9998,21.95074,0,-0.05355835,0.3729915,0,-0.7539872,7013.893,1.76933,0.9324882,Straight,Up,0,1.74691,TransSlide
392.0399,21.95511,0,-0.0892657,0.3729915,0,-0.7409219,7014.771,1.768943,0.9321373,Straight,Up,-0.01978234,1.735329,TransSlide
392.0799,21.9599,0,-0.1139849,0.3729915,0,-0.7277644,7015.649,1.768668,0.9317856,Straight,Up,-0.01978234,1.723747,TransSlide
392.1199,21.96472,0,-0.1423663,0.3729915,0,-0.7147165,7016.528,1.768303,0.9314334,Straight,Up,-0.01978234,1.712158,TransSlide
392.1599,21.96951,0,-0.1524371,0.3729915,0,-0.7013914,7017.407,1.768042,0.9310801,Straight,Up,-0.01978234,1.700569,TransSlide
392.1999,21.97427,0,-0.1542681,0.3729915,0,-0.6879997,7018.286,1.767763,0.9307258,Straight,Up,-0.01978234,1.68898,TransSlide
392.2399,21.97909,0,-0.1551837,0.3769741,0,-0.6747445,7019.165,1.767438,0.9303711,Straight,Up,-0.01978234,1.677383,TransSlide
392.2798,21.98475,0,-0.1597613,0.3769741,0,-0.6614315,7020.043,1.767134,0.9300153,Straight,Up,-0.01978234,1.665787,TransSlide
392.3199,21.99036,0,-0.16617,0.3769741,0,-0.6481006,7020.923,1.766778,0.9296585,Straight,Up,-0.01978234,1.65419,TransSlide
392.3599,21.99597,0,-0.1725787,0.3769741,0,-0.6348326,7021.803,1.766438,0.929301,Straight,Up,-0.01978234,1.642578,TransSlide
392.3999,22.00158,0,-0.1853979,0.3769741,0,-0.6217275,7022.683,1.766012,0.9289429,Straight,Up,-0.01978234,1.630974,TransSlide
392.4398,22.00714,0,-0.2037084,0.3769741,0,-0.608778,7023.563,1.765588,0.9285836,Straight,Up,-0.01978234,1.61937,TransSlide
392.4799,22.01266,0,-0.2183568,0.3769741,0,-0.5958427,7024.444,1.765214,0.9282236,Straight,Up,-0.01978234,1.607758,TransSlide
392.5199,22.0182,0,-0.2201879,0.3769741,0,-0.5833798,7025.325,1.764803,0.9278629,Straight,Up,-0.01978234,1.596146,TransSlide
392.5599,22.02362,0,-0.2201879,0.3769741,0,-0.5713038,7026.206,1.764396,0.9275012,Straight,Up,-0.01978234,1.584526,TransSlide
392.5999,22.02923,0,-0.2201879,0.3769741,0,-0.5595761,7027.086,1.763873,0.9271387,Straight,Up,-0.01978234,1.572906,TransSlide
392.6399,22.03478,0,-0.1835668,0.3769741,0,-0.5480496,7027.968,1.763756,0.9267753,Straight,Up,-0.01978234,1.561287,TransSlide
392.6799,22.04016,0,-0.1423663,0.3769741,0,-0.5368456,7028.85,1.763691,0.9264113,Straight,Up,0,1.549667,TransSlide
392.7198,22.04571,0,-0.08743465,0.3769741,0,-0.5258125,7029.731,1.763352,0.9260463,Straight,Up,-0.01978234,1.538048,TransSlide
392.7599,22.05124,0,-0.04714966,0.3769741,0,-0.515329,7030.613,1.763057,0.9256804,Straight,Up,-0.01978234,1.526421,TransSlide
392.7999,22.05688,0,0.003204346,0.3769741,0,-0.5051743,7031.495,1.762756,0.9253139,Straight,Up,-0.01978234,1.514786,TransSlide
392.8399,22.06244,0,0.0453186,0.3769741,0,-0.4953721,7032.378,1.762444,0.9249464,Straight,Up,-0.01978234,1.503166,TransSlide
392.8799,22.06791,0,0.06546021,0.3769741,0,-0.4860459,7033.261,1.762005,0.924578,Straight,Up,0,1.491531,TransSlide
392.9199,22.0735,0,0.08010864,0.3769741,0,-0.4769605,7034.144,1.761675,0.9242088,Straight,Up,-0.01978234,1.479897,TransSlide
392.9599,22.07605,0,0.08102417,0.3769741,0,-0.4682623,7035.026,1.760145,0.9238391,Straight,Up,0,1.468269,TransSlide
392.9998,22.08511,0,0.08102417,0.3769741,0,-0.4616382,7035.91,1.761249,0.9234682,Straight,Up,0,1.45665,TransSlide
393.0399,22.09326,0,0.08102417,0.3769741,0,-0.4561919,7036.793,1.76312,0.9230965,Straight,Up,-0.01978234,1.445023,TransSlide
393.0799,22.09781,0,0.08102417,0.3769741,0,-0.4510513,7037.677,1.76446,0.922724,Straight,Up,-0.01978234,1.433403,TransSlide
393.1199,22.1066,0,0.08102417,0.3769741,0,-0.4460453,7038.561,1.76436,0.922351,Straight,Up,-0.01978234,1.421753,TransSlide
393.1599,22.11558,0,0.08102417,0.3769741,0,-0.4415619,7039.446,1.763469,0.9219768,Straight,Up,0.02797646,1.410103,TransSlide
393.1999,22.12412,0,0.07003784,0.3769741,0,-0.4373052,7040.331,1.762394,0.9216018,Right,Up,0.05595291,1.390114,TransSlide
393.2399,22.13244,0,0.05630493,0.3769741,0,-0.4330584,7041.216,1.761258,0.9212263,Right,Up,0.05595291,1.360893,TransSlide
393.2798,22.14019,0,0.04623413,0.3769741,0,-0.4287688,7042.102,1.759826,0.9208497,Right,Up,0.05595291,1.331657,TransSlide
393.3199,22.14824,0,0.03890991,0.3769741,0,-0.4246894,7042.987,1.758973,0.9204723,Right,Up,0.05595291,1.302422,TransSlide
393.3599,22.15694,0,0.03433228,0.3769741,0,-0.4211382,7043.874,1.758785,0.920094,Right,Up,0.05595291,1.273186,TransSlide
393.3999,22.16385,0,0.03341675,0.3769741,0,-0.417506,7044.76,1.757961,0.9197151,Right,Up,0.05233916,1.243942,TransSlide
393.4398,22.17402,0,0.02883911,0.3769741,0,-0.4198159,7045.647,1.758569,0.9193352,Right,Up,0.05233916,1.214706,TransSlide
393.4799,22.18363,0,0.02883911,0.3769741,0,-0.4236788,7046.534,1.759131,0.9189546,Right,Up,0.05233916,1.185448,TransSlide
393.5199,22.19176,0,0.02700806,0.3769741,0,-0.4276613,7047.422,1.75928,0.9185733,Right,Up,0.05233916,1.156174,TransSlide
393.5599,22.20232,0,0.02151489,0.3769741,0,-0.4316689,7048.31,1.758766,0.9181909,Right,Up,0.05595291,1.126862,TransSlide
393.5999,22.21174,0,0.0151062,0.3769741,0,-0.4354371,7049.198,1.75755,0.9178078,Right,Up,0.07132626,1.097542,TransSlide
393.6399,22.22179,0,0.009613037,0.3769741,0,-0.4393819,7050.087,1.756677,0.9174238,Right,Up,0.09065409,1.063583,TransSlide
393.6799,22.23202,0,0.00869751,0.3769741,0,-0.4436649,7050.976,1.756559,0.9170393,Right,Up,0.09065409,1.024002,TransSlide
393.7198,22.24289,0,0.004119873,0.3769741,0,-0.4536133,7051.866,1.757054,0.9166536,Right,Up,0.08846933,0.9843979,TransSlide
393.7599,22.25343,0,-0.004119873,0.3769741,0,-0.4651413,7052.756,1.757067,0.9162673,Right,Up,0.08846933,0.9447784,TransSlide
393.7999,22.26409,0,-0.0050354,0.3769741,0,-0.4770647,7053.646,1.756853,0.9158804,Right,Up,0.08846933,0.9051132,TransSlide
393.8399,22.27501,0,-0.009613037,0.3769741,0,-0.488627,7054.537,1.755487,0.9154923,Right,Up,0.08846933,0.8654251,TransSlide
393.8799,22.28687,0,-0.01052856,0.3769741,0,-0.5005223,7055.429,1.755071,0.9151034,Right,Up,0.1008706,0.8257217,TransSlide
393.9199,22.2999,0,-0.01052856,0.3769741,0,-0.5152822,7056.32,1.755571,0.9147137,Right,Up,0.1203313,0.7835922,TransSlide
393.9599,22.31152,0,-0.01052856,0.3769741,0,-0.5349289,7057.213,1.755836,0.9143236,Right,Up,0.1203313,0.7343597,TransSlide
393.9998,22.32346,0,-0.01052856,0.3769741,0,-0.5543872,7058.105,1.755388,0.9139323,Right,Up,0.1203313,0.6850815,TransSlide
394.0399,22.33504,0,-0.01052856,0.3769741,0,-0.5737159,7058.999,1.753511,0.9135402,Right,Up,0.1219466,0.635788,TransSlide
394.0799,22.34938,0,-0.01052856,0.3769741,0,-0.5937096,7059.893,1.754066,0.9131473,Right,Up,0.1203313,0.5864792,TransSlide
394.1199,22.36504,0,-0.01052856,0.3769741,0,-0.621816,7060.787,1.755564,0.9127539,Right,Up,0.1440177,0.5371552,TransSlide
394.1599,22.37834,0,-0.01052856,0.3769741,0,-0.6491052,7061.682,1.756004,0.9123594,Right,Up,0.1506579,0.4805832,TransSlide
394.1999,22.39212,0,-0.01052856,0.3769741,0,-0.6769106,7062.578,1.755476,0.9119641,Right,Up,0.1506579,0.4217682,TransSlide
394.2399,22.40834,0,-0.01052856,0.3769741,0,-0.7052097,7063.474,1.754445,0.9115682,Right,Up,0.1506579,0.3628769,TransSlide
394.2798,22.42403,0,-0.01052856,0.3769741,0,-0.7339051,7064.371,1.753451,0.9111714,Right,Up,0.165511,0.3039322,TransSlide
394.3199,22.43796,0,-0.01052856,0.3769741,0,-0.7617339,7065.268,1.75176,0.9107736,Right,Up,0.1802258,0.2411423,TransSlide
394.3599,22.45543,0,-0.01052856,0.3769741,0,-0.7900128,7066.166,1.751776,0.9103751,Right,Up,0.1813082,0.1727219,TransSlide
394.3999,22.47102,0,-0.01052856,0.3769741,0,-0.8115621,7067.064,1.751841,0.9099761,Right,Flat,0.1802258,0.1042252,TransSlide
394.4398,22.48535,0,-0.01052856,0.3769741,0,-0.8303753,7067.964,1.751075,0.909576,Left,Flat,-0.09891172,0.03569031,TransSlide
394.4799,22.50071,0,-0.01052856,0.3769741,0,-0.8486955,7068.864,1.749425,0.909175,Left,Flat,-0.1607126,-0.001304626,TransSlide
394.5199,22.51786,0,-0.01052856,0.3769741,0,-0.8676902,7069.764,1.748609,0.9087737,Left,Flat,-0.1607126,-0.02820587,TransSlide
394.5598,22.53443,0,-0.01052856,0.3769741,0,-0.8822593,7070.666,1.749449,0.9083712,Left,Flat,-0.1607126,-0.05512238,TransSlide
394.5999,22.54986,0,-0.01052856,0.3769741,0,-0.8916712,7071.567,1.749276,0.9079679,Left,Flat,-0.1582588,-0.08196259,TransSlide
394.6399,22.56507,0,-0.01144409,0.3769741,0,-0.9007045,7072.47,1.748436,0.9075637,Left,Flat,-0.1582588,-0.1026917,TransSlide
394.6799,22.58144,0,-0.01693726,0.3769741,0,-0.9099519,7073.373,1.747178,0.9071591,Left,Flat,-0.1582588,-0.1234283,TransSlide
394.7198,22.59814,0,-0.02151489,0.3769741,0,-0.919366,7074.277,1.746332,0.9067535,Left,Flat,-0.1570175,-0.144165,TransSlide
394.7599,22.61576,0,-0.02151489,0.3769741,0,-0.9261143,7075.181,1.74709,0.906347,Left,Down,-0.1384764,-0.164917,TransSlide
394.7999,22.63194,0,-0.02151489,0.3769741,0,-0.9258824,7076.086,1.746927,0.9059401,Left,Down,-0.1297215,-0.1838303,TransSlide
394.8399,22.64766,0,-0.02151489,0.3769741,0,-0.925108,7076.992,1.746327,0.9055319,Left,Down,-0.1297215,-0.2017059,TransSlide
394.8799,22.6655,0,-0.02151489,0.3769741,0,-0.9248813,7077.898,1.745453,0.9051231,Left,Down,-0.1282043,-0.2196045,TransSlide
394.9199,22.68238,0,-0.02151489,0.3769741,0,-0.9249942,7078.806,1.744673,0.9047135,Left,Down,-0.1282043,-0.2375031,TransSlide
394.9599,22.69858,0,-0.02792358,0.3769741,0,-0.9248757,7079.713,1.743492,0.9043033,Left,Down,-0.1170339,-0.2554169,TransSlide
394.9998,22.71536,0,-0.02975464,0.3769741,0,-0.9251895,7080.622,1.743365,0.9038921,Left,Down,-0.09691329,-0.2723083,TransSlide
395.0399,22.73301,0,-0.04074097,0.3769741,0,-0.9230619,7081.531,1.743597,0.9034801,Left,Down,-0.09691329,-0.2870865,TransSlide
395.0799,22.74994,0,-0.05722046,0.3769741,0,-0.91232,7082.441,1.743835,0.9030676,Left,Down,-0.09691329,-0.3018799,TransSlide
395.1199,22.7671,0,-0.08835018,0.3769741,0,-0.9015423,7083.352,1.743647,0.9026539,Left,Down,-0.09691329,-0.3166885,TransSlide
395.1599,22.78481,0,-0.1176471,0.3769741,0,-0.8912115,7084.263,1.743189,0.9022396,Left,Down,-0.09691329,-0.3314972,TransSlide
395.1999,22.80252,0,-0.13138,0.3769741,0,-0.8810647,7085.175,1.742447,0.9018245,Left,Down,-0.09891172,-0.3463364,TransSlide
395.2399,22.82007,0,-0.1478595,0.3531548,0,-0.8709055,7086.087,1.741623,0.9014089,Left,Down,-0.08846933,-0.3611755,TransSlide
395.2798,22.83472,0,-0.1533526,0.3491875,0,-0.8608228,7087,1.740823,0.9009921,Left,Down,-0.05595291,-0.3756027,TransSlide
395.3199,22.84635,0,-0.1542681,0.3491875,0,-0.850794,7087.915,1.740145,0.9005746,Left,Down,-0.05595291,-0.3863373,TransSlide
395.3599,22.85751,0,-0.1542681,0.3372854,0,-0.8409256,7088.829,1.739609,0.9001563,Left,Down,-0.05595291,-0.3970871,TransSlide
395.3999,22.86676,0,-0.1551837,0.3333181,0,-0.8313014,7089.743,1.738941,0.8997376,Left,Down,-0.05595291,-0.4078369,TransSlide
395.4398,22.87469,0,-0.1597613,0.3253834,0,-0.8217501,7090.658,1.737943,0.8993177,Left,Down,-0.05595291,-0.4185791,TransSlide
395.4799,22.88048,0,-0.1597613,0.3253834,0,-0.8125858,7091.573,1.737823,0.8988971,Left,Down,-0.05233916,-0.4293289,TransSlide
395.5199,22.8868,0,-0.1597613,0.3253834,0,-0.8041172,7092.488,1.737889,0.898476,Left,Down,-0.05595291,-0.4400787,TransSlide
395.5598,22.89227,0,-0.1597613,0.3253834,0,-0.7958018,7093.404,1.737377,0.8980539,Left,Down,-0.05595291,-0.4508286,TransSlide
395.5999,22.89926,0,-0.1597613,0.3253834,0,-0.7827715,7094.32,1.737748,0.8976309,Left,Down,-0.05595291,-0.4615784,TransSlide
395.6399,22.90609,0,-0.1597613,0.3253834,0,-0.7702996,7095.236,1.738024,0.8972072,Left,Down,-0.05595291,-0.4723282,TransSlide
395.6799,22.91228,0,-0.1597613,0.3253834,0,-0.7580755,7096.152,1.737923,0.896783,Left,Down,-0.05595291,-0.4830856,TransSlide
395.7198,22.91947,0,-0.1597613,0.3253834,0,-0.7462351,7097.069,1.737395,0.8963577,Left,Down,-0.05595291,-0.4938507,TransSlide
395.7599,22.92646,0,-0.1597613,0.3253834,0,-0.734809,7097.986,1.736668,0.8959316,Left,Down,-0.05595291,-0.5046158,TransSlide
395.7999,22.93334,0,-0.1597613,0.3253834,0,-0.7238734,7098.903,1.735809,0.8955051,Straight,Down,-0.01978234,-0.5153809,TransSlide
395.8399,22.94016,0,-0.1597613,0.3253834,0,-0.7134424,7099.821,1.735045,0.8950775,Straight,Down,0.01978234,-0.5230484,TransSlide
395.8799,22.94686,0,-0.1524371,0.3253834,0,-0.7035438,7100.739,1.734386,0.8946492,Straight,Down,0,-0.5278168,TransSlide
395.9199,22.95355,0,-0.148775,0.3253834,0,-0.6940029,7101.657,1.733802,0.8942201,Straight,Down,0,-0.5325775,TransSlide
395.9599,22.96019,0,-0.1478595,0.3253834,0,-0.685156,7102.575,1.733299,0.8937904,Straight,Down,0,-0.5373535,TransSlide
395.9998,22.96682,0,-0.1377887,0.3253834,0,-0.676927,7103.494,1.732853,0.8933597,Straight,Down,0,-0.5421219,TransSlide
396.0399,22.97341,0,-0.1130694,0.3253834,0,-0.6693597,7104.413,1.732369,0.8929284,Straight,Down,0,-0.5468903,TransSlide
396.0799,22.97997,0,-0.08102596,0.3253834,0,-0.6624063,7105.332,1.731913,0.8924965,Straight,Down,0,-0.5516663,TransSlide
396.1199,22.98652,0,-0.009613037,0.3491875,0,-0.6562339,7106.251,1.731625,0.8920635,Straight,Down,0.01978234,-0.5564423,TransSlide
396.1599,22.9958,0,0.05081177,0.3491875,0,-0.650399,7107.171,1.731182,0.8916298,Straight,Down,0,-0.561203,TransSlide
396.1999,23.0075,0,0.07553101,0.3491875,0,-0.6449891,7108.091,1.730721,0.8911953,Straight,Down,0,-0.565979,TransSlide
396.2399,23.01925,0,0.09292603,0.3491875,0,-0.640006,7109.012,1.730433,0.8907604,Straight,Down,0,-0.5707626,TransSlide
396.2798,23.031,0,0.09841919,0.3491875,0,-0.6355017,7109.933,1.730109,0.8903244,Straight,Down,0.01978234,-0.5755386,TransSlide
396.3199,23.04271,0,0.1002502,0.3491875,0,-0.6314149,7110.854,1.729707,0.8898876,Straight,Down,0,-0.5803146,TransSlide
396.3599,23.05441,0,0.110321,0.3491875,0,-0.6277316,7111.776,1.72925,0.88945,Straight,Down,0,-0.5851059,TransSlide
396.3999,23.06598,0,0.1240575,0.3491875,0,-0.6241001,7112.699,1.728762,0.889012,Straight,Down,0,-0.5898895,TransSlide
396.4398,23.07778,0,0.1606786,0.3491875,0,-0.6207374,7113.622,1.728313,0.8885729,Straight,Down,0,-0.5946732,TransSlide
396.4799,23.08952,0,0.2009618,0.3491875,0,-0.6177877,7114.546,1.728282,0.8881332,Straight,Down,0,-0.5994644,TransSlide
396.5199,23.10095,0,0.2796972,0.3491875,0,-0.6149346,7115.47,1.728241,0.8876929,Straight,Down,0,-0.604248,TransSlide
396.5598,23.11283,0,0.3630137,0.3491875,0,-0.6121103,7116.394,1.727965,0.8872516,Straight,Down,0,-0.6090469,TransSlide
396.5999,23.12465,0,0.4170299,0.3491875,0,-0.6092268,7117.319,1.727509,0.8868095,Straight,Down,0,-0.6138382,TransSlide
396.6399,23.13634,0,0.4820323,0.3491875,0,-0.6061698,7118.244,1.727043,0.8863667,Straight,Down,0.01978234,-0.6186371,TransSlide
396.6799,23.14815,0,0.5177379,0.3491875,0,-0.603038,7119.17,1.72676,0.8859234,Straight,Down,0,-0.623436,TransSlide
396.7198,23.15966,0,0.5699229,0.3491875,0,-0.6067066,7120.096,1.726337,0.885479,Straight,Down,0,-0.6282349,TransSlide
396.7599,23.17112,0,0.6120408,0.3491875,0,-0.6117056,7121.023,1.72578,0.8850339,Straight,Down,0.01978234,-0.633049,TransSlide
396.7999,23.18267,0,0.6349289,0.3491875,0,-0.616255,7121.95,1.725239,0.8845884,Straight,Down,0,-0.6378555,TransSlide
396.8399,23.19386,0,0.6651413,0.3491875,0,-0.6201008,7122.878,1.724788,0.8841418,Straight,Down,0,-0.6426697,TransSlide
396.8799,23.20498,0,0.6779587,0.3491875,0,-0.6231729,7123.806,1.724399,0.8836945,Straight,Down,0,-0.6474838,TransSlide
396.9199,23.21602,0,0.6843674,0.3491875,0,-0.6253503,7124.734,1.724142,0.8832464,Straight,Down,0,-0.6523056,TransSlide
396.9599,23.22645,0,0.6880295,0.3491875,0,-0.6262964,7125.663,1.723762,0.8827978,Right,Down,0.05233916,-0.6571198,TransSlide
396.9998,23.23745,0,0.6880295,0.3491875,0,-0.6258854,7126.593,1.723281,0.8823483,Right,Down,0.05934703,-0.6581573,TransSlide
397.0399,23.24863,0,0.6880295,0.3491875,0,-0.6243865,7127.522,1.723864,0.8818979,Right,Down,0.06255726,-0.6585236,TransSlide
397.0799,23.26026,0,0.6880295,0.3491875,0,-0.6221825,7128.453,1.724558,0.8814472,Right,Down,0.06255726,-0.6588745,TransSlide
397.1199,23.2701,0,0.6880295,0.3491875,0,-0.626352,7129.384,1.723405,0.8809953,Right,Down,0.06255726,-0.6592331,TransSlide
397.1599,23.28007,0,0.6880295,0.3491875,0,-0.6293676,7130.315,1.722287,0.8805428,Right,Down,0.06255726,-0.6595917,TransSlide
397.1999,23.29115,0,0.6880295,0.3491875,0,-0.6306846,7131.247,1.721471,0.8800894,Right,Down,0.05934703,-0.6599426,TransSlide
397.2399,23.30073,0,0.6880295,0.3491875,0,-0.6300533,7132.178,1.720833,0.8796358,Right,Down,0.05934703,-0.6603012,TransSlide
397.2798,23.3097,0,0.6953537,0.3491875,0,-0.6270627,7133.111,1.720199,0.8791809,Right,Down,0.06255726,-0.6606522,TransSlide
397.3199,23.31932,0,0.7118332,0.3491875,0,-0.6220505,7134.043,1.720344,0.8787255,Right,Down,0.06255726,-0.6610107,TransSlide
397.3599,23.33089,0,0.7319748,0.3491875,0,-0.6147209,7134.977,1.721857,0.8782692,Right,Down,0.08622923,-0.6613083,TransSlide
397.3999,23.33877,0,0.7438767,0.3491875,0,-0.6135002,7135.91,1.72103,0.8778125,Right,Down,0.08622923,-0.6597443,TransSlide
397.4398,23.34723,0,0.7658494,0.3491875,0,-0.610355,7136.844,1.719861,0.8773547,Right,Down,0.08622923,-0.6581726,TransSlide
397.4799,23.35783,0,0.7795823,0.3491875,0,-0.6049879,7137.778,1.718732,0.8768963,Right,Down,0.08622923,-0.656601,TransSlide
397.5199,23.36532,0,0.7951462,0.3491875,0,-0.5965018,7138.713,1.717891,0.8764374,Right,Down,0.08846933,-0.6550293,TransSlide
397.5598,23.37382,0,0.7969773,0.3491875,0,-0.5852703,7139.647,1.717743,0.8759775,Right,Down,0.08622923,-0.6534576,TransSlide
397.5999,23.38433,0,0.7978928,0.3491875,0,-0.5725941,7140.583,1.719543,0.8755168,Right,Down,0.08622923,-0.6518784,TransSlide
397.6399,23.39128,0,0.7978928,0.3491875,0,-0.5649358,7141.519,1.718395,0.8750554,Right,Down,0.1027921,-0.6502991,TransSlide
397.6799,23.39847,0,0.7951462,0.3491875,0,-0.5540481,7142.454,1.717083,0.8745936,Right,Down,0.1065312,-0.6474609,TransSlide
397.7198,23.40766,0,0.7951462,0.3491875,0,-0.5401598,7143.391,1.715911,0.8741307,Right,Down,0.1065312,-0.6443329,TransSlide
397.7599,23.41485,0,0.7896531,0.3491875,0,-0.5230738,7144.327,1.715329,0.8736671,Right,Down,0.1083524,-0.6411972,TransSlide
397.7999,23.42497,0,0.7777512,0.3491875,0,-0.5042821,7145.264,1.717374,0.873203,Right,Down,0.1065312,-0.6380615,TransSlide
397.8399,23.43146,0,0.7539475,0.3293507,0,-0.4903044,7146.201,1.716444,0.8727381,Right,Down,0.1101434,-0.6349182,TransSlide
397.8799,23.43316,0,0.7328904,0.3214161,0,-0.4724295,7147.139,1.715113,0.8722723,Right,Down,0.1251145,-0.6317215,TransSlide
397.9199,23.43553,0,0.7063401,0.3134814,0,-0.451169,7148.076,1.713281,0.8718058,Right,Down,0.1251145,-0.6272125,TransSlide
397.9599,23.43827,0,0.6834519,0.309514,0,-0.4268762,7149.014,1.71502,0.8713388,Right,Down,0.1251145,-0.6226959,TransSlide
397.9998,23.43584,0,0.6770432,0.3055466,0,-0.4067595,7149.951,1.714891,0.8708709,Right,Down,0.1251145,-0.618187,TransSlide
398.0399,23.43241,0,0.6733811,0.3015793,0,-0.3846109,7150.889,1.713742,0.8704022,Right,Down,0.1282043,-0.6136551,TransSlide
398.0799,23.42987,0,0.6733811,0.297612,0,-0.3589789,7151.826,1.711632,0.8699331,Right,Down,0.1426525,-0.6090546,TransSlide
398.1199,23.42847,0,0.6733811,0.297612,0,-0.3302093,7152.764,1.713391,0.869463,Right,Down,0.1426525,-0.6032639,TransSlide
398.1599,23.42324,0,0.6733811,0.297612,0,-0.3059908,7153.701,1.713168,0.8689921,Right,Down,0.1426525,-0.5974655,TransSlide
398.1999,23.41729,0,0.6733811,0.297612,0,-0.2795014,7154.637,1.711924,0.8685206,Right,Down,0.1426525,-0.5916595,TransSlide
398.2399,23.41491,0,0.6733811,0.297612,0,-0.2493768,7155.574,1.709915,0.8680487,Right,Down,0.1557664,-0.5858536,TransSlide
398.2798,23.41212,0,0.6733811,0.297612,0,-0.2183309,7156.51,1.712094,0.8675757,Right,Down,0.1594904,-0.5791931,TransSlide
398.3199,23.40688,0,0.6779587,0.297612,0,-0.1912239,7157.447,1.71109,0.8671019,Right,Down,0.1594904,-0.5721741,TransSlide
398.3599,23.3984,0,0.6834519,0.3214161,0,-0.1595193,7158.383,1.708667,0.8666279,Right,Down,0.1607126,-0.565155,TransSlide
398.3999,23.40533,0,0.7008469,0.3253834,0,-0.1249408,7159.319,1.711155,0.8661526,Right,Down,0.1724585,-0.5581207,TransSlide
398.4398,23.40589,0,0.7365525,0.3293507,0,-0.09653211,7160.256,1.709961,0.8656768,Right,Down,0.1769387,-0.5501938,TransSlide
398.4799,23.40291,0,0.7621872,0.3293507,0,-0.06393915,7161.192,1.707715,0.8652003,Right,Down,0.1769387,-0.5419769,TransSlide
398.5199,23.4129,0,0.7951462,0.3293507,0,-0.0277338,7162.129,1.709666,0.8647233,Right,Down,0.1802258,-0.5337524,TransSlide
398.5598,23.41327,0,0.8308554,0.3293507,0,0.002576023,7163.065,1.708542,0.8642453,Right,Down,0.1928145,-0.5252838,TransSlide
398.5999,23.41052,0,0.8546591,0.3293507,0,0.03693992,7164.002,1.70599,0.8637666,Right,Down,0.1928145,-0.5159149,TransSlide
398.6399,23.41945,0,0.868392,0.3293507,0,0.07306933,7164.938,1.708323,0.8632872,Right,Down,0.1938267,-0.5065231,TransSlide
398.6799,23.41903,0,0.8793783,0.3293507,0,0.104963,7165.875,1.70671,0.8628074,Right,Down,0.2093567,-0.4971313,TransSlide
398.7198,23.41965,0,0.8848715,0.3293507,0,0.140944,7166.812,1.705563,0.8623265,Right,Down,0.20842,-0.4866333,TransSlide
398.7599,23.42348,0,0.8848715,0.3293507,0,0.1751429,7167.748,1.706539,0.861845,Right,Down,0.2102893,-0.4761047,TransSlide
398.7999,23.42102,0,0.8848715,0.3293507,0,0.2091127,7168.685,1.704284,0.8613632,Right,Down,0.2255535,-0.4655685,TransSlide
398.8398,23.42705,0,0.8848715,0.3293507,0,0.2462646,7169.622,1.706471,0.8608802,Right,Down,0.2255535,-0.4539108,TransSlide
398.8799,23.42508,0,0.8848715,0.3333181,0,0.2783194,7170.559,1.704067,0.8603964,Right,Down,0.2289973,-0.4422455,TransSlide
398.9199,23.42736,0,0.8848715,0.3372854,0,0.3145662,7171.496,1.704608,0.8599122,Right,Down,0.2406627,-0.4302902,TransSlide
398.9599,23.43155,0,0.8793783,0.3372854,0,0.3472847,7172.434,1.703851,0.8594275,Right,Down,0.2406627,-0.4174957,TransSlide
398.9998,23.43532,0,0.8793783,0.3372854,0,0.3821259,7173.371,1.70273,0.8589417,Right,Down,0.2525642,-0.4047089,TransSlide
399.0399,23.43836,0,0.8793783,0.3452201,0,0.415601,7174.309,1.703275,0.8584552,Right,Down,0.2579304,-0.3911514,TransSlide
399.0799,23.44142,0,0.8793783,0.3452201,0,0.4489018,7175.246,1.701345,0.8579683,Right,Down,0.2624426,-0.3772278,TransSlide
399.1199,23.44393,0,0.8793783,0.3452201,0,0.4818291,7176.184,1.702515,0.8574806,Right,Down,0.2733977,-0.362999,TransSlide
399.1599,23.44888,0,0.8793783,0.3452201,0,0.5139242,7177.121,1.700345,0.8569919,Right,Down,0.2748253,-0.3479462,TransSlide
399.1999,23.44947,0,0.885787,0.3452201,0,0.5454769,7178.059,1.70136,0.8565027,Right,Down,0.2900664,-0.3328629,TransSlide
399.2399,23.45615,0,0.903182,0.3491875,0,0.5762807,7178.997,1.700171,0.8560131,Right,Down,0.2900664,-0.3166885,TransSlide
399.2798,23.45407,0,0.9196615,0.3491875,0,0.6058273,7179.935,1.699766,0.8555225,Right,Down,0.3039024,-0.3004608,TransSlide
399.3199,23.46249,0,0.9315634,0.3491875,0,0.6361433,7180.874,1.701164,0.8550312,Right,Down,0.3071049,-0.2833252,TransSlide
399.3599,23.46263,0,0.9315634,0.3531548,0,0.6627792,7181.812,1.697586,0.8545395,Right,Down,0.3202056,-0.2659607,TransSlide
399.3999,23.46815,0,0.9260702,0.3571222,0,0.6907319,7182.75,1.700008,0.8540468,Right,Down,0.3232465,-0.2476883,TransSlide
399.4398,23.47723,0,0.9260702,0.3571222,0,0.7158854,7183.689,1.697136,0.8535534,Right,Down,0.3380413,-0.2291641,TransSlide
399.4799,23.46765,0,0.9251547,0.3571222,0,0.7393516,7184.628,1.696844,0.8530592,Right,Down,0.3414966,-0.2096634,TransSlide
399.5199,23.48157,0,0.9141684,0.3610895,0,0.7628574,7185.568,1.69805,0.8525649,Right,Down,0.3571801,-0.1899796,TransSlide
399.5598,23.48757,0,0.8967733,0.3650568,0,0.7818074,7186.507,1.697214,0.8520694,Right,Down,0.3631561,-0.1691589,TransSlide
399.5999,23.49445,0,0.8738852,0.3650568,0,0.7990837,7187.447,1.698771,0.8515732,Right,Flat,0.3743001,-0.1480179,TransSlide
399.6399,23.49956,0,0.8482504,0.3650568,0,0.8161016,7188.387,1.697598,0.8510764,Right,Flat,0.3856296,-0.1260223,TransSlide
399.6799,23.50922,0,0.8262777,0.3690242,0,0.8281103,7189.327,1.69895,0.8505791,Right,Flat,0.3936644,-0.1032791,TransSlide
399.7198,23.51355,0,0.8189499,0.3690242,0,0.8414329,7190.268,1.695624,0.850081,Right,Flat,0.4087828,-0.08000946,TransSlide
399.7599,23.52007,0,0.8143723,0.3690242,0,0.8512318,7191.208,1.697214,0.8495821,Right,Flat,0.4182466,-0.0556488,TransSlide
399.7999,23.53376,0,0.8125412,0.3729915,0,0.8603616,7192.15,1.694483,0.8490829,Right,Flat,0.4228991,-0.03065491,TransSlide
399.8398,23.53458,0,0.8024704,0.3729915,0,0.8697439,7193.091,1.693557,0.8485826,Right,Flat,0.393167,-0.005050659,TransSlide
399.8799,23.54886,0,0.7896531,0.3888762,0,0.8759831,7194.033,1.693287,0.8480817,Right,Flat,0.386643,0.02112579,TransSlide
399.9199,23.55294,0,0.7731736,0.4047455,0,0.8840162,7194.976,1.690528,0.8475801,Right,Flat,0.3789758,0.04709625,TransSlide
399.9599,23.57098,0,0.7603562,0.4047455,0,0.8867592,7195.918,1.692505,0.8470781,Right,Flat,0.3748225,0.07276917,TransSlide
399.9998,23.58343,0,0.754863,0.4047455,0,0.8922226,7196.861,1.689445,0.8465751,Right,Flat,0.3722032,0.09803009,TransSlide
400.0399,23.59738,0,0.7493699,0.4047455,0,0.8936375,7197.805,1.691787,0.8460715,Right,Flat,0.3669084,0.1231003,TransSlide
400.0799,23.6134,0,0.7493699,0.4047455,0,0.8962655,7198.75,1.688856,0.8455675,Right,Flat,0.3636945,0.1476364,TransSlide
400.1199,23.62379,0,0.7493699,0.4047455,0,0.8964972,7199.694,1.690781,0.8450626,Right,Up,0.3593647,0.1719742,TransSlide
400.1599,23.64005,0,0.7484543,0.4047455,0,0.8965429,7200.64,1.688224,0.8445569,Right,Up,0.3544303,0.1958771,TransSlide
400.1999,23.65052,0,0.7420456,0.3809415,0,0.8954422,7201.586,1.689484,0.8440505,Right,Up,0.3522151,0.2194061,TransSlide
400.2399,23.66024,0,0.7246506,0.3769741,0,0.8936046,7202.532,1.687307,0.8435438,Right,Up,0.3454843,0.2426605,TransSlide
400.2798,23.66591,0,0.7017624,0.3769741,0,0.8909329,7203.479,1.688266,0.8430362,Right,Up,0.343781,0.2653732,TransSlide
400.3199,23.67433,0,0.6779587,0.3769741,0,0.8868076,7204.426,1.686482,0.8425277,Right,Up,0.3363003,0.2879257,TransSlide
400.3599,23.68003,0,0.6477463,0.3729915,0,0.8821836,7205.373,1.687457,0.8420192,Right,Up,0.3345502,0.3097839,TransSlide
400.3999,23.68641,0,0.6294358,0.3690242,0,0.8764345,7206.32,1.685396,0.8415095,Right,Up,0.3268584,0.3315201,TransSlide
400.4398,23.69237,0,0.6138718,0.3650568,0,0.8696417,7207.268,1.686825,0.8409992,Right,Up,0.3250574,0.3525848,TransSlide
400.4799,23.6966,0,0.6056321,0.3610895,0,0.8624487,7208.216,1.684394,0.8404881,Right,Up,0.3183671,0.373497,TransSlide
400.5199,23.70275,0,0.6001389,0.3571222,0,0.8530384,7209.164,1.68598,0.8399768,Right,Up,0.315279,0.3937531,TransSlide
400.5598,23.70375,0,0.5900681,0.3372854,0,0.8455493,7210.112,1.683261,0.8394645,Right,Up,0.3083766,0.4137955,TransSlide
400.5999,23.70457,0,0.5827403,0.3214161,0,0.8335642,7211.061,1.684436,0.8389515,Right,Up,0.3064671,0.4332047,TransSlide
400.6399,23.69874,0,0.5662608,0.3134814,0,0.8250903,7212.009,1.682828,0.8384378,Right,Up,0.2987072,0.4524078,TransSlide
400.6799,23.68956,0,0.5479503,0.309514,0,0.8118975,7212.956,1.682786,0.8379238,Right,Up,0.2973941,0.4708939,TransSlide
400.7198,23.68306,0,0.5397105,0.3055466,0,0.8004773,7213.903,1.683165,0.8374089,Right,Up,0.2880355,0.4892807,TransSlide
400.7599,23.67179,0,0.523231,0.3015793,0,0.7880497,7214.851,1.681389,0.8368932,Right,Up,0.2880355,0.5068054,TransSlide
400.7999,23.66503,0,0.5177379,0.289662,0,0.7733823,7215.797,1.682566,0.8363773,Right,Up,0.2776587,0.5243149,TransSlide
400.8398,23.64993,0,0.5159068,0.2698253,0,0.7620802,7216.743,1.680252,0.8358603,Right,Up,0.2762456,0.540947,TransSlide
400.8799,23.63454,0,0.5159068,0.2579232,0,0.7449139,7217.688,1.680593,0.8353428,Right,Up,0.2697954,0.5574265,TransSlide
400.9199,23.6177,0,0.5159068,0.2579232,0,0.7299352,7218.633,1.68152,0.8348244,Right,Up,0.2646699,0.5733185,TransSlide
400.9599,23.59502,0,0.5113292,0.2499886,0,0.7155789,7219.577,1.679243,0.8343059,Right,Up,0.2609472,0.5887146,TransSlide
400.9998,23.57567,0,0.4994273,0.2460212,0,0.6977153,7220.521,1.679611,0.8337864,Right,Up,0.25101,0.6039047,TransSlide
401.0399,23.55372,0,0.4811168,0.2380865,0,0.6823723,7221.463,1.679999,0.8332661,Right,Up,0.25101,0.6181717,TransSlide
401.0799,23.52825,0,0.4628062,0.2380865,0,0.6662738,7222.404,1.678136,0.8327457,Right,Up,0.2422834,0.6324005,TransSlide
401.1199,23.50575,0,0.4408336,0.2341192,0,0.6471088,7223.345,1.67827,0.8322241,Right,Up,0.2382111,0.6458893,TransSlide
401.1599,23.48151,0,0.4161143,0.2261845,0,0.6306251,7224.284,1.678866,0.8317019,Right,Up,0.2373883,0.6589127,TransSlide
401.1999,23.45443,0,0.3987193,0.2261845,0,0.6146955,7225.223,1.676523,0.8311791,Right,Up,0.2238118,0.6719131,TransSlide
401.2399,23.42888,0,0.3694224,0.2222171,0,0.5941141,7226.16,1.676331,0.8306561,Right,Up,0.2229358,0.6837158,TransSlide
401.2798,23.40382,0,0.3611827,0.2182498,0,0.5753424,7227.097,1.67766,0.8301319,Right,Up,0.220287,0.6954193,TransSlide
401.3199,23.37302,0,0.3556895,0.2182498,0,0.5600753,7228.032,1.675602,0.8296071,Right,Up,0.2055842,0.707077,TransSlide
401.3599,23.34572,0,0.3446996,0.2103151,0,0.5393268,7228.966,1.675052,0.8290821,Right,Up,0.2055842,0.7173538,TransSlide
401.3999,23.31787,0,0.3327978,0.2063325,0,0.5186737,7229.899,1.675208,0.8285562,Right,Up,0.2065338,0.7276077,TransSlide
401.4398,23.28707,0,0.3025854,0.2023651,0,0.5008434,7230.831,1.676292,0.8280295,Right,Up,0.1907741,0.7378311,TransSlide
401.4799,23.25476,0,0.2623022,0.2023651,0,0.4858607,7231.761,1.673778,0.8275021,Right,Up,0.1876719,0.7468567,TransSlide
401.5199,23.22435,0,0.2311742,0.2023651,0,0.4648856,7232.69,1.672977,0.8269745,Right,Up,0.1866263,0.7555237,TransSlide
401.5598,23.19459,0,0.1881444,0.2023651,0,0.4438962,7233.619,1.672963,0.8264461,Right,Up,0.1802258,0.7641678,TransSlide
401.5999,23.16357,0,0.1661718,0.1904631,0,0.4250036,7234.545,1.673602,0.8259168,Right,Up,0.165511,0.7723694,TransSlide
401.6399,23.13103,0,0.1606786,0.1745937,0,0.4083689,7235.471,1.673204,0.8253874,Right,Up,0.166689,0.7792664,TransSlide
401.6799,23.09469,0,0.1478612,0.166659,0,0.3932726,7236.395,1.670989,0.8248568,Right,Up,0.166689,0.7861404,TransSlide
401.7198,23.05766,0,0.1350439,0.166659,0,0.3702252,7237.317,1.670711,0.8243257,Right,Up,0.1594904,0.7929916,TransSlide
401.7599,23.01984,0,0.1112366,0.1626917,0,0.3490537,7238.239,1.670805,0.8237939,Right,Up,0.1412742,0.7994843,TransSlide
401.7999,22.98121,0,0.09475708,0.1468223,0,0.3298813,7239.158,1.670815,0.8232619,Right,Up,0.1398823,0.8042603,TransSlide
401.8398,22.94025,0,0.06454468,0.1150683,0,0.3120855,7240.076,1.670907,0.8227288,Right,Up,0.1398823,0.8090286,TransSlide
401.8799,22.89283,0,0.03433228,0.09523156,0,0.2956782,7240.993,1.670363,0.8221952,Right,Up,0.1412742,0.8137741,TransSlide
401.9199,22.84032,0,0.01602173,0.09126421,0,0.281055,7241.907,1.668589,0.8216609,Right,Up,0.1297215,0.8185043,TransSlide
401.9599,22.78705,0,-0.0050354,0.08729687,0,0.2611721,7242.819,1.667661,0.8211264,Right,Up,0.1083524,0.8225937,TransSlide
401.9998,22.73275,0,-0.02243042,0.08729687,0,0.2378353,7243.729,1.66775,0.8205908,Right,Up,0.1083524,0.8246384,TransSlide
402.0399,22.67849,0,-0.05264282,0.08729687,0,0.216038,7244.636,1.667812,0.8200547,Right,Up,0.1065312,0.8266678,TransSlide
402.0799,22.62454,0,-0.09475887,0.08729687,0,0.1957076,7245.542,1.667671,0.8195184,Right,Up,0.1083524,0.8286972,TransSlide
402.1198,22.5709,0,-0.1377887,0.08729687,0,0.176316,7246.446,1.667377,0.8189809,Right,Up,0.1065312,0.830719,TransSlide
402.1599,22.51749,0,-0.1954687,0.08729687,0,0.1576682,7247.347,1.666905,0.818443,Right,Up,0.1083524,0.8327255,TransSlide
402.1999,22.46428,0,-0.2275121,0.08729687,0,0.1398751,7248.246,1.666288,0.8179042,Straight,Up,0.04845664,0.8347244,TransSlide
402.2399,22.41127,0,-0.2623022,0.08729687,0,0.1227139,7249.143,1.665669,0.8173654,Straight,Up,0,0.8326111,TransSlide
402.2798,22.35841,0,-0.291599,0.08729687,0,0.1061962,7250.038,1.665036,0.8168254,Straight,Up,0,0.8264771,TransSlide
402.3199,22.30574,0,-0.3044182,0.08729687,0,0.09023133,7250.931,1.66441,0.816285,Straight,Up,0,0.8203659,TransSlide
402.3599,22.25323,0,-0.3218132,0.08729687,0,0.07472986,7251.821,1.663884,0.8157442,Straight,Up,0,0.8142548,TransSlide
402.3999,22.20085,0,-0.3382927,0.08729687,0,0.0595488,7252.709,1.663375,0.8152025,Straight,Up,0,0.8081741,TransSlide
402.4398,22.14862,0,-0.3566033,0.08729687,0,0.04453471,7253.596,1.662743,0.8146601,Straight,Up,0.01978234,0.8021011,TransSlide
402.4799,22.09652,0,-0.382238,0.08729687,0,0.02956247,7254.48,1.661983,0.8141172,Straight,Up,0,0.7960434,TransSlide
402.5199,22.04455,0,-0.4042107,0.08729687,0,0.01474056,7255.362,1.661433,0.8135741,Straight,Up,0,0.7899933,TransSlide
402.5598,21.9927,0,-0.4353404,0.07936218,0,-0.0002130866,7256.243,1.660801,0.8130298,Straight,Up,0,0.7839661,TransSlide
402.5999,21.93963,0,-0.4545665,0.07142748,0,-0.01541081,7257.121,1.660345,0.812485,Straight,Up,0,0.7779465,TransSlide
402.6399,21.8849,0,-0.4875255,0.07142748,0,-0.03094754,7257.997,1.659912,0.81194,Straight,Up,0,0.7719421,TransSlide
402.6799,21.82982,0,-0.5113292,0.07142748,0,-0.04700342,7258.871,1.659481,0.811394,Straight,Up,0,0.7659531,TransSlide
402.7198,21.77484,0,-0.5131602,0.07142748,0,-0.06397945,7259.742,1.658705,0.8108474,Straight,Up,0,0.7599869,TransSlide
402.7599,21.71996,0,-0.5076671,0.07142748,0,-0.08134213,7260.612,1.657971,0.8103001,Straight,Up,0,0.7540207,TransSlide
402.7999,21.66509,0,-0.4948497,0.07142748,0,-0.09965402,7261.479,1.65734,0.8097526,Straight,Up,0,0.7480698,TransSlide
402.8398,21.6103,0,-0.4518199,0.07142748,0,-0.1187524,7262.344,1.656824,0.8092043,Straight,Up,0,0.7421417,TransSlide
402.8799,21.55565,0,-0.4179454,0.07142748,0,-0.1386818,7263.207,1.656295,0.8086552,Straight,Up,0,0.7362213,TransSlide
402.9199,21.50111,0,-0.4106212,0.07142748,0,-0.1593245,7264.067,1.655809,0.8081055,Straight,Up,0,0.7303162,TransSlide
402.9599,21.44711,0,-0.3941399,0.09126421,0,-0.180835,7264.926,1.654519,0.8075557,Straight,Up,0,0.7244263,TransSlide
402.9998,21.39629,0,-0.3758293,0.0991989,0,-0.197608,7265.782,1.655018,0.8070049,Straight,Up,0,0.7185516,TransSlide
403.0399,21.34921,0,-0.3401238,0.1111009,0,-0.2135852,7266.636,1.656015,0.8064534,Straight,Up,0,0.7126923,TransSlide
403.0799,21.30391,0,-0.3025872,0.123003,0,-0.2304811,7267.489,1.656679,0.8059018,Straight,Up,0,0.7068405,TransSlide
403.1198,21.26183,0,-0.2687109,0.1269856,0,-0.2488003,7268.34,1.656893,0.8053491,Straight,Up,0,0.7009888,TransSlide
403.1599,21.22094,0,-0.2265966,0.1309529,0,-0.268068,7269.189,1.656057,0.8047959,Straight,Up,0,0.6951447,TransSlide
403.1999,21.18162,0,-0.2037084,0.1388876,0,-0.2884786,7270.037,1.652849,0.8042421,Straight,Up,0,0.6893234,TransSlide
403.2399,21.14514,0,-0.1972997,0.142855,0,-0.3027782,7270.883,1.652555,0.803688,Straight,Up,0,0.6834946,TransSlide
403.2798,21.10928,0,-0.1972997,0.142855,0,-0.3180046,7271.728,1.652918,0.803133,Left,Up,-0.05595291,0.6776886,TransSlide
403.3199,21.07281,0,-0.208286,0.1468223,0,-0.3342926,7272.571,1.653778,0.8025774,Left,Up,-0.1083524,0.6683273,TransSlide
403.3599,21.0369,0,-0.2192724,0.1468223,0,-0.3515729,7273.413,1.652252,0.8020216,Left,Up,-0.1083524,0.6539459,TransSlide
403.3999,21.00382,0,-0.2275121,0.1507896,0,-0.3661149,7274.253,1.65029,0.8014649,Left,Up,-0.1101434,0.6395874,TransSlide
403.4398,20.97125,0,-0.2430761,0.1587244,0,-0.377757,7275.092,1.650421,0.8009074,Left,Up,-0.1101434,0.6252441,TransSlide
403.4799,20.94024,0,-0.2449071,0.1706264,0,-0.3914657,7275.93,1.651871,0.8003495,Left,Up,-0.1101434,0.6109161,TransSlide
403.5199,20.90928,0,-0.2449071,0.1785611,0,-0.4057039,7276.767,1.649123,0.7997915,Left,Up,-0.1266688,0.5966034,TransSlide
403.5598,20.88392,0,-0.2449071,0.1785611,0,-0.4140457,7277.602,1.648836,0.7992322,Left,Up,-0.1519511,0.5814209,TransSlide
403.5999,20.85932,0,-0.2449071,0.1785611,0,-0.4232163,7278.437,1.649694,0.7986724,Left,Up,-0.1519511,0.5639725,TransSlide
403.6399,20.83113,0,-0.2449071,0.1785611,0,-0.4331834,7279.27,1.648302,0.7981126,Left,Up,-0.1519511,0.5465469,TransSlide
403.6799,20.80699,0,-0.2449071,0.1785611,0,-0.4379711,7280.103,1.647303,0.7975518,Left,Up,-0.1519511,0.529129,TransSlide
403.7198,20.78311,0,-0.2449071,0.1785611,0,-0.4422553,7280.934,1.648305,0.7969903,Left,Up,-0.1769387,0.5117188,TransSlide
403.7599,20.75654,0,-0.2449071,0.1785611,0,-0.4475849,7281.765,1.646183,0.7964283,Left,Up,-0.1866263,0.4926529,TransSlide
403.7999,20.73278,0,-0.2449071,0.1785611,0,-0.4463802,7282.594,1.646335,0.795866,Left,Up,-0.1866263,0.4726639,TransSlide
403.8398,20.70772,0,-0.2449071,0.1785611,0,-0.4457605,7283.423,1.647475,0.7953029,Left,Up,-0.1887116,0.4526901,TransSlide
403.8799,20.68359,0,-0.2449071,0.1785611,0,-0.4431669,7284.25,1.644839,0.7947391,Left,Up,-0.2139789,0.4327393,TransSlide
403.9199,20.6615,0,-0.2449071,0.1785611,0,-0.4365577,7285.077,1.646063,0.7941748,Left,Up,-0.2167048,0.4107437,TransSlide
403.9599,20.63749,0,-0.2449071,0.1785611,0,-0.4307232,7285.903,1.64329,0.7936102,Left,Up,-0.2167048,0.3885117,TransSlide
403.9998,20.61505,0,-0.2449071,0.1785611,0,-0.4181621,7286.728,1.645032,0.7930448,Left,Up,-0.2365626,0.3662949,TransSlide
404.0399,20.59092,0,-0.2449071,0.1785611,0,-0.4065255,7287.551,1.643675,0.7924787,Left,Up,-0.2446942,0.3427887,TransSlide
404.0799,20.56795,0,-0.2449071,0.1785611,0,-0.3885815,7288.374,1.642656,0.7919125,Left,Up,-0.2454926,0.3184509,TransSlide
404.1198,20.54553,0,-0.2449071,0.1785611,0,-0.3707602,7289.196,1.639778,0.7913452,Left,Up,-0.2639296,0.294136,TransSlide
404.1599,20.52505,0,-0.2449071,0.1785611,0,-0.3528486,7290.018,1.641247,0.7907776,Left,Up,-0.2719625,0.2686157,TransSlide
404.1999,20.50413,0,-0.2513158,0.1785611,0,-0.3353826,7290.838,1.642728,0.7902091,Left,Up,-0.2762456,0.2423706,TransSlide
404.2399,20.48208,0,-0.2677953,0.1785611,0,-0.3190147,7291.657,1.643788,0.7896407,Left,Up,-0.2960753,0.2161407,TransSlide
404.2798,20.4621,0,-0.2861059,0.1785611,0,-0.3037224,7292.476,1.643459,0.7890713,Left,Up,-0.2967354,0.1880722,TransSlide
404.3199,20.44233,0,-0.291599,0.1785611,0,-0.2894952,7293.294,1.642438,0.7885012,Left,Up,-0.3121605,0.1599655,TransSlide
404.3599,20.42258,0,-0.291599,0.1785611,0,-0.2763295,7294.111,1.64118,0.787931,Left,Flat,-0.3202056,0.1308746,TransSlide
404.3999,20.40294,0,-0.2668798,0.1785611,0,-0.2644908,7294.928,1.640151,0.7873599,Left,Flat,-0.3310224,0.1010208,TransSlide
404.4398,20.38262,0,-0.2146947,0.1785611,0,-0.2541484,7295.743,1.639518,0.7867882,Left,Flat,-0.3432113,0.07065582,TransSlide
404.4799,20.36214,0,-0.16617,0.1785611,0,-0.24452,7296.558,1.637051,0.7862159,Left,Flat,-0.2027088,0.03912354,TransSlide
404.5199,20.34049,0,-0.1359576,0.1587244,0,-0.2355959,7297.372,1.6339,0.7856435,Right,Flat,0.06852804,0.004974365,TransSlide
404.5598,20.32179,0,-0.1130694,0.1468223,0,-0.2301068,7298.185,1.632784,0.7850701,Right,Flat,0.06852804,-0.03864288,TransSlide
404.5999,20.29858,0,-0.1048297,0.1349203,0,-0.2273595,7298.997,1.636189,0.7844962,Right,Flat,0.07132626,-0.08217621,TransSlide
404.6399,20.271,0,-0.08835018,0.1150683,0,-0.2251977,7299.808,1.639259,0.783922,Right,Flat,0.06852804,-0.1256485,TransSlide
404.6799,20.24009,0,-0.06454647,0.1071336,0,-0.2237894,7300.618,1.640488,0.7833471,Right,Down,0.06852804,-0.169136,TransSlide
404.7198,20.20896,0,-0.03433228,0.1071336,0,-0.2231396,7301.426,1.640021,0.7827714,Right,Down,0.06852804,-0.2126083,TransSlide
404.7599,20.17756,0,0.00869751,0.1071336,0,-0.223419,7302.233,1.638535,0.7821953,Right,Down,0.07132626,-0.2560501,TransSlide
404.7999,20.14631,0,0.02700806,0.1309529,0,-0.2244538,7303.04,1.636904,0.7816191,Right,Down,0.06852804,-0.2994385,TransSlide
404.8398,20.12066,0,0.02883911,0.1388876,0,-0.2262391,7303.845,1.635296,0.7810417,Right,Down,0.07132626,-0.3427734,TransSlide
404.8799,20.09624,0,0.02883911,0.142855,0,-0.2285373,7304.649,1.633799,0.7804639,Right,Down,0.07132626,-0.3860626,TransSlide
404.9199,20.07268,0,0.02883911,0.142855,0,-0.2315554,7305.452,1.632563,0.779886,Straight,Down,0.02797646,-0.4292984,TransSlide
404.9599,20.04957,0,0.00869751,0.142855,0,-0.2352891,7306.254,1.631444,0.7793072,Straight,Down,0,-0.4573975,TransSlide
404.9998,20.02652,0,-0.01052856,0.1468223,0,-0.2396473,7307.056,1.630478,0.7787277,Straight,Down,0,-0.4691315,TransSlide
405.0399,20.00447,0,-0.01693726,0.1507896,0,-0.2446889,7307.856,1.629766,0.7781476,Straight,Down,-0.01978234,-0.4808655,TransSlide
405.0799,19.98295,0,-0.01693726,0.154757,0,-0.2501338,7308.656,1.629198,0.7775676,Straight,Down,-0.01978234,-0.4925766,TransSlide
405.1198,19.96276,0,-0.01693726,0.1587244,0,-0.2560716,7309.455,1.628559,0.7769866,Straight,Down,0,-0.5042801,TransSlide
405.1599,19.94353,0,-0.02151489,0.1587244,0,-0.2624851,7310.252,1.627885,0.7764049,Straight,Down,-0.01978234,-0.515976,TransSlide
405.1999,19.92431,0,-0.02243042,0.1587244,0,-0.2692628,7311.049,1.6273,0.7758227,Straight,Down,-0.01978234,-0.5276642,TransSlide
405.2399,19.90515,0,-0.02426147,0.1587244,0,-0.2765132,7311.846,1.626764,0.7752405,Straight,Down,0,-0.5393448,TransSlide
405.2798,19.88604,0,-0.02975464,0.1587244,0,-0.2841033,7312.642,1.626323,0.7746573,Straight,Down,0,-0.5510025,TransSlide
405.3199,19.86699,0,-0.03890991,0.1587244,0,-0.2920577,7313.437,1.625787,0.7740735,Straight,Down,0,-0.5626602,TransSlide
405.3599,19.84799,0,-0.0453186,0.1587244,0,-0.3003421,7314.23,1.625178,0.7734897,Straight,Down,0,-0.5743027,TransSlide
405.3998,19.82907,0,-0.0453186,0.1587244,0,-0.3088729,7315.024,1.624602,0.7729048,Straight,Down,-0.01978234,-0.5859375,TransSlide
405.4398,19.8102,0,-0.0453186,0.1587244,0,-0.3177083,7315.816,1.624088,0.7723196,Straight,Down,0,-0.5975647,TransSlide
405.4799,19.79138,0,-0.0453186,0.1587244,0,-0.3269641,7316.608,1.623636,0.7717336,Straight,Down,-0.01978234,-0.6091766,TransSlide
405.5199,19.77262,0,-0.0453186,0.1587244,0,-0.3363706,7317.399,1.623167,0.7711475,Straight,Down,-0.01978234,-0.6207809,TransSlide
405.5598,19.75392,0,-0.0453186,0.1587244,0,-0.3460804,7318.19,1.622747,0.7705606,Straight,Down,-0.01978234,-0.63237,TransSlide
405.5999,19.73528,0,-0.0453186,0.1587244,0,-0.3559482,7318.979,1.62211,0.7699732,Straight,Down,-0.01978234,-0.6439514,TransSlide
405.6399,19.71669,0,-0.0453186,0.1587244,0,-0.366095,7319.769,1.621629,0.7693856,Straight,Down,-0.01978234,-0.6555252,TransSlide
405.6799,19.69815,0,-0.0453186,0.1587244,0,-0.3766544,7320.557,1.621102,0.7687971,Straight,Down,0,-0.6670837,TransSlide
405.7198,19.67967,0,-0.03433228,0.1587244,0,-0.3871398,7321.344,1.620604,0.768208,Straight,Down,-0.01978234,-0.6786346,TransSlide
405.7599,19.66125,0,-0.02792358,0.1587244,0,-0.3978852,7322.13,1.62008,0.7676185,Straight,Down,0,-0.6901703,TransSlide
405.7999,19.64289,0,-0.02792358,0.1587244,0,-0.4087691,7322.917,1.619605,0.7670288,Straight,Down,0,-0.7017059,TransSlide
405.8398,19.62445,0,-0.02792358,0.1587244,0,-0.42001,7323.702,1.619175,0.7664382,Straight,Down,-0.01978234,-0.7132263,TransSlide
405.8799,19.60611,0,-0.02792358,0.1587244,0,-0.4312437,7324.486,1.618918,0.7658471,Straight,Down,0,-0.7247314,TransSlide
405.9199,19.58783,0,-0.02792358,0.1587244,0,-0.442842,7325.27,1.618203,0.7652558,Straight,Down,0,-0.7362366,TransSlide
405.9599,19.56962,0,-0.02792358,0.1587244,0,-0.4546183,7326.053,1.617523,0.7646637,Straight,Down,0,-0.7477264,TransSlide
405.9998,19.55137,0,-0.02792358,0.1587244,0,-0.4666513,7326.835,1.616811,0.764071,Straight,Down,0,-0.7592087,TransSlide
406.0399,19.53322,0,-0.02792358,0.1587244,0,-0.4789,7327.616,1.616177,0.7634779,Straight,Down,0,-0.7706757,TransSlide
406.0799,19.51497,0,-0.02792358,0.1587244,0,-0.4914171,7328.397,1.61555,0.7628844,Straight,Down,-0.01978234,-0.782135,TransSlide
406.1198,19.49682,0,-0.02792358,0.1587244,0,-0.5038615,7329.177,1.614964,0.7622903,Straight,Down,0,-0.7935791,TransSlide
406.1599,19.47873,0,-0.02792358,0.1587244,0,-0.5165094,7329.957,1.614525,0.7616954,Straight,Down,0,-0.8050232,TransSlide
406.1999,19.46071,0,-0.02792358,0.1587244,0,-0.5292163,7330.735,1.614012,0.7611004,Straight,Down,0,-0.816452,TransSlide
406.2399,19.44268,0,-0.02792358,0.1587244,0,-0.5422109,7331.513,1.613406,0.7605049,Straight,Down,0,-0.8278656,TransSlide
406.2798,19.42485,0,-0.02792358,0.1349203,0,-0.5554546,7332.29,1.612777,0.7599087,Straight,Down,-0.01978234,-0.8392715,TransSlide
406.3199,19.40197,0,-0.02792358,0.1349203,0,-0.568596,7333.066,1.611191,0.7593119,Straight,Down,0,-0.8506622,TransSlide
406.3599,19.38017,0,-0.02792358,0.1349203,0,-0.5755353,7333.842,1.612292,0.758715,Straight,Down,-0.01978234,-0.86203,TransSlide
406.3998,19.35816,0,-0.02792358,0.1349203,0,-0.5821429,7334.616,1.613194,0.7581173,Straight,Down,0,-0.8733826,TransSlide
406.4398,19.33606,0,-0.02792358,0.1349203,0,-0.5887335,7335.39,1.613691,0.7575189,Straight,Down,0,-0.8847275,TransSlide
406.4799,19.31468,0,-0.02792358,0.1349203,0,-0.5953655,7336.163,1.613366,0.7569202,Straight,Down,0,-0.8960648,TransSlide
406.5199,19.29362,0,-0.02792358,0.1349203,0,-0.6023224,7336.935,1.612607,0.7563213,Straight,Down,-0.01978234,-0.9073944,TransSlide
406.5598,19.27267,0,-0.02792358,0.1349203,0,-0.6094167,7337.706,1.611666,0.7557216,Straight,Down,-0.01978234,-0.9187088,TransSlide
406.5999,19.25178,0,-0.02792358,0.1349203,0,-0.6166996,7338.476,1.610649,0.7551213,Straight,Down,-0.01978234,-0.9300232,TransSlide
406.6399,19.23094,0,-0.02792358,0.1309529,0,-0.6240143,7339.246,1.609677,0.754521,Straight,Down,-0.01978234,-0.9413223,TransSlide
406.6799,19.20962,0,-0.02792358,0.1309529,0,-0.6313911,7340.014,1.608742,0.7539197,Straight,Down,-0.01978234,-0.9526062,TransSlide
406.7198,19.18803,0,-0.02792358,0.1269856,0,-0.6388902,7340.782,1.607942,0.7533179,Straight,Down,0,-0.9638824,TransSlide
406.7599,19.16596,0,-0.02792358,0.123003,0,-0.6466768,7341.548,1.607179,0.7527156,Straight,Down,-0.02797646,-0.9751358,TransSlide
406.7999,19.14268,0,-0.03341675,0.123003,0,-0.654355,7342.314,1.606576,0.7521133,Straight,Down,-0.02797646,-0.9780045,TransSlide
406.8398,19.11952,0,-0.0352478,0.123003,0,-0.662236,7343.08,1.605942,0.75151,Straight,Down,-0.02797646,-0.9796066,TransSlide
406.8799,19.09642,0,-0.03982544,0.123003,0,-0.6703619,7343.844,1.605252,0.7509063,Straight,Down,-0.02797646,-0.9812164,TransSlide
406.9199,19.07339,0,-0.04074097,0.123003,0,-0.6784528,7344.607,1.60469,0.7503026,Straight,Down,-0.02797646,-0.9828186,TransSlide
406.9599,19.05044,0,-0.0453186,0.123003,0,-0.6868541,7345.369,1.604131,0.7496978,Straight,Down,-0.02797646,-0.9844208,TransSlide
406.9998,19.02751,0,-0.0453186,0.123003,0,-0.6954296,7346.13,1.603818,0.7490925,Straight,Down,-0.03426402,-0.9860153,TransSlide
407.0399,19.00446,0,-0.04714966,0.123003,0,-0.7042997,7346.891,1.603669,0.7484869,Straight,Down,-0.02797646,-0.9876099,TransSlide
407.0799,18.98153,0,-0.05172729,0.1468223,0,-0.7133661,7347.65,1.602896,0.7478812,Straight,Down,-0.02797646,-0.9892044,TransSlide
407.1198,18.96392,0,-0.05172729,0.1468223,0,-0.7223706,7348.409,1.601768,0.7472745,Straight,Down,-0.02797646,-0.990799,TransSlide
407.1599,18.94611,0,-0.05264282,0.166659,0,-0.7315781,7349.167,1.600946,0.7466673,Straight,Down,-0.03426402,-0.9923859,TransSlide
407.1999,18.93181,0,-0.05355835,0.1944305,0,-0.7411102,7349.924,1.600301,0.7460597,Straight,Down,-0.02797646,-0.9939804,TransSlide
407.2399,18.92404,0,-0.05813599,0.1983978,0,-0.750838,7350.681,1.599618,0.7454521,Straight,Down,-0.02797646,-0.9955673,TransSlide
407.2798,18.91798,0,-0.06546199,0.1983978,0,-0.7573321,7351.438,1.599135,0.7448434,Straight,Down,-0.02797646,-0.9971466,TransSlide
407.3199,18.91191,0,-0.07187068,0.1983978,0,-0.7593957,7352.194,1.599253,0.7442343,Straight,Down,-0.02797646,-0.9987411,TransSlide
407.3599,18.90578,0,-0.08102596,0.2023651,0,-0.7616705,7352.951,1.599255,0.7436253,Straight,Down,-0.02797646,-1.000328,TransSlide
407.3998,18.90054,0,-0.0892657,0.2023651,0,-0.7640914,7353.707,1.599143,0.7430153,Straight,Down,-0.02797646,-1.001907,TransSlide
407.4398,18.89571,0,-0.09384334,0.2023651,0,-0.7667758,7354.462,1.598715,0.7424048,Straight,Down,-0.02797646,-1.003494,TransSlide
407.4799,18.89088,0,-0.0956744,0.2063325,0,-0.7697976,7355.218,1.598139,0.7417938,Straight,Down,-0.02797646,-1.005081,TransSlide
407.5199,18.88661,0,-0.100252,0.2222171,0,-0.7728583,7355.974,1.597442,0.7411828,Straight,Down,-0.03426402,-1.00666,TransSlide
407.5598,18.88522,0,-0.1057452,0.2380865,0,-0.7764148,7356.73,1.596681,0.740571,Straight,Down,-0.02797646,-1.008247,TransSlide
407.5999,18.88803,0,-0.1185626,0.2420539,0,-0.780051,7357.486,1.596071,0.7399585,Straight,Down,-0.02797646,-1.009834,TransSlide
407.6399,18.89156,0,-0.1359576,0.2420539,0,-0.7839088,7358.242,1.595349,0.7393462,Straight,Down,-0.02797646,-1.011421,TransSlide
407.6799,18.89539,0,-0.1615924,0.2420539,0,-0.7879844,7358.998,1.594665,0.7387329,Straight,Down,-0.03426402,-1.013,TransSlide
407.7198,18.89922,0,-0.1789892,0.2420539,0,-0.7924212,7359.753,1.593994,0.7381191,Straight,Down,-0.03956468,-1.014587,TransSlide
407.7599,18.90296,0,-0.1954687,0.2420539,0,-0.7972207,7360.509,1.593372,0.7375048,Straight,Down,-0.03956468,-1.01429,TransSlide
407.7999,18.90672,0,-0.1963842,0.2420539,0,-0.8026662,7361.265,1.593068,0.7368906,Straight,Down,-0.03956468,-1.013443,TransSlide
407.8398,18.9102,0,-0.1963842,0.2420539,0,-0.808721,7362.021,1.592753,0.7362754,Straight,Down,-0.03956468,-1.012596,TransSlide
407.8799,18.91384,0,-0.1963842,0.2420539,0,-0.8148517,7362.778,1.591405,0.7356598,Straight,Down,-0.04423466,-1.011749,TransSlide
407.9199,18.91699,0,-0.1963842,0.2420539,0,-0.8212573,7363.535,1.590215,0.7350442,Straight,Down,-0.03956468,-1.010902,TransSlide
407.9599,18.91985,0,-0.1963842,0.2420539,0,-0.8284255,7364.292,1.589408,0.7344277,Straight,Down,-0.03956468,-1.010056,TransSlide
407.9998,18.92374,0,-0.18906,0.2420539,0,-0.8338307,7365.049,1.588696,0.7338106,Straight,Down,-0.03956468,-1.009201,TransSlide
408.0399,18.92739,0,-0.1716632,0.2420539,0,-0.8339888,7365.806,1.588594,0.7331932,Straight,Down,-0.04423466,-1.008354,TransSlide
408.0799,18.9307,0,-0.1478595,0.2420539,0,-0.8344983,7366.563,1.588563,0.7325758,Straight,Down,-0.04423466,-1.007507,TransSlide
408.1198,18.93381,0,-0.1304644,0.2420539,0,-0.8354118,7367.32,1.58851,0.7319574,Straight,Down,-0.03956468,-1.00666,TransSlide
408.1599,18.93749,0,-0.1185626,0.2420539,0,-0.8368816,7368.078,1.588165,0.7313386,Straight,Down,-0.03956468,-1.005806,TransSlide
408.1999,18.94112,0,-0.1176471,0.2222171,0,-0.8384245,7368.835,1.587745,0.7307193,Straight,Down,-0.04423466,-1.004951,TransSlide
408.2399,18.94202,0,-0.1176471,0.2182498,0,-0.8406541,7369.593,1.587114,0.7301,Straight,Down,-0.03956468,-1.004105,TransSlide
408.2798,18.94085,0,-0.1139849,0.2182498,0,-0.8433119,7370.351,1.586446,0.7294799,Straight,Down,-0.03956468,-1.00325,TransSlide
408.3199,18.93926,0,-0.1139849,0.2182498,0,-0.8464788,7371.109,1.585708,0.7288592,Straight,Down,-0.03956468,-1.002396,TransSlide
408.3599,18.93762,0,-0.1139849,0.2182498,0,-0.850192,7371.867,1.585087,0.7282386,Straight,Down,-0.03956468,-1.001549,TransSlide
408.3998,18.93624,0,-0.1139849,0.2142824,0,-0.8545292,7372.625,1.584677,0.7276172,Straight,Down,-0.04423466,-1.000694,TransSlide
408.4398,18.93358,0,-0.1139849,0.2142824,0,-0.8596613,7373.382,1.584587,0.7269952,Straight,Down,-0.04423466,-0.9998398,TransSlide
408.4799,18.93091,0,-0.1139849,0.2142824,0,-0.8650952,7374.139,1.58343,0.7263728,Left,Down,-0.05233916,-0.9982529,TransSlide
408.5199,18.92769,0,-0.1139849,0.2142824,0,-0.8708251,7374.896,1.581986,0.7257505,Left,Down,-0.05233916,-0.9957504,TransSlide
408.5598,18.92475,0,-0.1139849,0.2142824,0,-0.8771954,7375.653,1.580539,0.7251272,Left,Down,-0.05233916,-0.9932327,TransSlide
408.5999,18.92209,0,-0.1139849,0.2142824,0,-0.8793807,7376.41,1.580102,0.7245035,Left,Down,-0.05233916,-0.9907303,TransSlide
408.6399,18.91942,0,-0.1139849,0.2142824,0,-0.8792023,7377.167,1.5801,0.7238798,Left,Down,-0.05233916,-0.9882202,TransSlide
408.6798,18.91637,0,-0.1139849,0.2142824,0,-0.8792375,7377.923,1.580138,0.7232552,Straight,Down,-0.04845664,-0.9857178,TransSlide
408.7198,18.91337,0,-0.1139849,0.2142824,0,-0.879822,7378.68,1.579985,0.7226302,Left,Down,-0.05233916,-0.9832077,TransSlide
408.7599,18.91071,0,-0.1139849,0.2142824,0,-0.8808227,7379.437,1.579525,0.7220047,Straight,Down,-0.04845664,-0.9806976,TransSlide
408.7999,18.90808,0,-0.1139849,0.2142824,0,-0.8821526,7380.193,1.579037,0.7213793,Straight,Down,-0.04845664,-0.9781876,TransSlide
408.8398,18.90548,0,-0.1139849,0.2103151,0,-0.8840624,7380.949,1.578422,0.720753,Left,Down,-0.05233916,-0.9756775,TransSlide
408.8799,18.90197,0,-0.1139849,0.2103151,0,-0.8863492,7381.705,1.57786,0.7201263,Straight,Down,-0.04845664,-0.9731674,TransSlide
408.9199,18.89867,0,-0.1139849,0.2103151,0,-0.889342,7382.461,1.577433,0.7194995,Straight,Down,-0.04845664,-0.9706573,TransSlide
408.9599,18.89463,0,-0.1139849,0.2103151,0,-0.893174,7383.217,1.577485,0.7188719,Straight,Down,-0.04845664,-0.9681473,TransSlide
408.9998,18.89074,0,-0.1139849,0.2103151,0,-0.8969455,7383.973,1.576102,0.718244,Left,Down,-0.05233916,-0.9656372,TransSlide
409.0399,18.88635,0,-0.1130694,0.2103151,0,-0.9012384,7384.729,1.574416,0.7176154,Left,Down,-0.05595291,-0.9631195,TransSlide
409.0799,18.8832,0,-0.1121539,0.2103151,0,-0.9040982,7385.484,1.573172,0.716987,Left,Down,-0.05934703,-0.9597702,TransSlide
409.1198,18.87934,0,-0.1121539,0.2103151,0,-0.9022998,7386.239,1.573158,0.7163576,Left,Down,-0.06255726,-0.9558487,TransSlide
409.1599,18.87549,0,-0.1121539,0.2103151,0,-0.9006072,7386.994,1.573226,0.715728,Left,Down,-0.06255726,-0.9519348,TransSlide
409.1999,18.87133,0,-0.1121539,0.2103151,0,-0.8990587,7387.749,1.57318,0.7150983,Left,Down,-0.06255726,-0.9480209,TransSlide
409.2399,18.86774,0,-0.09384334,0.2103151,0,-0.8978466,7388.503,1.572941,0.7144677,Left,Down,-0.06255726,-0.9440994,TransSlide
409.2798,18.86413,0,-0.08194149,0.2103151,0,-0.8974634,7389.258,1.572351,0.7138367,Left,Down,-0.06255726,-0.9401855,TransSlide
409.3199,18.86055,0,-0.08194149,0.2103151,0,-0.8975642,7390.013,1.571585,0.7132054,Left,Down,-0.05934703,-0.936264,TransSlide
409.3599,18.85728,0,-0.08194149,0.2103151,0,-0.8986414,7390.767,1.570812,0.712574,Left,Down,-0.05934703,-0.9323425,TransSlide
409.3998,18.85298,0,-0.08835018,0.2103151,0,-0.900274,7391.521,1.570658,0.7119418,Left,Down,-0.06255726,-0.928421,TransSlide
409.4398,18.84868,0,-0.0892657,0.2103151,0,-0.9015301,7392.275,1.568926,0.711309,Left,Down,-0.05934703,-0.9245071,TransSlide
409.4799,18.84433,0,-0.0956744,0.2103151,0,-0.9029417,7393.029,1.566984,0.7106761,Left,Down,-0.06255726,-0.9205856,TransSlide
409.5199,18.84096,0,-0.1066607,0.2103151,0,-0.8996334,7393.783,1.56602,0.7100431,Left,Down,-0.0656106,-0.9166718,TransSlide
409.5598,18.83698,0,-0.1286334,0.2103151,0,-0.8944793,7394.537,1.566017,0.7094092,Left,Down,-0.07132626,-0.912674,TransSlide
409.5999,18.83286,0,-0.1524371,0.2103151,0,-0.8889245,7395.29,1.56615,0.7087748,Left,Down,-0.07132626,-0.9074249,TransSlide
409.6399,18.82854,0,-0.1716632,0.2103151,0,-0.8839712,7396.042,1.566114,0.7081406,Left,Down,-0.07132626,-0.9021759,TransSlide
409.6798,18.82463,0,-0.2092016,0.2103151,0,-0.879372,7396.795,1.565965,0.7075056,Left,Down,-0.07132626,-0.8969269,TransSlide
409.7198,18.82081,0,-0.2558935,0.2103151,0,-0.8753172,7397.548,1.565681,0.70687,Left,Down,-0.07132626,-0.8916779,TransSlide
409.7599,18.81686,0,-0.274204,0.2103151,0,-0.872812,7398.301,1.566054,0.7062342,Left,Down,-0.07132626,-0.8864288,TransSlide
409.7999,18.81248,0,-0.2558935,0.2063325,0,-0.8707908,7399.054,1.565476,0.7055982,Left,Down,-0.07132626,-0.8811722,TransSlide
409.8398,18.80652,0,-0.2806127,0.2063325,0,-0.8694367,7399.806,1.563377,0.7049616,Left,Down,-0.07132626,-0.8759155,TransSlide
409.8799,18.80187,0,-0.2925146,0.2063325,0,-0.8650733,7400.558,1.562129,0.7043244,Left,Down,-0.07132626,-0.8706589,TransSlide
409.9199,18.79707,0,-0.3044182,0.2063325,0,-0.8581656,7401.31,1.562151,0.7036874,Left,Down,-0.07132626,-0.8654099,TransSlide
409.9599,18.79194,0,-0.3053337,0.2063325,0,-0.8514691,7402.062,1.56225,0.7030495,Left,Down,-0.07661668,-0.8601608,TransSlide
409.9998,18.78635,0,-0.3053337,0.2063325,0,-0.8454508,7402.813,1.562088,0.7024112,Left,Down,-0.08156469,-0.854538,TransSlide
410.0399,18.78141,0,-0.3053337,0.2023651,0,-0.8397187,7403.564,1.56175,0.7017725,Left,Down,-0.08392937,-0.8479614,TransSlide
410.0799,18.77561,0,-0.3053337,0.2023651,0,-0.8354066,7404.315,1.561594,0.7011339,Left,Down,-0.08156469,-0.8413773,TransSlide
410.1198,18.76906,0,-0.3089958,0.2023651,0,-0.8313127,7405.066,1.561656,0.7004943,Left,Down,-0.08156469,-0.8347931,TransSlide
410.1599,18.76176,0,-0.3273064,0.2023651,0,-0.8274209,7405.817,1.558898,0.6998546,Left,Down,-0.08392937,-0.8282089,TransSlide
410.1999,18.7562,0,-0.3529412,0.2023651,0,-0.8210081,7406.567,1.556821,0.6992148,Left,Down,-0.08156469,-0.8216248,TransSlide
410.2399,18.75042,0,-0.4600596,0.2023651,0,-0.811669,7407.317,1.556522,0.6985741,Left,Down,-0.08156469,-0.8150482,TransSlide
410.2798,18.74406,0,-0.6019682,0.2023651,0,-0.8032819,7408.067,1.556404,0.6979331,Left,Down,-0.08156469,-0.8084717,TransSlide
410.3199,18.73706,0,-0.6788743,0.2023651,0,-0.7956086,7408.816,1.556287,0.6972917,Left,Down,-0.08392937,-0.8019028,TransSlide
410.3599,18.73108,0,-0.7392991,0.2023651,0,-0.7890814,7409.565,1.556191,0.6966503,Left,Down,-0.09487279,-0.7953262,TransSlide
410.3998,18.72442,0,-0.7612717,0.2023651,0,-0.7843763,7410.314,1.556916,0.6960081,Left,Down,-0.09487279,-0.7874985,TransSlide
410.4398,18.71631,0,-0.7612717,0.2023651,0,-0.7807009,7411.063,1.55484,0.6953655,Left,Down,-0.09487279,-0.7795563,TransSlide
410.4799,18.71034,0,-0.7612717,0.2023651,0,-0.7760426,7411.812,1.55248,0.6947226,Left,Down,-0.09487279,-0.7716064,TransSlide
410.5199,18.70439,0,-0.7612717,0.2023651,0,-0.7675815,7412.56,1.551994,0.6940798,Left,Down,-0.09691329,-0.7636642,TransSlide
410.5598,18.69787,0,-0.7612717,0.2023651,0,-0.7610688,7413.308,1.552112,0.693436,Left,Down,-0.09487279,-0.7557297,TransSlide
410.5999,18.6901,0,-0.7612717,0.2023651,0,-0.7554213,7414.056,1.552295,0.6927919,Left,Down,-0.09487279,-0.7478027,TransSlide
410.6399,18.68338,0,-0.7612717,0.2023651,0,-0.7520431,7414.803,1.552878,0.6921479,Left,Down,-0.09487279,-0.7398605,TransSlide
410.6798,18.67559,0,-0.7612717,0.2023651,0,-0.7499256,7415.55,1.552753,0.691503,Left,Down,-0.1046783,-0.7319107,TransSlide
410.7198,18.66806,0,-0.7612717,0.2023651,0,-0.7492644,7416.297,1.549194,0.6908578,Left,Down,-0.1065312,-0.7229004,TransSlide
410.7599,18.66142,0,-0.762189,0.2023651,0,-0.7436755,7417.044,1.548348,0.6902123,Left,Down,-0.1083524,-0.7135468,TransSlide
410.7999,18.65427,0,-0.7631046,0.2023651,0,-0.7400798,7417.79,1.548277,0.6895669,Left,Down,-0.1065312,-0.7041855,TransSlide
410.8398,18.6468,0,-0.7631046,0.2023651,0,-0.7380237,7418.536,1.548484,0.6889204,Left,Down,-0.1065312,-0.6948318,TransSlide
410.8799,18.63904,0,-0.7612717,0.2222171,0,-0.7384235,7419.282,1.549581,0.6882737,Left,Down,-0.1083524,-0.6854782,TransSlide
410.9199,18.63252,0,-0.7502854,0.2261845,0,-0.7403566,7420.027,1.548431,0.6876271,Left,Down,-0.1065312,-0.6761093,TransSlide
410.9599,18.63103,0,-0.7209885,0.2261845,0,-0.7418604,7420.772,1.545416,0.6869798,Left,Down,-0.1153499,-0.666748,TransSlide
410.9998,18.62903,0,-0.654155,0.2301518,0,-0.7400529,7421.517,1.544789,0.6863319,Left,Down,-0.1219466,-0.6566544,TransSlide
411.0399,18.62806,0,-0.5781645,0.2341192,0,-0.7415674,7422.262,1.544919,0.6856837,Left,Down,-0.1219466,-0.6457825,TransSlide
411.0799,18.62653,0,-0.4545665,0.2341192,0,-0.7450356,7423.007,1.546036,0.6850357,Left,Down,-0.1235407,-0.6349182,TransSlide
411.1198,18.62376,0,-0.3675896,0.2341192,0,-0.7500261,7423.752,1.545788,0.6843869,Left,Down,-0.1203313,-0.6240387,TransSlide
411.1599,18.62383,0,-0.3529412,0.2341192,0,-0.7549699,7424.498,1.542299,0.6837376,Left,Down,-0.1219466,-0.6131592,TransSlide
411.1999,18.62383,0,-0.3575188,0.2341192,0,-0.7560012,7425.243,1.541803,0.6830885,Left,Down,-0.1251145,-0.602272,TransSlide
411.2399,18.62338,0,-0.3923088,0.2341192,0,-0.7602366,7425.988,1.542033,0.6824385,Left,Down,-0.1370561,-0.591362,TransSlide
411.2798,18.62153,0,-0.4417491,0.2341192,0,-0.7664623,7426.733,1.543856,0.6817883,Left,Down,-0.1356209,-0.5788879,TransSlide
411.3199,18.6189,0,-0.4692149,0.2380865,0,-0.7738327,7427.478,1.541541,0.6811376,Left,Down,-0.1356209,-0.5664139,TransSlide
411.3599,18.6198,0,-0.4701304,0.2380865,0,-0.7784362,7428.223,1.539492,0.680487,Left,Down,-0.1370561,-0.5539322,TransSlide
411.3998,18.62031,0,-0.4701304,0.2579232,0,-0.7821369,7428.968,1.538984,0.6798356,Left,Down,-0.1356209,-0.5414505,TransSlide
411.4398,18.62479,0,-0.4701304,0.2737926,0,-0.7894744,7429.713,1.540568,0.679184,Left,Down,-0.1440177,-0.5289688,TransSlide
411.4799,18.6277,0,-0.4701304,0.3174487,0,-0.7974588,7430.458,1.540204,0.6785318,Left,Down,-0.1519511,-0.5159302,TransSlide
411.5199,18.64449,0,-0.4701304,0.3214161,0,-0.8034946,7431.204,1.537304,0.6778799,Left,Down,-0.1519511,-0.5017548,TransSlide
411.5598,18.66313,0,-0.4701304,0.3214161,0,-0.8070791,7431.95,1.536792,0.6772271,Left,Down,-0.1519511,-0.4875641,TransSlide
411.5999,18.68346,0,-0.4701304,0.3214161,0,-0.8143753,7432.697,1.538594,0.6765741,Left,Down,-0.1519511,-0.4733429,TransSlide
411.6399,18.69535,0,-0.4701304,0.3214161,0,-0.8221743,7433.445,1.536546,0.6759211,Left,Down,-0.1594904,-0.4591217,TransSlide
411.6798,18.71395,0,-0.4701304,0.3214161,0,-0.8260502,7434.193,1.534896,0.6752673,Left,Down,-0.1690205,-0.4444885,TransSlide
411.7198,18.73331,0,-0.4701304,0.3214161,0,-0.8300645,7434.942,1.535087,0.6746131,Left,Down,-0.1690205,-0.4284363,TransSlide
411.7599,18.74992,0,-0.4701304,0.3214161,0,-0.8366849,7435.692,1.537567,0.6739587,Left,Down,-0.1690205,-0.4123459,TransSlide
411.7999,18.76379,0,-0.4701304,0.3214161,0,-0.8414788,7436.443,1.533991,0.6733044,Left,Down,-0.1690205,-0.3962479,TransSlide
411.8398,18.77946,0,-0.4701304,0.3214161,0,-0.8427513,7437.194,1.531956,0.6726491,Left,Down,-0.1823843,-0.3801346,TransSlide
411.8799,18.79799,0,-0.4701304,0.3214161,0,-0.8464997,7437.946,1.530995,0.6719937,Left,Down,-0.1866263,-0.3628311,TransSlide
411.9199,18.8088,0,-0.4701304,0.3214161,0,-0.8497536,7438.698,1.531224,0.6713383,Left,Down,-0.1876719,-0.3447571,TransSlide
411.9598,18.82056,0,-0.4701304,0.3214161,0,-0.8486571,7439.451,1.52874,0.6706821,Left,Down,-0.1866263,-0.3266754,TransSlide
411.9998,18.83758,0,-0.4774547,0.3214161,0,-0.8493179,7440.204,1.527032,0.6700256,Left,Down,-0.1988102,-0.3085785,TransSlide
412.0399,18.85093,0,-0.4948497,0.3214161,0,-0.8478933,7440.958,1.528422,0.6693689,Left,Down,-0.2055842,-0.2895813,TransSlide
412.0799,18.86207,0,-0.5369657,0.297612,0,-0.8437085,7441.712,1.526586,0.6687121,Left,Down,-0.2055842,-0.2694626,TransSlide
412.1198,18.86886,0,-0.5763334,0.289662,0,-0.841122,7442.467,1.528693,0.6680546,Left,Down,-0.2065338,-0.2493134,TransSlide
412.1599,18.87591,0,-0.5909818,0.2817273,0,-0.8322707,7443.222,1.527537,0.6673968,Left,Down,-0.2220564,-0.2291565,TransSlide
412.1999,18.88275,0,-0.594644,0.2737926,0,-0.8251988,7443.977,1.526177,0.6667392,Left,Down,-0.2264194,-0.2075195,TransSlide
412.2399,18.88463,0,-0.594644,0.2618906,0,-0.8165037,7444.732,1.52836,0.6660807,Left,Down,-0.2264194,-0.1852112,TransSlide
412.2798,18.88252,0,-0.594644,0.2539559,0,-0.8049567,7445.487,1.527108,0.665422,Left,Down,-0.235734,-0.1629181,TransSlide
412.3199,18.88265,0,-0.5845731,0.2460212,0,-0.7950006,7446.242,1.526656,0.6647628,Left,Flat,-0.2470816,-0.1399765,TransSlide
412.3599,18.88042,0,-0.5827421,0.2460212,0,-0.7821148,7446.997,1.5276,0.6641039,Left,Flat,-0.2470816,-0.1154099,TransSlide
412.3998,18.87525,0,-0.5653471,0.2460212,0,-0.7678053,7447.752,1.526196,0.6634442,Left,Flat,-0.2564087,-0.09086609,TransSlide
412.4398,18.87317,0,-0.5598539,0.2460212,0,-0.7549029,7448.507,1.525497,0.662784,Left,Flat,-0.2712421,-0.06632996,TransSlide
412.4799,18.87095,0,-0.5415434,0.2420539,0,-0.7395211,7449.262,1.526098,0.6621242,Left,Flat,-0.2719625,-0.04180908,TransSlide
412.5199,18.86661,0,-0.5250621,0.2380865,0,-0.7226357,7450.017,1.524867,0.6614634,Left,Flat,-0.2914124,-0.01730347,TransSlide
412.5598,18.86291,0,-0.5195689,0.2142824,0,-0.7068306,7450.771,1.522746,0.6608025,Left,Flat,-0.3109043,-0.007392883,TransSlide
412.5999,18.8542,0,-0.5186534,0.1864958,0,-0.6907727,7451.526,1.524471,0.6601411,Left,Flat,-0.3083766,-0.02087402,TransSlide
412.6399,18.83922,0,-0.5186534,0.1825284,0,-0.6711246,7452.28,1.523643,0.6594799,Left,Flat,-0.2940859,-0.03435516,TransSlide
412.6798,18.82184,0,-0.5186534,0.1825284,0,-0.6521611,7453.033,1.521451,0.6588179,Left,Flat,-0.2920831,-0.04711914,TransSlide
412.7198,18.80777,0,-0.5186534,0.1825284,0,-0.6356228,7453.785,1.522084,0.6581557,Left,Flat,-0.2853053,-0.05973053,TransSlide
412.7599,18.79083,0,-0.5186534,0.1825284,0,-0.6148347,7454.537,1.521759,0.6574931,Left,Flat,-0.2741124,-0.07221222,TransSlide
412.7999,18.77434,0,-0.5314726,0.1825284,0,-0.5940405,7455.288,1.520894,0.6568307,Left,Flat,-0.2741124,-0.08398438,TransSlide
412.8398,18.75809,0,-0.5433744,0.2023651,0,-0.574263,7456.039,1.518398,0.6561675,Left,Flat,-0.2654082,-0.09575653,TransSlide
412.8799,18.74814,0,-0.5653471,0.2063325,0,-0.5570508,7456.789,1.520042,0.655504,Left,Flat,-0.2556444,-0.1072922,TransSlide
412.9199,18.73735,0,-0.5827421,0.2063325,0,-0.5344497,7457.538,1.519533,0.6548408,Left,Flat,-0.2564087,-0.118248,TransSlide
412.9598,18.72638,0,-0.5827421,0.2063325,0,-0.5126391,7458.287,1.518556,0.6541767,Left,Flat,-0.249446,-0.1291885,TransSlide
412.9998,18.71589,0,-0.5836576,0.2063325,0,-0.4919259,7459.036,1.515973,0.6535122,Left,Flat,-0.2390311,-0.1399841,TransSlide
413.0399,18.7074,0,-0.5845731,0.2063325,0,-0.4737175,7459.784,1.516556,0.6528475,Left,Down,-0.2390311,-0.1501236,TransSlide
413.0799,18.69675,0,-0.5891508,0.2063325,0,-0.4522781,7460.532,1.516782,0.6521831,Left,Down,-0.2365626,-0.1602554,TransSlide
413.1198,18.68623,0,-0.5891508,0.2063325,0,-0.4298073,7461.28,1.516089,0.6515177,Left,Down,-0.2246844,-0.1703796,TransSlide
413.1599,18.6757,0,-0.5891508,0.2063325,0,-0.4082532,7462.027,1.514293,0.6508521,Left,Down,-0.2211734,-0.1798859,TransSlide
413.1999,18.66777,0,-0.5891508,0.2063325,0,-0.3887928,7462.774,1.512662,0.6501867,Left,Down,-0.2220564,-0.1892166,TransSlide
413.2399,18.65808,0,-0.5891508,0.2063325,0,-0.3714944,7463.52,1.514552,0.6495206,Left,Down,-0.2148914,-0.1985474,TransSlide
413.2798,18.64788,0,-0.5891508,0.2063325,0,-0.3482449,7464.266,1.513737,0.6488541,Left,Down,-0.2036718,-0.2077255,TransSlide
413.3199,18.63779,0,-0.5891508,0.2063325,0,-0.3266017,7465.012,1.512858,0.6481873,Left,Down,-0.2046302,-0.2162857,TransSlide
413.3599,18.62862,0,-0.5891508,0.2063325,0,-0.3064612,7465.757,1.511211,0.6475208,Left,Down,-0.2046302,-0.2248459,TransSlide
413.3998,18.61971,0,-0.5891508,0.2063325,0,-0.2883933,7466.502,1.509658,0.6468535,Left,Down,-0.1978235,-0.2333832,TransSlide
413.4398,18.61081,0,-0.5891508,0.2063325,0,-0.2725343,7467.247,1.511184,0.6461858,Left,Down,-0.1876719,-0.2417755,TransSlide
413.4799,18.60103,0,-0.5891508,0.1864958,0,-0.2520532,7467.991,1.510879,0.6455184,Left,Down,-0.1876719,-0.2495575,TransSlide
413.5199,18.58677,0,-0.5781645,0.1864958,0,-0.2317011,7468.734,1.509973,0.6448502,Left,Down,-0.1876719,-0.2573395,TransSlide
413.5598,18.57325,0,-0.5717558,0.1825284,0,-0.2133473,7469.478,1.508693,0.6441818,Left,Down,-0.1855749,-0.2651138,TransSlide
413.5999,18.55943,0,-0.5589384,0.1825284,0,-0.1965883,7470.22,1.507034,0.643513,Left,Down,-0.1724585,-0.2728729,TransSlide
413.6399,18.54622,0,-0.5369657,0.1825284,0,-0.1817958,7470.962,1.506456,0.6428444,Left,Down,-0.1713202,-0.2799835,TransSlide
413.6798,18.53218,0,-0.4994273,0.1785611,0,-0.1688192,7471.703,1.507836,0.6421751,Left,Down,-0.1713202,-0.2870026,TransSlide
413.7198,18.51747,0,-0.4637218,0.1785611,0,-0.150431,7472.444,1.507349,0.6415055,Left,Down,-0.1713202,-0.2939987,TransSlide
413.7599,18.50242,0,-0.4417491,0.1785611,0,-0.1328266,7473.184,1.506316,0.6408356,Left,Down,-0.165511,-0.3010025,TransSlide
413.7999,18.48813,0,-0.4298472,0.1745937,0,-0.1171659,7473.924,1.505161,0.640166,Left,Down,-0.1557664,-0.30793,TransSlide
413.8398,18.47265,0,-0.4298472,0.1745937,0,-0.1031475,7474.663,1.503832,0.6394956,Left,Down,-0.1557664,-0.3141937,TransSlide
413.8799,18.45787,0,-0.4298472,0.1745937,0,-0.09077916,7475.401,1.502337,0.6388249,Left,Down,-0.1545051,-0.3204422,TransSlide
413.9199,18.44368,0,-0.4298472,0.1745937,0,-0.08036658,7476.139,1.503121,0.6381545,Left,Down,-0.1545051,-0.326683,TransSlide
413.9598,18.42804,0,-0.4298472,0.1745937,0,-0.06973472,7476.876,1.503846,0.6374832,Left,Down,-0.1532334,-0.3329239,TransSlide
413.9998,18.41273,0,-0.4170299,0.1745937,0,-0.05462843,7477.613,1.50304,0.6368117,Left,Down,-0.1412742,-0.3391571,TransSlide
414.0399,18.39798,0,-0.3923088,0.1745937,0,-0.04111332,7478.35,1.501984,0.63614,Left,Down,-0.1384764,-0.3448181,TransSlide
414.0799,18.38379,0,-0.3437859,0.1745937,0,-0.02947685,7479.085,1.500787,0.6354685,Left,Down,-0.1384764,-0.3503265,TransSlide
414.1198,18.36894,0,-0.314489,0.1745937,0,-0.01926187,7479.82,1.499797,0.6347961,Left,Down,-0.1384764,-0.3558121,TransSlide
414.1599,18.35451,0,-0.291599,0.1745937,0,-0.01018128,7480.554,1.498461,0.6341236,Left,Down,-0.1398823,-0.3613052,TransSlide
414.1999,18.34068,0,-0.2751195,0.1745937,0,-0.002837151,7481.288,1.498369,0.6334512,Left,Down,-0.1370561,-0.3667831,TransSlide
414.2399,18.3268,0,-0.2668798,0.1983978,0,0.002988249,7482.021,1.499137,0.6327782,Left,Down,-0.1251145,-0.3722534,TransSlide
414.2798,18.31557,0,-0.256809,0.2103151,0,0.01171899,7482.754,1.499222,0.6321048,Left,Down,-0.1219466,-0.3772049,TransSlide
414.3199,18.30885,0,-0.2384984,0.2142824,0,0.0232338,7483.486,1.49829,0.6314313,Left,Down,-0.1219466,-0.381958,TransSlide
414.3599,18.30348,0,-0.2146947,0.2142824,0,0.03311405,7484.219,1.497115,0.6307579,Left,Down,-0.1219466,-0.3867035,TransSlide
414.3998,18.29865,0,-0.1789892,0.2142824,0,0.04167703,7484.951,1.496175,0.6300839,Left,Down,-0.1219466,-0.3914413,TransSlide
414.4398,18.2934,0,-0.1551837,0.2142824,0,0.04892275,7485.683,1.495421,0.6294094,Left,Down,-0.1219466,-0.3961792,TransSlide
414.4799,18.288,0,-0.1533526,0.2142824,0,0.05527273,7486.414,1.49457,0.6287354,Left,Down,-0.1203313,-0.4009171,TransSlide
414.5199,18.28318,0,-0.1533526,0.2142824,0,0.06083894,7487.146,1.493503,0.6280606,Left,Down,-0.1065312,-0.4056473,TransSlide
414.5598,18.27865,0,-0.1533526,0.2142824,0,0.06518629,7487.877,1.493546,0.6273854,Left,Down,-0.1065312,-0.4097366,TransSlide
414.5999,18.27445,0,-0.1533526,0.2142824,0,0.06823924,7488.608,1.493863,0.62671,Left,Down,-0.1065312,-0.4137344,TransSlide
414.6399,18.26911,0,-0.1533526,0.2142824,0,0.07140687,7489.339,1.494085,0.6260349,Left,Down,-0.1046783,-0.4177399,TransSlide
414.6798,18.26434,0,-0.1533526,0.2142824,0,0.08077842,7490.069,1.493068,0.6253592,Left,Down,-0.1065312,-0.42173,TransSlide
414.7198,18.2598,0,-0.1899755,0.2142824,0,0.08897761,7490.8,1.491918,0.624683,Left,Down,-0.1046783,-0.4257278,TransSlide
414.7599,18.25564,0,-0.190891,0.2142824,0,0.09644145,7491.53,1.490725,0.6240066,Left,Down,-0.1046783,-0.4297256,TransSlide
414.7999,18.25095,0,-0.190891,0.2182498,0,0.1029875,7492.261,1.489879,0.6233305,Left,Down,-0.1008706,-0.4337234,TransSlide
414.8398,18.24682,0,-0.190891,0.2261845,0,0.1087551,7492.99,1.489192,0.6226538,Left,Down,-0.09065409,-0.437706,TransSlide
414.8799,18.2445,0,-0.190891,0.2341192,0,0.1137507,7493.72,1.488488,0.6219767,Left,Down,-0.08846933,-0.4409637,TransSlide
414.9199,18.24396,0,-0.190891,0.2380865,0,0.1177889,7494.449,1.487782,0.6212999,Left,Down,-0.08846933,-0.444191,TransSlide
414.9598,18.24433,0,-0.190891,0.2380865,0,0.1213575,7495.179,1.486967,0.6206223,Left,Down,-0.08846933,-0.4474182,TransSlide
414.9998,18.24504,0,-0.190891,0.2380865,0,0.1241741,7495.908,1.486509,0.6199446,Left,Down,-0.08846933,-0.4506454,TransSlide
415.0399,18.24626,0,-0.190891,0.2420539,0,0.1261585,7496.638,1.486811,0.6192666,Left,Down,-0.08846933,-0.4538727,TransSlide
415.0799,18.24794,0,-0.1789892,0.2460212,0,0.1274913,7497.367,1.486777,0.6185889,Left,Down,-0.08846933,-0.4570999,TransSlide
415.1198,18.2502,0,-0.1780736,0.2460212,0,0.1284366,7498.097,1.486662,0.6179104,Left,Down,-0.08846933,-0.4603271,TransSlide
415.1599,18.25262,0,-0.1716632,0.2460212,0,0.1362731,7498.828,1.485763,0.6172317,Left,Down,-0.08846933,-0.4635468,TransSlide
415.1999,18.25552,0,-0.13138,0.2460212,0,0.1441841,7499.558,1.484686,0.6165533,Left,Down,-0.07912937,-0.4667816,TransSlide
415.2398,18.25836,0,-0.07003963,0.2460212,0,0.1514802,7500.289,1.483624,0.6158741,Left,Down,-0.07132626,-0.4696655,TransSlide
415.2798,18.26116,0,-0.005950928,0.2460212,0,0.1582342,7501.019,1.482773,0.6151947,Left,Down,-0.07132626,-0.4720535,TransSlide
415.3199,18.26383,0,0.09933472,0.2460212,0,0.164516,7501.75,1.482155,0.6145151,Left,Down,-0.06852804,-0.4744339,TransSlide
415.3599,18.26646,0,0.1469457,0.2460212,0,0.1701613,7502.48,1.481469,0.6138359,Left,Down,-0.06852804,-0.4768219,TransSlide
415.3998,18.2691,0,0.1643407,0.2499886,0,0.1755121,7503.21,1.480779,0.6131558,Left,Down,-0.07132626,-0.4791946,TransSlide
415.4398,18.27269,0,0.1643407,0.2499886,0,0.1806215,7503.941,1.480411,0.6124755,Left,Down,-0.07132626,-0.4815826,TransSlide
415.4799,18.27621,0,0.1643407,0.2499886,0,0.1854946,7504.672,1.479851,0.6117955,Left,Down,-0.07132626,-0.483963,TransSlide
415.5199,18.27971,0,0.1643407,0.2499886,0,0.1901073,7505.404,1.479188,0.6111149,Left,Down,-0.06852804,-0.4863434,TransSlide
415.5598,18.28321,0,0.1643407,0.2499886,0,0.1943288,7506.135,1.478542,0.6104339,Left,Down,-0.06852804,-0.4887238,TransSlide
415.5999,18.2867,0,0.1533544,0.2579232,0,0.1984243,7506.867,1.477949,0.6097527,Left,Down,-0.06852804,-0.4911041,TransSlide
415.6399,18.292,0,0.1478612,0.2579232,0,0.2024664,7507.598,1.477287,0.6090719,Left,Down,-0.06852804,-0.4934921,TransSlide
415.6798,18.29746,0,0.1478612,0.2579232,0,0.2065274,7508.33,1.476428,0.6083903,Left,Down,-0.06255726,-0.4958649,TransSlide
415.7198,18.3028,0,0.1469457,0.2579232,0,0.2103432,7509.062,1.475963,0.6077085,Straight,Down,-0.04423466,-0.4982529,TransSlide
415.7599,18.30818,0,0.1469457,0.2380865,0,0.214142,7509.794,1.47578,0.6070271,Straight,Down,-0.04423466,-0.4995651,TransSlide
415.7999,18.31074,0,0.1469457,0.2380865,0,0.2180345,7510.527,1.475437,0.6063448,Straight,Down,-0.04423466,-0.500824,TransSlide
415.8398,18.31204,0,0.1469457,0.2380865,0,0.221865,7511.259,1.474937,0.6056625,Straight,Down,-0.04423466,-0.5020828,TransSlide
415.8799,18.31316,0,0.1469457,0.2380865,0,0.2261256,7511.992,1.474522,0.6049798,Straight,Down,-0.04845664,-0.5033493,TransSlide
415.9199,18.31419,0,0.140537,0.2380865,0,0.2301215,7512.724,1.474082,0.6042976,Straight,Down,-0.04423466,-0.5046082,TransSlide
415.9598,18.31512,0,0.1185644,0.2380865,0,0.2388418,7513.457,1.473145,0.6036145,Straight,Down,-0.04423466,-0.5058746,TransSlide
415.9998,18.31606,0,0.07644653,0.2380865,0,0.2487325,7514.189,1.472153,0.6029313,Straight,Down,-0.04423466,-0.5071411,TransSlide
416.0399,18.31699,0,0.05172729,0.2380865,0,0.2588719,7514.921,1.471236,0.6022478,Straight,Down,-0.04423466,-0.5084,TransSlide
416.0799,18.31795,0,0.03890991,0.2380865,0,0.2692648,7515.654,1.47045,0.6015648,Straight,Down,-0.04423466,-0.5096588,TransSlide
416.1198,18.31875,0,0.03890991,0.2380865,0,0.2797471,7516.386,1.469771,0.6008809,Straight,Down,-0.04423466,-0.5109253,TransSlide
416.1599,18.31954,0,0.03890991,0.2380865,0,0.2904549,7517.119,1.469187,0.600197,Straight,Down,-0.04423466,-0.5121841,TransSlide
416.1999,18.32032,0,0.03890991,0.2380865,0,0.3012246,7517.851,1.468607,0.5995132,Straight,Down,-0.04423466,-0.5134506,TransSlide
416.2398,18.3211,0,0.03890991,0.2380865,0,0.3122036,7518.583,1.468052,0.5988289,Straight,Down,-0.04423466,-0.5147095,TransSlide
416.2798,18.32189,0,0.03890991,0.2380865,0,0.3233829,7519.316,1.467513,0.5981443,Straight,Down,-0.04423466,-0.5159683,TransSlide
416.3199,18.32269,0,0.03890991,0.2380865,0,0.3347916,7520.048,1.466936,0.5974594,Straight,Down,-0.04423466,-0.5172348,TransSlide
416.3599,18.32348,0,0.03799438,0.2380865,0,0.3462781,7520.782,1.466375,0.596775,Straight,Down,-0.04423466,-0.5184937,TransSlide
416.3998,18.32427,0,0.03433228,0.2380865,0,0.3580479,7521.515,1.465964,0.5960898,Straight,Down,-0.04423466,-0.5197601,TransSlide
416.4398,18.32507,0,0.03433228,0.2380865,0,0.3700993,7522.249,1.46537,0.5954045,Straight,Down,-0.04423466,-0.521019,TransSlide
416.4799,18.32586,0,0.03433228,0.2380865,0,0.3820918,7522.982,1.46472,0.5947194,Straight,Down,-0.04423466,-0.5222778,TransSlide
416.5199,18.32664,0,0.03433228,0.2380865,0,0.3942459,7523.715,1.464086,0.5940337,Straight,Down,0,-0.5235443,TransSlide
416.5598,18.32743,0,0.03433228,0.2380865,0,0.4065506,7524.449,1.46354,0.5933477,Straight,Down,0,-0.5233307,TransSlide
416.5999,18.32821,0,0.03433228,0.2380865,0,0.419096,7525.182,1.463041,0.5926617,Straight,Down,0,-0.5222168,TransSlide
416.6399,18.32899,0,0.02883911,0.2380865,0,0.4318514,7525.916,1.462505,0.5919759,Straight,Down,0,-0.5211105,TransSlide
416.6798,18.32976,0,0.02243042,0.2579232,0,0.4447764,7526.649,1.461871,0.5912895,Straight,Down,0,-0.5199966,TransSlide
416.7198,18.3349,0,0.02151489,0.2618906,0,0.4578503,7527.382,1.461296,0.5906028,Straight,Down,0,-0.5188828,TransSlide
416.7599,18.34059,0,0.02059937,0.2658579,0,0.4710016,7528.116,1.460653,0.5899165,Straight,Down,0,-0.5177765,TransSlide
416.7999,18.34746,0,0.02059937,0.2658579,0,0.4843559,7528.85,1.460017,0.5892296,Straight,Down,0,-0.5166626,TransSlide
416.8398,18.3543,0,0.02059937,0.2658579,0,0.4977955,7529.584,1.459441,0.5885424,Straight,Down,0,-0.5155487,TransSlide
416.8799,18.36109,0,0.02059937,0.2658579,0,0.5112997,7530.318,1.458789,0.587855,Straight,Down,0,-0.5144272,TransSlide
416.9199,18.36789,0,0.02059937,0.2658579,0,0.5250369,7531.053,1.458115,0.5871681,Straight,Down,0,-0.5133133,TransSlide
416.9598,18.37463,0,0.02059937,0.2658579,0,0.5387942,7531.788,1.457457,0.5864805,Straight,Down,0,-0.5121994,TransSlide
416.9998,18.38136,0,0.02059937,0.2658579,0,0.5527869,7532.523,1.456895,0.5857926,Straight,Down,0,-0.5110855,TransSlide
417.0399,18.38807,0,0.02059937,0.2658579,0,0.5667518,7533.258,1.456304,0.5851046,Straight,Down,0,-0.509964,TransSlide
417.0799,18.39477,0,0.01602173,0.2658579,0,0.5807923,7533.994,1.455638,0.5844169,Straight,Down,0,-0.5088501,TransSlide
417.1198,18.40145,0,0.01419067,0.2658579,0,0.5951412,7534.73,1.455022,0.5837287,Straight,Down,0,-0.5077362,TransSlide
417.1599,18.40805,0,0.009613037,0.2658579,0,0.6094878,7535.466,1.454409,0.5830401,Straight,Down,0,-0.5066223,TransSlide
417.1999,18.41479,0,-0.0050354,0.2658579,0,0.6239927,7536.203,1.453685,0.582352,Straight,Down,0,-0.5055008,TransSlide
417.2398,18.42146,0,-0.02151489,0.2658579,0,0.6384156,7536.939,1.452895,0.5816631,Straight,Down,0,-0.5043793,TransSlide
417.2798,18.42812,0,-0.02975464,0.2658579,0,0.6531023,7537.677,1.452383,0.5809742,Straight,Down,0,-0.5032578,TransSlide
417.3199,18.43469,0,-0.03433228,0.2658579,0,0.6676193,7538.414,1.451964,0.580285,Straight,Down,0,-0.5021439,TransSlide
417.3599,18.44136,0,-0.03433228,0.2658579,0,0.6824133,7539.151,1.451396,0.5795963,Straight,Down,0,-0.5010223,TransSlide
417.3998,18.44797,0,-0.03433228,0.2658579,0,0.6971391,7539.889,1.450738,0.5789067,Straight,Down,0,-0.4999084,TransSlide
417.4398,18.45471,0,-0.03433228,0.2658579,0,0.7116686,7540.627,1.450208,0.5782172,Straight,Down,0,-0.4987869,TransSlide
417.4799,18.46139,0,-0.03433228,0.2658579,0,0.7263848,7541.366,1.449619,0.577528,Straight,Down,0,-0.4976654,TransSlide
417.5199,18.46802,0,-0.03433228,0.2658579,0,0.7412086,7542.104,1.449028,0.576838,Straight,Down,0,-0.4965363,TransSlide
417.5598,18.47459,0,-0.03433228,0.2658579,0,0.7559519,7542.843,1.448362,0.5761479,Straight,Down,0,-0.4954147,TransSlide
417.5999,18.48125,0,-0.03433228,0.2658579,0,0.7704263,7543.583,1.447684,0.5754578,Straight,Down,0,-0.4943008,TransSlide
417.6399,18.48787,0,-0.03433228,0.2658579,0,0.7850293,7544.322,1.447001,0.574768,Straight,Down,0,-0.4931793,TransSlide
417.6798,18.49448,0,-0.02975464,0.2658579,0,0.7995269,7545.062,1.446345,0.5740774,Straight,Down,0,-0.4920502,TransSlide
417.7198,18.50105,0,-0.02792358,0.2658579,0,0.8140997,7545.802,1.445775,0.5733867,Straight,Down,0,-0.4909286,TransSlide
417.7599,18.50762,0,-0.02151489,0.2658579,0,0.8284691,7546.542,1.445097,0.5726965,Straight,Down,0,-0.4897995,TransSlide
417.7999,18.51417,0,-0.0050354,0.2658579,0,0.842811,7547.282,1.444419,0.5720056,Straight,Down,0,-0.4886856,TransSlide
417.8398,18.52059,0,0.02334595,0.2658579,0,0.857278,7548.023,1.443861,0.5713145,Straight,Down,0.01978234,-0.4875565,TransSlide
417.8799,18.52699,0,0.05813599,0.2658579,0,0.871821,7548.764,1.443756,0.5706234,Straight,Down,0,-0.4864273,TransSlide
417.9199,18.53279,0,0.1112366,0.2658579,0,0.881005,7549.505,1.44279,0.5699324,Straight,Down,0,-0.4853058,TransSlide
417.9598,18.5387,0,0.1414526,0.2658579,0,0.8884712,7550.247,1.441571,0.569241,Straight,Down,0,-0.4841843,TransSlide
417.9998,18.54448,0,0.1606786,0.2658579,0,0.8958521,7550.988,1.440411,0.5685494,Straight,Down,0,-0.4830551,TransSlide
418.0399,18.55038,0,0.1698339,0.2658579,0,0.9033558,7551.73,1.439478,0.5678577,Straight,Down,0,-0.481926,TransSlide
418.0799,18.55597,0,0.1707494,0.2658579,0,0.9109925,7552.473,1.438859,0.5671662,Straight,Down,0,-0.4808044,TransSlide
418.1198,18.56149,0,0.1725805,0.2658579,0,0.9188101,7553.215,1.438382,0.5664743,Straight,Down,0,-0.4796753,TransSlide
418.1599,18.56694,0,0.1881444,0.2658579,0,0.926773,7553.958,1.437944,0.5657821,Straight,Down,0,-0.4785461,TransSlide
418.1999,18.57239,0,0.2137792,0.2658579,0,0.9350957,7554.701,1.437273,0.5650904,Straight,Down,0,-0.477417,TransSlide
418.2398,18.57793,0,0.2604711,0.2420539,0,0.9434925,7555.444,1.436707,0.5643979,Straight,Down,0,-0.4762955,TransSlide
418.2798,18.57825,0,0.2970922,0.2420539,0,0.9521163,7556.187,1.436877,0.5637054,Straight,Down,0,-0.4751587,TransSlide
418.3199,18.57894,0,0.3327978,0.2420539,0,0.9607905,7556.93,1.43691,0.5630128,Straight,Down,0,-0.4740295,TransSlide
418.3599,18.57957,0,0.3437841,0.2420539,0,0.9702205,7557.673,1.436725,0.5623205,Straight,Down,0,-0.472908,TransSlide
418.3998,18.57955,0,0.3446996,0.2420539,0,0.9799973,7558.417,1.436997,0.5616277,Straight,Down,0,-0.4717789,TransSlide
418.4398,18.57958,0,0.3446996,0.2420539,0,0.9835667,7559.16,1.435599,0.5609347,Straight,Down,0,-0.4706497,TransSlide
418.4799,18.57974,0,0.3446996,0.2420539,0,0.9868649,7559.903,1.434043,0.5602421,Straight,Down,0.01978234,-0.4695206,TransSlide
418.5199,18.58,0,0.3446996,0.2420539,0,0.9905645,7560.646,1.43248,0.5595487,Right,Down,0.05595291,-0.4678726,TransSlide
418.5598,18.57988,0,0.3446996,0.2658579,0,0.9949056,7561.389,1.431497,0.5588554,Right,Down,0.05934703,-0.4640198,TransSlide
418.5999,18.58497,0,0.3446996,0.2698253,0,0.9999287,7562.132,1.430671,0.5581619,Right,Down,0.05934703,-0.4601669,TransSlide
418.6399,18.59095,0,0.3446996,0.2698253,0,1.005775,7562.875,1.429475,0.5574689,Right,Down,0.05595291,-0.4563141,TransSlide
418.6798,18.59749,0,0.3501928,0.2698253,0,1.011987,7563.62,1.430005,0.5567751,Right,Down,0.05934703,-0.4524612,TransSlide
418.7198,18.60379,0,0.3620982,0.2856947,0,1.019008,7564.364,1.430417,0.5560814,Right,Down,0.05595291,-0.4486008,TransSlide
418.7599,18.61179,0,0.3868175,0.2936446,0,1.026899,7565.108,1.431353,0.5553879,Right,Down,0.05934703,-0.4447479,TransSlide
418.7999,18.62161,0,0.4408336,0.297612,0,1.029567,7565.853,1.430101,0.5546939,Right,Down,0.05595291,-0.4408798,TransSlide
418.8398,18.63348,0,0.5104136,0.3055466,0,1.031668,7566.598,1.428667,0.5539997,Right,Down,0.05595291,-0.4370117,TransSlide
418.8799,18.64649,0,0.5525279,0.309514,0,1.03487,7567.344,1.427102,0.5533055,Right,Down,0.05595291,-0.433136,TransSlide
418.9199,18.65975,0,0.5763316,0.309514,0,1.039312,7568.09,1.425703,0.5526117,Right,Down,0.05934703,-0.4292603,TransSlide
418.9598,18.67377,0,0.5772471,0.309514,0,1.044766,7568.837,1.42469,0.5519172,Right,Down,0.05595291,-0.4253845,TransSlide
418.9998,18.68813,0,0.5772471,0.309514,0,1.051226,7569.584,1.425318,0.5512226,Right,Down,0.06852804,-0.4215088,TransSlide
419.0399,18.70182,0,0.5827403,0.309514,0,1.058868,7570.332,1.426751,0.5505285,Right,Down,0.08392937,-0.4172058,TransSlide
419.0799,18.71416,0,0.588237,0.309514,0,1.062,7571.081,1.425877,0.5498338,Right,Down,0.08392937,-0.4118805,TransSlide
419.1198,18.72713,0,0.5946457,0.309514,0,1.064676,7571.83,1.424436,0.5491389,Right,Down,0.08392937,-0.4065475,TransSlide
419.1599,18.74001,0,0.6010544,0.309514,0,1.068682,7572.579,1.422502,0.5484439,Right,Down,0.08392937,-0.401207,TransSlide
419.1999,18.75361,0,0.6056321,0.309514,0,1.074241,7573.329,1.420311,0.5477495,Right,Down,0.08392937,-0.395874,TransSlide
419.2398,18.7683,0,0.6056321,0.309514,0,1.08101,7574.08,1.421217,0.5470544,Right,Down,0.08392937,-0.3905334,TransSlide
419.2798,18.78055,0,0.6056321,0.309514,0,1.089214,7574.831,1.423185,0.5463591,Right,Down,0.08392937,-0.3851852,TransSlide
419.3199,18.79148,0,0.6056321,0.309514,0,1.091978,7575.582,1.422056,0.5456637,Right,Down,0.08392937,-0.3798294,TransSlide
419.3599,18.80346,0,0.6056321,0.309514,0,1.095975,7576.334,1.4203,0.5449688,Right,Down,0.09487279,-0.3744659,TransSlide
419.3998,18.81679,0,0.6056321,0.309514,0,1.101561,7577.086,1.417504,0.5442734,Right,Down,0.1083524,-0.3686752,TransSlide
419.4398,18.83183,0,0.6056321,0.309514,0,1.108499,7577.839,1.417705,0.5435778,Right,Down,0.1083524,-0.361969,TransSlide
419.4799,18.84276,0,0.6001389,0.309514,0,1.11663,7578.593,1.419834,0.5428827,Right,Down,0.1083524,-0.3552399,TransSlide
419.5198,18.85329,0,0.5891526,0.27776,0,1.119679,7579.347,1.418615,0.5421869,Right,Down,0.1101434,-0.3485107,TransSlide
419.5598,18.85686,0,0.5699229,0.27776,0,1.124732,7580.101,1.416309,0.5414912,Right,Down,0.1083524,-0.3417816,TransSlide
419.5999,18.86513,0,0.5360484,0.27776,0,1.130994,7580.856,1.414336,0.5407951,Right,Down,0.1083524,-0.3350372,TransSlide
419.6399,18.8699,0,0.4774547,0.2698253,0,1.139027,7581.611,1.416652,0.5400997,Right,Down,0.1219466,-0.3282928,TransSlide
419.6798,18.87171,0,0.4289317,0.2698253,0,1.142421,7582.366,1.416044,0.5394036,Right,Down,0.132704,-0.3211212,TransSlide
419.7198,18.87203,0,0.3904796,0.2698253,0,1.147011,7583.121,1.413767,0.5387076,Right,Down,0.1341704,-0.3130264,TransSlide
419.7599,18.87915,0,0.3749156,0.2698253,0,1.152641,7583.875,1.412303,0.5380118,Right,Down,0.132704,-0.3049393,TransSlide
419.7999,18.8809,0,0.3694224,0.2698253,0,1.158992,7584.63,1.414533,0.5373155,Right,Down,0.1341704,-0.2968369,TransSlide
419.8398,18.882,0,0.3694224,0.2698253,0,1.160096,7585.385,1.412951,0.5366191,Right,Down,0.132704,-0.2887344,TransSlide
419.8799,18.88295,0,0.3685069,0.2698253,0,1.163395,7586.14,1.409832,0.5359227,Right,Down,0.1493534,-0.280632,TransSlide
419.9199,18.89025,0,0.3666759,0.2698253,0,1.167932,7586.896,1.411752,0.5352268,Right,Down,0.1570175,-0.2718201,TransSlide
419.9598,18.8907,0,0.3620982,0.2698253,0,1.16836,7587.652,1.411258,0.5345302,Right,Down,0.1582588,-0.262352,TransSlide
419.9998,18.89089,0,0.3566051,0.2698253,0,1.168653,7588.408,1.408184,0.5338334,Right,Down,0.1582588,-0.2528915,TransSlide
420.0399,18.89523,0,0.3556895,0.2698253,0,1.170548,7589.164,1.409025,0.5331373,Right,Down,0.1570175,-0.2434158,TransSlide
420.0799,18.89799,0,0.3556895,0.2698253,0,1.167626,7589.919,1.40912,0.5324406,Right,Down,0.1769387,-0.2339478,TransSlide
420.1198,18.90016,0,0.3556895,0.2698253,0,1.164855,7590.675,1.409024,0.5317437,Right,Down,0.183454,-0.2235641,TransSlide
420.1599,18.90132,0,0.3556895,0.2698253,0,1.162943,7591.431,1.408357,0.5310469,Right,Down,0.183454,-0.2126999,TransSlide
420.1999,18.90431,0,0.3556895,0.2698253,0,1.154438,7592.187,1.406891,0.5303503,Right,Down,0.183454,-0.2018433,TransSlide
420.2398,18.90672,0,0.3556895,0.2698253,0,1.147544,7592.943,1.405773,0.5296534,Right,Down,0.1988102,-0.190979,TransSlide
420.2798,18.9093,0,0.3556895,0.2698253,0,1.14197,7593.699,1.404836,0.5289562,Right,Down,0.20842,-0.1794357,TransSlide
420.3199,18.91156,0,0.3556895,0.2698253,0,1.137704,7594.456,1.404444,0.5282592,Right,Down,0.2093567,-0.1671524,TransSlide
420.3599,18.91276,0,0.3556895,0.2698253,0,1.133978,7595.213,1.404594,0.5275624,Right,Down,0.2093567,-0.1548615,TransSlide
420.3998,18.91408,0,0.3501928,0.2698253,0,1.124373,7595.97,1.403547,0.5268652,Right,Flat,0.2306999,-0.1425705,TransSlide
420.4398,18.91553,0,0.3373754,0.2698253,0,1.11614,7596.727,1.402655,0.5261679,Right,Flat,0.2349025,-0.129158,TransSlide
420.4799,18.91759,0,0.3282201,0.2698253,0,1.10926,7597.483,1.401943,0.5254711,Right,Flat,0.2349025,-0.115387,TransSlide
420.5198,18.91864,0,0.3263891,0.2698253,0,1.103988,7598.24,1.400894,0.5247738,Right,Flat,0.25101,-0.1016159,TransSlide
420.5598,18.91998,0,0.3254735,0.2698253,0,1.099895,7598.997,1.40021,0.5240763,Right,Flat,0.2624426,-0.08719635,TransSlide
420.5999,18.92064,0,0.3208959,0.2698253,0,1.096781,7599.754,1.400259,0.5233787,Right,Flat,0.2624426,-0.07189178,TransSlide
420.6399,18.92121,0,0.3099096,0.2698253,0,1.086651,7600.511,1.399366,0.5226817,Right,Flat,0.2790645,-0.05658722,TransSlide
420.6798,18.92192,0,0.3044164,0.2698253,0,1.078079,7601.268,1.398528,0.5219842,Right,Flat,0.2907402,-0.04058075,TransSlide
420.7198,18.92309,0,0.3025854,0.2698253,0,1.070699,7602.024,1.397447,0.5212865,Right,Flat,0.2776587,-0.02371216,TransSlide
420.7599,18.92348,0,0.2980077,0.2698253,0,1.064509,7602.781,1.396864,0.5205894,Right,Flat,0.1845175,-0.006851196,TransSlide
420.7999,18.92389,0,0.2906835,0.2698253,0,1.0593,7603.538,1.396628,0.5198917,Right,Flat,0.1690205,0.01587677,TransSlide
420.8398,18.92432,0,0.2861059,0.2698253,0,1.055327,7604.295,1.396611,0.519194,Right,Flat,0.1690205,0.0398941,TransSlide
420.8799,18.92502,0,0.2851903,0.2698253,0,1.052305,7605.052,1.396484,0.5184962,Right,Flat,0.1690205,0.06391907,TransSlide
420.9199,18.92463,0,0.2842748,0.2698253,0,1.0463,7605.809,1.395629,0.5177989,Right,Flat,0.1631294,0.08795929,TransSlide
420.9598,18.92456,0,0.2842748,0.2698253,0,1.037347,7606.565,1.39433,0.517101,Right,Flat,0.1384764,0.1119919,TransSlide
420.9998,18.92461,0,0.2842748,0.2698253,0,1.029632,7607.322,1.393006,0.5164032,Right,Flat,0.1341704,0.13237,TransSlide
421.0399,18.92484,0,0.2806127,0.2698253,0,1.023131,7608.079,1.392317,0.5157058,Right,Up,0.1341704,0.1522141,TransSlide
421.0799,18.92452,0,0.2796972,0.2698253,0,1.017572,7608.836,1.391703,0.5150078,Right,Up,0.1341704,0.1720581,TransSlide
421.1198,18.92421,0,0.274204,0.2698253,0,1.012746,7609.593,1.391142,0.5143098,Right,Up,0.1356209,0.1918869,TransSlide
421.1599,18.92392,0,0.2732885,0.2698253,0,1.008925,7610.35,1.39052,0.5136119,Right,Up,0.1312212,0.2117233,TransSlide
421.1999,18.92366,0,0.2623022,0.2698253,0,1.006179,7611.106,1.389864,0.5129144,Right,Up,0.1119058,0.2315598,TransSlide
421.2398,18.92335,0,0.2311742,0.2698253,0,1.004905,7611.863,1.38944,0.5122163,Right,Up,0.1083524,0.2480469,TransSlide
421.2798,18.92297,0,0.1954687,0.2698253,0,1.004418,7612.62,1.389446,0.5115181,Right,Up,0.1083524,0.2637634,TransSlide
421.3199,18.92215,0,0.1533544,0.2698253,0,0.9978153,7613.377,1.388354,0.5108201,Right,Up,0.1101434,0.2794876,TransSlide
421.3599,18.92146,0,0.1304662,0.2698253,0,0.990528,7614.134,1.386916,0.5101225,Right,Up,0.1101434,0.2952042,TransSlide
421.3998,18.92096,0,0.110321,0.2698253,0,0.9840494,7614.891,1.385836,0.5094243,Right,Up,0.1083524,0.3109283,TransSlide
421.4398,18.92022,0,0.1039124,0.2698253,0,0.978453,7615.647,1.385248,0.5087261,Right,Up,0.1083524,0.3266449,TransSlide
421.4799,18.91933,0,0.1039124,0.2698253,0,0.9739259,7616.404,1.385062,0.5080284,Right,Up,0.09691329,0.3423538,TransSlide
421.5198,18.91843,0,0.1039124,0.2698253,0,0.9703236,7617.161,1.384817,0.5073304,Right,Up,0.08622923,0.3569717,TransSlide
421.5598,18.91753,0,0.1039124,0.2698253,0,0.9672272,7617.918,1.384364,0.5066321,Right,Up,0.08622923,0.3689804,TransSlide
421.5999,18.91669,0,0.1039124,0.2698253,0,0.96475,7618.675,1.383823,0.5059338,Right,Up,0.08622923,0.3809891,TransSlide
421.6399,18.91584,0,0.1039124,0.2698253,0,0.9630895,7619.432,1.383374,0.5052361,Right,Up,0.08622923,0.3929977,TransSlide
421.6798,18.91504,0,0.1039124,0.2698253,0,0.9619966,7620.188,1.382717,0.5045379,Right,Up,0.08392937,0.405014,TransSlide
421.7198,18.91423,0,0.1039124,0.2618906,0,0.96147,7620.945,1.382285,0.5038397,Right,Up,0.08392937,0.4170227,TransSlide
421.7599,18.91231,0,0.1039124,0.2618906,0,0.9614185,7621.702,1.381802,0.5031419,Right,Up,0.08392937,0.4290314,TransSlide
421.7999,18.90915,0,0.1039124,0.2618906,0,0.9609226,7622.459,1.381645,0.5024436,Right,Up,0.08392937,0.4410324,TransSlide
421.8398,18.9061,0,0.1002502,0.2579232,0,0.9536381,7623.215,1.380675,0.5017454,Right,Up,0.08622923,0.4530411,TransSlide
421.8799,18.9022,0,0.1002502,0.2579232,0,0.9471649,7623.971,1.379483,0.5010471,Right,Up,0.06852804,0.4650497,TransSlide
421.9199,18.89888,0,0.1002502,0.2579232,0,0.9413701,7624.727,1.378739,0.5003493,Right,Up,0.0656106,0.4748001,TransSlide
421.9598,18.89466,0,0.1112366,0.2579232,0,0.9359787,7625.482,1.378155,0.499651,Right,Up,0.0656106,0.4834747,TransSlide
421.9998,18.89052,0,0.1121521,0.2579232,0,0.9312117,7626.238,1.377426,0.4989528,Right,Up,0.0656106,0.4921494,TransSlide
422.0399,18.88644,0,0.1121521,0.2579232,0,0.9269314,7626.994,1.376753,0.4982551,Right,Up,0.06255726,0.5008163,TransSlide
422.0799,18.8824,0,0.1121521,0.2579232,0,0.9231125,7627.75,1.376593,0.4975567,Right,Up,0.0656106,0.509491,TransSlide
422.1198,18.87839,0,0.08926392,0.2579232,0,0.9198476,7628.504,1.376304,0.4968584,Right,Up,0.0656106,0.5181503,TransSlide
422.1599,18.8744,0,0.02243042,0.2579232,0,0.9173204,7629.259,1.375996,0.4961603,Right,Up,0.0656106,0.5268173,TransSlide
422.1999,18.87044,0,-0.03890991,0.2579232,0,0.9150159,7630.014,1.375219,0.4954625,Right,Up,0.06255726,0.5354843,TransSlide
422.2398,18.86648,0,-0.09018123,0.2539559,0,0.9130672,7630.769,1.374304,0.4947642,Right,Up,0.0656106,0.544136,TransSlide
422.2798,18.86164,0,-0.1286334,0.2539559,0,0.9110765,7631.524,1.373689,0.4940661,Right,Up,0.06255726,0.5527954,TransSlide
422.3199,18.85685,0,-0.1853979,0.2499886,0,0.9096024,7632.278,1.373221,0.4933683,Right,Up,0.0656106,0.5614548,TransSlide
422.3599,18.85116,0,-0.2265966,0.2499886,0,0.9079357,7633.032,1.372686,0.4926701,Right,Up,0.05934703,0.5701065,TransSlide
422.3998,18.84558,0,-0.2275121,0.2499886,0,0.9063065,7633.786,1.371997,0.4919719,Straight,Up,0.04845664,0.5787582,TransSlide
422.4398,18.83999,0,-0.2275121,0.2499886,0,0.9047607,7634.54,1.371578,0.4912738,Straight,Up,0.04423466,0.584465,TransSlide
422.4799,18.83456,0,-0.2275121,0.2499886,0,0.9031742,7635.293,1.371062,0.4905761,Straight,Up,0.04423466,0.590065,TransSlide
422.5198,18.82862,0,-0.2128637,0.2499886,0,0.9015838,7636.046,1.370881,0.489878,Straight,Up,0.04423466,0.5956573,TransSlide
422.5598,18.8226,0,-0.1734942,0.2499886,0,0.8915749,7636.799,1.369681,0.4891798,Straight,Up,0.04423466,0.6012573,TransSlide
422.5999,18.8167,0,-0.148775,0.2499886,0,0.8813088,7637.552,1.368411,0.4884818,Straight,Up,0.04845664,0.606842,TransSlide
422.6399,18.81103,0,-0.13138,0.2499886,0,0.870701,7638.304,1.367315,0.4877841,Straight,Up,0.04423466,0.612442,TransSlide
422.6798,18.8049,0,-0.1295489,0.2499886,0,0.8599478,7639.056,1.366609,0.4870861,Straight,Up,0.04845664,0.6180267,TransSlide
422.7198,18.79876,0,-0.1286334,0.2499886,0,0.8492792,7639.808,1.366272,0.486388,Straight,Up,0.04845664,0.6236115,TransSlide
422.7599,18.79262,0,-0.1286334,0.2499886,0,0.8383834,7640.56,1.365892,0.4856906,Straight,Up,0.04845664,0.6291962,TransSlide
422.7998,18.78651,0,-0.1286334,0.2499886,0,0.8273963,7641.312,1.365414,0.4849927,Straight,Up,0.04423466,0.6347733,TransSlide
422.8398,18.78045,0,-0.148775,0.2499886,0,0.8162573,7642.063,1.364955,0.4842947,Straight,Up,0.04423466,0.6403503,TransSlide
422.8799,18.77438,0,-0.1542681,0.2499886,0,0.8049211,7642.813,1.364446,0.4835967,Straight,Up,0.04845664,0.6459274,TransSlide
422.9199,18.76834,0,-0.1597613,0.2499886,0,0.7933795,7643.564,1.3639,0.4828994,Straight,Up,0.04423466,0.6515045,TransSlide
422.9598,18.76232,0,-0.1597613,0.2499886,0,0.7814277,7644.315,1.363449,0.4822016,Straight,Up,0.04423466,0.657074,TransSlide
422.9998,18.75632,0,-0.1597613,0.2499886,0,0.7691783,7645.065,1.362966,0.4815037,Straight,Up,0.04423466,0.6626511,TransSlide
423.0399,18.75032,0,-0.1597613,0.2499886,0,0.7564881,7645.815,1.362318,0.4808065,Straight,Up,0.04845664,0.6682129,TransSlide
423.0799,18.74435,0,-0.1597613,0.2499886,0,0.7434173,7646.565,1.361703,0.4801087,Straight,Up,0.04423466,0.6737823,TransSlide
423.1198,18.73838,0,-0.148775,0.2499886,0,0.7298816,7647.315,1.361162,0.4794111,Straight,Up,0.02797646,0.6793442,TransSlide
423.1599,18.73245,0,-0.1121539,0.2499886,0,0.7159733,7648.064,1.360614,0.4787133,Straight,Up,0.02797646,0.682457,TransSlide
423.1999,18.72651,0,-0.07003963,0.2499886,0,0.7018673,7648.813,1.360028,0.4780163,Straight,Up,0.02797646,0.6849213,TransSlide
423.2398,18.72062,0,-0.02334595,0.2499886,0,0.6880221,7649.563,1.359192,0.4773186,Straight,Up,0.02797646,0.6873932,TransSlide
423.2798,18.71475,0,-0.01602173,0.2499886,0,0.6737268,7650.312,1.358424,0.4766212,Straight,Up,0.02797646,0.6898575,TransSlide
423.3199,18.70889,0,-0.01602173,0.2499886,0,0.659288,7651.06,1.357625,0.4759242,Straight,Up,0.02797646,0.6923294,TransSlide
423.3599,18.70304,0,-0.01602173,0.2499886,0,0.6441461,7651.808,1.356825,0.4752267,Straight,Up,0.02797646,0.6947937,TransSlide
423.3998,18.69723,0,-0.01602173,0.2499886,0,0.6284629,7652.556,1.356181,0.4745293,Straight,Up,0.02797646,0.6972656,TransSlide
423.4398,18.69143,0,-0.01602173,0.2499886,0,0.6124074,7653.304,1.355544,0.473832,Straight,Up,0.02797646,0.6997299,TransSlide
423.4799,18.68565,0,-0.01602173,0.2499886,0,0.5956503,7654.051,1.354954,0.4731352,Straight,Up,0.02797646,0.7021866,TransSlide
423.5198,18.67991,0,-0.01602173,0.2499886,0,0.578398,7654.798,1.354389,0.4724379,Straight,Up,0.02797646,0.7046509,TransSlide
423.5598,18.67417,0,-0.01602173,0.2499886,0,0.5607502,7655.545,1.353841,0.4717407,Straight,Up,0.02797646,0.7071228,TransSlide
423.5999,18.66846,0,-0.02883911,0.2499886,0,0.5428284,7656.292,1.353243,0.4710436,Straight,Up,0.02797646,0.7095795,TransSlide
423.6399,18.66274,0,-0.03890991,0.2499886,0,0.5247405,7657.039,1.352655,0.4703471,Straight,Up,0.02797646,0.7120361,TransSlide
423.6798,18.65706,0,-0.04714966,0.2499886,0,0.5065007,7657.785,1.352053,0.46965,Straight,Up,0.01978234,0.7145004,TransSlide
423.7198,18.65125,0,-0.0590533,0.2499886,0,0.4878781,7658.531,1.351341,0.468953,Straight,Up,0.01978234,0.7169647,TransSlide
423.7599,18.64604,0,-0.0590533,0.2499886,0,0.4664024,7659.277,1.350577,0.4682567,Straight,Up,0.02797646,0.7194138,TransSlide
423.7998,18.6407,0,-0.0590533,0.2499886,0,0.4396345,7660.023,1.350195,0.4675599,Straight,Up,0.02797646,0.7218704,TransSlide
423.8398,18.63531,0,-0.03890991,0.2499886,0,0.4127976,7660.768,1.349835,0.4668631,Straight,Up,0.01978234,0.7243347,TransSlide
423.8799,18.6298,0,0.02334595,0.2499886,0,0.385758,7661.513,1.349368,0.4661664,Straight,Up,0.02797646,0.7267838,TransSlide
423.9199,18.6247,0,0.140537,0.2499886,0,0.3586496,7662.258,1.348742,0.4654702,Straight,Up,0.02797646,0.7292404,TransSlide
423.9598,18.61958,0,0.274204,0.2499886,0,0.331555,7663.003,1.348094,0.4647737,Straight,Up,0.02797646,0.7316971,TransSlide
423.9998,18.61442,0,0.3511083,0.2499886,0,0.3044171,7663.748,1.347433,0.4640772,Straight,Up,0.02797646,0.7341461,TransSlide
424.0399,18.6093,0,0.4106212,0.2499886,0,0.2773648,7664.492,1.34682,0.4633813,Straight,Up,0.02797646,0.7365952,TransSlide
424.0799,18.60417,0,0.4408336,0.2499886,0,0.2505019,7665.236,1.346212,0.4626849,Straight,Up,0.01978234,0.7390518,TransSlide
424.1198,18.59906,0,0.4637218,0.2499886,0,0.2240238,7665.98,1.34558,0.4619886,Straight,Up,0.02797646,0.7415009,TransSlide
424.1599,18.59395,0,0.5104136,0.2499886,0,0.1976804,7666.725,1.344858,0.4612924,Straight,Up,0.02797646,0.7439575,TransSlide
424.1999,18.58883,0,0.5708385,0.2499886,0,0.1716672,7667.468,1.344267,0.4605967,Straight,Up,0.02797646,0.7464066,TransSlide
424.2398,18.5837,0,0.6349289,0.2499886,0,0.1460015,7668.211,1.343857,0.4599006,Straight,Up,0.02797646,0.748848,TransSlide
424.2798,18.57853,0,0.654155,0.2499886,0,0.1209495,7668.955,1.343308,0.4592047,Straight,Up,0.02797646,0.751297,TransSlide
424.3199,18.57335,0,0.654155,0.2499886,0,0.0966956,7669.698,1.342724,0.4585094,Straight,Up,0.01978234,0.753746,TransSlide
424.3599,18.56817,0,0.6495774,0.2499886,0,0.07315302,7670.441,1.342191,0.4578135,Straight,Up,0,0.7559433,TransSlide
424.3998,18.56293,0,0.6422532,0.2499886,0,0.0502404,7671.183,1.341492,0.4571178,Straight,Up,0,0.7521515,TransSlide
424.4398,18.55769,0,0.6129563,0.2499886,0,0.02803871,7671.925,1.340882,0.4564221,Straight,Up,0,0.7483673,TransSlide
424.4799,18.55242,0,0.5708385,0.2499886,0,0.006936938,7672.667,1.340283,0.455727,Straight,Up,0,0.7445755,TransSlide
424.5198,18.54714,0,0.4509044,0.2499886,0,-0.01329312,7673.41,1.33971,0.4550315,Straight,Up,0,0.7407837,TransSlide
424.5598,18.54191,0,0.3135717,0.2499886,0,-0.03247556,7674.151,1.339092,0.4543362,Straight,Up,0,0.7369995,TransSlide
424.5999,18.53666,0,0.2320898,0.2499886,0,-0.05075103,7674.893,1.338397,0.4536408,Straight,Up,0,0.7332077,TransSlide
424.6399,18.53146,0,0.1597631,0.2499886,0,-0.06803468,7675.634,1.337749,0.4529461,Straight,Up,0,0.7294235,TransSlide
424.6798,18.52628,0,0.1185644,0.2499886,0,-0.08432612,7676.375,1.337184,0.4522509,Straight,Up,0,0.7256393,TransSlide
424.7198,18.52116,0,0.06362915,0.2499886,0,-0.09981984,7677.116,1.336649,0.451556,Straight,Up,0,0.7218552,TransSlide
424.7599,18.51608,0,0.02151489,0.2499886,0,-0.1143427,7677.857,1.33597,0.4508615,Straight,Up,0,0.7180786,TransSlide
424.7998,18.51106,0,0.01602173,0.2499886,0,-0.1279194,7678.597,1.335399,0.4501667,Straight,Up,0,0.7142944,TransSlide
424.8398,18.50609,0,0.01052856,0.2499886,0,-0.1407065,7679.337,1.334807,0.4494719,Straight,Up,0,0.7105179,TransSlide
424.8799,18.50117,0,-0.01052856,0.2499886,0,-0.1525909,7680.078,1.334118,0.4487773,Straight,Up,0,0.7067337,TransSlide
424.9199,18.49628,0,-0.04714966,0.2499886,0,-0.1638407,7680.818,1.333359,0.4480833,Straight,Up,0,0.7029572,TransSlide
424.9598,18.49145,0,-0.08285701,0.2499886,0,-0.1741658,7681.558,1.33274,0.4473888,Straight,Up,0.01978234,0.6991806,TransSlide
424.9998,18.48666,0,-0.1130694,0.2499886,0,-0.1838484,7682.297,1.332124,0.4466944,Straight,Up,0,0.6954041,TransSlide
425.0399,18.4819,0,-0.1249713,0.2499886,0,-0.1929774,7683.036,1.331539,0.4460007,Straight,Up,0,0.6916351,TransSlide
425.0799,18.47716,0,-0.1249713,0.2499886,0,-0.2015241,7683.775,1.33098,0.4453066,Straight,Up,0,0.6878586,TransSlide
425.1198,18.47244,0,-0.1249713,0.2499886,0,-0.2096288,7684.515,1.330498,0.4446125,Straight,Up,0,0.6840897,TransSlide
425.1599,18.46778,0,-0.1249713,0.2499886,0,-0.217298,7685.253,1.329986,0.4439186,Straight,Up,0,0.6803131,TransSlide
425.1999,18.46313,0,-0.1249713,0.2499886,0,-0.2245057,7685.992,1.329391,0.4432253,Straight,Up,0,0.6765366,TransSlide
425.2398,18.45847,0,-0.1249713,0.2499886,0,-0.2314492,7686.73,1.328571,0.4425316,Straight,Up,0,0.6727676,TransSlide
425.2798,18.45386,0,-0.1249713,0.2499886,0,-0.2379189,7687.468,1.327795,0.441838,Straight,Up,0,0.6689987,TransSlide
425.3199,18.44925,0,-0.0993365,0.2499886,0,-0.244248,7688.207,1.327094,0.441145,Straight,Up,0,0.6652374,TransSlide
425.3599,18.44463,0,-0.08743465,0.2499886,0,-0.2502939,7688.944,1.326562,0.4404517,Straight,Up,0,0.6614685,TransSlide
425.3998,18.44002,0,-0.07187068,0.2499886,0,-0.2562696,7689.682,1.325997,0.4397584,Straight,Up,0,0.6576996,TransSlide
425.4398,18.43545,0,-0.04806519,0.2499886,0,-0.2620423,7690.419,1.325341,0.4390653,Straight,Up,0,0.6539307,TransSlide
425.4799,18.43086,0,-0.02151489,0.2499886,0,-0.2676383,7691.156,1.324697,0.4383728,Straight,Up,0,0.6501694,TransSlide
425.5198,18.4263,0,0.03799438,0.2499886,0,-0.2731766,7691.894,1.323947,0.4376799,Straight,Up,0,0.6464081,TransSlide
425.5598,18.42175,0,0.07644653,0.2499886,0,-0.2786534,7692.631,1.323277,0.4369872,Straight,Up,0,0.6426392,TransSlide
425.5999,18.4172,0,0.08651733,0.2499886,0,-0.2842909,7693.367,1.322739,0.436295,Straight,Up,0,0.6388855,TransSlide
425.6399,18.41267,0,0.08651733,0.2499886,0,-0.2897753,7694.104,1.322224,0.4356025,Straight,Up,0,0.6351242,TransSlide
425.6798,18.40816,0,0.08651733,0.2499886,0,-0.2952482,7694.84,1.321572,0.43491,Straight,Up,0,0.6313629,TransSlide
425.7198,18.40366,0,0.08651733,0.2499886,0,-0.3006819,7695.576,1.320988,0.4342178,Straight,Up,0,0.6276016,TransSlide
425.7599,18.39915,0,0.08651733,0.27776,0,-0.306073,7696.313,1.320325,0.4335262,Straight,Up,0,0.623848,TransSlide
425.7998,18.40096,0,0.08651733,0.2817273,0,-0.3113602,7697.049,1.319568,0.4328341,Straight,Up,0,0.6200867,TransSlide
425.8398,18.40315,0,0.08010864,0.2817273,0,-0.3166099,7697.785,1.318967,0.4321422,Straight,Up,0,0.616333,TransSlide
425.8799,18.40562,0,0.07003784,0.2817273,0,-0.3218607,7698.521,1.318361,0.4314505,Straight,Up,0,0.6125717,TransSlide
425.9199,18.40808,0,0.06546021,0.2817273,0,-0.3271056,7699.258,1.317685,0.4307595,Straight,Up,0,0.6088104,TransSlide
425.9598,18.41055,0,0.05722046,0.2817273,0,-0.3322005,7699.994,1.317152,0.4300679,Straight,Up,0,0.6050491,TransSlide
425.9998,18.413,0,0.04623413,0.2856947,0,-0.3371884,7700.73,1.316574,0.4293765,Straight,Up,0,0.6012955,TransSlide
426.0399,18.41602,0,0.03799438,0.2856947,0,-0.3420917,7701.467,1.315928,0.4286858,Straight,Up,0,0.5975266,TransSlide
426.0798,18.41931,0,0.03433228,0.2856947,0,-0.3470815,7702.203,1.315299,0.4279949,Straight,Up,0,0.5937653,TransSlide
426.1198,18.4226,0,0.03433228,0.289662,0,-0.3517609,7702.94,1.31466,0.4273039,Straight,Up,0,0.590004,TransSlide
426.1599,18.42683,0,0.03433228,0.289662,0,-0.3565394,7703.678,1.314048,0.4266132,Straight,Up,0,0.586235,TransSlide
426.1999,18.43098,0,0.03433228,0.2936446,0,-0.3612447,7704.415,1.313491,0.4259229,Straight,Up,0,0.5824738,TransSlide
426.2398,18.4357,0,0.03890991,0.3015793,0,-0.3657944,7705.152,1.312893,0.4252325,Straight,Up,0,0.5787125,TransSlide
426.2798,18.44178,0,0.03982544,0.3055466,0,-0.3703519,7705.89,1.312241,0.4245421,Straight,Up,0,0.5749512,TransSlide
426.3199,18.44899,0,0.03982544,0.309514,0,-0.3747688,7706.628,1.311646,0.4238524,Straight,Up,0,0.5711746,TransSlide
426.3599,18.45745,0,0.03982544,0.309514,0,-0.3789939,7707.366,1.3111,0.4231623,Straight,Up,0,0.5674057,TransSlide
426.3998,18.46588,0,0.03982544,0.309514,0,-0.3831252,7708.104,1.310488,0.4224725,Straight,Up,0,0.5636368,TransSlide
426.4398,18.47428,0,0.03982544,0.309514,0,-0.3871545,7708.844,1.309927,0.4217827,Straight,Up,0,0.5598679,TransSlide
426.4799,18.48264,0,0.03982544,0.3134814,0,-0.3911741,7709.583,1.309257,0.4210936,Straight,Up,0,0.5560913,TransSlide
426.5198,18.49192,0,0.03982544,0.3134814,0,-0.3951699,7710.322,1.308552,0.4204043,Straight,Up,0,0.5523148,TransSlide
426.5598,18.50113,0,0.03982544,0.3134814,0,-0.3992846,7711.063,1.307948,0.4197149,Straight,Up,0,0.5485382,TransSlide
426.5999,18.51026,0,0.03982544,0.3134814,0,-0.40313,7711.803,1.307362,0.4190263,Straight,Up,0,0.5447617,TransSlide
426.6399,18.51937,0,0.03982544,0.3134814,0,-0.4068358,7712.543,1.30666,0.4183373,Straight,Up,0,0.5409775,TransSlide
426.6798,18.52847,0,0.03799438,0.3134814,0,-0.4104703,7713.285,1.305975,0.4176485,Straight,Up,0,0.5371933,TransSlide
426.7198,18.53752,0,0.03433228,0.3134814,0,-0.4140935,7714.026,1.305288,0.4169598,Straight,Up,0,0.5334091,TransSlide
426.7599,18.54659,0,0.03433228,0.3174487,0,-0.4176153,7714.768,1.304652,0.4162718,Straight,Up,0,0.5296173,TransSlide
426.7998,18.55615,0,0.03433228,0.3174487,0,-0.4208166,7715.51,1.30417,0.4155835,Straight,Up,0,0.5258331,TransSlide
426.8398,18.56599,0,0.03433228,0.3174487,0,-0.4240391,7716.252,1.303573,0.4148954,Straight,Up,0,0.5220413,TransSlide
426.8799,18.57581,0,0.03433228,0.3214161,0,-0.4270988,7716.995,1.302892,0.4142073,Straight,Up,0,0.5182419,TransSlide
426.9199,18.58655,0,0.03433228,0.3214161,0,-0.4301866,7717.738,1.302242,0.41352,Straight,Up,0,0.5144501,TransSlide
426.9598,18.59718,0,0.03433228,0.3214161,0,-0.4331646,7718.482,1.301637,0.4128323,Straight,Up,0,0.5106583,TransSlide
426.9998,18.60779,0,0.03433228,0.3214161,0,-0.4359977,7719.227,1.301053,0.4121448,Straight,Up,0,0.5068512,TransSlide
427.0399,18.61836,0,0.03433228,0.3214161,0,-0.4386847,7719.971,1.300498,0.411458,Straight,Up,0,0.5030518,TransSlide
427.0798,18.62891,0,0.03433228,0.3214161,0,-0.4413835,7720.716,1.29995,0.4107708,Straight,Up,0,0.4992523,TransSlide
427.1198,18.63943,0,0.03433228,0.3214161,0,-0.4439082,7721.461,1.299748,0.4100838,Straight,Up,0,0.4954376,TransSlide
427.1599,18.6499,0,0.03433228,0.3214161,0,-0.4463814,7722.208,1.301028,0.4093971,Straight,Up,0,0.4916306,TransSlide
427.1999,18.66034,0,0.03341675,0.3214161,0,-0.4486287,7722.954,1.302229,0.408711,Straight,Up,0,0.4878235,TransSlide
427.2398,18.67075,0,0.02700806,0.3214161,0,-0.4510743,7723.701,1.302989,0.4080245,Straight,Up,0,0.4840088,TransSlide
427.2798,18.68114,0,0.02151489,0.3214161,0,-0.4535083,7724.448,1.302438,0.4073381,Straight,Up,0,0.4801941,TransSlide
427.3199,18.69151,0,0.01052856,0.3214161,0,-0.4559447,7725.195,1.301052,0.4066526,Straight,Up,0,0.4763718,TransSlide
427.3599,18.70181,0,-0.004119873,0.3214161,0,-0.4578811,7725.943,1.299457,0.4059668,Straight,Up,0,0.4725571,TransSlide
427.3998,18.71174,0,-0.01693726,0.3214161,0,-0.4597903,7726.691,1.297978,0.405281,Straight,Up,0,0.4687424,TransSlide
427.4398,18.72224,0,-0.0352478,0.3214161,0,-0.4613768,7727.44,1.295337,0.4045954,Straight,Up,0,0.46492,TransSlide
427.4799,18.73505,0,-0.04074097,0.3214161,0,-0.4589736,7728.189,1.296536,0.4039106,Straight,Up,0,0.4611053,TransSlide
427.5198,18.74706,0,-0.04074097,0.3214161,0,-0.4560449,7728.939,1.297522,0.4032255,Straight,Up,0,0.4572754,TransSlide
427.5598,18.7581,0,-0.04074097,0.3214161,0,-0.4530587,7729.689,1.298095,0.4025404,Straight,Up,0,0.4534607,TransSlide
427.5999,18.77015,0,-0.04074097,0.3214161,0,-0.4503492,7730.44,1.297704,0.4018562,Straight,Up,0,0.4496307,TransSlide
427.6399,18.78324,0,-0.04074097,0.3214161,0,-0.4476368,7731.191,1.297042,0.4011715,Straight,Up,0,0.4457855,TransSlide
427.6798,18.79622,0,-0.0453186,0.3214161,0,-0.44498,7731.943,1.296373,0.4004872,Straight,Up,0,0.4419479,TransSlide
427.7198,18.80901,0,-0.0453186,0.3214161,0,-0.4424515,7732.695,1.295618,0.399803,Straight,Up,0,0.4381104,TransSlide
427.7599,18.82166,0,-0.0453186,0.3214161,0,-0.4397489,7733.448,1.29406,0.3991195,Straight,Up,0,0.4342651,TransSlide
427.7998,18.83424,0,-0.04623413,0.3214161,0,-0.4371063,7734.201,1.292624,0.3984356,Straight,Up,0,0.4304199,TransSlide
427.8398,18.84674,0,-0.04714966,0.3214161,0,-0.4344011,7734.955,1.291677,0.3977521,Straight,Up,0,0.4265671,TransSlide
427.8799,18.85916,0,-0.04714966,0.3214161,0,-0.4314506,7735.709,1.290944,0.3970686,Straight,Up,0,0.4227219,TransSlide
427.9199,18.87156,0,-0.04714966,0.3253834,0,-0.4288009,7736.464,1.290056,0.3963859,Straight,Up,0,0.4188614,TransSlide
427.9598,18.88445,0,-0.04714966,0.3253834,0,-0.4261408,7737.219,1.28878,0.3957028,Straight,Up,0,0.4150162,TransSlide
427.9998,18.89762,0,-0.04714966,0.3253834,0,-0.4236067,7737.975,1.287665,0.3950201,Straight,Up,0,0.4111557,TransSlide
428.0399,18.91078,0,-0.04714966,0.3253834,0,-0.4210653,7738.731,1.286283,0.394338,Straight,Up,-0.02797646,0.4072876,TransSlide
428.0798,18.92385,0,-0.04714966,0.3253834,0,-0.4186726,7739.488,1.285688,0.3936555,Straight,Up,-0.03426402,0.3947144,TransSlide
428.1198,18.93695,0,-0.04714966,0.3253834,0,-0.4165524,7740.246,1.285299,0.3929733,Straight,Up,-0.03956468,0.379425,TransSlide
428.1599,18.9484,0,-0.04714966,0.3253834,0,-0.4144509,7741.003,1.284416,0.3922914,Straight,Up,-0.03426402,0.3641281,TransSlide
428.1999,18.96334,0,-0.04714966,0.3253834,0,-0.4115778,7741.762,1.283024,0.3916101,Straight,Up,-0.03956468,0.3488312,TransSlide
428.2398,18.97785,0,-0.04714966,0.3253834,0,-0.4040145,7742.521,1.283741,0.3909285,Straight,Up,-0.03956468,0.3335342,TransSlide
428.2798,18.99192,0,-0.04714966,0.3253834,0,-0.396879,7743.28,1.284404,0.3902473,Straight,Up,-0.03956468,0.318222,TransSlide
428.3199,19.00463,0,-0.04714966,0.3253834,0,-0.3899568,7744.04,1.28459,0.3895665,Straight,Up,-0.03956468,0.3028946,TransSlide
428.3599,19.02006,0,-0.04714966,0.3253834,0,-0.3834242,7744.801,1.284019,0.3888856,Straight,Up,-0.03956468,0.2875443,TransSlide
428.3998,19.03494,0,-0.04714966,0.3253834,0,-0.3769293,7745.562,1.283353,0.3882049,Straight,Up,-0.03956468,0.272171,TransSlide
428.4398,19.04967,0,-0.04714966,0.3253834,0,-0.3712362,7746.324,1.282502,0.3875245,Straight,Up,-0.03956468,0.2567902,TransSlide
428.4799,19.06429,0,-0.04714966,0.3253834,0,-0.3655129,7747.086,1.281712,0.3868446,Straight,Up,-0.03956468,0.241394,TransSlide
428.5198,19.07877,0,-0.04714966,0.3253834,0,-0.3594765,7747.849,1.28053,0.3861646,Straight,Up,-0.03956468,0.2259903,TransSlide
428.5598,19.09322,0,-0.04714966,0.3253834,0,-0.3535012,7748.613,1.2791,0.3854848,Straight,Up,-0.03426402,0.2105789,TransSlide
428.5999,19.10756,0,-0.04714966,0.3253834,0,-0.3474731,7749.377,1.278062,0.3848057,Straight,Up,-0.03426402,0.1951523,TransSlide
428.6399,19.12184,0,-0.04714966,0.3253834,0,-0.3417119,7750.142,1.277341,0.3841262,Straight,Up,-0.03956468,0.1797104,TransSlide
428.6798,19.13611,0,-0.04714966,0.3253834,0,-0.3360581,7750.907,1.276268,0.3834472,Straight,Up,-0.03426402,0.1642532,TransSlide
428.7198,19.15032,0,-0.04714966,0.3253834,0,-0.3306025,7751.673,1.275447,0.3827682,Straight,Flat,-0.03956468,0.1487961,TransSlide
428.7599,19.16448,0,-0.05172729,0.3253834,0,-0.3255516,7752.439,1.274968,0.38209,Straight,Flat,-0.02797646,0.1333237,TransSlide
428.7998,19.17862,0,-0.0590533,0.3253834,0,-0.3203711,7753.207,1.274196,0.3814116,Straight,Flat,0,0.1206436,TransSlide
428.8398,19.19271,0,-0.08285701,0.3253834,0,-0.3152213,7753.974,1.273377,0.3807333,Straight,Flat,0,0.1171417,TransSlide
428.8799,19.20676,0,-0.1130694,0.3253834,0,-0.3098655,7754.742,1.272628,0.3800552,Straight,Flat,0,0.1136322,TransSlide
428.9199,19.22076,0,-0.1240557,0.3253834,0,-0.3045709,7755.511,1.271958,0.379378,Straight,Flat,0,0.1101227,TransSlide
428.9598,19.23471,0,-0.1359576,0.3253834,0,-0.2993073,7756.28,1.271102,0.3787006,Straight,Flat,0,0.1066055,TransSlide
428.9998,19.24862,0,-0.1524371,0.297612,0,-0.2945395,7757.05,1.270202,0.3780232,Straight,Flat,0,0.1030884,TransSlide
429.0399,19.25673,0,-0.1835668,0.2936446,0,-0.2899698,7757.82,1.269279,0.3773467,Straight,Flat,0,0.0995636,TransSlide
429.0798,19.26396,0,-0.190891,0.289662,0,-0.2860723,7758.591,1.268813,0.3766698,Straight,Flat,0,0.09604645,TransSlide
429.1198,19.27028,0,-0.190891,0.2817273,0,-0.2826172,7759.361,1.268391,0.3759933,Straight,Flat,0,0.09252167,TransSlide
429.1599,19.27521,0,-0.190891,0.2698253,0,-0.2796425,7760.132,1.267789,0.3753169,Straight,Flat,0,0.08900452,TransSlide
429.1999,19.27744,0,-0.190891,0.2618906,0,-0.2770804,7760.904,1.267339,0.3746413,Straight,Flat,0,0.08547974,TransSlide
429.2398,19.27759,0,-0.1835668,0.2499886,0,-0.2750227,7761.675,1.266896,0.3739654,Straight,Flat,0,0.08195496,TransSlide
429.2798,19.27543,0,-0.1734942,0.2420539,0,-0.2732863,7762.447,1.266371,0.3732899,Straight,Flat,0,0.07843781,TransSlide
429.3199,19.27123,0,-0.1734942,0.2380865,0,-0.2720694,7763.217,1.265757,0.372615,Straight,Flat,0,0.07491302,TransSlide
429.3598,19.26618,0,-0.1734942,0.2380865,0,-0.2713325,7763.988,1.264761,0.3719399,Straight,Flat,0,0.07139587,TransSlide
429.3998,19.26083,0,-0.1734942,0.2341192,0,-0.2708164,7764.758,1.264066,0.371265,Straight,Flat,0,0.06787109,TransSlide
429.4398,19.25454,0,-0.1734942,0.2301518,0,-0.2706142,7765.529,1.263813,0.3705904,Straight,Flat,0,0.06435394,TransSlide
429.4799,19.24778,0,-0.1734942,0.2301518,0,-0.2705708,7766.299,1.263442,0.3699166,Straight,Flat,0,0.06082916,TransSlide
429.5198,19.24073,0,-0.1799047,0.2301518,0,-0.2709396,7767.068,1.262951,0.3692425,Straight,Flat,0,0.05731964,TransSlide
429.5598,19.23745,0,-0.1835668,0.2301518,0,-0.2724611,7767.838,1.2602,0.3685686,Straight,Flat,0,0.05381012,TransSlide
429.5999,19.22761,0,-0.1835668,0.2301518,0,-0.2737547,7768.607,1.263294,0.3678955,Straight,Flat,0,0.05029297,TransSlide
429.6399,19.21991,0,-0.1835668,0.2301518,0,-0.2756391,7769.376,1.261838,0.3672222,Straight,Flat,0,0.04678345,TransSlide
429.6798,19.21257,0,-0.1835668,0.2499886,0,-0.278302,7770.145,1.261149,0.3665491,Straight,Flat,0,0.04327393,TransSlide
429.7198,19.21107,0,-0.1835668,0.2579232,0,-0.2819717,7770.913,1.25961,0.3658763,Straight,Flat,0,0.03975677,TransSlide
429.7599,19.20755,0,-0.1835668,0.2698253,0,-0.2855574,7771.682,1.258582,0.3652042,Straight,Flat,0,0.03624725,TransSlide
429.7998,19.20797,0,-0.1835668,0.27776,0,-0.2895475,7772.45,1.257848,0.364532,Straight,Flat,0,0.0327301,TransSlide
429.8398,19.21084,0,-0.1835668,0.27776,0,-0.2943389,7773.219,1.256949,0.3638599,Straight,Flat,0,0.02922058,TransSlide
429.8799,19.21404,0,-0.1835668,0.2817273,0,-0.2999082,7773.987,1.256467,0.3631887,Straight,Flat,0,-0.07424164,Normal
429.9199,19.21826,0,-0.005950928,0.2817273,0,-0.3068199,7774.756,1.256532,0.3625171,Straight,Flat,0,-0.08235931,Normal
429.9598,19.22243,0,-0.005950928,0.2817273,0,-0.3131982,7775.524,1.256099,0.361846,Straight,Flat,0,-0.09048462,Normal
429.9998,19.22662,0,0.08651733,0.2856947,0,-0.3201022,7776.293,1.255334,0.361175,Straight,Flat,0,-0.09860229,Normal
430.0399,19.23139,0,0.1652563,0.2856947,0,-0.3272053,7777.063,1.254416,0.3605048,Straight,Flat,-0.01978234,-0.1067352,Normal
430.0798,19.23643,0,0.2558935,0.2856947,0,-0.3342469,7777.833,1.253459,0.3598343,Straight,Flat,-0.01978234,-0.1148605,Normal
430.1198,19.2415,0,0.2970922,0.2856947,0,-0.3415025,7778.602,1.252816,0.3591642,Straight,Flat,0,-0.1229858,Normal
430.1599,19.24659,0,0.3035009,0.2856947,0,-0.3492075,7779.372,1.25255,0.3584943,Straight,Flat,0,-0.1311188,Normal
430.1999,19.25167,0,0.3035009,0.289662,0,-0.3571343,7780.142,1.252536,0.3578252,Straight,Flat,0,-0.1392517,Normal
430.2398,19.25728,0,0.3035009,0.289662,0,-0.3651828,7780.912,1.252202,0.3571559,Straight,Flat,0,-0.1473923,Normal
430.2798,19.2632,0,0.2906835,0.289662,0,-0.3730868,7781.683,1.251539,0.3564869,Straight,Down,0,-0.1555252,Normal
430.3199,19.2691,0,0.274204,0.289662,0,-0.3807997,7782.453,1.250681,0.3558187,Straight,Down,-0.01978234,-0.1636658,Normal
430.3598,19.27498,0,0.2668798,0.289662,0,-0.3885125,7783.224,1.249969,0.3551502,Straight,Down,-0.01978234,-0.1718063,Normal
430.3998,19.28079,0,0.2595556,0.289662,0,-0.3961191,7783.996,1.249447,0.3544821,Straight,Down,0,-0.1799622,Normal
430.4398,19.28689,0,0.2494848,0.289662,0,-0.4039006,7784.767,1.248573,0.3538141,Straight,Down,0,-0.1881104,Normal
430.4799,19.29287,0,0.2375829,0.289662,0,-0.4115413,7785.539,1.248067,0.353147,Straight,Down,0,-0.1962585,Normal
430.5198,19.29879,0,0.2247655,0.289662,0,-0.4189147,7786.31,1.247828,0.3524796,Straight,Down,0,-0.2044067,Normal
430.5598,19.30467,0,0.1844823,0.289662,0,-0.4259907,7787.083,1.2474,0.3518126,Straight,Down,0,-0.2125626,Normal
430.5999,19.31095,0,0.1469457,0.289662,0,-0.4327925,7787.855,1.247205,0.3511463,Straight,Down,-0.01978234,-0.2207108,Normal
430.6399,19.31714,0,0.06454468,0.289662,0,-0.4391965,7788.627,1.246883,0.3504799,Straight,Down,0,-0.2288742,Normal
430.6798,19.32329,0,-0.01144409,0.289662,0,-0.4454182,7789.4,1.246393,0.3498136,Straight,Down,0,-0.2370377,Normal
430.7198,19.32873,0,-0.03341675,0.289662,0,-0.451509,7790.173,1.245568,0.3491478,Straight,Down,0,-0.2452087,Normal
430.7599,19.33584,0,-0.03341675,0.289662,0,-0.4572747,7790.947,1.24373,0.3484826,Left,Down,-0.09891172,-0.2533646,Normal
430.7998,19.34375,0,-0.03341675,0.289662,0,-0.4579775,7791.72,1.244506,0.3478174,Left,Down,-0.1186941,-0.3115692,Normal
430.8398,19.35115,0,-0.03433228,0.289662,0,-0.4584256,7792.494,1.244968,0.3471524,Left,Down,-0.1219466,-0.3878632,Normal
430.8799,19.35705,0,-0.0352478,0.2698253,0,-0.4586368,7793.269,1.245252,0.3464882,Left,Down,-0.1203313,-0.4641953,Normal
430.9199,19.362,0,-0.04074097,0.2698253,0,-0.4581472,7794.043,1.244233,0.3458238,Left,Down,-0.1203313,-0.540596,Normal
430.9598,19.36631,0,-0.04074097,0.2658579,0,-0.457192,7794.817,1.241426,0.3451597,Left,Down,-0.1203313,-0.6169815,Normal
430.9998,19.37075,0,-0.04074097,0.2618906,0,-0.4560974,7795.592,1.24262,0.3444958,Left,Down,-0.1101434,-0.6933136,Normal
431.0399,19.37621,0,-0.02334595,0.2579232,0,-0.45268,7796.367,1.243947,0.3438329,Left,Down,-0.08622923,-0.768631,Normal
431.0798,19.37964,0,-0.02151489,0.2579232,0,-0.4459525,7797.143,1.245634,0.3431697,Left,Down,-0.08392937,-0.8246384,Normal
431.1198,19.38344,0,-0.03433228,0.2579232,0,-0.4388625,7797.918,1.24591,0.3425068,Left,Down,-0.08392937,-0.8807068,Normal
431.1599,19.38768,0,-0.04623413,0.2579232,0,-0.4320776,7798.693,1.244924,0.3418442,Left,Down,-0.08392937,-0.9368515,Normal
431.1999,19.39324,0,-0.04623413,0.2579232,0,-0.4250284,7799.469,1.243246,0.3411824,Left,Down,-0.08392937,-0.993042,Normal
431.2398,19.39848,0,-0.02426147,0.2539559,0,-0.4178258,7800.245,1.241431,0.3405205,Left,Down,-0.08622923,-1.049271,Normal
431.2798,19.40259,0,-0.0004577637,0.2539559,0,-0.410011,7801.021,1.239512,0.3398588,Left,Down,-0.08392937,-1.105507,Normal
431.3199,19.40725,0,0.003204346,0.2539559,0,-0.4018984,7801.797,1.237094,0.339198,Left,Down,-0.08622923,-1.161713,Normal
431.3598,19.41272,0,0.003204346,0.2539559,0,-0.3938127,7802.574,1.237567,0.3385369,Left,Down,-0.08392937,-1.217918,Normal
431.3998,19.41636,0,0.003204346,0.2539559,0,-0.3858809,7803.35,1.236107,0.3378763,Left,Down,-0.05233916,-1.274033,Normal
431.4398,19.4248,0,0.003204346,0.2539559,0,-0.3752277,7804.127,1.23752,0.3372158,Straight,Down,0.01978234,-1.318199,Normal
431.4799,19.43247,0,-0.02334595,0.2539559,0,-0.3633793,7804.904,1.239777,0.3365563,Straight,Down,0.01978234,-1.332275,Normal
431.5198,19.44099,0,-0.05355835,0.2539559,0,-0.3520181,7805.682,1.241279,0.3358965,Straight,Down,0,-1.346367,Normal
431.5598,19.44806,0,-0.08194149,0.2539559,0,-0.3406306,7806.459,1.240859,0.3352371,Straight,Down,0,-1.360474,Normal
431.5999,19.45797,0,-0.0956744,0.2539559,0,-0.3294904,7807.238,1.239344,0.3345785,Straight,Down,0.01978234,-1.374611,Normal
431.6399,19.46746,0,-0.1130694,0.2499886,0,-0.3184219,7808.016,1.237337,0.3339197,Straight,Down,0,-1.388756,Normal
431.6798,19.4758,0,-0.1231402,0.2460212,0,-0.3075076,7808.795,1.235512,0.3332612,Straight,Down,0,-1.402908,Normal
431.7198,19.48314,0,-0.1249713,0.2420539,0,-0.2965867,7809.575,1.23379,0.3326031,Straight,Down,0,-1.417068,Normal
431.7599,19.48988,0,-0.1249713,0.2380865,0,-0.2856829,7810.354,1.232165,0.3319458,Straight,Down,0,-1.431236,Normal
431.7998,19.49574,0,-0.1249713,0.2341192,0,-0.2749836,7811.134,1.230634,0.3312882,Straight,Down,0,-1.445404,Normal
431.8398,19.50024,0,-0.1249713,0.2182498,0,-0.2643057,7811.914,1.229066,0.330631,Straight,Down,0,-1.459572,Normal
431.8799,19.50187,0,-0.1176471,0.1944305,0,-0.2537319,7812.694,1.228113,0.3299747,Straight,Down,0,-1.473747,Normal
431.9199,19.49897,0,-0.100252,0.1785611,0,-0.2434092,7813.475,1.22753,0.3293183,Straight,Down,0.01978234,-1.487915,Normal
431.9598,19.49237,0,-0.06637752,0.1745937,0,-0.2333287,7814.254,1.227053,0.3286621,Straight,Down,0.01978234,-1.502075,Normal
431.9998,19.48388,0,-0.03433228,0.1745937,0,-0.2231579,7815.034,1.226642,0.3280062,Straight,Down,0,-1.516235,Normal
432.0399,19.47541,0,0.01052856,0.1745937,0,-0.2131102,7815.813,1.226009,0.3273512,Straight,Down,0.01978234,-1.530388,Normal
432.0798,19.46698,0,0.05722046,0.1745937,0,-0.2031905,7816.592,1.225242,0.3266961,Straight,Down,0.01978234,-1.544533,Normal
432.1198,19.45858,0,0.09292603,0.1745937,0,-0.1932533,7817.37,1.224428,0.3260412,Straight,Down,0.01978234,-1.55867,Normal
432.1599,19.4502,0,0.1368749,0.1507896,0,-0.1831592,7818.148,1.223991,0.3253868,Straight,Down,0,-1.572815,Normal
432.1999,19.43751,0,0.1698339,0.1269856,0,-0.1732247,7818.926,1.223593,0.3247331,Straight,Down,0.01978234,-1.586937,Normal
432.2398,19.41928,0,0.1963842,0.07539482,0,-0.1633638,7819.703,1.223118,0.3240793,Straight,Down,0.01978234,-1.601051,Normal
432.2798,19.39108,0,0.2128637,0.05159075,0,-0.1535204,7820.479,1.222445,0.3234258,Straight,Down,0,-1.615143,Normal
432.3199,19.35611,0,0.2183568,0.05159075,0,-0.1438393,7821.253,1.221726,0.3227732,Straight,Down,0.01978234,-1.629219,Normal
432.3598,19.32107,0,0.2256811,0.05159075,0,-0.1342759,7822.026,1.221061,0.3221204,Straight,Down,0.01978234,-1.643257,Normal
432.3998,19.28624,0,0.2375829,0.05159075,0,-0.1245592,7822.798,1.220412,0.3214681,Straight,Down,0.01978234,-1.657272,Normal
432.4398,19.25156,0,0.2595556,0.05159075,0,-0.1147518,7823.569,1.219599,0.3208159,Straight,Down,0,-1.671272,Normal
432.4799,19.21696,0,0.2851903,0.03173877,0,-0.1048072,7824.338,1.219228,0.3201647,Straight,Down,0.01978234,-1.685234,Normal
432.5198,19.17957,0,0.3089941,0.007934691,0,-0.09435126,7825.105,1.219097,0.3195134,Straight,Down,0.01978234,-1.699181,Normal
432.5598,19.13716,0,0.3382909,0,0,-0.08359116,7825.872,1.218916,0.3188623,Straight,Down,0.01978234,-1.713081,Normal
432.5999,19.09173,0,0.3575206,0,0,-0.07260945,7826.636,1.218483,0.3182122,Straight,Down,0,-1.726959,Normal
432.6398,19.04647,0,0.3813243,0,0,-0.06116089,7827.398,1.217867,0.3175618,Straight,Down,0.01978234,-1.740807,Normal
432.6798,19.00133,0,0.4032969,0,0,-0.04913351,7828.158,1.217236,0.3169119,Straight,Down,0.01978234,-1.754616,Normal
432.7198,18.95646,0,0.422523,0,0,-0.03674039,7828.917,1.216661,0.3162623,Straight,Down,0.01978234,-1.768394,Normal
432.7599,18.91163,0,0.4289317,0,0,-0.02370065,7829.674,1.216176,0.3156135,Straight,Down,0.01978234,-1.782143,Normal
432.7998,18.86664,0,0.4325938,0,0,-0.01016152,7830.429,1.215575,0.3149646,Straight,Down,0.01978234,-1.79586,Normal
432.8398,18.82118,0,0.4325938,0,0,0.004001379,7831.183,1.215859,0.3143162,Straight,Down,0.03956468,-1.809555,Normal
432.8799,18.77603,0,0.4325938,0,0,0.01302928,7831.934,1.214298,0.3136684,Right,Down,0.06852804,-1.806725,Normal
432.9199,18.73111,0,0.4344249,0,0,0.02192855,7832.684,1.212634,0.3130207,Right,Down,0.0656106,-1.78302,Normal
432.9598,18.68591,0,0.4444957,0,0,0.03147057,7833.431,1.211172,0.3123732,Right,Down,0.06852804,-1.759369,Normal
432.9998,18.64077,0,0.4591441,0,0,0.04192305,7834.177,1.21041,0.3117262,Right,Down,0.06852804,-1.735794,Normal
433.0399,18.59567,0,0.4811168,0,0,0.05330303,7834.922,1.210131,0.31108,Right,Down,0.06852804,-1.712288,Normal
433.0798,18.55059,0,0.5168223,0,0,0.06567019,7835.665,1.209971,0.3104336,Right,Down,0.0656106,-1.68882,Normal
433.1198,18.506,0,0.5424571,0,0,0.07922056,7836.405,1.209289,0.3097876,Right,Down,0.06852804,-1.665428,Normal
433.1599,18.46176,0,0.5708385,0.003967346,0,0.09409478,7837.144,1.208075,0.3091425,Right,Down,0.06852804,-1.642105,Normal
433.1999,18.41837,0,0.6001389,0.007934691,0,0.1100058,7837.881,1.209398,0.3084974,Right,Down,0.06852804,-1.618843,Normal
433.2398,18.3752,0,0.6239426,0.007934691,0,0.127031,7838.617,1.210731,0.3078525,Right,Down,0.0656106,-1.595627,Normal
433.2798,18.33066,0,0.6486619,0.007934691,0,0.1457133,7839.351,1.213753,0.3072079,Right,Down,0.08846933,-1.572426,Normal
433.3199,18.2869,0,0.6605637,0.007934691,0,0.1601295,7840.083,1.210391,0.3065644,Right,Down,0.09891172,-1.540443,Normal
433.3598,18.24363,0,0.6642258,0.007934691,0,0.1753742,7840.813,1.206905,0.3059207,Right,Down,0.09691329,-1.501366,Normal
433.3998,18.19947,0,0.6596482,0.01190204,0,0.1919709,7841.541,1.203596,0.3052773,Right,Down,0.09891172,-1.462379,Normal
433.4398,18.15602,0,0.6587327,0.01983673,0,0.2101557,7842.268,1.202012,0.3046343,Right,Down,0.09891172,-1.423553,Normal
433.4799,18.11475,0,0.6550705,0.03570611,0,0.2303555,7842.993,1.200588,0.3039922,Right,Down,0.1008706,-1.384865,Normal
433.5198,18.07722,0,0.6495774,0.03967346,0,0.2518901,7843.716,1.200124,0.3033501,Right,Down,0.09891172,-1.346306,Normal
433.5598,18.04026,0,0.6431687,0.03967346,0,0.2750348,7844.438,1.202899,0.3027083,Right,Down,0.1008706,-1.307831,Normal
433.5999,18.00054,0,0.6349289,0.04365606,0,0.2996552,7845.158,1.208097,0.3020673,Right,Down,0.1203313,-1.269363,Normal
433.6398,17.96267,0,0.6312668,0.04365606,0,0.3201723,7845.877,1.204978,0.3014262,Right,Down,0.1282043,-1.222092,Normal
433.6798,17.92586,0,0.63676,0.04365606,0,0.3424038,7846.595,1.201883,0.3007857,Right,Down,0.1266688,-1.17028,Normal
433.7198,17.88861,0,0.6431687,0.04762341,0,0.3660316,7847.311,1.198472,0.3001453,Right,Down,0.1266688,-1.118576,Normal
433.7599,17.85239,0,0.6642258,0.05159075,0,0.3916818,7848.025,1.195352,0.299506,Right,Down,0.1282043,-1.067108,Normal
433.7998,17.81763,0,0.6834519,0.0555581,0,0.4189837,7848.738,1.19557,0.2988664,Right,Down,0.1282043,-1.015854,Normal
433.8398,17.77987,0,0.6962693,0.0555581,0,0.4481266,7849.45,1.200866,0.2982274,Right,Down,0.1412742,-0.9646378,Normal
433.8799,17.74256,0,0.7145798,0.06349279,0,0.4754202,7850.16,1.201601,0.2975892,Right,Down,0.1532334,-0.9091721,Normal
433.9199,17.70785,0,0.7182419,0.06746013,0,0.5031862,7850.868,1.198873,0.2969508,Right,Down,0.1532334,-0.8456879,Normal
433.9598,17.6748,0,0.720073,0.08332952,0,0.5326003,7851.576,1.194997,0.2963129,Right,Down,0.1532334,-0.7822723,Normal
433.9998,17.64494,0,0.720073,0.1071336,0,0.5640534,7852.282,1.190159,0.2956755,Right,Down,0.1532334,-0.7191544,Normal
434.0399,17.61904,0,0.720073,0.1111009,0,0.5974464,7852.987,1.193824,0.2950388,Right,Down,0.1607126,-0.6561966,Normal
434.0798,17.59056,0,0.7237351,0.1111009,0,0.6312323,7853.691,1.198659,0.2944021,Right,Down,0.1791368,-0.593277,Normal
434.1198,17.56366,0,0.7237351,0.1111009,0,0.6627827,7854.394,1.196256,0.2937657,Right,Down,0.1791368,-0.5187149,Normal
434.1599,17.53809,0,0.7237351,0.1150683,0,0.6968459,7855.095,1.192312,0.2931303,Right,Down,0.1791368,-0.4440689,Normal
434.1999,17.51575,0,0.7310593,0.1150683,0,0.732486,7855.796,1.187179,0.2924949,Right,Down,0.1791368,-0.3696365,Normal
434.2398,17.48769,0,0.7429612,0.1150683,0,0.770372,7856.496,1.193056,0.2918597,Right,Down,0.1938267,-0.2953644,Normal
434.2798,17.45937,0,0.7676804,0.1150683,0,0.8064619,7857.194,1.194344,0.2912251,Right,Down,0.2046302,-0.216507,Normal
434.3199,17.43172,0,0.8015549,0.1150683,0,0.8431802,7857.892,1.191522,0.2905912,Right,Flat,0.2046302,-0.130867,Normal
434.3598,17.40597,0,0.8390951,0.1349203,0,0.8811964,7858.588,1.185233,0.2899574,Right,Flat,0.2046302,-0.0453949,Normal
434.3998,17.38161,0,0.868392,0.1468223,0,0.9221718,7859.284,1.189158,0.2893238,Right,Flat,0.2185032,0.03998566,Normal
434.4398,17.35786,0,0.8738852,0.154757,0,0.9624231,7859.979,1.191676,0.2886908,Right,Flat,0.2298502,0.1288147,Normal
434.4799,17.33643,0,0.8738852,0.154757,0,1.002414,7860.672,1.188277,0.2880586,Right,Up,0.2306999,0.2254562,Normal
434.5198,17.31914,0,0.868392,0.154757,0,1.044724,7861.365,1.182457,0.2874264,Right,Up,0.2315465,0.3219833,Normal
434.5598,17.29612,0,0.868392,0.154757,0,1.089711,7862.057,1.18868,0.2867945,Right,Up,0.2502292,0.4185333,Normal
434.5999,17.27239,0,0.8665609,0.154757,0,1.132201,7862.748,1.187659,0.2861636,Right,Up,0.2571706,0.5220032,Normal
434.6398,17.24991,0,0.8619833,0.1626917,0,1.17582,7863.438,1.182151,0.2855326,Right,Up,0.2571706,0.629509,Normal
434.6798,17.22713,0,0.8564901,0.1944305,0,1.222077,7864.128,1.184136,0.2849021,Right,Up,0.2705197,0.7372437,Normal
434.7198,17.21072,0,0.8491659,0.2103151,0,1.26817,7864.816,1.186653,0.2842719,Right,Up,0.2825486,0.8485031,Normal
434.7599,17.19716,0,0.8436728,0.2142824,0,1.313427,7865.504,1.180766,0.2836426,Right,Up,0.2832403,0.9671783,Normal
434.7998,17.18749,0,0.8427572,0.2142824,0,1.361067,7866.192,1.179995,0.2830134,Right,Up,0.3449174,1.085823,Normal
434.8398,17.17933,0,0.8427572,0.2142824,0,1.409247,7866.879,1.180501,0.2823845,Right,Up,0.7969672,1.206581,Normal
434.8799,17.16558,0,0.8390951,0.2142824,0,1.454052,7867.566,1.182469,0.2817565,Right,Up,0.9087062,1.204269,Normal
434.9199,17.15067,0,0.8326864,0.2142824,0,1.494307,7868.252,1.182058,0.2811284,Right,Up,0.8645667,1.148476,Normal
434.9598,17.1432,0,0.8143723,0.2301518,0,1.528919,7868.938,1.181821,0.2805009,Right,Up,0.8232948,1.094879,Normal
434.9998,17.14431,0,0.7896531,0.2460212,0,1.558268,7869.623,1.181834,0.2798737,Right,Up,0.7848442,1.043411,Normal
435.0399,17.15096,0,0.7658494,0.2499886,0,1.582967,7870.309,1.182705,0.2792474,Right,Up,0.7506924,0.9940033,Normal
435.0798,17.14616,0,0.7310593,0.2499886,0,1.603453,7870.995,1.184188,0.278621,Right,Up,0.7140896,0.9465561,Normal
435.1198,17.14232,0,0.7072556,0.2499886,0,1.620334,7871.68,1.182837,0.2779952,Right,Up,0.6789736,0.9009018,Normal
435.1599,17.13907,0,0.6733811,0.2499886,0,1.634141,7872.366,1.181066,0.2773702,Right,Up,0.6471007,0.8568192,Normal
435.1999,17.14143,0,0.6358445,0.2499886,0,1.644936,7873.051,1.179059,0.2767452,Right,Up,0.6180231,0.8143463,Normal
435.2398,17.13069,0,0.6120408,0.2499886,0,1.651033,7873.737,1.181579,0.2761205,Right,Up,0.5881739,0.7739105,Normal
435.2798,17.12788,0,0.5937302,0.2499886,0,1.655013,7874.422,1.180968,0.2754965,Right,Up,0.5598809,0.7347717,Normal
435.3199,17.13948,0,0.5900681,0.2499886,0,1.656871,7875.108,1.178116,0.2748732,Right,Up,0.5337587,0.6967545,Normal
435.3598,17.13097,0,0.5891526,0.2539559,0,1.654767,7875.793,1.180941,0.2742499,Right,Up,0.5089886,0.6607971,Normal
435.3998,17.13081,0,0.5891526,0.2539559,0,1.650858,7876.479,1.1785,0.273627,Right,Up,0.4881886,0.6257095,Normal
435.4398,17.12969,0,0.5891526,0.2579232,0,1.645199,7877.165,1.177766,0.2730047,Right,Up,0.4601268,0.5919724,Normal
435.4799,17.13277,0,0.5891526,0.2618906,0,1.636435,7877.85,1.178364,0.2723832,Right,Up,0.4449939,0.5596161,Normal
435.5198,17.13258,0,0.5891526,0.2618906,0,1.627702,7878.536,1.176165,0.2717617,Right,Up,0.4159008,0.5280838,Normal
435.5598,17.14267,0,0.5891526,0.2618906,0,1.614735,7879.221,1.177363,0.2711406,Right,Up,0.4068635,0.4981079,Normal
435.5999,17.13814,0,0.5891526,0.2658579,0,1.602409,7879.907,1.176189,0.2705205,Right,Up,0.3789758,0.4688339,Normal
435.6398,17.14907,0,0.5891526,0.2658579,0,1.587343,7880.592,1.17498,0.2699004,Right,Up,0.3642322,0.4406433,Normal
435.6798,17.145,0,0.5891526,0.2936446,0,1.571485,7881.278,1.17714,0.2692806,Right,Up,0.3460502,0.4136276,Normal
435.7198,17.15901,0,0.5891526,0.3253834,0,1.55522,7881.964,1.172027,0.2686613,Right,Up,0.3208161,0.3869324,Normal
435.7599,17.17282,0,0.5891526,0.3372854,0,1.535418,7882.65,1.175254,0.268043,Right,Up,0.3202056,0.3622131,Normal
435.7998,17.19147,0,0.5891526,0.3372854,0,1.517141,7883.338,1.173346,0.2674246,Right,Up,0.2954137,0.3374557,Normal
435.8398,17.21017,0,0.5827403,0.3372854,0,1.497358,7884.026,1.171016,0.2668067,Right,Up,0.2748253,0.3135147,Normal
435.8799,17.23361,0,0.5653453,0.3372854,0,1.475127,7884.715,1.173105,0.2661897,Right,Up,0.2748253,0.2911377,Normal
435.9198,17.25215,0,0.5479503,0.3372854,0,1.454468,7885.405,1.172329,0.2655727,Right,Up,0.2548778,0.2687531,Normal
435.9598,17.27122,0,0.523231,0.3372854,0,1.433503,7886.096,1.169183,0.2649562,Right,Up,0.2255535,0.2467117,Normal
435.9998,17.29541,0,0.5003428,0.3372854,0,1.408754,7886.787,1.169575,0.2643401,Right,Up,0.2255535,0.2268677,Normal
436.0399,17.31759,0,0.4829478,0.3372854,0,1.385158,7887.479,1.171618,0.2637249,Right,Up,0.2264194,0.2070007,Normal
436.0798,17.33103,0,0.4518199,0.3174487,0,1.363636,7888.173,1.169846,0.2631097,Right,Up,0.2055842,0.1871338,Normal
436.1198,17.3521,0,0.4271007,0.309514,0,1.341057,7888.867,1.166795,0.2624951,Right,Up,0.1713202,0.1674881,Normal
436.1599,17.36841,0,0.3849864,0.309514,0,1.314683,7889.561,1.166641,0.2618813,Right,Up,0.1713202,0.1504898,Normal
436.1999,17.38531,0,0.3382909,0.3055466,0,1.289107,7890.256,1.167357,0.2612675,Right,Flat,0.1713202,0.1334839,Normal
436.2398,17.39518,0,0.3025854,0.3055466,0,1.265229,7890.952,1.169331,0.2606542,Right,Flat,0.1701742,0.116478,Normal
436.2798,17.40744,0,0.2421606,0.3055466,0,1.242911,7891.648,1.16714,0.2600414,Right,Flat,0.1631294,0.09944153,Normal
436.3199,17.42338,0,0.1936376,0.3015793,0,1.221796,7892.345,1.163319,0.2594295,Right,Flat,0.1119058,0.08241272,Normal
436.3598,17.43896,0,0.1185644,0.3015793,0,1.193451,7893.042,1.16317,0.2588175,Right,Flat,0.09691329,0.06803894,Normal
436.3998,17.45341,0,0.05081177,0.3015793,0,1.16574,7893.741,1.163432,0.2582061,Right,Flat,0.09487279,0.05491638,Normal
436.4398,17.46626,0,0.0050354,0.3015793,0,1.139405,7894.439,1.163941,0.2575955,Right,Flat,0.09487279,0.04179382,Normal
436.4799,17.47977,0,-0.02975464,0.3015793,0,1.113754,7895.138,1.163924,0.2569851,Right,Flat,0.09691329,0.02866364,Normal
436.5198,17.49415,0,-0.0453186,0.3015793,0,1.089093,7895.838,1.163484,0.2563751,Right,Flat,0.09691329,0.01551056,Normal
436.5598,17.50838,0,-0.0590533,0.297612,0,1.064711,7896.538,1.163355,0.2557656,Right,Flat,0.09691329,0.002342224,Normal
436.5999,17.52185,0,-0.08102596,0.2936446,0,1.041412,7897.239,1.162495,0.2551569,Right,Flat,0.09691329,-0.01082611,Normal
436.6398,17.53394,0,-0.0993365,0.289662,0,1.018937,7897.94,1.16065,0.2545483,Right,Flat,0.09691329,-0.02400208,Normal
436.6798,17.54461,0,-0.1377887,0.2817273,0,0.9970504,7898.642,1.158818,0.2539402,Right,Flat,0.09691329,-0.0371933,Normal
436.7198,17.55497,0,-0.1725787,0.2817273,0,0.9753013,7899.344,1.15644,0.2533326,Straight,Flat,0.03956468,-0.05037689,Normal
436.7599,17.5658,0,-0.2192724,0.2817273,0,0.9506975,7900.046,1.156564,0.2527258,Straight,Flat,0,-0.06204224,Normal
436.7998,17.57562,0,-0.239414,0.2817273,0,0.9259973,7900.749,1.157254,0.2521192,Straight,Flat,-0.01978234,-0.06956482,Normal
436.8398,17.58545,0,-0.2504003,0.2817273,0,0.9016438,7901.452,1.157926,0.251513,Straight,Flat,-0.01978234,-0.0770874,Normal
436.8799,17.595,0,-0.2549779,0.2817273,0,0.8775402,7902.156,1.157954,0.2509078,Straight,Flat,-0.01978234,-0.08462524,Normal
436.9198,17.6056,0,-0.2549779,0.2817273,0,0.8533886,7902.86,1.157396,0.2503026,Straight,Flat,0,-0.09216309,Normal
436.9598,17.61625,0,-0.256809,0.2817273,0,0.8293498,7903.564,1.156629,0.2496979,Straight,Flat,-0.01978234,-0.09970856,Normal
436.9998,17.62686,0,-0.256809,0.2817273,0,0.8051032,7904.27,1.155729,0.2490936,Straight,Flat,-0.01978234,-0.1072617,Normal
437.0399,17.63739,0,-0.256809,0.2817273,0,0.78095,7904.975,1.154949,0.2484903,Straight,Flat,-0.01978234,-0.1148224,Normal
437.0798,17.64782,0,-0.256809,0.2817273,0,0.7568514,7905.681,1.154156,0.2478871,Straight,Flat,-0.01978234,-0.1223831,Normal
437.1198,17.65819,0,-0.256809,0.2817273,0,0.7325584,7906.387,1.153393,0.2472843,Straight,Flat,-0.01978234,-0.1299515,Normal
437.1599,17.66851,0,-0.256809,0.2817273,0,0.7080593,7907.093,1.15262,0.2466825,Straight,Flat,0,-0.1375198,Normal
437.1999,17.67879,0,-0.256809,0.27776,0,0.6832219,7907.8,1.151956,0.2460807,Straight,Flat,-0.01978234,-0.1451035,Normal
437.2398,17.68848,0,-0.256809,0.27776,0,0.6579204,7908.508,1.151586,0.2454794,Straight,Down,-0.01978234,-0.1526871,Normal
437.2798,17.69757,0,-0.256809,0.27776,0,0.6320285,7909.216,1.151294,0.2448786,Straight,Down,-0.01978234,-0.1602707,Normal
437.3199,17.70668,0,-0.256809,0.27776,0,0.6057196,7909.924,1.150359,0.2442788,Straight,Down,-0.01978234,-0.1678619,Normal
437.3598,17.71578,0,-0.256809,0.27776,0,0.579224,7910.632,1.149237,0.243679,Straight,Down,-0.01978234,-0.1754608,Normal
437.3998,17.72471,0,-0.256809,0.27776,0,0.5520155,7911.341,1.148418,0.2430797,Straight,Down,-0.01978234,-0.1830673,Normal
437.4398,17.73341,0,-0.256809,0.27776,0,0.5242755,7912.05,1.147862,0.2424814,Straight,Down,-0.01978234,-0.1906738,Normal
437.4799,17.74212,0,-0.256809,0.2737926,0,0.4959072,7912.76,1.147311,0.2418831,Straight,Down,-0.01978234,-0.198288,Normal
437.5198,17.74974,0,-0.256809,0.2698253,0,0.4669595,7913.47,1.146531,0.2412852,Straight,Down,-0.01978234,-0.2059097,Normal
437.5598,17.75788,0,-0.256809,0.2698253,0,0.4376086,7914.18,1.144976,0.240688,Straight,Down,-0.03426402,-0.2135239,Normal
437.5999,17.76593,0,-0.2668798,0.2698253,0,0.4141935,7914.891,1.145664,0.2400917,Left,Down,-0.08622923,-0.221138,Normal
437.6398,17.77364,0,-0.2732885,0.2658579,0,0.390341,7915.602,1.146287,0.2394954,Left,Down,-0.09891172,-0.2256699,Normal
437.6798,17.78025,0,-0.2906835,0.2658579,0,0.3658255,7916.313,1.146714,0.2388996,Left,Down,-0.09891172,-0.2293625,Normal
437.7198,17.78714,0,-0.3108269,0.2658579,0,0.3406135,7917.024,1.146447,0.2383044,Left,Down,-0.09891172,-0.2330551,Normal
437.7599,17.79441,0,-0.3382927,0.2618906,0,0.3141675,7917.736,1.146412,0.2377101,Left,Down,-0.09891172,-0.2367554,Normal
437.7998,17.80032,0,-0.3520256,0.2618906,0,0.2871873,7918.448,1.145696,0.2371158,Left,Down,-0.09891172,-0.2404556,Normal
437.8398,17.80535,0,-0.3566033,0.2579232,0,0.2595228,7919.16,1.143418,0.2365221,Left,Down,-0.09891172,-0.2441559,Normal
437.8799,17.81144,0,-0.3566033,0.2539559,0,0.2311261,7919.873,1.14056,0.2359294,Left,Down,-0.09891172,-0.2478638,Normal
437.9198,17.81701,0,-0.3566033,0.2499886,0,0.2082061,7920.585,1.140589,0.2353367,Left,Down,-0.1219466,-0.251564,Normal
437.9598,17.82118,0,-0.3566033,0.2499886,0,0.1850033,7921.298,1.141011,0.2347445,Left,Down,-0.132704,-0.2544479,Normal
437.9998,17.82468,0,-0.3584343,0.2499886,0,0.1610559,7922.011,1.14163,0.2341528,Left,Down,-0.132704,-0.2565842,Normal
438.0399,17.82782,0,-0.3675896,0.2499886,0,0.1361193,7922.724,1.142599,0.2335621,Left,Down,-0.132704,-0.258728,Normal
438.0798,17.83011,0,-0.3685051,0.2499886,0,0.1104505,7923.437,1.14143,0.2329716,Left,Down,-0.132704,-0.2608795,Normal
438.1198,17.83406,0,-0.3749138,0.2499886,0,0.08377364,7924.15,1.138113,0.2323814,Left,Down,-0.132704,-0.2630234,Normal
438.1599,17.83866,0,-0.3923088,0.2499886,0,0.06282103,7924.864,1.137633,0.2317923,Left,Down,-0.14537,-0.2651672,Normal
438.1999,17.84283,0,-0.4463267,0.2698253,0,0.04108348,7925.578,1.13791,0.2312032,Left,Down,-0.1594904,-0.2669525,Normal
438.2398,17.84935,0,-0.505836,0.27776,0,0.01838008,7926.292,1.139012,0.2306147,Left,Down,-0.1594904,-0.2679596,Normal
438.2798,17.85659,0,-0.5662626,0.2817273,0,-0.005270213,7927.005,1.139471,0.2300267,Left,Down,-0.1582588,-0.268959,Normal
438.3199,17.86637,0,-0.6056303,0.2936446,0,-0.03009248,7927.72,1.135976,0.2294397,Left,Down,-0.1582588,-0.2699661,Normal
438.3598,17.88012,0,-0.6266874,0.3015793,0,-0.05007574,7928.435,1.13514,0.2288527,Left,Down,-0.165511,-0.2709732,Normal
438.3998,17.89534,0,-0.654155,0.309514,0,-0.07049525,7929.151,1.135207,0.2282663,Left,Down,-0.1802258,-0.271904,Normal
438.4398,17.9122,0,-0.6779587,0.309514,0,-0.09251562,7929.867,1.136877,0.2276809,Left,Down,-0.1802258,-0.2719727,Normal
438.4799,17.92481,0,-0.7310593,0.309514,0,-0.1155119,7930.584,1.135669,0.2270955,Left,Down,-0.1802258,-0.2720337,Normal
438.5198,17.94273,0,-0.7969791,0.309514,0,-0.1372669,7931.302,1.132847,0.2265107,Left,Down,-0.1802258,-0.2721024,Normal
438.5598,17.96007,0,-0.8574039,0.309514,0,-0.1556942,7932.02,1.132572,0.2259264,Left,Down,-0.191797,-0.2721634,Normal
438.5999,17.9777,0,-0.9224081,0.309514,0,-0.1766817,7932.739,1.133822,0.2253431,Left,Down,-0.199792,-0.2718658,Normal
438.6398,17.98836,0,-0.9443808,0.309514,0,-0.1989625,7933.458,1.133979,0.2247598,Left,Down,-0.199792,-0.2711105,Normal
438.6798,18.00674,0,-0.9489584,0.309514,0,-0.2212788,7934.179,1.13059,0.2241772,Left,Down,-0.199792,-0.2703552,Normal
438.7198,18.02368,0,-0.9388876,0.309514,0,-0.2399855,7934.899,1.130595,0.223595,Left,Down,-0.2074791,-0.2695999,Normal
438.7599,18.0413,0,-0.9260702,0.309514,0,-0.2612725,7935.621,1.132205,0.2230138,Left,Down,-0.2167048,-0.2686691,Normal
438.7998,18.05134,0,-0.903182,0.309514,0,-0.2842354,7936.343,1.130603,0.2224327,Left,Down,-0.2167048,-0.267189,Normal
438.8398,18.06883,0,-0.8921957,0.309514,0,-0.3042869,7937.065,1.128892,0.2218523,Left,Down,-0.2167048,-0.2657013,Normal
438.8799,18.08611,0,-0.878461,0.309514,0,-0.3241384,7937.789,1.129176,0.2212726,Left,Down,-0.2272819,-0.2642212,Normal
438.9198,18.09878,0,-0.8683902,0.309514,0,-0.3465838,7938.512,1.130583,0.2206932,Left,Down,-0.23239,-0.2623825,Normal
438.9598,18.11397,0,-0.8619815,0.309514,0,-0.3690455,7939.237,1.126911,0.2201143,Left,Down,-0.23239,-0.2602539,Normal
438.9998,18.13117,0,-0.8390933,0.309514,0,-0.3883618,7939.962,1.127274,0.219536,Left,Down,-0.2373883,-0.2581177,Normal
439.0399,18.1459,0,-0.8152896,0.3134814,0,-0.4105288,7940.688,1.12885,0.2189586,Left,Down,-0.2462884,-0.2559433,Normal
439.0798,18.15939,0,-0.7914859,0.3134814,0,-0.434372,7941.414,1.125108,0.2183814,Left,Down,-0.2470816,-0.2531967,Normal
439.1198,18.17766,0,-0.7786685,0.3134814,0,-0.4536271,7942.141,1.12553,0.2178046,Left,Down,-0.2486604,-0.2504425,Normal
439.1599,18.19325,0,-0.7786685,0.3134814,0,-0.4755878,7942.869,1.126969,0.2172289,Left,Down,-0.2579304,-0.2476807,Normal
439.1999,18.20819,0,-0.7914859,0.3134814,0,-0.4994849,7943.597,1.123327,0.2166533,Left,Down,-0.2601963,-0.2444916,Normal
439.2398,18.22567,0,-0.7914859,0.3134814,0,-0.5188862,7944.326,1.124143,0.2160782,Left,Down,-0.2609472,-0.2411652,Normal
439.2798,18.23906,0,-0.7969791,0.3134814,0,-0.5409225,7945.055,1.125591,0.2155037,Left,Down,-0.2705197,-0.2378235,Normal
439.3199,18.25562,0,-0.8043033,0.3134814,0,-0.5635962,7945.785,1.121998,0.2149302,Left,Down,-0.2733977,-0.2341309,Normal
439.3598,18.27291,0,-0.8152896,0.3134814,0,-0.5832483,7946.516,1.122812,0.2143569,Left,Down,-0.2748253,-0.2302551,Normal
439.3998,18.28636,0,-0.8317691,0.3134814,0,-0.6055718,7947.247,1.123262,0.213784,Left,Down,-0.2839303,-0.2263794,Normal
439.4398,18.30121,0,-0.8491641,0.3134814,0,-0.6270899,7947.979,1.120433,0.2132122,Left,Down,-0.2859903,-0.222084,Normal
439.4799,18.32015,0,-0.8619815,0.3134814,0,-0.6472083,7948.711,1.121962,0.2126404,Left,Down,-0.2887141,-0.2176895,Normal
439.5198,18.33423,0,-0.8729678,0.3134814,0,-0.6700534,7949.445,1.119635,0.2120693,Left,Down,-0.2973941,-0.2132797,Normal
439.5598,18.34944,0,-0.8729678,0.3134814,0,-0.6894078,7950.179,1.119764,0.2114987,Left,Down,-0.2980514,-0.2084198,Normal
439.5999,18.36293,0,-0.8729678,0.3134814,0,-0.710133,7950.913,1.121192,0.2109291,Left,Down,-0.3032579,-0.2035141,Normal
439.6398,18.38214,0,-0.8638126,0.3134814,0,-0.7313061,7951.648,1.117805,0.2103596,Left,Down,-0.309643,-0.1984787,Normal
439.6798,18.39692,0,-0.8509952,0.3134814,0,-0.7504622,7952.384,1.11961,0.2097908,Left,Down,-0.3102743,-0.1931,Normal
439.7198,18.41177,0,-0.8207828,0.3134814,0,-0.7721837,7953.121,1.116333,0.2092228,Left,Down,-0.3183671,-0.1877213,Normal
439.7599,18.42768,0,-0.7850772,0.3134814,0,-0.7896323,7953.858,1.118052,0.208655,Left,Down,-0.3202056,-0.1819992,Normal
439.7998,18.44005,0,-0.7722598,0.3134814,0,-0.8091058,7954.595,1.117156,0.2080878,Left,Down,-0.3256589,-0.1761703,Normal
439.8398,18.45831,0,-0.754863,0.3134814,0,-0.8265786,7955.333,1.115969,0.2075212,Left,Down,-0.3310224,-0.1701965,Normal
439.8799,18.46994,0,-0.7539475,0.3134814,0,-0.8438766,7956.072,1.117476,0.2069556,Left,Down,-0.3333784,-0.1639175,Normal
439.9198,18.48877,0,-0.762189,0.3134814,0,-0.8607738,7956.812,1.114312,0.2063901,Left,Down,-0.3414966,-0.1576462,Normal
439.9598,18.4994,0,-0.7740909,0.3134814,0,-0.8760583,7957.552,1.116167,0.2058251,Left,Down,-0.3414966,-0.1509552,Normal
439.9998,18.51709,0,-0.7924014,0.3134814,0,-0.8921357,7958.292,1.112687,0.2052608,Left,Flat,-0.3483046,-0.144249,Normal
440.0399,18.52896,0,-0.8088809,0.3134814,0,-0.90557,7959.033,1.114949,0.2046975,Left,Flat,-0.3516591,-0.1372833,Normal
440.0798,18.54526,0,-0.8271915,0.3134814,0,-0.9200184,7959.775,1.111425,0.2041342,Left,Flat,-0.3566318,-0.1301498,Normal
440.1198,18.55871,0,-0.843671,0.3134814,0,-0.9316954,7960.517,1.113801,0.2035716,Left,Flat,-0.3615361,-0.1228714,Normal
440.1599,18.57314,0,-0.862897,0.3134814,0,-0.9448551,7961.26,1.110166,0.20301,Left,Flat,-0.365305,-0.1153412,Normal
440.1998,18.58667,0,-0.8986044,0.3134814,0,-0.9548068,7962.003,1.112692,0.2024486,Left,Flat,-0.3711503,-0.1077118,Normal
440.2398,18.60114,0,-0.9086752,0.3134814,0,-0.9659129,7962.747,1.109428,0.2018877,Left,Flat,-0.373777,-0.09978485,Normal
440.2798,18.61483,0,-0.9086752,0.3134814,0,-0.9743516,7963.491,1.112017,0.2013274,Left,Flat,-0.3805216,-0.09181213,Normal
440.3199,18.62883,0,-0.903182,0.3134814,0,-0.9834644,7964.236,1.108389,0.200768,Left,Flat,-0.3830841,-0.08351898,Normal
440.3598,18.64098,0,-0.903182,0.3134814,0,-0.9898262,7964.982,1.110936,0.200209,Left,Flat,-0.3891652,-0.07517242,Normal
440.3998,18.65686,0,-0.9022665,0.3134814,0,-0.9964821,7965.729,1.107672,0.1996504,Left,Flat,-0.3916712,-0.0664978,Normal
440.4398,18.66864,0,-0.8986044,0.2936446,0,-1.001374,7966.476,1.111054,0.1990929,Left,Flat,-0.3981127,-0.05778503,Normal
440.4799,18.67872,0,-0.8986044,0.2936446,0,-1.005768,7967.223,1.107906,0.1985354,Left,Flat,-0.4010509,-0.04873657,Normal
440.5198,18.68606,0,-0.8986044,0.289662,0,-1.008699,7967.97,1.107635,0.1979787,Left,Flat,-0.4063823,-0.0396347,Normal
440.5598,18.69121,0,-0.8986044,0.289662,0,-1.009571,7968.718,1.104398,0.1974224,Left,Flat,-0.409739,-0.03022766,Normal
440.5999,18.6992,0,-0.8986044,0.289662,0,-1.010542,7969.466,1.101928,0.1968673,Left,Flat,-0.414487,-0.02075195,Normal
440.6398,18.70127,0,-0.8976889,0.289662,0,-1.008731,7970.214,1.100965,0.1963122,Left,Flat,-0.4102162,-0.01102448,Normal
440.6798,18.70876,0,-0.8912802,0.289662,0,-1.007694,7970.962,1.100307,0.1957578,Left,Flat,-0.4078243,0.01171875,Normal
440.7198,18.70771,0,-0.8747989,0.289662,0,-1.003646,7971.71,1.100188,0.1952045,Left,Flat,-0.3961419,0.05513,Normal
440.7599,18.71533,0,-0.8638126,0.289662,0,-1.000759,7972.459,1.099521,0.1946512,Left,Flat,-0.3881583,0.1026382,Normal
440.7998,18.71552,0,-0.8491641,0.289662,0,-0.9952516,7973.208,1.100318,0.1940986,Left,Up,-0.3779418,0.1554718,Normal
440.8398,18.72236,0,-0.8372623,0.289662,0,-0.9904097,7973.957,1.098688,0.1935465,Left,Up,-0.3700944,0.2071304,Normal
440.8799,18.72222,0,-0.828107,0.289662,0,-0.9843768,7974.706,1.101005,0.1929955,Left,Up,-0.3615361,0.2572174,Normal
440.9198,18.72829,0,-0.828107,0.289662,0,-0.9770689,7975.455,1.098762,0.1924446,Left,Up,-0.3522151,0.3064423,Normal
440.9598,18.72805,0,-0.8271915,0.289662,0,-0.971561,7976.204,1.101353,0.1918944,Left,Up,-0.3466151,0.3537979,Normal
440.9998,18.72929,0,-0.8271915,0.289662,0,-0.9621666,7976.953,1.098876,0.1913447,Left,Up,-0.3345502,0.4009018,Normal
441.0399,18.73323,0,-0.8262759,0.289662,0,-0.9558635,7977.702,1.099225,0.1907961,Left,Up,-0.3345502,0.4455261,Normal
441.0798,18.73674,0,-0.8097965,0.289662,0,-0.9468782,7978.451,1.099339,0.1902476,Left,Up,-0.3208161,0.4901886,Normal
441.1198,18.73686,0,-0.7841617,0.289662,0,-0.938489,7979.2,1.09742,0.1896998,Left,Up,-0.3171355,0.5329285,Normal
441.1599,18.73399,0,-0.7493699,0.289662,0,-0.9321309,7979.949,1.099715,0.189153,Left,Up,-0.3102743,0.5748444,Normal
441.1998,18.73454,0,-0.6898606,0.289662,0,-0.9214438,7980.699,1.097752,0.1886063,Left,Up,-0.2993615,0.616272,Normal
441.2398,18.73825,0,-0.6660569,0.289662,0,-0.9131598,7981.448,1.095837,0.1880603,Left,Up,-0.2993615,0.6554718,Normal
441.2798,18.73829,0,-0.6651413,0.289662,0,-0.9047483,7982.198,1.097845,0.1875149,Left,Up,-0.289391,0.6947021,Normal
441.3199,18.73598,0,-0.6724656,0.289662,0,-0.8938075,7982.947,1.096314,0.1869705,Left,Up,-0.2825486,0.7326355,Normal
441.3598,18.73733,0,-0.6788743,0.289662,0,-0.885227,7983.696,1.094429,0.1864263,Left,Up,-0.2818553,0.7691727,Normal
441.3998,18.73704,0,-0.6797898,0.289662,0,-0.8767179,7984.445,1.096552,0.1858827,Left,Up,-0.2697954,0.8057251,Normal
441.4398,18.73408,0,-0.6797898,0.289662,0,-0.8656707,7985.194,1.095286,0.1853401,Left,Up,-0.2654082,0.840538,Normal
441.4799,18.73535,0,-0.6797898,0.289662,0,-0.85662,7985.943,1.093245,0.1847978,Left,Up,-0.2654082,0.8744583,Normal
441.5198,18.73436,0,-0.6797898,0.289662,0,-0.848779,7986.692,1.095662,0.1842561,Left,Up,-0.2533378,0.9083939,Normal
441.5598,18.73169,0,-0.6797898,0.289662,0,-0.8373467,7987.441,1.094576,0.1837149,Left,Up,-0.249446,0.9406433,Normal
441.5999,18.72816,0,-0.6724656,0.289662,0,-0.8278762,7988.19,1.092482,0.1831748,Left,Up,-0.2486604,0.971962,Normal
441.6398,18.73069,0,-0.6724656,0.289662,0,-0.821112,7988.939,1.093826,0.182635,Left,Up,-0.2398483,1.003288,Normal
441.6798,18.72708,0,-0.6550705,0.289662,0,-0.8106039,7989.688,1.093421,0.1820957,Left,Up,-0.23239,1.033524,Normal
441.7198,18.72375,0,-0.6239408,0.289662,0,-0.8008277,7990.437,1.092456,0.1815574,Left,Up,-0.2332305,1.062279,Normal
441.7599,18.7249,0,-0.596475,0.289662,0,-0.7929613,7991.186,1.090086,0.1810194,Left,Up,-0.2281412,1.091034,Normal
441.7998,18.72162,0,-0.5488676,0.289662,0,-0.7865281,7991.935,1.092898,0.180482,Left,Up,-0.2167048,1.119774,Normal
441.8398,18.71879,0,-0.5168223,0.289662,0,-0.7758991,7992.684,1.091823,0.1799452,Left,Up,-0.2167048,1.146011,Normal
441.8799,18.71456,0,-0.4820323,0.289662,0,-0.7668071,7993.433,1.090143,0.1794094,Left,Up,-0.2158,1.172218,Normal
441.9198,18.71793,0,-0.4637218,0.289662,0,-0.7598721,7994.182,1.088626,0.1788739,Left,Up,-0.2093567,1.198418,Normal
441.9598,18.71255,0,-0.4600596,0.289662,0,-0.7531166,7994.93,1.090912,0.178339,Left,Up,-0.2007689,1.223961,Normal
441.9998,18.7089,0,-0.4600596,0.289662,0,-0.7430153,7995.678,1.090104,0.1778047,Left,Up,-0.199792,1.247658,Normal
442.0399,18.70427,0,-0.4600596,0.289662,0,-0.7344822,7996.426,1.088561,0.1772714,Left,Up,-0.2007689,1.271339,Normal
442.0798,18.70667,0,-0.4600596,0.289662,0,-0.7278916,7997.174,1.086645,0.1767384,Left,Up,-0.1938267,1.295006,Normal
442.1198,18.70195,0,-0.4454112,0.289662,0,-0.7229085,7997.922,1.089546,0.176206,Left,Up,-0.1855749,1.317932,Normal
442.1599,18.69805,0,-0.4179454,0.289662,0,-0.7128994,7998.67,1.088685,0.1756746,Left,Up,-0.1855749,1.339149,Normal
442.1998,18.6943,0,-0.3923088,0.289662,0,-0.704469,7999.418,1.087747,0.1751435,Left,Up,-0.1855749,1.360359,Normal
442.2398,18.69313,0,-0.3913933,0.3134814,0,-0.6974887,8000.166,1.085556,0.1746129,Left,Up,-0.1813082,1.381546,Normal
442.2798,18.69749,0,-0.3913933,0.3174487,0,-0.6923515,8000.914,1.085881,0.1740831,Left,Up,-0.1701742,1.402649,Normal
442.3199,18.69842,0,-0.3913933,0.3174487,0,-0.6859297,8001.662,1.087364,0.1735543,Left,Up,-0.1701742,1.421387,Normal
442.3598,18.70062,0,-0.3913933,0.3174487,0,-0.6766995,8002.41,1.08661,0.1730257,Left,Up,-0.1690205,1.440109,Normal
442.3998,18.70204,0,-0.3913933,0.3174487,0,-0.6686522,8003.158,1.085182,0.1724978,Left,Up,-0.1701742,1.458839,Normal
442.4398,18.70576,0,-0.3913933,0.3174487,0,-0.6620783,8003.906,1.083395,0.1719708,Left,Up,-0.1631294,1.477547,Normal
442.4799,18.71113,0,-0.3932244,0.3174487,0,-0.6572254,8004.654,1.083321,0.1714442,Left,Up,-0.1545051,1.495613,Normal
442.5198,18.7116,0,-0.3932244,0.3174487,0,-0.652254,8005.402,1.085389,0.1709181,Left,Up,-0.1532334,1.51181,Normal
442.5598,18.71313,0,-0.3932244,0.3174487,0,-0.6429754,8006.15,1.084716,0.1703928,Left,Up,-0.1545051,1.528008,Normal
442.5999,18.71434,0,-0.3932244,0.3174487,0,-0.6350148,8006.899,1.083451,0.1698683,Left,Up,-0.1532334,1.544197,Normal
442.6398,18.71816,0,-0.3932244,0.3174487,0,-0.6287053,8007.648,1.081962,0.1693443,Left,Up,-0.1506579,1.560387,Normal
442.6798,18.71936,0,-0.3932244,0.3174487,0,-0.6236687,8008.397,1.080417,0.1688208,Left,Up,-0.1384764,1.576553,Normal
442.7198,18.7235,0,-0.3932244,0.3174487,0,-0.6200714,8009.146,1.081767,0.1682983,Left,Up,-0.1384764,1.590263,Normal
442.7599,18.7241,0,-0.3877312,0.3174487,0,-0.6144339,8009.895,1.082894,0.1677761,Left,Up,-0.1384764,1.603882,Normal
442.7998,18.7249,0,-0.3575188,0.3174487,0,-0.6058602,8010.644,1.082037,0.1672547,Left,Up,-0.1370561,1.617493,Normal
442.8398,18.7264,0,-0.3218132,0.3174487,0,-0.5986168,8011.393,1.080792,0.1667338,Left,Up,-0.1384764,1.631104,Normal
442.8799,18.72961,0,-0.2787817,0.3174487,0,-0.5927908,8012.142,1.079646,0.1662139,Left,Up,-0.132704,1.644707,Normal
442.9198,18.73089,0,-0.2504003,0.3174487,0,-0.5878575,8012.891,1.078458,0.1656944,Left,Up,-0.1219466,1.658119,Normal
442.9598,18.73359,0,-0.2494848,0.3174487,0,-0.5842823,8013.64,1.078229,0.1651755,Left,Up,-0.1219466,1.66906,Normal
442.9998,18.73527,0,-0.2494848,0.3174487,0,-0.5820474,8014.389,1.080204,0.1646576,Left,Up,-0.1219466,1.680008,Normal
443.0399,18.73629,0,-0.2494848,0.3174487,0,-0.574004,8015.138,1.079792,0.1641399,Left,Up,-0.1219466,1.690948,Normal
443.0798,18.7372,0,-0.2494848,0.3174487,0,-0.5658275,8015.887,1.078688,0.163623,Left,Up,-0.1219466,1.701881,Normal
443.1198,18.73953,0,-0.2494848,0.3174487,0,-0.5589783,8016.637,1.077302,0.1631067,Left,Up,-0.1219466,1.712814,Normal
443.1599,18.74089,0,-0.2494848,0.3174487,0,-0.5534041,8017.387,1.076436,0.1625914,Left,Up,-0.1119058,1.723747,Normal
443.1998,18.74169,0,-0.2494848,0.3174487,0,-0.5487844,8018.137,1.075726,0.1620764,Left,Up,-0.1065312,1.73365,Normal
443.2398,18.74315,0,-0.2494848,0.3174487,0,-0.5451373,8018.887,1.074718,0.1615622,Left,Up,-0.1046783,1.741737,Normal
443.2798,18.74684,0,-0.2513158,0.3174487,0,-0.5428954,8019.637,1.075703,0.1610484,Left,Up,-0.1046783,1.749817,Normal
443.3199,18.74704,0,-0.2549779,0.3174487,0,-0.5406432,8020.387,1.077071,0.1605358,Left,Up,-0.1046783,1.757896,Normal
443.3598,18.74743,0,-0.2549779,0.3174487,0,-0.5322284,8021.137,1.076089,0.1600234,Left,Up,-0.1065312,1.765976,Normal
443.3998,18.74848,0,-0.2549779,0.3174487,0,-0.5247508,8021.887,1.074928,0.1595118,Left,Up,-0.1046783,1.774055,Normal
443.4398,18.75134,0,-0.2549779,0.3174487,0,-0.5183864,8022.637,1.073761,0.1590012,Left,Up,-0.1046783,1.782127,Normal
443.4798,18.75177,0,-0.2549779,0.3174487,0,-0.5129862,8023.387,1.072993,0.1584908,Left,Up,-0.09487279,1.790199,Normal
443.5198,18.75252,0,-0.2549779,0.3174487,0,-0.5086757,8024.137,1.072479,0.1579811,Left,Up,-0.08846933,1.796822,Normal
443.5598,18.7531,0,-0.2549779,0.3174487,0,-0.5052345,8024.887,1.071966,0.1574721,Left,Up,-0.08622923,1.801727,Normal
443.5999,18.75418,0,-0.2549779,0.3174487,0,-0.5024596,8025.637,1.071143,0.1569641,Left,Up,-0.08622923,1.806625,Normal
443.6398,18.75591,0,-0.2549779,0.3174487,0,-0.5008138,8026.387,1.071832,0.1564564,Left,Up,-0.08846933,1.811523,Normal
443.6798,18.75744,0,-0.2549779,0.3174487,0,-0.5000862,8027.137,1.072899,0.1559494,Left,Up,-0.08846933,1.816414,Normal
443.7198,18.75782,0,-0.2549779,0.3174487,0,-0.4938548,8027.887,1.072454,0.1554434,Left,Up,-0.08622923,1.821312,Normal
443.7599,18.75858,0,-0.2494848,0.3174487,0,-0.4865528,8028.637,1.07138,0.1549378,Left,Up,-0.08622923,1.826202,Normal
443.7998,18.76021,0,-0.2375829,0.3174487,0,-0.4803329,8029.387,1.070278,0.1544328,Left,Up,-0.08622923,1.831093,Normal
443.8398,18.76146,0,-0.2330053,0.3174487,0,-0.4749989,8030.137,1.069473,0.1539284,Left,Up,-0.08392937,1.835983,Normal
443.8799,18.76237,0,-0.2330053,0.3174487,0,-0.4705276,8030.887,1.068829,0.1534251,Left,Up,-0.06852804,1.840866,Normal
443.9198,18.76319,0,-0.2330053,0.3174487,0,-0.4668301,8031.638,1.068479,0.1529222,Left,Up,-0.0656106,1.842407,Normal
443.9598,18.76397,0,-0.2330053,0.3174487,0,-0.4640114,8032.389,1.068139,0.1524199,Left,Up,-0.0656106,1.843445,Normal
443.9998,18.76488,0,-0.2330053,0.3174487,0,-0.4621848,8033.14,1.067743,0.1519186,Left,Up,-0.0656106,1.844475,Normal
444.0399,18.76568,0,-0.2330053,0.3174487,0,-0.4608226,8033.891,1.067027,0.1514177,Left,Up,-0.0656106,1.845505,Normal
444.0798,18.7666,0,-0.2311742,0.3174487,0,-0.46044,8034.642,1.066581,0.1509174,Left,Up,-0.0656106,1.846535,Normal
444.1198,18.76807,0,-0.2073705,0.3174487,0,-0.4609867,8035.393,1.066984,0.1504178,Left,Up,-0.0656106,1.847572,Normal
444.1599,18.76911,0,-0.1707476,0.3174487,0,-0.4625657,8036.144,1.067002,0.1499193,Left,Up,-0.0656106,1.848602,Normal
444.1998,18.7711,0,-0.1112384,0.3174487,0,-0.4620957,8036.895,1.066681,0.1494211,Left,Up,-0.06852804,1.849625,Normal
444.2398,18.77271,0,-0.07095516,0.3174487,0,-0.4544457,8037.646,1.066676,0.1489236,Left,Up,-0.0656106,1.850647,Normal
444.2798,18.77483,0,-0.0352478,0.3174487,0,-0.4474662,8038.397,1.066523,0.1484267,Left,Up,-0.06852804,1.851677,Normal
444.3199,18.77655,0,-0.02426147,0.3174487,0,-0.4409587,8039.148,1.06626,0.1479309,Left,Up,-0.0656106,1.852699,Normal
444.3598,18.77895,0,-0.02426147,0.3174487,0,-0.4350607,8039.899,1.065596,0.1474354,Straight,Up,-0.04845664,1.853714,Normal
444.3998,18.78124,0,-0.02426147,0.3174487,0,-0.4298453,8040.65,1.064746,0.1469407,Straight,Up,-0.01978234,1.853966,Normal
444.4398,18.78345,0,-0.02426147,0.3174487,0,-0.4253269,8041.401,1.064072,0.1464469,Straight,Up,0,1.84407,Normal
444.4798,18.78564,0,-0.02426147,0.3174487,0,-0.4213445,8042.152,1.063407,0.1459535,Straight,Up,-0.01978234,1.834183,Normal
444.5198,18.78784,0,-0.02426147,0.3174487,0,-0.4178975,8042.904,1.062901,0.1454608,Straight,Up,-0.01978234,1.824295,Normal
444.5598,18.79,0,-0.03433228,0.3174487,0,-0.4149755,8043.656,1.062426,0.1449688,Straight,Up,-0.01978234,1.8144,Normal
444.5999,18.79216,0,-0.03433228,0.3174487,0,-0.4126868,8044.408,1.061895,0.1444778,Straight,Up,-0.01978234,1.804512,Normal
444.6398,18.79432,0,-0.0352478,0.3174487,0,-0.4107295,8045.16,1.061316,0.1439871,Straight,Up,-0.01978234,1.794624,Normal
444.6798,18.79649,0,-0.04074097,0.3174487,0,-0.4093415,8045.912,1.060813,0.1434972,Straight,Up,-0.01978234,1.784729,Normal
444.7198,18.79863,0,-0.05172729,0.3174487,0,-0.4085035,8046.664,1.060221,0.1430083,Straight,Up,-0.01978234,1.774841,Normal
444.7599,18.80076,0,-0.06363094,0.3174487,0,-0.4078222,8047.416,1.059827,0.1425198,Straight,Up,-0.01978234,1.764961,Normal
444.7998,18.80292,0,-0.07736385,0.3174487,0,-0.4076355,8048.167,1.059518,0.1420319,Straight,Up,-0.01978234,1.755066,Normal
444.8398,18.80504,0,-0.08835018,0.3174487,0,-0.407984,8048.919,1.05908,0.1415447,Straight,Up,-0.01978234,1.745178,Normal
444.8799,18.80718,0,-0.0892657,0.3174487,0,-0.4087456,8049.671,1.058588,0.1410586,Straight,Up,-0.01978234,1.735291,Normal
444.9198,18.80934,0,-0.0892657,0.3174487,0,-0.409923,8050.423,1.05815,0.1405729,Straight,Up,-0.01978234,1.725395,Normal
444.9598,18.81146,0,-0.0892657,0.3174487,0,-0.4113867,8051.176,1.057681,0.1400878,Straight,Up,-0.01978234,1.715508,Normal
444.9998,18.81356,0,-0.0892657,0.3174487,0,-0.4132073,8051.929,1.057281,0.1396038,Straight,Up,-0.01978234,1.705612,Normal
445.0399,18.81566,0,-0.0892657,0.3174487,0,-0.4154139,8052.682,1.056895,0.1391202,Straight,Up,-0.01978234,1.695724,Normal
445.0798,18.81775,0,-0.0892657,0.3174487,0,-0.4178622,8053.435,1.056386,0.1386372,Straight,Up,-0.01978234,1.685829,Normal
445.1198,18.81987,0,-0.0892657,0.3174487,0,-0.4205599,8054.188,1.055899,0.1381549,Straight,Up,0,1.675941,Normal
445.1599,18.82197,0,-0.0892657,0.3174487,0,-0.4235801,8054.94,1.055498,0.1376737,Straight,Up,-0.01978234,1.666054,Normal
445.1998,18.82406,0,-0.0892657,0.3174487,0,-0.4268249,8055.693,1.055093,0.1371929,Straight,Up,-0.01978234,1.656151,Normal
445.2398,18.82617,0,-0.0892657,0.3174487,0,-0.4304016,8056.446,1.054617,0.1367128,Straight,Up,0,1.646263,Normal
445.2798,18.82828,0,-0.0892657,0.3174487,0,-0.4343404,8057.199,1.054212,0.1362333,Straight,Up,-0.01978234,1.636375,Normal
445.3199,18.83033,0,-0.0892657,0.3174487,0,-0.4385466,8057.952,1.053851,0.135755,Straight,Up,-0.01978234,1.626472,Normal
445.3598,18.83242,0,-0.0892657,0.3174487,0,-0.4431357,8058.705,1.053382,0.135277,Straight,Up,-0.01978234,1.616585,Normal
445.3998,18.83451,0,-0.0892657,0.3174487,0,-0.4479627,8059.458,1.052927,0.1347997,Straight,Up,-0.01978234,1.606689,Normal
445.4398,18.83653,0,-0.0892657,0.3174487,0,-0.4530442,8060.212,1.052509,0.1343235,Straight,Up,-0.01978234,1.596802,Normal
445.4798,18.83862,0,-0.0892657,0.3174487,0,-0.4584525,8060.966,1.051953,0.1338476,Straight,Up,-0.01978234,1.586899,Normal
445.5198,18.84077,0,-0.0892657,0.3174487,0,-0.4642365,8061.72,1.05139,0.1333725,Straight,Up,-0.01978234,1.577011,Normal
445.5598,18.84289,0,-0.0892657,0.3174487,0,-0.4702789,8062.474,1.050977,0.132898,Straight,Up,-0.01978234,1.567116,Normal
445.5999,18.84495,0,-0.0892657,0.3174487,0,-0.4766346,8063.228,1.050761,0.1324246,Straight,Up,-0.01978234,1.55722,Normal
445.6398,18.84707,0,-0.06454647,0.3174487,0,-0.4833862,8063.981,1.05048,0.1319516,Straight,Up,-0.01978234,1.547325,Normal
445.6798,18.84916,0,-0.03890991,0.3174487,0,-0.4903289,8064.735,1.050198,0.1314793,Straight,Up,-0.01978234,1.53743,Normal
445.7198,18.85139,0,-0.0151062,0.3174487,0,-0.4976456,8065.489,1.049802,0.1310082,Straight,Up,-0.01978234,1.527534,Normal
445.7599,18.85361,0,-0.0004577637,0.3174487,0,-0.5051406,8066.243,1.049476,0.1305373,Straight,Up,-0.01978234,1.517639,Normal
445.7998,18.8558,0,0.01419067,0.3174487,0,-0.5129808,8066.997,1.049065,0.1300671,Straight,Up,-0.01978234,1.507744,Normal
445.8398,18.85791,0,0.03433228,0.3174487,0,-0.5209849,8067.751,1.048645,0.1295977,Straight,Up,-0.01978234,1.497841,Normal
445.8799,18.86013,0,0.05813599,0.3174487,0,-0.5292054,8068.505,1.048121,0.1291294,Straight,Up,-0.01978234,1.487946,Normal
445.9198,18.86261,0,0.09933472,0.3174487,0,-0.5375491,8069.26,1.047631,0.1286614,Straight,Up,-0.01978234,1.478043,Normal
445.9598,18.86385,0,0.1286352,0.3174487,0,-0.5459809,8070.015,1.045821,0.1281941,Straight,Up,-0.01978234,1.468163,Normal
445.9998,18.86879,0,0.1789892,0.3174487,0,-0.5559403,8070.77,1.046505,0.127728,Straight,Up,-0.01978234,1.458267,Normal
446.0399,18.87283,0,0.2421606,0.3174487,0,-0.5664357,8071.525,1.0481,0.1272622,Straight,Up,-0.01978234,1.448387,Normal
446.0798,18.87656,0,0.289768,0.3174487,0,-0.5769771,8072.28,1.0492,0.1267972,Straight,Up,-0.01978234,1.438499,Normal
446.1198,18.87987,0,0.3392065,0.3174487,0,-0.587515,8073.035,1.049399,0.1263328,Straight,Up,-0.01978234,1.428589,Normal
446.1599,18.88495,0,0.3749156,0.3174487,0,-0.5978149,8073.79,1.048856,0.1258696,Straight,Up,-0.01978234,1.418678,Normal
446.1998,18.8899,0,0.4106212,0.3174487,0,-0.6078559,8074.546,1.047896,0.1254067,Straight,Up,0.03426402,1.408768,Normal
446.2398,18.89473,0,0.4344249,0.3174487,0,-0.6177739,8075.302,1.046814,0.1249445,Right,Up,0.05595291,1.391129,Normal
446.2798,18.89939,0,0.4390025,0.3174487,0,-0.6271954,8076.058,1.045744,0.1244835,Right,Up,0.05595291,1.366257,Normal
446.3199,18.90375,0,0.4390025,0.3174487,0,-0.6362098,8076.813,1.044597,0.1240228,Right,Up,0.05233916,1.341385,Normal
446.3598,18.90867,0,0.4390025,0.3174487,0,-0.6447195,8077.569,1.043328,0.1235629,Right,Up,0.05595291,1.316505,Normal
446.3998,18.91333,0,0.439918,0.3174487,0,-0.6528902,8078.326,1.043189,0.1231036,Right,Up,0.05595291,1.291626,Normal
446.4398,18.91774,0,0.4646373,0.3174487,0,-0.6606239,8079.083,1.043058,0.1226455,Right,Up,0.05595291,1.266739,Normal
446.4798,18.92307,0,0.4930186,0.3174487,0,-0.667673,8079.84,1.041979,0.1221877,Right,Up,0.05595291,1.241844,Normal
446.5198,18.92917,0,0.5342174,0.297612,0,-0.6801387,8080.597,1.042649,0.1217308,Right,Up,0.05595291,1.216949,Normal
446.5598,18.93004,0,0.5534434,0.297612,0,-0.6917686,8081.354,1.043091,0.1212744,Right,Up,0.05595291,1.192039,Normal
446.5999,18.93055,0,0.5644298,0.297612,0,-0.702383,8082.11,1.043223,0.1208194,Right,Up,0.05233916,1.167122,Normal
446.6398,18.93246,0,0.5598521,0.2936446,0,-0.7119898,8082.867,1.042777,0.1203645,Right,Up,0.05595291,1.142166,Normal
446.6798,18.93341,0,0.5525279,0.2936446,0,-0.7206085,8083.625,1.042044,0.1199105,Right,Up,0.05595291,1.117203,Normal
446.7198,18.93418,0,0.5415416,0.2936446,0,-0.7278719,8084.382,1.040724,0.1194574,Right,Up,0.07661668,1.092239,Normal
446.7598,18.93537,0,0.5342174,0.2936446,0,-0.734139,8085.14,1.039893,0.119005,Right,Up,0.09065409,1.062317,Normal
446.7998,18.93677,0,0.523231,0.2936446,0,-0.7393695,8085.898,1.039654,0.1185531,Right,Up,0.08846933,1.028618,Normal
446.8398,18.93878,0,0.4985118,0.2936446,0,-0.7478532,8086.656,1.039859,0.118102,Right,Up,0.08846933,0.9949036,Normal
446.8799,18.94054,0,0.4646373,0.2936446,0,-0.7572007,8087.414,1.040008,0.1176519,Right,Up,0.08846933,0.961174,Normal
446.9198,18.94246,0,0.405128,0.2936446,0,-0.7652283,8088.171,1.03996,0.1172025,Right,Up,0.08846933,0.9274216,Normal
446.9598,18.94442,0,0.3630137,0.2936446,0,-0.7721987,8088.929,1.039397,0.1167536,Right,Up,0.08846933,0.893631,Normal
446.9998,18.94656,0,0.2980077,0.2936446,0,-0.7778476,8089.687,1.037841,0.1163058,Right,Up,0.09065409,0.8598328,Normal
447.0399,18.95002,0,0.2311742,0.2936446,0,-0.7822529,8090.445,1.037395,0.1158584,Right,Up,0.09891172,0.8260269,Normal
447.0798,18.95379,0,0.1780736,0.2936446,0,-0.7874298,8091.203,1.037631,0.1154119,Right,Up,0.1203313,0.791275,Normal
447.1198,18.95713,0,0.08926392,0.2936446,0,-0.7964346,8091.96,1.037969,0.114966,Right,Up,0.1203313,0.7493668,Normal
447.1599,18.96019,0,0.02700806,0.2936446,0,-0.8039246,8092.719,1.037601,0.1145212,Right,Up,0.1186941,0.7074203,Normal
447.1998,18.96392,0,-0.03341675,0.289662,0,-0.8105733,8093.478,1.036593,0.1140768,Right,Up,0.1203313,0.6654434,Normal
447.2398,18.9675,0,-0.07095516,0.289662,0,-0.8163458,8094.237,1.035058,0.1136333,Right,Up,0.1203313,0.6234665,Normal
447.2798,18.97334,0,-0.08102596,0.289662,0,-0.8225319,8094.996,1.035244,0.1131908,Right,Up,0.1219466,0.5814819,Normal
447.3199,18.97855,0,-0.08102596,0.289662,0,-0.8335257,8095.754,1.036327,0.1127487,Right,Up,0.1426525,0.5394897,Normal
447.3598,18.98307,0,-0.08102596,0.2856947,0,-0.8433106,8096.514,1.036755,0.1123073,Right,Up,0.1506579,0.4920959,Normal
447.3998,18.98706,0,-0.08102596,0.2856947,0,-0.8525684,8097.273,1.036669,0.1118668,Right,Up,0.1506579,0.4420471,Normal
447.4398,18.99269,0,-0.08102596,0.2856947,0,-0.8611208,8098.033,1.035657,0.1114273,Right,Up,0.1493534,0.3919296,Normal
447.4798,18.99822,0,-0.08194149,0.2856947,0,-0.8691638,8098.793,1.034681,0.1109882,Right,Up,0.1506579,0.3417892,Normal
447.5198,19.00359,0,-0.08835018,0.2817273,0,-0.8766747,8099.553,1.033637,0.11055,Right,Up,0.1701742,0.2916336,Normal
447.5598,19.00698,0,-0.09018123,0.2817273,0,-0.883489,8100.313,1.031841,0.1101124,Right,Up,0.1802258,0.2370911,Normal
447.5999,19.01356,0,-0.09475887,0.2817273,0,-0.8899217,8101.074,1.031646,0.1096759,Right,Up,0.1813082,0.178894,Normal
447.6398,19.01823,0,-0.1249713,0.2817273,0,-0.891059,8101.834,1.031984,0.1092399,Right,Flat,0.1802258,0.1206665,Normal
447.6798,19.02316,0,-0.1615924,0.2817273,0,-0.8887579,8102.595,1.031563,0.1088047,Right,Flat,0.05934703,0.06241608,Normal
447.7198,19.02713,0,-0.2137792,0.2817273,0,-0.88571,8103.356,1.030707,0.1083705,Left,Flat,-0.1619255,0.01322174,Normal
447.7598,19.0326,0,-0.2430761,0.2817273,0,-0.8825861,8104.117,1.028943,0.1079367,Left,Flat,-0.1607126,-0.009635925,Normal
447.7998,19.03977,0,-0.2504003,0.2817273,0,-0.879768,8104.879,1.028994,0.1075037,Left,Flat,-0.1607126,-0.03247833,Normal
447.8398,19.04515,0,-0.2504003,0.2817273,0,-0.872492,8105.641,1.029382,0.1070716,Left,Flat,-0.1607126,-0.05534363,Normal
447.8799,19.05049,0,-0.2494848,0.2817273,0,-0.8615797,8106.402,1.02904,0.1066405,Left,Flat,-0.1582588,-0.07820892,Normal
447.9198,19.05553,0,-0.2439916,0.2698253,0,-0.8504689,8107.165,1.02823,0.1062098,Left,Flat,-0.1582588,-0.09658813,Normal
447.9598,19.06006,0,-0.239414,0.2658579,0,-0.8395662,8107.927,1.027401,0.1057798,Left,Flat,-0.1582588,-0.1141739,Normal
447.9998,19.06258,0,-0.239414,0.2539559,0,-0.8286791,8108.69,1.025928,0.1053511,Left,Flat,-0.1582588,-0.1317596,Normal
448.0399,19.06476,0,-0.239414,0.2460212,0,-0.8179445,8109.453,1.026089,0.1049227,Left,Flat,-0.1582588,-0.1493378,Normal
448.0798,19.0634,0,-0.239414,0.2460212,0,-0.8039924,8110.215,1.026639,0.1044951,Left,Down,-0.1356209,-0.1669159,Normal
448.1198,19.06152,0,-0.239414,0.2460212,0,-0.7854527,8110.978,1.026491,0.1040682,Left,Down,-0.1297215,-0.1828003,Normal
448.1599,19.05984,0,-0.2384984,0.2460212,0,-0.7670079,8111.741,1.025808,0.1036426,Left,Down,-0.1297215,-0.1979141,Normal
448.1998,19.0591,0,-0.2384984,0.2460212,0,-0.7490572,8112.503,1.02497,0.1032173,Left,Down,-0.1297215,-0.213028,Normal
448.2398,19.05787,0,-0.2439916,0.2460212,0,-0.7315447,8113.266,1.024276,0.1027927,Left,Down,-0.1282043,-0.2281418,Normal
448.2798,19.05635,0,-0.2439916,0.2460212,0,-0.7144932,8114.029,1.023474,0.1023694,Left,Down,-0.1282043,-0.243248,Normal
448.3199,19.05526,0,-0.2439916,0.2460212,0,-0.6980177,8114.792,1.022319,0.1019464,Left,Down,-0.1101434,-0.2583466,Normal
448.3598,19.05476,0,-0.2439916,0.2460212,0,-0.682146,8115.553,1.022562,0.1015242,Left,Down,-0.09891172,-0.2723923,Normal
448.3998,19.05422,0,-0.2439916,0.2460212,0,-0.6667241,8116.315,1.022661,0.1011028,Left,Down,-0.09691329,-0.2848282,Normal
448.4398,19.05338,0,-0.2439916,0.2460212,0,-0.6428373,8117.077,1.02282,0.1006826,Left,Down,-0.09891172,-0.2972641,Normal
448.4798,19.05284,0,-0.2504003,0.2460212,0,-0.6193738,8117.838,1.022675,0.1002627,Left,Down,-0.09691329,-0.3097076,Normal
448.5198,19.05273,0,-0.2613866,0.2460212,0,-0.5965881,8118.6,1.022148,0.09984357,Left,Down,-0.09891172,-0.3221436,Normal
448.5598,19.0526,0,-0.2687109,0.2460212,0,-0.5744838,8119.362,1.021528,0.09942526,Left,Down,-0.09691329,-0.3345795,Normal
448.5999,19.05244,0,-0.2806127,0.2460212,0,-0.5532216,8120.124,1.020854,0.09900815,Left,Down,-0.09691329,-0.3470078,Normal
448.6398,19.05223,0,-0.291599,0.2460212,0,-0.5326826,8120.885,1.020223,0.09859139,Left,Down,-0.09487279,-0.3594513,Normal
448.6798,19.05199,0,-0.2980095,0.2460212,0,-0.5129256,8121.647,1.019557,0.09817544,Left,Down,-0.05934703,-0.3718796,Normal
448.7198,19.05172,0,-0.3035027,0.2460212,0,-0.4939929,8122.409,1.018952,0.09776068,Left,Down,-0.05595291,-0.3815842,Normal
448.7598,19.05145,0,-0.3035027,0.2460212,0,-0.475687,8123.17,1.018411,0.09734628,Left,Down,-0.05595291,-0.390564,Normal
448.7998,19.05116,0,-0.3035027,0.2460212,0,-0.458383,8123.932,1.017972,0.09693266,Left,Down,-0.05595291,-0.3995438,Normal
448.8398,19.05078,0,-0.3035027,0.2460212,0,-0.44182,8124.694,1.01739,0.09651984,Left,Down,-0.05595291,-0.4085159,Normal
448.8799,19.05074,0,-0.298925,0.2460212,0,-0.4260372,8125.456,1.01667,0.09610821,Left,Down,-0.05595291,-0.4174881,Normal
448.9198,19.05057,0,-0.298925,0.2460212,0,-0.4111824,8126.217,1.016802,0.09569696,Left,Down,-0.05595291,-0.4264526,Normal
448.9598,19.05067,0,-0.298925,0.2380865,0,-0.3972694,8126.979,1.016787,0.0952865,Left,Down,-0.05595291,-0.4354248,Normal
448.9998,19.04896,0,-0.298925,0.2182498,0,-0.3838544,8127.741,1.016611,0.0948771,Left,Down,-0.05595291,-0.4443817,Normal
449.0399,19.04432,0,-0.2906835,0.2023651,0,-0.3710425,8128.502,1.015908,0.09446833,Left,Down,-0.05595291,-0.4533386,Normal
449.0798,19.03595,0,-0.2861059,0.1944305,0,-0.3550366,8129.264,1.016036,0.09406025,Left,Down,-0.05595291,-0.4622879,Normal
449.1198,19.02558,0,-0.2851903,0.1785611,0,-0.340037,8130.025,1.016024,0.09365294,Left,Down,-0.05595291,-0.4712372,Normal
449.1599,19.01176,0,-0.2851903,0.1507896,0,-0.3258462,8130.786,1.015972,0.09324671,Left,Down,-0.05595291,-0.4801712,Normal
449.1998,18.99224,0,-0.2787817,0.1309529,0,-0.3125547,8131.546,1.015556,0.09284113,Left,Down,-0.05595291,-0.4890976,Normal
449.2398,18.96852,0,-0.2513158,0.09523156,0,-0.3002375,8132.305,1.014925,0.0924362,Left,Down,-0.05233916,-0.4980164,Normal
449.2798,18.93801,0,-0.2201879,0.05952545,0,-0.2889412,8133.063,1.014272,0.09203235,Left,Down,-0.05233916,-0.5069199,Normal
449.3199,18.89943,0,-0.1734942,0.007934691,0,-0.278615,8133.819,1.013748,0.09162901,Straight,Down,-0.01978234,-0.5158081,Normal
449.3598,18.85027,0,-0.1469439,0,0,-0.2689633,8134.573,1.013102,0.09122662,Straight,Down,0,-0.5223923,Normal
449.3998,18.79767,0,-0.1249713,0,0,-0.2599788,8135.326,1.012572,0.09082485,Straight,Down,0,-0.5262985,Normal
449.4398,18.74527,0,-0.1194781,0,0,-0.2516921,8136.076,1.012063,0.09042419,Straight,Down,0,-0.5301971,Normal
449.4798,18.69305,0,-0.1194781,0,0,-0.2444812,8136.825,1.011574,0.09002403,Straight,Down,0,-0.5340729,Normal
449.5198,18.641,0,-0.1176471,0,0,-0.2381622,8137.571,1.011157,0.08962483,Straight,Down,0.01978234,-0.5379562,Normal
449.5598,18.58911,0,-0.08194149,0,0,-0.232574,8138.315,1.010772,0.08922628,Straight,Down,0.01978234,-0.5418167,Normal
449.5999,18.53739,0,-0.03341675,0,0,-0.2277977,8139.057,1.010565,0.08882881,Straight,Down,0,-0.5456696,Normal
449.6398,18.48584,0,0.03982544,0,0,-0.2239114,8139.796,1.010227,0.08843187,Straight,Down,0,-0.5495071,Normal
449.6798,18.43448,0,0.08651733,0,0,-0.2203707,8140.534,1.009779,0.08803586,Straight,Down,0,-0.5533371,Normal
449.7198,18.3833,0,0.1112366,0,0,-0.2170636,8141.27,1.009455,0.0876408,Straight,Down,0,-0.5571518,Normal
449.7598,18.33228,0,0.1112366,0,0,-0.2141795,8142.004,1.009183,0.08724628,Straight,Down,0,-0.5609589,Normal
449.7998,18.28144,0,0.1112366,0,0,-0.211891,8142.736,1.008698,0.08685268,Straight,Down,0.01978234,-0.5647507,Normal
449.8398,18.23075,0,0.1112366,0,0,-0.2100964,8143.466,1.008408,0.08645976,Straight,Down,0,-0.5685349,Normal
449.8799,18.18022,0,0.1112366,0,0,-0.2086033,8144.194,1.008052,0.08606792,Straight,Down,0,-0.5723114,Normal
449.9198,18.12985,0,0.1112366,0,0,-0.2072616,8144.92,1.007777,0.08567659,Straight,Down,0,-0.5760651,Normal
449.9598,18.07964,0,0.1112366,0,0,-0.2063968,8145.644,1.007483,0.08528624,Straight,Down,0,-0.5798264,Normal
449.9998,18.02965,0,0.1112366,0,0,-0.2057901,8146.366,1.0071,0.08489681,Straight,Down,0,-0.5835648,Normal
450.0398,17.97981,0,0.1112366,0,0,-0.2055344,8147.085,1.006534,0.08450792,Straight,Down,0,-0.5872879,Normal
450.0798,17.93011,0,0.1112366,0,0,-0.205271,8147.802,1.006072,0.08411986,Straight,Down,0,-0.591011,Normal
450.1198,17.88055,0,0.1176488,0,0,-0.205185,8148.518,1.006068,0.08373273,Straight,Down,0,-0.5947189,Normal
450.1599,17.83124,0,0.1240575,0,0,-0.2050711,8149.231,1.006046,0.08334655,Straight,Down,0,-0.5984192,Normal
450.1998,17.78209,0,0.1295507,0,0,-0.2047867,8149.942,1.005771,0.08296091,Straight,Down,0,-0.6021042,Normal
450.2398,17.7331,0,0.140537,0,0,-0.2044477,8150.652,1.005477,0.08257607,Straight,Down,0,-0.6057892,Normal
450.2798,17.68424,0,0.1597631,0,0,-0.2041618,8151.359,1.005139,0.08219246,Straight,Down,0,-0.6094513,Normal
450.3199,17.63557,0,0.2073705,0,0,-0.2038662,8152.065,1.004762,0.08180926,Straight,Down,0,-0.6131058,Normal
450.3598,17.58706,0,0.2861059,0,0,-0.20334,8152.769,1.004453,0.0814269,Straight,Down,0.01978234,-0.6167603,Normal
450.3998,17.53865,0,0.3675914,0,0,-0.202655,8153.47,1.004105,0.08104534,Straight,Down,0,-0.6203995,Normal
450.4398,17.49032,0,0.4408336,0,0,-0.2015067,8154.17,1.0037,0.08066497,Straight,Down,0,-0.6240311,Normal
450.4798,17.44215,0,0.4692149,0,0,-0.2048553,8154.868,1.0032,0.08028505,Straight,Down,0,-0.6276474,Normal
450.5198,17.39412,0,0.4756236,0,0,-0.2095858,8155.563,1.002719,0.07990593,Straight,Down,0,-0.6312561,Normal
450.5598,17.34623,0,0.4756236,0,0,-0.2136871,8156.258,1.002449,0.07952804,Straight,Down,0.01978234,-0.6348572,Normal
450.5999,17.29841,0,0.4756236,0,0,-0.217475,8156.951,1.002018,0.07915056,Straight,Down,0,-0.6384506,Normal
450.6398,17.25073,0,0.4774547,0,0,-0.2206702,8157.642,1.001654,0.07877392,Straight,Down,0.01978234,-0.6420364,Normal
450.6798,17.20317,0,0.4921031,0,0,-0.2231501,8158.331,1.001404,0.07839809,Straight,Down,0,-0.645607,Normal
450.7198,17.15572,0,0.5159068,0,0,-0.224952,8159.018,1.001166,0.07802347,Straight,Down,0.01978234,-0.6491623,Normal
450.7598,17.10839,0,0.540626,0,0,-0.2259772,8159.703,1.000879,0.07764927,Straight,Down,0,-0.6527252,Normal
450.7998,17.06138,0,0.5461192,0,0,-0.226167,8160.386,1.000264,0.07727591,Straight,Down,0.04423466,-0.6562653,Normal
450.8398,17.01457,0,0.5479503,0,0,-0.2252829,8161.067,0.9995152,0.07690338,Right,Down,0.06255726,-0.6580048,Normal
450.8799,16.968,0,0.5516124,0,0,-0.2235716,8161.746,0.9998954,0.07653204,Right,Down,0.06255726,-0.6582642,Normal
450.9198,16.92129,0,0.5589366,0,0,-0.2208782,8162.423,1.000173,0.07616115,Right,Down,0.06255726,-0.6585236,Normal
450.9598,16.87451,0,0.571754,0,0,-0.21705,8163.099,1.000707,0.0757911,Right,Down,0.06255726,-0.658783,Normal
450.9998,16.82784,0,0.5836558,0,0,-0.216377,8163.772,1.000298,0.07542226,Right,Down,0.05934703,-0.6590424,Normal
451.0398,16.78157,0,0.6001389,0,0,-0.2171934,8164.443,0.9993709,0.07505385,Right,Down,0.06255726,-0.6593018,Normal
451.0798,16.73544,0,0.6065476,0,0,-0.2170791,8165.113,0.9983858,0.07468627,Right,Down,0.06255726,-0.6595535,Normal
451.1198,16.689,0,0.6120408,0,0,-0.2155363,8165.781,0.9977002,0.07431955,Right,Down,0.05934703,-0.6598129,Normal
451.1599,16.64287,0,0.6120408,0,0,-0.2127375,8166.448,0.9972237,0.07395399,Right,Down,0.05934703,-0.6600647,Normal
451.1998,16.59677,0,0.6129563,0,0,-0.208773,8167.112,0.9969354,0.07358892,Right,Down,0.06255726,-0.6603165,Normal
451.2398,16.55104,0,0.6239426,0,0,-0.2033276,8167.775,0.9963654,0.07322467,Right,Down,0.06255726,-0.6605682,Normal
451.2798,16.50566,0,0.6468308,0,0,-0.196658,8168.436,0.9958236,0.0728615,Right,Down,0.05934703,-0.6608276,Normal
451.3199,16.46009,0,0.6898606,0,0,-0.1887076,8169.094,0.9964615,0.07249901,Right,Down,0.06852804,-0.6610718,Normal
451.3598,16.41406,0,0.7429612,0,0,-0.1793441,8169.751,0.9975134,0.07213727,Right,Down,0.08622923,-0.6613235,Normal
451.3998,16.3684,0,0.772258,0,0,-0.1719872,8170.406,0.9976013,0.07177637,Right,Down,0.08622923,-0.6603851,Normal
451.4398,16.32307,0,0.7905686,0,0,-0.1657682,8171.06,0.9966201,0.0714165,Right,Down,0.08622923,-0.6592865,Normal
451.4798,16.27798,0,0.7905686,0,0,-0.1580932,8171.711,0.995618,0.07105739,Right,Down,0.08622923,-0.6581955,Normal
451.5198,16.2324,0,0.7905686,0,0,-0.1488201,8172.361,0.994628,0.07069898,Right,Down,0.08846933,-0.6570969,Normal
451.5598,16.18744,0,0.7905686,0,0,-0.1378438,8173.009,0.9940228,0.07034165,Right,Down,0.08622923,-0.6560059,Normal
451.5999,16.14283,0,0.7905686,0,0,-0.1253023,8173.655,0.9930484,0.06998492,Right,Down,0.08622923,-0.6549149,Normal
451.6398,16.09846,0,0.7905686,0,0,-0.1111068,8174.299,0.9926628,0.06962914,Right,Down,0.08846933,-0.6538315,Normal
451.6798,16.05324,0,0.7905686,0,0,-0.09533766,8174.942,0.9938937,0.06927408,Right,Down,0.08622923,-0.6527405,Normal
451.7198,16.00812,0,0.7905686,0,0,-0.07941893,8175.583,0.9950638,0.06892011,Right,Down,0.08846933,-0.6516647,Normal
451.7598,15.96357,0,0.7841599,0,0,-0.06660429,8176.222,0.9944036,0.06856672,Right,Down,0.09891172,-0.6505814,Normal
451.7998,15.91939,0,0.7795823,0,0,-0.05212834,8176.859,0.9934388,0.0682143,Right,Down,0.1083524,-0.6490097,Normal
451.8398,15.87489,0,0.772258,0,0,-0.0360806,8177.495,0.992308,0.06786261,Right,Down,0.1065312,-0.6468811,Normal
451.8799,15.83093,0,0.7658494,0,0,-0.01803178,8178.128,0.9912059,0.06751201,Right,Down,0.1065312,-0.6447601,Normal
451.9198,15.78747,0,0.7539475,0,0,0.001668662,8178.76,0.9899559,0.0671621,Right,Down,0.1065312,-0.6426392,Normal
451.9598,15.74336,0,0.7429612,0,0,0.02303621,8179.391,0.9907174,0.06681294,Right,Down,0.1065312,-0.6405334,Normal
451.9998,15.6989,0,0.7328904,0,0,0.04606041,8180.019,0.992543,0.06646488,Right,Down,0.1065312,-0.6384277,Normal
452.0398,15.65475,0,0.7136643,0,0,0.06529167,8180.646,0.9923046,0.06611738,Right,Down,0.1065312,-0.636322,Normal
452.0798,15.61131,0,0.6889451,0,0,0.08565965,8181.27,0.9913931,0.06577087,Right,Down,0.1136409,-0.6342239,Normal
452.1198,15.56809,0,0.6477463,0,0,0.1074743,8181.894,0.9902889,0.06542511,Right,Down,0.1235407,-0.6321259,Normal
452.1599,15.52506,0,0.5836558,0,0,0.131094,8182.515,0.9886456,0.06508041,Right,Down,0.1251145,-0.6292343,Normal
452.1998,15.48243,0,0.5424571,0,0,0.1561669,8183.135,0.9873716,0.06473631,Right,Down,0.1251145,-0.6262512,Normal
452.2398,15.43878,0,0.5049205,0,0,0.1828008,8183.752,0.9888647,0.0643932,Right,Down,0.1251145,-0.6232681,Normal
452.2798,15.39537,0,0.4930186,0,0,0.2091228,8184.369,0.9902117,0.06405104,Right,Down,0.1251145,-0.6202927,Normal
452.3199,15.35244,0,0.4921031,0,0,0.2322501,8184.983,0.9897172,0.0637095,Right,Down,0.1251145,-0.6173248,Normal
452.3598,15.30998,0,0.4921031,0,0,0.2569968,8185.596,0.9888633,0.06336883,Right,Down,0.1251145,-0.614357,Normal
452.3998,15.26792,0,0.4921031,0,0,0.283232,8186.207,0.9872169,0.06302909,Right,Down,0.1356209,-0.6113968,Normal
452.4398,15.22635,0,0.4921031,0,0,0.3106993,8186.817,0.9852257,0.06269035,Right,Down,0.1440177,-0.6081924,Normal
452.4798,15.18343,0,0.4921031,0,0,0.3397085,8187.425,0.9868183,0.06235221,Right,Down,0.1426525,-0.6044312,Normal
452.5198,15.14069,0,0.4921031,0,0,0.3687301,8188.031,0.9884676,0.06201494,Right,Down,0.1440177,-0.6006775,Normal
452.5598,15.09818,0,0.4921031,0,0,0.3941707,8188.635,0.9879203,0.06167886,Right,Down,0.1440177,-0.5969315,Normal
452.5999,15.05669,0,0.4921031,0,0,0.4211087,8189.238,0.9869733,0.06134329,Right,Down,0.1440177,-0.5931854,Normal
452.6398,15.01594,0,0.4921031,0,0,0.449371,8189.839,0.9848658,0.06100858,Right,Down,0.14537,-0.5894547,Normal
452.6798,14.97441,0,0.4921031,0,0,0.4787022,8190.438,0.983804,0.06067473,Right,Down,0.1557664,-0.5857315,Normal
452.7198,14.93202,0,0.4921031,0,0,0.5091352,8191.036,0.9859314,0.06034208,Right,Down,0.1607126,-0.5815811,Normal
452.7598,14.8899,0,0.4921031,0,0,0.5366156,8191.632,0.9862832,0.06000993,Right,Down,0.1607126,-0.5771103,Normal
452.7998,14.84827,0,0.4921031,0,0,0.5632588,8192.227,0.9857461,0.05967865,Right,Down,0.1594904,-0.5726471,Normal
452.8398,14.8082,0,0.4921031,0,0,0.5913239,8192.819,0.9839388,0.05934823,Right,Down,0.1607126,-0.5681915,Normal
452.8799,14.76696,0,0.4921031,0.003967346,0,0.6203591,8193.41,0.9818158,0.05901901,Right,Down,0.1607126,-0.5637512,Normal
452.9198,14.72609,0,0.4921031,0.01190204,0,0.6504763,8194,0.9837929,0.05869029,Right,Down,0.1690205,-0.5593185,Normal
452.9598,14.68698,0,0.4866099,0.01983673,0,0.6785383,8194.588,0.9846586,0.05836243,Right,Down,0.1769387,-0.5546417,Normal
452.9998,14.64997,0,0.4829478,0.01983673,0,0.7047467,8195.174,0.9840732,0.05803579,Right,Down,0.1758294,-0.5494995,Normal
453.0398,14.61473,0,0.4829478,0.01983673,0,0.7322105,8195.759,0.9821619,0.05770967,Right,Down,0.1769387,-0.5443649,Normal
453.0798,14.57843,0,0.4829478,0.03173877,0,0.760656,8196.343,0.9803612,0.05738441,Right,Down,0.1769387,-0.539238,Normal
453.1198,14.54381,0,0.4829478,0.04365606,0,0.7901775,8196.925,0.9827114,0.05706001,Right,Down,0.1802258,-0.5341187,Normal
453.1599,14.5123,0,0.4829478,0.04762341,0,0.8165564,8197.506,0.9830388,0.0567368,Right,Down,0.1887116,-0.5290146,Normal
453.1998,14.48272,0,0.4829478,0.05159075,0,0.8421671,8198.086,0.9821044,0.05641413,Right,Down,0.1928145,-0.5234528,Normal
453.2398,14.45484,0,0.4829478,0.06349279,0,0.8686948,8198.664,0.9796154,0.05609233,Right,Down,0.1928145,-0.517662,Normal
453.2798,14.42745,0,0.4829478,0.06746013,0,0.896317,8199.241,0.9799474,0.05577171,Right,Down,0.1928145,-0.511879,Normal
453.3198,14.40098,0,0.4829478,0.06746013,0,0.9239571,8199.817,0.982001,0.05545167,Right,Down,0.1948336,-0.5061035,Normal
453.3598,14.37475,0,0.4829478,0.07142748,0,0.9477782,8200.393,0.9811531,0.05513245,Right,Down,0.2036718,-0.5003281,Normal
453.3998,14.35126,0,0.4829478,0.07142748,0,0.9724494,8200.967,0.9792304,0.05481411,Right,Down,0.20842,-0.4942856,Normal
453.4398,14.32707,0,0.4829478,0.09126421,0,0.9982844,8201.54,0.9782655,0.05449698,Right,Down,0.20842,-0.4878464,Normal
453.4798,14.30551,0,0.4921031,0.1150683,0,1.025165,8202.112,0.9807923,0.05418036,Right,Down,0.2093567,-0.4814072,Normal
453.5198,14.28987,0,0.4975963,0.1190356,0,1.04759,8202.685,0.9800497,0.05386464,Right,Down,0.2121421,-0.4749832,Normal
453.5598,14.27662,0,0.4985118,0.1190356,0,1.070598,8203.256,0.9782748,0.05354998,Right,Down,0.2211734,-0.4685593,Normal
453.5999,14.26324,0,0.4985118,0.1190356,0,1.094645,8203.826,0.9770251,0.0532361,Right,Down,0.2246844,-0.4617844,Normal
453.6398,14.24824,0,0.4994273,0.1190356,0,1.119786,8204.396,0.9795303,0.052923,Right,Down,0.2246844,-0.4546814,Normal
453.6798,14.23338,0,0.5003428,0.1190356,0,1.140514,8204.966,0.9786229,0.05261073,Right,Down,0.2246844,-0.4476013,Normal
453.7198,14.21999,0,0.5122447,0.1190356,0,1.161711,8205.534,0.976594,0.05229959,Right,Down,0.2315465,-0.4405212,Normal
453.7598,14.20542,0,0.5424571,0.1190356,0,1.183993,8206.103,0.9765971,0.05198918,Right,Down,0.2414744,-0.4334412,Normal
453.7998,14.19106,0,0.5653453,0.1190356,0,1.206534,8206.671,0.9788374,0.05167956,Right,Down,0.2414744,-0.4256897,Normal
453.8398,14.17621,0,0.588237,0.1190356,0,1.225068,8207.237,0.9770214,0.05137102,Right,Down,0.2414744,-0.4179459,Normal
453.8799,14.16335,0,0.5992234,0.1190356,0,1.244751,8207.804,0.9747845,0.05106312,Right,Down,0.2454926,-0.4102249,Normal
453.9198,14.148,0,0.6001389,0.1190356,0,1.265611,8208.37,0.9765579,0.05075625,Right,Down,0.2548778,-0.4024963,Normal
453.9598,14.1328,0,0.6001389,0.1190356,0,1.284772,8208.936,0.9771903,0.05045012,Right,Down,0.2571706,-0.3942719,Normal
453.9998,14.11901,0,0.6010544,0.1190356,0,1.301693,8209.5,0.9748215,0.05014506,Right,Down,0.2579304,-0.3858871,Normal
454.0398,14.10384,0,0.6056321,0.1190356,0,1.319704,8210.064,0.97443,0.04984082,Right,Down,0.261696,-0.3775177,Normal
454.0798,14.08878,0,0.6175339,0.1190356,0,1.338435,8210.629,0.9772364,0.04953731,Right,Down,0.2705197,-0.3691254,Normal
454.1198,14.07418,0,0.6431687,0.1190356,0,1.352879,8211.191,0.974771,0.0492347,Right,Down,0.2733977,-0.3602829,Normal
454.1599,14.05999,0,0.6550705,0.1190356,0,1.368482,8211.754,0.9726284,0.04893315,Right,Down,0.2741124,-0.3512573,Normal
454.1998,14.04454,0,0.6550705,0.1190356,0,1.385398,8212.316,0.9760314,0.04863239,Right,Down,0.2797648,-0.3422318,Normal
454.2398,14.02942,0,0.6550705,0.123003,0,1.39881,8212.877,0.9744028,0.04833243,Right,Down,0.289391,-0.3332062,Normal
454.2798,14.01666,0,0.6486619,0.1309529,0,1.412228,8213.438,0.9718565,0.04803354,Right,Down,0.2900664,-0.3235855,Normal
454.3198,14.00243,0,0.6431687,0.154757,0,1.426953,8213.998,0.974729,0.04773531,Right,Down,0.2907402,-0.3138962,Normal
454.3598,13.99565,0,0.6422532,0.1983978,0,1.439048,8214.559,0.9736123,0.04743809,Right,Down,0.2993615,-0.3042221,Normal
454.3998,14,0,0.6413376,0.2142824,0,1.45027,8215.119,0.9709581,0.04714162,Right,Down,0.3071049,-0.2943573,Normal
454.4398,14.00313,0,0.63676,0.2142824,0,1.46278,8215.68,0.9744335,0.04684628,Right,Down,0.3064671,-0.2839966,Normal
454.4798,14.00964,0,0.63676,0.2142824,0,1.472359,8216.24,0.9723825,0.04655159,Right,Down,0.3134116,-0.2736282,Normal
454.5198,14.01557,0,0.63676,0.2142824,0,1.481505,8216.801,0.9699339,0.04625789,Right,Down,0.3226406,-0.2632599,Normal
454.5598,14.01881,0,0.63676,0.2142824,0,1.492139,8217.361,0.9746131,0.04596517,Right,Down,0.3232465,-0.2522736,Normal
454.5999,14.02793,0,0.63676,0.2142824,0,1.498307,8217.922,0.9709228,0.04567314,Right,Down,0.3274564,-0.2412109,Normal
454.6398,14.03128,0,0.63676,0.2182498,0,1.505554,8218.482,0.9709458,0.045382,Right,Down,0.3374619,-0.2301407,Normal
454.6798,14.03475,0,0.6486619,0.2182498,0,1.512416,8219.043,0.9727364,0.04509185,Right,Down,0.3409232,-0.2186203,Normal
454.7198,14.04541,0,0.6651413,0.2182498,0,1.516462,8219.605,0.9687287,0.04480267,Right,Down,0.343781,-0.2068405,Normal
454.7598,14.05018,0,0.6788743,0.2341192,0,1.521834,8220.168,0.9705329,0.04451418,Right,Down,0.3533245,-0.195076,Normal
454.7998,14.05828,0,0.6944382,0.2618906,0,1.52443,8220.73,0.9707195,0.04422659,Right,Down,0.3571801,-0.1829147,Normal
454.8398,14.07312,0,0.7118332,0.3134814,0,1.526644,8221.293,0.969874,0.04394016,Right,Down,0.3620769,-0.1704407,Normal
454.8799,14.10053,0,0.720073,0.3174487,0,1.528583,8221.857,0.969867,0.04365436,Right,Down,0.3716771,-0.1579361,Normal
454.9198,14.12812,0,0.7255661,0.3174487,0,1.5274,8222.422,0.9715912,0.04336942,Right,Flat,0.3743001,-0.144928,Normal
454.9598,14.15674,0,0.7301438,0.3174487,0,1.527542,8222.988,0.9702219,0.0430854,Right,Flat,0.3815487,-0.1316681,Normal
454.9998,14.18573,0,0.7328904,0.3174487,0,1.525797,8223.556,0.9691932,0.04280255,Right,Flat,0.3911712,-0.1183929,Normal
455.0398,14.20941,0,0.7539475,0.3174487,0,1.522465,8224.124,0.9708481,0.04252029,Right,Flat,0.392669,-0.104393,Normal
455.0798,14.23918,0,0.7841599,0.3174487,0,1.52012,8224.693,0.967773,0.04223892,Right,Flat,0.4025119,-0.09037018,Normal
455.1198,14.267,0,0.8088791,0.3174487,0,1.514978,8225.264,0.968066,0.04195846,Right,Flat,0.4083038,-0.07602692,Normal
455.1599,14.29155,0,0.8381796,0.3174487,0,1.509556,8225.835,0.9697056,0.04167915,Right,Flat,0.4149588,-0.06122589,Normal
455.1998,14.32085,0,0.8564901,0.3174487,0,1.505372,8226.407,0.9659404,0.04140047,Right,Flat,0.4252063,-0.04639435,Normal
455.2398,14.34538,0,0.8720541,0.3174487,0,1.497373,8226.981,0.9675053,0.04112269,Right,Flat,0.4228991,-0.03092194,Normal
455.2798,14.37021,0,0.8738852,0.3174487,0,1.490361,8227.556,0.968426,0.04084609,Right,Flat,0.403483,-0.01530457,Normal
455.3198,14.39858,0,0.8738852,0.3174487,0,1.484195,8228.132,0.9647775,0.04057008,Right,Flat,0.392669,0.0004959106,Normal
455.3598,14.42223,0,0.8738852,0.3174487,0,1.473892,8228.708,0.9668676,0.04029498,Right,Flat,0.3891652,0.01654053,Normal
455.3998,14.44738,0,0.8775473,0.3174487,0,1.465099,8229.286,0.9671992,0.04002077,Right,Flat,0.3810355,0.03261566,Normal
455.4398,14.47491,0,0.8775473,0.3174487,0,1.4566,8229.864,0.9644313,0.03974776,Right,Flat,0.3794918,0.04845428,Normal
455.4798,14.49836,0,0.8784628,0.3174487,0,1.444582,8230.444,0.9663713,0.03947536,Right,Flat,0.3763854,0.06426239,Normal
455.5198,14.52293,0,0.883956,0.3174487,0,1.434127,8231.024,0.9662707,0.03920383,Right,Flat,0.3732531,0.08007813,Normal
455.5598,14.54873,0,0.885787,0.3174487,0,1.423809,8231.606,0.9638817,0.03893349,Right,Flat,0.3732531,0.09558105,Normal
455.5999,14.57246,0,0.8912802,0.3174487,0,1.41053,8232.188,0.9658402,0.03866378,Right,Flat,0.3690354,0.1111145,Normal
455.6398,14.59635,0,0.901351,0.3174487,0,1.398715,8232.772,0.9654908,0.03839496,Right,Flat,0.3669084,0.1265488,Normal
455.6798,14.62119,0,0.9141684,0.3174487,0,1.386943,8233.356,0.9633299,0.03812704,Right,Flat,0.364769,0.1417465,Normal
455.7198,14.64433,0,0.9251547,0.3174487,0,1.372254,8233.942,0.9651302,0.03786031,Right,Up,0.3609945,0.1569824,Normal
455.7598,14.66742,0,0.9370565,0.3174487,0,1.35924,8234.528,0.9649977,0.03759421,Right,Up,0.3593647,0.1720276,Normal
455.7998,14.69128,0,0.9443808,0.3174487,0,1.346505,8235.116,0.9625358,0.037329,Right,Up,0.3577275,0.1869049,Normal
455.8398,14.71469,0,0.9507895,0.3174487,0,1.330829,8235.704,0.9641018,0.03706486,Right,Up,0.3527702,0.2018051,Normal
455.8799,14.73644,0,0.9562826,0.3174487,0,1.316839,8236.294,0.964512,0.03680155,Right,Up,0.3516591,0.2164307,Normal
455.9198,14.76039,0,0.9617758,0.3174487,0,1.304174,8236.884,0.9616531,0.03653906,Right,Up,0.3494264,0.2309494,Normal
455.9598,14.78395,0,0.9691,0.3174487,0,1.287475,8237.476,0.9630999,0.03627745,Right,Up,0.3449174,0.2454987,Normal
455.9998,14.80422,0,0.9791708,0.3214161,0,1.272654,8238.067,0.9643192,0.03601692,Right,Up,0.3443497,0.2597046,Normal
456.0398,14.82909,0,1.002975,0.3214161,0,1.259365,8238.66,0.9612579,0.03575723,Right,Up,0.3409232,0.2738571,Normal
456.0798,14.85276,0,1.02037,0.3333181,0,1.24242,8239.254,0.9620729,0.03549836,Right,Up,0.3363003,0.2880249,Normal
456.1198,14.87538,0,1.031356,0.3610895,0,1.227021,8239.849,0.9634794,0.03524036,Right,Up,0.3357179,0.3017807,Normal
456.1599,14.90884,0,1.039596,0.4087129,0,1.213219,8240.444,0.9611632,0.03498356,Right,Up,0.3322025,0.3155441,Normal
456.1998,14.95033,0,1.039596,0.4126802,0,1.19716,8241.042,0.9610041,0.03472741,Right,Up,0.3274564,0.3293228,Normal
456.2398,14.99233,0,1.039596,0.4126802,0,1.181471,8241.642,0.9623646,0.03447215,Right,Up,0.3274564,0.3426819,Normal
456.2798,15.03541,0,1.039596,0.4126802,0,1.16742,8242.242,0.9614041,0.03421796,Right,Up,0.3238513,0.3560562,Normal
456.3198,15.07501,0,1.039596,0.4126802,0,1.152958,8242.845,0.9599563,0.03396462,Right,Up,0.3183671,0.3694382,Normal
456.3598,15.11919,0,1.039596,0.4126802,0,1.136531,8243.449,0.9609155,0.03371206,Right,Up,0.3177519,0.3824081,Normal
456.3998,15.15921,0,1.039596,0.4126802,0,1.122028,8244.055,0.9618589,0.03346044,Right,Up,0.3146578,0.3953857,Normal
456.4398,15.20067,0,1.039596,0.3888762,0,1.109664,8244.662,0.9592463,0.03320989,Right,Up,0.309643,0.4083633,Normal
456.4798,15.23973,0,1.039596,0.3849088,0,1.093662,8245.271,0.9594972,0.03296018,Right,Up,0.3083766,0.4208984,Normal
456.5198,15.27467,0,1.039596,0.3849088,0,1.078898,8245.882,0.9607018,0.0327113,Right,Up,0.3058279,0.4334183,Normal
456.5598,15.30875,0,1.037765,0.3769741,0,1.066115,8246.494,0.960035,0.03246347,Right,Up,0.2993615,0.4459457,Normal
456.5998,15.34114,0,1.031356,0.3729915,0,1.053433,8247.107,0.9583149,0.03221641,Right,Up,0.2987072,0.4580536,Normal
456.6398,15.37459,0,1.021285,0.3690242,0,1.038607,8247.723,0.9589854,0.03197033,Right,Up,0.2973941,0.4700623,Normal
456.6798,15.40372,0,1.013961,0.3690242,0,1.026029,8248.338,0.9603828,0.03172509,Right,Up,0.2907402,0.4820938,Normal
456.7198,15.43362,0,1.00389,0.3650568,0,1.015382,8248.955,0.9583713,0.03148091,Right,Up,0.2880355,0.4937897,Normal
456.7598,15.46395,0,0.9901571,0.3650568,0,1.002516,8249.573,0.9575726,0.03123752,Right,Up,0.2873554,0.5052414,Normal
456.7998,15.49477,0,0.9727621,0.3650568,0,0.9897388,8250.192,0.9582607,0.03099508,Right,Up,0.2825486,0.516716,Normal
456.8398,15.52172,0,0.9333944,0.3650568,0,0.9790431,8250.813,0.9594352,0.03075365,Right,Up,0.2762456,0.5281067,Normal
456.8799,15.5504,0,0.885787,0.3650568,0,0.9704875,8251.435,0.9571469,0.03051299,Right,Up,0.2762456,0.5389481,Normal
456.9198,15.58069,0,0.8482504,0.3650568,0,0.9586464,8252.058,0.9568073,0.03027323,Right,Up,0.2748253,0.5498047,Normal
456.9598,15.61123,0,0.7850754,0.3650568,0,0.947502,8252.682,0.9574216,0.03003446,Right,Up,0.2676108,0.5606766,Normal
456.9998,15.63711,0,0.7539475,0.3650568,0,0.9384768,8253.307,0.9585769,0.02979669,Right,Up,0.2639296,0.5711441,Normal
457.0398,15.66575,0,0.702678,0.3650568,0,0.9314082,8253.934,0.9562576,0.02955971,Right,Up,0.2639296,0.5813599,Normal
457.0798,15.69529,0,0.6642258,0.3650568,0,0.9210452,8254.561,0.9558446,0.02932361,Right,Up,0.2594432,0.5915833,Normal
457.1198,15.72531,0,0.6413376,0.3650568,0,0.9112842,8255.189,0.9562873,0.02908868,Right,Up,0.25101,0.601799,Normal
457.1599,15.75221,0,0.6074631,0.3650568,0,0.9034144,8255.819,0.9578571,0.02885441,Right,Up,0.25101,0.6113358,Normal
457.1998,15.7791,0,0.5827403,0.3650568,0,0.8973522,8256.45,0.9560313,0.02862108,Right,Up,0.25101,0.6208649,Normal
457.2398,15.8081,0,0.5461192,0.3650568,0,0.8896618,8257.082,0.954742,0.02838866,Right,Up,0.2438933,0.6304092,Normal
457.2798,15.83684,0,0.4975963,0.3650568,0,0.8805758,8257.715,0.954654,0.02815739,Right,Up,0.2373883,0.6397781,Normal
457.3198,15.86616,0,0.4628062,0.3650568,0,0.8730515,8258.35,0.9557232,0.02792681,Right,Up,0.2373883,0.6485672,Normal
457.3598,15.88944,0,0.4115367,0.3650568,0,0.8672377,8258.984,0.9562534,0.02769715,Right,Up,0.2373883,0.6573715,Normal
457.3998,15.91846,0,0.3849864,0.3650568,0,0.8628873,8259.621,0.9541079,0.02746851,Right,Up,0.2289973,0.6661682,Normal
457.4398,15.94707,0,0.3501928,0.3650568,0,0.8542677,8260.259,0.9535347,0.02724085,Right,Up,0.2229358,0.6747665,Normal
457.4798,15.97638,0,0.3154027,0.3610895,0,0.8458058,8260.897,0.9535226,0.02701397,Right,Up,0.2220564,0.6827393,Normal
457.5198,16.00288,0,0.3016698,0.3571222,0,0.8385957,8261.537,0.9547626,0.02678797,Right,Up,0.2220564,0.6907196,Normal
457.5598,16.02586,0,0.2806127,0.3531548,0,0.8329668,8262.178,0.9551475,0.02656317,Right,Up,0.2167048,0.6987076,Normal
457.5998,16.05153,0,0.2659643,0.3531548,0,0.8283772,8262.819,0.9531287,0.02633903,Right,Up,0.2065338,0.7067032,Normal
457.6398,16.0769,0,0.2421606,0.3491875,0,0.8198429,8263.462,0.9524873,0.02611584,Right,Up,0.2055842,0.7137909,Normal
457.6798,16.10152,0,0.2128637,0.3491875,0,0.8108217,8264.105,0.952336,0.02589357,Right,Up,0.2065338,0.7208633,Normal
457.7198,16.12506,0,0.18906,0.3491875,0,0.8027356,8264.75,0.9530191,0.02567244,Right,Up,0.2055842,0.7279205,Normal
457.7598,16.14702,0,0.1515234,0.3452201,0,0.7957448,8265.396,0.9543275,0.02545203,Right,Up,0.1958353,0.7350006,Normal
457.7998,16.16831,0,0.1185644,0.3412528,0,0.78969,8266.042,0.9531663,0.0252325,Right,Up,0.1866263,0.7417755,Normal
457.8398,16.19111,0,0.09384155,0.3412528,0,0.7841265,8266.689,0.9513876,0.02501417,Right,Up,0.1876719,0.7478104,Normal
457.8799,16.21319,0,0.08010864,0.3412528,0,0.7725881,8267.338,0.951169,0.02479653,Right,Up,0.1876719,0.7538528,Normal
457.9198,16.23528,0,0.07644653,0.3372854,0,0.7617377,8267.986,0.9512337,0.0245798,Right,Up,0.1866263,0.7598877,Normal
457.9598,16.25596,0,0.07644653,0.3372854,0,0.7515228,8268.637,0.9516985,0.024364,Right,Up,0.1758294,0.7659302,Normal
457.9998,16.27607,0,0.07644653,0.3372854,0,0.7418448,8269.287,0.9524891,0.02414933,Right,Up,0.166689,0.7717209,Normal
458.0398,16.29552,0,0.07644653,0.3372854,0,0.7331233,8269.939,0.9525238,0.02393541,Right,Up,0.166689,0.7765656,Normal
458.0798,16.31502,0,0.07644653,0.3372854,0,0.7249699,8270.592,0.9512288,0.02372238,Right,Up,0.165511,0.7814178,Normal
458.1198,16.33573,0,0.07644653,0.3372854,0,0.7155483,8271.245,0.9498646,0.02351046,Right,Up,0.165511,0.7862778,Normal
458.1599,16.35637,0,0.07644653,0.3372854,0,0.700912,8271.899,0.9497737,0.02329937,Right,Up,0.166689,0.7911301,Normal
458.1998,16.37625,0,0.07644653,0.3372854,0,0.6867591,8272.554,0.9499809,0.02308915,Right,Up,0.1506579,0.7959824,Normal
458.2398,16.39547,0,0.07644653,0.3333181,0,0.6730763,8273.21,0.9503217,0.02287985,Right,Up,0.1398823,0.8001938,Normal
458.2798,16.41471,0,0.07644653,0.3333181,0,0.6599234,8273.866,0.9504569,0.0226717,Right,Up,0.1412742,0.8036041,Normal
458.3198,16.43378,0,0.07644653,0.3333181,0,0.6470549,8274.523,0.9507373,0.02246428,Right,Up,0.1412742,0.8070145,Normal
458.3598,16.45253,0,0.09933472,0.3333181,0,0.6343096,8275.182,0.9511117,0.02225778,Right,Up,0.1412742,0.8104248,Normal
458.3998,16.47071,0,0.1277196,0.3333181,0,0.6218355,8275.84,0.9502028,0.0220522,Right,Up,0.1398823,0.8138428,Normal
458.4398,16.48871,0,0.1533544,0.3253834,0,0.6098081,8276.5,0.9490438,0.02184776,Right,Up,0.1384764,0.8172607,Normal
458.4798,16.50667,0,0.1661718,0.309514,0,0.5967874,8277.16,0.9479924,0.02164406,Right,Up,0.1153499,0.8206787,Normal
458.5198,16.52077,0,0.1661718,0.2817273,0,0.5777146,8277.82,0.9482262,0.02144129,Right,Up,0.1083524,0.8229752,Normal
458.5598,16.5288,0,0.1661718,0.2301518,0,0.5591892,8278.481,0.9486001,0.02123958,Right,Up,0.1083524,0.8244553,Normal
458.5998,16.52569,0,0.1661718,0.1983978,0,0.5408223,8279.143,0.9489278,0.02103875,Right,Up,0.1083524,0.8259354,Normal
458.6398,16.51517,0,0.1661718,0.1904631,0,0.5228436,8279.803,0.9489651,0.02083878,Right,Up,0.1065312,0.8274155,Normal
458.6798,16.50235,0,0.1597631,0.1904631,0,0.5053655,8280.463,0.9487795,0.02063975,Right,Up,0.1083524,0.8288956,Normal
458.7198,16.48972,0,0.1542699,0.1904631,0,0.488066,8281.123,0.948549,0.02044178,Right,Up,0.1065312,0.8303757,Normal
458.7598,16.47713,0,0.1469457,0.1904631,0,0.4711647,8281.782,0.9483809,0.02024466,Right,Up,0.1065312,0.8318481,Normal
458.7998,16.46458,0,0.1350439,0.1904631,0,0.4544498,8282.44,0.9481106,0.02004845,Right,Up,0.1065312,0.8333206,Normal
458.8398,16.45207,0,0.1130676,0.1904631,0,0.4380538,8283.099,0.9478915,0.01985327,Straight,Up,0.04423466,0.8347855,Normal
458.8799,16.4396,0,0.09841919,0.1904631,0,0.4218162,8283.757,0.9476143,0.01965893,Straight,Up,0,0.8340683,Normal
458.9198,16.42718,0,0.08834839,0.1904631,0,0.4059191,8284.414,0.947441,0.01946557,Straight,Up,0,0.829567,Normal
458.9598,16.41479,0,0.0819397,0.1904631,0,0.3903247,8285.07,0.9472267,0.01927308,Straight,Up,0,0.825058,Normal
458.9998,16.40243,0,0.0819397,0.1904631,0,0.3751173,8285.727,0.9470236,0.01908166,Straight,Up,0,0.8205566,Normal
459.0398,16.39011,0,0.08010864,0.1904631,0,0.3601458,8286.383,0.9468622,0.01889104,Straight,Up,0,0.8160553,Normal
459.0798,16.37782,0,0.06546021,0.1904631,0,0.345492,8287.038,0.9465798,0.01870144,Straight,Up,0,0.8115616,Normal
459.1198,16.36557,0,0.04714966,0.1904631,0,0.3311819,8287.692,0.9463009,0.01851285,Straight,Up,0,0.8070679,Normal
459.1599,16.3534,0,0.02700806,0.1864958,0,0.3170926,8288.347,0.9461474,0.01832503,Straight,Up,0,0.8025742,Normal
459.1998,16.3406,0,0.01052856,0.1706264,0,0.3033474,8289.001,0.9459567,0.01813817,Straight,Up,0,0.7980957,Normal
459.2398,16.32449,0,-0.0050354,0.142855,0,0.2898466,8289.653,0.9457788,0.01795233,Straight,Up,0,0.7936172,Normal
459.2798,16.30239,0,-0.01144409,0.1349203,0,0.2766279,8290.306,0.9455505,0.01776749,Straight,Up,0,0.7891464,Normal
459.3198,16.27842,0,-0.0151062,0.1349203,0,0.2634948,8290.957,0.9454624,0.01758346,Straight,Up,0.01978234,0.7846756,Normal
459.3598,16.25432,0,-0.02151489,0.1349203,0,0.2505945,8291.607,0.9453338,0.01740036,Straight,Up,0,0.7802124,Normal
459.3998,16.2302,0,-0.02975464,0.1349203,0,0.2378136,8292.257,0.9452872,0.01721827,Straight,Up,0,0.7757645,Normal
459.4398,16.20616,0,-0.06546199,0.1349203,0,0.2252554,8292.905,0.9452715,0.01703718,Straight,Up,0,0.7713165,Normal
459.4798,16.18218,0,-0.1139849,0.1349203,0,0.2127255,8293.553,0.9448703,0.01685691,Straight,Up,0,0.7668762,Normal
459.5198,16.15828,0,-0.148775,0.1349203,0,0.2001027,8294.199,0.9444591,0.01667765,Straight,Up,0,0.7624435,Normal
459.5598,16.13442,0,-0.1853979,0.1349203,0,0.1873686,8294.845,0.9441059,0.01649938,Straight,Up,0,0.7580185,Normal
459.5998,16.11051,0,-0.2073705,0.1349203,0,0.1746562,8295.489,0.9439473,0.01632193,Straight,Up,0,0.7536011,Normal
459.6398,16.08668,0,-0.2183568,0.1349203,0,0.1618048,8296.133,0.9438127,0.01614544,Straight,Up,0,0.7491837,Normal
459.6798,16.06295,0,-0.2275121,0.1349203,0,0.1486961,8296.775,0.9436138,0.01596994,Straight,Up,0,0.7447815,Normal
459.7198,16.03923,0,-0.2375829,0.1349203,0,0.1357497,8297.417,0.9434329,0.01579545,Straight,Up,0,0.7403793,Normal
459.7598,16.01558,0,-0.2504003,0.1349203,0,0.1227483,8298.058,0.9432529,0.01562179,Straight,Up,0,0.7359848,Normal
459.7998,15.99198,0,-0.2632177,0.1349203,0,0.1094998,8298.698,0.9430715,0.01544905,Straight,Up,0,0.7315979,Normal
459.8398,15.96869,0,-0.2870214,0.1349203,0,0.09603968,8299.337,0.9423602,0.01527745,Straight,Up,0,0.727211,Normal
459.8799,15.94652,0,-0.3108269,0.1349203,0,0.08310029,8299.976,0.9412318,0.01510662,Straight,Up,0,0.7228394,Normal
459.9198,15.92407,0,-0.3327996,0.154757,0,0.07518315,8300.612,0.9423018,0.01493672,Straight,Up,0,0.7184753,Normal
459.9598,15.90638,0,-0.3529412,0.166659,0,0.0668197,8301.249,0.9432214,0.0147678,Straight,Up,0,0.714119,Normal
459.9998,15.89089,0,-0.3694206,0.1706264,0,0.05793592,8301.885,0.9439915,0.01459998,Straight,Up,0,0.7097626,Normal
460.0398,15.87684,0,-0.3767449,0.1745937,0,0.04854655,8302.52,0.944272,0.01443291,Straight,Up,0,0.7054062,Normal
460.0798,15.86332,0,-0.3767449,0.1745937,0,0.03858379,8303.154,0.9446334,0.01426683,Straight,Up,0,0.7010498,Normal
460.1198,15.84969,0,-0.3767449,0.1785611,0,0.02816424,8303.789,0.9441773,0.01410184,Straight,Up,0,0.6966858,Normal
460.1599,15.83725,0,-0.3767449,0.1785611,0,0.01718214,8304.422,0.942211,0.01393763,Straight,Up,0,0.692337,Normal
460.1998,15.82617,0,-0.3767449,0.1785611,0,0.007321268,8305.055,0.9403803,0.01377437,Straight,Up,0,0.6879883,Normal
460.2398,15.81475,0,-0.380407,0.1785611,0,0.001454026,8305.688,0.9408118,0.01361207,Straight,Up,0,0.6836472,Normal
460.2798,15.80296,0,-0.3923088,0.1825284,0,-0.005154371,8306.32,0.9413636,0.01345086,Straight,Up,-0.01978234,0.679306,Normal
460.3198,15.79131,0,-0.4042107,0.1825284,0,-0.01251942,8306.952,0.942422,0.01329044,Left,Up,-0.09891172,0.6749725,Normal
460.3598,15.77989,0,-0.4280162,0.1825284,0,-0.02043229,8307.583,0.9436408,0.01313099,Left,Up,-0.1101434,0.6652222,Normal
460.3998,15.76936,0,-0.4545665,0.1864958,0,-0.02907005,8308.214,0.9414609,0.01297257,Left,Up,-0.1101434,0.6544571,Normal
460.4398,15.76092,0,-0.471046,0.1864958,0,-0.03626657,8308.845,0.9396258,0.01281506,Left,Up,-0.1101434,0.6436996,Normal
460.4798,15.75215,0,-0.4783702,0.1864958,0,-0.040297,8309.476,0.9398673,0.01265845,Left,Up,-0.1101434,0.6329498,Normal
460.5198,15.74284,0,-0.4783702,0.1864958,0,-0.0455893,8310.105,0.94082,0.01250279,Left,Up,-0.1101434,0.6222076,Normal
460.5598,15.73217,0,-0.4756236,0.1864958,0,-0.05185676,8310.734,0.9425741,0.01234824,Left,Up,-0.1101434,0.6114578,Normal
460.5998,15.72361,0,-0.4701304,0.1864958,0,-0.05887273,8311.363,0.9405282,0.01219446,Left,Up,-0.1170339,0.600708,Normal
460.6398,15.71571,0,-0.4701304,0.1864958,0,-0.06325611,8311.992,0.9394386,0.01204166,Left,Up,-0.1426525,0.5899582,Normal
460.6798,15.70785,0,-0.4463267,0.1864958,0,-0.06588289,8312.621,0.9398216,0.01188979,Left,Up,-0.1506579,0.5776596,Normal
460.7198,15.69855,0,-0.4115367,0.1864958,0,-0.06972349,8313.25,0.9415262,0.01173905,Left,Up,-0.1519511,0.5645447,Normal
460.7598,15.68843,0,-0.3511101,0.1864958,0,-0.07424635,8313.877,0.9408614,0.01158909,Left,Up,-0.1519511,0.5514374,Normal
460.7998,15.68147,0,-0.2870214,0.1864958,0,-0.07709667,8314.504,0.9390403,0.01144008,Left,Up,-0.1519511,0.5383301,Normal
460.8398,15.6746,0,-0.256809,0.1864958,0,-0.07669142,8315.131,0.939478,0.01129213,Left,Up,-0.1545051,0.5252228,Normal
460.8798,15.66562,0,-0.2494848,0.1864958,0,-0.0772745,8315.758,0.9408628,0.01114509,Left,Up,-0.174713,0.5121078,Normal
460.9198,15.65757,0,-0.2494848,0.1864958,0,-0.07866809,8316.385,0.9393345,0.01099894,Left,Up,-0.1866263,0.498024,Normal
460.9598,15.65106,0,-0.2494848,0.1864958,0,-0.07680532,8317.012,0.938511,0.01085374,Left,Up,-0.1855749,0.4829559,Normal
460.9998,15.64446,0,-0.2494848,0.1864958,0,-0.07359818,8317.637,0.9397724,0.01070962,Left,Up,-0.1855749,0.4678726,Normal
461.0398,15.63623,0,-0.2513158,0.1864958,0,-0.07123137,8318.262,0.9400516,0.01056639,Left,Up,-0.1887116,0.4528046,Normal
461.0798,15.62908,0,-0.2613866,0.1864958,0,-0.06807885,8318.887,0.9378996,0.01042405,Left,Up,-0.2074791,0.4377441,Normal
461.1198,15.62356,0,-0.2732885,0.1864958,0,-0.06123179,8319.512,0.9394553,0.01028276,Left,Up,-0.2167048,0.4217758,Normal
461.1599,15.61609,0,-0.2861059,0.1904631,0,-0.05528745,8320.137,0.9402462,0.01014236,Left,Up,-0.2176059,0.404953,Normal
461.1998,15.61164,0,-0.291599,0.1904631,0,-0.04921293,8320.762,0.9375815,0.01000294,Left,Up,-0.2167048,0.3881531,Normal
461.2398,15.60659,0,-0.291599,0.1904631,0,-0.03896347,8321.387,0.9394321,0.009864428,Left,Up,-0.2306999,0.3713303,Normal
461.2798,15.60016,0,-0.291599,0.1904631,0,-0.0294261,8322.011,0.9402503,0.009726973,Left,Up,-0.2454926,0.3542328,Normal
461.3198,15.5951,0,-0.291599,0.1904631,0,-0.01847228,8322.634,0.9385266,0.009590362,Left,Up,-0.2454926,0.3357925,Normal
461.3598,15.58941,0,-0.291599,0.1944305,0,-0.004104823,8323.257,0.9380117,0.009454795,Left,Up,-0.2454926,0.317337,Normal
461.3998,15.58736,0,-0.2861059,0.1944305,0,0.009445161,8323.88,0.9357468,0.009320172,Left,Up,-0.2594432,0.2989044,Normal
461.4398,15.58434,0,-0.2732885,0.1944305,0,0.02316639,8324.503,0.9363823,0.009186449,Left,Up,-0.2719625,0.2801056,Normal
461.4798,15.58146,0,-0.2439916,0.1944305,0,0.03645718,8325.126,0.9377943,0.00905368,Left,Up,-0.2719625,0.26017,Normal
461.5198,15.57841,0,-0.2211034,0.1944305,0,0.04946476,8325.749,0.9391307,0.00892193,Left,Up,-0.2776587,0.240242,Normal
461.5598,15.57535,0,-0.190891,0.1944305,0,0.06179899,8326.372,0.9399926,0.008791155,Left,Up,-0.2927522,0.2202911,Normal
461.5998,15.57394,0,-0.16617,0.1944305,0,0.07339168,8326.995,0.9400478,0.008661275,Left,Up,-0.2973941,0.1992416,Normal
461.6398,15.57244,0,-0.1652545,0.1944305,0,0.08449814,8327.618,0.9396539,0.008532322,Left,Up,-0.3000144,0.1778336,Normal
461.6798,15.5709,0,-0.1652545,0.1944305,0,0.0951238,8328.241,0.9390221,0.008404379,Left,Up,-0.3146578,0.1564178,Normal
461.7198,15.56933,0,-0.1652545,0.1944305,0,0.1052105,8328.864,0.9383416,0.008277454,Left,Flat,-0.3202056,0.1342087,Normal
461.7598,15.56753,0,-0.1652545,0.1944305,0,0.1144895,8329.487,0.9381914,0.008151391,Left,Flat,-0.3238513,0.1114273,Normal
461.7998,15.56555,0,-0.1652545,0.1944305,0,0.1228882,8330.11,0.9384874,0.008026336,Left,Flat,-0.3380413,0.08865356,Normal
461.8398,15.5632,0,-0.1670855,0.1944305,0,0.13081,8330.733,0.9372838,0.007902267,Left,Flat,-0.3432113,0.06503296,Normal
461.8798,15.56093,0,-0.1670855,0.1944305,0,0.1381448,8331.356,0.9361516,0.007779093,Left,Flat,-0.2193969,0.04093933,Normal
461.9198,15.55805,0,-0.1670855,0.1944305,0,0.1447614,8331.979,0.9343161,0.007656879,Right,Flat,0.05595291,0.01686859,Normal
461.9598,15.55961,0,-0.1551837,0.1944305,0,0.1508886,8332.603,0.9306943,0.007535641,Right,Flat,0.06852804,-0.01558685,Normal
461.9998,15.56013,0,-0.1432818,0.1944305,0,0.1534944,8333.226,0.9334746,0.007415422,Right,Flat,0.07132626,-0.04894257,Normal
462.0398,15.55958,0,-0.1304644,0.1944305,0,0.1555877,8333.849,0.9360329,0.007296089,Right,Flat,0.07132626,-0.08229065,Normal
462.0798,15.55872,0,-0.1066607,0.1944305,0,0.1573617,8334.472,0.938696,0.007177682,Right,Flat,0.07132626,-0.1156464,Normal
462.1198,15.55832,0,-0.08743465,0.1944305,0,0.1587666,8335.095,0.9401466,0.007060385,Right,Flat,0.07132626,-0.1490479,Normal
462.1599,15.56023,0,-0.05722046,0.1944305,0,0.1596108,8335.718,0.9402912,0.006943949,Right,Down,0.06852804,-0.1825027,Normal
462.1998,15.56211,0,-0.02975464,0.1944305,0,0.1604604,8336.341,0.9397473,0.006828432,Right,Down,0.06852804,-0.2159882,Normal
462.2398,15.56394,0,-0.02243042,0.1944305,0,0.1609091,8336.964,0.9389451,0.0067139,Right,Down,0.06852804,-0.2494812,Normal
462.2798,15.56572,0,-0.0151062,0.1944305,0,0.1609877,8337.587,0.9380419,0.006600444,Right,Down,0.07132626,-0.2829895,Normal
462.3198,15.56749,0,-0.01144409,0.1944305,0,0.1607684,8338.21,0.93726,0.006487825,Right,Down,0.07132626,-0.3164978,Normal
462.3598,15.56922,0,-0.01144409,0.1944305,0,0.1602985,8338.833,0.9366372,0.006376182,Right,Down,0.07132626,-0.3500061,Normal
462.3998,15.57092,0,-0.01052856,0.1944305,0,0.1593721,8339.456,0.9360698,0.006265615,Right,Down,0.06852804,-0.383522,Normal
462.4398,15.57262,0,-0.004119873,0.1944305,0,0.1582703,8340.079,0.9356941,0.006155885,Straight,Down,0.04423466,-0.4170456,Normal
462.4798,15.5743,0,0.009613037,0.1944305,0,0.1566934,8340.702,0.9354214,0.006047131,Straight,Down,0,-0.4505768,Normal
462.5198,15.57599,0,0.02243042,0.1944305,0,0.1550379,8341.325,0.9352441,0.005939313,Straight,Down,-0.01978234,-0.4605484,Normal
462.5598,15.57767,0,0.04440308,0.1944305,0,0.1531062,8341.948,0.9350469,0.005832587,Straight,Down,0,-0.4696732,Normal
462.5998,15.57935,0,0.06454468,0.1944305,0,0.1510896,8342.571,0.934977,0.005726731,Straight,Down,-0.01978234,-0.4787979,Normal
462.6398,15.58102,0,0.08102417,0.1944305,0,0.1489545,8343.194,0.9347264,0.005621827,Straight,Down,0,-0.4879303,Normal
462.6798,15.58269,0,0.09933472,0.1944305,0,0.1467803,8343.817,0.9346949,0.005517875,Straight,Down,0,-0.4970551,Normal
462.7198,15.58434,0,0.1167297,0.1944305,0,0.1445618,8344.44,0.9347071,0.005414999,Straight,Down,-0.01978234,-0.5061874,Normal
462.7598,15.586,0,0.1295507,0.1944305,0,0.1423023,8345.063,0.9345976,0.005312984,Straight,Down,0,-0.5153198,Normal
462.7998,15.58766,0,0.1350439,0.1944305,0,0.1401258,8345.687,0.9344457,0.005211954,Straight,Down,0,-0.5244522,Normal
462.8398,15.58931,0,0.1350439,0.1944305,0,0.1379375,8346.31,0.934314,0.005111968,Straight,Down,0,-0.5335846,Normal
462.8798,15.59096,0,0.1350439,0.1944305,0,0.1356455,8346.933,0.9342327,0.005012841,Straight,Down,0,-0.5427246,Normal
462.9198,15.5926,0,0.1350439,0.1944305,0,0.1334592,8347.556,0.9340835,0.004914676,Straight,Down,-0.01978234,-0.551857,Normal
462.9598,15.59423,0,0.1350439,0.1944305,0,0.1312335,8348.179,0.9340249,0.004817487,Straight,Down,0,-0.5609894,Normal
462.9998,15.59586,0,0.1350439,0.1944305,0,0.1290735,8348.802,0.9339406,0.004721375,Straight,Down,0,-0.5701294,Normal
463.0398,15.59747,0,0.1350439,0.1944305,0,0.1272112,8349.425,0.933842,0.004626099,Straight,Down,-0.01978234,-0.5792618,Normal
463.0798,15.59909,0,0.1350439,0.1944305,0,0.1253964,8350.048,0.9338802,0.004531807,Straight,Down,0,-0.5884018,Normal
463.1198,15.6007,0,0.1277196,0.1944305,0,0.123641,8350.672,0.9338031,0.004438551,Straight,Down,-0.01978234,-0.5975418,Normal
463.1599,15.60229,0,0.1130676,0.1944305,0,0.1220064,8351.297,0.9337497,0.00434623,Straight,Down,0,-0.6066818,Normal
463.1998,15.60389,0,0.09475708,0.1944305,0,0.1206183,8351.922,0.933561,0.004254853,Straight,Down,0,-0.6158218,Normal
463.2398,15.60548,0,0.07644653,0.1944305,0,0.1193634,8352.547,0.933538,0.004164403,Straight,Down,-0.01978234,-0.6249619,Normal
463.2798,15.60706,0,0.05630493,0.1745937,0,0.118198,8353.172,0.9333928,0.004075029,Straight,Down,0,-0.6340942,Normal
463.3198,15.60538,0,0.03890991,0.1706264,0,0.117136,8353.797,0.9333409,0.003986541,Straight,Down,0,-0.6432419,Normal
463.3598,15.60188,0,0.02792358,0.166659,0,0.1161465,8354.422,0.933255,0.003899046,Straight,Down,0,-0.6523743,Normal
463.3998,15.59767,0,0.02334595,0.166659,0,0.11535,8355.045,0.9331194,0.003812528,Straight,Down,-0.01978234,-0.6615143,Normal
463.4398,15.59325,0,0.02334595,0.166659,0,0.1147282,8355.668,0.9330291,0.003726938,Straight,Down,0,-0.6706467,Normal
463.4798,15.58874,0,0.02334595,0.1626917,0,0.1141978,8356.291,0.9329835,0.003642357,Straight,Down,0,-0.6797714,Normal
463.5198,15.58322,0,0.02243042,0.1626917,0,0.113832,8356.914,0.933101,0.003558703,Straight,Down,-0.01978234,-0.6889038,Normal
463.5598,15.5778,0,0.02151489,0.1626917,0,0.1135868,8357.537,0.9333019,0.00347606,Straight,Down,0,-0.6980209,Normal
463.5998,15.57241,0,0.01602173,0.1626917,0,0.1133811,8358.16,0.9332303,0.003394344,Straight,Down,-0.01978234,-0.7071457,Normal
463.6398,15.56705,0,0.0151062,0.1626917,0,0.1134988,8358.783,0.932821,0.003313637,Straight,Down,0,-0.7162552,Normal
463.6798,15.56166,0,0.01419067,0.1626917,0,0.1135674,8359.406,0.9326251,0.003233916,Straight,Down,-0.01978234,-0.7253723,Normal
463.7198,15.55628,0,0.01419067,0.1626917,0,0.1137057,8360.029,0.9325206,0.003155089,Straight,Down,0,-0.7344818,Normal
463.7598,15.55086,0,0.01052856,0.1626917,0,0.1138518,8360.651,0.9323367,0.003077247,Straight,Down,0,-0.7435837,Normal
463.7998,15.54539,0,0.00869751,0.1626917,0,0.1142985,8361.272,0.9322475,0.003000415,Straight,Down,0,-0.7526855,Normal
463.8398,15.53996,0,-0.004119873,0.1626917,0,0.1147146,8361.894,0.9321415,0.002924568,Straight,Down,-0.01978234,-0.7617798,Normal
463.8798,15.53456,0,-0.03433228,0.1626917,0,0.1152074,8362.515,0.9319827,0.002849615,Straight,Down,0,-0.7708817,Normal
463.9198,15.52915,0,-0.07003963,0.1626917,0,0.115718,8363.136,0.9319023,0.002775672,Straight,Down,0,-0.7799683,Normal
463.9598,15.52374,0,-0.1231402,0.1626917,0,0.116114,8363.757,0.9318579,0.00270269,Straight,Down,0,-0.7890625,Normal
463.9998,15.51833,0,-0.1670855,0.1626917,0,0.116396,8364.378,0.9318158,0.002630717,Straight,Down,0,-0.7981491,Normal
464.0398,15.51294,0,-0.18906,0.1626917,0,0.1165142,8364.999,0.9317945,0.002559639,Straight,Down,0,-0.8072281,Normal
464.0798,15.50756,0,-0.1963842,0.1626917,0,0.1165409,8365.62,0.9318702,0.002489603,Straight,Down,0,-0.8163147,Normal
464.1198,15.50218,0,-0.1963842,0.1626917,0,0.1164534,8366.24,0.9317424,0.00242052,Straight,Down,0,-0.825386,Normal
464.1598,15.49683,0,-0.1963842,0.1626917,0,0.1163015,8366.859,0.9317206,0.002352363,Straight,Down,0,-0.834465,Normal
464.1998,15.49195,0,-0.1963842,0.1626917,0,0.1159524,8367.479,0.9308974,0.002285184,Straight,Down,0,-0.8435287,Normal
464.2398,15.48782,0,-0.1963842,0.1626917,0,0.1171612,8368.098,0.9302895,0.002219023,Straight,Down,0,-0.8525925,Normal
464.2798,15.4835,0,-0.1963842,0.1626917,0,0.1221718,8368.717,0.9312854,0.002153822,Straight,Down,0,-0.8616409,Normal
464.3198,15.47906,0,-0.1963842,0.1626917,0,0.1269845,8369.336,0.9321841,0.002089565,Straight,Down,-0.01978234,-0.8706894,Normal
464.3598,15.47482,0,-0.1963842,0.1626917,0,0.1317143,8369.955,0.9331058,0.002026268,Straight,Down,-0.01978234,-0.8797455,Normal
464.3998,15.47098,0,-0.1963842,0.1626917,0,0.1361352,8370.574,0.9333566,0.001964006,Straight,Down,-0.01978234,-0.8888016,Normal
464.4398,15.46742,0,-0.1972997,0.1626917,0,0.1401719,8371.193,0.9332421,0.001902671,Straight,Down,-0.01978234,-0.8978577,Normal
464.4798,15.46393,0,-0.2027929,0.1626917,0,0.1440078,8371.813,0.9328865,0.001842297,Straight,Down,-0.01978234,-0.9069138,Normal
464.5198,15.46045,0,-0.2073705,0.1626917,0,0.1474156,8372.432,0.9324561,0.001782866,Straight,Down,-0.01978234,-0.9159698,Normal
464.5598,15.457,0,-0.2137792,0.1626917,0,0.1505577,8373.051,0.9320923,0.00172452,Straight,Down,-0.01978234,-0.9250259,Normal
464.5998,15.45353,0,-0.2201879,0.1626917,0,0.1532639,8373.669,0.931784,0.001667059,Straight,Down,0,-0.9340897,Normal
464.6398,15.45008,0,-0.2311742,0.1626917,0,0.1556191,8374.286,0.9315171,0.001610551,Straight,Down,0,-0.9431458,Normal
464.6798,15.44663,0,-0.239414,0.1626917,0,0.1573904,8374.903,0.9313685,0.001555093,Straight,Down,0,-0.9521942,Normal
464.7198,15.44318,0,-0.2430761,0.1626917,0,0.1587979,8375.521,0.931142,0.001500555,Straight,Down,0,-0.9612427,Normal
464.7598,15.43973,0,-0.2430761,0.1626917,0,0.1597425,8376.138,0.9310609,0.001446969,Straight,Down,-0.01978234,-0.9702911,Normal
464.7998,15.43631,0,-0.2430761,0.1626917,0,0.160207,8376.755,0.930986,0.001394368,Straight,Down,-0.02797646,-0.9769974,Normal
464.8398,15.43288,0,-0.2430761,0.1626917,0,0.1602737,8377.372,0.9308829,0.001342777,Straight,Down,-0.02797646,-0.9782944,Normal
464.8798,15.42947,0,-0.2256811,0.1626917,0,0.1597638,8377.989,0.9308408,0.001292113,Straight,Down,-0.03426402,-0.9795914,Normal
464.9198,15.42607,0,-0.2137792,0.1626917,0,0.1589324,8378.606,0.9307181,0.001242434,Straight,Down,-0.03426402,-0.9808807,Normal
464.9598,15.42265,0,-0.2092016,0.1626917,0,0.1575574,8379.224,0.9305483,0.00119374,Straight,Down,-0.02797646,-0.9821701,Normal
464.9998,15.4191,0,-0.2092016,0.1626917,0,0.1559651,8379.841,0.9308459,0.001146024,Straight,Down,-0.02797646,-0.9834671,Normal
465.0398,15.41557,0,-0.2092016,0.1626917,0,0.1539609,8380.458,0.9312064,0.001099267,Straight,Down,-0.02797646,-0.9847565,Normal
465.0798,15.41207,0,-0.2092016,0.1626917,0,0.1514569,8381.075,0.9309685,0.001053454,Straight,Down,-0.02797646,-0.9860535,Normal
465.1198,15.40864,0,-0.2092016,0.1626917,0,0.1486341,8381.692,0.9303961,0.001008693,Straight,Down,-0.02797646,-0.9873428,Normal
465.1598,15.40496,0,-0.2092016,0.1626917,0,0.1454161,8382.309,0.929955,0.0009648585,Straight,Down,-0.03426402,-0.9886398,Normal
465.1998,15.40119,0,-0.208286,0.1626917,0,0.1413225,8382.924,0.9298319,0.000921968,Straight,Down,-0.02797646,-0.9899292,Normal
465.2398,15.39745,0,-0.2018774,0.1626917,0,0.1367059,8383.539,0.9298483,0.0008800708,Straight,Down,-0.02797646,-0.9912186,Normal
465.2798,15.39374,0,-0.1789892,0.1626917,0,0.1313505,8384.154,0.9298781,0.0008391754,Straight,Down,-0.02797646,-0.9925156,Normal
465.3198,15.39001,0,-0.1432818,0.1626917,0,0.1256936,8384.77,0.9298674,0.0007992155,Straight,Down,-0.02797646,-0.9938049,Normal
465.3598,15.3863,0,-0.1286334,0.1626917,0,0.1196338,8385.385,0.9295825,0.0007602324,Straight,Down,-0.02797646,-0.9950943,Normal
465.3998,15.38304,0,-0.1130694,0.1626917,0,0.1140335,8386,0.9293669,0.0007222675,Straight,Down,-0.02797646,-0.9963837,Normal
465.4398,15.37964,0,-0.1112384,0.1626917,0,0.1134113,8386.615,0.9299253,0.0006852464,Straight,Down,-0.02797646,-0.9976654,Normal
465.4798,15.37622,0,-0.1112384,0.1626917,0,0.1125159,8387.23,0.9302418,0.0006491856,Straight,Down,-0.02797646,-0.9989624,Normal
465.5198,15.37277,0,-0.1112384,0.1626917,0,0.1112308,8387.846,0.9305937,0.0006140851,Straight,Down,-0.02797646,-1.000252,Normal
465.5598,15.36953,0,-0.1112384,0.1626917,0,0.1095823,8388.461,0.9307231,0.0005799863,Straight,Down,-0.02797646,-1.001541,Normal
465.5998,15.36643,0,-0.1112384,0.1626917,0,0.1074173,8389.076,0.9307048,0.0005468809,Straight,Down,-0.02797646,-1.002823,Normal
465.6398,15.36339,0,-0.1112384,0.1626917,0,0.1047929,8389.691,0.9306769,0.0005146944,Straight,Down,-0.03426402,-1.00412,Normal
465.6798,15.36038,0,-0.1112384,0.1626917,0,0.1017837,8390.307,0.9306407,0.0004835509,Straight,Down,-0.02797646,-1.005409,Normal
465.7198,15.35738,0,-0.1112384,0.1626917,0,0.0985173,8390.922,0.9304722,0.0004533264,Straight,Down,-0.02797646,-1.006691,Normal
465.7598,15.35438,0,-0.1112384,0.1626917,0,0.09498975,8391.535,0.9303795,0.0004240953,Straight,Down,-0.02797646,-1.00798,Normal
465.7998,15.35139,0,-0.1112384,0.1587244,0,0.09087563,8392.148,0.930241,0.000395808,Straight,Down,-0.03426402,-1.00927,Normal
465.8398,15.34744,0,-0.1112384,0.1587244,0,0.08655539,8392.762,0.9300716,0.0003685388,Straight,Down,-0.02797646,-1.010559,Normal
465.8798,15.34357,0,-0.1112384,0.1587244,0,0.0819717,8393.375,0.9299605,0.0003422217,Straight,Down,-0.02797646,-1.011841,Normal
465.9198,15.33974,0,-0.1112384,0.1587244,0,0.07709938,8393.988,0.9298409,0.0003168649,Straight,Down,-0.03426402,-1.01313,Normal
465.9598,15.336,0,-0.1112384,0.1587244,0,0.07182065,8394.602,0.9299151,0.0002925181,Straight,Down,-0.03956468,-1.01442,Normal
465.9998,15.33186,0,-0.1112384,0.1587244,0,0.06630674,8395.215,0.9302142,0.0002691232,Straight,Down,-0.03956468,-1.014534,Normal
466.0398,15.32784,0,-0.1112384,0.1587244,0,0.06031319,8395.828,0.9305649,0.0002467053,Straight,Down,-0.03956468,-1.01384,Normal
466.0798,15.32386,0,-0.1112384,0.1587244,0,0.05389619,8396.441,0.9299227,0.0002252476,Straight,Down,-0.04423466,-1.013161,Normal
466.1198,15.3196,0,-0.1185626,0.1587244,0,0.04727966,8397.055,0.929399,0.0002048082,Straight,Down,-0.03956468,-1.012474,Normal
466.1598,15.3154,0,-0.1249713,0.1587244,0,0.04026213,8397.668,0.9291199,0.0001853125,Straight,Down,-0.04423466,-1.011787,Normal
466.1998,15.31112,0,-0.1304644,0.1587244,0,0.03283045,8398.281,0.9290912,0.0001667771,Straight,Down,-0.04423466,-1.011101,Normal
466.2398,15.30676,0,-0.13138,0.1587244,0,0.02509812,8398.894,0.9289382,0.0001492268,Straight,Down,-0.04423466,-1.010414,Normal
466.2798,15.30295,0,-0.13138,0.1587244,0,0.01702601,8399.505,0.9284424,0.0001326866,Straight,Down,-0.03956468,-1.009727,Normal
466.3198,15.29891,0,-0.1368731,0.1587244,0,0.01371503,8400.116,0.9286401,0.0001170652,Straight,Down,-0.03956468,-1.009041,Normal
466.3598,15.29482,0,-0.1377887,0.1587244,0,0.01130521,8400.728,0.9290928,0.000102462,Straight,Down,-0.04423466,-1.008362,Normal
466.3998,15.29072,0,-0.1414508,0.1587244,0,0.008568406,8401.339,0.9295614,8.88192E-05,Straight,Down,-0.03956468,-1.007668,Normal
466.4398,15.28669,0,-0.1414508,0.1587244,0,0.005605727,8401.95,0.929948,7.61201E-05,Straight,Down,-0.04423466,-1.006989,Normal
466.4798,15.28294,0,-0.1414508,0.1587244,0,0.002311021,8402.562,0.9300811,6.443924E-05,Straight,Down,-0.03956468,-1.006294,Normal
466.5198,15.27921,0,-0.1414508,0.1587244,0,-0.001369953,8403.173,0.930058,5.371041E-05,Straight,Down,-0.03956468,-1.005615,Normal
466.5598,15.2755,0,-0.1414508,0.1587244,0,-0.005243093,8403.784,0.9300361,4.39667E-05,Straight,Down,-0.04423466,-1.004921,Normal
466.5998,15.27182,0,-0.1414508,0.1587244,0,-0.009388208,8404.396,0.9300237,3.519985E-05,Straight,Down,-0.03956468,-1.004242,Normal
466.6398,15.26812,0,-0.1414508,0.1587244,0,-0.01386264,8405.007,0.9298586,2.73933E-05,Straight,Down,-0.03956468,-1.003548,Normal
466.6798,15.26444,0,-0.1414508,0.1587244,0,-0.01871598,8405.618,0.9296517,2.057188E-05,Straight,Down,-0.03956468,-1.002869,Normal
466.7198,15.26078,0,-0.1414508,0.1587244,0,-0.02367973,8406.229,0.9295111,1.472731E-05,Straight,Down,-0.03956468,-1.002174,Normal
466.7598,15.25695,0,-0.1414508,0.1587244,0,-0.02900729,8406.84,0.929771,9.843045E-06,Straight,Down,-0.04423466,-1.001488,Normal
466.7998,15.25299,0,-0.1414508,0.1587244,0,-0.03484392,8407.449,0.9303167,5.935629E-06,Straight,Down,-0.04423466,-1.000801,Normal
466.8398,15.24909,0,-0.1423663,0.1587244,0,-0.04090875,8408.059,0.9299642,3.013346E-06,Straight,Down,-0.04423466,-1.000114,Normal
466.8798,15.24484,0,-0.1478595,0.1587244,0,-0.04741991,8408.668,0.9294038,1.076195E-06,Straight,Down,-0.04845664,-0.9994278,Normal
466.9198,15.24064,0,-0.1615924,0.154757,0,-0.05428943,8409.277,0.9288394,9.106265E-08,Straight,Down,-0.04845664,-0.9975281,Normal
466.9598,15.23574,0,-0.1734942,0.1468223,0,-0.06155917,8409.887,0.9285877,9.106265E-08,Left,Down,-0.05233916,-0.9955139,Normal
466.9998,15.22986,0,-0.1899755,0.1190356,0,-0.06928995,8410.496,0.9282625,1.076195E-06,Straight,Down,-0.04845664,-0.9934921,Normal
467.0398,15.21789,0,-0.1963842,0.09523156,0,-0.07344282,8411.105,0.928407,3.013346E-06,Left,Down,-0.05233916,-0.9914703,Normal
467.0798,15.20011,0,-0.1972997,0.07936218,0,-0.07572711,8411.713,0.9288721,5.935629E-06,Straight,Down,-0.04845664,-0.9894485,Normal
467.1198,15.17859,0,-0.1972997,0.07936218,0,-0.07830933,8412.32,0.9294692,9.843045E-06,Left,Down,-0.05233916,-0.987442,Normal
467.1598,15.15718,0,-0.1972997,0.07936218,0,-0.08126464,8412.927,0.929795,1.472731E-05,Left,Down,-0.05233916,-0.9854279,Normal
467.1998,15.13609,0,-0.1972997,0.07936218,0,-0.08457834,8413.532,0.9299847,2.057188E-05,Left,Down,-0.05233916,-0.9834213,Normal
467.2398,15.11512,0,-0.1972997,0.07936218,0,-0.088047,8414.138,0.9300454,2.73933E-05,Straight,Down,-0.04845664,-0.9814148,Normal
467.2798,15.09424,0,-0.1972997,0.07936218,0,-0.09192014,8414.741,0.9300345,3.517502E-05,Straight,Down,-0.04845664,-0.9794083,Normal
467.3198,15.07343,0,-0.1972997,0.07936218,0,-0.09631747,8415.345,0.9300452,4.39667E-05,Straight,Down,-0.04845664,-0.9774017,Normal
467.3598,15.05269,0,-0.1972997,0.07936218,0,-0.1009504,8415.946,0.9298697,5.371041E-05,Straight,Down,-0.04845664,-0.9754105,Normal
467.3998,15.03186,0,-0.1972997,0.07936218,0,-0.1059939,8416.548,0.9299579,6.440613E-05,Left,Down,-0.05233916,-0.9734116,Normal
467.4398,15.01083,0,-0.2018774,0.07936218,0,-0.1115659,8417.148,0.9305381,7.61201E-05,Left,Down,-0.05233916,-0.9714127,Normal
467.4798,14.98983,0,-0.2092016,0.07936218,0,-0.1176126,8417.748,0.9306297,8.878608E-05,Left,Down,-0.05233916,-0.9694214,Normal
467.5198,14.96867,0,-0.2256811,0.1031662,0,-0.1239122,8418.348,0.9298848,0.0001024372,Left,Down,-0.05233916,-0.9674225,Normal
467.5598,14.95167,0,-0.2320898,0.1071336,0,-0.1307193,8418.945,0.9291896,0.0001170403,Straight,Down,-0.04845664,-0.9654388,Normal
467.5998,14.9368,0,-0.2384984,0.1111009,0,-0.1380894,8419.543,0.9284909,0.0001326534,Left,Down,-0.05595291,-0.9634399,Normal
467.6398,14.92292,0,-0.2430761,0.1190356,0,-0.1454793,8420.141,0.9279467,0.0001492268,Left,Down,-0.05934703,-0.9610901,Normal
467.6798,14.91067,0,-0.2430761,0.1388876,0,-0.147798,8420.736,0.9285496,0.0001667523,Left,Down,-0.06255726,-0.9579926,Normal
467.7198,14.90266,0,-0.2439916,0.1468223,0,-0.1505476,8421.332,0.9290946,0.0001852877,Left,Down,-0.05934703,-0.954895,Normal
467.7598,14.89669,0,-0.2439916,0.1468223,0,-0.15374,8421.928,0.9297227,0.0002047751,Left,Down,-0.06255726,-0.9518051,Normal
467.7998,14.89084,0,-0.2494848,0.1468223,0,-0.1572122,8422.523,0.9300922,0.0002252476,Left,Down,-0.05934703,-0.9487076,Normal
467.8398,14.88518,0,-0.2494848,0.1468223,0,-0.1613085,8423.119,0.9302884,0.0002466804,Left,Down,-0.06255726,-0.9456253,Normal
467.8798,14.87955,0,-0.2504003,0.1468223,0,-0.1658174,8423.715,0.9303038,0.0002690901,Left,Down,-0.06255726,-0.9425278,Normal
467.9198,14.87396,0,-0.2513158,0.1468223,0,-0.1709505,8424.311,0.9301714,0.000292485,Left,Down,-0.06255726,-0.9394379,Normal
467.9598,14.86841,0,-0.2513158,0.1468223,0,-0.1763404,8424.906,0.9303255,0.0003168318,Left,Down,-0.05934703,-0.9363403,Normal
467.9998,14.86234,0,-0.2513158,0.1468223,0,-0.1825098,8425.5,0.9308766,0.0003421969,Left,Down,-0.06255726,-0.9332428,Normal
468.0398,14.85633,0,-0.2513158,0.1468223,0,-0.1891779,8426.094,0.9313251,0.000368514,Left,Down,-0.05934703,-0.9301529,Normal
468.0798,14.84998,0,-0.2513158,0.1468223,0,-0.1962125,8426.688,0.930442,0.0003957831,Left,Down,-0.06255726,-0.9270554,Normal
468.1198,14.84377,0,-0.2513158,0.1468223,0,-0.2038197,8427.281,0.9295742,0.0004240291,Left,Down,-0.06255726,-0.9239731,Normal
468.1598,14.8384,0,-0.2549779,0.1468223,0,-0.2119634,8427.875,0.9283844,0.0004532685,Left,Down,-0.06255726,-0.9208755,Normal
468.1998,14.83256,0,-0.2549779,0.1468223,0,-0.2167916,8428.469,0.9283863,0.0004834847,Left,Down,-0.06255726,-0.9177933,Normal
468.2398,14.82652,0,-0.2549779,0.1507896,0,-0.2199778,8429.063,0.9288384,0.0005146944,Left,Down,-0.06852804,-0.9147034,Normal
468.2798,14.82098,0,-0.2549779,0.1587244,0,-0.2237967,8429.656,0.9294969,0.0005468146,Left,Down,-0.07132626,-0.9111557,Normal
468.3198,14.81714,0,-0.2549779,0.1587244,0,-0.2279697,8430.248,0.930069,0.0005799615,Left,Down,-0.07132626,-0.9070282,Normal
468.3598,14.81393,0,-0.2558935,0.1587244,0,-0.2329625,8430.84,0.9303479,0.000614052,Left,Down,-0.07132626,-0.9028854,Normal
468.3998,14.81083,0,-0.2558935,0.1587244,0,-0.238335,8431.432,0.9305494,0.0006491277,Left,Down,-0.07132626,-0.8987503,Normal
468.4398,14.80763,0,-0.256809,0.1587244,0,-0.2442232,8432.023,0.9306124,0.0006851885,Left,Down,-0.07132626,-0.8946075,Normal
468.4798,14.80416,0,-0.256809,0.1587244,0,-0.2507704,8432.615,0.931242,0.0007222013,Left,Down,-0.07132626,-0.8904724,Normal
468.5198,14.80068,0,-0.256809,0.1626917,0,-0.2579134,8433.207,0.9320488,0.0007601993,Left,Down,-0.07132626,-0.8863297,Normal
468.5598,14.79761,0,-0.256809,0.1626917,0,-0.2654567,8433.799,0.9310565,0.0007991824,Left,Down,-0.07132626,-0.8821945,Normal
468.5998,14.79479,0,-0.256809,0.166659,0,-0.2736481,8434.391,0.9299737,0.0008391175,Left,Down,-0.07132626,-0.8780441,Normal
468.6398,14.79369,0,-0.256809,0.166659,0,-0.2823277,8434.982,0.9284863,0.0008800377,Left,Down,-0.07132626,-0.873909,Normal
468.6798,14.79215,0,-0.2613866,0.166659,0,-0.2863036,8435.574,0.9287392,0.00092191,Left,Down,-0.07132626,-0.8697662,Normal
468.7198,14.79037,0,-0.274204,0.166659,0,-0.2902681,8436.166,0.9292822,0.0009647922,Left,Down,-0.07132626,-0.8656311,Normal
468.7598,14.78823,0,-0.2870214,0.166659,0,-0.2947941,8436.758,0.9298867,0.001008635,Left,Down,-0.07661668,-0.861496,Normal
468.7998,14.78619,0,-0.3108269,0.1706264,0,-0.2998911,8437.35,0.9304223,0.001053429,Left,Down,-0.08156469,-0.8573532,Normal
468.8398,14.78526,0,-0.3282219,0.1706264,0,-0.3054779,8437.941,0.9307694,0.001099201,Left,Down,-0.08156469,-0.8524094,Normal
468.8798,14.78462,0,-0.3447014,0.1706264,0,-0.3118391,8438.533,0.9311128,0.001145966,Left,Down,-0.08156469,-0.8472214,Normal
468.9198,14.78307,0,-0.3620964,0.1706264,0,-0.3191894,8439.125,0.9318997,0.001193707,Left,Down,-0.08156469,-0.8420258,Normal
468.9598,14.78146,0,-0.3758293,0.1706264,0,-0.3268673,8439.717,0.9323065,0.001242376,Left,Down,-0.08392937,-0.8368301,Normal
468.9998,14.77971,0,-0.3987175,0.1706264,0,-0.3350828,8440.309,0.9310061,0.001292055,Left,Down,-0.08156469,-0.8316345,Normal
469.0398,14.77922,0,-0.4097039,0.1706264,0,-0.3439679,8440.9,0.9291763,0.001342719,Left,Down,-0.08392937,-0.8264389,Normal
469.0798,14.77864,0,-0.4106212,0.1706264,0,-0.3496588,8441.492,0.9286945,0.001394335,Left,Down,-0.08156469,-0.8212433,Normal
469.1198,14.77725,0,-0.4106212,0.1706264,0,-0.3542235,8442.084,0.9292513,0.001446911,Left,Down,-0.08392937,-0.8160477,Normal
469.1598,14.77563,0,-0.4060417,0.1706264,0,-0.3595201,8442.676,0.9298553,0.001500464,Left,Down,-0.08392937,-0.8108597,Normal
469.1998,14.77382,0,-0.4060417,0.1706264,0,-0.365767,8443.268,0.9304422,0.001555002,Left,Down,-0.08392937,-0.8056641,Normal
469.2398,14.77281,0,-0.4051262,0.1706264,0,-0.372129,8443.859,0.9308669,0.001610526,Left,Down,-0.08622923,-0.8004684,Normal
469.2798,14.77141,0,-0.4051262,0.1706264,0,-0.3794908,8444.451,0.9316336,0.001666968,Left,Down,-0.09487279,-0.7952728,Normal
469.3198,14.76965,0,-0.4051262,0.1706264,0,-0.3875495,8445.042,0.9328747,0.001724429,Left,Down,-0.09487279,-0.7891006,Normal
469.3598,14.76737,0,-0.4051262,0.1706264,0,-0.3962772,8445.632,0.9317788,0.001782866,Left,Down,-0.09487279,-0.7828217,Normal
469.3998,14.76649,0,-0.4051262,0.1706264,0,-0.4059463,8446.222,0.929831,0.001842206,Left,Down,-0.09487279,-0.776535,Normal
469.4398,14.76553,0,-0.4005486,0.1706264,0,-0.4126347,8446.812,0.928997,0.001902589,Left,Down,-0.09487279,-0.770256,Normal
469.4798,14.76415,0,-0.3932244,0.1706264,0,-0.4181815,8447.401,0.9292971,0.001963915,Left,Down,-0.09487279,-0.7639771,Normal
469.5198,14.7624,0,-0.3813225,0.1706264,0,-0.4245996,8447.991,0.9300131,0.002026268,Left,Down,-0.09487279,-0.7577133,Normal
469.5598,14.76034,0,-0.3703362,0.1706264,0,-0.4316464,8448.581,0.9308715,0.002089474,Left,Down,-0.09487279,-0.7514343,Normal
469.5998,14.75895,0,-0.363012,0.1706264,0,-0.4394814,8449.171,0.9316096,0.002153731,Left,Down,-0.09487279,-0.7451553,Normal
469.6398,14.75686,0,-0.363012,0.1706264,0,-0.4481953,8449.761,0.9329425,0.002218965,Left,Down,-0.09691329,-0.7388763,Normal
469.6798,14.75404,0,-0.363012,0.1706264,0,-0.457605,8450.351,0.9329666,0.002285101,Left,Down,-0.1046783,-0.7325897,Normal
469.7198,14.7527,0,-0.363012,0.1706264,0,-0.4675297,8450.94,0.9307672,0.002352272,Left,Down,-0.1083524,-0.725647,Normal
469.7598,14.75146,0,-0.363012,0.1706264,0,-0.4752949,8451.53,0.9296022,0.002420429,Left,Down,-0.1083524,-0.7182465,Normal
469.7998,14.75006,0,-0.363012,0.1745937,0,-0.4811823,8452.12,0.9298004,0.002489545,Left,Down,-0.1065312,-0.7108383,Normal
469.8398,14.74904,0,-0.363012,0.1864958,0,-0.4880003,8452.71,0.9304439,0.002559548,Left,Down,-0.1065312,-0.7034302,Normal
469.8798,14.74986,0,-0.3685051,0.1904631,0,-0.4955099,8453.3,0.9313609,0.002630593,Left,Down,-0.1065312,-0.6960373,Normal
469.9198,14.75156,0,-0.3749138,0.1904631,0,-0.5041679,8453.89,0.9329382,0.002702632,Left,Down,-0.1083524,-0.6886139,Normal
469.9598,14.75308,0,-0.3813225,0.1904631,0,-0.5134014,8454.479,0.9343703,0.002775581,Left,Down,-0.1083524,-0.6811981,Normal
469.9998,14.75558,0,-0.399633,0.1904631,0,-0.5232243,8455.069,0.931971,0.002849524,Left,Down,-0.1083524,-0.6737747,Normal
470.0398,14.75837,0,-0.422523,0.1904631,0,-0.5314769,8455.659,0.9303036,0.002924444,Left,Down,-0.1170339,-0.6663513,Normal
470.0798,14.76092,0,-0.4472423,0.1904631,0,-0.5371586,8456.249,0.9302315,0.003000357,Left,Down,-0.1219466,-0.6584473,Normal
470.1198,14.76288,0,-0.4655528,0.1944305,0,-0.5440031,8456.839,0.9308567,0.003077181,Left,Down,-0.1219466,-0.649826,Normal
470.1598,14.7658,0,-0.4701304,0.1944305,0,-0.5517814,8457.429,0.9321857,0.003154998,Left,Down,-0.1219466,-0.6412125,Normal
470.1998,14.76735,0,-0.4701304,0.1944305,0,-0.5606975,8458.019,0.934221,0.003233792,Left,Down,-0.1219466,-0.6325912,Normal
470.2398,14.76881,0,-0.4646373,0.1944305,0,-0.5702996,8458.608,0.9338909,0.003313579,Left,Down,-0.1219466,-0.6239548,Normal
470.2798,14.77233,0,-0.4637218,0.1944305,0,-0.580619,8459.2,0.9309388,0.003394253,Left,Down,-0.1219466,-0.6153183,Normal
470.3198,14.77561,0,-0.4637218,0.1944305,0,-0.5859684,8459.792,0.9309794,0.003475969,Left,Down,-0.1219466,-0.6066818,Normal
470.3598,14.77878,0,-0.4637218,0.1944305,0,-0.5923097,8460.384,0.9311865,0.003558637,Left,Down,-0.1297215,-0.5980377,Normal
470.3998,14.78115,0,-0.4637218,0.1944305,0,-0.5997807,8460.976,0.9324778,0.003642233,Left,Down,-0.1356209,-0.5890961,Normal
470.4398,14.78119,0,-0.4637218,0.1944305,0,-0.6081625,8461.567,0.9348291,0.003726813,Left,Down,-0.1370561,-0.5791931,Normal
470.4798,14.78263,0,-0.4637218,0.1983978,0,-0.6171744,8462.159,0.934022,0.003812404,Left,Down,-0.1356209,-0.5692825,Normal
470.5198,14.78648,0,-0.4637218,0.1983978,0,-0.6257432,8462.751,0.931336,0.00389898,Left,Down,-0.1370561,-0.5593719,Normal
470.5598,14.79023,0,-0.4637218,0.1983978,0,-0.6305289,8463.343,0.9313368,0.003986425,Left,Down,-0.1370561,-0.5494614,Normal
470.5998,14.79368,0,-0.4637218,0.1983978,0,-0.6365583,8463.935,0.9315835,0.004074905,Left,Down,-0.1356209,-0.5395508,Normal
470.6398,14.79531,0,-0.4637218,0.1983978,0,-0.6438732,8464.526,0.9339694,0.004164345,Left,Down,-0.1440177,-0.5296326,Normal
470.6798,14.79592,0,-0.4637218,0.1983978,0,-0.6520181,8465.118,0.9353651,0.004254704,Left,Down,-0.1519511,-0.5195923,Normal
470.7198,14.79946,0,-0.4637218,0.1983978,0,-0.6609514,8465.71,0.931686,0.004346106,Left,Down,-0.1519511,-0.5083313,Normal
470.7598,14.80283,0,-0.4637218,0.1983978,0,-0.6652957,8466.302,0.9319098,0.004438435,Left,Down,-0.1532334,-0.4970779,Normal
470.7998,14.806,0,-0.4655528,0.1983978,0,-0.6704931,8466.894,0.9322532,0.00453175,Left,Down,-0.1519511,-0.485817,Normal
470.8398,14.80714,0,-0.4655528,0.1983978,0,-0.6772442,8467.485,0.9349452,0.004625983,Left,Down,-0.1519511,-0.4745483,Normal
470.8798,14.80773,0,-0.4655528,0.1983978,0,-0.6845365,8468.077,0.9352948,0.004721226,Left,Down,-0.1557664,-0.4632797,Normal
470.9198,14.8106,0,-0.4701304,0.1983978,0,-0.6907756,8468.669,0.9322855,0.004817429,Left,Down,-0.165511,-0.4520111,Normal
470.9598,14.81357,0,-0.4774547,0.1983978,0,-0.6938639,8469.261,0.9325085,0.00491456,Left,Down,-0.1690205,-0.4398193,Normal
470.9998,14.81587,0,-0.4939342,0.1983978,0,-0.6982856,8469.853,0.9337434,0.005012692,Left,Down,-0.1678588,-0.4271088,Normal
471.0398,14.81537,0,-0.530557,0.1983978,0,-0.7037781,8470.444,0.9369091,0.005111819,Left,Down,-0.1690205,-0.4144058,Normal
471.0798,14.81595,0,-0.5543607,0.1983978,0,-0.7101295,8471.036,0.9343686,0.005211863,Left,Down,-0.1690205,-0.4016876,Normal
471.1198,14.81702,0,-0.5891508,0.2023651,0,-0.7118836,8471.628,0.9335129,0.005312868,Left,Down,-0.174713,-0.3889694,Normal
471.1598,14.81926,0,-0.6019682,0.2063325,0,-0.7145803,8472.22,0.9323969,0.005414875,Left,Down,-0.1845175,-0.376236,Normal
471.1998,14.82097,0,-0.6129545,0.2063325,0,-0.7189372,8472.813,0.9328097,0.005517842,Left,Down,-0.1866263,-0.3622971,Normal
471.2398,14.82104,0,-0.61387,0.2063325,0,-0.7237272,8473.407,0.9342215,0.005621678,Left,Down,-0.1876719,-0.348053,Normal
471.2798,14.82142,0,-0.6147856,0.2063325,0,-0.7239594,8474.001,0.9329526,0.005726582,Left,Down,-0.1876719,-0.3338165,Normal
471.3198,14.82409,0,-0.6147856,0.2063325,0,-0.7251471,8474.595,0.931219,0.005832472,Left,Down,-0.1897456,-0.3195801,Normal
471.3598,14.82415,0,-0.6147856,0.2063325,0,-0.7276838,8475.188,0.9321726,0.00593928,Left,Down,-0.2007689,-0.305336,Normal
471.3998,14.82425,0,-0.6147856,0.2063325,0,-0.7277692,8475.782,0.933631,0.006046982,Left,Down,-0.2055842,-0.2902756,Normal
471.4398,14.82411,0,-0.6239408,0.2063325,0,-0.7263278,8476.376,0.9323708,0.006155736,Left,Down,-0.2065338,-0.2744598,Normal
471.4798,14.82409,0,-0.631265,0.2063325,0,-0.7259752,8476.97,0.9323921,0.006265466,Left,Down,-0.2055842,-0.2586365,Normal
471.5198,14.82534,0,-0.6495774,0.2103151,0,-0.7242116,8477.563,0.934581,0.006376124,Left,Down,-0.2112177,-0.2427979,Normal
471.5598,14.82535,0,-0.6614792,0.2103151,0,-0.7198389,8478.157,0.9338991,0.006487676,Left,Down,-0.2229358,-0.2269745,Normal
471.5998,14.82787,0,-0.6843674,0.2103151,0,-0.7167156,8478.751,0.9331903,0.006600295,Left,Down,-0.2264194,-0.2098846,Normal
471.6398,14.82827,0,-0.7035935,0.2103151,0,-0.7143953,8479.345,0.9359196,0.006713876,Left,Down,-0.2255535,-0.1923676,Normal
471.6798,14.82882,0,-0.7154953,0.2103151,0,-0.7079024,8479.938,0.9355487,0.006828283,Left,Down,-0.2272819,-0.1748505,Normal
471.7198,14.83088,0,-0.7246506,0.2103151,0,-0.7027259,8480.532,0.9346908,0.006943767,Left,Down,-0.2398483,-0.157341,Normal
471.7598,14.8314,0,-0.7255661,0.2182498,0,-0.6987181,8481.126,0.9353548,0.007060236,Left,Flat,-0.2478722,-0.1391068,Normal
471.7998,14.83459,0,-0.7255661,0.2658579,0,-0.692737,8481.72,0.9369211,0.007177657,Left,Flat,-0.2470816,-0.1198044,Normal
471.8398,14.84669,0,-0.7255661,0.309514,0,-0.6851625,8482.313,0.9363748,0.007295915,Left,Flat,-0.2502292,-0.100502,Normal
471.8798,14.87272,0,-0.7255661,0.309514,0,-0.6786556,8482.908,0.9350677,0.007415273,Left,Flat,-0.2639296,-0.08117676,Normal
471.9198,14.89596,0,-0.7255661,0.309514,0,-0.6734067,8483.504,0.9363084,0.00753555,Left,Flat,-0.2719625,-0.06182098,Normal
471.9598,14.91832,0,-0.7255661,0.309514,0,-0.6653116,8484.101,0.9370884,0.007656697,Left,Flat,-0.2712421,-0.04244995,Normal
471.9998,14.9401,0,-0.7255661,0.309514,0,-0.6567286,8484.698,0.9368567,0.007778919,Left,Flat,-0.2846186,-0.02305603,Normal
472.0398,14.9645,0,-0.7255661,0.2856947,0,-0.6493756,8485.296,0.9354531,0.007902118,Left,Flat,-0.3083766,-0.003646851,Normal
472.0798,14.98558,0,-0.7255661,0.2817273,0,-0.6436948,8485.896,0.9362286,0.008026245,Left,Flat,-0.3109043,-0.01213837,Normal
472.1198,15.00215,0,-0.7255661,0.27776,0,-0.6359,8486.495,0.937454,0.008151242,Left,Flat,-0.3064671,-0.0228653,Normal
472.1598,15.01791,0,-0.7255661,0.2737926,0,-0.6267911,8487.096,0.937452,0.008277272,Left,Flat,-0.2960753,-0.03359222,Normal
472.1998,15.03198,0,-0.7255661,0.2737926,0,-0.6186231,8487.697,0.9363912,0.008404321,Left,Flat,-0.2920831,-0.04385376,Normal
472.2398,15.05045,0,-0.7255661,0.2698253,0,-0.6120526,8488.299,0.9356299,0.008532198,Left,Flat,-0.2914124,-0.05393982,Normal
472.2798,15.0642,0,-0.7255661,0.2698253,0,-0.6061432,8488.901,0.9379649,0.008661093,Left,Flat,-0.2804634,-0.06403351,Normal
472.3198,15.078,0,-0.7255661,0.2698253,0,-0.5963674,8489.505,0.9378652,0.008790973,Left,Flat,-0.2741124,-0.07389832,Normal
472.3598,15.09153,0,-0.7255661,0.2698253,0,-0.5879747,8490.108,0.9377393,0.008921838,Left,Flat,-0.2741124,-0.08335114,Normal
472.3998,15.10612,0,-0.7191575,0.2698253,0,-0.5808011,8490.712,0.9361224,0.009053565,Left,Flat,-0.2690692,-0.09281921,Normal
472.4398,15.12177,0,-0.7127488,0.2936446,0,-0.5753354,8491.317,0.9365529,0.009186276,Left,Flat,-0.2579304,-0.1022949,Normal
472.4798,15.14207,0,-0.702678,0.2936446,0,-0.5694404,8491.923,0.9384367,0.009319997,Left,Flat,-0.2564087,-0.1112671,Normal
472.5198,15.16178,0,-0.6797898,0.2936446,0,-0.5608267,8492.529,0.938522,0.009454704,Left,Flat,-0.2564087,-0.1201172,Normal
472.5598,15.18057,0,-0.6477463,0.2936446,0,-0.5534659,8493.137,0.9384248,0.009590181,Left,Flat,-0.2502292,-0.1289749,Normal
472.5998,15.20084,0,-0.5955595,0.2936446,0,-0.5471551,8493.744,0.9369307,0.009726799,Left,Flat,-0.2390311,-0.1378479,Normal
472.6398,15.22254,0,-0.5488676,0.2936446,0,-0.5424035,8494.354,0.9367441,0.009864337,Left,Flat,-0.2382111,-0.1461029,Normal
472.6798,15.24187,0,-0.5314726,0.2936446,0,-0.5385752,8494.963,0.9390002,0.01000274,Left,Down,-0.2390311,-0.1543503,Normal
472.7198,15.2613,0,-0.5296415,0.2936446,0,-0.5302125,8495.573,0.9390404,0.01014215,Left,Down,-0.234068,-0.1626129,Normal
472.7598,15.28031,0,-0.5250621,0.2936446,0,-0.5232357,8496.185,0.9391282,0.01028258,Left,Down,-0.2229358,-0.1708832,Normal
472.7998,15.29993,0,-0.5168223,0.2936446,0,-0.5172741,8496.796,0.9382487,0.01042397,Left,Down,-0.2211734,-0.1786423,Normal
472.8398,15.32097,0,-0.4994273,0.2936446,0,-0.5129097,8497.409,0.9367968,0.01056618,Left,Down,-0.2211734,-0.1862869,Normal
472.8798,15.34132,0,-0.4820323,0.2936446,0,-0.5101693,8498.022,0.9381936,0.01070941,Left,Down,-0.2211734,-0.1939468,Normal
472.9198,15.36095,0,-0.4518199,0.2936446,0,-0.5059885,8498.637,0.9397429,0.01085365,Left,Down,-0.2102893,-0.2016144,Normal
472.9598,15.38044,0,-0.4234385,0.2936446,0,-0.4992586,8499.252,0.9399893,0.01099873,Left,Down,-0.2036718,-0.2090225,Normal
472.9998,15.40003,0,-0.380407,0.2737926,0,-0.4936492,8499.867,0.9398988,0.01114488,Left,Down,-0.2046302,-0.2160797,Normal
473.0398,15.41708,0,-0.3447014,0.2737926,0,-0.489044,8500.484,0.9390885,0.01129193,Left,Down,-0.2046302,-0.2231522,Normal
473.0798,15.4333,0,-0.3392082,0.2737926,0,-0.485445,8501.102,0.9377639,0.01143999,Left,Down,-0.2027088,-0.2302246,Normal
473.1198,15.44988,0,-0.3392082,0.2737926,0,-0.483017,8501.719,0.9385388,0.01158887,Left,Down,-0.191797,-0.2372894,Normal
473.1598,15.46486,0,-0.3392082,0.2737926,0,-0.4806484,8502.338,0.9403755,0.01173885,Left,Down,-0.1876719,-0.2440033,Normal
473.1998,15.48,0,-0.3447014,0.2698253,0,-0.4739333,8502.957,0.9405161,0.0118897,Left,Down,-0.1876719,-0.250473,Normal
473.2398,15.4945,0,-0.363012,0.2698253,0,-0.4680263,8503.576,0.9403458,0.01204145,Left,Down,-0.1876719,-0.2569427,Normal
473.2798,15.50916,0,-0.3813225,0.2658579,0,-0.463302,8504.196,0.9399371,0.01219425,Left,Down,-0.1876719,-0.2634201,Normal
473.3198,15.52308,0,-0.3941399,0.2618906,0,-0.4594443,8504.817,0.9394076,0.01234803,Left,Down,-0.1780411,-0.2698975,Normal
473.3598,15.53656,0,-0.3941399,0.2618906,0,-0.4566423,8505.438,0.9385509,0.01250268,Left,Down,-0.1713202,-0.2761459,Normal
473.3998,15.55045,0,-0.3941399,0.2579232,0,-0.4551127,8506.06,0.9398122,0.01265825,Left,Down,-0.1713202,-0.2820129,Normal
473.4398,15.56216,0,-0.3941399,0.2539559,0,-0.4539049,8506.683,0.9414894,0.01281486,Left,Down,-0.1713202,-0.2878952,Normal
473.4798,15.5732,0,-0.3868157,0.2499886,0,-0.4476719,8507.306,0.9417236,0.01297242,Left,Down,-0.1713202,-0.2937698,Normal
473.5198,15.58378,0,-0.3758293,0.2460212,0,-0.4422157,8507.929,0.9414965,0.01313088,Left,Down,-0.1678588,-0.2996597,Normal
473.5598,15.59377,0,-0.3694206,0.2460212,0,-0.437628,8508.552,0.9411273,0.01329023,Left,Down,-0.1582588,-0.305542,Normal
473.5998,15.60348,0,-0.3675896,0.2420539,0,-0.4340448,8509.176,0.9408773,0.01345066,Left,Down,-0.1545051,-0.3110123,Normal
473.6398,15.61224,0,-0.3566033,0.2420539,0,-0.4313675,8509.801,0.9402865,0.013612,Left,Down,-0.1557664,-0.3162918,Normal
473.6798,15.62133,0,-0.3392082,0.2420539,0,-0.4295841,8510.426,0.9397859,0.01377416,Left,Down,-0.1545051,-0.3215714,Normal
473.7198,15.63038,0,-0.3035027,0.2420539,0,-0.4288128,8511.051,0.9413241,0.01393742,Left,Down,-0.1545051,-0.3268585,Normal
473.7598,15.6386,0,-0.2632177,0.2420539,0,-0.4272873,8511.676,0.9428006,0.0141016,Left,Down,-0.1545051,-0.3321381,Normal
473.7998,15.64679,0,-0.2128637,0.2420539,0,-0.4213013,8512.301,0.9429922,0.0142667,Left,Down,-0.1440177,-0.3374252,Normal
473.8398,15.65542,0,-0.1615924,0.2420539,0,-0.4158773,8512.928,0.9428865,0.0144327,Left,Down,-0.1384764,-0.342453,Normal
473.8798,15.66446,0,-0.1368731,0.2420539,0,-0.4113466,8513.555,0.9425363,0.01459974,Left,Down,-0.1370561,-0.3471375,Normal
473.9198,15.67322,0,-0.1231402,0.2420539,0,-0.4072626,8514.182,0.9423795,0.01476774,Left,Down,-0.1384764,-0.3518295,Normal
473.9598,15.68173,0,-0.1231402,0.2420539,0,-0.4039115,8514.809,0.9421943,0.01493651,Left,Down,-0.1384764,-0.3565063,Normal
473.9998,15.69072,0,-0.1231402,0.2420539,0,-0.4011094,8515.436,0.941762,0.01510638,Left,Down,-0.1384764,-0.3611908,Normal
474.0398,15.69992,0,-0.1194781,0.2420539,0,-0.3991631,8516.063,0.9417754,0.01527721,Left,Down,-0.1384764,-0.3658676,Normal
474.0798,15.7091,0,-0.1121539,0.2420539,0,-0.3979015,8516.692,0.9430046,0.01544899,Left,Down,-0.1297215,-0.3705521,Normal
474.1198,15.71742,0,-0.0892657,0.2261845,0,-0.3962357,8517.321,0.9444369,0.01562155,Left,Down,-0.1219466,-0.3750458,Normal
474.1598,15.72265,0,-0.07095516,0.2182498,0,-0.3894437,8517.95,0.9446028,0.01579521,Left,Down,-0.1219466,-0.3791275,Normal
474.1998,15.72595,0,-0.04074097,0.1904631,0,-0.3829918,8518.579,0.9444118,0.01596981,Left,Down,-0.1219466,-0.3832016,Normal
474.2398,15.72463,0,-0.01602173,0.1626917,0,-0.3771073,8519.208,0.9440235,0.0161452,Left,Down,-0.1219466,-0.3872757,Normal
474.2798,15.71691,0,-0.0050354,0.1468223,0,-0.3715984,8519.837,0.9438759,0.0163217,Left,Down,-0.1235407,-0.3913498,Normal
474.3198,15.7053,0,0.0050354,0.1388876,0,-0.3664913,8520.466,0.9438537,0.01649914,Left,Down,-0.1219466,-0.3954163,Normal
474.3598,15.69172,0,0.00869751,0.1388876,0,-0.3616591,8521.094,0.9439898,0.01667754,Left,Down,-0.1219466,-0.3994827,Normal
474.3998,15.67813,0,0.00869751,0.1349203,0,-0.3570496,8521.721,0.943824,0.01685667,Left,Down,-0.1119058,-0.4035416,Normal
474.4398,15.66408,0,0.00869751,0.1111009,0,-0.3526049,8522.348,0.9434169,0.01703692,Left,Down,-0.1046783,-0.4073792,Normal
474.4798,15.64535,0,0.00869751,0.09126421,0,-0.3486475,8522.974,0.9442836,0.01721815,Left,Down,-0.1065312,-0.4107971,Normal
474.5198,15.62205,0,0.00869751,0.06746013,0,-0.3451059,8523.599,0.9452121,0.01740018,Left,Down,-0.1065312,-0.4142227,Normal
474.5598,15.5934,0,0.00869751,0.0555581,0,-0.3403466,8524.223,0.9462698,0.0175832,Left,Down,-0.1046783,-0.4176407,Normal
474.5998,15.56197,0,0.00869751,0.05159075,0,-0.3302482,8524.846,0.946286,0.01776723,Left,Down,-0.1065312,-0.421051,Normal
474.6398,15.52979,0,0.00869751,0.05159075,0,-0.3203005,8525.467,0.9461573,0.01795221,Left,Down,-0.1046783,-0.4244537,Normal
474.6798,15.49765,0,0.00869751,0.05159075,0,-0.3104145,8526.087,0.9459577,0.01813793,Left,Down,-0.1065312,-0.4278488,Normal
474.7198,15.4656,0,0.00869751,0.05159075,0,-0.300924,8526.706,0.9458619,0.01832479,Left,Down,-0.1065312,-0.4312363,Normal
474.7598,15.43359,0,0.00869751,0.05159075,0,-0.2915792,8527.323,0.9458886,0.01851258,Left,Down,-0.09891172,-0.4346161,Normal
474.7998,15.40165,0,0.00869751,0.05159075,0,-0.2823847,8527.939,0.9459691,0.01870132,Left,Down,-0.08846933,-0.4379578,Normal
474.8398,15.36979,0,-0.0004577637,0.05159075,0,-0.2732673,8528.555,0.9461368,0.01889081,Left,Down,-0.08846933,-0.4406815,Normal
474.8798,15.33802,0,-0.01602173,0.05159075,0,-0.2643889,8529.168,0.9462978,0.01908139,Left,Down,-0.08846933,-0.4433975,Normal
474.9198,15.30648,0,-0.02883911,0.05159075,0,-0.255456,8529.78,0.946444,0.01927296,Left,Down,-0.08846933,-0.4461136,Normal
474.9598,15.27513,0,-0.0352478,0.05159075,0,-0.2464924,8530.392,0.9463149,0.0194653,Left,Down,-0.08846933,-0.448822,Normal
474.9998,15.24401,0,-0.04714966,0.05159075,0,-0.2377384,8531.002,0.9464763,0.01965866,Left,Down,-0.08846933,-0.4515305,Normal
475.0398,15.213,0,-0.06637752,0.04365606,0,-0.2290743,8531.611,0.9470524,0.01985303,Left,Down,-0.08846933,-0.4542236,Normal
475.0798,15.18071,0,-0.08285701,0.01190204,0,-0.2206105,8532.219,0.9477947,0.02004833,Left,Down,-0.08846933,-0.4569092,Normal
475.1198,15.14198,0,-0.100252,0,0,-0.2121882,8532.825,0.9484587,0.0202444,Left,Down,-0.08846933,-0.4595947,Normal
475.1598,15.09969,0,-0.1011676,0,0,-0.1992433,8533.43,0.948689,0.0204415,Left,Down,-0.08846933,-0.4622726,Normal
475.1998,15.05782,0,-0.1011676,0,0,-0.184189,8534.032,0.9486104,0.02063961,Left,Down,-0.08622923,-0.4649429,Normal
475.2398,15.01612,0,-0.1011676,0,0,-0.1693213,8534.634,0.948436,0.0208385,Left,Down,-0.07401875,-0.467598,Normal
475.2798,14.97444,0,-0.1011676,0,0,-0.1544847,8535.233,0.9483896,0.02103848,Left,Down,-0.07132626,-0.4698486,Normal
475.3198,14.93289,0,-0.1011676,0,0,-0.1396372,8535.831,0.9485123,0.02123932,Left,Down,-0.07132626,-0.4718094,Normal
475.3598,14.89142,0,-0.1048297,0,0,-0.1249931,8536.427,0.9484944,0.02144117,Left,Down,-0.07132626,-0.4737625,Normal
475.3998,14.85005,0,-0.1121539,0,0,-0.1106171,8537.021,0.948619,0.0216438,Left,Down,-0.06852804,-0.4757004,Normal
475.4398,14.8088,0,-0.1194781,0,0,-0.09635079,8537.614,0.9487834,0.02184749,Left,Down,-0.07132626,-0.4776382,Normal
475.4798,14.76766,0,-0.1240557,0,0,-0.0823262,8538.205,0.9490445,0.02205205,Left,Down,-0.06852804,-0.4795685,Normal
475.5198,14.72665,0,-0.1249713,0,0,-0.06849146,8538.795,0.9492971,0.02225748,Left,Down,-0.06852804,-0.4814911,Normal
475.5598,14.68577,0,-0.1249713,0,0,-0.05476171,8539.383,0.9494775,0.02246398,Left,Down,-0.06852804,-0.4834137,Normal
475.5998,14.645,0,-0.13138,0,0,-0.04135004,8539.969,0.9496327,0.02267141,Left,Down,-0.06852804,-0.4853287,Normal
475.6398,14.60436,0,-0.1533526,0,0,-0.02817315,8540.554,0.9498197,0.02287972,Left,Down,-0.07132626,-0.487236,Normal
475.6798,14.56385,0,-0.1789892,0,0,-0.01515317,8541.137,0.950011,0.02308888,Left,Down,-0.06852804,-0.4891434,Normal
475.7198,14.52345,0,-0.2265966,0,0,-0.002526432,8541.718,0.9502392,0.02329907,Left,Down,-0.06852804,-0.4910431,Normal
475.7598,14.48323,0,-0.2558935,0,0,0.009832978,8542.298,0.9503692,0.02351026,Left,Down,-0.06852804,-0.4929352,Normal
475.7998,14.44321,0,-0.2796972,0,0,0.02184254,8542.876,0.9502727,0.02372224,Left,Down,-0.07132626,-0.4948196,Normal
475.8398,14.40329,0,-0.2815282,0,0,0.03342476,8543.452,0.9501159,0.02393511,Left,Down,-0.05595291,-0.4966965,Normal
475.8798,14.36354,0,-0.2815282,0,0,0.04470828,8544.027,0.9504962,0.02414907,Straight,Down,-0.04423466,-0.4984741,Normal
475.9198,14.32398,0,-0.2796972,0,0,0.05553308,8544.601,0.9510521,0.02436385,Straight,Down,-0.04423466,-0.4994583,Normal
475.9598,14.28459,0,-0.2796972,0,0,0.06602857,8545.173,0.9515397,0.0245795,Straight,Down,-0.04423466,-0.5004425,Normal
475.9998,14.24532,0,-0.2796972,0,0,0.07620093,8545.743,0.9517747,0.02479623,Straight,Down,-0.04423466,-0.5014267,Normal
476.0398,14.20619,0,-0.2677953,0,0,0.08613464,8546.312,0.9519997,0.02501387,Straight,Down,-0.04423466,-0.5024109,Normal
476.0798,14.16717,0,-0.2549779,0,0,0.09581149,8546.879,0.952223,0.02523235,Straight,Down,-0.04423466,-0.5033875,Normal
476.1198,14.12816,0,-0.2311742,0,0,0.1050261,8547.444,0.9525819,0.02545173,Straight,Down,-0.04423466,-0.504364,Normal
476.1598,14.08934,0,-0.2073705,0,0,0.1160679,8548.009,0.9527702,0.02567214,Straight,Down,-0.04423466,-0.5053406,Normal
476.1998,14.05065,0,-0.1945531,0,0,0.1289062,8548.571,0.9527428,0.02589348,Straight,Down,-0.04423466,-0.5063095,Normal
476.2398,14.0121,0,-0.1799047,0,0,0.1414043,8549.132,0.9527053,0.02611554,Straight,Down,-0.04423466,-0.5072784,Normal
476.2798,13.97357,0,-0.1725787,0,0,0.1533701,8549.691,0.9526454,0.02633873,Straight,Down,-0.04423466,-0.5082474,Normal
476.3198,13.93512,0,-0.16617,0,0,0.1650263,8550.249,0.9528102,0.02656288,Straight,Down,-0.03956468,-0.5092087,Normal
476.3598,13.89676,0,-0.1652545,0,0,0.1761885,8550.806,0.9529972,0.02678792,Straight,Down,-0.04423466,-0.51017,Normal
476.3998,13.8585,0,-0.1652545,0.003967346,0,0.1868948,8551.36,0.9531374,0.02701364,Straight,Down,-0.04423466,-0.5111237,Normal
476.4398,13.82104,0,-0.1652545,0.007934691,0,0.1971442,8551.913,0.9534177,0.02724055,Straight,Down,-0.04423466,-0.5120773,Normal
476.4798,13.78451,0,-0.1652545,0.007934691,0,0.2070876,8552.465,0.9536822,0.02746836,Straight,Down,-0.04423466,-0.5130234,Normal
476.5198,13.74825,0,-0.1652545,0.01190204,0,0.2167273,8553.016,0.9539335,0.02769685,Straight,Down,-0.04423466,-0.5139771,Normal
476.5598,13.71284,0,-0.1652545,0.01586938,0,0.2260895,8553.564,0.9541202,0.02792651,Straight,Down,-0.04423466,-0.5149231,Normal
476.5998,13.67865,0,-0.1707476,0.01983673,0,0.2349435,8554.111,0.9544053,0.02815709,Straight,Down,-0.04845664,-0.5158691,Normal
476.6398,13.6455,0,-0.1734942,0.01983673,0,0.2433096,8554.657,0.9546219,0.0283886,Straight,Down,-0.04423466,-0.5167999,Normal
476.6798,13.61239,0,-0.1789892,0.01983673,0,0.2514995,8555.202,0.9549025,0.02862076,Straight,Down,-0.04845664,-0.517746,Normal
476.7198,13.57937,0,-0.1789892,0.01983673,0,0.2592636,8555.745,0.9551844,0.02885411,Straight,Down,-0.04423466,-0.5186844,Normal
476.7598,13.54644,0,-0.1789892,0.01983673,0,0.2667465,8556.287,0.9554317,0.02908836,Straight,Down,-0.04423466,-0.5196075,Normal
476.7998,13.51362,0,-0.1789892,0.02380407,0,0.2737477,8556.828,0.9556231,0.02932352,Straight,Down,-0.04845664,-0.520546,Normal
476.8398,13.4816,0,-0.1789892,0.02777142,0,0.2803352,8557.367,0.9558377,0.02955938,Straight,Down,-0.04423466,-0.5214691,Normal
476.8798,13.45074,0,-0.1789892,0.02777142,0,0.2868041,8557.905,0.9561326,0.0297964,Straight,Down,-0.03956468,-0.5223999,Normal
476.9198,13.41996,0,-0.1789892,0.02777142,0,0.2927725,8558.442,0.9562609,0.03003431,Straight,Down,0,-0.5233154,Normal
476.9598,13.38926,0,-0.1789892,0.02777142,0,0.2984514,8558.979,0.9564856,0.03027291,Straight,Down,0,-0.5238342,Normal
476.9998,13.35866,0,-0.1789892,0.02777142,0,0.3038197,8559.514,0.9567028,0.03051267,Straight,Down,0,-0.5230179,Normal
477.0398,13.32816,0,-0.1789892,0.02777142,0,0.3086447,8560.047,0.9569458,0.03075335,Straight,Down,0,-0.5222092,Normal
477.0798,13.29774,0,-0.1789892,0.02777142,0,0.3133121,8560.579,0.9572033,0.03099493,Straight,Down,0,-0.5214081,Normal
477.1198,13.26742,0,-0.1789892,0.02777142,0,0.3177613,8561.11,0.9574152,0.03123719,Straight,Down,0,-0.5205994,Normal
477.1598,13.23719,0,-0.1789892,0.03173877,0,0.3217654,8561.64,0.9576897,0.03148059,Straight,Down,0,-0.5197983,Normal
477.1998,13.20778,0,-0.1789892,0.03570611,0,0.3255584,8562.168,0.9579147,0.03172494,Straight,Down,0,-0.5189972,Normal
477.2398,13.17928,0,-0.1789892,0.03570611,0,0.3289623,8562.695,0.9581066,0.03197,Straight,Down,0,-0.5181961,Normal
477.2798,13.15099,0,-0.1789892,0.03570611,0,0.3321679,8563.222,0.958324,0.03221608,Straight,Down,0,-0.5174026,Normal
477.3198,13.12283,0,-0.1789892,0.04365606,0,0.3350446,8563.747,0.9585403,0.03246314,Straight,Down,0,-0.5166016,Normal
477.3598,13.09646,0,-0.1716632,0.04762341,0,0.3376501,8564.271,0.9587387,0.03271113,Straight,Down,0,-0.5158157,Normal
477.3998,13.07117,0,-0.1707476,0.0555581,0,0.3400192,8564.794,0.9589322,0.03295985,Straight,Down,0,-0.5150223,Normal
477.4398,13.04762,0,-0.1707476,0.05952545,0,0.3419618,8565.315,0.9591144,0.03320957,Straight,Down,0,-0.5142288,Normal
477.4798,13.02511,0,-0.1652545,0.05952545,0,0.3434999,8565.837,0.959438,0.03346027,Straight,Down,0,-0.513443,Normal
477.5198,13.00264,0,-0.1597613,0.05952545,0,0.3445862,8566.357,0.9596236,0.03371174,Straight,Down,0,-0.5126495,Normal
477.5598,12.98024,0,-0.1524371,0.05952545,0,0.3453948,8566.877,0.9598887,0.03396425,Straight,Down,0,-0.5118637,Normal
477.5998,12.95789,0,-0.1432818,0.05952545,0,0.3461394,8567.396,0.9600515,0.0342176,Straight,Down,0,-0.5110779,Normal
477.6398,12.93562,0,-0.1295489,0.05952545,0,0.3466373,8567.913,0.9603387,0.03447197,Straight,Down,0,-0.5102997,Normal
477.6798,12.9134,0,-0.1130694,0.05952545,0,0.3470255,8568.43,0.9606768,0.03472704,Straight,Down,0,-0.5095139,Normal
477.7198,12.89126,0,-0.0892657,0.06349279,0,0.3470325,8568.945,0.960862,0.03498323,Straight,Down,0,-0.5087357,Normal
477.7598,12.87012,0,-0.06637752,0.06746013,0,0.3469852,8569.461,0.9611019,0.03524018,Straight,Down,0,-0.5079575,Normal
477.7998,12.84994,0,-0.06363094,0.07142748,0,0.346731,8569.975,0.9612764,0.035498,Straight,Down,0,-0.5071793,Normal
477.8398,12.83072,0,-0.06363094,0.07142748,0,0.3461235,8570.488,0.9614434,0.03575689,Straight,Down,0,-0.5064011,Normal
477.8798,12.81154,0,-0.06363094,0.07142748,0,0.3454452,8571.001,0.9616474,0.03601668,Straight,Down,0,-0.5056305,Normal
477.9198,12.79241,0,-0.06363094,0.07539482,0,0.3446335,8571.513,0.9618618,0.03627728,Straight,Down,0,-0.5048523,Normal
477.9598,12.77425,0,-0.06363094,0.07539482,0,0.3433309,8572.024,0.9618871,0.0365387,Straight,Down,0,-0.5040817,Normal
477.9998,12.75611,0,-0.06363094,0.07539482,0,0.3420404,8572.534,0.9619906,0.0368012,Straight,Down,0,-0.5033035,Normal
478.0398,12.738,0,-0.06363094,0.07539482,0,0.3406441,8573.044,0.962157,0.0370645,Straight,Down,0,-0.502533,Normal
478.0798,12.71994,0,-0.0590533,0.07539482,0,0.3389464,8573.554,0.9625911,0.03732882,Straight,Down,0,-0.50177,Normal
478.1198,12.70197,0,-0.05813599,0.07539482,0,0.3371913,8574.062,0.9629462,0.03759385,Straight,Down,0,-0.5009995,Normal
478.1598,12.68406,0,-0.05813599,0.07936218,0,0.3352232,8574.569,0.9632057,0.03785995,Straight,Down,0,-0.5002365,Normal
478.1998,12.66698,0,-0.05355835,0.08729687,0,0.3331055,8575.076,0.9635548,0.03812686,Straight,Down,0,-0.4994659,Normal
478.2398,12.6516,0,-0.04806519,0.09523156,0,0.3309626,8575.582,0.9639717,0.0383946,Straight,Down,0,-0.4986954,Normal
478.2798,12.63814,0,-0.04074097,0.0991989,0,0.3286644,8576.088,0.9642239,0.03866342,Straight,Down,0,-0.4979401,Normal
478.3198,12.62569,0,-0.01602173,0.0991989,0,0.3264204,8576.594,0.9644823,0.03893313,Straight,Down,0,-0.4971695,Normal
478.3598,12.61327,0,0.02792358,0.0991989,0,0.3239726,8577.098,0.9646438,0.03920365,Straight,Down,0,-0.4964066,Normal
478.3998,12.60087,0,0.06454468,0.0991989,0,0.3215365,8577.602,0.9649538,0.03947497,Straight,Down,0,-0.4956436,Normal
478.4398,12.58853,0,0.1057434,0.0991989,0,0.3191011,8578.105,0.9652038,0.03974739,Straight,Down,0,-0.4948883,Normal
478.4798,12.57625,0,0.1240575,0.0991989,0,0.3167261,8578.609,0.9654756,0.04002068,Straight,Down,0,-0.4941254,Normal
478.5198,12.564,0,0.1359594,0.0991989,0,0.3144473,8579.111,0.965733,0.04029463,Straight,Down,0,-0.4933624,Normal
478.5598,12.55179,0,0.140537,0.0991989,0,0.3120487,8579.613,0.9660132,0.04056973,Straight,Down,0,-0.4926071,Normal
478.5998,12.53963,0,0.1414526,0.0991989,0,0.3097183,8580.115,0.9661901,0.0408457,Straight,Down,0,-0.4918442,Normal
478.6398,12.52751,0,0.1606786,0.0991989,0,0.3073224,8580.617,0.9665332,0.04112259,Straight,Down,0,-0.4910889,Normal
478.6798,12.51541,0,0.18906,0.0991989,0,0.3050815,8581.117,0.9667812,0.04140011,Straight,Down,0,-0.4903259,Normal
478.7198,12.50334,0,0.2357519,0.0991989,0,0.3029824,8581.617,0.9670503,0.04167879,Straight,Down,0,-0.4895782,Normal
478.7598,12.4913,0,0.2806127,0.0991989,0,0.3008732,8582.117,0.9672632,0.04195837,Straight,Down,0,-0.4888229,Normal
478.7998,12.47929,0,0.3154027,0.0991989,0,0.2991077,8582.617,0.9674606,0.04223854,Straight,Down,0,-0.4880676,Normal
478.8398,12.46694,0,0.3428686,0.0991989,0,0.2978079,8583.115,0.9679134,0.0425199,Straight,Down,0,-0.4873123,Normal
478.8798,12.45447,0,0.3501928,0.0991989,0,0.2966855,8583.613,0.9686206,0.04280216,Straight,Down,0,-0.486557,Normal
478.9198,12.44212,0,0.3520274,0.0991989,0,0.2930894,8584.111,0.968863,0.04308528,Straight,Down,0,-0.4858017,Normal
478.9598,12.42983,0,0.3611827,0.0991989,0,0.2877293,8584.609,0.9688665,0.04336903,Straight,Down,0,-0.4850464,Normal
478.9998,12.41758,0,0.3694224,0.0991989,0,0.2826768,8585.105,0.9688333,0.04365397,Straight,Down,0,-0.4842987,Normal
479.0398,12.40537,0,0.3923106,0.1031662,0,0.2779199,8585.602,0.9687277,0.04393977,Straight,Down,0,-0.4835434,Normal
479.0798,12.39365,0,0.4106212,0.1031662,0,0.2735571,8586.098,0.9687644,0.04422647,Straight,Down,0,-0.4827957,Normal
479.1198,12.38193,0,0.4390025,0.1031662,0,0.2695371,8586.594,0.9689857,0.0445138,Straight,Down,0,-0.4820404,Normal
479.1598,12.37021,0,0.4756236,0.1031662,0,0.2659708,8587.088,0.9694212,0.04480225,Straight,Down,0,-0.4813004,Normal
479.1998,12.3585,0,0.5003428,0.1031662,0,0.2630403,8587.582,0.969769,0.04509163,Straight,Down,0,-0.480545,Normal
479.2398,12.34682,0,0.5397105,0.1031662,0,0.260608,8588.076,0.9700637,0.04538158,Straight,Down,0,-0.479805,Normal
479.2798,12.33514,0,0.5589366,0.1031662,0,0.2587747,8588.57,0.9704181,0.04567275,Straight,Down,0,-0.4790497,Normal
479.3198,12.32348,0,0.5662608,0.1031662,0,0.2576535,8589.063,0.9707047,0.04596478,Straight,Down,0,-0.4783096,Normal
479.3598,12.31199,0,0.5662608,0.1031662,0,0.2572137,8589.555,0.970829,0.04625768,Straight,Down,0,-0.477562,Normal
479.3998,12.30058,0,0.5662608,0.1031662,0,0.257421,8590.047,0.9708825,0.04655117,Straight,Down,0,-0.4768219,Normal
479.4398,12.28918,0,0.5662608,0.1031662,0,0.2582118,8590.539,0.970884,0.04684586,Straight,Down,0,-0.4760666,Normal
479.4798,12.27802,0,0.5662608,0.1031662,0,0.2595519,8591.03,0.971505,0.04714144,Straight,Down,0,-0.4753265,Normal
479.5198,12.26682,0,0.5662608,0.1031662,0,0.2615998,8591.521,0.9722316,0.04743767,Straight,Down,0,-0.4745865,Normal
479.5598,12.25563,0,0.5662608,0.1031662,0,0.2642673,8592.011,0.9727951,0.04773492,Straight,Down,0,-0.4738388,Normal
479.5998,12.24456,0,0.5644298,0.1190356,0,0.2677201,8592.501,0.9734901,0.04803312,Straight,Down,0,-0.4730988,Normal
479.6398,12.23617,0,0.5644298,0.1309529,0,0.2720163,8592.991,0.9744131,0.04833222,Straight,Down,0,-0.4723511,Normal
479.6798,12.23067,0,0.5644298,0.1388876,0,0.2757372,8593.48,0.9750987,0.048632,Straight,Down,0,-0.471611,Normal
479.7198,12.22717,0,0.5598521,0.1388876,0,0.2767336,8593.969,0.9748456,0.04893274,Straight,Down,0,-0.470871,Normal
479.7598,12.22377,0,0.5525279,0.1388876,0,0.2782601,8594.457,0.974461,0.04923449,Straight,Down,0,-0.4701233,Normal
479.7998,12.2204,0,0.5461192,0.1388876,0,0.280804,8594.945,0.9741552,0.04953689,Straight,Down,0.02797646,-0.4693832,Normal
479.8398,12.21714,0,0.5342174,0.1388876,0,0.2840328,8595.434,0.9739332,0.0498404,Right,Down,0.05595291,-0.4686356,Normal
479.8798,12.21349,0,0.5241466,0.1388876,0,0.2878959,8595.922,0.9740458,0.05014465,Right,Down,0.05595291,-0.4661865,Normal
479.9198,12.20975,0,0.5049205,0.1388876,0,0.2926438,8596.41,0.9743859,0.05044991,Right,Down,0.05595291,-0.4636536,Normal
479.9598,12.20601,0,0.4765391,0.1388876,0,0.2980644,8596.898,0.9746788,0.05075583,Right,Down,0.05934703,-0.4611206,Normal
479.9998,12.20253,0,0.4646373,0.1388876,0,0.3041916,8597.387,0.9746889,0.05106283,Right,Down,0.05595291,-0.4585876,Normal
480.0398,12.19909,0,0.4628062,0.1388876,0,0.3108097,8597.875,0.9746212,0.0513706,Right,Down,0.05595291,-0.4560623,Normal
480.0798,12.19593,0,0.4573131,0.1388876,0,0.3182828,8598.363,0.9751948,0.05167935,Right,Down,0.05595291,-0.453537,Normal
480.1198,12.19273,0,0.4509044,0.1388876,0,0.3263867,8598.852,0.9760821,0.05198875,Right,Down,0.05595291,-0.451004,Normal
480.1598,12.18906,0,0.439918,0.1388876,0,0.3352011,8599.34,0.977082,0.05229918,Right,Down,0.05595291,-0.4484711,Normal
480.1998,12.18513,0,0.4325938,0.1388876,0,0.3447617,8599.827,0.9786592,0.05261055,Right,Down,0.05934703,-0.4459457,Normal
480.2398,12.18139,0,0.4161143,0.142855,0,0.3526824,8600.313,0.9792653,0.05292258,Right,Down,0.05595291,-0.4434128,Normal
480.2798,12.17863,0,0.4097056,0.1468223,0,0.3587867,8600.8,0.9790105,0.05323568,Right,Down,0.05934703,-0.4408798,Normal
480.3198,12.17693,0,0.3996348,0.166659,0,0.3655322,8601.286,0.9786324,0.05354957,Right,Down,0.05595291,-0.4383545,Normal
480.3598,12.17998,0,0.3987193,0.1825284,0,0.3728206,8601.772,0.9781471,0.05386443,Right,Down,0.05934703,-0.4358139,Normal
480.3998,12.18695,0,0.3987193,0.1864958,0,0.3808156,8602.26,0.9778566,0.05417994,Right,Down,0.05934703,-0.4332809,Normal
480.4398,12.19472,0,0.3987193,0.1983978,0,0.3895924,8602.747,0.9777951,0.05449653,Right,Down,0.05595291,-0.4307404,Normal
480.4798,12.20571,0,0.3987193,0.1983978,0,0.3989136,8603.235,0.9776204,0.0548139,Right,Down,0.05595291,-0.4282074,Normal
480.5198,12.217,0,0.3987193,0.1983978,0,0.408938,8603.724,0.9772634,0.05513201,Right,Down,0.05595291,-0.4256744,Normal
480.5598,12.22856,0,0.3987193,0.1983978,0,0.4195013,8604.212,0.9782622,0.05545122,Right,Down,0.06255726,-0.4231339,Normal
480.5998,12.24011,0,0.3987193,0.1983978,0,0.4308018,8604.701,0.9797194,0.0557713,Right,Down,0.07401875,-0.4205933,Normal
480.6398,12.2527,0,0.3987193,0.1983978,0,0.4425429,8605.19,0.9817088,0.05609212,Right,Down,0.08392937,-0.417778,Normal
480.6798,12.26547,0,0.3987193,0.1983978,0,0.4514604,8605.68,0.9823232,0.05641372,Right,Down,0.08392937,-0.4142914,Normal
480.7198,12.27643,0,0.3987193,0.1983978,0,0.4595778,8606.169,0.9821208,0.05673639,Right,Down,0.08156469,-0.4107971,Normal
480.7598,12.28591,0,0.3987193,0.1983978,0,0.4681001,8606.659,0.9817988,0.05705992,Right,Down,0.08392937,-0.4073029,Normal
480.7998,12.29712,0,0.3987193,0.1983978,0,0.4772315,8607.149,0.9812519,0.05738396,Right,Down,0.08392937,-0.403801,Normal
480.8398,12.31325,0,0.3987193,0.2023651,0,0.4872516,8607.64,0.9806597,0.05770922,Right,Down,0.08392937,-0.4002991,Normal
480.8798,12.32661,0,0.3987193,0.2023651,0,0.4977374,8608.13,0.9800507,0.05803535,Right,Down,0.08392937,-0.3968048,Normal
480.9198,12.33856,0,0.3987193,0.2023651,0,0.5088784,8608.622,0.9801129,0.05836234,Right,Down,0.08392937,-0.3933029,Normal
480.9598,12.34828,0,0.3987193,0.2023651,0,0.520416,8609.114,0.9817805,0.05868984,Right,Down,0.08392937,-0.3897934,Normal
480.9998,12.35682,0,0.3987193,0.2023651,0,0.5325789,8609.606,0.9841214,0.05901856,Right,Down,0.08392937,-0.3862839,Normal
481.0398,12.36493,0,0.3987193,0.2023651,0,0.5416468,8610.099,0.9849353,0.05934811,Right,Down,0.08392937,-0.3827744,Normal
481.0798,12.37029,0,0.3987193,0.2023651,0,0.5502079,8610.591,0.9848825,0.0596782,Right,Down,0.08156469,-0.3792572,Normal
481.1198,12.3767,0,0.3987193,0.2023651,0,0.5591768,8611.084,0.9844999,0.06000949,Right,Down,0.09278741,-0.3757324,Normal
481.1598,12.38672,0,0.3987193,0.2103151,0,0.5688277,8611.578,0.983409,0.06034163,Right,Down,0.1046783,-0.3722076,Normal
481.1998,12.40629,0,0.3987193,0.2222171,0,0.5792233,8612.072,0.9819802,0.06067462,Right,Down,0.1101434,-0.3681488,Normal
481.2398,12.41792,0,0.3987193,0.2579232,0,0.5900326,8612.566,0.9824538,0.06100813,Right,Down,0.1083524,-0.363739,Normal
481.2798,12.43666,0,0.3987193,0.27776,0,0.6012928,8613.062,0.9847763,0.06134284,Right,Down,0.1101434,-0.3593216,Normal
481.3198,12.45958,0,0.3987193,0.27776,0,0.6118762,8613.558,0.9867512,0.06167842,Right,Down,0.1083524,-0.3548889,Normal
481.3598,12.4826,0,0.3987193,0.27776,0,0.6195698,8614.055,0.9869467,0.06201483,Right,Down,0.1083524,-0.350441,Normal
481.3998,12.50127,0,0.3987193,0.27776,0,0.6278252,8614.553,0.9866907,0.06235177,Right,Down,0.1101434,-0.3459854,Normal
481.4398,12.52294,0,0.3987193,0.27776,0,0.6368217,8615.052,0.9854719,0.06268991,Right,Down,0.1101434,-0.3415222,Normal
481.4798,12.55664,0,0.3987193,0.27776,0,0.6464598,8615.552,0.9835923,0.06302888,Right,Down,0.1101434,-0.3370438,Normal
481.5198,12.58504,0,0.3987193,0.2817273,0,0.6565865,8616.054,0.9853623,0.06336836,Right,Down,0.1101434,-0.3325653,Normal
481.5598,12.60832,0,0.3987193,0.2856947,0,0.6672563,8616.556,0.988166,0.06370906,Right,Down,0.1219466,-0.3280792,Normal
481.5998,12.63181,0,0.3987193,0.3055466,0,0.6739364,8617.059,0.9886023,0.06405059,Right,Down,0.132704,-0.3235397,Normal
481.6398,12.65585,0,0.3987193,0.3333181,0,0.6809504,8617.563,0.9886181,0.06439296,Right,Down,0.132704,-0.3181381,Normal
481.6798,12.68373,0,0.3987193,0.3491875,0,0.6884855,8618.068,0.9872286,0.06473587,Right,Down,0.132704,-0.3127136,Normal
481.7198,12.72621,0,0.3987193,0.3491875,0,0.6966882,8618.576,0.9855733,0.06507993,Right,Down,0.1341704,-0.3072739,Normal
481.7598,12.77135,0,0.3987193,0.3491875,0,0.7054313,8619.086,0.9880118,0.06542487,Right,Down,0.1341704,-0.3018112,Normal
481.7998,12.81262,0,0.3987193,0.3491875,0,0.7129974,8619.596,0.9902218,0.06577042,Right,Down,0.1341704,-0.2963333,Normal
481.8398,12.84992,0,0.3987193,0.3491875,0,0.7179178,8620.107,0.9902396,0.06611694,Right,Down,0.132704,-0.2908325,Normal
481.8798,12.88132,0,0.3987193,0.3531548,0,0.7235898,8620.621,0.9891827,0.0664644,Right,Down,0.1384764,-0.2853241,Normal
481.9198,12.9171,0,0.3987193,0.3650568,0,0.7296151,8621.137,0.987265,0.06681273,Right,Down,0.1519511,-0.2797928,Normal
481.9598,12.96124,0,0.3987193,0.3809415,0,0.7362572,8621.653,0.9895719,0.06716163,Right,Down,0.1582588,-0.273819,Normal
481.9998,13.00882,0,0.3987193,0.4007782,0,0.7416108,8622.172,0.9916779,0.06751154,Right,Down,0.1582588,-0.2673187,Normal
482.0398,13.05663,0,0.405128,0.4087129,0,0.7443483,8622.692,0.9912303,0.06786237,Right,Down,0.1582588,-0.2607956,Normal
482.0798,13.10254,0,0.4161143,0.4087129,0,0.7478909,8623.215,0.9898925,0.06821383,Right,Down,0.1594904,-0.2542496,Normal
482.1198,13.14587,0,0.4271007,0.4126802,0,0.7519819,8623.739,0.9894104,0.06856636,Right,Down,0.1594904,-0.247673,Normal
482.1598,13.19943,0,0.4390025,0.4166476,0,0.7565659,8624.266,0.991524,0.06891964,Right,Down,0.1631294,-0.241066,Normal
482.1998,13.25221,0,0.4463267,0.4245823,0,0.7565291,8624.794,0.9919535,0.06927384,Right,Down,0.1758294,-0.234436,Normal
482.2398,13.30491,0,0.4527354,0.4285496,0,0.7572187,8625.324,0.9928923,0.06962866,Right,Down,0.1823843,-0.227356,Normal
482.2798,13.35136,0,0.4527354,0.4285496,0,0.7589037,8625.856,0.9934409,0.06998444,Right,Down,0.183454,-0.219696,Normal
482.3198,13.40571,0,0.4527354,0.4285496,0,0.7595422,8626.393,0.9935682,0.07034118,Right,Down,0.1823843,-0.2120056,Normal
482.3598,13.45931,0,0.4527354,0.4285496,0,0.756543,8626.931,0.9934077,0.07069875,Right,Down,0.183454,-0.2042847,Normal
482.3998,13.51238,0,0.4527354,0.4285496,0,0.7542313,8627.471,0.9934177,0.07105691,Right,Down,0.1887116,-0.1965256,Normal
482.4398,13.56508,0,0.4527354,0.4285496,0,0.7526405,8628.013,0.9934149,0.07141603,Right,Down,0.2017412,-0.188736,Normal
482.4798,13.61812,0,0.4527354,0.4285496,0,0.7516561,8628.557,0.9936548,0.07177613,Right,Down,0.20842,-0.1803513,Normal
482.5198,13.67069,0,0.4527354,0.4285496,0,0.7514402,8629.103,0.9940151,0.0721368,Right,Down,0.20842,-0.1714859,Normal
482.5598,13.722,0,0.4527354,0.4285496,0,0.7518706,8629.65,0.9947665,0.07249854,Right,Down,0.20842,-0.1625824,Normal
482.5998,13.77325,0,0.4527354,0.432517,0,0.7512655,8630.2,0.9954845,0.07286099,Right,Down,0.2121421,-0.1536331,Normal
482.6398,13.82539,0,0.4527354,0.432517,0,0.7474129,8630.752,0.9953776,0.07322443,Right,Flat,0.2264194,-0.1446609,Normal
482.6798,13.8775,0,0.4527354,0.432517,0,0.7443266,8631.307,0.9954098,0.07358841,Right,Flat,0.235734,-0.13517,Normal
482.7198,13.92955,0,0.4527354,0.432517,0,0.74193,8631.863,0.9954179,0.07395352,Right,Flat,0.235734,-0.1250458,Normal
482.7598,13.98165,0,0.4527354,0.432517,0,0.7401392,8632.422,0.9955152,0.07431928,Right,Flat,0.2349025,-0.1148758,Normal
482.7998,14.03321,0,0.4527354,0.432517,0,0.7393063,8632.982,0.9959084,0.07468579,Right,Flat,0.2462884,-0.10466,Normal
482.8398,14.08456,0,0.4527354,0.432517,0,0.7391211,8633.545,0.9963415,0.07505337,Right,Flat,0.261696,-0.09441376,Normal
482.8798,14.13572,0,0.4527354,0.4364843,0,0.7398146,8634.109,0.9972117,0.07542176,Right,Flat,0.2624426,-0.08308411,Normal
482.9198,14.18726,0,0.4527354,0.4364843,0,0.741035,8634.677,0.9982822,0.07579086,Right,Flat,0.2624426,-0.07161713,Normal
482.9598,14.23875,0,0.4527354,0.4364843,0,0.7371801,8635.246,0.9982291,0.07616068,Right,Flat,0.2741124,-0.06010437,Normal
482.9998,14.29022,0,0.4463267,0.4364843,0,0.7343181,8635.817,0.9982684,0.07653154,Right,Flat,0.2900664,-0.04853821,Normal
483.0398,14.34155,0,0.4344249,0.4364843,0,0.732264,8636.391,0.9982651,0.07690326,Right,Flat,0.2907402,-0.03580475,Normal
483.0798,14.39295,0,0.422523,0.4364843,0,0.7309762,8636.966,0.9983382,0.0772754,Right,Flat,0.2733977,-0.02298737,Normal
483.1198,14.44356,0,0.4087901,0.4364843,0,0.7303873,8637.543,0.998628,0.07764877,Right,Flat,0.2036718,-0.01012421,Normal
483.1598,14.49403,0,0.3904796,0.4364843,0,0.730481,8638.122,0.9990829,0.07802296,Right,Flat,0.1690205,0.005577087,Normal
483.1998,14.54438,0,0.3794932,0.4364843,0,0.7313179,8638.703,0.9995441,0.07839797,Right,Flat,0.1690205,0.02402496,Normal
483.2398,14.59461,0,0.3566051,0.4364843,0,0.7329621,8639.286,1.000106,0.07877342,Right,Flat,0.1690205,0.04253387,Normal
483.2798,14.64457,0,0.3263891,0.4364843,0,0.7355955,8639.871,1.000872,0.07915006,Right,Flat,0.1690205,0.06111908,Normal
483.3198,14.69401,0,0.2906835,0.4364843,0,0.7377883,8640.458,1.001689,0.07952753,Right,Flat,0.1701742,0.07977295,Normal
483.3598,14.7434,0,0.2357519,0.4364843,0,0.7355164,8641.047,1.001632,0.07990582,Right,Flat,0.1519511,0.09848785,Normal
483.3998,14.79268,0,0.1899755,0.4364843,0,0.73379,8641.638,1.001539,0.08028454,Right,Flat,0.1341704,0.11689,Normal
483.4398,14.84193,0,0.140537,0.4364843,0,0.7327467,8642.23,1.001505,0.08066446,Right,Flat,0.1356209,0.1324387,Normal
483.4798,14.89081,0,0.110321,0.4126802,0,0.7322369,8642.825,1.001552,0.08104519,Right,Flat,0.1356209,0.1480408,Normal
483.5198,14.9339,0,0.09933472,0.4126802,0,0.7321663,8643.422,1.001942,0.08142636,Right,Up,0.1341704,0.1636887,Normal
483.5598,14.97701,0,0.09933472,0.4126802,0,0.7327049,8644.021,1.002361,0.08180875,Right,Up,0.1341704,0.1793747,Normal
483.5998,15.02004,0,0.09933472,0.4126802,0,0.733785,8644.621,1.002944,0.08219195,Right,Up,0.1356209,0.1951141,Normal
483.6398,15.06298,0,0.09933472,0.4087129,0,0.7353812,8645.223,1.003397,0.08257595,Right,Up,0.132704,0.2108917,Normal
483.6798,15.10487,0,0.110321,0.4087129,0,0.7373947,8645.826,1.003868,0.08296037,Right,Up,0.1170339,0.2267151,Normal
483.7198,15.14665,0,0.1222265,0.4047455,0,0.740001,8646.432,1.00434,0.08334602,Right,Up,0.1083524,0.2410736,Normal
483.7598,15.18776,0,0.140537,0.4047455,0,0.7431473,8647.039,1.00493,0.08373246,Right,Up,0.1083524,0.2536774,Normal
483.7998,15.2276,0,0.1597631,0.4007782,0,0.7467194,8647.647,1.00594,0.08411933,Right,Up,0.1065312,0.2663193,Normal
483.8398,15.26698,0,0.1771581,0.4007782,0,0.7443421,8648.258,1.005834,0.08450741,Right,Up,0.1083524,0.2789993,Normal
483.8798,15.3062,0,0.1844823,0.4007782,0,0.7422271,8648.869,1.005785,0.08489627,Right,Up,0.1101434,0.2917099,Normal
483.9198,15.34536,0,0.1844823,0.4007782,0,0.7406584,8649.482,1.005737,0.08528597,Right,Up,0.1083524,0.304451,Normal
483.9598,15.38437,0,0.1844823,0.4007782,0,0.7394896,8650.098,1.005808,0.08567608,Right,Up,0.1083524,0.3172226,Normal
483.9998,15.42289,0,0.1844823,0.4007782,0,0.7386209,8650.714,1.006178,0.08606739,Right,Up,0.1083524,0.3300247,Normal
484.0398,15.46127,0,0.1844823,0.4007782,0,0.7382145,8651.332,1.006569,0.0864595,Right,Up,0.09891172,0.3428574,Normal
484.0798,15.49956,0,0.1844823,0.4007782,0,0.7381831,8651.951,1.007052,0.08685214,Right,Up,0.08622923,0.3551788,Normal
484.1198,15.53767,0,0.1844823,0.4007782,0,0.7384458,8652.572,1.007584,0.08724574,Right,Up,0.08622923,0.3650436,Normal
484.1598,15.57575,0,0.1844823,0.4007782,0,0.7389712,8653.195,1.008106,0.08764026,Right,Up,0.08392937,0.3749237,Normal
484.1998,15.61368,0,0.1844823,0.4007782,0,0.7399161,8653.819,1.008511,0.08803562,Right,Up,0.08392937,0.3848267,Normal
484.2398,15.65152,0,0.1844823,0.4007782,0,0.7412938,8654.445,1.008991,0.08843148,Right,Up,0.08622923,0.3947601,Normal
484.2798,15.68929,0,0.1844823,0.4007782,0,0.7429644,8655.072,1.009392,0.08882827,Right,Up,0.08392937,0.4047165,Normal
484.3198,15.72688,0,0.1844823,0.4007782,0,0.7451778,8655.701,1.009881,0.08922601,Right,Up,0.08392937,0.4146957,Normal
484.3598,15.76443,0,0.1844823,0.4007782,0,0.7476992,8656.331,1.010221,0.08962429,Right,Up,0.08622923,0.4247055,Normal
484.3998,15.80152,0,0.1844823,0.4007782,0,0.7506627,8656.963,1.011042,0.09002364,Right,Up,0.08622923,0.4347305,Normal
484.4398,15.83827,0,0.1844823,0.4007782,0,0.7506204,8657.596,1.011378,0.09042365,Right,Up,0.08622923,0.4447861,Normal
484.4798,15.87497,0,0.1844823,0.4007782,0,0.7473823,8658.23,1.011301,0.09082458,Right,Up,0.08392937,0.4548569,Normal
484.5198,15.91161,0,0.1844823,0.4007782,0,0.7445087,8658.866,1.011277,0.09122605,Right,Up,0.06852804,0.4649582,Normal
484.5598,15.94884,0,0.1844823,0.4007782,0,0.7420795,8659.504,1.011347,0.09162847,Right,Up,0.06255726,0.4733658,Normal
484.5998,15.98479,0,0.1844823,0.4007782,0,0.7399378,8660.143,1.011655,0.09203178,Right,Up,0.06255726,0.4807053,Normal
484.6398,16.02062,0,0.1844823,0.4007782,0,0.7382428,8660.783,1.011932,0.09243593,Right,Up,0.0656106,0.48806,Normal
484.6798,16.05639,0,0.1844823,0.4007782,0,0.7369787,8661.425,1.012333,0.09284056,Right,Up,0.06255726,0.4954224,Normal
484.7198,16.09213,0,0.1844823,0.4007782,0,0.7360991,8662.068,1.012877,0.09324617,Right,Up,0.06255726,0.5028152,Normal
484.7598,16.12778,0,0.1789892,0.4007782,0,0.7356884,8662.713,1.013425,0.09365267,Right,Up,0.0656106,0.5102081,Normal
484.7998,16.16334,0,0.1707494,0.4007782,0,0.7356695,8663.359,1.01389,0.09405968,Right,Up,0.0656106,0.5176315,Normal
484.8398,16.19885,0,0.1515234,0.4007782,0,0.7360678,8664.007,1.014402,0.0944678,Right,Up,0.0656106,0.5250626,Normal
484.8798,16.2342,0,0.1185644,0.4007782,0,0.736688,8664.655,1.014807,0.09487654,Right,Up,0.0656106,0.5325089,Normal
484.9198,16.26951,0,0.08926392,0.4007782,0,0.7378081,8665.306,1.015276,0.09528623,Right,Up,0.0656106,0.5399704,Normal
484.9598,16.30473,0,0.05264282,0.4007782,0,0.7390994,8665.958,1.015661,0.0956964,Right,Up,0.0656106,0.5474548,Normal
484.9998,16.33977,0,0.02883911,0.4007782,0,0.7407224,8666.611,1.016041,0.09610767,Right,Up,0.06255726,0.5549469,Normal
485.0398,16.37475,0,0.0151062,0.4007782,0,0.7426518,8667.266,1.016466,0.09651957,Right,Up,0.0656106,0.5624619,Normal
485.0798,16.4096,0,0.01419067,0.4206149,0,0.7447144,8667.922,1.01677,0.09693209,Right,Up,0.05934703,0.5699921,Normal
485.1198,16.44757,0,0.01419067,0.4206149,0,0.7470255,8668.579,1.0171,0.09734572,Straight,Up,0.04845664,0.5775375,Normal
485.1598,16.48634,0,0.01419067,0.4206149,0,0.749524,8669.238,1.017457,0.09776012,Straight,Up,0.04423466,0.5829773,Normal
485.1998,16.52513,0,0.01419067,0.4206149,0,0.7523386,8669.898,1.017814,0.09817518,Straight,Up,0.04845664,0.5878754,Normal
485.2398,16.56397,0,0.01419067,0.4206149,0,0.7554788,8670.561,1.018494,0.09859086,Straight,Up,0.04845664,0.592804,Normal
485.2798,16.60205,0,0.01419067,0.4206149,0,0.7559608,8671.225,1.018912,0.09900758,Straight,Up,0.04423466,0.5977325,Normal
485.3198,16.64017,0,0.01419067,0.4206149,0,0.7521077,8671.89,1.01877,0.09942514,Straight,Up,0.04423466,0.6026764,Normal
485.3598,16.67822,0,0.01419067,0.4206149,0,0.7483636,8672.557,1.018716,0.099843,Straight,Up,0.04845664,0.6076279,Normal
485.3998,16.71682,0,0.01419067,0.4007782,0,0.7448807,8673.225,1.018799,0.1002621,Straight,Up,0.04845664,0.6125946,Normal
485.4398,16.74941,0,0.01419067,0.3928435,0,0.7415216,8673.895,1.019101,0.100682,Straight,Up,0.04845664,0.617569,Normal
485.4798,16.78035,0,0.01419067,0.3928435,0,0.738273,8674.565,1.019551,0.1011026,Straight,Up,0.04423466,0.622551,Normal
485.5198,16.81147,0,0.01419067,0.3928435,0,0.73511,8675.237,1.020087,0.1015236,Straight,Up,0.04423466,0.6275482,Normal
485.5598,16.84262,0,0.01419067,0.3928435,0,0.7319738,8675.911,1.020474,0.1019459,Straight,Up,0.04423466,0.6325455,Normal
485.5998,16.87368,0,0.01419067,0.3928435,0,0.7288321,8676.586,1.021015,0.1023688,Straight,Up,0.04423466,0.6375504,Normal
485.6398,16.90472,0,0.01419067,0.3928435,0,0.725907,8677.262,1.021633,0.1027926,Straight,Up,0.04845664,0.6425705,Normal
485.6798,16.93569,0,0.01419067,0.3928435,0,0.7230157,8677.939,1.022214,0.1032167,Straight,Up,0.04423466,0.6475983,Normal
485.7198,16.96651,0,0.01419067,0.3928435,0,0.7201502,8678.617,1.022661,0.103642,Straight,Up,0.04423466,0.6526413,Normal
485.7598,16.99727,0,0.02243042,0.3928435,0,0.7172503,8679.297,1.022897,0.1040681,Straight,Up,0.04423466,0.657692,Normal
485.7998,17.02792,0,0.03341675,0.3928435,0,0.714558,8679.978,1.023358,0.1044945,Straight,Up,0.04845664,0.6627426,Normal
485.8398,17.05847,0,0.06362915,0.3928435,0,0.7120134,8680.659,1.023802,0.1049221,Straight,Up,0.04423466,0.6678009,Normal
485.8798,17.08899,0,0.110321,0.3928435,0,0.7093045,8681.343,1.024333,0.1053505,Straight,Up,0.04423466,0.6728821,Normal
485.9198,17.11935,0,0.1350439,0.3928435,0,0.7067904,8682.027,1.024678,0.1057797,Straight,Up,0.03426402,0.6779556,Normal
485.9598,17.14963,0,0.1460302,0.3928435,0,0.7046526,8682.713,1.024977,0.1062092,Straight,Up,0.02797646,0.6816254,Normal
485.9998,17.17984,0,0.1460302,0.3928435,0,0.7029603,8683.4,1.025372,0.1066399,Straight,Up,0.02797646,0.6838913,Normal
486.0398,17.20994,0,0.1414526,0.3928435,0,0.7013091,8684.088,1.025793,0.1070713,Straight,Up,0.01978234,0.6861572,Normal
486.0798,17.23995,0,0.1295507,0.3928435,0,0.6997141,8684.777,1.02616,0.1075031,Straight,Up,0.02797646,0.6884308,Normal
486.1198,17.26987,0,0.1240575,0.3928435,0,0.6981527,8685.468,1.026502,0.1079361,Straight,Up,0.01978234,0.690712,Normal
486.1598,17.29973,0,0.123142,0.3928435,0,0.6968242,8686.159,1.02688,0.1083699,Straight,Up,0.02797646,0.6929932,Normal
486.1998,17.32948,0,0.123142,0.3928435,0,0.6953818,8686.853,1.027235,0.1088044,Straight,Up,0.02797646,0.6952744,Normal
486.2398,17.35913,0,0.123142,0.3928435,0,0.6941482,8687.547,1.027723,0.1092393,Straight,Up,0.02797646,0.6975632,Normal
486.2798,17.38871,0,0.123142,0.3928435,0,0.6930925,8688.242,1.028169,0.1096753,Straight,Up,0.02797646,0.6998596,Normal
486.3198,17.41818,0,0.123142,0.3928435,0,0.6922006,8688.938,1.02857,0.1101121,Straight,Up,0.01978234,0.7021561,Normal
486.3598,17.44755,0,0.123142,0.3928435,0,0.6915951,8689.636,1.028994,0.1105494,Straight,Up,0.02797646,0.7044525,Normal
486.3998,17.47684,0,0.1222265,0.3928435,0,0.6913421,8690.335,1.029371,0.1109876,Straight,Up,0.02797646,0.7067566,Normal
486.4398,17.50609,0,0.1222265,0.3928435,0,0.691155,8691.035,1.029771,0.1114267,Straight,Up,0.02797646,0.7090683,Normal
486.4798,17.53519,0,0.1222265,0.3928435,0,0.6911983,8691.736,1.030235,0.1118665,Straight,Up,0.02797646,0.71138,Normal
486.5198,17.56425,0,0.1222265,0.4087129,0,0.6915513,8692.438,1.03061,0.1123068,Straight,Up,0.02797646,0.7136917,Normal
486.5598,17.59531,0,0.1222265,0.4126802,0,0.692318,8693.142,1.030935,0.1127481,Straight,Up,0.02797646,0.716011,Normal
486.5998,17.62836,0,0.1222265,0.4126802,0,0.6933172,8693.847,1.030986,0.1131902,Straight,Up,0.02797646,0.718338,Normal
486.6398,17.66169,0,0.1222265,0.4126802,0,0.6880803,8694.553,1.031618,0.113633,Straight,Up,0.02797646,0.720665,Normal
486.6798,17.69499,0,0.1112366,0.4126802,0,0.6822859,8695.26,1.032311,0.1140762,Straight,Up,0.02797646,0.7229919,Normal
486.7198,17.72812,0,0.08926392,0.4126802,0,0.6766701,8695.969,1.032974,0.1145206,Straight,Up,0.02797646,0.7253265,Normal
486.7598,17.76115,0,0.07553101,0.4126802,0,0.6712143,8696.679,1.033498,0.1149657,Straight,Up,0.02797646,0.7276688,Normal
486.7998,17.79431,0,0.07553101,0.4126802,0,0.6659049,8697.39,1.03391,0.1154113,Straight,Up,0.02797646,0.730011,Normal
486.8398,17.82731,0,0.07553101,0.4126802,0,0.6609299,8698.103,1.034159,0.1158578,Straight,Up,0.02797646,0.7323608,Normal
486.8798,17.86026,0,0.07553101,0.4126802,0,0.6563071,8698.816,1.034396,0.1163052,Straight,Up,0.02797646,0.7347107,Normal
486.9198,17.89307,0,0.07095337,0.4126802,0,0.6519136,8699.531,1.034747,0.1167533,Straight,Up,0.02797646,0.7370758,Normal
486.9598,17.92579,0,0.06912231,0.4126802,0,0.647638,8700.248,1.035047,0.1172019,Straight,Up,0.02797646,0.7394333,Normal
486.9998,17.95839,0,0.06912231,0.4126802,0,0.6436397,8700.966,1.035362,0.1176513,Straight,Up,0.02797646,0.741806,Normal
487.0398,17.99091,0,0.06454468,0.4126802,0,0.6398971,8701.685,1.035739,0.1181017,Straight,Up,0.02797646,0.7441711,Normal
487.0798,18.02332,0,0.06362915,0.4126802,0,0.6364812,8702.405,1.035995,0.1185525,Straight,Up,0.02797646,0.7465439,Normal
487.1198,18.05564,0,0.06362915,0.4126802,0,0.6331055,8703.127,1.036426,0.1190044,Straight,Up,0.01978234,0.7489243,Normal
487.1598,18.08784,0,0.05813599,0.4126802,0,0.6302222,8703.85,1.036864,0.1194568,Straight,Up,0.01978234,0.7513046,Normal
487.1998,18.11995,0,0.04623413,0.4126802,0,0.6276013,8704.574,1.037284,0.1199102,Straight,Up,0.01978234,0.7536926,Normal
487.2398,18.15196,0,0.03433228,0.4126802,0,0.6250051,8705.3,1.037551,0.1203639,Straight,Up,0,0.7560883,Normal
487.2798,18.18391,0,0.02243042,0.4126802,0,0.6225631,8706.026,1.037919,0.1208187,Straight,Up,0,0.7524033,Normal
487.3198,18.21575,0,0.01052856,0.4126802,0,0.6201812,8706.755,1.038267,0.1212742,Straight,Up,0,0.7486801,Normal
487.3598,18.2475,0,0.01052856,0.4126802,0,0.6179109,8707.484,1.038764,0.1217302,Straight,Up,0,0.744957,Normal
487.3998,18.27915,0,0.01052856,0.4126802,0,0.6159195,8708.215,1.039227,0.1221872,Straight,Up,0,0.7412262,Normal
487.4398,18.3107,0,0.01052856,0.4126802,0,0.6141857,8708.947,1.039646,0.122645,Straight,Up,0,0.7374878,Normal
487.4798,18.34217,0,0.01052856,0.4126802,0,0.6124407,8709.681,1.040077,0.1231033,Straight,Up,0,0.7337418,Normal
487.5198,18.37356,0,0.01052856,0.3888762,0,0.6110351,8710.415,1.040602,0.1235623,Straight,Up,0,0.7299957,Normal
487.5598,18.40142,0,0.01052856,0.3769741,0,0.6095815,8711.151,1.040927,0.1240222,Straight,Up,0,0.7262344,Normal
487.5998,18.42513,0,0.01052856,0.3769741,0,0.6083576,8711.888,1.04134,0.1244829,Straight,Up,0,0.7224731,Normal
487.6398,18.44847,0,0.01052856,0.3769741,0,0.6073441,8712.626,1.041804,0.1249439,Straight,Up,0,0.7187119,Normal
487.6798,18.47169,0,0.01052856,0.3769741,0,0.6062771,8713.364,1.042214,0.1254061,Straight,Up,0,0.7149429,Normal
487.7198,18.49484,0,0.01052856,0.3769741,0,0.6054224,8714.104,1.04258,0.125869,Straight,Up,0,0.7111664,Normal
487.7598,18.51795,0,0.01052856,0.3769741,0,0.6046115,8714.845,1.043019,0.1263327,Straight,Up,0,0.7073822,Normal
487.7998,18.54098,0,0.009613037,0.3769741,0,0.6038634,8715.586,1.043363,0.1267965,Straight,Up,0,0.703598,Normal
487.8398,18.56391,0,0.009613037,0.3769741,0,0.6031769,8716.328,1.043783,0.1272616,Straight,Up,0,0.6998062,Normal
487.8798,18.58679,0,0.009613037,0.3769741,0,0.602493,8717.071,1.044165,0.1277275,Straight,Up,0,0.6960144,Normal
487.9198,18.6096,0,0.009613037,0.3769741,0,0.6018031,8717.815,1.044704,0.1281938,Straight,Up,0,0.6922073,Normal
487.9598,18.63232,0,0.009613037,0.3769741,0,0.6012619,8718.561,1.045051,0.1286608,Straight,Up,0,0.6884079,Normal
487.9998,18.65503,0,0.009613037,0.3769741,0,0.6008333,8719.307,1.045483,0.1291288,Straight,Up,0,0.6846008,Normal
488.0398,18.67765,0,0.009613037,0.3769741,0,0.6004064,8720.054,1.045941,0.1295975,Straight,Up,0,0.6807861,Normal
488.0798,18.70019,0,0.009613037,0.3769741,0,0.6001084,8720.802,1.046345,0.1300665,Straight,Up,0,0.6769714,Normal
488.1198,18.72267,0,0.009613037,0.3769741,0,0.5997323,8721.55,1.046695,0.1305366,Straight,Up,0,0.6731491,Normal
488.1598,18.74508,0,0.009613037,0.3769741,0,0.5993863,8722.3,1.047059,0.1310075,Straight,Up,0,0.6693192,Normal
488.1998,18.7674,0,0.009613037,0.3769741,0,0.5990004,8723.05,1.047595,0.1314791,Straight,Up,0,0.6654892,Normal
488.2398,18.7897,0,0.009613037,0.3769741,0,0.5988106,8723.802,1.048059,0.131951,Straight,Up,0,0.6616516,Normal
488.2798,18.81188,0,0.009613037,0.3769741,0,0.59868,8724.554,1.048458,0.132424,Straight,Up,0,0.657814,Normal
488.3198,18.83402,0,0.009613037,0.3769741,0,0.5984405,8725.307,1.048908,0.1328977,Straight,Up,0,0.6539688,Normal
488.3598,18.85609,0,0.00869751,0.3769741,0,0.5981806,8726.061,1.04922,0.1333717,Straight,Up,0,0.650116,Normal
488.3998,18.87807,0,0.0050354,0.3690242,0,0.597966,8726.815,1.049687,0.1338469,Straight,Up,0,0.6462631,Normal
488.4398,18.89854,0,0.0050354,0.3610895,0,0.5976402,8727.571,1.050133,0.1343228,Straight,Up,0,0.6424026,Normal
488.4798,18.91763,0,0.0050354,0.3372854,0,0.597384,8728.327,1.050513,0.1347994,Straight,Up,0,0.6385422,Normal
488.5198,18.93195,0,0.0050354,0.3055466,0,0.5971102,8729.085,1.050889,0.1352763,Straight,Up,0,0.6346817,Normal
488.5598,18.93914,0,0.0050354,0.2817273,0,0.5968544,8729.843,1.051352,0.1357543,Straight,Up,0,0.630806,Normal
488.5998,18.94085,0,0.004119873,0.27776,0,0.5966688,8730.601,1.051772,0.1362331,Straight,Up,0,0.6269379,Normal
488.6398,18.94085,0,-0.0004577637,0.27776,0,0.5965018,8731.358,1.052172,0.1367122,Straight,Up,0,0.6230774,Normal
488.6798,18.94086,0,-0.01052856,0.2658579,0,0.596109,8732.116,1.052682,0.1371922,Straight,Up,0,0.6192017,Normal
488.7198,18.93922,0,-0.02151489,0.2341192,0,0.595937,8732.874,1.053191,0.1376731,Straight,Up,0,0.6153336,Normal
488.7598,18.92994,0,-0.03341675,0.2142824,0,0.5957084,8733.632,1.053559,0.1381546,Straight,Up,0,0.6114655,Normal
488.7998,18.91611,0,-0.0453186,0.2420539,0,0.5954945,8734.389,1.053887,0.1386365,Straight,Up,0,0.607605,Normal
488.8398,18.90607,0,-0.05172729,0.2539559,0,0.5952369,8735.145,1.054253,0.1391194,Straight,Up,0,0.6037445,Normal
488.8798,18.90018,0,-0.05722046,0.2618906,0,0.5948417,8735.9,1.054707,0.1396031,Straight,Up,0,0.599884,Normal
488.9198,18.89651,0,-0.0590533,0.2658579,0,0.5944031,8736.656,1.055059,0.1400875,Straight,Up,0,0.5960236,Normal
488.9598,18.89368,0,-0.06454647,0.2737926,0,0.5941013,8737.412,1.055488,0.1405721,Straight,Up,0,0.5921707,Normal
488.9998,18.89266,0,-0.07553279,0.27776,0,0.593504,8738.168,1.056016,0.1410579,Straight,Up,0,0.5883102,Normal
489.0398,18.89285,0,-0.08835018,0.27776,0,0.5927604,8738.924,1.056394,0.1415444,Straight,Up,0,0.5844498,Normal
489.0798,18.89299,0,-0.1066607,0.2817273,0,0.5919166,8739.68,1.056817,0.1420313,Straight,Up,0,0.5805893,Normal
489.1198,18.89369,0,-0.1240557,0.2856947,0,0.5911205,8740.436,1.05733,0.142519,Straight,Up,0,0.5767288,Normal
489.1598,18.89561,0,-0.1368731,0.289662,0,0.5900937,8741.191,1.057735,0.1430076,Straight,Up,0,0.5728683,Normal
489.1998,18.89803,0,-0.1469439,0.297612,0,0.5887727,8741.947,1.058192,0.1434969,Straight,Up,0,0.5690155,Normal
489.2398,18.90223,0,-0.148775,0.3055466,0,0.5873527,8742.703,1.058726,0.1439866,Straight,Up,0,0.565155,Normal
489.2798,18.90813,0,-0.1597613,0.3134814,0,0.5856836,8743.459,1.05918,0.1444771,Straight,Up,0,0.5612946,Normal
489.3198,18.91617,0,-0.1606768,0.3134814,0,0.5839336,8744.215,1.059543,0.1449684,Straight,Up,0,0.5574265,Normal
489.3598,18.92407,0,-0.1606768,0.3134814,0,0.5816815,8744.972,1.060041,0.1454602,Straight,Up,0,0.553566,Normal
489.3998,18.93194,0,-0.1606768,0.3134814,0,0.5793101,8745.729,1.060455,0.1459529,Straight,Up,0,0.5496979,Normal
489.4398,18.93976,0,-0.1606768,0.3134814,0,0.5767929,8746.487,1.060927,0.1464462,Straight,Up,0,0.5458298,Normal
489.4798,18.94756,0,-0.1606768,0.3134814,0,0.5739031,8747.245,1.061399,0.1469403,Straight,Up,0,0.5419617,Normal
489.5198,18.95533,0,-0.1606768,0.3134814,0,0.5706642,8748.003,1.061775,0.1474348,Straight,Up,0,0.5380936,Normal
489.5598,18.96308,0,-0.1606768,0.3134814,0,0.5670184,8748.761,1.062226,0.1479303,Straight,Up,0,0.5342178,Normal
489.5998,18.9708,0,-0.1551837,0.3134814,0,0.5631565,8749.52,1.062665,0.1484264,Straight,Up,0,0.5303497,Normal
489.6398,18.97848,0,-0.1524371,0.3134814,0,0.5588262,8750.279,1.063114,0.1489229,Straight,Up,0,0.5264664,Normal
489.6798,18.98616,0,-0.1185626,0.3134814,0,0.5540651,8751.039,1.063614,0.1494205,Straight,Up,0,0.5225906,Normal
489.7198,18.99379,0,-0.08835018,0.3134814,0,0.5488894,8751.799,1.064,0.1499187,Straight,Up,0,0.5187149,Normal
489.7598,19.00143,0,-0.06546199,0.3134814,0,0.5434573,8752.559,1.064387,0.1504175,Straight,Up,0,0.5148315,Normal
489.7998,19.00904,0,-0.05813599,0.3174487,0,0.5377961,8753.318,1.06477,0.1509168,Straight,Up,0,0.5109482,Normal
489.8398,19.01755,0,-0.05813599,0.3293507,0,0.5318266,8754.078,1.065233,0.1514171,Straight,Up,0,0.5070648,Normal
489.8798,19.02843,0,-0.05813599,0.3293507,0,0.5253286,8754.84,1.06566,0.1519181,Straight,Up,0,0.5031815,Normal
489.9198,19.03945,0,-0.05813599,0.3293507,0,0.518451,8755.602,1.066147,0.1524196,Straight,Up,0,0.4992905,Normal
489.9598,19.05039,0,-0.05813599,0.3293507,0,0.5111568,8756.363,1.066613,0.1529215,Straight,Up,0,0.4954071,Normal
489.9998,19.06135,0,-0.05813599,0.3293507,0,0.5036728,8757.125,1.067037,0.1534245,Straight,Up,0,0.4915085,Normal
490.0398,19.07227,0,-0.05813599,0.3333181,0,0.4957568,8757.888,1.067451,0.1539281,Straight,Up,0,0.4876175,Normal
490.0798,19.0841,0,-0.05813599,0.3333181,0,0.4875487,8758.651,1.067959,0.1544321,Straight,Up,0,0.4837189,Normal
490.1198,19.09582,0,-0.05813599,0.3333181,0,0.4788168,8759.415,1.068402,0.1549371,Straight,Up,0,0.4798203,Normal
490.1598,19.1075,0,-0.06454647,0.3333181,0,0.4696502,8760.179,1.068862,0.1554428,Straight,Up,0,0.475914,Normal
490.1998,19.11917,0,-0.06454647,0.3333181,0,0.4601861,8760.943,1.069276,0.155949,Straight,Up,0,0.4720078,Normal
490.2398,19.12922,0,-0.06454647,0.3333181,0,0.4504461,8761.709,1.069365,0.1564557,Straight,Up,0,0.4681015,Normal
490.2798,19.14235,0,-0.06454647,0.3333181,0,0.4408014,8762.475,1.068314,0.1569635,Straight,Up,0,0.4642029,Normal
490.3198,19.15644,0,-0.06454647,0.3333181,0,0.4351387,8763.24,1.07114,0.1574719,Straight,Up,0,0.4602966,Normal
490.3598,19.16972,0,-0.06454647,0.3333181,0,0.4291402,8764.007,1.073548,0.1579804,Straight,Up,0,0.4563904,Normal
490.3998,19.18034,0,-0.06454647,0.3372854,0,0.4226809,8764.774,1.075396,0.1584901,Straight,Up,0,0.4524765,Normal
490.4398,19.19585,0,-0.06454647,0.3412528,0,0.4159764,8765.542,1.076136,0.1590005,Straight,Up,0,0.4485626,Normal
490.4798,19.21172,0,-0.06454647,0.3412528,0,0.4091646,8766.31,1.07621,0.1595116,Straight,Up,0,0.4446335,Normal
490.5198,19.22771,0,-0.06454647,0.3412528,0,0.4019887,8767.079,1.076043,0.1600228,Straight,Up,0,0.440712,Normal
490.5598,19.24353,0,-0.06454647,0.3412528,0,0.3944094,8767.849,1.075737,0.1605351,Straight,Up,0,0.4367828,Normal
490.5998,19.2592,0,-0.06637752,0.3412528,0,0.3866681,8768.618,1.075537,0.1610482,Straight,Up,0,0.4328461,Normal
490.6398,19.27475,0,-0.07003963,0.3412528,0,0.3785181,8769.39,1.075407,0.1615614,Straight,Up,0,0.4289093,Normal
490.6798,19.29023,0,-0.07003963,0.3412528,0,0.3701028,8770.161,1.07546,0.1620757,Straight,Up,0,0.4249725,Normal
490.7198,19.30567,0,-0.07003963,0.3412528,0,0.361479,8770.933,1.075631,0.1625908,Straight,Up,0,0.4210281,Normal
490.7598,19.32104,0,-0.07003963,0.3412528,0,0.3525037,8771.706,1.075977,0.1631065,Straight,Up,0,0.4170837,Normal
490.7998,19.33637,0,-0.07003963,0.3412528,0,0.3433678,8772.479,1.076302,0.1636222,Straight,Up,0,0.4131317,Normal
490.8398,19.35165,0,-0.07003963,0.3412528,0,0.3338246,8773.253,1.076738,0.1641393,Straight,Up,-0.01978234,0.4091797,Normal
490.8798,19.36687,0,-0.07003963,0.3412528,0,0.3239203,8774.027,1.077133,0.1646569,Straight,Up,-0.03426402,0.4018326,Normal
490.9198,19.38209,0,-0.07003963,0.3412528,0,0.3136553,8774.803,1.077571,0.1651752,Straight,Up,-0.03426402,0.3861847,Normal
490.9598,19.39757,0,-0.07003963,0.3412528,0,0.3032269,8775.578,1.078046,0.1656936,Straight,Up,-0.03426402,0.3705292,Normal
490.9998,19.41196,0,-0.07003963,0.3412528,0,0.2925168,8776.354,1.077522,0.1662133,Straight,Up,-0.03956468,0.354866,Normal
491.0398,19.42899,0,-0.06363094,0.3412528,0,0.2864182,8777.132,1.079052,0.1667335,Straight,Up,-0.03956468,0.3391953,Normal
491.0798,19.44534,0,-0.04714966,0.3412528,0,0.2813305,8777.909,1.081002,0.1672539,Straight,Up,-0.03426402,0.3235245,Normal
491.1198,19.46089,0,-0.04074097,0.3412528,0,0.2760587,8778.688,1.082581,0.1677754,Straight,Up,-0.03426402,0.3078232,Normal
491.1598,19.47716,0,-0.0352478,0.3412528,0,0.2704627,8779.467,1.083373,0.1682977,Straight,Up,-0.03426402,0.2921066,Normal
491.1998,19.49412,0,-0.0352478,0.3412528,0,0.264592,8780.246,1.083639,0.1688205,Straight,Up,-0.03956468,0.2763748,Normal
491.2398,19.51097,0,-0.0352478,0.3412528,0,0.2586759,8781.026,1.083588,0.1693434,Straight,Up,-0.03956468,0.2606125,Normal
491.2798,19.5277,0,-0.0352478,0.3412528,0,0.2525262,8781.808,1.083547,0.1698676,Straight,Up,-0.03426402,0.2448502,Normal
491.3198,19.54432,0,-0.0352478,0.3412528,0,0.2460674,8782.589,1.083503,0.1703924,Straight,Up,-0.03426402,0.2290649,Normal
491.3598,19.56082,0,-0.0352478,0.3412528,0,0.2393834,8783.371,1.083602,0.1709175,Straight,Up,-0.03956468,0.2132797,Normal
491.3998,19.57725,0,-0.0352478,0.3412528,0,0.232345,8784.154,1.083732,0.1714434,Straight,Up,-0.03956468,0.1974716,Normal
491.4398,19.59361,0,-0.0352478,0.3412528,0,0.2250842,8784.938,1.084047,0.1719701,Straight,Up,-0.03956468,0.1816559,Normal
491.4798,19.60991,0,-0.0352478,0.3412528,0,0.2174003,8785.722,1.084431,0.1724974,Straight,Up,-0.03426402,0.1658173,Normal
491.5198,19.62615,0,-0.0352478,0.3412528,0,0.2097237,8786.507,1.084792,0.1730251,Straight,Flat,-0.03426402,0.149971,Normal
491.5598,19.64236,0,-0.0352478,0.3412528,0,0.2016694,8787.292,1.085205,0.1735535,Straight,Flat,-0.01978234,0.1341171,Normal
491.5998,19.65853,0,-0.03433228,0.3412528,0,0.193306,8788.078,1.085713,0.1740828,Straight,Flat,0,0.1207428,Normal
491.6398,19.67464,0,-0.03341675,0.3412528,0,0.1849309,8788.865,1.086209,0.1746123,Straight,Flat,0,0.1171417,Normal
491.6798,19.69072,0,-0.02975464,0.3412528,0,0.1765097,8789.652,1.086709,0.1751429,Straight,Flat,0,0.1135483,Normal
491.7198,19.70674,0,-0.02975464,0.3412528,0,0.1677294,8790.44,1.087242,0.1756739,Straight,Flat,0,0.1099472,Normal
491.7598,19.72272,0,-0.02975464,0.3412528,0,0.1587131,8791.229,1.087676,0.1762056,Straight,Flat,-0.01978234,0.1063461,Normal
491.7998,19.73864,0,-0.02883911,0.3412528,0,0.1495814,8792.019,1.088071,0.1767377,Straight,Flat,0,0.1027374,Normal
491.8398,19.75452,0,-0.02792358,0.3412528,0,0.1403129,8792.809,1.088623,0.1772708,Straight,Flat,0,0.09912872,Normal
491.8798,19.77037,0,-0.02151489,0.3412528,0,0.1308871,8793.6,1.089155,0.1778043,Straight,Flat,0,0.09552002,Normal
491.9198,19.78615,0,-0.01144409,0.3174487,0,0.1210839,8794.391,1.089613,0.1783383,Straight,Flat,0,0.09189606,Normal
491.9598,19.79877,0,0.0050354,0.3174487,0,0.1110406,8795.182,1.090033,0.1788732,Straight,Flat,0,0.08827972,Normal
491.9998,19.80977,0,0.02792358,0.3134814,0,0.1009496,8795.975,1.090529,0.1794088,Straight,Flat,0,0.08466339,Normal
492.0398,19.81974,0,0.03799438,0.3134814,0,0.09084579,8796.768,1.090958,0.1799448,Straight,Flat,0,0.08104706,Normal
492.0798,19.82932,0,0.0453186,0.2936446,0,0.0806281,8797.561,1.091487,0.1804813,Straight,Flat,-0.01978234,0.07741547,Normal
492.1198,19.83543,0,0.0453186,0.2658579,0,0.07031083,8798.354,1.091982,0.1810187,Straight,Flat,0,0.0737915,Normal
492.1598,19.83577,0,0.0453186,0.2380865,0,0.0598754,8799.146,1.092422,0.1815566,Straight,Flat,0,0.07016754,Normal
492.1998,19.83004,0,0.0453186,0.2103151,0,0.0494206,8799.939,1.092897,0.1820953,Straight,Flat,0,0.06654358,Normal
492.2398,19.81783,0,0.0453186,0.1983978,0,0.03888637,8800.732,1.093414,0.1826342,Straight,Flat,0,0.06291962,Normal
492.2798,19.80243,0,0.04623413,0.1825284,0,0.02830526,8801.525,1.093889,0.1831742,Straight,Flat,0,0.05930328,Normal
492.3198,19.78003,0,0.04714966,0.1706264,0,0.01740569,8802.316,1.093521,0.1837145,Straight,Flat,0,0.05568695,Normal
492.3598,19.76288,0,0.04714966,0.1626917,0,0.006715715,8803.107,1.097417,0.1842553,Straight,Flat,0,0.05208588,Normal
492.3998,19.73941,0,0.05172729,0.1587244,0,-0.003729403,8803.897,1.097224,0.1847971,Straight,Flat,0,0.04846954,Normal
492.4398,19.7153,0,0.05813599,0.1587244,0,-0.01423961,8804.687,1.097357,0.1853395,Straight,Flat,0,0.04486847,Normal
492.4798,19.68814,0,0.06271362,0.1587244,0,-0.02503303,8805.475,1.09725,0.1858823,Straight,Flat,0,0.0412674,Normal
492.5198,19.66617,0,0.06271362,0.1587244,0,-0.03553936,8806.262,1.096884,0.1864256,Straight,Flat,0,0.03767395,Normal
492.5598,19.64279,0,0.06271362,0.1785611,0,-0.04609179,8807.048,1.096842,0.1869698,Straight,Flat,0,0.03408051,Normal
492.5998,19.62151,0,0.06454468,0.1785611,0,-0.05671707,8807.833,1.097083,0.1875146,Straight,Flat,0,0.03049469,Normal
492.6398,19.60182,0,0.06546021,0.1785611,0,-0.06712151,8808.617,1.097592,0.1880596,Straight,Flat,0,0.02690887,Normal
492.6798,19.58227,0,0.06912231,0.1507896,0,-0.07726598,8809.4,1.098284,0.1886056,Straight,Flat,0,-0.07975006,TransSharp
492.7198,19.55917,0,0.06912231,0.1507896,0,-0.08752939,8810.184,1.098931,0.1891523,Straight,Flat,0,-0.08802032,TransSharp
492.7598,19.5338,0,0.06912231,0.1349203,0,-0.0976975,8810.965,1.099533,0.1896995,Straight,Flat,0,-0.09627533,TransSharp
492.7998,19.50635,0,0.06912231,0.1150683,0,-0.1077777,8811.745,1.100086,0.1902469,Straight,Flat,0,-0.1045227,TransSharp
492.8398,19.47463,0,0.06912231,0.1031662,0,-0.1177021,8812.524,1.100696,0.1907953,Straight,Flat,-0.01978234,-0.1127472,TransSharp
492.8798,19.43884,0,0.06912231,0.1031662,0,-0.1275157,8813.302,1.101265,0.1913445,Straight,Flat,0,-0.1209641,TransSharp
492.9198,19.40327,0,0.06912231,0.1031662,0,-0.1372266,8814.078,1.101824,0.1918936,Straight,Flat,0,-0.1291656,TransSharp
492.9598,19.3678,0,0.06912231,0.1269856,0,-0.1467586,8814.854,1.102307,0.1924439,Straight,Flat,0,-0.137352,TransSharp
492.9998,19.33718,0,0.06912231,0.1309529,0,-0.1561417,8815.627,1.102798,0.1929948,Straight,Flat,0,-0.1455307,TransSharp
493.0398,19.30764,0,0.06912231,0.1349203,0,-0.1654912,8816.399,1.103305,0.1935462,Straight,Down,0,-0.1536865,TransSharp
493.0798,19.27905,0,0.06912231,0.1349203,0,-0.1745048,8817.171,1.103786,0.1940977,Straight,Down,-0.01978234,-0.1618347,TransSharp
493.1198,19.2509,0,0.06912231,0.1349203,0,-0.183385,8817.941,1.104291,0.1946504,Straight,Down,0,-0.1699753,TransSharp
493.1598,19.22301,0,0.06912231,0.1388876,0,-0.1920174,8818.711,1.104487,0.1952037,Straight,Down,0,-0.178093,TransSharp
493.1998,19.19576,0,0.06912231,0.142855,0,-0.2003909,8819.479,1.104542,0.1957576,Straight,Down,0,-0.1862106,TransSharp
493.2398,19.1694,0,0.06912231,0.142855,0,-0.2085122,8820.246,1.105615,0.1963115,Straight,Down,0,-0.1943054,TransSharp
493.2798,19.14343,0,0.06912231,0.1468223,0,-0.216386,8821.012,1.106614,0.1968665,Straight,Down,0,-0.2023926,TransSharp
493.3198,19.11837,0,0.06362915,0.154757,0,-0.2239401,8821.777,1.107482,0.1974222,Straight,Down,0,-0.2104721,TransSharp
493.3598,19.09525,0,0.05081177,0.1587244,0,-0.2313454,8822.541,1.108099,0.1979779,Straight,Down,0,-0.2185516,TransSharp
493.3998,19.07339,0,0.03982544,0.1587244,0,-0.2384916,8823.305,1.108525,0.1985347,Straight,Down,0,-0.2266083,TransSharp
493.4398,19.05151,0,0.03799438,0.1706264,0,-0.245585,8824.066,1.108889,0.1990921,Straight,Down,0,-0.2346573,TransSharp
493.4798,19.03181,0,0.03341675,0.1785611,0,-0.2525704,8824.828,1.109252,0.1996501,Straight,Down,0,-0.2426987,TransSharp
493.5198,19.01474,0,0.02883911,0.1785611,0,-0.2592741,8825.589,1.108666,0.2002081,Left,Down,-0.07132626,-0.2507324,TransSharp
493.5598,18.99907,0,0.02059937,0.1825284,0,-0.2622988,8826.349,1.109896,0.2007673,Left,Down,-0.1203313,-0.285614,TransSharp
493.5998,18.98359,0,-0.004119873,0.1825284,0,-0.2638818,8827.108,1.111701,0.201327,Left,Down,-0.1203313,-0.3604813,TransSharp
493.6398,18.96863,0,-0.02151489,0.1825284,0,-0.2652091,8827.867,1.113302,0.201887,Left,Down,-0.1203313,-0.4352951,TransSharp
493.6798,18.95354,0,-0.03890991,0.1864958,0,-0.266452,8828.625,1.113985,0.2024477,Left,Down,-0.1203313,-0.5100861,TransSharp
493.7198,18.93986,0,-0.04806519,0.1904631,0,-0.2672707,8829.383,1.113034,0.2030092,Left,Down,-0.1203313,-0.584816,TransSharp
493.7598,18.92916,0,-0.05264282,0.1944305,0,-0.2681393,8830.141,1.114159,0.2035713,Left,Down,-0.1203313,-0.6594543,TransSharp
493.7998,18.91991,0,-0.05264282,0.1944305,0,-0.2690141,8830.897,1.115435,0.2041336,Left,Down,-0.09691329,-0.7339706,TransSharp
493.8398,18.91085,0,-0.05264282,0.1944305,0,-0.2652432,8831.653,1.118294,0.2046966,Left,Down,-0.08392937,-0.7971344,TransSharp
493.8798,18.90152,0,-0.05264282,0.2063325,0,-0.2607103,8832.409,1.119867,0.2052604,Left,Down,-0.08392937,-0.8518066,TransSharp
493.9198,18.89515,0,-0.05264282,0.2261845,0,-0.2567062,8833.165,1.120818,0.2058244,Left,Down,-0.08392937,-0.9064941,TransSharp
493.9598,18.89324,0,-0.05264282,0.2380865,0,-0.2525169,8833.921,1.120848,0.2063894,Left,Down,-0.08392937,-0.9612274,TransSharp
493.9998,18.89532,0,-0.05264282,0.2380865,0,-0.2481746,8834.677,1.120319,0.2069547,Left,Down,-0.08392937,-1.015991,TransSharp
494.0398,18.8976,0,-0.05264282,0.2380865,0,-0.2437494,8835.433,1.119621,0.2075208,Left,Down,-0.08622923,-1.07077,TransSharp
494.0798,18.89985,0,-0.05264282,0.2380865,0,-0.2390541,8836.188,1.11818,0.2080871,Left,Down,-0.08622923,-1.125526,TransSharp
494.1198,18.90255,0,-0.05264282,0.2380865,0,-0.2342899,8836.944,1.118213,0.2086543,Left,Down,-0.08392937,-1.180267,TransSharp
494.1598,18.90555,0,-0.05264282,0.2380865,0,-0.2297403,8837.7,1.119357,0.209222,Left,Down,-0.08392937,-1.234978,TransSharp
494.1998,18.90937,0,-0.05264282,0.2380865,0,-0.2252186,8838.456,1.118222,0.2097904,Straight,Down,-0.03956468,-1.289612,TransSharp
494.2398,18.91559,0,-0.05264282,0.2380865,0,-0.2174487,8839.212,1.121751,0.2103589,Straight,Down,0.01978234,-1.321732,TransSharp
494.2798,18.92109,0,-0.05264282,0.2380865,0,-0.2098334,8839.969,1.1247,0.2109282,Straight,Down,0.01978234,-1.335442,TransSharp
494.3198,18.92598,0,-0.05264282,0.2380865,0,-0.2022316,8840.727,1.126951,0.2114983,Straight,Down,0.01978234,-1.349167,TransSharp
494.3598,18.93277,0,-0.05264282,0.2380865,0,-0.1948979,8841.484,1.127615,0.2120685,Straight,Down,0.01978234,-1.362907,TransSharp
494.3998,18.94043,0,-0.05264282,0.2380865,0,-0.1875813,8842.242,1.127186,0.2126397,Straight,Down,0.01978234,-1.376671,TransSharp
494.4398,18.94785,0,-0.05264282,0.2380865,0,-0.1804286,8843,1.126503,0.2132113,Straight,Down,0.01978234,-1.390442,TransSharp
494.4798,18.95515,0,-0.05264282,0.2380865,0,-0.1733642,8843.758,1.125726,0.2137836,Straight,Down,0.01978234,-1.404213,TransSharp
494.5198,18.96229,0,-0.05264282,0.2380865,0,-0.1663079,8844.516,1.125095,0.2143561,Straight,Down,0,-1.417992,TransSharp
494.5598,18.96938,0,-0.05264282,0.2380865,0,-0.1594988,8845.273,1.124668,0.2149295,Straight,Down,0,-1.431786,TransSharp
494.5998,18.9764,0,-0.05264282,0.2380865,0,-0.1527312,8846.033,1.124428,0.2155033,Straight,Down,0,-1.445564,TransSharp
494.6398,18.98337,0,-0.05264282,0.2380865,0,-0.1459802,8846.793,1.12452,0.2160775,Straight,Down,0.01978234,-1.459366,TransSharp
494.6798,18.99034,0,-0.0352478,0.2380865,0,-0.139385,8847.553,1.124752,0.2166525,Straight,Down,0.01978234,-1.47316,TransSharp
494.7198,18.99726,0,-0.01052856,0.2380865,0,-0.1329974,8848.313,1.125046,0.2172282,Straight,Down,0.01978234,-1.486961,TransSharp
494.7598,19.00417,0,0.00869751,0.2142824,0,-0.1265975,8849.072,1.12546,0.2178042,Straight,Down,0.01978234,-1.500771,TransSharp
494.7998,19.00584,0,0.02059937,0.2103151,0,-0.1203044,8849.832,1.125842,0.2183806,Straight,Down,0,-1.51458,TransSharp
494.8398,19.00695,0,0.02334595,0.2103151,0,-0.114109,8850.592,1.126279,0.2189579,Straight,Down,0.01978234,-1.528389,TransSharp
494.8798,19.00778,0,0.03250122,0.2103151,0,-0.1079954,8851.352,1.126937,0.2195357,Straight,Down,0,-1.542198,TransSharp
494.9198,19.00859,0,0.05172729,0.2103151,0,-0.1019879,8852.111,1.12755,0.2201135,Straight,Down,0.01978234,-1.556007,TransSharp
494.9598,19.00941,0,0.07095337,0.2103151,0,-0.09605634,8852.871,1.128075,0.2206925,Straight,Down,0,-1.569824,TransSharp
494.9998,19.01022,0,0.1057434,0.2103151,0,-0.09038475,8853.631,1.128547,0.2212719,Straight,Down,0.01978234,-1.583641,TransSharp
495.0398,19.01103,0,0.1295507,0.2103151,0,-0.08462328,8854.391,1.129051,0.221852,Straight,Down,0.01978234,-1.59745,TransSharp
495.0798,19.01184,0,0.1533544,0.2103151,0,-0.07860842,8855.15,1.129584,0.2224319,Straight,Down,0.01978234,-1.611267,TransSharp
495.1198,19.01266,0,0.1698339,0.2103151,0,-0.07272375,8855.91,1.130107,0.2230131,Straight,Down,0,-1.625076,TransSharp
495.1598,19.01347,0,0.1725805,0.2063325,0,-0.06663218,8856.67,1.130659,0.2235947,Straight,Down,0.01978234,-1.638893,TransSharp
495.1998,19.01371,0,0.1826513,0.2063325,0,-0.0604023,8857.43,1.131118,0.2241763,Straight,Down,0.01978234,-1.652702,TransSharp
495.2398,19.01389,0,0.1881444,0.2023651,0,-0.05394578,8858.189,1.13132,0.224759,Straight,Down,0,-1.666519,TransSharp
495.2798,19.01346,0,0.1954687,0.2023651,0,-0.04734629,8858.949,1.131914,0.2253423,Straight,Down,0.01978234,-1.680336,TransSharp
495.3198,19.01269,0,0.2174413,0.2023651,0,-0.04063949,8859.709,1.132981,0.2259261,Straight,Down,0,-1.694145,TransSharp
495.3598,19.01184,0,0.2366674,0.2023651,0,-0.03350613,8860.469,1.133865,0.2265099,Straight,Down,0.01978234,-1.707954,TransSharp
495.3998,19.01128,0,0.2732885,0.2023651,0,-0.02602291,8861.229,1.134554,0.2270947,Straight,Down,0.01978234,-1.721764,TransSharp
495.4398,19.01079,0,0.3035009,0.2023651,0,-0.01833397,8861.988,1.135125,0.2276801,Straight,Down,0.01978234,-1.735573,TransSharp
495.4798,19.01024,0,0.3382909,0.2023651,0,-0.01024947,8862.748,1.135568,0.228266,Straight,Down,0.01978234,-1.749382,TransSharp
495.5198,19.00963,0,0.3749156,0.2023651,0,-0.001746535,8863.508,1.136145,0.2288519,Straight,Down,0.01978234,-1.763199,TransSharp
495.5598,19.00916,0,0.3978038,0.2023651,0,0.007089585,8864.268,1.136701,0.2294389,Straight,Down,0.01978234,-1.777008,TransSharp
495.5998,19.00871,0,0.4161143,0.2023651,0,0.01668236,8865.027,1.137251,0.2300264,Straight,Down,0.01978234,-1.790817,TransSharp
495.6398,19.00829,0,0.4325938,0.2023651,0,0.02679351,8865.787,1.138181,0.2306138,Straight,Down,0.02797646,-1.804634,TransSharp
495.6798,19.00648,0,0.4454112,0.2023651,0,0.03413725,8866.547,1.138533,0.2312024,Right,Down,0.0656106,-1.815002,TransSharp
495.7198,19.00506,0,0.453651,0.2023651,0,0.0387558,8867.307,1.137926,0.2317915,Right,Down,0.0656106,-1.79097,TransSharp
495.7598,19.00378,0,0.4637218,0.2301518,0,0.04386872,8868.066,1.137398,0.2323812,Right,Down,0.0656106,-1.76693,TransSharp
495.7998,19.00838,0,0.4692149,0.2301518,0,0.05007613,8868.826,1.137336,0.2329707,Right,Down,0.0656106,-1.742897,TransSharp
495.8398,19.0125,0,0.4765391,0.2341192,0,0.05724087,8869.586,1.137907,0.2335613,Right,Down,0.06852804,-1.718872,TransSharp
495.8798,19.0175,0,0.4930186,0.2341192,0,0.06518474,8870.346,1.138714,0.2341525,Right,Down,0.06852804,-1.694839,TransSharp
495.9198,19.02207,0,0.5122447,0.2341192,0,0.07429013,8871.107,1.139458,0.2347438,Right,Down,0.06852804,-1.670807,TransSharp
495.9598,19.02765,0,0.5241466,0.2341192,0,0.08474958,8871.869,1.139411,0.2353358,Right,Down,0.0656106,-1.646767,TransSharp
495.9998,19.03328,0,0.5360484,0.2341192,0,0.0959405,8872.631,1.141373,0.2359286,Right,Down,0.06852804,-1.622742,TransSharp
496.0398,19.03891,0,0.540626,0.2341192,0,0.1082391,8873.393,1.143659,0.2365218,Right,Down,0.0656106,-1.598709,TransSharp
496.0798,19.04252,0,0.5516124,0.2341192,0,0.1221195,8874.154,1.147857,0.2371152,Right,Down,0.08846933,-1.574631,TransSharp
496.1198,19.04586,0,0.5653453,0.2341192,0,0.1320935,8874.916,1.146164,0.2377092,Right,Down,0.09891172,-1.542564,TransSharp
496.1598,19.04954,0,0.5818248,0.2380865,0,0.1419614,8875.678,1.143787,0.238304,Right,Down,0.09891172,-1.501785,TransSharp
496.1998,19.05445,0,0.5955613,0.2380865,0,0.1532786,8876.439,1.141538,0.2388989,Right,Down,0.09891172,-1.460991,TransSharp
496.2398,19.05827,0,0.6175339,0.2380865,0,0.1660448,8877.201,1.140909,0.2394947,Right,Down,0.09891172,-1.42025,TransSharp
496.2798,19.06169,0,0.6413376,0.2380865,0,0.1809078,8877.963,1.140626,0.2400908,Right,Down,0.09891172,-1.379555,TransSharp
496.3198,19.06582,0,0.6605637,0.2380865,0,0.1970768,8878.725,1.141882,0.2406876,Right,Down,0.09891172,-1.338905,TransSharp
496.3598,19.07311,0,0.6724656,0.2380865,0,0.2149319,8879.488,1.14629,0.2412845,Right,Down,0.1046783,-1.298233,TransSharp
496.3998,19.07154,0,0.6733811,0.2460212,0,0.2325829,8880.252,1.150434,0.2418824,Right,Down,0.1266688,-1.257484,TransSharp
496.4398,19.07357,0,0.6733811,0.2499886,0,0.2479205,8881.016,1.148219,0.2424805,Right,Down,0.1282043,-1.202858,TransSharp
496.4798,19.07813,0,0.6733811,0.2499886,0,0.2646667,8881.779,1.14604,0.2430793,Right,Down,0.1282043,-1.14772,TransSharp
496.5198,19.08353,0,0.6834519,0.2499886,0,0.2833912,8882.543,1.143909,0.2436783,Right,Down,0.1266688,-1.092621,TransSharp
496.5598,19.0874,0,0.7008469,0.2499886,0,0.3042075,8883.307,1.142519,0.2442779,Right,Down,0.1266688,-1.037666,TransSharp
496.5998,19.09515,0,0.7365525,0.2499886,0,0.3266939,8884.07,1.147763,0.2448782,Right,Down,0.1341704,-0.9827118,TransSharp
496.6398,19.09309,0,0.772258,0.2539559,0,0.3491811,8884.834,1.15242,0.2454786,Right,Down,0.1532334,-0.9268036,TransSharp
496.6798,19.09389,0,0.8253622,0.2539559,0,0.3698924,8885.598,1.150729,0.24608,Right,Down,0.1532334,-0.8583908,TransSharp
496.7198,19.09599,0,0.8720541,0.2539559,0,0.3927481,8886.361,1.148194,0.2466816,Right,Down,0.1545051,-0.7898788,TransSharp
496.7598,19.10037,0,0.903182,0.2539559,0,0.4180275,8887.125,1.144476,0.2472839,Right,Down,0.1532334,-0.7215042,TransSharp
496.7998,19.10789,0,0.9333944,0.2539559,0,0.4456501,8887.889,1.148959,0.2478863,Right,Down,0.1631294,-0.6532135,TransSharp
496.8398,19.10341,0,0.9553671,0.2539559,0,0.4736063,8888.652,1.154042,0.2484896,Right,Down,0.1791368,-0.5834045,TransSharp
496.8798,19.10107,0,0.9782553,0.2539559,0,0.500182,8889.416,1.152553,0.2490932,Right,Down,0.1802258,-0.5021362,TransSharp
496.9198,19.09819,0,0.9974813,0.2579232,0,0.5295284,8890.18,1.148878,0.2496971,Right,Down,0.1791368,-0.4208221,TransSharp
496.9598,19.10897,0,1.00389,0.2579232,0,0.5611058,8890.943,1.148292,0.2503018,Right,Down,0.183454,-0.3396378,TransSharp
496.9998,19.10355,0,1.00389,0.2579232,0,0.5949672,8891.707,1.155905,0.2509071,Right,Down,0.2027088,-0.2584534,TransSharp
497.0398,19.09976,0,1.00389,0.2618906,0,0.6259319,8892.471,1.154368,0.2515126,Right,Down,0.2046302,-0.1657257,TransSharp
497.0798,19.09332,0,1.00389,0.2658579,0,0.6602624,8893.234,1.150444,0.2521184,Right,Flat,0.2046302,-0.07189178,TransSharp
497.1198,19.10783,0,1.002059,0.2658579,0,0.6972321,8893.998,1.15118,0.2527251,Right,Flat,0.2148914,0.02198029,TransSharp
497.1598,19.0988,0,0.9983969,0.2658579,0,0.7352042,8894.762,1.156666,0.2533323,Right,Flat,0.2298502,0.1181183,TransSharp
497.1998,19.09199,0,0.9974813,0.2658579,0,0.7722855,8895.525,1.154492,0.2539394,Right,Up,0.2306999,0.2246323,TransSharp
497.2398,19.09063,0,0.9919882,0.2658579,0,0.8124408,8896.289,1.150101,0.2545475,Right,Up,0.234068,0.3311005,TransSharp
497.2798,19.08859,0,0.9855795,0.2698253,0,0.8559693,8897.053,1.159011,0.2551562,Right,Up,0.2533378,0.4376907,TransSharp
497.3198,19.0825,0,0.9791708,0.2698253,0,0.8964828,8897.816,1.15621,0.2557653,Right,Up,0.2564087,0.5548325,TransSharp
497.3598,19.08006,0,0.9691,0.2698253,0,0.9402617,8898.58,1.151443,0.2563742,Right,Up,0.2594432,0.6738815,TransSharp
497.3998,19.08021,0,0.9489584,0.2698253,0,0.9874871,8899.344,1.160374,0.2569843,Right,Up,0.2804634,0.793251,TransSharp
497.4398,19.06695,0,0.9333944,0.2698253,0,1.032089,8900.106,1.156547,0.2575948,Right,Up,0.2832403,0.9233246,TransSharp
497.4798,19.06501,0,0.920577,0.2698253,0,1.079389,8900.868,1.153194,0.2582058,Right,Up,0.2880355,1.054924,TransSharp
497.5198,19.07146,0,0.9022665,0.2698253,0,1.128738,8901.631,1.156704,0.2588167,Right,Up,0.7279305,1.187729,TransSharp
497.5598,19.06198,0,0.8848715,0.2698253,0,1.175331,8902.393,1.160093,0.2594287,Right,Up,0.9110718,1.206543,TransSharp
497.5998,19.04471,0,0.8619833,0.2737926,0,1.216853,8903.154,1.159845,0.2600411,Right,Up,0.8604831,1.144554,TransSharp
497.6398,19.04317,0,0.8390951,0.297612,0,1.251533,8903.916,1.161704,0.2606533,Right,Up,0.8139727,1.085266,TransSharp
497.6798,19.04773,0,0.8079636,0.3214161,0,1.280283,8904.678,1.163213,0.2612667,Right,Up,0.7717707,1.028641,TransSharp
497.7198,19.04976,0,0.772258,0.3253834,0,1.304032,8905.439,1.164256,0.2618805,Right,Up,0.7311491,0.9744034,TransSharp
497.7598,19.06163,0,0.7429612,0.3253834,0,1.323108,8906.201,1.164703,0.2624948,Right,Up,0.6929511,0.9223862,TransSharp
497.7998,19.06839,0,0.7182419,0.3253834,0,1.337564,8906.964,1.166112,0.2631089,Right,Up,0.6596788,0.8726196,TransSharp
497.8398,19.07122,0,0.6953537,0.3253834,0,1.347348,8907.728,1.169227,0.2637241,Right,Up,0.6258884,0.8251572,TransSharp
497.8798,19.07958,0,0.6660569,0.3253834,0,1.354005,8908.491,1.170406,0.2643398,Right,Up,0.5921526,0.779541,TransSharp
497.9198,19.09266,0,0.6413376,0.3253834,0,1.357201,8909.255,1.16994,0.2649553,Right,Up,0.5609285,0.7357178,TransSharp
497.9598,19.11683,0,0.6184494,0.3253834,0,1.357959,8910.02,1.16861,0.2655718,Right,Up,0.5337587,0.6934891,TransSharp
497.9998,19.1126,0,0.6001389,0.3253834,0,1.354621,8910.783,1.171725,0.2661889,Right,Up,0.5031891,0.6533585,TransSharp
498.0398,19.11958,0,0.5827403,0.3253834,0,1.348548,8911.549,1.171954,0.2668064,Right,Up,0.4792896,0.6147919,TransSharp
498.0798,19.12888,0,0.5754161,0.3253834,0,1.341509,8912.314,1.169703,0.2674237,Right,Up,0.4502396,0.5772934,TransSharp
498.1198,19.1459,0,0.5644298,0.3253834,0,1.329921,8913.08,1.175261,0.2680421,Right,Up,0.4288719,0.5420227,TransSharp
498.1598,19.15241,0,0.5516124,0.3253834,0,1.317944,8913.846,1.171556,0.268661,Right,Up,0.4073442,0.5075989,TransSharp
498.1998,19.15641,0,0.5287242,0.3253834,0,1.302935,8914.612,1.176309,0.2692799,Right,Up,0.3851218,0.4748688,TransSharp
498.2398,19.17579,0,0.4985118,0.3253834,0,1.287232,8915.379,1.172635,0.2698994,Right,Up,0.3642322,0.4430008,TransSharp
498.2798,19.17784,0,0.4747081,0.3253834,0,1.268941,8916.146,1.177574,0.2705196,Right,Up,0.3454843,0.4127808,TransSharp
498.3198,19.19638,0,0.4390025,0.3253834,0,1.250549,8916.914,1.173142,0.2711403,Right,Up,0.3202056,0.3832169,TransSharp
498.3598,19.20568,0,0.4087901,0.3253834,0,1.228263,8917.682,1.177654,0.271761,Right,Up,0.3177519,0.3555603,TransSharp
498.3998,19.21711,0,0.3675914,0.3293507,0,1.208097,8918.45,1.175285,0.2723823,Right,Up,0.2832403,0.3279037,TransSharp
498.4398,19.22831,0,0.3327978,0.3293507,0,1.183528,8919.22,1.176278,0.2730043,Right,Up,0.2748253,0.302269,TransSharp
498.4798,19.24255,0,0.3089941,0.3293507,0,1.159047,8919.989,1.179658,0.2736263,Right,Up,0.2676108,0.2772675,TransSharp
498.5198,19.25395,0,0.2861059,0.3293507,0,1.136494,8920.759,1.176249,0.2742492,Right,Up,0.2306999,0.2523041,TransSharp
498.5598,19.26732,0,0.2778661,0.3293507,0,1.108205,8921.529,1.177594,0.2748723,Right,Up,0.2264194,0.2298431,TransSharp
498.5998,19.28461,0,0.2595556,0.3293507,0,1.080361,8922.301,1.180179,0.275496,Right,Up,0.2264194,0.2077179,TransSharp
498.6398,19.29066,0,0.2430761,0.3293507,0,1.054733,8923.072,1.180414,0.2761198,Right,Up,0.2027088,0.185585,TransSharp
498.6798,19.30614,0,0.2357519,0.3293507,0,1.027637,8923.844,1.178403,0.2767442,Right,Up,0.1713202,0.1642456,TransSharp
498.7198,19.3214,0,0.2302587,0.3293507,0,0.9965693,8924.617,1.179492,0.2773693,Right,Flat,0.1713202,0.1453171,TransSharp
498.7598,19.33733,0,0.2265966,0.3293507,0,0.9663172,8925.391,1.181619,0.2779948,Right,Flat,0.1713202,0.1264038,TransSharp
498.7998,19.34722,0,0.2256811,0.3293507,0,0.9381145,8926.164,1.183868,0.2786203,Right,Flat,0.1701742,0.10746,TransSharp
498.8398,19.35907,0,0.2247655,0.3293507,0,0.911311,8926.938,1.18156,0.2792464,Right,Flat,0.1297215,0.08851624,TransSharp
498.8798,19.37493,0,0.2201879,0.3293507,0,0.8805169,8927.713,1.180794,0.2798733,Right,Flat,0.09691329,0.07126617,TransSharp
498.9198,19.39049,0,0.2183568,0.3293507,0,0.8465505,8928.488,1.182064,0.2805001,Right,Flat,0.09691329,0.05666351,TransSharp
498.9598,19.40427,0,0.2128637,0.3293507,0,0.8138266,8929.264,1.183772,0.2811277,Right,Flat,0.09691329,0.04207611,TransSharp
498.9998,19.41693,0,0.206455,0.3293507,0,0.7826129,8930.04,1.184922,0.2817556,Right,Flat,0.09487279,0.02747345,TransSharp
499.0398,19.43164,0,0.1844823,0.3293507,0,0.752611,8930.817,1.185467,0.2823841,Right,Flat,0.09487279,0.0128479,TransSharp
499.0798,19.4465,0,0.1606786,0.3293507,0,0.7233139,8931.595,1.186241,0.2830126,Right,Flat,0.09691329,-0.001777649,TransSharp
499.1198,19.46086,0,0.1277196,0.3293507,0,0.6948936,8932.373,1.186469,0.2836419,Right,Flat,0.09691329,-0.01642609,TransSharp
499.1598,19.47436,0,0.09475708,0.3293507,0,0.6675302,8933.152,1.185704,0.2842715,Right,Flat,0.09691329,-0.03107452,TransSharp
499.1998,19.48661,0,0.05630493,0.3293507,0,0.6408746,8933.932,1.184621,0.2849013,Right,Flat,0.06852804,-0.04573059,TransSharp
499.2398,19.50272,0,0.01419067,0.3293507,0,0.613023,8934.711,1.184603,0.2855319,Straight,Flat,-0.01978234,-0.06023407,TransSharp
499.2798,19.51804,0,-0.01144409,0.3293507,0,0.5834959,8935.492,1.186444,0.2861629,Straight,Flat,-0.01978234,-0.06859589,TransSharp
499.3198,19.53241,0,-0.02426147,0.3293507,0,0.5547516,8936.273,1.188376,0.2867941,Straight,Flat,-0.01978234,-0.07695007,TransSharp
499.3598,19.54569,0,-0.02792358,0.3293507,0,0.5265897,8937.055,1.189724,0.2874255,Straight,Flat,0,-0.08532715,TransSharp
499.3998,19.56125,0,-0.02792358,0.3293507,0,0.4990926,8937.837,1.190513,0.2880578,Straight,Flat,-0.01978234,-0.09370422,TransSharp
499.4398,19.57661,0,-0.02975464,0.3293507,0,0.4722367,8938.62,1.190962,0.2886905,Straight,Flat,-0.01978234,-0.1020966,TransSharp
499.4798,19.59181,0,-0.03982544,0.3293507,0,0.4459779,8939.403,1.191227,0.289323,Straight,Flat,-0.01978234,-0.1104889,TransSharp
499.5198,19.60694,0,-0.05813599,0.3293507,0,0.4201994,8940.188,1.19142,0.2899565,Straight,Flat,-0.01978234,-0.1188889,TransSharp
499.5598,19.62198,0,-0.07644832,0.3333181,0,0.3947154,8940.973,1.191654,0.2905904,Straight,Flat,-0.01978234,-0.1272888,TransSharp
499.5998,19.63748,0,-0.1057452,0.3610895,0,0.3696138,8941.758,1.191886,0.2912248,Straight,Flat,-0.01978234,-0.135704,TransSharp
499.6398,19.65855,0,-0.1368731,0.3650568,0,0.3447652,8942.544,1.192182,0.2918589,Straight,Flat,-0.01978234,-0.1441193,TransSharp
499.6798,19.68115,0,-0.1597613,0.3650568,0,0.3201026,8943.331,1.192547,0.292494,Straight,Down,-0.01978234,-0.1525497,TransSharp
499.7198,19.70382,0,-0.1954687,0.3650568,0,0.2954527,8944.119,1.193171,0.2931296,Straight,Down,-0.01978234,-0.1609879,TransSharp
499.7598,19.72605,0,-0.2256811,0.3650568,0,0.2709745,8944.908,1.193913,0.2937655,Straight,Down,-0.01978234,-0.1694336,TransSharp
499.7998,19.74859,0,-0.2677953,0.3650568,0,0.2461704,8945.697,1.193758,0.2944012,Straight,Down,-0.01978234,-0.177887,TransSharp
499.8398,19.77059,0,-0.3163201,0.3650568,0,0.2216093,8946.488,1.193904,0.295038,Straight,Down,-0.01978234,-0.186348,TransSharp
499.8798,19.79238,0,-0.3529412,0.3650568,0,0.1966076,8947.279,1.194275,0.2956751,Straight,Down,0,-0.1948242,TransSharp
499.9198,19.8141,0,-0.3932244,0.3650568,0,0.1714421,8948.072,1.194788,0.296312,Straight,Down,-0.01978234,-0.2033081,TransSharp
499.9598,19.83473,0,-0.4234385,0.3650568,0,0.1459399,8948.865,1.194689,0.29695,Straight,Down,-0.01978234,-0.2117996,TransSharp
499.9998,19.85812,0,-0.4600596,0.3650568,0,0.1250419,8949.659,1.195758,0.2975883,Left,Down,-0.07912937,-0.2202988,TransSharp
500.0398,19.88082,0,-0.4893565,0.3650568,0,0.106355,8950.454,1.197753,0.2982271,Left,Down,-0.09891172,-0.2256927,TransSharp
500.0798,19.90318,0,-0.5076671,0.3650568,0,0.08710089,8951.25,1.199545,0.2988656,Left,Down,-0.09891172,-0.2298126,TransSharp
500.1198,19.92492,0,-0.5314726,0.3650568,0,0.06732684,8952.047,1.200564,0.2995051,Left,Down,-0.09691329,-0.2339401,TransSharp
500.1598,19.9481,0,-0.5470365,0.3650568,0,0.04647923,8952.845,1.20164,0.300145,Left,Down,-0.09891172,-0.2380676,TransSharp
500.1998,19.97037,0,-0.5708402,0.3650568,0,0.02503109,8953.644,1.201661,0.3007847,Left,Down,-0.09891172,-0.2422104,TransSharp
500.2398,19.99015,0,-0.5845731,0.3650568,0,0.002711624,8954.442,1.199783,0.3014254,Left,Down,-0.09891172,-0.2463531,TransSharp
500.2798,20.01407,0,-0.5955595,0.3650568,0,-0.01698804,8955.243,1.199133,0.3020665,Left,Down,-0.1136409,-0.2505112,TransSharp
500.3198,20.0371,0,-0.6074613,0.3650568,0,-0.03398421,8956.044,1.200588,0.3027079,Left,Down,-0.132704,-0.254097,TransSharp
500.3598,20.05889,0,-0.6239408,0.3650568,0,-0.05177385,8956.847,1.202194,0.3033491,Left,Down,-0.132704,-0.2565002,TransSharp
500.3998,20.07992,0,-0.6495774,0.3650568,0,-0.07110855,8957.649,1.204189,0.3039914,Left,Down,-0.132704,-0.2589111,TransSharp
500.4398,20.1,0,-0.67155,0.3650568,0,-0.09167606,8958.453,1.20397,0.304634,Left,Down,-0.132704,-0.261322,TransSharp
500.4798,20.12151,0,-0.6724656,0.3650568,0,-0.1125589,8959.258,1.201867,0.3052766,Left,Down,-0.1341704,-0.2637329,TransSharp
500.5198,20.14495,0,-0.6724656,0.3650568,0,-0.1280813,8960.063,1.202948,0.3059197,Left,Down,-0.1545051,-0.2661514,TransSharp
500.5598,20.16778,0,-0.6669724,0.3650568,0,-0.1455688,8960.87,1.204629,0.3065635,Left,Down,-0.1582588,-0.26754,TransSharp
500.5998,20.18731,0,-0.6669724,0.3650568,0,-0.1648314,8961.677,1.207293,0.3072076,Left,Down,-0.1582588,-0.2686768,TransSharp
500.6398,20.20558,0,-0.6660569,0.3650568,0,-0.1855012,8962.485,1.205458,0.3078517,Left,Down,-0.1594904,-0.2698059,TransSharp
500.6798,20.22848,0,-0.6660569,0.3650568,0,-0.2024489,8963.294,1.205035,0.3084964,Left,Down,-0.166689,-0.2709427,TransSharp
500.7198,20.25171,0,-0.6651413,0.3650568,0,-0.2187721,8964.104,1.206147,0.3091416,Left,Down,-0.1813082,-0.2719116,TransSharp
500.7598,20.27409,0,-0.6596482,0.3650568,0,-0.2376822,8964.915,1.208886,0.3097873,Left,Down,-0.1802258,-0.2719879,TransSharp
500.7998,20.28984,0,-0.6596482,0.3650568,0,-0.2580273,8965.727,1.207287,0.3104326,Left,Down,-0.1802258,-0.2720642,TransSharp
500.8398,20.31226,0,-0.6596482,0.3650568,0,-0.2746268,8966.539,1.206937,0.311079,Left,Down,-0.1855749,-0.2721405,TransSharp
500.8798,20.33606,0,-0.6596482,0.3650568,0,-0.2911325,8967.352,1.208244,0.3117258,Left,Down,-0.199792,-0.2721558,TransSharp
500.9198,20.3562,0,-0.6596482,0.3650568,0,-0.3104749,8968.166,1.211362,0.3123724,Left,Down,-0.1988102,-0.2713013,TransSharp
500.9598,20.37342,0,-0.6596482,0.3650568,0,-0.3309111,8968.98,1.208097,0.3130197,Left,Down,-0.199792,-0.2704468,TransSharp
500.9998,20.39557,0,-0.6651413,0.3650568,0,-0.3458242,8969.796,1.209269,0.3136675,Left,Down,-0.20842,-0.2695923,TransSharp
501.0398,20.4205,0,-0.67155,0.3650568,0,-0.364048,8970.612,1.212228,0.3143157,Left,Down,-0.2167048,-0.2684555,TransSharp
501.0798,20.43388,0,-0.6788743,0.3650568,0,-0.3838781,8971.429,1.210476,0.3149638,Left,Down,-0.2167048,-0.2667847,TransSharp
501.1198,20.45664,0,-0.6971848,0.3650568,0,-0.3984675,8972.247,1.211222,0.3156126,Left,Down,-0.220287,-0.2651138,TransSharp
501.1598,20.48189,0,-0.7145798,0.3650568,0,-0.4154826,8973.065,1.213763,0.3162619,Left,Down,-0.2315465,-0.263382,TransSharp
501.1998,20.4955,0,-0.7493699,0.3650568,0,-0.4348201,8973.886,1.212021,0.3169111,Left,Down,-0.23239,-0.2609711,TransSharp
501.2398,20.51711,0,-0.7905704,0.3650568,0,-0.4489127,8974.706,1.212794,0.3175611,Left,Down,-0.234068,-0.2585602,TransSharp
501.2798,20.54084,0,-0.8134586,0.3650568,0,-0.4654761,8975.527,1.215437,0.3182112,Left,Down,-0.2462884,-0.256134,TransSharp
501.3198,20.55543,0,-0.8372623,0.3650568,0,-0.4839848,8976.35,1.213054,0.3188619,Left,Down,-0.2470816,-0.2530518,TransSharp
501.3598,20.57761,0,-0.845502,0.3650568,0,-0.497196,8977.172,1.214906,0.3195125,Left,Down,-0.2502292,-0.249939,TransSharp
501.3998,20.59662,0,-0.862897,0.3650568,0,-0.5137793,8977.996,1.217259,0.320164,Left,Down,-0.2601963,-0.2467804,TransSharp
501.4398,20.61457,0,-0.8793783,0.3650568,0,-0.5292791,8978.82,1.215178,0.3208155,Left,Down,-0.2601963,-0.2430191,TransSharp
501.4798,20.63917,0,-0.8931112,0.3650568,0,-0.5431215,8979.646,1.217816,0.3214672,Left,Down,-0.2661444,-0.2392502,TransSharp
501.5198,20.6562,0,-0.9022665,0.3650568,0,-0.5600999,8980.472,1.216289,0.3221196,Left,Down,-0.2733977,-0.2352753,TransSharp
501.5598,20.67419,0,-0.9022665,0.3650568,0,-0.571839,8981.298,1.2179,0.3227724,Left,Down,-0.2741124,-0.2309036,TransSharp
501.5998,20.69195,0,-0.9022665,0.3650568,0,-0.5863706,8982.126,1.21992,0.3234254,Left,Down,-0.2839303,-0.2265167,TransSharp
501.6398,20.70985,0,-0.9022665,0.3650568,0,-0.5997807,8982.954,1.218104,0.3240784,Left,Down,-0.2859903,-0.2216873,TransSharp
501.6798,20.73141,0,-0.9040976,0.3650568,0,-0.6121343,8983.783,1.220899,0.3247323,Left,Down,-0.2907402,-0.216713,TransSharp
501.7198,20.75075,0,-0.9050131,0.3650568,0,-0.6261438,8984.613,1.218812,0.3253865,Left,Down,-0.2980514,-0.2115936,TransSharp
501.7598,20.77069,0,-0.9050131,0.3650568,0,-0.6365432,8985.443,1.221767,0.3260404,Left,Down,-0.2993615,-0.2060623,TransSharp
501.7998,20.78667,0,-0.903182,0.3650568,0,-0.6502371,8986.274,1.219653,0.3266952,Left,Down,-0.3083766,-0.2005157,TransSharp
501.8398,20.80696,0,-0.8986044,0.3650568,0,-0.6593733,8987.106,1.222419,0.3273504,Left,Down,-0.309643,-0.1945038,TransSharp
501.8798,20.82125,0,-0.8986044,0.3650568,0,-0.6713203,8987.938,1.221416,0.328006,Left,Down,-0.3171355,-0.1884232,TransSharp
501.9198,20.8425,0,-0.8986044,0.3650568,0,-0.6799028,8988.772,1.223526,0.3286612,Left,Down,-0.3202056,-0.1820145,TransSharp
501.9598,20.85592,0,-0.8986044,0.3650568,0,-0.6902665,8989.606,1.222767,0.3293174,Left,Down,-0.3268584,-0.175415,TransSharp
501.9998,20.87769,0,-0.903182,0.3650568,0,-0.6977,8990.441,1.224537,0.3299739,Left,Down,-0.3310224,-0.1685867,TransSharp
502.0398,20.89064,0,-0.9105062,0.3650568,0,-0.7065626,8991.277,1.223868,0.3306306,Left,Down,-0.3363003,-0.161499,TransSharp
502.0798,20.91314,0,-0.920577,0.3650568,0,-0.712661,8992.113,1.225658,0.3312874,Left,Down,-0.3420692,-0.1542053,TransSharp
502.1198,20.92473,0,-0.93431,0.3650568,0,-0.7200004,8992.95,1.224502,0.3319449,Left,Flat,-0.3460502,-0.1466293,TransSharp
502.1598,20.94743,0,-0.9452963,0.3650568,0,-0.7244342,8993.788,1.227203,0.3326027,Left,Flat,-0.3516591,-0.1388855,TransSharp
502.1998,20.95913,0,-0.9681845,0.3650568,0,-0.7302582,8994.626,1.225014,0.3332603,Left,Flat,-0.3560827,-0.1308365,TransSharp
502.2398,20.97798,0,-0.9755087,0.3650568,0,-0.7329832,8995.466,1.228778,0.3339188,Left,Flat,-0.3609945,-0.122612,TransSharp
502.2798,20.9927,0,-0.9810019,0.3650568,0,-0.7367047,8996.306,1.226507,0.3345776,Left,Flat,-0.3663747,-0.1141052,TransSharp
502.3198,21.00834,0,-0.984664,0.3650568,0,-0.7385012,8997.146,1.230425,0.3352368,Left,Flat,-0.3706227,-0.1053848,TransSharp
502.3598,21.03045,0,-0.984664,0.3650568,0,-0.7399638,8997.986,1.228653,0.3358956,Left,Flat,-0.3769049,-0.09643555,TransSharp
502.3998,21.04208,0,-0.984664,0.3650568,0,-0.7403917,8998.828,1.230328,0.3365554,Left,Flat,-0.3800071,-0.0872345,TransSharp
502.4398,21.06998,0,-0.984664,0.3650568,0,-0.7389233,8999.671,1.230775,0.3372155,Left,Flat,-0.3876539,-0.07785034,TransSharp
502.4798,21.07627,0,-0.984664,0.3650568,0,-0.7378912,9000.514,1.228984,0.3378753,Left,Flat,-0.3901695,-0.06813812,TransSharp
502.5198,21.09722,0,-0.984664,0.3650568,0,-0.7340525,9001.357,1.233556,0.3385361,Left,Flat,-0.3981127,-0.05831909,TransSharp
502.5598,21.10871,0,-0.984664,0.3452201,0,-0.729772,9002.201,1.231141,0.3391971,Left,Flat,-0.4010509,-0.0480957,TransSharp
502.5998,21.11812,0,-0.984664,0.3452201,0,-0.7249276,9003.046,1.231998,0.3398585,Left,Flat,-0.4059006,-0.03775024,TransSharp
502.6398,21.12856,0,-0.984664,0.3452201,0,-0.7166575,9003.892,1.228439,0.3405195,Left,Flat,-0.4116447,-0.0271225,TransSharp
502.6798,21.13718,0,-0.984664,0.3452201,0,-0.7102002,9004.737,1.230056,0.3411815,Left,Flat,-0.4135417,-0.0162735,TransSharp
502.7198,21.14951,0,-0.984664,0.3452201,0,-0.6998709,9005.583,1.226945,0.3418438,Left,Flat,-0.4078243,-0.005279541,TransSharp
502.7598,21.15202,0,-0.9755087,0.3452201,0,-0.6906712,9006.429,1.22991,0.342506,Left,Flat,-0.4000739,0.04302979,TransSharp
502.7998,21.16331,0,-0.9745932,0.3452201,0,-0.6800889,9007.274,1.228382,0.3431687,Left,Flat,-0.3881583,0.09481049,TransSharp
502.8398,21.16054,0,-0.9745932,0.3452201,0,-0.6685187,9008.12,1.231303,0.343832,Left,Up,-0.3779418,0.1545563,TransSharp
502.8798,21.17238,0,-0.9745932,0.3452201,0,-0.6573749,9008.968,1.231402,0.3444955,Left,Up,-0.3700944,0.212822,TransSharp
502.9198,21.17309,0,-0.9681845,0.3452201,0,-0.6445165,9009.815,1.233355,0.3451587,Left,Up,-0.358274,0.2694702,TransSharp
502.9598,21.18373,0,-0.9498739,0.3452201,0,-0.6329215,9010.663,1.233162,0.3458228,Left,Up,-0.3522151,0.3242416,TransSharp
502.9998,21.1855,0,-0.9159994,0.3452201,0,-0.6200064,9011.511,1.235761,0.3464873,Left,Up,-0.3403488,0.3778381,TransSharp
503.0398,21.19491,0,-0.8848715,0.3452201,0,-0.6073077,9012.358,1.234458,0.347152,Left,Up,-0.3345502,0.4294205,TransSharp
503.0798,21.19465,0,-0.8674747,0.3452201,0,-0.5947063,9013.206,1.237711,0.3478164,Left,Up,-0.3238513,0.47995,TransSharp
503.1198,21.1978,0,-0.8638126,0.3452201,0,-0.5806308,9014.054,1.236379,0.3484817,Left,Up,-0.3165179,0.5288467,TransSharp
503.1598,21.20219,0,-0.8683902,0.3452201,0,-0.5696334,9014.901,1.239928,0.3491474,Left,Up,-0.309643,0.5763016,TransSharp
503.1998,21.20661,0,-0.8693057,0.3452201,0,-0.5545513,9015.749,1.238727,0.3498128,Left,Up,-0.2993615,0.622818,TransSharp
503.2398,21.21356,0,-0.8693057,0.3452201,0,-0.5431299,9016.597,1.23944,0.3504789,Left,Up,-0.2980514,0.6672134,TransSharp
503.2798,21.21774,0,-0.8693057,0.3452201,0,-0.5305023,9017.445,1.241216,0.3511454,Left,Up,-0.2832403,0.7116318,TransSharp
503.3198,21.21592,0,-0.8693057,0.3452201,0,-0.5180854,9018.294,1.240103,0.3518122,Left,Up,-0.2818553,0.7532654,TransSharp
503.3598,21.22108,0,-0.8693057,0.3452201,0,-0.5092388,9019.144,1.243613,0.3524788,Left,Up,-0.2733977,0.7946777,TransSharp
503.3998,21.22367,0,-0.8693057,0.3452201,0,-0.4960892,9019.993,1.242913,0.353146,Left,Up,-0.2654082,0.8348007,TransSharp
503.4398,21.22576,0,-0.8638126,0.3452201,0,-0.4860715,9020.843,1.241639,0.3538136,Left,Up,-0.2654082,0.87323,TransSharp
503.4798,21.23148,0,-0.8638126,0.3452201,0,-0.4781673,9021.692,1.245249,0.3544811,Left,Up,-0.2517883,0.9116898,TransSharp
503.5198,21.23045,0,-0.861066,0.3452201,0,-0.4673975,9022.542,1.244859,0.3551494,Left,Up,-0.249446,0.9478683,TransSharp
503.5598,21.23136,0,-0.8500797,0.3452201,0,-0.4596393,9023.392,1.243489,0.3558177,Left,Up,-0.2478722,0.9833755,TransSharp
503.5998,21.23606,0,-0.828107,0.3452201,0,-0.4536687,9024.241,1.247386,0.3564865,Left,Up,-0.234068,1.018883,TransSharp
503.6398,21.23626,0,-0.7905704,0.3452201,0,-0.4451608,9025.091,1.24729,0.3571551,Left,Up,-0.23239,1.051712,TransSharp
503.6798,21.23362,0,-0.7539475,0.3452201,0,-0.4393416,9025.94,1.245857,0.3578245,Left,Up,-0.2315465,1.084312,TransSharp
503.7198,21.2407,0,-0.6916916,0.3452201,0,-0.437436,9026.79,1.249933,0.3584939,Left,Up,-0.2176059,1.116905,TransSharp
503.7598,21.2405,0,-0.6596482,0.3452201,0,-0.4304014,9027.64,1.24957,0.3591633,Left,Up,-0.2167048,1.146919,TransSharp
503.7998,21.23819,0,-0.6376737,0.3452201,0,-0.4258807,9028.489,1.248655,0.3598335,Left,Up,-0.2167048,1.176643,TransSharp
503.8398,21.24648,0,-0.6367582,0.3452201,0,-0.4251382,9029.339,1.249982,0.360504,Left,Up,-0.2055842,1.20636,TransSharp
503.8798,21.24442,0,-0.6367582,0.3452201,0,-0.4227832,9030.188,1.251962,0.3611745,Left,Up,-0.2007689,1.234344,TransSharp
503.9198,21.24371,0,-0.6367582,0.3452201,0,-0.4202333,9031.038,1.251921,0.3618451,Left,Up,-0.2007689,1.261223,TransSharp
503.9598,21.24249,0,-0.6367582,0.3452201,0,-0.4201615,9031.888,1.250328,0.3625163,Left,Up,-0.1968319,1.288078,TransSharp
503.9998,21.24761,0,-0.6367582,0.3452201,0,-0.4241156,9032.737,1.254052,0.3631879,Left,Up,-0.1845175,1.314583,TransSharp
504.0398,21.24698,0,-0.631265,0.3452201,0,-0.4232985,9033.587,1.254446,0.3638594,Left,Up,-0.1855749,1.338669,TransSharp
504.0798,21.24585,0,-0.6065458,0.3452201,0,-0.4244869,9034.437,1.254444,0.3645311,Left,Up,-0.1855749,1.362732,TransSharp
504.1198,21.24785,0,-0.5726713,0.3452201,0,-0.4286235,9035.286,1.253213,0.3652034,Left,Up,-0.1780411,1.386787,TransSharp
504.1598,21.25051,0,-0.5296415,0.3452201,0,-0.4360864,9036.136,1.256478,0.3658758,Left,Up,-0.1701742,1.409805,TransSharp
504.1998,21.24917,0,-0.4783702,0.3452201,0,-0.4395144,9036.985,1.257464,0.3665482,Left,Up,-0.1701742,1.431061,TransSharp
504.2398,21.2481,0,-0.4097039,0.3452201,0,-0.4431173,9037.835,1.257389,0.3672213,Left,Up,-0.1690205,1.452286,TransSharp
504.2798,21.24999,0,-0.3392082,0.3452201,0,-0.4493799,9038.685,1.256705,0.3678947,Left,Up,-0.165511,1.473511,TransSharp
504.3198,21.25177,0,-0.2311742,0.3452201,0,-0.4585219,9039.534,1.257304,0.3685681,Left,Up,-0.1532334,1.49427,TransSharp
504.3598,21.2519,0,-0.08194149,0.3452201,0,-0.4683479,9040.384,1.260618,0.3692416,Left,Up,-0.1545051,1.512634,TransSharp
504.3998,21.25119,0,0.04714966,0.3452201,0,-0.4735443,9041.233,1.260666,0.3699157,Left,Up,-0.1545051,1.530975,TransSharp
504.4398,21.25025,0,0.1963842,0.3452201,0,-0.4803759,9042.083,1.26018,0.3705901,Left,Up,-0.1532334,1.549316,TransSharp
504.4798,21.25255,0,0.2961767,0.3452201,0,-0.4893646,9042.933,1.259846,0.3712641,Left,Up,-0.14537,1.567642,TransSharp
504.5198,21.25437,0,0.3804088,0.3452201,0,-0.5000986,9043.782,1.260698,0.371939,Left,Up,-0.1384764,1.584549,TransSharp
504.5598,21.25575,0,0.4325938,0.3452201,0,-0.5115089,9044.632,1.264238,0.3726141,Left,Up,-0.1384764,1.599968,TransSharp
504.5998,21.25545,0,0.4463267,0.3452201,0,-0.516434,9045.481,1.264374,0.3732896,Left,Up,-0.1384764,1.615387,TransSharp
504.6398,21.25484,0,0.4509044,0.3452201,0,-0.5220794,9046.331,1.264174,0.3739645,Left,Up,-0.1384764,1.630791,TransSharp
504.6798,21.25809,0,0.4509044,0.3452201,0,-0.5293677,9047.181,1.26413,0.3746404,Left,Up,-0.1312212,1.646187,TransSharp
504.7198,21.25757,0,0.4509044,0.3452201,0,-0.5373531,9048.03,1.264096,0.3753166,Left,Up,-0.1219466,1.660759,TransSharp
504.7598,21.26094,0,0.4509044,0.3452201,0,-0.5463153,9048.88,1.266164,0.3759923,Left,Up,-0.1219466,1.673149,TransSharp
504.7998,21.26049,0,0.4509044,0.3452201,0,-0.5528865,9049.729,1.268709,0.3766689,Left,Up,-0.1219466,1.685539,TransSharp
504.8398,21.25963,0,0.4454112,0.3452201,0,-0.5534191,9050.579,1.268723,0.3773458,Left,Up,-0.1219466,1.697929,TransSharp
504.8798,21.25972,0,0.4444957,0.3452201,0,-0.5541399,9051.429,1.268485,0.3780229,Left,Up,-0.1219466,1.710312,TransSharp
504.9198,21.26149,0,0.4289317,0.3452201,0,-0.5551819,9052.278,1.268619,0.3786995,Left,Up,-0.1153499,1.722687,TransSharp
504.9598,21.26086,0,0.3904796,0.3452201,0,-0.5558711,9053.128,1.268905,0.3793771,Left,Up,-0.1046783,1.733932,TransSharp
504.9998,21.26073,0,0.3520274,0.3452201,0,-0.5564198,9053.978,1.269145,0.3800549,Left,Up,-0.1046783,1.743103,TransSharp
505.0398,21.26324,0,0.3035009,0.3452201,0,-0.5569478,9054.827,1.271773,0.3807325,Left,Up,-0.1046783,1.752258,TransSharp
505.0798,21.26183,0,0.2659643,0.3452201,0,-0.5526072,9055.677,1.273492,0.3814106,Left,Up,-0.1046783,1.761421,TransSharp
505.1198,21.26066,0,0.2192724,0.3452201,0,-0.5430644,9056.526,1.273523,0.3820891,Left,Up,-0.1046783,1.770584,TransSharp
505.1598,21.26051,0,0.1643407,0.3452201,0,-0.5333407,9057.376,1.273175,0.3827678,Left,Up,-0.1065312,1.779747,TransSharp
505.1998,21.26072,0,0.09292603,0.3452201,0,-0.5229471,9058.226,1.273499,0.3834461,Left,Up,-0.09691329,1.788895,TransSharp
505.2398,21.26015,0,-0.04074097,0.3452201,0,-0.5122402,9059.075,1.273996,0.3841253,Left,Up,-0.08846933,1.796692,TransSharp
505.2798,21.25903,0,-0.1414508,0.3452201,0,-0.5007337,9059.925,1.2745,0.3848048,Left,Up,-0.08622923,1.802261,TransSharp
505.3198,21.25857,0,-0.2558935,0.3452201,0,-0.4889174,9060.774,1.275082,0.3854844,Left,Up,-0.08846933,1.807823,TransSharp
505.3598,21.26,0,-0.3337151,0.3412528,0,-0.4772388,9061.624,1.277018,0.3861636,Left,Up,-0.08622923,1.813385,TransSharp
505.3998,21.25895,0,-0.3694206,0.3412528,0,-0.463079,9062.474,1.278969,0.3868437,Left,Up,-0.08622923,1.818954,TransSharp
505.4398,21.25712,0,-0.3987175,0.3372854,0,-0.4409723,9063.323,1.278858,0.387524,Left,Up,-0.08622923,1.824509,TransSharp
505.4798,21.25543,0,-0.4060417,0.3372854,0,-0.4188833,9064.173,1.278751,0.3882041,Left,Up,-0.08622923,1.830063,TransSharp
505.5198,21.2544,0,-0.4124522,0.3372854,0,-0.3966307,9065.022,1.278858,0.3888846,Left,Up,-0.08392937,1.835625,TransSharp
505.5598,21.25217,0,-0.4124522,0.3372854,0,-0.374368,9065.872,1.279323,0.3895656,Left,Up,-0.0656106,1.841171,TransSharp
505.5998,21.24992,0,-0.4124522,0.3372854,0,-0.3519236,9066.722,1.279871,0.3902468,Left,Up,-0.06852804,1.842613,TransSharp
505.6398,21.2477,0,-0.4124522,0.3372854,0,-0.329372,9067.571,1.280582,0.3909277,Left,Up,-0.0656106,1.843796,TransSharp
505.6798,21.24509,0,-0.4124522,0.3372854,0,-0.3068583,9068.421,1.281132,0.3916091,Left,Up,-0.0656106,1.844971,TransSharp
505.7198,21.24327,0,-0.4124522,0.3372854,0,-0.2845078,9069.271,1.281381,0.3922909,Left,Up,-0.0656106,1.846146,TransSharp
505.7598,21.24146,0,-0.4124522,0.3372854,0,-0.26252,9070.12,1.28297,0.3929725,Left,Up,-0.0656106,1.847313,TransSharp
505.7998,21.23961,0,-0.4124522,0.3372854,0,-0.2411176,9070.97,1.284178,0.3936547,Left,Up,-0.0656106,1.84848,TransSharp
505.8398,21.23801,0,-0.4106212,0.3372854,0,-0.2181189,9071.819,1.284844,0.3943369,Left,Up,-0.06852804,1.849648,TransSharp
505.8798,21.23667,0,-0.4106212,0.3372854,0,-0.1857588,9072.669,1.286081,0.3950196,Left,Up,-0.0656106,1.850815,TransSharp
505.9198,21.23575,0,-0.4106212,0.3372854,0,-0.1542642,9073.519,1.287068,0.395702,Left,Up,-0.0656106,1.851974,TransSharp
505.9598,21.23429,0,-0.4097039,0.3372854,0,-0.1235546,9074.368,1.2878,0.3963851,Left,Up,-0.0656106,1.853142,TransSharp
505.9998,21.23344,0,-0.399633,0.3372854,0,-0.09361786,9075.218,1.288157,0.3970681,Straight,Up,-0.02797646,1.854294,TransSharp
506.0398,21.23246,0,-0.3877312,0.3372854,0,-0.06446141,9076.067,1.288357,0.3977511,Straight,Up,-0.01978234,1.846992,TransSharp
506.0798,21.23138,0,-0.380407,0.3372854,0,-0.0363332,9076.917,1.288563,0.3984348,Straight,Up,-0.01978234,1.835754,TransSharp
506.1198,21.23024,0,-0.3639275,0.3372854,0,-0.009282827,9077.767,1.288914,0.3991187,Straight,Up,-0.01978234,1.824524,TransSharp
506.1598,21.2291,0,-0.3529412,0.3372854,0,0.01682106,9078.616,1.289261,0.3998025,Straight,Up,0,1.813286,TransSharp
506.1998,21.22787,0,-0.3511101,0.3372854,0,0.04171848,9079.466,1.289661,0.4004863,Straight,Up,-0.01978234,1.802063,TransSharp
506.2398,21.22664,0,-0.3511101,0.3372854,0,0.06558883,9080.315,1.290103,0.4011708,Straight,Up,-0.01978234,1.79084,TransSharp
506.2798,21.22544,0,-0.3447014,0.3372854,0,0.08823064,9081.165,1.290525,0.4018551,Straight,Up,-0.01978234,1.779617,TransSharp
506.3198,21.2242,0,-0.3273064,0.3372854,0,0.1093839,9082.015,1.291085,0.40254,Straight,Up,0,1.768402,TransSharp
506.3598,21.22295,0,-0.3089958,0.3372854,0,0.129251,9082.864,1.291735,0.4032246,Straight,Up,0,1.757187,TransSharp
506.3998,21.22175,0,-0.291599,0.3372854,0,0.1478794,9083.714,1.292233,0.4039097,Straight,Up,-0.01978234,1.745972,TransSharp
506.4398,21.22055,0,-0.2604711,0.3571222,0,0.1652979,9084.563,1.292846,0.4045949,Straight,Up,-0.01978234,1.734764,TransSharp
506.4798,21.22184,0,-0.2256811,0.3571222,0,0.1814886,9085.413,1.293494,0.4052801,Straight,Up,-0.01978234,1.723564,TransSharp
506.5198,21.22497,0,-0.1853979,0.3571222,0,0.1964166,9086.263,1.294052,0.4059658,Straight,Up,-0.01978234,1.712357,TransSharp
506.5598,21.22817,0,-0.1707476,0.3610895,0,0.2101906,9087.112,1.294671,0.4066518,Straight,Up,-0.01978234,1.701157,TransSharp
506.5998,21.23188,0,-0.16617,0.3610895,0,0.2227011,9087.962,1.295326,0.4073377,Straight,Up,-0.01978234,1.689957,TransSharp
506.6398,21.23599,0,-0.16617,0.3610895,0,0.2340493,9088.812,1.295938,0.4080236,Straight,Up,-0.01978234,1.678757,TransSharp
506.6798,21.24011,0,-0.1652545,0.3610895,0,0.2441155,9089.661,1.296571,0.40871,Straight,Up,-0.01978234,1.667557,TransSharp
506.7198,21.24426,0,-0.1551837,0.3610895,0,0.252921,9090.511,1.297229,0.4093967,Straight,Up,-0.01978234,1.656357,TransSharp
506.7598,21.24841,0,-0.1359576,0.3610895,0,0.2604933,9091.36,1.297873,0.4100829,Straight,Up,-0.01978234,1.645157,TransSharp
506.7998,21.25254,0,-0.1249713,0.3610895,0,0.2669154,9092.21,1.298509,0.4107699,Straight,Up,-0.01978234,1.633965,TransSharp
506.8398,21.25671,0,-0.1240557,0.3610895,0,0.2721906,9093.06,1.299097,0.4114571,Straight,Up,-0.01978234,1.622765,TransSharp
506.8798,21.26081,0,-0.1231402,0.3610895,0,0.2765175,9093.909,1.299616,0.4121445,Straight,Up,0,1.611572,TransSharp
506.9198,21.26511,0,-0.1231402,0.3610895,0,0.2799966,9094.76,1.300106,0.4128313,Straight,Up,-0.01978234,1.60038,TransSharp
506.9598,21.2694,0,-0.1231402,0.3610895,0,0.2823436,9095.611,1.300822,0.4135191,Straight,Up,-0.01978234,1.58918,TransSharp
506.9998,21.27358,0,-0.1231402,0.3610895,0,0.2836741,9096.463,1.301647,0.414207,Straight,Up,-0.01978234,1.577988,TransSharp
507.0398,21.27786,0,-0.1194781,0.3610895,0,0.2842323,9097.314,1.302449,0.4148943,Straight,Up,-0.01978234,1.566803,TransSharp
507.0798,21.2821,0,-0.1176471,0.3610895,0,0.2836954,9098.166,1.303165,0.4155825,Straight,Up,-0.01978234,1.555603,TransSharp
507.1198,21.28654,0,-0.1121539,0.3610895,0,0.2822995,9099.018,1.303869,0.4162709,Straight,Up,-0.01978234,1.544411,TransSharp
507.1598,21.2909,0,-0.0993365,0.3610895,0,0.2800555,9099.869,1.304494,0.4169595,Straight,Up,-0.01978234,1.533218,TransSharp
507.1998,21.29513,0,-0.08194149,0.3650568,0,0.2767894,9100.721,1.305076,0.4176475,Straight,Up,-0.01978234,1.522026,TransSharp
507.2398,21.30006,0,-0.04806519,0.3650568,0,0.272869,9101.572,1.305619,0.4183363,Straight,Up,-0.01978234,1.510834,TransSharp
507.2798,21.30532,0,-0.01602173,0.3650568,0,0.2681346,9102.424,1.306193,0.4190254,Straight,Up,0,1.499641,TransSharp
507.3198,21.31058,0,0.02151489,0.3650568,0,0.2629183,9103.275,1.306857,0.4197145,Straight,Up,-0.01978234,1.488441,TransSharp
507.3598,21.31582,0,0.04714966,0.3650568,0,0.2569596,9104.128,1.307419,0.4204032,Straight,Up,-0.01978234,1.477242,TransSharp
507.3998,21.31851,0,0.06546021,0.3650568,0,0.2505604,9104.981,1.306793,0.4210927,Straight,Up,-0.02797646,1.466057,TransSharp
507.4398,21.32717,0,0.08743286,0.3650568,0,0.2418049,9105.835,1.30882,0.4217823,Straight,Up,-0.01978234,1.454872,TransSharp
507.4798,21.33482,0,0.09292603,0.3650568,0,0.2318975,9106.688,1.311713,0.4224714,Straight,Up,-0.01978234,1.443695,TransSharp
507.5198,21.33955,0,0.09292603,0.3650568,0,0.221798,9107.542,1.314012,0.4231614,Straight,Up,0,1.432503,TransSharp
507.5598,21.34763,0,0.09292603,0.3650568,0,0.2113006,9108.396,1.315079,0.4238515,Straight,Up,-0.01978234,1.421303,TransSharp
507.5998,21.3562,0,0.09292603,0.3650568,0,0.200308,9109.249,1.315349,0.4245418,Straight,Up,0.03426402,1.410095,TransSharp
507.6398,21.36441,0,0.09292603,0.3650568,0,0.1888494,9110.104,1.315139,0.4252315,Right,Up,0.05595291,1.391197,TransSharp
507.6798,21.3723,0,0.09292603,0.3690242,0,0.1773156,9110.959,1.314857,0.425922,Right,Up,0.05595291,1.363083,TransSharp
507.7198,21.38102,0,0.09292603,0.3690242,0,0.1657961,9111.814,1.314404,0.4266127,Right,Up,0.05595291,1.334961,TransSharp
507.7598,21.38968,0,0.09292603,0.3690242,0,0.1538218,9112.67,1.314874,0.427303,Right,Up,0.05595291,1.306839,TransSharp
507.7998,21.39891,0,0.09292603,0.3690242,0,0.1414725,9113.525,1.315715,0.4279938,Right,Up,0.05595291,1.278709,TransSharp
507.8398,21.40628,0,0.09384155,0.3690242,0,0.1292688,9114.381,1.316025,0.4286849,Right,Up,0.05595291,1.250572,TransSharp
507.8798,21.41686,0,0.110321,0.3690242,0,0.1135081,9115.238,1.316777,0.4293762,Right,Up,0.05595291,1.222435,TransSharp
507.9198,21.42718,0,0.1652563,0.3690242,0,0.09376082,9116.096,1.318508,0.4300671,Right,Up,0.05595291,1.194275,TransSharp
507.9598,21.43706,0,0.2485693,0.3690242,0,0.07408324,9116.953,1.319852,0.4307584,Right,Up,0.05233916,1.166107,TransSharp
507.9998,21.44661,0,0.2961767,0.3690242,0,0.05462959,9117.811,1.320386,0.4314501,Right,Up,0.05233916,1.137909,TransSharp
508.0398,21.45642,0,0.3135717,0.3690242,0,0.03568774,9118.668,1.320338,0.4321414,Right,Up,0.05934703,1.10968,TransSharp
508.0798,21.46688,0,0.3135717,0.3690242,0,0.01730186,9119.527,1.320121,0.4328333,Right,Up,0.08846933,1.081451,TransSharp
508.1198,21.47804,0,0.3035009,0.3690242,0,-0.001032501,9120.387,1.321345,0.4335251,Right,Up,0.08846933,1.04335,TransSharp
508.1598,21.48929,0,0.2851903,0.3690242,0,-0.020423,9121.246,1.322081,0.4342174,Right,Up,0.09065409,1.005226,TransSharp
508.1998,21.50053,0,0.2732885,0.3690242,0,-0.04532894,9122.105,1.323311,0.4349092,Right,Up,0.09065409,0.9670792,TransSharp
508.2398,21.51183,0,0.2623022,0.3690242,0,-0.07025272,9122.966,1.324218,0.4356017,Right,Up,0.08846933,0.9288864,TransSharp
508.2798,21.52242,0,0.2604711,0.3690242,0,-0.09481114,9123.827,1.324631,0.436294,Right,Up,0.09065409,0.8906631,TransSharp
508.3198,21.53384,0,0.2595556,0.3690242,0,-0.1186974,9124.688,1.324057,0.4369862,Right,Up,0.08846933,0.852417,TransSharp
508.3598,21.54707,0,0.2540624,0.3690242,0,-0.1423585,9125.55,1.325628,0.437679,Right,Up,0.1083524,0.8141479,TransSharp
508.3998,21.56024,0,0.2439916,0.3690242,0,-0.1698393,9126.412,1.327084,0.438372,Right,Up,0.1186941,0.771019,TransSharp
508.4398,21.57231,0,0.2320898,0.3690242,0,-0.1997931,9127.275,1.327981,0.4390648,Right,Up,0.1203313,0.7235489,TransSharp
508.4798,21.58401,0,0.2183568,0.3690242,0,-0.2291847,9128.139,1.328208,0.4397575,Right,Up,0.1219466,0.6760178,TransSharp
508.5198,21.59686,0,0.1963842,0.3690242,0,-0.2579224,9129.002,1.327755,0.4404508,Right,Up,0.1203313,0.6284637,TransSharp
508.5598,21.61177,0,0.1661718,0.3690242,0,-0.2869006,9129.866,1.329132,0.441144,Right,Up,0.1203313,0.5808868,TransSharp
508.5998,21.62731,0,0.1460302,0.3690242,0,-0.3226201,9130.731,1.331477,0.4418375,Right,Up,0.1467098,0.533287,TransSharp
508.6398,21.64063,0,0.1167297,0.3690242,0,-0.3570363,9131.597,1.33287,0.4425307,Right,Up,0.1506579,0.4780197,TransSharp
508.6798,21.65506,0,0.08651733,0.3690242,0,-0.3911925,9132.462,1.333408,0.4432245,Right,Up,0.1506579,0.4212341,TransSharp
508.7198,21.67141,0,0.05722046,0.3690242,0,-0.4248778,9133.329,1.333271,0.4439181,Right,Up,0.1493534,0.3643646,TransSharp
508.7598,21.68735,0,0.0453186,0.3690242,0,-0.4585074,9134.196,1.333188,0.4446116,Right,Up,0.1631294,0.3074341,TransSharp
508.7998,21.7018,0,0.0453186,0.3690242,0,-0.4910951,9135.063,1.332514,0.4453057,Right,Up,0.1802258,0.2475281,TransSharp
508.8398,21.71956,0,0.0453186,0.3690242,0,-0.523288,9135.933,1.333134,0.4459998,Right,Up,0.1802258,0.181427,TransSharp
508.8798,21.73532,0,0.0453186,0.3690242,0,-0.549816,9136.802,1.334654,0.4466939,Right,Flat,0.1802258,0.115242,TransSharp
508.9198,21.75054,0,0.0453186,0.3690242,0,-0.5713727,9137.671,1.334985,0.4473878,Left,Flat,-0.05934703,0.04898834,TransSharp
508.9598,21.76491,0,0.04440308,0.3690242,0,-0.5918713,9138.542,1.334413,0.4480823,Left,Flat,-0.1607126,0.004806519,TransSharp
508.9998,21.782,0,0.03890991,0.3690242,0,-0.6120144,9139.413,1.333696,0.448777,Left,Flat,-0.1607126,-0.02120209,TransSharp
509.0398,21.80016,0,0.03890991,0.3690242,0,-0.6304514,9140.284,1.33593,0.4494709,Left,Flat,-0.1619255,-0.04724121,TransSharp
509.0798,21.81639,0,0.03890991,0.3690242,0,-0.640351,9141.157,1.336691,0.4501657,Left,Flat,-0.1594904,-0.07329559,TransSharp
509.1198,21.83123,0,0.03890991,0.3690242,0,-0.6492462,9142.03,1.336863,0.4508606,Left,Flat,-0.1582588,-0.09527588,TransSharp
509.1598,21.84892,0,0.03890991,0.3690242,0,-0.6579992,9142.903,1.336822,0.4515556,Left,Flat,-0.1582588,-0.1153412,TransSharp
509.1998,21.86441,0,0.03341675,0.3690242,0,-0.6659485,9143.778,1.336117,0.45225,Left,Flat,-0.1582588,-0.1354218,TransSharp
509.2398,21.88311,0,0.02059937,0.3690242,0,-0.6735964,9144.653,1.338099,0.4529452,Left,Down,-0.1506579,-0.1555099,TransSharp
509.2798,21.90011,0,-0.01052856,0.3690242,0,-0.673609,9145.529,1.339337,0.4536405,Left,Down,-0.1282043,-0.1751709,TransSharp
509.3198,21.9163,0,-0.03433228,0.3690242,0,-0.6707027,9146.406,1.339933,0.4543351,Left,Down,-0.1282043,-0.1924744,TransSharp
509.3598,21.93402,0,-0.06363094,0.3690242,0,-0.6678762,9147.283,1.340198,0.4550306,Left,Down,-0.1282043,-0.2097931,TransSharp
509.3998,21.95126,0,-0.08743465,0.3690242,0,-0.6646202,9148.161,1.340303,0.4557261,Left,Down,-0.1297215,-0.2271347,TransSharp
509.4398,21.96795,0,-0.0956744,0.3690242,0,-0.6610348,9149.04,1.340348,0.4564217,Left,Down,-0.1282043,-0.2444916,TransSharp
509.4798,21.9848,0,-0.0993365,0.3690242,0,-0.6572685,9149.919,1.340314,0.4571167,Left,Down,-0.1065312,-0.2618561,TransSharp
509.5198,22.00276,0,-0.0993365,0.3690242,0,-0.6533053,9150.799,1.341869,0.4578125,Left,Down,-0.09691329,-0.2771606,TransSharp
509.5598,22.0209,0,-0.0993365,0.3690242,0,-0.6441802,9151.68,1.343271,0.4585084,Left,Down,-0.09691329,-0.2914886,TransSharp
509.5998,22.03827,0,-0.0993365,0.3690242,0,-0.629041,9152.561,1.344203,0.4592044,Left,Down,-0.09691329,-0.3058319,TransSharp
509.6398,22.05599,0,-0.0993365,0.3690242,0,-0.6139563,9153.443,1.344841,0.4598997,Left,Down,-0.09891172,-0.3201904,TransSharp
509.6798,22.07405,0,-0.0993365,0.3690242,0,-0.5987282,9154.326,1.345194,0.4605958,Left,Down,-0.09891172,-0.3345642,TransSharp
509.7198,22.0921,0,-0.0993365,0.3690242,0,-0.5835183,9155.209,1.345483,0.461292,Left,Down,-0.09691329,-0.3489532,TransSharp
509.7598,22.10999,0,-0.0993365,0.3729915,0,-0.5681929,9156.094,1.345701,0.4619876,Left,Down,-0.08392937,-0.3633499,TransSharp
509.7998,22.12824,0,-0.0993365,0.3729915,0,-0.5530244,9156.979,1.345908,0.4626839,Left,Down,-0.05595291,-0.3768539,TransSharp
509.8398,22.14679,0,-0.0993365,0.3729915,0,-0.537868,9157.864,1.346201,0.4633803,Left,Down,-0.05595291,-0.3872757,TransSharp
509.8798,22.16525,0,-0.0993365,0.3729915,0,-0.5229169,9158.751,1.346505,0.4640768,Left,Down,-0.05233916,-0.3977051,TransSharp
509.9198,22.18331,0,-0.0993365,0.3729915,0,-0.5078593,9159.638,1.346942,0.4647726,Left,Down,-0.05595291,-0.4081421,TransSharp
509.9598,22.20194,0,-0.0993365,0.3729915,0,-0.4926572,9160.526,1.34717,0.4654693,Left,Down,-0.05595291,-0.4185867,TransSharp
509.9998,22.22026,0,-0.0993365,0.3729915,0,-0.4778223,9161.415,1.348471,0.466166,Left,Down,-0.05595291,-0.4290314,TransSharp
510.0398,22.23902,0,-0.0993365,0.3729915,0,-0.4630978,9162.304,1.34942,0.4668623,Left,Down,-0.05595291,-0.4394989,TransSharp
510.0798,22.25684,0,-0.0993365,0.3729915,0,-0.4483421,9163.194,1.349926,0.4675588,Left,Down,-0.05595291,-0.4499664,TransSharp
510.1198,22.27605,0,-0.0993365,0.3729915,0,-0.4298143,9164.085,1.351047,0.4682558,Left,Down,-0.05595291,-0.460434,TransSharp
510.1598,22.29544,0,-0.0993365,0.3729915,0,-0.4104739,9164.977,1.352145,0.4689527,Left,Down,-0.05595291,-0.4709167,TransSharp
510.1998,22.31383,0,-0.0993365,0.3769741,0,-0.3915162,9165.869,1.353079,0.4696492,Left,Down,-0.05595291,-0.4814072,TransSharp
510.2398,22.33416,0,-0.0993365,0.3769741,0,-0.3728707,9166.762,1.353646,0.470346,Left,Down,-0.05595291,-0.4919052,TransSharp
510.2798,22.3543,0,-0.0993365,0.3769741,0,-0.3545732,9167.656,1.353963,0.4710432,Left,Down,-0.05233916,-0.5024185,TransSharp
510.3198,22.37429,0,-0.0993365,0.3769741,0,-0.3363688,9168.551,1.354303,0.4717399,Straight,Down,-0.03426402,-0.5129395,TransSharp
510.3598,22.39419,0,-0.0993365,0.3769741,0,-0.3186768,9169.446,1.354503,0.4724371,Straight,Down,0,-0.5218582,TransSharp
510.3998,22.41392,0,-0.0993365,0.3769741,0,-0.3013234,9170.343,1.354889,0.4731342,Straight,Down,0,-0.5265198,TransSharp
510.4398,22.4336,0,-0.0892657,0.3769741,0,-0.2843602,9171.239,1.35537,0.4738315,Straight,Down,0,-0.5311966,TransSharp
510.4798,22.45317,0,-0.08102596,0.3769741,0,-0.2676778,9172.138,1.355801,0.4745284,Straight,Down,0,-0.5358658,TransSharp
510.5198,22.47272,0,-0.07553279,0.3769741,0,-0.2512555,9173.036,1.356345,0.4752259,Straight,Down,0,-0.540535,TransSharp
510.5598,22.49218,0,-0.07553279,0.3769741,0,-0.2350802,9173.936,1.356853,0.4759232,Straight,Down,0,-0.5452194,TransSharp
510.5998,22.51158,0,-0.07553279,0.3769741,0,-0.2193812,9174.836,1.357364,0.4766207,Straight,Down,0,-0.5499039,TransSharp
510.6398,22.53092,0,-0.05813599,0.3769741,0,-0.2041215,9175.736,1.358087,0.4773178,Straight,Down,0,-0.5545883,TransSharp
510.6798,22.55022,0,-0.01693726,0.3769741,0,-0.1893522,9176.639,1.358767,0.4780152,Straight,Down,0,-0.5592728,TransSharp
510.7198,22.56947,0,0.02151489,0.3769741,0,-0.1748794,9177.541,1.359409,0.4787129,Straight,Down,0,-0.5639725,TransSharp
510.7598,22.58867,0,0.08010864,0.3769741,0,-0.1607231,9178.444,1.359826,0.4794101,Straight,Down,0,-0.5686646,TransSharp
510.7998,22.60781,0,0.1048279,0.3769741,0,-0.1468217,9179.349,1.360324,0.4801079,Straight,Down,0.01978234,-0.5733643,TransSharp
510.8398,22.62693,0,0.1112366,0.3769741,0,-0.1332744,9180.253,1.361188,0.4808054,Straight,Down,0,-0.5780716,TransSharp
510.8798,22.64583,0,0.1112366,0.3769741,0,-0.1199941,9181.159,1.361969,0.4815032,Straight,Down,0,-0.5827789,TransSharp
510.9198,22.66497,0,0.1112366,0.3769741,0,-0.1069145,9182.065,1.362424,0.4822007,Straight,Down,0,-0.5874863,TransSharp
510.9598,22.68408,0,0.1057434,0.3769741,0,-0.09411958,9182.973,1.362996,0.4828986,Straight,Down,0,-0.5922089,TransSharp
510.9998,22.70303,0,0.1057434,0.3769741,0,-0.08126697,9183.881,1.363469,0.4835963,Straight,Down,0,-0.5969238,TransSharp
511.0398,22.72186,0,0.1057434,0.3769741,0,-0.06848603,9184.789,1.364041,0.4842937,Straight,Down,0.01978234,-0.6016464,TransSharp
511.0798,22.74099,0,0.1057434,0.3769741,0,-0.05572292,9185.699,1.364617,0.4849917,Straight,Down,0,-0.6063766,TransSharp
511.1198,22.76,0,0.1057434,0.3769741,0,-0.04293618,9186.609,1.36528,0.4856898,Straight,Down,0,-0.6110992,TransSharp
511.1598,22.77881,0,0.1057434,0.3769741,0,-0.03010604,9187.521,1.365966,0.4863876,Straight,Down,0,-0.6158371,TransSharp
511.1998,22.79776,0,0.1057434,0.3769741,0,-0.01726311,9188.433,1.366499,0.4870852,Straight,Down,0,-0.620575,TransSharp
511.2398,22.81671,0,0.1057434,0.3769741,0,-0.004506201,9189.345,1.366794,0.4877833,Straight,Down,0,-0.6253204,TransSharp
511.2798,22.83532,0,0.1057434,0.3769741,0,6.276369E-05,9190.258,1.366779,0.4884814,Straight,Down,0,-0.6300583,TransSharp
511.3198,22.85393,0,0.1057434,0.3769741,0,0.004901767,9191.172,1.366979,0.4891789,Straight,Down,0,-0.6348114,TransSharp
511.3598,22.87258,0,0.1130676,0.3769741,0,0.0097799,9192.086,1.367062,0.489877,Straight,Down,0,-0.6395721,TransSharp
511.3998,22.89099,0,0.1606786,0.3769741,0,0.01437211,9193.002,1.367553,0.4905752,Straight,Down,0,-0.6443329,TransSharp
511.4398,22.90934,0,0.3089941,0.3769741,0,0.01910302,9193.918,1.368358,0.4912734,Straight,Down,0,-0.6490936,TransSharp
511.4798,22.92755,0,0.4280162,0.3769741,0,0.02405632,9194.835,1.369088,0.491971,Straight,Down,0.01978234,-0.6538544,TransSharp
511.5198,22.94569,0,0.4234385,0.3769741,0,0.02965429,9195.753,1.369295,0.4926692,Right,Down,0.06255726,-0.6579132,TransSharp
511.5598,22.96397,0,0.4509044,0.3769741,0,0.03553393,9196.671,1.37101,0.4933674,Right,Down,0.06255726,-0.6582718,TransSharp
511.5998,22.9831,0,0.5900681,0.3769741,0,0.04192421,9197.59,1.372798,0.4940658,Right,Down,0.06255726,-0.6586227,TransSharp
511.6398,23.00146,0,0.8198655,0.3769741,0,0.04742843,9198.51,1.374064,0.4947633,Right,Down,0.06255726,-0.6589737,TransSharp
511.6798,23.01855,0,1.026778,0.3769741,0,0.04659817,9199.43,1.373813,0.4954616,Right,Down,0.06255726,-0.6593323,TransSharp
511.7198,23.03635,0,1.125659,0.3769741,0,0.04686162,9200.352,1.373651,0.4961599,Right,Down,0.06255726,-0.6596832,TransSharp
511.7598,23.0546,0,1.186999,0.3769741,0,0.04852447,9201.273,1.373973,0.4968575,Right,Down,0.06255726,-0.6600342,TransSharp
511.7998,23.07129,0,1.190661,0.3769741,0,0.05172348,9202.195,1.374786,0.4975558,Right,Down,0.05934703,-0.6603851,TransSharp
511.8398,23.08736,0,1.191577,0.3769741,0,0.05705181,9203.119,1.375279,0.4982541,Right,Down,0.05934703,-0.6607361,TransSharp
511.8798,23.10441,0,1.196154,0.3769741,0,0.06402478,9204.043,1.377359,0.4989525,Right,Down,0.06852804,-0.661087,TransSharp
511.9198,23.12254,0,1.196154,0.3769741,0,0.07327467,9204.968,1.379876,0.4996501,Right,Down,0.08622923,-0.6609726,TransSharp
511.9598,23.13703,0,1.202563,0.3769741,0,0.07620054,9205.894,1.379668,0.5003484,Right,Down,0.08622923,-0.6594238,TransSharp
511.9998,23.15194,0,1.214465,0.3769741,0,0.08116585,9206.819,1.379518,0.5010467,Right,Down,0.08622923,-0.6578674,TransSharp
512.0398,23.16847,0,1.214465,0.3769741,0,0.08883542,9207.745,1.3796,0.501745,Right,Down,0.08622923,-0.656311,TransSharp
512.0798,23.18157,0,1.201648,0.3769741,0,0.09974235,9208.673,1.379627,0.5024427,Right,Down,0.08622923,-0.6547546,TransSharp
512.1198,23.19646,0,1.155871,0.3769741,0,0.1135322,9209.601,1.381559,0.5031405,Right,Down,0.08622923,-0.6531906,TransSharp
512.1598,23.21199,0,1.045089,0.3769741,0,0.1289685,9210.528,1.38417,0.5038393,Right,Down,0.08622923,-0.651619,TransSharp
512.1998,23.22409,0,0.9324789,0.3769741,0,0.1403098,9211.458,1.383878,0.5045369,Right,Down,0.1065312,-0.6500473,TransSharp
512.2398,23.23697,0,0.7713425,0.3769741,0,0.1547416,9212.388,1.383576,0.5052357,Right,Down,0.1083524,-0.6469803,TransSharp
512.2798,23.2512,0,0.6468308,0.3769741,0,0.1728806,9213.317,1.383272,0.5059335,Right,Down,0.1065312,-0.6438751,TransSharp
512.3198,23.26497,0,0.6047165,0.3769741,0,0.1945113,9214.247,1.384487,0.5066313,Right,Down,0.1065312,-0.6407547,TransSharp
512.3598,23.28066,0,0.5992234,0.3769741,0,0.2184227,9215.179,1.387493,0.50733,Right,Down,0.1065312,-0.6376343,TransSharp
512.3998,23.2922,0,0.5992234,0.3769741,0,0.2382948,9216.11,1.387379,0.5080275,Right,Down,0.1101434,-0.6345139,TransSharp
512.4398,23.30465,0,0.5992234,0.3610895,0,0.2618648,9217.042,1.386757,0.5087253,Right,Down,0.1251145,-0.6311646,TransSharp
512.4798,23.31688,0,0.5992234,0.3610895,0,0.2893131,9217.975,1.385688,0.509424,Right,Down,0.1251145,-0.6266632,TransSharp
512.5198,23.33111,0,0.5992234,0.3610895,0,0.3206357,9218.908,1.3889,0.5101215,Right,Down,0.1251145,-0.6221695,TransSharp
512.5598,23.33972,0,0.5992234,0.3571222,0,0.348624,9219.842,1.389768,0.5108191,Right,Down,0.1251145,-0.6176682,TransSharp
512.5998,23.34627,0,0.5992234,0.3571222,0,0.3785216,9220.775,1.389379,0.5115178,Right,Down,0.1297215,-0.6131516,TransSharp
512.6398,23.35677,0,0.5955613,0.3571222,0,0.4122447,9221.709,1.387805,0.5122154,Right,Down,0.1426525,-0.608429,TransSharp
512.6798,23.36972,0,0.5955613,0.3571222,0,0.4495387,9222.644,1.39113,0.5129128,Right,Down,0.1426525,-0.6026459,TransSharp
512.7198,23.37743,0,0.6001389,0.3571222,0,0.4829224,9223.579,1.39187,0.5136114,Right,Down,0.1426525,-0.5968552,TransSharp
512.7598,23.38299,0,0.6175339,0.3531548,0,0.5184284,9224.515,1.391196,0.5143089,Right,Down,0.1440177,-0.5910492,TransSharp
512.7998,23.39483,0,0.6532395,0.3531548,0,0.5572706,9225.45,1.390769,0.5150075,Right,Down,0.1570175,-0.5852432,TransSharp
512.8398,23.40458,0,0.7255661,0.3452201,0,0.597649,9226.386,1.393957,0.5157048,Right,Down,0.1594904,-0.5784531,TransSharp
512.8798,23.40982,0,0.8015549,0.3412528,0,0.6344611,9227.321,1.393942,0.5164022,Right,Down,0.1594904,-0.5714188,TransSharp
512.9198,23.41131,0,0.8436728,0.3372854,0,0.6752536,9228.257,1.391967,0.5171006,Right,Down,0.1607126,-0.5643845,TransSharp
512.9598,23.42316,0,0.8775473,0.3333181,0,0.7197814,9229.194,1.396049,0.5177978,Right,Down,0.1735894,-0.5573425,TransSharp
512.9998,23.4254,0,0.8848715,0.3293507,0,0.7586336,9230.132,1.395741,0.5184953,Right,Down,0.1758294,-0.5492706,TransSharp
513.0398,23.42256,0,0.8848715,0.3293507,0,0.8014579,9231.069,1.393876,0.5191935,Right,Down,0.1769387,-0.5410461,TransSharp
513.0798,23.43291,0,0.8848715,0.3293507,0,0.847836,9232.007,1.397674,0.5198908,Right,Down,0.1823843,-0.5328064,TransSharp
513.1198,23.43288,0,0.8848715,0.3293507,0,0.8887106,9232.944,1.39735,0.5205879,Right,Down,0.1928145,-0.5241852,TransSharp
513.1598,23.43012,0,0.8848715,0.3293507,0,0.933157,9233.882,1.395916,0.5212861,Right,Down,0.1928145,-0.5147934,TransSharp
513.1998,23.43902,0,0.8784628,0.3293507,0,0.9795769,9234.819,1.399661,0.5219833,Right,Down,0.1948336,-0.505394,TransSharp
513.2398,23.43668,0,0.8738852,0.3293507,0,1.02212,9235.757,1.398792,0.5226814,Right,Down,0.2093567,-0.4958649,TransSharp
513.2798,23.43954,0,0.8628988,0.3293507,0,1.068789,9236.694,1.399278,0.5233783,Right,Down,0.20842,-0.4853363,TransSharp
513.3198,23.44256,0,0.8500814,0.3293507,0,1.113789,9237.632,1.400849,0.5240753,Right,Down,0.2112177,-0.4747849,TransSharp
513.3598,23.43972,0,0.8189499,0.3293507,0,1.158794,9238.569,1.39874,0.5247733,Right,Down,0.2246844,-0.4641037,TransSharp
513.3998,23.44684,0,0.7768357,0.3293507,0,1.206417,9239.507,1.402943,0.5254703,Right,Down,0.2246844,-0.4524231,TransSharp
513.4398,23.44309,0,0.720073,0.3293507,0,1.249551,9240.444,1.401169,0.526167,Right,Down,0.23239,-0.4407425,TransSharp
513.4798,23.44656,0,0.6477463,0.3293507,0,1.296669,9241.382,1.403728,0.5268648,Right,Down,0.2406627,-0.4286346,TransSharp
513.5198,23.44775,0,0.5900681,0.3293507,0,1.339788,9242.319,1.402961,0.5275616,Right,Down,0.2414744,-0.4158173,TransSharp
513.5598,23.45109,0,0.5223155,0.3253834,0,1.3851,9243.257,1.403816,0.5282581,Right,Down,0.254109,-0.4030151,TransSharp
513.5998,23.45226,0,0.5113292,0.3253834,0,1.428379,9244.194,1.404521,0.5289558,Right,Down,0.2571706,-0.3892975,TransSharp
513.6398,23.45442,0,0.5177379,0.3214161,0,1.471764,9245.132,1.404832,0.5296524,Right,Down,0.2639296,-0.3753586,TransSharp
513.6798,23.45276,0,0.5397105,0.3214161,0,1.513292,9246.069,1.405715,0.530349,Right,Down,0.2733977,-0.3609772,TransSharp
513.7198,23.45573,0,0.5516124,0.3214161,0,1.554824,9247.007,1.406103,0.5310465,Right,Down,0.276953,-0.3459167,TransSharp
513.7598,23.45108,0,0.588237,0.3214161,0,1.594073,9247.944,1.40665,0.5317428,Right,Down,0.2900664,-0.3307037,TransSharp
513.7998,23.45477,0,0.6431687,0.3214161,0,1.633473,9248.882,1.408149,0.5324401,Right,Down,0.2900664,-0.3144989,TransSharp
513.8398,23.44925,0,0.6834519,0.3214161,0,1.669416,9249.819,1.406865,0.5331365,Right,Down,0.3058279,-0.2982864,TransSharp
513.8798,23.45193,0,0.720073,0.3214161,0,1.706773,9250.757,1.411173,0.5338325,Right,Down,0.3071049,-0.2809982,TransSharp
513.9198,23.45219,0,0.7420456,0.3214161,0,1.738503,9251.694,1.406822,0.5345297,Right,Down,0.3226406,-0.2636414,TransSharp
513.9598,23.44439,0,0.7667649,0.3214161,0,1.770801,9252.632,1.410547,0.5352258,Right,Down,0.3238513,-0.2452393,TransSharp
513.9998,23.45113,0,0.7786667,0.3214161,0,1.800739,9253.569,1.411091,0.5359217,Right,Down,0.3403488,-0.226738,TransSharp
514.0398,23.43958,0,0.7850754,0.3214161,0,1.827163,9254.507,1.40892,0.5366186,Right,Down,0.3432113,-0.2071152,TransSharp
514.0798,23.44505,0,0.7850754,0.3214161,0,1.85279,9255.444,1.412554,0.5373146,Right,Down,0.3577275,-0.1873322,TransSharp
514.1198,23.4454,0,0.7850754,0.3452201,0,1.874144,9256.382,1.412391,0.5380104,Right,Down,0.364769,-0.1665344,TransSharp
514.1598,23.44469,0,0.7850754,0.3452201,0,1.891832,9257.319,1.415503,0.5387072,Right,Flat,0.3748225,-0.1452789,TransSharp
514.1998,23.44685,0,0.7960618,0.3452201,0,1.909411,9258.257,1.413301,0.5394027,Right,Flat,0.3876539,-0.1233292,TransSharp
514.2398,23.45085,0,0.8088791,0.3491875,0,1.921413,9259.194,1.416537,0.5400983,Right,Flat,0.3956476,-0.1004944,TransSharp
514.2798,23.46043,0,0.8372641,0.3491875,0,1.932889,9260.132,1.414421,0.5407948,Right,Flat,0.4087828,-0.07714844,TransSharp
514.3198,23.45734,0,0.8482504,0.3491875,0,1.942322,9261.069,1.415065,0.5414901,Right,Flat,0.4205793,-0.05285645,TransSharp
514.3598,23.46886,0,0.8500814,0.3491875,0,1.9486,9262.009,1.416003,0.5421864,Right,Flat,0.4191812,-0.02779388,TransSharp
514.3998,23.46486,0,0.8500814,0.3491875,0,1.955903,9262.948,1.414288,0.5428817,Right,Flat,0.393167,-0.002204895,TransSharp
514.4398,23.47119,0,0.8500814,0.3491875,0,1.958236,9263.888,1.41784,0.543577,Right,Flat,0.3856296,0.02390289,TransSharp
514.4798,23.47377,0,0.8500814,0.3491875,0,1.961777,9264.827,1.415421,0.5442731,Right,Flat,0.3794918,0.04972076,TransSharp
514.5198,23.47489,0,0.8564901,0.3491875,0,1.961021,9265.767,1.418892,0.5449679,Right,Flat,0.3743001,0.07530975,TransSharp
514.5598,23.48038,0,0.8729696,0.3491875,0,1.960647,9266.706,1.417245,0.5456629,Right,Flat,0.3716771,0.1004028,TransSharp
514.5998,23.4772,0,0.8921957,0.3531548,0,1.958094,9267.646,1.419272,0.5463587,Right,Flat,0.3663747,0.1253204,TransSharp
514.6398,23.4847,0,0.8976889,0.3531548,0,1.95396,9268.585,1.419204,0.5470533,Right,Flat,0.3631561,0.1497192,TransSharp
514.6798,23.48211,0,0.8976889,0.3571222,0,1.949503,9269.524,1.420107,0.547748,Right,Up,0.3593647,0.1738739,TransSharp
514.7198,23.4894,0,0.8976889,0.3610895,0,1.94266,9270.464,1.420812,0.5484436,Right,Up,0.3544303,0.1976395,TransSharp
514.7598,23.48942,0,0.8976889,0.3610895,0,1.936221,9271.403,1.421197,0.5491381,Right,Up,0.3516591,0.2209778,TransSharp
514.7998,23.49635,0,0.8912802,0.3650568,0,1.927349,9272.343,1.422142,0.5498335,Right,Up,0.3454843,0.2440796,TransSharp
514.8398,23.49792,0,0.883956,0.3690242,0,1.919042,9273.282,1.422403,0.5505276,Right,Up,0.3432113,0.2666092,TransSharp
514.8798,23.5048,0,0.8775473,0.3690242,0,1.908313,9274.222,1.423676,0.5512218,Right,Up,0.3363003,0.2889786,TransSharp
514.9198,23.50761,0,0.868392,0.3690242,0,1.898692,9275.161,1.423937,0.5519168,Right,Up,0.3345502,0.3106842,TransSharp
514.9598,23.51291,0,0.8619833,0.3690242,0,1.886709,9276.103,1.424855,0.5526106,Right,Up,0.3274564,0.3322449,TransSharp
514.9998,23.51619,0,0.8555746,0.3729915,0,1.875762,9277.044,1.42568,0.5533046,Right,Up,0.3250574,0.3531723,TransSharp
515.0398,23.52018,0,0.8482504,0.3729915,0,1.86331,9277.985,1.425741,0.5539994,Right,Up,0.3183671,0.3739166,TransSharp
515.0798,23.52681,0,0.8381796,0.3729915,0,1.85051,9278.927,1.427593,0.5546929,Right,Up,0.315279,0.3940353,TransSharp
515.1198,23.52939,0,0.8207846,0.3729915,0,1.838911,9279.868,1.426342,0.5553864,Right,Up,0.3083766,0.4139404,TransSharp
515.1598,23.53745,0,0.8070481,0.3769741,0,1.824422,9280.81,1.42934,0.5560809,Right,Up,0.3058279,0.4332123,TransSharp
515.1998,23.54101,0,0.7667649,0.3769741,0,1.813866,9281.751,1.427234,0.5567743,Right,Up,0.2987072,0.452301,TransSharp
515.2398,23.54835,0,0.7310593,0.3769741,0,1.797869,9282.692,1.429653,0.5574673,Right,Up,0.2973941,0.4706955,TransSharp
515.2798,23.55324,0,0.6486619,0.3809415,0,1.785708,9283.634,1.429844,0.5581614,Right,Up,0.2880355,0.4889832,TransSharp
515.3198,23.55704,0,0.5827403,0.3968109,0,1.771485,9284.575,1.430132,0.5588545,Right,Up,0.2880355,0.506424,TransSharp
515.3598,23.57145,0,0.5003428,0.4047455,0,1.757228,9285.519,1.432502,0.5595484,Right,Up,0.2776587,0.5238647,TransSharp
515.3998,23.57636,0,0.4289317,0.4047455,0,1.745872,9286.462,1.430804,0.560241,Right,Up,0.2762456,0.5404663,TransSharp
515.4398,23.59201,0,0.3804088,0.4047455,0,1.729532,9287.405,1.432702,0.5609337,Right,Up,0.2697954,0.5569077,TransSharp
515.4798,23.6034,0,0.3282201,0.3849088,0,1.716699,9288.349,1.433359,0.5616272,Right,Up,0.2639296,0.5728073,TransSharp
515.5198,23.61003,0,0.2970922,0.3769741,0,1.703049,9289.293,1.432781,0.5623197,Right,Up,0.261696,0.5882111,TransSharp
515.5598,23.62176,0,0.2668798,0.3769741,0,1.687069,9290.238,1.434939,0.5630118,Right,Up,0.25101,0.6034546,TransSharp
515.5998,23.62325,0,0.2430761,0.3769741,0,1.674806,9291.184,1.434769,0.563705,Right,Up,0.2517883,0.6177521,TransSharp
515.6398,23.62942,0,0.2201879,0.3729915,0,1.65966,9292.129,1.434752,0.5643971,Right,Up,0.2422834,0.6320419,TransSharp
515.6798,23.64003,0,0.1780736,0.3690242,0,1.643143,9293.074,1.436793,0.5650888,Right,Up,0.2373883,0.6456146,TransSharp
515.7198,23.63946,0,0.1304662,0.3690242,0,1.629906,9294.02,1.436867,0.5657817,Right,Up,0.2373883,0.6587219,TransSharp
515.7598,23.64418,0,0.03890991,0.3690242,0,1.614804,9294.965,1.436457,0.5664734,Right,Up,0.2238118,0.6718063,TransSharp
515.7998,23.65289,0,-0.07003963,0.3690242,0,1.596409,9295.91,1.438042,0.5671659,Right,Up,0.2229358,0.6837234,TransSharp
515.8398,23.65644,0,-0.1432818,0.3690242,0,1.580588,9296.855,1.439457,0.5678573,Right,Up,0.2211734,0.6955414,TransSharp
515.8798,23.65838,0,-0.2330053,0.3690242,0,1.566391,9297.802,1.437982,0.5685484,Right,Up,0.2055842,0.7073059,TransSharp
515.9198,23.66536,0,-0.2632177,0.3690242,0,1.544535,9298.749,1.439088,0.5692406,Right,Up,0.2065338,0.7177124,TransSharp
515.9598,23.6731,0,-0.2687109,0.3690242,0,1.523833,9299.696,1.441202,0.5699316,Right,Up,0.2055842,0.7281189,TransSharp
515.9998,23.67562,0,-0.2668798,0.3690242,0,1.50515,9300.644,1.441586,0.5706223,Right,Up,0.1897456,0.7385101,TransSharp
516.0398,23.67945,0,-0.2668798,0.3690242,0,1.486414,9301.591,1.440455,0.571314,Right,Up,0.1876719,0.7475891,TransSharp
516.0798,23.68653,0,-0.2668798,0.3690242,0,1.460112,9302.538,1.441582,0.5720047,Right,Up,0.1876719,0.756424,TransSharp
516.1198,23.69267,0,-0.2668798,0.3690242,0,1.434912,9303.485,1.443218,0.572695,Right,Up,0.1780411,0.7652588,TransSharp
516.1598,23.6967,0,-0.2668798,0.3690242,0,1.410757,9304.433,1.44442,0.5733863,Right,Up,0.165511,0.773407,TransSharp
516.1998,23.69974,0,-0.2668798,0.3690242,0,1.387664,9305.38,1.443549,0.5740765,Right,Up,0.165511,0.7804718,TransSharp
516.2398,23.70535,0,-0.2668798,0.3690242,0,1.35968,9306.327,1.443377,0.5747666,Right,Up,0.165511,0.7875366,TransSharp
516.2798,23.71164,0,-0.2449071,0.3690242,0,1.326841,9307.276,1.444593,0.5754575,Right,Up,0.1545051,0.7945938,TransSharp
516.3198,23.71538,0,-0.18906,0.3690242,0,1.294652,9308.226,1.445957,0.576147,Right,Up,0.1412742,0.8007584,TransSharp
516.3598,23.72054,0,-0.05264282,0.3690242,0,1.262589,9309.175,1.447282,0.5768375,Right,Up,0.1412742,0.8057022,TransSharp
516.3998,23.72543,0,0.09384155,0.3690242,0,1.230627,9310.124,1.447686,0.577527,Right,Up,0.1412742,0.8106384,TransSharp
516.4398,23.72908,0,0.1460302,0.3690242,0,1.199283,9311.073,1.447223,0.5782161,Right,Up,0.1398823,0.8155746,TransSharp
516.4798,23.73355,0,0.1588476,0.3690242,0,1.164995,9312.022,1.447034,0.5789063,Right,Up,0.1170339,0.8205109,TransSharp
516.5198,23.73888,0,0.1588476,0.3690242,0,1.122624,9312.972,1.448365,0.5795953,Right,Up,0.1065312,0.823555,TransSharp
516.5598,23.74335,0,0.1414526,0.3690242,0,1.080637,9313.921,1.449746,0.5802842,Right,Up,0.1065312,0.8256912,TransSharp
516.5998,23.74711,0,0.140537,0.3690242,0,1.038645,9314.87,1.450801,0.5809739,Right,Up,0.1083524,0.8278275,TransSharp
516.6398,23.75209,0,0.140537,0.3690242,0,0.9967285,9315.819,1.451579,0.5816622,Right,Up,0.1065312,0.8299637,TransSharp
516.6798,23.75699,0,0.140537,0.3650568,0,0.9548969,9316.77,1.45237,0.5823506,Right,Up,0.1065312,0.8320999,TransSharp
516.7198,23.76141,0,0.140537,0.3650568,0,0.9132125,9317.721,1.452994,0.5830398,Right,Up,0.07132626,0.8342285,TransSharp
516.7598,23.76534,0,0.140537,0.3650568,0,0.8715738,9318.672,1.453429,0.5837276,Straight,Up,0,0.8337479,TransSharp
516.7998,23.76929,0,0.1304662,0.3650568,0,0.8299018,9319.623,1.453906,0.5844164,Straight,Up,0,0.8271942,TransSharp
516.8398,23.77314,0,0.1277196,0.3650568,0,0.7881821,9320.574,1.454495,0.5851042,Straight,Up,0,0.8206406,TransSharp
516.8798,23.77699,0,0.1222265,0.3650568,0,0.7464842,9321.525,1.455121,0.5857918,Straight,Up,0,0.8140793,TransSharp
516.9198,23.78083,0,0.1130676,0.3650568,0,0.7049079,9322.477,1.455688,0.5864801,Straight,Up,0,0.8075256,TransSharp
516.9598,23.78463,0,0.09384155,0.3650568,0,0.6634103,9323.428,1.456189,0.5871672,Straight,Up,0,0.8009567,TransSharp
516.9998,23.78844,0,0.05172729,0.3610895,0,0.6222334,9324.379,1.456696,0.5878543,Straight,Up,0,0.7944031,TransSharp
517.0398,23.79138,0,0.01602173,0.3610895,0,0.5810407,9325.33,1.45718,0.5885421,Straight,Up,0,0.7878418,TransSharp
517.0798,23.79443,0,-0.03341675,0.3610895,0,0.5398402,9326.281,1.457826,0.5892286,Straight,Up,0,0.7812805,TransSharp
517.1198,23.7972,0,-0.06546199,0.3610895,0,0.4985049,9327.232,1.45865,0.5899152,Straight,Up,0,0.7747192,TransSharp
517.1598,23.79996,0,-0.08285701,0.3610895,0,0.4572571,9328.184,1.459133,0.5906025,Straight,Up,0,0.7681503,TransSharp
517.1998,23.8029,0,-0.08285701,0.3610895,0,0.4159838,9329.135,1.459442,0.5912884,Straight,Up,0,0.7615891,TransSharp
517.2398,23.80564,0,-0.08285701,0.3610895,0,0.374705,9330.088,1.459891,0.5919745,Straight,Up,0,0.7550278,TransSharp
517.2798,23.80827,0,-0.04806519,0.3610895,0,0.3336289,9331.041,1.460598,0.5926613,Straight,Up,0,0.7484589,TransSharp
517.3198,23.81085,0,-0.04623413,0.3610895,0,0.2924854,9331.994,1.461265,0.593347,Straight,Up,0,0.74189,TransSharp
517.3598,23.81359,0,-0.03982544,0.3610895,0,0.2515712,9332.947,1.461828,0.5940334,Straight,Up,0,0.7353287,TransSharp
517.3998,23.81593,0,-0.03982544,0.3610895,0,0.2107124,9333.9,1.462071,0.5947185,Straight,Up,0,0.7287674,TransSharp
517.4398,23.81751,0,-0.04623413,0.3610895,0,0.1715886,9334.854,1.462158,0.5954036,Straight,Up,0,0.7221985,TransSharp
517.4798,23.82245,0,-0.05813599,0.3610895,0,0.1394226,9335.807,1.464963,0.5960894,Straight,Up,0,0.7156372,TransSharp
517.5198,23.8268,0,-0.07553279,0.3610895,0,0.1073224,9336.76,1.467313,0.596774,Straight,Up,0,0.7090759,TransSharp
517.5598,23.82966,0,-0.1066607,0.3610895,0,0.07509211,9337.713,1.468858,0.5974585,Straight,Up,0,0.702507,TransSharp
517.5998,23.83458,0,-0.148775,0.3610895,0,0.04313686,9338.666,1.46892,0.5981438,Straight,Up,0,0.6959381,TransSharp
517.6398,23.83611,0,-0.2018774,0.3610895,0,0.01107857,9339.619,1.466562,0.598828,Straight,Up,0,0.6893616,TransSharp
517.6798,23.8429,0,-0.291599,0.3610895,0,-0.01232299,9340.572,1.467962,0.5995117,Straight,Up,0,0.6827927,TransSharp
517.7198,23.84866,0,-0.3620964,0.3610895,0,-0.03616002,9341.525,1.469663,0.6001965,Left,Up,-0.07661668,0.6762161,TransSharp
517.7598,23.85164,0,-0.4335093,0.3610895,0,-0.06029692,9342.479,1.471385,0.6008801,Left,Up,-0.1083524,0.6627808,TransSharp
517.7998,23.85334,0,-0.4600596,0.3610895,0,-0.08398518,9343.433,1.468869,0.6015644,Left,Up,-0.1083524,0.6464691,TransSharp
517.8398,23.86012,0,-0.4637218,0.3610895,0,-0.0995343,9344.388,1.470338,0.6022474,Left,Up,-0.1101434,0.6301422,TransSharp
517.8798,23.86893,0,-0.4692149,0.3610895,0,-0.1164635,9345.343,1.472853,0.6029304,Left,Up,-0.1101434,0.6138153,TransSharp
517.9198,23.86695,0,-0.4774547,0.3610895,0,-0.133491,9346.298,1.471363,0.6036141,Left,Up,-0.1251145,0.5974808,TransSharp
517.9598,23.87421,0,-0.4829478,0.3610895,0,-0.1427971,9347.253,1.472425,0.6042967,Left,Up,-0.1519511,0.5800018,TransSharp
517.9998,23.88526,0,-0.4875255,0.3610895,0,-0.1525464,9348.208,1.474975,0.6049789,Left,Up,-0.1506579,0.5600357,TransSharp
518.0398,23.88328,0,-0.4875255,0.3610895,0,-0.1612302,9349.163,1.47307,0.605662,Left,Up,-0.1519511,0.5400696,TransSharp
518.0798,23.8923,0,-0.4829478,0.3610895,0,-0.1628985,9350.118,1.474932,0.606344,Left,Up,-0.1631294,0.5200806,TransSharp
518.1198,23.89839,0,-0.4820323,0.3610895,0,-0.1662808,9351.073,1.475509,0.6070256,Left,Up,-0.1866263,0.4992523,TransSharp
518.1598,23.9015,0,-0.4774547,0.3610895,0,-0.1636404,9352.029,1.475441,0.607708,Left,Up,-0.1866263,0.4762344,TransSharp
518.1998,23.9095,0,-0.4765391,0.3610895,0,-0.1594407,9352.986,1.477465,0.6083894,Left,Up,-0.1887116,0.4531937,TransSharp
518.2398,23.91251,0,-0.471046,0.3610895,0,-0.1517335,9353.943,1.476622,0.6090704,Left,Up,-0.2167048,0.43013,TransSharp
518.2798,23.92045,0,-0.4701304,0.3610895,0,-0.1406445,9354.9,1.479017,0.6097522,Left,Up,-0.2167048,0.4043884,TransSharp
518.3198,23.92722,0,-0.4701304,0.3610895,0,-0.1265928,9355.857,1.478032,0.6104329,Left,Up,-0.2229358,0.3786316,TransSharp
518.3598,23.93398,0,-0.4408336,0.3610895,0,-0.1088938,9356.814,1.480168,0.6111144,Left,Up,-0.2454926,0.3524094,TransSharp
518.3998,23.94128,0,-0.3044182,0.3610895,0,-0.08720782,9357.771,1.4791,0.6117947,Left,Up,-0.2454926,0.3241119,TransSharp
518.4398,23.94304,0,-0.3208977,0.3610895,0,-0.06315964,9358.729,1.477606,0.6124745,Left,Up,-0.2624426,0.2957993,TransSharp
518.4798,23.95434,0,-0.3437859,0.3610895,0,-0.03912464,9359.688,1.480598,0.6131553,Left,Up,-0.2719625,0.2660446,TransSharp
518.5198,23.96364,0,-0.3437859,0.3610895,0,-0.01599002,9360.646,1.483276,0.6138349,Left,Up,-0.2818553,0.2353973,TransSharp
518.5598,23.96905,0,-0.3044182,0.3610895,0,0.005516231,9361.605,1.484846,0.6145141,Left,Up,-0.2967354,0.2039413,TransSharp
518.5998,23.97953,0,-0.2613866,0.3610895,0,0.02537745,9362.564,1.485274,0.6151943,Left,Up,-0.3051875,0.1710129,TransSharp
518.6398,23.98943,0,-0.256809,0.3610895,0,0.04328951,9363.523,1.48514,0.6158732,Left,Flat,-0.3202056,0.1374283,TransSharp
518.6798,23.99954,0,-0.256809,0.3610895,0,0.05908272,9364.483,1.485139,0.6165519,Left,Flat,-0.329838,0.1023407,TransSharp
518.7198,24.0086,0,-0.256809,0.3610895,0,0.0726544,9365.444,1.484333,0.6172314,Left,Flat,-0.3432113,0.0664444,TransSharp
518.7598,24.01609,0,-0.2504003,0.3610895,0,0.08461669,9366.405,1.482549,0.6179094,Left,Flat,-0.1119058,0.02927399,TransSharp
518.7998,24.01849,0,-0.2037084,0.3610895,0,0.09444308,9367.366,1.479022,0.6185884,Right,Flat,0.06852804,-0.01656342,TransSharp
518.8398,24.03314,0,-0.1112384,0.3610895,0,0.09792376,9368.327,1.484817,0.6192662,Right,Flat,0.07132626,-0.06811523,TransSharp
518.8798,24.04539,0,0.04714966,0.3610895,0,0.1000918,9369.288,1.489731,0.6199436,Right,Flat,0.07132626,-0.1196671,TransSharp
518.9198,24.05073,0,0.1835668,0.3610895,0,0.1010829,9370.25,1.4927,0.6206219,Right,Down,0.06852804,-0.1713104,TransSharp
518.9598,24.06583,0,0.2320898,0.3610895,0,0.1008791,9371.213,1.493515,0.621299,Right,Down,0.07132626,-0.2230606,TransSharp
518.9998,24.08016,0,0.2540624,0.3610895,0,0.0994111,9372.176,1.49331,0.6219759,Right,Down,0.06852804,-0.2748947,TransSharp
519.0398,24.09368,0,0.2668798,0.3610895,0,0.09675139,9373.139,1.492607,0.6226535,Right,Down,0.06852804,-0.326767,TransSharp
519.0798,24.10683,0,0.2677953,0.3610895,0,0.09306112,9374.104,1.491989,0.6233296,Right,Down,0.06852804,-0.378685,TransSharp
519.1198,24.11977,0,0.2677953,0.3571222,0,0.08809078,9375.068,1.491424,0.6240058,Straight,Down,0.03426402,-0.4306335,TransSharp
519.1598,24.1321,0,0.2677953,0.3571222,0,0.08211079,9376.033,1.49108,0.6246827,Straight,Down,-0.01978234,-0.460144,TransSharp
519.1998,24.14397,0,0.2677953,0.3571222,0,0.07514247,9376.998,1.490938,0.6253581,Straight,Down,0,-0.4742966,TransSharp
519.2398,24.15577,0,0.2494848,0.3531548,0,0.06743687,9377.965,1.491068,0.6260335,Straight,Down,-0.01978234,-0.4884644,TransSharp
519.2798,24.16666,0,0.2302587,0.3452201,0,0.05907342,9378.932,1.491395,0.6267096,Straight,Down,0,-0.5026321,TransSharp
519.3198,24.17662,0,0.2256811,0.3372854,0,0.05014703,9379.898,1.491834,0.6273844,Straight,Down,-0.01978234,-0.5168076,TransSharp
519.3598,24.18444,0,0.2256811,0.3293507,0,0.04057518,9380.865,1.492287,0.6280602,Straight,Down,0,-0.5309906,TransSharp
519.3998,24.19045,0,0.2247655,0.2936446,0,0.03073174,9381.832,1.492847,0.6287345,Straight,Down,-0.01978234,-0.5451736,TransSharp
519.4398,24.19086,0,0.206455,0.2499886,0,0.02054814,9382.799,1.493403,0.6294087,Straight,Down,0,-0.5593719,TransSharp
519.4798,24.18264,0,0.1478612,0.1785611,0,0.0101743,9383.766,1.494088,0.6300835,Straight,Down,0,-0.573555,TransSharp
519.5198,24.15937,0,0.09841919,0.1388876,0,-0.0003045201,9384.732,1.494725,0.630757,Straight,Down,0,-0.5877304,TransSharp
519.5598,24.12482,0,0.04623413,0.1111009,0,-0.01081666,9385.697,1.495408,0.6314304,Straight,Down,0,-0.6018829,TransSharp
519.5998,24.08373,0,0.03250122,0.1111009,0,-0.02131137,9386.661,1.495976,0.6321045,Straight,Down,-0.01978234,-0.6160126,TransSharp
519.6398,24.0417,0,0.03250122,0.1111009,0,-0.03178632,9387.623,1.496666,0.6327772,Straight,Down,0,-0.6301193,TransSharp
519.6798,23.99976,0,0.03250122,0.09523156,0,-0.04229575,9388.584,1.497395,0.6334499,Straight,Down,-0.01978234,-0.6442032,TransSharp
519.7198,23.95584,0,0.03250122,0.08332952,0,-0.05266067,9389.543,1.498004,0.6341232,Straight,Down,-0.01978234,-0.6582642,TransSharp
519.7598,23.90817,0,0.03250122,0.05952545,0,-0.06269976,9390.5,1.49876,0.6347954,Straight,Down,0,-0.6722946,TransSharp
519.7998,23.85677,0,0.03250122,0.02777142,0,-0.07259163,9391.455,1.499503,0.6354681,Straight,Down,0,-0.6862946,TransSharp
519.8398,23.79943,0,0.03250122,0.01983673,0,-0.08250326,9392.407,1.500429,0.6361396,Straight,Down,0,-0.700264,TransSharp
519.8798,23.73821,0,0.03250122,0.01983673,0,-0.09214407,9393.357,1.501223,0.6368109,Straight,Down,0,-0.7141876,TransSharp
519.9198,23.67703,0,0.03250122,0.003967346,0,-0.1014393,9394.306,1.501604,0.6374829,Straight,Down,-0.01978234,-0.7280884,TransSharp
519.9598,23.61395,0,0.03250122,0,0,-0.1107175,9395.251,1.501953,0.6381535,Straight,Down,-0.01978234,-0.7419434,TransSharp
519.9998,23.54874,0,0.02334595,0,0,-0.1197686,9396.193,1.502371,0.638824,Straight,Down,-0.01978234,-0.7557602,TransSharp
520.0398,23.48365,0,0.00869751,0,0,-0.1284471,9397.134,1.502951,0.6394952,Straight,Down,0,-0.7695389,TransSharp
520.0798,23.41877,0,-0.02426147,0,0,-0.1368717,9398.071,1.503654,0.6401653,Straight,Down,0,-0.7832794,TransSharp
520.1198,23.35404,0,-0.05813599,0,0,-0.1450481,9399.006,1.504356,0.6408347,Straight,Down,0,-0.7969894,TransSharp
520.1598,23.28952,0,-0.08102596,0,0,-0.1527815,9399.938,1.505008,0.6415051,Straight,Down,-0.01978234,-0.8106537,TransSharp
520.1998,23.22519,0,-0.1066607,0,0,-0.1603973,9400.868,1.50557,0.6421743,Straight,Down,-0.01978234,-0.8242798,TransSharp
520.2398,23.16104,0,-0.1286334,0,0,-0.1678592,9401.795,1.506148,0.642843,Straight,Down,0,-0.8378677,TransSharp
520.2798,23.0982,0,-0.1414508,0,0,-0.1744432,9402.72,1.505982,0.6435125,Straight,Down,0,-0.8514099,TransSharp
520.3198,23.03542,0,-0.1414508,0,0,-0.1734087,9403.642,1.508725,0.6441808,Straight,Down,0,-0.8649063,TransSharp
520.3598,22.97267,0,-0.1414508,0,0,-0.1723011,9404.561,1.511046,0.6448498,Straight,Down,-0.01978234,-0.8783646,TransSharp
520.3998,22.91104,0,-0.1414508,0,0,-0.1710632,9405.478,1.512572,0.6455176,Straight,Down,-0.01978234,-0.8917923,TransSharp
520.4398,22.84913,0,-0.1414508,0,0,-0.169849,9406.393,1.513247,0.6461849,Straight,Down,0,-0.9051971,TransSharp
520.4798,22.78766,0,-0.1286334,0,0,-0.1686918,9407.305,1.513373,0.646853,Straight,Down,-0.01978234,-0.9185638,TransSharp
520.5198,22.7265,0,-0.1231402,0,0,-0.1676298,9408.214,1.513227,0.6475199,Straight,Down,0,-0.9318924,TransSharp
520.5598,22.66558,0,-0.1194781,0,0,-0.1665865,9409.121,1.513208,0.6481864,Straight,Down,0,-0.9451904,TransSharp
520.5998,22.60486,0,-0.1194781,0,0,-0.1656214,9410.026,1.513299,0.6488537,Straight,Down,0,-0.9584503,TransSharp
520.6398,22.54433,0,-0.1194781,0,0,-0.1648233,9410.929,1.513494,0.6495197,Straight,Down,-0.01978234,-0.9716797,TransSharp
520.6798,22.48398,0,-0.1194781,0,0,-0.1641034,9411.828,1.513756,0.6501852,Straight,Down,-0.03426402,-0.9777832,TransSharp
520.7198,22.42381,0,-0.1194781,0,0,-0.1635498,9412.726,1.514116,0.6508516,Straight,Down,-0.02797646,-0.9796677,TransSharp
520.7598,22.36381,0,-0.1194781,0,0,-0.163198,9413.621,1.514482,0.6515168,Straight,Down,-0.02797646,-0.9815445,TransSharp
520.7998,22.30392,0,-0.1194781,0,0,-0.1631736,9414.514,1.514961,0.6521817,Straight,Down,-0.03426402,-0.9834137,TransSharp
520.8398,22.24407,0,-0.1194781,0,0,-0.1636865,9415.404,1.515783,0.6528472,Straight,Down,-0.02797646,-0.9852753,TransSharp
520.8798,22.18443,0,-0.1194781,0,0,-0.164592,9416.292,1.516368,0.6535113,Straight,Down,-0.02797646,-0.9871445,TransSharp
520.9198,22.1249,0,-0.1194781,0,0,-0.1656369,9417.178,1.516232,0.6541762,Straight,Down,-0.03426402,-0.9889908,TransSharp
520.9598,22.06531,0,-0.1194781,0,0,-0.1670274,9418.062,1.516419,0.6548399,Straight,Down,-0.02797646,-0.9908447,TransSharp
520.9998,22.006,0,-0.1194781,0,0,-0.1689087,9418.942,1.516864,0.655503,Straight,Down,-0.02797646,-0.9926987,TransSharp
521.0398,21.94691,0,-0.1194781,0,0,-0.1710097,9419.82,1.517446,0.656167,Straight,Down,-0.02797646,-0.9945374,TransSharp
521.0798,21.88826,0,-0.1194781,0,0,-0.1729051,9420.696,1.517577,0.6568298,Straight,Down,-0.02797646,-0.9963684,TransSharp
521.1198,21.82971,0,-0.1194781,0,0,-0.1668991,9421.57,1.519081,0.6574923,Straight,Down,-0.02797646,-0.9981918,TransSharp
521.1598,21.77125,0,-0.1194781,0,0,-0.1611528,9422.441,1.520543,0.6581554,Straight,Down,-0.02797646,-1.000023,TransSharp
521.1998,21.71333,0,-0.1194781,0,0,-0.1556509,9423.311,1.521779,0.6588171,Straight,Down,-0.02797646,-1.001839,TransSharp
521.2398,21.65535,0,-0.1194781,0,0,-0.1507216,9424.178,1.522517,0.6594785,Straight,Down,-0.02797646,-1.003662,TransSharp
521.2798,21.59766,0,-0.1194781,0,0,-0.146327,9425.042,1.522968,0.6601408,Straight,Down,-0.02797646,-1.00547,TransSharp
521.3198,21.54019,0,-0.1194781,0,0,-0.1424182,9425.904,1.523375,0.6608015,Straight,Down,-0.02797646,-1.007271,TransSharp
521.3598,21.48291,0,-0.1194781,0,0,-0.1389979,9426.765,1.523818,0.661463,Straight,Down,-0.02797646,-1.009071,TransSharp
521.3998,21.42581,0,-0.1194781,0,0,-0.1359768,9427.622,1.524317,0.6621233,Straight,Down,-0.02797646,-1.010864,TransSharp
521.4398,21.36889,0,-0.1249713,0,0,-0.1333903,9428.478,1.524649,0.662783,Straight,Down,-0.02797646,-1.012665,TransSharp
521.4798,21.31214,0,-0.1304644,0,0,-0.1311168,9429.33,1.524989,0.6634439,Straight,Down,-0.03956468,-1.014442,TransSharp
521.5198,21.25531,0,-0.13138,0,0,-0.1298864,9430.181,1.525826,0.664103,Straight,Down,-0.03956468,-1.014252,TransSharp
521.5598,21.19868,0,-0.1469439,0,0,-0.1292432,9431.029,1.52637,0.664762,Straight,Down,-0.04423466,-1.013306,TransSharp
521.5998,21.142,0,-0.190891,0,0,-0.1288147,9431.876,1.526121,0.6654216,Straight,Down,-0.03956468,-1.01236,TransSharp
521.6398,21.08539,0,-0.2256811,0,0,-0.1289805,9432.72,1.526061,0.6660798,Straight,Down,-0.03956468,-1.011421,TransSharp
521.6798,21.02917,0,-0.2623022,0,0,-0.1302959,9433.562,1.52635,0.6667379,Straight,Down,-0.04423466,-1.010475,TransSharp
521.7198,20.97319,0,-0.2861059,0,0,-0.1316871,9434.401,1.526542,0.6673965,Straight,Down,-0.03956468,-1.009529,TransSharp
521.7598,20.91731,0,-0.2925146,0,0,-0.1254464,9435.238,1.527856,0.6680537,Straight,Down,-0.04423466,-1.008598,TransSharp
521.7998,20.86147,0,-0.2925146,0,0,-0.119726,9436.073,1.529149,0.6687108,Straight,Down,-0.03956468,-1.00766,TransSharp
521.8398,20.80613,0,-0.2925146,0,0,-0.1145248,9436.906,1.530282,0.6693684,Straight,Down,-0.04423466,-1.006729,TransSharp
521.8798,20.75071,0,-0.2906835,0,0,-0.1100213,9437.737,1.531125,0.6700249,Straight,Down,-0.03956468,-1.005798,TransSharp
521.9198,20.69556,0,-0.2751195,0,0,-0.1063225,9438.565,1.531631,0.6706818,Straight,Down,-0.03956468,-1.004868,TransSharp
521.9598,20.6406,0,-0.2632177,0,0,-0.1033509,9439.392,1.532104,0.6713374,Straight,Down,-0.04423466,-1.003937,TransSharp
521.9998,20.58583,0,-0.2613866,0,0,-0.10116,9440.216,1.532627,0.6719928,Straight,Down,-0.03956468,-1.003014,TransSharp
522.0398,20.53123,0,-0.2613866,0,0,-0.09964705,9441.037,1.533124,0.6726488,Straight,Down,-0.03956468,-1.002098,TransSharp
522.0798,20.47649,0,-0.2613866,0,0,-0.09934872,9441.856,1.533963,0.6733034,Straight,Down,-0.03956468,-1.001175,TransSharp
522.1198,20.42182,0,-0.2613866,0,0,-0.100074,9442.674,1.534685,0.6739578,Straight,Down,-0.04423466,-1.000252,TransSharp
522.1598,20.36716,0,-0.2613866,0,0,-0.1014145,9443.489,1.534192,0.6746128,Straight,Down,-0.04845664,-0.9992752,TransSharp
522.1998,20.31259,0,-0.2613866,0,0,-0.1034652,9444.303,1.533926,0.6752665,Straight,Down,-0.04845664,-0.996582,TransSharp
522.2398,20.25859,0,-0.2687109,0,0,-0.1069079,9445.113,1.534014,0.6759197,Left,Down,-0.05233916,-0.9938965,TransSharp
522.2798,20.20461,0,-0.2806127,0,0,-0.1065522,9445.922,1.534782,0.6765736,Left,Down,-0.05233916,-0.9912186,TransSharp
522.3198,20.15072,0,-0.2925146,0,0,-0.1032478,9446.729,1.536001,0.6772264,Left,Down,-0.05233916,-0.9885483,TransSharp
522.3598,20.09706,0,-0.3044182,0,0,-0.1007842,9447.533,1.537254,0.6778796,Straight,Down,-0.04845664,-0.9858856,TransSharp
522.3998,20.04361,0,-0.3218132,0,0,-0.09934795,9448.335,1.538262,0.6785314,Left,Down,-0.05233916,-0.983223,TransSharp
522.4398,19.99026,0,-0.3392082,0,0,-0.09878036,9449.135,1.539067,0.6791831,Straight,Down,-0.04845664,-0.9805756,TransSharp
522.4798,19.93713,0,-0.3520256,0,0,-0.09925032,9449.933,1.539623,0.6798353,Left,Down,-0.05233916,-0.9779205,TransSharp
522.5198,19.88417,0,-0.3529412,0,0,-0.1006753,9450.729,1.540122,0.6804863,Left,Down,-0.05233916,-0.9752884,TransSharp
522.5598,19.83108,0,-0.3566033,0,0,-0.103421,9451.522,1.540932,0.6811367,Left,Down,-0.05233916,-0.9726486,TransSharp
522.5998,19.77796,0,-0.3685051,0,0,-0.1076223,9452.314,1.542118,0.6817878,Straight,Down,-0.04845664,-0.9700165,TransSharp
522.6398,19.72484,0,-0.3932244,0,0,-0.1124315,9453.104,1.541454,0.6824377,Straight,Down,-0.04845664,-0.9673996,TransSharp
522.6798,19.67196,0,-0.4124522,0,0,-0.1182317,9453.892,1.541103,0.6830871,Left,Down,-0.05233916,-0.9647751,TransSharp
522.7198,19.61952,0,-0.4362559,0,0,-0.1256568,9454.677,1.540721,0.6837372,Left,Down,-0.06255726,-0.9621658,TransSharp
522.7598,19.56706,0,-0.4463267,0,0,-0.1278682,9455.46,1.541637,0.684386,Left,Down,-0.05934703,-0.9581223,TransSharp
522.7998,19.51465,0,-0.4518199,0,0,-0.1296128,9456.241,1.542889,0.6850343,Left,Down,-0.06255726,-0.954071,TransSharp
522.8398,19.46253,0,-0.4518199,0.007934691,0,-0.1324759,9457.021,1.544188,0.6856833,Left,Down,-0.05934703,-0.9500275,TransSharp
522.8798,19.41194,0,-0.4518199,0.01983673,0,-0.1364982,9457.798,1.545219,0.6863311,Left,Down,-0.06255726,-0.9459915,TransSharp
522.9198,19.36416,0,-0.4518199,0.01983673,0,-0.1416003,9458.573,1.545998,0.6869794,Left,Down,-0.06255726,-0.9419708,TransSharp
522.9598,19.31689,0,-0.4417491,0.01983673,0,-0.1480251,9459.347,1.546595,0.6876264,Left,Down,-0.06255726,-0.9379425,TransSharp
522.9998,19.26942,0,-0.4408336,0.01983673,0,-0.1560139,9460.118,1.547539,0.6882728,Left,Down,-0.05934703,-0.9339371,TransSharp
523.0398,19.22191,0,-0.4298472,0.01983673,0,-0.1655439,9460.888,1.548359,0.6889201,Left,Down,-0.06255726,-0.9299316,TransSharp
523.0798,19.17434,0,-0.4124522,0.03570611,0,-0.1760967,9461.655,1.54774,0.689566,Left,Down,-0.05934703,-0.9259415,TransSharp
523.1198,19.12988,0,-0.3767449,0.05952545,0,-0.1878862,9462.421,1.546865,0.6902113,Left,Down,-0.05934703,-0.9219513,TransSharp
523.1598,19.09134,0,-0.3437859,0.06746013,0,-0.1977386,9463.185,1.547067,0.6908574,Left,Down,-0.06255726,-0.9179688,TransSharp
523.1998,19.05457,0,-0.3025872,0.06746013,0,-0.2049599,9463.947,1.548287,0.6915022,Left,Down,-0.06852804,-0.9140015,TransSharp
523.2398,19.0181,0,-0.2632177,0.06746013,0,-0.2130746,9464.708,1.549652,0.6921467,Left,Down,-0.07132626,-0.9090347,TransSharp
523.2798,18.98198,0,-0.2275121,0.06746013,0,-0.2223346,9465.468,1.550859,0.6927916,Left,Down,-0.07132626,-0.9037323,TransSharp
523.3198,18.94608,0,-0.2092016,0.06746013,0,-0.232758,9466.226,1.551645,0.6934351,Left,Down,-0.07132626,-0.8984299,TransSharp
523.3598,18.91028,0,-0.2037084,0.07142748,0,-0.244611,9466.982,1.55241,0.6940793,Left,Down,-0.07132626,-0.8931427,TransSharp
523.3998,18.87504,0,-0.2027929,0.07142748,0,-0.2581641,9467.738,1.55388,0.6947222,Left,Down,-0.07132626,-0.8878632,TransSharp
523.4398,18.83969,0,-0.2027929,0.07142748,0,-0.2724828,9468.492,1.553721,0.6953646,Left,Down,-0.07132626,-0.8825836,TransSharp
523.4798,18.80461,0,-0.2027929,0.07142748,0,-0.2876607,9469.244,1.552833,0.6960077,Left,Down,-0.07401875,-0.8773117,TransSharp
523.5198,18.77034,0,-0.2027929,0.08332952,0,-0.3018407,9469.995,1.552284,0.6966494,Left,Down,-0.07132626,-0.8720551,TransSharp
523.5598,18.73729,0,-0.2027929,0.09126421,0,-0.3125787,9470.745,1.553462,0.6972907,Left,Down,-0.07132626,-0.866806,TransSharp
523.5998,18.7062,0,-0.2027929,0.09126421,0,-0.3238428,9471.493,1.554736,0.6979328,Left,Down,-0.07401875,-0.8615723,TransSharp
523.6398,18.676,0,-0.2027929,0.09126421,0,-0.3361343,9472.24,1.555987,0.6985732,Left,Down,-0.08156469,-0.8563156,TransSharp
523.6798,18.64611,0,-0.2027929,0.09126421,0,-0.3494273,9472.986,1.556907,0.6992135,Left,Down,-0.08156469,-0.8497696,TransSharp
523.7198,18.61609,0,-0.2027929,0.09126421,0,-0.3640223,9473.731,1.55822,0.6998543,Left,Down,-0.08392937,-0.8432236,TransSharp
523.7598,18.58562,0,-0.2027929,0.09126421,0,-0.3795694,9474.476,1.559297,0.7004935,Left,Down,-0.08392937,-0.8366852,TransSharp
523.7998,18.55501,0,-0.2027929,0.09523156,0,-0.3956831,9475.218,1.558034,0.7011326,Left,Down,-0.08156469,-0.8301544,TransSharp
523.8398,18.52621,0,-0.2027929,0.09523156,0,-0.4112083,9475.959,1.556852,0.7017722,Left,Down,-0.08392937,-0.8236389,TransSharp
523.8798,18.49752,0,-0.2027929,0.1150683,0,-0.4222966,9476.699,1.557781,0.7024102,Left,Down,-0.08392937,-0.8171234,TransSharp
523.9198,18.47244,0,-0.2027929,0.142855,0,-0.4343464,9477.438,1.55908,0.7030491,Left,Down,-0.08392937,-0.8106232,TransSharp
523.9598,18.4528,0,-0.2027929,0.1626917,0,-0.446701,9478.177,1.56043,0.7036866,Left,Down,-0.08392937,-0.8041382,TransSharp
523.9998,18.43896,0,-0.208286,0.1745937,0,-0.460041,9478.915,1.561615,0.7043237,Left,Down,-0.09065409,-0.7976456,TransSharp
524.0398,18.42716,0,-0.2366674,0.1745937,0,-0.4749025,9479.652,1.563356,0.7049612,Left,Down,-0.09487279,-0.7904053,TransSharp
524.0798,18.41494,0,-0.2787817,0.1745937,0,-0.4899366,9480.389,1.563025,0.7055973,Left,Down,-0.09278741,-0.7825699,TransSharp
524.1198,18.40351,0,-0.3346306,0.1745937,0,-0.5056071,9481.125,1.561149,0.7062333,Left,Down,-0.09487279,-0.7747345,TransSharp
524.1598,18.39262,0,-0.363012,0.1745937,0,-0.515501,9481.861,1.561629,0.7068697,Left,Down,-0.09691329,-0.7669144,TransSharp
524.1998,18.38128,0,-0.3758293,0.1785611,0,-0.5266346,9482.597,1.562724,0.7075046,Left,Down,-0.09487279,-0.7590942,TransSharp
524.2398,18.37009,0,-0.3758293,0.1825284,0,-0.5380611,9483.331,1.564148,0.7081393,Left,Down,-0.09487279,-0.7512817,TransSharp
524.2798,18.36024,0,-0.3758293,0.2023651,0,-0.5506877,9484.065,1.565633,0.7087745,Left,Down,-0.09487279,-0.7434692,TransSharp
524.3198,18.35292,0,-0.3758293,0.2380865,0,-0.564355,9484.8,1.56786,0.7094084,Left,Down,-0.1008706,-0.7356567,TransSharp
524.3598,18.35149,0,-0.3703362,0.2737926,0,-0.578335,9485.534,1.566186,0.7100428,Left,Down,-0.1065312,-0.7274628,TransSharp
524.3998,18.36023,0,-0.3703362,0.2856947,0,-0.5900932,9486.269,1.565044,0.7106756,Left,Down,-0.1083524,-0.7182388,TransSharp
524.4398,18.3739,0,-0.3703362,0.2856947,0,-0.5991126,9487.003,1.56581,0.7113083,Left,Down,-0.1083524,-0.7090149,TransSharp
524.4798,18.38647,0,-0.3694206,0.2856947,0,-0.6095083,9487.738,1.567131,0.7119414,Left,Down,-0.1083524,-0.6997757,TransSharp
524.5198,18.39807,0,-0.3694206,0.289662,0,-0.620855,9488.475,1.568998,0.7125731,Left,Down,-0.1065312,-0.6905441,TransSharp
524.5598,18.41052,0,-0.3694206,0.289662,0,-0.633177,9489.211,1.571402,0.7132045,Left,Down,-0.1083524,-0.681282,TransSharp
524.5998,18.42194,0,-0.3694206,0.289662,0,-0.6461173,9489.947,1.568862,0.7138364,Left,Down,-0.1119058,-0.67202,TransSharp
524.6398,18.43571,0,-0.3694206,0.289662,0,-0.6546516,9490.685,1.568506,0.714467,Left,Down,-0.1203313,-0.6627426,TransSharp
524.6798,18.4498,0,-0.3694206,0.289662,0,-0.6628014,9491.423,1.569233,0.715097,Left,Down,-0.1219466,-0.6521072,TransSharp
524.7198,18.46303,0,-0.3694206,0.289662,0,-0.6724632,9492.161,1.570966,0.7157276,Left,Down,-0.1219466,-0.6413345,TransSharp
524.7598,18.47424,0,-0.3694206,0.289662,0,-0.6832886,9492.899,1.57377,0.7163569,Left,Down,-0.1219466,-0.6305466,TransSharp
524.7998,18.48407,0,-0.3694206,0.289662,0,-0.6944731,9493.639,1.57213,0.7169856,Left,Down,-0.1219466,-0.619751,TransSharp
524.8398,18.49735,0,-0.3694206,0.289662,0,-0.7022943,9494.379,1.571288,0.717615,Left,Down,-0.1219466,-0.6089325,TransSharp
524.8798,18.51073,0,-0.3694206,0.289662,0,-0.7086999,9495.119,1.571876,0.7182431,Left,Down,-0.1297215,-0.598114,TransSharp
524.9198,18.5245,0,-0.3758293,0.289662,0,-0.7173818,9495.859,1.573832,0.7188716,Left,Down,-0.1370561,-0.5866776,TransSharp
524.9598,18.53286,0,-0.380407,0.2936446,0,-0.7265236,9496.601,1.576846,0.7194986,Left,Down,-0.1356209,-0.5742569,TransSharp
524.9998,18.54499,0,-0.3932244,0.2936446,0,-0.7362165,9497.343,1.573415,0.7201254,Left,Down,-0.1370561,-0.5618362,TransSharp
525.0398,18.55846,0,-0.4170299,0.297612,0,-0.7397282,9498.085,1.574036,0.7207526,Left,Down,-0.1370561,-0.5494003,TransSharp
525.0798,18.57398,0,-0.4518199,0.297612,0,-0.7451443,9498.827,1.575014,0.7213786,Left,Down,-0.1370561,-0.5369415,TransSharp
525.1198,18.58649,0,-0.4783702,0.3055466,0,-0.7526556,9499.571,1.57835,0.7220038,Left,Down,-0.1480375,-0.5244904,TransSharp
525.1598,18.59775,0,-0.5003428,0.3253834,0,-0.760232,9500.315,1.576274,0.7226298,Left,Down,-0.1519511,-0.5108719,TransSharp
525.1998,18.61751,0,-0.5424589,0.3452201,0,-0.7630746,9501.06,1.576162,0.7232544,Left,Down,-0.1519511,-0.4967194,TransSharp
525.2398,18.64243,0,-0.6129545,0.3452201,0,-0.7662035,9501.806,1.577347,0.7238784,Left,Down,-0.1519511,-0.4825439,TransSharp
525.2798,18.66381,0,-0.6596482,0.3452201,0,-0.7718682,9502.552,1.580878,0.724503,Left,Down,-0.1506579,-0.4683533,TransSharp
525.3198,18.68449,0,-0.7246506,0.3452201,0,-0.7772065,9503.299,1.577574,0.7251264,Left,Down,-0.1643245,-0.4541397,TransSharp
525.3598,18.70782,0,-0.7631046,0.3452201,0,-0.7771906,9504.047,1.578518,0.7257501,Left,Down,-0.1690205,-0.4388809,TransSharp
525.3998,18.73393,0,-0.7924014,0.3253834,0,-0.7802742,9504.796,1.580912,0.7263725,Left,Down,-0.1690205,-0.422821,TransSharp
525.4398,18.747,0,-0.7978946,0.3253834,0,-0.7846339,9505.546,1.58199,0.7269944,Left,Down,-0.1690205,-0.4067383,TransSharp
525.4798,18.76368,0,-0.7978946,0.3253834,0,-0.7849686,9506.296,1.580315,0.7276168,Left,Down,-0.1724585,-0.3906326,TransSharp
525.5198,18.7804,0,-0.7960635,0.3214161,0,-0.7847067,9507.047,1.579349,0.7282379,Left,Down,-0.1866263,-0.3745117,TransSharp
525.5598,18.79809,0,-0.7841617,0.3214161,0,-0.7873899,9507.799,1.580682,0.7288584,Left,Down,-0.1876719,-0.3565445,TransSharp
525.5998,18.80964,0,-0.7667667,0.3214161,0,-0.78677,9508.551,1.580882,0.7294794,Left,Down,-0.1866263,-0.3384705,TransSharp
525.6398,18.82039,0,-0.754863,0.3214161,0,-0.7844892,9509.303,1.579268,0.7300993,Left,Down,-0.1887116,-0.3204041,TransSharp
525.6798,18.83606,0,-0.7493699,0.3214161,0,-0.7846227,9510.057,1.58128,0.7307186,Left,Down,-0.2027088,-0.3022995,TransSharp
525.7198,18.84805,0,-0.7493699,0.3214161,0,-0.7800822,9510.811,1.581767,0.7313383,Left,Down,-0.2065338,-0.282608,TransSharp
525.7598,18.86301,0,-0.7493699,0.3214161,0,-0.7763509,9511.564,1.581277,0.7319565,Left,Down,-0.2065338,-0.2624893,TransSharp
525.7998,18.87307,0,-0.7493699,0.3214161,0,-0.7715184,9512.319,1.584634,0.7325745,Left,Down,-0.2112177,-0.2423248,TransSharp
525.8398,18.88334,0,-0.7493699,0.3214161,0,-0.7640638,9513.075,1.584254,0.7331929,Left,Down,-0.2264194,-0.222084,TransSharp
525.8798,18.89841,0,-0.7493699,0.3214161,0,-0.7585229,9513.831,1.586174,0.7338098,Left,Down,-0.2255535,-0.1997681,TransSharp
525.9198,18.91258,0,-0.7493699,0.3214161,0,-0.7495796,9514.587,1.587839,0.7344272,Left,Down,-0.2255535,-0.1774216,TransSharp
525.9598,18.92295,0,-0.7493699,0.3214161,0,-0.740511,9515.344,1.587377,0.7350434,Left,Down,-0.2422834,-0.155098,TransSharp
525.9998,18.93478,0,-0.7484543,0.3214161,0,-0.7336034,9516.102,1.590046,0.7356589,Left,Flat,-0.2478722,-0.1312943,TransSharp
526.0398,18.94892,0,-0.7328904,0.3174487,0,-0.7220411,9516.859,1.59041,0.736275,Left,Flat,-0.2470816,-0.1066437,TransSharp
526.0798,18.96019,0,-0.7136643,0.3174487,0,-0.7117579,9517.617,1.589795,0.7368898,Left,Flat,-0.2631872,-0.08200073,TransSharp
526.1198,18.97386,0,-0.6843674,0.3174487,0,-0.7037675,9518.376,1.592338,0.7375041,Left,Flat,-0.2712421,-0.05734253,TransSharp
526.1598,18.98548,0,-0.6724656,0.3174487,0,-0.6907836,9519.136,1.592617,0.7381188,Left,Flat,-0.2741124,-0.0326767,TransSharp
526.1998,18.99524,0,-0.6495774,0.3174487,0,-0.6792232,9519.896,1.592028,0.738732,Left,Flat,-0.3032579,-0.008026123,TransSharp
526.2398,19.0108,0,-0.6303495,0.3174487,0,-0.6700179,9520.655,1.593047,0.7393449,Left,Flat,-0.3109043,-0.01260376,TransSharp
526.2798,19.02241,0,-0.5909818,0.3174487,0,-0.6579975,9521.416,1.594324,0.7399582,Left,Flat,-0.3032579,-0.02620697,TransSharp
526.3198,19.0332,0,-0.5406278,0.3174487,0,-0.645646,9522.178,1.594362,0.74057,Left,Flat,-0.2920831,-0.03961182,TransSharp
526.3598,19.04633,0,-0.5012584,0.3174487,0,-0.6349245,9522.939,1.593033,0.7411824,Left,Flat,-0.2920831,-0.05237579,TransSharp
526.3998,19.05939,0,-0.4774547,0.3174487,0,-0.6252069,9523.701,1.596047,0.7417935,Left,Flat,-0.2797648,-0.0651474,TransSharp
526.4398,19.07166,0,-0.4774547,0.3174487,0,-0.6115134,9524.464,1.596301,0.742404,Left,Flat,-0.2741124,-0.07745361,TransSharp
526.4798,19.08214,0,-0.4774547,0.3174487,0,-0.5990318,9525.228,1.595849,0.743015,Left,Flat,-0.2733977,-0.08940887,TransSharp
526.5198,19.09965,0,-0.4774547,0.3174487,0,-0.5891043,9525.991,1.595767,0.7436244,Left,Flat,-0.2594432,-0.1013794,TransSharp
526.5598,19.11064,0,-0.4774547,0.3174487,0,-0.5785286,9526.755,1.597991,0.7442336,Left,Flat,-0.2556444,-0.1127396,TransSharp
526.5998,19.12265,0,-0.4774547,0.3174487,0,-0.565046,9527.521,1.598388,0.7448431,Left,Flat,-0.2556444,-0.1239014,TransSharp
526.6398,19.1332,0,-0.4774547,0.3174487,0,-0.5524782,9528.286,1.597842,0.7454512,Left,Flat,-0.2422834,-0.1350708,TransSharp
526.6798,19.15071,0,-0.4774547,0.3174487,0,-0.5425894,9529.052,1.597432,0.7460589,Left,Flat,-0.2382111,-0.1456604,TransSharp
526.7198,19.16246,0,-0.4692149,0.3174487,0,-0.532998,9529.817,1.600059,0.746667,Left,Down,-0.2390311,-0.1560287,TransSharp
526.7598,19.17476,0,-0.4353404,0.3174487,0,-0.5191086,9530.585,1.600521,0.7472737,Left,Down,-0.2289973,-0.1664124,TransSharp
526.7998,19.18627,0,-0.380407,0.3174487,0,-0.5064977,9531.353,1.600453,0.7478799,Left,Down,-0.2211734,-0.1764603,TransSharp
526.8398,19.20058,0,-0.3382927,0.3174487,0,-0.495634,9532.12,1.599301,0.7484865,Left,Down,-0.2220564,-0.186058,TransSharp
526.8798,19.21542,0,-0.3291374,0.3174487,0,-0.4870718,9532.889,1.60172,0.7490918,Left,Down,-0.2185032,-0.1956635,TransSharp
526.9198,19.22791,0,-0.3291374,0.3174487,0,-0.4744358,9533.658,1.602968,0.7496974,Left,Down,-0.2055842,-0.2052612,TransSharp
526.9598,19.24006,0,-0.3291374,0.3174487,0,-0.4609885,9534.428,1.603289,0.7503017,Left,Down,-0.2046302,-0.2141495,TransSharp
526.9998,19.25248,0,-0.3291374,0.3174487,0,-0.448798,9535.197,1.602797,0.7509055,Left,Down,-0.2046302,-0.2229843,TransSharp
527.0398,19.26648,0,-0.3291374,0.3174487,0,-0.4383164,9535.968,1.601823,0.7515097,Left,Down,-0.199792,-0.2318115,TransSharp
527.0798,19.2819,0,-0.3291374,0.3174487,0,-0.429978,9536.739,1.604377,0.7521124,Left,Down,-0.1876719,-0.2406082,TransSharp
527.1198,19.29473,0,-0.3291374,0.3174487,0,-0.4173692,9537.511,1.605597,0.7527148,Left,Down,-0.1876719,-0.2486801,TransSharp
527.1598,19.30713,0,-0.3447014,0.3174487,0,-0.4034001,9538.282,1.605956,0.7533175,Left,Down,-0.1876719,-0.2567444,TransSharp
527.1998,19.32051,0,-0.3511101,0.3174487,0,-0.3908466,9539.056,1.605767,0.7539189,Left,Down,-0.1855749,-0.2648239,TransSharp
527.2398,19.33408,0,-0.3520256,0.3174487,0,-0.3795394,9539.829,1.605242,0.7545196,Left,Down,-0.1735894,-0.2728958,TransSharp
527.2798,19.34893,0,-0.3529412,0.3174487,0,-0.37009,9540.603,1.605816,0.7551209,Left,Down,-0.1701742,-0.280304,TransSharp
527.3198,19.36265,0,-0.3529412,0.3174487,0,-0.3619846,9541.377,1.608419,0.7557209,Left,Down,-0.1713202,-0.2876282,TransSharp
527.3598,19.37575,0,-0.3529412,0.3174487,0,-0.3472432,9542.152,1.608912,0.7563201,Left,Down,-0.1713202,-0.2949524,TransSharp
527.3998,19.38832,0,-0.3529412,0.3174487,0,-0.3333236,9542.928,1.608977,0.7569197,Left,Down,-0.1631294,-0.3022766,TransSharp
527.4398,19.40331,0,-0.3456169,0.3174487,0,-0.3209917,9543.703,1.608879,0.7575182,Left,Down,-0.1545051,-0.3093719,TransSharp
527.4798,19.41601,0,-0.3291374,0.3174487,0,-0.3098934,9544.48,1.60859,0.758117,Left,Down,-0.1545051,-0.3159485,TransSharp
527.5198,19.42979,0,-0.2980095,0.3174487,0,-0.3001278,9545.258,1.608796,0.7587144,Left,Down,-0.1557664,-0.322525,TransSharp
527.5598,19.44459,0,-0.256809,0.3174487,0,-0.2918829,9546.035,1.611083,0.7593111,Left,Down,-0.1545051,-0.3291016,TransSharp
527.5998,19.4576,0,-0.18906,0.3174487,0,-0.279078,9546.813,1.612249,0.7599083,Left,Down,-0.1480375,-0.3356781,TransSharp
527.6398,19.47057,0,-0.1423663,0.3174487,0,-0.2644211,9547.592,1.612439,0.7605042,Left,Down,-0.1384764,-0.3420639,TransSharp
527.6798,19.4843,0,-0.1295489,0.3174487,0,-0.2512771,9548.371,1.612347,0.7610994,Left,Down,-0.1384764,-0.3478928,TransSharp
527.7198,19.49836,0,-0.1286334,0.3174487,0,-0.239476,9549.15,1.612457,0.7616951,Left,Down,-0.1384764,-0.3537216,TransSharp
527.7598,19.5116,0,-0.1286334,0.3174487,0,-0.2282998,9549.931,1.612414,0.7622895,Left,Down,-0.1384764,-0.3595581,TransSharp
527.7998,19.52546,0,-0.1414508,0.3412528,0,-0.2184467,9550.712,1.612819,0.7628834,Left,Down,-0.1370561,-0.3653946,TransSharp
527.8398,19.54584,0,-0.1606768,0.3452201,0,-0.2097063,9551.493,1.614571,0.7634775,Left,Down,-0.1282043,-0.3712234,TransSharp
527.8798,19.56457,0,-0.1799047,0.3452201,0,-0.1985293,9552.275,1.615979,0.7640701,Left,Down,-0.1219466,-0.3766327,TransSharp
527.9198,19.58375,0,-0.2192724,0.3452201,0,-0.1827938,9553.059,1.616098,0.7646633,Left,Down,-0.1219466,-0.3817139,TransSharp
527.9598,19.60342,0,-0.2449071,0.3452201,0,-0.1683621,9553.842,1.616003,0.7652552,Left,Down,-0.1235407,-0.386795,TransSharp
527.9998,19.62387,0,-0.2623022,0.3452201,0,-0.1550007,9554.627,1.616062,0.7658462,Left,Down,-0.1235407,-0.3918839,TransSharp
528.0398,19.64335,0,-0.2632177,0.3452201,0,-0.142644,9555.412,1.616398,0.7664378,Left,Down,-0.1219466,-0.3969803,TransSharp
528.0798,19.66229,0,-0.2632177,0.3452201,0,-0.1311548,9556.198,1.616757,0.767028,Left,Down,-0.1153499,-0.4020691,TransSharp
528.1198,19.68182,0,-0.2632177,0.3491875,0,-0.1201975,9556.985,1.616717,0.7676176,Left,Down,-0.1065312,-0.4070129,TransSharp
528.1598,19.70258,0,-0.2632177,0.3491875,0,-0.1105978,9557.773,1.618304,0.7682076,Left,Down,-0.1065312,-0.4113312,TransSharp
528.1998,19.72383,0,-0.2632177,0.3491875,0,-0.1018895,9558.563,1.620039,0.7687963,Left,Down,-0.1065312,-0.415657,TransSharp
528.2398,19.74348,0,-0.2632177,0.3491875,0,-0.08800825,9559.352,1.620778,0.7693844,Left,Down,-0.1046783,-0.4199753,TransSharp
528.2798,19.76356,0,-0.2632177,0.3491875,0,-0.07214841,9560.143,1.620982,0.7699729,Left,Down,-0.1065312,-0.4243088,TransSharp
528.3198,19.78434,0,-0.2632177,0.3571222,0,-0.05742025,9560.934,1.62099,0.7705598,Left,Down,-0.1065312,-0.4286423,TransSharp
528.3598,19.80643,0,-0.2632177,0.3610895,0,-0.04357427,9561.726,1.621143,0.7711464,Left,Down,-0.1027921,-0.4329834,TransSharp
528.3998,19.8289,0,-0.2632177,0.3650568,0,-0.03074181,9562.519,1.621448,0.7717333,Left,Down,-0.09065409,-0.4373169,TransSharp
528.4398,19.85205,0,-0.2632177,0.3650568,0,-0.01884383,9563.313,1.6218,0.7723186,Left,Down,-0.08846933,-0.4409332,TransSharp
528.4798,19.8755,0,-0.2632177,0.3650568,0,-0.007716835,9564.107,1.622305,0.7729045,Left,Down,-0.08846933,-0.444458,TransSharp
528.5198,19.89881,0,-0.2632177,0.3650568,0,0.002825916,9564.903,1.622499,0.7734889,Left,Down,-0.08846933,-0.4479828,TransSharp
528.5598,19.92223,0,-0.2632177,0.3650568,0,0.0124861,9565.7,1.623246,0.7740728,Left,Down,-0.08846933,-0.4515076,TransSharp
528.5998,19.94628,0,-0.2632177,0.3650568,0,0.0208604,9566.497,1.624472,0.774657,Left,Down,-0.08846933,-0.45504,TransSharp
528.6398,19.9702,0,-0.2632177,0.3650568,0,0.02861133,9567.296,1.625623,0.7752397,Left,Down,-0.08846933,-0.4585724,TransSharp
528.6798,19.99342,0,-0.2632177,0.3650568,0,0.03951401,9568.095,1.626415,0.775822,Left,Down,-0.08846933,-0.4621048,TransSharp
528.7198,20.01662,0,-0.2632177,0.3650568,0,0.05456799,9568.896,1.626542,0.7764046,Left,Down,-0.08392937,-0.4656525,TransSharp
528.7598,20.04017,0,-0.2632177,0.3650568,0,0.06868789,9569.696,1.626574,0.7769856,Left,Down,-0.06852804,-0.4690704,TransSharp
528.7998,20.06389,0,-0.2632177,0.3650568,0,0.08209142,9570.499,1.626706,0.7775664,Left,Down,-0.06852804,-0.4716873,TransSharp
528.8398,20.08702,0,-0.2632177,0.3650568,0,0.09425014,9571.302,1.627094,0.7781473,Left,Down,-0.07132626,-0.4743118,TransSharp
528.8798,20.1101,0,-0.2604711,0.3650568,0,0.1056139,9572.106,1.62757,0.7787269,Left,Down,-0.06852804,-0.4769363,TransSharp
528.9198,20.13313,0,-0.2604711,0.3650568,0,0.1159292,9572.911,1.628063,0.7793068,Left,Down,-0.07132626,-0.4795685,TransSharp
528.9598,20.15605,0,-0.2504003,0.3650568,0,0.1253116,9573.718,1.628636,0.7798852,Left,Down,-0.06852804,-0.482193,TransSharp
528.9998,20.17897,0,-0.2092016,0.3650568,0,0.1339028,9574.524,1.629246,0.7804632,Left,Down,-0.06852804,-0.4848251,TransSharp
529.0398,20.20182,0,-0.16617,0.3690242,0,0.1415023,9575.332,1.629922,0.7810415,Left,Down,-0.06852804,-0.4874573,TransSharp
529.0798,20.22511,0,-0.1414508,0.3690242,0,0.1481115,9576.141,1.630478,0.7816182,Left,Down,-0.06852804,-0.4900894,TransSharp
529.1198,20.24868,0,-0.1194781,0.3690242,0,0.1538005,9576.95,1.630957,0.7821945,Left,Down,-0.07132626,-0.4927292,TransSharp
529.1598,20.27231,0,-0.1066607,0.3690242,0,0.1589537,9577.761,1.631287,0.7827711,Left,Down,-0.0656106,-0.495369,TransSharp
529.1998,20.29606,0,-0.1057452,0.3690242,0,0.1633111,9578.572,1.631956,0.7833462,Straight,Down,-0.04845664,-0.4980087,TransSharp
529.2398,20.31956,0,-0.1011676,0.3690242,0,0.1665442,9579.385,1.632975,0.7839208,Straight,Down,-0.04423466,-0.4995728,TransSharp
529.2798,20.34319,0,-0.08194149,0.3690242,0,0.1691757,9580.198,1.633815,0.7844958,Straight,Down,-0.04423466,-0.5009689,TransSharp
529.3198,20.36707,0,0.004119873,0.3690242,0,0.1712011,9581.013,1.63439,0.7850694,Straight,Down,-0.04423466,-0.5023804,TransSharp
529.3598,20.39093,0,0.03433228,0.3690242,0,0.1725692,9581.828,1.634962,0.7856422,Straight,Down,-0.04423466,-0.5037766,TransSharp
529.3998,20.41433,0,0.05722046,0.3690242,0,0.1746063,9582.645,1.635479,0.7862155,Straight,Down,-0.04423466,-0.505188,TransSharp
529.4398,20.43769,0,0.06912231,0.3690242,0,0.1808664,9583.462,1.635591,0.7867875,Straight,Down,-0.04423466,-0.5065918,TransSharp
529.4798,20.46105,0,0.08926392,0.3690242,0,0.1864934,9584.28,1.635745,0.7873596,Straight,Down,-0.04423466,-0.5079956,TransSharp
529.5198,20.48461,0,0.1167297,0.3690242,0,0.1915707,9585.1,1.636013,0.7879302,Straight,Down,-0.04423466,-0.5094147,TransSharp
529.5598,20.5076,0,0.1222265,0.3690242,0,0.1961369,9585.92,1.636368,0.7885005,Straight,Down,-0.04423466,-0.5108185,TransSharp
529.5998,20.53059,0,0.1222265,0.3690242,0,0.2003533,9586.74,1.636881,0.789071,Straight,Down,-0.04423466,-0.5122299,TransSharp
529.6398,20.55351,0,0.1222265,0.3690242,0,0.2041943,9587.563,1.637509,0.7896401,Straight,Down,-0.04423466,-0.513649,TransSharp
529.6798,20.5764,0,0.1222265,0.3690242,0,0.207706,9588.385,1.638125,0.7902084,Straight,Down,-0.04423466,-0.5150604,TransSharp
529.7198,20.59924,0,0.1222265,0.3690242,0,0.210996,9589.209,1.638782,0.7907771,Straight,Down,-0.04423466,-0.5164719,TransSharp
529.7598,20.62202,0,0.1222265,0.3690242,0,0.2138603,9590.033,1.63934,0.7913446,Straight,Down,-0.04423466,-0.5178986,TransSharp
529.7998,20.64472,0,0.1222265,0.3690242,0,0.2165994,9590.859,1.639831,0.7919112,Straight,Down,-0.04423466,-0.5193176,TransSharp
529.8398,20.66736,0,0.1222265,0.3690242,0,0.2191263,9591.686,1.640435,0.7924783,Straight,Down,-0.04423466,-0.5207291,TransSharp
529.8798,20.68991,0,0.1222265,0.3690242,0,0.2215093,9592.513,1.64108,0.793044,Straight,Down,-0.04845664,-0.5221481,TransSharp
529.9198,20.71243,0,0.1167297,0.3690242,0,0.2238033,9593.341,1.641702,0.7936099,Straight,Down,0,-0.5235748,TransSharp
529.9598,20.73486,0,0.1121521,0.3690242,0,0.2261662,9594.17,1.64222,0.7941745,Straight,Down,0,-0.5231628,TransSharp
529.9998,20.7572,0,0.1121521,0.3690242,0,0.2286024,9595,1.642708,0.7947384,Straight,Down,0,-0.521904,TransSharp
530.0398,20.77948,0,0.1121521,0.3690242,0,0.2309196,9595.831,1.643223,0.7953026,Straight,Down,0,-0.5206451,TransSharp
530.0798,20.80168,0,0.1121521,0.3690242,0,0.2332779,9596.663,1.643731,0.7958654,Straight,Down,0,-0.5193939,TransSharp
530.1198,20.82382,0,0.1121521,0.3690242,0,0.2357567,9597.495,1.644272,0.7964274,Straight,Down,0,-0.5181274,TransSharp
530.1598,20.84587,0,0.1121521,0.3690242,0,0.2383099,9598.329,1.644789,0.79699,Straight,Down,0,-0.516861,TransSharp
530.1998,20.86786,0,0.1121521,0.3690242,0,0.2410141,9599.163,1.645296,0.797551,Straight,Down,0,-0.5156021,TransSharp
530.2398,20.88977,0,0.1121521,0.3690242,0,0.243926,9599.999,1.645842,0.7981114,Straight,Down,0,-0.5143356,TransSharp
530.2798,20.91162,0,0.1121521,0.3690242,0,0.2469658,9600.835,1.646395,0.7986721,Straight,Down,0,-0.5130768,TransSharp
530.3198,20.93341,0,0.1121521,0.3690242,0,0.2502598,9601.672,1.646876,0.7992315,Straight,Down,0,-0.5118027,TransSharp
530.3598,20.95511,0,0.1167297,0.3690242,0,0.2538919,9602.51,1.647373,0.7997903,Straight,Down,0,-0.5105362,TransSharp
530.3998,20.97675,0,0.1176488,0.3690242,0,0.2576705,9603.349,1.647906,0.8003493,Straight,Down,0,-0.5092697,TransSharp
530.4398,20.99831,0,0.1304662,0.3690242,0,0.2618621,9604.188,1.6484,0.8009067,Straight,Down,0,-0.5079956,TransSharp
530.4798,21.01982,0,0.1652563,0.3690242,0,0.2663385,9605.028,1.648868,0.8014645,Straight,Down,0,-0.5067215,TransSharp
530.5198,21.0412,0,0.2485693,0.3690242,0,0.2710365,9605.87,1.649284,0.8020209,Straight,Down,0,-0.5054474,TransSharp
530.5598,21.06255,0,0.3392065,0.3690242,0,0.2763253,9606.712,1.649696,0.8025765,Straight,Down,0,-0.5041733,TransSharp
530.5998,21.08387,0,0.3978038,0.3690242,0,0.282141,9607.556,1.650055,0.8031326,Straight,Down,0,-0.5028992,TransSharp
530.6398,21.10508,0,0.4582286,0.3690242,0,0.2886777,9608.399,1.650717,0.8036873,Straight,Down,0,-0.5016174,TransSharp
530.6798,21.12604,0,0.4811168,0.3690242,0,0.2956774,9609.244,1.651445,0.8042414,Straight,Down,0,-0.5003357,TransSharp
530.7198,21.14713,0,0.4829478,0.3690242,0,0.3035678,9610.09,1.652174,0.8047956,Straight,Down,0,-0.4990616,TransSharp
530.7598,21.16801,0,0.4829478,0.3690242,0,0.3121955,9610.937,1.652778,0.8053484,Straight,Down,0,-0.4977722,TransSharp
530.7998,21.18894,0,0.4829478,0.3690242,0,0.3216151,9611.784,1.653315,0.8059006,Straight,Down,0,-0.4964905,TransSharp
530.8398,21.20973,0,0.4829478,0.3690242,0,0.3318684,9612.632,1.653867,0.8064531,Straight,Down,0,-0.4952011,TransSharp
530.8798,21.23034,0,0.4829478,0.3690242,0,0.3429784,9613.481,1.65436,0.8070041,Straight,Down,0,-0.4939117,TransSharp
530.9198,21.25094,0,0.4829478,0.3690242,0,0.3548709,9614.331,1.654776,0.8075553,Straight,Down,0,-0.4926224,TransSharp
530.9598,21.27143,0,0.4829478,0.3690242,0,0.3678251,9615.182,1.655223,0.8081052,Straight,Down,0,-0.491333,TransSharp
530.9998,21.29181,0,0.4829478,0.3690242,0,0.3820027,9616.033,1.655674,0.8086545,Straight,Down,0,-0.4900436,TransSharp
531.0398,21.31209,0,0.4829478,0.3690242,0,0.397262,9616.885,1.656121,0.809204,Straight,Down,0,-0.4887543,TransSharp
531.0798,21.33232,0,0.4829478,0.3690242,0,0.4137828,9617.738,1.656712,0.8097519,Straight,Down,0,-0.4874573,TransSharp
531.1198,21.3524,0,0.4829478,0.3690242,0,0.4311804,9618.592,1.65773,0.8102995,Straight,Down,0,-0.4861526,TransSharp
531.1598,21.37142,0,0.4829478,0.3690242,0,0.4422942,9619.446,1.65742,0.8108471,Straight,Down,0,-0.4848557,TransSharp
531.1998,21.39057,0,0.4829478,0.3690242,0,0.4548485,9620.302,1.657206,0.8113932,Straight,Down,0,-0.4835587,TransSharp
531.2398,21.41041,0,0.4829478,0.3690242,0,0.4688413,9621.157,1.657279,0.8119389,Straight,Down,0,-0.482254,TransSharp
531.2798,21.42882,0,0.4829478,0.3690242,0,0.4844121,9622.015,1.65761,0.8124847,Straight,Down,0,-0.480957,TransSharp
531.3198,21.44736,0,0.4829478,0.3690242,0,0.5015323,9622.872,1.658284,0.8130291,Straight,Down,0,-0.4796524,TransSharp
531.3598,21.46586,0,0.4829478,0.3690242,0,0.5201781,9623.73,1.659077,0.8135729,Straight,Down,0,-0.4783478,TransSharp
531.3998,21.48402,0,0.4774547,0.3690242,0,0.5407386,9624.59,1.659579,0.8141169,Straight,Down,0,-0.4770355,TransSharp
531.4398,21.5025,0,0.4591441,0.3690242,0,0.5628694,9625.449,1.660417,0.8146595,Straight,Down,0,-0.4757309,TransSharp
531.4798,21.5217,0,0.4216075,0.3690242,0,0.5864667,9626.311,1.661849,0.8152023,Straight,Down,0,-0.4744186,TransSharp
531.5198,21.54022,0,0.3749156,0.3690242,0,0.6117852,9627.172,1.663062,0.8157435,Straight,Down,0,-0.473114,TransSharp
531.5598,21.55976,0,0.3666759,0.3690242,0,0.6392335,9628.034,1.664397,0.8162843,Straight,Down,0,-0.4718018,TransSharp
531.5998,21.57723,0,0.3666759,0.3690242,0,0.6599873,9628.897,1.663832,0.8168252,Straight,Down,0,-0.4704895,TransSharp
531.6398,21.5953,0,0.3666759,0.3690242,0,0.6817811,9629.761,1.663264,0.8173646,Straight,Down,0.03426402,-0.4691696,TransSharp
531.6798,21.61453,0,0.3666759,0.3690242,0,0.7055588,9630.625,1.662928,0.8179036,Right,Down,0.05595291,-0.4660263,TransSharp
531.7198,21.6316,0,0.3666759,0.3690242,0,0.7311792,9631.49,1.663246,0.8184426,Right,Down,0.05595291,-0.4615326,TransSharp
531.7598,21.64852,0,0.3666759,0.3690242,0,0.7590179,9632.355,1.663265,0.8189803,Right,Down,0.05595291,-0.4570313,TransSharp
531.7998,21.6665,0,0.3758311,0.3690242,0,0.7881666,9633.223,1.664585,0.8195172,Right,Down,0.05934703,-0.4525223,TransSharp
531.8398,21.68553,0,0.3804088,0.3690242,0,0.8189325,9634.09,1.666368,0.8200544,Right,Down,0.05595291,-0.4480133,TransSharp
531.8798,21.70268,0,0.3804088,0.3690242,0,0.8501935,9634.957,1.668237,0.8205902,Right,Down,0.05595291,-0.4435043,TransSharp
531.9198,21.71926,0,0.3804088,0.3690242,0,0.8760575,9635.826,1.667608,0.8211261,Right,Down,0.05595291,-0.4389725,TransSharp
531.9598,21.7368,0,0.3804088,0.3690242,0,0.9032714,9636.695,1.666852,0.8216606,Right,Down,0.05595291,-0.4344482,TransSharp
531.9998,21.75455,0,0.3804088,0.3690242,0,0.9325143,9637.565,1.666353,0.8221945,Right,Down,0.05595291,-0.4299088,TransSharp
532.0398,21.7711,0,0.3804088,0.3690242,0,0.9635466,9638.437,1.666264,0.8227286,Right,Down,0.05595291,-0.4253769,TransSharp
532.0798,21.78969,0,0.3804088,0.3690242,0,0.9961559,9639.308,1.668317,0.8232613,Right,Down,0.07401875,-0.4208298,TransSharp
532.1198,21.80715,0,0.3804088,0.3690242,0,1.029415,9640.18,1.670972,0.8237932,Right,Down,0.08392937,-0.4153748,TransSharp
532.1598,21.82185,0,0.3804088,0.3690242,0,1.05707,9641.053,1.67036,0.8243254,Right,Down,0.08392937,-0.4091492,TransSharp
532.1998,21.83862,0,0.3804088,0.3690242,0,1.086085,9641.926,1.669667,0.8248561,Right,Down,0.08392937,-0.4029083,TransSharp
532.2398,21.85526,0,0.3804088,0.3690242,0,1.117199,9642.8,1.668408,0.8253862,Right,Down,0.08392937,-0.3966675,TransSharp
532.2798,21.87341,0,0.3804088,0.3690242,0,1.149661,9643.675,1.67018,0.8259164,Right,Down,0.08392937,-0.3904266,TransSharp
532.3198,21.89067,0,0.3804088,0.3690242,0,1.182792,9644.55,1.673078,0.8264453,Right,Down,0.08392937,-0.3841705,TransSharp
532.3598,21.90471,0,0.3804088,0.3690242,0,1.210101,9645.426,1.67267,0.8269734,Right,Down,0.08392937,-0.3779068,TransSharp
532.3998,21.91926,0,0.3685069,0.3690242,0,1.239137,9646.303,1.671471,0.827502,Right,Down,0.1065312,-0.3716354,TransSharp
532.4398,21.93803,0,0.3501928,0.3690242,0,1.269459,9647.18,1.671103,0.8280287,Right,Down,0.1101434,-0.364006,TransSharp
532.4798,21.9565,0,0.3373754,0.3690242,0,1.301489,9648.059,1.674502,0.8285558,Right,Down,0.1083524,-0.3561554,TransSharp
532.5198,21.97024,0,0.3327978,0.3690242,0,1.327282,9648.938,1.674548,0.8290815,Right,Down,0.1083524,-0.3482971,TransSharp
532.5598,21.9818,0,0.3327978,0.3690242,0,1.354618,9649.816,1.672973,0.8296064,Right,Down,0.1083524,-0.3404236,TransSharp
532.5998,22.00444,0,0.3327978,0.3690242,0,1.383031,9650.696,1.6735,0.8301316,Right,Down,0.1101434,-0.3325424,TransSharp
532.6398,22.0186,0,0.3327978,0.3690242,0,1.410394,9651.577,1.676187,0.8306554,Right,Down,0.1312212,-0.3246613,TransSharp
532.6798,22.03029,0,0.3327978,0.3690242,0,1.43363,9652.458,1.675366,0.8311784,Right,Down,0.132704,-0.3153839,TransSharp
532.7198,22.04421,0,0.3327978,0.3690242,0,1.458,9653.339,1.674196,0.8317016,Right,Down,0.1341704,-0.3059235,TransSharp
532.7598,22.06451,0,0.3327978,0.3690242,0,1.483085,9654.222,1.677784,0.8322234,Right,Down,0.132704,-0.2964401,TransSharp
532.7998,22.07682,0,0.3327978,0.3690242,0,1.501711,9655.104,1.676834,0.8327446,Right,Down,0.1356209,-0.2869568,TransSharp
532.8398,22.09007,0,0.3327978,0.3690242,0,1.522415,9655.987,1.675818,0.8332659,Right,Down,0.1570175,-0.2774658,TransSharp
532.8798,22.10975,0,0.3327978,0.3690242,0,1.542228,9656.872,1.678893,0.8337857,Right,Down,0.1582588,-0.2664948,TransSharp
532.9198,22.11901,0,0.3318822,0.3690242,0,1.556778,9657.757,1.677104,0.8343056,Right,Down,0.1582588,-0.2554016,TransSharp
532.9598,22.13487,0,0.3282201,0.3690242,0,1.573128,9658.642,1.678013,0.8348242,Right,Down,0.1582588,-0.2442932,TransSharp
532.9998,22.15231,0,0.3208959,0.3690242,0,1.584665,9659.528,1.679567,0.835342,Right,Down,0.1780411,-0.2331772,TransSharp
533.0398,22.16527,0,0.3016698,0.3690242,0,1.594944,9660.415,1.680346,0.83586,Right,Down,0.183454,-0.2207947,TransSharp
533.0798,22.17966,0,0.2732885,0.3690242,0,1.602732,9661.302,1.680403,0.8363767,Right,Down,0.1823843,-0.2080383,TransSharp
533.1198,22.19377,0,0.2384984,0.3690242,0,1.605882,9662.189,1.680039,0.8368926,Right,Down,0.1907741,-0.1952744,TransSharp
533.1598,22.20767,0,0.2302587,0.3690242,0,1.610409,9663.078,1.680026,0.8374087,Right,Down,0.20842,-0.1821442,TransSharp
533.1998,22.22205,0,0.2302587,0.3690242,0,1.616554,9663.967,1.680413,0.8379231,Right,Down,0.20842,-0.1677017,TransSharp
533.2398,22.23566,0,0.2302587,0.3690242,0,1.622523,9664.855,1.681346,0.8384372,Right,Down,0.2130625,-0.1532364,TransSharp
533.2798,22.24837,0,0.2302587,0.3690242,0,1.622162,9665.746,1.681177,0.8389512,Right,Flat,0.2349025,-0.1386719,TransSharp
533.3198,22.26136,0,0.2302587,0.3690242,0,1.623167,9666.637,1.681192,0.8394638,Right,Flat,0.2349025,-0.1224518,TransSharp
533.3598,22.27504,0,0.2302587,0.3690242,0,1.625637,9667.527,1.681527,0.8399758,Right,Flat,0.2438933,-0.1062317,TransSharp
533.3998,22.28767,0,0.2302587,0.3690242,0,1.629336,9668.418,1.68227,0.8404878,Right,Flat,0.2624426,-0.08959961,TransSharp
533.4398,22.30085,0,0.2302587,0.3690242,0,1.63438,9669.311,1.683653,0.8409984,Right,Flat,0.2624426,-0.07155609,TransSharp
533.4798,22.31261,0,0.2302587,0.3690242,0,1.631493,9670.203,1.683572,0.8415093,Right,Flat,0.2832403,-0.05349731,TransSharp
533.5198,22.32464,0,0.2302587,0.3690242,0,1.629609,9671.096,1.683585,0.8420185,Right,Flat,0.2907402,-0.03413391,TransSharp
533.5598,22.33758,0,0.2302587,0.3690242,0,1.629044,9671.988,1.683795,0.8425272,Right,Flat,0.2255535,-0.01422119,TransSharp
533.5998,22.34915,0,0.2302587,0.3690242,0,1.629722,9672.883,1.684444,0.8430359,Right,Flat,0.1690205,0.009727478,TransSharp
533.6398,22.36091,0,0.2302587,0.3690242,0,1.631644,9673.777,1.685323,0.8435432,Right,Flat,0.1690205,0.03811646,TransSharp
533.6798,22.37356,0,0.2302587,0.3690242,0,1.634715,9674.672,1.686359,0.8440499,Right,Flat,0.1690205,0.06652069,TransSharp
533.7198,22.38429,0,0.2302587,0.3690242,0,1.633191,9675.566,1.68685,0.8445566,Right,Flat,0.1557664,0.09494781,TransSharp
533.7598,22.39533,0,0.2302587,0.3690242,0,1.628991,9676.463,1.686771,0.8450618,Right,Flat,0.1341704,0.1219482,TransSharp
533.7998,22.40707,0,0.2302587,0.3690242,0,1.625858,9677.359,1.686849,0.8455665,Right,Flat,0.1341704,0.1454468,TransSharp
533.8398,22.41811,0,0.2265966,0.3690242,0,1.623973,9678.256,1.687301,0.8460712,Right,Up,0.1356209,0.1689529,TransSharp
533.8798,22.42892,0,0.2265966,0.3491875,0,1.623286,9679.152,1.688017,0.8465745,Right,Up,0.1341704,0.1924667,TransSharp
533.9198,22.43744,0,0.2247655,0.3452201,0,1.623713,9680.05,1.688787,0.8470778,Right,Up,0.1282043,0.2159805,TransSharp
533.9598,22.44312,0,0.2137792,0.3372854,0,1.625063,9680.948,1.689546,0.8475797,Right,Up,0.1083524,0.2386322,TransSharp
533.9998,22.44834,0,0.208286,0.3293507,0,1.627613,9681.847,1.690367,0.848081,Right,Up,0.1083524,0.2572708,TransSharp
534.0398,22.44999,0,0.2027929,0.3214161,0,1.626739,9682.745,1.690958,0.8485823,Right,Up,0.1083524,0.2759247,TransSharp
534.0798,22.45014,0,0.2018774,0.3214161,0,1.621762,9683.644,1.690796,0.8490822,Right,Up,0.1083524,0.2945786,TransSharp
534.1198,22.45027,0,0.1945531,0.3174487,0,1.617823,9684.542,1.690742,0.8495814,Right,Up,0.1083524,0.3132324,TransSharp
534.1598,22.44981,0,0.1844823,0.3134814,0,1.614852,9685.44,1.691081,0.8500807,Right,Up,0.1083524,0.3318787,TransSharp
534.1998,22.44811,0,0.1789892,0.3134814,0,1.612968,9686.339,1.691706,0.8505785,Right,Up,0.08846933,0.3505173,TransSharp
534.2398,22.44607,0,0.1698339,0.309514,0,1.611926,9687.237,1.692443,0.8510756,Right,Up,0.08622923,0.3654556,TransSharp
534.2798,22.44315,0,0.1588476,0.309514,0,1.611965,9688.136,1.693183,0.8515729,Right,Up,0.08622923,0.3797073,TransSharp
534.3198,22.4403,0,0.1515234,0.309514,0,1.613052,9689.034,1.69375,0.8520688,Right,Up,0.08392937,0.3939514,TransSharp
534.3598,22.43752,0,0.1515234,0.309514,0,1.614771,9689.933,1.694322,0.8525637,Right,Up,0.08392937,0.4082031,TransSharp
534.3998,22.43477,0,0.1515234,0.309514,0,1.617507,9690.829,1.694969,0.8530589,Right,Up,0.08622923,0.4224472,TransSharp
534.4398,22.4325,0,0.1478612,0.309514,0,1.621184,9691.726,1.695889,0.8535527,Right,Up,0.08622923,0.4366913,TransSharp
534.4798,22.42891,0,0.1295507,0.309514,0,1.61818,9692.622,1.696048,0.8540465,Right,Up,0.08622923,0.4509354,TransSharp
534.5198,22.42556,0,0.0819397,0.309514,0,1.613741,9693.519,1.695946,0.8545389,Right,Up,0.06852804,0.4651794,TransSharp
534.5598,22.42309,0,-0.0050354,0.309514,0,1.610161,9694.415,1.695935,0.8550304,Right,Up,0.0656106,0.4765091,TransSharp
534.5998,22.41944,0,-0.06454647,0.309514,0,1.607278,9695.312,1.696224,0.8555222,Right,Up,0.0656106,0.4868011,TransSharp
534.6398,22.41598,0,-0.1048297,0.309514,0,1.605045,9696.208,1.696711,0.8560125,Right,Up,0.06255726,0.4971008,TransSharp
534.6798,22.4126,0,-0.1057452,0.309514,0,1.603356,9697.104,1.69726,0.856502,Right,Up,0.0656106,0.5073929,TransSharp
534.7198,22.40931,0,-0.1057452,0.309514,0,1.602366,9698.001,1.697825,0.8569916,Right,Up,0.0656106,0.5176773,TransSharp
534.7598,22.40605,0,-0.1057452,0.309514,0,1.601724,9698.897,1.698433,0.8574799,Right,Up,0.0656106,0.5279617,TransSharp
534.7998,22.40284,0,-0.1057452,0.309514,0,1.601701,9699.794,1.698958,0.8579673,Right,Up,0.0656106,0.5382462,TransSharp
534.8398,22.39968,0,-0.1112384,0.309514,0,1.602155,9700.69,1.699441,0.8584549,Right,Up,0.06255726,0.5485306,TransSharp
534.8798,22.39652,0,-0.1194781,0.309514,0,1.60298,9701.587,1.699955,0.858941,Right,Up,0.0656106,0.5588074,TransSharp
534.9198,22.39338,0,-0.148775,0.309514,0,1.604119,9702.483,1.700499,0.8594265,Right,Up,0.06255726,0.5690842,TransSharp
534.9598,22.39025,0,-0.1945531,0.309514,0,1.605561,9703.38,1.701149,0.8599119,Straight,Up,0.04845664,0.5792542,TransSharp
534.9998,22.38713,0,-0.2146947,0.309514,0,1.607346,9704.275,1.701686,0.8603958,Straight,Up,0.04423466,0.585907,TransSharp
535.0398,22.38475,0,-0.2183568,0.309514,0,1.609362,9705.17,1.702308,0.8608798,Straight,Up,0.04423466,0.5925598,TransSharp
535.0798,22.38081,0,-0.2183568,0.309514,0,1.606131,9706.064,1.702575,0.8613625,Straight,Up,0.04423466,0.5992126,TransSharp
535.1198,22.37711,0,-0.1853979,0.309514,0,1.597824,9706.959,1.702257,0.8618443,Straight,Up,0.04423466,0.6058655,TransSharp
535.1598,22.37372,0,-0.1377887,0.309514,0,1.589435,9707.854,1.702425,0.8623262,Straight,Up,0.04845664,0.6125183,TransSharp
535.1998,22.37016,0,-0.0993365,0.309514,0,1.580986,9708.748,1.702876,0.8628067,Straight,Up,0.04423466,0.6191635,TransSharp
535.2398,22.36633,0,-0.06546199,0.309514,0,1.572554,9709.643,1.703409,0.8632866,Straight,Up,0.04423466,0.6258163,TransSharp
535.2798,22.36254,0,-0.0590533,0.309514,0,1.563934,9710.537,1.704092,0.8637664,Straight,Up,0.04423466,0.6324615,TransSharp
535.3198,22.35874,0,-0.05813599,0.309514,0,1.555335,9711.432,1.704827,0.8642446,Straight,Up,0.04423466,0.6390991,TransSharp
535.3598,22.35501,0,-0.05722046,0.309514,0,1.546507,9712.326,1.705679,0.8647224,Straight,Up,0.04423466,0.6457367,TransSharp
535.3998,22.35131,0,-0.05355835,0.309514,0,1.537447,9713.221,1.706437,0.8652,Straight,Up,0.04423466,0.6523743,TransSharp
535.4398,22.34761,0,-0.05355835,0.309514,0,1.528299,9714.115,1.707026,0.8656761,Straight,Up,0.04423466,0.6590118,TransSharp
535.4798,22.34394,0,-0.05355835,0.309514,0,1.518541,9715.01,1.707376,0.8661523,Straight,Up,0.04423466,0.6656494,TransSharp
535.5198,22.34026,0,-0.05355835,0.309514,0,1.508478,9715.904,1.707803,0.8666272,Straight,Up,0.04845664,0.672287,TransSharp
535.5598,22.33665,0,-0.05355835,0.309514,0,1.498007,9716.797,1.707933,0.8671013,Straight,Up,0.02797646,0.6789169,TransSharp
535.5998,22.333,0,-0.05355835,0.309514,0,1.487388,9717.689,1.708301,0.8675754,Straight,Up,0.02797646,0.6827316,TransSharp
535.6398,22.32939,0,-0.05355835,0.309514,0,1.476464,9718.582,1.70854,0.868048,Straight,Up,0.02797646,0.6856842,TransSharp
535.6798,22.32576,0,-0.05355835,0.309514,0,1.465255,9719.475,1.708908,0.86852,Straight,Up,0.02797646,0.6886292,TransSharp
535.7198,22.32215,0,-0.05355835,0.309514,0,1.45364,9720.367,1.709343,0.8689919,Straight,Up,0.02797646,0.6915741,TransSharp
535.7598,22.31854,0,-0.05355835,0.309514,0,1.441725,9721.26,1.710002,0.8694623,Straight,Up,0.02797646,0.694519,TransSharp
535.7998,22.31495,0,-0.05355835,0.309514,0,1.429615,9722.152,1.710534,0.8699322,Straight,Up,0.02797646,0.697464,TransSharp
535.8398,22.31138,0,-0.05264282,0.309514,0,1.417236,9723.045,1.710984,0.870402,Straight,Up,0.02797646,0.7004013,TransSharp
535.8798,22.3078,0,-0.03341675,0.309514,0,1.404644,9723.938,1.711269,0.8708702,Straight,Up,0.02797646,0.7033463,TransSharp
535.9198,22.30424,0,0.03250122,0.309514,0,1.39169,9724.83,1.711697,0.8713379,Straight,Up,0.02797646,0.7062836,TransSharp
535.9598,22.30073,0,0.07003784,0.309514,0,1.37805,9725.723,1.712578,0.8718054,Straight,Up,0.02797646,0.7092285,TransSharp
535.9998,22.29722,0,0.07461548,0.309514,0,1.364011,9726.615,1.713219,0.8722717,Straight,Up,0.02797646,0.7121658,TransSharp
536.0398,22.2937,0,0.07461548,0.309514,0,1.350017,9727.508,1.713775,0.8727378,Straight,Up,0.02797646,0.7151108,TransSharp
536.0798,22.28994,0,0.07461548,0.3293507,0,1.336182,9728.399,1.713821,0.8732024,Straight,Up,0.02797646,0.7180481,TransSharp
536.1198,22.28928,0,0.07461548,0.3293507,0,1.3148,9729.29,1.714414,0.8736665,Straight,Up,0.02797646,0.7209854,TransSharp
536.1598,22.29045,0,0.07461548,0.3293507,0,1.29143,9730.182,1.715153,0.8741304,Straight,Up,0.02797646,0.7239227,TransSharp
536.1998,22.29119,0,0.07461548,0.3293507,0,1.267791,9731.074,1.716028,0.8745929,Straight,Up,0.02797646,0.72686,TransSharp
536.2398,22.29266,0,0.07461548,0.3293507,0,1.244015,9731.967,1.716437,0.8750548,Straight,Up,0.02797646,0.729805,TransSharp
536.2798,22.29403,0,0.07461548,0.3293507,0,1.220269,9732.859,1.716587,0.8755165,Straight,Up,0.02797646,0.7327423,TransSharp
536.3198,22.29536,0,0.07461548,0.3293507,0,1.196575,9733.752,1.716483,0.8759769,Straight,Up,0.02797646,0.7356796,TransSharp
536.3598,22.29665,0,0.07461548,0.3293507,0,1.172795,9734.645,1.716617,0.8764365,Straight,Up,0.02797646,0.7386093,TransSharp
536.3998,22.29791,0,0.07461548,0.3293507,0,1.148657,9735.537,1.716944,0.876896,Straight,Up,0.02797646,0.7415543,TransSharp
536.4398,22.29917,0,0.07461548,0.3293507,0,1.12449,9736.43,1.717686,0.8773541,Straight,Up,0.01978234,0.7444916,TransSharp
536.4798,22.30041,0,0.07461548,0.3293507,0,1.100127,9737.322,1.718255,0.8778123,Straight,Up,0.02797646,0.7474289,TransSharp
536.5198,22.30165,0,0.07461548,0.3293507,0,1.075792,9738.215,1.71861,0.8782688,Straight,Up,0.02797646,0.7503738,TransSharp
536.5598,22.30286,0,0.07461548,0.3293507,0,1.051519,9739.107,1.719103,0.8787248,Straight,Up,0.01978234,0.7533112,TransSharp
536.5998,22.3041,0,0.07461548,0.3293507,0,1.02748,9740,1.719711,0.8791807,Straight,Up,0,0.7558594,TransSharp
536.6398,22.30532,0,0.07461548,0.3293507,0,1.003584,9740.893,1.720233,0.8796352,Straight,Up,0,0.7513046,TransSharp
536.6798,22.30653,0,0.06546021,0.3293507,0,0.9797478,9741.785,1.720701,0.8800888,Straight,Up,0,0.7467499,TransSharp
536.7198,22.30772,0,0.05722046,0.3293507,0,0.9560103,9742.678,1.721036,0.8805425,Straight,Up,0,0.7421951,TransSharp
536.7598,22.30893,0,0.03890991,0.3293507,0,0.9322426,9743.57,1.721128,0.8809948,Straight,Up,0,0.7376328,TransSharp
536.7998,22.31013,0,0.02792358,0.3293507,0,0.9084165,9744.463,1.721268,0.8814462,Straight,Up,0,0.733078,TransSharp
536.8398,22.31134,0,0.02059937,0.3293507,0,0.8847244,9745.355,1.721386,0.8818976,Straight,Up,0,0.7285233,TransSharp
536.8798,22.31252,0,0.004119873,0.3293507,0,0.8606909,9746.248,1.721723,0.8823476,Straight,Up,0,0.7239685,TransSharp
536.9198,22.31372,0,-0.0151062,0.3293507,0,0.836838,9747.141,1.722392,0.8827969,Straight,Up,0,0.7194061,TransSharp
536.9598,22.31491,0,-0.03433228,0.3293507,0,0.8129944,9748.033,1.723116,0.883246,Straight,Up,0,0.7148514,TransSharp
536.9998,22.3161,0,-0.0453186,0.3293507,0,0.7893661,9748.926,1.723732,0.8836939,Straight,Up,0,0.7102966,TransSharp
537.0398,22.31726,0,-0.0453186,0.3293507,0,0.7661405,9749.818,1.724412,0.8841416,Straight,Up,0,0.7057419,TransSharp
537.0798,22.31847,0,-0.0453186,0.3293507,0,0.7431124,9750.711,1.725111,0.8845879,Straight,Up,0,0.7011795,TransSharp
537.1198,22.31964,0,-0.0453186,0.3293507,0,0.7202789,9751.604,1.725478,0.8850333,Straight,Up,0,0.6966248,TransSharp
537.1598,22.32082,0,-0.0453186,0.3293507,0,0.6979667,9752.496,1.725687,0.8854787,Straight,Up,0,0.6920624,TransSharp
537.1998,22.32199,0,-0.0453186,0.3293507,0,0.6757015,9753.389,1.725805,0.8859228,Straight,Up,0,0.6875,TransSharp
537.2398,22.32318,0,-0.0453186,0.3293507,0,0.6536493,9754.281,1.725644,0.886366,Straight,Up,0,0.6829453,TransSharp
537.2798,22.32434,0,-0.03341675,0.3293507,0,0.6316069,9755.174,1.725749,0.8868092,Straight,Up,0,0.6783829,TransSharp
537.3198,22.32551,0,-0.02243042,0.3293507,0,0.6090534,9756.066,1.726021,0.887251,Straight,Up,0,0.6738281,TransSharp
537.3598,22.32667,0,-0.009613037,0.3293507,0,0.5862353,9756.959,1.726559,0.887692,Straight,Up,0,0.6692657,TransSharp
537.3998,22.32781,0,-0.009613037,0.3293507,0,0.5632417,9757.852,1.727087,0.8881329,Straight,Up,0,0.6647034,TransSharp
537.4398,22.32896,0,-0.009613037,0.3293507,0,0.5401974,9758.744,1.727561,0.8885723,Straight,Up,0,0.6601486,TransSharp
537.4798,22.33011,0,-0.009613037,0.3293507,0,0.517272,9759.637,1.727978,0.8890117,Straight,Up,0,0.6555862,TransSharp
537.5198,22.33125,0,-0.0050354,0.3293507,0,0.4945411,9760.529,1.728443,0.8894497,Straight,Up,0,0.6510239,TransSharp
537.5598,22.33238,0,0.003204346,0.3293507,0,0.4718551,9761.422,1.72894,0.8898869,Straight,Up,0,0.6464691,TransSharp
537.5998,22.33352,0,0.00869751,0.3293507,0,0.4489595,9762.314,1.72932,0.890324,Straight,Up,0,0.6419067,TransSharp
537.6398,22.33466,0,0.01052856,0.3293507,0,0.4262085,9763.207,1.729806,0.8907598,Straight,Up,0,0.6373444,TransSharp
537.6798,22.33579,0,0.01419067,0.3293507,0,0.4033675,9764.1,1.730234,0.8911948,Straight,Up,0,0.632782,TransSharp
537.7198,22.33693,0,0.0151062,0.3293507,0,0.3806176,9764.992,1.730569,0.8916296,Straight,Up,0,0.6282196,TransSharp
537.7598,22.33804,0,0.0151062,0.3293507,0,0.3577465,9765.885,1.730879,0.892063,Straight,Up,0,0.6236572,TransSharp
537.7998,22.33916,0,0.0151062,0.3293507,0,0.3347993,9766.778,1.731112,0.8924956,Straight,Up,0,0.6190948,TransSharp
537.8398,22.34028,0,0.0151062,0.3293507,0,0.3118236,9767.673,1.731389,0.8929281,Straight,Up,0,0.6145325,TransSharp
537.8798,22.34138,0,0.0151062,0.3293507,0,0.2886452,9768.567,1.731666,0.8933592,Straight,Up,0,0.6099701,TransSharp
537.9198,22.3425,0,0.0151062,0.3293507,0,0.2654823,9769.462,1.731985,0.8937895,Straight,Up,0,0.6054077,TransSharp
537.9598,22.34362,0,0.0151062,0.3293507,0,0.2422512,9770.356,1.732475,0.8942198,Straight,Up,0,0.6008377,TransSharp
537.9998,22.3447,0,0.0151062,0.3293507,0,0.2190569,9771.251,1.733026,0.8946486,Straight,Up,0,0.5962753,TransSharp
538.0398,22.34581,0,0.0151062,0.3293507,0,0.1957654,9772.146,1.733498,0.8950772,Straight,Up,0,0.591713,TransSharp
538.0798,22.34692,0,0.0151062,0.3293507,0,0.172611,9773.04,1.733807,0.8955046,Straight,Up,0,0.5871506,TransSharp
538.1198,22.34801,0,0.0151062,0.3293507,0,0.1493861,9773.935,1.734224,0.8959311,Straight,Up,0,0.5825882,TransSharp
538.1598,22.3491,0,0.0151062,0.3293507,0,0.1261167,9774.829,1.73457,0.8963575,Straight,Up,0,0.5780182,TransSharp
538.1998,22.35018,0,0.0151062,0.3293507,0,0.1029352,9775.724,1.734985,0.8967824,Straight,Up,0,0.5734558,TransSharp
538.2398,22.35126,0,0.0151062,0.3293507,0,0.07977691,9776.618,1.735434,0.8972066,Straight,Up,0,0.5688934,TransSharp
538.2798,22.35234,0,0.0151062,0.3293507,0,0.05666128,9777.513,1.735916,0.8976307,Straight,Up,0,0.5643234,TransSharp
538.3198,22.35341,0,0.0151062,0.3293507,0,0.03343755,9778.407,1.7362,0.8980532,Straight,Up,0,0.559761,TransSharp
538.3598,22.3545,0,0.02700806,0.3293507,0,0.01025218,9779.302,1.736435,0.8984752,Straight,Up,0,0.5551987,TransSharp
538.3998,22.35555,0,0.08926392,0.3293507,0,-0.01303044,9780.196,1.736739,0.8988969,Straight,Up,0,0.5506363,TransSharp
538.4398,22.35664,0,0.2311742,0.3293507,0,-0.03613213,9781.091,1.737171,0.8993172,Straight,Up,0,0.5460663,TransSharp
538.4798,22.3577,0,0.3666759,0.3293507,0,-0.05917299,9781.985,1.737642,0.8997374,Straight,Up,0,0.5415039,TransSharp
538.5198,22.35872,0,0.4115367,0.3293507,0,-0.08205965,9782.88,1.738109,0.9001561,Straight,Up,0,0.5369415,TransSharp
538.5598,22.35973,0,0.4097056,0.3293507,0,-0.1047786,9783.774,1.73863,0.9005741,Straight,Up,0,0.5323715,TransSharp
538.5998,22.36076,0,0.3859019,0.3293507,0,-0.1269554,9784.669,1.739035,0.9009919,Straight,Up,0,0.5278091,TransSharp
538.6398,22.36177,0,0.3575206,0.3293507,0,-0.1486403,9785.563,1.73954,0.9014082,Straight,Up,0,0.5232391,TransSharp
538.6798,22.36276,0,0.3428686,0.3293507,0,-0.1700799,9786.458,1.739977,0.9018239,Straight,Up,0,0.5186691,TransSharp
538.7198,22.36374,0,0.3337133,0.3293507,0,-0.1910996,9787.353,1.740479,0.9022394,Straight,Up,0,0.5141068,TransSharp
538.7598,22.36469,0,0.3208959,0.3293507,0,-0.2115621,9788.247,1.740819,0.9026535,Straight,Up,0,0.5095367,TransSharp
538.7998,22.3656,0,0.3144872,0.3293507,0,-0.2313381,9789.142,1.741127,0.9030667,Straight,Up,0,0.5049667,TransSharp
538.8398,22.36652,0,0.3016698,0.3293507,0,-0.250579,9790.036,1.741467,0.9034798,Straight,Up,0,0.5003967,TransSharp
538.8798,22.36742,0,0.272373,0.3293507,0,-0.2691977,9790.931,1.741874,0.9038916,Straight,Up,0,0.4958267,TransSharp
538.9198,22.36827,0,0.2256811,0.3293507,0,-0.2871745,9791.825,1.74228,0.9043024,Straight,Up,0,0.4912643,TransSharp
538.9598,22.36912,0,0.1414526,0.3055466,0,-0.3044794,9792.72,1.742614,0.9047132,Straight,Up,0,0.4866943,TransSharp
538.9998,22.3651,0,0.08010864,0.2737926,0,-0.3212513,9793.614,1.742957,0.9051226,Straight,Up,0,0.4821243,TransSharp
539.0398,22.35536,0,0.02700806,0.1944305,0,-0.3373928,9794.509,1.743364,0.9055318,Straight,Up,0,0.4775543,TransSharp
539.0798,22.33155,0,0.01602173,0.1111009,0,-0.3528923,9795.402,1.743846,0.9059393,Straight,Up,0,0.4729919,TransSharp
539.1198,22.28833,0,0.01602173,0.07936218,0,-0.3674181,9796.294,1.744003,0.9063464,Straight,Up,0,0.4684448,TransSharp
539.1598,22.23775,0,0.01602173,0.07539482,0,-0.3807815,9797.184,1.742922,0.9067532,Straight,Up,0,0.4639053,TransSharp
539.1998,22.18536,0,0.01602173,0.0991989,0,-0.3885793,9798.071,1.74615,0.9071587,Straight,Up,0,0.4593735,TransSharp
539.2398,22.13736,0,0.01602173,0.0991989,0,-0.3958735,9798.957,1.748801,0.9075632,Straight,Up,0,0.4548569,TransSharp
539.2798,22.0901,0,0.01602173,0.0991989,0,-0.4025572,9799.841,1.750304,0.9079676,Straight,Up,0,0.4503555,TransSharp
539.3198,22.04392,0,0.01602173,0.1031662,0,-0.4086902,9800.723,1.750597,0.9083706,Straight,Up,0,0.4458542,TransSharp
539.3598,21.99846,0,0.01602173,0.1111009,0,-0.4142702,9801.604,1.750235,0.9087728,Straight,Up,0,0.4413528,TransSharp
539.3998,21.95491,0,0.01602173,0.1150683,0,-0.4191322,9802.482,1.749727,0.9091748,Straight,Up,0,0.4368668,TransSharp
539.4398,21.91236,0,0.01602173,0.1190356,0,-0.4235077,9803.359,1.749251,0.9095755,Straight,Up,0,0.4323883,TransSharp
539.4798,21.87081,0,0.01602173,0.1309529,0,-0.4273731,9804.234,1.748842,0.9099759,Straight,Up,0,0.4279251,TransSharp
539.5198,21.83202,0,0.01602173,0.1349203,0,-0.4307218,9805.108,1.748704,0.9103749,Straight,Up,0,0.4234619,TransSharp
539.5598,21.79419,0,0.01602173,0.142855,0,-0.4332909,9805.98,1.748795,0.9107731,Straight,Up,0,0.4189987,TransSharp
539.5998,21.75821,0,0.01602173,0.154757,0,-0.4354196,9806.852,1.748791,0.9111711,Straight,Up,0,0.4145584,TransSharp
539.6398,21.725,0,0.01602173,0.1626917,0,-0.4370941,9807.721,1.748841,0.9115677,Straight,Up,0,0.4101257,TransSharp
539.6798,21.69359,0,0.01052856,0.166659,0,-0.438356,9808.589,1.748957,0.9119635,Straight,Up,-0.03956468,0.403656,TransSharp
539.7198,21.66314,0,-0.004119873,0.1785611,0,-0.4393575,9809.456,1.749229,0.9123591,Straight,Up,-0.03426402,0.3861542,TransSharp
539.7598,21.63527,0,-0.02334595,0.1864958,0,-0.4399764,9810.321,1.749578,0.9127533,Straight,Up,-0.03956468,0.3686752,TransSharp
539.7998,21.6094,0,-0.04623413,0.1864958,0,-0.4400988,9811.187,1.74895,0.9131469,Straight,Up,-0.03426402,0.3512421,TransSharp
539.8398,21.58562,0,-0.07736385,0.2103151,0,-0.4332612,9812.05,1.751273,0.91354,Straight,Up,-0.03426402,0.3338242,TransSharp
539.8798,21.56555,0,-0.0956744,0.2420539,0,-0.4261563,9812.913,1.753055,0.9139317,Straight,Up,-0.03426402,0.3164291,TransSharp
539.9198,21.55117,0,-0.0993365,0.2539559,0,-0.4189217,9813.775,1.754269,0.9143227,Straight,Up,-0.03426402,0.2990341,TransSharp
539.9598,21.54263,0,-0.0993365,0.2539559,0,-0.4116485,9814.637,1.754709,0.9147136,Straight,Up,-0.03956468,0.2816467,TransSharp
539.9998,21.53429,0,-0.0993365,0.2579232,0,-0.4041385,9815.498,1.754711,0.9151028,Straight,Up,-0.03956468,0.2642517,TransSharp
540.0398,21.52679,0,-0.0993365,0.2579232,0,-0.396682,9816.359,1.754487,0.915492,Straight,Up,-0.03426402,0.2468643,TransSharp
540.0798,21.51921,0,-0.0993365,0.2579232,0,-0.38921,9817.221,1.754202,0.9158798,Straight,Up,-0.03956468,0.2294846,TransSharp
540.1198,21.51159,0,-0.0993365,0.2579232,0,-0.3814709,9818.082,1.753995,0.9162667,Straight,Up,-0.03956468,0.2121048,TransSharp
540.1598,21.50396,0,-0.0993365,0.2658579,0,-0.3739379,9818.941,1.753924,0.9166534,Straight,Up,-0.03956468,0.1947403,TransSharp
540.1998,21.49727,0,-0.0993365,0.2936446,0,-0.3663282,9819.801,1.753946,0.9170387,Straight,Up,-0.03956468,0.1773758,TransSharp
540.2398,21.49685,0,-0.0993365,0.3214161,0,-0.3588483,9820.66,1.754146,0.9174233,Straight,Up,-0.03426402,0.1600189,TransSharp
540.2798,21.5029,0,-0.0993365,0.3214161,0,-0.3512235,9821.52,1.754358,0.9178076,Straight,Flat,-0.03956468,0.1426544,TransSharp
540.3198,21.50916,0,-0.1048297,0.3214161,0,-0.3436521,9822.38,1.754531,0.9181904,Straight,Flat,0,0.1252823,TransSharp
540.3598,21.51537,0,-0.1176471,0.3214161,0,-0.3362032,9823.241,1.754793,0.9185725,Straight,Flat,0,0.1184006,TransSharp
540.3998,21.52161,0,-0.1249713,0.3214161,0,-0.328998,9824.103,1.755042,0.9189544,Straight,Flat,0,0.1144714,TransSharp
540.4398,21.5278,0,-0.1359576,0.3214161,0,-0.3218619,9824.964,1.755321,0.9193347,Straight,Flat,0,0.1105347,TransSharp
540.4798,21.53396,0,-0.1359576,0.3214161,0,-0.3149699,9825.825,1.755635,0.9197149,Straight,Flat,0,0.1066055,TransSharp
540.5198,21.54011,0,-0.1359576,0.3214161,0,-0.3083375,9826.687,1.755932,0.9200938,Straight,Flat,0,0.1026611,TransSharp
540.5598,21.54623,0,-0.1359576,0.3214161,0,-0.3021022,9827.548,1.756256,0.9204718,Straight,Flat,0,0.09872437,TransSharp
540.5998,21.55234,0,-0.1359576,0.3214161,0,-0.2962098,9828.409,1.756613,0.9208494,Straight,Flat,0,0.0947876,TransSharp
540.6398,21.55841,0,-0.1368731,0.3214161,0,-0.2905083,9829.271,1.757038,0.9212258,Straight,Flat,0,0.0908432,TransSharp
540.6798,21.56448,0,-0.1377887,0.3214161,0,-0.2853636,9830.135,1.757348,0.9216014,Straight,Flat,0,0.08690643,TransSharp
540.7198,21.57051,0,-0.1377887,0.3214161,0,-0.2803108,9830.998,1.757712,0.9219766,Straight,Flat,0,0.08296204,TransSharp
540.7598,21.57653,0,-0.1377887,0.3214161,0,-0.2756353,9831.861,1.757958,0.9223504,Straight,Flat,0,0.07902527,TransSharp
540.7998,21.58252,0,-0.1377887,0.3214161,0,-0.2714173,9832.725,1.758246,0.9227235,Straight,Flat,0,0.07508087,TransSharp
540.8398,21.5885,0,-0.1377887,0.3214161,0,-0.2676015,9833.588,1.758545,0.9230963,Straight,Flat,0,0.07113647,TransSharp
540.8798,21.59444,0,-0.1377887,0.297612,0,-0.263857,9834.451,1.758767,0.9234678,Straight,Flat,0,0.06718445,TransSharp
540.9198,21.59538,0,-0.1377887,0.297612,0,-0.2605999,9835.314,1.759099,0.9238383,Straight,Flat,0,0.06324005,TransSharp
540.9598,21.59608,0,-0.1377887,0.2936446,0,-0.2578778,9836.178,1.75941,0.9242086,Straight,Flat,0,0.05929565,TransSharp
540.9998,21.58952,0,-0.1377887,0.2936446,0,-0.2563443,9837.041,1.758754,0.9245775,Straight,Flat,0,0.05535126,TransSharp
541.0398,21.5973,0,-0.1377887,0.289662,0,-0.2543673,9837.904,1.762906,0.9249462,Straight,Flat,0,0.05140686,TransSharp
541.0798,21.59542,0,-0.1304644,0.289662,0,-0.2526134,9838.768,1.762423,0.9253134,Straight,Flat,0,0.04746246,TransSharp
541.1198,21.5938,0,-0.1121539,0.289662,0,-0.2513632,9839.631,1.762452,0.9256799,Straight,Flat,0,0.04351044,TransSharp
541.1598,21.59538,0,-0.05355835,0.2856947,0,-0.2515778,9840.494,1.761554,0.9260461,Straight,Flat,0,0.03956604,TransSharp
541.1998,21.59084,0,0.004119873,0.2856947,0,-0.2515561,9841.357,1.761053,0.9264108,Straight,Flat,0,0.03561401,TransSharp
541.2398,21.58849,0,0.03341675,0.2856947,0,-0.2519311,9842.221,1.761002,0.9267747,Straight,Flat,0,0.03166962,TransSharp
541.2798,21.58634,0,0.05081177,0.2856947,0,-0.2528858,9843.084,1.761099,0.9271384,Straight,Flat,0,0.02771759,TransSharp
541.3198,21.58426,0,0.05081177,0.2856947,0,-0.2538024,9843.947,1.761437,0.9275007,Straight,Flat,-0.01978234,-0.07870483,TransSlide
541.3598,21.58221,0,0.05081177,0.2856947,0,-0.255695,9844.811,1.761935,0.9278622,Straight,Flat,0,-0.08782959,TransSlide
541.3998,21.58022,0,0.05081177,0.2856947,0,-0.2578933,9845.674,1.762448,0.9282234,Straight,Flat,0,-0.09694672,TransSlide
541.4398,21.57826,0,0.03982544,0.2856947,0,-0.260336,9846.537,1.762927,0.9285831,Straight,Flat,0,-0.1060638,TransSlide
541.4798,21.57632,0,0.02334595,0.2856947,0,-0.2631678,9847.4,1.763281,0.9289421,Straight,Flat,0,-0.115181,TransSlide
541.5198,21.57439,0,0.00869751,0.2856947,0,-0.2665028,9848.264,1.763615,0.9293007,Straight,Flat,0,-0.1242981,TransSlide
541.5598,21.5725,0,0.0050354,0.2856947,0,-0.2701737,9849.127,1.764159,0.9296581,Straight,Flat,0,-0.1334076,TransSlide
541.5998,21.57059,0,0.0050354,0.2856947,0,-0.2741956,9849.99,1.764455,0.930015,Straight,Flat,0,-0.1425323,TransSlide
541.6398,21.56868,0,0.0050354,0.2856947,0,-0.2786065,9850.854,1.764771,0.9303707,Straight,Down,-0.01978234,-0.1516418,TransSlide
541.6798,21.5668,0,0.0050354,0.2856947,0,-0.2834676,9851.717,1.765025,0.9307253,Straight,Down,0,-0.1607513,TransSlide
541.7198,21.56491,0,0.0050354,0.2856947,0,-0.2884964,9852.58,1.765394,0.9310798,Straight,Down,0,-0.1698608,TransSlide
541.7598,21.56292,0,0.0050354,0.2856947,0,-0.2934567,9853.443,1.76548,0.931433,Straight,Down,0,-0.178978,TransSlide
541.7998,21.56133,0,0.0050354,0.2856947,0,-0.2985773,9854.307,1.765353,0.9317851,Straight,Down,0,-0.1880875,TransSlide
541.8398,21.55967,0,0.0050354,0.2856947,0,-0.3036782,9855.17,1.766358,0.9321371,Straight,Down,0,-0.1971893,TransSlide
541.8798,21.55766,0,0.01052856,0.2856947,0,-0.3088551,9856.033,1.76729,0.9324877,Straight,Down,0,-0.2062988,TransSlide
541.9198,21.55639,0,0.02151489,0.2856947,0,-0.3140563,9856.895,1.767847,0.9328375,Straight,Down,0,-0.2154083,TransSlide
541.9598,21.55511,0,0.02334595,0.2856947,0,-0.3193482,9857.756,1.768248,0.9331868,Straight,Down,0,-0.2245102,TransSlide
541.9998,21.55375,0,0.02334595,0.2856947,0,-0.3246099,9858.617,1.768558,0.9335349,Straight,Down,0,-0.2336197,TransSlide
542.0398,21.55226,0,0.00869751,0.2856947,0,-0.3302674,9859.479,1.76879,0.9338825,Straight,Down,-0.01978234,-0.2427292,TransSlide
542.0798,21.55001,0,-0.06637752,0.2856947,0,-0.3360556,9860.34,1.767938,0.9342289,Left,Down,-0.08156469,-0.2518234,TransSlide
542.1198,21.55087,0,-0.09018123,0.2856947,0,-0.337171,9861.201,1.769791,0.9345744,Left,Down,-0.1203313,-0.3058853,TransSlide
542.1598,21.55108,0,-0.09384334,0.2817273,0,-0.3378075,9862.063,1.771644,0.9349195,Left,Down,-0.1203313,-0.3908615,TransSlide
542.1998,21.54843,0,-0.09475887,0.2817273,0,-0.3386371,9862.924,1.77303,0.9352634,Left,Down,-0.1203313,-0.475853,TransSlide
542.2398,21.54774,0,-0.1048297,0.2817273,0,-0.3387006,9863.785,1.772665,0.9356062,Left,Down,-0.1203313,-0.5608749,TransSlide
542.2798,21.54838,0,-0.1139849,0.27776,0,-0.3390688,9864.646,1.772956,0.9359489,Left,Down,-0.1186941,-0.6458435,TransSlide
542.3198,21.54953,0,-0.1194781,0.27776,0,-0.3401647,9865.508,1.77459,0.9362902,Left,Down,-0.09691329,-0.7307281,TransSlide
542.3598,21.55184,0,-0.1414508,0.27776,0,-0.3364455,9866.369,1.777764,0.9366307,Left,Down,-0.08392937,-0.8023834,TransSlide
542.3998,21.55247,0,-0.16617,0.27776,0,-0.331655,9867.23,1.779328,0.9369707,Left,Down,-0.08392937,-0.8647079,TransSlide
542.4398,21.55427,0,-0.1652545,0.27776,0,-0.3281927,9868.092,1.779805,0.9373094,Left,Down,-0.08392937,-0.9271011,TransSlide
542.4798,21.5582,0,-0.1652545,0.27776,0,-0.3252732,9868.954,1.779188,0.9376472,Left,Down,-0.08622923,-0.989563,TransSlide
542.5198,21.56151,0,-0.1799047,0.27776,0,-0.3221548,9869.817,1.777956,0.9379848,Left,Down,-0.08392937,-1.052048,TransSlide
542.5598,21.56396,0,-0.1734942,0.27776,0,-0.3185284,9870.681,1.776317,0.9383209,Left,Down,-0.08392937,-1.11454,TransSlide
542.5998,21.56719,0,-0.1734942,0.27776,0,-0.3146324,9871.544,1.775344,0.9386566,Left,Down,-0.08392937,-1.177002,TransSlide
542.6398,21.57096,0,-0.1734942,0.27776,0,-0.3114749,9872.407,1.775934,0.9389911,Left,Down,-0.08392937,-1.239433,TransSlide
542.6798,21.57445,0,-0.1734942,0.27776,0,-0.3074739,9873.271,1.775817,0.9393248,Straight,Down,-0.02797646,-1.301765,TransSlide
542.7198,21.58221,0,-0.1734942,0.27776,0,-0.3001317,9874.134,1.780056,0.939658,Straight,Down,0,-1.326721,TransSlide
542.7598,21.58894,0,-0.1734942,0.27776,0,-0.2938639,9874.997,1.78328,0.9399898,Straight,Down,0.01978234,-1.342361,TransSlide
542.7998,21.59329,0,-0.1734942,0.27776,0,-0.2880939,9875.86,1.784708,0.9403208,Straight,Down,0.01978234,-1.358025,TransSlide
542.8398,21.6027,0,-0.1734942,0.27776,0,-0.2830999,9876.724,1.784571,0.9406515,Straight,Down,0.01978234,-1.373711,TransSlide
542.8798,21.61125,0,-0.1734942,0.27776,0,-0.2784263,9877.589,1.783334,0.9409807,Straight,Down,0,-1.389412,TransSlide
542.9198,21.61939,0,-0.1734942,0.2737926,0,-0.2742246,9878.454,1.781962,0.9413092,Straight,Down,0.01978234,-1.405121,TransSlide
542.9598,21.62681,0,-0.1734942,0.2698253,0,-0.2703376,9879.319,1.780994,0.9416373,Straight,Down,0.01978234,-1.420837,TransSlide
542.9998,21.63276,0,-0.1734942,0.2698253,0,-0.2664729,9880.185,1.78031,0.941964,Straight,Down,0.01978234,-1.436562,TransSlide
543.0398,21.63862,0,-0.1734942,0.2698253,0,-0.2635505,9881.05,1.779587,0.9422904,Straight,Down,0.01978234,-1.452286,TransSlide
543.0798,21.64444,0,-0.1734942,0.2698253,0,-0.2621256,9881.915,1.779431,0.9426153,Straight,Down,0.01978234,-1.46801,TransSlide
543.1198,21.65023,0,-0.1734942,0.2698253,0,-0.2618617,9882.78,1.779262,0.9429395,Straight,Down,0,-1.483742,TransSlide
543.1598,21.65597,0,-0.1734942,0.2698253,0,-0.2622093,9883.646,1.779309,0.9432632,Straight,Down,0.01978234,-1.499474,TransSlide
543.1998,21.66165,0,-0.1734942,0.2698253,0,-0.2638865,9884.514,1.779963,0.9435856,Straight,Down,0.01978234,-1.515213,TransSlide
543.2398,21.66736,0,-0.1734942,0.2698253,0,-0.2665748,9885.381,1.780545,0.9439072,Straight,Down,0.01978234,-1.53096,TransSlide
543.2798,21.67306,0,-0.1533526,0.2698253,0,-0.2700055,9886.248,1.780172,0.9442284,Straight,Down,0.01978234,-1.5467,TransSlide
543.3198,21.67876,0,0.1277196,0.2698253,0,-0.2737334,9887.115,1.779355,0.9445481,Straight,Down,0.01978234,-1.562447,TransSlide
543.3598,21.68446,0,0.2851903,0.2698253,0,-0.2772369,9887.982,1.779195,0.944867,Straight,Down,0,-1.578201,TransSlide
543.3998,21.69018,0,0.4509044,0.2698253,0,-0.2810887,9888.85,1.778763,0.9451856,Straight,Down,0.01978234,-1.593956,TransSlide
543.4398,21.69598,0,0.4463267,0.2698253,0,-0.2847453,9889.717,1.779828,0.9455029,Straight,Down,0.01978234,-1.609718,TransSlide
543.4798,21.70176,0,0.4454112,0.2698253,0,-0.2880667,9890.584,1.781366,0.9458191,Straight,Down,0.01978234,-1.625488,TransSlide
543.5198,21.70757,0,0.4454112,0.2698253,0,-0.2910794,9891.453,1.781655,0.9461351,Straight,Down,0.01978234,-1.641251,TransSlide
543.5598,21.7133,0,0.4637218,0.2698253,0,-0.2942401,9892.322,1.781518,0.9464498,Straight,Down,0.01978234,-1.657021,TransSlide
543.5998,21.71921,0,0.4682994,0.2698253,0,-0.2967394,9893.191,1.781145,0.9467639,Straight,Down,0.01978234,-1.672798,TransSlide
543.6398,21.72522,0,0.4682994,0.2698253,0,-0.2988447,9894.061,1.781205,0.9470767,Straight,Down,0,-1.688576,TransSlide
543.6798,21.73113,0,0.4682994,0.2698253,0,-0.3009903,9894.93,1.782422,0.9473888,Straight,Down,0.01978234,-1.704361,TransSlide
543.7198,21.73685,0,0.4682994,0.2698253,0,-0.302791,9895.799,1.783412,0.9477004,Straight,Down,0.01978234,-1.720146,TransSlide
543.7598,21.74287,0,0.4692149,0.2698253,0,-0.3047301,9896.668,1.783852,0.9480106,Straight,Down,0.01978234,-1.735939,TransSlide
543.7998,21.74898,0,0.523231,0.2698253,0,-0.3065142,9897.537,1.784221,0.94832,Straight,Down,0.01978234,-1.751732,TransSlide
543.8398,21.75495,0,0.5946457,0.2698253,0,-0.3076455,9898.407,1.784609,0.948629,Straight,Down,0.01978234,-1.767532,TransSlide
543.8798,21.76072,0,0.6294358,0.2698253,0,-0.3080299,9899.278,1.78482,0.9489366,Straight,Down,0.01978234,-1.78334,TransSlide
543.9198,21.76697,0,0.6733811,0.2698253,0,-0.3071101,9900.149,1.785067,0.9492432,Straight,Down,0.01978234,-1.799149,TransSlide
543.9598,21.77213,0,0.702678,0.2698253,0,-0.3073387,9901.021,1.785484,0.9495496,Right,Down,0.05595291,-1.81498,TransSlide
543.9998,21.77654,0,0.7731736,0.2698253,0,-0.3118732,9901.892,1.784239,0.9498547,Right,Down,0.06852804,-1.79351,TransSlide
544.0398,21.7811,0,0.8271933,0.2698253,0,-0.3154929,9902.763,1.78327,0.9501593,Right,Down,0.0656106,-1.765961,TransSlide
544.0798,21.7861,0,0.8848715,0.2658579,0,-0.3175727,9903.634,1.782816,0.9504625,Right,Down,0.0656106,-1.738419,TransSlide
544.1198,21.78934,0,0.9077597,0.2618906,0,-0.3178927,9904.505,1.782905,0.9507648,Right,Down,0.06852804,-1.710876,TransSlide
544.1598,21.7912,0,0.9086752,0.2618906,0,-0.3162655,9905.376,1.783251,0.9510668,Right,Down,0.0656106,-1.683342,TransSlide
544.1998,21.79237,0,0.9086752,0.2618906,0,-0.3123164,9906.247,1.783632,0.9513674,Right,Down,0.06852804,-1.655807,TransSlide
544.2398,21.79446,0,0.9086752,0.2618906,0,-0.3059238,9907.118,1.784184,0.9516671,Right,Down,0.0656106,-1.628281,TransSlide
544.2798,21.79751,0,0.9086752,0.2618906,0,-0.2982759,9907.989,1.786825,0.9519664,Right,Down,0.0656106,-1.600761,TransSlide
544.3198,21.80045,0,0.9086752,0.2618906,0,-0.2883128,9908.86,1.791114,0.9522644,Right,Down,0.08846933,-1.573196,TransSlide
544.3598,21.79881,0,0.9141684,0.2618906,0,-0.2818125,9909.731,1.787872,0.9525614,Right,Down,0.09891172,-1.534256,TransSlide
544.3998,21.79801,0,0.9141684,0.2618906,0,-0.2739922,9910.603,1.784675,0.9528582,Right,Down,0.09891172,-1.487595,TransSlide
544.4398,21.80051,0,0.9141684,0.2618906,0,-0.2635707,9911.474,1.782328,0.9531535,Right,Down,0.09891172,-1.440933,TransSlide
544.4798,21.79782,0,0.9141684,0.2618906,0,-0.2500688,9912.345,1.782029,0.953448,Right,Down,0.1008706,-1.394356,TransSlide
544.5198,21.79528,0,0.9141684,0.2618906,0,-0.2327301,9913.216,1.781385,0.953742,Right,Down,0.09891172,-1.347824,TransSlide
544.5598,21.79846,0,0.9141684,0.2618906,0,-0.2130227,9914.087,1.786031,0.9540346,Right,Down,0.1046783,-1.301331,TransSlide
544.5998,21.794,0,0.920577,0.2618906,0,-0.1925276,9914.958,1.789973,0.9543268,Right,Down,0.1266688,-1.254242,TransSlide
544.6398,21.78921,0,0.9333944,0.2618906,0,-0.1725498,9915.829,1.787511,0.9546177,Right,Down,0.1266688,-1.191345,TransSlide
544.6798,21.7854,0,0.9379721,0.2618906,0,-0.1502524,9916.7,1.784821,0.9549077,Right,Down,0.1266688,-1.128387,TransSlide
544.7198,21.78298,0,0.9379721,0.2618906,0,-0.1236243,9917.571,1.782665,0.9551972,Right,Down,0.1282043,-1.065529,TransSlide
544.7598,21.78133,0,0.9379721,0.2618906,0,-0.09401265,9918.442,1.783756,0.9554856,Right,Down,0.1282043,-1.002831,TransSlide
544.7998,21.77746,0,0.9324789,0.2618906,0,-0.06175327,9919.313,1.790541,0.9557729,Right,Down,0.1493534,-0.9400787,TransSlide
544.8398,21.7701,0,0.9251547,0.2618906,0,-0.03221676,9920.185,1.788332,0.9560599,Right,Down,0.1545051,-0.8642426,TransSlide
544.8798,21.7625,0,0.9150839,0.2817273,0,0.001360267,9921.056,1.785786,0.9563454,Right,Down,0.1532334,-0.7862015,TransSlide
544.9198,21.76079,0,0.9150839,0.2936446,0,0.03942606,9921.927,1.781978,0.9566301,Right,Down,0.1532334,-0.708313,TransSlide
544.9598,21.76718,0,0.9150839,0.2936446,0,0.08065948,9922.798,1.78826,0.9569144,Right,Down,0.1678588,-0.6305084,TransSlide
544.9998,21.76224,0,0.9150839,0.2936446,0,0.1203153,9923.669,1.789251,0.9571972,Right,Down,0.1791368,-0.5451508,TransSlide
545.0398,21.75754,0,0.9150839,0.297612,0,0.1628206,9924.54,1.786826,0.9574797,Right,Down,0.1791368,-0.4525986,TransSlide
545.0798,21.76025,0,0.9150839,0.3015793,0,0.2093696,9925.411,1.782011,0.9577608,Right,Down,0.1791368,-0.3601303,TransSlide
545.1198,21.7626,0,0.9150839,0.3055466,0,0.2596743,9926.282,1.791124,0.9580411,Right,Down,0.2007689,-0.2677002,TransSlide
545.1598,21.75923,0,0.9150839,0.3055466,0,0.3064453,9927.153,1.788777,0.9583209,Right,Down,0.2046302,-0.1634521,TransSlide
545.1998,21.74913,0,0.9150839,0.3055466,0,0.3586244,9928.023,1.78472,0.9585993,Right,Flat,0.2046302,-0.05666351,TransSlide
545.2398,21.76518,0,0.9150839,0.3055466,0,0.4150884,9928.895,1.787831,0.9588769,Right,Flat,0.220287,0.05015564,TransSlide
545.2798,21.75541,0,0.9150839,0.3134814,0,0.4698482,9929.766,1.789199,0.959154,Right,Up,0.2306999,0.1648254,TransSlide
545.3198,21.74562,0,0.9086752,0.3134814,0,0.5273371,9930.635,1.785204,0.9594297,Right,Up,0.2306999,0.2859421,TransSlide
545.3598,21.75879,0,0.8976889,0.3134814,0,0.5893933,9931.505,1.788137,0.9597045,Right,Up,0.2470816,0.4072189,TransSlide
545.3998,21.74946,0,0.8729696,0.3134814,0,0.6495903,9932.374,1.788959,0.959979,Right,Up,0.2564087,0.5372009,TransSlide
545.4398,21.73999,0,0.8445883,0.3134814,0,0.7131799,9933.243,1.78351,0.960252,Right,Up,0.2601963,0.6726532,TransSlide
545.4798,21.7457,0,0.8125412,0.3134814,0,0.7803084,9934.112,1.791595,0.9605243,Right,Up,0.2825486,0.8084412,TransSlide
545.5198,21.73067,0,0.803386,0.3134814,0,0.844286,9934.981,1.786181,0.9607959,Right,Up,0.2832403,0.9583054,TransSlide
545.5598,21.72398,0,0.803386,0.3134814,0,0.9121071,9935.851,1.785833,0.9610664,Right,Up,0.4201138,1.108063,TransSlide
545.5998,21.72487,0,0.803386,0.3134814,0,0.98004,9936.72,1.788218,0.9613363,Right,Up,0.9335608,1.235718,TransSlide
545.6398,21.72457,0,0.803386,0.3134814,0,1.041565,9937.589,1.793892,0.9616048,Right,Up,0.8807117,1.16423,TransSlide
545.6798,21.72487,0,0.7978928,0.3134814,0,1.094946,9938.458,1.794122,0.9618725,Right,Up,0.8242449,1.095947,TransSlide
545.7198,21.72626,0,0.7795823,0.3134814,0,1.139032,9939.327,1.793487,0.9621397,Right,Up,0.7732905,1.031044,TransSlide
545.7598,21.71611,0,0.7493699,0.3134814,0,1.176101,9940.196,1.794932,0.9624056,Right,Up,0.7281993,0.9694977,TransSlide
545.7998,21.70732,0,0.720073,0.3134814,0,1.206257,9941.065,1.795891,0.9626706,Right,Up,0.6855699,0.910881,TransSlide
545.8398,21.71,0,0.7118332,0.3134814,0,1.231271,9941.935,1.796225,0.9629351,Right,Up,0.64589,0.8550568,TransSlide
545.8798,21.71125,0,0.6953537,0.3134814,0,1.251028,9942.803,1.796436,0.9631983,Right,Up,0.6071628,0.8018265,TransSlide
545.9198,21.70525,0,0.6843674,0.3134814,0,1.266227,9943.671,1.796356,0.9634606,Right,Up,0.5723243,0.7511063,TransSlide
545.9598,21.69462,0,0.6669724,0.3134814,0,1.276016,9944.538,1.797749,0.9637223,Right,Up,0.5366834,0.7028809,TransSlide
545.9998,21.69135,0,0.63676,0.3134814,0,1.281705,9945.406,1.801263,0.9639828,Right,Up,0.5059038,0.6571426,TransSlide
546.0398,21.69625,0,0.619365,0.3134814,0,1.284185,9946.273,1.800103,0.9642428,Right,Up,0.4780633,0.6133575,TransSlide
546.0798,21.6931,0,0.588237,0.3174487,0,1.284336,9947.141,1.798157,0.9645014,Right,Up,0.4498048,0.5712967,TransSlide
546.1198,21.69554,0,0.5598521,0.3174487,0,1.280607,9948.008,1.801051,0.9647592,Right,Up,0.4191812,0.5314026,TransSlide
546.1598,21.70215,0,0.5223155,0.3174487,0,1.273911,9948.875,1.800854,0.9650165,Right,Up,0.4039677,0.4934616,TransSlide
546.1998,21.69016,0,0.4628062,0.3214161,0,1.267458,9949.742,1.798602,0.9652725,Right,Up,0.3674413,0.4564819,TransSlide
546.2398,21.70069,0,0.4151988,0.3214161,0,1.254979,9950.609,1.802541,0.9655275,Right,Up,0.354982,0.4221344,TransSlide
546.2798,21.69625,0,0.3327978,0.3293507,0,1.24448,9951.477,1.798316,0.965782,Right,Up,0.3202056,0.3882141,TransSlide
546.3198,21.70462,0,0.2732885,0.3452201,0,1.227981,9952.346,1.802579,0.9660353,Right,Up,0.3202056,0.3570404,TransSlide
546.3598,21.70974,0,0.2027929,0.3650568,0,1.21426,9953.214,1.799752,0.9662876,Right,Up,0.2811602,0.3258438,TransSlide
546.3998,21.72096,0,0.140537,0.3650568,0,1.195013,9954.083,1.801441,0.9665393,Right,Up,0.2748253,0.2972336,TransSlide
546.4398,21.73452,0,0.09292603,0.3650568,0,1.176718,9954.952,1.802896,0.9667899,Right,Up,0.2556444,0.2690659,TransSlide
546.4798,21.74261,0,0.02334595,0.3650568,0,1.157741,9955.821,1.80022,0.9670394,Right,Up,0.2264194,0.2418976,TransSlide
546.5198,21.76059,0,-0.0590533,0.3650568,0,1.13457,9956.691,1.801797,0.9672886,Right,Up,0.2255535,0.2169724,TransSlide
546.5598,21.77589,0,-0.1185626,0.3650568,0,1.112591,9957.563,1.803588,0.9675363,Right,Up,0.2139789,0.1920395,TransSlide
546.5998,21.78328,0,-0.1716632,0.3650568,0,1.091849,9958.434,1.800251,0.9677836,Right,Up,0.1713202,0.1673737,TransSlide
546.6398,21.79973,0,-0.1789892,0.3650568,0,1.064873,9959.305,1.80116,0.9680295,Right,Flat,0.1713202,0.1460648,TransSlide
546.6798,21.81817,0,-0.1789892,0.3650568,0,1.037631,9960.178,1.803207,0.9682745,Right,Flat,0.1713202,0.1247635,TransSlide
546.7198,21.82799,0,-0.1478595,0.3650568,0,1.012901,9961.051,1.804164,0.968519,Right,Flat,0.1713202,0.1034393,TransSlide
546.7598,21.83992,0,-0.1121539,0.3650568,0,0.9899004,9961.924,1.800624,0.9687623,Right,Flat,0.1101434,0.08209991,TransSlide
546.7998,21.85704,0,-0.09384334,0.3650568,0,0.9579994,9962.798,1.801164,0.9690045,Right,Flat,0.09691329,0.06449127,TransSlide
546.8398,21.87382,0,-0.0892657,0.3650568,0,0.9259791,9963.673,1.802345,0.9692463,Right,Flat,0.09691329,0.04805756,TransSlide
546.8798,21.88566,0,-0.0892657,0.3650568,0,0.8957103,9964.548,1.803454,0.9694868,Right,Flat,0.09691329,0.03162384,TransSlide
546.9198,21.9017,0,-0.0892657,0.3650568,0,0.8664501,9965.424,1.80386,0.9697264,Right,Flat,0.09691329,0.01516724,TransSlide
546.9598,21.91765,0,-0.0892657,0.3491875,0,0.837086,9966.301,1.804262,0.9699654,Right,Flat,0.09487279,-0.001304626,TransSlide
546.9998,21.93083,0,-0.0892657,0.3452201,0,0.8086579,9967.178,1.803657,0.970203,Right,Flat,0.09691329,-0.01779175,TransSlide
547.0398,21.94055,0,-0.0892657,0.3452201,0,0.7809511,9968.055,1.802299,0.9704403,Right,Flat,0.09691329,-0.0342865,TransSlide
547.0798,21.94944,0,-0.0892657,0.3452201,0,0.7533131,9968.933,1.800372,0.9706762,Straight,Flat,0.03426402,-0.05077362,TransSlide
547.1198,21.9618,0,-0.0892657,0.3452201,0,0.721421,9969.812,1.801703,0.9709111,Straight,Flat,-0.01978234,-0.06415558,TransSlide
547.1598,21.97287,0,-0.0892657,0.3452201,0,0.6895347,9970.69,1.803444,0.9711455,Straight,Flat,0,-0.07356262,TransSlide
547.1998,21.98145,0,-0.08743465,0.3452201,0,0.6579355,9971.569,1.804874,0.9713787,Straight,Flat,-0.01978234,-0.08297729,TransSlide
547.2398,21.99331,0,-0.08743465,0.3452201,0,0.6266009,9972.448,1.805438,0.971611,Straight,Flat,0,-0.0923996,TransSlide
547.2798,22.00502,0,-0.08743465,0.3452201,0,0.5954585,9973.329,1.805549,0.9718426,Straight,Flat,0,-0.1018295,TransSlide
547.3198,22.01657,0,-0.08743465,0.3452201,0,0.5643975,9974.21,1.805315,0.972073,Straight,Flat,-0.01978234,-0.1112671,TransSlide
547.3598,22.02796,0,-0.08285701,0.3372854,0,0.5332628,9975.091,1.805036,0.9723024,Straight,Flat,-0.01978234,-0.1207123,TransSlide
547.3998,22.03787,0,-0.08285701,0.3333181,0,0.502063,9975.972,1.80472,0.9725314,Straight,Flat,-0.01978234,-0.1301575,TransSlide
547.4398,22.04688,0,-0.08285701,0.3293507,0,0.4707734,9976.854,1.804538,0.9727589,Straight,Flat,-0.01978234,-0.1396027,TransSlide
547.4798,22.05493,0,-0.08285701,0.3253834,0,0.4391192,9977.736,1.804546,0.9729856,Straight,Flat,-0.01978234,-0.1490631,TransSlide
547.5198,22.06222,0,-0.08285701,0.3253834,0,0.407341,9978.619,1.804695,0.9732118,Straight,Down,0,-0.1585159,TransSlide
547.5598,22.06861,0,-0.08285701,0.3253834,0,0.3751328,9979.502,1.804988,0.9734366,Straight,Down,-0.01978234,-0.167984,TransSlide
547.5998,22.07535,0,-0.08285701,0.3253834,0,0.3427436,9980.385,1.804436,0.9736609,Straight,Down,-0.01978234,-0.1774521,TransSlide
547.6398,22.08172,0,-0.08285701,0.3253834,0,0.3102328,9981.268,1.804118,0.973884,Straight,Down,-0.01978234,-0.1869202,TransSlide
547.6798,22.08775,0,-0.08285701,0.3253834,0,0.2773008,9982.15,1.804088,0.9741061,Straight,Down,0,-0.1963882,TransSlide
547.7198,22.09402,0,-0.08285701,0.3452201,0,0.2441163,9983.033,1.804249,0.9743276,Straight,Down,0,-0.205864,TransSlide
547.7598,22.10173,0,-0.08285701,0.3452201,0,0.2116489,9983.918,1.80364,0.9745478,Straight,Down,-0.04423466,-0.2153397,TransSlide
547.7998,22.11393,0,-0.0993365,0.3452201,0,0.1865864,9984.803,1.805585,0.9747671,Left,Down,-0.09891172,-0.2237625,TransSlide
547.8398,22.12553,0,-0.1130694,0.3491875,0,0.1613391,9985.688,1.80719,0.9749858,Left,Down,-0.09891172,-0.2283401,TransSlide
547.8798,22.13595,0,-0.1423663,0.3491875,0,0.1358803,9986.572,1.80833,0.9752033,Left,Down,-0.09891172,-0.232933,TransSlide
547.9198,22.14994,0,-0.190891,0.3491875,0,0.1094037,9987.458,1.809085,0.9754199,Left,Down,-0.09891172,-0.2375336,TransSlide
547.9598,22.16256,0,-0.2375829,0.3491875,0,0.08246839,9988.345,1.808591,0.9756358,Left,Down,-0.09891172,-0.2421265,TransSlide
547.9998,22.1722,0,-0.3025872,0.3491875,0,0.05533084,9989.231,1.806301,0.9758505,Left,Down,-0.09691329,-0.246727,TransSlide
548.0398,22.18662,0,-0.3447014,0.3531548,0,0.03324771,9990.118,1.805856,0.9760642,Left,Down,-0.1203313,-0.2513351,TransSlide
548.0798,22.20131,0,-0.3923088,0.3531548,0,0.01306066,9991.007,1.806992,0.9762774,Left,Down,-0.132704,-0.2548294,TransSlide
548.1198,22.2136,0,-0.4298472,0.3531548,0,-0.007424712,9991.896,1.808451,0.9764894,Left,Down,-0.132704,-0.2574921,TransSlide
548.1598,22.22675,0,-0.4637218,0.3531548,0,-0.02888951,9992.784,1.809676,0.9767007,Left,Down,-0.132704,-0.2601624,TransSlide
548.1998,22.23673,0,-0.5131602,0.3531548,0,-0.05064061,9993.673,1.806711,0.9769106,Left,Down,-0.132704,-0.2628326,TransSlide
548.2398,22.25134,0,-0.5607694,0.3531548,0,-0.06593248,9994.563,1.806569,0.9771198,Left,Down,-0.1493534,-0.2654953,TransSlide
548.2798,22.26652,0,-0.6248564,0.3531548,0,-0.08154902,9995.454,1.807798,0.9773283,Left,Down,-0.1582588,-0.2673569,TransSlide
548.3198,22.27859,0,-0.6843674,0.3531548,0,-0.098286,9996.345,1.810127,0.9775356,Left,Down,-0.1582588,-0.2686081,TransSlide
548.3598,22.28797,0,-0.7246506,0.3531548,0,-0.1156161,9997.235,1.807634,0.9777419,Left,Down,-0.1582588,-0.2698517,TransSlide
548.3998,22.30224,0,-0.777753,0.3531548,0,-0.1273096,9998.128,1.807211,0.9779476,Left,Down,-0.1690205,-0.2711029,TransSlide
548.4398,22.31754,0,-0.8033878,0.3531548,0,-0.1392908,9999.021,1.808533,0.9781521,Left,Down,-0.1802258,-0.2719269,TransSlide
548.4798,22.32846,0,-0.8326846,0.3531548,0,-0.1527815,9999.913,1.810682,0.9783556,Left,Down,-0.1813082,-0.2720184,TransSlide
548.5198,22.33781,0,-0.8693057,0.3531548,0,-0.1659216,10000.81,1.807389,0.9785585,Left,Down,-0.1802258,-0.2720947,TransSlide
548.5598,22.35161,0,-0.9050131,0.3531548,0,-0.1728291,10001.7,1.808026,0.9787602,Left,Down,-0.1928145,-0.272171,TransSlide
548.5998,22.36846,0,-0.9489584,0.3531548,0,-0.1838209,10002.59,1.810397,0.9789613,Left,Down,-0.199792,-0.2716141,TransSlide
548.6398,22.37258,0,-0.9626913,0.3531548,0,-0.1955662,10003.49,1.808138,0.9791611,Left,Down,-0.199792,-0.2706757,TransSlide
548.6798,22.38601,0,-0.9700155,0.3531548,0,-0.2016419,10004.38,1.808389,0.97936,Left,Down,-0.2046302,-0.2697449,TransSlide
548.7198,22.40229,0,-0.9700155,0.3531548,0,-0.2104897,10005.28,1.810607,0.9795582,Left,Down,-0.2167048,-0.2686005,TransSlide
548.7598,22.4055,0,-0.9700155,0.3571222,0,-0.2207899,10006.18,1.808007,0.9797552,Left,Down,-0.2167048,-0.2667694,TransSlide
548.7998,22.41942,0,-0.984664,0.3571222,0,-0.2248525,10007.07,1.808809,0.9799513,Left,Down,-0.2211734,-0.2649384,TransSlide
548.8398,22.43555,0,-0.9929037,0.3571222,0,-0.2330834,10007.97,1.811369,0.9801467,Left,Down,-0.23239,-0.2629089,TransSlide
548.8798,22.44043,0,-1.010301,0.3571222,0,-0.2411393,10008.87,1.808278,0.9803408,Left,Down,-0.23239,-0.2602844,TransSlide
548.9198,22.45532,0,-1.045091,0.3571222,0,-0.2453913,10009.77,1.8097,0.9805341,Left,Down,-0.2390311,-0.257637,TransSlide
548.9598,22.46622,0,-1.075303,0.3571222,0,-0.2539252,10010.67,1.810101,0.9807268,Left,Down,-0.2470816,-0.2546921,TransSlide
548.9998,22.47417,0,-1.117419,0.3571222,0,-0.2591428,10011.56,1.808854,0.9809182,Left,Down,-0.2470816,-0.2513046,TransSlide
549.0398,22.48896,0,-1.1458,0.3571222,0,-0.265633,10012.46,1.811223,0.9811087,Left,Down,-0.2571706,-0.2479019,TransSlide
549.0798,22.49516,0,-1.167773,0.3571222,0,-0.2741836,10013.36,1.808535,0.9812984,Left,Down,-0.2601963,-0.243988,TransSlide
549.1198,22.50824,0,-1.179675,0.3571222,0,-0.2793252,10014.26,1.810798,0.981487,Left,Down,-0.2646699,-0.2398911,TransSlide
549.1598,22.51585,0,-1.179675,0.3571222,0,-0.2889203,10015.16,1.808773,0.9816749,Left,Down,-0.2733977,-0.2356339,TransSlide
549.1998,22.52402,0,-1.173266,0.3571222,0,-0.2939727,10016.06,1.81029,0.9818617,Left,Down,-0.2741124,-0.2308731,TransSlide
549.2398,22.53315,0,-1.157702,0.3571222,0,-0.303173,10016.96,1.810704,0.9820473,Left,Down,-0.2846186,-0.2261047,TransSlide
549.2798,22.54172,0,-1.128405,0.3571222,0,-0.3101898,10017.87,1.8101,0.9822325,Left,Down,-0.2866737,-0.2207794,TransSlide
549.3198,22.55013,0,-1.121081,0.3571222,0,-0.3187741,10018.77,1.811715,0.9824164,Left,Down,-0.2934199,-0.2153625,TransSlide
549.3598,22.55987,0,-1.121081,0.3571222,0,-0.3270893,10019.67,1.810001,0.9825994,Left,Down,-0.2980514,-0.2096252,TransSlide
549.3998,22.56641,0,-1.121081,0.3571222,0,-0.3355916,10020.57,1.812197,0.9827816,Left,Down,-0.3032579,-0.2036133,TransSlide
549.4398,22.5779,0,-1.121081,0.3571222,0,-0.3444994,10021.48,1.810178,0.9829627,Left,Down,-0.309643,-0.1973648,TransSlide
549.4798,22.5826,0,-1.121081,0.3571222,0,-0.3534377,10022.38,1.812025,0.9831428,Left,Down,-0.3140353,-0.190773,TransSlide
549.5198,22.59586,0,-1.121081,0.3571222,0,-0.3630242,10023.28,1.810612,0.9833223,Left,Down,-0.3202056,-0.1840057,TransSlide
549.5598,22.59924,0,-1.121081,0.3571222,0,-0.3726974,10024.19,1.811277,0.9835004,Left,Down,-0.324455,-0.176857,TransSlide
549.5998,22.61258,0,-1.121081,0.3571222,0,-0.3821181,10025.09,1.811365,0.983678,Left,Down,-0.3310224,-0.1695328,TransSlide
549.6398,22.61475,0,-1.121081,0.3571222,0,-0.3923568,10026,1.810384,0.9838544,Left,Down,-0.3357179,-0.1618576,TransSlide
549.6798,22.62879,0,-1.121081,0.3571222,0,-0.4016219,10026.9,1.812372,0.9840298,Left,Down,-0.3414966,-0.1539612,TransSlide
549.7198,22.63039,0,-1.121081,0.3571222,0,-0.4128466,10027.81,1.809549,0.9842046,Left,Flat,-0.3471792,-0.1457596,TransSlide
549.7598,22.63993,0,-1.121081,0.3571222,0,-0.4219514,10028.71,1.813392,0.9843781,Left,Flat,-0.3516591,-0.1373138,TransSlide
549.7998,22.64758,0,-1.122912,0.3571222,0,-0.4325125,10029.62,1.810985,0.9845507,Left,Flat,-0.358274,-0.1286011,TransSlide
549.8398,22.65211,0,-1.128405,0.3571222,0,-0.4422031,10030.52,1.81332,0.9847226,Left,Flat,-0.3615361,-0.1195755,TransSlide
549.8798,22.67024,0,-1.133898,0.3571222,0,-0.4518573,10031.43,1.812586,0.9848932,Left,Flat,-0.3700944,-0.1103821,TransSlide
549.9198,22.66687,0,-1.133898,0.3571222,0,-0.4620026,10032.34,1.810213,0.985063,Left,Flat,-0.3727285,-0.1007614,TransSlide
549.9598,22.67813,0,-1.133898,0.3571222,0,-0.4707606,10033.24,1.813977,0.985232,Left,Flat,-0.3805216,-0.09101868,TransSlide
549.9998,22.68438,0,-1.117419,0.3571222,0,-0.4806639,10034.15,1.811886,0.9853998,Left,Flat,-0.3851218,-0.0809021,TransSlide
550.0398,22.68791,0,-1.091782,0.3571222,0,-0.4896567,10035.06,1.812148,0.9855668,Left,Flat,-0.3886621,-0.07055664,TransSlide
550.0798,22.70659,0,-1.027696,0.3571222,0,-0.497596,10035.97,1.814529,0.985733,Left,Flat,-0.3966355,-0.05998993,TransSlide
550.1198,22.70365,0,-0.9398031,0.3571222,0,-0.5054767,10036.88,1.812228,0.9858981,Left,Flat,-0.4010509,-0.04905701,TransSlide
550.1598,22.7098,0,-0.8921957,0.3571222,0,-0.5132071,10037.78,1.812459,0.9860624,Left,Flat,-0.4063823,-0.03793335,TransSlide
550.1998,22.71614,0,-0.8564883,0.3571222,0,-0.5176396,10038.69,1.807818,0.9862255,Left,Flat,-0.4121198,-0.02649689,TransSlide
550.2398,22.72032,0,-0.845502,0.3571222,0,-0.5233136,10039.6,1.808754,0.9863877,Left,Flat,-0.4121198,-0.01480103,TransSlide
550.2798,22.72921,0,-0.845502,0.3571222,0,-0.5272807,10040.51,1.806041,0.9865491,Left,Flat,-0.4073442,0.004188538,TransSlide
550.3198,22.72221,0,-0.845502,0.3571222,0,-0.5296763,10041.42,1.807003,0.9867094,Left,Flat,-0.3956476,0.0569458,TransSlide
550.3598,22.73264,0,-0.8445865,0.3571222,0,-0.5352119,10042.33,1.809447,0.9868687,Left,Flat,-0.3881583,0.1162186,TransSlide
550.3998,22.73212,0,-0.8372623,0.3571222,0,-0.535655,10043.24,1.807294,0.9870274,Left,Up,-0.3716771,0.180397,TransSlide
550.4398,22.73846,0,-0.8134586,0.3571222,0,-0.540029,10044.15,1.810675,0.9871849,Left,Up,-0.365305,0.2415237,TransSlide
550.4798,22.74039,0,-0.7557786,0.3571222,0,-0.5409517,10045.06,1.808607,0.9873413,Left,Up,-0.3522151,0.3017807,TransSlide
550.5198,22.74193,0,-0.6550705,0.3571222,0,-0.5447038,10045.97,1.811923,0.9874971,Left,Up,-0.3449174,0.3592987,TransSlide
550.5598,22.74404,0,-0.5772489,0.3571222,0,-0.545567,10046.88,1.809872,0.9876517,Left,Up,-0.3345502,0.4156494,TransSlide
550.5998,22.74696,0,-0.4930186,0.3610895,0,-0.5486238,10047.79,1.812709,0.9878055,Left,Up,-0.3274564,0.4698486,TransSlide
550.6398,22.74951,0,-0.453651,0.3610895,0,-0.5481806,10048.7,1.810671,0.9879582,Left,Up,-0.3165179,0.5228271,TransSlide
550.6798,22.75506,0,-0.4417491,0.3610895,0,-0.5513567,10049.61,1.813827,0.9881099,Left,Up,-0.3109043,0.5737228,TransSlide
550.7198,22.75928,0,-0.4417491,0.3650568,0,-0.5493117,10050.52,1.812075,0.9882609,Left,Up,-0.2993615,0.6236343,TransSlide
550.7598,22.76469,0,-0.4417491,0.3650568,0,-0.5508713,10051.43,1.812891,0.9884108,Left,Up,-0.2967354,0.6712494,TransSlide
550.7998,22.76962,0,-0.4582286,0.3690242,0,-0.5498793,10052.34,1.813522,0.9885597,Left,Up,-0.2818553,0.7186356,TransSlide
550.8398,22.77155,0,-0.4701304,0.3690242,0,-0.5493047,10053.25,1.811826,0.9887078,Left,Up,-0.2825486,0.7630157,TransSlide
550.8798,22.78011,0,-0.4765391,0.3690242,0,-0.5495633,10054.16,1.814781,0.9888548,Left,Up,-0.2690692,0.8074341,TransSlide
550.9198,22.77977,0,-0.4820323,0.3690242,0,-0.5468281,10055.07,1.813709,0.9890008,Left,Up,-0.2654082,0.8494263,TransSlide
550.9598,22.78365,0,-0.4820323,0.3690242,0,-0.5470398,10055.98,1.814302,0.9891461,Left,Up,-0.2601963,0.8906631,TransSlide
550.9998,22.78897,0,-0.4820323,0.3729915,0,-0.5447268,10056.9,1.81532,0.9892902,Left,Up,-0.2486604,0.9310226,TransSlide
551.0398,22.78918,0,-0.4820323,0.3729915,0,-0.5419176,10057.81,1.813922,0.9894333,Left,Up,-0.2486604,0.9691086,TransSlide
551.0798,22.80097,0,-0.4820323,0.3729915,0,-0.5423172,10058.72,1.816439,0.9895758,Left,Up,-0.2382111,1.007217,TransSlide
551.1198,22.8023,0,-0.4774547,0.3729915,0,-0.5374833,10059.63,1.816076,0.9897171,Left,Up,-0.23239,1.043373,TransSlide
551.1598,22.80092,0,-0.4774547,0.3769741,0,-0.533607,10060.54,1.814596,0.9898576,Left,Up,-0.23239,1.078362,TransSlide
551.1998,22.81342,0,-0.4692149,0.4087129,0,-0.5334284,10061.46,1.817334,0.989997,Left,Up,-0.2185032,1.113358,TransSlide
551.2398,22.82107,0,-0.4545665,0.4285496,0,-0.5276756,10062.37,1.816999,0.9901354,Left,Up,-0.2158,1.145889,TransSlide
551.2798,22.83115,0,-0.4472423,0.432517,0,-0.5226348,10063.28,1.815772,0.990273,Left,Up,-0.2167048,1.177834,TransSlide
551.3198,22.85673,0,-0.4463267,0.432517,0,-0.5208336,10064.2,1.817111,0.9904095,Left,Up,-0.2046302,1.209785,TransSlide
551.3598,22.8695,0,-0.4417491,0.432517,0,-0.5151585,10065.11,1.817877,0.990545,Left,Up,-0.2007689,1.239502,TransSlide
551.3998,22.8817,0,-0.4417491,0.432517,0,-0.508705,10066.03,1.81718,0.9906797,Left,Up,-0.2007689,1.268463,TransSlide
551.4398,22.90257,0,-0.4417491,0.432517,0,-0.504769,10066.94,1.816021,0.9908134,Left,Up,-0.191797,1.297417,TransSlide
551.4798,22.91734,0,-0.4335093,0.432517,0,-0.5010406,10067.86,1.819097,0.9909461,Left,Up,-0.1855749,1.32486,TransSlide
551.5198,22.93105,0,-0.4115367,0.432517,0,-0.4931649,10068.78,1.818609,0.991078,Left,Up,-0.1855749,1.350868,TransSlide
551.5598,22.94179,0,-0.3932244,0.432517,0,-0.4864267,10069.69,1.817298,0.9912087,Left,Up,-0.183454,1.376877,TransSlide
551.5998,22.96457,0,-0.3859001,0.432517,0,-0.4829203,10070.61,1.817986,0.9913387,Left,Up,-0.1701742,1.402779,TransSlide
551.6398,22.97781,0,-0.3813225,0.432517,0,-0.4773471,10071.53,1.819993,0.9914675,Left,Up,-0.1690205,1.425789,TransSlide
551.6798,22.99017,0,-0.3813225,0.432517,0,-0.4687169,10072.45,1.819519,0.9915954,Left,Up,-0.1701742,1.448799,TransSlide
551.7198,23.00396,0,-0.3694206,0.432517,0,-0.4617383,10073.37,1.818349,0.9917225,Left,Up,-0.166689,1.471817,TransSlide
551.7598,23.02076,0,-0.3511101,0.432517,0,-0.4572071,10074.29,1.818419,0.9918485,Left,Up,-0.1545051,1.494377,TransSlide
551.7998,23.03627,0,-0.3108269,0.432517,0,-0.4528484,10075.21,1.821208,0.9919735,Left,Up,-0.1545051,1.514313,TransSlide
551.8398,23.04847,0,-0.2751195,0.432517,0,-0.4432626,10076.13,1.820777,0.9920977,Left,Up,-0.1532334,1.534256,TransSlide
551.8798,23.0604,0,-0.2320898,0.432517,0,-0.4352387,10077.06,1.819723,0.9922208,Left,Up,-0.1545051,1.554199,TransSlide
551.9198,23.07528,0,-0.1963842,0.432517,0,-0.4288339,10077.98,1.818716,0.9923429,Left,Up,-0.1412742,1.574127,TransSlide
551.9598,23.09375,0,-0.1844823,0.432517,0,-0.424909,10078.9,1.820702,0.9924642,Left,Up,-0.1384764,1.5914,TransSlide
551.9998,23.10572,0,-0.1725787,0.432517,0,-0.4174169,10079.83,1.822108,0.9925845,Left,Up,-0.1384764,1.6082,TransSlide
552.0398,23.11732,0,-0.1652545,0.432517,0,-0.4068803,10080.75,1.821422,0.9927037,Left,Up,-0.1370561,1.624992,TransSlide
552.0798,23.13316,0,-0.1615924,0.432517,0,-0.3984814,10081.68,1.820572,0.9928222,Left,Up,-0.1356209,1.6418,TransSlide
552.1198,23.14537,0,-0.1615924,0.432517,0,-0.3915092,10082.6,1.819854,0.9929395,Left,Up,-0.1219466,1.658363,TransSlide
552.1598,23.16018,0,-0.1615924,0.4364843,0,-0.3865678,10083.53,1.820933,0.9930561,Left,Up,-0.1203313,1.671898,TransSlide
552.1998,23.17553,0,-0.1615924,0.4364843,0,-0.381023,10084.46,1.823274,0.9931715,Left,Up,-0.1219466,1.685425,TransSlide
552.2398,23.18765,0,-0.1615924,0.4364843,0,-0.3688376,10085.38,1.822683,0.9932859,Left,Up,-0.1235407,1.698967,TransSlide
552.2798,23.2008,0,-0.1615924,0.4364843,0,-0.3584845,10086.31,1.821826,0.9933996,Left,Up,-0.1203313,1.712509,TransSlide
552.3198,23.21683,0,-0.1615924,0.4364843,0,-0.3497712,10087.24,1.821507,0.993512,Left,Up,-0.1101434,1.726044,TransSlide
552.3598,23.22967,0,-0.1716632,0.4364843,0,-0.34201,10088.17,1.82106,0.9936236,Left,Up,-0.1046783,1.737289,TransSlide
552.3998,23.24334,0,-0.1899755,0.4364843,0,-0.3357846,10089.1,1.82193,0.9937344,Left,Up,-0.1046783,1.747314,TransSlide
552.4398,23.25996,0,-0.2192724,0.4364843,0,-0.3310267,10090.03,1.8246,0.993844,Left,Up,-0.1046783,1.757347,TransSlide
552.4798,23.27176,0,-0.2384984,0.4404517,0,-0.31716,10090.96,1.824016,0.9939527,Left,Up,-0.1046783,1.76738,TransSlide
552.5198,23.285,0,-0.2504003,0.444419,0,-0.3045422,10091.89,1.823042,0.9940606,Left,Up,-0.1065312,1.77742,TransSlide
552.5598,23.30259,0,-0.2504003,0.4483864,0,-0.2937348,10092.82,1.822537,0.9941673,Left,Up,-0.09891172,1.787453,TransSlide
552.5998,23.31804,0,-0.2504003,0.4523537,0,-0.2842746,10093.75,1.82254,0.9942732,Left,Up,-0.08846933,1.796349,TransSlide
552.6398,23.33374,0,-0.2504003,0.4523537,0,-0.2757647,10094.69,1.8225,0.9943781,Left,Up,-0.08622923,1.80246,TransSlide
552.6798,23.35011,0,-0.2494848,0.4523537,0,-0.2683493,10095.62,1.822915,0.9944819,Left,Up,-0.08622923,1.808563,TransSlide
552.7198,23.36963,0,-0.2439916,0.4523537,0,-0.2625665,10096.56,1.824624,0.994585,Left,Up,-0.08846933,1.814667,TransSlide
552.7598,23.385,0,-0.2211034,0.4523537,0,-0.2530605,10097.49,1.825539,0.9946869,Left,Up,-0.08622923,1.820778,TransSlide
552.7998,23.40063,0,-0.1615924,0.4523537,0,-0.238755,10098.43,1.824934,0.9947879,Left,Up,-0.08622923,1.826881,TransSlide
552.8398,23.41867,0,-0.08285701,0.4523537,0,-0.2260105,10099.36,1.824242,0.9948881,Left,Up,-0.08622923,1.832985,TransSlide
552.8798,23.43539,0,-0.03890991,0.4523537,0,-0.214288,10100.3,1.823901,0.9949871,Left,Up,-0.07401875,1.839104,TransSlide
552.9198,23.45151,0,0.003204346,0.4523537,0,-0.2032002,10101.24,1.823893,0.9950851,Left,Up,-0.0656106,1.842293,TransSlide
552.9598,23.46765,0,0.01419067,0.4523537,0,-0.1931812,10102.18,1.824063,0.9951824,Left,Up,-0.0656106,1.84359,TransSlide
552.9998,23.48334,0,0.01419067,0.4563211,0,-0.1836845,10103.12,1.824155,0.9952786,Left,Up,-0.0656106,1.844887,TransSlide
553.0398,23.50012,0,0.01419067,0.4563211,0,-0.1747554,10104.06,1.823914,0.9953737,Left,Up,-0.06852804,1.846176,TransSlide
553.0798,23.51749,0,0.01419067,0.4563211,0,-0.1673795,10105,1.82505,0.9954681,Left,Up,-0.0656106,1.847466,TransSlide
553.1198,23.53428,0,0.004119873,0.4563211,0,-0.1606127,10105.94,1.825851,0.9955613,Left,Up,-0.06852804,1.848763,TransSlide
553.1598,23.55259,0,-0.0050354,0.4563211,0,-0.1482978,10106.88,1.826383,0.9956537,Left,Up,-0.0656106,1.850052,TransSlide
553.1998,23.57072,0,-0.02426147,0.4563211,0,-0.1299925,10107.82,1.827154,0.9957451,Left,Up,-0.0656106,1.851341,TransSlide
553.2398,23.58875,0,-0.05813599,0.4563211,0,-0.1126872,10108.77,1.827543,0.9958354,Left,Up,-0.0656106,1.852631,TransSlide
553.2798,23.60703,0,-0.09018123,0.4563211,0,-0.09618768,10109.71,1.827531,0.9959249,Straight,Up,-0.03956468,1.853912,TransSlide
553.3198,23.62551,0,-0.1304644,0.4563211,0,-0.08033675,10110.65,1.827255,0.9960134,Straight,Up,-0.01978234,1.849518,TransSlide
553.3598,23.64375,0,-0.1533526,0.4563211,0,-0.06526184,10111.6,1.826954,0.9961008,Straight,Up,-0.01978234,1.837044,TransSlide
553.3998,23.66182,0,-0.1707476,0.4563211,0,-0.05096993,10112.55,1.826714,0.9961874,Straight,Up,0,1.824562,TransSlide
553.4398,23.67981,0,-0.1835668,0.464271,0,-0.03730062,10113.49,1.826449,0.9962729,Straight,Up,-0.01978234,1.812073,TransSlide
553.4798,23.69894,0,-0.190891,0.4841077,0,-0.02416867,10114.44,1.826228,0.9963575,Straight,Up,-0.01978234,1.799576,TransSlide
553.5198,23.7215,0,-0.2018774,0.5156176,0,-0.01180306,10115.39,1.826083,0.9964412,Straight,Up,-0.01978234,1.787071,TransSlide
553.5598,23.75039,0,-0.2037084,0.5156176,0,-0.0001456738,10116.34,1.826115,0.9965239,Straight,Up,-0.01978234,1.774551,TransSlide
553.5998,23.78094,0,-0.2037084,0.5156176,0,0.01096001,10117.29,1.826102,0.9966056,Straight,Up,-0.01978234,1.762016,TransSlide
553.6398,23.81134,0,-0.2037084,0.5156176,0,0.02137065,10118.24,1.826078,0.9966863,Straight,Up,-0.01978234,1.749466,TransSlide
553.6798,23.84178,0,-0.2037084,0.5156176,0,0.03110212,10119.2,1.826178,0.996766,Straight,Up,-0.01978234,1.736908,TransSlide
553.7198,23.87205,0,-0.2037084,0.5156176,0,0.040254,10120.15,1.826195,0.9968449,Straight,Up,-0.01978234,1.724335,TransSlide
553.7598,23.90225,0,-0.2037084,0.5156176,0,0.04853842,10121.11,1.826198,0.9969227,Straight,Up,-0.01978234,1.711739,TransSlide
553.7998,23.93239,0,-0.2037084,0.5156176,0,0.05601156,10122.06,1.826324,0.9969995,Straight,Up,-0.01978234,1.699135,TransSlide
553.8398,23.96237,0,-0.2037084,0.5156176,0,0.06274045,10123.02,1.826355,0.9970754,Straight,Up,-0.01978234,1.686523,TransSlide
553.8798,23.99227,0,-0.1972997,0.5156176,0,0.06855848,10123.98,1.826405,0.9971503,Straight,Up,-0.01978234,1.673882,TransSlide
553.9198,24.02214,0,-0.1789892,0.5156176,0,0.07361251,10124.94,1.826506,0.9972242,Straight,Up,-0.01978234,1.66124,TransSlide
553.9598,24.05187,0,-0.1597613,0.5156176,0,0.0779281,10125.9,1.826541,0.9972973,Straight,Up,-0.01978234,1.648582,TransSlide
553.9998,24.08154,0,-0.1286334,0.5156176,0,0.08162379,10126.87,1.826626,0.9973692,Straight,Up,-0.01978234,1.63591,TransSlide
554.0398,24.11111,0,-0.1057452,0.5156176,0,0.08439508,10127.83,1.826617,0.9974402,Straight,Up,-0.01978234,1.623215,TransSlide
554.0798,24.14042,0,-0.09475887,0.5156176,0,0.0864194,10128.79,1.826674,0.9975103,Straight,Up,-0.01978234,1.610519,TransSlide
554.1198,24.16988,0,-0.07736385,0.5156176,0,0.08774209,10129.76,1.82665,0.9975794,Straight,Up,0,1.597801,TransSlide
554.1598,24.19938,0,-0.05813599,0.5156176,0,0.08834532,10130.73,1.826727,0.9976476,Straight,Up,0,1.585075,TransSlide
554.1998,24.22861,0,-0.03433228,0.5156176,0,0.08831006,10131.7,1.827013,0.9977148,Straight,Up,-0.01978234,1.572342,TransSlide
554.2398,24.25795,0,-0.01693726,0.5156176,0,0.08778045,10132.67,1.827222,0.9977809,Straight,Up,-0.01978234,1.559586,TransSlide
554.2798,24.28703,0,-0.009613037,0.5156176,0,0.08640352,10133.64,1.827363,0.9978461,Straight,Up,-0.01978234,1.546814,TransSlide
554.3198,24.31637,0,0.009613037,0.5156176,0,0.08416378,10134.61,1.827428,0.9979103,Straight,Up,-0.01978234,1.534035,TransSlide
554.3598,24.34558,0,0.02883911,0.5156176,0,0.08123055,10135.59,1.827449,0.9979736,Straight,Up,-0.01978234,1.52124,TransSlide
554.3998,24.37452,0,0.07003784,0.5156176,0,0.07746628,10136.56,1.827521,0.998036,Straight,Up,-0.01978234,1.508438,TransSlide
554.4398,24.40366,0,0.09841919,0.5156176,0,0.07300773,10137.54,1.827506,0.9980973,Straight,Up,-0.01978234,1.495613,TransSlide
554.4798,24.43263,0,0.1002502,0.4960098,0,0.06824312,10138.51,1.827509,0.9981576,Straight,Up,-0.01978234,1.482773,TransSlide
554.5198,24.45321,0,0.1002502,0.4920424,0,0.06308874,10139.49,1.826918,0.998217,Straight,Up,0,1.469933,TransSlide
554.5598,24.47827,0,0.09841919,0.4841077,0,0.05612352,10140.47,1.827602,0.9982755,Straight,Up,-0.01978234,1.457092,TransSlide
554.5998,24.50454,0,0.09384155,0.476173,0,0.04722735,10141.45,1.830552,0.9983329,Straight,Up,-0.01978234,1.444244,TransSlide
554.6398,24.52398,0,0.09292603,0.4682384,0,0.03790578,10142.43,1.832574,0.9983894,Straight,Up,-0.01978234,1.431381,TransSlide
554.6798,24.5458,0,0.09292603,0.4563211,0,0.02847534,10143.41,1.833044,0.9984449,Straight,Up,-0.01978234,1.418495,TransSlide
554.7198,24.56671,0,0.09292603,0.4404517,0,0.01865515,10144.39,1.832574,0.9984994,Straight,Up,0.04845664,1.405594,TransSlide
554.7598,24.5837,0,0.09292603,0.4166476,0,0.008436292,10145.38,1.831689,0.998553,Right,Up,0.05595291,1.375679,TransSlide
554.7998,24.59399,0,0.09292603,0.3690242,0,-0.001771331,10146.36,1.830561,0.9986055,Right,Up,0.05595291,1.3433,TransSlide
554.8398,24.59605,0,0.09292603,0.3452201,0,-0.01219514,10147.35,1.829848,0.9986572,Right,Up,0.05233916,1.310936,TransSlide
554.8798,24.59192,0,0.09292603,0.3214161,0,-0.02304396,10148.33,1.830004,0.9987078,Right,Up,0.05233916,1.27858,TransSlide
554.9198,24.58122,0,0.09292603,0.297612,0,-0.03359407,10149.31,1.829575,0.9987574,Right,Up,0.05233916,1.246239,TransSlide
554.9598,24.56847,0,0.09292603,0.27776,0,-0.04984251,10150.3,1.830263,0.9988062,Right,Up,0.05595291,1.213936,TransSlide
554.9998,24.55009,0,0.09292603,0.2499886,0,-0.06877428,10151.28,1.831247,0.9988539,Right,Up,0.05233916,1.181641,TransSlide
555.0398,24.52542,0,0.09292603,0.2261845,0,-0.08766848,10152.26,1.831643,0.9989007,Right,Up,0.05595291,1.149368,TransSlide
555.0798,24.49747,0,0.09292603,0.2142824,0,-0.1065933,10153.24,1.83138,0.9989464,Right,Up,0.05233916,1.117111,TransSlide
555.1198,24.4656,0,0.09292603,0.2063325,0,-0.1248405,10154.22,1.830235,0.9989913,Right,Up,0.08622923,1.084908,TransSlide
555.1598,24.43196,0,0.09292603,0.2063325,0,-0.1432907,10155.2,1.830946,0.9990351,Right,Up,0.09065409,1.042717,TransSlide
555.1998,24.39867,0,0.09292603,0.1825284,0,-0.164189,10156.17,1.831387,0.999078,Right,Up,0.08846933,0.9993896,TransSlide
555.2398,24.3631,0,0.09292603,0.1349203,0,-0.1902844,10157.15,1.832135,0.9991198,Right,Up,0.08846933,0.9561234,TransSlide
555.2798,24.31821,0,0.09292603,0.0991989,0,-0.2166847,10158.12,1.832319,0.9991608,Right,Up,0.08846933,0.9129028,TransSlide
555.3198,24.26514,0,0.09292603,0.06349279,0,-0.2424457,10159.09,1.831477,0.9992007,Right,Up,0.09065409,0.8697586,TransSlide
555.3598,24.20497,0,0.09292603,0.03967346,0,-0.2682447,10160.06,1.831505,0.9992397,Right,Up,0.1008706,0.8267365,TransSlide
555.3998,24.13906,0,0.09292603,0.007934691,0,-0.2968978,10161.03,1.832461,0.9992777,Right,Up,0.1186941,0.7808838,TransSlide
555.4398,24.06701,0,0.09292603,0,0,-0.3303578,10161.99,1.833059,0.9993147,Right,Up,0.1203313,0.7278824,TransSlide
555.4798,23.99217,0,0.09292603,0,0,-0.3633415,10162.95,1.832715,0.9993508,Right,Up,0.1203313,0.6750107,TransSlide
555.5198,23.91797,0,0.09292603,0,0,-0.3961555,10163.91,1.831897,0.9993859,Right,Up,0.1203313,0.6223145,TransSlide
555.5598,23.84438,0,0.09292603,0,0,-0.4317336,10164.86,1.833265,0.99942,Right,Up,0.1266688,0.5698013,TransSlide
555.5998,23.77113,0,0.09292603,0,0,-0.4726145,10165.82,1.834906,0.9994531,Right,Up,0.1493534,0.5158768,TransSlide
555.6398,23.69884,0,0.09292603,0,0,-0.5124691,10166.76,1.835334,0.9994853,Right,Up,0.1506579,0.4537506,TransSlide
555.6798,23.62674,0,0.09292603,0,0,-0.5523673,10167.71,1.834745,0.9995164,Right,Up,0.1506579,0.3917618,TransSlide
555.7198,23.55497,0,0.09292603,0,0,-0.5925272,10168.65,1.834001,0.9995466,Right,Up,0.1532334,0.3299332,TransSlide
555.7598,23.48386,0,0.09292603,0,0,-0.6320271,10169.59,1.832974,0.9995759,Right,Up,0.1802258,0.2681808,TransSlide
555.7998,23.41382,0,0.09292603,0,0,-0.6708331,10170.53,1.83169,0.9996042,Right,Up,0.1813082,0.196907,TransSlide
555.8398,23.3434,0,0.09475708,0,0,-0.7053794,10171.46,1.832867,0.9996315,Right,Flat,0.1813082,0.1258392,TransSlide
555.8798,23.27347,0,0.09475708,0,0,-0.7334772,10172.4,1.832612,0.9996578,Left,Flat,-0.05233916,0.05496216,TransSlide
555.9198,23.20438,0,0.09475708,0,0,-0.7601382,10173.33,1.831521,0.999683,Left,Flat,-0.1619255,0.005432129,TransSlide
555.9598,23.13553,0,0.09475708,0,0,-0.786695,10174.25,1.830191,0.9997075,Left,Flat,-0.1607126,-0.02218628,TransSlide
555.9998,23.06682,0,0.09841919,0,0,-0.8107616,10175.17,1.831706,0.9997308,Left,Flat,-0.1607126,-0.04972839,TransSlide
556.0398,22.99847,0,0.09841919,0,0,-0.8269451,10176.1,1.831702,0.9997532,Left,Flat,-0.1582588,-0.07718658,TransSlide
556.0798,22.93073,0,0.09841919,0,0,-0.8416888,10177.01,1.831013,0.9997747,Left,Flat,-0.1570175,-0.09926605,TransSlide
556.1198,22.86282,0,0.09933472,0,0,-0.8562395,10177.93,1.830206,0.9997951,Left,Flat,-0.1582588,-0.1202545,TransSlide
556.1598,22.79601,0,0.09933472,0,0,-0.8702037,10178.84,1.829564,0.9998146,Left,Flat,-0.1582588,-0.1411743,TransSlide
556.1998,22.72914,0,0.1002502,0,0,-0.8826245,10179.75,1.831002,0.9998332,Left,Down,-0.1426525,-0.1620331,TransSlide
556.2398,22.66259,0,0.1002502,0,0,-0.8861724,10180.66,1.831327,0.9998507,Left,Down,-0.1297215,-0.1813812,TransSlide
556.2798,22.59655,0,0.1002502,0,0,-0.8885061,10181.56,1.831133,0.9998673,Left,Down,-0.1297215,-0.1992111,TransSlide
556.3198,22.53036,0,0.1002502,0,0,-0.8907454,10182.46,1.830721,0.9998828,Left,Down,-0.1297215,-0.2170029,TransSlide
556.3598,22.46465,0,0.1002502,0,0,-0.8927526,10183.36,1.830312,0.9998975,Left,Down,-0.1297215,-0.2347412,TransSlide
556.3998,22.39945,0,0.1002502,0,0,-0.893901,10184.26,1.829642,0.9999112,Left,Down,-0.1219466,-0.2524338,TransSlide
556.4398,22.33479,0,0.09475708,0,0,-0.894698,10185.15,1.829702,0.9999238,Left,Down,-0.09691329,-0.2696152,TransSlide
556.4798,22.27034,0,0.08926392,0,0,-0.8949512,10186.04,1.830396,0.9999356,Left,Down,-0.09691329,-0.2841034,TransSlide
556.5198,22.20617,0,0.08743286,0,0,-0.8840574,10186.93,1.831165,0.9999463,Left,Down,-0.09891172,-0.2985535,TransSlide
556.5598,22.14244,0,0.08651733,0,0,-0.8723927,10187.82,1.831302,0.999956,Left,Down,-0.09891172,-0.3129654,TransSlide
556.5998,22.07884,0,0.05630493,0,0,-0.8606421,10188.7,1.83111,0.9999648,Left,Down,-0.09691329,-0.3273392,TransSlide
556.6398,22.01552,0,-0.009613037,0,0,-0.8483561,10189.58,1.830633,0.9999726,Left,Down,-0.09891172,-0.3416824,TransSlide
556.6798,21.95248,0,-0.0590533,0,0,-0.8358789,10190.46,1.830183,0.9999794,Left,Down,-0.09891172,-0.3559799,TransSlide
556.7198,21.88967,0,-0.1185626,0,0,-0.8232053,10191.34,1.829921,0.9999852,Left,Down,-0.0656106,-0.3702393,TransSlide
556.7598,21.82707,0,-0.1533526,0,0,-0.8101739,10192.21,1.829591,0.9999901,Left,Down,-0.05233916,-0.3816986,TransSlide
556.7998,21.76468,0,-0.1652545,0,0,-0.7970053,10193.08,1.8293,0.999994,Left,Down,-0.05595291,-0.3919373,TransSlide
556.8398,21.70249,0,-0.1652545,0,0,-0.7837844,10193.95,1.829075,0.999997,Left,Down,-0.05233916,-0.4021683,TransSlide
556.8798,21.64063,0,-0.1652545,0,0,-0.7701002,10194.82,1.828748,0.9999989,Left,Down,-0.05233916,-0.4123459,TransSlide
556.9198,21.57898,0,-0.1652545,0,0,-0.7560791,10195.68,1.828648,0.9999999,Left,Down,-0.05595291,-0.4225159,TransSlide

Participant ID:, 006
DateTime:, 2026-07-23 12:27:06
Target Speed:, 80 km/h
Camera xyz:, -0.2484064,-0.0349679,0.1815003
Trial Duration:, 180 s
Warmup Duration:, 30 s
