Time,Speed,WheelsOffRoad,SteeringAngle,ThrottlePos,BrakePos,LanePosition,DistanceTravelledm,CamHeightm,PropOfTotalHeight,RoadDirection,RoadSlope,RoadHeadingChange,RoadSlopeAngle,RoadAttribute
149.2399,20.87652,0,-0.5653471,0.3452201,0,-1.107126,518.7281,0.9287068,9.106265E-08,Left,Up,-0.2486604,0.9292297,TransSlide
149.28,20.87921,0,-0.5653471,0.3452201,0,-1.09005,519.5634,0.9278696,1.076195E-06,Left,Up,-0.2486604,0.9641724,TransSlide
149.3199,20.88792,0,-0.5827421,0.3452201,0,-1.074983,520.3988,0.9286399,3.013346E-06,Left,Up,-0.2414744,0.999115,TransSlide
149.3599,20.89058,0,-0.6257719,0.3452201,0,-1.055707,521.2344,0.9290512,5.935629E-06,Left,Up,-0.2332305,1.033028,TransSlide
149.3999,20.89283,0,-0.6733811,0.3452201,0,-1.036572,522.0701,0.9283718,9.843045E-06,Left,Up,-0.23239,1.065147,TransSlide
149.4399,20.90034,0,-0.7191575,0.3452201,0,-1.01951,522.9059,0.9276105,1.472731E-05,Left,Up,-0.2255535,1.09726,TransSlide
149.4799,20.90172,0,-0.7328904,0.3452201,0,-1.000847,523.742,0.929718,2.057188E-05,Left,Up,-0.2167048,1.128548,TransSlide
149.5199,20.90385,0,-0.737468,0.3452201,0,-0.9802762,524.5781,0.9292067,2.73933E-05,Left,Up,-0.2158,1.15786,TransSlide
149.56,20.90258,0,-0.7310593,0.3452201,0,-0.9615663,525.4142,0.927248,3.519985E-05,Left,Up,-0.2148914,1.187149,TransSlide
149.5999,20.91008,0,-0.7264817,0.3452201,0,-0.9454484,526.2507,0.9301812,4.39667E-05,Left,Up,-0.2017412,1.216431,TransSlide
149.64,20.91179,0,-0.7264817,0.3452201,0,-0.9236875,527.0871,0.9295685,5.371041E-05,Left,Up,-0.2007689,1.243095,TransSlide
149.6799,20.91195,0,-0.7255661,0.3452201,0,-0.9039453,527.9236,0.9288905,6.443924E-05,Left,Up,-0.2007689,1.269608,TransSlide
149.7199,20.91894,0,-0.7209885,0.3452201,0,-0.8864525,528.7602,0.9274748,7.61201E-05,Left,Up,-0.1928145,1.296097,TransSlide
149.7599,20.91917,0,-0.7209885,0.3452201,0,-0.8690815,529.597,0.9302717,8.878608E-05,Left,Up,-0.1855749,1.321457,TransSlide
149.7999,20.91972,0,-0.7090867,0.3452201,0,-0.8481684,530.4338,0.9298728,0.0001024372,Left,Up,-0.1845175,1.34523,TransSlide
149.84,20.91884,0,-0.6852829,0.3452201,0,-0.8295725,531.2706,0.9290454,0.0001170652,Left,Up,-0.1855749,1.368988,TransSlide
149.8799,20.92309,0,-0.6550705,0.3452201,0,-0.8134018,532.1074,0.927443,0.0001326534,Left,Up,-0.1758294,1.392723,TransSlide
149.92,20.92554,0,-0.6358427,0.3452201,0,-0.7991912,532.9445,0.9308934,0.0001492268,Left,Up,-0.1701742,1.414803,TransSlide
149.9599,20.9257,0,-0.631265,0.3452201,0,-0.7796676,533.7815,0.9304243,0.0001667771,Left,Up,-0.1690205,1.435783,TransSlide
150,20.9252,0,-0.631265,0.3452201,0,-0.7624798,534.6185,0.9297364,0.0001852877,Left,Up,-0.1690205,1.456757,TransSlide
150.0399,20.9278,0,-0.631265,0.3491875,0,-0.7476733,535.4556,0.9285239,0.0002047751,Left,Up,-0.1631294,1.477722,TransSlide
150.0799,20.93184,0,-0.631265,0.3491875,0,-0.7355412,536.2928,0.9293256,0.0002252476,Left,Up,-0.1532334,1.497704,TransSlide
150.1199,20.93151,0,-0.631265,0.3491875,0,-0.7220958,537.1301,0.9309551,0.0002466804,Left,Up,-0.1545051,1.515846,TransSlide
150.1599,20.93185,0,-0.631265,0.3531548,0,-0.7065177,537.9673,0.9304276,0.0002691232,Left,Up,-0.1545051,1.533981,TransSlide
150.2,20.9324,0,-0.6193632,0.3729915,0,-0.6935934,538.8046,0.9295257,0.000292485,Left,Up,-0.1545051,1.552109,TransSlide
150.2399,20.93859,0,-0.5543607,0.4007782,0,-0.683446,539.6422,0.9285919,0.0003168649,Left,Up,-0.1440177,1.570213,TransSlide
150.28,20.95299,0,-0.505836,0.4126802,0,-0.6757935,540.4801,0.9291875,0.0003421969,Left,Up,-0.1384764,1.586555,TransSlide
150.3199,20.96739,0,-0.4472423,0.4126802,0,-0.6681488,541.3187,0.9313254,0.000368514,Left,Up,-0.1384764,1.601814,TransSlide
150.3599,20.98114,0,-0.4170299,0.4166476,0,-0.6566274,542.1578,0.9308318,0.000395808,Left,Up,-0.1384764,1.617073,TransSlide
150.3999,20.99582,0,-0.4124522,0.4166476,0,-0.6471789,542.9975,0.9300692,0.0004240622,Left,Up,-0.1384764,1.632339,TransSlide
150.4399,21.01412,0,-0.4124522,0.4166476,0,-0.6401554,543.8379,0.9294251,0.0004533016,Left,Up,-0.1297215,1.647598,TransSlide
150.4799,21.02874,0,-0.4124522,0.4166476,0,-0.6353574,544.6789,0.9285454,0.0004835178,Left,Up,-0.1219466,1.661789,TransSlide
150.5199,21.04801,0,-0.4124522,0.4166476,0,-0.6329399,545.5206,0.9302016,0.0005146944,Left,Up,-0.1219466,1.67408,TransSlide
150.56,21.06199,0,-0.4051262,0.4166476,0,-0.6288497,546.3629,0.9317037,0.0005468478,Left,Up,-0.1219466,1.686378,TransSlide
150.5999,21.0761,0,-0.3868157,0.4166476,0,-0.6219657,547.2058,0.9311756,0.0005799615,Left,Up,-0.1203313,1.698669,TransSlide
150.64,21.09097,0,-0.3566033,0.4166476,0,-0.6173559,548.0493,0.9303185,0.0006140851,Left,Up,-0.1219466,1.710976,TransSlide
150.6799,21.10806,0,-0.3291374,0.4166476,0,-0.6149846,548.8936,0.9298803,0.0006491608,Left,Up,-0.1136409,1.723274,TransSlide
150.7199,21.12264,0,-0.2815282,0.4166476,0,-0.614776,549.7383,0.9296947,0.0006852216,Left,Up,-0.1065312,1.734322,TransSlide
150.7599,21.13787,0,-0.2192724,0.4166476,0,-0.6163176,550.5836,0.9294146,0.0007222344,Left,Up,-0.1046783,1.743431,TransSlide
150.7999,21.15641,0,-0.1551837,0.4166476,0,-0.6198674,551.4297,0.9315015,0.0007602324,Left,Up,-0.1065312,1.752533,TransSlide
150.84,21.17074,0,-0.04806519,0.4166476,0,-0.6198626,552.2764,0.9325126,0.0007991824,Left,Up,-0.1046783,1.76165,TransSlide
150.8799,21.18517,0,0.03982544,0.4166476,0,-0.6174729,553.1236,0.9317947,0.0008391175,Left,Up,-0.1065312,1.770767,TransSlide
150.92,21.20103,0,0.1515234,0.4166476,0,-0.6165754,553.9714,0.9309919,0.0008800708,Left,Up,-0.1065312,1.779884,TransSlide
150.9599,21.21706,0,0.2384984,0.4166476,0,-0.6170211,554.8199,0.9306285,0.0009219431,Left,Up,-0.09691329,1.789001,TransSlide
150.9999,21.2324,0,0.2970922,0.4166476,0,-0.6187227,555.6691,0.9306841,0.0009648253,Left,Up,-0.08622923,1.79673,TransSlide
151.0399,21.24704,0,0.3318822,0.4166476,0,-0.6213307,556.5188,0.9306116,0.001008635,Left,Up,-0.08622923,1.802277,TransSlide
151.0799,21.26233,0,0.3382909,0.4166476,0,-0.6248288,557.3691,0.9305232,0.001053454,Left,Up,-0.08846933,1.807831,TransSlide
151.1199,21.2801,0,0.3428686,0.4166476,0,-0.6293484,558.2202,0.9321001,0.001099234,Left,Up,-0.08846933,1.813377,TransSlide
151.1599,21.29526,0,0.3428686,0.4166476,0,-0.6318434,559.0718,0.9334012,0.00114599,Left,Up,-0.08622923,1.818924,TransSlide
151.2,21.31006,0,0.3428686,0.4166476,0,-0.628177,559.9241,0.9327652,0.001193707,Left,Up,-0.08622923,1.824478,TransSlide
151.2399,21.32518,0,0.3337133,0.4166476,0,-0.6251012,560.7769,0.9322229,0.001242401,Left,Up,-0.08846933,1.830032,TransSlide
151.28,21.34161,0,0.3208959,0.4166476,0,-0.6226689,561.6304,0.9318739,0.001292088,Left,Up,-0.08392937,1.835579,TransSlide
151.3199,21.35662,0,0.2906835,0.4166476,0,-0.6203976,562.4846,0.9317879,0.001342719,Left,Up,-0.0656106,1.841133,TransSlide
151.3599,21.37154,0,0.2430761,0.4166476,0,-0.6182446,563.3393,0.9318953,0.001394368,Left,Up,-0.06852804,1.842606,TransSlide
151.3999,21.38633,0,0.1936376,0.4166476,0,-0.6163654,564.1946,0.9320527,0.001446936,Left,Up,-0.0656106,1.843788,TransSlide
151.4399,21.40089,0,0.1112366,0.4166476,0,-0.6146214,565.0505,0.9321851,0.001500489,Left,Up,-0.0656106,1.844971,TransSlide
151.4799,21.41581,0,0.06271362,0.4166476,0,-0.6129541,565.907,0.9320565,0.001555027,Left,Up,-0.0656106,1.846146,TransSlide
151.5199,21.43063,0,0.02700806,0.4166476,0,-0.6114741,566.764,0.9330724,0.001610526,Left,Up,-0.0656106,1.847321,TransSlide
151.56,21.44552,0,0.01419067,0.4166476,0,-0.6100251,567.6217,0.933771,0.001667001,Left,Up,-0.0656106,1.848495,TransSlide
151.5999,21.46084,0,0.01419067,0.4166476,0,-0.6047018,568.48,0.9341473,0.001724429,Left,Up,-0.06852804,1.84967,TransSlide
151.64,21.47637,0,0.01052856,0.4166476,0,-0.5910037,569.3389,0.9348288,0.001782866,Left,Up,-0.0656106,1.850838,TransSlide
151.6799,21.49235,0,0.004119873,0.4166476,0,-0.576871,570.1984,0.9352857,0.001842264,Left,Up,-0.0656106,1.852013,TransSlide
151.7199,21.50772,0,-0.005950928,0.4166476,0,-0.5625963,571.0586,0.9354584,0.001902613,Left,Up,-0.0656106,1.853188,TransSlide
151.7599,21.52368,0,-0.02243042,0.4166476,0,-0.5480601,571.9194,0.9351714,0.001963948,Straight,Up,-0.02797646,1.854362,TransSlide
151.7999,21.53954,0,-0.02792358,0.4166476,0,-0.5333062,572.7808,0.9349501,0.002026268,Straight,Up,-0.01978234,1.846275,TransSlide
151.84,21.55525,0,-0.02792358,0.4166476,0,-0.5182719,573.6428,0.9346889,0.002089532,Straight,Up,-0.01978234,1.834892,TransSlide
151.8799,21.57088,0,-0.02792358,0.4166476,0,-0.5031275,574.5055,0.9344687,0.002153756,Straight,Up,-0.01978234,1.823517,TransSlide
151.92,21.58642,0,-0.02792358,0.4166476,0,-0.4877688,575.3688,0.9343392,0.002218998,Straight,Up,-0.01978234,1.812119,TransSlide
151.9599,21.60188,0,-0.02792358,0.4166476,0,-0.472173,576.2327,0.9343506,0.002285159,Straight,Up,0,1.80072,TransSlide
151.9999,21.61731,0,-0.02792358,0.4166476,0,-0.4563631,577.0972,0.9343278,0.00235233,Straight,Up,-0.01978234,1.789314,TransSlide
152.0399,21.63268,0,-0.02792358,0.4166476,0,-0.4404415,577.9624,0.9342205,0.002420429,Straight,Up,-0.01978234,1.777893,TransSlide
152.0799,21.64799,0,-0.02792358,0.4166476,0,-0.4243042,578.8282,0.9342294,0.002489545,Straight,Up,-0.01978234,1.766472,TransSlide
152.1199,21.66329,0,-0.02792358,0.4166476,0,-0.4078146,579.6946,0.9342486,0.002559606,Straight,Up,-0.02797646,1.755035,TransSlide
152.1599,21.67855,0,-0.02792358,0.4166476,0,-0.3912125,580.5616,0.9344215,0.002630659,Straight,Up,-0.01978234,1.743591,TransSlide
152.2,21.69372,0,-0.0352478,0.4166476,0,-0.3746119,581.4292,0.9344946,0.002702657,Straight,Up,-0.01978234,1.732147,TransSlide
152.2399,21.70889,0,-0.06454647,0.3968109,0,-0.3578249,582.2974,0.9345975,0.002775614,Straight,Up,-0.01978234,1.720688,TransSlide
152.28,21.72162,0,-0.08743465,0.3888762,0,-0.3409759,583.1662,0.9346672,0.002849582,Straight,Up,-0.01978234,1.709221,TransSlide
152.3199,21.73059,0,-0.100252,0.3888762,0,-0.3240939,584.0353,0.9347971,0.002924477,Straight,Up,-0.01978234,1.697746,TransSlide
152.3599,21.73957,0,-0.1011676,0.3888762,0,-0.3073627,584.9048,0.9348332,0.003000382,Straight,Up,-0.01978234,1.686264,TransSlide
152.3999,21.74852,0,-0.1011676,0.3888762,0,-0.2907927,585.7747,0.9348354,0.003077214,Straight,Up,-0.01978234,1.674789,TransSlide
152.4399,21.75747,0,-0.1011676,0.3888762,0,-0.2743517,586.6449,0.934944,0.003155056,Straight,Up,-0.01978234,1.663307,TransSlide
152.4799,21.76636,0,-0.1011676,0.3888762,0,-0.2579727,587.5154,0.9350501,0.003233825,Straight,Up,-0.01978234,1.651817,TransSlide
152.5199,21.77524,0,-0.07736385,0.3888762,0,-0.2418548,588.3864,0.935299,0.003313579,Straight,Up,-0.01978234,1.64032,TransSlide
152.56,21.78409,0,-0.05813599,0.3888762,0,-0.2255952,589.2576,0.9353419,0.003394311,Straight,Up,-0.01978234,1.628822,TransSlide
152.5999,21.79286,0,-0.0352478,0.3888762,0,-0.2093746,590.1293,0.9354909,0.003476002,Straight,Up,-0.01978234,1.617317,TransSlide
152.6399,21.80168,0,-0.01052856,0.3888762,0,-0.1931708,591.0013,0.9355907,0.00355867,Straight,Up,-0.01978234,1.605804,TransSlide
152.6799,21.81039,0,-0.005950928,0.3888762,0,-0.1769235,591.8736,0.9354779,0.003642299,Straight,Up,-0.01978234,1.594292,TransSlide
152.7199,21.81924,0,-0.005950928,0.3888762,0,-0.1606886,592.7463,0.9352967,0.003726905,Straight,Up,-0.01978234,1.582779,TransSlide
152.7599,21.82803,0,-0.005950928,0.3888762,0,-0.144508,593.6193,0.9355526,0.003812437,Straight,Up,-0.01978234,1.571251,TransSlide
152.7999,21.8367,0,-0.01052856,0.3849088,0,-0.1285265,594.4927,0.9358587,0.003899013,Straight,Up,-0.01978234,1.559731,TransSlide
152.84,21.8445,0,-0.01602173,0.3809415,0,-0.1127205,595.3664,0.9358976,0.003986483,Straight,Up,-0.01978234,1.548203,TransSlide
152.8799,21.85205,0,-0.02151489,0.3809415,0,-0.09724343,596.2404,0.9359844,0.004074938,Straight,Up,-0.01978234,1.536674,TransSlide
152.92,21.85912,0,-0.02151489,0.3809415,0,-0.08185858,597.1147,0.936218,0.004164369,Straight,Up,-0.01978234,1.525139,TransSlide
152.9599,21.86615,0,-0.02151489,0.3809415,0,-0.06670114,597.9893,0.9362279,0.004254762,Straight,Up,-0.01978234,1.513596,TransSlide
152.9999,21.87313,0,-0.02334595,0.3809415,0,-0.05181995,598.8641,0.9362144,0.004346139,Straight,Up,-0.01978234,1.502052,TransSlide
153.0399,21.88019,0,-0.03433228,0.3809415,0,-0.03702554,599.7393,0.9362144,0.004438468,Straight,Up,-0.01978234,1.490501,TransSlide
153.0799,21.88718,0,-0.04714966,0.3809415,0,-0.02238882,600.6147,0.9362047,0.004531774,Straight,Up,-0.01978234,1.478951,TransSlide
153.1199,21.89112,0,-0.0590533,0.3809415,0,-0.007995784,601.4903,0.9350286,0.004626041,Straight,Up,-0.01978234,1.467407,TransSlide
153.1599,21.90155,0,-0.07187068,0.3809415,0,0.004405856,602.3663,0.9363931,0.004721259,Straight,Up,-0.01978234,1.455864,TransSlide
153.2,21.91116,0,-0.07187068,0.3809415,0,0.01604658,603.2426,0.9388292,0.004817463,Straight,Up,-0.01978234,1.444328,TransSlide
153.2399,21.91746,0,-0.07187068,0.3809415,0,0.02739015,604.1193,0.9405385,0.004914618,Straight,Up,-0.01978234,1.432777,TransSlide
153.28,21.92722,0,-0.06454647,0.3809415,0,0.03846678,604.9962,0.9408821,0.005012759,Straight,Up,-0.01978234,1.421219,TransSlide
153.3199,21.93759,0,-0.05722046,0.3809415,0,0.04945624,605.8737,0.9405578,0.005111852,Straight,Up,0.02797646,1.409637,TransSlide
153.3599,21.94751,0,-0.01602173,0.3809415,0,0.06001681,606.7515,0.9400066,0.005211921,Right,Up,0.05595291,1.389145,TransSlide
153.3999,21.95706,0,0.02059937,0.3809415,0,0.07043016,607.6296,0.9391668,0.005312926,Right,Up,0.05595291,1.360115,TransSlide
153.4399,21.96653,0,0.03890991,0.3809415,0,0.08089116,608.5082,0.9379649,0.005414908,Right,Up,0.05233916,1.33107,TransSlide
153.4799,21.97596,0,0.03982544,0.3809415,0,0.0914405,609.3871,0.9380711,0.005517842,Right,Up,0.05233916,1.302025,TransSlide
153.5199,21.98599,0,0.03982544,0.3809415,0,0.1018318,610.2664,0.9384615,0.005621736,Right,Up,0.05595291,1.272964,TransSlide
153.56,21.99426,0,0.03982544,0.3809415,0,0.112223,611.1461,0.9380323,0.00572664,Right,Up,0.05233916,1.243912,TransSlide
153.5999,22.00535,0,0.03982544,0.3809415,0,0.1169721,612.0262,0.9386001,0.005832472,Right,Up,0.05595291,1.214851,TransSlide
153.6399,22.01664,0,0.03982544,0.3809415,0,0.1197295,612.9068,0.9393586,0.005939313,Right,Up,0.05595291,1.185768,TransSlide
153.6799,22.02612,0,0.03982544,0.3809415,0,0.1222629,613.7878,0.9400495,0.006047049,Right,Up,0.05595291,1.156662,TransSlide
153.7199,22.0377,0,0.03982544,0.4007782,0,0.1247424,614.6691,0.9402226,0.006155794,Right,Up,0.05595291,1.127533,TransSlide
153.7599,22.05086,0,0.03982544,0.4007782,0,0.1271604,615.551,0.9394431,0.006265466,Right,Up,0.07132626,1.098381,TransSlide
153.7999,22.0666,0,0.03982544,0.4047455,0,0.129483,616.4335,0.9395285,0.006376149,Right,Up,0.08846933,1.064957,TransSlide
153.84,22.08326,0,0.0453186,0.4047455,0,0.1316004,617.3167,0.9398117,0.006487758,Right,Up,0.08846933,1.025574,TransSlide
153.8799,22.10055,0,0.06912231,0.4047455,0,0.1287915,618.2006,0.9403538,0.006600329,Right,Up,0.09065409,0.9861832,TransSlide
153.92,22.11798,0,0.09384155,0.4047455,0,0.1231908,619.0851,0.9408612,0.006713876,Right,Up,0.08846933,0.9467392,TransSlide
153.9599,22.1355,0,0.140537,0.4087129,0,0.117494,619.9704,0.9411119,0.006828374,Right,Up,0.08846933,0.9072495,TransSlide
153.9999,22.15271,0,0.1707494,0.4087129,0,0.1121056,620.8563,0.9402419,0.006943858,Right,Up,0.08846933,0.8677292,TransSlide
154.0399,22.17227,0,0.1881444,0.4087129,0,0.106866,621.743,0.940578,0.007060261,Right,Up,0.09691329,0.828186,TransSlide
154.0799,22.19243,0,0.1881444,0.4087129,0,0.1004064,622.6305,0.9413873,0.007177682,Right,Up,0.1203313,0.7868042,TransSlide
154.1199,22.21142,0,0.1661718,0.4087129,0,0.08772349,623.5187,0.9420903,0.007295997,Right,Up,0.1203313,0.7377319,TransSlide
154.1599,22.23055,0,0.1295507,0.4087129,0,0.07514131,624.4078,0.9420063,0.007415298,Right,Up,0.1203313,0.688591,TransSlide
154.2,22.24911,0,0.110321,0.4087129,0,0.06268349,625.2975,0.9405372,0.007535583,Right,Up,0.1203313,0.6394043,TransSlide
154.2399,22.27053,0,0.07644653,0.4087129,0,0.05028418,626.1882,0.9416301,0.007656788,Right,Up,0.1203313,0.5902023,TransSlide
154.2799,22.29349,0,0.04440308,0.4087129,0,0.03132102,627.0797,0.9433312,0.007779011,Right,Up,0.1426525,0.5409622,TransSlide
154.3199,22.31387,0,0.0151062,0.3888762,0,0.01116186,627.972,0.9443348,0.007902118,Right,Up,0.1506579,0.4851837,TransSlide
154.3599,22.33264,0,-0.03341675,0.3849088,0,-0.00910306,628.8651,0.9444826,0.008026279,Right,Up,0.1506579,0.4264297,TransSlide
154.3999,22.35059,0,-0.0590533,0.3849088,0,-0.02940944,629.759,0.9437988,0.008151324,Right,Up,0.1506579,0.3675995,TransSlide
154.4399,22.36826,0,-0.1057452,0.3849088,0,-0.05022529,630.6536,0.9431747,0.008277388,Right,Up,0.1619255,0.3087082,TransSlide
154.4799,22.38403,0,-0.1423663,0.3849088,0,-0.07074514,631.5488,0.9418925,0.008404321,Right,Up,0.1802258,0.246727,TransSlide
154.5199,22.40373,0,-0.1597613,0.3849088,0,-0.09123322,632.4446,0.9420932,0.008532264,Right,Up,0.1802258,0.1783447,TransSlide
154.56,22.42119,0,-0.16617,0.3849088,0,-0.106565,633.3413,0.9430968,0.008661184,Right,Flat,0.1802258,0.1098862,TransSlide
154.5999,22.43742,0,-0.1716632,0.3849088,0,-0.1172581,634.2386,0.9427337,0.008791031,Left,Flat,-0.07912937,0.04137421,TransSlide
154.6399,22.45353,0,-0.18906,0.3849088,0,-0.1278004,635.1367,0.9414552,0.008921864,Left,Flat,-0.1619255,0.0009307861,TransSlide
154.6799,22.47285,0,-0.2211034,0.3849088,0,-0.1382998,636.0354,0.9410452,0.009053622,Left,Flat,-0.1607126,-0.02596283,TransSlide
154.7199,22.49226,0,-0.2494848,0.3849088,0,-0.1465238,636.9349,0.9425122,0.009186392,Left,Flat,-0.1619255,-0.05287933,TransSlide
154.7599,22.50944,0,-0.2732885,0.3849088,0,-0.1477849,637.8351,0.9427335,0.009320055,Left,Flat,-0.1582588,-0.0798111,TransSlide
154.7999,22.52612,0,-0.2787817,0.3849088,0,-0.1491072,638.736,0.9422693,0.00945467,Left,Flat,-0.1582588,-0.1009674,TransSlide
154.84,22.5449,0,-0.2787817,0.3849088,0,-0.150658,639.6376,0.9413028,0.009590304,Left,Flat,-0.1582588,-0.1217041,TransSlide
154.8799,22.56303,0,-0.2787817,0.3849088,0,-0.1525072,640.5399,0.9410648,0.009726824,Left,Flat,-0.1582588,-0.1424484,TransSlide
154.92,22.58298,0,-0.2787817,0.3849088,0,-0.1541608,641.4431,0.9426099,0.009864362,Left,Down,-0.1398823,-0.1632004,TransSlide
154.9599,22.60067,0,-0.2787817,0.3849088,0,-0.146762,642.3469,0.9429608,0.01000283,Left,Down,-0.1297215,-0.1823654,TransSlide
154.9999,22.61827,0,-0.2787817,0.3849088,0,-0.1396546,643.2515,0.9426926,0.01014227,Left,Down,-0.1282043,-0.2002411,TransSlide
155.0399,22.63792,0,-0.2787817,0.3849088,0,-0.1330443,644.1569,0.9421623,0.01028261,Left,Down,-0.1282043,-0.2181396,TransSlide
155.0799,22.65638,0,-0.2787817,0.3849088,0,-0.1270287,645.0629,0.9417519,0.01042399,Left,Down,-0.1282043,-0.2360458,TransSlide
155.1199,22.67424,0,-0.274204,0.3849088,0,-0.1214454,645.9697,0.940954,0.01056624,Left,Down,-0.1203313,-0.2539597,TransSlide
155.1599,22.69305,0,-0.2677953,0.3849088,0,-0.1167347,646.8773,0.942028,0.01070947,Left,Down,-0.09891172,-0.2711105,TransSlide
155.2,22.71215,0,-0.2449071,0.3849088,0,-0.1126248,647.7855,0.9429506,0.01085368,Left,Down,-0.09891172,-0.2858887,TransSlide
155.2399,22.73068,0,-0.2211034,0.3849088,0,-0.09847468,648.6945,0.9435189,0.01099882,Left,Down,-0.09891172,-0.3006821,TransSlide
155.2799,22.74944,0,-0.2073705,0.3849088,0,-0.08465117,649.6043,0.9437274,0.01114494,Left,Down,-0.09891172,-0.3154831,TransSlide
155.3199,22.76866,0,-0.1972997,0.3849088,0,-0.07150915,650.5149,0.9436257,0.01129198,Left,Down,-0.09891172,-0.330307,TransSlide
155.3599,22.78793,0,-0.1799047,0.3849088,0,-0.05917028,651.4262,0.9433694,0.01144001,Left,Down,-0.09691329,-0.3451309,TransSlide
155.3999,22.80702,0,-0.1606768,0.3849088,0,-0.04770777,652.3383,0.9430732,0.01158896,Left,Down,-0.09278741,-0.3599777,TransSlide
155.4399,22.82596,0,-0.1304644,0.3849088,0,-0.03710806,653.2512,0.942799,0.0117389,Left,Down,-0.05595291,-0.3747253,TransSlide
155.4799,22.84482,0,-0.1112384,0.3849088,0,-0.02717629,654.1648,0.9425604,0.01188976,Left,Down,-0.05595291,-0.3854752,TransSlide
155.5199,22.86358,0,-0.0956744,0.3849088,0,-0.01813367,655.0792,0.9424804,0.01204155,Left,Down,-0.05595291,-0.3962173,TransSlide
155.56,22.88198,0,-0.08835018,0.3849088,0,-0.009650886,655.9943,0.9422048,0.01219434,Left,Down,-0.05595291,-0.4069672,TransSlide
155.5999,22.901,0,-0.08835018,0.3849088,0,-0.002116531,656.9101,0.9422509,0.01234803,Left,Down,-0.05595291,-0.417717,TransSlide
155.6399,22.91971,0,-0.08835018,0.3849088,0,0.004669309,657.8267,0.9430088,0.01250274,Left,Down,-0.05595291,-0.4284821,TransSlide
155.6799,22.93843,0,-0.08835018,0.3849088,0,0.01065046,658.744,0.9434897,0.01265833,Left,Down,-0.05595291,-0.4392471,TransSlide
155.7199,22.95679,0,-0.07736385,0.3849088,0,0.01591137,659.662,0.9436001,0.01281494,Left,Down,-0.05595291,-0.4500275,TransSlide
155.7599,22.97645,0,-0.05172729,0.3849088,0,0.02392071,660.5809,0.9440968,0.01297245,Left,Down,-0.05233916,-0.4608002,TransSlide
155.7999,22.99633,0,-0.02883911,0.3849088,0,0.03288159,661.5005,0.9447395,0.01313088,Left,Down,-0.05595291,-0.4715881,TransSlide
155.84,23.01516,0,-0.004119873,0.3849088,0,0.04121211,662.421,0.9452335,0.01329032,Left,Down,-0.05595291,-0.4823761,TransSlide
155.8799,23.03495,0,0.01602173,0.3849088,0,0.04890764,663.3422,0.9452904,0.01345066,Left,Down,-0.05595291,-0.493187,TransSlide
155.9199,23.05468,0,0.02334595,0.3849088,0,0.05599877,664.2642,0.9451976,0.013612,Left,Down,-0.05595291,-0.5039978,TransSlide
155.9599,23.07426,0,0.03250122,0.3849088,0,0.06247583,665.187,0.94508,0.01377425,Straight,Down,-0.01978234,-0.5148239,TransSlide
155.9999,23.09374,0,0.03799438,0.3849088,0,0.06835508,666.1105,0.9449236,0.01393751,Straight,Down,0,-0.5228271,TransSlide
156.0399,23.11312,0,0.0453186,0.3849088,0,0.07374269,667.0349,0.9448237,0.01410163,Straight,Down,0,-0.5276184,TransSlide
156.0799,23.13244,0,0.06271362,0.3849088,0,0.07845771,667.96,0.9447598,0.01426676,Straight,Down,0,-0.5324249,TransSlide
156.1199,23.15167,0,0.08102417,0.3849088,0,0.08284149,668.8859,0.94475,0.01443279,Straight,Down,0,-0.5372238,TransSlide
156.1599,23.17087,0,0.1039124,0.3849088,0,0.08672974,669.8125,0.944729,0.01459978,Straight,Down,0,-0.5420303,TransSlide
156.2,23.19,0,0.1167297,0.3849088,0,0.0902724,670.7399,0.9447356,0.01476777,Straight,Down,0,-0.5468445,TransSlide
156.2399,23.20908,0,0.123142,0.3849088,0,0.09361592,671.6681,0.9448916,0.01493663,Straight,Down,0,-0.5516586,TransSlide
156.2799,23.22814,0,0.1350439,0.3849088,0,0.09656194,672.597,0.9450728,0.01510651,Straight,Down,0,-0.5564728,TransSlide
156.3199,23.24711,0,0.1542699,0.3849088,0,0.09928519,673.5267,0.9452719,0.01527727,Straight,Down,0,-0.5612946,TransSlide
156.3599,23.26606,0,0.2009618,0.3849088,0,0.1019577,674.4572,0.9454508,0.01544902,Straight,Down,0,-0.5661163,TransSlide
156.3999,23.28495,0,0.2366674,0.3849088,0,0.1045484,675.3884,0.9455869,0.01562166,Straight,Down,0,-0.5709457,TransSlide
156.4399,23.30377,0,0.2778661,0.3849088,0,0.1072643,676.3203,0.9455382,0.01579524,Straight,Down,0,-0.5757828,TransSlide
156.4799,23.32239,0,0.2842748,0.3849088,0,0.1099984,677.253,0.9455092,0.01596985,Straight,Down,0,-0.5806198,TransSlide
156.5199,23.3412,0,0.2842748,0.3849088,0,0.1129324,678.1864,0.9456323,0.01614532,Straight,Down,0,-0.5854568,TransSlide
156.56,23.36001,0,0.2842748,0.3849088,0,0.1159493,679.1207,0.9459951,0.01632181,Straight,Down,0.01978234,-0.5903015,TransSlide
156.5999,23.37862,0,0.2842748,0.3849088,0,0.1193591,680.0557,0.946575,0.01649917,Straight,Down,0,-0.5951462,TransSlide
156.6399,23.39714,0,0.291599,0.3849088,0,0.122949,680.9914,0.9468398,0.01667756,Straight,Down,0,-0.5999985,TransSlide
156.6799,23.41592,0,0.3208959,0.3849088,0,0.1266505,681.9279,0.9471429,0.0168568,Straight,Down,0,-0.6048584,TransSlide
156.7199,23.43458,0,0.3428686,0.3849088,0,0.1308518,682.8651,0.9472609,0.01703707,Straight,Down,0,-0.6097107,TransSlide
156.7599,23.45298,0,0.3675914,0.3849088,0,0.1356986,683.803,0.9475275,0.01721818,Straight,Down,0,-0.6145859,TransSlide
156.7999,23.4715,0,0.3749156,0.3849088,0,0.1410397,684.7416,0.9476425,0.01740027,Straight,Down,0,-0.6194534,TransSlide
156.84,23.49009,0,0.3758311,0.3849088,0,0.1470759,685.681,0.9477936,0.01758335,Straight,Down,0,-0.624321,TransSlide
156.8799,23.50819,0,0.3758311,0.3849088,0,0.146776,686.6212,0.9477966,0.01776728,Straight,Down,0,-0.6292038,TransSlide
156.9199,23.5263,0,0.3849864,0.3849088,0,0.1452526,687.562,0.9478235,0.01795224,Straight,Down,0.01978234,-0.6340942,TransSlide
156.9599,23.54451,0,0.4032969,0.3849088,0,0.1446471,688.5036,0.9478569,0.01813808,Straight,Down,0,-0.6389847,TransSlide
156.9999,23.56229,0,0.4170299,0.3849088,0,0.1449078,689.4459,0.9480491,0.01832492,Straight,Down,0,-0.6438751,TransSlide
157.0399,23.58005,0,0.4518199,0.3849088,0,0.1463246,690.389,0.948222,0.01851264,Straight,Down,0,-0.6487656,TransSlide
157.0799,23.59762,0,0.4820323,0.3849088,0,0.1488933,691.3327,0.9484783,0.01870135,Straight,Down,0,-0.6536713,TransSlide
157.1199,23.61508,0,0.505836,0.3849088,0,0.1528075,692.2771,0.9482446,0.01889095,Right,Down,0.05934703,-0.6579132,TransSlide
157.1599,23.63268,0,0.540626,0.3849088,0,0.1576988,693.2222,0.9494485,0.01908148,Right,Down,0.06255726,-0.6582794,TransSlide
157.2,23.65125,0,0.571754,0.3849088,0,0.1639031,694.1681,0.9505622,0.01927302,Right,Down,0.06255726,-0.658638,TransSlide
157.2399,23.66894,0,0.6074631,0.3849088,0,0.1693209,695.1147,0.951203,0.01946539,Right,Down,0.05934703,-0.6590042,TransSlide
157.2799,23.68534,0,0.6303513,0.3849088,0,0.1693504,696.0619,0.9504391,0.01965881,Right,Down,0.05934703,-0.6593628,TransSlide
157.3199,23.70231,0,0.6431687,0.3849088,0,0.1710311,697.0098,0.949748,0.01985309,Right,Down,0.06255726,-0.659729,TransSlide
157.3599,23.71998,0,0.6477463,0.3849088,0,0.1744858,697.9585,0.94948,0.02004839,Right,Down,0.05934703,-0.6600952,TransSlide
157.3999,23.73588,0,0.6486619,0.3849088,0,0.179816,698.9078,0.9493372,0.02024451,Right,Down,0.06255726,-0.6604538,TransSlide
157.4399,23.75159,0,0.6495774,0.3849088,0,0.1871121,699.8577,0.9494632,0.0204416,Right,Down,0.06255726,-0.6608124,TransSlide
157.4799,23.76925,0,0.654155,0.3849088,0,0.1962493,700.8083,0.9511806,0.02063966,Right,Down,0.07661668,-0.661171,TransSlide
157.5199,23.78654,0,0.654155,0.3849088,0,0.2054949,701.7596,0.9527293,0.02083863,Right,Down,0.08846933,-0.6605453,TransSlide
157.56,23.80108,0,0.6431687,0.3849088,0,0.2098004,702.7115,0.95193,0.02103857,Right,Down,0.08622923,-0.6589432,TransSlide
157.5999,23.81698,0,0.6294358,0.3849088,0,0.2163747,703.664,0.9510578,0.0212394,Right,Down,0.08622923,-0.657341,TransSlide
157.6399,23.8336,0,0.6257737,0.3849088,0,0.225143,704.6172,0.9506072,0.02144123,Right,Down,0.08622923,-0.6557388,TransSlide
157.6799,23.84815,0,0.6257737,0.3849088,0,0.236165,705.571,0.9504058,0.02164391,Right,Down,0.08846933,-0.654129,TransSlide
157.7199,23.86723,0,0.6349289,0.3849088,0,0.2496991,706.5255,0.9525818,0.02184759,Right,Down,0.08622923,-0.6525269,TransSlide
157.7599,23.88152,0,0.6495774,0.3849088,0,0.260362,707.4806,0.9535763,0.02205214,Right,Down,0.09487279,-0.6509094,TransSlide
157.7999,23.89458,0,0.6733811,0.3849088,0,0.2696623,708.4363,0.9527462,0.02225763,Right,Down,0.1065312,-0.6485977,TransSlide
157.84,23.91154,0,0.7127488,0.3849088,0,0.2814277,709.3925,0.9517975,0.0224641,Right,Down,0.1065312,-0.6454086,TransSlide
157.8799,23.92481,0,0.7383835,0.3849088,0,0.2960036,710.3494,0.951139,0.02267144,Right,Down,0.1065312,-0.6422043,TransSlide
157.9199,23.94352,0,0.7484543,0.3849088,0,0.3133609,711.3069,0.9537862,0.02287979,Right,Down,0.1083524,-0.6390076,TransSlide
157.9599,23.95669,0,0.7612717,0.3849088,0,0.3270008,712.2651,0.9545156,0.023089,Right,Down,0.1065312,-0.6357956,TransSlide
157.9999,23.96826,0,0.7786667,0.3849088,0,0.3409599,713.2237,0.9536824,0.02329919,Right,Down,0.1219466,-0.6325836,TransSlide
158.0399,23.98395,0,0.8070481,0.3849088,0,0.3581463,714.1829,0.952213,0.02351026,Right,Down,0.1251145,-0.628273,TransSlide
158.0799,24.00004,0,0.8143723,0.3849088,0,0.3784228,715.1426,0.9535071,0.02372224,Right,Down,0.1251145,-0.6236572,TransSlide
158.1199,24.01393,0,0.8143723,0.3849088,0,0.3978063,716.1031,0.9551625,0.02393524,Right,Down,0.1251145,-0.6190338,TransSlide
158.1599,24.025,0,0.8143723,0.3849088,0,0.4152554,717.064,0.9546633,0.02414909,Right,Down,0.1251145,-0.6143951,TransSlide
158.2,24.03747,0,0.8143723,0.3849088,0,0.4358198,718.0254,0.953081,0.02436394,Right,Down,0.1412742,-0.6097565,TransSlide
158.2399,24.05626,0,0.8143723,0.3849088,0,0.4597777,718.9874,0.9547943,0.02457962,Right,Down,0.1426525,-0.60392,TransSlide
158.2799,24.06791,0,0.8143723,0.3849088,0,0.4815017,719.9501,0.9560007,0.02479634,Right,Down,0.1440177,-0.5979691,TransSlide
158.3199,24.07758,0,0.8143723,0.3849088,0,0.5028433,720.9131,0.9552285,0.0250139,Right,Down,0.1440177,-0.5920029,TransSlide
158.3599,24.09123,0,0.8143723,0.3849088,0,0.5275532,721.8765,0.9537444,0.02523244,Right,Down,0.1545051,-0.5860367,TransSlide
158.3999,24.10787,0,0.8079636,0.3849088,0,0.554962,722.8408,0.9570399,0.02545184,Right,Down,0.1607126,-0.5792084,TransSlide
158.4399,24.11864,0,0.8015549,0.3849088,0,0.5776395,723.8054,0.9564697,0.0256722,Right,Down,0.1594904,-0.5719833,TransSlide
158.4799,24.12494,0,0.7969773,0.3849088,0,0.6041512,724.7703,0.9542331,0.02589351,Right,Down,0.1607126,-0.564743,TransSlide
158.5199,24.14599,0,0.7969773,0.3849088,0,0.6341977,725.736,0.9577657,0.02611569,Right,Down,0.1735894,-0.5574875,TransSlide
158.5599,24.15613,0,0.7969773,0.3849088,0,0.6584485,726.7021,0.9571489,0.02633888,Right,Down,0.1769387,-0.549202,TransSlide
158.5999,24.16109,0,0.8015549,0.3849088,0,0.6865337,727.6685,0.9548613,0.02656291,Right,Down,0.1769387,-0.5407257,TransSlide
158.6399,24.18261,0,0.8070481,0.3849088,0,0.7180019,728.6356,0.9585689,0.02678794,Right,Down,0.1823843,-0.5322418,TransSlide
158.6799,24.19143,0,0.8189499,0.3849088,0,0.7443781,729.6032,0.9574938,0.02701382,Right,Down,0.1928145,-0.5232544,TransSlide
158.7199,24.19861,0,0.8189499,0.3849088,0,0.7745687,730.571,0.9561828,0.0272407,Right,Down,0.1928145,-0.5135651,TransSlide
158.7599,24.21655,0,0.8189499,0.3849088,0,0.8054929,731.5396,0.9584461,0.02746839,Right,Down,0.1978235,-0.5038605,TransSlide
158.7999,24.22253,0,0.8198655,0.3849088,0,0.8343216,732.5084,0.9568049,0.02769704,Right,Down,0.20842,-0.4938126,TransSlide
158.84,24.23756,0,0.8198655,0.3849088,0,0.8671141,733.4777,0.9585616,0.02792669,Right,Down,0.2093567,-0.4829254,TransSlide
158.8799,24.24801,0,0.8198655,0.3849088,0,0.8960342,734.4476,0.9579529,0.02815715,Right,Down,0.2158,-0.472023,TransSlide
158.9199,24.25607,0,0.8198655,0.3849088,0,0.9274657,735.4177,0.95726,0.02838862,Right,Down,0.2246844,-0.4606476,TransSlide
158.9599,24.27204,0,0.8198655,0.3849088,0,0.9586115,736.3884,0.959007,0.02862093,Right,Down,0.2246844,-0.4485626,TransSlide
158.9999,24.27662,0,0.8198655,0.3849088,0,0.9886192,737.3594,0.9564338,0.02885426,Right,Down,0.2373883,-0.4364777,TransSlide
159.0399,24.29118,0,0.8198655,0.3849088,0,1.020369,738.3309,0.959737,0.02908842,Right,Down,0.2414744,-0.4235001,TransSlide
159.0799,24.29603,0,0.8198655,0.3849088,0,1.049201,739.3027,0.9571499,0.02932346,Right,Down,0.2454926,-0.4102478,TransSlide
159.1199,24.30825,0,0.8198655,0.3849088,0,1.081159,740.275,0.9605016,0.02955956,Right,Down,0.2571706,-0.3966599,TransSlide
159.1599,24.31567,0,0.8198655,0.3849088,0,1.108547,741.2477,0.9574105,0.02979646,Right,Down,0.2571706,-0.3822174,TransSlide
159.2,24.32705,0,0.8134568,0.3849088,0,1.139009,742.2208,0.9607822,0.03003437,Right,Down,0.272681,-0.3677444,TransSlide
159.2399,24.33636,0,0.8125412,0.3849088,0,1.165369,743.1942,0.9573686,0.03027308,Right,Down,0.2741124,-0.3522034,TransSlide
159.2799,24.34581,0,0.8125412,0.3849088,0,1.193686,744.1681,0.9608571,0.03051284,Right,Down,0.2859903,-0.3365479,TransSlide
159.3199,24.35824,0,0.8125412,0.3849088,0,1.218714,745.1423,0.958145,0.03075341,Right,Down,0.2900664,-0.320015,TransSlide
159.3599,24.3629,0,0.8125412,0.3849088,0,1.243942,746.1169,0.9603079,0.03099499,Right,Down,0.3006659,-0.3031693,TransSlide
159.3999,24.37951,0,0.8189499,0.3849088,0,1.267927,747.0919,0.9607675,0.03123737,Right,Down,0.3064671,-0.2855453,TransSlide
159.4399,24.37842,0,0.8198655,0.3849088,0,1.2888,748.067,0.9588464,0.03148067,Right,Down,0.3189811,-0.2675018,TransSlide
159.4799,24.39384,0,0.8253622,0.3849088,0,1.310355,749.0427,0.9620697,0.03172499,Right,Down,0.3238513,-0.2485962,TransSlide
159.5199,24.40772,0,0.8262777,0.3849088,0,1.328271,750.0186,0.9597737,0.03197012,Right,Down,0.3380413,-0.2293396,TransSlide
159.5599,24.39864,0,0.8390951,0.3849088,0,1.344188,750.9948,0.9594619,0.03221628,Right,Down,0.3414966,-0.2090683,TransSlide
159.5999,24.41808,0,0.8720541,0.3849088,0,1.359429,751.9714,0.9619135,0.03246323,Right,Down,0.3577275,-0.1885376,TransSlide
159.6399,24.42724,0,0.8976889,0.3849088,0,1.370679,752.9483,0.9615268,0.03271121,Right,Down,0.364769,-0.1668549,TransSlide
159.6799,24.43388,0,0.9379721,0.3849088,0,1.379113,753.9255,0.9643128,0.03295998,Right,Flat,0.3743001,-0.1446915,TransSlide
159.7199,24.4401,0,0.9617758,0.3849088,0,1.38756,754.9031,0.9622523,0.03320966,Right,Flat,0.3886621,-0.1218033,TransSlide
159.7599,24.44799,0,0.9691,0.3849088,0,1.392009,755.8811,0.9646297,0.03346036,Right,Flat,0.3976209,-0.09789276,TransSlide
159.7999,24.46345,0,0.9691,0.3849088,0,1.395499,756.8594,0.962948,0.03371186,Right,Flat,0.4087828,-0.07337189,TransSlide
159.84,24.46202,0,0.9691,0.3849088,0,1.398466,757.8379,0.9617462,0.03396437,Right,Flat,0.4238235,-0.04801941,TransSlide
159.8799,24.47626,0,0.9691,0.3849088,0,1.397379,758.8168,0.9637346,0.03421772,Right,Flat,0.4111691,-0.02161407,TransSlide
159.9199,24.47859,0,0.9691,0.3849088,0,1.397772,759.7958,0.9610164,0.03447206,Right,Flat,0.392669,0.005264282,TransSlide
159.9599,24.48422,0,0.9663534,0.3849088,0,1.394718,760.7753,0.963589,0.03472719,Right,Flat,0.3810355,0.03250885,TransSlide
159.9999,24.49548,0,0.9617758,0.3849088,0,1.391087,761.7549,0.9622343,0.03498334,Right,Flat,0.3779418,0.0592804,TransSlide
160.0399,24.4945,0,0.9608603,0.3849088,0,1.387191,762.7347,0.9624284,0.0352403,Right,Flat,0.3732531,0.08584595,TransSlide
160.0799,24.50629,0,0.9507895,0.3849088,0,1.380579,763.7149,0.9634892,0.03549815,Right,Flat,0.3685048,0.1119537,TransSlide
160.1199,24.50658,0,0.9434652,0.3769741,0,1.375897,764.6951,0.961693,0.03575701,Right,Flat,0.3663747,0.1376724,TransSlide
160.1599,24.51414,0,0.9269857,0.3650568,0,1.366569,765.6757,0.9648105,0.03601671,Right,Up,0.3599087,0.1631622,TransSlide
160.1999,24.51439,0,0.9095907,0.3610895,0,1.359875,766.6561,0.962463,0.03627736,Right,Up,0.3571801,0.1880112,TransSlide
160.2399,24.51386,0,0.8958578,0.3610895,0,1.349475,767.6367,0.9656501,0.03653885,Right,Up,0.3516591,0.2126312,TransSlide
160.2799,24.51429,0,0.8628988,0.3610895,0,1.340916,768.6172,0.9632878,0.03680135,Right,Up,0.3477423,0.2367477,TransSlide
160.3199,24.51174,0,0.8381796,0.3571222,0,1.329801,769.5977,0.9660261,0.03706462,Right,Up,0.3443497,0.2604752,TransSlide
160.3599,24.51111,0,0.8070481,0.3531548,0,1.319367,770.5782,0.9641929,0.03732891,Right,Up,0.3374619,0.283844,TransSlide
160.3999,24.50782,0,0.7768357,0.3531548,0,1.307557,771.5586,0.9662538,0.037594,Right,Up,0.3357179,0.3066254,TransSlide
160.4399,24.50554,0,0.7539475,0.3531548,0,1.296,772.5389,0.9648237,0.03785998,Right,Up,0.3274564,0.3292084,TransSlide
160.4799,24.50272,0,0.7319748,0.3531548,0,1.283688,773.519,0.9667172,0.03812698,Right,Up,0.3256589,0.3510284,TransSlide
160.5199,24.49974,0,0.720073,0.3531548,0,1.27166,774.4991,0.965192,0.03839479,Right,Up,0.3183671,0.3726959,TransSlide
160.5599,24.49883,0,0.7145798,0.3531548,0,1.258181,775.4791,0.9677057,0.03866357,Right,Up,0.315899,0.3936539,TransSlide
160.5999,24.49452,0,0.7145798,0.3531548,0,1.246636,776.4589,0.9656606,0.03893317,Right,Up,0.3083766,0.4143677,TransSlide
160.6399,24.49474,0,0.7145798,0.3531548,0,1.232034,777.4386,0.9679014,0.03920377,Right,Up,0.3058279,0.434433,TransSlide
160.6799,24.49051,0,0.7081711,0.3531548,0,1.221523,778.4183,0.9660425,0.03947515,Right,Up,0.2987072,0.4542084,TransSlide
160.7199,24.48864,0,0.6944382,0.3531548,0,1.205706,779.3978,0.967935,0.03974746,Right,Up,0.2954137,0.4733276,TransSlide
160.7599,24.48624,0,0.6669724,0.3531548,0,1.194245,780.3773,0.9675091,0.04002075,Right,Up,0.2880355,0.4921875,TransSlide
160.7999,24.48068,0,0.6422532,0.3531548,0,1.179514,781.3565,0.967779,0.0402948,Right,Up,0.2866737,0.5103149,TransSlide
160.84,24.4823,0,0.6239426,0.3531548,0,1.166337,782.3358,0.9694037,0.04056991,Right,Up,0.276953,0.5283279,TransSlide
160.8799,24.47485,0,0.6129563,0.3531548,0,1.154231,783.3148,0.9678688,0.04084576,Right,Up,0.2762456,0.5453949,TransSlide
160.9199,24.47582,0,0.6065476,0.3531548,0,1.139318,784.2938,0.9694688,0.04112265,Right,Up,0.2654082,0.5624466,TransSlide
160.9599,24.47152,0,0.5992234,0.3531548,0,1.128325,785.2728,0.9689127,0.04140032,Right,Up,0.2639296,0.5785751,TransSlide
160.9999,24.46773,0,0.5772471,0.3531548,0,1.113707,786.2515,0.9690213,0.04167897,Right,Up,0.2571706,0.5945206,TransSlide
161.0399,24.47039,0,0.5580211,0.3531548,0,1.100478,787.2303,0.9711162,0.0419584,Right,Up,0.25101,0.6098404,TransSlide
161.0799,24.46161,0,0.5223155,0.3729915,0,1.091072,788.2089,0.9689402,0.04223875,Right,Up,0.249446,0.6246338,TransSlide
161.1199,24.46442,0,0.4930186,0.3729915,0,1.075217,789.1874,0.9697843,0.04252008,Right,Up,0.2373883,0.639267,TransSlide
161.1599,24.47149,0,0.4527354,0.3729915,0,1.062768,790.1662,0.9720949,0.04280222,Right,Up,0.2373883,0.652832,TransSlide
161.1999,24.46691,0,0.4087901,0.3729915,0,1.054177,791.1449,0.9698297,0.04308534,Right,Up,0.2289973,0.6663818,TransSlide
161.2399,24.46991,0,0.3740001,0.3729915,0,1.039099,792.1237,0.9704538,0.04336924,Right,Up,0.2229358,0.6792297,TransSlide
161.2799,24.4768,0,0.3327978,0.3372854,0,1.026709,793.1027,0.9724388,0.04365415,Right,Up,0.2229358,0.691452,TransSlide
161.3199,24.46696,0,0.3035009,0.3253834,0,1.017855,794.0814,0.9716275,0.04393984,Right,Up,0.2102893,0.7036514,TransSlide
161.3599,24.45954,0,0.2796972,0.3214161,0,1.005388,795.0599,0.9712163,0.04422642,Right,Up,0.2065338,0.7147903,TransSlide
161.3999,24.45313,0,0.2549779,0.2856947,0,0.9921541,796.0381,0.9721425,0.04451401,Right,Up,0.2065338,0.7255249,TransSlide
161.4399,24.43787,0,0.2375829,0.2539559,0,0.9817907,797.0158,0.9737074,0.04480235,Right,Up,0.1938267,0.7362366,TransSlide
161.4799,24.41451,0,0.2174413,0.2499886,0,0.9745252,797.9926,0.9719087,0.0450917,Right,Up,0.1876719,0.7459183,TransSlide
161.5199,24.39094,0,0.1954687,0.27776,0,0.9606459,798.9684,0.9721265,0.04538182,Right,Up,0.1866263,0.7549973,TransSlide
161.5599,24.37123,0,0.1707494,0.3015793,0,0.947994,799.9435,0.9731467,0.04567296,Right,Up,0.1813082,0.7640533,TransSlide
161.5999,24.35725,0,0.1350439,0.3015793,0,0.9377589,800.9179,0.9748011,0.04596484,Right,Up,0.165511,0.7726212,TransSlide
161.6399,24.34375,0,0.1002502,0.3015793,0,0.9301881,801.8918,0.9740002,0.04625774,Right,Up,0.165511,0.7798615,TransSlide
161.6799,24.33068,0,0.05722046,0.3055466,0,0.9211738,802.8652,0.9731501,0.04655141,Right,Up,0.165511,0.7870865,TransSlide
161.7199,24.32067,0,0.02883911,0.3055466,0,0.9069505,803.8381,0.9739197,0.04684595,Right,Up,0.1557664,0.7942963,TransSlide
161.7599,24.30914,0,0.004119873,0.3055466,0,0.894956,804.8106,0.9748592,0.04714153,Right,Up,0.1412742,0.8006516,TransSlide
161.7999,24.29783,0,-0.009613037,0.2856947,0,0.8846294,805.7827,0.9756319,0.04743782,Right,Up,0.1398823,0.805687,TransSlide
161.8399,24.28492,0,-0.01602173,0.2698253,0,0.8760947,806.7542,0.9761238,0.04773516,Right,Up,0.1398823,0.8107147,TransSlide
161.8799,24.26628,0,-0.01693726,0.2579232,0,0.8694131,807.7251,0.975228,0.04803322,Right,Up,0.1398823,0.8157349,TransSlide
161.9199,24.24497,0,-0.01693726,0.2301518,0,0.8616025,808.6951,0.97447,0.04833228,Right,Up,0.1153499,0.8207397,TransSlide
161.9599,24.2202,0,-0.01693726,0.1904631,0,0.8461026,809.6642,0.9754389,0.04863215,Right,Up,0.1065312,0.8236847,TransSlide
161.9999,24.18617,0,-0.01693726,0.1864958,0,0.8322163,810.632,0.9764841,0.04893297,Right,Up,0.1065312,0.8258514,TransSlide
162.0399,24.14917,0,-0.01693726,0.1864958,0,0.8196299,811.5983,0.9772195,0.04923457,Right,Up,0.1083524,0.8280029,TransSlide
162.0799,24.11287,0,-0.02243042,0.2103151,0,0.8081418,812.5631,0.9776654,0.04953707,Right,Up,0.1065312,0.8301544,TransSlide
162.1199,24.08179,0,-0.03433228,0.2103151,0,0.7976757,813.5267,0.977834,0.04984055,Right,Up,0.1065312,0.8323059,TransSlide
162.1599,24.05094,0,-0.05172729,0.2103151,0,0.7883685,814.489,0.9779826,0.05014477,Right,Up,0.05934703,0.8344498,TransSlide
162.1999,24.02021,0,-0.07736385,0.2142824,0,0.7797908,815.4501,0.9781461,0.05045,Straight,Up,0,0.8330688,TransSlide
162.2399,23.98999,0,-0.09475887,0.2142824,0,0.7720701,816.41,0.9782004,0.05075598,Straight,Up,0,0.8265076,TransSlide
162.2799,23.9603,0,-0.1139849,0.2142824,0,0.765034,817.3687,0.9783295,0.05106298,Straight,Up,0,0.8199539,TransSlide
162.3199,23.93071,0,-0.1368731,0.2142824,0,0.7587219,818.3262,0.9784746,0.05137072,Straight,Up,0,0.8134079,TransSlide
162.3599,23.90119,0,-0.1542681,0.2142824,0,0.7527854,819.2826,0.9785673,0.05167932,Straight,Up,0,0.8068771,TransSlide
162.3999,23.87179,0,-0.1780736,0.2222171,0,0.7472106,820.2377,0.9787714,0.05198893,Straight,Up,0,0.800354,TransSlide
162.4399,23.84332,0,-0.1963842,0.2301518,0,0.7419989,821.1917,0.9789386,0.05229929,Straight,Up,0,0.7938309,TransSlide
162.4799,23.81665,0,-0.2256811,0.2460212,0,0.7369992,822.1446,0.9791879,0.05261067,Straight,Up,0,0.787323,TransSlide
162.5199,23.79313,0,-0.2375829,0.2579232,0,0.7322659,823.0966,0.9795927,0.05292273,Straight,Up,0,0.7808151,TransSlide
162.5599,23.77343,0,-0.256809,0.2618906,0,0.727635,824.0477,0.9799265,0.05323587,Straight,Up,0,0.7743225,TransSlide
162.5999,23.75471,0,-0.2668798,0.2618906,0,0.7230625,824.998,0.9797681,0.05354968,Straight,Up,0,0.7678299,TransSlide
162.6399,23.73613,0,-0.2787817,0.2698253,0,0.7185299,825.9477,0.979776,0.05386455,Straight,Up,0,0.7613449,TransSlide
162.6799,23.71816,0,-0.2906835,0.27776,0,0.7136836,826.8966,0.9798981,0.05418012,Straight,Up,0,0.7548599,TransSlide
162.7199,23.7024,0,-0.298925,0.2817273,0,0.7086869,827.8448,0.9801086,0.05449659,Straight,Up,0,0.7483902,TransSlide
162.7599,23.68809,0,-0.3053337,0.297612,0,0.703216,828.7925,0.9804167,0.05481401,Straight,Up,0,0.7419128,TransSlide
162.7999,23.67583,0,-0.3089958,0.3015793,0,0.6973898,829.7396,0.9806948,0.05513222,Straight,Up,0,0.7354355,TransSlide
162.8399,23.66511,0,-0.3099114,0.3015793,0,0.6911584,830.6863,0.9807447,0.0554514,Straight,Up,0,0.7289734,TransSlide
162.8799,23.65508,0,-0.3273064,0.3015793,0,0.6873012,831.6326,0.9808807,0.05577133,Straight,Up,0,0.7225113,TransSlide
162.9199,23.64706,0,-0.3465325,0.3015793,0,0.6888718,832.5786,0.983042,0.05609224,Straight,Up,0,0.7160492,TransSlide
162.9599,23.63849,0,-0.3859001,0.3015793,0,0.6899031,833.5242,0.9849256,0.05641393,Straight,Up,0,0.7095947,TransSlide
162.9999,23.62919,0,-0.4362559,0.3055466,0,0.6898516,834.4695,0.9861886,0.05673645,Straight,Up,0,0.7031403,TransSlide
163.0399,23.62153,0,-0.4765391,0.309514,0,0.6889962,835.4144,0.9852153,0.05705995,Straight,Up,0,0.6966705,TransSlide
163.0799,23.61222,0,-0.5177379,0.3293507,0,0.6876099,836.3589,0.9826987,0.0573842,Straight,Up,0,0.6902084,TransSlide
163.1199,23.61052,0,-0.523231,0.3333181,0,0.6937929,837.3034,0.9840843,0.05770943,Straight,Up,0,0.6837463,TransSlide
163.1599,23.61064,0,-0.5177379,0.3333181,0,0.698859,838.2479,0.9855989,0.05803541,Left,Up,-0.05934703,0.6772919,TransSlide
163.1999,23.60698,0,-0.5113292,0.3333181,0,0.7025779,839.1922,0.9863206,0.05836237,Left,Up,-0.1101434,0.6657104,TransSlide
163.2399,23.60323,0,-0.5113292,0.3333181,0,0.7056867,840.1363,0.9837094,0.05869005,Left,Up,-0.1101434,0.6496735,TransSlide
163.2799,23.6046,0,-0.5113292,0.3333181,0,0.7162902,841.0804,0.9852234,0.05901877,Left,Up,-0.1101434,0.6336288,TransSlide
163.3199,23.60648,0,-0.5131602,0.3333181,0,0.7251636,842.0247,0.9876761,0.05934814,Left,Up,-0.1101434,0.6175842,TransSlide
163.3599,23.59877,0,-0.5168223,0.3372854,0,0.7326088,842.9687,0.985296,0.05967844,Left,Up,-0.1153499,0.6015167,TransSlide
163.3999,23.60073,0,-0.5241466,0.3372854,0,0.7467016,843.9127,0.9858813,0.0600097,Left,Up,-0.1519511,0.5852661,TransSlide
163.4399,23.60566,0,-0.5543607,0.3372854,0,0.7601481,844.8569,0.9883702,0.06034169,Left,Up,-0.1519511,0.5656433,TransSlide
163.4799,23.59854,0,-0.6074613,0.3372854,0,0.7725308,845.8009,0.9855704,0.06067467,Left,Up,-0.1506579,0.5460129,TransSlide
163.5199,23.60287,0,-0.6376737,0.3372854,0,0.7916803,846.7449,0.987575,0.06100837,Left,Up,-0.1532334,0.5263672,TransSlide
163.5599,23.6025,0,-0.6504929,0.3412528,0,0.80826,847.6891,0.9881197,0.06134305,Left,Up,-0.1845175,0.506691,TransSlide
163.5999,23.60096,0,-0.6367582,0.3650568,0,0.8282316,848.6331,0.9876237,0.06167848,Left,Up,-0.1866263,0.4842453,TransSlide
163.6399,23.61086,0,-0.6202787,0.3729915,0,0.8500702,849.5775,0.9896574,0.06201489,Left,Up,-0.1855749,0.4615707,TransSlide
163.6799,23.61534,0,-0.5955595,0.3729915,0,0.8728613,850.5221,0.9876962,0.06235201,Left,Up,-0.2065338,0.4389114,TransSlide
163.7199,23.62684,0,-0.5589384,0.3729915,0,0.8996776,851.4671,0.9905742,0.06269,Left,Up,-0.2176059,0.4145584,TransSlide
163.7599,23.63558,0,-0.5003428,0.3729915,0,0.9270042,852.4124,0.9884575,0.06302894,Left,Up,-0.2167048,0.3892136,TransSlide
163.7999,23.64459,0,-0.4527354,0.3729915,0,0.9588487,853.3582,0.9912689,0.06336863,Left,Up,-0.2390311,0.3638153,TransSlide
163.8399,23.6561,0,-0.4170299,0.3729915,0,0.9921351,854.3043,0.989211,0.0637093,Left,Up,-0.2454926,0.3365707,TransSlide
163.8799,23.65809,0,-0.3923088,0.3729915,0,1.02926,855.2506,0.9882761,0.06405068,Left,Up,-0.25101,0.30867,TransSlide
163.9199,23.67399,0,-0.3913933,0.3729915,0,1.065179,856.1974,0.9898699,0.06439305,Left,Up,-0.2719625,0.2804108,TransSlide
163.9599,23.68504,0,-0.3913933,0.3729915,0,1.099679,857.1447,0.9926514,0.06473614,Left,Up,-0.2719625,0.2501984,TransSlide
163.9999,23.6934,0,-0.3913933,0.3729915,0,1.131596,858.0923,0.9947237,0.06508005,Left,Up,-0.2934199,0.2199402,TransSlide
164.0399,23.70609,0,-0.3913933,0.3729915,0,1.161185,859.0405,0.9951133,0.06542496,Left,Up,-0.2967354,0.1877823,TransSlide
164.0799,23.71916,0,-0.3877312,0.3729915,0,1.188374,859.9891,0.9946408,0.06577057,Left,Up,-0.315279,0.1552429,TransSlide
164.1199,23.73173,0,-0.3877312,0.3729915,0,1.212733,860.9382,0.9946305,0.06611717,Left,Flat,-0.3208161,0.1210785,TransSlide
164.1599,23.74351,0,-0.3877312,0.3729915,0,1.234702,861.8879,0.9923241,0.06646449,Left,Flat,-0.3397734,0.08638763,TransSlide
164.1999,23.75392,0,-0.3868157,0.3729915,0,1.253979,862.838,0.9902741,0.06681279,Left,Flat,-0.3064671,0.05000305,TransSlide
164.2399,23.75884,0,-0.3813225,0.3729915,0,1.270562,863.7883,0.9880934,0.06716181,Right,Flat,0.06852804,0.01282501,TransSlide
164.2799,23.77467,0,-0.3639275,0.3729915,0,1.282135,864.7391,0.9903555,0.06751177,Right,Flat,0.06852804,-0.03812408,TransSlide
164.3199,23.79104,0,-0.3447014,0.3729915,0,1.290069,865.6906,0.9952329,0.06786249,Right,Flat,0.06852804,-0.08908081,TransSlide
164.3599,23.79974,0,-0.3208977,0.3729915,0,1.295727,866.6426,0.9990141,0.06821404,Right,Flat,0.06852804,-0.1401062,TransSlide
164.3999,23.81508,0,-0.274204,0.3729915,0,1.299473,867.595,1.000143,0.06856654,Right,Down,0.07132626,-0.1912613,TransSlide
164.4399,23.83271,0,-0.2330053,0.3729915,0,1.301127,868.5482,0.9997683,0.06891976,Right,Down,0.07132626,-0.2425156,TransSlide
164.4799,23.84901,0,-0.190891,0.3729915,0,1.300758,869.502,0.9988671,0.06927396,Right,Down,0.06852804,-0.2938538,TransSlide
164.5199,23.86481,0,-0.1469439,0.3729915,0,1.298373,870.4564,0.9978277,0.06962884,Right,Down,0.07132626,-0.3452377,TransSlide
164.5599,23.88031,0,-0.1139849,0.3729915,0,1.293753,871.4114,0.9969124,0.06998471,Right,Down,0.07132626,-0.3966751,TransSlide
164.5999,23.89568,0,-0.100252,0.3729915,0,1.287151,872.3671,0.9961068,0.0703413,Straight,Down,-0.01978234,-0.4481583,TransSlide
164.6399,23.91101,0,-0.100252,0.3729915,0,1.278588,873.3234,0.9955941,0.07069869,Straight,Down,0,-0.4647903,TransSlide
164.6799,23.92626,0,-0.100252,0.3729915,0,1.268161,874.2803,0.995397,0.07105712,Straight,Down,0,-0.4788284,TransSlide
164.7199,23.94154,0,-0.0956744,0.3729915,0,1.255848,875.2379,0.9953574,0.07141618,Straight,Down,0,-0.4928741,TransSlide
164.7599,23.95681,0,-0.09384334,0.3729915,0,1.241526,876.196,0.9954292,0.07177625,Straight,Down,-0.01978234,-0.5069351,TransSlide
164.7999,23.97212,0,-0.08835018,0.3729915,0,1.225481,877.1547,0.995666,0.07213698,Straight,Down,-0.01978234,-0.5210114,TransSlide
164.8399,23.98744,0,-0.08194149,0.3729915,0,1.207899,878.1141,0.9958791,0.07249875,Straight,Down,0,-0.5350952,TransSlide
164.8799,24.00276,0,-0.05722046,0.3729915,0,1.188725,879.074,0.9963042,0.07286114,Straight,Down,0,-0.5491943,TransSlide
164.9199,24.01809,0,-0.004119873,0.3729915,0,1.168007,880.0346,0.996637,0.07322452,Straight,Down,0,-0.5633011,TransSlide
164.9599,24.03344,0,0.03890991,0.3729915,0,1.146084,880.9958,0.9969581,0.07358862,Straight,Down,-0.01978234,-0.5774307,TransSlide
164.9999,24.04878,0,0.09475708,0.3729915,0,1.122945,881.9576,0.9972349,0.07395355,Straight,Down,-0.01978234,-0.5915604,TransSlide
165.0399,24.06417,0,0.1039124,0.3729915,0,1.098723,882.92,0.9975175,0.07431943,Straight,Down,0,-0.6057053,TransSlide
165.0799,24.07952,0,0.09933472,0.3729915,0,1.07367,883.883,0.997939,0.07468603,Straight,Down,0,-0.6198654,TransSlide
165.1199,24.09491,0,0.09933472,0.3729915,0,1.047776,884.8466,0.998425,0.07505355,Straight,Down,0,-0.6340332,TransSlide
165.1599,24.11037,0,0.09933472,0.3729915,0,1.020675,885.8109,0.9989128,0.07542182,Straight,Down,-0.01978234,-0.6482086,TransSlide
165.1999,24.1255,0,0.1121521,0.3729915,0,0.9926147,886.7757,0.9993947,0.07579101,Straight,Down,0,-0.6623993,TransSlide
165.2399,24.14065,0,0.1277196,0.3729915,0,0.963891,887.7411,0.9995221,0.07616092,Straight,Down,0,-0.6766052,TransSlide
165.2799,24.15591,0,0.1469457,0.3729915,0,0.934303,888.7072,0.9997682,0.07653175,Straight,Down,0,-0.6908188,TransSlide
165.3199,24.17094,0,0.1661718,0.3729915,0,0.9039146,889.6739,1.000188,0.07690332,Straight,Down,-0.01978234,-0.70504,TransSlide
165.3599,24.1861,0,0.1780736,0.3729915,0,0.8731429,890.6412,1.000487,0.07727564,Straight,Down,-0.01978234,-0.7192612,TransSlide
165.3999,24.2009,0,0.18906,0.3729915,0,0.8419997,891.6091,1.000734,0.077649,Straight,Down,0,-0.7335052,TransSlide
165.4399,24.2157,0,0.2018774,0.3729915,0,0.810473,892.5776,1.001142,0.07802299,Straight,Down,0,-0.747757,TransSlide
165.4799,24.23063,0,0.2183568,0.3729915,0,0.7786305,893.5466,1.001454,0.078398,Straight,Down,-0.01978234,-0.7620163,TransSlide
165.5199,24.24532,0,0.2183568,0.3729915,0,0.7467659,894.5163,1.001895,0.07877365,Straight,Down,-0.01978234,-0.7762833,TransSlide
165.5599,24.25993,0,0.2183568,0.3729915,0,0.7148013,895.4865,1.00231,0.0791503,Straight,Down,-0.01978234,-0.7905655,TransSlide
165.5999,24.27453,0,0.2183568,0.3729915,0,0.6828879,896.4573,1.002621,0.07952759,Straight,Down,0,-0.8048477,TransSlide
165.6399,24.28907,0,0.1963842,0.3491875,0,0.6510737,897.4288,1.002939,0.0799057,Straight,Down,0,-0.8191376,TransSlide
165.6799,24.29887,0,0.1643407,0.3452201,0,0.6193986,898.4006,1.003304,0.08028478,Straight,Down,0,-0.8334351,TransSlide
165.7199,24.30522,0,0.1176488,0.3372854,0,0.5878626,899.3727,1.002687,0.08066455,Straight,Down,0,-0.8477402,TransSlide
165.7599,24.31424,0,0.0819397,0.3372854,0,0.5644168,900.3452,1.005281,0.08104525,Straight,Down,-0.01978234,-0.86203,TransSlide
165.7999,24.32269,0,0.04623413,0.3372854,0,0.5412551,901.3181,1.007531,0.08142666,Straight,Down,0,-0.8763199,TransSlide
165.8399,24.32876,0,0.02883911,0.3372854,0,0.5182568,902.2911,1.008936,0.08180899,Straight,Down,-0.01978234,-0.890625,TransSlide
165.8799,24.338,0,0.01052856,0.3372854,0,0.4953617,903.2646,1.009254,0.08219204,Straight,Down,-0.01978234,-0.9049454,TransSlide
165.9199,24.34683,0,0.00869751,0.3372854,0,0.472783,904.2384,1.009173,0.08257601,Straight,Down,-0.01978234,-0.9192734,TransSlide
165.9599,24.35543,0,0.0050354,0.3372854,0,0.4503496,905.2125,1.00891,0.08296067,Straight,Down,-0.01978234,-0.9336014,TransSlide
165.9999,24.36382,0,0.0050354,0.3372854,0,0.4281526,906.187,1.008614,0.08334611,Straight,Down,0,-0.947937,TransSlide
166.0399,24.37209,0,0.0050354,0.3610895,0,0.4063833,907.1618,1.008354,0.08373255,Straight,Down,0,-0.9622803,TransSlide
166.0799,24.385,0,0.0050354,0.3610895,0,0.3850111,908.137,1.008213,0.08411963,Straight,Down,-0.02797646,-0.9766083,TransSlide
166.1199,24.3983,0,0.0050354,0.3650568,0,0.3640964,909.1129,1.008302,0.08450768,Straight,Down,-0.02797646,-0.9786606,TransSlide
166.1599,24.41243,0,0.0050354,0.3690242,0,0.3433418,910.0892,1.008315,0.08489639,Straight,Down,-0.02797646,-0.9807129,TransSlide
166.1999,24.42777,0,0.0050354,0.3690242,0,0.3228801,911.0661,1.008593,0.08528603,Straight,Down,-0.02797646,-0.9827728,TransSlide
166.2399,24.44235,0,0.0050354,0.3729915,0,0.3025419,912.0436,1.009335,0.08567638,Straight,Down,-0.02797646,-0.9848175,TransSlide
166.2799,24.45774,0,0.0050354,0.3729915,0,0.2823258,913.0218,1.008785,0.08606751,Straight,Down,-0.02797646,-0.9868774,TransSlide
166.3199,24.47377,0,0.0050354,0.3729915,0,0.2624072,914.0006,1.008472,0.08645958,Straight,Down,-0.02797646,-0.9889374,TransSlide
166.3599,24.48865,0,0.0050354,0.3729915,0,0.2427517,914.98,1.008628,0.08685232,Straight,Down,-0.02797646,-0.9909973,TransSlide
166.3999,24.50362,0,0.0050354,0.3769741,0,0.2232431,915.96,1.009053,0.08724604,Straight,Down,-0.02797646,-0.9930496,TransSlide
166.4399,24.5191,0,0.0050354,0.3769741,0,0.2041385,916.9406,1.009314,0.08764038,Straight,Down,-0.02797646,-0.9951172,TransSlide
166.4799,24.5351,0,0.0050354,0.3769741,0,0.1899342,917.9218,1.009987,0.08803571,Straight,Down,-0.03426402,-0.9971771,TransSlide
166.5199,24.55172,0,0.003204346,0.3769741,0,0.1810368,918.9037,1.011248,0.08843166,Straight,Down,-0.02797646,-0.9992294,TransSlide
166.5599,24.56755,0,-0.01052856,0.3769741,0,0.1723483,919.8862,1.01228,0.0888286,Straight,Down,-0.02797646,-1.001297,TransSlide
166.5999,24.58385,0,-0.02883911,0.3769741,0,0.1636931,920.8694,1.012953,0.08922613,Straight,Down,-0.02797646,-1.003357,TransSlide
166.6399,24.60051,0,-0.04806519,0.3769741,0,0.1552185,921.8533,1.013232,0.0896245,Straight,Down,-0.03426402,-1.005424,TransSlide
166.6799,24.61703,0,-0.07553279,0.3769741,0,0.1467651,922.8378,1.013392,0.09002382,Straight,Down,-0.02797646,-1.007492,TransSlide
166.7199,24.63344,0,-0.100252,0.3769741,0,0.1385098,923.823,1.013609,0.0904238,Straight,Down,-0.02797646,-1.009552,TransSlide
166.7599,24.64974,0,-0.1185626,0.3769741,0,0.1302079,924.8088,1.013777,0.0908247,Straight,Down,-0.02797646,-1.01162,TransSlide
166.7999,24.66596,0,-0.1240557,0.3769741,0,0.1217991,925.7953,1.013886,0.09122626,Straight,Down,-0.03426402,-1.013695,TransSlide
166.8399,24.68251,0,-0.1240557,0.3769741,0,0.1131006,926.7825,1.014424,0.0916288,Straight,Down,-0.03956468,-1.014496,TransSlide
166.8799,24.69806,0,-0.1240557,0.3809415,0,0.1041106,927.7702,1.014311,0.09203193,Straight,Down,-0.04423466,-1.013397,TransSlide
166.9199,24.71483,0,-0.1240557,0.3809415,0,0.09530666,928.7587,1.013559,0.09243605,Straight,Down,-0.03956468,-1.012291,TransSlide
166.9599,24.73123,0,-0.1240557,0.3809415,0,0.08639732,929.7477,1.013518,0.09284077,Straight,Down,-0.04423466,-1.011177,TransSlide
166.9999,24.74631,0,-0.1240557,0.3849088,0,0.07721367,930.7375,1.013584,0.09324632,Straight,Down,-0.03956468,-1.010071,TransSlide
167.0399,24.76344,0,-0.1240557,0.3849088,0,0.07368109,931.7278,1.014252,0.09365279,Straight,Down,-0.03956468,-1.008965,TransSlide
167.0799,24.78084,0,-0.1240557,0.3849088,0,0.07431802,932.7189,1.015491,0.09405992,Straight,Down,-0.03956468,-1.007851,TransSlide
167.1199,24.79726,0,-0.1240557,0.3849088,0,0.07475659,933.7106,1.016596,0.09446801,Straight,Down,-0.04423466,-1.006737,TransSlide
167.1599,24.8147,0,-0.1249713,0.3849088,0,0.07486391,934.703,1.017266,0.09487668,Straight,Down,-0.03956468,-1.005623,TransSlide
167.1999,24.83219,0,-0.1359576,0.3849088,0,0.07458419,935.6961,1.017648,0.09528635,Straight,Down,-0.03956468,-1.004509,TransSlide
167.2399,24.84961,0,-0.1469439,0.3849088,0,0.07393253,936.6899,1.017941,0.09569664,Straight,Down,-0.03956468,-1.003395,TransSlide
167.2799,24.86688,0,-0.1670855,0.3849088,0,0.07284811,937.6844,1.018213,0.0961077,Straight,Down,-0.03956468,-1.002281,TransSlide
167.3199,24.88461,0,-0.190891,0.3849088,0,0.07115117,938.6796,1.018846,0.09651972,Straight,Down,-0.03956468,-1.00116,TransSlide
167.3599,24.90151,0,-0.2128637,0.3849088,0,0.06884712,939.6755,1.018588,0.09693236,Straight,Down,-0.04423466,-1.000038,TransSlide
167.3999,24.91772,0,-0.2265966,0.3849088,0,0.06623468,940.6721,1.017656,0.09734596,Left,Down,-0.05233916,-0.9980392,TransSlide
167.4399,24.93376,0,-0.2330053,0.3849088,0,0.06278461,941.6693,1.01731,0.09776018,Straight,Down,-0.04845664,-0.9947357,TransSlide
167.4799,24.94998,0,-0.2430761,0.3849088,0,0.06294617,942.6671,1.017602,0.09817532,Straight,Down,-0.04845664,-0.9914322,TransSlide
167.5199,24.96654,0,-0.256809,0.3610895,0,0.06827953,943.6656,1.018821,0.0985911,Straight,Down,-0.04845664,-0.9881287,TransSlide
167.5599,24.97982,0,-0.2668798,0.3610895,0,0.07318401,944.6647,1.020096,0.09900782,Left,Down,-0.05233916,-0.9848175,TransSlide
167.5999,24.99078,0,-0.2815282,0.3610895,0,0.0771881,945.6642,1.020952,0.09942517,Straight,Down,-0.04845664,-0.9815063,TransSlide
167.6399,25.00215,0,-0.291599,0.3610895,0,0.08049908,946.6642,1.02152,0.0998433,Left,Down,-0.05233916,-0.9781952,TransSlide
167.6799,25.01345,0,-0.2980095,0.3610895,0,0.08294532,947.6646,1.021965,0.1002624,Left,Down,-0.05233916,-0.9748764,TransSlide
167.7199,25.02518,0,-0.3035027,0.3610895,0,0.08414635,948.6655,1.022735,0.1006821,Straight,Down,-0.04845664,-0.9715576,TransSlide
167.7599,25.03616,0,-0.3089958,0.3610895,0,0.08462986,949.6668,1.022074,0.1011027,Left,Down,-0.05233916,-0.9682312,TransSlide
167.7999,25.04586,0,-0.3154045,0.3610895,0,0.08417386,950.6685,1.021042,0.1015239,Left,Down,-0.05233916,-0.9648972,TransSlide
167.8399,25.05537,0,-0.3263909,0.3610895,0,0.08317932,951.6707,1.02051,0.1019461,Left,Down,-0.06255726,-0.9612656,TransSlide
167.8799,25.06668,0,-0.3511101,0.3610895,0,0.09058854,952.6732,1.021752,0.1023689,Left,Down,-0.05934703,-0.9560623,TransSlide
167.9199,25.07682,0,-0.3913933,0.3610895,0,0.09681261,953.6762,1.02302,0.1027926,Left,Down,-0.06255726,-0.9508667,TransSlide
167.9599,25.086,0,-0.4161143,0.3610895,0,0.1018093,954.6796,1.024062,0.103217,Left,Down,-0.06255726,-0.9456635,TransSlide
167.9999,25.09657,0,-0.4335093,0.3610895,0,0.1054128,955.6833,1.024794,0.1036421,Left,Down,-0.05934703,-0.9404526,TransSlide
168.0399,25.10787,0,-0.4335093,0.3610895,0,0.1075433,956.6875,1.025518,0.1040681,Left,Down,-0.05934703,-0.9352417,TransSlide
168.0799,25.11828,0,-0.4335093,0.3571222,0,0.1079299,957.6921,1.025619,0.1044948,Left,Down,-0.06255726,-0.9300232,TransSlide
168.1199,25.1267,0,-0.4344249,0.3491875,0,0.1071295,958.6971,1.0242,0.1049224,Left,Down,-0.06255726,-0.9247971,TransSlide
168.1599,25.1332,0,-0.4353404,0.3491875,0,0.1056879,959.7024,1.023051,0.1053506,Left,Down,-0.06255726,-0.9195633,TransSlide
168.1999,25.1412,0,-0.4417491,0.3372854,0,0.1118681,960.7079,1.024353,0.1057797,Left,Down,-0.07132626,-0.9143372,TransSlide
168.2399,25.14559,0,-0.4527354,0.3372854,0,0.1164913,961.7137,1.025705,0.1062095,Left,Down,-0.07132626,-0.9077988,TransSlide
168.2799,25.14862,0,-0.4655528,0.3333181,0,0.1195071,962.7197,1.026777,0.10664,Left,Down,-0.07132626,-0.9007797,TransSlide
168.3199,25.15256,0,-0.4875255,0.3253834,0,0.1207403,963.7257,1.027642,0.1070714,Left,Down,-0.07132626,-0.8937683,TransSlide
168.3599,25.15571,0,-0.4994273,0.3253834,0,0.1196369,964.7319,1.02854,0.1075035,Left,Down,-0.07132626,-0.8867416,TransSlide
168.3999,25.15614,0,-0.5131602,0.3253834,0,0.1167021,965.7382,1.026812,0.1079364,Left,Down,-0.07132626,-0.8797073,TransSlide
168.4399,25.15579,0,-0.5250621,0.3214161,0,0.1134675,966.7444,1.025487,0.10837,Left,Down,-0.07132626,-0.872673,TransSlide
168.4799,25.15727,0,-0.5351347,0.3214161,0,0.1162062,967.7507,1.026836,0.1088045,Left,Down,-0.07132626,-0.8656387,TransSlide
168.5199,25.15737,0,-0.5360502,0.3134814,0,0.1168776,968.757,1.028329,0.1092396,Left,Down,-0.08156469,-0.8586044,TransSlide
168.5599,25.1549,0,-0.5360502,0.2936446,0,0.1154805,969.7632,1.02945,0.1096756,Left,Down,-0.08392937,-0.8503494,TransSlide
168.5999,25.15153,0,-0.5360502,0.2658579,0,0.1116806,970.7694,1.031001,0.1101123,Left,Down,-0.08156469,-0.8415146,TransSlide
168.6399,25.1401,0,-0.5360502,0.2420539,0,0.1056572,971.7751,1.029312,0.1105496,Left,Down,-0.08392937,-0.8326874,TransSlide
168.6799,25.12165,0,-0.5360502,0.2261845,0,0.09907559,972.7802,1.027418,0.1109879,Left,Down,-0.08392937,-0.8238525,TransSlide
168.7199,25.10213,0,-0.5360502,0.2261845,0,0.09816241,973.7845,1.028659,0.1114268,Left,Down,-0.08392937,-0.815033,TransSlide
168.7599,25.08124,0,-0.5406278,0.2222171,0,0.09485918,974.788,1.03009,0.1118666,Left,Down,-0.08392937,-0.8062286,TransSlide
168.7999,25.05901,0,-0.5424589,0.2182498,0,0.08892104,975.7905,1.031596,0.112307,Left,Down,-0.09065409,-0.7974167,TransSlide
168.8399,25.03605,0,-0.5433744,0.2063325,0,0.08033597,976.7922,1.03221,0.1127484,Left,Down,-0.09487279,-0.787323,TransSlide
168.8799,25.00921,0,-0.5433744,0.1626917,0,0.06928065,977.7929,1.029761,0.1131903,Left,Down,-0.09487279,-0.7766876,TransSlide
168.9199,24.97732,0,-0.5433744,0.1468223,0,0.06385314,978.7924,1.030015,0.113633,Left,Down,-0.09487279,-0.7660675,TransSlide
168.9599,24.9391,0,-0.5433744,0.1468223,0,0.05731565,979.7903,1.031506,0.1140766,Left,Down,-0.09691329,-0.755455,TransSlide
168.9999,24.90012,0,-0.5433744,0.1745937,0,0.04790071,980.7867,1.033358,0.1145208,Left,Down,-0.09691329,-0.744873,TransSlide
169.0399,24.86377,0,-0.5433744,0.1825284,0,0.03564629,981.7816,1.034028,0.1149659,Left,Down,-0.1027921,-0.7342758,TransSlide
169.0799,24.83058,0,-0.5433744,0.1944305,0,0.0211688,982.7751,1.03099,0.1154115,Left,Down,-0.1083524,-0.7225723,TransSlide
169.1199,24.80242,0,-0.5433744,0.1983978,0,0.01343802,983.7675,1.032138,0.1158581,Left,Down,-0.1083524,-0.7101212,TransSlide
169.1599,24.77545,0,-0.5415434,0.1983978,0,0.002603143,984.7587,1.033809,0.1163053,Left,Down,-0.1083524,-0.69767,TransSlide
169.1999,24.74746,0,-0.5406278,0.1983978,0,-0.01145902,985.7489,1.036539,0.1167534,Left,Down,-0.1083524,-0.6852341,TransSlide
169.2399,24.71788,0,-0.5314726,0.1983978,0,-0.02800655,986.738,1.033567,0.1172021,Left,Down,-0.1101434,-0.6727905,TransSlide
169.2799,24.69089,0,-0.523231,0.1745937,0,-0.03968138,987.7259,1.033389,0.1176515,Left,Down,-0.1219466,-0.6601105,TransSlide
169.3199,24.66236,0,-0.4948497,0.1706264,0,-0.05248207,988.7127,1.035126,0.1181018,Left,Down,-0.1219466,-0.6457138,TransSlide
169.3599,24.62877,0,-0.471046,0.1706264,0,-0.06846899,989.6982,1.038335,0.1185528,Left,Down,-0.1219466,-0.6313248,TransSlide
169.3999,24.59315,0,-0.453651,0.1706264,0,-0.08694515,990.6823,1.034511,0.1190046,Left,Down,-0.1219466,-0.6169434,TransSlide
169.4399,24.55998,0,-0.453651,0.1706264,0,-0.0985572,991.665,1.035012,0.119457,Left,Down,-0.1251145,-0.6025696,TransSlide
169.4799,24.52852,0,-0.4600596,0.1706264,0,-0.113543,992.6465,1.037213,0.1199103,Left,Down,-0.1370561,-0.587738,TransSlide
169.5199,24.4929,0,-0.4765391,0.1587244,0,-0.1313567,993.6266,1.03791,0.1203642,Left,Down,-0.1356209,-0.571312,TransSlide
169.5599,24.45709,0,-0.4930186,0.1507896,0,-0.1471762,994.6052,1.035846,0.120819,Left,Down,-0.1370561,-0.5549088,TransSlide
169.5999,24.42089,0,-0.5131602,0.1071336,0,-0.1606549,995.5824,1.037192,0.1212743,Left,Down,-0.1356209,-0.5385284,TransSlide
169.6399,24.37639,0,-0.5415434,0.05952545,0,-0.177801,996.5579,1.040217,0.1217304,Left,Down,-0.1506579,-0.522171,TransSlide
169.6799,24.32048,0,-0.5598539,0.03570611,0,-0.1946349,997.5313,1.036914,0.1221874,Left,Down,-0.1519511,-0.5038757,TransSlide
169.7199,24.25914,0,-0.5763334,0.03570611,0,-0.2073437,998.5023,1.038224,0.122645,Left,Down,-0.1519511,-0.485405,TransSlide
169.7599,24.19522,0,-0.5845731,0.05952545,0,-0.2240009,999.4708,1.041006,0.1231035,Left,Down,-0.1519511,-0.46698,TransSlide
169.7999,24.13742,0,-0.6184477,0.05952545,0,-0.239168,1000.437,1.038289,0.1235625,Left,Down,-0.1678588,-0.4485931,TransSlide
169.8399,24.07938,0,-0.6669724,0.05952545,0,-0.2517107,1001.401,1.04016,0.1240225,Left,Down,-0.1690205,-0.4280014,TransSlide
169.8799,24.01999,0,-0.7035935,0.05952545,0,-0.2677038,1002.362,1.040903,0.124483,Left,Down,-0.1690205,-0.4073868,TransSlide
169.9199,23.96109,0,-0.7493699,0.05952545,0,-0.2792616,1003.321,1.0388,0.1249442,Left,Down,-0.1758294,-0.386795,TransSlide
169.9599,23.9019,0,-0.7612717,0.05952545,0,-0.2920387,1004.278,1.038124,0.1254064,Left,Down,-0.1876719,-0.3653641,TransSlide
169.9999,23.84158,0,-0.7612717,0.03173877,0,-0.3052989,1005.232,1.038652,0.1258691,Left,Down,-0.1866263,-0.3424377,TransSlide
170.0399,23.77855,0,-0.7612717,0.007934691,0,-0.3148874,1006.184,1.036107,0.1263327,Left,Down,-0.1887116,-0.3195724,TransSlide
170.0799,23.7077,0,-0.7557786,0.007934691,0,-0.3263633,1007.133,1.038964,0.1267968,Left,Down,-0.2065338,-0.2965927,TransSlide
170.1199,23.63628,0,-0.754863,0.007934691,0,-0.3327194,1008.079,1.037634,0.1272619,Left,Down,-0.2065338,-0.2713318,TransSlide
170.1599,23.56592,0,-0.7493699,0.007934691,0,-0.3406974,1009.022,1.041098,0.1277275,Left,Down,-0.20842,-0.2461395,TransSlide
170.1999,23.49463,0,-0.7392991,0.007934691,0,-0.3435405,1009.963,1.040514,0.128194,Left,Down,-0.2255535,-0.2208252,TransSlide
170.2399,23.42479,0,-0.7310593,0.02777142,0,-0.3490138,1010.901,1.044226,0.1286611,Left,Down,-0.2264194,-0.1931458,TransSlide
170.2799,23.35771,0,-0.7191575,0.03173877,0,-0.3486269,1011.836,1.044253,0.1291289,Left,Down,-0.2349025,-0.1655426,TransSlide
170.3199,23.29318,0,-0.6971848,0.03173877,0,-0.3514935,1012.768,1.046058,0.1295976,Left,Flat,-0.2478722,-0.1371155,TransSlide
170.3599,23.2272,0,-0.6889451,0.03173877,0,-0.3502369,1013.698,1.047358,0.1300668,Left,Flat,-0.2470816,-0.1068802,TransSlide
170.3999,23.16325,0,-0.6724656,0.03570611,0,-0.3496883,1014.625,1.046263,0.1305369,Left,Flat,-0.2676108,-0.07675171,TransSlide
170.4399,23.09939,0,-0.6495774,0.03570611,0,-0.3492418,1015.549,1.049309,0.1310076,Left,Flat,-0.2712421,-0.04672241,TransSlide
170.4799,23.03597,0,-0.6431669,0.03570611,0,-0.3456985,1016.472,1.04888,0.1314792,Left,Flat,-0.2927522,-0.01679993,TransSlide
170.5199,22.97339,0,-0.6422514,0.03570611,0,-0.3451069,1017.391,1.049125,0.1319513,Left,Flat,-0.3109043,-0.01062012,TransSlide
170.5599,22.91016,0,-0.6422514,0.03570611,0,-0.3421803,1018.308,1.050653,0.1324241,Left,Flat,-0.302612,-0.02700043,TransSlide
170.5999,22.84847,0,-0.6358427,0.03570611,0,-0.3388091,1019.223,1.049969,0.1328978,Left,Flat,-0.2920831,-0.04292297,TransSlide
170.6399,22.78695,0,-0.6248564,0.03570611,0,-0.3385952,1020.135,1.050876,0.1333721,Left,Flat,-0.2873554,-0.05820465,TransSlide
170.6799,22.72484,0,-0.61387,0.03570611,0,-0.3349752,1021.044,1.051834,0.1338473,Left,Flat,-0.2741124,-0.07324219,TransSlide
170.7199,22.66352,0,-0.596475,0.03570611,0,-0.3320788,1021.952,1.051422,0.134323,Left,Flat,-0.2733977,-0.08745575,TransSlide
170.7599,22.60325,0,-0.5827421,0.03570611,0,-0.332122,1022.856,1.051393,0.1347995,Left,Flat,-0.2594432,-0.1016235,TransSlide
170.7999,22.54222,0,-0.5671781,0.03967346,0,-0.3308451,1023.759,1.053378,0.1352767,Left,Flat,-0.2564087,-0.114975,TransSlide
170.8399,22.48216,0,-0.5534452,0.03967346,0,-0.3279693,1024.658,1.053398,0.1357547,Left,Flat,-0.2502292,-0.1281052,TransSlide
170.8799,22.42337,0,-0.5470365,0.03967346,0,-0.3276604,1025.556,1.051783,0.1362332,Left,Flat,-0.2390311,-0.1409683,TransSlide
170.9199,22.36471,0,-0.5424589,0.04365606,0,-0.3308981,1026.451,1.054632,0.1367124,Left,Down,-0.2390311,-0.1530838,TransSlide
170.9599,22.30665,0,-0.5296415,0.04365606,0,-0.3282186,1027.344,1.054776,0.1371926,Left,Down,-0.2306999,-0.1651535,TransSlide
170.9999,22.24961,0,-0.5168223,0.04365606,0,-0.3279889,1028.234,1.054441,0.1376732,Left,Down,-0.2220564,-0.1768265,TransSlide
171.0399,22.19257,0,-0.4893565,0.04365606,0,-0.3307426,1029.123,1.053226,0.1381548,Left,Down,-0.2211734,-0.187912,TransSlide
171.0799,22.13602,0,-0.4637218,0.04365606,0,-0.3361763,1030.009,1.056373,0.1386368,Left,Down,-0.2139789,-0.198967,TransSlide
171.1199,22.07922,0,-0.4161143,0.04762341,0,-0.3359417,1030.892,1.056627,0.1391198,Left,Down,-0.2046302,-0.2096558,TransSlide
171.1599,22.0236,0,-0.3639275,0.04762341,0,-0.3381756,1031.774,1.056394,0.1396033,Left,Down,-0.2046302,-0.2197571,TransSlide
171.1999,21.96882,0,-0.314489,0.04762341,0,-0.3428033,1032.653,1.055271,0.1400876,Left,Down,-0.2027088,-0.2298279,TransSlide
171.2399,21.91472,0,-0.2851903,0.05159075,0,-0.3500139,1033.53,1.057221,0.1405725,Left,Down,-0.1876719,-0.2398605,TransSlide
171.2799,21.86102,0,-0.2751195,0.0555581,0,-0.3535312,1034.405,1.058485,0.1410581,Left,Down,-0.1876719,-0.2490158,TransSlide
171.3199,21.80838,0,-0.274204,0.05952545,0,-0.3561845,1035.278,1.058573,0.1415446,Left,Down,-0.1876719,-0.2581253,TransSlide
171.3599,21.75695,0,-0.274204,0.06349279,0,-0.3613009,1036.149,1.058222,0.1420315,Left,Down,-0.1813082,-0.2672043,TransSlide
171.3999,21.70738,0,-0.2604711,0.07539482,0,-0.3687526,1037.018,1.0575,0.1425194,Left,Down,-0.1713202,-0.2760315,TransSlide
171.4399,21.66056,0,-0.2549779,0.07936218,0,-0.3786857,1037.885,1.059566,0.1430078,Left,Down,-0.1713202,-0.2842102,TransSlide
171.4799,21.61434,0,-0.2504003,0.07936218,0,-0.3849743,1038.75,1.060755,0.143497,Left,Down,-0.1713202,-0.292366,TransSlide
171.5199,21.56878,0,-0.2330053,0.07936218,0,-0.3897431,1039.613,1.060957,0.1439868,Left,Down,-0.166689,-0.300499,TransSlide
171.5599,21.52334,0,-0.208286,0.07936218,0,-0.39672,1040.474,1.060818,0.1444773,Left,Down,-0.1545051,-0.3084793,TransSlide
171.5999,21.47834,0,-0.1799047,0.07936218,0,-0.4055499,1041.334,1.06047,0.1449686,Left,Down,-0.1545051,-0.3157425,TransSlide
171.6399,21.434,0,-0.1597613,0.07936218,0,-0.4160659,1042.192,1.060703,0.1454604,Left,Down,-0.1545051,-0.3229752,TransSlide
171.6799,21.38965,0,-0.1542681,0.07936218,0,-0.4284242,1043.048,1.063065,0.1459532,Left,Down,-0.1557664,-0.3301926,TransSlide
171.7199,21.34503,0,-0.1542681,0.07936218,0,-0.4339028,1043.902,1.06357,0.1464464,Left,Down,-0.1440177,-0.3374023,TransSlide
171.7599,21.30074,0,-0.1542681,0.07936218,0,-0.4402077,1044.755,1.063578,0.1469405,Left,Down,-0.1384764,-0.3441162,TransSlide
171.7999,21.25681,0,-0.1469439,0.07936218,0,-0.4482645,1045.605,1.063493,0.1474351,Left,Down,-0.1384764,-0.3504639,TransSlide
171.8399,21.21301,0,-0.1304644,0.07936218,0,-0.4579456,1046.454,1.063305,0.1479306,Left,Down,-0.1384764,-0.3567886,TransSlide
171.8799,21.1696,0,-0.1139849,0.07936218,0,-0.4688812,1047.302,1.062822,0.1484266,Left,Down,-0.1384764,-0.3630981,TransSlide
171.9199,21.12665,0,-0.08743465,0.08332952,0,-0.4813785,1048.147,1.064364,0.1489232,Left,Down,-0.1312212,-0.3693848,TransSlide
171.9599,21.0838,0,-0.07187068,0.08729687,0,-0.4928224,1048.991,1.066142,0.1494208,Left,Down,-0.1219466,-0.3754196,TransSlide
171.9999,21.0424,0,-0.05355835,0.08729687,0,-0.4981236,1049.833,1.066427,0.1499188,Left,Down,-0.1219466,-0.3808517,TransSlide
172.0399,21.00142,0,-0.02334595,0.09523156,0,-0.5045294,1050.673,1.066373,0.1504177,Left,Down,-0.1219466,-0.3862915,TransSlide
172.0799,20.96199,0,0.02151489,0.09523156,0,-0.5121618,1051.512,1.066427,0.1509171,Left,Down,-0.1219466,-0.3917084,TransSlide
172.1199,20.92294,0,0.07003784,0.1071336,0,-0.5205779,1052.349,1.066668,0.1514174,Left,Down,-0.1219466,-0.39711,TransSlide
172.1599,20.88585,0,0.1048279,0.1071336,0,-0.5295991,1053.185,1.066996,0.1519181,Left,Down,-0.1153499,-0.402504,TransSlide
172.1999,20.84994,0,0.1414526,0.1111009,0,-0.5390649,1054.02,1.066859,0.1524196,Left,Down,-0.1046783,-0.4076309,TransSlide
172.2399,20.81481,0,0.1423681,0.1190356,0,-0.5494866,1054.853,1.068136,0.1529218,Left,Down,-0.1046783,-0.412178,TransSlide
172.2799,20.781,0,0.1423681,0.123003,0,-0.5608147,1055.684,1.069832,0.1534246,Left,Down,-0.1065312,-0.4167099,TransSlide
172.3199,20.74825,0,0.1423681,0.1269856,0,-0.5635174,1056.514,1.070114,0.1539283,Left,Down,-0.1065312,-0.4212494,TransSlide
172.3599,20.71678,0,0.1423681,0.1388876,0,-0.5666963,1057.343,1.070179,0.1544324,Left,Down,-0.1065312,-0.4257736,TransSlide
172.3999,20.68793,0,0.1698339,0.142855,0,-0.5702463,1058.171,1.070117,0.1549374,Left,Down,-0.1065312,-0.4302902,TransSlide
172.4399,20.66047,0,0.2861059,0.1468223,0,-0.5743244,1058.998,1.070318,0.1554429,Left,Down,-0.09691329,-0.4347992,TransSlide
172.4799,20.63399,0,0.3868175,0.1626917,0,-0.5787037,1059.823,1.070643,0.1559492,Left,Down,-0.08846933,-0.4390182,TransSlide
172.5199,20.6099,0,0.5223155,0.166659,0,-0.5831007,1060.648,1.071259,0.1564561,Left,Down,-0.08846933,-0.4426651,TransSlide
172.5599,20.58781,0,0.5470347,0.1706264,0,-0.5874112,1061.472,1.071776,0.1569636,Left,Down,-0.08846933,-0.4463043,TransSlide
172.5999,20.5668,0,0.523231,0.1745937,0,-0.5914149,1062.295,1.07196,0.1574719,Left,Down,-0.08846933,-0.4499435,TransSlide
172.6399,20.54642,0,0.5122447,0.1864958,0,-0.595192,1063.117,1.072715,0.1579807,Left,Down,-0.08846933,-0.4535675,TransSlide
172.6799,20.5291,0,0.5113292,0.1904631,0,-0.5985601,1063.938,1.073935,0.1584904,Left,Down,-0.08846933,-0.4571991,TransSlide
172.7199,20.51248,0,0.4628062,0.2103151,0,-0.5997212,1064.759,1.074871,0.1590006,Left,Down,-0.08846933,-0.4608231,TransSlide
172.7599,20.50016,0,0.3987193,0.2103151,0,-0.592355,1065.579,1.075121,0.1595116,Left,Down,-0.08622923,-0.4644394,TransSlide
172.7999,20.48814,0,0.3273046,0.2103151,0,-0.5845971,1066.399,1.075364,0.1600231,Left,Down,-0.07132626,-0.4680634,TransSlide
172.8399,20.47637,0,0.2732885,0.2103151,0,-0.5763628,1067.218,1.075567,0.1605355,Left,Down,-0.07132626,-0.4709015,TransSlide
172.8799,20.46426,0,0.2320898,0.2103151,0,-0.5675539,1068.037,1.075941,0.1610483,Left,Down,-0.07132626,-0.4735794,TransSlide
172.9199,20.45217,0,0.1789892,0.2103151,0,-0.5581767,1068.855,1.076231,0.1615618,Left,Down,-0.06852804,-0.4762421,TransSlide
172.9599,20.44012,0,0.1542699,0.2103151,0,-0.5481333,1069.673,1.076644,0.1620761,Left,Down,-0.06852804,-0.4789124,TransSlide
172.9999,20.4281,0,0.1057434,0.2103151,0,-0.5376307,1070.49,1.077032,0.1625909,Left,Down,-0.07132626,-0.4815826,TransSlide
173.0399,20.41615,0,0.06454468,0.2103151,0,-0.5266856,1071.307,1.07732,0.1631065,Left,Down,-0.07132626,-0.4842453,TransSlide
173.0799,20.40424,0,0.03982544,0.2103151,0,-0.51496,1072.123,1.077797,0.1636226,Left,Down,-0.06852804,-0.486908,TransSlide
173.1199,20.39239,0,0.01602173,0.2103151,0,-0.502735,1072.939,1.078248,0.1641396,Left,Down,-0.06852804,-0.4895706,TransSlide
173.1599,20.38059,0,0.01419067,0.2103151,0,-0.4895917,1073.754,1.0788,0.164657,Left,Down,-0.07132626,-0.4922256,TransSlide
173.1999,20.36881,0,0.01419067,0.2103151,0,-0.4756622,1074.569,1.079179,0.1651751,Left,Down,-0.07132626,-0.4948883,TransSlide
173.2399,20.35724,0,0.0050354,0.2103151,0,-0.4608494,1075.383,1.07947,0.165694,Left,Down,-0.05233916,-0.4975433,TransSlide
173.2799,20.34583,0,-0.005950928,0.2103151,0,-0.4452356,1076.197,1.080431,0.1662134,Straight,Down,-0.04423466,-0.499321,TransSlide
173.3199,20.33443,0,-0.02334595,0.2103151,0,-0.429033,1077.011,1.081381,0.1667336,Straight,Down,-0.04423466,-0.5007324,TransSlide
173.3599,20.32317,0,-0.0352478,0.2103151,0,-0.4122559,1077.824,1.082057,0.1672543,Straight,Down,-0.04423466,-0.5021362,TransSlide
173.3999,20.31217,0,-0.03982544,0.2142824,0,-0.3948127,1078.636,1.082684,0.1677758,Straight,Down,-0.04423466,-0.50354,TransSlide
173.4399,20.30169,0,-0.0453186,0.2261845,0,-0.3758216,1079.448,1.083463,0.1682978,Straight,Down,-0.04423466,-0.5049438,TransSlide
173.4799,20.29287,0,-0.0453186,0.2539559,0,-0.3514087,1080.26,1.08358,0.1688206,Straight,Down,-0.04845664,-0.5063477,TransSlide
173.5199,20.29042,0,-0.0453186,0.2618906,0,-0.3266416,1081.072,1.083692,0.1693439,Straight,Down,-0.04423466,-0.5077515,TransSlide
173.5599,20.29085,0,-0.0453186,0.2618906,0,-0.3013432,1081.883,1.083737,0.1698678,Straight,Down,-0.04423466,-0.5091553,TransSlide
173.5999,20.29085,0,-0.0453186,0.2618906,0,-0.2757662,1082.695,1.084098,0.1703925,Straight,Down,-0.04423466,-0.5105515,TransSlide
173.6399,20.29089,0,-0.0453186,0.2618906,0,-0.2498994,1083.506,1.084489,0.1709177,Straight,Down,-0.04423466,-0.5119553,TransSlide
173.6799,20.29094,0,-0.0453186,0.2618906,0,-0.2237634,1084.318,1.084977,0.1714438,Straight,Down,-0.04423466,-0.5133591,TransSlide
173.7199,20.291,0,-0.04623413,0.2658579,0,-0.1971582,1085.129,1.085516,0.1719703,Straight,Down,-0.04423466,-0.5147629,TransSlide
173.7599,20.29156,0,-0.04806519,0.2658579,0,-0.1704468,1085.941,1.085977,0.1724976,Straight,Down,-0.03956468,-0.5161591,TransSlide
173.7999,20.29249,0,-0.05355835,0.2658579,0,-0.1436409,1086.753,1.086326,0.1730254,Straight,Down,-0.04423466,-0.5175629,TransSlide
173.8399,20.29343,0,-0.05722046,0.2658579,0,-0.1168276,1087.565,1.086698,0.1735537,Straight,Down,-0.03956468,-0.518959,TransSlide
173.8799,20.29437,0,-0.0590533,0.2698253,0,-0.08982414,1088.376,1.087271,0.174083,Straight,Down,-0.04423466,-0.5203629,TransSlide
173.9199,20.29582,0,-0.06454647,0.2698253,0,-0.06261608,1089.188,1.087961,0.1746126,Straight,Down,-0.04423466,-0.5217667,TransSlide
173.9599,20.29762,0,-0.06454647,0.27776,0,-0.03537664,1090,1.088568,0.1751431,Straight,Down,0,-0.5231705,TransSlide
173.9999,20.30042,0,-0.06546199,0.3174487,0,-0.008198798,1090.812,1.088971,0.1756741,Straight,Down,0,-0.5235443,TransSlide
174.0399,20.31194,0,-0.07553279,0.3452201,0,0.01918864,1091.624,1.089386,0.1762058,Straight,Down,0,-0.5223083,TransSlide
174.0799,20.32974,0,-0.07644832,0.3491875,0,0.04657918,1092.437,1.089812,0.176738,Straight,Down,0,-0.5210724,TransSlide
174.1199,20.3489,0,-0.07644832,0.3491875,0,0.07378104,1093.251,1.090188,0.1772711,Straight,Down,0,-0.5198364,TransSlide
174.1599,20.36794,0,-0.07736385,0.3491875,0,0.1009488,1094.066,1.090682,0.1778045,Straight,Down,0,-0.5185928,TransSlide
174.1999,20.38691,0,-0.08102596,0.3491875,0,0.1279318,1094.881,1.091246,0.1783386,Straight,Down,0,-0.5173569,TransSlide
174.2399,20.40587,0,-0.08102596,0.3491875,0,0.1548446,1095.697,1.09163,0.1788735,Straight,Down,0,-0.5161133,TransSlide
174.2799,20.42474,0,-0.08102596,0.3491875,0,0.1816474,1096.514,1.092033,0.1794088,Straight,Down,0,-0.5148697,TransSlide
174.3199,20.44359,0,-0.08102596,0.3491875,0,0.208291,1097.331,1.092455,0.179945,Straight,Down,0,-0.5136261,TransSlide
174.3599,20.46234,0,-0.08102596,0.3491875,0,0.234773,1098.15,1.092949,0.1804816,Straight,Down,0,-0.5123825,TransSlide
174.3999,20.48105,0,-0.08102596,0.3491875,0,0.261107,1098.969,1.093451,0.181019,Straight,Down,0,-0.5111389,TransSlide
174.4399,20.49971,0,-0.08102596,0.3491875,0,0.287312,1099.789,1.094021,0.1815568,Straight,Down,0,-0.5098877,TransSlide
174.4799,20.51828,0,-0.08285701,0.3491875,0,0.3134403,1100.609,1.094362,0.1820955,Straight,Down,0,-0.5086441,TransSlide
174.5199,20.53684,0,-0.0956744,0.3491875,0,0.3393385,1101.43,1.094769,0.1826345,Straight,Down,0,-0.5074005,TransSlide
174.5599,20.55532,0,-0.1112384,0.3491875,0,0.3648868,1102.252,1.095323,0.1831742,Straight,Down,0,-0.5061493,TransSlide
174.5999,20.57372,0,-0.1194781,0.3491875,0,0.39026,1103.075,1.095772,0.1837148,Straight,Down,0,-0.5048904,TransSlide
174.6399,20.59219,0,-0.1295489,0.3491875,0,0.4154212,1103.899,1.096089,0.1842557,Straight,Down,0,-0.5036392,TransSlide
174.6799,20.61059,0,-0.1304644,0.3491875,0,0.4402722,1104.723,1.096624,0.1847974,Straight,Down,0,-0.502388,TransSlide
174.7199,20.62884,0,-0.1304644,0.3491875,0,0.4649437,1105.548,1.097333,0.1853396,Straight,Down,0,-0.5011368,TransSlide
174.7599,20.64719,0,-0.1304644,0.3491875,0,0.4894305,1106.374,1.098026,0.1858825,Straight,Down,0,-0.4998779,TransSlide
174.7999,20.66541,0,-0.1304644,0.3491875,0,0.5136185,1107.2,1.098611,0.1864259,Straight,Down,0,-0.4986191,TransSlide
174.8399,20.68372,0,-0.1304644,0.3491875,0,0.5373169,1108.027,1.099148,0.1869699,Straight,Down,0,-0.4973679,TransSlide
174.8799,20.70197,0,-0.1304644,0.3491875,0,0.5607575,1108.855,1.099705,0.1875147,Straight,Down,0,-0.496109,TransSlide
174.9199,20.72003,0,-0.1304644,0.3491875,0,0.5838701,1109.684,1.100144,0.1880599,Straight,Down,0,-0.4948502,TransSlide
174.9599,20.73819,0,-0.1304644,0.3531548,0,0.6066169,1110.513,1.100648,0.1886059,Straight,Down,0,-0.4935837,TransSlide
174.9999,20.75721,0,-0.1249713,0.3531548,0,0.6290615,1111.343,1.101149,0.1891524,Straight,Down,0,-0.4923325,TransSlide
175.0399,20.7761,0,-0.1121539,0.3571222,0,0.6511276,1112.174,1.101707,0.1896996,Straight,Down,0,-0.491066,TransSlide
175.0799,20.79545,0,-0.0956744,0.3690242,0,0.6726485,1113.005,1.102197,0.1902472,Straight,Down,0,-0.4897995,TransSlide
175.1199,20.81701,0,-0.06637752,0.3849088,0,0.6939042,1113.838,1.102763,0.1907957,Straight,Down,0,-0.4885406,TransSlide
175.1599,20.84236,0,-0.03890991,0.3928435,0,0.7149404,1114.671,1.103485,0.1913445,Straight,Down,0,-0.4872665,TransSlide
175.1999,20.86906,0,-0.02243042,0.3928435,0,0.7345467,1115.506,1.104365,0.191894,Straight,Down,0,-0.4860077,TransSlide
175.2399,20.89543,0,-0.0004577637,0.3928435,0,0.7467915,1116.341,1.103947,0.1924442,Straight,Down,0,-0.4847336,TransSlide
175.2799,20.92196,0,0.02792358,0.3928435,0,0.7587332,1117.178,1.103962,0.1929949,Straight,Down,0,-0.4834595,TransSlide
175.3199,20.94921,0,0.06546021,0.3928435,0,0.7704111,1118.016,1.104092,0.1935463,Straight,Down,0,-0.4821854,TransSlide
175.3599,20.97502,0,0.1185644,0.3928435,0,0.781714,1118.854,1.104608,0.1940981,Straight,Down,0,-0.4809189,TransSlide
175.3999,21.00098,0,0.1606786,0.3928435,0,0.7927581,1119.694,1.105427,0.1946508,Straight,Down,0,-0.4796371,TransSlide
175.4399,21.02698,0,0.208286,0.3968109,0,0.8037851,1120.535,1.1061,0.1952038,Straight,Down,0,-0.478363,TransSlide
175.4799,21.05354,0,0.2421606,0.4007782,0,0.8148432,1121.377,1.106404,0.1957575,Straight,Down,0,-0.4770889,TransSlide
175.5199,21.08123,0,0.2806127,0.4047455,0,0.8258346,1122.22,1.107454,0.1963119,Straight,Down,0,-0.4757996,TransSlide
175.5599,21.11004,0,0.3373754,0.4047455,0,0.8365908,1123.064,1.108806,0.1968667,Straight,Down,0,-0.4745255,TransSlide
175.5999,21.13855,0,0.3758311,0.4047455,0,0.8474698,1123.909,1.109841,0.1974223,Straight,Down,0,-0.4732437,TransSlide
175.6399,21.16837,0,0.4280162,0.4047455,0,0.8585937,1124.756,1.11101,0.1979783,Straight,Down,0,-0.4719543,TransSlide
175.6799,21.19566,0,0.4582286,0.4047455,0,0.8633847,1125.603,1.110719,0.1985351,Straight,Down,0,-0.470665,TransSlide
175.7199,21.22349,0,0.4921031,0.4047455,0,0.8666763,1126.452,1.110208,0.1990923,Straight,Down,0.02797646,-0.4693756,TransSlide
175.7599,21.25243,0,0.5159068,0.4047455,0,0.8703941,1127.302,1.109783,0.1996502,Right,Down,0.05595291,-0.466835,TransSlide
175.7999,21.27951,0,0.5305552,0.4047455,0,0.874504,1128.153,1.10993,0.2002086,Right,Down,0.05595291,-0.4624176,TransSlide
175.8399,21.30599,0,0.5534434,0.4047455,0,0.8793352,1129.005,1.110105,0.2007675,Right,Down,0.05595291,-0.4580078,TransSlide
175.8799,21.33309,0,0.5772471,0.4047455,0,0.8847623,1129.858,1.111192,0.2013272,Right,Down,0.05934703,-0.4535904,TransSlide
175.9199,21.36096,0,0.6065476,0.4047455,0,0.8909364,1130.712,1.112886,0.2018873,Right,Down,0.05595291,-0.449173,TransSlide
175.9599,21.38873,0,0.6468308,0.4087129,0,0.8982925,1131.567,1.115162,0.2024482,Right,Down,0.05934703,-0.4447403,TransSlide
175.9999,21.41443,0,0.6733811,0.4087129,0,0.8989477,1132.423,1.114739,0.2030094,Right,Down,0.05934703,-0.4402924,TransSlide
176.0399,21.44177,0,0.7008469,0.4087129,0,0.9000193,1133.281,1.1141,0.2035715,Right,Down,0.05595291,-0.4358444,TransSlide
176.0799,21.47084,0,0.7145798,0.4087129,0,0.9022846,1134.139,1.113548,0.2041339,Right,Down,0.05595291,-0.4313812,TransSlide
176.1199,21.49554,0,0.7310593,0.4126802,0,0.9061314,1134.999,1.113124,0.204697,Right,Down,0.05595291,-0.4269257,TransSlide
176.1599,21.52326,0,0.7603562,0.4126802,0,0.9111812,1135.859,1.114816,0.2052606,Right,Down,0.06255726,-0.4224548,TransSlide
176.1999,21.55267,0,0.7905686,0.4404517,0,0.917967,1136.721,1.117587,0.2058247,Right,Down,0.08392937,-0.4176941,TransSlide
176.2399,21.58148,0,0.8207846,0.4722057,0,0.9198476,1137.584,1.117861,0.2063897,Right,Down,0.08392937,-0.4115601,TransSlide
176.2799,21.61781,0,0.8326864,0.4841077,0,0.9218386,1138.449,1.117341,0.2069549,Right,Down,0.08392937,-0.4054108,TransSlide
176.3199,21.66136,0,0.8326864,0.4841077,0,0.9260891,1139.315,1.116319,0.207521,Right,Down,0.08622923,-0.3992386,TransSlide
176.3599,21.70228,0,0.8308554,0.4841077,0,0.9324363,1140.182,1.116684,0.2080874,Right,Down,0.08392937,-0.393074,TransSlide
176.3999,21.74755,0,0.8308554,0.4841077,0,0.9409304,1141.052,1.119562,0.2086546,Right,Down,0.08392937,-0.3868866,TransSlide
176.4399,21.78592,0,0.8262777,0.4841077,0,0.9454781,1141.923,1.120388,0.2092222,Right,Down,0.08392937,-0.3806763,TransSlide
176.4799,21.82399,0,0.8143723,0.4841077,0,0.9501586,1142.795,1.119795,0.2097903,Right,Down,0.09487279,-0.3744583,TransSlide
176.5199,21.86502,0,0.7777512,0.4841077,0,0.957507,1143.669,1.118018,0.2103592,Right,Down,0.1101434,-0.3675766,TransSlide
176.5599,21.91148,0,0.7301438,0.4841077,0,0.9672036,1144.545,1.120544,0.2109285,Right,Down,0.1101434,-0.3597641,TransSlide
176.5999,21.94848,0,0.6962693,0.4841077,0,0.9749786,1145.423,1.122345,0.2114985,Right,Down,0.1083524,-0.3519363,TransSlide
176.6399,21.98395,0,0.6596482,0.4841077,0,0.9812433,1146.302,1.121765,0.2120689,Right,Down,0.1101434,-0.3440781,TransSlide
176.6799,22.02235,0,0.6468308,0.4841077,0,0.9900131,1147.182,1.120033,0.21264,Right,Down,0.1083524,-0.3362122,TransSlide
176.7199,22.0686,0,0.6413376,0.4841077,0,1.001228,1148.065,1.123614,0.2132116,Right,Down,0.1203313,-0.328331,TransSlide
176.7599,22.10539,0,0.6413376,0.4841077,0,1.007554,1148.949,1.12385,0.2137838,Right,Down,0.1341704,-0.3197632,TransSlide
176.7999,22.13593,0,0.6413376,0.4841077,0,1.016211,1149.834,1.122193,0.2143564,Right,Down,0.1341704,-0.3102798,TransSlide
176.8399,22.18764,0,0.6257737,0.4841077,0,1.027392,1150.721,1.124277,0.2149296,Right,Down,0.1341704,-0.300766,TransSlide
176.8799,22.22146,0,0.6175339,0.4841077,0,1.03539,1151.609,1.125258,0.2155036,Right,Down,0.1341704,-0.2912292,TransSlide
176.9199,22.25123,0,0.5763316,0.4841077,0,1.043716,1152.499,1.123523,0.2160778,Right,Down,0.1467098,-0.2816772,TransSlide
176.9599,22.30091,0,0.5223155,0.4841077,0,1.054912,1153.391,1.12637,0.2166529,Right,Down,0.1582588,-0.2713318,TransSlide
176.9999,22.33465,0,0.4829478,0.4841077,0,1.061279,1154.284,1.126187,0.2172283,Right,Down,0.1582588,-0.2601318,TransSlide
177.0399,22.36712,0,0.4390025,0.4841077,0,1.068968,1155.178,1.124785,0.2178044,Right,Down,0.1582588,-0.2489243,TransSlide
177.0799,22.41426,0,0.4042125,0.4841077,0,1.076552,1156.074,1.127473,0.2183809,Right,Down,0.1690205,-0.2376862,TransSlide
177.1199,22.44883,0,0.3611827,0.4841077,0,1.080353,1156.972,1.128423,0.218958,Right,Down,0.183454,-0.2257996,TransSlide
177.1599,22.48169,0,0.3144872,0.4841077,0,1.086281,1157.871,1.129106,0.2195358,Right,Down,0.183454,-0.2128906,TransSlide
177.1999,22.52269,0,0.2906835,0.4841077,0,1.085412,1158.771,1.128746,0.2201139,Right,Down,0.183454,-0.1999359,TransSlide
177.2399,22.56007,0,0.2778661,0.4841077,0,1.087118,1159.673,1.128751,0.2206928,Right,Down,0.2055842,-0.1869583,TransSlide
177.2799,22.59814,0,0.274204,0.4841077,0,1.091085,1160.577,1.129057,0.221272,Right,Down,0.20842,-0.1725006,TransSlide
177.3199,22.63605,0,0.274204,0.4841077,0,1.097549,1161.482,1.130027,0.221852,Right,Down,0.20842,-0.1577911,TransSlide
177.3599,22.67183,0,0.274204,0.4841077,0,1.098083,1162.388,1.129942,0.2224324,Right,Flat,0.2298502,-0.1430435,TransSlide
177.3999,22.70799,0,0.2668798,0.4841077,0,1.099803,1163.296,1.13001,0.2230134,Right,Flat,0.235734,-0.1269226,TransSlide
177.4399,22.7456,0,0.2485693,0.4880751,0,1.103751,1164.206,1.13025,0.2235948,Right,Flat,0.2373883,-0.1103516,TransSlide
177.4799,22.78205,0,0.2311742,0.4880751,0,1.109788,1165.117,1.130892,0.2241767,Right,Flat,0.2624426,-0.09376526,TransSlide
177.5199,22.82003,0,0.2009618,0.4999771,0,1.117944,1166.029,1.132102,0.2247594,Right,Flat,0.2624426,-0.07530975,TransSlide
177.5599,22.85745,0,0.1725805,0.4999771,0,1.11992,1166.943,1.132391,0.2253424,Right,Flat,0.2790645,-0.0568161,TransSlide
177.5999,22.89601,0,0.1652563,0.5038987,0,1.121962,1167.859,1.132486,0.2259262,Right,Flat,0.2907402,-0.03728485,TransSlide
177.6399,22.93705,0,0.1606786,0.507805,0,1.125915,1168.776,1.132704,0.2265103,Right,Flat,0.2398483,-0.01683044,TransSlide
177.6799,22.97633,0,0.1606786,0.507805,0,1.131362,1169.694,1.133366,0.2270951,Right,Flat,0.1690205,0.00680542,TransSlide
177.7199,23.01633,0,0.1606786,0.507805,0,1.138357,1170.615,1.13421,0.2276802,Right,Flat,0.1690205,0.03601837,TransSlide
177.7599,23.0579,0,0.1606786,0.507805,0,1.147122,1171.536,1.135495,0.2282661,Right,Flat,0.1690205,0.06529236,TransSlide
177.7999,23.09659,0,0.1606786,0.507805,0,1.151443,1172.46,1.136034,0.2288523,Right,Flat,0.1570175,0.09462738,TransSlide
177.8399,23.13561,0,0.1606786,0.507805,0,1.153311,1173.385,1.136018,0.229439,Right,Flat,0.1356209,0.1224518,TransSlide
177.8799,23.17593,0,0.1606786,0.507805,0,1.156457,1174.312,1.13613,0.2300265,Right,Flat,0.1341704,0.146759,TransSlide
177.9199,23.21477,0,0.1606786,0.507805,0,1.161142,1175.24,1.136558,0.2306143,Right,Up,0.1341704,0.1710968,TransSlide
177.9599,23.25344,0,0.1606786,0.507805,0,1.166996,1176.17,1.1374,0.2312029,Right,Up,0.1341704,0.1954727,TransSlide
177.9999,23.29211,0,0.1606786,0.507805,0,1.174068,1177.101,1.138301,0.2317917,Right,Up,0.1251145,0.2198868,TransSlide
178.0399,23.33085,0,0.1606786,0.507805,0,1.182358,1178.034,1.13909,0.2323813,Right,Up,0.1083524,0.2424545,TransSlide
178.0799,23.37077,0,0.1606786,0.507805,0,1.191805,1178.968,1.140228,0.2329711,Right,Up,0.1083524,0.2618637,TransSlide
178.1199,23.40812,0,0.1606786,0.507805,0,1.194801,1179.904,1.140365,0.2335615,Right,Up,0.1083524,0.2813034,TransSlide
178.1599,23.44565,0,0.1606786,0.507805,0,1.196459,1180.841,1.140228,0.2341527,Right,Up,0.1083524,0.3007813,TransSlide
178.1999,23.48472,0,0.1606786,0.507805,0,1.199127,1181.78,1.140369,0.2347441,Right,Up,0.1083524,0.320282,TransSlide
178.2399,23.52147,0,0.1542699,0.507805,0,1.202978,1182.721,1.140928,0.2353363,Right,Up,0.1027921,0.3398209,TransSlide
178.2799,23.55855,0,0.1469457,0.507805,0,1.207675,1183.663,1.141684,0.2359287,Right,Up,0.08622923,0.3579712,TransSlide
178.3199,23.59563,0,0.1185644,0.507805,0,1.213228,1184.606,1.14242,0.2365219,Right,Up,0.08392937,0.3729553,TransSlide
178.3599,23.63272,0,0.08834839,0.507805,0,1.219659,1185.551,1.143249,0.2371154,Right,Up,0.08622923,0.3879547,TransSlide
178.3999,23.66978,0,0.07003784,0.507805,0,1.226935,1186.498,1.144036,0.2377097,Right,Up,0.08392937,0.402977,TransSlide
178.4399,23.70679,0,0.05172729,0.507805,0,1.23482,1187.446,1.144782,0.2383042,Right,Up,0.08622923,0.4180222,TransSlide
178.4799,23.74519,0,0.04623413,0.507805,0,1.243722,1188.395,1.145551,0.2388992,Right,Up,0.08622923,0.4330978,TransSlide
178.5199,23.78101,0,0.04623413,0.507805,0,1.247416,1189.346,1.145895,0.239495,Right,Up,0.08622923,0.4481964,TransSlide
178.5599,23.81677,0,0.0453186,0.507805,0,1.24708,1190.298,1.14569,0.240091,Right,Up,0.07132626,0.4633255,TransSlide
178.5999,23.85374,0,0.03982544,0.507805,0,1.247558,1191.252,1.145679,0.2406878,Right,Up,0.0656106,0.4758148,TransSlide
178.6399,23.88931,0,0.03982544,0.507805,0,1.248812,1192.207,1.146271,0.2412849,Right,Up,0.0656106,0.4867859,TransSlide
178.6799,23.92471,0,0.03982544,0.507805,0,1.250757,1193.164,1.146982,0.2418826,Right,Up,0.0656106,0.4977646,TransSlide
178.7199,23.96011,0,0.03982544,0.507805,0,1.253389,1194.122,1.147733,0.2424807,Right,Up,0.06255726,0.5087662,TransSlide
178.7599,23.99547,0,0.03982544,0.507805,0,1.256545,1195.081,1.148525,0.2430793,Right,Up,0.0656106,0.5197754,TransSlide
178.7999,24.0308,0,0.03982544,0.507805,0,1.260121,1196.042,1.149336,0.2436786,Right,Up,0.0656106,0.5308075,TransSlide
178.8399,24.06611,0,0.03982544,0.507805,0,1.264235,1197.004,1.150092,0.2442781,Right,Up,0.06255726,0.5418472,TransSlide
178.8799,24.1013,0,0.03799438,0.507805,0,1.268837,1197.968,1.150734,0.2448784,Right,Up,0.06255726,0.5529099,TransSlide
178.9199,24.13641,0,0.02059937,0.507805,0,1.273968,1198.933,1.151371,0.245479,Right,Up,0.0656106,0.5639801,TransSlide
178.9599,24.17149,0,-0.0050354,0.507805,0,1.279505,1199.9,1.151998,0.2460803,Right,Up,0.05233916,0.5750732,TransSlide
178.9999,24.20642,0,-0.02151489,0.507805,0,1.285393,1200.868,1.1526,0.2466819,Straight,Up,0.04423466,0.5836716,TransSlide
179.0399,24.24171,0,-0.03341675,0.507805,0,1.291767,1201.837,1.15326,0.2472841,Straight,Up,0.04845664,0.5908661,TransSlide
179.0799,24.27659,0,-0.0352478,0.507805,0,1.294832,1202.808,1.153884,0.2478866,Straight,Up,0.04423466,0.5980835,TransSlide
179.1199,24.31029,0,-0.0352478,0.507805,0,1.290409,1203.78,1.153671,0.2484897,Straight,Up,0.04423466,0.6053085,TransSlide
179.1599,24.34434,0,-0.0352478,0.5117113,0,1.286161,1204.753,1.153628,0.2490934,Straight,Up,0.04423466,0.6125412,TransSlide
179.1999,24.379,0,-0.0352478,0.5117113,0,1.282247,1205.728,1.154058,0.2496975,Straight,Up,0.04423466,0.6197815,TransSlide
179.2399,24.41319,0,-0.03890991,0.5156176,0,1.278604,1206.704,1.154704,0.2503022,Straight,Up,0.04423466,0.627037,TransSlide
179.2799,24.44822,0,-0.03982544,0.5312428,0,1.275231,1207.682,1.155478,0.2509072,Straight,Up,0.04845664,0.6342926,TransSlide
179.3199,24.48615,0,-0.04074097,0.5390555,0,1.2721,1208.661,1.156183,0.2515129,Straight,Up,0.04423466,0.6415634,TransSlide
179.3599,24.52577,0,-0.04074097,0.5390555,0,1.269074,1209.642,1.156802,0.2521188,Straight,Up,0.04423466,0.6488495,TransSlide
179.3999,24.56579,0,-0.0453186,0.5390555,0,1.266042,1210.624,1.157544,0.2527255,Straight,Up,0.04423466,0.6561356,TransSlide
179.4399,24.60579,0,-0.0453186,0.5390555,0,1.263093,1211.608,1.158324,0.2533324,Straight,Up,0.04423466,0.6634445,TransSlide
179.4799,24.64563,0,-0.04714966,0.5390555,0,1.260113,1212.593,1.159053,0.2539398,Straight,Up,0.04423466,0.6707611,TransSlide
179.5199,24.68534,0,-0.05355835,0.5390555,0,1.257204,1213.58,1.159674,0.2545479,Straight,Up,0.03426402,0.678093,TransSlide
179.5599,24.72498,0,-0.06637752,0.5390555,0,1.254285,1214.569,1.160256,0.2551563,Straight,Up,0.02797646,0.6826782,TransSlide
179.5999,24.76442,0,-0.07644832,0.5390555,0,1.251291,1215.559,1.160718,0.2557653,Straight,Up,0.02797646,0.6859512,TransSlide
179.6399,24.80383,0,-0.08285701,0.5390555,0,1.248204,1216.551,1.161235,0.2563747,Straight,Up,0.01978234,0.6892166,TransSlide
179.6799,24.84307,0,-0.08743465,0.5390555,0,1.244974,1217.544,1.16177,0.2569847,Straight,Up,0.02797646,0.6924973,TransSlide
179.7199,24.88221,0,-0.08743465,0.5390555,0,1.241651,1218.539,1.162331,0.2575949,Straight,Up,0.02797646,0.6957779,TransSlide
179.7599,24.92118,0,-0.08835018,0.5390555,0,1.238041,1219.535,1.162806,0.2582057,Straight,Up,0.02797646,0.6990662,TransSlide
179.7999,24.96007,0,-0.09475887,0.5390555,0,1.234445,1220.533,1.163311,0.2588171,Straight,Up,0.02797646,0.7023544,TransSlide
179.8399,24.9988,0,-0.1048297,0.5390555,0,1.230569,1221.533,1.163816,0.2594288,Straight,Up,0.02797646,0.7056503,TransSlide
179.8799,25.03747,0,-0.1057452,0.5390555,0,1.22645,1222.534,1.164361,0.2600412,Straight,Up,0.02797646,0.7089462,TransSlide
179.9199,25.07597,0,-0.1057452,0.5390555,0,1.222093,1223.536,1.164855,0.2606538,Straight,Up,0.02797646,0.7122574,TransSlide
179.9599,25.11433,0,-0.1057452,0.5390555,0,1.217516,1224.541,1.165318,0.2612671,Straight,Up,0.02797646,0.7155685,TransSlide
179.9999,25.15181,0,-0.1057452,0.5390555,0,1.211505,1225.547,1.165726,0.2618806,Straight,Up,0.02797646,0.7188797,TransSlide
180.0399,25.19067,0,-0.100252,0.5390555,0,1.195722,1226.554,1.166764,0.2624949,Straight,Up,0.01978234,0.7221985,TransSlide
180.0799,25.2293,0,-0.08743465,0.5390555,0,1.179428,1227.563,1.167746,0.2631094,Straight,Up,0.02797646,0.7255249,TransSlide
180.1199,25.26691,0,-0.05813599,0.5390555,0,1.162672,1228.573,1.168445,0.2637243,Straight,Up,0.02797646,0.7288513,TransSlide
180.1599,25.30545,0,-0.04623413,0.5390555,0,1.145971,1229.585,1.168777,0.2643399,Straight,Up,0.02797646,0.732193,TransSlide
180.1999,25.34374,0,-0.02975464,0.5390555,0,1.128738,1230.598,1.16918,0.2649558,Straight,Up,0.02797646,0.735527,TransSlide
180.2399,25.38182,0,0.003204346,0.5390555,0,1.111246,1231.613,1.169541,0.2655723,Straight,Up,0.02797646,0.7388763,TransSlide
180.2799,25.41972,0,0.03433228,0.5390555,0,1.09323,1232.629,1.16995,0.266189,Straight,Up,0.02797646,0.7422256,TransSlide
180.3199,25.4575,0,0.0819397,0.5390555,0,1.074819,1233.647,1.170332,0.2668065,Straight,Up,0.02797646,0.7455826,TransSlide
180.3599,25.49513,0,0.110321,0.5390555,0,1.05634,1234.667,1.170796,0.2674242,Straight,Up,0.02797646,0.7489319,TransSlide
180.3999,25.53269,0,0.1112366,0.5390555,0,1.037685,1235.688,1.171339,0.2680423,Straight,Up,0.02797646,0.7523041,TransSlide
180.4399,25.57009,0,0.1112366,0.5390555,0,1.018896,1236.71,1.171815,0.2686611,Straight,Up,0,0.7556686,TransSlide
180.4799,25.6074,0,0.1112366,0.5390555,0,0.9997981,1237.734,1.172322,0.2692802,Straight,Up,0,0.7515259,TransSlide
180.5199,25.64461,0,0.09933472,0.5390555,0,0.9802441,1238.759,1.172846,0.2698999,Straight,Up,0,0.7462997,TransSlide
180.5599,25.68172,0,0.08651733,0.5390555,0,0.9606282,1239.786,1.173318,0.2705199,Straight,Up,0,0.7410507,TransSlide
180.5999,25.71871,0,0.07644653,0.5390555,0,0.9405341,1240.815,1.17388,0.2711404,Straight,Up,0,0.7358017,TransSlide
180.6399,25.75558,0,0.07644653,0.5390555,0,0.9203122,1241.845,1.174516,0.2717613,Straight,Up,0,0.7305374,TransSlide
180.6799,25.79237,0,0.07644653,0.5195239,0,0.8996699,1242.876,1.175082,0.2723828,Straight,Up,0,0.7252731,TransSlide
180.7199,25.82499,0,0.07644653,0.5156176,0,0.8789198,1243.909,1.175684,0.2730045,Straight,Up,0,0.7200012,TransSlide
180.7599,25.8565,0,0.08102417,0.5156176,0,0.8580595,1244.943,1.176268,0.2736266,Straight,Up,0,0.7147217,TransSlide
180.7999,25.88786,0,0.08102417,0.5156176,0,0.8371975,1245.978,1.176902,0.2742495,Straight,Up,0,0.7094421,TransSlide
180.8399,25.9191,0,0.08926392,0.5156176,0,0.8162356,1247.014,1.177523,0.2748725,Straight,Up,0,0.7041473,TransSlide
180.8799,25.95027,0,0.09475708,0.5156176,0,0.7953217,1248.052,1.178054,0.2754962,Straight,Up,0,0.6988449,TransSlide
180.9199,25.98135,0,0.09475708,0.5156176,0,0.7745249,1249.091,1.17862,0.2761202,Straight,Up,0,0.6935425,TransSlide
180.9599,26.01233,0,0.09475708,0.5156176,0,0.7538361,1250.131,1.179158,0.2767447,Straight,Up,0,0.6882324,TransSlide
180.9999,26.0432,0,0.09475708,0.5156176,0,0.7331632,1251.173,1.179696,0.2773695,Straight,Up,0,0.6829147,TransSlide
181.0399,26.07397,0,0.09475708,0.5156176,0,0.7128084,1252.215,1.180248,0.277995,Straight,Up,0,0.6775894,TransSlide
181.0799,26.10463,0,0.09475708,0.5156176,0,0.6923892,1253.259,1.180726,0.2786206,Straight,Up,0,0.6722641,TransSlide
181.1199,26.13523,0,0.09475708,0.5156176,0,0.6722758,1254.304,1.181267,0.2792467,Straight,Up,0,0.6669235,TransSlide
181.1599,26.16573,0,0.09475708,0.5156176,0,0.6522093,1255.35,1.181857,0.2798735,Straight,Up,0,0.6615829,TransSlide
181.1999,26.19611,0,0.09475708,0.5156176,0,0.6322935,1256.398,1.18254,0.2805004,Straight,Up,0,0.6562347,TransSlide
181.2399,26.22645,0,0.09475708,0.5156176,0,0.6123787,1257.447,1.183155,0.281128,Straight,Up,0,0.6508789,TransSlide
181.2799,26.25664,0,0.09475708,0.5156176,0,0.592769,1258.496,1.18375,0.2817558,Straight,Up,0,0.6455154,TransSlide
181.3199,26.28676,0,0.09475708,0.5156176,0,0.573411,1259.548,1.184323,0.2823843,Straight,Up,0,0.640152,TransSlide
181.3599,26.31678,0,0.09475708,0.5156176,0,0.5542914,1260.6,1.184836,0.2830129,Straight,Up,0,0.6347809,TransSlide
181.3999,26.34668,0,0.09475708,0.5156176,0,0.5355885,1261.654,1.185518,0.283642,Straight,Up,0,0.6294022,TransSlide
181.4399,26.37658,0,0.09475708,0.5156176,0,0.5170868,1262.708,1.186058,0.2842717,Straight,Up,0,0.6240158,TransSlide
181.4799,26.40631,0,0.09475708,0.5156176,0,0.4988044,1263.764,1.186599,0.2849016,Straight,Up,0,0.6186218,TransSlide
181.5199,26.43596,0,0.08743286,0.5156176,0,0.4811015,1264.821,1.187182,0.2855322,Straight,Up,0,0.6132278,TransSlide
181.5599,26.46553,0,0.08651733,0.5156176,0,0.4636404,1265.88,1.187884,0.286163,Straight,Up,0,0.6078186,TransSlide
181.5999,26.49502,0,0.0819397,0.5156176,0,0.4464242,1266.939,1.188434,0.2867944,Straight,Up,0,0.6024094,TransSlide
181.6399,26.52443,0,0.0819397,0.5156176,0,0.4295671,1268,1.188924,0.287426,Straight,Up,0,0.5969925,TransSlide
181.6799,26.55371,0,0.0819397,0.5156176,0,0.4129657,1269.062,1.189577,0.2880582,Straight,Up,0,0.5915756,TransSlide
181.7199,26.58294,0,0.07644653,0.5156176,0,0.3969854,1270.125,1.190139,0.2886906,Straight,Up,0,0.5861435,TransSlide
181.7599,26.61206,0,0.07095337,0.5156176,0,0.3811042,1271.189,1.190658,0.2893234,Straight,Up,0,0.5807114,TransSlide
181.7999,26.64111,0,0.06454468,0.5156176,0,0.3656489,1272.254,1.191222,0.2899569,Straight,Up,0,0.5752716,TransSlide
181.8399,26.67007,0,0.04623413,0.5156176,0,0.3507282,1273.321,1.191752,0.2905906,Straight,Up,0,0.5698242,TransSlide
181.8799,26.69892,0,0.02700806,0.5156176,0,0.3359508,1274.389,1.192232,0.2912248,Straight,Up,0,0.5643768,TransSlide
181.9199,26.7277,0,0.01602173,0.5156176,0,0.3216023,1275.457,1.192932,0.2918593,Straight,Up,0,0.5589142,TransSlide
181.9599,26.75643,0,0.01052856,0.5156176,0,0.3072813,1276.527,1.193529,0.2924944,Straight,Up,0,0.5534515,TransSlide
181.9999,26.78506,0,0.009613037,0.5156176,0,0.2934633,1277.598,1.194088,0.2931297,Straight,Up,0,0.5479813,TransSlide
182.0399,26.81359,0,0.009613037,0.5156176,0,0.2800051,1278.671,1.194655,0.2937653,Straight,Up,0,0.542511,TransSlide
182.0799,26.84206,0,0.009613037,0.5156176,0,0.2669557,1279.744,1.195334,0.2944016,Straight,Up,0,0.5370255,TransSlide
182.1199,26.87045,0,0.009613037,0.5156176,0,0.2541964,1280.818,1.19587,0.2950381,Straight,Up,0,0.5315399,TransSlide
182.1599,26.89873,0,0.009613037,0.5156176,0,0.2416297,1281.894,1.196425,0.2956752,Straight,Up,0,0.5260544,TransSlide
182.1999,26.92694,0,0.009613037,0.5156176,0,0.229461,1282.971,1.197063,0.2963125,Straight,Up,0,0.5205536,TransSlide
182.2399,26.95507,0,0.009613037,0.5156176,0,0.217475,1284.049,1.197643,0.2969504,Straight,Up,0,0.5150452,TransSlide
182.2799,26.98315,0,0.009613037,0.5156176,0,0.2058459,1285.128,1.198168,0.2975885,Straight,Up,0,0.5095367,TransSlide
182.3199,27.01107,0,0.009613037,0.5156176,0,0.1944799,1286.208,1.198779,0.2982272,Straight,Up,0,0.5040207,TransSlide
182.3599,27.03897,0,0.009613037,0.5156176,0,0.1834835,1287.289,1.199324,0.298866,Straight,Up,0,0.498497,TransSlide
182.3999,27.06676,0,0.009613037,0.5156176,0,0.1726796,1288.372,1.199861,0.2995053,Straight,Up,0,0.4929733,TransSlide
182.4399,27.09448,0,0.00869751,0.5156176,0,0.1620911,1289.455,1.200421,0.3001452,Straight,Up,0,0.487442,TransSlide
182.4799,27.12213,0,-0.0050354,0.5156176,0,0.1516723,1290.54,1.200973,0.3007852,Straight,Up,0,0.4819107,TransSlide
182.5199,27.14967,0,-0.01693726,0.5156176,0,0.1412749,1291.625,1.201544,0.3014258,Straight,Up,0,0.4763641,TransSlide
182.5599,27.17718,0,-0.0453186,0.5351492,0,0.1310723,1292.712,1.202012,0.3020667,Straight,Up,0,0.4708099,TransSlide
182.5999,27.19961,0,-0.06454647,0.5351492,0,0.121008,1293.8,1.201546,0.3027081,Straight,Up,0,0.4652634,TransSlide
182.6399,27.23407,0,-0.08285701,0.5351492,0,0.1167312,1294.889,1.205293,0.3033496,Straight,Up,0,0.4597092,TransSlide
182.6799,27.2705,0,-0.09384334,0.5351492,0,0.113094,1295.979,1.208964,0.3039918,Straight,Up,0,0.4541473,TransSlide
182.7199,27.29863,0,-0.09384334,0.5351492,0,0.1095401,1297.071,1.210951,0.3046342,Straight,Up,0,0.4485855,TransSlide
182.7599,27.33594,0,-0.09384334,0.5351492,0,0.1059157,1298.164,1.211362,0.3052769,Straight,Up,0,0.4430008,TransSlide
182.7999,27.37199,0,-0.09384334,0.5351492,0,0.1023908,1299.259,1.211038,0.3059202,Straight,Up,0,0.4374161,TransSlide
182.8399,27.40689,0,-0.09384334,0.5351492,0,0.09883809,1300.355,1.210523,0.3065637,Straight,Up,0,0.4318161,TransSlide
182.8799,27.44103,0,-0.09384334,0.5351492,0,0.09523228,1301.452,1.209998,0.3072078,Straight,Up,0,0.4262161,TransSlide
182.9199,27.47478,0,-0.07644832,0.5351492,0,0.09132311,1302.551,1.209471,0.307852,Straight,Up,0,0.4206009,TransSlide
182.9599,27.50823,0,-0.0590533,0.5117113,0,0.08745229,1303.651,1.209208,0.3084969,Straight,Up,0,0.4149857,TransSlide
182.9999,27.53712,0,-0.05264282,0.5038987,0,0.08356792,1304.752,1.209133,0.3091418,Straight,Up,0,0.4093552,TransSlide
183.0399,27.56391,0,-0.04806519,0.4999771,0,0.07956305,1305.854,1.209341,0.3097872,Straight,Up,-0.03956468,0.3959274,TransSlide
183.0799,27.58926,0,-0.04806519,0.4999771,0,0.07531759,1306.958,1.209566,0.3104331,Straight,Up,-0.03956468,0.3736496,TransSlide
183.1199,27.61017,0,-0.04714966,0.4999771,0,0.07118139,1308.062,1.209174,0.3110792,Straight,Up,-0.03426402,0.3513718,TransSlide
183.1599,27.63799,0,-0.03433228,0.4999771,0,0.0754067,1309.167,1.212428,0.3117259,Straight,Up,-0.03426402,0.3290787,TransSlide
183.1999,27.6662,0,-0.02243042,0.5156176,0,0.07934105,1310.273,1.214941,0.3123728,Straight,Up,-0.03956468,0.306778,TransSlide
183.2399,27.69114,0,0.004119873,0.5156176,0,0.08306581,1311.381,1.216214,0.3130202,Straight,Up,-0.03426402,0.2844315,TransSlide
183.2799,27.72334,0,0.02334595,0.5195239,0,0.08642405,1312.489,1.21662,0.3136677,Straight,Up,-0.03426402,0.2620544,TransSlide
183.3199,27.75511,0,0.02700806,0.5195239,0,0.08975905,1313.599,1.216427,0.3143159,Straight,Up,-0.03956468,0.2396469,TransSlide
183.3599,27.78665,0,0.02700806,0.5195239,0,0.09294528,1314.71,1.216196,0.3149642,Straight,Up,-0.03956468,0.2172089,TransSlide
183.3999,27.8178,0,0.02700806,0.5234302,0,0.09577972,1315.823,1.216043,0.3156128,Straight,Up,-0.03956468,0.1947556,TransSlide
183.4399,27.8494,0,0.02700806,0.5234302,0,0.09840804,1316.937,1.215902,0.3162621,Straight,Up,-0.03956468,0.1722641,TransSlide
183.4799,27.88088,0,0.02700806,0.5273365,0,0.1007687,1318.051,1.215932,0.3169114,Straight,Flat,-0.03426402,0.1497574,TransSlide
183.5199,27.91296,0,0.02700806,0.5273365,0,0.102843,1319.168,1.216155,0.3175614,Straight,Flat,-0.01978234,0.1272125,TransSlide
183.5599,27.94499,0,0.02700806,0.5273365,0,0.1048828,1320.285,1.216549,0.3182115,Straight,Flat,0,0.1176682,TransSlide
183.5999,27.97692,0,0.01419067,0.5273365,0,0.106548,1321.404,1.216955,0.3188621,Straight,Flat,0,0.1125488,TransSlide
183.6399,28.00879,0,-0.0151062,0.5273365,0,0.1080984,1322.524,1.217348,0.3195129,Straight,Flat,0,0.1074371,TransSlide
183.6799,28.04054,0,-0.03890991,0.5273365,0,0.109332,1323.645,1.217847,0.320164,Straight,Flat,0,0.1023102,TransSlide
183.7199,28.07223,0,-0.05172729,0.5273365,0,0.1102371,1324.768,1.218399,0.3208158,Straight,Flat,0,0.09718323,TransSlide
183.7599,28.10382,0,-0.06454647,0.5273365,0,0.1110046,1325.892,1.218909,0.3214676,Straight,Flat,0,0.09204865,TransSlide
183.7999,28.13531,0,-0.07003963,0.5273365,0,0.1115315,1327.017,1.21946,0.32212,Straight,Flat,0,0.08691406,TransSlide
183.8399,28.16673,0,-0.07736385,0.5273365,0,0.11165,1328.143,1.2201,0.3227725,Straight,Flat,0,0.08176422,TransSlide
183.8799,28.19804,0,-0.09018123,0.5273365,0,0.1115009,1329.271,1.220666,0.3234257,Straight,Flat,0,0.07661438,TransSlide
183.9199,28.22924,0,-0.100252,0.5273365,0,0.1110348,1330.4,1.221316,0.3240789,Straight,Flat,0,0.07145691,TransSlide
183.9599,28.26043,0,-0.1130694,0.5273365,0,0.1103397,1331.53,1.221851,0.3247327,Straight,Flat,0,0.06629181,TransSlide
183.9999,28.29143,0,-0.1130694,0.5273365,0,0.1093394,1332.661,1.22245,0.3253866,Straight,Flat,0,0.06111908,TransSlide
184.0399,28.32237,0,-0.1130694,0.5273365,0,0.108095,1333.794,1.223044,0.3260408,Straight,Flat,0,0.05593872,TransSlide
184.0799,28.35507,0,-0.1130694,0.5038987,0,0.1063271,1334.927,1.226436,0.3266956,Straight,Flat,0,0.05077362,TransSlide
184.1199,28.38181,0,-0.1130694,0.5038987,0,0.104856,1336.062,1.225889,0.3273505,Straight,Flat,0,0.04558563,TransSlide
184.1599,28.39679,0,-0.1130694,0.5038987,0,0.1026411,1337.198,1.225425,0.328006,Straight,Flat,0,0.04039001,TransSlide
184.1999,28.43203,0,-0.1130694,0.5038987,0,0.100186,1338.335,1.224961,0.3286616,Straight,Flat,-0.01978234,0.0351944,TransSlide
184.2399,28.45664,0,-0.1130694,0.5038987,0,0.0973953,1339.473,1.224943,0.3293178,Straight,Flat,0,0.02999115,TransSlide
184.2799,28.48128,0,-0.1130694,0.5038987,0,0.09422728,1340.612,1.22542,0.329974,Straight,Flat,0,-0.07636261,Normal
184.3199,28.50596,0,-0.1176471,0.5038987,0,0.09086516,1341.752,1.226107,0.3306309,Straight,Flat,0,-0.08840942,Normal
184.3599,28.53066,0,-0.1176471,0.5038987,0,0.08676228,1342.893,1.226842,0.3312878,Straight,Flat,0,-0.1004639,Normal
184.3999,28.5554,0,-0.1176471,0.5038987,0,0.08225569,1344.035,1.227577,0.331945,Straight,Flat,0,-0.1125259,Normal
184.4399,28.58015,0,-0.1176471,0.5038987,0,0.07720748,1345.178,1.228445,0.3326029,Straight,Flat,-0.01978234,-0.1246033,Normal
184.4799,28.60489,0,-0.1176471,0.5038987,0,0.07152233,1346.322,1.229125,0.3332607,Straight,Flat,-0.01978234,-0.1366806,Normal
184.5199,28.62954,0,-0.1176471,0.5038987,0,0.06522736,1347.467,1.229698,0.3339192,Straight,Flat,-0.01978234,-0.1487808,Normal
184.5599,28.65414,0,-0.1176471,0.5038987,0,0.05840161,1348.613,1.230382,0.3345777,Straight,Down,0,-0.160881,Normal
184.5999,28.67795,0,-0.1176471,0.5038987,0,0.0509432,1349.76,1.230866,0.3352369,Straight,Down,0,-0.1729965,Normal
184.6399,28.70281,0,-0.1176471,0.5038987,0,0.04312524,1350.908,1.231453,0.335896,Straight,Down,0,-0.1851196,Normal
184.6799,28.72757,0,-0.1176471,0.5038987,0,0.03449368,1352.057,1.23305,0.3365556,Straight,Down,-0.01978234,-0.1972504,Normal
184.7199,28.75112,0,-0.1176471,0.5038987,0,0.02540767,1353.207,1.234233,0.3372157,Straight,Down,0,-0.2093964,Normal
184.7599,28.77637,0,-0.1176471,0.5038987,0,0.01578856,1354.358,1.234975,0.3378758,Straight,Down,-0.01978234,-0.2215576,Normal
184.7999,28.80088,0,-0.1176471,0.5038987,0,0.005376369,1355.509,1.235516,0.3385365,Straight,Down,0,-0.2337189,Normal
184.8399,28.82541,0,-0.09475887,0.5038987,0,-0.005898625,1356.662,1.235857,0.3391973,Straight,Down,0,-0.2458878,Normal
184.8799,28.84602,0,-0.07003963,0.4999771,0,-0.01466462,1357.816,1.236871,0.3398586,Left,Down,-0.1203313,-0.2792511,Normal
184.9199,28.87362,0,-0.06363094,0.4999771,0,-0.0196799,1358.97,1.239874,0.34052,Left,Down,-0.1203313,-0.3930817,Normal
184.9599,28.89569,0,-0.0590533,0.4920424,0,-0.02530733,1360.126,1.241983,0.341182,Left,Down,-0.1203313,-0.5070267,Normal
184.9999,28.91497,0,-0.0590533,0.4920424,0,-0.030853,1361.282,1.242476,0.341844,Left,Down,-0.1203313,-0.621048,Normal
185.0399,28.93826,0,-0.0590533,0.4880751,0,-0.03757918,1362.44,1.245996,0.3425063,Left,Down,-0.09487279,-0.735054,Normal
185.0799,28.9661,0,-0.04806519,0.4841077,0,-0.03746954,1363.598,1.250566,0.3431692,Left,Down,-0.08622923,-0.8269806,Normal
185.1199,28.99192,0,-0.0352478,0.4841077,0,-0.03788602,1364.758,1.252608,0.3438322,Left,Down,-0.08392937,-0.9108276,Normal
185.1599,29.01795,0,0.003204346,0.4722057,0,-0.03936756,1365.918,1.252529,0.3444957,Left,Down,-0.08392937,-0.9948502,Normal
185.1999,29.0465,0,0.04440308,0.4563211,0,-0.04143682,1367.08,1.251121,0.3451592,Left,Down,-0.08622923,-1.078987,Normal
185.2399,29.06669,0,0.07553101,0.444419,0,-0.04331663,1368.242,1.249482,0.3458233,Left,Down,-0.08392937,-1.163177,Normal
185.2799,29.08558,0,0.1167297,0.4206149,0,-0.04616657,1369.405,1.250529,0.3464875,Left,Down,-0.07912937,-1.24736,Normal
185.3199,29.09298,0,0.1359594,0.4126802,0,-0.04693136,1370.569,1.252758,0.3471519,Straight,Down,0,-1.318527,Normal
185.3599,29.11186,0,0.1597631,0.3571222,0,-0.04564005,1371.733,1.257272,0.3478169,Straight,Down,0.01978234,-1.339615,Normal
185.3999,29.11645,0,0.1780736,0.2856947,0,-0.04509339,1372.898,1.259499,0.348482,Straight,Down,0.01978234,-1.360725,Normal
185.4399,29.11299,0,0.1936376,0.2579232,0,-0.04487643,1374.063,1.258926,0.3491476,Straight,Down,0,-1.381866,Normal
185.4799,29.10005,0,0.2073705,0.2539559,0,-0.04515886,1375.227,1.257102,0.3498132,Straight,Down,0.01978234,-1.403015,Normal
185.5199,29.08171,0,0.2137792,0.289662,0,-0.0456017,1376.39,1.255033,0.3504794,Straight,Down,0,-1.424149,Normal
185.5599,29.06871,0,0.2247655,0.297612,0,-0.04627699,1377.553,1.253177,0.3511456,Straight,Down,0.01978234,-1.445274,Normal
185.5999,29.05852,0,0.2302587,0.297612,0,-0.04711267,1378.716,1.251771,0.3518124,Straight,Down,0.01978234,-1.466385,Normal
185.6399,29.04843,0,0.2311742,0.3015793,0,-0.04803166,1379.878,1.250742,0.3524792,Straight,Down,0.01978234,-1.487495,Normal
185.6799,29.03867,0,0.2357519,0.3055466,0,-0.04906183,1381.039,1.250261,0.3531463,Straight,Down,0.01978234,-1.508591,Normal
185.7199,29.02971,0,0.2357519,0.3055466,0,-0.05003041,1382.2,1.250016,0.3538139,Straight,Down,0.01978234,-1.529686,Normal
185.7599,29.02125,0,0.2366674,0.3055466,0,-0.05074367,1383.361,1.25004,0.3544815,Straight,Down,0.01978234,-1.550781,Normal
185.7999,29.01288,0,0.2504003,0.3055466,0,-0.0514949,1384.522,1.25036,0.3551497,Straight,Down,0,-1.571854,Normal
185.8399,29.0045,0,0.2732885,0.309514,0,-0.05187768,1385.682,1.250764,0.3558179,Straight,Down,0.01978234,-1.592934,Normal
185.8799,28.99693,0,0.3089941,0.309514,0,-0.05189085,1386.842,1.251252,0.3564867,Straight,Down,0,-1.613998,Normal
185.9199,28.98946,0,0.3437841,0.309514,0,-0.05154139,1388.002,1.251873,0.3571555,Straight,Down,0.01978234,-1.635063,Normal
185.9599,28.98164,0,0.3868175,0.309514,0,-0.05046782,1389.161,1.252375,0.3578248,Straight,Down,0.01978234,-1.65612,Normal
185.9999,28.97439,0,0.4234385,0.309514,0,-0.04859537,1390.32,1.252639,0.3584941,Straight,Down,0.01978234,-1.67717,Normal
186.0399,28.96721,0,0.4390025,0.309514,0,-0.04582408,1391.479,1.254146,0.3591638,Straight,Down,0.01978234,-1.698204,Normal
186.0799,28.95929,0,0.4692149,0.309514,0,-0.04215357,1392.637,1.255371,0.3598339,Straight,Down,0.01978234,-1.719254,Normal
186.1199,28.95233,0,0.4975963,0.309514,0,-0.03768611,1393.796,1.256259,0.3605041,Straight,Down,0.01978234,-1.74028,Normal
186.1599,28.94536,0,0.5397105,0.309514,0,-0.03197888,1394.953,1.256901,0.3611747,Straight,Down,0,-1.761307,Normal
186.1999,28.93792,0,0.6010544,0.309514,0,-0.02513453,1396.111,1.257594,0.3618455,Straight,Down,0.01978234,-1.782333,Normal
186.2399,28.93151,0,0.6303513,0.309514,0,-0.01703221,1397.268,1.258292,0.3625167,Straight,Down,0.01978234,-1.803352,Normal
186.2799,28.92399,0,0.6532395,0.309514,0,-0.01398081,1398.426,1.2575,0.3631879,Right,Down,0.06852804,-1.804688,Normal
186.3199,28.91465,0,0.6642258,0.309514,0,-0.01297697,1399.582,1.256186,0.3638594,Right,Down,0.0656106,-1.768112,Normal
186.3599,28.90698,0,0.6907761,0.309514,0,-0.01026574,1400.739,1.255727,0.3645315,Right,Down,0.0656106,-1.73156,Normal
186.3999,28.89702,0,0.7255661,0.309514,0,-0.005410463,1401.894,1.256188,0.3652035,Right,Down,0.0656106,-1.69503,Normal
186.4399,28.88622,0,0.7612717,0.309514,0,0.001778692,1403.05,1.256934,0.3658761,Right,Down,0.06852804,-1.658516,Normal
186.4799,28.8754,0,0.8372641,0.309514,0,0.01177981,1404.205,1.259394,0.3665486,Right,Down,0.06852804,-1.62204,Normal
186.5199,28.86978,0,0.8967733,0.309514,0,0.02377117,1405.36,1.263726,0.3672217,Right,Down,0.07401875,-1.585579,Normal
186.5599,28.85888,0,0.9782553,0.309514,0,0.03301409,1406.515,1.262877,0.3678948,Right,Down,0.09891172,-1.5401,Normal
186.5999,28.84402,0,1.043258,0.309514,0,0.0416441,1407.668,1.258798,0.3685684,Right,Down,0.09891172,-1.478363,Normal
186.6399,28.8355,0,1.089953,0.309514,0,0.05343398,1408.822,1.25645,0.369242,Right,Down,0.09891172,-1.416656,Normal
186.6799,28.81802,0,1.154956,0.309514,0,0.06956425,1409.975,1.255438,0.3699158,Right,Down,0.09891172,-1.35508,Normal
186.7199,28.80763,0,1.186999,0.309514,0,0.08937046,1411.127,1.261594,0.3705902,Right,Down,0.1083524,-1.293594,Normal
186.7599,28.79244,0,1.243762,0.309514,0,0.1076986,1412.279,1.262645,0.3712645,Right,Down,0.1266688,-1.223587,Normal
186.7999,28.77009,0,1.29595,0.309514,0,0.1270608,1413.43,1.259091,0.3719394,Right,Down,0.1266688,-1.140457,Normal
186.8399,28.75593,0,1.32067,0.309514,0,0.1514089,1414.581,1.256162,0.3726143,Right,Down,0.1282043,-1.057404,Normal
186.8799,28.74093,0,1.351798,0.309514,0,0.1808474,1415.73,1.261572,0.3732896,Right,Down,0.1384764,-0.9745865,Normal
186.9199,28.71963,0,1.367362,0.309514,0,0.2096323,1416.879,1.262648,0.373965,Right,Down,0.1532334,-0.8821564,Normal
186.9599,28.69054,0,1.384757,0.309514,0,0.2414496,1418.027,1.259146,0.3746406,Right,Down,0.1532334,-0.7792206,Normal
186.9999,28.67003,0,1.398489,0.309514,0,0.2790613,1419.174,1.257955,0.3753167,Right,Down,0.1545051,-0.676506,Normal
187.0399,28.6524,0,1.398489,0.309514,0,0.3200906,1420.321,1.263634,0.3759928,Right,Down,0.1791368,-0.5703659,Normal
187.0799,28.61996,0,1.398489,0.309514,0,0.3623418,1421.466,1.260586,0.3766694,Right,Down,0.1791368,-0.4484787,Normal
187.1199,28.59671,0,1.398489,0.309514,0,0.4114009,1422.61,1.259615,0.3773459,Right,Down,0.1866263,-0.3267593,Normal
187.1599,28.57009,0,1.398489,0.309514,0,0.463272,1423.753,1.263168,0.378023,Right,Down,0.2046302,-0.1980362,Normal
187.1999,28.52847,0,1.398489,0.309514,0,0.5183603,1424.894,1.258975,0.3787,Right,Flat,0.2046302,-0.05769348,Normal
187.2399,28.51466,0,1.398489,0.309514,0,0.5816261,1426.035,1.265719,0.3793776,Right,Flat,0.2272819,0.08250427,Normal
187.2799,28.47268,0,1.396658,0.309514,0,0.6438563,1427.174,1.261327,0.3800551,Right,Up,0.2306999,0.2393112,Normal
187.3199,28.43609,0,1.385672,0.309514,0,0.7147781,1428.312,1.262044,0.3807328,Right,Up,0.2462884,0.3980637,Normal
187.3599,28.40303,0,1.371939,0.309514,0,0.7881256,1429.449,1.262064,0.3814111,Right,Up,0.2564087,0.5688324,Normal
187.3999,28.3638,0,1.344473,0.309514,0,0.8676181,1430.583,1.262403,0.3820893,Right,Up,0.2719625,0.7460098,Normal
187.4399,28.32896,0,1.303275,0.309514,0,0.950646,1431.717,1.261394,0.382768,Right,Up,0.2832403,0.9352264,Normal
187.4799,28.28218,0,1.220874,0.309514,0,1.038682,1432.849,1.262602,0.3834467,Right,Up,0.5047422,1.130547,Normal
187.5199,28.25688,0,1.155871,0.309514,0,1.12719,1433.979,1.267169,0.3841258,Right,Up,0.9074132,1.20285,Normal
187.5599,28.2113,0,1.049666,0.309514,0,1.204693,1435.108,1.272568,0.3848049,Right,Up,0.8416294,1.112541,Normal
187.5999,28.18711,0,0.9150839,0.309514,0,1.270151,1436.236,1.273359,0.3854845,Right,Up,0.7712635,1.027748,Normal
187.6399,28.14666,0,0.8198655,0.309514,0,1.324992,1437.363,1.278536,0.3861641,Right,Up,0.7154584,0.9487076,Normal
187.6799,28.11894,0,0.6550705,0.309514,0,1.370675,1438.488,1.2787,0.3868439,Right,Up,0.6617518,0.8743515,Normal
187.7199,28.08483,0,0.5516124,0.309514,0,1.40915,1439.611,1.279801,0.3875242,Right,Up,0.6094146,0.8048553,Normal
187.7599,28.06318,0,0.4463267,0.309514,0,1.439663,1440.734,1.283485,0.3882044,Right,Up,0.5640592,0.7398605,Normal
187.7999,28.03855,0,0.3685069,0.309514,0,1.464664,1441.856,1.285509,0.3888851,Right,Up,0.5230194,0.6787796,Normal
187.8399,28.00593,0,0.3254735,0.289662,0,1.485677,1442.976,1.285987,0.3895658,Right,Up,0.4845679,0.6213074,Normal
187.8799,27.97,0,0.2677953,0.2856947,0,1.502548,1444.095,1.285923,0.390247,Right,Up,0.4502396,0.5672379,Normal
187.9199,27.93778,0,0.2018774,0.2817273,0,1.516776,1445.213,1.285332,0.3909281,Right,Up,0.4068635,0.5161514,Normal
187.9599,27.91019,0,0.07003784,0.2817273,0,1.526387,1446.33,1.289,0.3916094,Right,Up,0.3789758,0.4686508,Normal
187.9999,27.892,0,-0.0590533,0.2817273,0,1.533777,1447.445,1.290832,0.3922912,Right,Up,0.3571801,0.4237366,Normal
188.0399,27.8522,0,-0.1377887,0.2817273,0,1.540486,1448.56,1.287995,0.3929729,Right,Up,0.3202056,0.3809509,Normal
188.0799,27.82668,0,-0.2027929,0.2817273,0,1.543984,1449.673,1.291054,0.3936551,Right,Up,0.3006659,0.3410873,Normal
188.1199,27.80072,0,-0.2275121,0.2817273,0,1.545734,1450.786,1.290161,0.3943372,Right,Up,0.2748253,0.3032379,Normal
188.1599,27.77822,0,-0.2549779,0.2817273,0,1.547252,1451.897,1.291182,0.3950198,Right,Up,0.2525642,0.2673874,Normal
188.1999,27.75093,0,-0.2851903,0.3015793,0,1.546268,1453.007,1.290767,0.3957024,Right,Up,0.2264194,0.2336655,Normal
188.2399,27.74057,0,-0.3263909,0.3055466,0,1.54461,1454.117,1.293792,0.3963854,Right,Up,0.2264194,0.2020416,Normal
188.2799,27.71448,0,-0.4161143,0.309514,0,1.545297,1455.226,1.290325,0.3970684,Right,Up,0.174713,0.1704865,Normal
188.3199,27.70108,0,-0.4756236,0.309514,0,1.538732,1456.334,1.292205,0.3977515,Right,Flat,0.1713202,0.1433182,Normal
188.3599,27.69262,0,-0.5424589,0.309514,0,1.534862,1457.442,1.295148,0.3984352,Right,Flat,0.1713202,0.1164322,Normal
188.3999,27.67034,0,-0.631265,0.309514,0,1.534128,1458.549,1.291964,0.3991187,Right,Flat,0.132704,0.08955383,Normal
188.4399,27.65779,0,-0.7035935,0.3134814,0,1.52466,1459.655,1.292476,0.3998028,Right,Flat,0.09487279,0.06598663,Normal
188.4799,27.6481,0,-0.7631046,0.3134814,0,1.514431,1460.761,1.294564,0.4004867,Right,Flat,0.09691329,0.04534912,Normal
188.5199,27.63263,0,-0.7667667,0.3134814,0,1.505674,1461.867,1.29604,0.4011711,Right,Flat,0.09487279,0.02471924,Normal
188.5599,27.62169,0,-0.7493699,0.3134814,0,1.497568,1462.972,1.29719,0.4018554,Right,Flat,0.09487279,0.004104614,Normal
188.5999,27.6097,0,-0.7136643,0.3134814,0,1.490209,1464.076,1.295727,0.4025402,Right,Flat,0.09691329,-0.01652527,Normal
188.6399,27.59627,0,-0.6477463,0.3134814,0,1.483617,1465.18,1.294036,0.403225,Right,Flat,0.09487279,-0.03713989,Normal
188.6799,27.58172,0,-0.5369657,0.3134814,0,1.474655,1466.283,1.293372,0.4039099,Straight,Flat,0,-0.05771637,Normal
188.7199,27.57035,0,-0.4994273,0.3134814,0,1.462456,1467.386,1.295365,0.4045952,Straight,Flat,-0.01978234,-0.0704422,Normal
188.7599,27.55593,0,-0.453651,0.3134814,0,1.450266,1468.489,1.297261,0.4052805,Straight,Flat,0,-0.08216858,Normal
188.7999,27.54318,0,-0.4545665,0.3214161,0,1.437727,1469.591,1.298289,0.4059663,Straight,Flat,-0.01978234,-0.09390259,Normal
188.8399,27.53242,0,-0.4646373,0.3214161,0,1.424535,1470.692,1.298506,0.4066519,Straight,Flat,-0.01978234,-0.105629,Normal
188.8799,27.52175,0,-0.5122447,0.3214161,0,1.410417,1471.793,1.298467,0.407338,Straight,Flat,0,-0.117363,Normal
188.9199,27.51069,0,-0.61387,0.3293507,0,1.395337,1472.894,1.298464,0.408024,Straight,Flat,-0.01978234,-0.129097,Normal
188.9599,27.50061,0,-0.6779587,0.3293507,0,1.378829,1473.994,1.29849,0.4087102,Straight,Flat,0,-0.140831,Normal
188.9999,27.49059,0,-0.7383835,0.3333181,0,1.36026,1475.093,1.298754,0.4093968,Straight,Down,-0.01978234,-0.1525574,Normal
189.0399,27.48066,0,-0.8024722,0.3333181,0,1.339773,1476.193,1.298103,0.4100834,Straight,Down,0,-0.1642914,Normal
189.0799,27.47068,0,-0.8848715,0.3333181,0,1.317005,1477.292,1.29789,0.4107704,Straight,Down,-0.01978234,-0.176033,Normal
189.1199,27.45986,0,-0.9452963,0.3372854,0,1.291781,1478.39,1.298167,0.4114573,Straight,Down,-0.01978234,-0.187767,Normal
189.1599,27.44995,0,-0.9810019,0.3372854,0,1.264088,1479.488,1.298557,0.4121446,Straight,Down,-0.01978234,-0.1995087,Normal
189.1999,27.43725,0,-0.9983987,0.3372854,0,1.233568,1480.586,1.298261,0.4128318,Straight,Down,-0.01978234,-0.2112427,Normal
189.2399,27.42838,0,-0.9983987,0.3372854,0,1.210586,1481.683,1.301304,0.4135195,Left,Down,-0.09891172,-0.2228699,Normal
189.2799,27.41954,0,-0.9929037,0.3372854,0,1.184358,1482.78,1.303812,0.414207,Left,Down,-0.09691329,-0.2285461,Normal
189.3199,27.4083,0,-0.9929037,0.3372854,0,1.154686,1483.876,1.305526,0.4148948,Left,Down,-0.09691329,-0.23423,Normal
189.3599,27.39882,0,-0.9929037,0.3372854,0,1.121328,1484.972,1.304739,0.415583,Left,Down,-0.09891172,-0.2399216,Normal
189.3999,27.38462,0,-0.9791708,0.3372854,0,1.084328,1486.068,1.302608,0.4162711,Left,Down,-0.09891172,-0.2456207,Normal
189.4399,27.37499,0,-0.9443808,0.3372854,0,1.051647,1487.163,1.303665,0.4169596,Left,Down,-0.1186941,-0.251297,Normal
189.4799,27.36543,0,-0.8967733,0.3372854,0,1.017224,1488.258,1.305524,0.417648,Left,Down,-0.1341704,-0.2554474,Normal
189.5199,27.35357,0,-0.8693057,0.3372854,0,0.9782175,1489.352,1.306886,0.4183368,Left,Down,-0.132704,-0.2587357,Normal
189.5599,27.33802,0,-0.843671,0.3372854,0,0.9351271,1490.446,1.304179,0.4190255,Left,Down,-0.132704,-0.2620316,Normal
189.5999,27.32838,0,-0.7914859,0.3372854,0,0.8968083,1491.539,1.305417,0.4197144,Left,Down,-0.1467098,-0.2653198,Normal
189.6399,27.32059,0,-0.7685977,0.3372854,0,0.8547702,1492.632,1.308039,0.4204037,Left,Down,-0.1582588,-0.2675705,Normal
189.6799,27.30498,0,-0.7338059,0.3372854,0,0.808437,1493.724,1.30711,0.4210929,Left,Down,-0.1594904,-0.269104,Normal
189.7199,27.29108,0,-0.7035935,0.3372854,0,0.7634944,1494.816,1.306435,0.4217825,Left,Down,-0.1619255,-0.2706451,Normal
189.7599,27.28515,0,-0.6495774,0.3372854,0,0.7176707,1495.907,1.309151,0.422472,Left,Down,-0.1802258,-0.2719193,Normal
189.7999,27.27093,0,-0.5827421,0.3372854,0,0.6672946,1496.998,1.308994,0.4231619,Left,Down,-0.1802258,-0.2720261,Normal
189.8399,27.25736,0,-0.5433744,0.3372854,0,0.6192123,1498.089,1.308303,0.4238517,Left,Down,-0.1823843,-0.2721252,Normal
189.8799,27.25263,0,-0.4893565,0.3372854,0,0.5697355,1499.179,1.311072,0.4245419,Left,Down,-0.199792,-0.2720261,Normal
189.9199,27.23613,0,-0.4637218,0.3372854,0,0.5161368,1500.269,1.309089,0.425232,Left,Down,-0.199792,-0.2708893,Normal
189.9599,27.22615,0,-0.4600596,0.3372854,0,0.4681048,1501.358,1.310241,0.4259222,Left,Down,-0.2046302,-0.2697372,Normal
189.9999,27.22416,0,-0.4701304,0.3372854,0,0.41499,1502.447,1.312524,0.4266129,Left,Down,-0.2167048,-0.2681808,Normal
190.0399,27.2062,0,-0.505836,0.3372854,0,0.3636505,1503.535,1.311146,0.4273034,Left,Down,-0.2167048,-0.2659378,Normal
190.0799,27.20368,0,-0.5671781,0.3372854,0,0.3119793,1504.623,1.314487,0.4279943,Left,Down,-0.2315465,-0.2636871,Normal
190.1199,27.18868,0,-0.6257719,0.3372854,0,0.2585632,1505.711,1.311846,0.4286852,Left,Down,-0.23239,-0.2605438,Normal
190.1599,27.18288,0,-0.7154953,0.3372854,0,0.2090105,1506.798,1.314635,0.4293764,Left,Down,-0.2406627,-0.2573242,Normal
190.1999,27.17335,0,-0.8152896,0.3372854,0,0.1547656,1507.885,1.3125,0.4300674,Left,Down,-0.2462884,-0.2535477,Normal
190.2399,27.16367,0,-0.8921957,0.3372854,0,0.1060145,1508.972,1.315611,0.4307589,Left,Down,-0.2517883,-0.2494202,Normal
190.2799,27.156,0,-0.9636068,0.3372854,0,0.05217135,1510.058,1.31365,0.4314503,Left,Down,-0.2609472,-0.2449341,Normal
190.3199,27.14583,0,-1.009385,0.3372854,0,0.00412187,1511.144,1.317019,0.4321418,Left,Down,-0.2646699,-0.2399521,Normal
190.3599,27.13652,0,-1.068894,0.3372854,0,-0.0475834,1512.23,1.315149,0.4328337,Left,Down,-0.2733977,-0.2346954,Normal
190.3999,27.12659,0,-1.132983,0.3372854,0,-0.09493008,1513.315,1.318488,0.4335254,Left,Down,-0.2783625,-0.2289276,Normal
190.4399,27.11593,0,-1.182421,0.3372854,0,-0.1443883,1514.4,1.316411,0.4342175,Left,Down,-0.2859903,-0.2228394,Normal
190.4799,27.10544,0,-1.221789,0.3372854,0,-0.1912975,1515.484,1.319864,0.4349096,Left,Down,-0.2914124,-0.2163162,Normal
190.5199,27.09359,0,-1.233693,0.3372854,0,-0.2379922,1516.568,1.318073,0.435602,Left,Down,-0.2980514,-0.2094345,Normal
190.5599,27.07941,0,-1.229113,0.3372854,0,-0.2852335,1517.651,1.318513,0.4362943,Left,Down,-0.3058279,-0.2021866,Normal
190.5999,27.0706,0,-1.20531,0.3372854,0,-0.3294073,1518.734,1.320714,0.4369866,Left,Down,-0.309643,-0.1944656,Normal
190.6399,27.05633,0,-1.179675,0.3372854,0,-0.3747916,1519.816,1.319037,0.4376794,Left,Down,-0.3202056,-0.1865387,Normal
190.6799,27.04414,0,-1.132067,0.3372854,0,-0.4176079,1520.898,1.322465,0.438372,Left,Down,-0.3232465,-0.1779785,Normal
190.7199,27.0347,0,-1.098191,0.3372854,0,-0.4596102,1521.98,1.321749,0.439065,Left,Down,-0.3310224,-0.1692047,Normal
190.7599,27.01706,0,-1.039597,0.3372854,0,-0.5022358,1523.061,1.320185,0.4397579,Left,Down,-0.3380413,-0.1600113,Normal
190.7999,27.0077,0,-0.9919882,0.3412528,0,-0.5414786,1524.141,1.324348,0.4404512,Left,Down,-0.3414966,-0.1503754,Normal
190.8399,26.99884,0,-0.9745932,0.3412528,0,-0.5805448,1525.221,1.323222,0.4411443,Left,Flat,-0.3511023,-0.1405106,Normal
190.8799,26.98014,0,-0.9562826,0.3452201,0,-0.6186969,1526.3,1.321886,0.4418378,Left,Flat,-0.3571801,-0.1301117,Normal
190.9199,26.9701,0,-0.9040976,0.3452201,0,-0.6555119,1527.379,1.32536,0.4425311,Left,Flat,-0.3620769,-0.1193848,Normal
190.9599,26.96712,0,-0.8564883,0.3491875,0,-0.6903186,1528.458,1.325661,0.4432245,Left,Flat,-0.3706227,-0.1083679,Normal
190.9999,26.94865,0,-0.7988101,0.3491875,0,-0.7246178,1529.536,1.32458,0.4439183,Left,Flat,-0.3769049,-0.09687042,Normal
191.0399,26.9388,0,-0.7566941,0.3491875,0,-0.758186,1530.614,1.32388,0.444612,Left,Flat,-0.3815487,-0.08502197,Normal
191.0799,26.93508,0,-0.7429612,0.3491875,0,-0.7881653,1531.691,1.328153,0.4453061,Left,Flat,-0.3891652,-0.07286835,Normal
191.1199,26.93064,0,-0.7392991,0.3491875,0,-0.8164351,1532.768,1.328086,0.4459999,Left,Flat,-0.3966355,-0.06032562,Normal
191.1599,26.91365,0,-0.7392991,0.3491875,0,-0.843275,1533.845,1.325993,0.4466942,Left,Flat,-0.4015385,-0.04734802,Normal
191.1999,26.90394,0,-0.7310593,0.3491875,0,-0.869059,1534.921,1.325123,0.4473883,Left,Flat,-0.4073442,-0.03404236,Normal
191.2399,26.89733,0,-0.6898606,0.3531548,0,-0.8924788,1535.997,1.321719,0.4480824,Left,Flat,-0.414487,-0.02041626,Normal
191.2799,26.87985,0,-0.61387,0.3610895,0,-0.9130736,1537.073,1.319325,0.448777,Left,Flat,-0.4078243,-0.00642395,Normal
191.3199,26.87268,0,-0.5122447,0.3610895,0,-0.9332852,1538.148,1.320567,0.4494714,Left,Flat,-0.3976209,0.05127716,Normal
191.3599,26.86612,0,-0.4600596,0.3650568,0,-0.9537098,1539.222,1.32293,0.4501662,Left,Flat,-0.3871488,0.1210175,Normal
191.3999,26.85443,0,-0.4527354,0.3690242,0,-0.9687661,1540.297,1.320936,0.4508608,Left,Up,-0.3700944,0.1962891,Normal
191.4399,26.84499,0,-0.4527354,0.3690242,0,-0.9841565,1541.371,1.324083,0.4515557,Left,Up,-0.3588198,0.2681198,Normal
191.4799,26.84198,0,-0.4692149,0.3690242,0,-0.9999056,1542.444,1.326321,0.4522505,Left,Up,-0.3511023,0.3372803,Normal
191.5199,26.83216,0,-0.471046,0.3729915,0,-1.010255,1543.518,1.325858,0.4529456,Left,Up,-0.3345502,0.4046478,Normal
191.5599,26.82572,0,-0.4829478,0.3769741,0,-1.022977,1544.591,1.328877,0.4536406,Left,Up,-0.3274564,0.4685516,Normal
191.5999,26.81722,0,-0.4948497,0.3769741,0,-1.031797,1545.664,1.327877,0.4543356,Left,Up,-0.3165179,0.5307007,Normal
191.6399,26.81174,0,-0.4994273,0.3809415,0,-1.041776,1546.736,1.331051,0.455031,Left,Up,-0.3051875,0.5906677,Normal
191.6799,26.80523,0,-0.4994273,0.3849088,0,-1.049256,1547.809,1.330447,0.4557263,Left,Up,-0.2993615,0.647934,Normal
191.7199,26.80204,0,-0.5012584,0.3849088,0,-1.056652,1548.881,1.333172,0.4564219,Left,Up,-0.2859903,0.7039948,Normal
191.7599,26.79427,0,-0.5067515,0.3849088,0,-1.062204,1549.953,1.332388,0.4571173,Left,Up,-0.2818553,0.7569962,Normal
191.7999,26.7934,0,-0.5067515,0.3888762,0,-1.068082,1551.024,1.335202,0.457813,Left,Up,-0.2690692,0.8092194,Normal
191.8399,26.78521,0,-0.5067515,0.4087129,0,-1.071115,1552.096,1.334543,0.4585086,Left,Up,-0.2654082,0.8583298,Normal
191.8799,26.78616,0,-0.5067515,0.4206149,0,-1.076429,1553.167,1.337431,0.4592045,Left,Up,-0.254109,0.9067993,Normal
191.9199,26.78696,0,-0.4994273,0.432517,0,-1.076763,1554.239,1.337124,0.4599002,Left,Up,-0.2486604,0.9526138,Normal
191.9599,26.78815,0,-0.4994273,0.4404517,0,-1.080259,1555.31,1.337962,0.460596,Left,Up,-0.2414744,0.9973679,Normal
191.9999,26.79589,0,-0.505836,0.444419,0,-1.07964,1556.382,1.33907,0.4612922,Left,Up,-0.23239,1.040443,Normal
192.0399,26.79597,0,-0.505836,0.444419,0,-1.079621,1557.454,1.338382,0.4619881,Left,Up,-0.2332305,1.081566,Normal
192.0799,26.811,0,-0.505836,0.444419,0,-1.081087,1558.526,1.341491,0.4626844,Left,Up,-0.2158,1.122452,Normal
192.1199,26.81443,0,-0.5113292,0.444419,0,-1.078008,1559.599,1.341379,0.4633805,Left,Up,-0.2167048,1.159988,Normal
192.1599,26.81601,0,-0.5186534,0.444419,0,-1.077366,1560.671,1.340764,0.464077,Left,Up,-0.2102893,1.197487,Normal
192.1999,26.82741,0,-0.5241466,0.444419,0,-1.075425,1561.744,1.343522,0.4647732,Left,Up,-0.2007689,1.233368,Normal
192.2399,26.83037,0,-0.5250621,0.444419,0,-1.071933,1562.818,1.343549,0.4654695,Left,Up,-0.2007689,1.267326,Normal
192.2799,26.83799,0,-0.5250621,0.444419,0,-1.071333,1563.891,1.343711,0.4661662,Left,Up,-0.1907741,1.301247,Normal
192.3199,26.84297,0,-0.5195689,0.444419,0,-1.068092,1564.965,1.346065,0.4668626,Left,Up,-0.1855749,1.332748,Normal
192.3599,26.84488,0,-0.5177379,0.444419,0,-1.06393,1566.038,1.346165,0.4675594,Left,Up,-0.1855749,1.36319,Normal
192.3999,26.84917,0,-0.5168223,0.4483864,0,-1.062613,1567.112,1.345223,0.468256,Left,Up,-0.1735894,1.393585,Normal
192.4399,26.85798,0,-0.4994273,0.4483864,0,-1.061365,1568.186,1.348805,0.4689529,Left,Up,-0.1701742,1.421463,Normal
192.4799,26.86109,0,-0.4463267,0.4483864,0,-1.056373,1569.261,1.348913,0.4696496,Left,Up,-0.1701742,1.448341,Normal
192.5199,26.86508,0,-0.4042107,0.4483864,0,-1.054013,1570.335,1.348242,0.4703466,Left,Up,-0.1643245,1.475204,Normal
192.5599,26.87419,0,-0.3813225,0.4483864,0,-1.05488,1571.41,1.350108,0.4710434,Left,Up,-0.1545051,1.500633,Normal
192.5999,26.87804,0,-0.363012,0.4483864,0,-1.050895,1572.485,1.351458,0.4717403,Left,Up,-0.1545051,1.523888,Normal
192.6399,26.8798,0,-0.3575188,0.4483864,0,-1.046837,1573.561,1.351353,0.4724375,Left,Up,-0.1532334,1.547127,Normal
192.6799,26.88647,0,-0.3575188,0.4483864,0,-1.04561,1574.636,1.351086,0.4731345,Left,Up,-0.1426525,1.570343,Normal
192.7199,26.89381,0,-0.3465325,0.4483864,0,-1.047621,1575.712,1.353171,0.4738317,Left,Up,-0.1384764,1.590965,Normal
192.7599,26.89779,0,-0.3291374,0.4523537,0,-1.044792,1576.787,1.354589,0.4745288,Left,Up,-0.1384764,1.610504,Normal
192.7999,26.90035,0,-0.2796972,0.4523537,0,-1.041552,1577.863,1.354399,0.4752262,Left,Up,-0.1384764,1.630043,Normal
192.8399,26.90891,0,-0.2201879,0.4563211,0,-1.041443,1578.94,1.354538,0.4759234,Left,Up,-0.1282043,1.649559,Normal
192.8799,26.91202,0,-0.1185626,0.4563211,0,-1.043849,1580.016,1.354646,0.4766206,Left,Up,-0.1219466,1.666794,Normal
192.9199,26.9228,0,-0.004119873,0.4563211,0,-1.047488,1581.093,1.358217,0.4773182,Left,Up,-0.1219466,1.682503,Normal
192.9599,26.92766,0,0.05172729,0.4563211,0,-1.043594,1582.17,1.358197,0.4780155,Left,Up,-0.1219466,1.698204,Normal
192.9999,26.93292,0,0.08651733,0.4563211,0,-1.041604,1583.247,1.357827,0.4787131,Left,Up,-0.1219466,1.713905,Normal
193.0399,26.94188,0,0.08926392,0.4563211,0,-1.042251,1584.325,1.358186,0.4794105,Left,Up,-0.1046783,1.729584,Normal
193.0799,26.9471,0,0.08926392,0.4563211,0,-1.044781,1585.403,1.358422,0.4801082,Left,Up,-0.1065312,1.741501,Normal
193.1199,26.95698,0,0.1112366,0.4563211,0,-1.049679,1586.481,1.361372,0.4808057,Left,Up,-0.1046783,1.753113,Normal
193.1599,26.96325,0,0.1469457,0.4563211,0,-1.04758,1587.559,1.362469,0.4815035,Left,Up,-0.1046783,1.764717,Normal
193.1999,26.96778,0,0.1954687,0.4563211,0,-1.044043,1588.638,1.362146,0.482201,Left,Up,-0.1046783,1.776321,Normal
193.2399,26.97755,0,0.2311742,0.4563211,0,-1.042411,1589.717,1.36231,0.4828987,Left,Up,-0.09691329,1.787918,Normal
193.2799,26.98392,0,0.2504003,0.4563211,0,-1.042221,1590.796,1.362951,0.4835965,Left,Up,-0.08846933,1.797577,Normal
193.3199,26.98964,0,0.2504003,0.4563211,0,-1.043189,1591.876,1.363511,0.4842942,Left,Up,-0.08846933,1.804634,Normal
193.3599,26.99594,0,0.2485693,0.4563211,0,-1.045299,1592.956,1.365017,0.4849921,Left,Up,-0.08622923,1.811676,Normal
193.3999,27.00615,0,0.2357519,0.4563211,0,-1.045382,1594.036,1.367373,0.4856898,Left,Up,-0.08622923,1.818718,Normal
193.4399,27.01162,0,0.2073705,0.4563211,0,-1.037248,1595.116,1.367349,0.4863878,Left,Up,-0.08846933,1.82576,Normal
193.4799,27.01895,0,0.1945531,0.4563211,0,-1.030057,1596.197,1.367153,0.4870856,Left,Up,-0.08622923,1.832802,Normal
193.5199,27.02657,0,0.1945531,0.4563211,0,-1.023441,1597.278,1.367634,0.4877837,Left,Up,-0.07132626,1.839836,Normal
193.5599,27.03298,0,0.1780736,0.4563211,0,-1.017716,1598.359,1.368356,0.4884815,Left,Up,-0.0656106,1.842644,Normal
193.5999,27.03954,0,0.1460302,0.4563211,0,-1.012589,1599.441,1.369203,0.4891793,Left,Up,-0.06852804,1.844131,Normal
193.6399,27.04549,0,0.1460302,0.4563211,0,-1.007759,1600.523,1.370096,0.4898775,Left,Up,-0.0656106,1.845619,Normal
193.6799,27.05172,0,0.1460302,0.4563211,0,-1.003067,1601.605,1.370903,0.4905754,Left,Up,-0.0656106,1.847115,Normal
193.7199,27.05801,0,0.1460302,0.4563211,0,-0.9988549,1602.687,1.372582,0.4912735,Left,Up,-0.0656106,1.848595,Normal
193.7599,27.06493,0,0.1835668,0.4563211,0,-0.9856712,1603.77,1.374219,0.4919714,Left,Up,-0.0656106,1.850075,Normal
193.7999,27.07274,0,0.1844823,0.4563211,0,-0.9658952,1604.852,1.37578,0.4926696,Left,Up,-0.0656106,1.851555,Normal
193.8399,27.08008,0,0.1844823,0.4563211,0,-0.9462374,1605.936,1.376773,0.4933676,Left,Up,-0.0656106,1.853035,Normal
193.8799,27.08866,0,0.1597631,0.4563211,0,-0.9263357,1607.019,1.377173,0.4940656,Straight,Up,-0.01978234,1.854507,Normal
193.9199,27.09681,0,0.1121521,0.4563211,0,-0.9061952,1608.103,1.377306,0.4947638,Straight,Up,-0.01978234,1.841888,Normal
193.9599,27.10471,0,0.110321,0.4603037,0,-0.8858051,1609.187,1.377449,0.4954618,Straight,Up,-0.01978234,1.827576,Normal
193.9999,27.1132,0,0.1121521,0.4603037,0,-0.8648106,1610.271,1.377526,0.49616,Straight,Up,0,1.813271,Normal
194.0399,27.12162,0,0.1121521,0.4603037,0,-0.8435072,1611.356,1.377847,0.496858,Straight,Up,-0.01978234,1.798943,Normal
194.0799,27.12993,0,0.1121521,0.4603037,0,-0.8219339,1612.441,1.37848,0.4975563,Straight,Up,0,1.784622,Normal
194.1199,27.13817,0,0.1121521,0.4603037,0,-0.7999257,1613.527,1.379074,0.4982543,Straight,Up,-0.01978234,1.770294,Normal
194.1599,27.14639,0,0.1121521,0.4603037,0,-0.7773072,1614.613,1.3796,0.4989526,Straight,Up,-0.01978234,1.755966,Normal
194.1999,27.15456,0,0.1130676,0.4603037,0,-0.7542959,1615.699,1.380059,0.4996506,Straight,Up,-0.01978234,1.741623,Normal
194.2399,27.16271,0,0.1130676,0.4603037,0,-0.7304711,1616.785,1.380653,0.5003486,Straight,Up,0,1.72728,Normal
194.2799,27.17083,0,0.1130676,0.4603037,0,-0.7061642,1617.872,1.381366,0.5010469,Straight,Up,-0.01978234,1.712921,Normal
194.3199,27.17894,0,0.1130676,0.4603037,0,-0.6812164,1618.959,1.382172,0.5017449,Straight,Up,-0.01978234,1.698563,Normal
194.3599,27.18702,0,0.1130676,0.4603037,0,-0.6556909,1620.046,1.382872,0.5024431,Straight,Up,-0.01978234,1.684196,Normal
194.3999,27.19509,0,0.1130676,0.4603037,0,-0.6294989,1621.134,1.383588,0.5031412,Straight,Up,-0.01978234,1.669838,Normal
194.4399,27.20311,0,0.1130676,0.4603037,0,-0.6027414,1622.222,1.384265,0.5038394,Straight,Up,-0.01978234,1.655457,Normal
194.4799,27.21113,0,0.1057434,0.4603037,0,-0.5754163,1623.311,1.384869,0.5045374,Straight,Up,-0.01978234,1.641075,Normal
194.5199,27.21911,0,0.1057434,0.4603037,0,-0.5473705,1624.399,1.385511,0.5052354,Straight,Up,-0.01978234,1.626686,Normal
194.5599,27.22709,0,0.1057434,0.4603037,0,-0.5186545,1625.488,1.386192,0.5059336,Straight,Up,-0.01978234,1.612297,Normal
194.5999,27.23504,0,0.1048279,0.4603037,0,-0.4891632,1626.578,1.386969,0.5066316,Straight,Up,0,1.5979,Normal
194.6399,27.24277,0,0.08651733,0.4603037,0,-0.4587968,1627.667,1.387537,0.5073298,Straight,Up,-0.01978234,1.583496,Normal
194.6799,27.25085,0,0.02334595,0.4603037,0,-0.4277669,1628.757,1.388081,0.5080277,Straight,Up,-0.01978234,1.569084,Normal
194.7199,27.25887,0,-0.04623413,0.4603037,0,-0.396018,1629.847,1.388941,0.5087259,Straight,Up,-0.01978234,1.554665,Normal
194.7599,27.26659,0,-0.1048297,0.4603037,0,-0.3637129,1630.938,1.389788,0.5094238,Straight,Up,-0.01978234,1.540245,Normal
194.7999,27.27473,0,-0.1780736,0.4603037,0,-0.3311021,1632.029,1.390556,0.510122,Straight,Up,-0.01978234,1.525818,Normal
194.8399,27.28295,0,-0.2192724,0.4603037,0,-0.2980605,1633.12,1.391248,0.5108198,Straight,Up,-0.01978234,1.511391,Normal
194.8799,27.29097,0,-0.2311742,0.4603037,0,-0.2649747,1634.212,1.391984,0.5115176,Straight,Up,-0.01978234,1.496948,Normal
194.9199,27.29923,0,-0.2311742,0.4603037,0,-0.2317751,1635.304,1.392543,0.5122157,Straight,Up,-0.01978234,1.482506,Normal
194.9599,27.30193,0,-0.2311742,0.4603037,0,-0.1981508,1636.396,1.39234,0.5129136,Straight,Up,-0.01978234,1.468063,Normal
194.9999,27.3122,0,-0.2311742,0.4603037,0,-0.1664067,1637.488,1.39524,0.5136116,Straight,Up,-0.01978234,1.453629,Normal
195.0399,27.32487,0,-0.2211034,0.4603037,0,-0.1351539,1638.581,1.398942,0.5143093,Straight,Up,-0.01978234,1.439201,Normal
195.0799,27.33062,0,-0.2092016,0.4603037,0,-0.1040626,1639.674,1.401025,0.5150073,Straight,Up,0,1.424751,Normal
195.1199,27.34385,0,-0.1899755,0.4603037,0,-0.07279775,1640.768,1.401514,0.515705,Straight,Up,0.02797646,1.410286,Normal
195.1599,27.35636,0,-0.1670855,0.4603037,0,-0.04144302,1641.862,1.401199,0.5164029,Right,Up,0.05595291,1.383514,Normal
195.1999,27.36732,0,-0.1185626,0.4603037,0,-0.009946495,1642.956,1.400467,0.5171005,Right,Up,0.05595291,1.347214,Normal
195.2399,27.37793,0,-0.07644832,0.4603037,0,0.021557,1644.052,1.400123,0.5177981,Right,Up,0.05595291,1.310913,Normal
195.2799,27.38926,0,-0.04074097,0.4603037,0,0.05293962,1645.147,1.400694,0.5184959,Right,Up,0.05233916,1.274605,Normal
195.3199,27.39739,0,-0.02334595,0.4603037,0,0.08452061,1646.243,1.400319,0.5191935,Right,Up,0.05595291,1.238289,Normal
195.3599,27.40992,0,-0.02334595,0.4603037,0,0.1073364,1647.339,1.402104,0.5198912,Right,Up,0.05595291,1.201973,Normal
195.3999,27.42343,0,-0.02975464,0.4603037,0,0.1293626,1648.436,1.40362,0.5205886,Right,Up,0.05595291,1.165634,Normal
195.4399,27.43372,0,-0.04714966,0.4603037,0,0.1509897,1649.533,1.404206,0.5212863,Right,Up,0.05595291,1.129265,Normal
195.4799,27.44599,0,-0.07553279,0.4603037,0,0.1729639,1650.631,1.403636,0.5219837,Right,Up,0.07912937,1.092873,Normal
195.5199,27.45876,0,-0.100252,0.4603037,0,0.1940983,1651.729,1.404681,0.522681,Right,Up,0.09065409,1.04776,Normal
195.5599,27.47156,0,-0.1130694,0.4603037,0,0.2125132,1652.828,1.40567,0.5233786,Right,Up,0.08846933,0.9986343,Normal
195.5999,27.48457,0,-0.1249713,0.4603037,0,0.2231455,1653.927,1.406974,0.5240757,Right,Up,0.08846933,0.9494781,Normal
195.6399,27.49854,0,-0.13138,0.4603037,0,0.2329997,1655.027,1.407737,0.5247732,Right,Up,0.08846933,0.9002838,Normal
195.6799,27.50975,0,-0.1524371,0.4603037,0,0.2429149,1656.127,1.407186,0.5254703,Right,Up,0.08846933,0.8510742,Normal
195.7199,27.5254,0,-0.1899755,0.4603037,0,0.2520377,1657.228,1.408827,0.5261677,Right,Up,0.1170339,0.8018494,Normal
195.7599,27.54122,0,-0.2256811,0.4603037,0,0.2522674,1658.329,1.410106,0.5268647,Right,Up,0.1203313,0.7422028,Normal
195.7999,27.55465,0,-0.2513158,0.4603037,0,0.2505581,1659.431,1.410536,0.527562,Right,Up,0.1203313,0.6811371,Normal
195.8399,27.56764,0,-0.2623022,0.4603037,0,0.2481316,1660.534,1.41071,0.5282589,Right,Up,0.1203313,0.6200638,Normal
195.8799,27.58468,0,-0.2623022,0.4603037,0,0.2411536,1661.637,1.412806,0.5289558,Right,Up,0.132704,0.5589828,Normal
195.9199,27.60253,0,-0.2623022,0.4603037,0,0.2273111,1662.741,1.414915,0.5296529,Right,Up,0.1506579,0.4925995,Normal
195.9599,27.61825,0,-0.2623022,0.4603037,0,0.2126035,1663.846,1.415583,0.5303496,Right,Up,0.1506579,0.4198151,Normal
195.9999,27.63711,0,-0.2623022,0.4603037,0,0.1965856,1664.951,1.415252,0.5310466,Right,Up,0.1506579,0.3469467,Normal
196.0399,27.6561,0,-0.2623022,0.4603037,0,0.1793875,1666.057,1.414601,0.5317432,Right,Up,0.1780411,0.2740326,Normal
196.0799,27.67088,0,-0.2623022,0.4603037,0,0.1615549,1667.164,1.41409,0.5324401,Right,Up,0.1802258,0.1902695,Normal
196.1199,27.69352,0,-0.2604711,0.4603037,0,0.1477709,1668.271,1.41567,0.5331365,Right,Flat,0.1813082,0.105629,Normal
196.1599,27.70974,0,-0.2604711,0.4603037,0,0.1399355,1669.379,1.415177,0.533833,Left,Flat,-0.1532334,0.02092743,Normal
196.1999,27.72607,0,-0.2604711,0.4603037,0,0.1312691,1670.488,1.413207,0.5345296,Left,Flat,-0.1607126,-0.0134201,Normal
196.2399,27.74759,0,-0.2604711,0.4603037,0,0.1211486,1671.598,1.415653,0.535226,Left,Flat,-0.1619255,-0.04663849,Normal
196.2799,27.76622,0,-0.2604711,0.4603037,0,0.1214826,1672.708,1.415793,0.5359225,Left,Flat,-0.1594904,-0.07987976,Normal
196.3199,27.78152,0,-0.274204,0.4603037,0,0.121266,1673.819,1.415207,0.5366186,Left,Flat,-0.1582588,-0.1058578,Normal
196.3599,27.80054,0,-0.2906835,0.4603037,0,0.1199821,1674.931,1.414075,0.5373151,Left,Flat,-0.1570175,-0.1314316,Normal
196.3999,27.82056,0,-0.3154045,0.4603037,0,0.1170907,1676.044,1.416273,0.5380111,Left,Down,-0.1480375,-0.1570053,Normal
196.4399,27.84003,0,-0.3327996,0.4603037,0,0.1220339,1677.157,1.417338,0.5387073,Left,Down,-0.1297215,-0.1811676,Normal
196.4799,27.8566,0,-0.3520256,0.4603037,0,0.1289418,1678.271,1.417457,0.5394031,Left,Down,-0.1297215,-0.2031784,Normal
196.5199,27.87731,0,-0.3575188,0.4603037,0,0.1339191,1679.386,1.417466,0.540099,Left,Down,-0.1297215,-0.2252121,Normal
196.5599,27.89515,0,-0.3575188,0.4603037,0,0.1377744,1680.502,1.417262,0.540795,Left,Down,-0.1282043,-0.2472458,Normal
196.5999,27.91329,0,-0.3575188,0.4603037,0,0.1399464,1681.618,1.41829,0.5414906,Left,Down,-0.09691329,-0.268959,Normal
196.6399,27.93304,0,-0.3575188,0.4603037,0,0.1403884,1682.735,1.419596,0.5421864,Left,Down,-0.09891172,-0.2871323,Normal
196.6799,27.95164,0,-0.3575188,0.4603037,0,0.1528974,1683.853,1.420462,0.5428819,Left,Down,-0.09691329,-0.3053055,Normal
196.7199,27.97092,0,-0.3575188,0.4603037,0,0.1632627,1684.972,1.421005,0.5435776,Left,Down,-0.09891172,-0.323494,Normal
196.7599,27.99061,0,-0.3575188,0.4603037,0,0.1720996,1686.091,1.421119,0.5442729,Left,Down,-0.09691329,-0.3416901,Normal
196.7999,28.01022,0,-0.3529412,0.4603037,0,0.1791291,1687.212,1.421089,0.5449684,Left,Down,-0.09278741,-0.3598938,Normal
196.8399,28.02945,0,-0.3529412,0.4603037,0,0.1843563,1688.333,1.421162,0.5456635,Left,Down,-0.05595291,-0.3771057,Normal
196.8799,28.04842,0,-0.3392082,0.4603037,0,0.1877669,1689.454,1.421435,0.5463586,Left,Down,-0.05595291,-0.3902664,Normal
196.9199,28.06687,0,-0.3025872,0.4603037,0,0.1897195,1690.577,1.421822,0.5470538,Left,Down,-0.05233916,-0.4034424,Normal
196.9599,28.08559,0,-0.2687109,0.4603037,0,0.1900547,1691.7,1.422269,0.5477487,Left,Down,-0.05595291,-0.4166107,Normal
196.9999,28.10413,0,-0.2275121,0.4603037,0,0.1884402,1692.824,1.42358,0.5484437,Left,Down,-0.05595291,-0.4297867,Normal
197.0399,28.12306,0,-0.1844823,0.4603037,0,0.1852246,1693.949,1.424563,0.5491384,Left,Down,-0.05595291,-0.4429626,Normal
197.0799,28.14069,0,-0.1597613,0.4603037,0,0.1812092,1695.074,1.425018,0.5498333,Left,Down,-0.05595291,-0.4561386,Normal
197.1199,28.16108,0,-0.1048297,0.4603037,0,0.1803952,1696.201,1.42643,0.5505278,Left,Down,-0.05595291,-0.4693222,Normal
197.1599,28.18102,0,-0.05264282,0.4603037,0,0.177622,1697.328,1.42761,0.5512221,Left,Down,-0.05595291,-0.4825058,Normal
197.1999,28.20059,0,0.02243042,0.4603037,0,0.1731329,1698.455,1.428086,0.5519167,Left,Down,-0.05595291,-0.4957047,Normal
197.2399,28.22116,0,0.07644653,0.4603037,0,0.1669836,1699.584,1.428335,0.5526109,Left,Down,-0.05233916,-0.5089035,Normal
197.2799,28.24146,0,0.1002502,0.4603037,0,0.1592458,1700.714,1.428433,0.5533053,Straight,Down,0,-0.5212555,Normal
197.3199,28.26166,0,0.1350439,0.4603037,0,0.1497786,1701.844,1.428591,0.5539992,Straight,Down,0,-0.5270996,Normal
197.3599,28.28177,0,0.1707494,0.4603037,0,0.1387779,1702.975,1.429008,0.5546934,Straight,Down,0,-0.532959,Normal
197.3999,28.30186,0,0.2384984,0.4603037,0,0.1263987,1704.107,1.429417,0.5553872,Straight,Down,0,-0.5388107,Normal
197.4399,28.32199,0,0.3327978,0.4603037,0,0.1126116,1705.239,1.429734,0.5560811,Straight,Down,0,-0.5446625,Normal
197.4799,28.34212,0,0.3996348,0.4603037,0,0.09780559,1706.373,1.430143,0.5567746,Straight,Down,0,-0.5505219,Normal
197.5199,28.36233,0,0.4921031,0.4603037,0,0.08236417,1707.507,1.430601,0.5574681,Straight,Down,0,-0.5563812,Normal
197.5599,28.38255,0,0.5424571,0.4603037,0,0.06611729,1708.642,1.431274,0.5581617,Straight,Down,0,-0.5622406,Normal
197.5999,28.40277,0,0.6047165,0.4603037,0,0.04930127,1709.778,1.432058,0.5588549,Straight,Down,0,-0.5681076,Normal
197.6399,28.423,0,0.654155,0.4603037,0,0.03194207,1710.915,1.432886,0.5595483,Straight,Down,0,-0.5739822,Normal
197.6799,28.44314,0,0.6898606,0.4603037,0,0.01443177,1712.052,1.433688,0.5602413,Straight,Down,0,-0.5798569,Normal
197.7199,28.46296,0,0.7237351,0.4603037,0,-0.002907664,1713.191,1.434192,0.5609344,Straight,Down,0,-0.5857391,Normal
197.7599,28.48315,0,0.7429612,0.4603037,0,-0.02021378,1714.33,1.435004,0.5616271,Straight,Down,0,-0.5916214,Normal
197.7999,28.50281,0,0.7658494,0.4603037,0,-0.03719524,1715.47,1.43614,0.5623198,Straight,Down,0,-0.5975113,Normal
197.8399,28.52227,0,0.7777512,0.4603037,0,-0.05345142,1716.61,1.437033,0.5630125,Straight,Down,0,-0.6033936,Normal
197.8799,28.54203,0,0.7832444,0.4603037,0,-0.06893584,1717.752,1.437813,0.5637049,Straight,Down,0,-0.6092911,Normal
197.9199,28.56117,0,0.8015549,0.4603037,0,-0.08346409,1718.894,1.438518,0.5643975,Straight,Down,0,-0.6151886,Normal
197.9599,28.58021,0,0.8308554,0.4603037,0,-0.09695518,1720.037,1.439307,0.5650896,Straight,Down,0,-0.6211014,Normal
197.9999,28.59915,0,0.885787,0.4603037,0,-0.1128669,1721.181,1.440009,0.5657819,Straight,Down,0,-0.6270142,Normal
198.0399,28.6172,0,0.9626913,0.4603037,0,-0.1341341,1722.326,1.440391,0.5664738,Straight,Down,0,-0.6329269,Normal
198.0799,28.63502,0,1.02037,0.4603037,0,-0.1533131,1723.471,1.440856,0.5671658,Straight,Down,0,-0.638855,Normal
198.1199,28.65204,0,1.098193,0.4603037,0,-0.1699834,1724.617,1.441433,0.5678574,Straight,Down,0,-0.6447906,Normal
198.1599,28.6685,0,1.131152,0.4603037,0,-0.1839197,1725.763,1.442131,0.5685489,Straight,Down,0,-0.6507263,Normal
198.1999,28.68369,0,1.143969,0.4404517,0,-0.1947143,1726.911,1.442772,0.5692405,Right,Down,0.05233916,-0.6566696,Normal
198.2399,28.69675,0,1.132983,0.432517,0,-0.2021026,1728.058,1.443802,0.5699317,Right,Down,0.06255726,-0.6582184,Normal
198.2799,28.70752,0,1.12749,0.432517,0,-0.2063147,1729.207,1.445647,0.5706231,Right,Down,0.05934703,-0.6586533,Normal
198.3199,28.71691,0,1.120166,0.432517,0,-0.2119879,1730.355,1.446396,0.571314,Right,Down,0.05934703,-0.6590881,Normal
198.3599,28.72333,0,1.098193,0.432517,0,-0.2197841,1731.504,1.445833,0.5720051,Right,Down,0.06255726,-0.6595306,Normal
198.3999,28.73211,0,1.048751,0.432517,0,-0.2233822,1732.653,1.445615,0.5726958,Right,Down,0.06255726,-0.6599731,Normal
198.4399,28.73793,0,0.9919882,0.432517,0,-0.2222338,1733.802,1.446085,0.5733866,Right,Down,0.06255726,-0.660408,Normal
198.4799,28.74203,0,0.9608603,0.432517,0,-0.2162573,1734.952,1.446561,0.574077,Right,Down,0.05934703,-0.6608429,Normal
198.5199,28.75025,0,0.9333944,0.432517,0,-0.2057956,1736.102,1.449302,0.5747672,Right,Down,0.08156469,-0.6612854,Normal
198.5599,28.75595,0,0.9196615,0.432517,0,-0.1979737,1737.252,1.450074,0.5754576,Right,Down,0.08622923,-0.659729,Normal
198.5999,28.75907,0,0.8976889,0.432517,0,-0.188558,1738.403,1.449648,0.5761475,Right,Down,0.08622923,-0.6577911,Normal
198.6399,28.76647,0,0.8775473,0.432517,0,-0.173838,1739.553,1.449626,0.5768375,Right,Down,0.08622923,-0.6558609,Normal
198.6799,28.76814,0,0.868392,0.432517,0,-0.1530996,1740.704,1.450041,0.5775272,Right,Down,0.08622923,-0.6539154,Normal
198.7199,28.77733,0,0.8665609,0.4523537,0,-0.1269531,1741.855,1.453439,0.578217,Right,Down,0.08622923,-0.6519623,Normal
198.7599,28.78188,0,0.8619833,0.4563211,0,-0.1063682,1743.006,1.453127,0.5789063,Right,Down,0.1083524,-0.6500168,Normal
198.7999,28.78858,0,0.8610678,0.4603037,0,-0.07996172,1744.158,1.452523,0.5795955,Right,Down,0.1065312,-0.6461716,Normal
198.8399,28.79884,0,0.8601522,0.464271,0,-0.04733196,1745.309,1.452022,0.5802848,Right,Down,0.1065312,-0.6423111,Normal
198.8799,28.81433,0,0.8491659,0.464271,0,-0.008765608,1746.462,1.455727,0.5809737,Right,Down,0.1065312,-0.6384506,Normal
198.9199,28.82413,0,0.8253622,0.464271,0,0.02517638,1747.615,1.455618,0.5816627,Right,Down,0.1101434,-0.6345749,Normal
198.9599,28.83123,0,0.7960618,0.464271,0,0.06474656,1748.768,1.454838,0.5823512,Right,Down,0.1266688,-0.6301804,Normal
198.9999,28.84331,0,0.7676804,0.464271,0,0.1104513,1749.922,1.455331,0.5830399,Right,Down,0.1266688,-0.6246109,Normal
199.0399,28.85994,0,0.7621872,0.464271,0,0.1573645,1751.076,1.457865,0.5837281,Right,Down,0.1251145,-0.6190338,Normal
199.0799,28.86685,0,0.7621872,0.464271,0,0.2036484,1752.23,1.457482,0.5844164,Right,Down,0.1282043,-0.6134415,Normal
199.1199,28.87719,0,0.7621872,0.464271,0,0.256036,1753.385,1.456281,0.5851043,Right,Down,0.1426525,-0.6074219,Normal
199.1599,28.89486,0,0.7621872,0.464271,0,0.3125086,1754.541,1.459694,0.5857921,Right,Down,0.1426525,-0.6002579,Normal
199.1999,28.90373,0,0.7621872,0.464271,0,0.365762,1755.697,1.459296,0.58648,Right,Down,0.1426525,-0.5930786,Normal
199.2399,28.90931,0,0.7731736,0.464271,0,0.4251364,1756.853,1.458207,0.5871674,Right,Down,0.1545051,-0.5858841,Normal
199.2799,28.92972,0,0.7832444,0.464271,0,0.4870974,1758.01,1.461211,0.5878549,Right,Down,0.1594904,-0.5775528,Normal
199.3199,28.93717,0,0.7960618,0.464271,0,0.5471696,1759.168,1.460408,0.588542,Right,Down,0.1594904,-0.5688477,Normal
199.3599,28.9495,0,0.8125412,0.464271,0,0.6134759,1760.326,1.461157,0.5892291,Right,Down,0.1678588,-0.5601273,Normal
199.3999,28.96377,0,0.8308554,0.464271,0,0.678071,1761.484,1.462361,0.5899158,Right,Down,0.1769387,-0.5505676,Normal
199.4399,28.96343,0,0.8390951,0.464271,0,0.7449775,1762.643,1.460494,0.5906023,Right,Down,0.1769387,-0.5403748,Normal
199.4799,28.98791,0,0.8436728,0.464271,0,0.8155684,1763.802,1.463986,0.591289,Right,Down,0.1876719,-0.5301666,Normal
199.5199,28.9924,0,0.8445883,0.464271,0,0.8832506,1764.962,1.462635,0.5919752,Right,Down,0.1928145,-0.5189438,Normal
199.5599,29.00781,0,0.8445883,0.4682384,0,0.9570866,1766.122,1.465681,0.5926614,Right,Down,0.1928145,-0.5072937,Normal
199.5999,29.01738,0,0.8445883,0.4682384,0,1.025326,1767.282,1.46418,0.5933473,Right,Down,0.2093567,-0.4954758,Normal
199.6399,29.02654,0,0.8445883,0.4682384,0,1.100027,1768.443,1.4661,0.5940332,Right,Down,0.20842,-0.4824066,Normal
199.6799,29.04053,0,0.8445883,0.5038987,0,1.170121,1769.605,1.465103,0.5947187,Right,Down,0.2193969,-0.4693222,Normal
199.7199,29.0528,0,0.8445883,0.558587,0,1.245101,1770.767,1.467215,0.5954043,Right,Down,0.2255535,-0.455246,Normal
199.7599,29.07969,0,0.8445883,0.5859312,0,1.315505,1771.93,1.465675,0.5960893,Right,Down,0.2315465,-0.4407425,Normal
199.7999,29.11329,0,0.8445883,0.5859312,0,1.390494,1773.094,1.468849,0.5967742,Right,Down,0.2406627,-0.4255219,Normal
199.8399,29.14802,0,0.8427572,0.5663996,0,1.460561,1774.26,1.465882,0.5974592,Right,Down,0.2462884,-0.4095993,Normal
199.8799,29.18496,0,0.8427572,0.5663996,0,1.533836,1775.427,1.469185,0.5981438,Right,Down,0.2571706,-0.3930359,Normal
199.9199,29.21744,0,0.8427572,0.5624933,0,1.604562,1776.595,1.468599,0.5988284,Right,Down,0.2639296,-0.3756714,Normal
199.9599,29.24861,0,0.8427572,0.5624933,0,1.673843,1777.765,1.468563,0.5995125,Right,Down,0.2741124,-0.3575821,Normal
199.9999,29.27896,0,0.8390951,0.558587,0,1.744778,1778.935,1.471752,0.6001967,Right,Down,0.2839303,-0.3387604,Normal
200.0399,29.30796,0,0.8381796,0.558587,0,1.810741,1780.107,1.469118,0.6008804,Right,Down,0.2900664,-0.3189697,Normal
200.0799,29.33021,0,0.8317709,0.558587,0,1.876305,1781.281,1.469703,0.6015643,Right,Down,0.3051875,-0.2986832,Normal
200.1199,29.36912,0,0.8189499,0.558587,0,1.941233,1782.455,1.472708,0.6022477,Right,Down,0.3102743,-0.2770386,Normal
200.1599,29.40366,0,0.7914841,0.5546807,0,2.002868,1783.63,1.472821,0.6029308,Right,Down,0.3232465,-0.2548294,Normal
200.1999,29.4199,0,0.7475388,0.5546807,0,2.060719,1784.807,1.4707,0.603614,Right,Down,0.3357179,-0.2316132,Normal
200.2399,29.43572,0,0.7008469,0.5546807,0,2.115829,1785.985,1.470879,0.6042968,Right,Down,0.3432113,-0.2072678,Normal
200.2799,29.47618,0,0.6669724,0.5546807,0,2.167806,1787.163,1.474355,0.6049796,Right,Down,0.3577275,-0.1821518,Normal
200.3199,29.50611,0,0.6413376,0.5507744,0,2.215515,1788.343,1.474903,0.605662,Right,Down,0.3727285,-0.155983,Normal
200.3599,29.52965,0,0.6349289,0.5507744,0,2.258902,1789.524,1.474887,0.6063444,Right,Flat,0.3835945,-0.1284485,Normal
200.3999,29.5593,0,0.6349289,0.5507744,0,2.296909,1790.706,1.476874,0.6070263,Right,Flat,0.3961419,-0.09988403,Normal
200.4399,29.59516,0,0.6303513,0.5468681,0,2.332606,1791.89,1.476197,0.607708,Right,Flat,0.4087828,-0.07017517,Normal
200.4799,29.60729,0,0.6239426,0.5468681,0,2.366013,1793.074,1.474203,0.6083899,Right,Flat,0.4265846,-0.0393219,Normal
200.5199,29.63167,0,0.6129563,0.5468681,0,2.39587,1794.259,1.474706,0.6090711,Right,Flat,0.3936644,-0.007148743,Normal
200.5599,29.66678,0,0.5827403,0.5468681,0,2.421374,1795.445,1.477371,0.6097525,Right,Flat,0.3846134,0.02579498,Normal
200.5999,29.69212,0,0.5589366,0.5468681,0,2.445187,1796.633,1.475968,0.6104334,Right,Flat,0.3779418,0.05831146,Normal
200.6399,29.70662,0,0.5479503,0.5468681,0,2.467294,1797.821,1.474853,0.6111143,Right,Flat,0.3732531,0.0904007,Normal
200.6799,29.73687,0,0.5479503,0.5468681,0,2.483093,1799.01,1.477973,0.6117948,Right,Flat,0.3663747,0.1220169,Normal
200.7199,29.76675,0,0.5479503,0.5468681,0,2.497065,1800.2,1.478372,0.6124753,Right,Up,0.3620769,0.152916,Normal
200.7599,29.78497,0,0.5534434,0.5468681,0,2.51036,1801.391,1.476876,0.6131552,Right,Up,0.358274,0.1833267,Normal
200.7999,29.81141,0,0.571754,0.5468681,0,2.517077,1802.584,1.479917,0.613835,Right,Up,0.3522151,0.2132416,Normal
200.8399,29.838,0,0.5900681,0.5468681,0,2.522291,1803.777,1.480168,0.6145149,Right,Up,0.3454843,0.2425461,Normal
200.8799,29.85933,0,0.6120408,0.5429618,0,2.526957,1804.971,1.478903,0.6151943,Right,Up,0.3414966,0.2711487,Normal
200.9199,29.88585,0,0.6312668,0.5390555,0,2.525024,1806.166,1.482563,0.6158736,Right,Up,0.3357179,0.2992401,Normal
200.9599,29.90683,0,0.63676,0.5351492,0,2.522605,1807.362,1.481647,0.6165525,Right,Up,0.3280534,0.3267822,Normal
200.9999,29.92716,0,0.6413376,0.5273365,0,2.518185,1808.559,1.482264,0.6172315,Right,Up,0.324455,0.3534698,Normal
201.0399,29.94692,0,0.6413376,0.5234302,0,2.509234,1809.757,1.484208,0.6179099,Right,Up,0.3183671,0.3796844,Normal
201.0799,29.96742,0,0.6349289,0.5234302,0,2.501917,1810.955,1.482667,0.6185881,Right,Up,0.3102743,0.4052658,Normal
201.1199,29.98353,0,0.6294358,0.5195239,0,2.48706,1812.155,1.486265,0.6192664,Right,Up,0.3077414,0.4299927,Normal
201.1599,29.99895,0,0.6184494,0.5195239,0,2.474235,1813.354,1.48441,0.6199441,Right,Up,0.2987072,0.4542618,Normal
201.1999,30.01834,0,0.5900681,0.507805,0,2.456014,1814.555,1.487245,0.6206219,Right,Up,0.2927522,0.4776993,Normal
201.2399,30.02679,0,0.5589366,0.4999924,0,2.438487,1815.756,1.486339,0.6212992,Right,Up,0.2880355,0.5004272,Normal
201.2799,30.04698,0,0.5342174,0.4999924,0,2.416923,1816.958,1.488652,0.6219764,Right,Up,0.2790645,0.5226746,Normal
201.3199,30.04937,0,0.5168223,0.4999771,0,2.395603,1818.16,1.487955,0.6226532,Right,Up,0.2762456,0.5438766,Normal
201.3599,30.07132,0,0.505836,0.4999771,0,2.370489,1819.362,1.490137,0.6233301,Right,Up,0.2639296,0.5648422,Normal
201.3999,30.07299,0,0.4829478,0.4880751,0,2.346457,1820.565,1.489056,0.6240065,Right,Up,0.2646699,0.5844879,Normal
201.4399,30.09185,0,0.4454112,0.476173,0,2.317767,1821.768,1.491803,0.6246825,Right,Up,0.2517883,0.6039429,Normal
201.4799,30.09067,0,0.4042125,0.476173,0,2.293013,1822.972,1.490132,0.6253586,Right,Up,0.2517883,0.6221771,Normal
201.5199,30.09953,0,0.3566051,0.4682384,0,2.259956,1824.176,1.492588,0.6260342,Right,Up,0.2373883,0.6401749,Normal
201.5599,30.10822,0,0.3208959,0.464271,0,2.231473,1825.38,1.492778,0.6267098,Right,Up,0.2373883,0.6569061,Normal
201.5999,30.10603,0,0.2778661,0.4563211,0,2.199523,1826.585,1.492807,0.6273849,Right,Up,0.2229358,0.6735306,Normal
201.6399,30.1186,0,0.2320898,0.4523537,0,2.165721,1827.789,1.49544,0.62806,Right,Up,0.2220564,0.6886063,Normal
201.6799,30.11246,0,0.1954687,0.4523537,0,2.136737,1828.994,1.493903,0.6287346,Right,Up,0.2102893,0.7036743,Normal
201.7199,30.11543,0,0.1478612,0.4483864,0,2.099162,1830.198,1.495197,0.6294093,Right,Up,0.2055842,0.7173462,Normal
201.7599,30.12362,0,0.1112366,0.432517,0,2.064205,1831.403,1.49755,0.6300833,Right,Up,0.2036718,0.7305984,Normal
201.7999,30.11539,0,0.05630493,0.4126802,0,2.033301,1832.608,1.496124,0.6307572,Right,Up,0.1876719,0.7432861,Normal
201.8399,30.11171,0,0.00869751,0.4126802,0,1.993858,1833.813,1.497039,0.6314311,Right,Up,0.1866263,0.7545471,Normal
201.8799,30.10948,0,-0.02243042,0.4126802,0,1.955859,1835.017,1.499255,0.6321044,Right,Up,0.1769387,0.7657852,Normal
201.9199,30.10183,0,-0.05264282,0.4126802,0,1.921061,1836.221,1.499168,0.6327778,Right,Up,0.166689,0.7757568,Normal
201.9599,30.09339,0,-0.07553279,0.4126802,0,1.886682,1837.425,1.498216,0.6334506,Right,Up,0.166689,0.7847366,Normal
201.9999,30.0908,0,-0.1185626,0.4126802,0,1.843999,1838.628,1.499691,0.6341234,Right,Up,0.1570175,0.7937012,Normal
202.0399,30.08421,0,-0.1707476,0.4126802,0,1.804016,1839.832,1.501309,0.6347957,Right,Up,0.1412742,0.8014603,Normal
202.0799,30.08033,0,-0.1972997,0.4126802,0,1.765981,1841.035,1.502403,0.6354677,Right,Up,0.1398823,0.807724,Normal
202.1199,30.07493,0,-0.2366674,0.4126802,0,1.730368,1842.238,1.501681,0.6361398,Right,Up,0.1412742,0.8139801,Normal
202.1599,30.06859,0,-0.2558935,0.4126802,0,1.69259,1843.441,1.501439,0.6368113,Right,Up,0.1186941,0.8202209,Normal
202.1999,30.06507,0,-0.2870214,0.4126802,0,1.646366,1844.643,1.50295,0.6374828,Right,Up,0.1065312,0.8239975,Normal
202.2399,30.0592,0,-0.3089958,0.4126802,0,1.601739,1845.846,1.504531,0.6381537,Right,Up,0.1065312,0.8266983,Normal
202.2799,30.0549,0,-0.3208977,0.4126802,0,1.55843,1847.048,1.505517,0.6388247,Right,Up,0.1065312,0.8293991,Normal
202.3199,30.05119,0,-0.3291374,0.4126802,0,1.516185,1848.25,1.506123,0.6394951,Right,Up,0.1083524,0.8320923,Normal
202.3599,30.04733,0,-0.3291374,0.4126802,0,1.474955,1849.452,1.50663,0.6401656,Straight,Up,0.04845664,0.8347855,Normal
202.3999,30.04338,0,-0.3337151,0.4126802,0,1.434573,1850.654,1.506976,0.6408355,Straight,Up,0,0.8303375,Normal
202.4399,30.03934,0,-0.3346306,0.4126802,0,1.395047,1851.856,1.50725,0.6415051,Straight,Up,0,0.8220749,Normal
202.4799,30.03518,0,-0.3346306,0.4126802,0,1.355999,1853.057,1.507638,0.6421747,Straight,Up,0,0.8138046,Normal
202.5199,30.03092,0,-0.3401238,0.4047455,0,1.317265,1854.258,1.507972,0.6428437,Straight,Up,0,0.805542,Normal
202.5599,30.02586,0,-0.3437859,0.3729915,0,1.278725,1855.459,1.508394,0.6435128,Straight,Up,0,0.797287,Normal
202.5999,30.01552,0,-0.3511101,0.3610895,0,1.239963,1856.66,1.508934,0.6441813,Straight,Up,0,0.7890244,Normal
202.6399,30.00091,0,-0.3529412,0.3491875,0,1.200793,1857.86,1.509386,0.6448497,Straight,Up,0,0.780777,Normal
202.6799,29.98314,0,-0.3529412,0.3491875,0,1.161319,1859.06,1.509547,0.6455176,Straight,Up,0,0.772522,Normal
202.7199,29.96486,0,-0.3529412,0.3491875,0,1.121322,1860.259,1.509966,0.6461853,Straight,Up,0.01978234,0.7642822,Normal
202.7599,29.946,0,-0.3529412,0.3491875,0,1.080947,1861.457,1.510412,0.646853,Straight,Up,0,0.7560349,Normal
202.7999,29.92729,0,-0.3529412,0.3491875,0,1.039703,1862.654,1.510814,0.6475201,Straight,Up,0,0.7478027,Normal
202.8399,29.90835,0,-0.3529412,0.3491875,0,0.9977373,1863.85,1.51131,0.6481871,Straight,Up,0,0.7395706,Normal
202.8799,29.8894,0,-0.3529412,0.3491875,0,0.9548632,1865.046,1.511862,0.6488536,Straight,Up,0,0.7313385,Normal
202.9199,29.86745,0,-0.3529412,0.3491875,0,0.9134914,1866.241,1.512604,0.6495201,Straight,Up,0.01978234,0.723114,Normal
202.9599,29.85084,0,-0.3529412,0.3491875,0,0.8794514,1867.435,1.516122,0.650186,Straight,Up,0,0.7149048,Normal
202.9999,29.83265,0,-0.3529412,0.3491875,0,0.8441081,1868.629,1.518677,0.6508519,Straight,Up,0,0.7066956,Normal
203.0399,29.81613,0,-0.3529412,0.3491875,0,0.8074305,1869.821,1.519011,0.6515173,Straight,Up,0,0.6984787,Normal
203.0799,29.79583,0,-0.3529412,0.3491875,0,0.7701818,1871.014,1.516788,0.6521823,Straight,Up,0,0.6902618,Normal
203.1199,29.78093,0,-0.3529412,0.3174487,0,0.7420404,1872.205,1.518864,0.6528473,Straight,Up,0,0.6820526,Normal
203.1599,29.76203,0,-0.3529412,0.297612,0,0.712032,1873.396,1.521346,0.6535118,Left,Up,-0.1101434,0.6732101,Normal
203.1999,29.73045,0,-0.3529412,0.297612,0,0.6805478,1874.585,1.518931,0.6541761,Left,Up,-0.1101434,0.6528625,Normal
203.2399,29.70372,0,-0.3529412,0.297612,0,0.6577898,1875.774,1.520461,0.65484,Left,Up,-0.1083524,0.6325302,Normal
203.2799,29.68129,0,-0.3382927,0.297612,0,0.6333922,1876.961,1.522667,0.6555038,Left,Up,-0.1101434,0.6121979,Normal
203.3199,29.64609,0,-0.3035027,0.297612,0,0.6118518,1878.147,1.521188,0.656167,Left,Up,-0.1384764,0.5918884,Normal
203.3599,29.62407,0,-0.2623022,0.297612,0,0.5952551,1879.332,1.523853,0.6568303,Left,Up,-0.1519511,0.5683212,Normal
203.3999,29.59222,0,-0.2384984,0.289662,0,0.5785836,1880.516,1.522061,0.6574929,Left,Up,-0.1519511,0.5435486,Normal
203.4399,29.56779,0,-0.2128637,0.2460212,0,0.5701667,1881.699,1.524977,0.6581552,Left,Up,-0.165511,0.5187683,Normal
203.4799,29.53352,0,-0.2037084,0.2103151,0,0.5611957,1882.881,1.523574,0.6588175,Left,Up,-0.1855749,0.4922791,Normal
203.5199,29.49223,0,-0.2037084,0.1904631,0,0.5607719,1884.061,1.526994,0.6594792,Left,Up,-0.1866263,0.4638138,Normal
203.5599,29.44327,0,-0.2037084,0.1904631,0,0.5619578,1885.239,1.525539,0.6601409,Left,Up,-0.2112177,0.4353943,Normal
203.5999,29.39502,0,-0.2037084,0.1904631,0,0.5686263,1886.416,1.52696,0.6608019,Left,Up,-0.2167048,0.4042816,Normal
203.6399,29.34744,0,-0.2037084,0.2103151,0,0.5814316,1887.59,1.528479,0.661463,Left,Up,-0.2289973,0.3726349,Normal
203.6799,29.30217,0,-0.2037084,0.2103151,0,0.597725,1888.762,1.527282,0.6621234,Left,Up,-0.2446942,0.3394241,Normal
203.7199,29.25525,0,-0.2037084,0.2182498,0,0.6215369,1889.933,1.52679,0.6627836,Left,Up,-0.254109,0.3047791,Normal
203.7599,29.21683,0,-0.2018774,0.2222171,0,0.6449264,1891.102,1.530056,0.6634436,Left,Up,-0.2719625,0.2689743,Normal
203.7999,29.17865,0,-0.1844823,0.2222171,0,0.6669568,1892.27,1.533625,0.6641032,Left,Up,-0.2846186,0.2315979,Normal
203.8399,29.13901,0,-0.1524371,0.2261845,0,0.6870958,1893.436,1.53506,0.6647626,Left,Up,-0.2967354,0.1927185,Normal
203.8799,29.10385,0,-0.1240557,0.2301518,0,0.7052376,1894.6,1.534965,0.6654214,Left,Up,-0.3171355,0.1526871,Normal
203.9199,29.06988,0,-0.08835018,0.2301518,0,0.7209394,1895.763,1.534723,0.6660802,Left,Flat,-0.324455,0.1104507,Normal
203.9599,29.03503,0,-0.0590533,0.2301518,0,0.7344925,1896.925,1.532015,0.6667385,Left,Flat,-0.3432113,0.06720734,Normal
203.9999,28.9996,0,-0.04623413,0.2301518,0,0.7461437,1898.085,1.529482,0.6673966,Left,Flat,-0.05934703,0.02227783,Normal
204.0399,28.96071,0,-0.0453186,0.2301518,0,0.7531232,1899.244,1.530355,0.6680542,Right,Flat,0.06852804,-0.03691101,Normal
204.0799,28.93073,0,-0.0453186,0.2301518,0,0.7557821,1900.402,1.536514,0.6687114,Right,Flat,0.06852804,-0.09899902,Normal
204.1199,28.89645,0,-0.05355835,0.2301518,0,0.7568309,1901.558,1.540928,0.6693686,Right,Down,0.07132626,-0.1610489,Normal
204.1599,28.86564,0,-0.05722046,0.2023651,0,0.7562873,1902.713,1.542103,0.6700252,Right,Down,0.07132626,-0.2231293,Normal
204.1999,28.83271,0,-0.05722046,0.1745937,0,0.7540728,1903.866,1.541584,0.6706817,Right,Down,0.07132626,-0.2852173,Normal
204.2399,28.79388,0,-0.05722046,0.1706264,0,0.750173,1905.019,1.540362,0.6713376,Right,Down,0.07132626,-0.3472443,Normal
204.2799,28.75108,0,-0.05722046,0.1706264,0,0.7447412,1906.169,1.539098,0.6719934,Right,Down,0.05595291,-0.4092026,Normal
204.3199,28.708,0,-0.05722046,0.1706264,0,0.7376497,1907.318,1.538053,0.6726487,Straight,Down,0,-0.4570084,Normal
204.3599,28.66494,0,-0.05722046,0.1706264,0,0.7288535,1908.465,1.537331,0.6733037,Straight,Down,0,-0.4738235,Normal
204.3999,28.62198,0,-0.05264282,0.1904631,0,0.7183622,1909.61,1.536898,0.6739584,Straight,Down,0,-0.4906158,Normal
204.4399,28.58094,0,-0.02334595,0.1983978,0,0.7064406,1910.754,1.536791,0.6746127,Straight,Down,0,-0.5073853,Normal
204.4799,28.54362,0,-0.004119873,0.2063325,0,0.6932397,1911.896,1.536917,0.6752668,Straight,Down,-0.01978234,-0.5241394,Normal
204.5199,28.50827,0,0.02243042,0.2103151,0,0.6789939,1913.037,1.537192,0.6759204,Straight,Down,0,-0.5408707,Normal
204.5599,28.47402,0,0.05081177,0.2142824,0,0.6634529,1914.176,1.537647,0.6765738,Straight,Down,0,-0.5575867,Normal
204.5999,28.44081,0,0.07003784,0.2182498,0,0.6468546,1915.314,1.538146,0.6772267,Straight,Down,-0.01978234,-0.5742874,Normal
204.6399,28.4086,0,0.08834839,0.2222171,0,0.6292173,1916.451,1.538639,0.6778795,Straight,Down,0,-0.5909653,Normal
204.6799,28.37784,0,0.09475708,0.2261845,0,0.610652,1917.586,1.539249,0.6785316,Straight,Down,0,-0.6076279,Normal
204.7199,28.34807,0,0.09841919,0.2261845,0,0.5911208,1918.72,1.539876,0.6791835,Straight,Down,-0.01978234,-0.6242828,Normal
204.7599,28.31853,0,0.09841919,0.2261845,0,0.5709733,1919.853,1.540586,0.6798352,Straight,Down,0,-0.6409225,Normal
204.7999,28.28905,0,0.09841919,0.2261845,0,0.5499804,1920.985,1.541273,0.6804863,Straight,Down,0,-0.6575394,Normal
204.8399,28.25978,0,0.1002502,0.2261845,0,0.5281247,1922.116,1.542099,0.6811373,Straight,Down,-0.01978234,-0.6741409,Normal
204.8799,28.23037,0,0.1002502,0.2261845,0,0.5056801,1923.245,1.542745,0.6817878,Straight,Down,0,-0.6907349,Normal
204.9199,28.20122,0,0.1039124,0.2261845,0,0.4824153,1924.374,1.542938,0.6824381,Straight,Down,0,-0.7073059,Normal
204.9599,28.17199,0,0.1039124,0.2261845,0,0.4585767,1925.501,1.543447,0.6830878,Straight,Down,-0.01978234,-0.7238617,Normal
204.9999,28.14293,0,0.1039124,0.2261845,0,0.4343023,1926.627,1.543953,0.6837375,Straight,Down,0,-0.7403946,Normal
205.0399,28.11373,0,0.1039124,0.2261845,0,0.4095404,1927.752,1.544553,0.6843864,Straight,Down,-0.01978234,-0.7569275,Normal
205.0799,28.08467,0,0.1039124,0.2261845,0,0.3846914,1928.875,1.545165,0.685035,Straight,Down,0,-0.7734375,Normal
205.1199,28.05573,0,0.09475708,0.2261845,0,0.3599715,1929.998,1.545773,0.6856836,Straight,Down,0,-0.7899246,Normal
205.1599,28.02678,0,0.06546021,0.2261845,0,0.3352271,1931.119,1.546397,0.6863315,Straight,Down,0,-0.8063965,Normal
205.1999,27.99792,0,0.03982544,0.2261845,0,0.310046,1932.24,1.547072,0.6869792,Straight,Down,-0.01978234,-0.8228607,Normal
205.2399,27.96933,0,0.004119873,0.2261845,0,0.2849251,1933.359,1.547701,0.6876265,Straight,Down,0,-0.8392944,Normal
205.2799,27.93962,0,-0.02151489,0.2301518,0,0.2634549,1934.476,1.548872,0.6882735,Straight,Down,-0.01978234,-0.8557129,Normal
205.3199,27.9139,0,-0.03982544,0.2301518,0,0.2476229,1935.593,1.551965,0.68892,Straight,Down,-0.01978234,-0.8720932,Normal
205.3599,27.88659,0,-0.0453186,0.2301518,0,0.2314326,1936.709,1.554215,0.6895661,Straight,Down,0,-0.8884735,Normal
205.3999,27.86083,0,-0.0453186,0.2301518,0,0.2152562,1937.824,1.555129,0.690212,Straight,Down,0,-0.9048386,Normal
205.4399,27.83575,0,-0.0453186,0.2301518,0,0.1991879,1938.938,1.555291,0.6908574,Straight,Down,0,-0.9212036,Normal
205.4799,27.81048,0,-0.0453186,0.2301518,0,0.1829046,1940.05,1.55517,0.6915026,Straight,Down,-0.01978234,-0.9375458,Normal
205.5199,27.78513,0,-0.0453186,0.2301518,0,0.166779,1941.162,1.554991,0.6921473,Straight,Down,-0.01978234,-0.9538879,Normal
205.5599,27.75974,0,-0.0453186,0.2301518,0,0.1507018,1942.272,1.554864,0.6927917,Straight,Down,-0.01978234,-0.9702072,Normal
205.5999,27.73437,0,-0.0453186,0.2301518,0,0.1346944,1943.382,1.554881,0.6934355,Straight,Down,-0.02797646,-0.9780273,Normal
205.6399,27.70901,0,-0.0453186,0.2301518,0,0.1185715,1944.491,1.554924,0.6940792,Straight,Down,-0.02797646,-0.9803543,Normal
205.6799,27.68368,0,-0.0453186,0.2301518,0,0.1025566,1945.598,1.555192,0.6947224,Straight,Down,-0.02797646,-0.9826736,Normal
205.7199,27.65858,0,-0.05355835,0.2301518,0,0.08623073,1946.705,1.555983,0.6953651,Straight,Down,-0.02797646,-0.9850082,Normal
205.7599,27.6331,0,-0.07187068,0.2301518,0,0.06980911,1947.81,1.555854,0.6960077,Straight,Down,-0.02797646,-0.9873276,Normal
205.7999,27.60807,0,-0.09384334,0.2301518,0,0.05327746,1948.915,1.555548,0.6966496,Straight,Down,-0.02797646,-0.9896469,Normal
205.8399,27.5825,0,-0.1240557,0.2301518,0,0.03649786,1950.018,1.555872,0.6972914,Straight,Down,-0.02797646,-0.9919586,Normal
205.8799,27.55705,0,-0.1524371,0.2341192,0,0.01946488,1951.121,1.556327,0.6979326,Straight,Down,-0.02797646,-0.994278,Normal
205.9199,27.53205,0,-0.1835668,0.2499886,0,0.004238486,1952.223,1.556797,0.6985736,Straight,Down,-0.02797646,-0.9965897,Normal
205.9599,27.5106,0,-0.2018774,0.2579232,0,-0.001681447,1953.323,1.558614,0.699214,Straight,Down,-0.02797646,-0.9989014,Normal
205.9999,27.49133,0,-0.2027929,0.2579232,0,-0.007984161,1954.423,1.560152,0.6998541,Straight,Down,-0.02797646,-1.001198,Normal
206.0399,27.47238,0,-0.2027929,0.2618906,0,-0.01470143,1955.522,1.561119,0.7004939,Straight,Down,-0.02797646,-1.00351,Normal
206.0799,27.45462,0,-0.2027929,0.2618906,0,-0.02162674,1956.62,1.561729,0.7011333,Straight,Down,-0.02797646,-1.005814,Normal
206.1199,27.43733,0,-0.2027929,0.2658579,0,-0.0288713,1957.718,1.562244,0.7017723,Straight,Down,-0.02797646,-1.00811,Normal
206.1599,27.4204,0,-0.2027929,0.2658579,0,-0.03649631,1958.815,1.562603,0.7024108,Straight,Down,-0.03426402,-1.010414,Normal
206.1999,27.40395,0,-0.2027929,0.2658579,0,-0.04443359,1959.911,1.562958,0.7030491,Straight,Down,-0.02797646,-1.012718,Normal
206.2399,27.38759,0,-0.2027929,0.2658579,0,-0.05289972,1961.007,1.563325,0.7036867,Straight,Down,-0.03956468,-1.0149,Normal
206.2799,27.37116,0,-0.2027929,0.2698253,0,-0.0622364,1962.102,1.564109,0.7043243,Straight,Down,-0.04423466,-1.01368,Normal
206.3199,27.35547,0,-0.2027929,0.27776,0,-0.0721364,1963.197,1.563246,0.7049611,Straight,Down,-0.03956468,-1.012451,Normal
206.3599,27.34122,0,-0.2027929,0.2817273,0,-0.08265901,1964.29,1.562994,0.7055976,Straight,Down,-0.03956468,-1.01123,Normal
206.3999,27.32686,0,-0.2027929,0.2856947,0,-0.09421876,1965.384,1.563129,0.7062339,Straight,Down,-0.04423466,-1.010002,Normal
206.4399,27.31415,0,-0.2027929,0.2856947,0,-0.09877881,1966.476,1.56424,0.7068696,Straight,Down,-0.03956468,-1.008774,Normal
206.4799,27.302,0,-0.2027929,0.297612,0,-0.1003037,1967.568,1.565746,0.7075051,Straight,Down,-0.03956468,-1.007553,Normal
206.5199,27.29068,0,-0.2027929,0.297612,0,-0.1024443,1968.66,1.566976,0.70814,Straight,Down,-0.04423466,-1.006332,Normal
206.5599,27.28141,0,-0.190891,0.297612,0,-0.1056003,1969.751,1.567976,0.7087747,Straight,Down,-0.04423466,-1.005096,Normal
206.5999,27.27219,0,-0.1835668,0.297612,0,-0.1093343,1970.842,1.568657,0.7094087,Straight,Down,-0.03956468,-1.003876,Normal
206.6399,27.26295,0,-0.1670855,0.297612,0,-0.1140846,1971.933,1.569,0.7100426,Straight,Down,-0.03956468,-1.002647,Normal
206.6799,27.25395,0,-0.1597613,0.297612,0,-0.1198372,1973.023,1.569599,0.7106758,Straight,Down,-0.04423466,-1.001427,Normal
206.7199,27.24457,0,-0.1551837,0.297612,0,-0.127124,1974.113,1.57018,0.7113087,Straight,Down,-0.04423466,-1.000198,Normal
206.7599,27.23511,0,-0.1551837,0.27776,0,-0.1348548,1975.203,1.569234,0.7119413,Straight,Down,-0.04845664,-0.9981995,Normal
206.7999,27.22312,0,-0.1551837,0.27776,0,-0.1437455,1976.292,1.568709,0.7125733,Straight,Down,-0.04845664,-0.9945984,Normal
206.8399,27.20859,0,-0.1551837,0.2737926,0,-0.1485121,1977.38,1.56929,0.7132051,Straight,Down,-0.04845664,-0.9909897,Normal
206.8799,27.19417,0,-0.1551837,0.2737926,0,-0.1484253,1978.468,1.570729,0.7138363,Left,Down,-0.05233916,-0.987381,Normal
206.9199,27.17862,0,-0.1551837,0.2737926,0,-0.1492738,1979.555,1.572128,0.7144673,Straight,Down,-0.04845664,-0.9837799,Normal
206.9599,27.1641,0,-0.1551837,0.2737926,0,-0.1511799,1980.642,1.573092,0.7150976,Left,Down,-0.05233916,-0.9801712,Normal
206.9999,27.14974,0,-0.1551837,0.2737926,0,-0.1542239,1981.728,1.57386,0.7157275,Left,Down,-0.05233916,-0.9765701,Normal
207.0399,27.13553,0,-0.1606768,0.2737926,0,-0.1584865,1982.814,1.574637,0.7163573,Left,Down,-0.05233916,-0.9729614,Normal
207.0799,27.12117,0,-0.1652545,0.2737926,0,-0.1644699,1983.899,1.575467,0.7169863,Left,Down,-0.05233916,-0.9693604,Normal
207.1199,27.10649,0,-0.16617,0.2737926,0,-0.1712035,1984.983,1.574153,0.7176152,Left,Down,-0.05233916,-0.9657593,Normal
207.1599,27.09088,0,-0.1716632,0.2737926,0,-0.1788924,1986.067,1.573274,0.7182434,Left,Down,-0.06255726,-0.9621506,Normal
207.1999,27.0766,0,-0.1725787,0.2737926,0,-0.1785856,1987.15,1.574423,0.7188715,Left,Down,-0.05934703,-0.956543,Normal
207.2399,27.06202,0,-0.1789892,0.2737926,0,-0.1776402,1988.233,1.575975,0.7194988,Left,Down,-0.06255726,-0.9509277,Normal
207.2799,27.04649,0,-0.1853979,0.2737926,0,-0.177803,1989.315,1.577246,0.720126,Left,Down,-0.06255726,-0.9453125,Normal
207.3199,27.03219,0,-0.1954687,0.2737926,0,-0.1790966,1990.396,1.578149,0.7207526,Left,Down,-0.05934703,-0.9396973,Normal
207.3599,27.01844,0,-0.208286,0.2737926,0,-0.1817365,1991.477,1.579043,0.7213786,Left,Down,-0.06255726,-0.9340897,Normal
207.3999,27.0043,0,-0.2211034,0.2698253,0,-0.1859525,1992.558,1.579196,0.7220045,Left,Down,-0.06255726,-0.9284668,Normal
207.4399,26.98819,0,-0.2494848,0.2698253,0,-0.1908841,1993.637,1.577821,0.7226297,Left,Down,-0.06255726,-0.9228516,Normal
207.4799,26.9722,0,-0.2668798,0.2698253,0,-0.192387,1994.716,1.577718,0.7232548,Left,Down,-0.06255726,-0.9172363,Normal
207.5199,26.95729,0,-0.2861059,0.2698253,0,-0.1896358,1995.795,1.579192,0.7238791,Left,Down,-0.07401875,-0.911171,Normal
207.5599,26.94062,0,-0.3099114,0.2698253,0,-0.1876634,1996.873,1.580582,0.7245033,Left,Down,-0.07132626,-0.903656,Normal
207.5999,26.92511,0,-0.3327996,0.2698253,0,-0.1869134,1997.95,1.581655,0.7251267,Left,Down,-0.07132626,-0.8961487,Normal
207.6399,26.91041,0,-0.382238,0.2698253,0,-0.187999,1999.026,1.583046,0.7257498,Left,Down,-0.07132626,-0.8886337,Normal
207.6799,26.89474,0,-0.4289317,0.2698253,0,-0.1906315,2000.102,1.582299,0.7263727,Left,Down,-0.07132626,-0.8811188,Normal
207.7199,26.87698,0,-0.4774547,0.2698253,0,-0.1941265,2001.177,1.580502,0.7269948,Left,Down,-0.07132626,-0.8735962,Normal
207.7599,26.862,0,-0.5113292,0.2698253,0,-0.1894569,2002.252,1.581885,0.7276167,Left,Down,-0.07132626,-0.8660889,Normal
207.7999,26.84657,0,-0.5296415,0.2936446,0,-0.1859607,2003.326,1.583429,0.728238,Left,Down,-0.07912937,-0.8585892,Normal
207.8399,26.83164,0,-0.5424589,0.3055466,0,-0.1839999,2004.4,1.58469,0.7288591,Left,Down,-0.08156469,-0.8497314,Normal
207.8799,26.82371,0,-0.5607694,0.309514,0,-0.1844055,2005.473,1.586378,0.7294794,Left,Down,-0.08392937,-0.8403244,Normal
207.9199,26.81553,0,-0.6184477,0.3134814,0,-0.1863001,2006.545,1.58468,0.7300996,Left,Down,-0.08156469,-0.8309021,Normal
207.9599,26.80638,0,-0.6907761,0.3214161,0,-0.1857158,2007.618,1.583555,0.7307191,Left,Down,-0.08156469,-0.8214874,Normal
207.9999,26.80246,0,-0.7557786,0.3253834,0,-0.1817071,2008.69,1.585043,0.7313381,Left,Down,-0.08392937,-0.8120804,Normal
208.0399,26.79634,0,-0.845502,0.3253834,0,-0.1794941,2009.762,1.586648,0.7319569,Left,Down,-0.08392937,-0.8026657,Normal
208.0799,26.79205,0,-0.8921957,0.3253834,0,-0.1802662,2010.833,1.588527,0.7325751,Left,Down,-0.09487279,-0.7929382,Normal
208.1199,26.78682,0,-0.9260702,0.3253834,0,-0.1835881,2011.905,1.587549,0.733193,Left,Down,-0.09487279,-0.7815628,Normal
208.1599,26.77866,0,-0.9571981,0.3253834,0,-0.1852265,2012.976,1.586004,0.7338102,Left,Down,-0.09487279,-0.7701797,Normal
208.1999,26.77477,0,-0.9800863,0.3253834,0,-0.1839081,2014.047,1.587373,0.7344272,Left,Down,-0.09487279,-0.7588043,Normal
208.2399,26.76788,0,-1.014878,0.3293507,0,-0.1851521,2015.118,1.589101,0.7350435,Left,Down,-0.09487279,-0.7474289,Normal
208.2799,26.76297,0,-1.022202,0.3333181,0,-0.1905521,2016.188,1.591082,0.7356597,Left,Down,-0.09891172,-0.7360458,Normal
208.3199,26.75426,0,-1.022202,0.3452201,0,-0.1987823,2017.259,1.587985,0.736275,Left,Down,-0.1083524,-0.7237015,Normal
208.3599,26.7515,0,-1.016709,0.3452201,0,-0.2008934,2018.329,1.588857,0.73689,Left,Down,-0.1083524,-0.7102737,Normal
208.3999,26.75027,0,-1.015794,0.3452201,0,-0.2065154,2019.399,1.59064,0.7375047,Left,Down,-0.1083524,-0.696846,Normal
208.4399,26.74606,0,-0.9910727,0.3491875,0,-0.2165239,2020.469,1.593315,0.7381186,Left,Down,-0.1083524,-0.683403,Normal
208.4799,26.7385,0,-0.9379721,0.3491875,0,-0.229662,2021.538,1.589573,0.7387325,Left,Down,-0.1136409,-0.66996,Normal
208.5199,26.7357,0,-0.8867025,0.3531548,0,-0.2363491,2022.608,1.590483,0.7393455,Left,Down,-0.1219466,-0.6556244,Normal
208.5599,26.7361,0,-0.8198673,0.3650568,0,-0.2488495,2023.677,1.592672,0.7399584,Left,Down,-0.1219466,-0.6400223,Normal
208.5999,26.73243,0,-0.7850772,0.3690242,0,-0.2655505,2024.746,1.593617,0.7405705,Left,Down,-0.1219466,-0.6243896,Normal
208.6399,26.72923,0,-0.7136643,0.3690242,0,-0.2810221,2025.816,1.592099,0.7411822,Left,Down,-0.1219466,-0.608757,Normal
208.6799,26.73233,0,-0.6321806,0.3690242,0,-0.296023,2026.885,1.593474,0.7417936,Left,Down,-0.1356209,-0.5931244,Normal
208.7199,26.73479,0,-0.6065458,0.3690242,0,-0.3164049,2027.954,1.596437,0.7424043,Left,Down,-0.1356209,-0.5754242,Normal
208.7599,26.72871,0,-0.6010526,0.3690242,0,-0.3371516,2029.023,1.593108,0.7430149,Left,Down,-0.1370561,-0.5574951,Normal
208.7999,26.73071,0,-0.6010526,0.3690242,0,-0.3549546,2030.092,1.594363,0.7436246,Left,Down,-0.1370561,-0.5395584,Normal
208.8399,26.73761,0,-0.6129545,0.3690242,0,-0.3793565,2031.162,1.597486,0.7442341,Left,Down,-0.1519511,-0.5216217,Normal
208.8799,26.72925,0,-0.6266874,0.3729915,0,-0.4031577,2032.231,1.594587,0.744843,Left,Down,-0.1519511,-0.5014114,Normal
208.9199,26.73308,0,-0.631265,0.4087129,0,-0.4255303,2033.3,1.596454,0.7454516,Left,Down,-0.1519511,-0.4810638,Normal
208.9599,26.73695,0,-0.631265,0.464271,0,-0.4537224,2034.37,1.596469,0.7460595,Left,Down,-0.1570175,-0.460701,Normal
208.9999,26.74953,0,-0.631265,0.476173,0,-0.4771499,2035.44,1.596205,0.7466669,Left,Down,-0.1690205,-0.4393539,Normal
209.0399,26.78402,0,-0.631265,0.476173,0,-0.5050654,2036.51,1.600111,0.747274,Left,Down,-0.1678588,-0.4163818,Normal
209.0799,26.79702,0,-0.631265,0.476173,0,-0.5323134,2037.582,1.59672,0.7478805,Left,Down,-0.1701742,-0.3933716,Normal
209.1199,26.81796,0,-0.6257719,0.476173,0,-0.5579043,2038.655,1.595376,0.7484867,Left,Down,-0.1876719,-0.3699417,Normal
209.1599,26.84632,0,-0.6257719,0.4563211,0,-0.587163,2039.728,1.596011,0.7490922,Left,Down,-0.1876719,-0.3441315,Normal
209.1999,26.85655,0,-0.6257719,0.4563211,0,-0.6116674,2040.803,1.593002,0.7496973,Left,Down,-0.1907741,-0.3183136,Normal
209.2399,26.87843,0,-0.6257719,0.4523537,0,-0.6380549,2041.878,1.595307,0.7503018,Left,Down,-0.2065338,-0.2918243,Normal
209.2799,26.8897,0,-0.6257719,0.4523537,0,-0.6611606,2042.953,1.594173,0.7509061,Left,Down,-0.2065338,-0.2630997,Normal
209.3199,26.90539,0,-0.6239408,0.4523537,0,-0.6824586,2044.029,1.597811,0.7515096,Left,Down,-0.2185032,-0.2343674,Normal
209.3599,26.92156,0,-0.596475,0.4523537,0,-0.7032656,2045.106,1.599087,0.7521126,Left,Down,-0.2264194,-0.2037964,Normal
209.3999,26.93847,0,-0.5488676,0.4523537,0,-0.7203683,2046.183,1.601778,0.7527154,Left,Down,-0.2289973,-0.1719894,Normal
209.4399,26.9512,0,-0.488441,0.4523537,0,-0.7379753,2047.261,1.603172,0.7533174,Left,Flat,-0.2478722,-0.1395035,Normal
209.4799,26.96898,0,-0.4646373,0.4523537,0,-0.7516634,2048.34,1.605293,0.7539192,Left,Flat,-0.2478722,-0.1044464,Normal
209.5199,26.98048,0,-0.4582286,0.4523537,0,-0.7658705,2049.419,1.605869,0.7545204,Left,Flat,-0.2719625,-0.06939697,Normal
209.5599,27.00086,0,-0.4518199,0.4523537,0,-0.7775259,2050.499,1.608274,0.7551211,Left,Flat,-0.2719625,-0.03435516,Normal
209.5999,27.01081,0,-0.4463267,0.476173,0,-0.7885799,2051.579,1.607519,0.7557212,Left,Flat,-0.3109043,-0.003814697,Normal
209.6399,27.03807,0,-0.4408336,0.4801404,0,-0.7995906,2052.66,1.610125,0.7563207,Left,Flat,-0.3064671,-0.02312469,Normal
209.6799,27.05799,0,-0.4344249,0.4801404,0,-0.8071287,2053.742,1.609914,0.75692,Left,Flat,-0.2920831,-0.04208374,Normal
209.7199,27.0804,0,-0.422523,0.4801404,0,-0.8178068,2054.825,1.611562,0.7575186,Left,Flat,-0.2853053,-0.06021881,Normal
209.7599,27.10526,0,-0.3868157,0.4999924,0,-0.8227024,2055.909,1.612002,0.7581169,Left,Flat,-0.2741124,-0.07785034,Normal
209.7999,27.1233,0,-0.3465325,0.5117113,0,-0.8293379,2056.994,1.610969,0.7587144,Left,Flat,-0.2668786,-0.09482574,Normal
209.8399,27.16174,0,-0.3053337,0.5156176,0,-0.8375323,2058.08,1.613429,0.7593117,Left,Flat,-0.2564087,-0.1113129,Normal
209.8799,27.19201,0,-0.2796972,0.5156176,0,-0.8405581,2059.167,1.613477,0.7599083,Left,Flat,-0.25101,-0.1271744,Normal
209.9199,27.21522,0,-0.2623022,0.5156176,0,-0.8455771,2060.256,1.612171,0.7605045,Left,Flat,-0.2382111,-0.1426773,Normal
209.9599,27.25506,0,-0.2513158,0.5156176,0,-0.8514011,2061.346,1.6151,0.7611001,Left,Down,-0.2382111,-0.1574173,Normal
209.9999,27.28562,0,-0.2513158,0.5156176,0,-0.852717,2062.437,1.615286,0.7616951,Left,Down,-0.2220564,-0.1721725,Normal
210.0399,27.31204,0,-0.2513158,0.5156176,0,-0.8559594,2063.529,1.614235,0.7622899,Left,Down,-0.2211734,-0.1858215,Normal
210.0799,27.34946,0,-0.2513158,0.5156176,0,-0.8615731,2064.622,1.616766,0.7628838,Left,Down,-0.2130625,-0.1994629,Normal
210.1199,27.38074,0,-0.2513158,0.5156176,0,-0.860504,2065.717,1.617082,0.7634776,Left,Down,-0.2036718,-0.2125397,Normal
210.1599,27.40741,0,-0.2430761,0.5156176,0,-0.8614721,2066.813,1.616713,0.7640706,Left,Down,-0.2046302,-0.22509,Normal
210.1999,27.44173,0,-0.2256811,0.5156176,0,-0.8654652,2067.911,1.617373,0.7646633,Left,Down,-0.191797,-0.2376556,Normal
210.2399,27.47592,0,-0.2027929,0.5195239,0,-0.8654158,2069.01,1.618917,0.7652552,Left,Down,-0.1876719,-0.2493439,Normal
210.2799,27.50612,0,-0.1853979,0.5195239,0,-0.8629008,2070.109,1.618938,0.7658467,Left,Down,-0.1876719,-0.2608185,Normal
210.3199,27.53965,0,-0.1844823,0.5195239,0,-0.8629059,2071.211,1.618457,0.7664378,Left,Down,-0.1735894,-0.2723083,Normal
210.3599,27.57197,0,-0.1844823,0.5195239,0,-0.8655361,2072.313,1.619446,0.7670282,Left,Down,-0.1701742,-0.2828674,Normal
210.3999,27.60681,0,-0.1844823,0.5195239,0,-0.8633217,2073.417,1.620836,0.7676182,Left,Down,-0.1701742,-0.2932892,Normal
210.4399,27.63705,0,-0.1844823,0.5195239,0,-0.8586112,2074.522,1.620791,0.7682076,Left,Down,-0.1607126,-0.3037109,Normal
210.4799,27.67188,0,-0.1844823,0.5195239,0,-0.8564741,2075.629,1.620762,0.7687967,Left,Down,-0.1545051,-0.313446,Normal
210.5199,27.70119,0,-0.1835668,0.5234302,0,-0.8562416,2076.737,1.6206,0.769385,Left,Down,-0.1545051,-0.3228149,Normal
210.5599,27.73811,0,-0.1707476,0.5234302,0,-0.8562554,2077.846,1.623205,0.769973,Left,Down,-0.1532334,-0.3321838,Normal
210.5999,27.77039,0,-0.1551837,0.5234302,0,-0.8487365,2078.956,1.623453,0.7705603,Left,Down,-0.1384764,-0.3414383,Normal
210.6399,27.80287,0,-0.1359576,0.5351492,0,-0.8429836,2080.068,1.623315,0.771147,Left,Down,-0.1384764,-0.3497467,Normal
210.6799,27.83973,0,-0.0993365,0.5468681,0,-0.8394692,2081.181,1.623406,0.7717334,Left,Down,-0.1384764,-0.3580627,Normal
210.7199,27.87488,0,-0.06546199,0.5507744,0,-0.8373273,2082.296,1.623518,0.7723191,Left,Down,-0.1384764,-0.3663712,Normal
210.7599,27.91762,0,-0.04074097,0.5507744,0,-0.8359711,2083.412,1.625834,0.7729045,Left,Down,-0.1219466,-0.3745804,Normal
210.7999,27.95589,0,-0.03890991,0.5507744,0,-0.8251951,2084.53,1.626038,0.7734891,Left,Down,-0.1219466,-0.3818207,Normal
210.8399,27.99415,0,-0.03890991,0.5507744,0,-0.8160349,2085.65,1.626024,0.7740733,Left,Down,-0.1235407,-0.3890686,Normal
210.8799,28.0357,0,-0.0352478,0.5507744,0,-0.8086241,2086.771,1.626267,0.7746569,Left,Down,-0.1219466,-0.3963242,Normal
210.9199,28.07445,0,-0.02426147,0.5507744,0,-0.8026531,2087.893,1.626444,0.7752401,Left,Down,-0.1136409,-0.4035873,Normal
210.9599,28.11185,0,0.02059937,0.5507744,0,-0.7978452,2089.017,1.627043,0.7758226,Left,Down,-0.1046783,-0.410141,Normal
210.9999,28.15386,0,0.06454468,0.5507744,0,-0.7947838,2090.143,1.629276,0.7764045,Left,Down,-0.1065312,-0.4163055,Normal
211.0399,28.19215,0,0.1222265,0.5507744,0,-0.7803582,2091.271,1.629599,0.7769861,Left,Down,-0.1065312,-0.4224701,Normal
211.0799,28.23022,0,0.1350439,0.5507744,0,-0.7667377,2092.399,1.629395,0.777567,Left,Down,-0.1065312,-0.4286423,Normal
211.1199,28.27168,0,0.1350439,0.5507744,0,-0.7542456,2093.53,1.629446,0.7781475,Left,Down,-0.09891172,-0.4348373,Normal
211.1599,28.3106,0,0.1240575,0.5507744,0,-0.7425568,2094.662,1.629665,0.7787272,Left,Down,-0.08846933,-0.4404068,Normal
211.1999,28.34946,0,0.1057434,0.5507744,0,-0.7319114,2095.795,1.630101,0.7793067,Left,Down,-0.08846933,-0.4454269,Normal
211.2399,28.38726,0,0.0819397,0.5507744,0,-0.7217524,2096.93,1.630151,0.7798854,Left,Down,-0.08846933,-0.4504547,Normal
211.2799,28.42551,0,0.05813599,0.5507744,0,-0.7124601,2098.067,1.631616,0.7804635,Left,Down,-0.08846933,-0.4554901,Normal
211.3199,28.4663,0,0.04623413,0.5507744,0,-0.7028908,2099.205,1.633199,0.7810413,Left,Down,-0.08846933,-0.4605255,Normal
211.3599,28.50436,0,0.03982544,0.5507744,0,-0.6814606,2100.345,1.63347,0.7816184,Left,Down,-0.08392937,-0.4655609,Normal
211.3999,28.54297,0,0.03433228,0.5507744,0,-0.661103,2101.487,1.633585,0.7821951,Left,Down,-0.06852804,-0.470108,Normal
211.4399,28.58272,0,0.03250122,0.5507744,0,-0.6413335,2102.629,1.633818,0.782771,Left,Down,-0.07132626,-0.4738464,Normal
211.4799,28.62106,0,0.02883911,0.5507744,0,-0.6218013,2103.774,1.634136,0.7833467,Left,Down,-0.06852804,-0.4775848,Normal
211.5199,28.65926,0,0.02243042,0.5507744,0,-0.6027637,2104.92,1.634531,0.7839214,Left,Down,-0.07132626,-0.4813232,Normal
211.5599,28.69737,0,0.009613037,0.5507744,0,-0.5840332,2106.067,1.635026,0.784496,Left,Down,-0.06852804,-0.4850693,Normal
211.5999,28.73539,0,0.004119873,0.5507744,0,-0.5657525,2107.216,1.635514,0.7850697,Left,Down,-0.07132626,-0.4888229,Normal
211.6399,28.7733,0,-0.004119873,0.5507744,0,-0.5475931,2108.367,1.636019,0.7856429,Left,Down,-0.06852804,-0.492569,Normal
211.6799,28.81061,0,-0.004119873,0.5507744,0,-0.5295408,2109.519,1.636451,0.7862157,Left,Down,-0.05934703,-0.4963226,Normal
211.7199,28.84835,0,-0.004119873,0.5507744,0,-0.5115039,2110.673,1.63698,0.7867877,Straight,Down,-0.04423466,-0.4992676,Normal
211.7599,28.88574,0,-0.004119873,0.5312428,0,-0.4938515,2111.828,1.638347,0.7873595,Straight,Down,-0.04423466,-0.5012665,Normal
211.7999,28.92171,0,-0.004119873,0.5273365,0,-0.4762013,2112.984,1.639305,0.7879304,Straight,Down,-0.04423466,-0.5032578,Normal
211.8399,28.95607,0,-0.004119873,0.5234302,0,-0.4557628,2114.142,1.639855,0.7885011,Straight,Down,-0.04423466,-0.5052567,Normal
211.8799,28.98781,0,-0.004119873,0.5195239,0,-0.429368,2115.301,1.639844,0.7890708,Straight,Down,-0.04423466,-0.5072632,Normal
211.9199,29.01968,0,-0.004119873,0.5156176,0,-0.4031918,2116.462,1.639839,0.7896401,Straight,Down,-0.04423466,-0.5092621,Normal
211.9599,29.0497,0,-0.004119873,0.5117113,0,-0.377178,2117.624,1.64018,0.790209,Straight,Down,-0.04423466,-0.511261,Normal
211.9999,29.07818,0,-0.004119873,0.5117113,0,-0.3511294,2118.786,1.640586,0.7907771,Straight,Down,-0.04423466,-0.5132751,Normal
212.0399,29.10649,0,-0.004119873,0.5117113,0,-0.3252594,2119.95,1.641053,0.7913449,Straight,Down,-0.04423466,-0.5152817,Normal
212.0799,29.13478,0,-0.004119873,0.5117113,0,-0.2995107,2121.115,1.641547,0.7919119,Straight,Down,-0.03956468,-0.5172882,Normal
212.1199,29.163,0,-0.004119873,0.5117113,0,-0.2738457,2122.282,1.642048,0.7924786,Straight,Down,-0.04423466,-0.5192947,Normal
212.1599,29.19117,0,-0.004119873,0.5117113,0,-0.2482141,2123.449,1.64273,0.7930444,Straight,Down,-0.04423466,-0.5213013,Normal
212.1999,29.21928,0,-0.004119873,0.5117113,0,-0.222708,2124.617,1.643286,0.7936099,Straight,Down,-0.01978234,-0.5233154,Normal
212.2399,29.24732,0,-0.004119873,0.5117113,0,-0.1972202,2125.787,1.643841,0.7941746,Straight,Down,0,-0.5228653,Normal
212.2799,29.27529,0,-0.004119873,0.5117113,0,-0.1716238,2126.958,1.644382,0.7947388,Straight,Down,0,-0.5210953,Normal
212.3199,29.3032,0,-0.004119873,0.5117113,0,-0.1462747,2128.13,1.644867,0.7953025,Straight,Down,0,-0.51931,Normal
212.3599,29.33098,0,-0.004119873,0.5117113,0,-0.1208585,2129.303,1.645393,0.7958655,Straight,Down,0,-0.5175323,Normal
212.3999,29.35871,0,-0.004119873,0.5117113,0,-0.0954535,2130.477,1.645839,0.7964281,Straight,Down,0,-0.5157547,Normal
212.4399,29.38634,0,-0.004119873,0.5038987,0,-0.07017174,2131.652,1.646308,0.79699,Straight,Down,0,-0.5139618,Normal
212.4799,29.41281,0,-0.0050354,0.5038987,0,-0.04496476,2132.828,1.646866,0.7975514,Straight,Down,0,-0.5121765,Normal
212.5199,29.43861,0,-0.005950928,0.5038987,0,-0.01982519,2134.005,1.647374,0.798112,Straight,Down,0,-0.5103912,Normal
212.5599,29.46428,0,-0.005950928,0.5038987,0,0.005278349,2135.184,1.64796,0.7986723,Straight,Down,0,-0.5085983,Normal
212.5999,29.48992,0,-0.005950928,0.5038987,0,0.03028464,2136.363,1.648452,0.7992318,Straight,Down,0,-0.506813,Normal
212.6399,29.51546,0,-0.005950928,0.5038987,0,0.05503872,2137.544,1.648962,0.7997908,Straight,Down,0,-0.5050201,Normal
212.6799,29.54069,0,-0.005950928,0.5038987,0,0.07982224,2138.725,1.64938,0.8003494,Straight,Down,0,-0.5032272,Normal
212.7199,29.56621,0,-0.005950928,0.5038987,0,0.1047313,2139.907,1.649792,0.8009071,Straight,Down,0,-0.5014267,Normal
212.7599,29.59153,0,0.0050354,0.5038987,0,0.1296396,2141.091,1.650602,0.8014645,Straight,Down,0,-0.4996338,Normal
212.7999,29.61678,0,0.01419067,0.5038987,0,0.1545788,2142.275,1.65128,0.802021,Straight,Down,0,-0.4978333,Normal
212.8399,29.64203,0,0.02059937,0.5038987,0,0.1794216,2143.46,1.651859,0.8025773,Straight,Down,0,-0.4960403,Normal
212.8799,29.66746,0,0.02059937,0.5038987,0,0.2041749,2144.647,1.652329,0.8031326,Straight,Down,0,-0.4942398,Normal
212.9199,29.69248,0,0.02151489,0.5038987,0,0.2287675,2145.834,1.652869,0.8036875,Straight,Down,0,-0.4924316,Normal
212.9599,29.71774,0,0.03982544,0.5038987,0,0.2532658,2147.022,1.653281,0.8042418,Straight,Down,0,-0.4906311,Normal
212.9999,29.74288,0,0.06912231,0.5038987,0,0.2777224,2148.212,1.653685,0.8047955,Straight,Down,0,-0.4888229,Normal
213.0399,29.76867,0,0.1057434,0.5038987,0,0.3021669,2149.403,1.654251,0.8053487,Straight,Down,0,-0.4870148,Normal
213.0799,29.7943,0,0.1524389,0.5038987,0,0.3197182,2150.594,1.654086,0.8059012,Straight,Down,0,-0.4852066,Normal
213.1199,29.81757,0,0.1789892,0.5038987,0,0.3327855,2151.787,1.653371,0.8064532,Straight,Down,0,-0.4833984,Normal
213.1599,29.84289,0,0.2174413,0.5038987,0,0.3459566,2152.98,1.653272,0.8070045,Straight,Down,0,-0.4815826,Normal
213.1999,29.86578,0,0.2485693,0.5038987,0,0.3592423,2154.175,1.653786,0.8075553,Straight,Down,0,-0.4797668,Normal
213.2399,29.8888,0,0.2787817,0.5038987,0,0.3729632,2155.37,1.654484,0.8081053,Straight,Down,0,-0.477951,Normal
213.2799,29.91109,0,0.3273046,0.5038987,0,0.38714,2156.566,1.655005,0.8086548,Straight,Down,0,-0.4761353,Normal
213.3199,29.93406,0,0.3749156,0.5038987,0,0.401523,2157.763,1.657213,0.8092039,Straight,Down,0,-0.4743195,Normal
213.3599,29.95899,0,0.4591441,0.5038987,0,0.4162732,2158.961,1.659017,0.8097521,Straight,Down,0,-0.4725037,Normal
213.3999,29.98348,0,0.523231,0.5038987,0,0.4246653,2160.16,1.659085,0.8102999,Straight,Down,0,-0.4706802,Normal
213.4399,30.00577,0,0.5772471,0.5038987,0,0.4289162,2161.36,1.658067,0.810847,Straight,Down,0.04845664,-0.4688568,Normal
213.4799,30.03093,0,0.6138718,0.5038987,0,0.4340566,2162.561,1.657688,0.8113936,Right,Down,0.05595291,-0.4632416,Normal
213.5199,30.05095,0,0.6303513,0.5038987,0,0.4401974,2163.763,1.657797,0.8119395,Right,Down,0.05595291,-0.4570084,Normal
213.5599,30.07163,0,0.6413376,0.5038987,0,0.4475059,2164.966,1.659644,0.8124846,Right,Down,0.05595291,-0.4507828,Normal
213.5999,30.09858,0,0.6532395,0.5038987,0,0.455215,2166.169,1.662538,0.8130294,Right,Down,0.05595291,-0.4445496,Normal
213.6399,30.11722,0,0.6779587,0.5038987,0,0.4532054,2167.374,1.661553,0.8135734,Right,Down,0.05595291,-0.4383011,Normal
213.6799,30.13866,0,0.7365525,0.5038987,0,0.4519931,2168.579,1.660714,0.814117,Right,Down,0.05934703,-0.432045,Normal
213.7199,30.15906,0,0.7978928,0.5038987,0,0.4530016,2169.785,1.660105,0.8146598,Right,Down,0.05934703,-0.4257889,Normal
213.7599,30.18078,0,0.8912802,0.5038987,0,0.4556586,2170.992,1.663116,0.8152022,Right,Down,0.08156469,-0.4195251,Normal
213.7999,30.20242,0,0.9571981,0.5038987,0,0.452699,2172.2,1.663758,0.8157437,Right,Down,0.08392937,-0.411232,Normal
213.8399,30.21779,0,0.9910727,0.5038987,0,0.448557,2173.408,1.662784,0.8162848,Right,Down,0.08392937,-0.4026337,Normal
213.8799,30.23701,0,1.010299,0.5038987,0,0.447313,2174.618,1.662165,0.8168252,Right,Down,0.08392937,-0.3940353,Normal
213.9199,30.2606,0,1.015792,0.5038987,0,0.4482327,2175.828,1.666003,0.8173648,Right,Down,0.08392937,-0.3854294,Normal
213.9599,30.2752,0,1.037765,0.5038987,0,0.4408068,2177.039,1.665313,0.8179041,Right,Down,0.08622923,-0.3768082,Normal
213.9999,30.28629,0,1.054244,0.5038987,0,0.4371057,2178.25,1.66363,0.8184425,Right,Down,0.1083524,-0.3675308,Normal
214.0399,30.31133,0,1.067981,0.5038987,0,0.4365455,2179.462,1.667318,0.8189806,Right,Down,0.1083524,-0.3567276,Normal
214.0799,30.32464,0,1.079882,0.5038987,0,0.4282444,2180.675,1.666677,0.8195177,Right,Down,0.1083524,-0.3459091,Normal
214.1199,30.32871,0,1.089953,0.5038987,0,0.4245944,2181.888,1.665307,0.8200546,Right,Down,0.1083524,-0.335083,Normal
214.1599,30.35515,0,1.110095,0.5038987,0,0.4203451,2183.103,1.668324,0.8205906,Right,Down,0.132704,-0.3242493,Normal
214.1999,30.36106,0,1.114672,0.5038987,0,0.4139107,2184.317,1.666975,0.821126,Right,Down,0.1341704,-0.3113403,Normal
214.2399,30.38087,0,1.096362,0.5038987,0,0.4120448,2185.532,1.669703,0.8216608,Right,Down,0.132704,-0.2983246,Normal
214.2799,30.38909,0,1.045089,0.5038987,0,0.403292,2186.747,1.6684,0.8221948,Right,Down,0.1384764,-0.2852936,Normal
214.3199,30.39708,0,0.9782553,0.5038987,0,0.4004986,2187.963,1.670071,0.8227285,Right,Down,0.1582588,-0.2714996,Normal
214.3599,30.41021,0,0.8445883,0.5038987,0,0.3916946,2189.179,1.668942,0.8232614,Right,Down,0.1582588,-0.2562561,Normal
214.3999,30.4118,0,0.6944382,0.5038987,0,0.3872446,2190.395,1.670777,0.8237938,Right,Down,0.1631294,-0.2410049,Normal
214.4399,30.43077,0,0.5470347,0.5038987,0,0.3758987,2191.613,1.671973,0.8243253,Right,Down,0.1823843,-0.2250214,Normal
214.4799,30.43637,0,0.3318822,0.5038987,0,0.3656229,2192.83,1.672426,0.8248565,Right,Down,0.183454,-0.2075272,Normal
214.5199,30.45037,0,0.2009618,0.5038987,0,0.3520439,2194.048,1.672194,0.8253868,Right,Down,0.2007689,-0.1900101,Normal
214.5599,30.46309,0,0.08010864,0.5038987,0,0.3438753,2195.266,1.672475,0.8259164,Right,Down,0.20842,-0.1708298,Normal
214.5999,30.47701,0,0.02334595,0.5038987,0,0.3374168,2196.485,1.672977,0.8264456,Right,Down,0.2167048,-0.151001,Normal
214.6399,30.4885,0,0.02334595,0.5038987,0,0.3273878,2197.705,1.672461,0.8269741,Right,Flat,0.2349025,-0.1301422,Normal
214.6799,30.50305,0,0.02334595,0.5038987,0,0.3228444,2198.925,1.67227,0.827502,Right,Flat,0.2414744,-0.1079102,Normal
214.7199,30.51662,0,0.02334595,0.5038987,0,0.3237781,2200.145,1.672883,0.8280291,Right,Flat,0.2624426,-0.08477783,Normal
214.7599,30.53195,0,0.02334595,0.5038987,0,0.3232435,2201.366,1.673463,0.8285558,Right,Flat,0.2741124,-0.06005096,Normal
214.7999,30.54511,0,0.02334595,0.5038987,0,0.3214144,2202.588,1.673511,0.8290817,Right,Flat,0.2907402,-0.03400421,Normal
214.8399,30.56114,0,0.02334595,0.5038987,0,0.3245514,2203.81,1.673801,0.829607,Right,Flat,0.1845175,-0.006729126,Normal
214.8799,30.57545,0,0.02334595,0.5038987,0,0.3321327,2205.033,1.674572,0.8301316,Right,Flat,0.1690205,0.03087616,Normal
214.9199,30.59222,0,0.02334595,0.5038987,0,0.3440748,2206.257,1.67584,0.8306555,Right,Flat,0.1690205,0.06974792,Normal
214.9599,30.60702,0,0.02883911,0.5038987,0,0.3490982,2207.481,1.67579,0.831179,Right,Flat,0.1426525,0.1086502,Normal
214.9999,30.62128,0,0.03341675,0.5038987,0,0.3554358,2208.705,1.675736,0.8317016,Right,Flat,0.1341704,0.1419144,Normal
215.0399,30.63793,0,0.03433228,0.5038987,0,0.3654338,2209.931,1.676402,0.8322238,Right,Up,0.1341704,0.174057,Normal
215.0799,30.65256,0,0.03433228,0.5038987,0,0.3809601,2211.156,1.677458,0.8327451,Right,Up,0.1341704,0.2062149,Normal
215.1199,30.66758,0,0.03433228,0.5038987,0,0.4005466,2212.383,1.678646,0.833266,Right,Up,0.1101434,0.2377319,Normal
215.1599,30.68485,0,0.03799438,0.5038987,0,0.4245751,2213.61,1.68004,0.833786,Right,Up,0.1065312,0.2632294,Normal
215.1999,30.69956,0,0.03890991,0.5038987,0,0.4389933,2214.838,1.679898,0.8343054,Right,Up,0.1083524,0.2887421,Normal
215.2399,30.7138,0,0.03890991,0.5038987,0,0.4516227,2216.066,1.679739,0.8348243,Right,Up,0.1083524,0.31427,Normal
215.2799,30.72985,0,0.03890991,0.5038987,0,0.4660301,2217.295,1.680218,0.8353423,Right,Up,0.1008706,0.339798,Normal
215.3199,30.74394,0,0.03890991,0.5038987,0,0.4819856,2218.525,1.680993,0.83586,Right,Up,0.08392937,0.3625336,Normal
215.3599,30.75836,0,0.03890991,0.5038987,0,0.5000081,2219.755,1.681947,0.8363768,Right,Up,0.08392937,0.3820724,Normal
215.3999,30.7729,0,0.03890991,0.5038987,0,0.5192126,2220.986,1.682905,0.836893,Right,Up,0.08392937,0.4016113,Normal
215.4399,30.78762,0,0.03890991,0.5038987,0,0.5398247,2222.218,1.683668,0.8374085,Right,Up,0.08392937,0.4211578,Normal
215.4799,30.80429,0,0.03890991,0.5038987,0,0.5609738,2223.449,1.684579,0.8379235,Right,Up,0.08392937,0.4407196,Normal
215.5199,30.81804,0,0.03890991,0.5038987,0,0.5705936,2224.682,1.683952,0.8384376,Right,Up,0.07401875,0.4602966,Normal
215.5599,30.83236,0,0.02700806,0.5038987,0,0.5808853,2225.915,1.68372,0.8389511,Right,Up,0.0656106,0.4768372,Normal
215.5999,30.84673,0,0.004119873,0.5038987,0,0.5909597,2227.149,1.684073,0.8394641,Right,Up,0.0656106,0.4910049,Normal
215.6399,30.85999,0,-0.005950928,0.5038987,0,0.6019158,2228.383,1.684604,0.8399763,Right,Up,0.0656106,0.5051804,Normal
215.6799,30.8735,0,-0.005950928,0.5038987,0,0.6128476,2229.618,1.685207,0.840488,Right,Up,0.0656106,0.5193481,Normal
215.7199,30.88716,0,-0.005950928,0.5038987,0,0.6260767,2230.854,1.685895,0.8409988,Right,Up,0.0656106,0.5335312,Normal
215.7599,30.90091,0,-0.005950928,0.5038987,0,0.6404608,2232.089,1.686365,0.8415091,Right,Up,0.0656106,0.5477066,Normal
215.7999,30.91478,0,-0.005950928,0.5038987,0,0.6570115,2233.326,1.686826,0.8420187,Right,Up,0.0656106,0.5619049,Normal
215.8399,30.92858,0,-0.005950928,0.5038987,0,0.6753478,2234.563,1.68736,0.8425277,Straight,Up,0.04845664,0.5760956,Normal
215.8799,30.94246,0,-0.005950928,0.5038987,0,0.6949382,2235.801,1.687983,0.8430359,Straight,Up,0.04845664,0.5863342,Normal
215.9199,30.95798,0,-0.005950928,0.5038987,0,0.7152523,2237.039,1.688737,0.8435433,Straight,Up,0.04845664,0.5955353,Normal
215.9599,30.97084,0,-0.0151062,0.5038987,0,0.7226154,2238.277,1.6882,0.8440503,Straight,Up,0.04423466,0.604744,Normal
215.9999,30.98391,0,-0.06363094,0.5038987,0,0.729822,2239.517,1.68784,0.8445565,Straight,Up,0.04845664,0.613945,Normal
216.0399,30.99743,0,-0.1231402,0.5038987,0,0.7372394,2240.756,1.688027,0.8450621,Straight,Up,0.04423466,0.6231537,Normal
216.0799,31.00976,0,-0.1725787,0.5038987,0,0.7446463,2241.997,1.688697,0.845567,Straight,Up,0.04423466,0.63237,Normal
216.1199,31.02226,0,-0.1780736,0.5038987,0,0.7522407,2243.237,1.689628,0.8460714,Straight,Up,0.04423466,0.6415863,Normal
216.1599,31.0349,0,-0.16617,0.5038987,0,0.7598482,2244.479,1.690437,0.8465748,Straight,Up,0.04423466,0.650795,Normal
216.1999,31.04763,0,-0.1377887,0.5038987,0,0.767622,2245.72,1.691364,0.8470776,Straight,Up,0.04423466,0.6600189,Normal
216.2399,31.06044,0,-0.13138,0.5038987,0,0.7757383,2246.962,1.692271,0.8475798,Straight,Up,0.04423466,0.6692352,Normal
216.2799,31.07321,0,-0.13138,0.5038987,0,0.7840654,2248.205,1.693072,0.8480813,Straight,Up,0.03426402,0.6784668,Normal
216.3199,31.086,0,-0.13138,0.5038987,0,0.7921999,2249.449,1.693552,0.8485823,Straight,Up,0.01978234,0.6836929,Normal
216.3599,31.09867,0,-0.13138,0.5038987,0,0.8000647,2250.693,1.69402,0.8490823,Straight,Up,0.02797646,0.6877899,Normal
216.3999,31.11142,0,-0.1295489,0.5038987,0,0.807897,2251.937,1.694181,0.8495819,Straight,Up,0.02797646,0.6918945,Normal
216.4399,31.12404,0,-0.1295489,0.5038987,0,0.8158079,2253.182,1.69458,0.8500806,Straight,Up,0.02797646,0.6959991,Normal
216.4799,31.13658,0,-0.1295489,0.5038987,0,0.8235375,2254.427,1.695374,0.8505788,Straight,Up,0.02797646,0.7001038,Normal
216.5199,31.14909,0,-0.1295489,0.5038987,0,0.8307956,2255.673,1.695768,0.8510762,Straight,Up,0.02797646,0.704216,Normal
216.5599,31.16154,0,-0.1295489,0.5038987,0,0.8375469,2256.919,1.696057,0.8515729,Straight,Up,0.02797646,0.7083282,Normal
216.5999,31.17391,0,-0.1194781,0.5038987,0,0.8438082,2258.166,1.696349,0.852069,Straight,Up,0.02797646,0.7124329,Normal
216.6399,31.18614,0,-0.1066607,0.5038987,0,0.8497627,2259.414,1.696614,0.8525643,Straight,Up,0.02797646,0.7165451,Normal
216.6799,31.19753,0,-0.06637752,0.5038987,0,0.848686,2260.661,1.697562,0.8530591,Straight,Up,0.02797646,0.7206573,Normal
216.7199,31.21059,0,-0.0352478,0.5038987,0,0.8408076,2261.91,1.698695,0.8535531,Straight,Up,0.02797646,0.7247772,Normal
216.7599,31.2224,0,-0.01052856,0.4999924,0,0.8325991,2263.158,1.6993,0.8540465,Straight,Up,0.02797646,0.7288895,Normal
216.7999,31.23475,0,0.00869751,0.4920424,0,0.8238695,2264.408,1.699452,0.854539,Straight,Up,0.02797646,0.7330093,Normal
216.8399,31.2462,0,0.01419067,0.4880751,0,0.8145522,2265.657,1.699646,0.8550308,Straight,Up,0.02797646,0.7371216,Normal
216.8799,31.25611,0,0.01419067,0.4841077,0,0.8048029,2266.907,1.699849,0.8555222,Straight,Up,0.01978234,0.7412415,Normal
216.9199,31.26457,0,0.01419067,0.4841077,0,0.7945031,2268.158,1.700197,0.8560126,Straight,Up,0.02797646,0.7453613,Normal
216.9599,31.2728,0,0.01419067,0.4841077,0,0.7838639,2269.409,1.700628,0.8565025,Straight,Up,0.03426402,0.7494888,Normal
216.9999,31.28095,0,0.01419067,0.4841077,0,0.7745492,2270.66,1.70109,0.8569916,Straight,Up,0.01978234,0.7536087,Normal
217.0399,31.28907,0,0.01602173,0.4841077,0,0.766729,2271.912,1.701371,0.8574802,Straight,Up,0,0.7535629,Normal
217.0799,31.29714,0,0.02151489,0.4841077,0,0.762198,2273.164,1.701533,0.8579679,Straight,Up,0,0.7471695,Normal
217.1199,31.30519,0,0.02792358,0.4841077,0,0.7545792,2274.416,1.701796,0.8584551,Straight,Up,0,0.7407761,Normal
217.1599,31.31322,0,0.03890991,0.4841077,0,0.7471274,2275.668,1.702157,0.8589414,Straight,Up,0,0.7343826,Normal
217.1999,31.32126,0,0.03890991,0.4841077,0,0.7370797,2276.921,1.702436,0.8594269,Straight,Up,0,0.7279816,Normal
217.2399,31.32928,0,0.03890991,0.4841077,0,0.724546,2278.174,1.702792,0.859912,Straight,Up,0,0.7215881,Normal
217.2799,31.33731,0,0.03890991,0.4841077,0,0.7109952,2279.427,1.703142,0.8603961,Straight,Up,0,0.7151871,Normal
217.3199,31.34529,0,0.03890991,0.4841077,0,0.695765,2280.681,1.703559,0.8608798,Straight,Up,0,0.708786,Normal
217.3599,31.35326,0,0.03890991,0.4841077,0,0.6796432,2281.935,1.703691,0.8613626,Straight,Up,0,0.7023849,Normal
217.3999,31.36123,0,0.03890991,0.4841077,0,0.6626133,2283.189,1.703934,0.8618448,Straight,Up,0,0.6959763,Normal
217.4399,31.36917,0,0.03890991,0.4841077,0,0.6453068,2284.444,1.704285,0.8623262,Straight,Up,0,0.6895752,Normal
217.4799,31.37707,0,0.03890991,0.4841077,0,0.6278256,2285.699,1.70476,0.862807,Straight,Up,0,0.6831665,Normal
217.5199,31.38495,0,0.03890991,0.4841077,0,0.6104865,2286.954,1.705296,0.863287,Straight,Up,0,0.6767502,Normal
217.5599,31.39285,0,0.03890991,0.4841077,0,0.5930185,2288.21,1.705841,0.8637663,Straight,Up,0,0.6703491,Normal
217.5999,31.40071,0,0.009613037,0.4841077,0,0.5748128,2289.466,1.70626,0.864245,Straight,Up,0,0.6639328,Normal
217.6399,31.40854,0,-0.01144409,0.4841077,0,0.5553102,2290.722,1.706712,0.8647228,Straight,Up,0,0.6575089,Normal
217.6799,31.41632,0,-0.02334595,0.4841077,0,0.5325174,2291.979,1.707045,0.8652001,Straight,Up,0,0.6511002,Normal
217.7199,31.42414,0,-0.02334595,0.4841077,0,0.508468,2293.236,1.707275,0.8656765,Straight,Up,0,0.6446762,Normal
217.7599,31.43184,0,-0.01052856,0.4841077,0,0.4814781,2294.493,1.707423,0.8661523,Straight,Up,0,0.6382675,Normal
217.7999,31.43958,0,0.0050354,0.4841077,0,0.455296,2295.75,1.70789,0.8666273,Straight,Up,0,0.6318436,Normal
217.8399,31.44726,0,0.01419067,0.4801404,0,0.4323667,2297.008,1.708757,0.8671016,Straight,Up,0,0.6254196,Normal
217.8799,31.45423,0,0.02792358,0.4801404,0,0.4106407,2298.266,1.710099,0.8675753,Straight,Up,0,0.6189957,Normal
217.9199,31.46101,0,0.05081177,0.4801404,0,0.3913076,2299.525,1.710754,0.8680482,Straight,Up,0,0.6125717,Normal
217.9599,31.4678,0,0.08651733,0.4801404,0,0.3720666,2300.783,1.711075,0.8685204,Straight,Up,0,0.6061401,Normal
217.9999,31.47456,0,0.1130676,0.4801404,0,0.3528377,2302.042,1.711562,0.8689919,Straight,Up,0,0.5997162,Normal
218.0399,31.48131,0,0.1167297,0.4801404,0,0.3331501,2303.302,1.711677,0.8694627,Straight,Up,0,0.5932846,Normal
218.0799,31.488,0,0.1167297,0.4801404,0,0.313412,2304.561,1.711889,0.8699327,Straight,Up,0,0.586853,Normal
218.1199,31.49472,0,0.123142,0.4801404,0,0.2935969,2305.821,1.712599,0.8704021,Straight,Up,0,0.5804214,Normal
218.1599,31.50137,0,0.206455,0.4801404,0,0.2732692,2307.081,1.713301,0.8708706,Straight,Up,0,0.5739822,Normal
218.1999,31.50803,0,0.3327978,0.444419,0,0.253081,2308.341,1.713732,0.8713384,Straight,Up,0,0.5675507,Normal
218.2399,31.51046,0,0.3923106,0.3968109,0,0.2332179,2309.601,1.713989,0.8718055,Straight,Up,0,0.5611191,Normal
218.2799,31.50395,0,0.4271007,0.3491875,0,0.2135306,2310.861,1.714132,0.872272,Straight,Up,0,0.5546799,Normal
218.3199,31.4859,0,0.4271007,0.3412528,0,0.1944717,2312.121,1.714459,0.8727377,Straight,Up,0,0.5482483,Normal
218.3599,31.4627,0,0.4115367,0.3729915,0,0.1756039,2313.379,1.715075,0.8732026,Straight,Up,0,0.5418243,Normal
218.3999,31.44414,0,0.3904796,0.3729915,0,0.1573854,2314.637,1.715507,0.8736669,Straight,Up,0,0.5354004,Normal
218.4399,31.42717,0,0.3620982,0.3729915,0,0.1400421,2315.895,1.715768,0.8741304,Straight,Up,0,0.5289841,Normal
218.4799,31.41039,0,0.3135717,0.3729915,0,0.1233477,2317.151,1.715934,0.8745931,Straight,Up,0,0.5225677,Normal
218.5199,31.39359,0,0.2595556,0.3729915,0,0.1076533,2318.407,1.716401,0.8750552,Straight,Up,0,0.5161514,Normal
218.5599,31.37679,0,0.171665,0.3729915,0,0.09258845,2319.662,1.716987,0.8755165,Straight,Up,0,0.5097427,Normal
218.5999,31.36002,0,0.08102417,0.3452201,0,0.0782977,2320.917,1.717347,0.8759771,Straight,Up,0,0.5033417,Normal
218.6399,31.33857,0,0.02700806,0.3452201,0,0.06486627,2322.171,1.717901,0.8764369,Straight,Up,0,0.496933,Normal
218.6799,31.31596,0,-0.04074097,0.3452201,0,0.05201444,2323.423,1.718202,0.8768961,Straight,Up,0,0.4905396,Normal
218.7199,31.29336,0,-0.09018123,0.3412528,0,0.04025516,2324.675,1.718621,0.8773544,Straight,Up,0,0.4841461,Normal
218.7599,31.27011,0,-0.1478595,0.3412528,0,0.02955124,2325.927,1.719071,0.8778122,Straight,Up,0,0.4777527,Normal
218.7999,31.24689,0,-0.2211034,0.3412528,0,0.01934245,2327.177,1.719438,0.878269,Straight,Up,0,0.4713745,Normal
218.8399,31.21901,0,-0.2787817,0.3412528,0,0.01001042,2328.426,1.719007,0.8787251,Straight,Up,0,0.4649963,Normal
218.8799,31.19746,0,-0.3447014,0.3412528,0,0.008359581,2329.674,1.723762,0.8791807,Straight,Up,0,0.4586334,Normal
218.9199,31.17842,0,-0.3749138,0.3412528,0,0.007969826,2330.921,1.72761,0.8796352,Straight,Up,0,0.4522781,Normal
218.9599,31.1551,0,-0.3868157,0.3412528,0,0.007945806,2332.167,1.728854,0.8800893,Straight,Up,0,0.4459152,Normal
218.9999,31.13786,0,-0.3868157,0.3412528,0,0.008416921,2333.413,1.728883,0.8805425,Straight,Up,0,0.4395599,Normal
219.0399,31.11975,0,-0.3868157,0.3412528,0,0.009216577,2334.658,1.728117,0.880995,Straight,Up,0,0.4332047,Normal
219.0799,31.10086,0,-0.382238,0.3412528,0,0.01026651,2335.903,1.727317,0.8814467,Straight,Up,0,0.4268494,Normal
219.1199,31.08154,0,-0.382238,0.3412528,0,0.01169032,2337.146,1.726579,0.8818977,Straight,Up,0,0.4204941,Normal
219.1599,31.06202,0,-0.382238,0.3412528,0,0.01348916,2338.389,1.725867,0.8823479,Straight,Up,0,0.4141541,Normal
219.1999,31.04236,0,-0.3767449,0.3412528,0,0.01527792,2339.631,1.725294,0.8827974,Straight,Up,-0.01978234,0.4078064,Normal
219.2399,31.02262,0,-0.3675896,0.3412528,0,0.01701322,2340.872,1.72503,0.8832462,Straight,Up,-0.03956468,0.3869858,Normal
219.2799,31.00206,0,-0.3639275,0.3412528,0,0.0185118,2342.112,1.724853,0.8836941,Straight,Up,-0.03956468,0.3619537,Normal
219.3199,30.9805,0,-0.3639275,0.3412528,0,0.02568004,2343.352,1.726581,0.8841415,Straight,Up,-0.03426402,0.3369598,Normal
219.3599,30.96354,0,-0.3511101,0.3412528,0,0.03633398,2344.59,1.729504,0.8845879,Straight,Up,-0.03956468,0.3119812,Normal
219.3999,30.94299,0,-0.314489,0.3412528,0,0.04644746,2345.828,1.731178,0.8850338,Straight,Up,-0.03956468,0.2870102,Normal
219.4399,30.92637,0,-0.2851903,0.3412528,0,0.0558593,2347.065,1.731421,0.8854787,Straight,Up,-0.03956468,0.2620392,Normal
219.4799,30.9096,0,-0.2375829,0.3412528,0,0.06450829,2348.302,1.731091,0.8859228,Straight,Up,-0.03426402,0.2370758,Normal
219.5199,30.89228,0,-0.2037084,0.3372854,0,0.07244828,2349.538,1.73061,0.8863665,Straight,Up,-0.03426402,0.2121201,Normal
219.5599,30.87426,0,-0.1899755,0.3333181,0,0.07934299,2350.773,1.729979,0.8868092,Straight,Up,-0.03426402,0.1871796,Normal
219.5999,30.85522,0,-0.1734942,0.3253834,0,0.08520791,2352.007,1.729594,0.8872513,Straight,Up,-0.03956468,0.1622543,Normal
219.6399,30.83447,0,-0.1615924,0.3253834,0,0.09003955,2353.241,1.729379,0.8876924,Straight,Flat,-0.02797646,0.137352,Normal
219.6799,30.81305,0,-0.13138,0.3253834,0,0.09355897,2354.474,1.729265,0.888133,Straight,Flat,0,0.1194305,Normal
219.7199,30.79165,0,-0.07187068,0.3253834,0,0.09580839,2355.705,1.729503,0.8885726,Straight,Flat,0,0.1138,Normal
219.7599,30.77031,0,-0.0151062,0.3491875,0,0.0968374,2356.937,1.729766,0.8890117,Straight,Flat,0,0.1081696,Normal
219.7999,30.75315,0,0.04714966,0.3531548,0,0.09661153,2358.167,1.729897,0.8894499,Straight,Flat,0,0.1025543,Normal
219.8399,30.73751,0,0.07003784,0.3610895,0,0.09511954,2359.396,1.730183,0.8898872,Straight,Flat,0,0.09693909,Normal
219.8799,30.72365,0,0.07095337,0.3690242,0,0.0925253,2360.625,1.730496,0.890324,Straight,Flat,0,0.09131622,Normal
219.9199,30.71162,0,0.05264282,0.3690242,0,0.08880055,2361.854,1.730892,0.8907598,Straight,Flat,0,0.08570862,Normal
219.9599,30.70036,0,0.02792358,0.3690242,0,0.08396348,2363.082,1.731307,0.8911952,Straight,Flat,0,0.08009338,Normal
219.9999,30.68921,0,-0.005950928,0.3769741,0,0.07807493,2364.31,1.731709,0.8916295,Straight,Flat,-0.01978234,0.07448578,Normal
220.0399,30.67921,0,-0.0151062,0.3809415,0,0.07081565,2365.537,1.732085,0.8920632,Straight,Flat,0,0.06887817,Normal
220.0799,30.67066,0,-0.01602173,0.3928435,0,0.06209925,2366.764,1.732466,0.892496,Straight,Flat,0,0.06327057,Normal
220.1199,30.66368,0,0.009613037,0.4047455,0,0.05226627,2367.991,1.732907,0.8929281,Straight,Flat,0,0.05766296,Normal
220.1599,30.66064,0,0.03341675,0.4047455,0,0.0405899,2369.217,1.736313,0.8933595,Straight,Flat,0,0.05207062,Normal
220.1999,30.65838,0,0.06362915,0.4047455,0,0.02880582,2370.444,1.735653,0.89379,Straight,Flat,0,0.04646301,Normal
220.2399,30.64666,0,0.08743286,0.4047455,0,0.01527444,2371.67,1.73509,0.8942199,Straight,Flat,0,0.04086304,Normal
220.2799,30.65166,0,0.1002502,0.4087129,0,0.001350194,2372.896,1.734416,0.8946488,Straight,Flat,0,0.03525543,Normal
220.3199,30.64877,0,0.110321,0.4087129,0,-0.01313078,2374.122,1.734131,0.8950773,Straight,Flat,0,0.02965546,Normal
220.3599,30.64614,0,0.1185644,0.4126802,0,-0.02840522,2375.348,1.73427,0.8955047,Straight,Flat,-0.01978234,-0.07807159,TransSharp
220.3999,30.644,0,0.1368749,0.444419,0,-0.04414108,2376.573,1.734664,0.8959315,Straight,Flat,0,-0.09102631,TransSharp
220.4399,30.64848,0,0.1368749,0.444419,0,-0.06063631,2377.8,1.735252,0.8963574,Straight,Flat,0,-0.1039734,TransSharp
220.4799,30.65394,0,0.1368749,0.444419,0,-0.07774949,2379.026,1.73578,0.8967825,Straight,Flat,-0.01978234,-0.1169205,TransSharp
220.5199,30.65954,0,0.1368749,0.444419,0,-0.09505367,2380.252,1.736284,0.897207,Straight,Flat,-0.01978234,-0.1298828,TransSharp
220.5599,30.66516,0,0.1368749,0.444419,0,-0.1129677,2381.479,1.736747,0.8976306,Straight,Flat,0,-0.1428299,TransSharp
220.5999,30.67082,0,0.1368749,0.444419,0,-0.1314349,2382.705,1.737259,0.8980535,Straight,Down,0,-0.1557922,TransSharp
220.6399,30.67649,0,0.140537,0.444419,0,-0.1500928,2383.932,1.737724,0.8984756,Straight,Down,0,-0.1687469,TransSharp
220.6799,30.68147,0,0.140537,0.4483864,0,-0.1688959,2385.159,1.737801,0.898897,Straight,Down,0,-0.1817169,TransSharp
220.7199,30.68828,0,0.1478612,0.4483864,0,-0.1875608,2386.387,1.738871,0.8993174,Straight,Down,0,-0.1946793,TransSharp
220.7599,30.69416,0,0.1707494,0.4483864,0,-0.2060606,2387.615,1.740216,0.8997373,Straight,Down,0,-0.2076416,TransSharp
220.7999,30.70111,0,0.2009618,0.4523537,0,-0.224713,2388.843,1.740954,0.9001562,Straight,Down,0,-0.2206039,TransSharp
220.8399,30.7088,0,0.2366674,0.4801404,0,-0.2433228,2390.071,1.741514,0.9005743,Straight,Down,-0.01978234,-0.2335739,TransSharp
220.8799,30.71928,0,0.2430761,0.4841077,0,-0.2620171,2391.3,1.741681,0.9009919,Straight,Down,-0.02797646,-0.2465515,TransSharp
220.9199,30.72936,0,0.2311742,0.4841077,0,-0.2764954,2392.529,1.743079,0.9014084,Left,Down,-0.1203313,-0.2928467,TransSharp
220.9599,30.74779,0,0.1954687,0.4841077,0,-0.2868153,2393.758,1.746119,0.9018244,Left,Down,-0.1203313,-0.4140701,TransSharp
220.9999,30.76035,0,0.1698339,0.4841077,0,-0.2965925,2394.989,1.74772,0.9022394,Left,Down,-0.1203313,-0.5353851,TransSharp
221.0399,30.77193,0,0.1606786,0.4841077,0,-0.3052094,2396.219,1.748894,0.9026537,Left,Down,-0.1203313,-0.656723,TransSharp
221.0799,30.78832,0,0.1588476,0.4880751,0,-0.311772,2397.45,1.752864,0.9030672,Left,Down,-0.08622923,-0.7747879,TransSharp
221.1199,30.80975,0,0.140537,0.4920424,0,-0.3116744,2398.683,1.756491,0.9034798,Left,Down,-0.08392937,-0.8638382,TransSharp
221.1599,30.82829,0,0.1222265,0.507805,0,-0.3121087,2399.916,1.757596,0.9038918,Left,Down,-0.08392937,-0.9530411,TransSharp
221.1999,30.85745,0,0.09475708,0.5156176,0,-0.3124473,2401.15,1.756583,0.9043029,Left,Down,-0.08392937,-1.042404,TransSharp
221.2399,30.88574,0,0.08102417,0.5156176,0,-0.3117178,2402.385,1.754105,0.9047133,Left,Down,-0.08392937,-1.131882,TransSharp
221.2799,30.91277,0,0.07553101,0.5156176,0,-0.3103816,2403.621,1.754333,0.9051228,Left,Down,-0.08622923,-1.221382,TransSharp
221.3199,30.93012,0,0.07553101,0.5156176,0,-0.3078485,2404.858,1.755336,0.9055316,Straight,Down,0.01978234,-1.310814,TransSharp
221.3599,30.96193,0,0.07553101,0.5156176,0,-0.2996342,2406.096,1.760907,0.9059396,Straight,Down,0,-1.335785,TransSharp
221.3999,30.99144,0,0.07553101,0.5156176,0,-0.2916966,2407.335,1.763926,0.9063469,Straight,Down,0.01978234,-1.358246,TransSharp
221.4399,31.02493,0,0.07553101,0.5156176,0,-0.2833025,2408.576,1.763542,0.9067532,Straight,Down,0.01978234,-1.380768,TransSharp
221.4799,31.06452,0,0.07553101,0.5195239,0,-0.2742405,2409.818,1.761367,0.9071587,Straight,Down,0.01978234,-1.403328,TransSharp
221.5199,31.10016,0,0.07553101,0.5195239,0,-0.2644676,2411.062,1.758667,0.9075636,Straight,Down,0.01978234,-1.425919,TransSharp
221.5599,31.13395,0,0.07553101,0.5195239,0,-0.2536343,2412.307,1.75616,0.9079676,Straight,Down,0.01978234,-1.44854,TransSharp
221.5999,31.16669,0,0.07553101,0.5351492,0,-0.241806,2413.553,1.754178,0.9083709,Straight,Down,0.01978234,-1.471191,TransSharp
221.6399,31.20129,0,0.07553101,0.5429618,0,-0.2291522,2414.801,1.75275,0.9087732,Straight,Down,0.01978234,-1.493858,TransSharp
221.6799,31.23782,0,0.07553101,0.5429618,0,-0.215603,2416.05,1.751686,0.909175,Straight,Down,0.01978234,-1.516548,TransSharp
221.7199,31.27442,0,0.08010864,0.5429618,0,-0.2011898,2417.301,1.751109,0.9095757,Straight,Down,0.01978234,-1.539268,TransSharp
221.7599,31.31086,0,0.08010864,0.5429618,0,-0.1860176,2418.553,1.750795,0.9099756,Straight,Down,0,-1.562019,TransSharp
221.7999,31.34729,0,0.08102417,0.5429618,0,-0.1701125,2419.806,1.750754,0.910375,Straight,Down,0.01978234,-1.584793,TransSharp
221.8399,31.38362,0,0.0819397,0.5429618,0,-0.1532666,2421.061,1.75096,0.9107734,Straight,Down,0.01978234,-1.60759,TransSharp
221.8799,31.41992,0,0.08926392,0.5429618,0,-0.1356796,2422.318,1.751254,0.9111711,Straight,Down,0.01978234,-1.630409,TransSharp
221.9199,31.45592,0,0.1057434,0.5429618,0,-0.1171825,2423.575,1.751588,0.9115678,Straight,Down,0,-1.653267,TransSharp
221.9599,31.49161,0,0.123142,0.5429618,0,-0.09736082,2424.835,1.751512,0.9119639,Straight,Down,0,-1.67614,TransSharp
221.9999,31.52819,0,0.1478612,0.5429618,0,-0.07641247,2426.095,1.75282,0.9123591,Straight,Down,0.01978234,-1.699036,TransSharp
222.0399,31.56316,0,0.1661718,0.5429618,0,-0.05447385,2427.358,1.753851,0.9127536,Straight,Down,0,-1.721954,TransSharp
222.0799,31.59992,0,0.18906,0.5429618,0,-0.03152093,2428.621,1.754424,0.9131472,Straight,Down,0,-1.744904,TransSharp
222.1199,31.63661,0,0.2027929,0.5195239,0,-0.007739693,2429.886,1.754848,0.9135399,Straight,Down,0,-1.767883,TransSharp
222.1599,31.66836,0,0.208286,0.5195239,0,0.01628795,2431.153,1.755136,0.913932,Straight,Down,0.01978234,-1.790886,TransSharp
222.1999,31.70355,0,0.2256811,0.5195239,0,0.03999597,2432.421,1.755475,0.9143232,Right,Down,0.05595291,-1.813919,TransSharp
222.2399,31.73255,0,0.2366674,0.5195239,0,0.0545277,2433.69,1.753129,0.9147136,Right,Down,0.0656106,-1.782768,TransSharp
222.2799,31.7631,0,0.2732885,0.5195239,0,0.07021242,2434.96,1.751633,0.9151031,Right,Down,0.0656106,-1.742607,TransSharp
222.3199,31.7922,0,0.3327978,0.5156176,0,0.08694282,2436.231,1.751518,0.915492,Right,Down,0.0656106,-1.702431,TransSharp
222.3599,31.81839,0,0.3868175,0.5117113,0,0.1049525,2437.504,1.751873,0.9158799,Right,Down,0.0656106,-1.662224,TransSharp
222.3999,31.84117,0,0.4994273,0.5117113,0,0.1250539,2438.777,1.754253,0.9162672,Right,Down,0.0656106,-1.622009,TransSharp
222.4399,31.87619,0,0.6047165,0.5117113,0,0.1456889,2440.052,1.759018,0.9166535,Right,Down,0.07912937,-1.581764,TransSharp
222.4799,31.90346,0,0.7731736,0.5117113,0,0.1607742,2441.328,1.755885,0.9170389,Right,Down,0.09891172,-1.527184,TransSharp
222.5199,31.92401,0,0.9333944,0.507805,0,0.1742727,2442.605,1.750976,0.9174237,Right,Down,0.09891172,-1.458878,TransSharp
222.5599,31.95429,0,1.049666,0.5038987,0,0.1898896,2443.883,1.748649,0.9178075,Right,Down,0.09891172,-1.390564,TransSharp
222.5999,31.96835,0,1.233691,0.4999924,0,0.2084967,2445.161,1.75097,0.9181907,Right,Down,0.09891172,-1.322327,TransSharp
222.6399,32.00348,0,1.374686,0.4999771,0,0.2264824,2446.441,1.755603,0.9185729,Right,Down,0.1266688,-1.25322,TransSharp
222.6799,32.01056,0,1.58343,0.4999771,0,0.2408669,2447.721,1.750884,0.9189544,Right,Down,0.1282043,-1.16082,TransSharp
222.7199,32.03493,0,1.771116,0.4999771,0,0.2587356,2449.002,1.747093,0.919335,Right,Down,0.1266688,-1.068321,TransSharp
222.7599,32.04643,0,1.905699,0.4999771,0,0.2802403,2450.284,1.751857,0.9197148,Right,Down,0.1370561,-0.9759827,TransSharp
222.7999,32.06477,0,2.048525,0.4999771,0,0.2990884,2451.567,1.751954,0.9200938,Right,Down,0.1545051,-0.8719482,TransSharp
222.8399,32.05795,0,2.108034,0.4999771,0,0.3215519,2452.849,1.747332,0.920472,Right,Down,0.1532334,-0.7569351,TransSharp
222.8799,32.07802,0,2.15381,0.4999771,0,0.3494252,2454.132,1.750599,0.9208494,Right,Down,0.1643245,-0.6420517,TransSharp
222.9199,32.08564,0,2.1886,0.4999771,0,0.375853,2455.415,1.750586,0.9212259,Right,Down,0.1791368,-0.5147629,TransSharp
222.9599,32.06166,0,2.193178,0.5195239,0,0.4081228,2456.698,1.74504,0.9216017,Right,Down,0.1802258,-0.3780975,TransSharp
222.9999,32.09224,0,2.193178,0.5195239,0,0.4461696,2457.981,1.751676,0.9219765,Right,Down,0.2046302,-0.239975,TransSharp
223.0399,32.07644,0,2.186769,0.5195239,0,0.4853625,2459.265,1.74693,0.9223506,Right,Flat,0.2046302,-0.08201599,TransSharp
223.0799,32.08689,0,2.141908,0.5195239,0,0.5337173,2460.548,1.751378,0.9227239,Right,Flat,0.2255535,0.07591248,TransSharp
223.1199,32.06355,0,2.067751,0.5195239,0,0.5830092,2461.83,1.746817,0.9230963,Right,Up,0.2298502,0.2522049,TransSharp
223.1599,32.04823,0,1.991758,0.5195239,0,0.6438175,2463.112,1.750506,0.9234679,Right,Up,0.2525642,0.4314423,TransSharp
223.1999,32.02633,0,1.862669,0.5195239,0,0.7058397,2464.393,1.744965,0.9238386,Right,Up,0.2571706,0.6292953,TransSharp
223.2399,32.00787,0,1.769285,0.5195239,0,0.7796797,2465.674,1.749491,0.9242087,Right,Up,0.2825486,0.8319855,TransSharp
223.2799,31.97551,0,1.614558,0.5195239,0,0.8565849,2466.953,1.74217,0.9245777,Right,Up,0.2887141,1.05378,TransSharp
223.3199,31.96508,0,1.477225,0.5195239,0,0.9395837,2468.231,1.749385,0.9249461,Right,Up,0.9295698,1.227303,TransSharp
223.3599,31.94162,0,1.398489,0.5195239,0,1.013324,2469.51,1.754953,0.9253136,Right,Up,0.8474219,1.123352,TransSharp
223.3999,31.91566,0,1.269397,0.5195239,0,1.074109,2470.787,1.758277,0.9256801,Right,Up,0.770502,1.026695,TransSharp
223.4399,31.89512,0,1.156787,0.5195239,0,1.12081,2472.063,1.764034,0.926046,Right,Up,0.7083117,0.9371567,TransSharp
223.4799,31.88527,0,0.9681845,0.5195239,0,1.155382,2473.338,1.765363,0.9264109,Right,Up,0.6449805,0.853981,TransSharp
223.5199,31.88019,0,0.7676804,0.5195239,0,1.181912,2474.614,1.770808,0.9267752,Right,Up,0.5901666,0.7766876,TransSharp
223.5599,31.85085,0,0.654155,0.5195239,0,1.205124,2475.888,1.770958,0.9271383,Right,Up,0.5377761,0.7044601,TransSharp
223.5999,31.84315,0,0.5342174,0.5195239,0,1.222766,2477.162,1.770592,0.927501,Right,Up,0.4921804,0.6373215,TransSharp
223.6399,31.84381,0,0.4591441,0.5195239,0,1.235397,2478.436,1.771642,0.9278625,Right,Up,0.4498048,0.5748901,TransSharp
223.6799,31.83943,0,0.3804088,0.5195239,0,1.246606,2479.709,1.772321,0.9282235,Right,Up,0.4073442,0.5164185,TransSharp
223.7199,31.83512,0,0.3044164,0.5195239,0,1.255437,2480.983,1.775126,0.9285834,Right,Up,0.3727285,0.4620972,TransSharp
223.7599,31.84441,0,0.2174413,0.5195239,0,1.264087,2482.256,1.778052,0.9289424,Right,Up,0.3432113,0.4113998,TransSharp
223.7999,31.83931,0,0.05813599,0.5234302,0,1.273233,2483.529,1.775956,0.9293008,Right,Up,0.3208161,0.3639069,TransSharp
223.8399,31.83535,0,-0.0892657,0.5273365,0,1.286149,2484.803,1.773763,0.9296582,Right,Up,0.2748253,0.3185272,TransSharp
223.8799,31.84885,0,-0.2796972,0.5312428,0,1.295552,2486.076,1.778284,0.930015,Right,Up,0.2676108,0.27742,TransSharp
223.9199,31.85431,0,-0.4179454,0.5390555,0,1.30887,2487.351,1.775131,0.9303707,Right,Up,0.2264194,0.2378693,TransSharp
223.9599,31.87721,0,-0.4875255,0.5546807,0,1.321981,2488.625,1.778101,0.9307258,Right,Up,0.2255535,0.2015839,TransSharp
223.9999,31.8867,0,-0.5433744,0.5898375,0,1.340061,2489.901,1.774186,0.9310798,Right,Up,0.1713202,0.1658707,TransSharp
224.0399,31.91716,0,-0.5827421,0.609369,0,1.354545,2491.177,1.77588,0.9314332,Right,Flat,0.1713202,0.1349335,TransSharp
224.0799,31.96344,0,-0.6797898,0.609369,0,1.375793,2492.456,1.776972,0.9317855,Right,Flat,0.1713202,0.1040192,TransSharp
224.1199,31.98823,0,-0.8152896,0.609369,0,1.398472,2493.735,1.774088,0.9321371,Right,Flat,0.09487279,0.07400513,TransSharp
224.1599,32.03811,0,-0.9489584,0.609369,0,1.416109,2495.016,1.775572,0.932488,Right,Flat,0.09691329,0.05020142,TransSharp
224.1999,32.07423,0,-1.110093,0.609369,0,1.438685,2496.298,1.776848,0.9328377,Right,Flat,0.09691329,0.02641296,TransSharp
224.2399,32.11941,0,-1.182421,0.5859312,0,1.464901,2497.583,1.777332,0.9331869,Right,Flat,0.09691329,0.002609253,TransSharp
224.2799,32.16071,0,-1.239186,0.5859312,0,1.494401,2498.869,1.774896,0.933535,Right,Flat,0.09691329,-0.02121735,TransSharp
224.3199,32.19363,0,-1.255665,0.5859312,0,1.526369,2500.156,1.772078,0.9338825,Right,Flat,0.07132626,-0.0450592,TransSharp
224.3599,32.2291,0,-1.244679,0.5820249,0,1.55431,2501.445,1.773403,0.934229,Straight,Flat,-0.01978234,-0.06508636,TransSharp
224.3999,32.26675,0,-1.197985,0.5820249,0,1.582532,2502.735,1.775663,0.9345746,Straight,Flat,-0.01978234,-0.07868958,TransSharp
224.4399,32.29617,0,-1.140307,0.5820249,0,1.611466,2504.027,1.776513,0.9349195,Straight,Flat,0,-0.09230804,TransSharp
224.4799,32.33256,0,-1.067979,0.5820249,0,1.64067,2505.32,1.776424,0.9352635,Straight,Flat,-0.01978234,-0.1059418,TransSharp
224.5199,32.36696,0,-0.9993142,0.5820249,0,1.669508,2506.614,1.775959,0.9356067,Straight,Flat,-0.01978234,-0.1195908,TransSharp
224.5599,32.39925,0,-0.9498739,0.5820249,0,1.697636,2507.91,1.775297,0.9359489,Straight,Flat,-0.01978234,-0.1332703,TransSharp
224.5999,32.43069,0,-0.9269857,0.5820249,0,1.724213,2509.207,1.774839,0.9362904,Straight,Flat,-0.01978234,-0.1469574,TransSharp
224.6399,32.46004,0,-0.9324789,0.5820249,0,1.748897,2510.505,1.772934,0.936631,Straight,Down,-0.01978234,-0.1606674,TransSharp
224.6799,32.48767,0,-0.9489584,0.5820249,0,1.771348,2511.804,1.771829,0.9369707,Straight,Down,-0.01978234,-0.1744003,TransSharp
224.7199,32.51323,0,-1.033189,0.5820249,0,1.790563,2513.104,1.771127,0.9373096,Straight,Down,-0.01978234,-0.1881561,TransSharp
224.7599,32.53765,0,-1.121997,0.5820249,0,1.806698,2514.405,1.770863,0.9376476,Straight,Down,0,-0.2019272,TransSharp
224.7999,32.55479,0,-1.239186,0.5820249,0,1.824275,2515.707,1.771985,0.9379849,Straight,Down,-0.04423466,-0.2157059,TransSharp
224.8399,32.58008,0,-1.338978,0.5820249,0,1.844478,2517.01,1.774876,0.9383211,Left,Down,-0.09891172,-0.2260361,TransSharp
224.8799,32.60135,0,-1.363699,0.5820249,0,1.859419,2518.314,1.777051,0.9386567,Left,Down,-0.09891172,-0.2327271,TransSharp
224.9199,32.6256,0,-1.374686,0.5820249,0,1.869067,2519.619,1.77481,0.9389912,Left,Down,-0.09891172,-0.2394333,TransSharp
224.9599,32.64014,0,-1.384757,0.5820249,0,1.873523,2520.924,1.771991,0.939325,Left,Down,-0.09891172,-0.2461548,TransSharp
224.9999,32.66143,0,-1.397574,0.5820249,0,1.884004,2522.231,1.77416,0.9396579,Left,Down,-0.1312212,-0.2528839,TransSharp
225.0399,32.68216,0,-1.457083,0.5820249,0,1.887244,2523.538,1.775909,0.9399899,Left,Down,-0.1341704,-0.2569656,TransSharp
225.0799,32.69112,0,-1.504692,0.5820249,0,1.883896,2524.845,1.772594,0.9403211,Left,Down,-0.132704,-0.2608795,TransSharp
225.1199,32.70349,0,-1.526665,0.5820249,0,1.882685,2526.153,1.77352,0.9406514,Left,Down,-0.1426525,-0.2647858,TransSharp
225.1599,32.72763,0,-1.526665,0.5820249,0,1.8758,2527.462,1.775622,0.9409809,Left,Down,-0.1582588,-0.2676086,TransSharp
225.1999,32.72361,0,-1.499199,0.5820249,0,1.861278,2528.771,1.771542,0.9413096,Left,Down,-0.1582588,-0.2694397,TransSharp
225.2399,32.7373,0,-1.490044,0.5820249,0,1.850888,2530.081,1.773893,0.9416373,Left,Down,-0.1701742,-0.2712784,TransSharp
225.2799,32.75517,0,-1.473565,0.5820249,0,1.830945,2531.391,1.773536,0.9419641,Left,Down,-0.1802258,-0.2719803,TransSharp
225.3199,32.74568,0,-1.410391,0.5820249,0,1.810017,2532.701,1.772623,0.9422902,Left,Down,-0.1802258,-0.2721024,TransSharp
225.3599,32.77254,0,-1.362784,0.5820249,0,1.783414,2534.011,1.774949,0.9426154,Left,Down,-0.199792,-0.2720261,TransSharp
225.3999,32.75985,0,-1.2813,0.5820249,0,1.752686,2535.322,1.772324,0.9429397,Left,Down,-0.199792,-0.2706604,TransSharp
225.4399,32.78001,0,-1.20531,0.5820249,0,1.719904,2536.633,1.775513,0.9432632,Left,Down,-0.2130625,-0.2692719,TransSharp
225.4799,32.77263,0,-1.174182,0.5820249,0,1.682269,2537.944,1.772722,0.9435856,Left,Down,-0.2167048,-0.2668152,TransSharp
225.5199,32.79139,0,-1.151294,0.5820249,0,1.64228,2539.255,1.775535,0.9439074,Left,Down,-0.2272819,-0.2641144,TransSharp
225.5599,32.78343,0,-1.116503,0.5820249,0,1.598474,2540.567,1.773691,0.9442283,Left,Down,-0.23239,-0.2604828,TransSharp
225.5999,32.80491,0,-1.067979,0.5820249,0,1.549969,2541.878,1.774934,0.9445484,Left,Down,-0.2446942,-0.2565918,TransSharp
225.6399,32.7955,0,-0.9974831,0.5820249,0,1.500522,2543.19,1.775215,0.9448674,Left,Down,-0.2470816,-0.2517548,TransSharp
225.6799,32.81377,0,-0.9443808,0.5820249,0,1.443601,2544.503,1.773416,0.9451857,Left,Down,-0.2601963,-0.2467041,TransSharp
225.7199,32.8153,0,-0.9159994,0.5820249,0,1.389795,2545.815,1.777505,0.945503,Left,Down,-0.2624426,-0.2406693,TransSharp
225.7599,32.825,0,-0.9224081,0.5820249,0,1.330437,2547.128,1.774661,0.9458194,Left,Down,-0.2733977,-0.2342987,TransSharp
225.7999,32.8355,0,-0.9507895,0.5820249,0,1.267375,2548.442,1.774624,0.9461352,Left,Down,-0.2818553,-0.2272949,TransSharp
225.8399,32.84399,0,-0.9791708,0.5820249,0,1.205654,2549.755,1.777783,0.9464499,Left,Down,-0.2859903,-0.2195892,TransSharp
225.8799,32.85643,0,-0.9929037,0.5820249,0,1.139954,2551.07,1.775706,0.9467639,Left,Down,-0.2980514,-0.2115021,TransSharp
225.9199,32.86128,0,-1.016709,0.5820249,0,1.071299,2552.384,1.774391,0.9470769,Left,Down,-0.3051875,-0.2026749,TransSharp
225.9599,32.87662,0,-1.032273,0.5820249,0,1.005378,2553.699,1.777711,0.947389,Left,Down,-0.3102743,-0.1932602,TransSharp
225.9999,32.89027,0,-1.033189,0.5820249,0,0.9358144,2555.014,1.77804,0.9477003,Left,Down,-0.3208161,-0.1833801,TransSharp
226.0399,32.89716,0,-1.033189,0.5820249,0,0.8657825,2556.33,1.77634,0.9480107,Left,Down,-0.329838,-0.1729126,TransSharp
226.0799,32.90276,0,-1.033189,0.5820249,0,0.7945116,2557.646,1.774921,0.9483203,Left,Down,-0.3363003,-0.1617355,TransSharp
226.1199,32.91996,0,-1.033189,0.5820249,0,0.7253239,2558.963,1.777084,0.9486289,Left,Down,-0.3426407,-0.150032,TransSharp
226.1599,32.94081,0,-1.034104,0.5820249,0,0.655707,2560.28,1.779741,0.9489368,Left,Flat,-0.3516591,-0.137825,TransSharp
226.1999,32.95093,0,-1.034104,0.5820249,0,0.5864012,2561.598,1.779773,0.9492437,Left,Flat,-0.3615361,-0.125061,TransSharp
226.2399,32.95486,0,-1.027696,0.5820249,0,0.5178214,2562.916,1.779248,0.9495497,Left,Flat,-0.3690354,-0.1116409,TransSharp
226.2799,32.96263,0,-1.015794,0.5820249,0,0.4515588,2564.235,1.778321,0.9498549,Left,Flat,-0.3758652,-0.09764099,TransSharp
226.3199,32.97189,0,-0.9855795,0.5820249,0,0.3867642,2565.554,1.777516,0.9501592,Left,Flat,-0.3835945,-0.08311462,TransSharp
226.3599,32.98604,0,-0.9507895,0.5820249,0,0.3232086,2566.873,1.777547,0.9504626,Left,Flat,-0.3906707,-0.06802368,TransSharp
226.3999,33.00908,0,-0.8848715,0.5820249,0,0.2604926,2568.194,1.778264,0.950765,Left,Flat,-0.3986039,-0.05238342,TransSharp
226.4399,33.02466,0,-0.7740909,0.5820249,0,0.2008953,2569.514,1.777124,0.9510668,Left,Flat,-0.4063823,-0.03617859,TransSharp
226.4799,33.03707,0,-0.6495774,0.5820249,0,0.1442678,2570.835,1.77417,0.9513674,Left,Flat,-0.4149588,-0.01941681,TransSharp
226.5199,33.04303,0,-0.5076671,0.5820249,0,0.09063038,2572.157,1.770516,0.9516674,Left,Flat,-0.4073442,0.00769043,TransSharp
226.5599,33.04759,0,-0.4362559,0.6015564,0,0.03876549,2573.479,1.767336,0.9519664,Left,Flat,-0.3881583,0.08557892,TransSharp
226.5999,33.06458,0,-0.4051262,0.6015564,0,-0.01182669,2574.802,1.767251,0.9522646,Left,Up,-0.3716771,0.179039,TransSharp
226.6399,33.08922,0,-0.4051262,0.6015564,0,-0.06236348,2576.125,1.768771,0.9525618,Left,Up,-0.3588198,0.2679825,TransSharp
226.6799,33.11226,0,-0.3767449,0.6054627,0,-0.1137882,2577.449,1.771215,0.9528581,Left,Up,-0.3471792,0.3530121,TransSharp
226.7199,33.12629,0,-0.2806127,0.6054627,0,-0.1622341,2578.774,1.770097,0.9531537,Left,Up,-0.3339648,0.4344482,TransSharp
226.7599,33.14746,0,-0.1899755,0.6054627,0,-0.2086804,2580.1,1.771378,0.9534482,Left,Up,-0.3171355,0.5128174,TransSharp
226.7999,33.16632,0,-0.07003963,0.6054627,0,-0.2568643,2581.426,1.77404,0.953742,Left,Up,-0.3064671,0.5869217,TransSharp
226.8399,33.18791,0,-0.01052856,0.6054627,0,-0.3020146,2582.754,1.772773,0.9540348,Left,Up,-0.2993615,0.6577072,TransSharp
226.8799,33.21786,0,-0.01602173,0.6054627,0,-0.3449845,2584.082,1.774851,0.9543268,Left,Up,-0.2825486,0.7262878,TransSharp
226.9199,33.23344,0,-0.08102596,0.6054627,0,-0.3891628,2585.411,1.777341,0.9546178,Left,Up,-0.2748253,0.7909698,TransSharp
226.9599,33.26172,0,-0.1240557,0.6054627,0,-0.4278483,2586.741,1.776206,0.954908,Left,Up,-0.2654082,0.8529968,TransSharp
226.9999,33.28148,0,-0.1652545,0.6054627,0,-0.4687653,2588.072,1.778824,0.9551973,Left,Up,-0.25101,0.9130936,TransSharp
227.0399,33.30606,0,-0.2027929,0.6054627,0,-0.5045697,2589.404,1.77761,0.9554856,Left,Up,-0.249446,0.9691925,TransSharp
227.0799,33.33336,0,-0.2494848,0.6054627,0,-0.5418961,2590.737,1.780274,0.9557732,Left,Up,-0.23239,1.02446,TransSharp
227.1199,33.35064,0,-0.3099114,0.6054627,0,-0.5747944,2592.071,1.779417,0.9560598,Left,Up,-0.2332305,1.075531,TransSharp
227.1599,33.3789,0,-0.3620964,0.6054627,0,-0.6100476,2593.406,1.782391,0.9563456,Left,Up,-0.2167048,1.126007,TransSharp
227.1999,33.39643,0,-0.4060417,0.6054627,0,-0.6393094,2594.741,1.78213,0.9566304,Left,Up,-0.2158,1.172623,TransSharp
227.2399,33.42208,0,-0.4106212,0.609369,0,-0.672185,2596.078,1.785072,0.9569144,Left,Up,-0.2007689,1.219093,TransSharp
227.2799,33.44182,0,-0.4051262,0.609369,0,-0.6976578,2597.416,1.784447,0.9571974,Left,Up,-0.2007689,1.261299,TransSharp
227.3199,33.45551,0,-0.3923088,0.609369,0,-0.7256091,2598.754,1.784586,0.9574797,Left,Up,-0.1887116,1.303482,TransSharp
227.3599,33.48574,0,-0.3767449,0.6132753,0,-0.7494132,2600.093,1.786128,0.9577609,Left,Up,-0.1855749,1.342186,TransSharp
227.3999,33.49684,0,-0.3529412,0.6132753,0,-0.7719188,2601.433,1.785396,0.9580413,Left,Up,-0.1813082,1.380051,TransSharp
227.4399,33.5294,0,-0.3044182,0.6132753,0,-0.7977662,2602.773,1.78868,0.9583208,Left,Up,-0.1690205,1.416077,TransSharp
227.4799,33.54903,0,-0.2439916,0.6171817,0,-0.8146524,2604.115,1.78816,0.9585993,Left,Up,-0.1690205,1.449562,TransSharp
227.5199,33.56681,0,-0.1524371,0.6249943,0,-0.8340628,2605.458,1.786955,0.9588771,Left,Up,-0.1594904,1.483032,TransSharp
227.5599,33.59574,0,-0.0956744,0.6406195,0,-0.8546886,2606.801,1.789963,0.9591539,Left,Up,-0.1532334,1.513168,TransSharp
227.5999,33.61908,0,-0.02426147,0.6484321,0,-0.8671205,2608.146,1.789091,0.9594299,Left,Up,-0.1545051,1.542175,TransSharp
227.6399,33.64729,0,0.03433228,0.6523384,0,-0.8819591,2609.491,1.788406,0.9597049,Left,Up,-0.1426525,1.571182,TransSharp
227.6799,33.67907,0,0.0453186,0.6523384,0,-0.900017,2610.838,1.791583,0.9599789,Left,Up,-0.1384764,1.59655,TransSharp
227.7199,33.70806,0,0.0453186,0.6523384,0,-0.9071354,2612.186,1.79107,0.9602522,Left,Up,-0.1384764,1.620995,TransSharp
227.7599,33.73478,0,0.0453186,0.6523384,0,-0.9160651,2613.535,1.790396,0.9605245,Left,Up,-0.1312212,1.645439,TransSharp
227.7999,33.76269,0,0.0453186,0.6523384,0,-0.9274226,2614.885,1.790321,0.960796,Left,Up,-0.1219466,1.66745,TransSharp
227.8399,33.79802,0,0.04623413,0.6523384,0,-0.9370049,2616.237,1.79328,0.9610665,Left,Up,-0.1219466,1.687141,TransSharp
227.8799,33.82368,0,0.04623413,0.6523384,0,-0.9386541,2617.59,1.792618,0.9613362,Left,Up,-0.1219466,1.706841,TransSharp
227.9199,33.85637,0,0.04623413,0.6523384,0,-0.9428763,2618.944,1.792259,0.9616049,Left,Up,-0.1101434,1.726547,TransSharp
227.9599,33.88208,0,0.04623413,0.6523384,0,-0.9486648,2620.299,1.792213,0.9618728,Left,Up,-0.1046783,1.742233,TransSharp
227.9999,33.9144,0,0.04623413,0.6562448,0,-0.9558819,2621.655,1.795487,0.9621397,Left,Up,-0.1065312,1.756828,TransSharp
228.0399,33.94249,0,0.03799438,0.6562448,0,-0.9506204,2623.013,1.794996,0.9624057,Left,Up,-0.1065312,1.771431,TransSharp
228.0799,33.97293,0,0.03341675,0.6562448,0,-0.9471622,2624.371,1.794377,0.9626709,Left,Up,-0.1008706,1.786034,TransSharp
228.1199,34.00338,0,0.03341675,0.6562448,0,-0.9455172,2625.731,1.794552,0.962935,Left,Up,-0.08622923,1.798271,TransSharp
228.1599,34.02963,0,0.03341675,0.6562448,0,-0.9447828,2627.092,1.794642,0.9631984,Left,Up,-0.08622923,1.807159,TransSharp
228.1999,34.06022,0,0.03341675,0.6601511,0,-0.9456966,2628.454,1.797485,0.9634608,Left,Up,-0.08622923,1.816048,TransSharp
228.2399,34.09034,0,0.02792358,0.6601511,0,-0.9343606,2629.818,1.797538,0.9637224,Left,Up,-0.08622923,1.824944,TransSharp
228.2799,34.11934,0,0.02792358,0.6601511,0,-0.9221925,2631.182,1.796962,0.9639829,Left,Up,-0.08622923,1.833824,TransSharp
228.3199,34.15197,0,0.02700806,0.6601511,0,-0.9113815,2632.548,1.796937,0.9642426,Left,Up,-0.0656106,1.841766,TransSharp
228.3599,34.18093,0,0.02334595,0.6640574,0,-0.9015929,2633.915,1.797231,0.9645015,Left,Up,-0.0656106,1.843651,TransSharp
228.3999,34.21016,0,0.02059937,0.6874952,0,-0.8924923,2635.283,1.797632,0.9647594,Left,Up,-0.0656106,1.845535,TransSharp
228.4399,34.24139,0,0.004119873,0.6914015,0,-0.8837507,2636.653,1.798515,0.9650164,Left,Up,-0.0656106,1.84742,TransSharp
228.4799,34.27489,0,-0.01602173,0.6914015,0,-0.8756781,2638.023,1.800076,0.9652725,Left,Up,-0.0656106,1.849297,TransSharp
228.5199,34.31101,0,-0.04623413,0.6914015,0,-0.8488859,2639.395,1.801899,0.9655277,Left,Up,-0.0656106,1.851173,TransSharp
228.5599,34.348,0,-0.06637752,0.6914015,0,-0.8233238,2640.769,1.803027,0.965782,Left,Up,-0.0656106,1.85305,TransSharp
228.5999,34.38707,0,-0.09475887,0.6914015,0,-0.7985221,2642.144,1.803285,0.9660354,Straight,Up,-0.01978234,1.852211,TransSharp
228.6399,34.42657,0,-0.1295489,0.6914015,0,-0.7741764,2643.521,1.80297,0.9662878,Straight,Up,-0.01978234,1.834053,TransSharp
228.6799,34.46495,0,-0.1542681,0.6914015,0,-0.7504108,2644.899,1.802633,0.9665393,Straight,Up,-0.01978234,1.815865,TransSharp
228.7199,34.50255,0,-0.1707476,0.6914015,0,-0.7273299,2646.278,1.802267,0.9667901,Straight,Up,-0.01978234,1.797661,TransSharp
228.7599,34.53961,0,-0.1707476,0.6914015,0,-0.7049848,2647.659,1.801963,0.9670397,Straight,Up,-0.01978234,1.779442,TransSharp
228.7999,34.57635,0,-0.1615924,0.6914015,0,-0.6830404,2649.042,1.801747,0.9672886,Straight,Up,-0.01978234,1.7612,TransSharp
228.8399,34.6128,0,-0.1377887,0.6914015,0,-0.661526,2650.426,1.801644,0.9675364,Straight,Up,-0.01978234,1.742943,TransSharp
228.8799,34.6491,0,-0.1249713,0.6914015,0,-0.6405273,2651.812,1.80161,0.9677835,Straight,Up,-0.01978234,1.72467,TransSharp
228.9199,34.68521,0,-0.1057452,0.6914015,0,-0.6198296,2653.198,1.801638,0.9680295,Straight,Up,-0.01978234,1.706375,TransSharp
228.9599,34.72121,0,-0.07736385,0.6914015,0,-0.5996997,2654.587,1.801806,0.9682748,Straight,Up,0,1.688072,TransSharp
228.9999,34.75719,0,-0.05172729,0.6914015,0,-0.5801703,2655.977,1.801989,0.968519,Straight,Up,-0.01978234,1.669739,TransSharp
229.0399,34.79301,0,-0.0151062,0.6914015,0,-0.5611093,2657.368,1.802035,0.9687623,Straight,Up,0,1.65139,TransSharp
229.0799,34.82878,0,0.01602173,0.6914015,0,-0.5424598,2658.761,1.802281,0.9690048,Straight,Up,-0.01978234,1.633026,TransSharp
229.1199,34.86446,0,0.06454468,0.6914015,0,-0.5245135,2660.155,1.802456,0.9692463,Straight,Up,0,1.614647,TransSharp
229.1599,34.90002,0,0.09475708,0.6914015,0,-0.506946,2661.551,1.802654,0.969487,Straight,Up,-0.01978234,1.596245,TransSharp
229.1999,34.93505,0,0.1167297,0.6953079,0,-0.4896004,2662.948,1.802843,0.9697266,Straight,Up,-0.01978234,1.577835,TransSharp
229.2399,34.97132,0,0.1350439,0.6953079,0,-0.4726077,2664.346,1.803302,0.9699654,Straight,Up,-0.01978234,1.559395,TransSharp
229.2799,35.00733,0,0.1478612,0.6953079,0,-0.4559116,2665.746,1.803978,0.9702032,Straight,Up,0,1.540947,TransSharp
229.3199,35.04321,0,0.1533544,0.6953079,0,-0.4396883,2667.148,1.804265,0.9704401,Straight,Up,-0.01978234,1.522476,TransSharp
229.3599,35.07975,0,0.1588476,0.6953079,0,-0.4238963,2668.551,1.804442,0.9706762,Straight,Up,-0.01978234,1.50399,TransSharp
229.3999,35.11574,0,0.1652563,0.6953079,0,-0.4085506,2669.955,1.804702,0.9709113,Straight,Up,-0.01978234,1.485481,TransSharp
229.4399,35.14344,0,0.1844823,0.6953079,0,-0.3936419,2671.36,1.804301,0.9711455,Straight,Up,-0.01978234,1.466965,TransSharp
229.4799,35.17407,0,0.208286,0.6953079,0,-0.3823676,2672.767,1.80914,0.9713788,Straight,Up,-0.01978234,1.448448,TransSharp
229.5199,35.21208,0,0.2302587,0.6953079,0,-0.3715661,2674.175,1.813011,0.9716111,Straight,Up,-0.01978234,1.429924,TransSharp
229.5599,35.24744,0,0.2357519,0.6953079,0,-0.3607808,2675.584,1.814061,0.9718426,Straight,Up,0.02797646,1.411362,TransSharp
229.5999,35.29373,0,0.2357519,0.6953079,0,-0.3499395,2676.996,1.81364,0.9720731,Right,Up,0.05595291,1.37587,TransSharp
229.6399,35.3358,0,0.2265966,0.6953079,0,-0.3387684,2678.409,1.812149,0.9723027,Right,Up,0.05233916,1.329201,TransSharp
229.6799,35.37462,0,0.2183568,0.6953079,0,-0.3272774,2679.823,1.811938,0.9725313,Right,Up,0.05595291,1.282478,TransSharp
229.7199,35.40811,0,0.2018774,0.6953079,0,-0.3165549,2681.24,1.811577,0.9727591,Right,Up,0.05233916,1.235725,TransSharp
229.7599,35.44661,0,0.171665,0.6953079,0,-0.3161733,2682.657,1.813301,0.9729859,Right,Up,0.05595291,1.18895,TransSharp
229.7999,35.48516,0,0.1460302,0.6953079,0,-0.3162469,2684.076,1.81408,0.9732119,Right,Up,0.05595291,1.142097,TransSharp
229.8399,35.52554,0,0.1039124,0.6953079,0,-0.3158284,2685.497,1.813279,0.9734368,Right,Up,0.07661668,1.095169,TransSharp
229.8799,35.56437,0,0.07644653,0.6953079,0,-0.3150761,2686.919,1.813768,0.9736609,Right,Up,0.08846933,1.036583,TransSharp
229.9199,35.60334,0,0.05813599,0.6953079,0,-0.3223249,2688.343,1.815089,0.973884,Right,Up,0.08846933,0.9731293,TransSharp
229.9599,35.64454,0,0.05630493,0.6992142,0,-0.3334985,2689.768,1.815794,0.9741063,Right,Up,0.08846933,0.909584,TransSharp
229.9999,35.68148,0,0.05630493,0.7031205,0,-0.343883,2691.195,1.814959,0.9743276,Right,Up,0.08846933,0.8459549,TransSharp
230.0399,35.72402,0,0.05264282,0.722652,0,-0.3575378,2692.624,1.8169,0.9745479,Right,Up,0.1203313,0.7789383,TransSharp
230.0799,35.77095,0,0.05172729,0.7304646,0,-0.3796616,2694.054,1.817791,0.9747674,Right,Up,0.1203313,0.6999207,TransSharp
230.1199,35.8111,0,0.03433228,0.7304646,0,-0.4009039,2695.486,1.817393,0.9749858,Right,Up,0.1203313,0.6207809,TransSharp
230.1599,35.85824,0,0.00869751,0.7304646,0,-0.4295807,2696.92,1.820362,0.9752035,Right,Up,0.1426525,0.5415726,TransSharp
230.1999,35.91157,0,-0.01602173,0.7304646,0,-0.4629295,2698.356,1.822246,0.9754201,Right,Up,0.1506579,0.4501953,TransSharp
230.2399,35.96203,0,-0.05172729,0.7304646,0,-0.496493,2699.794,1.821729,0.9756359,Right,Up,0.1493534,0.3556061,TransSharp
230.2799,36.02269,0,-0.07553279,0.7304646,0,-0.5305539,2701.235,1.820189,0.9758506,Right,Up,0.1802258,0.2595062,TransSharp
230.3199,36.07405,0,-0.09475887,0.7304646,0,-0.5631648,2702.677,1.820598,0.9760645,Right,Flat,0.1802258,0.1494064,TransSharp
230.3599,36.134,0,-0.1057452,0.7304646,0,-0.5808693,2704.122,1.819435,0.9762775,Left,Flat,-0.08622923,0.03910065,TransSharp
230.3999,36.17836,0,-0.1066607,0.7304646,0,-0.5969988,2705.569,1.816519,0.9764895,Left,Flat,-0.1619255,-0.01638031,TransSharp
230.4399,36.23672,0,-0.1066607,0.7304646,0,-0.6076416,2707.018,1.81775,0.9767006,Left,Flat,-0.1607126,-0.05973816,TransSharp
230.4799,36.28887,0,-0.1066607,0.7304646,0,-0.6079561,2708.469,1.816707,0.9769108,Left,Flat,-0.1582588,-0.09819794,TransSharp
230.5199,36.34076,0,-0.1066607,0.7304646,0,-0.6075494,2709.922,1.814849,0.97712,Left,Flat,-0.1582588,-0.1316223,TransSharp
230.5599,36.39269,0,-0.1112384,0.7304646,0,-0.6045585,2711.377,1.816058,0.9773283,Left,Down,-0.1370561,-0.1650848,TransSharp
230.5999,36.4465,0,-0.1139849,0.7304646,0,-0.5874964,2712.834,1.815951,0.9775357,Left,Down,-0.1297215,-0.1949387,TransSharp
230.6399,36.49865,0,-0.1359576,0.7304646,0,-0.5702405,2714.294,1.81496,0.9777421,Left,Down,-0.1297215,-0.2238007,TransSharp
230.6799,36.55228,0,-0.1542681,0.7304646,0,-0.5526926,2715.755,1.813692,0.9779476,Left,Down,-0.1203313,-0.2527161,TransSharp
230.7199,36.60162,0,-0.1954687,0.7304646,0,-0.5349061,2717.219,1.814604,0.9781522,Left,Down,-0.09891172,-0.2791595,TransSharp
230.7599,36.65453,0,-0.2449071,0.7304646,0,-0.5036075,2718.685,1.81572,0.9783558,Left,Down,-0.09891172,-0.3030472,TransSharp
230.7999,36.70622,0,-0.2870214,0.7304646,0,-0.4680628,2720.152,1.815928,0.9785586,Left,Down,-0.09891172,-0.3269653,TransSharp
230.8399,36.7616,0,-0.3291374,0.7304646,0,-0.4331322,2721.622,1.815504,0.9787604,Left,Down,-0.09691329,-0.3509293,TransSharp
230.8799,36.81691,0,-0.3511101,0.7304646,0,-0.3984911,2723.094,1.814698,0.9789613,Left,Down,-0.05595291,-0.3748016,TransSharp
230.9199,36.87082,0,-0.3620964,0.7304646,0,-0.3641553,2724.569,1.813844,0.9791611,Left,Down,-0.05934703,-0.3921738,TransSharp
230.9599,36.92316,0,-0.3620964,0.7304646,0,-0.3301014,2726.045,1.813105,0.9793601,Left,Down,-0.05595291,-0.4095688,TransSharp
230.9999,36.97383,0,-0.3620964,0.7304646,0,-0.296221,2727.524,1.813288,0.9795581,Left,Down,-0.05233916,-0.4269791,TransSharp
231.0399,37.02489,0,-0.3620964,0.7304646,0,-0.2632561,2729.004,1.813927,0.9797553,Left,Down,-0.05595291,-0.4444122,TransSharp
231.0799,37.07234,0,-0.3520256,0.7304646,0,-0.2259756,2730.487,1.814773,0.9799514,Left,Down,-0.05595291,-0.4618607,TransSharp
231.1199,37.12583,0,-0.3282219,0.7304646,0,-0.1857646,2731.971,1.8159,0.9801467,Left,Down,-0.05595291,-0.4793243,TransSharp
231.1599,37.1769,0,-0.297094,0.7304646,0,-0.1465203,2733.458,1.816098,0.980341,Left,Down,-0.05595291,-0.4968262,TransSharp
231.1999,37.23154,0,-0.2632177,0.7304646,0,-0.1082282,2734.946,1.81569,0.9805343,Straight,Down,-0.02797646,-0.5143433,TransSharp
231.2399,37.28522,0,-0.2183568,0.7304646,0,-0.07126623,2736.437,1.815196,0.9807268,Straight,Down,0,-0.525589,TransSharp
231.2799,37.33765,0,-0.1853979,0.7304646,0,-0.03534797,2737.93,1.814622,0.9809183,Straight,Down,0,-0.5333633,TransSharp
231.3199,37.3893,0,-0.1469439,0.7304646,0,-0.000707835,2739.425,1.814039,0.9811088,Straight,Down,0,-0.541153,TransSharp
231.3599,37.4404,0,-0.1130694,0.7304646,0,0.03259489,2740.922,1.813689,0.9812984,Straight,Down,0,-0.5489426,TransSharp
231.3999,37.49113,0,-0.07553279,0.7304646,0,0.06448001,2742.421,1.813465,0.9814872,Straight,Down,0,-0.5567551,TransSharp
231.4399,37.54162,0,-0.02243042,0.7304646,0,0.0948061,2743.922,1.813553,0.9816749,Straight,Down,0,-0.5645676,TransSharp
231.4799,37.59198,0,0.01602173,0.7304646,0,0.1235329,2745.426,1.81359,0.9818617,Straight,Down,0,-0.5723877,TransSharp
231.5199,37.64222,0,0.06454468,0.7304646,0,0.1507057,2746.931,1.813465,0.9820476,Straight,Down,0,-0.5802155,TransSharp
231.5599,37.6918,0,0.123142,0.7304646,0,0.1767271,2748.438,1.813561,0.9822325,Straight,Down,0,-0.5880585,TransSharp
231.5999,37.74224,0,0.1661718,0.7304646,0,0.2011487,2749.948,1.81435,0.9824165,Straight,Down,0,-0.5959015,TransSharp
231.6399,37.79169,0,0.2439916,0.7304646,0,0.224157,2751.459,1.814829,0.9825996,Straight,Down,0,-0.6037598,TransSharp
231.6799,37.84282,0,0.3208959,0.7304646,0,0.2457962,2752.972,1.815179,0.9827816,Straight,Down,0,-0.611618,TransSharp
231.7199,37.89341,0,0.4151988,0.7304646,0,0.2658379,2754.487,1.815455,0.9829628,Straight,Down,0,-0.6194916,TransSharp
231.7599,37.94541,0,0.4939342,0.7304646,0,0.2808919,2756.004,1.815598,0.983143,Straight,Down,0,-0.6273804,TransSharp
231.7999,37.99645,0,0.5397105,0.7304646,0,0.2840673,2757.524,1.815434,0.9833223,Straight,Down,0,-0.6352768,TransSharp
231.8399,38.0477,0,0.5900681,0.7304646,0,0.2864984,2759.045,1.81546,0.9835006,Straight,Down,0,-0.6431808,TransSharp
231.8799,38.09808,0,0.6422532,0.7304646,0,0.2882411,2760.569,1.815683,0.983678,Straight,Down,0,-0.6510925,TransSharp
231.9199,38.14626,0,0.7072556,0.7304646,0,0.2899466,2762.094,1.81571,0.9838544,Right,Down,0.05934703,-0.6579437,TransSharp
231.9599,38.19422,0,0.7896531,0.7304646,0,0.291263,2763.621,1.81771,0.9840299,Right,Down,0.06255726,-0.6585312,TransSharp
231.9999,38.24945,0,0.8738852,0.7304646,0,0.2874933,2765.151,1.818323,0.9842045,Right,Down,0.05934703,-0.6591187,TransSharp
232.0399,38.29818,0,1.010299,0.7304646,0,0.2738267,2766.682,1.816957,0.9843781,Right,Down,0.06255726,-0.6597061,TransSharp
232.0799,38.35234,0,1.116503,0.7304646,0,0.2605623,2768.216,1.816057,0.9845508,Right,Down,0.06255726,-0.6602859,TransSharp
232.1199,38.39597,0,1.249255,0.7304646,0,0.2491188,2769.751,1.816271,0.9847226,Right,Down,0.06255726,-0.6608734,TransSharp
232.1599,38.44558,0,1.343558,0.7304646,0,0.2385907,2771.288,1.8191,0.9848933,Right,Down,0.08622923,-0.6609192,TransSharp
232.1999,38.49216,0,1.392081,0.7304646,0,0.215307,2772.827,1.817616,0.9850631,Right,Down,0.08622923,-0.6583481,TransSharp
232.2399,38.54099,0,1.444266,0.7304646,0,0.1942157,2774.368,1.816438,0.9852321,Right,Down,0.08622923,-0.6557617,TransSharp
232.2799,38.57822,0,1.477225,0.7304646,0,0.1761099,2775.911,1.817524,0.9854,Right,Down,0.08622923,-0.6531754,TransSharp
232.3199,38.62886,0,1.514761,0.7304646,0,0.1531415,2777.456,1.818914,0.985567,Right,Down,0.09891172,-0.6505814,TransSharp
232.3599,38.66155,0,1.535822,0.7304646,0,0.1270876,2779.002,1.817479,0.985733,Right,Down,0.1083524,-0.6460037,TransSharp
232.3999,38.69996,0,1.54864,0.7304646,0,0.1055011,2780.549,1.817825,0.9858981,Right,Down,0.1065312,-0.6408539,TransSharp
232.4399,38.74367,0,1.555964,0.7304646,0,0.08088574,2782.099,1.819536,0.9860623,Right,Down,0.1065312,-0.6356888,TransSharp
232.4799,38.76772,0,1.555964,0.7304646,0,0.05472568,2783.649,1.818177,0.9862255,Right,Down,0.1251145,-0.629921,TransSharp
232.5199,38.80024,0,1.560541,0.7304646,0,0.03498727,2785.201,1.82,0.9863878,Right,Down,0.1266688,-0.6224976,TransSharp
232.5599,38.83487,0,1.555964,0.7304646,0,0.008401036,2786.754,1.81962,0.9865491,Right,Down,0.1251145,-0.6150436,TransSharp
232.5999,38.84726,0,1.554133,0.7304646,0,-0.01182088,2788.308,1.818375,0.9867095,Right,Down,0.1426525,-0.6070709,TransSharp
232.6399,38.88239,0,1.537653,0.7304646,0,-0.03183398,2789.863,1.820457,0.9868689,Right,Down,0.1426525,-0.597496,TransSharp
232.6799,38.88886,0,1.52117,0.7304646,0,-0.05085215,2791.418,1.81861,0.9870273,Right,Down,0.1493534,-0.5878906,TransSharp
232.7199,38.91838,0,1.498282,0.7304646,0,-0.065676,2792.975,1.820996,0.9871849,Right,Down,0.1607126,-0.5770493,TransSharp
232.7599,38.9239,0,1.467154,0.7304646,0,-0.08075517,2794.532,1.81917,0.9873414,Right,Down,0.1607126,-0.5653992,TransSharp
232.7999,38.94497,0,1.44335,0.7304646,0,-0.09123981,2796.089,1.821125,0.9874972,Right,Down,0.1758294,-0.5532761,TransSharp
232.8399,38.94236,0,1.414969,0.7304646,0,-0.1005385,2797.647,1.819217,0.9876518,Right,Down,0.1758294,-0.5396271,TransSharp
232.8799,38.96501,0,1.403983,0.7304646,0,-0.1068219,2799.205,1.821132,0.9878055,Right,Down,0.1928145,-0.5257645,TransSharp
232.9199,38.95406,0,1.396658,0.7304646,0,-0.1077839,2800.764,1.821677,0.9879583,Right,Down,0.1928145,-0.5101624,TransSharp
232.9599,38.97695,0,1.391165,0.7304646,0,-0.1106257,2802.323,1.820601,0.9881101,Right,Down,0.20842,-0.4942322,TransSharp
232.9999,38.97625,0,1.391165,0.7304646,0,-0.107028,2803.882,1.821913,0.9882609,Right,Down,0.20842,-0.4766998,TransSharp
233.0399,38.97329,0,1.391165,0.7304646,0,-0.1009349,2805.441,1.821674,0.9884108,Right,Down,0.2255535,-0.4584427,TransSharp
233.0799,38.98404,0,1.391165,0.7304646,0,-0.09459573,2807,1.820542,0.9885598,Right,Down,0.234068,-0.4389877,TransSharp
233.1199,38.98265,0,1.391165,0.7304646,0,-0.083929,2808.559,1.821788,0.9887078,Right,Down,0.2414744,-0.4181671,TransSharp
233.1599,38.98146,0,1.391165,0.7304646,0,-0.06999391,2810.118,1.822746,0.9888549,Right,Down,0.2571706,-0.3964844,TransSharp
233.1999,38.98228,0,1.391165,0.7304646,0,-0.05490544,2811.677,1.822341,0.989001,Right,Down,0.2661444,-0.3732224,TransSharp
233.2399,38.97896,0,1.391165,0.7304646,0,-0.03949541,2813.237,1.819754,0.9891462,Right,Down,0.2741124,-0.348587,TransSharp
233.2799,38.97736,0,1.384757,0.7304646,0,-0.0227437,2814.796,1.820032,0.9892903,Right,Down,0.2900664,-0.3227234,TransSharp
233.3199,38.97229,0,1.357291,0.7304646,0,-0.003691822,2816.355,1.820403,0.9894335,Right,Down,0.3071049,-0.295517,TransSharp
233.3599,38.96977,0,1.325247,0.7304646,0,0.01568395,2817.914,1.820301,0.9895759,Right,Down,0.3195939,-0.2665024,TransSharp
233.3999,38.96769,0,1.296866,0.7304646,0,0.03462541,2819.473,1.82003,0.9897172,Right,Down,0.3322025,-0.2358627,TransSharp
233.4399,38.96343,0,1.255664,0.7304646,0,0.05318177,2821.032,1.819379,0.9898576,Right,Down,0.3460502,-0.2035904,TransSharp
233.4799,38.95937,0,1.232775,0.7304646,0,0.0695658,2822.59,1.822583,0.989997,Right,Down,0.3626169,-0.1696167,TransSharp
233.5199,38.96638,0,1.214465,0.7304646,0,0.08146921,2824.149,1.827877,0.9901355,Right,Flat,0.3794918,-0.1337967,TransSharp
233.5599,38.96933,0,1.203479,0.7304646,0,0.09024179,2825.708,1.829222,0.990273,Right,Flat,0.3990945,-0.09601593,TransSharp
233.5999,38.97683,0,1.202563,0.7304646,0,0.09665453,2827.266,1.828764,0.9904096,Right,Flat,0.4182466,-0.05613708,TransSharp
233.6399,38.98007,0,1.19707,0.7304646,0,0.102189,2828.825,1.827453,0.9905452,Right,Flat,0.4020255,-0.01412201,TransSharp
233.6799,38.97973,0,1.19707,0.7304646,0,0.1080334,2830.384,1.82591,0.9906797,Right,Flat,0.382573,0.02931213,TransSharp
233.7199,38.9785,0,1.19707,0.7304646,0,0.1145007,2831.943,1.824438,0.9908135,Right,Flat,0.3748225,0.07216644,TransSharp
233.7599,38.97789,0,1.196154,0.7304646,0,0.1224969,2833.502,1.823005,0.9909462,Right,Flat,0.3679734,0.1140747,TransSharp
233.7999,38.97717,0,1.196154,0.7304646,0,0.1320343,2835.061,1.822141,0.991078,Right,Up,0.3620769,0.1549835,TransSharp
233.8399,38.97438,0,1.196154,0.7304646,0,0.1432178,2836.62,1.821442,0.9912089,Right,Up,0.354982,0.1948624,TransSharp
233.8799,38.97825,0,1.191577,0.7304646,0,0.1562634,2838.179,1.820912,0.9913387,Right,Up,0.3488659,0.2336731,TransSharp
233.9199,38.98639,0,1.16228,0.7304646,0,0.1690021,2839.739,1.822568,0.9914676,Right,Up,0.3414966,0.2714157,TransSharp
233.9599,38.98766,0,1.104602,0.7304646,0,0.1845194,2841.298,1.823447,0.9915955,Right,Up,0.3357179,0.3080444,TransSharp
233.9999,38.9892,0,1.043258,0.7304646,0,0.201922,2842.858,1.822503,0.9917225,Right,Up,0.3274564,0.3435593,TransSharp
234.0399,38.99853,0,0.9434652,0.7304646,0,0.2223652,2844.418,1.822234,0.9918485,Right,Up,0.3183671,0.3779831,TransSharp
234.0799,39.00052,0,0.8390951,0.7304646,0,0.2461146,2845.978,1.821972,0.9919736,Right,Up,0.3083766,0.4112854,TransSharp
234.1199,39.0083,0,0.7612717,0.7304646,0,0.2685697,2847.538,1.824253,0.9920977,Right,Up,0.301316,0.4432373,TransSharp
234.1599,39.01419,0,0.654155,0.7304646,0,0.2951583,2849.099,1.823287,0.9922209,Right,Up,0.2947506,0.4739532,TransSharp
234.1999,39.034,0,0.5479503,0.7304646,0,0.3260089,2850.66,1.822854,0.9923431,Right,Up,0.2880355,0.5035324,TransSharp
234.2399,39.04338,0,0.3849864,0.7304646,0,0.3559662,2852.221,1.825067,0.9924642,Right,Up,0.2762456,0.5320511,TransSharp
234.2799,39.0555,0,0.2247655,0.7304646,0,0.3888962,2853.783,1.824107,0.9925846,Right,Up,0.268341,0.559227,TransSharp
234.3199,39.08683,0,0.1048279,0.7304646,0,0.4277024,2855.346,1.823462,0.9927038,Right,Up,0.2639296,0.5849991,TransSharp
234.3599,39.09575,0,-0.04623413,0.7304646,0,0.4625645,2856.91,1.824943,0.9928222,Right,Up,0.25101,0.6097641,TransSharp
234.3999,39.12538,0,-0.1542681,0.7304646,0,0.5043651,2858.475,1.824001,0.9929396,Right,Up,0.2414744,0.633316,TransSharp
234.4399,39.15631,0,-0.3263909,0.7304646,0,0.5450624,2860.041,1.825968,0.9930561,Right,Up,0.2373883,0.6552734,TransSharp
234.4799,39.18202,0,-0.453651,0.7304646,0,0.5899163,2861.608,1.82443,0.9931715,Right,Up,0.2220564,0.6764374,TransSharp
234.5199,39.2243,0,-0.6019682,0.7304646,0,0.6337951,2863.177,1.826413,0.993286,Right,Up,0.220287,0.6958923,TransSharp
234.5599,39.2527,0,-0.7338059,0.7304646,0,0.6813087,2864.747,1.824558,0.9933995,Right,Up,0.2065338,0.714325,TransSharp
234.5999,39.29569,0,-0.7859927,0.7304646,0,0.7253189,2866.318,1.825879,0.9935121,Right,Up,0.2017412,0.7314377,TransSharp
234.6399,39.33628,0,-0.8207828,0.7304646,0,0.7766922,2867.891,1.82434,0.9936237,Right,Up,0.1876719,0.747261,TransSharp
234.6799,39.37337,0,-0.8198673,0.7304646,0,0.8185431,2869.465,1.824893,0.9937344,Right,Up,0.1866263,0.7617874,TransSharp
234.7199,39.42274,0,-0.7988101,0.7304646,0,0.8653622,2871.042,1.82634,0.9938441,Right,Up,0.165511,0.775177,TransSharp
234.7599,39.46049,0,-0.7988101,0.7304646,0,0.9148796,2872.62,1.824225,0.9939528,Right,Up,0.166689,0.7867813,TransSharp
234.7999,39.50602,0,-0.8097965,0.7304646,0,0.9538674,2874.2,1.825065,0.9940606,Right,Up,0.1426525,0.7983704,TransSharp
234.8399,39.54548,0,-0.8207828,0.7304646,0,0.9966642,2875.781,1.826308,0.9941673,Right,Up,0.1398823,0.8065796,TransSharp
234.8799,39.59101,0,-0.8207828,0.7304646,0,1.042412,2877.364,1.825303,0.9942732,Right,Up,0.1398823,0.8146973,TransSharp
234.9199,39.62695,0,-0.8088809,0.7304646,0,1.082452,2878.949,1.824412,0.9943781,Right,Up,0.1065312,0.8224106,TransSharp
234.9599,39.66895,0,-0.7960635,0.7031205,0,1.113073,2880.535,1.825691,0.994482,Right,Up,0.1065312,0.8259201,TransSharp
234.9999,39.69889,0,-0.7924014,0.6992142,0,1.144984,2882.123,1.826633,0.994585,Right,Up,0.1083524,0.8294373,TransSharp
235.0399,39.73053,0,-0.7859927,0.6992142,0,1.17718,2883.712,1.827025,0.9946869,Right,Up,0.1065312,0.8329468,TransSharp
235.0799,39.76095,0,-0.7740909,0.6992142,0,1.209069,2885.302,1.827073,0.994788,Straight,Up,0,0.8334656,TransSharp
235.1199,39.78955,0,-0.754863,0.6992142,0,1.240309,2886.893,1.8269,0.9948881,Straight,Up,0.01978234,0.8226624,TransSharp
235.1599,39.81648,0,-0.6843674,0.6992142,0,1.270147,2888.486,1.826671,0.9949871,Straight,Up,0,0.8118591,TransSharp
235.1999,39.84191,0,-0.6129545,0.6992142,0,1.29843,2890.079,1.826316,0.9950852,Straight,Up,0,0.8010406,TransSharp
235.2399,39.86632,0,-0.5433744,0.6992142,0,1.324488,2891.674,1.825871,0.9951824,Straight,Up,0,0.7902145,TransSharp
235.2799,39.88963,0,-0.5314726,0.6992142,0,1.347999,2893.269,1.82536,0.9952787,Straight,Up,0,0.7793655,TransSharp
235.3199,39.91241,0,-0.5314726,0.6992142,0,1.36836,2894.866,1.824775,0.9953738,Straight,Up,0,0.7685165,TransSharp
235.3599,39.93332,0,-0.5662626,0.6992142,0,1.38513,2896.463,1.824531,0.9954681,Straight,Up,0,0.7576523,TransSharp
235.3999,39.95352,0,-0.596475,0.6992142,0,1.397873,2898.061,1.824318,0.9955614,Straight,Up,0,0.7467651,TransSharp
235.4399,39.97245,0,-0.6129545,0.6992142,0,1.406454,2899.66,1.824117,0.9956537,Straight,Up,0,0.7358704,TransSharp
235.4799,39.98346,0,-0.6065458,0.6992142,0,1.411294,2901.259,1.824079,0.9957451,Straight,Up,0,0.7249603,TransSharp
235.5199,39.99869,0,-0.594644,0.6992142,0,1.425159,2902.859,1.828459,0.9958355,Straight,Up,0,0.7140427,TransSharp
235.5599,40.01763,0,-0.5314726,0.7187457,0,1.433367,2904.459,1.83086,0.9959249,Straight,Up,0,0.7031174,TransSharp
235.5999,40.0376,0,-0.453651,0.7187457,0,1.436893,2906.061,1.828145,0.9960134,Straight,Up,0,0.6921616,TransSharp
235.6399,40.06251,0,-0.3584343,0.7187457,0,1.449825,2907.663,1.830687,0.9961009,Straight,Up,0,0.6811981,TransSharp
235.6799,40.09376,0,-0.2870214,0.7187457,0,1.457692,2909.266,1.830355,0.9961874,Left,Up,-0.1101434,0.6641846,TransSharp
235.7199,40.10309,0,-0.2632177,0.7187457,0,1.470877,2910.87,1.830371,0.996273,Left,Up,-0.1101434,0.6368942,TransSharp
235.7599,40.1499,0,-0.2632177,0.7187457,0,1.483556,2912.476,1.830259,0.9963576,Left,Up,-0.1101434,0.6095657,TransSharp
235.7999,40.15286,0,-0.2632177,0.7187457,0,1.503058,2914.082,1.831387,0.9964412,Left,Up,-0.1519511,0.5812759,TransSharp
235.8399,40.19064,0,-0.2632177,0.7187457,0,1.521775,2915.689,1.829674,0.9965239,Left,Up,-0.1519511,0.5477905,TransSharp
235.8799,40.21954,0,-0.2677953,0.722652,0,1.54939,2917.298,1.83189,0.9966056,Left,Up,-0.1724585,0.5142517,TransSharp
235.9199,40.2344,0,-0.2677953,0.722652,0,1.581433,2918.907,1.832634,0.9966863,Left,Up,-0.1855749,0.4769135,TransSharp
235.9599,40.27229,0,-0.2677953,0.722652,0,1.618809,2920.518,1.83178,0.996766,Left,Up,-0.2074791,0.4382019,TransSharp
235.9999,40.29941,0,-0.2677953,0.722652,0,1.66297,2922.129,1.831322,0.9968449,Left,Up,-0.2167048,0.3958282,TransSharp
236.0399,40.3308,0,-0.2677953,0.722652,0,1.715532,2923.742,1.831551,0.9969227,Left,Up,-0.2454926,0.3519897,TransSharp
236.0799,40.34995,0,-0.2677953,0.722652,0,1.779547,2925.356,1.830982,0.9969995,Left,Up,-0.2548778,0.3043671,TransSharp
236.1199,40.38038,0,-0.2677953,0.7265583,0,1.84156,2926.971,1.837326,0.9970754,Left,Up,-0.2719625,0.2544022,TransSharp
236.1599,40.40791,0,-0.2687109,0.7304646,0,1.899394,2928.587,1.840564,0.9971504,Left,Up,-0.2967354,0.2018585,TransSharp
236.1999,40.4501,0,-0.2906835,0.7304646,0,1.952021,2930.205,1.840585,0.9972243,Left,Flat,-0.3202056,0.1463165,TransSharp
236.2399,40.50328,0,-0.3208977,0.7304646,0,1.999089,2931.825,1.835272,0.9972972,Left,Flat,-0.339197,0.08717346,TransSharp
236.2799,40.54722,0,-0.3447014,0.7304646,0,2.039941,2933.446,1.830638,0.9973692,Left,Flat,-0.07661668,0.02490234,TransSharp
236.3199,40.55257,0,-0.3584343,0.7304646,0,2.070663,2935.068,1.83554,0.9974402,Right,Flat,0.06852804,-0.05796814,TransSharp
236.3599,40.58741,0,-0.3703362,0.7304646,0,2.094761,2936.691,1.842437,0.9975104,Right,Flat,0.06852804,-0.144928,TransSharp
236.3999,40.61176,0,-0.3813225,0.7304646,0,2.114431,2938.315,1.84426,0.9975795,Right,Down,0.06852804,-0.2320709,TransSharp
236.4399,40.66772,0,-0.3877312,0.7304646,0,2.129948,2939.941,1.842832,0.9976476,Right,Down,0.06852804,-0.3194504,TransSharp
236.4799,40.72294,0,-0.3932244,0.7304646,0,2.140625,2941.57,1.839986,0.9977148,Right,Down,0.05934703,-0.4070358,TransSharp
236.5199,40.76991,0,-0.3941399,0.7304646,0,2.145967,2943.2,1.836904,0.9977809,Straight,Down,0,-0.4634552,TransSharp
236.5599,40.81201,0,-0.399633,0.7304646,0,2.145887,2944.832,1.833973,0.9978461,Straight,Down,0,-0.4873734,TransSharp
236.5999,40.85171,0,-0.399633,0.7343709,0,2.140584,2946.466,1.831615,0.9979104,Straight,Down,0,-0.511322,TransSharp
236.6399,40.89076,0,-0.399633,0.7382773,0,2.129822,2948.101,1.829852,0.9979737,Straight,Down,-0.01978234,-0.5353012,TransSharp
236.6799,40.92986,0,-0.399633,0.7421836,0,2.113628,2949.738,1.828588,0.998036,Straight,Down,0,-0.5593185,TransSharp
236.7199,40.9692,0,-0.399633,0.7460899,0,2.092256,2951.376,1.82767,0.9980973,Straight,Down,-0.01978234,-0.583374,TransSharp
236.7599,41.00975,0,-0.3749138,0.7773404,0,2.065648,2953.017,1.827314,0.9981576,Straight,Down,0,-0.6074677,TransSharp
236.7999,41.05461,0,-0.3291374,0.785153,0,2.03366,2954.658,1.826853,0.998217,Straight,Down,0,-0.6315994,TransSharp
236.8399,41.10302,0,-0.2751195,0.785153,0,1.996126,2956.302,1.826068,0.9982755,Straight,Down,-0.01978234,-0.6557617,TransSharp
236.8799,41.15235,0,-0.2320898,0.785153,0,1.953827,2957.947,1.825517,0.9983329,Straight,Down,-0.01978234,-0.6799698,TransSharp
236.9199,41.20136,0,-0.1789892,0.785153,0,1.906846,2959.595,1.825526,0.9983894,Straight,Down,-0.01978234,-0.704216,TransSharp
236.9599,41.25112,0,-0.09475887,0.785153,0,1.855411,2961.244,1.825709,0.9984449,Straight,Down,0,-0.7285004,TransSharp
236.9999,41.30032,0,-0.02792358,0.785153,0,1.799507,2962.896,1.825886,0.9984994,Straight,Down,0,-0.7528229,TransSharp
237.0399,41.35009,0,0.0453186,0.785153,0,1.739565,2964.549,1.826015,0.998553,Straight,Down,0,-0.7771835,TransSharp
237.0799,41.40045,0,0.06362915,0.785153,0,1.675501,2966.204,1.826195,0.9986056,Straight,Down,-0.01978234,-0.8015823,TransSharp
237.1199,41.4513,0,0.06362915,0.785153,0,1.607108,2967.862,1.826408,0.9986572,Straight,Down,0,-0.8260117,TransSharp
237.1599,41.49226,0,0.06362915,0.785153,0,1.537803,2969.521,1.827598,0.9987078,Straight,Down,0,-0.8504715,TransSharp
237.1999,41.54052,0,0.06454468,0.785153,0,1.476213,2971.183,1.832504,0.9987575,Straight,Down,0,-0.8749542,TransSharp
237.2399,41.58689,0,0.07095337,0.785153,0,1.411425,2972.846,1.834808,0.9988062,Straight,Down,0,-0.8994598,TransSharp
237.2799,41.6455,0,0.07095337,0.785153,0,1.343311,2974.511,1.834991,0.9988539,Straight,Down,0,-0.9240189,TransSharp
237.3199,41.70725,0,0.07095337,0.7656214,0,1.272024,2976.179,1.834374,0.9989007,Straight,Down,0,-0.9486313,TransSharp
237.3599,41.76494,0,0.07095337,0.7656214,0,1.197552,2977.849,1.833332,0.9989464,Straight,Down,-0.01978234,-0.9732819,TransSharp
237.3999,41.81778,0,0.0453186,0.7656214,0,1.120019,2979.521,1.832017,0.9989913,Straight,Down,-0.02797646,-0.97966,TransSharp
237.4399,41.8704,0,-0.02243042,0.7617151,0,1.039024,2981.195,1.830761,0.9990351,Straight,Down,-0.02797646,-0.9831924,TransSharp
237.4799,41.92064,0,-0.09475887,0.7539025,0,0.9549612,2982.872,1.828462,0.999078,Straight,Down,-0.02797646,-0.9867325,TransSharp
237.5199,41.96863,0,-0.1249713,0.7499962,0,0.8675743,2984.55,1.82729,0.9991199,Straight,Down,-0.02797646,-0.9902802,TransSharp
237.5599,42.01413,0,-0.1432818,0.7421836,0,0.7779006,2986.23,1.826809,0.9991608,Straight,Down,-0.03426402,-0.9938202,TransSharp
237.5999,42.05213,0,-0.1432818,0.7421836,0,0.693056,2987.912,1.827439,0.9992007,Straight,Down,-0.02797646,-0.9973679,TransSharp
237.6399,42.09383,0,-0.13138,0.7421836,0,0.6155603,2989.595,1.829296,0.9992397,Straight,Down,-0.02797646,-1.000923,TransSharp
237.6799,42.13334,0,-0.09384334,0.7421836,0,0.5361251,2991.28,1.830369,0.9992777,Straight,Down,-0.02797646,-1.004471,TransSharp
237.7199,42.17827,0,-0.0453186,0.7421836,0,0.4543967,2992.967,1.830693,0.9993147,Straight,Down,-0.02797646,-1.008034,TransSharp
237.7599,42.22353,0,0.03890991,0.7421836,0,0.3708865,2994.655,1.83077,0.9993508,Straight,Down,-0.02797646,-1.011589,TransSharp
237.7999,42.26893,0,0.09933472,0.7421836,0,0.2856372,2996.345,1.830643,0.9993859,Straight,Down,-0.03956468,-1.014824,TransSharp
237.8399,42.3144,0,0.1533544,0.7343709,0,0.1982434,2998.038,1.829074,0.99942,Straight,Down,-0.03956468,-1.012924,TransSharp
237.8799,42.35994,0,0.171665,0.7304646,0,0.109468,2999.731,1.827344,0.9994531,Straight,Down,-0.04423466,-1.011017,TransSharp
237.9199,42.39672,0,0.171665,0.7265583,0,0.02385756,3001.427,1.827153,0.9994853,Straight,Down,-0.04423466,-1.009102,TransSharp
237.9599,42.43417,0,0.171665,0.722652,0,-0.0502741,3003.124,1.828673,0.9995164,Straight,Down,-0.04423466,-1.007187,TransSharp
237.9999,42.46901,0,0.171665,0.7187457,0,-0.1255239,3004.823,1.829704,0.9995466,Straight,Down,-0.03956468,-1.005272,TransSharp
238.0399,42.50767,0,0.171665,0.7109331,0,-0.2020472,3006.522,1.830161,0.9995759,Straight,Down,-0.04423466,-1.003349,TransSharp
238.0799,42.54574,0,0.1725805,0.7031205,0,-0.2794956,3008.224,1.830429,0.9996042,Straight,Down,-0.03956468,-1.001434,TransSharp
238.1199,42.58464,0,0.1771581,0.7031205,0,-0.3588386,3009.927,1.829727,0.9996315,Left,Down,-0.05233916,-0.9994965,TransSharp
238.1599,42.62209,0,0.1771581,0.6992142,0,-0.4386355,3011.632,1.827438,0.9996578,Left,Down,-0.05233916,-0.9940948,TransSharp
238.1999,42.65195,0,0.1771581,0.6992142,0,-0.5066394,3013.337,1.828003,0.9996831,Left,Down,-0.05233916,-0.9884186,TransSharp
238.2399,42.68253,0,0.1771581,0.6992142,0,-0.5700811,3015.044,1.829223,0.9997075,Left,Down,-0.05233916,-0.9827347,TransSharp
238.2799,42.71178,0,0.1771581,0.6992142,0,-0.633917,3016.753,1.82978,0.9997308,Left,Down,-0.05233916,-0.9770508,TransSharp
238.3199,42.74443,0,0.1542699,0.6992142,0,-0.697892,3018.462,1.830067,0.9997532,Left,Down,-0.05233916,-0.9713516,TransSharp
238.3599,42.78173,0,0.1167297,0.6953079,0,-0.7630227,3020.173,1.829077,0.9997747,Straight,Down,-0.04845664,-0.9656448,TransSharp
238.3999,42.81198,0,0.08010864,0.6953079,0,-0.8230832,3021.885,1.827265,0.9997951,Left,Down,-0.06255726,-0.9587021,TransSharp
238.4399,42.84435,0,0.02243042,0.6796826,0,-0.8715523,3023.599,1.828421,0.9998146,Left,Down,-0.05934703,-0.9497833,TransSharp
238.4799,42.86819,0,-0.05172729,0.6640574,0,-0.9191338,3025.313,1.829283,0.9998332,Left,Down,-0.06255726,-0.9408569,TransSharp
238.5199,42.89279,0,-0.0892657,0.6523384,0,-0.9667881,3027.029,1.8298,0.9998507,Left,Down,-0.05934703,-0.9319229,TransSharp
238.5599,42.92215,0,-0.1286334,0.6523384,0,-1.015472,3028.745,1.82839,0.9998673,Left,Down,-0.06255726,-0.922966,TransSharp
238.5999,42.93994,0,-0.1606768,0.6249943,0,-1.053165,3030.463,1.827288,0.9998829,Left,Down,-0.06852804,-0.9140091,TransSharp
238.6399,42.95952,0,-0.2128637,0.5703059,0,-1.084609,3032.181,1.828456,0.9998975,Left,Down,-0.07132626,-0.902359,TransSharp
238.6799,42.96399,0,-0.297094,0.507805,0,-1.114938,3033.899,1.829199,0.9999112,Left,Down,-0.07132626,-0.8903427,TransSharp
238.7199,42.96526,0,-0.380407,0.4960098,0,-1.145946,3035.618,1.82852,0.9999238,Left,Down,-0.07132626,-0.8783264,TransSharp
238.7599,42.9515,0,-0.5186534,0.4920424,0,-1.166885,3037.336,1.826711,0.9999356,Left,Down,-0.07132626,-0.8663025,TransSharp
238.7999,42.9414,0,-0.631265,0.4920424,0,-1.181635,3039.054,1.827858,0.9999463,Left,Down,-0.08392937,-0.8537445,TransSharp
238.8399,42.92288,0,-0.7328904,0.4920424,0,-1.196068,3040.771,1.828925,0.999956,Left,Down,-0.08392937,-0.8386765,TransSharp
238.8799,42.91128,0,-0.7978946,0.4920424,0,-1.211035,3042.488,1.826117,0.9999648,Left,Down,-0.08156469,-0.8236008,TransSharp
238.9199,42.89456,0,-0.828107,0.476173,0,-1.210255,3044.204,1.826699,0.9999726,Left,Down,-0.08156469,-0.8085251,TransSharp
238.9599,42.8774,0,-0.8729678,0.4364843,0,-1.210273,3045.919,1.827881,0.9999794,Left,Down,-0.09487279,-0.79319,TransSharp
238.9999,42.85847,0,-0.9105062,0.4007782,0,-1.211891,3047.634,1.825853,0.9999852,Left,Down,-0.09487279,-0.7750015,TransSharp
239.0399,42.82304,0,-1.008469,0.3174487,0,-1.19837,3049.347,1.825789,0.9999901,Left,Down,-0.09487279,-0.7568054,TransSharp
239.0799,42.77941,0,-1.128405,0.2222171,0,-1.185969,3051.058,1.827132,0.999994,Left,Down,-0.09691329,-0.7386322,TransSharp
239.1199,42.71626,0,-1.20531,0.1825284,0,-1.17357,3052.768,1.82464,0.999997,Left,Down,-0.1065312,-0.7187805,TransSharp
239.1599,42.63588,0,-1.304188,0.2023651,0,-1.148801,3054.474,1.825502,0.9999989,Left,Down,-0.1083524,-0.6973953,TransSharp
239.1999,42.55309,0,-1.362784,0.2182498,0,-1.127922,3056.177,1.826176,0.9999999,Left,Down,-0.1083524,-0.6760406,TransSharp
239.2399,42.46772,0,-1.420462,0.2222171,0,-1.098179,3057.876,1.824056,0.9999999,Left,Down,-0.1203313,-0.6535492,TransSharp
239.2799,42.38765,0,-1.479058,0.2222171,0,-1.068816,3059.573,1.825928,0.9999989,Left,Down,-0.1203313,-0.6288376,TransSharp
239.3199,42.30144,0,-1.513848,0.2301518,0,-1.035222,3061.265,1.822858,0.999997,Left,Down,-0.1251145,-0.6041412,TransSharp
239.3599,42.2171,0,-1.526665,0.2341192,0,-0.9990219,3062.955,1.824658,0.999994,Left,Down,-0.1370561,-0.5777283,TransSharp
239.3999,42.12787,0,-1.521172,0.2380865,0,-0.9610936,3064.641,1.821949,0.9999901,Left,Down,-0.1356209,-0.5495148,TransSharp
239.4399,42.04059,0,-1.490044,0.2380865,0,-0.9210237,3066.323,1.824394,0.9999852,Left,Down,-0.1506579,-0.5213318,TransSharp
239.4799,41.94559,0,-1.437857,0.2420539,0,-0.8772977,3068.002,1.821303,0.9999794,Left,Down,-0.1519511,-0.4895325,TransSharp
239.5199,41.85645,0,-1.375601,0.2420539,0,-0.835912,3069.677,1.819966,0.9999726,Left,Down,-0.1607126,-0.4576569,TransSharp
239.5599,41.75423,0,-1.273976,0.2420539,0,-0.7866797,3071.348,1.820892,0.9999648,Left,Down,-0.1690205,-0.4230499,TransSharp
239.5999,41.65763,0,-1.203479,0.2460212,0,-0.7404519,3073.016,1.816464,0.999956,Left,Down,-0.1758294,-0.3872528,TransSharp
239.6399,41.55315,0,-1.132983,0.2460212,0,-0.6937003,3074.679,1.813557,0.9999463,Left,Down,-0.1876719,-0.3488541,TransSharp
239.6799,41.44551,0,-1.075303,0.2460212,0,-0.6417423,3076.338,1.807702,0.9999356,Left,Down,-0.1978235,-0.3089142,TransSharp
239.7199,41.3406,0,-1.055161,0.2499886,0,-0.5879629,3077.993,1.806006,0.9999238,Left,Down,-0.2065338,-0.26577,TransSharp
239.7599,41.23381,0,-1.039597,0.2499886,0,-0.5313516,3079.643,1.808506,0.9999112,Left,Down,-0.2255535,-0.221405,TransSharp
239.7999,41.12828,0,-1.03502,0.2499886,0,-0.4727576,3081.289,1.812812,0.9998975,Left,Down,-0.2298502,-0.1726227,TransSharp
239.8399,41.02438,0,-1.028611,0.2499886,0,-0.4125628,3082.931,1.81723,0.9998829,Left,Flat,-0.2478722,-0.1216278,TransSharp
239.8799,40.9205,0,-0.9910727,0.2499886,0,-0.3508298,3084.569,1.819685,0.9998673,Left,Flat,-0.2712421,-0.06816101,TransSharp
239.9199,40.81852,0,-0.9507895,0.2499886,0,-0.2866224,3086.203,1.822456,0.9998507,Left,Flat,-0.2947506,-0.01486969,TransSharp
239.9599,40.71274,0,-0.9050131,0.2499886,0,-0.2245042,3087.833,1.825366,0.9998332,Left,Flat,-0.3051875,-0.02452087,TransSharp
239.9999,40.61001,0,-0.878461,0.2499886,0,-0.1617308,3089.458,1.824951,0.9998147,Left,Flat,-0.2920831,-0.05265808,TransSharp
240.0399,40.50919,0,-0.8638126,0.2499886,0,-0.1004021,3091.079,1.826959,0.9997952,Left,Flat,-0.2741124,-0.07936859,TransSharp
240.0799,40.40193,0,-0.8574039,0.2499886,0,-0.04416743,3092.697,1.827678,0.9997747,Left,Flat,-0.2564087,-0.1048203,TransSharp
240.1199,40.30531,0,-0.8555728,0.2499886,0,0.01311296,3094.31,1.827509,0.9997533,Left,Flat,-0.2502292,-0.1285172,TransSharp
240.1599,40.19952,0,-0.8555728,0.2499886,0,0.06177226,3095.919,1.828169,0.9997308,Left,Down,-0.2382111,-0.1511383,TransSharp
240.1999,40.10339,0,-0.8555728,0.2499886,0,0.111533,3097.524,1.827317,0.9997075,Left,Down,-0.2220564,-0.1729507,TransSharp
240.2399,39.99876,0,-0.8207828,0.2539559,0,0.1514592,3099.125,1.826895,0.9996831,Left,Down,-0.2211734,-0.1930923,TransSharp
240.2799,39.90453,0,-0.7383835,0.2539559,0,0.1894011,3100.722,1.827258,0.9996578,Left,Down,-0.2046302,-0.2125778,TransSharp
240.3199,39.80261,0,-0.6431669,0.2539559,0,0.22022,3102.315,1.82514,0.9996315,Left,Down,-0.2007689,-0.230957,TransSharp
240.3599,39.71103,0,-0.4417491,0.2539559,0,0.2424418,3103.905,1.827414,0.9996042,Left,Down,-0.1866263,-0.2484894,TransSharp
240.3999,39.61647,0,-0.2613866,0.2579232,0,0.2641154,3105.49,1.825708,0.999576,Left,Down,-0.1845175,-0.2651443,TransSharp
240.4399,39.52577,0,-0.1249713,0.2579232,0,0.2737047,3107.072,1.825651,0.9995466,Left,Down,-0.1713202,-0.2810059,TransSharp
240.4799,39.44364,0,0.140537,0.2579232,0,0.2797932,3108.651,1.826633,0.9995165,Left,Down,-0.1701742,-0.29599,TransSharp
240.5199,39.35818,0,0.3520274,0.2579232,0,0.2821456,3110.226,1.825154,0.9994853,Left,Down,-0.1545051,-0.3105545,TransSharp
240.5599,39.28111,0,0.588237,0.2579232,0,0.273313,3111.798,1.825363,0.9994532,Left,Down,-0.1545051,-0.3239059,TransSharp
240.5999,39.21162,0,0.6898606,0.2579232,0,0.2605968,3113.367,1.826563,0.99942,Left,Down,-0.1440177,-0.337204,TransSharp
240.6399,39.14102,0,0.6880295,0.2579232,0,0.2473471,3114.933,1.825425,0.999386,Left,Down,-0.1384764,-0.3493195,TransSharp
240.6799,39.07716,0,0.6596482,0.2222171,0,0.2234922,3116.497,1.824585,0.9993508,Left,Down,-0.1384764,-0.3610153,TransSharp
240.7199,39.01113,0,0.6303513,0.2023651,0,0.1897296,3118.058,1.82718,0.9993148,Left,Down,-0.1251145,-0.3726654,TransSharp
240.7599,38.9454,0,0.63676,0.05952545,0,0.160961,3119.616,1.827526,0.9992778,Left,Down,-0.1235407,-0.3829041,TransSharp
240.7999,38.86111,0,0.6770432,0,0,0.1261341,3121.172,1.826945,0.9992398,Left,Down,-0.1219466,-0.3929596,TransSharp
240.8399,38.75717,0,0.7118332,0,0,0.08349895,3122.723,1.826517,0.9992008,Left,Down,-0.1136409,-0.4029694,TransSharp
240.8799,38.65017,0,0.7438767,0,0,0.03439218,3124.27,1.828074,0.9991609,Left,Down,-0.1065312,-0.4119034,TransSharp
240.9199,38.54319,0,0.7365525,0,0,-0.01439148,3125.813,1.829245,0.9991199,Left,Down,-0.1046783,-0.420311,TransSharp
240.9599,38.43641,0,0.7017624,0,0,-0.05834389,3127.351,1.828427,0.999078,Left,Down,-0.1046783,-0.428688,TransSharp
240.9999,38.32917,0,0.6587327,0,0,-0.1079419,3128.885,1.827805,0.9990352,Left,Down,-0.09065409,-0.4370346,TransSharp
241.0399,38.22282,0,0.6065476,0,0,-0.162272,3130.416,1.827658,0.9989914,Left,Down,-0.09065409,-0.4439087,TransSharp
241.0799,38.1169,0,0.5763316,0,0,-0.2202498,3131.941,1.827705,0.9989465,Left,Down,-0.08622923,-0.4506149,TransSharp
241.1199,38.01123,0,0.5699229,0,0,-0.281869,3133.463,1.829762,0.9989008,Left,Down,-0.08846933,-0.4572983,TransSharp
241.1599,37.90511,0,0.5754161,0,0,-0.3355916,3134.98,1.830417,0.998854,Left,Down,-0.08846933,-0.4639511,TransSharp
241.1999,37.79876,0,0.6303513,0,0,-0.3844867,3136.493,1.830059,0.9988063,Left,Down,-0.06852804,-0.4701004,TransSharp
241.2399,37.69176,0,0.6724656,0,0,-0.4353937,3138.002,1.829686,0.9987576,Left,Down,-0.06852804,-0.4749908,TransSharp
241.2799,37.58491,0,0.6898606,0,0,-0.4874544,3139.506,1.829232,0.9987079,Left,Down,-0.06852804,-0.4798508,TransSharp
241.3199,37.47781,0,0.6843674,0,0,-0.5402671,3141.007,1.829147,0.9986573,Left,Down,-0.07132626,-0.4847107,TransSharp
241.3599,37.3704,0,0.6651413,0,0,-0.5934584,3142.502,1.829492,0.9986057,Left,Down,-0.06852804,-0.4895401,TransSharp
241.3999,37.26264,0,0.6294358,0,0,-0.6464348,3143.994,1.829799,0.998553,Left,Down,-0.06852804,-0.4943619,TransSharp
241.4399,37.1547,0,0.6010544,0,0,-0.6990105,3145.481,1.829715,0.9984995,Straight,Down,-0.04423466,-0.4987793,TransSharp
241.4799,37.04651,0,0.5479503,0,0,-0.7504185,3146.964,1.830694,0.998445,Straight,Down,-0.04423466,-0.5013199,TransSharp
241.5199,36.93811,0,0.5113292,0,0,-0.8008182,3148.443,1.83131,0.9983895,Straight,Down,-0.04423466,-0.5038452,TransSharp
241.5599,36.82915,0,0.4646373,0,0,-0.8412002,3149.917,1.830997,0.998333,Straight,Down,-0.03956468,-0.5063705,TransSharp
241.5999,36.7199,0,0.4097056,0,0,-0.8775432,3151.387,1.830591,0.9982756,Straight,Down,-0.04423466,-0.5088882,TransSharp
241.6399,36.61052,0,0.3849864,0,0,-0.9122902,3152.853,1.830502,0.9982172,Straight,Down,-0.04423466,-0.5113907,TransSharp
241.6799,36.50132,0,0.3620982,0,0,-0.9449047,3154.314,1.83067,0.9981577,Straight,Down,-0.04423466,-0.5138931,TransSharp
241.7199,36.39211,0,0.3575206,0,0,-0.9750217,3155.771,1.830598,0.9980974,Straight,Down,-0.04423466,-0.5163879,TransSharp
241.7599,36.28294,0,0.3575206,0,0,-1.00246,3157.223,1.83057,0.9980361,Straight,Down,-0.04423466,-0.5188751,TransSharp
241.7999,36.17387,0,0.3575206,0,0,-1.027041,3158.671,1.830358,0.9979738,Straight,Down,-0.04423466,-0.5213547,TransSharp
241.8399,36.06493,0,0.3575206,0,0,-1.048471,3160.115,1.830565,0.9979105,Straight,Down,0,-0.5238266,TransSharp
241.8799,35.95617,0,0.3575206,0,0,-1.066558,3161.554,1.830834,0.9978463,Straight,Down,0,-0.5220184,TransSharp
241.9199,35.84761,0,0.3575206,0,0,-1.081001,3162.989,1.830992,0.997781,Straight,Down,0,-0.5198593,TransSharp
241.9599,35.73927,0,0.3575206,0,0,-1.091952,3164.42,1.83088,0.9977148,Straight,Down,0,-0.5176926,TransSharp
241.9999,35.63118,0,0.3575206,0,0,-1.09929,3165.846,1.830609,0.9976476,Straight,Down,0,-0.5155334,TransSharp
242.0399,35.52335,0,0.3620982,0,0,-1.102456,3167.268,1.830679,0.9975796,Straight,Down,0,-0.513382,TransSharp
242.0799,35.41579,0,0.3630137,0,0,-1.101943,3168.686,1.83077,0.9975104,Straight,Down,0,-0.5112381,TransSharp
242.1199,35.30851,0,0.3630137,0,0,-1.097517,3170.099,1.830795,0.9974405,Straight,Down,0,-0.5091019,TransSharp
242.1599,35.20152,0,0.3630137,0,0,-1.088792,3171.508,1.830915,0.9973694,Straight,Down,0,-0.506958,TransSharp
242.1999,35.09483,0,0.3685069,0,0,-1.076324,3172.913,1.830954,0.9972974,Straight,Down,0,-0.5048294,TransSharp
242.2399,34.98844,0,0.3758311,0,0,-1.059725,3174.314,1.830918,0.9972244,Straight,Down,0,-0.5027084,TransSharp
242.2799,34.88233,0,0.3913951,0,0,-1.039094,3175.71,1.831059,0.9971504,Straight,Down,0,-0.5005875,TransSharp
242.3199,34.7766,0,0.4106212,0,0,-1.013984,3177.102,1.831103,0.9970756,Straight,Down,0,-0.4984741,TransSharp
242.3599,34.67111,0,0.4344249,0,0,-0.9846323,3178.49,1.831099,0.9969996,Straight,Down,0,-0.4963608,TransSharp
242.3999,34.56592,0,0.4463267,0,0,-0.9508924,3179.874,1.831082,0.9969228,Straight,Down,0,-0.4942627,TransSharp
242.4399,34.46099,0,0.4463267,0,0,-0.9127867,3181.253,1.831126,0.996845,Straight,Down,0,-0.492157,TransSharp
242.4799,34.3563,0,0.4463267,0,0,-0.8702099,3182.629,1.830871,0.9967662,Straight,Down,0,-0.4900665,TransSharp
242.5199,34.25193,0,0.4335093,0,0,-0.8235352,3184,1.830653,0.9966865,Straight,Down,0,-0.4879837,TransSharp
242.5599,34.14697,0,0.3996348,0,0,-0.7766447,3185.367,1.830238,0.9966057,Straight,Down,0,-0.4859009,TransSharp
242.5999,34.04231,0,0.3501928,0,0,-0.7343044,3186.729,1.828424,0.996524,Straight,Down,0,-0.4838257,TransSharp
242.6399,33.93769,0,0.3199804,0,0,-0.6876709,3188.088,1.827296,0.9964414,Straight,Down,0,-0.4817505,TransSharp
242.6799,33.83423,0,0.2970922,0,0,-0.6365645,3189.442,1.827118,0.9963577,Straight,Down,0,-0.4796906,TransSharp
242.7199,33.73122,0,0.291599,0,0,-0.5813617,3190.792,1.8272,0.9962731,Straight,Down,0,-0.477623,TransSharp
242.7599,33.62883,0,0.291599,0,0,-0.5214001,3192.139,1.827108,0.9961876,Straight,Down,0,-0.4755707,TransSharp
242.7999,33.5272,0,0.291599,0.003967346,0,-0.4573658,3193.481,1.828819,0.9961011,Straight,Down,0,-0.4735184,TransSharp
242.8399,33.42535,0,0.291599,0.0555581,0,-0.392282,3194.819,1.82991,0.9960136,Straight,Down,0,-0.4714813,TransSharp
242.8799,33.32915,0,0.2806127,0.123003,0,-0.3329875,3196.153,1.828292,0.9959251,Straight,Down,0.02797646,-0.4694443,TransSharp
242.9199,33.24838,0,0.272373,0.1388876,0,-0.2698788,3197.484,1.827149,0.9958357,Right,Down,0.05595291,-0.4645157,TransSharp
242.9599,33.176,0,0.2595556,0.142855,0,-0.2025284,3198.812,1.826669,0.9957453,Right,Down,0.05595291,-0.4575958,TransSharp
242.9999,33.10603,0,0.2494848,0.142855,0,-0.1307771,3200.136,1.827349,0.9956539,Right,Down,0.05595291,-0.4506836,TransSharp
243.0399,33.03828,0,0.2439916,0.142855,0,-0.05751052,3201.458,1.829246,0.9955616,Right,Down,0.05934703,-0.443779,TransSharp
243.0799,32.96859,0,0.2439916,0.142855,0,0.009388596,3202.778,1.827645,0.9954683,Right,Down,0.05595291,-0.4368896,TransSharp
243.1199,32.90008,0,0.2421606,0.1190356,0,0.07990012,3204.095,1.826252,0.995374,Right,Down,0.05595291,-0.4300156,TransSharp
243.1599,32.82727,0,0.2265966,0.1190356,0,0.1545796,3205.408,1.825891,0.9952788,Right,Down,0.05934703,-0.4231491,TransSharp
243.1999,32.75555,0,0.18906,0.1150683,0,0.2305202,3206.719,1.827965,0.9951826,Right,Down,0.08392937,-0.41539,TransSharp
243.2399,32.68135,0,0.1368749,0.1111009,0,0.2992983,3208.027,1.82631,0.9950854,Right,Down,0.08392937,-0.4060287,TransSharp
243.2799,32.60752,0,0.06546021,0.1031662,0,0.3714797,3209.332,1.824401,0.9949872,Right,Down,0.08392937,-0.3966904,TransSharp
243.3199,32.53353,0,0.0453186,0.1031662,0,0.4467674,3210.634,1.826636,0.9948882,Right,Down,0.08392937,-0.3873672,TransSharp
243.3599,32.45866,0,0.0453186,0.1031662,0,0.5148308,3211.933,1.826159,0.9947882,Right,Down,0.08392937,-0.378067,TransSharp
243.3999,32.38253,0,0.09384155,0.1031662,0,0.5840425,3213.229,1.823625,0.9946871,Right,Down,0.1101434,-0.3682709,TransSharp
243.4399,32.30951,0,0.1295507,0.1031662,0,0.6559747,3214.522,1.82622,0.9945852,Right,Down,0.1083524,-0.3566895,TransSharp
243.4799,32.23476,0,0.1725805,0.1031662,0,0.7184815,3215.813,1.82472,0.9944822,Right,Down,0.1083524,-0.3451233,TransSharp
243.5199,32.15914,0,0.1963842,0.1031662,0,0.7841196,3217.1,1.823413,0.9943783,Right,Down,0.1083524,-0.33358,TransSharp
243.5599,32.08662,0,0.2009618,0.1031662,0,0.8461235,3218.384,1.824793,0.9942734,Right,Down,0.1341704,-0.3217316,TransSharp
243.5999,32.01147,0,0.1945531,0.1031662,0,0.9046297,3219.666,1.822038,0.9941676,Right,Down,0.132704,-0.3079605,TransSharp
243.6399,31.93897,0,0.1789892,0.1031662,0,0.962303,3220.944,1.824546,0.9940608,Right,Down,0.1341704,-0.2942123,TransSharp
243.6799,31.86457,0,0.1597631,0.1031662,0,1.013093,3222.219,1.821659,0.993953,Right,Down,0.1493534,-0.2804947,TransSharp
243.7199,31.79192,0,0.140537,0.1031662,0,1.063027,3223.491,1.823846,0.9938442,Right,Down,0.1582588,-0.2651367,TransSharp
243.7599,31.71797,0,0.1185644,0.1031662,0,1.106101,3224.76,1.820981,0.9937345,Right,Down,0.1582588,-0.2491989,TransSharp
243.7999,31.64605,0,0.1057434,0.1031662,0,1.144712,3226.027,1.823262,0.993624,Right,Down,0.1780411,-0.2332916,TransSharp
243.8399,31.57334,0,0.09933472,0.1031662,0,1.179173,3227.29,1.823671,0.9935123,Right,Down,0.1823843,-0.2154846,TransSharp
243.8799,31.50027,0,0.0819397,0.0991989,0,1.203401,3228.551,1.822504,0.9933997,Right,Down,0.1876719,-0.1973343,TransSharp
243.9199,31.42737,0,0.04623413,0.09523156,0,1.228123,3229.809,1.821668,0.9932861,Right,Down,0.20842,-0.1784515,TransSharp
243.9599,31.35386,0,-0.02883911,0.09126421,0,1.255155,3231.064,1.821754,0.9931717,Right,Down,0.20842,-0.1580353,TransSharp
243.9999,31.27883,0,-0.1112384,0.09126421,0,1.272138,3232.316,1.820724,0.9930562,Right,Flat,0.2349025,-0.1374359,TransSharp
244.0399,31.20383,0,-0.1542681,0.09126421,0,1.289761,3233.564,1.81986,0.9929398,Right,Flat,0.2349025,-0.1146698,TransSharp
244.0799,31.12945,0,-0.1542681,0.09126421,0,1.309126,3234.81,1.819958,0.9928224,Right,Flat,0.2624426,-0.09178162,TransSharp
244.1199,31.05507,0,-0.1194781,0.09126421,0,1.327397,3236.053,1.820325,0.992704,Right,Flat,0.2654082,-0.06661987,TransSharp
244.1599,30.98037,0,-0.05172729,0.09126421,0,1.336552,3237.293,1.819431,0.9925848,Right,Flat,0.2907402,-0.04084015,TransSharp
244.1999,30.90603,0,0.009613037,0.09126421,0,1.347751,3238.53,1.819013,0.9924644,Right,Flat,0.220287,-0.01325226,TransSharp
244.2399,30.83183,0,0.02243042,0.09126421,0,1.360496,3239.764,1.819392,0.9923432,Right,Flat,0.1690205,0.02191925,TransSharp
244.2799,30.75767,0,0.02243042,0.1111009,0,1.374655,3240.996,1.820252,0.9922211,Right,Flat,0.1678588,0.06101227,TransSharp
244.3199,30.68512,0,0.00869751,0.1190356,0,1.38248,3242.224,1.820127,0.9920979,Right,Flat,0.1506579,0.1000214,TransSharp
244.3599,30.61599,0,-0.02334595,0.1190356,0,1.386137,3243.449,1.819363,0.9919738,Right,Flat,0.1341704,0.1347809,TransSharp
244.3999,30.5481,0,-0.05172729,0.123003,0,1.390664,3244.672,1.819113,0.9918487,Right,Up,0.1341704,0.1668472,TransSharp
244.4399,30.48055,0,-0.05722046,0.1269856,0,1.39636,3245.892,1.819295,0.9917227,Right,Up,0.1341704,0.198822,TransSharp
244.4799,30.41401,0,-0.05722046,0.1309529,0,1.402981,3247.109,1.819774,0.9915957,Right,Up,0.1136409,0.2307358,TransSharp
244.5199,30.34898,0,-0.05722046,0.1309529,0,1.410428,3248.323,1.820323,0.9914678,Right,Up,0.1083524,0.256897,TransSharp
244.5599,30.28406,0,-0.0590533,0.1309529,0,1.410401,3249.536,1.819903,0.9913388,Right,Up,0.1083524,0.2820663,TransSharp
244.5999,30.21892,0,-0.06363094,0.1309529,0,1.406249,3250.745,1.818966,0.991209,Right,Up,0.1083524,0.3071899,TransSharp
244.6399,30.15425,0,-0.06363094,0.1309529,0,1.402666,3251.952,1.818705,0.9910782,Right,Up,0.1083524,0.3322601,TransSharp
244.6799,30.08945,0,-0.06363094,0.1309529,0,1.39956,3253.156,1.81894,0.9909465,Right,Up,0.08392937,0.3563538,TransSharp
244.7199,30.02479,0,-0.05172729,0.1309529,0,1.397171,3254.358,1.819363,0.9908137,Right,Up,0.08622923,0.3754349,TransSharp
244.7599,29.96034,0,-0.02151489,0.1349203,0,1.395257,3255.557,1.819856,0.99068,Right,Up,0.08622923,0.3944626,TransSharp
244.7999,29.89685,0,0.01602173,0.1349203,0,1.393956,3256.753,1.820204,0.9905454,Right,Up,0.08392937,0.4134521,TransSharp
244.8399,29.83369,0,0.04440308,0.1349203,0,1.392886,3257.948,1.820444,0.9904097,Right,Up,0.08622923,0.4324036,TransSharp
244.8799,29.77046,0,0.07644653,0.1388876,0,1.384166,3259.139,1.820121,0.9902732,Right,Up,0.08392937,0.4513245,TransSharp
244.9199,29.70734,0,0.110321,0.1626917,0,1.370841,3260.328,1.819199,0.9901357,Right,Up,0.0656106,0.469841,TransSharp
244.9599,29.64851,0,0.1295507,0.1745937,0,1.358176,3261.514,1.818652,0.9899972,Right,Up,0.0656106,0.4834595,TransSharp
244.9999,29.59311,0,0.140537,0.1745937,0,1.346,3262.699,1.818596,0.9898578,Right,Up,0.06255726,0.4970474,TransSharp
245.0399,29.53862,0,0.1414526,0.1745937,0,1.334158,3263.881,1.818827,0.9897175,Right,Up,0.0656106,0.5106201,TransSharp
245.0799,29.48437,0,0.1414526,0.1745937,0,1.322802,3265.061,1.819097,0.9895762,Right,Up,0.06255726,0.5241623,TransSharp
245.1199,29.43033,0,0.1460302,0.1745937,0,1.311676,3266.239,1.819418,0.9894338,Right,Up,0.0656106,0.537674,TransSharp
245.1599,29.37647,0,0.1515234,0.1745937,0,1.300802,3267.414,1.81966,0.9892906,Right,Up,0.0656106,0.5511627,TransSharp
245.1999,29.3228,0,0.1588476,0.1745937,0,1.290178,3268.588,1.81968,0.9891464,Right,Up,0.0656106,0.5646286,TransSharp
245.2399,29.26927,0,0.1597631,0.1745937,0,1.280036,3269.759,1.819773,0.9890012,Straight,Up,0.04423466,0.578064,TransSharp
245.2799,29.21592,0,0.1698339,0.1745937,0,1.270216,3270.928,1.819722,0.9888551,Straight,Up,0.04845664,0.5871048,TransSharp
245.3199,29.16296,0,0.1835668,0.1745937,0,1.26061,3272.095,1.820025,0.9887081,Straight,Up,0.04423466,0.5957718,TransSharp
245.3599,29.10927,0,0.1963842,0.1745937,0,1.238317,3273.26,1.818862,0.9885601,Straight,Up,0.04423466,0.6044235,TransSharp
245.3999,29.05573,0,0.2174413,0.1745937,0,1.216485,3274.423,1.81798,0.9884111,Straight,Up,0.04423466,0.6130676,TransSharp
245.4399,29.00265,0,0.2201879,0.1745937,0,1.195288,3275.583,1.817634,0.9882612,Straight,Up,0.04423466,0.6216888,TransSharp
245.4799,28.94927,0,0.2201879,0.154757,0,1.174896,3276.742,1.817638,0.9881103,Straight,Up,0.04423466,0.6302948,TransSharp
245.5199,28.89432,0,0.2201879,0.154757,0,1.155037,3277.898,1.817865,0.9879586,Straight,Up,0.04423466,0.6388779,TransSharp
245.5599,28.83706,0,0.2201879,0.154757,0,1.135954,3279.052,1.818065,0.9878057,Straight,Up,0.04845664,0.6474533,TransSharp
245.5999,28.77988,0,0.2201879,0.154757,0,1.117372,3280.204,1.818266,0.9876521,Straight,Up,0.04845664,0.6559982,TransSharp
245.6399,28.72287,0,0.2201879,0.154757,0,1.099299,3281.354,1.81833,0.9874973,Straight,Up,0.04423466,0.6645355,TransSharp
245.6799,28.66602,0,0.2201879,0.1745937,0,1.082093,3282.501,1.818499,0.9873418,Straight,Up,0.04845664,0.6730499,TransSharp
245.7199,28.61106,0,0.2201879,0.1745937,0,1.065718,3283.646,1.818527,0.9871852,Straight,Up,0.02797646,0.6809616,TransSharp
245.7599,28.55874,0,0.2201879,0.1745937,0,1.050195,3284.789,1.818527,0.9870276,Straight,Up,0.02797646,0.6847305,TransSharp
245.7999,28.50665,0,0.2201879,0.1745937,0,1.035523,3285.93,1.818528,0.9868692,Straight,Up,0.02797646,0.6884918,TransSharp
245.8399,28.45472,0,0.2183568,0.1785611,0,1.021812,3287.068,1.818495,0.9867098,Straight,Up,0.01978234,0.6922531,TransSharp
245.8799,28.40331,0,0.1936376,0.1785611,0,1.009158,3288.205,1.818356,0.9865494,Straight,Up,0.02797646,0.6959915,TransSharp
245.9199,28.3525,0,0.1460302,0.1785611,0,0.9975998,3289.34,1.81813,0.9863881,Straight,Up,0.02797646,0.6997375,TransSharp
245.9599,28.30187,0,0.110321,0.1785611,0,0.9869141,3290.472,1.817876,0.9862258,Straight,Up,0.02797646,0.7034683,TransSharp
245.9999,28.25142,0,0.05172729,0.1785611,0,0.9771175,3291.603,1.817764,0.9860626,Straight,Up,0.02797646,0.7071991,TransSharp
246.0399,28.20113,0,0.02243042,0.1785611,0,0.9682016,3292.731,1.817674,0.9858985,Straight,Up,0.02797646,0.7109222,TransSharp
246.0799,28.15103,0,0.0050354,0.1825284,0,0.9601446,3293.858,1.817461,0.9857334,Straight,Up,0.02797646,0.7146301,TransSharp
246.1199,28.10126,0,-0.005950928,0.1825284,0,0.9530585,3294.982,1.817114,0.9855673,Straight,Up,0.01978234,0.718338,TransSharp
246.1599,28.05275,0,-0.02243042,0.1825284,0,0.935955,3296.105,1.817565,0.9854003,Straight,Up,0.02797646,0.7220459,TransSharp
246.1999,28.00452,0,-0.02883911,0.2063325,0,0.9189209,3297.225,1.817913,0.9852324,Straight,Up,0.02797646,0.7257309,TransSharp
246.2399,27.95863,0,-0.0453186,0.2301518,0,0.9028243,3298.344,1.817905,0.9850635,Straight,Up,0.02797646,0.7294159,TransSharp
246.2799,27.91973,0,-0.07644832,0.2698253,0,0.8875735,3299.461,1.817625,0.9848936,Straight,Up,0.02797646,0.7331009,TransSharp
246.3199,27.88855,0,-0.1176471,0.2737926,0,0.8731139,3300.577,1.817268,0.9847228,Straight,Up,0.02797646,0.7367859,TransSharp
246.3599,27.86073,0,-0.1414508,0.2737926,0,0.8594841,3301.692,1.816947,0.9845511,Straight,Up,0.02797646,0.7404556,TransSharp
246.3999,27.83316,0,-0.1670855,0.2737926,0,0.8466698,3302.805,1.816582,0.9843784,Straight,Up,0.02797646,0.7441254,TransSharp
246.4399,27.80571,0,-0.1835668,0.2737926,0,0.8344375,3303.918,1.816179,0.9842048,Straight,Up,0.02797646,0.7477951,TransSharp
246.4799,27.77833,0,-0.1972997,0.2737926,0,0.822701,3305.029,1.815828,0.9840302,Straight,Up,0.02797646,0.7514572,TransSharp
246.5199,27.75106,0,-0.2137792,0.2737926,0,0.811457,3306.139,1.81546,0.9838548,Straight,Up,0,0.7551117,TransSharp
246.5599,27.72386,0,-0.2183568,0.2737926,0,0.8006392,3307.249,1.815229,0.9836783,Straight,Up,0,0.7519608,TransSharp
246.5999,27.69675,0,-0.2183568,0.2737926,0,0.7901313,3308.357,1.815024,0.9835009,Straight,Up,0,0.7463074,TransSharp
246.6399,27.66972,0,-0.2183568,0.2737926,0,0.7798001,3309.464,1.814907,0.9833226,Straight,Up,0,0.7406464,TransSharp
246.6799,27.64277,0,-0.1835668,0.2737926,0,0.7693565,3310.57,1.814666,0.9831433,Straight,Up,0,0.7350006,TransSharp
246.7199,27.61588,0,-0.1524371,0.2737926,0,0.7589869,3311.675,1.81437,0.9829631,Straight,Up,0,0.7293549,TransSharp
246.7599,27.58908,0,-0.1359576,0.2737926,0,0.7489549,3312.778,1.814132,0.9827819,Straight,Up,0,0.7237244,TransSharp
246.7999,27.56231,0,-0.1176471,0.2737926,0,0.7391738,3313.881,1.814061,0.9825999,Straight,Up,0,0.7180939,TransSharp
246.8399,27.53562,0,-0.0993365,0.2737926,0,0.7293129,3314.983,1.813917,0.9824167,Straight,Up,0,0.7124634,TransSharp
246.8799,27.50899,0,-0.06454647,0.2737926,0,0.7193435,3316.084,1.813718,0.9822328,Straight,Up,0,0.7068558,TransSharp
246.9199,27.48244,0,-0.02243042,0.2737926,0,0.7091809,3317.183,1.813463,0.9820479,Straight,Up,0,0.7012405,TransSharp
246.9599,27.45595,0,0.0050354,0.2737926,0,0.6989272,3318.281,1.813267,0.9818619,Straight,Up,0,0.6956253,TransSharp
246.9999,27.42955,0,0.02059937,0.2737926,0,0.6885685,3319.379,1.813081,0.9816751,Straight,Up,0,0.6900253,TransSharp
247.0399,27.40321,0,0.02059937,0.2737926,0,0.6781764,3320.475,1.812942,0.9814875,Straight,Up,0,0.6844254,TransSharp
247.0799,27.37696,0,0.02059937,0.2737926,0,0.6675612,3321.571,1.812811,0.9812988,Straight,Up,0,0.678833,TransSharp
247.1199,27.35078,0,0.02059937,0.27776,0,0.6566864,3322.665,1.812584,0.9811091,Straight,Up,0,0.6732483,TransSharp
247.1599,27.32507,0,0.0151062,0.2936446,0,0.6455308,3323.759,1.812306,0.9809186,Straight,Up,0,0.6676636,TransSharp
247.1999,27.30184,0,0.00869751,0.3055466,0,0.6342906,3324.851,1.812104,0.9807271,Straight,Up,0,0.6620865,TransSharp
247.2399,27.28219,0,0.004119873,0.309514,0,0.622667,3325.942,1.811986,0.9805347,Straight,Up,0,0.656517,TransSharp
247.2799,27.26404,0,-0.0050354,0.3134814,0,0.6107461,3327.033,1.81185,0.9803413,Straight,Up,0,0.6509399,TransSharp
247.3199,27.24683,0,-0.01602173,0.3134814,0,0.5984731,3328.123,1.8116,0.980147,Straight,Up,0,0.6453705,TransSharp
247.3599,27.22975,0,-0.02151489,0.3134814,0,0.5857313,3329.212,1.811443,0.9799519,Straight,Up,0,0.6398163,TransSharp
247.3999,27.21273,0,-0.02151489,0.3174487,0,0.5727183,3330.301,1.811313,0.9797556,Straight,Up,0,0.6342545,TransSharp
247.4399,27.19656,0,-0.02151489,0.3174487,0,0.5593698,3331.389,1.811178,0.9795585,Straight,Up,0,0.6287003,TransSharp
247.4799,27.1805,0,-0.02151489,0.3174487,0,0.5455281,3332.477,1.81094,0.9793605,Straight,Up,0,0.6231461,TransSharp
247.5199,27.16449,0,-0.02151489,0.3452201,0,0.5315375,3333.563,1.810754,0.9791615,Straight,Up,0,0.6175995,TransSharp
247.5599,27.1525,0,-0.02151489,0.3690242,0,0.5171771,3334.649,1.810573,0.9789615,Straight,Up,0,0.6120529,TransSharp
247.5999,27.14572,0,-0.02151489,0.3849088,0,0.5026097,3335.735,1.810414,0.9787607,Straight,Up,0,0.606514,TransSharp
247.6399,27.14382,0,-0.02151489,0.3849088,0,0.487799,3336.821,1.81012,0.9785589,Straight,Up,0,0.6009674,TransSharp
247.6799,27.14266,0,-0.02334595,0.3849088,0,0.4728066,3337.907,1.809961,0.9783562,Straight,Up,0,0.5954208,TransSharp
247.7199,27.14152,0,-0.02975464,0.3849088,0,0.4576046,3338.993,1.809745,0.9781526,Straight,Up,0,0.5898819,TransSharp
247.7599,27.14041,0,-0.02975464,0.3849088,0,0.442207,3340.078,1.809577,0.977948,Straight,Up,0,0.5843353,TransSharp
247.7999,27.13933,0,-0.03341675,0.3849088,0,0.4263723,3341.164,1.809318,0.9777425,Straight,Up,0,0.5787964,TransSharp
247.8399,27.1382,0,-0.03341675,0.3849088,0,0.4101204,3342.249,1.809113,0.977536,Straight,Up,0,0.5732498,TransSharp
247.8799,27.13709,0,-0.03341675,0.3849088,0,0.3937883,3343.334,1.809021,0.9773287,Straight,Up,0,0.5677109,TransSharp
247.9199,27.13596,0,-0.03341675,0.3849088,0,0.3770575,3344.42,1.808891,0.9771203,Straight,Up,0,0.5621643,TransSharp
247.9599,27.13488,0,-0.03341675,0.3849088,0,0.3599343,3345.505,1.808744,0.9769111,Straight,Up,0,0.5566254,TransSharp
247.9999,27.13377,0,-0.02792358,0.3849088,0,0.3425449,3346.591,1.808545,0.976701,Straight,Up,0,0.5510788,TransSharp
248.0399,27.13271,0,-0.02426147,0.3928435,0,0.3248412,3347.676,1.80831,0.9764899,Straight,Up,0,0.5455399,TransSharp
248.0799,27.13278,0,-0.02426147,0.4166476,0,0.306997,3348.762,1.808122,0.9762779,Straight,Up,0,0.5400009,TransSharp
248.1199,27.13652,0,-0.02426147,0.4245823,0,0.2888966,3349.847,1.807956,0.9760648,Straight,Up,0,0.5344543,TransSharp
248.1599,27.14391,0,-0.02426147,0.4245823,0,0.2707668,3350.933,1.807797,0.9758511,Straight,Up,0,0.5289078,TransSharp
248.1999,27.15146,0,-0.02426147,0.4245823,0,0.252348,3352.019,1.80759,0.9756362,Straight,Up,0,0.5233688,TransSharp
248.2399,27.159,0,-0.02426147,0.4245823,0,0.2336022,3353.105,1.807459,0.9754205,Straight,Up,0,0.5178223,TransSharp
248.2799,27.16648,0,-0.01693726,0.4245823,0,0.2146828,3354.192,1.807261,0.9752038,Straight,Up,0,0.5122681,TransSharp
248.3199,27.17401,0,-0.01144409,0.4245823,0,0.1954306,3355.279,1.806992,0.9749863,Straight,Up,0,0.5067215,TransSharp
248.3599,27.18144,0,-0.009613037,0.4285496,0,0.1759968,3356.366,1.80683,0.9747677,Straight,Up,0,0.5011673,TransSharp
248.3999,27.18929,0,-0.004119873,0.432517,0,0.1562634,3357.453,1.806654,0.9745483,Straight,Up,0,0.4956131,TransSharp
248.4399,27.19839,0,0.003204346,0.432517,0,0.1363564,3358.541,1.806481,0.9743279,Straight,Up,0,0.4900589,TransSharp
248.4799,27.20751,0,0.009613037,0.4603037,0,0.1163701,3359.629,1.806422,0.9741066,Straight,Up,0,0.4845047,TransSharp
248.5199,27.22096,0,0.01602173,0.4722057,0,0.09594825,3360.718,1.806273,0.9738844,Straight,Up,0,0.4789429,TransSharp
248.5599,27.23804,0,0.02792358,0.4722057,0,0.0753265,3361.807,1.806137,0.9736612,Straight,Up,0,0.473381,TransSharp
248.5999,27.2547,0,0.04440308,0.4722057,0,0.05454978,3362.897,1.805675,0.9734372,Straight,Up,0,0.4678192,TransSharp
248.6399,27.26805,0,0.05172729,0.4722057,0,0.03627819,3363.988,1.806062,0.9732121,Straight,Up,0,0.4622574,TransSharp
248.6799,27.29058,0,0.07553101,0.4722057,0,0.02157599,3365.079,1.809442,0.9729863,Straight,Up,0,0.4566879,TransSharp
248.7199,27.30703,0,0.1130676,0.4722057,0,0.006764144,3366.172,1.811598,0.9727595,Straight,Up,0,0.4511261,TransSharp
248.7599,27.32776,0,0.1350439,0.476173,0,-0.007963628,3367.265,1.811829,0.9725317,Straight,Up,0,0.445549,TransSharp
248.7999,27.35082,0,0.1469457,0.476173,0,-0.0227437,3368.359,1.810901,0.9723031,Straight,Up,0,0.4399643,TransSharp
248.8399,27.37303,0,0.1469457,0.476173,0,-0.03740987,3369.453,1.80952,0.9720734,Straight,Up,0,0.4343719,TransSharp
248.8799,27.39456,0,0.1350439,0.4801404,0,-0.05204776,3370.549,1.80812,0.971843,Straight,Up,0,0.428772,TransSharp
248.9199,27.41643,0,0.1176488,0.4801404,0,-0.06674299,3371.645,1.80689,0.9716115,Straight,Up,0,0.423172,TransSharp
248.9599,27.43805,0,0.110321,0.4801404,0,-0.08143046,3372.742,1.805817,0.9713792,Straight,Up,0,0.417572,TransSharp
248.9999,27.45948,0,0.1057434,0.4801404,0,-0.09615359,3373.841,1.804951,0.971146,Straight,Up,0,0.4119644,TransSharp
249.0399,27.48079,0,0.1057434,0.4801404,0,-0.1106826,3374.939,1.804345,0.9709117,Straight,Up,-0.03426402,0.4062881,TransSharp
249.0799,27.50199,0,0.09841919,0.4801404,0,-0.1250675,3376.039,1.803823,0.9706767,Straight,Up,-0.03426402,0.3840866,TransSharp
249.1199,27.52119,0,0.08926392,0.4801404,0,-0.1394311,3377.14,1.803196,0.9704406,Straight,Up,-0.03956468,0.3618698,TransSharp
249.1599,27.54112,0,0.08834839,0.4801404,0,-0.1488542,3378.241,1.803896,0.9702037,Straight,Up,-0.03426402,0.339653,TransSharp
249.1999,27.56546,0,0.08834839,0.4801404,0,-0.1545281,3379.344,1.806007,0.9699658,Straight,Up,-0.03956468,0.317421,TransSharp
249.2399,27.58506,0,0.08834839,0.4801404,0,-0.1598622,3380.447,1.807176,0.969727,Straight,Up,-0.03426402,0.2951736,TransSharp
249.2799,27.60949,0,0.08834839,0.4801404,0,-0.1650631,3381.551,1.807175,0.9694873,Straight,Up,-0.03956468,0.2728882,TransSharp
249.3199,27.63372,0,0.08834839,0.4801404,0,-0.1701074,3382.656,1.806387,0.9692467,Straight,Up,-0.03426402,0.2505798,TransSharp
249.3599,27.65718,0,0.08834839,0.4801404,0,-0.1747744,3383.763,1.805459,0.9690052,Straight,Up,-0.03426402,0.2282486,TransSharp
249.3999,27.68019,0,0.08834839,0.4801404,0,-0.1790908,3384.87,1.80441,0.9687628,Straight,Up,-0.03426402,0.2059021,TransSharp
249.4399,27.70285,0,0.08834839,0.4801404,0,-0.1829953,3385.978,1.80346,0.9685194,Straight,Up,-0.03956468,0.1835327,TransSharp
249.4799,27.72533,0,0.07644653,0.4801404,0,-0.1864388,3387.086,1.802557,0.9682752,Straight,Up,-0.03956468,0.1611404,TransSharp
249.5199,27.74764,0,0.05172729,0.4801404,0,-0.1896188,3388.196,1.801875,0.96803,Straight,Flat,-0.03426402,0.1387405,TransSharp
249.5599,27.76985,0,0.02700806,0.4801404,0,-0.1923723,3389.306,1.80145,0.9677839,Straight,Flat,0,0.1203003,TransSharp
249.5999,27.79199,0,-0.009613037,0.4801404,0,-0.1949886,3390.418,1.80099,0.9675369,Straight,Flat,0,0.1152267,TransSharp
249.6399,27.81403,0,-0.04074097,0.4801404,0,-0.1972659,3391.531,1.800608,0.967289,Straight,Flat,0,0.1101379,TransSharp
249.6799,27.83607,0,-0.0590533,0.4801404,0,-0.1993297,3392.644,1.800282,0.9670402,Straight,Flat,0,0.1050568,TransSharp
249.7199,27.85805,0,-0.0590533,0.4801404,0,-0.2011836,3393.758,1.79996,0.9667905,Straight,Flat,0,0.09996033,TransSharp
249.7599,27.87996,0,-0.0590533,0.4801404,0,-0.203015,3394.873,1.799654,0.9665398,Straight,Flat,-0.01978234,0.09487152,TransSharp
249.7999,27.90181,0,-0.0590533,0.4801404,0,-0.2044388,3395.989,1.799436,0.9662883,Straight,Flat,0,0.08977509,TransSharp
249.8399,27.92364,0,-0.0590533,0.4801404,0,-0.2055309,3397.105,1.799272,0.9660357,Straight,Flat,0,0.08467102,TransSharp
249.8799,27.9454,0,-0.0590533,0.4801404,0,-0.2064209,3398.223,1.799172,0.9657824,Straight,Flat,0,0.07956696,TransSharp
249.9199,27.9671,0,-0.0590533,0.4801404,0,-0.2070462,3399.341,1.798973,0.9655281,Straight,Flat,0,0.07445526,TransSharp
249.9599,27.98873,0,-0.0590533,0.4801404,0,-0.2075398,3400.461,1.798709,0.965273,Straight,Flat,0,0.06934357,TransSharp
249.9999,28.01029,0,-0.0590533,0.4801404,0,-0.2077939,3401.581,1.798429,0.9650169,Straight,Flat,0,0.06422424,TransSharp
250.0399,28.03182,0,-0.0590533,0.4801404,0,-0.2078683,3402.702,1.798109,0.9647599,Straight,Flat,0,0.05910492,TransSharp
250.0799,28.04294,0,-0.0590533,0.4801404,0,-0.2085599,3403.823,1.796901,0.964502,Straight,Flat,0,0.0539856,TransSharp
250.1199,28.07775,0,-0.0590533,0.4801404,0,-0.2084944,3404.946,1.800146,0.9642432,Straight,Flat,0,0.04885101,TransSharp
250.1599,28.09789,0,-0.0590533,0.4801404,0,-0.2081817,3406.07,1.799017,0.9639834,Straight,Flat,0,0.04371643,TransSharp
250.1999,28.12079,0,-0.0590533,0.4801404,0,-0.2089756,3407.195,1.797401,0.9637228,Straight,Flat,0,0.03857422,TransSharp
250.2399,28.13967,0,-0.0590533,0.4801404,0,-0.2088958,3408.32,1.796355,0.9634613,Straight,Flat,0,0.03343201,TransSharp
250.2799,28.16011,0,-0.04714966,0.4563211,0,-0.2086935,3409.446,1.795687,0.9631988,Straight,Flat,0,0.02828979,TransSharp
250.3199,28.17621,0,-0.004119873,0.4364843,0,-0.2084801,3410.573,1.795404,0.9629356,Straight,Flat,-0.01978234,-0.08019257,TransSlide
250.3599,28.18933,0,-0.004119873,0.4364843,0,-0.2083503,3411.7,1.795288,0.9626714,Straight,Flat,-0.01978234,-0.09210205,TransSlide
250.3999,28.20051,0,0.003204346,0.4364843,0,-0.2083344,3412.828,1.795172,0.9624062,Straight,Flat,0,-0.1040115,TransSlide
250.4399,28.21163,0,0.003204346,0.432517,0,-0.2083646,3413.957,1.794976,0.9621402,Straight,Flat,-0.01978234,-0.1159286,TransSlide
250.4799,28.22243,0,0.003204346,0.432517,0,-0.2083875,3415.086,1.794985,0.9618732,Straight,Flat,-0.01978234,-0.127861,TransSlide
250.5199,28.23272,0,0.003204346,0.4285496,0,-0.2084975,3416.215,1.794937,0.9616054,Straight,Flat,-0.01978234,-0.1397858,TransSlide
250.5599,28.24226,0,0.003204346,0.4285496,0,-0.208943,3417.344,1.794698,0.9613366,Straight,Down,0,-0.1517181,TransSlide
250.5999,28.25166,0,0.003204346,0.4285496,0,-0.2096257,3418.474,1.794497,0.961067,Straight,Down,-0.01978234,-0.1636581,TransSlide
250.6399,28.26048,0,0.003204346,0.4285496,0,-0.2102773,3419.605,1.794223,0.9607964,Straight,Down,0,-0.1755905,TransSlide
250.6799,28.27006,0,0.00869751,0.4285496,0,-0.2107678,3420.735,1.793725,0.960525,Straight,Down,-0.01978234,-0.1875381,TransSlide
250.7199,28.27978,0,0.02059937,0.4285496,0,-0.2115656,3421.866,1.794563,0.9602527,Straight,Down,0,-0.1994858,TransSlide
250.7599,28.28838,0,0.02700806,0.4285496,0,-0.2121134,3422.998,1.794865,0.9599795,Straight,Down,-0.01978234,-0.2114334,TransSlide
250.7999,28.29857,0,0.02700806,0.4245823,0,-0.2127178,3424.13,1.794716,0.9597054,Straight,Down,0,-0.2233887,TransSlide
250.8399,28.3082,0,0.02700806,0.4206149,0,-0.2133334,3425.262,1.79443,0.9594303,Straight,Down,-0.01978234,-0.2353439,TransSlide
250.8799,28.31483,0,0.02700806,0.4206149,0,-0.2145484,3426.395,1.793933,0.9591544,Straight,Down,-0.03426402,-0.2473068,TransSlide
250.9199,28.32149,0,0.02700806,0.4126802,0,-0.2121521,3427.527,1.794578,0.9588776,Left,Down,-0.1203313,-0.2904053,TransSlide
250.9599,28.33168,0,0.02700806,0.4126802,0,-0.2064546,3428.661,1.796568,0.9585999,Left,Down,-0.1203313,-0.4021149,TransSlide
250.9999,28.33707,0,0.02700806,0.4126802,0,-0.2007163,3429.794,1.797687,0.9583213,Left,Down,-0.1203313,-0.5138855,TransSlide
251.0399,28.34134,0,0.02700806,0.4126802,0,-0.1939259,3430.928,1.79705,0.9580418,Left,Down,-0.1203313,-0.6256714,TransSlide
251.0799,28.34963,0,0.02700806,0.4126802,0,-0.188286,3432.062,1.799571,0.9577614,Left,Down,-0.09487279,-0.7373734,TransSlide
251.1199,28.36265,0,0.02700806,0.4126802,0,-0.1752056,3433.196,1.80347,0.9574801,Left,Down,-0.08392937,-0.8269577,TransSlide
251.1599,28.37404,0,0.02700806,0.4126802,0,-0.1618583,3434.331,1.804839,0.957198,Left,Down,-0.08392937,-0.9090271,TransSlide
251.1999,28.38607,0,0.02700806,0.4126802,0,-0.1494338,3435.466,1.804089,0.9569148,Left,Down,-0.08622923,-0.9912262,TransSlide
251.2399,28.40167,0,0.02700806,0.4126802,0,-0.1371115,3436.602,1.801987,0.9566309,Left,Down,-0.08392937,-1.073517,TransSlide
251.2799,28.4131,0,0.02700806,0.4126802,0,-0.1237371,3437.738,1.79905,0.956346,Left,Down,-0.08392937,-1.15583,TransSlide
251.3199,28.42678,0,0.02700806,0.4047455,0,-0.1110433,3438.875,1.799523,0.9560603,Left,Down,-0.08392937,-1.238129,TransSlide
251.3599,28.43046,0,0.02700806,0.4007782,0,-0.09641123,3440.012,1.800125,0.9557738,Straight,Down,0,-1.315727,TransSlide
251.3999,28.44711,0,0.02700806,0.3888762,0,-0.07825005,3441.15,1.803871,0.9554862,Straight,Down,0.01978234,-1.336342,TransSlide
251.4399,28.45756,0,0.02700806,0.3888762,0,-0.06103382,3442.288,1.805785,0.9551978,Straight,Down,0.01978234,-1.356979,TransSlide
251.4799,28.47038,0,0.02700806,0.3888762,0,-0.04402602,3443.427,1.804817,0.9549085,Straight,Down,0.01978234,-1.377647,TransSlide
251.5199,28.48636,0,0.02700806,0.3809415,0,-0.02698413,3444.566,1.802353,0.9546183,Straight,Down,0,-1.398338,TransSlide
251.5599,28.49878,0,0.02700806,0.3769741,0,-0.009808958,3445.706,1.79946,0.9543273,Straight,Down,0.01978234,-1.419044,TransSlide
251.5999,28.50875,0,0.02700806,0.3729915,0,0.007355362,3446.846,1.796661,0.9540353,Straight,Down,0.01978234,-1.439766,TransSlide
251.6399,28.51721,0,0.02700806,0.3690242,0,0.02465644,3447.987,1.794221,0.9537426,Straight,Down,0.01978234,-1.460487,TransSlide
251.6799,28.52452,0,0.02700806,0.3690242,0,0.04200169,3449.128,1.792312,0.9534488,Straight,Down,0.01978234,-1.481209,TransSlide
251.7199,28.53157,0,0.02700806,0.3650568,0,0.05940738,3450.269,1.790923,0.9531543,Straight,Down,0.01978234,-1.501945,TransSlide
251.7599,28.53775,0,0.02700806,0.3650568,0,0.0768646,3451.411,1.789773,0.9528587,Straight,Down,0,-1.522682,TransSlide
251.7999,28.54382,0,0.03433228,0.3650568,0,0.0944795,3452.552,1.788955,0.9525624,Straight,Down,0,-1.543419,TransSlide
251.8399,28.54987,0,0.05813599,0.3650568,0,0.1120898,3453.694,1.788386,0.952265,Straight,Down,0.01978234,-1.564171,TransSlide
251.8799,28.55594,0,0.08651733,0.3650568,0,0.1298968,3454.836,1.787947,0.951967,Straight,Down,0.01978234,-1.584915,TransSlide
251.9199,28.56203,0,0.1240575,0.3650568,0,0.1478666,3455.979,1.787637,0.9516678,Straight,Down,0,-1.605675,TransSlide
251.9599,28.5681,0,0.1643407,0.3650568,0,0.1659999,3457.122,1.787405,0.951368,Straight,Down,0.01978234,-1.626427,TransSlide
251.9999,28.57372,0,0.2192724,0.3650568,0,0.1848112,3458.265,1.787024,0.9510673,Straight,Down,0.01978234,-1.647186,TransSlide
252.0399,28.58003,0,0.2961767,0.3650568,0,0.2043264,3459.408,1.786634,0.9507656,Straight,Down,0.01978234,-1.667946,TransSlide
252.0799,28.58643,0,0.3630137,0.3650568,0,0.2241876,3460.551,1.787227,0.9504632,Straight,Down,0,-1.688713,TransSlide
252.1199,28.59198,0,0.453651,0.3650568,0,0.2447807,3461.695,1.787399,0.9501597,Straight,Down,0.01978234,-1.70948,TransSlide
252.1599,28.59869,0,0.523231,0.3650568,0,0.2657047,3462.839,1.787295,0.9498554,Straight,Down,0.01978234,-1.730263,TransSlide
252.1999,28.60531,0,0.6303513,0.3650568,0,0.2876797,3463.983,1.787143,0.9495502,Straight,Down,0,-1.751038,TransSlide
252.2399,28.61137,0,0.7072556,0.3650568,0,0.3099662,3465.127,1.786706,0.9492443,Straight,Down,0.01978234,-1.77182,TransSlide
252.2799,28.61783,0,0.7310593,0.3650568,0,0.3328827,3466.272,1.786207,0.9489372,Straight,Down,0.01978234,-1.792618,TransSlide
252.3199,28.62593,0,0.7310593,0.3650568,0,0.3556791,3467.417,1.786009,0.9486295,Right,Down,0.05233916,-1.813416,TransSlide
252.3599,28.63005,0,0.7310593,0.3650568,0,0.3705739,3468.562,1.783472,0.9483209,Right,Down,0.06852804,-1.787552,TransSlide
252.3999,28.63455,0,0.7319748,0.3650568,0,0.3869711,3469.708,1.781665,0.9480113,Right,Down,0.06852804,-1.751343,TransSlide
252.4399,28.63966,0,0.7365525,0.3650568,0,0.4051249,3470.853,1.781006,0.9477009,Right,Down,0.06852804,-1.715141,TransSlide
252.4799,28.64314,0,0.7429612,0.3650568,0,0.4248854,3471.999,1.780796,0.9473895,Right,Down,0.0656106,-1.678932,TransSlide
252.5199,28.64468,0,0.754863,0.3650568,0,0.4475849,3473.144,1.780752,0.9470775,Right,Down,0.0656106,-1.642754,TransSlide
252.5599,28.64876,0,0.7676804,0.3650568,0,0.4712062,3474.29,1.783836,0.9467643,Right,Down,0.06852804,-1.606583,TransSlide
252.5999,28.6587,0,0.7960618,0.3610895,0,0.497016,3475.437,1.787137,0.9464505,Right,Down,0.09065409,-1.570366,TransSlide
252.6399,28.65574,0,0.8390951,0.3571222,0,0.5160272,3476.583,1.781472,0.9461358,Right,Down,0.09891172,-1.514816,TransSlide
252.6799,28.65477,0,0.8729696,0.3571222,0,0.5370658,3477.729,1.776673,0.94582,Right,Down,0.09891172,-1.453484,TransSlide
252.7199,28.65493,0,0.903182,0.3412528,0,0.5617412,3478.875,1.774,0.9455036,Right,Down,0.09891172,-1.392212,TransSlide
252.7599,28.64918,0,0.9141684,0.3293507,0,0.5898008,3480.021,1.775741,0.9451861,Right,Down,0.1008706,-1.33107,TransSlide
252.7999,28.65051,0,0.920577,0.3214161,0,0.6208608,3481.167,1.781911,0.944868,Right,Down,0.1203313,-1.26992,TransSlide
252.8399,28.6328,0,0.920577,0.3214161,0,0.6471099,3482.313,1.776772,0.9445487,Right,Down,0.1266688,-1.19207,TransSlide
252.8799,28.618,0,0.920577,0.3214161,0,0.6765624,3483.457,1.77222,0.9442289,Right,Down,0.1266688,-1.109367,TransSlide
252.9199,28.60517,0,0.9214926,0.3214161,0,0.710557,3484.602,1.771079,0.9439079,Right,Down,0.1266688,-1.026886,TransSlide
252.9599,28.60188,0,0.9315634,0.3214161,0,0.7480731,3485.746,1.777972,0.9435862,Right,Down,0.1480375,-0.9444885,TransSlide
252.9999,28.57991,0,0.9379721,0.3214161,0,0.7816819,3486.889,1.773308,0.9432638,Right,Down,0.1532334,-0.8452835,TransSlide
253.0399,28.55795,0,0.9452963,0.3134814,0,0.8203858,3488.031,1.767779,0.9429403,Right,Down,0.1532334,-0.7428436,TransSlide
253.0799,28.55318,0,0.9571981,0.309514,0,0.8633839,3489.173,1.772201,0.942616,Right,Down,0.165511,-0.6406784,TransSlide
253.1199,28.53089,0,0.9800863,0.3055466,0,0.9044632,3490.315,1.771744,0.9422908,Right,Down,0.1791368,-0.5283585,TransSlide
253.1599,28.49736,0,0.9983969,0.3055466,0,0.9497417,3491.455,1.76593,0.9419648,Right,Down,0.1791368,-0.4069901,TransSlide
253.1999,28.49341,0,1.045089,0.3055466,0,1.000383,3492.595,1.771315,0.9416379,Right,Down,0.1958353,-0.2858353,TransSlide
253.2399,28.46115,0,1.104602,0.3055466,0,1.047949,3493.734,1.768678,0.9413102,Right,Down,0.2046302,-0.1512909,TransSlide
253.2799,28.42167,0,1.143969,0.3055466,0,1.101779,3494.871,1.763929,0.9409815,Right,Flat,0.2074791,-0.01150513,TransSlide
253.3199,28.41039,0,1.173266,0.3055466,0,1.158177,3496.008,1.768376,0.9406521,Right,Flat,0.2306999,0.132225,TransSlide
253.3599,28.3724,0,1.185168,0.3055466,0,1.215278,3497.143,1.761979,0.9403217,Right,Up,0.2306999,0.2906418,TransSlide
253.3999,28.35878,0,1.186999,0.3055466,0,1.278788,3498.277,1.768653,0.9399905,Right,Up,0.2548778,0.449028,TransSlide
253.4399,28.31442,0,1.190661,0.3055466,0,1.339903,3499.41,1.761496,0.9396585,Right,Up,0.2564087,0.6253128,TransSlide
253.4799,28.2861,0,1.190661,0.3055466,0,1.40927,3500.542,1.76736,0.9393255,Right,Up,0.2811602,0.8022919,TransSlide
253.5199,28.24656,0,1.190661,0.3055466,0,1.475684,3501.672,1.758348,0.9389918,Right,Up,0.2832403,0.996994,TransSlide
253.5599,28.21384,0,1.190661,0.3055466,0,1.548737,3502.801,1.762777,0.9386572,Right,Up,0.749649,1.19368,TransSlide
253.5999,28.18225,0,1.18059,0.3055466,0,1.613602,3503.929,1.767257,0.9383217,Right,Up,0.886911,1.17379,TransSlide
253.6399,28.15287,0,1.154956,0.3055466,0,1.665842,3505.055,1.766737,0.9379855,Right,Up,0.8139727,1.084976,TransSlide
253.6799,28.11079,0,1.131152,0.3293507,0,1.704545,3506.18,1.771243,0.9376482,Right,Up,0.7564052,1.002289,TransSlide
253.7199,28.09559,0,1.097277,0.3412528,0,1.73147,3507.304,1.770561,0.9373102,Right,Up,0.6943616,0.9244003,TransSlide
253.7599,28.06736,0,1.044173,0.3531548,0,1.749289,3508.427,1.774346,0.9369713,Right,Up,0.6434618,0.8519897,TransSlide
253.7999,28.05058,0,0.9425497,0.3610895,0,1.758798,3509.549,1.777346,0.9366316,Right,Up,0.5951191,0.7838593,TransSlide
253.8399,28.02261,0,0.8143723,0.3610895,0,1.762632,3510.67,1.778433,0.936291,Right,Up,0.5492961,0.719841,TransSlide
253.8799,28.00093,0,0.7063401,0.3650568,0,1.759838,3511.791,1.778927,0.9359495,Right,Up,0.5082192,0.6597595,TransSlide
253.9199,27.98909,0,0.5644298,0.3690242,0,1.751566,3512.911,1.779956,0.9356072,Right,Up,0.4698059,0.6032715,TransSlide
253.9599,27.98042,0,0.4756236,0.3729915,0,1.738791,3514.03,1.779759,0.9352641,Right,Up,0.4361108,0.5501709,TransSlide
253.9999,27.96205,0,0.3804088,0.3809415,0,1.722951,3515.148,1.777792,0.9349202,Right,Up,0.4073442,0.5000687,TransSlide
254.0399,27.94657,0,0.3016698,0.3928435,0,1.706075,3516.267,1.774992,0.9345752,Right,Up,0.3636945,0.4523849,TransSlide
254.0799,27.94491,0,0.2549779,0.4047455,0,1.684471,3517.385,1.778208,0.9342297,Right,Up,0.3403488,0.4083557,TransSlide
254.1199,27.94992,0,0.1844823,0.4047455,0,1.660455,3518.503,1.777875,0.933883,Right,Up,0.3202056,0.3665771,TransSlide
254.1599,27.93949,0,0.1222265,0.4087129,0,1.638977,3519.62,1.77435,0.9335357,Right,Up,0.2818553,0.3263626,TransSlide
254.1999,27.94302,0,0.03890991,0.4245823,0,1.611581,3520.738,1.777575,0.9331874,Right,Up,0.2748253,0.2895813,TransSlide
254.2399,27.94825,0,-0.04806519,0.4285496,0,1.588324,3521.856,1.773647,0.9328384,Right,Up,0.2315465,0.2533646,TransSlide
254.2799,27.94657,0,-0.1176471,0.4285496,0,1.559032,3522.974,1.775573,0.9324886,Right,Up,0.2264194,0.2208633,TransSlide
254.3199,27.96413,0,-0.1963842,0.4285496,0,1.533805,3524.092,1.775179,0.9321377,Right,Up,0.20842,0.1888351,TransSlide
254.3599,27.95992,0,-0.256809,0.4285496,0,1.50702,3525.21,1.773139,0.9317862,Right,Up,0.1713202,0.1585999,TransSlide
254.3999,27.97878,0,-0.3401238,0.4285496,0,1.477739,3526.329,1.77437,0.9314337,Right,Flat,0.1713202,0.131279,TransSlide
254.4399,27.98518,0,-0.4234385,0.4285496,0,1.452833,3527.449,1.774049,0.9310805,Right,Flat,0.1713202,0.1039581,TransSlide
254.4799,27.98892,0,-0.4774547,0.4285496,0,1.427926,3528.569,1.770633,0.9307263,Right,Flat,0.09691329,0.07673645,TransSlide
254.5199,28.00509,0,-0.530557,0.4285496,0,1.395489,3529.688,1.771354,0.9303714,Right,Flat,0.09691329,0.05570984,TransSlide
254.5599,28.0148,0,-0.5525297,0.4285496,0,1.366107,3530.809,1.772247,0.9300154,Right,Flat,0.09487279,0.03470612,TransSlide
254.5999,28.02525,0,-0.5534452,0.4285496,0,1.339202,3531.93,1.772252,0.9296589,Right,Flat,0.09691329,0.01369476,TransSlide
254.6399,28.03918,0,-0.5534452,0.4285496,0,1.313726,3533.051,1.7714,0.9293015,Right,Flat,0.09691329,-0.007331848,TransSlide
254.6799,28.05026,0,-0.5534452,0.432517,0,1.290482,3534.173,1.768561,0.9289432,Right,Flat,0.09691329,-0.02836609,TransSlide
254.7199,28.05851,0,-0.5671781,0.432517,0,1.268277,3535.295,1.765504,0.928584,Straight,Flat,0.04423466,-0.04938507,TransSlide
254.7599,28.0723,0,-0.594644,0.432517,0,1.241063,3536.418,1.766807,0.928224,Straight,Flat,-0.01978234,-0.06594849,TransSlide
254.7999,28.08563,0,-0.6257719,0.432517,0,1.214557,3537.542,1.768335,0.9278632,Straight,Flat,-0.01978234,-0.07793427,TransSlide
254.8399,28.09459,0,-0.6651413,0.4364843,0,1.188611,3538.665,1.768819,0.9275016,Straight,Flat,-0.01978234,-0.0899353,TransSlide
254.8799,28.10886,0,-0.7017624,0.4364843,0,1.163013,3539.79,1.76832,0.9271391,Straight,Flat,-0.01978234,-0.101944,TransSlide
254.9199,28.1229,0,-0.7255661,0.4364843,0,1.137219,3540.914,1.767496,0.9267758,Straight,Flat,-0.01978234,-0.1139603,TransSlide
254.9599,28.13629,0,-0.7328904,0.4364843,0,1.111075,3542.04,1.766444,0.9264116,Straight,Flat,-0.01978234,-0.1259842,TransSlide
254.9999,28.14906,0,-0.7612717,0.4364843,0,1.084375,3543.165,1.765212,0.9260467,Straight,Flat,-0.01978234,-0.1380157,TransSlide
255.0399,28.16188,0,-0.7786685,0.4364843,0,1.05629,3544.292,1.764214,0.9256808,Straight,Down,-0.01978234,-0.1500549,TransSlide
255.0799,28.17331,0,-0.7795841,0.4364843,0,1.026712,3545.418,1.763359,0.9253142,Straight,Down,-0.01978234,-0.1621017,TransSlide
255.1199,28.1848,0,-0.7804996,0.4364843,0,0.9958959,3546.545,1.762067,0.9249466,Straight,Down,-0.01978234,-0.1741638,TransSlide
255.1599,28.19551,0,-0.8043033,0.4364843,0,0.9628388,3547.673,1.76102,0.9245784,Straight,Down,-0.01978234,-0.1862259,TransSlide
255.1999,28.20552,0,-0.8143741,0.4364843,0,0.9277496,3548.801,1.760065,0.9242092,Straight,Down,-0.01978234,-0.1983109,TransSlide
255.2399,28.21197,0,-0.8326846,0.4364843,0,0.8908907,3549.93,1.758515,0.9238393,Straight,Down,0,-0.2103958,TransSlide
255.2799,28.2225,0,-0.8555728,0.4364843,0,0.8606676,3551.059,1.759891,0.9234686,Left,Down,-0.09691329,-0.2224731,TransSlide
255.3199,28.23399,0,-0.8738834,0.4364843,0,0.8297589,3552.188,1.761502,0.9230969,Left,Down,-0.09891172,-0.2284775,TransSlide
255.3599,28.24215,0,-0.878461,0.4364843,0,0.7956313,3553.317,1.76247,0.9227245,Left,Down,-0.09891172,-0.2343369,TransSlide
255.3999,28.25426,0,-0.8574039,0.4364843,0,0.7576736,3554.448,1.761606,0.9223512,Left,Down,-0.09891172,-0.2402039,TransSlide
255.4399,28.25946,0,-0.8043033,0.4364843,0,0.717038,3555.578,1.758213,0.9219773,Left,Down,-0.09891172,-0.2460785,TransSlide
255.4799,28.26914,0,-0.7676822,0.4364843,0,0.6810809,3556.708,1.75816,0.9216022,Left,Down,-0.1235407,-0.2519608,TransSlide
255.5199,28.28029,0,-0.6724656,0.4364843,0,0.6441433,3557.84,1.759435,0.9212266,Left,Down,-0.132704,-0.2559357,TransSlide
255.5599,28.28877,0,-0.6083769,0.4364843,0,0.6028638,3558.971,1.759918,0.9208499,Left,Down,-0.132704,-0.2593384,TransSlide
255.5999,28.29259,0,-0.5726713,0.4364843,0,0.5582711,3560.103,1.755537,0.9204727,Left,Down,-0.132704,-0.2627487,TransSlide
255.6399,28.30388,0,-0.5717558,0.4364843,0,0.5207437,3561.235,1.756263,0.9200945,Left,Down,-0.1545051,-0.2661514,TransSlide
255.6799,28.31768,0,-0.5717558,0.4364843,0,0.478221,3562.367,1.758079,0.9197155,Left,Down,-0.1582588,-0.268013,TransSlide
255.7199,28.31883,0,-0.5717558,0.4126802,0,0.432429,3563.5,1.755173,0.9193357,Left,Down,-0.1594904,-0.2696075,TransSlide
255.7599,28.32432,0,-0.5717558,0.4087129,0,0.3917977,3564.633,1.754759,0.918955,Left,Down,-0.1701742,-0.2712021,TransSlide
255.7999,28.33598,0,-0.5827421,0.4087129,0,0.3471615,3565.766,1.756717,0.9185736,Left,Down,-0.1802258,-0.2719574,TransSlide
255.8399,28.33018,0,-0.5955595,0.4047455,0,0.2997757,3566.9,1.753104,0.9181913,Left,Down,-0.1802258,-0.2720642,TransSlide
255.8799,28.33268,0,-0.6083769,0.4047455,0,0.259247,3568.033,1.7536,0.9178082,Left,Down,-0.191797,-0.2721634,TransSlide
255.9199,28.34549,0,-0.6248564,0.4047455,0,0.2123207,3569.167,1.755457,0.9174244,Left,Down,-0.199792,-0.2714386,TransSlide
255.9599,28.33531,0,-0.6303495,0.4047455,0,0.1669886,3570.3,1.752252,0.9170396,Left,Down,-0.199792,-0.270256,TransSlide
255.9999,28.34359,0,-0.6358427,0.4047455,0,0.1233686,3571.434,1.754028,0.9166541,Left,Down,-0.2158,-0.2690506,TransSlide
256.0399,28.34156,0,-0.6660569,0.4047455,0,0.0759863,3572.567,1.750924,0.9162679,Left,Down,-0.2167048,-0.2667618,TransSlide
256.0799,28.34327,0,-0.7035935,0.4047455,0,0.03519028,3573.701,1.752412,0.9158806,Left,Down,-0.2255535,-0.2644272,TransSlide
256.1199,28.35056,0,-0.7859927,0.4047455,0,-0.01147684,3574.835,1.750868,0.9154926,Left,Down,-0.23239,-0.261467,TransSlide
256.1599,28.34636,0,-0.8747989,0.4047455,0,-0.05169016,3575.969,1.751289,0.9151037,Left,Down,-0.2365626,-0.2581177,TransSlide
256.1999,28.35284,0,-1.014878,0.4047455,0,-0.0969083,3577.103,1.750455,0.9147143,Left,Down,-0.2470816,-0.2543945,TransSlide
256.2399,28.34807,0,-1.128405,0.4047455,0,-0.1363491,3578.237,1.750611,0.9143239,Left,Down,-0.2502292,-0.2500992,TransSlide
256.2799,28.35277,0,-1.204394,0.4047455,0,-0.1805808,3579.371,1.749016,0.9139326,Left,Down,-0.2609472,-0.2455368,TransSlide
256.3199,28.34946,0,-1.292287,0.4007782,0,-0.2191584,3580.505,1.750055,0.9135407,Left,Down,-0.2639296,-0.2403412,TransSlide
256.3599,28.35135,0,-1.361868,0.4007782,0,-0.2616103,3581.639,1.747435,0.9131479,Left,Down,-0.2733977,-0.2349014,TransSlide
256.3999,28.34832,0,-1.385672,0.4007782,0,-0.2990031,3582.773,1.749735,0.9127542,Left,Down,-0.2783625,-0.2288818,TransSlide
256.4399,28.3457,0,-1.374686,0.4007782,0,-0.339373,3583.907,1.747104,0.9123597,Left,Down,-0.2859903,-0.222496,TransSlide
256.4799,28.34188,0,-1.344472,0.4007782,0,-0.3774273,3585.041,1.749038,0.9119647,Left,Down,-0.2927522,-0.215683,TransSlide
256.5199,28.33732,0,-1.286793,0.4007782,0,-0.4149242,3586.174,1.747219,0.9115686,Left,Down,-0.2973941,-0.2084045,TransSlide
256.5599,28.33126,0,-1.187915,0.4007782,0,-0.4541536,3587.308,1.744926,0.9111717,Left,Down,-0.3083766,-0.2008286,TransSlide
256.5999,28.33193,0,-1.086289,0.4007782,0,-0.4883902,3588.441,1.747895,0.9107742,Left,Down,-0.311533,-0.1926117,TransSlide
256.6399,28.32657,0,-0.9324789,0.4007782,0,-0.5238959,3589.574,1.745359,0.9103757,Left,Down,-0.3208161,-0.1841583,TransSlide
256.6799,28.3172,0,-0.8500797,0.4007782,0,-0.5594566,3590.707,1.743641,0.9099764,Left,Down,-0.3268584,-0.1751785,TransSlide
256.7199,28.32002,0,-0.7859927,0.4007782,0,-0.5914006,3591.84,1.74636,0.9095763,Left,Down,-0.3316129,-0.1657715,TransSlide
256.7599,28.3154,0,-0.777753,0.4007782,0,-0.6237271,3592.972,1.744127,0.9091757,Left,Down,-0.3420692,-0.1560516,TransSlide
256.7999,28.30571,0,-0.8097965,0.4007782,0,-0.6553777,3594.104,1.742044,0.908774,Left,Flat,-0.3466151,-0.1457825,TransSlide
256.8399,28.30673,0,-0.8564883,0.4007782,0,-0.6848522,3595.237,1.745368,0.9083715,Left,Flat,-0.3516591,-0.1351242,TransSlide
256.8799,28.3083,0,-0.885787,0.4007782,0,-0.713035,3596.369,1.743919,0.9079685,Left,Flat,-0.3615361,-0.1241455,TransSlide
256.9199,28.29474,0,-0.903182,0.4007782,0,-0.740309,3597.501,1.741673,0.9075643,Left,Flat,-0.3679734,-0.112648,TransSlide
256.9599,28.29163,0,-0.903182,0.4007782,0,-0.7669175,3598.633,1.740405,0.9071594,Left,Flat,-0.3732531,-0.1007309,TransSlide
256.9999,28.29383,0,-0.903182,0.4007782,0,-0.790655,3599.765,1.743329,0.9067538,Left,Flat,-0.3800071,-0.08846283,TransSlide
257.0399,28.29631,0,-0.903182,0.4007782,0,-0.812184,3600.896,1.742453,0.9063476,Left,Flat,-0.3891652,-0.07582855,TransSlide
257.0799,28.28427,0,-0.9086752,0.4007782,0,-0.8328761,3602.028,1.741109,0.9059403,Left,Flat,-0.3946573,-0.06265259,TransSlide
257.1199,28.28102,0,-0.9141684,0.4245823,0,-0.8510633,3603.159,1.739139,0.9055322,Left,Flat,-0.4010509,-0.04910278,TransSlide
257.1599,28.28172,0,-0.9159994,0.4285496,0,-0.868171,3604.291,1.73744,0.9051234,Left,Flat,-0.4063823,-0.03517151,TransSlide
257.1999,28.28517,0,-0.9269857,0.4285496,0,-0.881534,3605.422,1.731869,0.9047141,Left,Flat,-0.4149588,-0.02086639,TransSlide
257.2399,28.27616,0,-0.9443808,0.432517,0,-0.8927738,3606.553,1.728622,0.9043036,Left,Flat,-0.4078243,-0.006134033,TransSlide
257.2799,28.27739,0,-0.951705,0.432517,0,-0.9029045,3607.684,1.728444,0.9038924,Left,Flat,-0.3961419,0.05583191,TransSlide
257.3199,28.27938,0,-0.9626913,0.432517,0,-0.9146725,3608.815,1.7298,0.9034808,Left,Flat,-0.3841043,0.1305771,TransSlide
257.3599,28.27634,0,-0.9691,0.432517,0,-0.9228947,3609.946,1.727163,0.9030679,Left,Up,-0.3700944,0.2091675,TransSlide
257.3999,28.26862,0,-0.9691,0.432517,0,-0.9301364,3611.077,1.728134,0.9026543,Left,Up,-0.3538778,0.2848358,TransSlide
257.4399,28.271,0,-0.9489584,0.4364843,0,-0.9398834,3612.208,1.730406,0.90224,Left,Up,-0.3454843,0.3567505,TransSlide
257.4799,28.26687,0,-0.9086752,0.4404517,0,-0.9468709,3613.338,1.728299,0.9018251,Left,Up,-0.3345502,0.4264374,TransSlide
257.5199,28.26508,0,-0.8372623,0.4483864,0,-0.9543568,3614.469,1.730264,0.9014091,Left,Up,-0.3202056,0.4938202,TransSlide
257.5599,28.269,0,-0.7566941,0.4563211,0,-0.9630013,3615.6,1.7302,0.9009925,Left,Up,-0.315279,0.5576782,TransSlide
257.5999,28.27105,0,-0.7081711,0.4563211,0,-0.9688841,3616.73,1.730065,0.9005752,Left,Up,-0.2993615,0.6201859,TransSlide
257.6399,28.27085,0,-0.6550705,0.4563211,0,-0.9783756,3617.861,1.731626,0.900157,Left,Up,-0.2934199,0.6793442,TransSlide
257.6799,28.27394,0,-0.6321806,0.4603037,0,-0.9835721,3618.992,1.729889,0.8997379,Left,Up,-0.2825486,0.7369232,TransSlide
257.7199,28.27339,0,-0.6266874,0.464271,0,-0.9939897,3620.123,1.731869,0.8993181,Left,Up,-0.2741124,0.7920609,TransSlide
257.7599,28.27991,0,-0.6257719,0.476173,0,-0.999597,3621.254,1.730223,0.8988978,Left,Up,-0.2654082,0.8451157,TransSlide
257.7999,28.28223,0,-0.6083769,0.4960098,0,-1.010706,3622.385,1.731547,0.8984764,Left,Up,-0.2579304,0.8963013,TransSlide
257.8399,28.29444,0,-0.5708402,0.507805,0,-1.017966,3623.517,1.730594,0.8980541,Left,Up,-0.249446,0.9454346,TransSlide
257.8799,28.30078,0,-0.5076671,0.507805,0,-1.028961,3624.649,1.729828,0.8976315,Left,Up,-0.2430897,0.9927063,TransSlide
257.9199,28.32139,0,-0.382238,0.507805,0,-1.038631,3625.782,1.730725,0.8972077,Left,Up,-0.23239,1.03849,TransSlide
257.9599,28.32695,0,-0.2384984,0.507805,0,-1.049232,3626.915,1.728808,0.8967833,Left,Up,-0.23239,1.081947,TransSlide
257.9999,28.35053,0,-0.1597613,0.507805,0,-1.062687,3628.049,1.730851,0.896358,Left,Up,-0.2167048,1.124924,TransSlide
258.0399,28.3619,0,-0.07736385,0.507805,0,-1.072942,3629.183,1.729853,0.8959323,Left,Up,-0.2167048,1.164589,TransSlide
258.0799,28.37583,0,-0.04806519,0.507805,0,-1.086331,3630.318,1.729436,0.8955055,Left,Up,-0.2065338,1.204224,TransSlide
258.1199,28.39282,0,-0.04074097,0.507805,0,-1.097063,3631.454,1.730091,0.8950779,Left,Up,-0.2007689,1.241417,TransSlide
258.1599,28.40156,0,-0.04074097,0.507805,0,-1.108165,3632.59,1.728673,0.8946494,Left,Up,-0.2007689,1.277306,TransSlide
258.1999,28.4239,0,-0.04074097,0.507805,0,-1.123954,3633.726,1.730533,0.8942207,Left,Up,-0.1855749,1.313011,TransSlide
258.2399,28.43693,0,-0.04074097,0.507805,0,-1.132681,3634.864,1.729568,0.8937908,Left,Up,-0.1855749,1.345207,TransSlide
258.2799,28.44498,0,-0.04074097,0.507805,0,-1.143893,3636.001,1.728054,0.8933601,Left,Up,-0.183454,1.377396,TransSlide
258.3199,28.46815,0,-0.04074097,0.507805,0,-1.159061,3637.14,1.729528,0.8929291,Left,Up,-0.1701742,1.408699,TransSlide
258.3599,28.48157,0,-0.0590533,0.507805,0,-1.167419,3638.279,1.72906,0.8924968,Left,Up,-0.1701742,1.437164,TransSlide
258.3999,28.49107,0,-0.07095516,0.507805,0,-1.176934,3639.418,1.727849,0.8920639,Left,Up,-0.1701742,1.465614,TransSlide
258.4399,28.50792,0,-0.08835018,0.5117113,0,-1.189245,3640.559,1.727155,0.8916301,Left,Up,-0.1532334,1.493706,TransSlide
258.4799,28.52725,0,-0.1121539,0.5117113,0,-1.199156,3641.699,1.728805,0.891196,Left,Up,-0.1532334,1.518349,TransSlide
258.5199,28.53919,0,-0.1414508,0.5117113,0,-1.20519,3642.841,1.727756,0.8907607,Left,Up,-0.1545051,1.542984,TransSlide
258.5599,28.55605,0,-0.148775,0.5234302,0,-1.213642,3643.983,1.726649,0.8903247,Left,Up,-0.1440177,1.567612,TransSlide
258.5999,28.57287,0,-0.148775,0.5312428,0,-1.224468,3645.126,1.727505,0.8898882,Left,Up,-0.1370561,1.589851,TransSlide
258.6399,28.59225,0,-0.148775,0.5351492,0,-1.229491,3646.269,1.728047,0.8894507,Left,Up,-0.1370561,1.610596,TransSlide
258.6799,28.60807,0,-0.148775,0.5351492,0,-1.232424,3647.414,1.72691,0.8890123,Left,Up,-0.1370561,1.63134,TransSlide
258.7199,28.6314,0,-0.148775,0.5351492,0,-1.23771,3648.559,1.726137,0.8885733,Left,Up,-0.1266688,1.652092,TransSlide
258.7599,28.647,0,-0.148775,0.5351492,0,-1.244338,3649.704,1.725983,0.8881339,Left,Up,-0.1235407,1.66983,TransSlide
258.7999,28.67115,0,-0.148775,0.5351492,0,-1.248492,3650.851,1.727699,0.8876932,Left,Up,-0.1219466,1.686539,TransSlide
258.8399,28.68723,0,-0.148775,0.5351492,0,-1.246596,3651.998,1.726546,0.8872519,Left,Up,-0.1219466,1.703262,TransSlide
258.8799,28.70904,0,-0.148775,0.5390555,0,-1.246436,3653.146,1.725403,0.8868101,Left,Up,-0.1186941,1.719978,TransSlide
258.9199,28.72718,0,-0.148775,0.5390555,0,-1.248107,3654.295,1.724989,0.8863673,Left,Up,-0.1065312,1.735153,TransSlide
258.9599,28.74372,0,-0.148775,0.5429618,0,-1.250773,3655.445,1.724986,0.8859237,Left,Up,-0.1046783,1.747536,TransSlide
258.9999,28.76849,0,-0.148775,0.5429618,0,-1.250867,3656.596,1.726588,0.8854793,Left,Up,-0.1046783,1.759926,TransSlide
259.0399,28.78628,0,-0.148775,0.5468681,0,-1.243896,3657.747,1.725504,0.8850346,Left,Up,-0.1046783,1.772316,TransSlide
259.0799,28.80943,0,-0.148775,0.5624933,0,-1.238552,3658.899,1.724329,0.8845888,Left,Up,-0.1027921,1.784706,TransSlide
259.1199,28.83229,0,-0.148775,0.5703059,0,-1.234877,3660.052,1.72373,0.8841422,Left,Up,-0.08622923,1.796112,TransSlide
259.1599,28.85631,0,-0.148775,0.5703059,0,-1.232371,3661.206,1.723336,0.8836948,Left,Up,-0.08846933,1.803658,TransSlide
259.1999,28.87997,0,-0.1185626,0.5703059,0,-1.230897,3662.361,1.72359,0.883247,Left,Up,-0.08622923,1.811195,TransSlide
259.2399,28.91021,0,-0.05264282,0.5742123,0,-1.227674,3663.517,1.725047,0.8827982,Left,Up,-0.08846933,1.818741,TransSlide
259.2799,28.93484,0,0.01419067,0.5742123,0,-1.215577,3664.674,1.724079,0.8823486,Left,Up,-0.08846933,1.826286,TransSlide
259.3199,28.96265,0,0.08926392,0.5742123,0,-1.204965,3665.832,1.723021,0.8818986,Left,Up,-0.08846933,1.833832,TransSlide
259.3599,28.98944,0,0.1240575,0.5781186,0,-1.195283,3666.992,1.72231,0.8814475,Left,Up,-0.0656106,1.841377,TransSlide
259.3999,29.01584,0,0.1240575,0.5781186,0,-1.186465,3668.152,1.721905,0.8809957,Left,Up,-0.0656106,1.843079,TransSlide
259.4399,29.04265,0,0.1240575,0.5781186,0,-1.178292,3669.313,1.72174,0.8805431,Left,Up,-0.0656106,1.844681,TransSlide
259.4799,29.0686,0,0.1240575,0.5781186,0,-1.170818,3670.476,1.721277,0.8800902,Left,Up,-0.0656106,1.846283,TransSlide
259.5199,29.09506,0,0.1240575,0.5820249,0,-1.164022,3671.639,1.721708,0.8796361,Left,Up,-0.0656106,1.847885,TransSlide
259.5599,29.12177,0,0.1240575,0.6015564,0,-1.155247,3672.804,1.722262,0.8791813,Left,Up,-0.0656106,1.849472,TransSlide
259.5999,29.15348,0,0.1240575,0.621088,0,-1.133351,3673.97,1.723081,0.8787261,Left,Up,-0.0656106,1.851074,TransSlide
259.6399,29.188,0,0.1240575,0.6249943,0,-1.11258,3675.137,1.723484,0.8782699,Left,Up,-0.0656106,1.852661,TransSlide
259.6799,29.22658,0,0.1185644,0.6249943,0,-1.092351,3676.306,1.723028,0.8778128,Straight,Up,-0.03426402,1.854256,TransSlide
259.7199,29.26599,0,0.1167297,0.6249943,0,-1.072709,3677.476,1.722228,0.8773551,Straight,Up,-0.01978234,1.843216,TransSlide
259.7599,29.3048,0,0.1167297,0.6249943,0,-1.053328,3678.648,1.721274,0.876897,Straight,Up,-0.01978234,1.827759,TransSlide
259.7999,29.3432,0,0.1167297,0.6249943,0,-1.034381,3679.821,1.720362,0.8764377,Straight,Up,-0.01978234,1.812286,TransSlide
259.8399,29.38117,0,0.1167297,0.6249943,0,-1.015598,3680.996,1.719646,0.8759779,Straight,Up,-0.01978234,1.796783,TransSlide
259.8799,29.41892,0,0.1167297,0.6249943,0,-0.9972261,3682.172,1.71891,0.8755174,Straight,Up,0,1.781273,TransSlide
259.9199,29.45643,0,0.1167297,0.6249943,0,-0.9789098,3683.35,1.718275,0.8750561,Straight,Up,-0.01978234,1.765739,TransSlide
259.9599,29.49388,0,0.1167297,0.6249943,0,-0.9606907,3684.53,1.717707,0.8745939,Straight,Up,-0.01978234,1.750183,TransSlide
259.9999,29.53107,0,0.1167297,0.6249943,0,-0.9425016,3685.71,1.71723,0.8741311,Straight,Up,0,1.734604,TransSlide
260.0399,29.56825,0,0.1167297,0.6289006,0,-0.9243319,3686.893,1.716764,0.8736678,Straight,Up,0,1.719009,TransSlide
260.0799,29.60564,0,0.1167297,0.6328069,0,-0.906119,3688.077,1.716234,0.8732035,Straight,Up,0,1.7034,TransSlide
260.1199,29.64367,0,0.1167297,0.6406195,0,-0.887954,3689.262,1.715874,0.8727384,Straight,Up,-0.01978234,1.687767,TransSlide
260.1599,29.68322,0,0.1167297,0.6445258,0,-0.8693207,3690.449,1.71549,0.872273,Straight,Up,0,1.672112,TransSlide
260.1999,29.72397,0,0.1167297,0.6484321,0,-0.8505239,3691.637,1.71504,0.8718065,Straight,Up,-0.01978234,1.656433,TransSlide
260.2399,29.76554,0,0.1167297,0.6484321,0,-0.8313977,3692.828,1.714544,0.8713392,Straight,Up,-0.01978234,1.640732,TransSlide
260.2799,29.80703,0,0.1167297,0.6484321,0,-0.8120527,3694.02,1.714105,0.8708712,Straight,Up,-0.01978234,1.625008,TransSlide
260.3199,29.84839,0,0.1167297,0.6484321,0,-0.7926539,3695.213,1.713668,0.8704029,Straight,Up,-0.01978234,1.609261,TransSlide
260.3599,29.88972,0,0.1167297,0.6484321,0,-0.7726373,3696.408,1.713255,0.8699335,Straight,Up,-0.01978234,1.593491,TransSlide
260.3999,29.93048,0,0.1167297,0.6484321,0,-0.7522199,3697.605,1.712755,0.8694634,Straight,Up,-0.01978234,1.577705,TransSlide
260.4399,29.97161,0,0.110321,0.6484321,0,-0.7312201,3698.803,1.712147,0.8689925,Straight,Up,-0.01978234,1.56189,TransSlide
260.4799,30.01271,0,0.09292603,0.6484321,0,-0.7097423,3700.004,1.712097,0.8685213,Straight,Up,-0.01978234,1.546059,TransSlide
260.5199,30.05315,0,0.05813599,0.6484321,0,-0.6877961,3701.205,1.711848,0.868049,Straight,Up,0,1.530197,TransSlide
260.5599,30.09398,0,0.02151489,0.6484321,0,-0.6654978,3702.409,1.711484,0.867576,Straight,Up,-0.01978234,1.51432,TransSlide
260.5999,30.13496,0,-0.01602173,0.6484321,0,-0.6428065,3703.614,1.71112,0.8671026,Straight,Up,0,1.498421,TransSlide
260.6399,30.17542,0,-0.0590533,0.6484321,0,-0.6197812,3704.82,1.710694,0.8666282,Straight,Up,-0.01978234,1.482491,TransSlide
260.6799,30.20648,0,-0.08743465,0.6484321,0,-0.5965334,3706.029,1.709234,0.8661531,Straight,Up,-0.01978234,1.466545,TransSlide
260.7199,30.24886,0,-0.1057452,0.6484321,0,-0.5760498,3707.238,1.712691,0.8656772,Straight,Up,-0.01978234,1.450607,TransSlide
260.7599,30.2945,0,-0.1057452,0.6289006,0,-0.5554631,3708.449,1.715361,0.865201,Straight,Up,-0.01978234,1.434639,TransSlide
260.7999,30.33045,0,-0.1057452,0.6249943,0,-0.5345012,3709.662,1.715739,0.8647236,Straight,Up,-0.01978234,1.418633,TransSlide
260.8399,30.37421,0,-0.1057452,0.621088,0,-0.5132816,3710.877,1.71473,0.8642457,Right,Up,0.05595291,1.400528,TransSlide
260.8799,30.41424,0,-0.1057452,0.621088,0,-0.4916584,3712.093,1.713093,0.8637674,Right,Up,0.05595291,1.360275,TransSlide
260.9199,30.45112,0,-0.1057452,0.621088,0,-0.4693523,3713.311,1.710881,0.8632879,Right,Up,0.05595291,1.319977,TransSlide
260.9599,30.48764,0,-0.1057452,0.621088,0,-0.4470073,3714.53,1.710421,0.8628078,Right,Up,0.05595291,1.27964,TransSlide
260.9999,30.52049,0,-0.1057452,0.621088,0,-0.42459,3715.75,1.709285,0.8623269,Right,Up,0.05595291,1.239265,TransSlide
261.0399,30.55856,0,-0.1057452,0.6171817,0,-0.4115458,3716.972,1.710408,0.8618458,Right,Up,0.05595291,1.19886,TransSlide
261.0799,30.59647,0,-0.1057452,0.6132753,0,-0.3988338,3718.196,1.710806,0.8613635,Right,Up,0.05233916,1.158386,TransSlide
261.1199,30.63233,0,-0.1057452,0.609369,0,-0.3860477,3719.421,1.710185,0.8608805,Right,Up,0.05595291,1.117851,TransSlide
261.1599,30.6676,0,-0.1057452,0.6054627,0,-0.3728188,3720.647,1.708572,0.8603972,Right,Up,0.09065409,1.075813,TransSlide
261.1999,30.70171,0,-0.1057452,0.6015564,0,-0.3599538,3721.875,1.708795,0.8599129,Right,Up,0.08846933,1.020981,TransSlide
261.2399,30.73746,0,-0.1057452,0.5976501,0,-0.3564536,3723.104,1.709424,0.8594278,Right,Up,0.09065409,0.9661026,TransSlide
261.2799,30.77217,0,-0.1057452,0.5937438,0,-0.3542699,3724.334,1.709146,0.858942,Right,Up,0.08846933,0.9111481,TransSlide
261.3199,30.80279,0,-0.1011676,0.5937438,0,-0.3520795,3725.566,1.707548,0.8584559,Right,Up,0.09065409,0.8561249,TransSlide
261.3599,30.8362,0,-0.08835018,0.5937438,0,-0.35045,3726.799,1.70836,0.8579688,Right,Up,0.1170339,0.8010559,TransSlide
261.3999,30.87287,0,-0.06363094,0.5937438,0,-0.3597584,3728.034,1.708784,0.8574809,Right,Up,0.1203313,0.7339249,TransSlide
261.4399,30.90422,0,0.0050354,0.5937438,0,-0.3692332,3729.27,1.707848,0.8569924,Right,Up,0.1203313,0.665535,TransSlide
261.4799,30.93333,0,0.05264282,0.5937438,0,-0.3792703,3730.507,1.707638,0.8565035,Right,Up,0.1203313,0.5970993,TransSlide
261.5199,30.97301,0,0.09933472,0.5898375,0,-0.3991717,3731.745,1.709823,0.8560135,Right,Up,0.1480375,0.5286102,TransSlide
261.5599,31.00799,0,0.1057434,0.5898375,0,-0.4201922,3732.985,1.71048,0.8555229,Right,Up,0.1506579,0.4475479,TransSlide
261.5999,31.04333,0,0.1039124,0.5898375,0,-0.4423008,3734.227,1.709396,0.8550319,Right,Up,0.1506579,0.365799,TransSlide
261.6399,31.08398,0,0.08651733,0.5898375,0,-0.4653897,3735.469,1.707623,0.8545398,Right,Up,0.1735894,0.2839127,TransSlide
261.6799,31.11576,0,0.06271362,0.5898375,0,-0.4881748,3736.714,1.705525,0.8540472,Right,Up,0.1802258,0.191246,TransSlide
261.7199,31.15864,0,0.02883911,0.5898375,0,-0.5038425,3737.96,1.705535,0.8535537,Right,Flat,0.1780411,0.09606171,TransSlide
261.7599,31.19262,0,0.004119873,0.5898375,0,-0.5139382,3739.207,1.70365,0.85306,Left,Flat,-0.1607126,0.01189423,TransSlide
261.7999,31.22605,0,-0.0151062,0.5898375,0,-0.5240284,3740.456,1.701597,0.8525652,Left,Flat,-0.1607126,-0.02549744,TransSlide
261.8399,31.26822,0,-0.02426147,0.5859312,0,-0.5283852,3741.706,1.701912,0.8520697,Left,Flat,-0.1607126,-0.06293488,TransSlide
261.8799,31.30196,0,-0.02975464,0.5859312,0,-0.5263659,3742.958,1.70058,0.8515739,Left,Flat,-0.1582588,-0.09606934,TransSlide
261.9199,31.33803,0,-0.03341675,0.5820249,0,-0.5246282,3744.211,1.698552,0.8510771,Left,Flat,-0.1570175,-0.1249084,TransSlide
261.9599,31.37183,0,-0.03433228,0.5703059,0,-0.5232878,3745.466,1.698492,0.8505796,Left,Down,-0.1519511,-0.1537628,TransSlide
261.9999,31.40809,0,-0.04074097,0.558587,0,-0.5118203,3746.722,1.698652,0.8500813,Left,Down,-0.1297215,-0.181221,TransSlide
262.0399,31.4357,0,-0.05722046,0.558587,0,-0.4969691,3747.979,1.697613,0.8495829,Left,Down,-0.1297215,-0.2060852,TransSlide
262.0799,31.46898,0,-0.07553279,0.558587,0,-0.48283,3749.237,1.696278,0.8490832,Left,Down,-0.1297215,-0.2309723,TransSlide
262.1199,31.4981,0,-0.0993365,0.558587,0,-0.4686263,3750.497,1.694553,0.848583,Left,Down,-0.1153499,-0.2558823,TransSlide
262.1599,31.52698,0,-0.1240557,0.558587,0,-0.4548785,3751.758,1.695116,0.8480824,Left,Down,-0.09891172,-0.2784653,TransSlide
262.1999,31.55811,0,-0.1377887,0.558587,0,-0.4313524,3753.02,1.69559,0.8475808,Left,Down,-0.09891172,-0.2990189,TransSlide
262.2399,31.58783,0,-0.1606768,0.558587,0,-0.4030626,3754.283,1.695225,0.8470784,Left,Down,-0.09891172,-0.319603,TransSlide
262.2799,31.61966,0,-0.18906,0.558587,0,-0.375359,3755.547,1.694357,0.8465755,Left,Down,-0.09891172,-0.34021,TransSlide
262.3199,31.65153,0,-0.2018774,0.558587,0,-0.3483044,3756.813,1.693199,0.8460722,Left,Down,-0.09065409,-0.3608322,TransSlide
262.3599,31.68273,0,-0.2092016,0.5546807,0,-0.3216538,3758.08,1.692141,0.8455679,Left,Down,-0.05595291,-0.3795471,TransSlide
262.3999,31.71314,0,-0.2092016,0.5507744,0,-0.2956298,3759.348,1.691112,0.8450629,Left,Down,-0.05595291,-0.3944778,TransSlide
262.4399,31.74137,0,-0.2092016,0.5390555,0,-0.2697576,3760.617,1.689904,0.8445573,Left,Down,-0.05233916,-0.4094238,TransSlide
262.4799,31.76813,0,-0.1945531,0.5312428,0,-0.2442007,3761.888,1.689472,0.8440514,Left,Down,-0.05595291,-0.4243774,TransSlide
262.5199,31.79305,0,-0.1725787,0.5234302,0,-0.219423,3763.159,1.689593,0.8435443,Left,Down,-0.05595291,-0.4393387,TransSlide
262.5599,31.81437,0,-0.1524371,0.5195239,0,-0.1940006,3764.431,1.689179,0.8430365,Left,Down,-0.05595291,-0.4543076,TransSlide
262.5999,31.83704,0,-0.1368731,0.5195239,0,-0.1625789,3765.704,1.689745,0.8425286,Left,Down,-0.05934703,-0.4692841,TransSlide
262.6399,31.85971,0,-0.1176471,0.5195239,0,-0.132097,3766.979,1.689797,0.8420196,Left,Down,-0.05595291,-0.4842682,TransSlide
262.6799,31.88232,0,-0.09384334,0.5195239,0,-0.1022978,3768.254,1.689227,0.8415099,Left,Down,-0.05595291,-0.4992676,TransSlide
262.7199,31.90574,0,-0.07553279,0.5195239,0,-0.07307708,3769.53,1.688291,0.8409995,Straight,Down,-0.01978234,-0.5142822,TransSlide
262.7599,31.9286,0,-0.05172729,0.5195239,0,-0.04441887,3770.807,1.687193,0.8404889,Straight,Down,0.01978234,-0.524437,TransSlide
262.7999,31.95112,0,-0.03890991,0.5195239,0,-0.01658008,3772.085,1.686168,0.8399773,Straight,Down,0,-0.5310898,TransSlide
262.8399,31.97329,0,-0.01144409,0.5195239,0,0.01045015,3773.363,1.68523,0.8394649,Straight,Down,0,-0.5377502,TransSlide
262.8799,31.99533,0,0.03799438,0.5195239,0,0.03673962,3774.643,1.684494,0.8389523,Straight,Down,0,-0.5444107,TransSlide
262.9199,32.01727,0,0.07003784,0.5195239,0,0.06217828,3775.923,1.683608,0.8384386,Straight,Down,0,-0.5510712,TransSlide
262.9599,32.03917,0,0.1130676,0.5195239,0,0.08718187,3777.205,1.682927,0.8379242,Straight,Down,0,-0.5577469,TransSlide
262.9999,32.06102,0,0.1423681,0.5195239,0,0.1113211,3778.487,1.682342,0.8374093,Straight,Down,0,-0.5644073,TransSlide
263.0399,32.08282,0,0.1835668,0.5195239,0,0.1350659,3779.77,1.681928,0.836894,Straight,Down,0,-0.5710907,TransSlide
263.0799,32.10461,0,0.2201879,0.5195239,0,0.1581525,3781.054,1.68143,0.8363777,Straight,Down,0,-0.5777664,TransSlide
263.1199,32.12605,0,0.2421606,0.5195239,0,0.1807408,3782.339,1.680678,0.8358607,Straight,Down,0,-0.5844498,TransSlide
263.1599,32.14802,0,0.2659643,0.5195239,0,0.2030452,3783.625,1.680526,0.8353435,Straight,Down,0,-0.5911331,TransSlide
263.1999,32.16941,0,0.2796972,0.5195239,0,0.2253112,3784.911,1.680582,0.8348253,Straight,Down,0,-0.5978241,TransSlide
263.2399,32.19139,0,0.3035009,0.5195239,0,0.2471475,3786.198,1.680355,0.8343063,Straight,Down,0,-0.6045151,TransSlide
263.2799,32.21355,0,0.3501928,0.5195239,0,0.2689242,3787.487,1.679982,0.8337867,Straight,Down,0,-0.6112137,TransSlide
263.3199,32.23532,0,0.3987193,0.5195239,0,0.2901124,3788.776,1.679483,0.8332669,Straight,Down,0,-0.6179199,TransSlide
263.3599,32.25768,0,0.4774547,0.5195239,0,0.3113559,3790.066,1.679021,0.832746,Straight,Down,0,-0.6246338,TransSlide
263.3999,32.27952,0,0.5397105,0.5195239,0,0.3216593,3791.357,1.678212,0.8322244,Straight,Down,0,-0.63134,TransSlide
263.4399,32.30092,0,0.6184494,0.5195239,0,0.331123,3792.649,1.677531,0.8317023,Straight,Down,0,-0.6380615,TransSlide
263.4799,32.32242,0,0.7008469,0.5195239,0,0.3411528,3793.942,1.67699,0.8311799,Straight,Down,0,-0.644783,TransSlide
263.5199,32.34338,0,0.753032,0.5195239,0,0.3517378,3795.235,1.67657,0.8306565,Straight,Down,0,-0.6515045,TransSlide
263.5599,32.36301,0,0.8189499,0.5195239,0,0.3636377,3796.53,1.675852,0.8301324,Right,Down,0.06255726,-0.6578903,TransSlide
263.5999,32.38291,0,0.8555746,0.5195239,0,0.3766066,3797.825,1.677004,0.829608,Right,Down,0.06255726,-0.6583862,TransSlide
263.6399,32.40605,0,0.8921957,0.5195239,0,0.3910453,3799.121,1.677846,0.8290826,Right,Down,0.06255726,-0.6588821,TransSlide
263.6799,32.4257,0,0.9196615,0.5195239,0,0.3952923,3800.418,1.676226,0.8285566,Right,Down,0.06255726,-0.6593857,TransSlide
263.7199,32.44564,0,0.9425497,0.5195239,0,0.3999171,3801.715,1.67455,0.8280299,Right,Down,0.05934703,-0.659874,TransSlide
263.7599,32.46607,0,0.9800863,0.5195239,0,0.4064573,3803.014,1.673619,0.8275029,Right,Down,0.06255726,-0.6603699,TransSlide
263.7999,32.48076,0,1.014876,0.5195239,0,0.4159912,3804.313,1.673423,0.826975,Right,Down,0.05934703,-0.6608658,TransSlide
263.8399,32.50109,0,1.045089,0.5195239,0,0.4278949,3805.613,1.675183,0.8264464,Right,Down,0.08622923,-0.6613159,TransSlide
263.8799,32.51859,0,1.056079,0.5195239,0,0.4330021,3806.913,1.674181,0.8259176,Right,Down,0.08846933,-0.6591339,TransSlide
263.9199,32.53274,0,1.056079,0.5195239,0,0.4383614,3808.214,1.672367,0.8253877,Right,Down,0.08622923,-0.6569443,TransSlide
263.9599,32.54971,0,1.050582,0.5195239,0,0.4474338,3809.516,1.670786,0.8248572,Right,Down,0.08622923,-0.6547623,TransSlide
263.9999,32.56359,0,1.050582,0.5195239,0,0.4603492,3810.819,1.672601,0.824326,Right,Down,0.08622923,-0.6525574,TransSlide
264.0399,32.581,0,1.050582,0.5195239,0,0.4689424,3812.122,1.672594,0.8237947,Right,Down,0.1027921,-0.6503601,TransSlide
264.0799,32.58971,0,1.050582,0.5195239,0,0.4778235,3813.425,1.670733,0.8232623,Right,Down,0.1065312,-0.6463547,TransSlide
264.1199,32.60255,0,1.056994,0.5195239,0,0.4915699,3814.729,1.669524,0.8227293,Right,Down,0.1065312,-0.6419983,TransSlide
264.1599,32.61945,0,1.067065,0.5195239,0,0.509215,3816.034,1.671996,0.822196,Right,Down,0.1065312,-0.6376343,TransSlide
264.1999,32.62715,0,1.067065,0.5195239,0,0.5203714,3817.339,1.670224,0.8216617,Right,Down,0.1170339,-0.6332626,TransSlide
264.2399,32.634,0,1.068896,0.5195239,0,0.5373273,3818.644,1.667881,0.8211269,Right,Down,0.1251145,-0.6275864,TransSlide
264.2799,32.64967,0,1.075305,0.5195239,0,0.5601528,3819.95,1.670611,0.8205913,Right,Down,0.1266688,-0.6213074,TransSlide
264.3199,32.6574,0,1.089953,0.5195239,0,0.5768417,3821.256,1.669053,0.8200555,Right,Down,0.1251145,-0.6150055,TransSlide
264.3599,32.65734,0,1.098193,0.5195239,0,0.599785,3822.562,1.66637,0.8195187,Right,Down,0.1440177,-0.6085129,TransSlide
264.3999,32.67455,0,1.098193,0.5195239,0,0.627695,3823.869,1.669045,0.8189814,Right,Down,0.1440177,-0.6004333,TransSlide
264.4399,32.67849,0,1.097277,0.5195239,0,0.651219,3825.176,1.667135,0.8184437,Right,Down,0.1426525,-0.5923386,TransSlide
264.4799,32.67841,0,1.091784,0.5195239,0,0.6821793,3826.483,1.666179,0.8179051,Right,Down,0.1594904,-0.5842285,TransSlide
264.5199,32.69321,0,1.078967,0.5195239,0,0.7126868,3827.791,1.666823,0.8173658,Right,Down,0.1594904,-0.57444,TransSlide
264.5599,32.68493,0,1.061572,0.5195239,0,0.7456881,3829.099,1.664001,0.8168259,Right,Down,0.1594904,-0.5646286,TransSlide
264.5999,32.70304,0,1.054244,0.5195239,0,0.783244,3830.406,1.66635,0.8162858,Right,Down,0.1769387,-0.5545273,TransSlide
264.6399,32.70064,0,1.050582,0.5195239,0,0.8187888,3831.715,1.663888,0.8157447,Right,Down,0.1769387,-0.5430374,TransSlide
264.6799,32.71087,0,1.050582,0.5195239,0,0.8612539,3833.023,1.665703,0.8152029,Right,Down,0.1855749,-0.5315399,TransSlide
264.7199,32.71043,0,1.050582,0.5195239,0,0.9001305,3834.331,1.663003,0.8146606,Right,Down,0.1928145,-0.5190201,TransSlide
264.7599,32.71521,0,1.050582,0.5195239,0,0.9461762,3835.64,1.66475,0.8141181,Right,Down,0.1948336,-0.5059052,TransSlide
264.7999,32.71512,0,1.050582,0.5195239,0,0.9887649,3836.948,1.661659,0.8135744,Right,Down,0.2093567,-0.4922562,TransSlide
264.8399,32.72126,0,1.048751,0.5195239,0,1.037551,3838.257,1.663357,0.8130302,Right,Down,0.2093567,-0.4775238,TransSlide
264.8799,32.71688,0,1.044173,0.5195239,0,1.08471,3839.566,1.660456,0.8124858,Right,Down,0.2246844,-0.4624863,TransSlide
264.9199,32.72909,0,1.033187,0.5195239,0,1.134403,3840.875,1.661591,0.8119404,Right,Down,0.2255535,-0.446167,TransSlide
264.9599,32.72266,0,1.014876,0.5195239,0,1.186257,3842.184,1.661629,0.8113944,Right,Down,0.2414744,-0.4294891,TransSlide
264.9999,32.7276,0,1.008468,0.5195239,0,1.235932,3843.493,1.658955,0.8108477,Right,Down,0.2438933,-0.4115906,TransSlide
265.0399,32.72688,0,1.00389,0.5195239,0,1.289277,3844.802,1.66046,0.8103009,Right,Down,0.2579304,-0.3930817,TransSlide
265.0799,32.73237,0,1.00389,0.5195239,0,1.341857,3846.111,1.659513,0.8097532,Right,Down,0.2661444,-0.3735962,TransSlide
265.1199,32.73137,0,1.00389,0.5195239,0,1.392811,3847.42,1.6565,0.8092047,Right,Down,0.2741124,-0.3530731,TransSlide
265.1599,32.73163,0,1.002975,0.5195239,0,1.44573,3848.729,1.657944,0.808656,Right,Down,0.2900664,-0.3319473,TransSlide
265.1999,32.74115,0,0.9929037,0.5195239,0,1.498915,3850.039,1.659221,0.8081064,Right,Down,0.2954137,-0.3092804,TransSlide
265.2399,32.74027,0,0.9626913,0.5195239,0,1.548896,3851.348,1.65684,0.8075562,Right,Down,0.3064671,-0.2858505,TransSlide
265.2799,32.73292,0,0.9141684,0.5195239,0,1.597821,3852.657,1.654061,0.8070053,Right,Down,0.3238513,-0.2615356,TransSlide
265.3199,32.72861,0,0.8610678,0.5195239,0,1.645619,3853.967,1.653029,0.8064542,Right,Down,0.332791,-0.2356644,TransSlide
265.3599,32.7357,0,0.7841599,0.5195239,0,1.690729,3855.277,1.653237,0.8059022,Right,Down,0.3420692,-0.2087479,TransSlide
265.3999,32.74267,0,0.7557786,0.5195239,0,1.733377,3856.586,1.655129,0.8053496,Right,Down,0.3577275,-0.1807632,TransSlide
265.4399,32.74791,0,0.754863,0.5195239,0,1.771549,3857.896,1.655771,0.8047968,Right,Down,0.3743001,-0.1515503,TransSlide
265.4799,32.74747,0,0.7603562,0.5195239,0,1.806535,3859.206,1.653977,0.8042429,Right,Flat,0.3891652,-0.120842,TransSlide
265.5199,32.74798,0,0.7603562,0.5195239,0,1.837906,3860.516,1.652793,0.8036885,Right,Flat,0.4039677,-0.08866882,TransSlide
265.5599,32.75802,0,0.7603562,0.5195239,0,1.865281,3861.827,1.65312,0.8031335,Right,Flat,0.4191812,-0.05505371,TransSlide
265.5999,32.76834,0,0.7484543,0.5195239,0,1.890899,3863.137,1.652951,0.8025783,Right,Flat,0.4092611,-0.01996613,TransSlide
265.6399,32.768,0,0.7237351,0.5195239,0,1.915401,3864.448,1.650403,0.802022,Right,Flat,0.3886621,0.01617432,TransSlide
265.6799,32.76398,0,0.6889451,0.5195239,0,1.938489,3865.758,1.647902,0.8014652,Right,Flat,0.3789758,0.0522995,TransSlide
265.7199,32.76747,0,0.6486619,0.5195239,0,1.958994,3867.069,1.647209,0.8009079,Right,Flat,0.3732531,0.08782959,TransSlide
265.7599,32.77867,0,0.6074631,0.5195239,0,1.97598,3868.38,1.648846,0.8003504,Right,Flat,0.3663747,0.1227112,TransSlide
265.7999,32.78394,0,0.5946457,0.5195239,0,1.991686,3869.691,1.647928,0.7997918,Right,Up,0.3615361,0.1567841,TransSlide
265.8399,32.78401,0,0.5900681,0.5195239,0,2.006607,3871.002,1.64564,0.7992327,Right,Up,0.3560827,0.190155,TransSlide
265.8799,32.78597,0,0.5900681,0.5195239,0,2.018594,3872.314,1.645385,0.7986733,Right,Up,0.3516591,0.2228317,TransSlide
265.9199,32.79709,0,0.5900681,0.5195239,0,2.027617,3873.626,1.647223,0.7981131,Right,Up,0.343781,0.254837,TransSlide
265.9599,32.80046,0,0.5900681,0.5195239,0,2.035764,3874.938,1.645011,0.7975522,Right,Up,0.3368816,0.286087,TransSlide
265.9999,32.80277,0,0.5900681,0.5195239,0,2.04362,3876.25,1.643426,0.7969908,Right,Up,0.3322025,0.3164063,TransSlide
266.0399,32.81215,0,0.5900681,0.5195239,0,2.04564,3877.562,1.645685,0.7964291,Right,Up,0.3274564,0.3460159,TransSlide
266.0799,32.81367,0,0.5900681,0.5195239,0,2.048068,3878.875,1.643894,0.7958665,Right,Up,0.3177519,0.3749619,TransSlide
266.1199,32.82188,0,0.5836558,0.5195239,0,2.050063,3880.188,1.642775,0.7953033,Right,Up,0.311533,0.402977,TransSlide
266.1599,32.82549,0,0.5644298,0.5195239,0,2.04717,3881.5,1.64427,0.79474,Right,Up,0.3077414,0.4301071,TransSlide
266.1999,32.83172,0,0.5461192,0.5195239,0,2.045931,3882.814,1.641949,0.7941757,Right,Up,0.2987072,0.4565659,TransSlide
266.2399,32.83902,0,0.5168223,0.5195239,0,2.040209,3884.127,1.643109,0.7936107,Right,Up,0.2907402,0.4821777,TransSlide
266.2799,32.83739,0,0.4829478,0.5195239,0,2.034327,3885.441,1.641637,0.7930452,Right,Up,0.2880355,0.5067368,TransSlide
266.3199,32.85328,0,0.4582286,0.5195239,0,2.027437,3886.755,1.641243,0.7924795,Right,Up,0.2762456,0.5307693,TransSlide
266.3599,32.84906,0,0.4216075,0.5195239,0,2.017041,3888.069,1.64121,0.791913,Right,Up,0.2712421,0.5536575,TransSlide
266.3999,32.86456,0,0.4042125,0.5429618,0,2.00855,3889.383,1.640216,0.7913457,Right,Up,0.2639296,0.575798,TransSlide
266.4399,32.86465,0,0.3804088,0.5507744,0,1.994802,3890.698,1.640442,0.7907784,Right,Up,0.254109,0.5972137,TransSlide
266.4799,32.88678,0,0.3373754,0.5507744,0,1.983786,3892.013,1.639336,0.7902101,Right,Up,0.2517883,0.6174164,TransSlide
266.5199,32.88947,0,0.291599,0.5507744,0,1.968361,3893.328,1.638928,0.7896411,Right,Up,0.2373883,0.637291,TransSlide
266.5599,32.91679,0,0.2265966,0.558587,0,1.95401,3894.645,1.639316,0.7890717,Right,Up,0.2382111,0.6555634,TransSlide
266.5999,32.91856,0,0.1835668,0.558587,0,1.93822,3895.962,1.638046,0.788502,Right,Up,0.2229358,0.6736908,TransSlide
266.6399,32.94649,0,0.1295507,0.558587,0,1.919743,3897.279,1.639578,0.7879314,Right,Up,0.2229358,0.6901474,TransSlide
266.6799,32.95232,0,0.08651733,0.558587,0,1.90577,3898.597,1.636594,0.7873604,Right,Up,0.2065338,0.7065887,TransSlide
266.7199,32.97044,0,0.05081177,0.558587,0,1.882775,3899.916,1.637187,0.7867886,Right,Up,0.2055842,0.7211304,TransSlide
266.7599,32.99236,0,0.009613037,0.558587,0,1.863859,3901.235,1.637362,0.7862168,Right,Up,0.1948336,0.7356033,TransSlide
266.7999,33.00153,0,-0.02426147,0.5624933,0,1.845624,3902.555,1.635296,0.7856439,Right,Up,0.1876719,0.7485886,TransSlide
266.8399,33.02414,0,-0.08285701,0.5624933,0,1.820267,3903.876,1.635946,0.7850706,Right,Up,0.1866263,0.7608871,TransSlide
266.8799,33.04361,0,-0.1606768,0.5624933,0,1.798544,3905.197,1.636333,0.7844971,Right,Up,0.166689,0.7726746,TransSlide
266.9199,33.05774,0,-0.2201879,0.5624933,0,1.780602,3906.52,1.633841,0.7839226,Right,Up,0.166689,0.7825165,TransSlide
266.9599,33.07838,0,-0.314489,0.5624933,0,1.751569,3907.843,1.633931,0.7833474,Right,Up,0.1619255,0.7923431,TransSlide
266.9999,33.09742,0,-0.382238,0.5624933,0,1.724547,3909.166,1.634467,0.7827719,Right,Up,0.1412742,0.8011169,TransSlide
267.0399,33.1175,0,-0.4600596,0.5624933,0,1.699555,3910.491,1.634441,0.7821962,Right,Up,0.1398823,0.807991,TransSlide
267.0799,33.13691,0,-0.5131602,0.5624933,0,1.676936,3911.816,1.632486,0.7816194,Right,Up,0.1412742,0.8148651,TransSlide
267.1199,33.15395,0,-0.5314726,0.5624933,0,1.648455,3913.142,1.631541,0.7810422,Right,Up,0.1101434,0.8217316,TransSlide
267.1599,33.17488,0,-0.5360502,0.5624933,0,1.61323,3914.469,1.632153,0.7804648,Right,Up,0.1083524,0.8249283,TransSlide
267.1999,33.19189,0,-0.5296415,0.5624933,0,1.579668,3915.796,1.632473,0.7798865,Right,Up,0.1065312,0.8278961,TransSlide
267.2399,33.21207,0,-0.523231,0.5624933,0,1.547054,3917.125,1.632219,0.7793076,Right,Up,0.1065312,0.8308716,TransSlide
267.2799,33.2323,0,-0.523231,0.5624933,0,1.51522,3918.454,1.631648,0.7787281,Right,Up,0.09065409,0.8338318,TransSlide
267.3199,33.2521,0,-0.523231,0.5624933,0,1.484066,3919.784,1.630854,0.7781485,Straight,Up,0,0.8323898,TransSlide
267.3599,33.27144,0,-0.5177379,0.5624933,0,1.452973,3921.115,1.630051,0.777568,Straight,Up,0,0.8232574,TransSlide
267.3999,33.29037,0,-0.5067515,0.5624933,0,1.421954,3922.446,1.629382,0.776987,Straight,Up,0,0.8141174,TransSlide
267.4399,33.30898,0,-0.4765391,0.5624933,0,1.390767,3923.778,1.628593,0.7764058,Straight,Up,0,0.804985,TransSlide
267.4799,33.32716,0,-0.439918,0.5624933,0,1.35927,3925.111,1.627882,0.7758237,Straight,Up,0,0.7958374,TransSlide
267.5199,33.34538,0,-0.422523,0.5624933,0,1.32703,3926.445,1.627308,0.775241,Straight,Up,0,0.7866821,TransSlide
267.5599,33.36271,0,-0.3941399,0.5624933,0,1.294001,3927.779,1.626418,0.7746577,Straight,Up,0,0.7775269,TransSlide
267.5999,33.38047,0,-0.3566033,0.5624933,0,1.259784,3929.114,1.625376,0.7740744,Straight,Up,0,0.7683563,TransSlide
267.6399,33.39705,0,-0.3327996,0.5624933,0,1.224335,3930.45,1.6245,0.77349,Straight,Up,0,0.7591858,TransSlide
267.6799,33.41351,0,-0.3208977,0.5624933,0,1.187604,3931.786,1.623803,0.7729053,Straight,Up,0,0.7500076,TransSlide
267.7199,33.42974,0,-0.3208977,0.5624933,0,1.149428,3933.123,1.623232,0.7723204,Straight,Up,0,0.7408218,TransSlide
267.7599,33.44564,0,-0.3327996,0.5624933,0,1.109569,3934.461,1.622755,0.7717345,Straight,Up,0,0.7316208,TransSlide
267.7999,33.45496,0,-0.3447014,0.5624933,0,1.071644,3935.799,1.622806,0.771148,Straight,Up,0,0.7224274,TransSlide
267.8399,33.47343,0,-0.3456169,0.5663996,0,1.040027,3937.138,1.625371,0.7705612,Straight,Up,0,0.7132263,TransSlide
267.8799,33.48961,0,-0.3456169,0.5663996,0,1.005847,3938.477,1.626954,0.7699741,Straight,Up,0,0.7040176,TransSlide
267.9199,33.51094,0,-0.3337151,0.5742123,0,0.9695894,3939.817,1.624532,0.7693861,Straight,Up,0,0.6947937,TransSlide
267.9599,33.52547,0,-0.2677953,0.5742123,0,0.9386566,3941.158,1.623799,0.7687976,Straight,Up,0,0.6855545,TransSlide
267.9999,33.55281,0,-0.2201879,0.5742123,0,0.9102362,3942.5,1.625234,0.7682084,Left,Up,-0.07661668,0.6763229,TransSlide
268.0399,33.5672,0,-0.2137792,0.5742123,0,0.8800516,3943.842,1.622515,0.7676194,Left,Up,-0.1101434,0.656395,TransSlide
268.0799,33.58408,0,-0.2137792,0.5742123,0,0.8581284,3945.185,1.622628,0.7670292,Left,Up,-0.1101434,0.6334229,TransSlide
268.1199,33.61889,0,-0.2137792,0.5742123,0,0.8353355,3946.53,1.623016,0.7664387,Left,Up,-0.1083524,0.6104279,TransSlide
268.1599,33.62218,0,-0.2366674,0.5742123,0,0.8181642,3947.875,1.621442,0.7658479,Left,Up,-0.1493534,0.5874023,TransSlide
268.1999,33.66021,0,-0.2632177,0.5742123,0,0.8033574,3949.22,1.621915,0.7652563,Left,Up,-0.1519511,0.5595016,TransSlide
268.2399,33.66381,0,-0.2787817,0.5742123,0,0.7946026,3950.567,1.620671,0.7646641,Left,Up,-0.1519511,0.5313339,TransSlide
268.2799,33.69787,0,-0.2815282,0.5742123,0,0.7877661,3951.915,1.620063,0.7640715,Left,Up,-0.1855749,0.5027466,TransSlide
268.3199,33.71004,0,-0.2815282,0.5781186,0,0.7897896,3953.263,1.621223,0.7634786,Left,Up,-0.1866263,0.4702606,TransSlide
268.3599,33.73638,0,-0.2815282,0.5781186,0,0.7947092,3954.612,1.619135,0.762885,Left,Up,-0.2074791,0.4377289,TransSlide
268.3999,33.75597,0,-0.2861059,0.5781186,0,0.8067517,3955.962,1.618829,0.7622907,Left,Up,-0.2167048,0.4022293,TransSlide
268.4399,33.78441,0,-0.2861059,0.5781186,0,0.8275319,3957.313,1.621075,0.7616964,Left,Up,-0.2365626,0.3658295,TransSlide
268.4799,33.81126,0,-0.2861059,0.5781186,0,0.8543936,3958.666,1.617862,0.7611012,Left,Up,-0.2454926,0.3266678,TransSlide
268.5199,33.82005,0,-0.2861059,0.5781186,0,0.8861962,3960.018,1.617545,0.7605054,Left,Up,-0.2697954,0.2866745,TransSlide
268.5599,33.84785,0,-0.274204,0.5781186,0,0.91764,3961.372,1.621242,0.7599091,Left,Up,-0.2755364,0.2434998,TransSlide
268.5999,33.86899,0,-0.2201879,0.5781186,0,0.9466063,3962.727,1.622808,0.7593128,Left,Up,-0.2967354,0.199028,TransSlide
268.6399,33.89876,0,-0.1780736,0.5781186,0,0.9731607,3964.083,1.621847,0.7587156,Left,Up,-0.3171355,0.1524658,TransSlide
268.6799,33.93251,0,-0.1423663,0.5781186,0,0.9963658,3965.439,1.61965,0.7581177,Left,Flat,-0.329838,0.1031647,TransSlide
268.7199,33.9618,0,-0.1414508,0.5781186,0,1.017147,3966.798,1.614587,0.7575199,Left,Flat,-0.3250574,0.05191803,TransSlide
268.7599,33.9737,0,-0.1414508,0.5781186,0,1.03479,3968.156,1.609448,0.7569211,Right,Flat,0.06852804,-0.006523132,TransSlide
268.7999,33.99618,0,-0.1615924,0.5781186,0,1.043916,3969.516,1.61639,0.7563218,Right,Flat,0.06852804,-0.07945251,TransSlide
268.8399,34.02343,0,-0.1789892,0.5781186,0,1.050835,3970.877,1.620948,0.755722,Right,Down,0.06852804,-0.15242,TransSlide
268.8799,34.04612,0,-0.2073705,0.5781186,0,1.05565,3972.238,1.621523,0.7551222,Right,Down,0.06852804,-0.2255554,TransSlide
268.9199,34.08512,0,-0.2183568,0.5781186,0,1.057917,3973.601,1.619862,0.7545214,Right,Down,0.06852804,-0.2988586,TransSlide
268.9599,34.12074,0,-0.2192724,0.5781186,0,1.057639,3974.966,1.617213,0.7539202,Right,Down,0.07132626,-0.3722916,TransSlide
268.9999,34.15265,0,-0.2192724,0.5781186,0,1.054289,3976.332,1.614315,0.7533184,Straight,Down,0.01978234,-0.4458237,TransSlide
269.0399,34.18273,0,-0.2037084,0.5781186,0,1.0484,3977.699,1.611574,0.7527165,Straight,Down,-0.01978234,-0.4701691,TransSlide
269.0799,34.21187,0,-0.1799047,0.5781186,0,1.039662,3979.067,1.609285,0.7521138,Straight,Down,0,-0.4902191,TransSlide
269.1199,34.24057,0,-0.1652545,0.5781186,0,1.028399,3980.436,1.607468,0.7515106,Straight,Down,0,-0.5102921,TransSlide
269.1599,34.26898,0,-0.1524371,0.5859312,0,1.014751,3981.807,1.606047,0.7509072,Straight,Down,-0.01978234,-0.5303955,TransSlide
269.1999,34.29822,0,-0.1414508,0.5937438,0,0.9984018,3983.178,1.604897,0.750303,Straight,Down,-0.01978234,-0.5505142,TransSlide
269.2399,34.3291,0,-0.1295489,0.5937438,0,0.9798241,3984.551,1.603849,0.7496982,Straight,Down,0,-0.5706635,TransSlide
269.2799,34.36058,0,-0.1112384,0.5937438,0,0.9587975,3985.925,1.602915,0.7490931,Straight,Down,0,-0.5908356,TransSlide
269.3199,34.39228,0,-0.08194149,0.5937438,0,0.9353743,3987.301,1.60219,0.7484878,Straight,Down,-0.01978234,-0.6110229,TransSlide
269.3599,34.42395,0,-0.01052856,0.5937438,0,0.9097555,3988.677,1.601565,0.7478816,Straight,Down,0,-0.6312408,TransSlide
269.3999,34.45603,0,0.08651733,0.5937438,0,0.8817722,3990.055,1.600933,0.7472749,Straight,Down,0,-0.6514893,TransSlide
269.4399,34.488,0,0.1460302,0.5937438,0,0.8516301,3991.434,1.60056,0.7466682,Straight,Down,-0.01978234,-0.6717529,TransSlide
269.4799,34.51993,0,0.18906,0.5937438,0,0.8197581,3992.815,1.599522,0.7460607,Straight,Down,-0.01978234,-0.6920395,TransSlide
269.5199,34.55182,0,0.1945531,0.5937438,0,0.7858026,3994.197,1.598821,0.7454525,Straight,Down,0,-0.7123413,TransSlide
269.5599,34.58411,0,0.1945531,0.5976501,0,0.7502241,3995.58,1.598249,0.744844,Straight,Down,0,-0.7326813,TransSlide
269.5999,34.61636,0,0.1899755,0.5976501,0,0.7132671,3996.964,1.597752,0.7442353,Straight,Down,-0.01978234,-0.7530289,TransSlide
269.6399,34.64923,0,0.1844823,0.6015564,0,0.6747906,3998.349,1.5971,0.7436258,Straight,Down,-0.01978234,-0.7734146,TransSlide
269.6799,34.68228,0,0.1780736,0.6015564,0,0.6349652,3999.736,1.596554,0.7430157,Straight,Down,0,-0.793808,TransSlide
269.7199,34.71543,0,0.171665,0.6015564,0,0.5938015,4001.125,1.596168,0.7424057,Straight,Down,-0.01978234,-0.8142319,TransSlide
269.7599,34.74869,0,0.1606786,0.6015564,0,0.5514821,4002.514,1.595953,0.7417946,Straight,Down,-0.01978234,-0.8346634,TransSlide
269.7999,34.77433,0,0.140537,0.6015564,0,0.5123745,4003.905,1.596451,0.7411833,Straight,Down,0,-0.8551178,TransSlide
269.8399,34.80973,0,0.1057434,0.6015564,0,0.4803301,4005.297,1.599401,0.7405714,Straight,Down,0,-0.8755722,TransSlide
269.8799,34.84061,0,0.06271362,0.6015564,0,0.4475466,4006.691,1.600717,0.7399594,Straight,Down,0,-0.8960571,TransSlide
269.9199,34.87826,0,0.03799438,0.6015564,0,0.4138529,4008.085,1.600329,0.7393466,Straight,Down,-0.01978234,-0.9165726,TransSlide
269.9599,34.91671,0,0.01419067,0.6015564,0,0.3793864,4009.482,1.599192,0.7387334,Straight,Down,-0.01978234,-0.9371185,TransSlide
269.9999,34.95345,0,-0.005950928,0.6015564,0,0.3444653,4010.879,1.597768,0.7381195,Straight,Down,0,-0.9576874,TransSlide
270.0399,34.98893,0,-0.01144409,0.6015564,0,0.3090767,4012.279,1.596315,0.7375058,Straight,Down,-0.02797646,-0.9768448,TransSlide
270.0799,35.02365,0,-0.0151062,0.6015564,0,0.2730837,4013.679,1.594946,0.7368912,Straight,Down,-0.02797646,-0.9797974,TransSlide
270.1199,35.05803,0,-0.0151062,0.6015564,0,0.2367621,4015.081,1.593719,0.736276,Straight,Down,-0.02797646,-0.9827423,TransSlide
270.1599,35.09285,0,-0.0151062,0.6015564,0,0.1996521,4016.485,1.592652,0.7356607,Straight,Down,-0.02797646,-0.9856949,TransSlide
270.1999,35.12666,0,-0.0151062,0.6015564,0,0.1622294,4017.889,1.59051,0.7350447,Straight,Down,-0.03426402,-0.9886551,TransSlide
270.2399,35.16079,0,-0.0151062,0.6015564,0,0.1243314,4019.295,1.589141,0.7344281,Straight,Down,-0.02797646,-0.9916077,TransSlide
270.2799,35.19328,0,-0.0151062,0.6015564,0,0.08626947,4020.703,1.588345,0.7338111,Straight,Down,-0.03426402,-0.9945679,TransSlide
270.3199,35.22294,0,-0.0151062,0.6015564,0,0.05489847,4022.111,1.588317,0.7331942,Straight,Down,-0.02797646,-0.9975281,TransSlide
270.3599,35.25618,0,-0.01602173,0.6015564,0,0.03113312,4023.521,1.589178,0.7325762,Straight,Down,-0.02797646,-1.000488,TransSlide
270.3999,35.28739,0,-0.01693726,0.6015564,0,0.007275939,4024.932,1.589643,0.7319579,Straight,Down,-0.02797646,-1.003456,TransSlide
270.4399,35.32171,0,-0.01693726,0.5820249,0,-0.01671955,4026.345,1.589388,0.7313394,Straight,Down,-0.02797646,-1.006424,TransSlide
270.4799,35.35279,0,-0.02243042,0.5781186,0,-0.04089674,4027.759,1.588702,0.7307203,Straight,Down,-0.03426402,-1.009392,TransSlide
270.5199,35.38187,0,-0.02883911,0.5781186,0,-0.06511849,4029.174,1.588014,0.7301005,Straight,Down,-0.02797646,-1.012367,TransSlide
270.5599,35.41051,0,-0.03982544,0.5781186,0,-0.08947313,4030.59,1.587326,0.7294803,Straight,Down,-0.03956468,-1.014732,TransSlide
270.5999,35.43968,0,-0.0590533,0.5781186,0,-0.1144872,4032.007,1.586183,0.7288603,Straight,Down,-0.04423466,-1.013138,TransSlide
270.6399,35.46806,0,-0.07553279,0.5742123,0,-0.1394323,4033.426,1.583802,0.7282392,Straight,Down,-0.03956468,-1.011551,TransSlide
270.6799,35.49463,0,-0.0993365,0.5742123,0,-0.1652153,4034.845,1.582309,0.7276176,Straight,Down,-0.03956468,-1.009956,TransSlide
270.7199,35.51917,0,-0.1185626,0.5742123,0,-0.1797296,4036.266,1.582507,0.7269962,Straight,Down,-0.03956468,-1.008362,TransSlide
270.7599,35.5452,0,-0.1359576,0.5663996,0,-0.1907873,4037.688,1.583099,0.7263739,Straight,Down,-0.03956468,-1.006767,TransSlide
270.7999,35.56865,0,-0.1478595,0.558587,0,-0.2019898,4039.11,1.583172,0.725751,Straight,Down,-0.03956468,-1.005165,TransSlide
270.8399,35.59324,0,-0.1542681,0.5507744,0,-0.2134655,4040.534,1.582807,0.7251276,Straight,Down,-0.03956468,-1.003571,TransSlide
270.8799,35.61598,0,-0.1652545,0.5468681,0,-0.2252682,4041.958,1.582282,0.7245044,Straight,Down,-0.03956468,-1.001968,TransSlide
270.9199,35.63859,0,-0.1725787,0.5468681,0,-0.2377562,4043.384,1.582137,0.7238803,Straight,Down,-0.03956468,-1.000359,TransSlide
270.9599,35.66002,0,-0.1972997,0.5390555,0,-0.2507619,4044.81,1.579326,0.7232557,Straight,Down,-0.04845664,-0.9975739,TransSlide
270.9999,35.67713,0,-0.2375829,0.5273365,0,-0.2641096,4046.237,1.577157,0.7226311,Left,Down,-0.05233916,-0.9928436,TransSlide
271.0399,35.69248,0,-0.2732885,0.5234302,0,-0.2640193,4047.664,1.577583,0.7220057,Left,Down,-0.05233916,-0.9881134,TransSlide
271.0799,35.70568,0,-0.3327996,0.5117113,0,-0.2638132,4049.093,1.578,0.7213798,Left,Down,-0.05233916,-0.9833832,TransSlide
271.1199,35.71746,0,-0.3859001,0.4999771,0,-0.2642162,4050.521,1.578019,0.7207534,Straight,Down,-0.04845664,-0.9786377,TransSlide
271.1599,35.72798,0,-0.4417491,0.4682384,0,-0.2657085,4051.95,1.577625,0.7201272,Straight,Down,-0.04845664,-0.9738998,TransSlide
271.1999,35.73507,0,-0.5003428,0.464271,0,-0.2686208,4053.379,1.577408,0.7194999,Left,Down,-0.05233916,-0.9691544,TransSlide
271.2399,35.73795,0,-0.5424589,0.464271,0,-0.2724029,4054.809,1.574299,0.7188724,Left,Down,-0.05233916,-0.9644089,TransSlide
271.2799,35.73652,0,-0.5827421,0.4603037,0,-0.2717703,4056.239,1.572917,0.7182444,Left,Down,-0.05934703,-0.9582748,TransSlide
271.3199,35.73766,0,-0.6065458,0.444419,0,-0.2640406,4057.668,1.57345,0.7176164,Left,Down,-0.05934703,-0.9508514,TransSlide
271.3599,35.7328,0,-0.6266874,0.4166476,0,-0.2575376,4059.097,1.573658,0.7169874,Left,Down,-0.05934703,-0.9434433,TransSlide
271.3999,35.72615,0,-0.6605637,0.3729915,0,-0.2525673,4060.527,1.573479,0.7163582,Left,Down,-0.06255726,-0.9360275,TransSlide
271.4399,35.71323,0,-0.6907761,0.3452201,0,-0.250178,4061.955,1.572663,0.7157289,Left,Down,-0.06255726,-0.9286041,TransSlide
271.4799,35.69003,0,-0.7502854,0.297612,0,-0.2495353,4063.383,1.569252,0.7150987,Left,Down,-0.05934703,-0.9211807,TransSlide
271.5199,35.65627,0,-0.8024722,0.2618906,0,-0.2399735,4064.81,1.569033,0.7144682,Left,Down,-0.07132626,-0.913765,TransSlide
271.5599,35.61428,0,-0.8738834,0.2261845,0,-0.2299689,4066.235,1.569585,0.7138373,Left,Down,-0.07132626,-0.9041061,TransSlide
271.5999,35.5635,0,-0.9224081,0.2182498,0,-0.2226619,4067.658,1.569775,0.7132063,Left,Down,-0.07132626,-0.8941879,TransSlide
271.6399,35.5098,0,-0.9279013,0.2142824,0,-0.2192843,4069.079,1.56924,0.7125744,Left,Down,-0.07132626,-0.8842697,TransSlide
271.6799,35.45216,0,-0.920577,0.2063325,0,-0.2190689,4070.497,1.565314,0.7119421,Left,Down,-0.07132626,-0.8743591,TransSlide
271.7199,35.39288,0,-0.9050131,0.2063325,0,-0.2094359,4071.914,1.565358,0.71131,Left,Down,-0.07132626,-0.8644562,TransSlide
271.7599,35.33316,0,-0.8976889,0.2063325,0,-0.2024854,4073.327,1.56604,0.710677,Left,Down,-0.08392937,-0.8541107,TransSlide
271.7999,35.27229,0,-0.8967733,0.2063325,0,-0.1997606,4074.739,1.566696,0.7100435,Left,Down,-0.08156469,-0.8417358,TransSlide
271.8399,35.21142,0,-0.8931112,0.2063325,0,-0.2016361,4076.148,1.563486,0.7094097,Left,Down,-0.08156469,-0.8293686,TransSlide
271.8799,35.14779,0,-0.885787,0.2341192,0,-0.1987246,4077.555,1.56206,0.7087758,Left,Down,-0.08392937,-0.8170013,TransSlide
271.9199,35.0912,0,-0.8491641,0.2341192,0,-0.1966805,4078.959,1.562941,0.7081411,Left,Down,-0.08392937,-0.8046646,TransSlide
271.9599,35.03354,0,-0.8033878,0.2380865,0,-0.1995304,4080.361,1.563846,0.7075061,Left,Down,-0.09487279,-0.7918396,TransSlide
271.9999,34.97629,0,-0.7255661,0.2380865,0,-0.207735,4081.76,1.559936,0.706871,Left,Down,-0.09487279,-0.7769623,TransSlide
272.0399,34.9184,0,-0.6486619,0.2420539,0,-0.2096896,4083.158,1.559417,0.7062351,Left,Down,-0.09487279,-0.7621002,TransSlide
272.0799,34.86387,0,-0.5470365,0.2460212,0,-0.2155716,4084.553,1.560245,0.7055988,Left,Down,-0.09487279,-0.7472687,TransSlide
272.1199,34.80928,0,-0.4875255,0.2499886,0,-0.2276133,4085.946,1.559666,0.7049621,Left,Down,-0.1046783,-0.7324295,TransSlide
272.1599,34.7523,0,-0.4582286,0.2499886,0,-0.2386031,4087.337,1.556544,0.7043254,Left,Down,-0.1065312,-0.7154007,TransSlide
272.1999,34.70084,0,-0.4527354,0.2539559,0,-0.2487131,4088.725,1.557545,0.703688,Left,Down,-0.1065312,-0.6979523,TransSlide
272.2399,34.64938,0,-0.4527354,0.2539559,0,-0.2653196,4090.112,1.558118,0.70305,Left,Down,-0.1065312,-0.6805191,TransSlide
272.2799,34.59393,0,-0.4765391,0.2579232,0,-0.2818675,4091.496,1.554578,0.7024117,Left,Down,-0.1203313,-0.6630936,TransSlide
272.3199,34.54418,0,-0.4930186,0.2579232,0,-0.2972314,4092.878,1.555408,0.7017735,Left,Down,-0.1219466,-0.6430817,TransSlide
272.3599,34.49571,0,-0.5012584,0.2579232,0,-0.3197457,4094.259,1.554569,0.7011344,Left,Down,-0.1219466,-0.6228943,TransSlide
272.3999,34.44078,0,-0.5131602,0.2658579,0,-0.338405,4095.637,1.55269,0.7004949,Left,Down,-0.1251145,-0.6027298,TransSlide
272.4399,34.39619,0,-0.5314726,0.2698253,0,-0.3608306,4097.013,1.554631,0.6998555,Left,Down,-0.1370561,-0.5812836,TransSlide
272.4799,34.34395,0,-0.5671781,0.27776,0,-0.3860908,4098.388,1.550725,0.6992152,Left,Down,-0.1370561,-0.5582199,TransSlide
272.5199,34.29639,0,-0.6083769,0.2856947,0,-0.4065629,4099.76,1.551516,0.6985746,Left,Down,-0.1384764,-0.5351868,TransSlide
272.5599,34.25375,0,-0.6367582,0.289662,0,-0.4351321,4101.131,1.549531,0.6979336,Left,Down,-0.1519511,-0.511055,TransSlide
272.5999,34.20589,0,-0.6614792,0.2936446,0,-0.456091,4102.5,1.549594,0.6972926,Left,Down,-0.1519511,-0.4849854,TransSlide
272.6399,34.16895,0,-0.6669724,0.3055466,0,-0.4847862,4103.867,1.548309,0.6966508,Left,Down,-0.1594904,-0.4589462,TransSlide
272.6799,34.12035,0,-0.6742966,0.3055466,0,-0.5060036,4105.232,1.548185,0.6960086,Left,Down,-0.1690205,-0.4310303,TransSlide
272.7199,34.08801,0,-0.6834519,0.3055466,0,-0.5342246,4106.596,1.546361,0.6953666,Left,Down,-0.1690205,-0.4017487,TransSlide
272.7599,34.03947,0,-0.6971848,0.3055466,0,-0.5542197,4107.958,1.542981,0.6947235,Left,Down,-0.1876719,-0.3723373,TransSlide
272.7999,34.00281,0,-0.7136643,0.3055466,0,-0.5784029,4109.318,1.540885,0.6940802,Left,Down,-0.1876719,-0.3396072,TransSlide
272.8399,33.95386,0,-0.7191575,0.3055466,0,-0.5996099,4110.677,1.537785,0.6934365,Left,Down,-0.199792,-0.3069305,TransSlide
272.8799,33.91307,0,-0.7136643,0.3055466,0,-0.616756,4112.034,1.536429,0.6927929,Left,Down,-0.2065338,-0.2716064,TransSlide
272.9199,33.86642,0,-0.7017624,0.3055466,0,-0.6323141,4113.389,1.538425,0.6921484,Left,Down,-0.2167048,-0.2353897,TransSlide
272.9599,33.82494,0,-0.6669724,0.3055466,0,-0.6459075,4114.742,1.540801,0.6915035,Left,Down,-0.2264194,-0.1967087,TransSlide
272.9999,33.7817,0,-0.6019682,0.3055466,0,-0.6524503,4116.094,1.540838,0.6908588,Left,Down,-0.2406627,-0.1567612,TransSlide
273.0399,33.73795,0,-0.5598539,0.3055466,0,-0.6590881,4117.444,1.543926,0.6902133,Left,Flat,-0.2470816,-0.1138458,TransSlide
273.0799,33.69602,0,-0.5067515,0.3055466,0,-0.6631112,4118.792,1.54417,0.6895673,Left,Flat,-0.2719625,-0.06999207,TransSlide
273.1199,33.65794,0,-0.4774547,0.3055466,0,-0.6631866,4120.139,1.545964,0.6889209,Left,Flat,-0.2811602,-0.02623749,TransSlide
273.1599,33.61283,0,-0.4545665,0.3055466,0,-0.6644502,4121.484,1.546612,0.6882747,Left,Flat,-0.3109043,-0.01303864,TransSlide
273.1999,33.57805,0,-0.453651,0.309514,0,-0.6601615,4122.828,1.546487,0.6876277,Left,Flat,-0.2920831,-0.03703308,TransSlide
273.2399,33.53492,0,-0.453651,0.3253834,0,-0.6590608,4124.169,1.546822,0.6869802,Left,Flat,-0.2853053,-0.05953217,TransSlide
273.2799,33.50307,0,-0.453651,0.3571222,0,-0.6518672,4125.51,1.546075,0.6863323,Left,Flat,-0.2741124,-0.08125305,TransSlide
273.3199,33.46598,0,-0.453651,0.3729915,0,-0.6483508,4126.849,1.545114,0.6856847,Left,Flat,-0.2586879,-0.1022415,TransSlide
273.3599,33.44717,0,-0.453651,0.3729915,0,-0.6416065,4128.187,1.545426,0.6850363,Left,Flat,-0.2564087,-0.121933,TransSlide
273.3999,33.41781,0,-0.4518199,0.3769741,0,-0.6358957,4129.524,1.543094,0.6843873,Left,Flat,-0.2382111,-0.1412048,TransSlide
273.4399,33.40121,0,-0.4280162,0.3769741,0,-0.6316714,4130.86,1.544563,0.6837386,Left,Down,-0.2382111,-0.1593018,TransSlide
273.4799,33.37882,0,-0.3749138,0.3769741,0,-0.6241045,4132.196,1.543112,0.683089,Left,Down,-0.2211734,-0.1769943,TransSlide
273.5199,33.35536,0,-0.3154045,0.3769741,0,-0.6215426,4133.53,1.54257,0.682439,Left,Down,-0.2211734,-0.1936722,TransSlide
273.5599,33.33839,0,-0.2632177,0.3769741,0,-0.6144683,4134.864,1.542535,0.6817887,Left,Down,-0.2036718,-0.2099686,TransSlide
273.5999,33.31428,0,-0.2018774,0.3769741,0,-0.6084161,4136.197,1.540748,0.6811385,Left,Down,-0.2046302,-0.2252655,TransSlide
273.6399,33.29687,0,-0.1734942,0.3769741,0,-0.607558,4137.529,1.54118,0.6804875,Left,Down,-0.1876719,-0.2404938,TransSlide
273.6799,33.28019,0,-0.1597613,0.3769741,0,-0.6000019,4138.861,1.5406,0.6798362,Left,Down,-0.1876719,-0.2544098,TransSlide
273.7199,33.25827,0,-0.1533526,0.3769741,0,-0.5948576,4140.191,1.539057,0.679185,Left,Down,-0.1802258,-0.2683105,TransSlide
273.7599,33.24,0,-0.1533526,0.3769741,0,-0.5944442,4141.521,1.538442,0.6785328,Left,Down,-0.1713202,-0.2814026,TransSlide
273.7999,33.22627,0,-0.1551837,0.3769741,0,-0.5911106,4142.851,1.539006,0.6778803,Left,Down,-0.1701742,-0.2939529,TransSlide
273.8399,33.20658,0,-0.1597613,0.3769741,0,-0.5857272,4144.179,1.537478,0.6772277,Left,Down,-0.1570175,-0.3064957,TransSlide
273.8799,33.1909,0,-0.1597613,0.3769741,0,-0.5850508,4145.507,1.535871,0.6765751,Left,Down,-0.1557664,-0.3178177,TransSlide
273.9199,33.1744,0,-0.1597613,0.3769741,0,-0.5886199,4146.834,1.537047,0.6759216,Left,Down,-0.1545051,-0.3290329,TransSlide
273.9599,33.1597,0,-0.1597613,0.3769741,0,-0.5841084,4148.161,1.536656,0.6752678,Left,Down,-0.1398823,-0.3402405,TransSlide
273.9999,33.1415,0,-0.1597613,0.3769741,0,-0.5813988,4149.486,1.535335,0.6746141,Left,Down,-0.1384764,-0.350174,TransSlide
274.0399,33.12761,0,-0.1533526,0.3769741,0,-0.5827816,4150.812,1.53413,0.6739597,Left,Down,-0.1384764,-0.3600693,TransSlide
274.0799,33.11033,0,-0.13138,0.3769741,0,-0.5876979,4152.136,1.534444,0.6733049,Left,Down,-0.1297215,-0.3699493,TransSlide
274.1199,33.09821,0,-0.1121539,0.3769741,0,-0.5880625,4153.46,1.534604,0.6726497,Left,Down,-0.1235407,-0.3790207,TransSlide
274.1599,33.08096,0,-0.100252,0.3769741,0,-0.5852757,4154.784,1.53331,0.6719946,Left,Down,-0.1219466,-0.3875885,TransSlide
274.1999,33.06831,0,-0.07736385,0.3769741,0,-0.5861972,4156.106,1.532305,0.6713388,Left,Down,-0.1219466,-0.3961487,TransSlide
274.2399,33.05331,0,-0.05813599,0.3769741,0,-0.590106,4157.429,1.531158,0.6706826,Left,Down,-0.1101434,-0.4046936,TransSlide
274.2799,33.03763,0,-0.02426147,0.3769741,0,-0.596608,4158.75,1.531416,0.6700267,Left,Down,-0.1046783,-0.4121475,TransSlide
274.3199,33.0261,0,0.00869751,0.3769741,0,-0.6004229,4160.072,1.532013,0.6693698,Left,Down,-0.1046783,-0.4193802,TransSlide
274.3599,33.01089,0,0.02700806,0.3769741,0,-0.5977151,4161.392,1.530852,0.6687127,Left,Down,-0.1065312,-0.42659,TransSlide
274.3999,32.99874,0,0.05813599,0.3769741,0,-0.598003,4162.712,1.529837,0.6680551,Left,Down,-0.1027921,-0.4337997,TransSlide
274.4399,32.98543,0,0.09292603,0.3769741,0,-0.6007892,4164.032,1.529003,0.6673978,Left,Down,-0.08846933,-0.4403915,TransSlide
274.4799,32.97212,0,0.1277196,0.3809415,0,-0.6055819,4165.351,1.528282,0.6667398,Left,Down,-0.08846933,-0.446228,TransSlide
274.5199,32.95863,0,0.1469457,0.3809415,0,-0.6120154,4166.669,1.527533,0.6660812,Left,Down,-0.08846933,-0.4520493,TransSlide
274.5599,32.94632,0,0.1643407,0.3809415,0,-0.6206525,4167.987,1.52848,0.6654224,Left,Down,-0.08846933,-0.4578705,TransSlide
274.5999,32.93551,0,0.1826513,0.3809415,0,-0.6211357,4169.305,1.528175,0.6647638,Left,Down,-0.08846933,-0.4636841,TransSlide
274.6399,32.92336,0,0.1844823,0.3809415,0,-0.6176798,4170.622,1.527001,0.6641044,Left,Down,-0.06852804,-0.4692917,TransSlide
274.6799,32.91321,0,0.1899755,0.3809415,0,-0.6158255,4171.938,1.525982,0.6634446,Left,Down,-0.06852804,-0.473587,TransSlide
274.7199,32.90184,0,0.1899755,0.3809415,0,-0.6153914,4173.255,1.525224,0.6627851,Left,Down,-0.06852804,-0.4778671,TransSlide
274.7599,32.89042,0,0.1899755,0.3809415,0,-0.6161487,4174.57,1.524553,0.6621246,Left,Down,-0.07132626,-0.4821548,TransSlide
274.7999,32.87908,0,0.1899755,0.3809415,0,-0.6178659,4175.886,1.523895,0.661464,Left,Down,-0.07132626,-0.4864349,TransSlide
274.8399,32.86771,0,0.1835668,0.3809415,0,-0.620753,4177.2,1.523218,0.6608029,Left,Down,-0.06852804,-0.490715,TransSlide
274.8799,32.8564,0,0.1780736,0.3849088,0,-0.6243593,4178.515,1.522715,0.6601421,Left,Down,-0.06852804,-0.4949875,TransSlide
274.9199,32.84539,0,0.1771581,0.3888762,0,-0.6284772,4179.829,1.522016,0.6594804,Straight,Down,-0.04423466,-0.4988251,TransSlide
274.9599,32.83518,0,0.1771581,0.4047455,0,-0.6329269,4181.142,1.522415,0.6588185,Straight,Down,-0.04423466,-0.501091,TransSlide
274.9999,32.82689,0,0.1771581,0.4087129,0,-0.6379602,4182.456,1.522438,0.6581568,Straight,Down,-0.04423466,-0.5033493,TransSlide
275.0399,32.82275,0,0.1771581,0.4126802,0,-0.6384954,4183.769,1.521796,0.6574941,Straight,Down,-0.04423466,-0.5056076,TransSlide
275.0799,32.81813,0,0.1771581,0.4126802,0,-0.6341932,4185.081,1.52061,0.6568312,Straight,Down,-0.03956468,-0.5078659,TransSlide
275.1199,32.81472,0,0.1771581,0.4126802,0,-0.6302778,4186.394,1.519639,0.656168,Straight,Down,-0.04423466,-0.5101242,TransSlide
275.1599,32.81025,0,0.1771581,0.4126802,0,-0.6263906,4187.706,1.518857,0.6555051,Straight,Down,-0.04423466,-0.5123825,TransSlide
275.1999,32.80574,0,0.1771581,0.4126802,0,-0.6222482,4189.019,1.518207,0.6548412,Straight,Down,-0.04423466,-0.5146408,TransSlide
275.2399,32.80122,0,0.1899755,0.4126802,0,-0.6181158,4190.331,1.517708,0.6541771,Straight,Down,-0.04423466,-0.5168915,TransSlide
275.2799,32.79673,0,0.2073705,0.4126802,0,-0.61362,4191.643,1.517161,0.6535132,Straight,Down,-0.04423466,-0.5191422,TransSlide
275.3199,32.79226,0,0.2256811,0.4126802,0,-0.6088638,4192.954,1.516625,0.6528485,Straight,Down,-0.04423466,-0.5214005,TransSlide
275.3599,32.78777,0,0.2366674,0.4126802,0,-0.6035818,4194.266,1.516201,0.6521835,Straight,Down,0,-0.5236511,TransSlide
275.3999,32.78326,0,0.2430761,0.4126802,0,-0.5976701,4195.577,1.515791,0.6515182,Straight,Down,0,-0.5223618,TransSlide
275.4399,32.77872,0,0.2549779,0.4126802,0,-0.5910149,4196.889,1.515314,0.6508531,Straight,Down,0,-0.5203857,TransSlide
275.4799,32.77415,0,0.2732885,0.4126802,0,-0.5837457,4198.2,1.514771,0.6501873,Straight,Down,0.01978234,-0.5183945,TransSlide
275.5199,32.76955,0,0.2861059,0.4126802,0,-0.575811,4199.51,1.514015,0.6495211,Straight,Down,0,-0.5164032,TransSlide
275.5599,32.76491,0,0.2961767,0.4126802,0,-0.5669165,4200.821,1.51347,0.6488546,Straight,Down,0,-0.5144272,TransSlide
275.5999,32.76018,0,0.3035009,0.3888762,0,-0.5571942,4202.131,1.513072,0.6481883,Straight,Down,0,-0.5124359,TransSlide
275.6399,32.75114,0,0.3099096,0.3888762,0,-0.5463169,4203.441,1.512607,0.6475213,Straight,Down,0,-0.5104523,TransSlide
275.6799,32.74123,0,0.3208959,0.3888762,0,-0.5344671,4204.751,1.51207,0.6468539,Straight,Down,0,-0.5084686,TransSlide
275.7199,32.73119,0,0.3456151,0.3888762,0,-0.5214572,4206.061,1.511544,0.6461868,Straight,Down,0,-0.506485,TransSlide
275.7599,32.72109,0,0.3859019,0.3888762,0,-0.5072875,4207.369,1.510994,0.6455188,Straight,Down,0,-0.5045013,TransSlide
275.7999,32.71089,0,0.4444957,0.3888762,0,-0.4915904,4208.678,1.510427,0.6448507,Straight,Down,0,-0.5025177,TransSlide
275.8399,32.7004,0,0.4765391,0.3888762,0,-0.4741611,4209.986,1.509751,0.6441822,Straight,Down,0,-0.5005341,TransSlide
275.8799,32.69013,0,0.4939342,0.3888762,0,-0.4549724,4211.293,1.509349,0.643514,Straight,Down,0,-0.4985428,TransSlide
275.9199,32.67957,0,0.4939342,0.3888762,0,-0.4336925,4212.601,1.509069,0.6428449,Straight,Down,0,-0.4965668,TransSlide
275.9599,32.66891,0,0.4939342,0.3888762,0,-0.410645,4213.908,1.508668,0.6421756,Straight,Down,0,-0.4945831,TransSlide
275.9999,32.65844,0,0.4939342,0.3888762,0,-0.3858233,4215.214,1.508155,0.6415066,Straight,Down,0,-0.4925995,TransSlide
276.0399,32.64777,0,0.4921031,0.3888762,0,-0.3591329,4216.52,1.507467,0.6408367,Straight,Down,0,-0.4906158,TransSlide
276.0799,32.63697,0,0.4829478,0.3888762,0,-0.3302635,4217.826,1.5069,0.6401666,Straight,Down,0,-0.4886322,TransSlide
276.1199,32.62751,0,0.4747081,0.3888762,0,-0.2992433,4219.131,1.506498,0.6394961,Straight,Down,0,-0.4866562,TransSlide
276.1599,32.61604,0,0.453651,0.3888762,0,-0.2768038,4220.436,1.504506,0.638826,Straight,Down,0,-0.4846649,TransSlide
276.1999,32.60378,0,0.439918,0.3888762,0,-0.2532399,4221.74,1.502691,0.638155,Straight,Down,0,-0.4826889,TransSlide
276.2399,32.59243,0,0.439918,0.3888762,0,-0.2271511,4223.043,1.501711,0.6374838,Straight,Down,0,-0.4806976,TransSlide
276.2799,32.57956,0,0.439918,0.3888762,0,-0.1984789,4224.347,1.501189,0.6368127,Straight,Down,0,-0.4787216,TransSlide
276.3199,32.56656,0,0.439918,0.4087129,0,-0.1667306,4225.649,1.500916,0.6361411,Straight,Down,0,-0.476738,TransSlide
276.3599,32.55471,0,0.4444957,0.4087129,0,-0.1318332,4226.952,1.501309,0.6354689,Straight,Down,0,-0.4747543,TransSlide
276.3999,32.54725,0,0.4444957,0.4087129,0,-0.09443766,4228.253,1.50247,0.6347967,Straight,Down,0,-0.4727783,TransSlide
276.4399,32.54123,0,0.4444957,0.4087129,0,-0.06091332,4229.555,1.501781,0.6341246,Straight,Down,0,-0.470787,TransSlide
276.4799,32.53161,0,0.4444957,0.4166476,0,-0.03004482,4230.856,1.499683,0.6334518,Straight,Down,0.04845664,-0.468811,TransSlide
276.5199,32.5265,0,0.4444957,0.4166476,0,0.004031986,4232.157,1.498237,0.6327787,Right,Down,0.05595291,-0.462532,TransSlide
276.5599,32.51763,0,0.4344249,0.4285496,0,0.04165843,4233.458,1.497138,0.6321054,Right,Down,0.05595291,-0.4557648,TransSlide
276.5999,32.51117,0,0.4151988,0.4364843,0,0.08234712,4234.759,1.498241,0.6314324,Right,Down,0.05595291,-0.4490051,TransSlide
276.6399,32.5121,0,0.3978038,0.4523537,0,0.1213396,4236.06,1.498791,0.6307585,Right,Down,0.05934703,-0.4422379,TransSlide
276.6799,32.50879,0,0.3813243,0.4682384,0,0.155941,4237.36,1.496753,0.6300843,Right,Down,0.05934703,-0.435463,TransSlide
276.7199,32.51398,0,0.3685069,0.476173,0,0.1937899,4238.661,1.494974,0.6294105,Right,Down,0.05595291,-0.428688,TransSlide
276.7599,32.51513,0,0.3630137,0.4841077,0,0.2351953,4239.962,1.495131,0.628736,Right,Down,0.06852804,-0.4219131,TransSlide
276.7999,32.52734,0,0.3620982,0.4880751,0,0.2754346,4241.263,1.496225,0.6280611,Right,Down,0.08392937,-0.4137878,TransSlide
276.8399,32.53086,0,0.3611827,0.4880751,0,0.3109844,4242.563,1.494102,0.6273859,Right,Down,0.08392937,-0.4045029,TransSlide
276.8799,32.53991,0,0.3611827,0.4880751,0,0.3499297,4243.865,1.491638,0.626711,Right,Down,0.08392937,-0.3952103,TransSlide
276.9199,32.55222,0,0.3611827,0.4880751,0,0.3920236,4245.167,1.494301,0.6260355,Right,Down,0.08392937,-0.3859177,TransSlide
276.9599,32.55891,0,0.3611827,0.4880751,0,0.4253612,4246.47,1.492435,0.6253596,Right,Down,0.08846933,-0.3766098,TransSlide
276.9999,32.56045,0,0.3611827,0.4880751,0,0.4618784,4247.772,1.489629,0.624684,Right,Down,0.1083524,-0.3664246,TransSlide
277.0399,32.57745,0,0.3611827,0.4880751,0,0.4998706,4249.075,1.492188,0.6240076,Right,Down,0.1101434,-0.3547668,TransSlide
277.0799,32.58294,0,0.3611827,0.4880751,0,0.5303001,4250.379,1.489966,0.6233311,Right,Down,0.1083524,-0.3431091,TransSlide
277.1199,32.58713,0,0.3611827,0.4880751,0,0.5645133,4251.682,1.489265,0.6226543,Right,Down,0.1119058,-0.3314438,TransSlide
277.1599,32.60131,0,0.3611827,0.4880751,0,0.5927511,4252.986,1.48901,0.6219777,Right,Down,0.1341704,-0.3189774,TransSlide
277.1999,32.59487,0,0.3611827,0.4880751,0,0.6211029,4254.29,1.486791,0.6213004,Right,Down,0.1341704,-0.304985,TransSlide
277.2399,32.61773,0,0.3520274,0.4880751,0,0.6454738,4255.594,1.487566,0.6206229,Right,Down,0.1341704,-0.2909775,TransSlide
277.2799,32.61149,0,0.3392065,0.4880751,0,0.6674659,4256.899,1.485442,0.6199456,Right,Down,0.1582588,-0.2769623,TransSlide
277.3199,32.63218,0,0.3318822,0.4880751,0,0.6849595,4258.204,1.485862,0.6192676,Right,Down,0.1582588,-0.2606201,TransSlide
277.3599,32.62655,0,0.3254735,0.4880751,0,0.7003525,4259.509,1.485065,0.6185893,Right,Down,0.1594904,-0.2442474,TransSlide
277.3999,32.6428,0,0.3208959,0.4880751,0,0.7076192,4260.814,1.485526,0.6179109,Right,Down,0.1823843,-0.2274551,TransSlide
277.4399,32.6434,0,0.3199804,0.4880751,0,0.7123051,4262.12,1.485051,0.6172327,Right,Down,0.1823843,-0.2086945,TransSlide
277.4799,32.65401,0,0.3154027,0.4880751,0,0.7096024,4263.426,1.483636,0.6165538,Right,Down,0.2007689,-0.1899109,TransSlide
277.5199,32.66159,0,0.3154027,0.4880751,0,0.71018,4264.733,1.482692,0.6158746,Right,Down,0.2093567,-0.1692886,TransSlide
277.5599,32.66962,0,0.3144872,0.4880751,0,0.7087237,4266.04,1.481826,0.6151958,Right,Flat,0.2211734,-0.1480408,TransSlide
277.5999,32.67422,0,0.3135717,0.4920424,0,0.7023536,4267.346,1.480175,0.6145162,Right,Flat,0.235734,-0.1252518,TransSlide
277.6399,32.68194,0,0.3080785,0.4920424,0,0.699246,4268.653,1.479175,0.6138363,Right,Flat,0.25101,-0.1014481,TransSlide
277.6799,32.68934,0,0.2980077,0.4920424,0,0.6994215,4269.961,1.479157,0.6131562,Right,Flat,0.2631872,-0.07585907,TransSlide
277.7199,32.69503,0,0.2796972,0.4960098,0,0.6907582,4271.269,1.477893,0.6124765,Right,Flat,0.289391,-0.0493927,TransSlide
277.7599,32.70099,0,0.2595556,0.4960098,0,0.6834257,4272.576,1.476733,0.611796,Right,Flat,0.2594432,-0.02035522,TransSlide
277.7999,32.70871,0,0.2256811,0.4999771,0,0.6791779,4273.885,1.476401,0.6111153,Right,Flat,0.1690205,0.01415253,TransSlide
277.8399,32.7151,0,0.1954687,0.5038987,0,0.6779954,4275.193,1.476477,0.6104345,Right,Flat,0.1690205,0.05570221,TransSlide
277.8799,32.72493,0,0.1606786,0.5117113,0,0.6725439,4276.502,1.476074,0.6097537,Right,Flat,0.1545051,0.09727478,TransSlide
277.9199,32.73337,0,0.1350439,0.5156176,0,0.6630732,4277.812,1.474913,0.6090724,Right,Flat,0.1341704,0.1347046,TransSlide
277.9599,32.74552,0,0.1240575,0.5156176,0,0.6564021,4279.121,1.474198,0.6083908,Right,Up,0.1356209,0.1690598,TransSlide
277.9999,32.75552,0,0.1176488,0.5156176,0,0.6524611,4280.431,1.474056,0.6077095,Right,Up,0.1341704,0.2033997,TransSlide
278.0399,32.76591,0,0.1176488,0.5156176,0,0.6514155,4281.742,1.474149,0.6070275,Right,Up,0.1083524,0.2372437,TransSlide
278.0799,32.77878,0,0.1048279,0.5156176,0,0.6528133,4283.053,1.474404,0.6063454,Right,Up,0.1101434,0.2644653,TransSlide
278.1199,32.78932,0,0.07095337,0.5156176,0,0.643477,4284.364,1.472925,0.6056629,Right,Up,0.1083524,0.2917175,TransSlide
278.1599,32.79979,0,0.03799438,0.5156176,0,0.6358337,4285.676,1.471686,0.6049809,Right,Up,0.1083524,0.3189697,TransSlide
278.1999,32.81107,0,-0.02792358,0.5156176,0,0.6304225,4286.988,1.471067,0.6042981,Right,Up,0.09278741,0.3462219,TransSlide
278.2399,32.82098,0,-0.06546199,0.5156176,0,0.6271902,4288.301,1.470881,0.603615,Right,Up,0.08392937,0.3687592,TransSlide
278.2799,32.83132,0,-0.0956744,0.5156176,0,0.625838,4289.614,1.470848,0.6029324,Right,Up,0.08622923,0.3896027,TransSlide
278.3199,32.84206,0,-0.1048297,0.5156176,0,0.6263587,4290.928,1.470631,0.6022489,Right,Up,0.08622923,0.4104538,TransSlide
278.3599,32.85337,0,-0.1048297,0.5156176,0,0.6285974,4292.242,1.470431,0.6015654,Right,Up,0.08622923,0.4313126,TransSlide
278.3999,32.866,0,-0.1048297,0.5156176,0,0.623825,4293.556,1.469494,0.6008815,Right,Up,0.08392937,0.4521866,TransSlide
278.4399,32.87576,0,-0.1057452,0.5156176,0,0.6148897,4294.871,1.468,0.600198,Right,Up,0.0656106,0.4719162,TransSlide
278.4799,32.88771,0,-0.1121539,0.5156176,0,0.6075243,4296.187,1.467099,0.5995138,Right,Up,0.0656106,0.4870148,TransSlide
278.5199,32.89733,0,-0.1121539,0.5156176,0,0.6012707,4297.502,1.466558,0.5988294,Right,Up,0.0656106,0.502121,TransSlide
278.5599,32.90714,0,-0.1121539,0.5156176,0,0.5963953,4298.818,1.466284,0.5981452,Right,Up,0.06255726,0.5172348,TransSlide
278.5999,32.91727,0,-0.1057452,0.5156176,0,0.5924404,4300.135,1.466293,0.5974605,Right,Up,0.06255726,0.532341,TransSlide
278.6399,32.92754,0,-0.08743465,0.5156176,0,0.5896164,4301.452,1.465951,0.5967755,Right,Up,0.0656106,0.5474548,TransSlide
278.6799,32.93797,0,-0.07736385,0.5156176,0,0.5876228,4302.77,1.465269,0.5960904,Right,Up,0.0656106,0.5625687,TransSlide
278.7199,32.94837,0,-0.07736385,0.5156176,0,0.5865771,4304.087,1.46517,0.5954055,Straight,Up,0.04423466,0.5776901,TransSlide
278.7599,32.95881,0,-0.08194149,0.5156176,0,0.5864326,4305.406,1.464866,0.5947199,Straight,Up,0.04423466,0.5879745,TransSlide
278.7999,32.97112,0,-0.08194149,0.5156176,0,0.5837407,4306.724,1.4643,0.5940342,Straight,Up,0.04845664,0.5977707,TransSlide
278.8399,32.98046,0,-0.08194149,0.5156176,0,0.5695933,4308.043,1.462499,0.5933483,Straight,Up,0.04423466,0.6075668,TransSlide
278.8799,32.99139,0,-0.08194149,0.5156176,0,0.5558027,4309.363,1.461135,0.5926628,Straight,Up,0.04845664,0.6173782,TransSlide
278.9199,33.00024,0,-0.06363094,0.5156176,0,0.5421624,4310.683,1.460453,0.5919765,Straight,Up,0.04423466,0.627182,TransSlide
278.9599,33.00905,0,-0.0352478,0.5156176,0,0.5287182,4312.003,1.460077,0.5912899,Straight,Up,0.04423466,0.6369858,TransSlide
278.9999,33.01807,0,0.009613037,0.5156176,0,0.5154096,4313.324,1.459768,0.5906039,Straight,Up,0.04423466,0.6467972,TransSlide
279.0399,33.02722,0,0.0453186,0.5156176,0,0.5024803,4314.645,1.459328,0.5899171,Straight,Up,0.04845664,0.656601,TransSlide
279.0799,33.03656,0,0.06271362,0.5156176,0,0.4897408,4315.966,1.458853,0.5892301,Straight,Up,0.04423466,0.6664124,TransSlide
279.1199,33.04591,0,0.06454468,0.5156176,0,0.4773423,4317.288,1.458452,0.5885429,Straight,Up,0.03426402,0.6762238,TransSlide
279.1599,33.05524,0,0.06454468,0.5156176,0,0.4648976,4318.61,1.458068,0.5878561,Straight,Up,0.02797646,0.6829529,TransSlide
279.1999,33.06464,0,0.06454468,0.5156176,0,0.4523302,4319.933,1.457726,0.5871687,Straight,Up,0.02797646,0.6873169,TransSlide
279.2399,33.07395,0,0.06454468,0.5156176,0,0.4397158,4321.256,1.457072,0.586481,Straight,Up,0.02797646,0.6916733,TransSlide
279.2799,33.08329,0,0.06454468,0.5156176,0,0.4271367,4322.579,1.456357,0.5857937,Straight,Up,0.01978234,0.6960373,TransSlide
279.3199,33.09257,0,0.06454468,0.5156176,0,0.4145918,4323.902,1.455952,0.5851056,Straight,Up,0.02797646,0.7004013,TransSlide
279.3599,33.10181,0,0.06454468,0.5156176,0,0.4018228,4325.227,1.455501,0.5844175,Straight,Up,0.02797646,0.7047729,TransSlide
279.3999,33.11107,0,0.06454468,0.5156176,0,0.3891144,4326.551,1.454995,0.5837291,Straight,Up,0.02797646,0.7091446,TransSlide
279.4399,33.12027,0,0.06454468,0.5156176,0,0.3762203,4327.875,1.454404,0.5830411,Straight,Up,0.02797646,0.7135086,TransSlide
279.4799,33.1286,0,0.06454468,0.5156176,0,0.3632263,4329.201,1.453692,0.5823525,Straight,Up,0.02797646,0.7178802,TransSlide
279.5199,33.13755,0,0.06454468,0.5156176,0,0.3385791,4330.526,1.453821,0.5816637,Straight,Up,0.02797646,0.7222443,TransSlide
279.5599,33.14733,0,0.06454468,0.5156176,0,0.3116899,4331.852,1.453966,0.5809752,Straight,Up,0.02797646,0.7266159,TransSlide
279.5999,33.15621,0,0.06912231,0.5156176,0,0.2848333,4333.178,1.453561,0.580286,Straight,Up,0.02797646,0.7309875,TransSlide
279.6399,33.1663,0,0.07003784,0.5156176,0,0.2577848,4334.504,1.452563,0.5795967,Straight,Up,0.02797646,0.7353516,TransSlide
279.6799,33.17611,0,0.07003784,0.5156176,0,0.230655,4335.832,1.451745,0.5789073,Straight,Up,0.02797646,0.7397232,TransSlide
279.7199,33.18573,0,0.07644653,0.5156176,0,0.2035148,4337.159,1.451046,0.5782183,Straight,Up,0.02797646,0.7440948,TransSlide
279.7599,33.19522,0,0.1222265,0.5156176,0,0.1765004,4338.486,1.450294,0.5775285,Straight,Up,0.02797646,0.7484741,TransSlide
279.7999,33.20459,0,0.1826513,0.5156176,0,0.1497007,4339.814,1.449775,0.5768385,Straight,Up,0.02797646,0.7528458,TransSlide
279.8399,33.21389,0,0.2201879,0.5156176,0,0.1231435,4341.143,1.449091,0.5761485,Straight,Up,0,0.7543411,TransSlide
279.8799,33.2231,0,0.2201879,0.5156176,0,0.09694123,4342.472,1.448177,0.5754588,Straight,Up,0,0.7475586,TransSlide
279.9199,33.23232,0,0.2201879,0.5156176,0,0.071033,4343.801,1.447202,0.5747684,Straight,Up,0,0.7407684,TransSlide
279.9599,33.24146,0,0.2183568,0.5156176,0,0.04535025,4345.13,1.446524,0.574078,Straight,Up,0,0.7339859,TransSlide
279.9999,33.25058,0,0.2174413,0.5156176,0,0.01989377,4346.46,1.445987,0.5733878,Straight,Up,0,0.7271957,TransSlide
280.0399,33.25964,0,0.2174413,0.5156176,0,-0.00520125,4347.791,1.445491,0.5726971,Straight,Up,0,0.7204056,TransSlide
280.0799,33.26869,0,0.2174413,0.5156176,0,-0.02987358,4349.121,1.444876,0.5720061,Straight,Up,0,0.7136078,TransSlide
280.1199,33.27768,0,0.2174413,0.5156176,0,-0.05422938,4350.452,1.444362,0.5713151,Straight,Up,0,0.70681,TransSlide
280.1599,33.28656,0,0.2174413,0.5156176,0,-0.07792073,4351.783,1.44403,0.5706243,Straight,Up,0,0.7000122,TransSlide
280.1999,33.29546,0,0.2174413,0.5156176,0,-0.1011468,4353.115,1.443676,0.569933,Straight,Up,0,0.6932144,TransSlide
280.2399,33.30429,0,0.2174413,0.5156176,0,-0.1235794,4354.447,1.443275,0.5692415,Straight,Up,0,0.686409,TransSlide
280.2799,33.31308,0,0.2174413,0.5156176,0,-0.1455056,4355.78,1.442643,0.5685504,Straight,Up,0,0.6796036,TransSlide
280.3199,33.3218,0,0.2174413,0.5156176,0,-0.1667445,4357.113,1.442018,0.5678586,Straight,Up,0,0.6728058,TransSlide
280.3599,33.33048,0,0.2174413,0.5156176,0,-0.187326,4358.446,1.441449,0.5671668,Straight,Up,0,0.6659927,TransSlide
280.3999,33.33907,0,0.2174413,0.5156176,0,-0.2071392,4359.779,1.440788,0.5664747,Straight,Up,0,0.6591873,TransSlide
280.4399,33.34764,0,0.2174413,0.5156176,0,-0.2261446,4361.113,1.440118,0.5657831,Straight,Up,0,0.6523743,TransSlide
280.4799,33.35614,0,0.2174413,0.5156176,0,-0.2441252,4362.447,1.439557,0.565091,Straight,Up,0,0.6455688,TransSlide
280.5199,33.36461,0,0.2119482,0.5156176,0,-0.2612678,4363.782,1.438698,0.5643985,Straight,Up,0,0.6387482,TransSlide
280.5599,33.373,0,0.1881444,0.5156176,0,-0.2773008,4365.117,1.43783,0.5637065,Straight,Up,0,0.6319351,TransSlide
280.5999,33.38137,0,0.1185644,0.5156176,0,-0.291981,4366.452,1.43714,0.5630138,Straight,Up,0,0.6251144,TransSlide
280.6399,33.38971,0,0.0453186,0.5156176,0,-0.3056596,4367.787,1.43684,0.5623211,Straight,Up,0,0.6182938,TransSlide
280.6799,33.39809,0,-0.02151489,0.5156176,0,-0.318124,4369.123,1.436387,0.5616282,Straight,Up,0,0.6114731,TransSlide
280.7199,33.40644,0,-0.1011676,0.5156176,0,-0.3295621,4370.459,1.435759,0.5609357,Straight,Up,0,0.6046524,TransSlide
280.7599,33.41488,0,-0.1469439,0.5156176,0,-0.3398421,4371.795,1.435178,0.5602425,Straight,Up,0,0.5978317,TransSlide
280.7999,33.42332,0,-0.1799047,0.5156176,0,-0.3492827,4373.132,1.43447,0.5595493,Straight,Up,0,0.5909958,TransSlide
280.8399,33.43185,0,-0.1945531,0.5156176,0,-0.3579638,4374.469,1.43372,0.5588565,Straight,Up,0,0.5841751,TransSlide
280.8799,33.44038,0,-0.1945531,0.5156176,0,-0.365995,4375.807,1.433049,0.558163,Straight,Up,0,0.5773468,TransSlide
280.9199,33.449,0,-0.1945531,0.5156176,0,-0.3731638,4377.145,1.432323,0.5574693,Straight,Up,0,0.5705109,TransSlide
280.9599,33.45763,0,-0.1945531,0.5156176,0,-0.3795663,4378.483,1.431684,0.5567757,Straight,Up,0,0.5636749,TransSlide
280.9999,33.46627,0,-0.1789892,0.5156176,0,-0.3851039,4379.822,1.430993,0.5560824,Straight,Up,0,0.556839,TransSlide
281.0399,33.47486,0,-0.1652545,0.5156176,0,-0.3901641,4381.161,1.430334,0.5553885,Straight,Up,0,0.5500031,TransSlide
281.0799,33.48347,0,-0.1469439,0.5156176,0,-0.3945698,4382.5,1.42967,0.5546944,Straight,Up,0,0.5431671,TransSlide
281.1199,33.49206,0,-0.1286334,0.5156176,0,-0.3983782,4383.839,1.429036,0.5540003,Straight,Up,0,0.5363312,TransSlide
281.1599,33.50061,0,-0.1112384,0.5156176,0,-0.401658,4385.179,1.428384,0.5533066,Straight,Up,0,0.5294876,TransSlide
281.1999,33.50911,0,-0.0892657,0.5156176,0,-0.4047499,4386.52,1.427695,0.5526122,Straight,Up,0,0.522644,TransSlide
281.2399,33.51757,0,-0.08743465,0.5156176,0,-0.4073061,4387.86,1.42696,0.5519177,Straight,Up,0,0.5158005,TransSlide
281.2799,33.52599,0,-0.08285701,0.5156176,0,-0.4096629,4389.201,1.42617,0.5512237,Straight,Up,0,0.5089569,TransSlide
281.3199,33.53439,0,-0.08285701,0.5156176,0,-0.4119493,4390.542,1.425594,0.5505291,Straight,Up,0,0.5021057,TransSlide
281.3599,33.54269,0,-0.08285701,0.5156176,0,-0.4142382,4391.884,1.425046,0.5498343,Straight,Up,0,0.4952545,TransSlide
281.3999,33.55099,0,-0.08285701,0.5156176,0,-0.4165152,4393.226,1.42427,0.5491394,Straight,Up,0,0.4884033,TransSlide
281.4399,33.55925,0,-0.08285701,0.5156176,0,-0.4187435,4394.568,1.423517,0.548445,Straight,Up,0,0.4815521,TransSlide
281.4799,33.56747,0,-0.08285701,0.5156176,0,-0.4212534,4395.911,1.42293,0.5477501,Straight,Up,0,0.4746933,TransSlide
281.5199,33.57563,0,-0.08285701,0.5156176,0,-0.4239779,4397.254,1.422295,0.5470548,Straight,Up,0,0.4678345,TransSlide
281.5599,33.57364,0,-0.08285701,0.5156176,0,-0.4227902,4398.597,1.423631,0.5463601,Straight,Up,0,0.4609909,TransSlide
281.5999,33.58704,0,-0.08285701,0.5156176,0,-0.4176364,4399.94,1.427481,0.5456648,Straight,Up,0,0.4541397,TransSlide
281.6399,33.59187,0,-0.07736385,0.5156176,0,-0.4128599,4401.284,1.429017,0.5449694,Straight,Up,0,0.4472885,TransSlide
281.6799,33.60672,0,-0.07736385,0.5156176,0,-0.4084582,4402.628,1.428203,0.5442739,Straight,Up,0,0.4404297,TransSlide
281.7199,33.62166,0,-0.07736385,0.5156176,0,-0.4042262,4403.973,1.426373,0.5435789,Straight,Up,0,0.4335632,TransSlide
281.7599,33.63451,0,-0.07736385,0.5156176,0,-0.4004787,4405.318,1.424249,0.5428832,Straight,Up,0,0.4266891,TransSlide
281.7999,33.64616,0,-0.07736385,0.5156176,0,-0.3971704,4406.664,1.422183,0.5421875,Straight,Up,0,0.4198227,TransSlide
281.8399,33.65712,0,-0.07644832,0.5156176,0,-0.3942323,4408.01,1.420271,0.5414922,Straight,Up,0,0.4129486,TransSlide
281.8799,33.66768,0,-0.07003963,0.5156176,0,-0.3920732,4409.356,1.418669,0.5407963,Straight,Up,-0.03956468,0.4051743,TransSlide
281.9199,33.67798,0,-0.04714966,0.5156176,0,-0.3905256,4410.703,1.417282,0.5401002,Straight,Up,-0.03956468,0.3779831,TransSlide
281.9599,33.68266,0,-0.02334595,0.5156176,0,-0.3890696,4412.051,1.415636,0.5394042,Straight,Up,-0.03956468,0.3507919,TransSlide
281.9999,33.69389,0,0.02334595,0.5156176,0,-0.3780507,4413.398,1.418186,0.5387086,Straight,Up,-0.03956468,0.3236084,TransSlide
282.0399,33.70468,0,0.06362915,0.5156176,0,-0.3673902,4414.747,1.419599,0.5380123,Straight,Up,-0.03426402,0.2964249,TransSlide
282.0799,33.71626,0,0.0819397,0.5156176,0,-0.3572108,4416.095,1.419378,0.5373161,Straight,Up,-0.03956468,0.2692184,TransSlide
282.1199,33.73148,0,0.0819397,0.5156176,0,-0.3474274,4417.444,1.418161,0.5366197,Straight,Up,-0.03426402,0.2419815,TransSlide
282.1599,33.74545,0,0.07553101,0.5156176,0,-0.3381024,4418.794,1.41663,0.5359238,Straight,Up,-0.03426402,0.2147293,TransSlide
282.1999,33.75849,0,0.05081177,0.5195239,0,-0.3293726,4420.144,1.4149,0.5352272,Straight,Up,-0.03426402,0.1874619,TransSlide
282.2399,33.77127,0,0.02883911,0.5195239,0,-0.3211692,4421.495,1.413191,0.5345308,Straight,Up,-0.03426402,0.160202,TransSlide
282.2799,33.78419,0,0.02243042,0.5195239,0,-0.3136526,4422.846,1.411775,0.5338345,Straight,Flat,-0.01978234,0.1329117,TransSlide
282.3199,33.79697,0,0.0151062,0.5195239,0,-0.3068079,4424.198,1.410529,0.5331379,Straight,Flat,-0.01978234,0.1178818,TransSlide
282.3599,33.80959,0,0.009613037,0.5195239,0,-0.3004281,4425.55,1.409484,0.532441,Straight,Flat,0,0.111702,TransSlide
282.3999,33.82218,0,-0.01693726,0.5195239,0,-0.2944992,4426.903,1.408553,0.5317443,Straight,Flat,0,0.1055222,TransSlide
282.4399,33.83475,0,-0.06454647,0.5195239,0,-0.2891655,4428.256,1.407644,0.5310478,Straight,Flat,0,0.09934235,TransSlide
282.4799,33.84724,0,-0.08835018,0.5195239,0,-0.2842893,4429.61,1.406879,0.5303509,Straight,Flat,0,0.09315491,TransSlide
282.5199,33.85972,0,-0.09475887,0.5195239,0,-0.2799706,4430.964,1.406326,0.5296538,Straight,Flat,0,0.08696747,TransSlide
282.5599,33.87216,0,-0.09475887,0.5195239,0,-0.2761877,4432.319,1.405653,0.5289573,Straight,Flat,0,0.08078003,TransSlide
282.5999,33.88461,0,-0.09475887,0.5195239,0,-0.2730558,4433.674,1.404817,0.5282602,Straight,Flat,0,0.07459259,TransSlide
282.6399,33.89699,0,-0.09475887,0.4999771,0,-0.2702976,4435.03,1.404206,0.527563,Straight,Flat,0,0.06839752,TransSlide
282.6799,33.90592,0,-0.09475887,0.4999771,0,-0.2678526,4436.386,1.403621,0.5268657,Straight,Flat,0,0.06220245,TransSlide
282.7199,33.91408,0,-0.09475887,0.4960098,0,-0.2657357,4437.743,1.403065,0.526169,Straight,Flat,0,0.05599976,TransSlide
282.7599,33.92253,0,-0.09475887,0.4960098,0,-0.2643304,4439.099,1.405654,0.5254717,Straight,Flat,0,0.04980469,TransSlide
282.7999,33.93211,0,-0.09475887,0.4960098,0,-0.2628307,4440.457,1.403805,0.5247743,Straight,Flat,-0.01978234,0.04360962,TransSlide
282.8399,33.93919,0,-0.09475887,0.4960098,0,-0.2625986,4441.814,1.401469,0.5240774,Straight,Flat,0,0.03739929,TransSlide
282.8799,33.94566,0,-0.09475887,0.4960098,0,-0.2622813,4443.171,1.399841,0.5233798,Straight,Flat,0,0.03119659,TransSlide
282.9199,33.95161,0,-0.0956744,0.4960098,0,-0.2623693,4444.53,1.398816,0.5226823,Straight,Flat,0,-0.07590485,Normal
282.9599,33.95778,0,-0.1011676,0.4960098,0,-0.2628687,4445.888,1.398253,0.5219847,Straight,Flat,0,-0.09025574,Normal
282.9999,33.96412,0,-0.1011676,0.4960098,0,-0.2641007,4447.247,1.397769,0.5212876,Straight,Flat,0,-0.1046066,Normal
283.0399,33.97065,0,-0.1011676,0.4960098,0,-0.2659429,4448.605,1.397422,0.5205899,Straight,Flat,0,-0.1189651,Normal
283.0799,33.9773,0,-0.1011676,0.4960098,0,-0.2685023,4449.964,1.397061,0.5198923,Straight,Flat,0,-0.1333237,Normal
283.1199,33.98401,0,-0.1048297,0.4960098,0,-0.2716641,4451.324,1.396603,0.5191945,Straight,Flat,0,-0.1476822,Normal
283.1599,33.99072,0,-0.1130694,0.4960098,0,-0.2753753,4452.683,1.396104,0.5184972,Straight,Down,0,-0.1620407,Normal
283.1999,33.99712,0,-0.1185626,0.4960098,0,-0.2796971,4454.043,1.395547,0.5177994,Straight,Down,-0.01978234,-0.1764069,Normal
283.2399,34.00347,0,-0.1194781,0.4960098,0,-0.2844594,4455.403,1.394868,0.5171016,Straight,Down,0,-0.190773,Normal
283.2799,34.01064,0,-0.1194781,0.4920424,0,-0.2899032,4456.764,1.395437,0.5164043,Straight,Down,0,-0.2051392,Normal
283.3199,34.01601,0,-0.1194781,0.4920424,0,-0.2958657,4458.124,1.395391,0.5157063,Straight,Down,0,-0.2195129,Normal
283.3599,34.02307,0,-0.09018123,0.4880751,0,-0.3025841,4459.485,1.394943,0.5150083,Straight,Down,0,-0.2338791,Normal
283.3999,34.02747,0,-0.07187068,0.4880751,0,-0.3102866,4460.846,1.394118,0.5143104,Straight,Down,-0.04423466,-0.2482529,Normal
283.4399,34.02909,0,-0.0352478,0.4880751,0,-0.3128417,4462.208,1.395595,0.5136129,Left,Down,-0.1203313,-0.3217926,Normal
283.4799,34.03888,0,0.004119873,0.4880751,0,-0.3133551,4463.569,1.397754,0.5129148,Left,Down,-0.1203313,-0.4560242,Normal
283.5199,34.03821,0,0.02792358,0.4880751,0,-0.3138343,4464.93,1.397117,0.5122167,Left,Down,-0.1203313,-0.5903015,Normal
283.5599,34.03926,0,0.06454468,0.4880751,0,-0.3149036,4466.292,1.400353,0.5115192,Left,Down,-0.09891172,-0.7244797,Normal
283.5999,34.05059,0,0.08743286,0.4880751,0,-0.3087303,4467.653,1.405185,0.5108212,Left,Down,-0.08392937,-0.8339462,Normal
283.6399,34.06043,0,0.09384155,0.4841077,0,-0.3019309,4469.016,1.406486,0.510123,Left,Down,-0.08392937,-0.9324722,Normal
283.6799,34.07448,0,0.09475708,0.4841077,0,-0.2963442,4470.378,1.404894,0.5094247,Left,Down,-0.08392937,-1.031151,Normal
283.7199,34.0906,0,0.09475708,0.4841077,0,-0.2909558,4471.742,1.40131,0.5087272,Left,Down,-0.08622923,-1.129913,Normal
283.7599,34.10194,0,0.09841919,0.4841077,0,-0.2859138,4473.106,1.400543,0.508029,Left,Down,-0.08622923,-1.228676,Normal
283.7999,34.10127,0,0.1048279,0.4841077,0,-0.2796471,4474.47,1.401921,0.5073308,Straight,Down,0.01978234,-1.317482,Normal
283.8399,34.11726,0,0.1176488,0.4841077,0,-0.2699017,4475.834,1.406348,0.5066332,Straight,Down,0.01978234,-1.342201,Normal
283.8799,34.12851,0,0.1414526,0.4841077,0,-0.2612291,4477.2,1.407178,0.5059349,Straight,Down,0.01978234,-1.366959,Normal
283.9199,34.15136,0,0.1954687,0.4841077,0,-0.2531353,4478.565,1.40468,0.5052367,Straight,Down,0.01978234,-1.391747,Normal
283.9599,34.17563,0,0.2604711,0.4841077,0,-0.2453429,4479.932,1.400705,0.5045384,Straight,Down,0.01978234,-1.41658,Normal
283.9999,34.19505,0,0.3327978,0.4841077,0,-0.2377245,4481.3,1.396434,0.5038407,Straight,Down,0.01978234,-1.441429,Normal
284.0399,34.21206,0,0.3758311,0.4841077,0,-0.2298352,4482.668,1.392562,0.5031424,Straight,Down,0.01978234,-1.466286,Normal
284.0799,34.22798,0,0.3859019,0.4841077,0,-0.2219281,4484.037,1.389243,0.5024442,Straight,Down,0.01978234,-1.491158,Normal
284.1199,34.24327,0,0.3859019,0.4841077,0,-0.2139885,4485.407,1.386647,0.5017459,Straight,Down,0.01978234,-1.516037,Normal
284.1599,34.25825,0,0.3859019,0.4841077,0,-0.2059912,4486.777,1.384508,0.5010481,Straight,Down,0.01978234,-1.540932,Normal
284.1999,34.27303,0,0.3913951,0.4841077,0,-0.1978102,4488.148,1.382804,0.5003499,Straight,Down,0.01978234,-1.565834,Normal
284.2399,34.28771,0,0.4032969,0.4841077,0,-0.1891686,4489.519,1.381471,0.4996516,Straight,Down,0.01978234,-1.590744,Normal
284.2799,34.30232,0,0.4097056,0.4841077,0,-0.1801531,4490.891,1.380516,0.4989539,Straight,Down,0,-1.615662,Normal
284.3199,34.31686,0,0.4390025,0.4841077,0,-0.1707169,4492.264,1.379766,0.4982556,Straight,Down,0.01978234,-1.640594,Normal
284.3599,34.33061,0,0.4939342,0.4841077,0,-0.1605542,4493.637,1.379018,0.4975573,Straight,Down,0.01978234,-1.665535,Normal
284.3999,34.34518,0,0.5479503,0.4841077,0,-0.1491246,4495.01,1.378552,0.496859,Straight,Down,0,-1.690483,Normal
284.4399,34.35935,0,0.6312668,0.4841077,0,-0.1364502,4496.384,1.378898,0.4961613,Straight,Down,0,-1.715439,Normal
284.4799,34.37297,0,0.6907761,0.4841077,0,-0.1222579,4497.759,1.378798,0.495463,Straight,Down,0.01978234,-1.74041,Normal
284.5199,34.38778,0,0.7603562,0.4841077,0,-0.1064197,4499.135,1.378339,0.4947648,Straight,Down,0.01978234,-1.765388,Normal
284.5599,34.40148,0,0.8125412,0.4841077,0,-0.08900705,4500.511,1.377839,0.494067,Straight,Down,0,-1.790382,Normal
284.5999,34.41925,0,0.8729696,0.4801404,0,-0.07191595,4501.887,1.377058,0.4933689,Right,Down,0.05934703,-1.815392,Normal
284.6399,34.43041,0,0.9434652,0.4722057,0,-0.06282258,4503.264,1.373528,0.4926706,Right,Down,0.06852804,-1.776787,Normal
284.6799,34.44202,0,0.9974813,0.464271,0,-0.05112451,4504.642,1.371064,0.4919725,Right,Down,0.06852804,-1.733238,Normal
284.7199,34.44764,0,1.075305,0.464271,0,-0.03640488,4506.02,1.370056,0.4912749,Right,Down,0.06852804,-1.68969,Normal
284.7599,34.44932,0,1.143969,0.4603037,0,-0.01821077,4507.397,1.369314,0.4905767,Right,Down,0.0656106,-1.646149,Normal
284.7999,34.45035,0,1.220874,0.4603037,0,0.003630608,4508.775,1.372687,0.4898784,Right,Down,0.06852804,-1.602623,Normal
284.8399,34.46473,0,1.278552,0.4603037,0,0.02615967,4510.154,1.37396,0.4891809,Right,Down,0.09891172,-1.556999,Normal
284.8799,34.4584,0,1.30419,0.4603037,0,0.0451608,4511.532,1.367263,0.4884828,Right,Down,0.09891172,-1.483276,Normal
284.9199,34.4658,0,1.316092,0.4603037,0,0.06882426,4512.911,1.362582,0.4877847,Right,Down,0.09891172,-1.409523,Normal
284.9599,34.45285,0,1.321585,0.4563211,0,0.09822634,4514.289,1.361956,0.4870866,Right,Down,0.09891172,-1.335899,Normal
284.9999,34.46156,0,1.321585,0.4523537,0,0.1318878,4515.667,1.36736,0.4863891,Right,Down,0.1251145,-1.262306,Normal
285.0399,34.4432,0,1.321585,0.4523537,0,0.1620826,4517.045,1.361207,0.4856912,Right,Down,0.1266688,-1.164978,Normal
285.0799,34.4367,0,1.321585,0.4523537,0,0.1990601,4518.422,1.355978,0.4849932,Right,Down,0.1282043,-1.065475,Normal
285.1199,34.42498,0,1.316092,0.4523537,0,0.2431992,4519.799,1.360631,0.4842958,Right,Down,0.1412742,-0.9662094,Normal
285.1599,34.41446,0,1.310599,0.4523537,0,0.286128,4521.176,1.35771,0.4835978,Right,Down,0.1519511,-0.8513107,Normal
285.1999,34.38313,0,1.307852,0.4523537,0,0.3353313,4522.552,1.351422,0.4829,Right,Down,0.1532334,-0.7279205,Normal
285.2399,34.38715,0,1.29595,0.4523537,0,0.3922921,4523.927,1.357894,0.4822021,Right,Down,0.1758294,-0.6047668,Normal
285.2799,34.35883,0,1.27489,0.4523537,0,0.4481169,4525.301,1.351826,0.4815048,Right,Down,0.1791368,-0.4607391,Normal
285.3199,34.33052,0,1.245593,0.4523537,0,0.5132989,4526.674,1.350309,0.4808069,Right,Down,0.1897456,-0.314537,Normal
285.3599,34.31876,0,1.203479,0.4523537,0,0.5810167,4528.047,1.349713,0.4801093,Right,Down,0.2046302,-0.1555557,Normal
285.3999,34.26908,0,1.155871,0.4523537,0,0.6557117,4529.419,1.345472,0.4794115,Right,Flat,0.2130625,0.01313019,Normal
285.4399,34.2692,0,1.078967,0.4523537,0,0.7346091,4530.791,1.346399,0.4787144,Right,Up,0.2306999,0.1930389,Normal
285.4799,34.21909,0,1.031356,0.4523537,0,0.819299,4532.16,1.34404,0.4780167,Right,Up,0.2430897,0.3842392,Normal
285.5199,34.2132,0,0.9745932,0.4523537,0,0.9081782,4533.529,1.342021,0.4773192,Right,Up,0.2564087,0.5898438,Normal
285.5599,34.17658,0,0.9196615,0.4523537,0,1.004907,4534.896,1.345042,0.4766222,Right,Up,0.2818553,0.8035812,Normal
285.5999,34.14205,0,0.8720541,0.4523537,0,1.102054,4536.262,1.335065,0.4759247,Right,Up,0.2873554,1.039268,Normal
285.6399,34.12065,0,0.7969773,0.4523537,0,1.203956,4537.627,1.342372,0.4752272,Right,Up,0.9295698,1.227295,Normal
285.6799,34.09153,0,0.7365525,0.4523537,0,1.291842,4538.991,1.346822,0.4745299,Right,Up,0.8437192,1.116806,Normal
285.7199,34.0676,0,0.6248581,0.4523537,0,1.359957,4540.354,1.350391,0.4738331,Right,Up,0.7636142,1.014702,Normal
285.7599,34.04156,0,0.5186534,0.4523537,0,1.411279,4541.716,1.352002,0.4731357,Right,Up,0.6918207,0.9202118,Normal
285.7999,34.02493,0,0.4454112,0.4523537,0,1.446216,4543.077,1.358256,0.4724384,Right,Up,0.6311808,0.833252,Normal
285.8399,33.9913,0,0.3740001,0.476173,0,1.469815,4544.437,1.355389,0.4717418,Right,Up,0.5730078,0.7522202,Normal
285.8799,33.9955,0,0.3520274,0.4801404,0,1.480146,4545.797,1.360198,0.4710447,Right,Up,0.5222706,0.6777267,Normal
285.9199,33.98112,0,0.3501928,0.4841077,0,1.482083,4547.156,1.36214,0.4703476,Right,Up,0.4739525,0.6083374,Normal
285.9599,33.9716,0,0.3501928,0.4841077,0,1.475994,4548.515,1.362884,0.4696506,Right,Up,0.4306931,0.543869,Normal
285.9999,33.9682,0,0.3501928,0.4920424,0,1.463703,4549.874,1.362737,0.4689541,Right,Up,0.3941611,0.4839859,Normal
286.0399,33.95617,0,0.3501928,0.4920424,0,1.446104,4551.232,1.361503,0.4682573,Right,Up,0.3620769,0.4281158,Normal
286.0799,33.94421,0,0.3382909,0.4960098,0,1.424447,4552.59,1.359237,0.4675604,Right,Up,0.3208161,0.3759766,Normal
286.1199,33.942,0,0.2970922,0.5038987,0,1.400406,4553.948,1.357895,0.4668641,Right,Up,0.2825486,0.3271027,Normal
286.1599,33.94862,0,0.2256811,0.507805,0,1.370798,4555.306,1.360685,0.4661674,Right,Up,0.2748253,0.2824478,Normal
286.1999,33.94957,0,0.1542699,0.507805,0,1.342098,4556.665,1.35695,0.4654708,Right,Up,0.2264194,0.2396851,Normal
286.2399,33.95615,0,0.06546021,0.507805,0,1.309779,4558.022,1.35924,0.4647742,Right,Up,0.2264194,0.2007599,Normal
286.2799,33.95189,0,0.003204346,0.5117113,0,1.279796,4559.381,1.354963,0.4640782,Right,Up,0.1713202,0.1628876,Normal
286.3199,33.96225,0,-0.08743465,0.5156176,0,1.244633,4560.739,1.355954,0.4633817,Right,Flat,0.1701742,0.1296921,Normal
286.3599,33.97525,0,-0.1716632,0.5156176,0,1.215368,4562.099,1.354457,0.4626855,Right,Flat,0.1545051,0.09651184,Normal
286.3999,33.97363,0,-0.2366674,0.5156176,0,1.181916,4563.458,1.351965,0.4619891,Right,Flat,0.09487279,0.06649017,Normal
286.4399,33.99349,0,-0.314489,0.5156176,0,1.145991,4564.817,1.352875,0.4612934,Right,Flat,0.09691329,0.04098511,Normal
286.4799,33.99834,0,-0.3767449,0.5156176,0,1.115097,4566.177,1.352785,0.4605973,Right,Flat,0.09691329,0.01548767,Normal
286.5199,34.01423,0,-0.4527354,0.5156176,0,1.087913,4567.537,1.351521,0.4599012,Right,Flat,0.09691329,-0.01000977,Normal
286.5599,34.02784,0,-0.5113292,0.5156176,0,1.064865,4568.898,1.347645,0.4592058,Right,Flat,0.09487279,-0.03551483,Normal
286.5999,34.03493,0,-0.5415434,0.5156176,0,1.042372,4570.26,1.345541,0.4585098,Straight,Flat,0,-0.06057739,Normal
286.6399,34.05052,0,-0.5772489,0.5156176,0,1.018237,4571.622,1.347112,0.4578141,Straight,Flat,-0.01978234,-0.07510376,Normal
286.6799,34.06019,0,-0.5900663,0.5156176,0,0.9969423,4572.984,1.347894,0.4571182,Straight,Flat,-0.01978234,-0.0896225,Normal
286.7199,34.07561,0,-0.5955595,0.5156176,0,0.9777994,4574.347,1.347116,0.4564232,Straight,Flat,-0.01978234,-0.1041565,Normal
286.7599,34.09191,0,-0.6065458,0.5156176,0,0.9605851,4575.71,1.345716,0.4557275,Straight,Flat,0,-0.1186829,Normal
286.7999,34.10716,0,-0.654155,0.5156176,0,0.9447296,4577.074,1.344134,0.4550321,Straight,Flat,0,-0.1332169,Normal
286.8399,34.12173,0,-0.8381778,0.5156176,0,0.9299107,4578.439,1.342207,0.4543372,Straight,Flat,-0.01978234,-0.1477509,Normal
286.8799,34.13612,0,-1.056992,0.5156176,0,0.9153724,4579.804,1.340363,0.4536419,Straight,Down,-0.01978234,-0.1622925,Normal
286.9199,34.14949,0,-1.349967,0.5156176,0,0.900996,4581.17,1.337754,0.4529466,Straight,Down,-0.01978234,-0.1768417,Normal
286.9599,34.16183,0,-1.54406,0.5156176,0,0.8860319,4582.536,1.336307,0.4522515,Straight,Down,-0.01978234,-0.1913986,Normal
286.9999,34.17297,0,-1.624628,0.5156176,0,0.8700771,4583.903,1.335263,0.451557,Straight,Down,-0.01978234,-0.2059555,Normal
287.0399,34.17687,0,-1.701534,0.5156176,0,0.8596568,4585.27,1.335648,0.4508621,Left,Down,-0.08156469,-0.2205124,Normal
287.0799,34.18838,0,-1.73724,0.5156176,0,0.8534448,4586.637,1.337326,0.4501671,Left,Down,-0.09691329,-0.2287216,Normal
287.1199,34.19524,0,-1.741818,0.5156176,0,0.8443499,4588.005,1.338202,0.4494729,Left,Down,-0.09691329,-0.2357712,Normal
287.1599,34.20636,0,-1.723507,0.5156176,0,0.8319137,4589.373,1.335249,0.4487783,Left,Down,-0.09891172,-0.2428284,Normal
287.1999,34.20646,0,-1.688715,0.5156176,0,0.8213198,4590.741,1.332763,0.4480838,Left,Down,-0.1119058,-0.2499008,Normal
287.2399,34.21353,0,-1.632868,0.5156176,0,0.8148087,4592.109,1.333738,0.4473892,Left,Down,-0.1312212,-0.2554321,Normal
287.2799,34.21568,0,-1.60174,0.5156176,0,0.8030913,4593.478,1.333236,0.4466954,Left,Down,-0.132704,-0.2595139,Normal
287.3199,34.20711,0,-1.556877,0.4999771,0,0.7898012,4594.846,1.329228,0.4460013,Left,Down,-0.132704,-0.2636185,Normal
287.3599,34.20729,0,-1.531243,0.4960098,0,0.7804611,4596.214,1.330166,0.4453071,Left,Down,-0.1582588,-0.2671432,Normal
287.3999,34.20116,0,-1.514763,0.4960098,0,0.7640049,4597.582,1.328915,0.444613,Left,Down,-0.1582588,-0.2690582,Normal
287.4399,34.17956,0,-1.463492,0.4920424,0,0.7493873,4598.949,1.327061,0.4439196,Left,Down,-0.166689,-0.2709808,Normal
287.4799,34.17887,0,-1.410391,0.4920424,0,0.731302,4600.316,1.328793,0.4432258,Left,Down,-0.1802258,-0.271965,Normal
287.5199,34.1502,0,-1.298695,0.4880751,0,0.7091247,4601.683,1.324345,0.4425321,Left,Down,-0.1802258,-0.2720947,Normal
287.5599,34.13837,0,-1.179675,0.4880751,0,0.688558,4603.048,1.325941,0.441839,Left,Down,-0.199792,-0.2720871,Normal
287.5999,34.11651,0,-1.116503,0.4841077,0,0.6600586,4604.413,1.321927,0.4411455,Left,Down,-0.199792,-0.2706528,Normal
287.6399,34.09776,0,-1.098191,0.4841077,0,0.6353685,4605.777,1.323962,0.4404522,Left,Down,-0.2130625,-0.2692184,Normal
287.6799,34.07839,0,-1.110093,0.4841077,0,0.602934,4607.141,1.320444,0.4397589,Left,Down,-0.2167048,-0.2666092,Normal
287.7199,34.06015,0,-1.151294,0.4841077,0,0.5716335,4608.503,1.322947,0.4390663,Left,Down,-0.2306999,-0.2638016,Normal
287.7599,34.03512,0,-1.210803,0.4841077,0,0.5351368,4609.865,1.319264,0.4383733,Left,Down,-0.23239,-0.2598953,Normal
287.7999,34.0218,0,-1.268483,0.4841077,0,0.4958343,4611.226,1.319656,0.4376805,Left,Down,-0.2470816,-0.2557983,Normal
287.8399,33.99122,0,-1.321583,0.4841077,0,0.4555842,4612.586,1.318463,0.4369882,Left,Down,-0.2478722,-0.2506409,Normal
287.8799,33.9775,0,-1.338978,0.4841077,0,0.408339,4613.945,1.315809,0.4362955,Left,Down,-0.2601963,-0.2451401,Normal
287.9199,33.95175,0,-1.334401,0.4841077,0,0.3629899,4615.304,1.318338,0.4356029,Left,Down,-0.2676108,-0.2389069,Normal
287.9599,33.92659,0,-1.320668,0.4841077,0,0.3135101,4616.661,1.315638,0.4349106,Left,Down,-0.2733977,-0.2320175,Normal
287.9999,33.9061,0,-1.310597,0.4841077,0,0.258939,4618.018,1.313048,0.4342189,Left,Down,-0.2859903,-0.224678,Normal
288.0399,33.88252,0,-1.310597,0.4841077,0,0.2061907,4619.373,1.315104,0.4335267,Left,Down,-0.2914124,-0.216507,Normal
288.0799,33.85829,0,-1.304188,0.5038987,0,0.1498812,4620.728,1.31412,0.4328347,Left,Down,-0.2980514,-0.2078018,Normal
288.1199,33.83936,0,-1.240101,0.507805,0,0.09057227,4622.081,1.311946,0.4321433,Left,Down,-0.309643,-0.1985931,Normal
288.1599,33.81536,0,-1.132983,0.5117113,0,0.0288128,4623.434,1.309854,0.4314516,Left,Down,-0.3165179,-0.1886444,Normal
288.1999,33.80244,0,-1.044175,0.5117113,0,-0.0315159,4624.787,1.311749,0.4307599,Left,Down,-0.3232465,-0.1780777,Normal
288.2399,33.79049,0,-0.9498739,0.5117113,0,-0.09392664,4626.138,1.311922,0.4300685,Left,Down,-0.3310224,-0.1669769,Normal
288.2799,33.77384,0,-0.9086752,0.5117113,0,-0.1571521,4627.489,1.309842,0.4293776,Left,Down,-0.3414966,-0.155304,Normal
288.3199,33.75329,0,-0.8848715,0.5117113,0,-0.2212827,4628.839,1.308059,0.4286864,Left,Flat,-0.3499859,-0.1429901,Normal
288.3599,33.73949,0,-0.8445865,0.5117113,0,-0.2858348,4630.189,1.306641,0.4279953,Left,Flat,-0.3571801,-0.1300201,Normal
288.3999,33.72996,0,-0.8143741,0.5117113,0,-0.351132,4631.539,1.305491,0.427305,Left,Flat,-0.3642322,-0.1165009,Normal
288.4399,33.72417,0,-0.7905704,0.5117113,0,-0.4151454,4632.888,1.30548,0.4266141,Left,Flat,-0.3716771,-0.1024017,Normal
288.4799,33.71773,0,-0.7795841,0.5117113,0,-0.4778122,4634.237,1.305918,0.4259235,Left,Flat,-0.3805216,-0.08774567,Normal
288.5199,33.71128,0,-0.762189,0.5117113,0,-0.5395514,4635.585,1.306029,0.425233,Left,Flat,-0.3891652,-0.07250977,Normal
288.5599,33.70919,0,-0.7081711,0.5117113,0,-0.6001127,4636.934,1.306395,0.4245432,Left,Flat,-0.3981127,-0.05669403,Normal
288.5999,33.69915,0,-0.6889451,0.5117113,0,-0.6597256,4638.281,1.300874,0.423853,Left,Flat,-0.4063823,-0.04029083,Normal
288.6399,33.68356,0,-0.6733811,0.5117113,0,-0.7177569,4639.629,1.293141,0.4231629,Left,Flat,-0.4140146,-0.02328491,Normal
288.6799,33.67072,0,-0.6724656,0.5117113,0,-0.7750223,4640.976,1.289315,0.422473,Left,Flat,-0.4073442,-0.005737305,Normal
288.7199,33.66286,0,-0.6724656,0.5117113,0,-0.8316022,4642.323,1.287158,0.4217837,Left,Flat,-0.3911712,0.07024384,Normal
288.7599,33.65758,0,-0.654155,0.5117113,0,-0.8890911,4643.669,1.28703,0.4210942,Left,Up,-0.3758652,0.1634064,Normal
288.7999,33.65225,0,-0.6248564,0.5117113,0,-0.9475475,4645.015,1.287822,0.4204047,Left,Up,-0.3626169,0.254715,Normal
288.8399,33.64652,0,-0.5351347,0.5117113,0,-1.006821,4646.361,1.289182,0.4197159,Left,Up,-0.3499859,0.3418579,Normal
288.8799,33.63673,0,-0.4051262,0.5117113,0,-1.062251,4647.707,1.286555,0.4190268,Left,Up,-0.3345502,0.4251862,Normal
288.9199,33.6326,0,-0.16617,0.5117113,0,-1.118652,4649.052,1.288344,0.4183379,Left,Up,-0.3171355,0.5052185,Normal
288.9599,33.63029,0,0.06454468,0.5117113,0,-1.175875,4650.397,1.28974,0.417649,Left,Up,-0.3083766,0.580368,Normal
288.9999,33.6263,0,0.1936376,0.5117113,0,-1.23037,4651.742,1.288129,0.4169609,Left,Up,-0.3000144,0.6524963,Normal
289.0399,33.63084,0,0.2558935,0.5117113,0,-1.283285,4653.087,1.28971,0.4162723,Left,Up,-0.2825486,0.722229,Normal
289.0799,33.62905,0,0.2558935,0.5117113,0,-1.33809,4654.432,1.291229,0.4155841,Left,Up,-0.2755364,0.7876663,Normal
289.1199,33.63424,0,0.1725805,0.5117113,0,-1.386852,4655.778,1.289923,0.4148964,Left,Up,-0.2654082,0.8505859,Normal
289.1599,33.63466,0,0.05630493,0.5117113,0,-1.438267,4657.124,1.291226,0.4142084,Left,Up,-0.2517883,0.911293,Normal
289.1999,33.63761,0,-0.02975464,0.5117113,0,-1.485661,4658.469,1.289779,0.4135205,Left,Up,-0.249446,0.9680634,Normal
289.2399,33.64309,0,-0.0892657,0.5117113,0,-1.533611,4659.815,1.291018,0.4128329,Left,Up,-0.2332305,1.023857,Normal
289.2799,33.642,0,-0.09384334,0.5117113,0,-1.578547,4661.161,1.289872,0.4121459,Left,Up,-0.23239,1.075333,Normal
289.3199,33.64787,0,-0.07644832,0.5117113,0,-1.623956,4662.506,1.291084,0.4114585,Left,Up,-0.2167048,1.126175,Normal
289.3599,33.64744,0,-0.05355835,0.5117113,0,-1.665101,4663.852,1.290039,0.4107713,Left,Up,-0.2167048,1.173096,Normal
289.3999,33.65168,0,-0.04074097,0.5117113,0,-1.707589,4665.198,1.291258,0.4100849,Left,Up,-0.2007689,1.219765,Normal
289.4399,33.65157,0,-0.005950928,0.5156176,0,-1.743093,4666.543,1.29044,0.4093981,Left,Up,-0.2007689,1.262207,Normal
289.4799,33.65225,0,0.03433228,0.5156176,0,-1.781327,4667.889,1.290322,0.4087114,Left,Up,-0.1887116,1.304596,Normal
289.5199,33.6566,0,0.06546021,0.5156176,0,-1.811787,4669.236,1.290456,0.408025,Left,Up,-0.1855749,1.343346,Normal
289.5599,33.6529,0,0.0819397,0.5156176,0,-1.842536,4670.582,1.289338,0.4073392,Left,Up,-0.1813082,1.38134,Normal
289.5999,33.66111,0,0.1002502,0.5156176,0,-1.872797,4671.929,1.290939,0.4066532,Left,Up,-0.1690205,1.417328,Normal
289.6399,33.66164,0,0.110321,0.5156176,0,-1.895133,4673.275,1.290125,0.4059672,Left,Up,-0.1701742,1.450905,Normal
289.6799,33.66155,0,0.110321,0.5156176,0,-1.919421,4674.622,1.288828,0.4052815,Left,Up,-0.1582588,1.484444,Normal
289.7199,33.66587,0,0.110321,0.5195239,0,-1.940773,4675.969,1.29031,0.4045965,Left,Up,-0.1545051,1.51445,Normal
289.7599,33.66578,0,0.110321,0.5195239,0,-1.955156,4677.315,1.289213,0.4039111,Left,Up,-0.1532334,1.54348,Normal
289.7999,33.66814,0,0.110321,0.5234302,0,-1.970978,4678.662,1.288177,0.403226,Left,Up,-0.1426525,1.572487,Normal
289.8399,33.67186,0,0.07644653,0.5273365,0,-1.985957,4680.009,1.28965,0.4025415,Left,Up,-0.1384764,1.597656,Normal
289.8799,33.6739,0,0.03250122,0.5429618,0,-1.990635,4681.355,1.288794,0.4018567,Left,Up,-0.1384764,1.62207,Normal
289.9199,33.67952,0,-0.05264282,0.5546807,0,-1.99625,4682.703,1.287665,0.4011721,Left,Up,-0.1312212,1.646484,Normal
289.9599,33.68471,0,-0.1414508,0.558587,0,-2.003107,4684.05,1.286832,0.4004877,Left,Up,-0.1219466,1.668259,Normal
289.9999,33.69792,0,-0.1972997,0.558587,0,-2.004091,4685.398,1.288197,0.399804,Left,Up,-0.1219466,1.687904,Normal
290.0399,33.70423,0,-0.2430761,0.558587,0,-1.998878,4686.746,1.287099,0.3991199,Left,Up,-0.1203313,1.70755,Normal
290.0799,33.7159,0,-0.2513158,0.558587,0,-1.994959,4688.095,1.286186,0.3984362,Left,Up,-0.1083524,1.727188,Normal
290.1199,33.72261,0,-0.2494848,0.558587,0,-1.991819,4689.443,1.285479,0.3977531,Left,Up,-0.1046783,1.742661,Normal
290.1599,33.73409,0,-0.2449071,0.558587,0,-1.986319,4690.792,1.286724,0.3970696,Left,Up,-0.1046783,1.757202,Normal
290.1999,33.74208,0,-0.2449071,0.5624933,0,-1.970362,4692.142,1.285588,0.3963864,Left,Up,-0.1046783,1.771744,Normal
290.2399,33.75235,0,-0.2449071,0.5663996,0,-1.954986,4693.492,1.284508,0.3957034,Left,Up,-0.1008706,1.78627,Normal
290.2799,33.7616,0,-0.2449071,0.5663996,0,-1.940647,4694.842,1.284007,0.3950211,Left,Up,-0.08622923,1.798363,Normal
290.3199,33.76997,0,-0.2449071,0.5663996,0,-1.926782,4696.193,1.283491,0.3943385,Left,Up,-0.08622923,1.807205,Normal
290.3599,33.78167,0,-0.2449071,0.5663996,0,-1.913382,4697.544,1.284764,0.3936561,Left,Up,-0.08846933,1.816032,Normal
290.3999,33.79188,0,-0.2384984,0.5663996,0,-1.886598,4698.896,1.283845,0.3929743,Left,Up,-0.08622923,1.82486,Normal
290.4399,33.80139,0,-0.2311742,0.5663996,0,-1.860608,4700.248,1.282558,0.3922924,Left,Up,-0.08846933,1.833687,Normal
290.4799,33.81275,0,-0.2073705,0.5663996,0,-1.835892,4701.6,1.281944,0.3916106,Left,Up,-0.0656106,1.841713,Normal
290.5199,33.82226,0,-0.1652545,0.5663996,0,-1.812118,4702.953,1.281674,0.3909291,Left,Up,-0.0656106,1.84359,Normal
290.5599,33.83193,0,-0.08743465,0.5663996,0,-1.789383,4704.306,1.281159,0.3902482,Left,Up,-0.0656106,1.845459,Normal
290.5999,33.84029,0,-0.02426147,0.5663996,0,-1.767158,4705.66,1.280316,0.3895671,Left,Up,-0.0656106,1.847321,Normal
290.6399,33.84731,0,0.02243042,0.5663996,0,-1.744232,4707.013,1.281083,0.3888861,Left,Up,-0.0656106,1.849182,Normal
290.6799,33.85807,0,0.03341675,0.5663996,0,-1.704726,4708.368,1.282461,0.3882055,Left,Up,-0.0656106,1.851036,Normal
290.7199,33.86818,0,0.03341675,0.5663996,0,-1.666147,4709.722,1.282971,0.3875255,Left,Up,-0.0656106,1.85289,Normal
290.7599,33.88095,0,0.03341675,0.5663996,0,-1.628685,4711.077,1.28236,0.3868452,Straight,Up,-0.01978234,1.853981,Normal
290.7999,33.8941,0,0.02334595,0.5663996,0,-1.592251,4712.433,1.281338,0.3861651,Straight,Up,0,1.836067,Normal
290.8399,33.90641,0,0.01602173,0.5663996,0,-1.556653,4713.789,1.280026,0.3854858,Straight,Up,0,1.818146,Normal
290.8799,33.91817,0,0.0151062,0.5663996,0,-1.52201,4715.146,1.27869,0.3848062,Straight,Up,-0.01978234,1.800224,Normal
290.9199,33.92957,0,0.0151062,0.5663996,0,-1.488285,4716.503,1.277541,0.3841268,Straight,Up,0,1.782295,Normal
290.9599,33.94075,0,0.0151062,0.5663996,0,-1.455504,4717.86,1.276504,0.3834476,Straight,Up,0,1.764359,Normal
290.9999,33.95179,0,0.0151062,0.5663996,0,-1.423683,4719.218,1.275547,0.3827692,Straight,Up,0,1.746422,Normal
291.0399,33.96277,0,0.01052856,0.5663996,0,-1.392829,4720.577,1.274649,0.3820906,Straight,Up,-0.01978234,1.728477,Normal
291.0799,33.97373,0,0.01052856,0.5663996,0,-1.362779,4721.936,1.273848,0.3814121,Straight,Up,-0.01978234,1.710526,Normal
291.1199,33.98468,0,0.01052856,0.5663996,0,-1.333416,4723.295,1.273248,0.3807344,Straight,Up,-0.01978234,1.692589,Normal
291.1599,33.99559,0,0.01052856,0.5663996,0,-1.304999,4724.654,1.27253,0.3800563,Straight,Up,-0.01978234,1.674629,Normal
291.1999,34.00648,0,0.01052856,0.5663996,0,-1.277374,4726.015,1.271892,0.3793786,Straight,Up,-0.01978234,1.65667,Normal
291.2399,34.01741,0,0.01052856,0.5663996,0,-1.250475,4727.375,1.271343,0.378701,Straight,Up,-0.01978234,1.63871,Normal
291.2799,34.02828,0,0.01052856,0.5663996,0,-1.224194,4728.736,1.270748,0.3780243,Straight,Up,0,1.620743,Normal
291.3199,34.03915,0,0.02059937,0.5663996,0,-1.198643,4730.098,1.270083,0.3773471,Straight,Up,0,1.602776,Normal
291.3599,34.04999,0,0.02792358,0.5663996,0,-1.173735,4731.459,1.269543,0.3766704,Straight,Up,-0.01978234,1.584801,Normal
291.3999,34.06055,0,0.02883911,0.5663996,0,-1.149332,4732.822,1.268945,0.3759943,Straight,Up,-0.01978234,1.566818,Normal
291.4399,34.0713,0,0.02883911,0.5663996,0,-1.125366,4734.185,1.268177,0.3753179,Straight,Up,-0.01978234,1.548843,Normal
291.4799,34.0822,0,0.03799438,0.5663996,0,-1.101801,4735.548,1.268139,0.3746418,Straight,Up,-0.01978234,1.530853,Normal
291.5199,34.0927,0,0.05630493,0.5663996,0,-1.07868,4736.911,1.267765,0.373966,Straight,Up,0,1.512863,Normal
291.5599,34.10362,0,0.09933472,0.5663996,0,-1.056048,4738.275,1.267227,0.3732909,Straight,Up,-0.01978234,1.494873,Normal
291.5999,34.11465,0,0.140537,0.5663996,0,-1.033802,4739.64,1.266655,0.3726155,Straight,Up,-0.01978234,1.476868,Normal
291.6399,34.11431,0,0.1789892,0.5663996,0,-1.013454,4741.004,1.267493,0.3719403,Straight,Up,-0.01978234,1.458885,Normal
291.6799,34.13019,0,0.18906,0.5663996,0,-0.99514,4742.369,1.271411,0.371266,Straight,Up,-0.01978234,1.44091,Normal
291.7199,34.13756,0,0.18906,0.5663996,0,-0.9770073,4743.734,1.273097,0.3705915,Straight,Up,-0.01978234,1.422913,Normal
291.7599,34.15553,0,0.18906,0.5663996,0,-0.9590871,4745.101,1.272479,0.3699171,Straight,Up,0.04845664,1.404892,Normal
291.7999,34.17405,0,0.18906,0.5663996,0,-0.9412071,4746.467,1.270653,0.3692429,Right,Up,0.05934703,1.361092,Normal
291.8399,34.18881,0,0.18906,0.5663996,0,-0.9233126,4747.834,1.268224,0.3685696,Right,Up,0.05233916,1.315872,Normal
291.8799,34.20235,0,0.18906,0.5663996,0,-0.9052981,4749.203,1.267301,0.3678961,Right,Up,0.05233916,1.270653,Normal
291.9199,34.2115,0,0.18906,0.5663996,0,-0.8917254,4750.571,1.267096,0.3672227,Right,Up,0.05595291,1.225441,Normal
291.9599,34.22726,0,0.18906,0.5468681,0,-0.8845217,4751.94,1.268179,0.3665497,Right,Up,0.05595291,1.180222,Normal
291.9999,34.23914,0,0.18906,0.5468681,0,-0.8775189,4753.309,1.267927,0.3658773,Right,Up,0.05595291,1.134956,Normal
292.0399,34.25179,0,0.18906,0.5468681,0,-0.8702595,4754.679,1.266107,0.3652048,Right,Up,0.08156469,1.089653,Normal
292.0799,34.26118,0,0.206455,0.5468681,0,-0.8626652,4756.049,1.265596,0.3645324,Right,Up,0.08846933,1.03138,Normal
292.1199,34.2733,0,0.2320898,0.5468681,0,-0.8643146,4757.42,1.266509,0.3638609,Right,Up,0.08846933,0.9702301,Normal
292.1599,34.28516,0,0.2485693,0.5468681,0,-0.8675157,4758.792,1.266252,0.3631891,Right,Up,0.08846933,0.9090424,Normal
292.1999,34.29505,0,0.2485693,0.5468681,0,-0.8699857,4760.164,1.264339,0.3625177,Right,Up,0.08846933,0.8478088,Normal
292.2399,34.30762,0,0.2174413,0.5468681,0,-0.8752025,4761.536,1.265417,0.3618464,Right,Up,0.1203313,0.7842636,Normal
292.2799,34.32297,0,0.140537,0.5468681,0,-0.8887191,4762.909,1.265562,0.361176,Right,Up,0.1186941,0.7083588,Normal
292.3199,34.33102,0,0.07003784,0.5468681,0,-0.9016062,4764.282,1.263634,0.3605053,Right,Up,0.1203313,0.6323853,Normal
292.3599,34.34252,0,-0.03433228,0.5468681,0,-0.9199594,4765.655,1.265969,0.3598349,Right,Up,0.1341704,0.5564346,Normal
292.3999,34.36167,0,-0.1057452,0.5468681,0,-0.9444343,4767.029,1.26746,0.3591653,Right,Up,0.1506579,0.4718323,Normal
292.4399,34.37445,0,-0.1835668,0.5468681,0,-0.9686444,4768.404,1.26661,0.3584954,Right,Up,0.1506579,0.3813095,Normal
292.4799,34.39664,0,-0.2558935,0.5468681,0,-0.9935647,4769.78,1.264644,0.3578258,Right,Up,0.1701742,0.2906723,Normal
292.5199,34.41129,0,-0.3089958,0.5468681,0,-1.017506,4771.156,1.262267,0.3571565,Right,Up,0.1802258,0.1889648,Normal
292.5599,34.43409,0,-0.3877312,0.5468681,0,-1.030844,4772.533,1.261774,0.356488,Right,Flat,0.1282043,0.08371735,Normal
292.5999,34.44846,0,-0.4463267,0.5468681,0,-1.039133,4773.911,1.259295,0.3558192,Left,Flat,-0.1619255,0.003128052,Normal
292.6399,34.46625,0,-0.5076671,0.5468681,0,-1.047065,4775.289,1.258178,0.3551507,Left,Flat,-0.1607126,-0.03817749,Normal
292.6799,34.48756,0,-0.5653471,0.5468681,0,-1.041606,4776.668,1.257108,0.354483,Left,Flat,-0.1582588,-0.07949829,Normal
292.7199,34.5023,0,-0.5909818,0.5429618,0,-1.034314,4778.048,1.255081,0.3538151,Left,Flat,-0.1582588,-0.1117783,Normal
292.7599,34.51875,0,-0.6129545,0.5429618,0,-1.027045,4779.429,1.253125,0.3531474,Left,Flat,-0.1582588,-0.1435699,Normal
292.7999,34.53881,0,-0.6147856,0.5429618,0,-1.012122,4780.811,1.253588,0.3524802,Left,Down,-0.1282043,-0.1749496,Normal
292.8399,34.55467,0,-0.6147856,0.5429618,0,-0.9901602,4782.192,1.252528,0.3518136,Left,Down,-0.1297215,-0.2023087,Normal
292.8799,34.5735,0,-0.6147856,0.5429618,0,-0.9689255,4783.575,1.251029,0.3511468,Left,Down,-0.1297215,-0.2296753,Normal
292.9199,34.59034,0,-0.6147856,0.5390555,0,-0.9481155,4784.959,1.249075,0.3504803,Left,Down,-0.1153499,-0.2570572,Normal
292.9599,34.60528,0,-0.6065458,0.5390555,0,-0.9280456,4786.343,1.24923,0.3498142,Left,Down,-0.09691329,-0.2814636,Normal
292.9999,34.62228,0,-0.596475,0.5390555,0,-0.8938498,4787.728,1.249565,0.3491488,Left,Down,-0.09891172,-0.304039,Normal
293.0399,34.63766,0,-0.5891508,0.5390555,0,-0.8590894,4789.113,1.248809,0.3484832,Left,Down,-0.09891172,-0.3266144,Normal
293.0799,34.65533,0,-0.5708402,0.5351492,0,-0.825889,4790.499,1.247675,0.3478179,Left,Down,-0.09691329,-0.3492203,Normal
293.1199,34.67192,0,-0.5415434,0.5351492,0,-0.7941941,4791.885,1.246237,0.3471534,Left,Down,-0.06255726,-0.3718262,Normal
293.1599,34.68731,0,-0.4893565,0.5351492,0,-0.7643269,4793.272,1.244562,0.3464887,Left,Down,-0.05595291,-0.3889008,Normal
293.1999,34.70196,0,-0.4289317,0.5351492,0,-0.7363566,4794.66,1.243098,0.3458243,Left,Down,-0.05595291,-0.4052505,Normal
293.2399,34.71513,0,-0.3263909,0.5351492,0,-0.710288,4796.049,1.24171,0.3451601,Left,Down,-0.05595291,-0.4216003,Normal
293.2799,34.72844,0,-0.208286,0.5351492,0,-0.6862369,4797.438,1.241688,0.3444968,Left,Down,-0.05595291,-0.4379425,Normal
293.3199,34.73998,0,-0.1194781,0.5312428,0,-0.6629397,4798.827,1.241346,0.3438334,Left,Down,-0.05233916,-0.454277,Normal
293.3599,34.75404,0,-0.0004577637,0.5273365,0,-0.6348966,4800.217,1.241956,0.3431702,Left,Down,-0.05595291,-0.4706192,Normal
293.3999,34.76756,0,0.08010864,0.5273365,0,-0.6092967,4801.608,1.241862,0.3425078,Left,Down,-0.05595291,-0.4869614,Normal
293.4399,34.78241,0,0.1698339,0.5273365,0,-0.5859854,4802.999,1.240936,0.3418452,Left,Down,-0.05595291,-0.5033035,Normal
293.4799,34.79768,0,0.2613866,0.5273365,0,-0.5649935,4804.391,1.239826,0.341183,Straight,Down,0,-0.5196609,Normal
293.5199,34.8126,0,0.3099096,0.5273365,0,-0.5463585,4805.783,1.238586,0.340521,Straight,Down,0,-0.5274124,Normal
293.5599,34.82738,0,0.3630137,0.5234302,0,-0.5299608,4807.176,1.237348,0.3398598,Straight,Down,0,-0.5346527,Normal
293.5999,34.84198,0,0.3932261,0.5234302,0,-0.5156761,4808.57,1.236202,0.3391984,Straight,Down,0,-0.541893,Normal
293.6399,34.85625,0,0.4325938,0.5234302,0,-0.5036103,4809.964,1.235237,0.3385375,Straight,Down,0,-0.5491333,Normal
293.6799,34.87062,0,0.4692149,0.5234302,0,-0.4934038,4811.358,1.234355,0.3378773,Straight,Down,0,-0.5563736,Normal
293.7199,34.88523,0,0.4985118,0.5234302,0,-0.4851891,4812.754,1.233528,0.3372169,Straight,Down,0,-0.5636139,Normal
293.7599,34.89997,0,0.5516124,0.5234302,0,-0.4784184,4814.15,1.232858,0.3365568,Straight,Down,0,-0.5708542,Normal
293.7999,34.91484,0,0.6056321,0.5234302,0,-0.4728874,4815.546,1.232261,0.3358971,Straight,Down,0,-0.5781021,Normal
293.8399,34.92978,0,0.6779587,0.5234302,0,-0.4683764,4816.943,1.231628,0.3352381,Straight,Down,0,-0.58535,Normal
293.8799,34.9443,0,0.7383835,0.5234302,0,-0.4644716,4818.341,1.230825,0.334579,Straight,Down,0.01978234,-0.592598,Normal
293.9199,34.95946,0,0.7832444,0.5234302,0,-0.4610787,4819.739,1.230876,0.3339201,Straight,Down,0,-0.5998459,Normal
293.9599,34.97368,0,0.8381796,0.5234302,0,-0.4578088,4821.138,1.230767,0.3332617,Straight,Down,0,-0.6071014,Normal
293.9999,34.98868,0,0.8775473,0.5234302,0,-0.4543247,4822.538,1.230314,0.3326041,Straight,Down,0,-0.6143494,Normal
294.0399,35.00315,0,0.9132528,0.5234302,0,-0.4506445,4823.938,1.229778,0.3319462,Straight,Down,0,-0.6216049,Normal
294.0799,35.01804,0,0.9498739,0.5195239,0,-0.4543886,4825.338,1.229241,0.3312888,Straight,Down,0,-0.6288757,Normal
294.1199,35.03089,0,0.9919882,0.5117113,0,-0.4628266,4826.739,1.228472,0.3306321,Straight,Down,0,-0.6361313,Normal
294.1599,35.04245,0,1.062487,0.507805,0,-0.4698709,4828.141,1.227843,0.3299753,Straight,Down,0,-0.6434097,Normal
294.1999,35.05175,0,1.115588,0.4999924,0,-0.4751444,4829.543,1.227229,0.3293187,Straight,Down,0,-0.6506805,Normal
294.2399,35.05796,0,1.173266,0.4999771,0,-0.4779922,4830.945,1.22649,0.3286626,Right,Down,0.06255726,-0.6578674,Normal
294.2799,35.06193,0,1.209887,0.4960098,0,-0.4781551,4832.348,1.226956,0.3280072,Right,Down,0.06255726,-0.6584091,Normal
294.3199,35.06959,0,1.23186,0.4960098,0,-0.4779746,4833.75,1.227784,0.3273517,Right,Down,0.06255726,-0.6589432,Normal
294.3599,35.07069,0,1.232775,0.4960098,0,-0.4856653,4835.152,1.226045,0.3266965,Right,Down,0.06255726,-0.6594772,Normal
294.3999,35.07421,0,1.232775,0.4960098,0,-0.4900143,4836.556,1.224483,0.3260422,Right,Down,0.05934703,-0.6600189,Normal
294.4399,35.07343,0,1.222705,0.4960098,0,-0.4898224,4837.959,1.223539,0.3253877,Right,Down,0.06255726,-0.660553,Normal
294.4799,35.06865,0,1.222705,0.4960098,0,-0.4847763,4839.362,1.223851,0.3247336,Right,Down,0.06852804,-0.661087,Normal
294.5199,35.071,0,1.222705,0.4960098,0,-0.4804378,4840.765,1.224571,0.3240798,Right,Down,0.08622923,-0.6601868,Normal
294.5599,35.06354,0,1.222705,0.4960098,0,-0.4786849,4842.167,1.222748,0.3234268,Right,Down,0.08622923,-0.6578293,Normal
294.5999,35.06137,0,1.219958,0.4960098,0,-0.4712385,4843.569,1.221534,0.3227738,Right,Down,0.08622923,-0.6554794,Normal
294.6399,35.05038,0,1.191577,0.4960098,0,-0.4570895,4844.972,1.221822,0.322121,Right,Down,0.08622923,-0.6531143,Normal
294.6799,35.04874,0,1.151294,0.4960098,0,-0.4441816,4846.374,1.22241,0.321469,Right,Down,0.09891172,-0.6507416,Normal
294.7199,35.03492,0,1.113757,0.4960098,0,-0.4301066,4847.775,1.220666,0.3208169,Right,Down,0.1065312,-0.6467743,Normal
294.7599,35.0266,0,1.062487,0.4960098,0,-0.4086885,4849.177,1.21882,0.3201653,Right,Down,0.1065312,-0.6420822,Normal
294.7999,35.02079,0,1.039596,0.4960098,0,-0.3828186,4850.577,1.221081,0.3195139,Right,Down,0.1083524,-0.6373901,Normal
294.8399,35.00767,0,1.026778,0.4960098,0,-0.3597516,4851.978,1.219515,0.3188633,Right,Down,0.1219466,-0.6326828,Normal
294.8799,34.99417,0,1.025863,0.4960098,0,-0.3284215,4853.377,1.2173,0.3182126,Right,Down,0.1266688,-0.6262817,Normal
294.9199,34.98782,0,1.025863,0.4960098,0,-0.292762,4854.777,1.219391,0.3175624,Right,Down,0.1251145,-0.6195297,Normal
294.9599,34.97234,0,1.021285,0.4960098,0,-0.2578673,4856.176,1.217712,0.3169128,Right,Down,0.1297215,-0.6127625,Normal
294.9999,34.95743,0,1.019454,0.4960098,0,-0.2139525,4857.574,1.21685,0.3162633,Right,Down,0.1426525,-0.6050415,Normal
295.0399,34.95135,0,1.007552,0.4960098,0,-0.1701562,4858.973,1.217209,0.315614,Right,Down,0.1426525,-0.5963669,Normal
295.0799,34.92783,0,0.9855795,0.4960098,0,-0.1214144,4860.37,1.214729,0.3149652,Right,Down,0.1506579,-0.587677,Normal
295.1199,34.92553,0,0.9626913,0.4960098,0,-0.06699753,4861.768,1.216478,0.3143172,Right,Down,0.1594904,-0.577919,Normal
295.1599,34.90944,0,0.9388876,0.4960098,0,-0.01329932,4863.164,1.214454,0.3136689,Right,Down,0.1594904,-0.5674133,Normal
295.1999,34.89933,0,0.9379721,0.4960098,0,0.04858723,4864.56,1.215708,0.3130211,Right,Down,0.1758294,-0.5568924,Normal
295.2399,34.88638,0,0.9379721,0.4960098,0,0.1074022,4865.955,1.21356,0.3123737,Right,Down,0.1769387,-0.544693,Normal
295.2799,34.87218,0,0.9379721,0.4960098,0,0.1751564,4867.35,1.214502,0.3117272,Right,Down,0.183454,-0.532402,Normal
295.3199,34.85994,0,0.9379721,0.4960098,0,0.2399258,4868.744,1.211956,0.3110804,Right,Down,0.1928145,-0.5191116,Normal
295.3599,34.84771,0,0.9379721,0.4960098,0,0.3120289,4870.138,1.213023,0.310434,Right,Down,0.1958353,-0.5051041,Normal
295.3999,34.83122,0,0.9379721,0.4960098,0,0.3827345,4871.531,1.20985,0.3097886,Right,Down,0.2093567,-0.4903793,Normal
295.4399,34.82514,0,0.9379721,0.4960098,0,0.4574485,4872.924,1.211031,0.3091431,Right,Down,0.2121421,-0.4746704,Normal
295.4799,34.80421,0,0.9379721,0.4960098,0,0.5341097,4874.316,1.210033,0.3084978,Right,Down,0.2246844,-0.4582596,Normal
295.5199,34.79933,0,0.9379721,0.4960098,0,0.6100948,4875.708,1.208406,0.3078529,Right,Down,0.2315465,-0.4408722,Normal
295.5599,34.78264,0,0.9425497,0.4960098,0,0.6898009,4877.1,1.209352,0.307209,Right,Down,0.2406627,-0.4225311,Normal
295.5999,34.77302,0,0.9443808,0.4960098,0,0.7687331,4878.491,1.207804,0.3065649,Right,Down,0.254109,-0.4034882,Normal
295.6399,34.76277,0,0.9489584,0.4960098,0,0.8470255,4879.882,1.205927,0.3059212,Right,Down,0.2571706,-0.3830338,Normal
295.6799,34.74735,0,0.9553671,0.4960098,0,0.9269074,4881.272,1.206795,0.3052783,Right,Down,0.2733977,-0.3619614,Normal
295.7199,34.74129,0,0.9562826,0.5117113,0,1.007285,4882.662,1.207625,0.3046353,Right,Down,0.2832403,-0.3395844,Normal
295.7599,34.72909,0,0.9617758,0.5117113,0,1.084243,4884.051,1.204841,0.3039928,Right,Down,0.2900664,-0.3160553,Normal
295.7999,34.71578,0,0.9691,0.5117113,0,1.160402,4885.44,1.201945,0.3033506,Right,Down,0.3071049,-0.291626,Normal
295.8399,34.70348,0,0.9691,0.5117113,0,1.235613,4886.828,1.20174,0.3027093,Right,Down,0.3195939,-0.2658844,Normal
295.8799,34.6982,0,0.9617758,0.5117113,0,1.308695,4888.216,1.201499,0.3020678,Right,Down,0.329838,-0.2386932,Normal
295.9199,34.69381,0,0.9571981,0.5117113,0,1.379226,4889.604,1.201236,0.3014268,Right,Down,0.3403488,-0.2103348,Normal
295.9599,34.6863,0,0.9388876,0.5117113,0,1.446257,4890.992,1.202376,0.3007866,Right,Down,0.3577275,-0.1807251,Normal
295.9999,34.67981,0,0.8848715,0.5117113,0,1.508439,4892.378,1.203169,0.3001463,Right,Flat,0.3743001,-0.149704,Normal
296.0399,34.66874,0,0.8262777,0.5156176,0,1.566851,4893.765,1.201767,0.2995064,Right,Flat,0.3916712,-0.1171722,Normal
296.0799,34.6586,0,0.7429612,0.5156176,0,1.622111,4895.152,1.199776,0.298867,Right,Flat,0.4078243,-0.08297729,Normal
296.1199,34.65673,0,0.6834519,0.5156176,0,1.67359,4896.539,1.198649,0.2982284,Right,Flat,0.4247459,-0.04711914,Normal
296.1599,34.6549,0,0.6294358,0.5156176,0,1.721447,4897.925,1.198603,0.2975896,Right,Flat,0.3966355,-0.009613037,Normal
296.1999,34.65417,0,0.619365,0.5156176,0,1.767089,4899.311,1.198567,0.2969514,Right,Flat,0.3830841,0.02884674,Normal
296.2399,34.64872,0,0.619365,0.5156176,0,1.810678,4900.696,1.196287,0.2963135,Right,Flat,0.3758652,0.06673431,Normal
296.2799,34.63706,0,0.619365,0.5156176,0,1.852962,4902.082,1.193907,0.2956764,Right,Flat,0.3706227,0.1038818,Normal
296.3199,34.62899,0,0.619365,0.5156176,0,1.893582,4903.467,1.192231,0.2950393,Right,Flat,0.3658403,0.140274,Normal
296.3599,34.62743,0,0.6065476,0.5156176,0,1.930349,4904.853,1.192649,0.2944026,Right,Up,0.3593647,0.1759109,Normal
296.3999,34.62794,0,0.5479503,0.5156176,0,1.964881,4906.237,1.19389,0.2937667,Right,Up,0.3516591,0.2107391,Normal
296.4399,34.62275,0,0.4930186,0.5156176,0,1.997996,4907.622,1.191785,0.2931309,Right,Up,0.3449174,0.2447205,Normal
296.4799,34.61761,0,0.4161143,0.5156176,0,2.030241,4909.007,1.18996,0.2924953,Right,Up,0.339197,0.2777634,Normal
296.5199,34.61403,0,0.3849864,0.5156176,0,2.058043,4910.392,1.190424,0.2918603,Right,Up,0.3345502,0.309967,Normal
296.5599,34.6156,0,0.3804088,0.5156176,0,2.082878,4911.776,1.191728,0.2912259,Right,Up,0.3274564,0.3413467,Normal
296.5999,34.6142,0,0.3804088,0.5156176,0,2.107028,4913.161,1.189211,0.2905917,Right,Up,0.3183671,0.3719559,Normal
296.6399,34.61339,0,0.3804088,0.5156176,0,2.129479,4914.546,1.18856,0.2899578,Right,Up,0.3121605,0.4014511,Normal
296.6799,34.6113,0,0.3740001,0.5156176,0,2.14722,4915.931,1.189988,0.2893248,Right,Up,0.3077414,0.4300385,Normal
296.7199,34.61176,0,0.3566051,0.5156176,0,2.165696,4917.315,1.187656,0.2886918,Right,Up,0.2987072,0.45784,Normal
296.7599,34.61469,0,0.3208959,0.5156176,0,2.180363,4918.7,1.188091,0.2880591,Right,Up,0.289391,0.4847717,Normal
296.7999,34.60796,0,0.2796972,0.5156176,0,2.192516,4920.085,1.18761,0.2874269,Right,Up,0.2859903,0.5104523,Normal
296.8399,34.61719,0,0.2439916,0.5156176,0,2.205719,4921.47,1.185732,0.2867955,Right,Up,0.2762456,0.5354462,Normal
296.8799,34.61195,0,0.1954687,0.5234302,0,2.21155,4922.854,1.187342,0.2861642,Right,Up,0.2676108,0.5595016,Normal
296.9199,34.61533,0,0.1597631,0.5273365,0,2.220156,4924.239,1.184795,0.2855331,Right,Up,0.2646699,0.5823593,Normal
296.9599,34.62227,0,0.09292603,0.5273365,0,2.221773,4925.624,1.186639,0.284903,Right,Up,0.25101,0.6046219,Normal
296.9999,34.62156,0,0.0151062,0.5273365,0,2.225863,4927.009,1.18392,0.2842729,Right,Up,0.2486604,0.6255112,Normal
297.0399,34.63299,0,-0.04074097,0.5273365,0,2.222962,4928.394,1.185714,0.2836432,Right,Up,0.2382111,0.6456757,Normal
297.0799,34.6325,0,-0.08835018,0.5273365,0,2.223811,4929.78,1.182822,0.2830139,Right,Up,0.2306999,0.6648178,Normal
297.1199,34.64029,0,-0.100252,0.5273365,0,2.215108,4931.166,1.184096,0.2823854,Right,Up,0.2220564,0.6828613,Normal
297.1599,34.64867,0,-0.1011676,0.5273365,0,2.210865,4932.551,1.182554,0.281757,Right,Up,0.2139789,0.7001343,Normal
297.1999,34.64877,0,-0.08194149,0.5273365,0,2.199543,4933.937,1.181928,0.281129,Right,Up,0.2065338,0.7161484,Normal
297.2399,34.66563,0,-0.04623413,0.5273365,0,2.187791,4935.324,1.182825,0.2805013,Right,Up,0.2017412,0.7313385,Normal
297.2799,34.66306,0,0.03799438,0.5273365,0,2.178443,4936.71,1.180347,0.2798747,Right,Up,0.1866263,0.7455521,Normal
297.3199,34.67261,0,0.1039124,0.5273365,0,2.158608,4938.097,1.181129,0.2792478,Right,Up,0.1876719,0.758461,Normal
297.3599,34.68132,0,0.1643407,0.5273365,0,2.141812,4939.484,1.181509,0.2786216,Right,Up,0.165511,0.7712173,Normal
297.3999,34.68329,0,0.1698339,0.5273365,0,2.128652,4940.872,1.178843,0.2779962,Right,Up,0.165511,0.7815247,Normal
297.4399,34.69081,0,0.1606786,0.5273365,0,2.104154,4942.26,1.178998,0.2773707,Right,Up,0.1631294,0.7918243,Normal
297.4799,34.69672,0,0.1039124,0.5273365,0,2.080885,4943.647,1.179736,0.2767456,Right,Up,0.1412742,0.8010788,Normal
297.5199,34.70394,0,0.05081177,0.5273365,0,2.059705,4945.035,1.179129,0.2761211,Right,Up,0.1412742,0.8082809,Normal
297.5599,34.70905,0,-0.03433228,0.5273365,0,2.040818,4946.424,1.176911,0.2754974,Right,Up,0.1398823,0.8154755,Normal
297.5999,34.71452,0,-0.1066607,0.5273365,0,2.012702,4947.813,1.176521,0.2748737,Right,Up,0.1065312,0.8223419,Normal
297.6399,34.72125,0,-0.1551837,0.5273365,0,1.980644,4949.201,1.17738,0.2742504,Right,Up,0.1065312,0.8254623,Normal
297.6799,34.72501,0,-0.2366674,0.5273365,0,1.950197,4950.59,1.177675,0.273628,Right,Up,0.1083524,0.8285675,Normal
297.7199,34.73252,0,-0.291599,0.5273365,0,1.921045,4951.979,1.177341,0.2730057,Right,Up,0.1065312,0.8316727,Normal
297.7599,34.74009,0,-0.380407,0.5273365,0,1.89305,4953.369,1.176659,0.2723837,Straight,Up,0.04845664,0.8347702,Normal
297.7999,34.74743,0,-0.4783702,0.5273365,0,1.86615,4954.758,1.175932,0.2717621,Straight,Up,0,0.8291168,Normal
297.8399,34.75463,0,-0.5369657,0.5273365,0,1.839954,4956.148,1.175151,0.2711416,Straight,Up,0,0.8195877,Normal
297.8799,34.76165,0,-0.594644,0.5273365,0,1.814327,4957.539,1.174443,0.270521,Straight,Up,0,0.8100586,Normal
297.9199,34.76857,0,-0.6559861,0.5273365,0,1.78902,4958.93,1.173542,0.2699008,Straight,Up,0,0.8005219,Normal
297.9599,34.77569,0,-0.7493699,0.5273365,0,1.763709,4960.32,1.172778,0.2692816,Straight,Up,0,0.7909927,Normal
297.9999,34.78201,0,-0.8555728,0.5273365,0,1.738311,4961.712,1.171691,0.2686622,Straight,Up,0,0.781456,Normal
298.0399,34.7888,0,-0.9214926,0.5273365,0,1.712344,4963.104,1.170665,0.2680435,Straight,Up,0,0.7719193,Normal
298.0799,34.79428,0,-0.984664,0.5273365,0,1.68545,4964.495,1.16996,0.2674251,Straight,Up,0,0.7623825,Normal
298.1199,34.7996,0,-0.9983987,0.5273365,0,1.657609,4965.887,1.169306,0.2668076,Straight,Up,0,0.7528305,Normal
298.1599,34.80412,0,-0.9910727,0.5273365,0,1.628267,4967.279,1.168619,0.2661902,Straight,Up,0,0.7432938,Normal
298.1999,34.8081,0,-0.9452963,0.5273365,0,1.597306,4968.671,1.168021,0.2655732,Straight,Up,0,0.7337341,Normal
298.2399,34.80551,0,-0.9086752,0.5273365,0,1.567469,4970.064,1.167641,0.2649571,Straight,Up,0.01978234,0.7241898,Normal
298.2799,34.81005,0,-0.8400089,0.5273365,0,1.545801,4971.457,1.170521,0.264341,Straight,Up,0,0.7146378,Normal
298.3199,34.81331,0,-0.7859927,0.5273365,0,1.521629,4972.849,1.172229,0.2637254,Straight,Up,0,0.7050934,Normal
298.3599,34.81893,0,-0.7447922,0.5273365,0,1.494935,4974.242,1.169333,0.2631103,Straight,Up,0,0.6955109,Normal
298.3999,34.81793,0,-0.7145798,0.5273365,0,1.473899,4975.634,1.168754,0.262496,Straight,Up,0.01978234,0.685936,Normal
298.4399,34.82853,0,-0.7081711,0.5273365,0,1.454724,4977.027,1.170407,0.2618817,Left,Up,-0.07401875,0.6763611,Normal
298.4799,34.82157,0,-0.7072556,0.5273365,0,1.432291,4978.42,1.166398,0.261268,Left,Up,-0.1101434,0.6556702,Normal
298.5199,34.82403,0,-0.7072556,0.5273365,0,1.418469,4979.813,1.167729,0.2606547,Left,Up,-0.1101434,0.6318741,Normal
298.5599,34.83159,0,-0.7072556,0.5273365,0,1.400999,4981.207,1.166557,0.2600423,Left,Up,-0.1101434,0.6080551,Normal
298.5999,34.82222,0,-0.6660569,0.5273365,0,1.389998,4982.599,1.166909,0.2594299,Left,Up,-0.1519511,0.5837555,Normal
298.6399,34.83494,0,-0.6147856,0.5273365,0,1.377162,4983.993,1.165287,0.258818,Left,Up,-0.1506579,0.5546188,Normal
298.6799,34.82613,0,-0.5131602,0.5312428,0,1.372039,4985.385,1.166516,0.258207,Left,Up,-0.1545051,0.5254669,Normal
298.7199,34.83241,0,-0.4289317,0.5351492,0,1.366152,4986.779,1.164282,0.2575961,Left,Up,-0.1866263,0.494873,Normal
298.7599,34.83924,0,-0.3208977,0.5351492,0,1.367209,4988.172,1.165432,0.2569855,Left,Up,-0.1866263,0.4612427,Normal
298.7999,34.83754,0,-0.2027929,0.5351492,0,1.372315,4989.566,1.165905,0.2563756,Left,Up,-0.2167048,0.427269,Normal
298.8399,34.84675,0,-0.1414508,0.5351492,0,1.381446,4990.959,1.163515,0.2557665,Left,Up,-0.2176059,0.389679,Normal
298.8799,34.85112,0,-0.09475887,0.5351492,0,1.395628,4992.354,1.162232,0.2551574,Left,Up,-0.2446942,0.3515167,Normal
298.9199,34.85193,0,-0.09018123,0.5351492,0,1.419086,4993.748,1.161051,0.2545488,Left,Up,-0.2502292,0.3101959,Normal
298.9599,34.86063,0,-0.09018123,0.5351492,0,1.440242,4995.143,1.164356,0.2539411,Left,Up,-0.2719625,0.26754,Normal
298.9999,34.87219,0,-0.09018123,0.5351492,0,1.457556,4996.537,1.167316,0.2533336,Left,Up,-0.2914124,0.2227936,Normal
299.0399,34.87876,0,-0.09018123,0.5351492,0,1.470464,4997.932,1.167156,0.2527264,Left,Up,-0.301316,0.175293,Normal
299.0799,34.89823,0,-0.09018123,0.5351492,0,1.478286,4999.328,1.165424,0.2521197,Left,Flat,-0.3202056,0.125885,Normal
299.1199,34.9148,0,-0.08743465,0.5351492,0,1.481323,5000.724,1.160077,0.251514,Left,Flat,-0.3432113,0.07430267,Normal
299.1599,34.92546,0,-0.08102596,0.5351492,0,1.479281,5002.121,1.15546,0.2509083,Left,Flat,-0.05233916,0.02006531,Normal
299.1999,34.9221,0,-0.08102596,0.5351492,0,1.468276,5003.518,1.158783,0.2503031,Right,Flat,0.07132626,-0.05297089,Normal
299.2399,34.94304,0,-0.08102596,0.5351492,0,1.45128,5004.915,1.16473,0.2496988,Right,Flat,0.06852804,-0.1281509,Normal
299.2799,34.94559,0,-0.07736385,0.5351492,0,1.430842,5006.313,1.166419,0.2490945,Right,Down,0.06852804,-0.2034683,Normal
299.3199,34.97046,0,-0.07553279,0.5351492,0,1.406865,5007.711,1.16512,0.2484908,Right,Down,0.06852804,-0.2789383,Normal
299.3599,34.99498,0,-0.07553279,0.5351492,0,1.379005,5009.11,1.162516,0.2478875,Right,Down,0.06852804,-0.3545303,Normal
299.3999,35.01535,0,-0.07553279,0.5351492,0,1.34736,5010.511,1.159667,0.2472852,Straight,Down,0.02797646,-0.4302063,Normal
299.4399,35.03365,0,-0.07553279,0.5351492,0,1.311892,5011.912,1.156724,0.2466829,Straight,Down,0,-0.4664917,Normal
299.4799,35.05099,0,-0.08194149,0.5351492,0,1.272891,5013.314,1.15414,0.2460812,Straight,Down,-0.01978234,-0.4871216,Normal
299.5199,35.06794,0,-0.09018123,0.5351492,0,1.2301,5014.716,1.151946,0.2454799,Straight,Down,-0.01978234,-0.5077591,Normal
299.5599,35.08463,0,-0.09384334,0.5351492,0,1.18386,5016.12,1.150209,0.2448796,Straight,Down,0,-0.5284195,Normal
299.5999,35.10126,0,-0.09384334,0.5351492,0,1.134032,5017.523,1.148947,0.2442792,Straight,Down,0,-0.5490875,Normal
299.6399,35.11794,0,-0.05264282,0.5351492,0,1.080958,5018.928,1.147903,0.2436795,Straight,Down,0,-0.5697784,Normal
299.6799,35.13465,0,0.02243042,0.5351492,0,1.024791,5020.333,1.147118,0.2430807,Straight,Down,0,-0.590477,Normal
299.7199,35.1516,0,0.07095337,0.5351492,0,0.9661916,5021.739,1.146397,0.2424818,Straight,Down,-0.01978234,-0.6112061,Normal
299.7599,35.16864,0,0.1286352,0.5351492,0,0.9050431,5023.146,1.145895,0.2418835,Straight,Down,0,-0.6319351,Normal
299.7999,35.18617,0,0.1524389,0.5351492,0,0.8417417,5024.553,1.145635,0.2412858,Straight,Down,0,-0.6526794,Normal
299.8399,35.20364,0,0.1542699,0.5351492,0,0.7762694,5025.961,1.145382,0.2406889,Straight,Down,-0.01978234,-0.673439,Normal
299.8799,35.22108,0,0.1542699,0.5351492,0,0.7089136,5027.37,1.144424,0.2400921,Straight,Down,0,-0.6942139,Normal
299.9199,35.23843,0,0.1515234,0.5351492,0,0.6394849,5028.779,1.143631,0.2394958,Straight,Down,0,-0.715004,Normal
299.9599,35.25606,0,0.1359594,0.5351492,0,0.5683124,5030.189,1.143047,0.2389005,Straight,Down,0,-0.7358017,Normal
299.9999,35.27319,0,0.1222265,0.5351492,0,0.4953334,5031.6,1.142558,0.2383053,Straight,Down,0,-0.7566147,Normal
300.0399,35.2906,0,0.1167297,0.5351492,0,0.4210014,5033.011,1.142161,0.2377105,Straight,Down,0,-0.7774429,Normal
300.0799,35.30757,0,0.1130676,0.5351492,0,0.3451883,5034.423,1.141819,0.2371164,Straight,Down,-0.01978234,-0.7982788,Normal
300.1199,35.32456,0,0.1130676,0.5351492,0,0.2681501,5035.836,1.141558,0.236523,Straight,Down,-0.01978234,-0.8191299,Normal
300.1599,35.34154,0,0.1130676,0.5156176,0,0.1899431,5037.25,1.141279,0.2359299,Straight,Down,-0.01978234,-0.8399963,Normal
300.1999,35.34815,0,0.1368749,0.5117113,0,0.1178063,5038.664,1.14296,0.2353371,Straight,Down,-0.01978234,-0.8608475,Normal
300.2399,35.36387,0,0.1698339,0.5117113,0,0.05015787,5040.079,1.145887,0.2347454,Straight,Down,0,-0.881691,Normal
300.2799,35.37345,0,0.2183568,0.507805,0,-0.01808098,5041.494,1.14694,0.2341537,Straight,Down,-0.01978234,-0.902565,Normal
300.3199,35.39,0,0.2430761,0.507805,0,-0.08653834,5042.909,1.146367,0.2335626,Straight,Down,0,-0.9234543,Normal
300.3599,35.40573,0,0.2504003,0.5038987,0,-0.1553607,5044.325,1.145019,0.232972,Straight,Down,-0.01978234,-0.9443512,Normal
300.3999,35.41967,0,0.2311742,0.4999771,0,-0.2243496,5045.742,1.143471,0.2323823,Straight,Down,0,-0.9652634,Normal
300.4399,35.43159,0,0.2137792,0.4960098,0,-0.2935892,5047.159,1.141864,0.2317927,Straight,Down,-0.02797646,-0.9779739,Normal
300.4799,35.44203,0,0.2018774,0.4920424,0,-0.3629944,5048.577,1.140355,0.2312037,Straight,Down,-0.03426402,-0.9809723,Normal
300.5199,35.45127,0,0.1936376,0.4920424,0,-0.4324651,5049.995,1.139157,0.2306152,Straight,Down,-0.02797646,-0.983963,Normal
300.5599,35.4609,0,0.1725805,0.4920424,0,-0.5018984,5051.413,1.138333,0.2300276,Straight,Down,-0.03426402,-0.9869537,Normal
300.5999,35.46918,0,0.1469457,0.4920424,0,-0.571193,5052.832,1.136498,0.2294402,Straight,Down,-0.03426402,-0.9899445,Normal
300.6399,35.47882,0,0.123142,0.4920424,0,-0.6403123,5054.25,1.13494,0.2288532,Straight,Down,-0.02797646,-0.9929352,Normal
300.6799,35.48531,0,0.09933472,0.4920424,0,-0.709213,5055.669,1.133938,0.2282672,Straight,Down,-0.03426402,-0.9959335,Normal
300.7199,35.49232,0,0.09384155,0.4920424,0,-0.7658745,5057.089,1.134675,0.2276813,Straight,Down,-0.03426402,-0.9989243,Normal
300.7599,35.50057,0,0.09384155,0.4920424,0,-0.819639,5058.509,1.135423,0.227096,Straight,Down,-0.02797646,-1.001907,Normal
300.7999,35.50782,0,0.09384155,0.4920424,0,-0.8727661,5059.929,1.135624,0.2265111,Straight,Down,-0.02797646,-1.004906,Normal
300.8399,35.51726,0,0.09384155,0.4920424,0,-0.9252003,5061.35,1.135309,0.2259273,Straight,Down,-0.02797646,-1.007904,Normal
300.8799,35.52648,0,0.09384155,0.4801404,0,-0.9769899,5062.771,1.134588,0.2253435,Straight,Down,-0.02797646,-1.010895,Normal
300.9199,35.53415,0,0.09292603,0.464271,0,-1.028154,5064.192,1.133733,0.2247603,Straight,Down,-0.03426402,-1.013885,Normal
300.9599,35.53812,0,0.08926392,0.4603037,0,-1.078724,5065.614,1.133079,0.224178,Straight,Down,-0.04423466,-1.013908,Normal
300.9999,35.54117,0,0.08926392,0.4523537,0,-1.12866,5067.036,1.133086,0.2235959,Straight,Down,-0.03956468,-1.012314,Normal
301.0399,35.54222,0,0.08926392,0.444419,0,-1.17789,5068.458,1.130924,0.2230143,Straight,Down,-0.04423466,-1.010712,Normal
301.0799,35.53946,0,0.08926392,0.4404517,0,-1.223751,5069.879,1.129394,0.2224332,Straight,Down,-0.03956468,-1.009117,Normal
301.1199,35.53669,0,0.08926392,0.4404517,0,-1.257138,5071.301,1.129732,0.2218532,Straight,Down,-0.03956468,-1.007515,Normal
301.1599,35.53228,0,0.08926392,0.4404517,0,-1.289274,5072.723,1.130102,0.2212731,Straight,Down,-0.03956468,-1.00592,Normal
301.1999,35.52921,0,0.08834839,0.4404517,0,-1.320574,5074.144,1.130043,0.2206936,Straight,Down,-0.03956468,-1.004318,Normal
301.2399,35.52667,0,0.07644653,0.464271,0,-1.351034,5075.564,1.129753,0.2201152,Straight,Down,-0.03956468,-1.002716,Normal
301.2799,35.52809,0,0.05813599,0.464271,0,-1.380427,5076.985,1.129061,0.2195369,Straight,Down,-0.03956468,-1.001114,Normal
301.3199,35.53146,0,0.03890991,0.464271,0,-1.409248,5078.406,1.12852,0.218959,Straight,Down,-0.04845664,-0.9995041,Normal
301.3599,35.53477,0,0.0050354,0.464271,0,-1.437454,5079.828,1.126561,0.2183817,Left,Down,-0.05233916,-0.9950714,Normal
301.3999,35.53514,0,-0.03982544,0.464271,0,-1.459385,5081.25,1.124891,0.2178055,Straight,Down,-0.04845664,-0.9903564,Normal
301.4399,35.53779,0,-0.08743465,0.444419,0,-1.471963,5082.671,1.125251,0.2172294,Left,Down,-0.05233916,-0.9856415,Normal
301.4799,35.53694,0,-0.1432818,0.4047455,0,-1.483341,5084.093,1.125157,0.2166537,Left,Down,-0.05233916,-0.9809189,Normal
301.5199,35.53053,0,-0.1972997,0.3452201,0,-1.49414,5085.515,1.124806,0.2160791,Straight,Down,-0.04845664,-0.9762039,Normal
301.5599,35.51273,0,-0.2549779,0.3055466,0,-1.504307,5086.936,1.124325,0.2155046,Straight,Down,-0.04845664,-0.9714813,Normal
301.5999,35.48624,0,-0.3401238,0.2856947,0,-1.514068,5088.355,1.124385,0.2149307,Left,Down,-0.05233916,-0.9667587,Normal
301.6399,35.4523,0,-0.4097039,0.2856947,0,-1.523888,5089.774,1.121773,0.2143573,Left,Down,-0.06255726,-0.9620056,Normal
301.6799,35.41528,0,-0.4994273,0.2856947,0,-1.522045,5091.191,1.120945,0.2137849,Left,Down,-0.05934703,-0.9546585,Normal
301.7199,35.37938,0,-0.5891508,0.2856947,0,-1.51754,5092.606,1.121113,0.2132126,Left,Down,-0.06255726,-0.947319,Normal
301.7599,35.34173,0,-0.6367582,0.2856947,0,-1.512781,5094.021,1.121017,0.2126409,Left,Down,-0.06255726,-0.9399719,Normal
301.7999,35.30542,0,-0.6733811,0.2856947,0,-1.508409,5095.433,1.120766,0.2120697,Left,Down,-0.05934703,-0.9326477,Normal
301.8399,35.27011,0,-0.6797898,0.309514,0,-1.50486,5096.844,1.120734,0.2114996,Left,Down,-0.05934703,-0.9253159,Normal
301.8799,35.2366,0,-0.6797898,0.309514,0,-1.499607,5098.254,1.117638,0.2109295,Left,Down,-0.06255726,-0.917984,Normal
301.9199,35.20532,0,-0.6724656,0.309514,0,-1.483334,5099.663,1.117644,0.2103601,Left,Down,-0.07401875,-0.9098816,Normal
301.9599,35.17318,0,-0.6724656,0.309514,0,-1.467811,5101.07,1.117918,0.2097916,Left,Down,-0.07132626,-0.9000778,Normal
301.9999,35.14097,0,-0.6742966,0.309514,0,-1.453474,5102.476,1.118137,0.2092232,Left,Down,-0.07132626,-0.8902817,Normal
302.0399,35.11024,0,-0.6852829,0.309514,0,-1.440419,5103.88,1.118037,0.2086554,Left,Down,-0.07132626,-0.8804932,Normal
302.0799,35.07697,0,-0.7255661,0.309514,0,-1.425742,5105.284,1.114477,0.2080882,Left,Down,-0.07132626,-0.870697,Normal
302.1199,35.04462,0,-0.8198673,0.2618906,0,-1.402023,5106.686,1.113888,0.2075221,Left,Down,-0.07661668,-0.8609085,Normal
302.1599,35.00445,0,-0.8921957,0.2341192,0,-1.38063,5108.086,1.114239,0.206956,Left,Down,-0.08392937,-0.8497925,Normal
302.1999,34.95773,0,-0.9672689,0.2222171,0,-1.36206,5109.485,1.114703,0.2063905,Left,Down,-0.08392937,-0.8375473,Normal
302.2399,34.90596,0,-0.9929037,0.2222171,0,-1.346486,5110.882,1.111914,0.205826,Left,Down,-0.08392937,-0.8253021,Normal
302.2799,34.85101,0,-1.008469,0.2222171,0,-1.321118,5112.277,1.110966,0.2052617,Left,Down,-0.08392937,-0.8130798,Normal
302.3199,34.79762,0,-1.02678,0.2222171,0,-1.298189,5113.669,1.111195,0.2046979,Left,Down,-0.08622923,-0.8008652,Normal
302.3599,34.74195,0,-1.046006,0.2420539,0,-1.27897,5115.059,1.11153,0.2041347,Left,Down,-0.09487279,-0.7873993,Normal
302.3999,34.6885,0,-1.063401,0.2460212,0,-1.263576,5116.447,1.108214,0.2035725,Left,Down,-0.09487279,-0.7726746,Normal
302.4399,34.63612,0,-1.064317,0.2460212,0,-1.239193,5117.833,1.107955,0.2030105,Left,Down,-0.09487279,-0.7579727,Normal
302.4799,34.58444,0,-1.051499,0.2460212,0,-1.220123,5119.218,1.108533,0.202449,Left,Down,-0.09691329,-0.7432785,Normal
302.5199,34.53242,0,-1.009385,0.2460212,0,-1.206361,5120.599,1.107924,0.2018885,Left,Down,-0.1083524,-0.7283554,Normal
302.5599,34.47578,0,-0.9681845,0.2460212,0,-1.188986,5121.979,1.105385,0.2013282,Left,Down,-0.1083524,-0.7110519,Normal
302.5999,34.4229,0,-0.920577,0.2460212,0,-1.172254,5123.356,1.105831,0.2007685,Left,Down,-0.1065312,-0.6937714,Normal
302.6399,34.36848,0,-0.9141684,0.2460212,0,-1.161821,5124.731,1.106161,0.2002093,Left,Down,-0.1083524,-0.676506,Normal
302.6799,34.30975,0,-0.9333944,0.2460212,0,-1.149356,5126.104,1.10296,0.1996512,Left,Down,-0.1219466,-0.6588211,Normal
302.7199,34.25514,0,-0.9910727,0.2460212,0,-1.138127,5127.475,1.103306,0.1990933,Left,Down,-0.1219466,-0.6388168,Normal
302.7599,34.19883,0,-1.050584,0.2460212,0,-1.134176,5128.844,1.101947,0.1985359,Left,Down,-0.1219466,-0.6188278,Normal
302.7999,34.13852,0,-1.146716,0.2460212,0,-1.125456,5130.21,1.100636,0.1979791,Left,Down,-0.1297215,-0.5988464,Normal
302.8399,34.08411,0,-1.198901,0.2460212,0,-1.122964,5131.574,1.102081,0.1974233,Left,Down,-0.1356209,-0.5770569,Normal
302.8799,34.02142,0,-1.256581,0.2460212,0,-1.12365,5132.936,1.098573,0.1968677,Left,Down,-0.1356209,-0.5542221,Normal
302.9199,33.96097,0,-1.304188,0.2460212,0,-1.122997,5134.294,1.098945,0.1963127,Left,Down,-0.1412742,-0.5314178,Normal
302.9599,33.90046,0,-1.311513,0.2460212,0,-1.131051,5135.651,1.096651,0.1957587,Left,Down,-0.1519511,-0.5070343,Normal
302.9999,33.83677,0,-1.311513,0.2460212,0,-1.134048,5137.005,1.09702,0.1952048,Left,Down,-0.1519511,-0.4812469,Normal
303.0399,33.776,0,-1.291371,0.2460212,0,-1.147159,5138.357,1.094955,0.1946516,Left,Down,-0.1619255,-0.4554825,Normal
303.0799,33.70878,0,-1.202563,0.2460212,0,-1.155144,5139.706,1.095763,0.194099,Left,Down,-0.1690205,-0.4274521,Normal
303.1199,33.6483,0,-1.033189,0.2460212,0,-1.172203,5141.053,1.093866,0.1935474,Left,Down,-0.1690205,-0.3985138,Normal
303.1599,33.57741,0,-0.8986044,0.2460212,0,-1.186345,5142.396,1.090042,0.1929959,Left,Down,-0.1866263,-0.3691101,Normal
303.1999,33.51373,0,-0.6733811,0.2460212,0,-1.205894,5143.738,1.087324,0.1924451,Left,Down,-0.1876719,-0.3367996,Normal
303.2399,33.44432,0,-0.4838634,0.2460212,0,-1.227318,5145.076,1.084704,0.1918953,Left,Down,-0.2017412,-0.3045654,Normal
303.2799,33.38137,0,-0.2751195,0.2460212,0,-1.246215,5146.412,1.082858,0.1913456,Left,Down,-0.2055842,-0.2694855,Normal
303.3199,33.31804,0,-0.1139849,0.2460212,0,-1.266256,5147.746,1.084946,0.1907965,Left,Down,-0.2176059,-0.2338028,Normal
303.3599,33.26012,0,-0.0453186,0.2460212,0,-1.287563,5149.077,1.087643,0.1902481,Left,Down,-0.2255535,-0.1955643,Normal
303.3999,33.2024,0,0.05813599,0.2460212,0,-1.303478,5150.405,1.088314,0.1897007,Left,Down,-0.2406627,-0.1562653,Normal
303.4399,33.14685,0,0.140537,0.2499886,0,-1.32136,5151.732,1.091673,0.1891534,Left,Flat,-0.2470816,-0.1140213,Normal
303.4799,33.09457,0,0.2137792,0.2539559,0,-1.338769,5153.057,1.091909,0.1886067,Left,Flat,-0.2712421,-0.07092285,Normal
303.5199,33.04639,0,0.2375829,0.2539559,0,-1.353086,5154.379,1.094261,0.1880611,Left,Flat,-0.2783625,-0.02794647,Normal
303.5599,32.99643,0,0.2302587,0.2539559,0,-1.370136,5155.7,1.094589,0.1875158,Left,Flat,-0.3109043,-0.01166534,Normal
303.5999,32.9533,0,0.1469457,0.2539559,0,-1.3825,5157.019,1.095282,0.1869709,Left,Flat,-0.2940859,-0.03523254,Normal
303.6399,32.90547,0,0.06546021,0.2579232,0,-1.398783,5158.336,1.095177,0.1864267,Left,Flat,-0.2880355,-0.05738831,Normal
303.6799,32.86528,0,-0.0590533,0.2579232,0,-1.409854,5159.651,1.09524,0.1858835,Left,Flat,-0.2741124,-0.07883453,Normal
303.7199,32.81901,0,-0.1524371,0.2618906,0,-1.424494,5160.964,1.093631,0.1853406,Left,Flat,-0.2624426,-0.09940338,Normal
303.7599,32.7806,0,-0.1835668,0.2658579,0,-1.436471,5162.276,1.095086,0.1847982,Left,Flat,-0.2564087,-0.1188736,Normal
303.7999,32.73842,0,-0.2275121,0.2737926,0,-1.448511,5163.586,1.093512,0.1842564,Left,Flat,-0.2390311,-0.1379776,Normal
303.8399,32.70038,0,-0.2787817,0.2856947,0,-1.46267,5164.894,1.094162,0.1837157,Left,Down,-0.2382111,-0.1556854,Normal
303.8799,32.66434,0,-0.3511101,0.297612,0,-1.471265,5166.201,1.093601,0.1831753,Left,Down,-0.2211734,-0.1732712,Normal
303.9199,32.62764,0,-0.3877312,0.309514,0,-1.484108,5167.506,1.091492,0.1826353,Left,Down,-0.2220564,-0.1895676,Normal
303.9599,32.59933,0,-0.3877312,0.309514,0,-1.49455,5168.811,1.093068,0.1820965,Left,Down,-0.2046302,-0.2058334,Normal
303.9999,32.56818,0,-0.3639275,0.309514,0,-1.503183,5170.114,1.092133,0.1815578,Left,Down,-0.2046302,-0.2207718,Normal
304.0399,32.5372,0,-0.3108269,0.3134814,0,-1.515468,5171.416,1.090886,0.1810198,Left,Down,-0.1948336,-0.2356644,Normal
304.0799,32.51062,0,-0.2311742,0.3134814,0,-1.523506,5172.716,1.091853,0.1804824,Left,Down,-0.1876719,-0.2496338,Normal
304.1199,32.4812,0,-0.1615924,0.3134814,0,-1.529431,5174.016,1.090969,0.179946,Left,Down,-0.1866263,-0.2631912,Normal
304.1599,32.45302,0,-0.148775,0.3134814,0,-1.538862,5175.314,1.08962,0.1794098,Left,Down,-0.1701742,-0.2764587,Normal
304.1999,32.42637,0,-0.148775,0.3214161,0,-1.54851,5176.611,1.090839,0.1788743,Left,Down,-0.1713202,-0.2886963,Normal
304.2399,32.39972,0,-0.1652545,0.3214161,0,-1.551204,5177.908,1.090149,0.1783398,Left,Down,-0.166689,-0.3009186,Normal
304.2799,32.37402,0,-0.1789892,0.3253834,0,-1.556868,5179.203,1.088599,0.1778055,Left,Down,-0.1545051,-0.3125305,Normal
304.3199,32.34843,0,-0.1789892,0.3253834,0,-1.565441,5180.498,1.087413,0.1772718,Left,Down,-0.1545051,-0.3234711,Normal
304.3599,32.32599,0,-0.1789892,0.3253834,0,-1.570949,5181.791,1.088993,0.1767388,Left,Down,-0.1506579,-0.3343811,Normal
304.3999,32.30112,0,-0.1799047,0.3253834,0,-1.571513,5183.083,1.088293,0.1762068,Left,Down,-0.1384764,-0.3447342,Normal
304.4399,32.27779,0,-0.1725787,0.3293507,0,-1.575088,5184.375,1.086866,0.175675,Left,Down,-0.1384764,-0.3543777,Normal
304.4799,32.25376,0,-0.1652545,0.3293507,0,-1.58157,5185.666,1.08579,0.1751439,Left,Down,-0.1398823,-0.3639984,Normal
304.5199,32.23177,0,-0.2037084,0.3293507,0,-1.589733,5186.955,1.08697,0.1746138,Left,Down,-0.1219466,-0.3736038,Normal
304.5599,32.2096,0,-0.2549779,0.3293507,0,-1.587661,5188.244,1.086175,0.1740839,Left,Down,-0.1219466,-0.3819656,Normal
304.5999,32.18638,0,-0.3208977,0.3293507,0,-1.588179,5189.531,1.085237,0.1735547,Left,Down,-0.1219466,-0.3902969,Normal
304.6399,32.16506,0,-0.3639275,0.3293507,0,-1.591603,5190.818,1.084656,0.1730262,Left,Down,-0.1235407,-0.398613,Normal
304.6799,32.14238,0,-0.3987175,0.3293507,0,-1.597756,5192.104,1.083865,0.1724985,Left,Down,-0.1065312,-0.4068069,Normal
304.7199,32.11959,0,-0.4005486,0.3293507,0,-1.606437,5193.389,1.084116,0.1719712,Left,Down,-0.1046783,-0.4138412,Normal
304.7599,32.09875,0,-0.3932244,0.3293507,0,-1.60735,5194.673,1.08443,0.1714445,Left,Down,-0.1046783,-0.4208527,Normal
304.7999,32.07552,0,-0.3263909,0.3293507,0,-1.606551,5195.957,1.08362,0.1709185,Left,Down,-0.1046783,-0.4278641,Normal
304.8399,32.05465,0,-0.2549779,0.3293507,0,-1.60834,5197.239,1.082795,0.1703936,Left,Down,-0.09691329,-0.4348679,Normal
304.8799,32.03291,0,-0.1359576,0.3293507,0,-1.612457,5198.521,1.082019,0.1698688,Left,Down,-0.08846933,-0.4410934,Normal
304.9199,32.01122,0,-0.04074097,0.3293507,0,-1.618574,5199.801,1.081276,0.1693446,Left,Down,-0.08846933,-0.4467545,Normal
304.9599,31.98917,0,0.03250122,0.3293507,0,-1.626855,5201.081,1.080445,0.1688216,Left,Down,-0.08846933,-0.4524078,Normal
304.9999,31.96811,0,0.140537,0.3293507,0,-1.637041,5202.36,1.081267,0.1682988,Left,Down,-0.08846933,-0.458046,Normal
305.0399,31.94784,0,0.2192724,0.3293507,0,-1.637985,5203.638,1.081303,0.1677766,Left,Down,-0.08846933,-0.4636917,Normal
305.0799,31.92676,0,0.3044164,0.3293507,0,-1.637078,5204.916,1.08052,0.167255,Left,Down,-0.06852804,-0.4691696,Normal
305.1199,31.9075,0,0.3794932,0.3293507,0,-1.63814,5206.192,1.079856,0.1667345,Left,Down,-0.06852804,-0.47332,Normal
305.1599,31.88765,0,0.4087901,0.3293507,0,-1.640926,5207.468,1.079255,0.1662144,Left,Down,-0.06852804,-0.477478,Normal
305.1999,31.86798,0,0.4216075,0.3293507,0,-1.645181,5208.743,1.078695,0.1656948,Left,Down,-0.06852804,-0.4816284,Normal
305.2399,31.8485,0,0.4216075,0.3293507,0,-1.650797,5210.017,1.07821,0.1651763,Left,Down,-0.06852804,-0.4857712,Normal
305.2799,31.82914,0,0.4161143,0.3293507,0,-1.657591,5211.291,1.077709,0.164658,Left,Down,-0.06852804,-0.4899139,Normal
305.3199,31.8099,0,0.4289317,0.3293507,0,-1.665405,5212.563,1.077359,0.1641404,Left,Down,-0.06852804,-0.4940414,Normal
305.3599,31.79072,0,0.4875255,0.3293507,0,-1.674245,5213.835,1.07703,0.1636234,Straight,Down,-0.04423466,-0.4981766,Normal
305.3999,31.77124,0,0.5955613,0.3293507,0,-1.683722,5215.106,1.076368,0.1631075,Straight,Down,-0.04423466,-0.5004425,Normal
305.4399,31.75214,0,0.67155,0.3293507,0,-1.693424,5216.376,1.07665,0.1625918,Straight,Down,-0.04423466,-0.5026321,Normal
305.4799,31.7336,0,0.7127488,0.3293507,0,-1.700752,5217.646,1.076658,0.1620769,Straight,Down,-0.04423466,-0.5048065,Normal
305.5199,31.71462,0,0.7081711,0.3293507,0,-1.700354,5218.915,1.075991,0.1615629,Straight,Down,-0.04423466,-0.5069962,Normal
305.5599,31.69571,0,0.6843674,0.3293507,0,-1.699958,5220.183,1.07522,0.1610492,Straight,Down,-0.04423466,-0.5091705,Normal
305.5999,31.67645,0,0.6477463,0.3293507,0,-1.699128,5221.45,1.07438,0.1605362,Straight,Down,-0.04423466,-0.5113525,Normal
305.6399,31.65683,0,0.6129563,0.3293507,0,-1.697763,5222.716,1.073755,0.1600239,Straight,Down,-0.04423466,-0.5135269,Normal
305.6799,31.63704,0,0.5708385,0.3293507,0,-1.695801,5223.982,1.073116,0.1595126,Straight,Down,-0.04423466,-0.5157013,Normal
305.7199,31.61707,0,0.5287242,0.3293507,0,-1.693042,5225.247,1.072546,0.1590015,Straight,Down,-0.04423466,-0.5178757,Normal
305.7599,31.59694,0,0.4930186,0.3293507,0,-1.689071,5226.511,1.072297,0.1584911,Straight,Down,-0.04845664,-0.52005,Normal
305.7999,31.57662,0,0.4646373,0.3293507,0,-1.683762,5227.774,1.072227,0.1579819,Straight,Down,-0.04423466,-0.5222168,Normal
305.8399,31.55619,0,0.4463267,0.3293507,0,-1.676906,5229.037,1.071938,0.1574729,Straight,Down,0,-0.5237045,Normal
305.8799,31.53559,0,0.422523,0.3293507,0,-1.66823,5230.298,1.071547,0.1569645,Straight,Down,0,-0.5217972,Normal
305.9199,31.51493,0,0.3978038,0.3293507,0,-1.657719,5231.559,1.071104,0.1564568,Straight,Down,0,-0.5198822,Normal
305.9599,31.49415,0,0.3923106,0.3293507,0,-1.64527,5232.819,1.070897,0.1559501,Straight,Down,0,-0.5179672,Normal
305.9999,31.47335,0,0.3923106,0.3293507,0,-1.630868,5234.078,1.070814,0.1554439,Straight,Down,0,-0.5160675,Normal
306.0399,31.45244,0,0.4097056,0.3293507,0,-1.614104,5235.336,1.070602,0.1549381,Straight,Down,0,-0.5141525,Normal
306.0799,31.43152,0,0.4151988,0.3293507,0,-1.59479,5236.594,1.070238,0.1544332,Straight,Down,0,-0.5122452,Normal
306.1199,31.41056,0,0.4106212,0.3293507,0,-1.57257,5237.851,1.069907,0.1539292,Straight,Down,0,-0.5103378,Normal
306.1599,31.38958,0,0.3987193,0.3293507,0,-1.547722,5239.106,1.069524,0.1534256,Straight,Down,0,-0.5084381,Normal
306.1999,31.36861,0,0.3794932,0.3293507,0,-1.520038,5240.361,1.069139,0.1529225,Straight,Down,0,-0.5065308,Normal
306.2399,31.34765,0,0.3758311,0.3293507,0,-1.489762,5241.615,1.068814,0.1524207,Straight,Down,0,-0.5046234,Normal
306.2799,31.32674,0,0.3758311,0.3293507,0,-1.456691,5242.869,1.068722,0.151919,Straight,Down,0,-0.5027161,Normal
306.3199,31.30585,0,0.3758311,0.3293507,0,-1.420728,5244.121,1.068178,0.1514181,Straight,Down,0,-0.5008163,Normal
306.3599,31.28501,0,0.3758311,0.3293507,0,-1.381832,5245.373,1.067589,0.1509178,Straight,Down,0,-0.498909,Normal
306.3999,31.26409,0,0.3758311,0.3293507,0,-1.339672,5246.624,1.067516,0.1504186,Straight,Down,0,-0.4970093,Normal
306.4399,31.24349,0,0.3758311,0.3293507,0,-1.294599,5247.874,1.067206,0.1499197,Straight,Down,0,-0.4951019,Normal
306.4799,31.22279,0,0.3849864,0.3293507,0,-1.246339,5249.123,1.067142,0.1494215,Straight,Down,0,-0.4932022,Normal
306.5199,31.20216,0,0.3849864,0.3293507,0,-1.194842,5250.371,1.066782,0.1489244,Straight,Down,0,-0.4913025,Normal
306.5599,31.18188,0,0.3859019,0.3293507,0,-1.140266,5251.618,1.066161,0.1484275,Straight,Down,0,-0.4894028,Normal
306.5999,31.16162,0,0.3978038,0.3293507,0,-1.082513,5252.865,1.065611,0.1479314,Straight,Down,0,-0.4875031,Normal
306.6399,31.14198,0,0.4032969,0.3293507,0,-1.027851,5254.111,1.064797,0.1474358,Straight,Down,0,-0.4856033,Normal
306.6799,31.12042,0,0.4042125,0.3293507,0,-0.9753764,5255.356,1.063189,0.1469414,Straight,Down,0,-0.483696,Normal
306.7199,31.1003,0,0.4042125,0.3293507,0,-0.9194809,5256.6,1.062033,0.1464473,Straight,Down,0,-0.4817963,Normal
306.7599,31.07875,0,0.3868175,0.3293507,0,-0.8601729,5257.843,1.06113,0.1459539,Straight,Down,0,-0.4799042,Normal
306.7999,31.05745,0,0.3575206,0.3293507,0,-0.7975032,5259.086,1.060721,0.1454615,Straight,Down,0,-0.4780045,Normal
306.8399,31.03597,0,0.3511083,0.3293507,0,-0.7317991,5260.328,1.060647,0.1449695,Straight,Down,0,-0.4761124,Normal
306.8799,31.01453,0,0.3511083,0.3293507,0,-0.6630942,5261.568,1.061242,0.1444782,Straight,Down,0,-0.4742203,Normal
306.9199,30.99637,0,0.3511083,0.3293507,0,-0.5913748,5262.809,1.062772,0.1439876,Straight,Down,0,-0.4723206,Normal
306.9599,30.97535,0,0.3511083,0.3293507,0,-0.5262988,5264.048,1.061397,0.1434979,Straight,Down,0,-0.4704285,Normal
306.9999,30.95376,0,0.3511083,0.3293507,0,-0.4602938,5265.286,1.059626,0.1430087,Right,Down,0.05595291,-0.4683533,Normal
307.0399,30.93462,0,0.3511083,0.3293507,0,-0.3910875,5266.524,1.058676,0.1425201,Right,Down,0.05595291,-0.4618988,Normal
307.0799,30.91266,0,0.3511083,0.3293507,0,-0.3184672,5267.761,1.058051,0.1420323,Right,Down,0.05934703,-0.4554443,Normal
307.1199,30.89132,0,0.3511083,0.3293507,0,-0.243047,5268.997,1.05913,0.1415455,Right,Down,0.05934703,-0.4489975,Normal
307.1599,30.874,0,0.3511083,0.3293507,0,-0.1690114,5270.232,1.059949,0.141059,Right,Down,0.05595291,-0.4425507,Normal
307.1999,30.85089,0,0.3511083,0.3293507,0,-0.09910193,5271.466,1.058069,0.1405732,Right,Down,0.05595291,-0.4361038,Normal
307.2399,30.83237,0,0.3501928,0.3293507,0,-0.02610815,5272.7,1.056604,0.1400885,Right,Down,0.05595291,-0.429657,Normal
307.2799,30.80926,0,0.3373754,0.3293507,0,0.05016795,5273.932,1.056284,0.1396042,Right,Down,0.06255726,-0.4232254,Normal
307.3199,30.79248,0,0.3208959,0.3293507,0,0.1277485,5275.164,1.058245,0.1391205,Right,Down,0.08392937,-0.4160538,Normal
307.3599,30.77011,0,0.3035009,0.3293507,0,0.1976088,5276.395,1.056236,0.1386375,Right,Down,0.08392937,-0.4072495,Normal
307.3999,30.74941,0,0.2549779,0.3293507,0,0.2705619,5277.625,1.05413,0.1381556,Right,Down,0.08392937,-0.3984375,Normal
307.4399,30.72872,0,0.1771581,0.3293507,0,0.3463777,5278.854,1.054726,0.1376741,Right,Down,0.08392937,-0.3896408,Normal
307.4799,30.71168,0,0.1057434,0.3293507,0,0.4186032,5280.083,1.055613,0.1371932,Right,Down,0.08392937,-0.3808441,Normal
307.5199,30.68766,0,0.02700806,0.3293507,0,0.4877707,5281.311,1.053656,0.1367135,Right,Down,0.1046783,-0.3720398,Normal
307.5599,30.66871,0,-0.0050354,0.3293507,0,0.5595038,5282.538,1.053174,0.136234,Right,Down,0.1083524,-0.3613586,Normal
307.5999,30.65256,0,-0.009613037,0.3293507,0,0.6270356,5283.764,1.053824,0.1357554,Right,Down,0.1101434,-0.3503723,Normal
307.6399,30.62722,0,0.0151062,0.3293507,0,0.6912619,5284.989,1.051183,0.1352773,Right,Down,0.1083524,-0.3393784,Normal
307.6799,30.61425,0,0.05813599,0.3293507,0,0.757925,5286.214,1.052897,0.1348004,Right,Down,0.1203313,-0.3283997,Normal
307.7199,30.59377,0,0.1304662,0.3293507,0,0.8154479,5287.438,1.051816,0.1343238,Right,Down,0.132704,-0.3161697,Normal
307.7599,30.56778,0,0.1844823,0.3293507,0,0.8749107,5288.661,1.050635,0.133848,Right,Down,0.132704,-0.3030167,Normal
307.7999,30.55537,0,0.2320898,0.3293507,0,0.9293513,5289.883,1.050908,0.1333732,Right,Down,0.1341704,-0.2898636,Normal
307.8399,30.5277,0,0.2375829,0.3293507,0,0.9813165,5291.104,1.048993,0.1328987,Right,Down,0.1582588,-0.2767181,Normal
307.8799,30.51662,0,0.2302587,0.3293507,0,1.028936,5292.325,1.049767,0.132425,Right,Down,0.1582588,-0.2613907,Normal
307.9199,30.48922,0,0.1780736,0.3293507,0,1.073163,5293.545,1.048525,0.131952,Right,Down,0.1570175,-0.2460709,Normal
307.9599,30.4758,0,0.123142,0.3293507,0,1.111187,5294.764,1.049829,0.1314801,Right,Down,0.183454,-0.230751,Normal
307.9999,30.45264,0,0.03890991,0.3293507,0,1.146852,5295.982,1.049962,0.1310085,Right,Down,0.183454,-0.2132339,Normal
308.0399,30.4348,0,-0.03433228,0.3293507,0,1.170885,5297.2,1.048279,0.1305376,Right,Down,0.1897456,-0.1957092,Normal
308.0799,30.41527,0,-0.0590533,0.3293507,0,1.196407,5298.417,1.04719,0.1300675,Right,Down,0.2093567,-0.1772842,Normal
308.1199,30.39741,0,-0.0590533,0.3293507,0,1.223555,5299.633,1.047161,0.1295985,Right,Down,0.20842,-0.1574936,Normal
308.1599,30.37684,0,-0.04806519,0.3293507,0,1.240458,5300.848,1.045612,0.1291298,Right,Flat,0.2349025,-0.1374969,Normal
308.1999,30.35639,0,-0.02151489,0.3293507,0,1.257859,5302.063,1.04438,0.1286618,Right,Flat,0.2349025,-0.1153641,Normal
308.2399,30.33718,0,-0.01052856,0.3293507,0,1.276949,5303.276,1.043791,0.1281949,Right,Flat,0.2624426,-0.09320831,Normal
308.2799,30.31798,0,-0.01052856,0.3293507,0,1.295675,5304.489,1.043961,0.1277284,Right,Flat,0.2624426,-0.06865692,Normal
308.3199,30.29691,0,-0.01052856,0.3293507,0,1.304687,5305.701,1.043071,0.1272626,Right,Flat,0.2907402,-0.0437088,Normal
308.3599,30.2768,0,-0.01052856,0.3293507,0,1.315063,5306.913,1.042348,0.1267976,Right,Flat,0.2390311,-0.01669312,Normal
308.3999,30.25655,0,-0.01052856,0.3293507,0,1.326348,5308.123,1.042244,0.1263335,Right,Flat,0.1690205,0.0162735,Normal
308.4399,30.23582,0,-0.01052856,0.3293507,0,1.338651,5309.333,1.042501,0.1258699,Right,Flat,0.1690205,0.0546875,Normal
308.4799,30.21638,0,-0.01052856,0.3293507,0,1.346759,5310.542,1.042441,0.125407,Right,Flat,0.1594904,0.09307861,Normal
308.5199,30.19502,0,-0.01052856,0.3293507,0,1.34842,5311.75,1.04149,0.1249453,Right,Flat,0.1341704,0.1285934,Normal
308.5599,30.17512,0,-0.009613037,0.3293507,0,1.350858,5312.957,1.040818,0.1244838,Right,Up,0.1341704,0.1602554,Normal
308.5999,30.15394,0,-0.005950928,0.3293507,0,1.354072,5314.163,1.040695,0.1240231,Right,Up,0.1356209,0.1918793,Normal
308.6399,30.13294,0,-0.005950928,0.3293507,0,1.358001,5315.369,1.040816,0.1235632,Right,Up,0.1203313,0.2234726,Normal
308.6799,30.11216,0,-0.0050354,0.3333181,0,1.36271,5316.573,1.04085,0.1231043,Right,Up,0.1083524,0.250946,Normal
308.7199,30.09289,0,-0.0004577637,0.3372854,0,1.363495,5317.777,1.041019,0.1226459,Right,Up,0.1083524,0.2759399,Normal
308.7599,30.07251,0,0.01419067,0.3571222,0,1.356753,5318.98,1.039791,0.1221881,Right,Up,0.1083524,0.3009338,Normal
308.7999,30.05665,0,0.0453186,0.3809415,0,1.350546,5320.183,1.039052,0.1217315,Right,Up,0.1101434,0.3259048,Normal
308.8399,30.04396,0,0.07644653,0.4087129,0,1.34469,5321.385,1.038611,0.1212752,Right,Up,0.08846933,0.350853,Normal
308.8799,30.03851,0,0.1039124,0.4087129,0,1.339498,5322.586,1.038571,0.1208197,Right,Up,0.08392937,0.3705368,Normal
308.9199,30.03442,0,0.123142,0.4087129,0,1.334979,5323.787,1.038813,0.1203649,Right,Up,0.08622923,0.3896027,Normal
308.9599,30.03057,0,0.1304662,0.4087129,0,1.330855,5324.988,1.038749,0.1199111,Right,Up,0.08392937,0.4086761,Normal
308.9999,30.02686,0,0.1414526,0.4087129,0,1.327164,5326.189,1.038366,0.1194579,Right,Up,0.08622923,0.4277344,Normal
309.0399,30.0245,0,0.1414526,0.4087129,0,1.31886,5327.391,1.038094,0.1190053,Right,Up,0.08622923,0.4468002,Normal
309.0799,30.01965,0,0.1423681,0.4087129,0,1.302814,5328.592,1.036862,0.1185537,Right,Up,0.07132626,0.4658661,Normal
309.1199,30.01635,0,0.1469457,0.4087129,0,1.287338,5329.792,1.036161,0.1181026,Right,Up,0.0656106,0.480484,Normal
309.1599,30.01139,0,0.1469457,0.4087129,0,1.272196,5330.993,1.035728,0.1176524,Right,Up,0.0656106,0.4942703,Normal
309.1999,30.00657,0,0.1588476,0.4087129,0,1.257778,5332.193,1.035396,0.1172028,Right,Up,0.06255726,0.508049,Normal
309.2399,30.00192,0,0.1881444,0.4087129,0,1.243668,5333.393,1.035433,0.1167542,Right,Up,0.0656106,0.5218124,Normal
309.2799,29.9974,0,0.2128637,0.4087129,0,1.230006,5334.593,1.035473,0.1163061,Right,Up,0.0656106,0.5355835,Normal
309.3199,29.99299,0,0.2375829,0.4087129,0,1.216934,5335.793,1.035625,0.1158588,Right,Up,0.0656106,0.5493469,Normal
309.3599,29.98864,0,0.2494848,0.4087129,0,1.204382,5336.993,1.035336,0.1154122,Right,Up,0.0656106,0.5631104,Normal
309.3999,29.98429,0,0.2494848,0.4087129,0,1.192583,5338.192,1.035111,0.1149666,Straight,Up,0.04845664,0.5768738,Normal
309.4399,29.97999,0,0.2494848,0.4087129,0,1.181494,5339.391,1.034756,0.1145215,Straight,Up,0.04423466,0.5865555,Normal
309.4799,29.97686,0,0.2494848,0.4087129,0,1.170975,5340.59,1.034823,0.1140773,Straight,Up,0.04423466,0.5954666,Normal
309.5199,29.97169,0,0.2494848,0.4087129,0,1.147661,5341.79,1.03353,0.1136339,Straight,Up,0.04845664,0.6043701,Normal
309.5599,29.96653,0,0.2430761,0.4087129,0,1.124798,5342.988,1.032409,0.1131911,Straight,Up,0.04423466,0.6132813,Normal
309.5999,29.96211,0,0.2201879,0.4087129,0,1.102668,5344.187,1.031736,0.1127491,Straight,Up,0.04845664,0.6221771,Normal
309.6399,29.95662,0,0.1936376,0.4087129,0,1.081526,5345.385,1.031491,0.1123077,Straight,Up,0.04423466,0.6310806,Normal
309.6799,29.9513,0,0.1643407,0.4087129,0,1.06119,5346.583,1.031524,0.1118674,Straight,Up,0.04423466,0.6399765,Normal
309.7199,29.94606,0,0.1167297,0.4087129,0,1.041983,5347.781,1.031573,0.1114276,Straight,Up,0.04845664,0.6488724,Normal
309.7599,29.94098,0,0.07644653,0.4087129,0,1.023574,5348.979,1.031426,0.1109886,Straight,Up,0.04423466,0.6577606,Normal
309.7999,29.93601,0,0.04623413,0.4087129,0,1.006147,5350.176,1.031165,0.1105506,Straight,Up,0.04423466,0.6666565,Normal
309.8399,29.93109,0,0.03799438,0.4087129,0,0.9894087,5351.373,1.030874,0.110113,Straight,Up,0.03956468,0.6755447,Normal
309.8799,29.92623,0,0.03799438,0.4087129,0,0.9733974,5352.57,1.030661,0.1096762,Straight,Up,0.01978234,0.6822357,Normal
309.9199,29.9214,0,0.03799438,0.4087129,0,0.9583241,5353.768,1.030212,0.1092403,Straight,Up,0.01978234,0.6861877,Normal
309.9599,29.91662,0,0.03799438,0.4087129,0,0.9441903,5354.964,1.029707,0.1088053,Straight,Up,0.02797646,0.6901321,Normal
309.9999,29.91183,0,0.03799438,0.4087129,0,0.930903,5356.16,1.029107,0.1083708,Straight,Up,0.02797646,0.6940765,Normal
310.0399,29.90713,0,0.03799438,0.4087129,0,0.9183788,5357.356,1.028583,0.107937,Straight,Up,0.02797646,0.6980286,Normal
310.0799,29.9024,0,0.03799438,0.4087129,0,0.9069551,5358.553,1.028188,0.1075045,Straight,Up,0.02797646,0.7019653,Normal
310.1199,29.89771,0,0.03799438,0.4087129,0,0.8963898,5359.749,1.027662,0.1070722,Straight,Up,0.02797646,0.7059097,Normal
310.1599,29.89306,0,0.03799438,0.4087129,0,0.8866994,5360.945,1.027118,0.1066407,Straight,Up,0.02797646,0.7098618,Normal
310.1999,29.88842,0,0.03799438,0.4087129,0,0.8778405,5362.14,1.026596,0.10621,Straight,Up,0.02797646,0.7137985,Normal
310.2399,29.88315,0,0.03799438,0.4087129,0,0.8696281,5363.335,1.026056,0.1057805,Straight,Up,0.01978234,0.7177429,Normal
310.2799,29.87878,0,0.03250122,0.4087129,0,0.8523802,5364.531,1.026252,0.1053514,Straight,Up,0.02797646,0.7216721,Normal
310.3199,29.87483,0,-0.0050354,0.4087129,0,0.8332949,5365.726,1.026466,0.104923,Straight,Up,0.02797646,0.7256165,Normal
310.3599,29.87007,0,-0.04714966,0.4087129,0,0.8149083,5366.921,1.026329,0.1044954,Straight,Up,0.02797646,0.7295532,Normal
310.3999,29.86633,0,-0.1121539,0.4166476,0,0.7972566,5368.115,1.025979,0.1040689,Straight,Up,0.02797646,0.73349,Normal
310.4399,29.86364,0,-0.16617,0.4166476,0,0.7799586,5369.31,1.025406,0.1036429,Straight,Up,0.02797646,0.7374268,Normal
310.4799,29.86145,0,-0.190891,0.4166476,0,0.7631224,5370.504,1.024827,0.1032175,Straight,Up,0.02797646,0.7413635,Normal
310.5199,29.85925,0,-0.2018774,0.4166476,0,0.7466376,5371.698,1.024078,0.1027935,Straight,Up,0.02797646,0.7453003,Normal
310.5599,29.85702,0,-0.2018774,0.4166476,0,0.7304004,5372.893,1.023435,0.1023697,Straight,Up,0.02797646,0.7492371,Normal
310.5999,29.85483,0,-0.2018774,0.4166476,0,0.7144437,5374.087,1.022783,0.1019467,Straight,Up,0.02797646,0.7531662,Normal
310.6399,29.85258,0,-0.1963842,0.4166476,0,0.6989349,5375.281,1.022332,0.1015245,Straight,Up,0,0.7545319,Normal
310.6799,29.85033,0,-0.1799047,0.4166476,0,0.6834528,5376.476,1.021866,0.1011035,Straight,Up,0,0.7484436,Normal
310.7199,29.8481,0,-0.1478595,0.4166476,0,0.6681691,5377.67,1.021423,0.1006828,Straight,Up,0,0.7423401,Normal
310.7599,29.84585,0,-0.1057452,0.4166476,0,0.65288,5378.864,1.020935,0.100263,Straight,Up,0,0.7362518,Normal
310.7999,29.84359,0,-0.03982544,0.4166476,0,0.6377454,5380.057,1.020481,0.09984428,Straight,Up,0,0.7301483,Normal
310.8399,29.84135,0,-0.0004577637,0.4206149,0,0.6228619,5381.25,1.019961,0.09942598,Straight,Up,0,0.7240601,Normal
310.8799,29.83984,0,0.00869751,0.4285496,0,0.6080884,5382.444,1.019586,0.09900845,Straight,Up,0,0.7179642,Normal
310.9199,29.83914,0,0.00869751,0.4563211,0,0.5934539,5383.637,1.019199,0.09859169,Straight,Up,0,0.7118683,Normal
310.9599,29.84389,0,0.00869751,0.476173,0,0.5785964,5384.831,1.018809,0.09817616,Straight,Up,0,0.7057724,Normal
310.9999,29.85355,0,0.00869751,0.476173,0,0.5637702,5386.025,1.018343,0.09776095,Straight,Up,0,0.6996765,Normal
311.0399,29.86418,0,0.00869751,0.476173,0,0.5486945,5387.219,1.017957,0.09734655,Straight,Up,0,0.693573,Normal
311.0799,29.8748,0,0.00869751,0.476173,0,0.5333674,5388.414,1.017502,0.09693322,Straight,Up,0,0.6874771,Normal
311.1199,29.88545,0,0.00869751,0.476173,0,0.5176796,5389.609,1.017222,0.09652052,Straight,Up,0,0.681366,Normal
311.1599,29.89605,0,0.00869751,0.4563211,0,0.5017899,5390.805,1.016957,0.0961085,Straight,Up,0,0.6752701,Normal
311.1999,29.90286,0,0.00869751,0.4523537,0,0.4856558,5392.001,1.016716,0.09569723,Straight,Up,0,0.6691589,Normal
311.2399,29.90837,0,0.00869751,0.4523537,0,0.4691636,5393.198,1.016307,0.09528703,Straight,Up,0,0.6630478,Normal
311.2799,29.91371,0,0.01419067,0.4523537,0,0.4524882,5394.394,1.015857,0.09487752,Straight,Up,0,0.6569443,Normal
311.3199,29.91903,0,0.02792358,0.4483864,0,0.4355851,5395.59,1.015381,0.09446863,Straight,Up,0,0.6508331,Normal
311.3599,29.92358,0,0.03433228,0.444419,0,0.4184188,5396.788,1.014952,0.09406052,Straight,Up,0,0.644722,Normal
311.3999,29.92728,0,0.05172729,0.444419,0,0.4007725,5397.985,1.014591,0.09365351,Straight,Up,0,0.6386032,Normal
311.4399,29.93083,0,0.05722046,0.444419,0,0.3832692,5399.182,1.014235,0.09324712,Straight,Up,0,0.6324921,Normal
311.4799,29.93441,0,0.05813599,0.444419,0,0.3655365,5400.379,1.013818,0.09284139,Straight,Up,0,0.6263809,Normal
311.5199,29.93792,0,0.05813599,0.444419,0,0.3475923,5401.577,1.013495,0.09243674,Straight,Up,0,0.6202698,Normal
311.5599,29.94145,0,0.05813599,0.444419,0,0.3294389,5402.774,1.013099,0.09203262,Straight,Up,0,0.614151,Normal
311.5999,29.94497,0,0.05813599,0.444419,0,0.311108,5403.972,1.012779,0.09162942,Straight,Up,0,0.6080322,Normal
311.6399,29.9485,0,0.06271362,0.444419,0,0.2924947,5405.17,1.01245,0.09122688,Straight,Up,0,0.6019211,Normal
311.6799,29.95201,0,0.06454468,0.444419,0,0.2737899,5406.368,1.012179,0.09082542,Straight,Up,0,0.5958023,Normal
311.7199,29.95554,0,0.06546021,0.444419,0,0.2550569,5407.566,1.01188,0.0904246,Straight,Up,0,0.5896835,Normal
311.7599,29.959,0,0.06546021,0.444419,0,0.2362576,5408.765,1.011416,0.09002445,Straight,Up,0,0.5835648,Normal
311.7999,29.96245,0,0.06546021,0.444419,0,0.2174584,5409.963,1.011116,0.08962537,Straight,Up,0,0.577446,Normal
311.8399,29.96595,0,0.06546021,0.444419,0,0.1986792,5411.161,1.01073,0.08922682,Straight,Up,0,0.5713272,Normal
311.8799,29.96939,0,0.06546021,0.444419,0,0.1797196,5412.36,1.010291,0.08882923,Straight,Up,0,0.5652008,Normal
311.9199,29.97283,0,0.06546021,0.444419,0,0.1607204,5413.559,1.00989,0.08843229,Straight,Up,0,0.559082,Normal
311.9599,29.97625,0,0.05722046,0.444419,0,0.1419056,5414.758,1.00962,0.08803643,Straight,Up,0,0.5529633,Normal
311.9999,29.97971,0,0.05264282,0.444419,0,0.1231327,5415.958,1.009323,0.08764107,Straight,Up,0,0.5468369,Normal
312.0399,29.9831,0,0.05264282,0.444419,0,0.1042842,5417.157,1.00913,0.08724666,Straight,Up,0,0.5407181,Normal
312.0799,29.98647,0,0.05264282,0.444419,0,0.08545315,5418.356,1.008813,0.08685321,Straight,Up,0,0.5345917,Normal
312.1199,29.98987,0,0.05264282,0.444419,0,0.06654346,5419.555,1.008522,0.0864603,Straight,Up,0,0.5284653,Normal
312.1599,29.99326,0,0.05264282,0.4364843,0,0.04768026,5420.755,1.008268,0.08606816,Straight,Up,0,0.5223389,Normal
312.1999,29.99592,0,0.06271362,0.432517,0,0.02901503,5421.955,1.007929,0.08567701,Straight,Up,0,0.5162125,Normal
312.2399,29.99727,0,0.07003784,0.432517,0,0.01046991,5423.155,1.007585,0.08528677,Straight,Up,0,0.5100861,Normal
312.2799,29.99804,0,0.07461548,0.432517,0,-0.00796169,5424.355,1.007308,0.08489708,Straight,Up,0,0.5039597,Normal
312.3199,29.9988,0,0.07553101,0.432517,0,-0.02614805,5425.556,1.006979,0.08450819,Straight,Up,0,0.4978333,Normal
312.3599,29.99954,0,0.07553101,0.432517,0,-0.04417518,5426.756,1.00662,0.08412052,Straight,Up,0,0.4917068,Normal
312.3999,30.00027,0,0.07553101,0.432517,0,-0.06178465,5427.956,1.006262,0.08373324,Straight,Up,0,0.4855728,Normal
312.4399,30.00101,0,0.07553101,0.432517,0,-0.07909736,5429.156,1.005868,0.08334679,Straight,Up,0,0.4794464,Normal
312.4799,30.00172,0,0.07553101,0.4285496,0,-0.09627137,5430.356,1.005521,0.08296118,Straight,Up,0,0.47332,Normal
312.5199,30.0001,0,0.07553101,0.4206149,0,-0.1132307,5431.557,1.004843,0.08257673,Straight,Up,0,0.4671936,Normal
312.5599,29.99498,0,0.07553101,0.4166476,0,-0.1256738,5432.757,1.006369,0.08219273,Straight,Up,0,0.4610748,Normal
312.5999,29.99765,0,0.07553101,0.4087129,0,-0.1348478,5433.957,1.009706,0.08180953,Straight,Up,0,0.4549637,Normal
312.6399,29.99269,0,0.05813599,0.4007782,0,-0.1436378,5435.157,1.011374,0.08142716,Straight,Up,0,0.4488449,Normal
312.6799,29.99221,0,0.03982544,0.3968109,0,-0.1523546,5436.356,1.011157,0.08104596,Straight,Up,0,0.4427261,Normal
312.7199,29.9904,0,0.03250122,0.3968109,0,-0.1608238,5437.556,1.01,0.08066524,Straight,Up,0,0.4365921,Normal
312.7599,29.98726,0,0.03250122,0.3968109,0,-0.1691629,5438.755,1.008492,0.08028529,Straight,Up,0,0.4304657,Normal
312.7999,29.98345,0,0.03250122,0.3968109,0,-0.1771187,5439.954,1.006845,0.07990659,Straight,Up,0,0.4243393,Normal
312.8399,29.97931,0,0.03250122,0.3968109,0,-0.1847608,5441.153,1.005368,0.07952828,Straight,Up,0,0.4182205,Normal
312.8799,29.97497,0,0.02243042,0.3968109,0,-0.1920584,5442.353,1.004101,0.0791508,Straight,Up,0,0.4120941,Normal
312.9199,29.97056,0,0.004119873,0.3968109,0,-0.1989698,5443.552,1.003134,0.07877416,Straight,Up,-0.03426402,0.4047928,Normal
312.9599,29.96605,0,-0.02243042,0.3968109,0,-0.205787,5444.75,1.002239,0.07839871,Straight,Up,-0.03956468,0.3805923,Normal
312.9999,29.95849,0,-0.02883911,0.3968109,0,-0.2122649,5445.949,1.001126,0.07802371,Straight,Up,-0.03426402,0.3563995,Normal
313.0399,29.95469,0,-0.02975464,0.3968109,0,-0.2108457,5447.147,1.002886,0.07764954,Straight,Up,-0.03426402,0.3322372,Normal
313.0799,29.95335,0,-0.02975464,0.3968109,0,-0.2074646,5448.345,1.00478,0.07727657,Straight,Up,-0.03956468,0.3080826,Normal
313.1199,29.94758,0,-0.03433228,0.3968109,0,-0.2036027,5449.543,1.005249,0.07690401,Straight,Up,-0.03956468,0.2839127,Normal
313.1599,29.94689,0,-0.04714966,0.3968109,0,-0.1996498,5450.742,1.004607,0.07653231,Straight,Up,-0.03426402,0.2597351,Normal
313.1999,29.94566,0,-0.06363094,0.3968109,0,-0.1955507,5451.94,1.00352,0.07616142,Straight,Up,-0.03956468,0.2355499,Normal
313.2399,29.94383,0,-0.08835018,0.3968109,0,-0.1914448,5453.138,1.002295,0.07579175,Straight,Up,-0.03426402,0.2113647,Normal
313.2799,29.94172,0,-0.1057452,0.3968109,0,-0.1870412,5454.335,1.00115,0.0754225,Straight,Up,-0.03426402,0.1871872,Normal
313.3199,29.93935,0,-0.1112384,0.3968109,0,-0.1826377,5455.532,1.000147,0.07505412,Straight,Up,-0.03956468,0.163002,Normal
313.3599,29.93691,0,-0.1112384,0.3968109,0,-0.1783101,5456.729,0.99927,0.07468677,Straight,Flat,-0.02797646,0.1388245,Normal
313.3999,29.93441,0,-0.1112384,0.3968109,0,-0.1738488,5457.927,0.9984616,0.07432017,Straight,Flat,0,0.1199265,Normal
313.4399,29.93186,0,-0.1112384,0.3968109,0,-0.1693574,5459.124,0.9977906,0.07395423,Straight,Flat,0,0.1144562,Normal
313.4799,29.92933,0,-0.1112384,0.3968109,0,-0.1648508,5460.321,0.9973143,0.07358915,Straight,Flat,0,0.1089859,Normal
313.5199,29.92678,0,-0.1048297,0.3968109,0,-0.1604352,5461.519,0.9969293,0.07322515,Straight,Flat,0,0.1035156,Normal
313.5599,29.92428,0,-0.08835018,0.3968109,0,-0.1560697,5462.716,0.9965976,0.07286186,Straight,Flat,0,0.09804535,Normal
313.5999,29.92176,0,-0.07095516,0.3968109,0,-0.151727,5463.913,0.9962316,0.07249928,Straight,Flat,0,0.0925827,Normal
313.6399,29.91928,0,-0.05722046,0.3968109,0,-0.1475102,5465.11,0.9957967,0.07213751,Straight,Flat,0,0.08711243,Normal
313.6799,29.91678,0,-0.05264282,0.3968109,0,-0.1435049,5466.306,0.9953682,0.07177684,Straight,Flat,0,0.08164215,Normal
313.7199,29.9143,0,-0.05264282,0.3968109,0,-0.1395283,5467.502,0.995019,0.07141689,Straight,Flat,0,0.07617188,Normal
313.7599,29.91185,0,-0.05264282,0.3968109,0,-0.135847,5468.699,0.9947838,0.07105763,Straight,Flat,0,0.07070923,Normal
313.7999,29.90937,0,-0.05264282,0.3968109,0,-0.132493,5469.895,0.9943494,0.07069946,Straight,Flat,-0.01978234,0.06524658,Normal
313.8399,29.90691,0,-0.05264282,0.3968109,0,-0.1293657,5471.091,0.9939719,0.07034201,Straight,Flat,0,0.05978394,Normal
313.8799,29.89624,0,-0.05264282,0.3968109,0,-0.1266707,5472.288,0.9927735,0.06998528,Straight,Flat,0,0.05431366,Normal
313.9199,29.90456,0,-0.05264282,0.3968109,0,-0.1237886,5473.484,0.9958022,0.06962938,Straight,Flat,0,0.04885101,Normal
313.9599,29.90121,0,-0.05264282,0.3968109,0,-0.1211239,5474.68,0.9945407,0.06927455,Straight,Flat,0,0.04338837,Normal
313.9999,29.89941,0,-0.05264282,0.3968109,0,-0.1191941,5475.876,0.9928293,0.06892047,Straight,Flat,0,0.03791809,Normal
314.0399,29.89572,0,-0.05264282,0.3968109,0,-0.1174599,5477.072,0.9915758,0.06856707,Straight,Flat,0,0.03245544,Normal
314.0799,29.89269,0,-0.05264282,0.3968109,0,-0.1160648,5478.268,0.9908334,0.06821478,Straight,Flat,0,0.0269928,Normal
314.1199,29.88974,0,-0.05264282,0.3968109,0,-0.1154019,5479.463,0.9904569,0.06786308,Straight,Flat,0,-0.08391571,TransSharp
314.1599,29.88692,0,-0.05264282,0.3968109,0,-0.1147967,5480.658,0.9902677,0.06751237,Straight,Flat,0,-0.09654236,TransSharp
314.1999,29.88417,0,-0.05264282,0.3968109,0,-0.1146224,5481.854,0.9901051,0.06716234,Straight,Flat,0,-0.109169,TransSharp
314.2399,29.88156,0,-0.05264282,0.3968109,0,-0.1148789,5483.049,0.9900227,0.06681342,Straight,Flat,0,-0.1217957,TransSharp
314.2799,29.87897,0,-0.05264282,0.3968109,0,-0.1155553,5484.244,0.9899137,0.06646512,Straight,Flat,0,-0.1344223,TransSharp
314.3199,29.87646,0,-0.05264282,0.3968109,0,-0.116823,5485.439,0.9897361,0.06611774,Straight,Flat,0,-0.1470413,TransSharp
314.3599,29.87392,0,-0.05264282,0.3968109,0,-0.1184533,5486.635,0.9895395,0.06577135,Straight,Down,0,-0.159668,TransSharp
314.3999,29.87116,0,-0.05264282,0.3968109,0,-0.1204648,5487.83,0.9892895,0.06542558,Straight,Down,0,-0.172287,TransSharp
314.4399,29.86859,0,-0.05172729,0.3968109,0,-0.1227627,5489.024,0.9886237,0.06508065,Straight,Down,0,-0.1849136,TransSharp
314.4799,29.86655,0,-0.0453186,0.3968109,0,-0.1254503,5490.219,0.9894211,0.06473667,Straight,Down,-0.01978234,-0.197525,TransSharp
314.5199,29.86342,0,-0.03890991,0.3968109,0,-0.1286047,5491.413,0.9897012,0.06439368,Straight,Down,0,-0.2101517,TransSharp
314.5599,29.86186,0,-0.02243042,0.4166476,0,-0.1322621,5492.607,0.9896516,0.06405128,Straight,Down,0,-0.2227631,TransSharp
314.5999,29.86175,0,0.02151489,0.4166476,0,-0.1364014,5493.802,0.9894101,0.06370974,Straight,Down,-0.01978234,-0.2353821,TransSharp
314.6399,29.86252,0,0.05813599,0.4206149,0,-0.140994,5494.996,0.9886791,0.06336916,Straight,Down,-0.03956468,-0.2479935,TransSharp
314.6799,29.86383,0,0.08102417,0.4206149,0,-0.1409564,5496.19,0.9895416,0.06302956,Left,Down,-0.1203313,-0.302887,TransSharp
314.7199,29.8706,0,0.0819397,0.4206149,0,-0.1382332,5497.385,0.9916604,0.06269059,Left,Down,-0.1203313,-0.4206772,TransSharp
314.7599,29.87171,0,0.07003784,0.4206149,0,-0.1355905,5498.58,0.9922141,0.06235246,Left,Down,-0.1203313,-0.5385056,TransSharp
314.7999,29.87392,0,0.05081177,0.4206149,0,-0.1332531,5499.775,0.9930707,0.06201551,Left,Down,-0.1203313,-0.6563187,TransSharp
314.8399,29.88007,0,0.02700806,0.4206149,0,-0.129187,5500.971,0.9961675,0.0616791,Left,Down,-0.08392937,-0.7718735,TransSharp
314.8799,29.88947,0,0.0151062,0.4206149,0,-0.1197465,5502.166,0.9991518,0.06134353,Left,Down,-0.08392937,-0.858284,TransSharp
314.9199,29.89688,0,0.01052856,0.4206149,0,-0.1108283,5503.362,0.999715,0.06100882,Left,Down,-0.08392937,-0.9448013,TransSharp
314.9599,29.90992,0,0.01052856,0.4206149,0,-0.1024168,5504.558,0.9981954,0.0606753,Left,Down,-0.08622923,-1.031441,TransSharp
314.9999,29.92055,0,0.01052856,0.4206149,0,-0.09412229,5505.755,0.9952095,0.06034229,Left,Down,-0.08392937,-1.118141,TransSharp
315.0399,29.93002,0,0.01052856,0.4206149,0,-0.08579177,5506.952,0.9945353,0.06001014,Left,Down,-0.08392937,-1.204811,TransSharp
315.0799,29.93374,0,0.01052856,0.4245823,0,-0.07768092,5508.149,0.9931855,0.05967922,Straight,Down,-0.03426402,-1.291405,TransSharp
315.1199,29.9468,0,0.01052856,0.432517,0,-0.06479034,5509.347,0.9981071,0.05934877,Straight,Down,0.01978234,-1.330185,TransSharp
315.1599,29.96552,0,0.01052856,0.4404517,0,-0.05239373,5510.545,1.000685,0.05901922,Straight,Down,0.01978234,-1.351906,TransSharp
315.1999,29.97873,0,0.01052856,0.4404517,0,-0.03998241,5511.745,1.000257,0.05869053,Straight,Down,0,-1.373657,TransSharp
315.2399,30.0035,0,0.01052856,0.444419,0,-0.02771753,5512.944,0.9978545,0.058363,Straight,Down,0.01978234,-1.395454,TransSharp
315.2799,30.02561,0,0.01052856,0.444419,0,-0.01564714,5514.145,0.9946663,0.05803601,Straight,Down,0,-1.417267,TransSharp
315.3199,30.04623,0,0.009613037,0.4483864,0,-0.003660828,5515.347,0.9915045,0.05770988,Straight,Down,0,-1.439095,TransSharp
315.3599,30.06628,0,0.009613037,0.4483864,0,0.008285582,5516.549,0.9886413,0.05738498,Straight,Down,0.01978234,-1.460945,TransSharp
315.3999,30.08624,0,0.009613037,0.4483864,0,0.02004448,5517.752,0.9862992,0.05706058,Straight,Down,0,-1.482803,TransSharp
315.4399,30.10597,0,0.009613037,0.4483864,0,0.03177354,5518.957,0.9844853,0.05673704,Straight,Down,0.01978234,-1.504677,TransSharp
315.4799,30.12548,0,0.009613037,0.4483864,0,0.04345456,5520.162,0.9831715,0.05641437,Straight,Down,0,-1.526566,TransSharp
315.5199,30.14493,0,0.009613037,0.4483864,0,0.05501741,5521.367,0.9822432,0.0560929,Straight,Down,0.01978234,-1.54847,TransSharp
315.5599,30.16432,0,0.009613037,0.4245823,0,0.0665237,5522.574,0.9815542,0.05577195,Straight,Down,0,-1.570381,TransSharp
315.5999,30.1816,0,0.009613037,0.4206149,0,0.07777584,5523.781,0.980961,0.05545188,Straight,Down,0.01978234,-1.592316,TransSharp
315.6399,30.19558,0,0.02243042,0.4126802,0,0.08926818,5524.989,0.9806503,0.0551329,Straight,Down,0.01978234,-1.61425,TransSharp
315.6799,30.20779,0,0.03982544,0.4126802,0,0.1005699,5526.197,0.9803906,0.05481467,Straight,Down,0.01978234,-1.636192,TransSharp
315.7199,30.21891,0,0.08010864,0.4087129,0,0.1118267,5527.406,0.9798242,0.05449719,Straight,Down,0.01978234,-1.65815,TransSharp
315.7599,30.23005,0,0.1121521,0.4087129,0,0.1232412,5528.615,0.9797384,0.0541806,Straight,Down,0.01978234,-1.680107,TransSharp
315.7999,30.24067,0,0.1423681,0.4087129,0,0.1348083,5529.824,0.9802689,0.05386508,Straight,Down,0.01978234,-1.702072,TransSharp
315.8399,30.25115,0,0.1844823,0.4087129,0,0.1464924,5531.034,0.9804583,0.05355031,Straight,Down,0.01978234,-1.724045,TransSharp
315.8799,30.26262,0,0.206455,0.4087129,0,0.1586174,5532.245,0.9803036,0.05323631,Straight,Down,0.01978234,-1.746033,TransSharp
315.9199,30.27347,0,0.2183568,0.4087129,0,0.1709609,5533.456,0.9800104,0.05292321,Straight,Down,0,-1.768021,TransSharp
315.9599,30.2848,0,0.2201879,0.4087129,0,0.183404,5534.667,0.9797632,0.05261118,Straight,Down,0.01978234,-1.790016,TransSharp
315.9999,30.29856,0,0.2320898,0.4087129,0,0.1956081,5535.878,0.9798466,0.05229989,Straight,Down,0.04845664,-1.812042,TransSharp
316.0399,30.30772,0,0.2494848,0.4087129,0,0.1975735,5537.09,0.9768831,0.05198941,Right,Down,0.06852804,-1.787842,TransSharp
316.0799,30.31729,0,0.2668798,0.4087129,0,0.1999833,5538.303,0.9746497,0.05167998,Right,Down,0.0656106,-1.749504,TransSharp
316.1199,30.3277,0,0.291599,0.4087129,0,0.2028333,5539.516,0.9737558,0.05137134,Right,Down,0.06852804,-1.711166,TransSharp
316.1599,30.33614,0,0.3254735,0.4087129,0,0.2063666,5540.729,0.9736665,0.05106346,Right,Down,0.06852804,-1.672829,TransSharp
316.1999,30.34251,0,0.3611827,0.4087129,0,0.2107783,5541.943,0.9742309,0.05075646,Right,Down,0.0656106,-1.634499,TransSharp
316.2399,30.35211,0,0.4518199,0.4087129,0,0.2155239,5543.157,0.9775521,0.05045054,Right,Down,0.06852804,-1.596176,TransSharp
316.2799,30.36828,0,0.5589366,0.4087129,0,0.2176598,5544.372,0.9783007,0.0501454,Right,Down,0.09891172,-1.55484,TransSharp
316.3199,30.37176,0,0.7841599,0.4087129,0,0.2142938,5545.587,0.9728821,0.04984102,Right,Down,0.09891172,-1.489868,TransSharp
316.3599,30.38727,0,1.034102,0.4047455,0,0.2122401,5546.802,0.968757,0.04953773,Right,Down,0.09891172,-1.424858,TransSharp
316.3999,30.38651,0,1.238269,0.4007782,0,0.212383,5548.018,0.9665751,0.04923511,Right,Down,0.09891172,-1.359932,TransSharp
316.4399,30.39313,0,1.490042,0.3650568,0,0.2147479,5549.234,0.9720616,0.04893345,Right,Down,0.1065312,-1.295082,TransSharp
316.4799,30.39314,0,1.665827,0.3412528,0,0.2135341,5550.45,0.9719415,0.0486326,Right,Down,0.1266688,-1.220993,TransSharp
316.5199,30.37621,0,1.903868,0.3372854,0,0.2120312,5551.665,0.9672464,0.04833285,Right,Down,0.1282043,-1.133224,TransSharp
316.5599,30.36562,0,2.123598,0.3372854,0,0.2141009,5552.88,0.9633949,0.04803372,Right,Down,0.1282043,-1.045555,TransSharp
316.5999,30.35822,0,2.268255,0.3372854,0,0.2198953,5554.094,0.9703142,0.04773561,Right,Down,0.1426525,-0.9580688,TransSharp
316.6399,30.33318,0,2.471505,0.3372854,0,0.2223202,5555.307,0.9673155,0.04743848,Right,Down,0.1532334,-0.8558121,TransSharp
316.6799,30.30133,0,2.591439,0.3571222,0,0.2291328,5556.52,0.9623177,0.04714203,Right,Down,0.1532334,-0.7470245,TransSharp
316.7199,30.28983,0,2.735181,0.3571222,0,0.2419025,5557.731,0.9659636,0.04684646,Right,Down,0.166689,-0.6385117,TransSharp
316.7599,30.26355,0,2.830396,0.3571222,0,0.2553649,5558.942,0.9654986,0.04655189,Right,Down,0.1802258,-0.5182343,TransSharp
316.7999,30.21937,0,2.855115,0.3610895,0,0.2742921,5560.152,0.9600645,0.04625828,Right,Down,0.1791368,-0.389328,TransSharp
316.8399,30.20584,0,2.838635,0.3610895,0,0.3016919,5561.36,0.9665762,0.04596535,Right,Down,0.2027088,-0.2606506,TransSharp
316.8799,30.16108,0,2.803845,0.3610895,0,0.3303761,5562.567,0.9622045,0.04567334,Right,Flat,0.2046302,-0.1135101,TransSharp
316.9199,30.11262,0,2.721448,0.3650568,0,0.3688549,5563.771,0.9610616,0.0453823,Right,Flat,0.2167048,0.03492737,TransSharp
316.9599,30.07212,0,2.573129,0.3650568,0,0.4135856,5564.975,0.9615334,0.04509223,Right,Up,0.2298502,0.194664,TransSharp
316.9999,30.00708,0,2.423894,0.3690242,0,0.4663889,5566.176,0.9576205,0.04480285,Right,Up,0.2390311,0.3626709,TransSharp
317.0399,29.96955,0,2.1355,0.3690242,0,0.5280604,5567.376,0.960184,0.04451436,Right,Up,0.2571706,0.5395966,TransSharp
317.0799,29.90411,0,1.921263,0.3690242,0,0.5979322,5568.573,0.9568976,0.04422707,Right,Up,0.2690692,0.7270126,TransSharp
317.1199,29.85964,0,1.619135,0.3690242,0,0.6765736,5569.768,0.9577503,0.04394037,Right,Up,0.2825486,0.9254837,TransSharp
317.1599,29.78955,0,1.333487,0.3729915,0,0.7633983,5570.959,0.9573689,0.04365453,Right,Up,0.509757,1.131866,TransSharp
317.1999,29.75167,0,1.143969,0.3729915,0,0.8548949,5572.15,0.9607991,0.04336972,Right,Up,0.9013549,1.196922,TransSharp
317.2399,29.69557,0,0.8729696,0.3729915,0,0.9378003,5573.338,0.967859,0.04308588,Right,Up,0.8308656,1.102188,TransSharp
317.2799,29.66311,0,0.6898606,0.3769741,0,1.00965,5574.525,0.9693651,0.04280273,Right,Up,0.7633579,1.01384,TransSharp
317.3199,29.61249,0,0.4390025,0.3769741,0,1.074354,5575.71,0.9714929,0.04252047,Right,Up,0.7022079,0.9312363,TransSharp
317.3599,29.58092,0,0.1771581,0.3769741,0,1.131767,5576.894,0.9718915,0.0422394,Right,Up,0.6452838,0.8544922,TransSharp
317.3999,29.55437,0,0.03433228,0.3809415,0,1.183325,5578.077,0.9753952,0.04195893,Right,Up,0.5941319,0.7828293,TransSharp
317.4399,29.52144,0,-0.1066607,0.3809415,0,1.231171,5579.257,0.977201,0.04167936,Right,Up,0.5460806,0.7157211,TransSharp
317.4799,29.48773,0,-0.1780736,0.3809415,0,1.27596,5580.438,0.9768328,0.04140067,Right,Up,0.5028,0.6529922,TransSharp
317.5199,29.46869,0,-0.1963842,0.3809415,0,1.318445,5581.617,0.9769649,0.04112316,Right,Up,0.4618246,0.5942917,TransSharp
317.5599,29.45556,0,-0.2183568,0.3809415,0,1.358727,5582.795,0.9778203,0.04084627,Right,Up,0.4261257,0.5394058,TransSharp
317.5999,29.44072,0,-0.2494848,0.3809415,0,1.397951,5583.973,0.9763812,0.04057027,Right,Up,0.3981127,0.4879379,TransSharp
317.6399,29.4154,0,-0.3337151,0.3809415,0,1.437,5585.149,0.973561,0.04029546,Right,Up,0.3642322,0.4392929,TransSharp
317.6799,29.40623,0,-0.4362559,0.3888762,0,1.476228,5586.326,0.9725046,0.04002125,Right,Up,0.3238513,0.3933945,TransSharp
317.7199,29.40891,0,-0.5186534,0.3888762,0,1.512193,5587.502,0.9766395,0.03974793,Right,Up,0.3127867,0.3512421,TransSharp
317.7599,29.40106,0,-0.6184477,0.3928435,0,1.550108,5588.678,0.9724974,0.03947553,Right,Up,0.2748253,0.3105621,TransSharp
317.7999,29.39573,0,-0.6486619,0.3968109,0,1.586329,5589.854,0.9743201,0.03920431,Right,Up,0.2609472,0.2728729,TransSharp
317.8399,29.38967,0,-0.6788743,0.3968109,0,1.622469,5591.03,0.9717359,0.03893367,Right,Up,0.2264194,0.2369003,TransSharp
317.8799,29.40002,0,-0.6889451,0.4047455,0,1.657468,5592.206,0.9738612,0.03866396,Right,Up,0.2264194,0.2036514,TransSharp
317.9199,29.39067,0,-0.6889451,0.4087129,0,1.695517,5593.381,0.9695477,0.03839514,Right,Up,0.1735894,0.1704636,TransSharp
317.9599,29.3961,0,-0.6889451,0.4087129,0,1.726339,5594.557,0.9706326,0.03812752,Right,Flat,0.1713202,0.1418991,TransSharp
317.9999,29.40778,0,-0.6889451,0.4087129,0,1.760926,5595.734,0.9716569,0.03786049,Right,Flat,0.1713202,0.1135941,TransSharp
318.0399,29.40204,0,-0.7072556,0.4087129,0,1.798315,5596.91,0.9671136,0.03759439,Right,Flat,0.1219466,0.08529663,TransSharp
318.0799,29.41023,0,-0.7631046,0.4126802,0,1.824339,5598.086,0.9680781,0.03732935,Right,Flat,0.09487279,0.06161499,TransSharp
318.1199,29.41678,0,-0.8198673,0.4126802,0,1.852282,5599.263,0.9693081,0.03706512,Right,Flat,0.09691329,0.03985596,TransSharp
318.1599,29.41912,0,-0.9040976,0.4126802,0,1.881424,5600.439,0.9694473,0.03680173,Right,Flat,0.09487279,0.01810455,TransSharp
318.1999,29.42612,0,-0.9636068,0.4126802,0,1.911175,5601.616,0.9680659,0.03653924,Right,Flat,0.09691329,-0.003669739,TransSharp
318.2399,29.42949,0,-1.021287,0.4126802,0,1.941251,5602.793,0.9652854,0.03627789,Right,Flat,0.09691329,-0.02545166,TransSharp
318.2799,29.42941,0,-1.067979,0.4126802,0,1.970946,5603.97,0.9623885,0.03601718,Right,Flat,0.05934703,-0.04722595,TransSharp
318.3199,29.43383,0,-1.080796,0.4126802,0,1.994059,5605.147,0.9642314,0.0357574,Straight,Flat,0,-0.06513977,TransSharp
318.3599,29.43723,0,-1.099107,0.4126802,0,2.01628,5606.325,0.9658348,0.03549869,Straight,Flat,-0.01978234,-0.07756042,TransSharp
318.3999,29.43667,0,-1.117419,0.4126802,0,2.03719,5607.503,0.9662028,0.03524081,Straight,Flat,-0.01978234,-0.08998871,TransSharp
318.4399,29.43982,0,-1.16228,0.4126802,0,2.056381,5608.681,0.9655287,0.03498373,Straight,Flat,0,-0.1024323,TransSharp
318.4799,29.4416,0,-1.20531,0.4126802,0,2.073491,5609.858,0.9646118,0.03472758,Straight,Flat,-0.01978234,-0.1148834,TransSharp
318.5199,29.44206,0,-1.221789,0.4126802,0,2.087844,5611.036,0.9634947,0.03447247,Straight,Flat,-0.01978234,-0.1273422,TransSharp
318.5599,29.44176,0,-1.222705,0.4126802,0,2.098711,5612.214,0.9628671,0.03421823,Straight,Flat,-0.01978234,-0.1398163,TransSharp
318.5999,29.43986,0,-1.208972,0.4126802,0,2.106066,5613.392,0.9608474,0.03396476,Straight,Down,-0.01978234,-0.1523056,TransSharp
318.6399,29.43709,0,-1.197985,0.4126802,0,2.109343,5614.569,0.9591496,0.03371242,Straight,Down,-0.01978234,-0.1648026,TransSharp
318.6799,29.43248,0,-1.197985,0.4126802,0,2.10812,5615.747,0.9582027,0.03346081,Straight,Down,-0.01978234,-0.1773148,TransSharp
318.7199,29.42776,0,-1.197985,0.4126802,0,2.102434,5616.924,0.9575912,0.03321017,Straight,Down,-0.01978234,-0.1898346,TransSharp
318.7599,29.4216,0,-1.202563,0.4126802,0,2.09152,5618.101,0.957041,0.03296036,Straight,Down,-0.01978234,-0.2023697,TransSharp
318.7999,29.41272,0,-1.202563,0.4126802,0,2.081037,5619.277,0.957531,0.03271163,Straight,Down,-0.03956468,-0.2149124,TransSharp
318.8399,29.40878,0,-1.204394,0.4166476,0,2.071286,5620.454,0.9594625,0.03246364,Left,Down,-0.09891172,-0.2250366,TransSharp
318.8799,29.4025,0,-1.21538,0.4166476,0,2.055687,5621.63,0.9610016,0.03221668,Left,Down,-0.09891172,-0.2311172,TransSharp
318.9199,29.39761,0,-1.216296,0.4245823,0,2.033694,5622.806,0.9592457,0.03197066,Left,Down,-0.09891172,-0.2372055,TransSharp
318.9599,29.38953,0,-1.208972,0.4245823,0,2.005255,5623.981,0.9563911,0.03172542,Left,Down,-0.09691329,-0.243309,TransSharp
318.9999,29.38362,0,-1.186999,0.4245823,0,1.977572,5625.157,0.9562833,0.03148109,Left,Down,-0.1083524,-0.2494049,TransSharp
319.0399,29.38099,0,-1.128405,0.4245823,0,1.94715,5626.332,0.9580369,0.03123776,Left,Down,-0.1341704,-0.2545853,TransSharp
319.0799,29.37336,0,-1.062486,0.4245823,0,1.909238,5627.507,0.9574844,0.03099541,Left,Down,-0.132704,-0.2581253,TransSharp
319.1199,29.36144,0,-1.03502,0.4245823,0,1.864768,5628.682,0.9536051,0.03075383,Left,Down,-0.1341704,-0.2616577,TransSharp
319.1599,29.35856,0,-1.038682,0.4245823,0,1.824555,5629.856,0.9550012,0.03051314,Left,Down,-0.1467098,-0.2651978,TransSharp
319.1999,29.35823,0,-1.045091,0.4245823,0,1.77674,5631.031,0.9568554,0.03027347,Left,Down,-0.1594904,-0.2676315,TransSharp
319.2399,29.3421,0,-1.051499,0.4245823,0,1.721515,5632.205,0.953031,0.03003479,Left,Down,-0.1594904,-0.2692871,TransSharp
319.2799,29.33763,0,-1.056077,0.4245823,0,1.66964,5633.379,0.9536309,0.02979687,Left,Down,-0.166689,-0.2709427,TransSharp
319.3199,29.34023,0,-1.050584,0.4245823,0,1.61049,5634.553,0.9552448,0.02955985,Left,Down,-0.1802258,-0.2719498,TransSharp
319.3599,29.32168,0,-1.022202,0.4245823,0,1.545306,5635.726,0.951554,0.029324,Left,Down,-0.1802258,-0.2720566,TransSharp
319.3999,29.32071,0,-0.9800863,0.4245823,0,1.482788,5636.898,0.9538414,0.02908883,Left,Down,-0.191797,-0.2721634,TransSharp
319.4399,29.31803,0,-0.9324789,0.4245823,0,1.411466,5638.071,0.9528683,0.02885458,Left,Down,-0.199792,-0.2714462,TransSharp
319.4799,29.30297,0,-0.9086752,0.4245823,0,1.340343,5639.243,0.9518098,0.02862132,Left,Down,-0.1988102,-0.2702103,TransSharp
319.5199,29.31127,0,-0.9022665,0.4245823,0,1.265246,5640.416,0.9537778,0.02838905,Left,Down,-0.2167048,-0.2689133,TransSharp
319.5599,29.29314,0,-0.885787,0.4245823,0,1.187407,5641.587,0.951095,0.02815757,Left,Down,-0.2167048,-0.2664948,TransSharp
319.5999,29.29748,0,-0.862897,0.4245823,0,1.108659,5642.759,0.9540913,0.02792699,Left,Down,-0.2281412,-0.2640686,TransSharp
319.6399,29.28544,0,-0.8189517,0.4245823,0,1.025299,5643.931,0.9502721,0.02769757,Left,Down,-0.23239,-0.2608185,TransSharp
319.6799,29.28734,0,-0.7493699,0.4245823,0,0.9427211,5645.103,0.9536508,0.02746881,Left,Down,-0.2406627,-0.2573395,TransSharp
319.7199,29.27882,0,-0.6797898,0.4245823,0,0.8556942,5646.274,0.9499792,0.027241,Left,Down,-0.2470816,-0.2532272,TransSharp
319.7599,29.28127,0,-0.6239408,0.4245823,0,0.7698157,5647.445,0.9530056,0.02701412,Left,Down,-0.254109,-0.2487488,TransSharp
319.7999,29.2736,0,-0.61387,0.4245823,0,0.6814486,5648.616,0.9499063,0.02678836,Left,Down,-0.2601963,-0.2437286,TransSharp
319.8399,29.2775,0,-0.6257719,0.4245823,0,0.592676,5649.787,0.9511806,0.02656332,Left,Down,-0.2690692,-0.2383194,TransSharp
319.8799,29.27116,0,-0.6971848,0.4245823,0,0.5042633,5650.958,0.9503489,0.02633921,Left,Down,-0.2733977,-0.2323303,TransSharp
319.9199,29.27354,0,-0.762189,0.4245823,0,0.4125423,5652.128,0.9489526,0.02611623,Left,Down,-0.2846186,-0.2260742,TransSharp
319.9599,29.27242,0,-0.8445865,0.4245823,0,0.324338,5653.299,0.9510459,0.02589393,Left,Down,-0.2866737,-0.2190704,TransSharp
319.9999,29.27324,0,-0.8793783,0.4245823,0,0.2330668,5654.47,0.948553,0.02567259,Left,Down,-0.2980514,-0.2118759,TransSharp
320.0399,29.27116,0,-0.885787,0.4245823,0,0.1432775,5655.641,0.9502267,0.02545218,Left,Down,-0.302612,-0.2040176,TransSharp
320.0799,29.27238,0,-0.8638126,0.4245823,0,0.05393299,5656.812,0.9500303,0.02523289,Left,Down,-0.309643,-0.1958008,TransSharp
320.1199,29.26938,0,-0.8445865,0.4245823,0,-0.03640643,5657.983,0.9476636,0.02501431,Left,Down,-0.3189811,-0.1871948,TransSharp
320.1599,29.27061,0,-0.8317691,0.4285496,0,-0.1241198,5659.154,0.949701,0.02479667,Left,Down,-0.3232465,-0.1779556,TransSharp
320.1999,29.27472,0,-0.8262759,0.4285496,0,-0.2101538,5660.325,0.9495797,0.02457995,Left,Down,-0.3310224,-0.1684036,TransSharp
320.2399,29.27061,0,-0.8198673,0.432517,0,-0.295911,5661.496,0.9473473,0.02436436,Left,Down,-0.3403488,-0.1584091,TransSharp
320.2799,29.27127,0,-0.8198673,0.432517,0,-0.3798294,5662.667,0.9471975,0.02414948,Left,Flat,-0.3449174,-0.1478271,TransSharp
320.3199,29.28084,0,-0.8198673,0.4364843,0,-0.4604591,5663.837,0.9495299,0.02393556,Left,Flat,-0.3516591,-0.1369095,TransSharp
320.3599,29.28183,0,-0.8152896,0.4483864,0,-0.5399119,5665.008,0.9480156,0.02372275,Left,Flat,-0.3615361,-0.1256104,TransSharp
320.3999,29.27873,0,-0.7905704,0.4523537,0,-0.6175273,5666.179,0.9460351,0.02351067,Left,Flat,-0.3669084,-0.1137009,TransSharp
320.4399,29.28538,0,-0.7209885,0.4563211,0,-0.6935442,5667.351,0.9454761,0.02329952,Left,Flat,-0.3727285,-0.1013947,TransSharp
320.4799,29.29922,0,-0.596475,0.4563211,0,-0.7648798,5668.523,0.9487695,0.0230893,Left,Flat,-0.3805216,-0.08870697,TransSharp
320.5199,29.31293,0,-0.5076671,0.4563211,0,-0.8332008,5669.695,0.9479015,0.0228802,Left,Flat,-0.3891652,-0.07559967,TransSharp
320.5599,29.31357,0,-0.4298472,0.4563211,0,-0.8983358,5670.868,0.9470627,0.02267185,Left,Flat,-0.3951527,-0.06194305,TransSharp
320.5999,29.32179,0,-0.4097039,0.4563211,0,-0.9599584,5672.041,0.9444433,0.0224644,Left,Flat,-0.4010509,-0.04787445,TransSharp
320.6399,29.33164,0,-0.4097039,0.4563211,0,-1.01843,5673.214,0.9419675,0.02225805,Left,Flat,-0.4073442,-0.03337097,TransSharp
320.6799,29.34281,0,-0.439918,0.4563211,0,-1.074008,5674.387,0.9389164,0.02205256,Left,Flat,-0.414487,-0.01845551,TransSharp
320.7199,29.34451,0,-0.4783702,0.4563211,0,-1.124063,5675.561,0.9331983,0.02184791,Left,Flat,-0.4073442,0.003295898,TransSharp
320.7599,29.343,0,-0.5470365,0.4563211,0,-1.171765,5676.735,0.9325405,0.02164421,Left,Flat,-0.3911712,0.07141113,TransSharp
320.7999,29.35427,0,-0.6129545,0.4563211,0,-1.217934,5677.909,0.9334939,0.02144155,Left,Up,-0.3784592,0.1524811,TransSharp
320.8399,29.3602,0,-0.6843674,0.4563211,0,-1.262851,5679.083,0.9349715,0.02123979,Left,Up,-0.3679734,0.2327042,TransSharp
320.8799,29.35988,0,-0.7035935,0.4563211,0,-1.302132,5680.257,0.9329786,0.0210389,Left,Up,-0.3522151,0.310112,TransSharp
320.9199,29.36222,0,-0.6962693,0.4563211,0,-1.340712,5681.432,0.935093,0.02083904,Left,Up,-0.3380413,0.3842926,TransSharp
320.9599,29.36967,0,-0.6724656,0.4563211,0,-1.379393,5682.607,0.9371848,0.02064002,Left,Up,-0.3310224,0.454895,TransSharp
320.9999,29.36999,0,-0.6248564,0.4563211,0,-1.411134,5683.782,0.9354171,0.02044198,Left,Up,-0.3165179,0.5235062,TransSharp
321.0399,29.36961,0,-0.5763334,0.4563211,0,-1.444336,5684.957,0.9375713,0.02024481,Left,Up,-0.3058279,0.5891037,TransSharp
321.0799,29.37199,0,-0.4829478,0.4563211,0,-1.474113,5686.131,0.9364763,0.02004871,Left,Up,-0.2993615,0.6517639,TransSharp
321.1199,29.37766,0,-0.422523,0.4563211,0,-1.501865,5687.306,0.9380763,0.01985342,Left,Up,-0.2825486,0.7131348,TransSharp
321.1599,29.37737,0,-0.3465325,0.4603037,0,-1.529078,5688.481,0.9370043,0.01965911,Left,Up,-0.2818553,0.7704773,TransSharp
321.1999,29.38321,0,-0.3025872,0.4603037,0,-1.552577,5689.656,0.9385447,0.01946569,Left,Up,-0.2654082,0.8269882,TransSharp
321.2399,29.38096,0,-0.2677953,0.4603037,0,-1.576576,5690.831,0.9374731,0.01927334,Left,Up,-0.2639296,0.8800964,TransSharp
321.2799,29.38815,0,-0.2256811,0.464271,0,-1.596979,5692.007,0.9392636,0.01908177,Left,Up,-0.2486604,0.9322128,TransSharp
321.3199,29.38516,0,-0.2037084,0.4682384,0,-1.617505,5693.183,0.9380889,0.01889125,Left,Up,-0.2486604,0.9812622,TransSharp
321.3599,29.39513,0,-0.1853979,0.4880751,0,-1.635671,5694.358,0.9397514,0.01870171,Left,Up,-0.23239,1.029572,TransSharp
321.3999,29.39809,0,-0.1670855,0.4999924,0,-1.65204,5695.534,0.9390109,0.01851297,Left,Up,-0.2332305,1.074638,TransSharp
321.4399,29.41383,0,-0.1524371,0.4999924,0,-1.669737,5696.71,0.9406347,0.01832518,Left,Up,-0.2167048,1.119682,TransSharp
321.4799,29.42233,0,-0.1524371,0.4999924,0,-1.681751,5697.887,0.939895,0.01813838,Left,Up,-0.2167048,1.160835,TransSharp
321.5199,29.43102,0,-0.1524371,0.4999924,0,-1.696737,5699.064,0.9395444,0.0179526,Left,Up,-0.2074791,1.201935,TransSharp
321.5599,29.4451,0,-0.1524371,0.4999924,0,-1.706559,5700.242,0.9405019,0.01776761,Left,Up,-0.2007689,1.240662,TransSharp
321.5999,29.45077,0,-0.1615924,0.4999924,0,-1.716587,5701.419,0.9395422,0.01758364,Left,Up,-0.2007689,1.27787,TransSharp
321.6399,29.46705,0,-0.1799047,0.4999924,0,-1.728536,5702.598,0.9412747,0.01740066,Left,Up,-0.1855749,1.314705,TransSharp
321.6799,29.47582,0,-0.2027929,0.4999924,0,-1.732904,5703.777,0.9405046,0.01721851,Left,Up,-0.1855749,1.348083,TransSharp
321.7199,29.4814,0,-0.2201879,0.4999924,0,-1.739827,5704.956,0.9395043,0.01703731,Left,Up,-0.1813082,1.381447,TransSharp
321.7599,29.49729,0,-0.2494848,0.4999924,0,-1.748131,5706.136,0.9415413,0.0168571,Left,Up,-0.1701742,1.413338,TransSharp
321.7999,29.50571,0,-0.2604711,0.4999924,0,-1.748831,5707.316,0.9409605,0.01667789,Left,Up,-0.1701742,1.442841,TransSharp
321.8399,29.51272,0,-0.2732885,0.4999924,0,-1.751964,5708.497,0.9403041,0.01649949,Left,Up,-0.165511,1.472328,TransSharp
321.8799,29.52631,0,-0.2751195,0.4999924,0,-1.757607,5709.677,0.9413522,0.01632205,Left,Up,-0.1545051,1.500427,TransSharp
321.9199,29.53498,0,-0.2751195,0.5038987,0,-1.755508,5710.859,0.9415391,0.01614574,Left,Up,-0.1545051,1.525955,TransSharp
321.9599,29.54054,0,-0.2751195,0.507805,0,-1.753896,5712.041,0.940752,0.01597018,Left,Up,-0.1532334,1.551483,TransSharp
321.9999,29.55292,0,-0.2751195,0.507805,0,-1.754513,5713.222,0.9400581,0.01579556,Left,Up,-0.1384764,1.576988,TransSharp
322.0399,29.56662,0,-0.2632177,0.507805,0,-1.755208,5714.405,0.9422197,0.01562191,Left,Up,-0.1384764,1.598503,TransSharp
322.0799,29.57617,0,-0.2311742,0.5273365,0,-1.748317,5715.587,0.941666,0.01544935,Left,Up,-0.1384764,1.61998,TransSharp
322.1199,29.58729,0,-0.1972997,0.5429618,0,-1.743378,5716.771,0.9407545,0.01527757,Left,Up,-0.1356209,1.641457,TransSharp
322.1599,29.60352,0,-0.1606768,0.558587,0,-1.740508,5717.955,0.9402806,0.01510674,Left,Up,-0.1219466,1.66185,TransSharp
322.1999,29.62704,0,-0.1423663,0.558587,0,-1.738839,5719.14,0.942385,0.01493702,Left,Up,-0.1235407,1.679153,TransSharp
322.2399,29.64745,0,-0.1414508,0.558587,0,-1.727357,5720.326,0.9416955,0.01476807,Left,Up,-0.1219466,1.696449,TransSharp
322.2799,29.66555,0,-0.1414508,0.558587,0,-1.717448,5721.512,0.9408513,0.01460007,Left,Up,-0.1219466,1.713753,TransSharp
322.3199,29.68893,0,-0.1414508,0.558587,0,-1.709862,5722.7,0.9405921,0.01443303,Left,Up,-0.1065312,1.730972,TransSharp
322.3599,29.70732,0,-0.1414508,0.558587,0,-1.703793,5723.888,0.9400626,0.01426709,Left,Up,-0.1065312,1.74379,TransSharp
322.3999,29.73128,0,-0.1414508,0.558587,0,-1.697523,5725.077,0.9422302,0.01410195,Left,Up,-0.1065312,1.756615,TransSharp
322.4399,29.75074,0,-0.1414508,0.558587,0,-1.682473,5726.267,0.9416104,0.01393774,Left,Up,-0.1065312,1.769432,TransSharp
322.4799,29.77088,0,-0.1368731,0.5624933,0,-1.669129,5727.457,0.9407347,0.01377449,Left,Up,-0.1046783,1.782249,TransSharp
322.5199,29.79321,0,-0.1359576,0.5624933,0,-1.657724,5728.648,0.9404784,0.01361233,Left,Up,-0.08846933,1.794884,TransSharp
322.5599,29.8138,0,-0.1295489,0.5624933,0,-1.648001,5729.841,0.9405388,0.01345099,Left,Up,-0.08622923,1.802681,TransSharp
322.5999,29.83246,0,-0.1231402,0.5663996,0,-1.639703,5731.034,0.9403912,0.01329056,Left,Up,-0.08622923,1.810478,TransSharp
322.6399,29.85783,0,-0.1130694,0.5663996,0,-1.629506,5732.228,0.9420796,0.01313127,Left,Up,-0.08622923,1.818283,TransSharp
322.6799,29.87801,0,-0.1112384,0.5663996,0,-1.611297,5733.423,0.9415015,0.01297274,Left,Up,-0.08846933,1.82608,TransSharp
322.7199,29.90131,0,-0.0993365,0.5663996,0,-1.594501,5734.619,0.9408388,0.01281518,Left,Up,-0.08846933,1.833885,TransSharp
322.7599,29.92317,0,-0.05722046,0.5703059,0,-1.579284,5735.815,0.9406174,0.01265857,Left,Up,-0.0656106,1.841537,TransSharp
322.7999,29.9452,0,-0.0151062,0.5703059,0,-1.56552,5737.013,0.940429,0.01250306,Left,Up,-0.0656106,1.843201,TransSharp
322.8399,29.96749,0,0.03433228,0.5703059,0,-1.553089,5738.211,0.9403238,0.01234833,Left,Up,-0.0656106,1.844849,TransSharp
322.8799,29.9887,0,0.07461548,0.5703059,0,-1.541708,5739.411,0.940133,0.01219458,Left,Up,-0.0656106,1.846504,TransSharp
322.9199,30.01032,0,0.07553101,0.5703059,0,-1.531286,5740.611,0.9408323,0.01204187,Left,Up,-0.0656106,1.848152,TransSharp
322.9599,30.03231,0,0.07553101,0.5703059,0,-1.514418,5741.812,0.9421394,0.01189006,Left,Up,-0.0656106,1.849792,TransSharp
322.9999,30.05636,0,0.07553101,0.5703059,0,-1.489254,5743.014,0.9433797,0.01173914,Left,Up,-0.0656106,1.85144,TransSharp
323.0399,30.07885,0,0.07553101,0.5703059,0,-1.465317,5744.217,0.9437895,0.01158917,Left,Up,-0.0656106,1.853081,TransSharp
323.0799,30.10415,0,0.07553101,0.5703059,0,-1.442366,5745.421,0.9435083,0.01144028,Straight,Up,-0.01978234,1.854141,TransSharp
323.1199,30.12892,0,0.07553101,0.5703059,0,-1.420258,5746.626,0.9429109,0.01129228,Straight,Up,-0.01978234,1.838242,TransSharp
323.1599,30.15309,0,0.07553101,0.5703059,0,-1.399007,5747.833,0.9423242,0.01114518,Straight,Up,-0.01978234,1.822327,TransSharp
323.1999,30.17686,0,0.07553101,0.5703059,0,-1.378648,5749.04,0.941678,0.01099915,Straight,Up,-0.01978234,1.806404,TransSharp
323.2399,30.20041,0,0.07553101,0.5703059,0,-1.358896,5750.248,0.9410602,0.01085395,Straight,Up,-0.01978234,1.790474,TransSharp
323.2799,30.22374,0,0.06912231,0.5703059,0,-1.339735,5751.456,0.9404949,0.01070977,Straight,Up,-0.01978234,1.774529,TransSharp
323.3199,30.24693,0,0.06546021,0.5703059,0,-1.321045,5752.666,0.9401426,0.01056648,Straight,Up,0,1.758575,TransSharp
323.3599,30.27003,0,0.06546021,0.5703059,0,-1.303143,5753.876,0.9399052,0.01042423,Straight,Up,-0.01978234,1.742607,TransSharp
323.3999,30.29306,0,0.06546021,0.5703059,0,-1.285528,5755.087,0.9396641,0.01028288,Straight,Up,-0.01978234,1.726631,TransSharp
323.4399,30.31599,0,0.06546021,0.5703059,0,-1.268476,5756.3,0.9394829,0.01014248,Straight,Up,0,1.710655,TransSharp
323.4799,30.33892,0,0.06546021,0.5703059,0,-1.251773,5757.513,0.9392762,0.01000303,Straight,Up,-0.01978234,1.694649,TransSharp
323.5199,30.36175,0,0.06546021,0.5703059,0,-1.235388,5758.728,0.9391662,0.009864601,Straight,Up,-0.01978234,1.678635,TransSharp
323.5599,30.38452,0,0.06546021,0.5703059,0,-1.219281,5759.943,0.9391564,0.009727064,Straight,Up,-0.01978234,1.662621,TransSharp
323.5999,30.40724,0,0.06546021,0.5742123,0,-1.203364,5761.159,0.9391322,0.009590511,Straight,Up,0,1.646584,TransSharp
323.6399,30.43019,0,0.06546021,0.5742123,0,-1.187683,5762.375,0.9390166,0.009454968,Straight,Up,-0.01978234,1.630539,TransSharp
323.6799,30.45358,0,0.06546021,0.5742123,0,-1.17199,5763.593,0.9388455,0.009320262,Straight,Up,-0.01978234,1.614479,TransSharp
323.7199,30.47694,0,0.06546021,0.5742123,0,-1.15624,5764.812,0.9387635,0.009186598,Straight,Up,0,1.598419,TransSharp
323.7599,30.50019,0,0.06546021,0.5742123,0,-1.140697,5766.032,0.9386721,0.009053829,Straight,Up,-0.01978234,1.582336,TransSharp
323.7999,30.52309,0,0.06546021,0.5742123,0,-1.125148,5767.252,0.9384972,0.008922103,Straight,Up,-0.01978234,1.566238,TransSharp
323.8399,30.54637,0,0.06546021,0.5742123,0,-1.109675,5768.474,0.9381629,0.008791246,Straight,Up,-0.01978234,1.55014,TransSharp
323.8799,30.56956,0,0.06546021,0.5742123,0,-1.094192,5769.697,0.9384296,0.008661391,Straight,Up,-0.01978234,1.534019,TransSharp
323.9199,30.59236,0,0.06362915,0.5742123,0,-1.078425,5770.92,0.9385992,0.008532562,Straight,Up,-0.01978234,1.517899,TransSharp
323.9599,30.61538,0,0.05813599,0.5742123,0,-1.062562,5772.145,0.938647,0.008404561,Straight,Up,-0.01978234,1.501747,TransSharp
323.9999,30.6387,0,0.05172729,0.5742123,0,-1.046603,5773.37,0.9386031,0.008277537,Straight,Up,-0.01978234,1.485596,TransSharp
324.0399,30.654,0,0.0453186,0.5742123,0,-1.030775,5774.596,0.9376794,0.00815154,Straight,Up,-0.01978234,1.469437,TransSharp
324.0799,30.67683,0,0.04440308,0.5742123,0,-1.017496,5775.823,0.9410809,0.008026519,Straight,Up,-0.01978234,1.453285,TransSharp
324.1199,30.70634,0,0.04440308,0.5742123,0,-1.004598,5777.051,0.9444262,0.007902359,Straight,Up,-0.01978234,1.437126,TransSharp
324.1599,30.7251,0,0.04440308,0.5742123,0,-0.9915757,5778.28,0.9455269,0.007779184,Straight,Up,-0.01978234,1.420929,TransSharp
324.1999,30.7554,0,0.08743286,0.5742123,0,-0.9784939,5779.51,0.9449435,0.007657086,Right,Up,0.05233916,1.404716,TransSharp
324.2399,30.78379,0,0.1222265,0.5742123,0,-0.9651554,5780.741,0.9436467,0.007535824,Right,Up,0.05595291,1.365143,TransSharp
324.2799,30.80956,0,0.1652563,0.5742123,0,-0.951434,5781.973,0.942013,0.007415505,Right,Up,0.05595291,1.324409,TransSharp
324.3199,30.83438,0,0.18906,0.5742123,0,-0.9370255,5783.206,0.9412796,0.007296146,Right,Up,0.05595291,1.283653,TransSharp
324.3599,30.85661,0,0.2073705,0.5742123,0,-0.9225584,5784.439,0.9406776,0.007177898,Right,Up,0.05595291,1.242882,TransSharp
324.3999,30.88329,0,0.2256811,0.5742123,0,-0.9174474,5785.674,0.9424039,0.007060477,Right,Up,0.05233916,1.202087,TransSharp
324.4399,30.90981,0,0.2311742,0.5742123,0,-0.9120496,5786.911,0.9432128,0.006944007,Right,Up,0.05595291,1.161255,TransSharp
324.4799,30.93594,0,0.2357519,0.5742123,0,-0.9060774,5788.148,0.942885,0.006828523,Right,Up,0.05595291,1.120361,TransSharp
324.5199,30.96291,0,0.2504003,0.5742123,0,-0.8995277,5789.386,0.9414862,0.006714107,Right,Up,0.09065409,1.078712,TransSharp
324.5599,30.98746,0,0.2806127,0.5742123,0,-0.8926322,5790.625,0.9420609,0.006600535,Right,Up,0.08846933,1.023415,TransSharp
324.5999,31.01629,0,0.3080785,0.5742123,0,-0.895025,5791.866,0.9432704,0.006487907,Right,Up,0.08846933,0.9680862,TransSharp
324.6399,31.04388,0,0.3089941,0.5742123,0,-0.8975917,5793.107,0.9434624,0.006376364,Right,Up,0.09065409,0.9126892,TransSharp
324.6799,31.06987,0,0.3089941,0.5781186,0,-0.8993152,5794.35,0.9423614,0.006265673,Right,Up,0.09065409,0.8572083,TransSharp
324.7199,31.0974,0,0.3089941,0.5781186,0,-0.9005402,5795.594,0.9431579,0.006155976,Right,Up,0.1170339,0.8016891,TransSharp
324.7599,31.13008,0,0.3089941,0.5781186,0,-0.91192,5796.838,0.9441266,0.006047198,Right,Up,0.1203313,0.7341614,TransSharp
324.7999,31.15673,0,0.3044164,0.5781186,0,-0.9221712,5798.084,0.9435682,0.00593952,Right,Up,0.1203313,0.6652145,TransSharp
324.8399,31.18063,0,0.289768,0.5781186,0,-0.9316187,5799.332,0.9434635,0.005832679,Right,Up,0.1203313,0.5962219,TransSharp
324.8799,31.21617,0,0.2558935,0.5781186,0,-0.9506531,5800.58,0.9461132,0.005726789,Right,Up,0.1506579,0.5271759,TransSharp
324.9199,31.24666,0,0.2201879,0.5781186,0,-0.9694948,5801.83,0.9471115,0.005622001,Right,Up,0.1506579,0.4451828,TransSharp
324.9599,31.27863,0,0.1542699,0.5781186,0,-0.9878918,5803.08,0.9462509,0.005518057,Right,Up,0.1493534,0.3627548,TransSharp
324.9999,31.31557,0,0.07003784,0.5781186,0,-1.005732,5804.333,0.9448441,0.00541509,Right,Up,0.174713,0.2801819,TransSharp
325.0399,31.34461,0,-0.004119873,0.5781186,0,-1.022398,5805.586,0.9433733,0.005313075,Right,Up,0.1802258,0.1861191,TransSharp
325.0799,31.38262,0,-0.08102596,0.5781186,0,-1.028822,5806.841,0.9434848,0.005212103,Right,Flat,0.1545051,0.09012604,TransSharp
325.1199,31.41273,0,-0.1194781,0.5781186,0,-1.030393,5808.097,0.9420637,0.005112025,Left,Flat,-0.1607126,0.009246826,TransSharp
325.1599,31.44409,0,-0.1478595,0.5781186,0,-1.03093,5809.354,0.9405569,0.005012908,Left,Flat,-0.1607126,-0.02846527,TransSharp
325.1999,31.48169,0,-0.1780736,0.5781186,0,-1.021532,5810.613,0.9408631,0.004914825,Left,Flat,-0.1594904,-0.06623077,TransSharp
325.2399,31.51253,0,-0.2037084,0.5781186,0,-1.006218,5811.874,0.9399322,0.00481767,Left,Flat,-0.1582588,-0.09884644,TransSharp
325.2799,31.54652,0,-0.2513158,0.5781186,0,-0.9900935,5813.135,0.9382458,0.004721441,Left,Flat,-0.1582588,-0.1279449,TransSharp
325.3199,31.57946,0,-0.297094,0.5781186,0,-0.973158,5814.397,0.9388393,0.00462619,Left,Down,-0.1480375,-0.1570587,TransSharp
325.3599,31.61566,0,-0.3520256,0.5781186,0,-0.9424993,5815.662,0.9391029,0.004531956,Left,Down,-0.1282043,-0.1842728,TransSharp
325.3999,31.64643,0,-0.3877312,0.5781186,0,-0.910202,5816.927,0.9384619,0.004438642,Left,Down,-0.1282043,-0.2093658,TransSharp
325.4399,31.68318,0,-0.3932244,0.5781186,0,-0.8775182,5818.194,0.9375873,0.004346288,Left,Down,-0.1297215,-0.2344894,TransSharp
325.4799,31.71605,0,-0.3932244,0.5781186,0,-0.8443433,5819.462,0.9361483,0.004254911,Left,Down,-0.1101434,-0.2596359,TransSharp
325.5199,31.74882,0,-0.3913933,0.5781186,0,-0.8108666,5820.732,0.9371554,0.004164518,Left,Down,-0.09691329,-0.2817688,TransSharp
325.5599,31.78391,0,-0.3913933,0.5781186,0,-0.7637535,5822.003,0.9379348,0.004075111,Left,Down,-0.09691329,-0.302536,TransSharp
325.5999,31.81748,0,-0.3913933,0.5781186,0,-0.714794,5823.275,0.9378764,0.003986598,Left,Down,-0.09691329,-0.3233261,TransSharp
325.6399,31.85322,0,-0.3913933,0.5781186,0,-0.6658265,5824.549,0.9373547,0.003899162,Left,Down,-0.09891172,-0.3441391,TransSharp
325.6799,31.88881,0,-0.3868157,0.5781186,0,-0.6170591,5825.824,0.9364915,0.003812586,Left,Down,-0.08156469,-0.3649902,TransSharp
325.7199,31.92356,0,-0.3703362,0.5781186,0,-0.5686259,5827.101,0.9355987,0.00372702,Left,Down,-0.05595291,-0.3826981,TransSharp
325.7599,31.95774,0,-0.3465325,0.5781186,0,-0.5206531,5828.379,0.9346836,0.003642415,Left,Down,-0.05595291,-0.3977966,TransSharp
325.7999,31.99059,0,-0.3291374,0.5781186,0,-0.4728915,5829.658,0.9337706,0.003558819,Left,Down,-0.05595291,-0.4129105,TransSharp
325.8399,32.02354,0,-0.3218132,0.5781186,0,-0.4257625,5830.939,0.9338585,0.003476151,Left,Down,-0.05595291,-0.4280243,TransSharp
325.8799,32.0569,0,-0.3218132,0.5781186,0,-0.3793379,5832.221,0.934365,0.003394427,Left,Down,-0.05595291,-0.443161,TransSharp
325.9199,32.08802,0,-0.3218132,0.5781186,0,-0.3310616,5833.504,0.9345916,0.003313753,Left,Down,-0.05595291,-0.4582977,TransSharp
325.9599,32.12245,0,-0.3208977,0.5781186,0,-0.279176,5834.789,0.9355378,0.003233974,Left,Down,-0.05595291,-0.4734497,TransSharp
325.9999,32.15557,0,-0.3108269,0.5781186,0,-0.2285416,5836.074,0.9358733,0.00315518,Left,Down,-0.05233916,-0.4886246,TransSharp
326.0399,32.19056,0,-0.3035027,0.5781186,0,-0.1792271,5837.362,0.9353555,0.00307733,Left,Down,-0.05595291,-0.5038071,TransSharp
326.0799,32.22517,0,-0.2796972,0.5781186,0,-0.1312629,5838.65,0.9347385,0.003000506,Straight,Down,0,-0.5190125,TransSharp
326.1199,32.25903,0,-0.2623022,0.5781186,0,-0.08475694,5839.94,0.9339976,0.002924593,Straight,Down,0,-0.526619,TransSharp
326.1599,32.29245,0,-0.2430761,0.5781186,0,-0.03971934,5841.232,0.9332254,0.002849706,Straight,Down,0,-0.5333557,TransSharp
326.1999,32.32548,0,-0.2192724,0.5781186,0,0.003570557,5842.524,0.9326103,0.002775763,Straight,Down,0,-0.5401077,TransSharp
326.2399,32.35829,0,-0.1972997,0.5781186,0,0.04510346,5843.818,0.9322214,0.002702781,Straight,Down,0,-0.5468521,TransSharp
326.2799,32.39095,0,-0.1734942,0.5781186,0,0.08500296,5845.114,0.9319437,0.002630742,Straight,Down,0,-0.5536118,TransSharp
326.3199,32.4235,0,-0.1551837,0.5781186,0,0.1228843,5846.41,0.9316562,0.00255973,Straight,Down,0,-0.5603714,TransSharp
326.3599,32.45597,0,-0.1231402,0.5781186,0,0.1588917,5847.708,0.9314567,0.002489694,Straight,Down,0,-0.5671387,TransSharp
326.3999,32.48835,0,-0.07187068,0.5781186,0,0.192924,5849.007,0.9313281,0.002420578,Straight,Down,0.01978234,-0.5739136,TransSharp
326.4399,32.52053,0,-0.03341675,0.5781186,0,0.2252682,5850.308,0.9310877,0.002352421,Straight,Down,0,-0.5806885,TransSharp
326.4799,32.55283,0,0.02883911,0.5781186,0,0.255824,5851.609,0.9309189,0.002285308,Straight,Down,0,-0.5874634,TransSharp
326.5199,32.5855,0,0.0819397,0.5781186,0,0.2846469,5852.913,0.9313402,0.002219114,Straight,Down,0,-0.5942535,TransSharp
326.5599,32.61751,0,0.1652563,0.5781186,0,0.3119847,5854.217,0.9315434,0.00215388,Straight,Down,0,-0.6010361,TransSharp
326.5999,32.65067,0,0.2595556,0.5781186,0,0.3377012,5855.522,0.9314696,0.002089598,Straight,Down,0,-0.6078262,TransSharp
326.6399,32.68347,0,0.3282201,0.5781186,0,0.3619935,5856.83,0.9314606,0.002026384,Straight,Down,0,-0.6146317,TransSharp
326.6799,32.71677,0,0.4097056,0.5781186,0,0.3850859,5858.138,0.9313645,0.001964064,Straight,Down,0,-0.6214371,TransSharp
326.7199,32.75058,0,0.4509044,0.5781186,0,0.4019321,5859.447,0.9311676,0.001902704,Straight,Down,0,-0.6282501,TransSharp
326.7599,32.78355,0,0.4756236,0.5781186,0,0.4100999,5860.758,0.9308228,0.001842322,Straight,Down,0,-0.6350708,TransSharp
326.7999,32.81691,0,0.4765391,0.5781186,0,0.4172952,5862.07,0.9306358,0.00178299,Straight,Down,0,-0.6418915,TransSharp
326.8399,32.84969,0,0.4765391,0.5781186,0,0.4236979,5863.384,0.9306149,0.001724544,Straight,Down,0,-0.6487198,TransSharp
326.8799,32.8816,0,0.4765391,0.5781186,0,0.4293525,5864.699,0.9304135,0.001667084,Straight,Down,0.03426402,-0.6555481,TransSharp
326.9199,32.9128,0,0.4765391,0.5781186,0,0.434735,5866.015,0.9312508,0.001610642,Right,Down,0.05934703,-0.6581955,TransSharp
326.9599,32.94632,0,0.4975963,0.5781186,0,0.4396903,5867.333,0.9326361,0.001555118,Right,Down,0.05934703,-0.658699,TransSharp
326.9999,32.98179,0,0.5525279,0.5781186,0,0.4370681,5868.651,0.9324456,0.00150058,Right,Down,0.06255726,-0.6592026,TransSharp
327.0399,33.01315,0,0.6010544,0.5781186,0,0.4287632,5869.972,0.9310818,0.001446994,Right,Down,0.06255726,-0.6597137,TransSharp
327.0799,33.04812,0,0.6788743,0.5781186,0,0.4208193,5871.293,0.9302531,0.001394459,Right,Down,0.06255726,-0.6602173,TransSharp
327.1199,33.07704,0,0.7429612,0.5781186,0,0.4136573,5872.616,0.9296604,0.00134281,Right,Down,0.05934703,-0.6607132,TransSharp
327.1599,33.10648,0,0.8546591,0.5781186,0,0.4072782,5873.94,0.9316778,0.001292171,Right,Down,0.07661668,-0.6612167,TransSharp
327.1999,33.14205,0,0.9983969,0.5781186,0,0.3953989,5875.265,0.9322121,0.001242525,Right,Down,0.08392937,-0.659729,TransSharp
327.2399,33.16952,0,1.115588,0.5781186,0,0.3784476,5876.592,0.9307389,0.001193798,Right,Down,0.08622923,-0.6575089,TransSharp
327.2799,33.2021,0,1.284045,0.558587,0,0.3635188,5877.919,0.9297032,0.001146057,Right,Down,0.08622923,-0.6552887,TransSharp
327.3199,33.22518,0,1.396658,0.5507744,0,0.3510486,5879.248,0.9310465,0.001099292,Right,Down,0.08622923,-0.6530533,TransSharp
327.3599,33.25467,0,1.520255,0.5429618,0,0.3354828,5880.578,0.9322923,0.001053545,Right,Down,0.09891172,-0.6508179,TransSharp
327.3999,33.26926,0,1.641108,0.5429618,0,0.3160237,5881.909,0.9310524,0.001008726,Right,Down,0.1065312,-0.6471863,TransSharp
327.4399,33.28855,0,1.718928,0.5429618,0,0.3000918,5883.24,0.9296362,0.0009648833,Right,Down,0.1065312,-0.6427612,TransSharp
327.4799,33.30769,0,1.816893,0.5429618,0,0.288422,5884.572,0.9329077,0.0009220259,Right,Down,0.1065312,-0.6383286,TransSharp
327.5199,33.32088,0,1.862669,0.5429618,0,0.269028,5885.905,0.9318548,0.0008801288,Right,Down,0.1136409,-0.6338806,TransSharp
327.5599,33.32829,0,1.888304,0.5429618,0,0.2543956,5887.238,0.9301462,0.0008392085,Right,Down,0.1251145,-0.6283569,TransSharp
327.5999,33.34261,0,1.892881,0.5429618,0,0.2456385,5888.571,0.9327129,0.0007992403,Right,Down,0.1266688,-0.6219711,TransSharp
327.6399,33.35119,0,1.875486,0.5429618,0,0.2313694,5889.905,0.9321852,0.0007602904,Right,Down,0.1251145,-0.6155701,TransSharp
327.6799,33.34727,0,1.840696,0.5429618,0,0.222827,5891.239,0.9303526,0.0007222924,Right,Down,0.1426525,-0.6090851,TransSharp
327.7199,33.35967,0,1.804991,0.5429618,0,0.2201332,5892.573,0.933341,0.0006852464,Right,Down,0.1426525,-0.6008606,TransSharp
327.7599,33.35762,0,1.728998,0.5429618,0,0.2138022,5893.907,0.9320753,0.0006491856,Right,Down,0.1426525,-0.5926285,TransSharp
327.7999,33.34925,0,1.630121,0.5429618,0,0.2156928,5895.241,0.9315671,0.0006141431,Right,Down,0.1594904,-0.5843735,TransSharp
327.8399,33.3549,0,1.562372,0.5429618,0,0.2188031,5896.575,0.9329067,0.0005800194,Right,Down,0.1594904,-0.5744324,TransSharp
327.8799,33.33626,0,1.47814,0.558587,0,0.225928,5897.909,0.9308881,0.0005468809,Right,Down,0.1594904,-0.5644379,TransSharp
327.9199,33.34677,0,1.402152,0.5624933,0,0.2386733,5899.243,0.9333983,0.0005147523,Right,Down,0.1769387,-0.5540924,TransSharp
327.9599,33.33579,0,1.343558,0.5624933,0,0.2529632,5900.576,0.9314721,0.0004835509,Right,Down,0.1758294,-0.5423889,TransSharp
327.9999,33.33957,0,1.261157,0.5624933,0,0.2749716,5901.91,0.933597,0.0004533595,Right,Down,0.1855749,-0.5306702,TransSharp
328.0399,33.33002,0,1.197985,0.5624933,0,0.2974193,5903.243,0.9316725,0.0004240953,Right,Down,0.1928145,-0.5177765,TransSharp
328.0799,33.33128,0,1.103686,0.5624933,0,0.3272631,5904.576,0.9336163,0.0003958411,Right,Down,0.1978235,-0.5044022,TransSharp
328.1199,33.31996,0,0.9901571,0.5624933,0,0.358703,5905.909,0.9312146,0.0003685719,Right,Down,0.2093567,-0.4902802,TransSharp
328.1599,33.32626,0,0.901351,0.5624933,0,0.3960676,5907.242,0.9331102,0.0003422548,Right,Down,0.2112177,-0.4752655,TransSharp
328.1999,33.31438,0,0.8070481,0.5624933,0,0.4368163,5908.575,0.9322506,0.0003169229,Right,Down,0.2255535,-0.4596634,TransSharp
328.2399,33.32425,0,0.7484543,0.5624933,0,0.4800128,5909.908,0.9323552,0.0002925429,Right,Down,0.2281412,-0.4430084,TransSharp
328.2799,33.31662,0,0.720073,0.5624933,0,0.5290697,5911.241,0.9339564,0.0002691481,Right,Down,0.2414744,-0.4256744,TransSharp
328.3199,33.31803,0,0.7301438,0.5624933,0,0.5773023,5912.574,0.9306526,0.0002467384,Right,Down,0.249446,-0.4074173,TransSharp
328.3599,33.32799,0,0.754863,0.5624933,0,0.6299506,5913.907,0.9322599,0.0002252807,Right,Down,0.2571706,-0.3881531,TransSharp
328.3999,33.32938,0,0.7978928,0.5624933,0,0.6862462,5915.24,0.933561,0.0002048082,Right,Down,0.2719625,-0.3682709,TransSharp
328.4399,33.33302,0,0.8372641,0.5624933,0,0.7417731,5916.573,0.9312054,0.0001853125,Right,Down,0.2755364,-0.3469238,TransSharp
328.4799,33.3374,0,0.8967733,0.5624933,0,0.7989213,5917.906,0.9306004,0.0001668102,Right,Down,0.2900664,-0.3248825,TransSharp
328.5199,33.34328,0,0.9691,0.5624933,0,0.8583225,5919.24,0.9318389,0.0001492517,Right,Down,0.302612,-0.3017578,TransSharp
328.5599,33.35779,0,1.034102,0.5624933,0,0.9182498,5920.574,0.9328691,0.0001326866,Right,Down,0.309643,-0.2773285,TransSharp
328.5999,33.36462,0,1.110095,0.5624933,0,0.9780512,5921.909,0.9330496,0.0001170983,Right,Down,0.3238513,-0.2519455,TransSharp
328.6399,33.3659,0,1.137561,0.5624933,0,1.035739,5923.243,0.9313524,0.000102462,Right,Down,0.3403488,-0.2255173,TransSharp
328.6799,33.3612,0,1.125659,0.5624933,0,1.092665,5924.578,0.9296926,8.88192E-05,Right,Down,0.3511023,-0.1974869,TransSharp
328.7199,33.36803,0,1.102771,0.5624933,0,1.147586,5925.913,0.9319348,7.615321E-05,Right,Down,0.3631561,-0.1682816,TransSharp
328.7599,33.38276,0,1.096362,0.5624933,0,1.199174,5927.248,0.9355443,6.443924E-05,Right,Flat,0.3774237,-0.1377716,TransSharp
328.7999,33.38981,0,1.086291,0.5624933,0,1.248787,5928.583,0.934508,5.373524E-05,Right,Flat,0.3916712,-0.1058884,TransSharp
328.8399,33.39251,0,1.079882,0.5624933,0,1.297075,5929.919,0.9324753,4.39667E-05,Right,Flat,0.4087828,-0.07249451,TransSharp
328.8799,33.39441,0,1.045089,0.5624933,0,1.344553,5931.255,0.9305168,3.519985E-05,Right,Flat,0.4265846,-0.03756714,TransSharp
328.9199,33.40128,0,0.9910727,0.5624933,0,1.391164,5932.591,0.9296326,2.73933E-05,Right,Flat,0.393167,-0.00113678,TransSharp
328.9599,33.41223,0,0.9489584,0.5624933,0,1.435011,5933.928,0.9307247,2.057188E-05,Right,Flat,0.3794918,0.03601074,TransSharp
328.9999,33.4219,0,0.8903646,0.5624933,0,1.478451,5935.265,0.9307368,1.472731E-05,Right,Flat,0.3748225,0.07241821,TransSharp
329.0399,33.42407,0,0.8500814,0.5624933,0,1.521787,5936.602,0.9289263,9.843045E-06,Right,Flat,0.3695653,0.1081467,TransSharp
329.0799,33.42409,0,0.8207846,0.5624933,0,1.565211,5937.938,0.9274361,5.968743E-06,Right,Flat,0.364769,0.1431732,TransSharp
329.1199,33.43135,0,0.8079636,0.5624933,0,1.606606,5939.275,0.9282471,3.013346E-06,Right,Up,0.3588198,0.1775055,TransSharp
329.1599,33.44362,0,0.7850754,0.5624933,0,1.646728,5940.613,0.9300006,1.076195E-06,Right,Up,0.3516591,0.2111282,TransSharp
329.1999,33.4485,0,0.7429612,0.5624933,0,1.687362,5941.951,0.9283113,9.106265E-08,Right,Up,0.3449174,0.243927,TransSharp

Participant ID:, 006
DateTime:, 2026-07-23 12:23:19
Target Speed:, 80 km/h
Camera xyz:, -0.2402927,-0.03398323,0.1968912
Trial Duration:, 180 s
Warmup Duration:, 30 s
