Time,Speed,WheelsOffRoad,SteeringAngle,ThrottlePos,BrakePos,LanePosition,DistanceTravelledm,CamHeightm,PropOfTotalHeight,RoadDirection,RoadSlope,RoadHeadingChange,RoadSlopeAngle,RoadAttribute
71.01997,24.15969,0,-0.3685051,0.5507744,0,-1.442868,502.7741,1.793449,0.9999999,Right,Up,0.1398823,0.5461731,TransSharp
71.05997,24.20643,0,-0.3685051,0.5546807,0,-1.420949,503.7419,1.794995,0.9999989,Right,Up,0.1506579,0.4859543,TransSharp
71.09998,24.25108,0,-0.3923088,0.5546807,0,-1.400008,504.7115,1.795029,0.999997,Right,Up,0.1506579,0.4217148,TransSharp
71.13998,24.30186,0,-0.4353404,0.5546807,0,-1.380143,505.6831,1.794351,0.999994,Right,Up,0.1506579,0.3573074,TransSharp
71.17998,24.35133,0,-0.4655528,0.5546807,0,-1.361532,506.6566,1.793379,0.9999901,Right,Up,0.1701742,0.2927551,TransSharp
71.21998,24.39561,0,-0.4838634,0.5546807,0,-1.343398,507.632,1.791431,0.9999852,Right,Up,0.1802258,0.2215805,TransSharp
71.25997,24.44785,0,-0.5360502,0.5546807,0,-1.324368,508.6095,1.792528,0.9999794,Right,Flat,0.1791368,0.1464539,TransSharp
71.29997,24.49628,0,-0.6056303,0.5234302,0,-1.298656,509.5888,1.792127,0.9999726,Right,Flat,0.08156469,0.07118988,TransSharp
71.33997,24.53447,0,-0.7328904,0.5117113,0,-1.273295,510.5699,1.791055,0.9999648,Left,Flat,-0.1619255,0.00994873,TransSharp
71.37997,24.57274,0,-0.845502,0.507805,0,-1.249374,511.5524,1.789268,0.999956,Left,Flat,-0.1619255,-0.01963043,TransSharp
71.41998,24.61364,0,-0.9105062,0.507805,0,-1.224667,512.5366,1.790748,0.9999463,Left,Flat,-0.1607126,-0.04925537,TransSharp
71.45998,24.65119,0,-0.9636068,0.4880751,0,-1.194881,513.5223,1.790786,0.9999356,Left,Flat,-0.1582588,-0.07891846,TransSharp
71.49998,24.68267,0,-0.9919882,0.464271,0,-1.166313,514.5093,1.790025,0.9999238,Left,Flat,-0.1582588,-0.1023712,TransSharp
71.53998,24.7118,0,-0.9929037,0.432517,0,-1.140347,515.4975,1.788962,0.9999112,Left,Flat,-0.1582588,-0.1252213,TransSharp
71.57997,24.73392,0,-0.9617758,0.4245823,0,-1.116577,516.4866,1.788909,0.9998975,Left,Flat,-0.1582588,-0.1480637,TransSharp
71.61997,24.75371,0,-0.9224081,0.4245823,0,-1.089064,517.4766,1.789796,0.9998829,Left,Down,-0.1312212,-0.1709137,TransSharp
71.65997,24.77102,0,-0.862897,0.4523537,0,-1.059388,518.4672,1.7899,0.9998673,Left,Down,-0.1297215,-0.1907883,TransSharp
71.69997,24.79482,0,-0.8198673,0.4563211,0,-1.031984,519.4587,1.789419,0.9998507,Left,Down,-0.1297215,-0.2104721,TransSharp
71.73997,24.82024,0,-0.7539475,0.4603037,0,-1.007673,520.4513,1.788811,0.9998332,Left,Down,-0.1297215,-0.2301559,TransSharp
71.77998,24.84516,0,-0.6321806,0.4603037,0,-0.9859322,521.4448,1.788032,0.9998147,Left,Down,-0.1251145,-0.249855,TransSharp
71.81998,24.87038,0,-0.5415434,0.464271,0,-0.9668365,522.4394,1.787815,0.9997952,Left,Down,-0.09691329,-0.2691879,TransSharp
71.85998,24.89758,0,-0.4289317,0.464271,0,-0.9490927,523.435,1.788885,0.9997747,Left,Down,-0.09691329,-0.2854309,TransSharp
71.89997,24.92453,0,-0.3639275,0.464271,0,-0.9238096,524.4317,1.789506,0.9997532,Left,Down,-0.09891172,-0.3016815,TransSharp
71.93997,24.9516,0,-0.2806127,0.464271,0,-0.9012119,525.4295,1.789449,0.9997308,Left,Down,-0.09691329,-0.3179398,TransSharp
71.97997,24.97964,0,-0.1789892,0.464271,0,-0.8818153,526.4284,1.78923,0.9997075,Left,Down,-0.09891172,-0.3342285,TransSharp
72.01997,25.0078,0,-0.06546199,0.4682384,0,-0.8655977,527.4285,1.788752,0.9996831,Left,Down,-0.09691329,-0.3505096,TransSharp
72.05997,25.03641,0,0.08926392,0.4682384,0,-0.8522215,528.4296,1.788232,0.9996578,Left,Down,-0.07401875,-0.3668137,TransSharp
72.09998,25.06559,0,0.2027929,0.4682384,0,-0.8418294,529.4319,1.787809,0.9996315,Left,Down,-0.05595291,-0.380722,TransSharp
72.13998,25.095,0,0.3273046,0.4682384,0,-0.8339549,530.4354,1.787443,0.9996042,Left,Down,-0.05595291,-0.3925171,TransSharp
72.17998,25.1246,0,0.4271007,0.4682384,0,-0.8286138,531.4401,1.787124,0.9995759,Left,Down,-0.05233916,-0.4043198,TransSharp
72.21997,25.15411,0,0.4829478,0.4682384,0,-0.8253524,532.446,1.786651,0.9995466,Left,Down,-0.05595291,-0.4161224,TransSharp
72.25997,25.1844,0,0.5342174,0.4682384,0,-0.8238525,533.453,1.786911,0.9995165,Left,Down,-0.05595291,-0.4279327,TransSharp
72.29997,25.21489,0,0.5470347,0.4682384,0,-0.8243321,534.4612,1.787591,0.9994853,Left,Down,-0.05595291,-0.4397583,TransSharp
72.33997,25.24438,0,0.5534434,0.4682384,0,-0.8261276,535.4707,1.787552,0.9994531,Left,Down,-0.05595291,-0.4515839,TransSharp
72.37997,25.27624,0,0.5580211,0.4682384,0,-0.8234046,536.4814,1.788464,0.99942,Left,Down,-0.05595291,-0.4634171,TransSharp
72.41998,25.30819,0,0.5580211,0.4682384,0,-0.822019,537.4935,1.789048,0.9993859,Left,Down,-0.05595291,-0.4752655,TransSharp
72.45998,25.33881,0,0.5397105,0.4682384,0,-0.8215709,538.5067,1.789304,0.9993508,Left,Down,-0.05595291,-0.4871292,TransSharp
72.49998,25.3709,0,0.5287242,0.4682384,0,-0.8217226,539.5212,1.789235,0.9993147,Left,Down,-0.05595291,-0.4990082,TransSharp
72.53998,25.40251,0,0.4921031,0.4682384,0,-0.8224287,540.537,1.788764,0.9992777,Straight,Down,-0.04423466,-0.5109024,TransSharp
72.57997,25.43375,0,0.4444957,0.4682384,0,-0.8235266,541.5541,1.788512,0.9992397,Straight,Down,0,-0.5215683,TransSharp
72.61997,25.46473,0,0.4216075,0.4682384,0,-0.8247648,542.5723,1.788165,0.9992008,Straight,Down,0,-0.5268402,TransSharp
72.65997,25.49546,0,0.4161143,0.4682384,0,-0.8258598,543.5918,1.788057,0.9991608,Straight,Down,0,-0.5321198,TransSharp
72.69997,25.52594,0,0.4161143,0.4722057,0,-0.826914,544.6125,1.787955,0.9991199,Straight,Down,0,-0.5374146,TransSharp
72.73997,25.557,0,0.4161143,0.4722057,0,-0.8276032,545.6345,1.788028,0.999078,Straight,Down,0,-0.5427094,TransSharp
72.77998,25.58793,0,0.4161143,0.4722057,0,-0.8276888,546.6577,1.78775,0.9990351,Straight,Down,0.01978234,-0.5480118,TransSharp
72.81998,25.61871,0,0.4344249,0.4722057,0,-0.8271569,547.6822,1.787675,0.9989913,Straight,Down,0,-0.5533218,TransSharp
72.85998,25.64926,0,0.4811168,0.4722057,0,-0.8259218,548.7079,1.787697,0.9989465,Straight,Down,0,-0.5586395,TransSharp
72.89997,25.67962,0,0.5342174,0.4722057,0,-0.8237223,549.7348,1.787671,0.9989008,Straight,Down,0,-0.5639648,TransSharp
72.93997,25.7098,0,0.5836558,0.4722057,0,-0.8202217,550.7629,1.787733,0.998854,Straight,Down,0,-0.5692902,TransSharp
72.97997,25.73977,0,0.6184494,0.4722057,0,-0.8152248,551.7922,1.787834,0.9988062,Straight,Down,0,-0.5746307,TransSharp
73.01997,25.76953,0,0.6239426,0.4722057,0,-0.8087659,552.8226,1.787843,0.9987575,Straight,Down,0,-0.5799789,TransSharp
73.05997,25.79904,0,0.6120408,0.4722057,0,-0.8005844,553.8543,1.787857,0.9987079,Straight,Down,0,-0.5853348,TransSharp
73.09998,25.82817,0,0.5836558,0.4722057,0,-0.790369,554.8871,1.787773,0.9986572,Straight,Down,0,-0.5906982,TransSharp
73.13998,25.85756,0,0.5351329,0.4722057,0,-0.7782421,555.9211,1.78756,0.9986056,Straight,Down,0,-0.5960693,TransSharp
73.17998,25.88676,0,0.453651,0.4722057,0,-0.7642163,556.9564,1.787808,0.998553,Straight,Down,0,-0.6014481,TransSharp
73.21997,25.91533,0,0.4032969,0.4722057,0,-0.748149,557.9927,1.788136,0.9984995,Straight,Down,0,-0.6068344,TransSharp
73.25997,25.94458,0,0.3804088,0.4722057,0,-0.7302038,559.0302,1.788325,0.9984449,Straight,Down,0,-0.6122284,TransSharp
73.29997,25.97364,0,0.3804088,0.4722057,0,-0.7102386,560.0688,1.788434,0.9983894,Straight,Down,0.01978234,-0.61763,TransSharp
73.33997,26.00266,0,0.3923106,0.4722057,0,-0.6884999,561.1087,1.788647,0.9983329,Straight,Down,0,-0.6230469,TransSharp
73.37997,26.03131,0,0.3923106,0.4722057,0,-0.6723557,562.1497,1.78836,0.9982755,Straight,Down,0,-0.6284637,TransSharp
73.41998,26.05985,0,0.3923106,0.4722057,0,-0.6563277,563.1918,1.787967,0.9982171,Straight,Down,0.01978234,-0.6338959,TransSharp
73.45998,26.08859,0,0.3630137,0.4722057,0,-0.6381401,564.235,1.787759,0.9981577,Straight,Down,0,-0.639328,TransSharp
73.49998,26.11687,0,0.3382909,0.4722057,0,-0.6173995,565.2794,1.7878,0.9980974,Straight,Down,0,-0.644783,TransSharp
73.53997,26.14517,0,0.2961767,0.4722057,0,-0.5941883,566.325,1.787944,0.998036,Straight,Down,0.01978234,-0.6502304,TransSharp
73.57997,26.17329,0,0.2485693,0.4722057,0,-0.5685292,567.3716,1.787953,0.9979737,Straight,Down,0.04423466,-0.6556931,TransSharp
73.61997,26.20104,0,0.2018774,0.4722057,0,-0.5400122,568.4194,1.787602,0.9979104,Right,Down,0.06255726,-0.6581039,TransSharp
73.65997,26.22966,0,0.1478612,0.4722057,0,-0.5097477,569.4683,1.788638,0.9978461,Right,Down,0.06255726,-0.6585083,TransSharp
73.69997,26.2603,0,0.1304662,0.4722057,0,-0.4785551,570.5184,1.789577,0.997781,Right,Down,0.05934703,-0.6589127,TransSharp
73.73997,26.28744,0,0.1304662,0.4722057,0,-0.4539217,571.5696,1.788441,0.9977148,Right,Down,0.05934703,-0.659317,TransSharp
73.77998,26.31562,0,0.1524389,0.4722057,0,-0.4276274,572.6219,1.787417,0.9976476,Right,Down,0.06255726,-0.6597214,TransSharp
73.81998,26.34517,0,0.1789892,0.4523537,0,-0.39929,573.6754,1.786756,0.9975795,Right,Down,0.06255726,-0.6601257,TransSharp
73.85997,26.37046,0,0.2256811,0.4483864,0,-0.3686991,574.73,1.786323,0.9975104,Right,Down,0.06255726,-0.6605301,TransSharp
73.89997,26.39217,0,0.2806127,0.444419,0,-0.3355585,575.7855,1.786459,0.9974403,Right,Down,0.06255726,-0.6609344,TransSharp
73.93997,26.41796,0,0.3208959,0.444419,0,-0.3005587,576.8419,1.788288,0.9973693,Right,Down,0.08392937,-0.6613388,TransSharp
73.97997,26.43813,0,0.3740001,0.4404517,0,-0.2717993,577.8992,1.787984,0.9972973,Right,Down,0.08622923,-0.6596451,TransSharp
74.01997,26.45817,0,0.3978038,0.4364843,0,-0.2429114,578.9574,1.786902,0.9972243,Right,Down,0.08622923,-0.6578598,TransSharp
74.05997,26.48092,0,0.4151988,0.4364843,0,-0.2122622,580.0164,1.786096,0.9971504,Right,Down,0.08622923,-0.6560669,TransSharp
74.09998,26.49811,0,0.4280162,0.4364843,0,-0.179193,581.0762,1.785008,0.9970754,Right,Down,0.08622923,-0.6542816,TransSharp
74.13998,26.52141,0,0.4509044,0.4364843,0,-0.1444158,582.1368,1.787226,0.9969996,Right,Down,0.08622923,-0.6524887,TransSharp
74.17998,26.54043,0,0.4939342,0.4364843,0,-0.1154964,583.1982,1.787263,0.9969227,Right,Down,0.09891172,-0.6506882,TransSharp
74.21997,26.55688,0,0.5305552,0.432517,0,-0.08682466,584.2603,1.786042,0.9968449,Right,Down,0.1065312,-0.6478043,TransSharp
74.25997,26.57741,0,0.5589366,0.432517,0,-0.05616033,585.3232,1.784943,0.9967661,Right,Down,0.1065312,-0.6442413,TransSharp
74.29997,26.59356,0,0.5662608,0.432517,0,-0.02359992,586.3868,1.785248,0.9966864,Right,Down,0.1065312,-0.6406784,TransSharp
74.33997,26.61538,0,0.5662608,0.4285496,0,0.007556438,587.4512,1.786948,0.9966056,Right,Down,0.1065312,-0.6371078,TransSharp
74.37997,26.6301,0,0.5534434,0.4285496,0,0.03397492,588.5163,1.785885,0.996524,Right,Down,0.1170339,-0.6335373,TransSharp
74.41998,26.64646,0,0.540626,0.4245823,0,0.06299809,589.582,1.784287,0.9964412,Right,Down,0.1251145,-0.6291199,TransSharp
74.45998,26.66344,0,0.5241466,0.4245823,0,0.09434661,590.6483,1.784808,0.9963577,Right,Down,0.1251145,-0.6239929,TransSharp
74.49998,26.68131,0,0.523231,0.4206149,0,0.1224225,591.7155,1.786047,0.996273,Right,Down,0.1251145,-0.6188431,TransSharp
74.53997,26.69306,0,0.5223155,0.4206149,0,0.1478267,592.7831,1.785108,0.9961875,Right,Down,0.1266688,-0.6136856,TransSharp
74.57997,26.7073,0,0.5122447,0.4206149,0,0.1758557,593.8511,1.782845,0.9961009,Right,Down,0.1440177,-0.6082993,TransSharp
74.61997,26.72638,0,0.505836,0.4166476,0,0.2058207,594.92,1.786168,0.9960135,Right,Down,0.1426525,-0.6016922,TransSharp
74.65997,26.73823,0,0.4994273,0.4166476,0,0.2274029,595.9894,1.785177,0.995925,Right,Down,0.1440177,-0.5950775,TransSharp
74.69997,26.74444,0,0.505836,0.4166476,0,0.2524751,597.0592,1.783151,0.9958356,Right,Down,0.1480375,-0.5884552,TransSharp
74.73997,26.76655,0,0.5342174,0.4166476,0,0.2797521,598.1296,1.785442,0.9957452,Right,Down,0.1607126,-0.581337,TransSharp
74.77998,26.77761,0,0.6047165,0.4166476,0,0.299475,599.2006,1.784697,0.9956538,Right,Down,0.1607126,-0.5733185,TransSharp
74.81998,26.78178,0,0.6642258,0.4166476,0,0.3221339,600.2719,1.782569,0.9955615,Right,Down,0.1594904,-0.5652924,TransSharp
74.85997,26.80445,0,0.7603562,0.4126802,0,0.3465486,601.3439,1.785534,0.9954682,Right,Down,0.174713,-0.557251,TransSharp
74.89997,26.81351,0,0.8381796,0.4126802,0,0.3637195,602.4163,1.784253,0.9953739,Right,Down,0.1758294,-0.5479965,TransSharp
74.93997,26.81651,0,0.8784628,0.4126802,0,0.3854655,603.4889,1.782588,0.9952787,Right,Down,0.1758294,-0.5385971,TransSharp
74.97997,26.8362,0,0.9141684,0.4126802,0,0.4051784,604.5623,1.784536,0.9951825,Right,Down,0.1897456,-0.5291824,TransSharp
75.01997,26.84013,0,0.920577,0.4126802,0,0.4226968,605.6359,1.782734,0.9950854,Right,Down,0.1928145,-0.5187302,TransSharp
75.05997,26.85631,0,0.9333944,0.4126802,0,0.4435495,606.7099,1.785154,0.9949872,Right,Down,0.1928145,-0.507988,TransSharp
75.09998,26.86348,0,0.9691,0.4087129,0,0.4568236,607.7844,1.78341,0.9948881,Right,Down,0.20842,-0.4972382,TransSharp
75.13998,26.86777,0,1.037765,0.4087129,0,0.4745075,608.859,1.783503,0.9947881,Right,Down,0.2093567,-0.4852219,TransSharp
75.17997,26.88048,0,1.173266,0.4087129,0,0.4877308,609.9342,1.783627,0.994687,Right,Down,0.2139789,-0.4731445,TransSharp
75.21997,26.88196,0,1.284045,0.4087129,0,0.5030146,611.0095,1.782657,0.994585,Right,Down,0.2255535,-0.4606018,TransSharp
75.25997,26.89464,0,1.414053,0.4087129,0,0.5162267,612.0851,1.783646,0.994482,Right,Down,0.2246844,-0.4472275,TransSharp
75.29997,26.89544,0,1.471732,0.4087129,0,0.530175,613.1609,1.782364,0.9943781,Right,Down,0.2406627,-0.4338608,TransSharp
75.33997,26.9052,0,1.473563,0.4087129,0,0.5422194,614.2369,1.783379,0.9942733,Right,Down,0.2406627,-0.41922,TransSharp
75.37997,26.90575,0,1.42504,0.4087129,0,0.5557655,615.313,1.782611,0.9941675,Right,Down,0.2525642,-0.4045486,TransSharp
75.41998,26.91156,0,1.349051,0.4087129,0,0.5674601,616.3893,1.782799,0.9940606,Right,Down,0.2571706,-0.3889313,TransSharp
75.45998,26.91314,0,1.239184,0.4087129,0,0.5806552,617.4658,1.783471,0.9939529,Right,Down,0.2668786,-0.3729477,TransSharp
75.49997,26.91245,0,1.143969,0.4087129,0,0.5899431,618.5422,1.781311,0.9938442,Right,Down,0.2733977,-0.356163,TransSharp
75.53997,26.91395,0,1.104602,0.4087129,0,0.6019499,619.6188,1.783751,0.9937345,Right,Down,0.2832403,-0.3388672,TransSharp
75.57997,26.9154,0,1.080798,0.4087129,0,0.6102173,620.6954,1.780063,0.9936239,Right,Down,0.2900664,-0.3207474,TransSharp
75.61997,26.91437,0,1.067981,0.4087129,0,0.6198666,621.772,1.782036,0.9935122,Right,Down,0.3019647,-0.3021317,TransSharp
75.65997,26.92261,0,1.002059,0.4087129,0,0.6294141,622.8489,1.783886,0.9933996,Right,Down,0.3064671,-0.2825394,TransSharp
75.69997,26.91962,0,0.883956,0.4087129,0,0.6353902,623.9255,1.779619,0.9932861,Right,Down,0.3232465,-0.2626038,TransSharp
75.73997,26.91393,0,0.7676804,0.4087129,0,0.6419401,625.0023,1.781057,0.9931716,Right,Down,0.3274564,-0.2413788,TransSharp
75.77998,26.9245,0,0.5534434,0.4087129,0,0.6483315,626.0792,1.782947,0.9930561,Right,Down,0.3403488,-0.2197342,TransSharp
75.81998,26.92343,0,0.405128,0.4047455,0,0.6517986,627.1559,1.779938,0.9929397,Right,Down,0.3516591,-0.1971359,TransSharp
75.85997,26.91835,0,0.2311742,0.4047455,0,0.6520633,628.2328,1.781765,0.9928223,Right,Down,0.3593647,-0.1736603,TransSharp
75.89997,26.927,0,0.1423681,0.4047455,0,0.6495314,629.3098,1.783486,0.9927039,Right,Flat,0.3743001,-0.1495209,TransSharp
75.93997,26.92933,0,0.1368749,0.4047455,0,0.6460832,630.387,1.78262,0.9925846,Right,Flat,0.386643,-0.1242828,TransSharp
75.97997,26.93494,0,0.1835668,0.4047455,0,0.6366272,631.4643,1.785341,0.9924644,Right,Flat,0.3971285,-0.09804535,TransSharp
76.01997,26.94424,0,0.2384984,0.4007782,0,0.6263537,632.5419,1.782885,0.9923432,Right,Flat,0.4083038,-0.07093048,TransSharp
76.05997,26.94149,0,0.3025854,0.4007782,0,0.6158637,633.6196,1.780412,0.9922209,Right,Flat,0.4265846,-0.0429306,TransSharp
76.09998,26.95022,0,0.3501928,0.4007782,0,0.5997338,634.6976,1.782646,0.9920978,Right,Flat,0.4015385,-0.01361847,TransSharp
76.13998,26.95668,0,0.3813243,0.4007782,0,0.5833912,635.7756,1.780268,0.9919737,Right,Flat,0.3891652,0.01623535,TransSharp
76.17997,26.95496,0,0.4097056,0.4007782,0,0.5671443,636.8539,1.778647,0.9918486,Right,Flat,0.3789758,0.04605865,TransSharp
76.21997,26.96435,0,0.4106212,0.4007782,0,0.5445204,637.9324,1.780702,0.9917226,Right,Flat,0.373777,0.07548523,TransSharp
76.25997,26.96685,0,0.4106212,0.4007782,0,0.5225739,639.011,1.778454,0.9915956,Right,Flat,0.3706227,0.104332,TransSharp
76.29997,26.96724,0,0.4106212,0.4007782,0,0.4975344,640.0898,1.779237,0.9914677,Right,Flat,0.3663747,0.1328278,TransSharp
76.33997,26.97465,0,0.4106212,0.4007782,0,0.4677898,641.1687,1.779308,0.9913388,Right,Up,0.3599087,0.1609116,TransSharp
76.37997,26.97507,0,0.4087901,0.4007782,0,0.4384423,642.2477,1.777478,0.9912089,Right,Up,0.3566318,0.1883621,TransSharp
76.41998,26.98232,0,0.4151988,0.4007782,0,0.4027914,643.327,1.779823,0.9910781,Right,Up,0.3522151,0.2154312,TransSharp
76.45998,26.98596,0,0.4335093,0.4007782,0,0.3664849,644.4063,1.777766,0.9909463,Right,Up,0.3460502,0.2420273,TransSharp
76.49997,26.98677,0,0.4985118,0.4007782,0,0.3267207,645.4858,1.779198,0.9908136,Right,Up,0.3426407,0.268013,TransSharp
76.53997,26.99019,0,0.5772471,0.4007782,0,0.2832235,646.5654,1.778327,0.9906799,Right,Up,0.3357179,0.2936325,TransSharp
76.57997,26.99221,0,0.6944382,0.4007782,0,0.2394392,647.6451,1.777808,0.9905453,Right,Up,0.3310224,0.3186111,TransSharp
76.61997,26.99582,0,0.7667649,0.4007782,0,0.1897807,648.7249,1.778445,0.9904096,Right,Up,0.3268584,0.3430786,TransSharp
76.65997,26.9994,0,0.8363485,0.4007782,0,0.1421288,649.8049,1.776765,0.9902731,Right,Up,0.3195939,0.367157,TransSharp
76.69997,27.00029,0,0.883956,0.4007782,0,0.08753443,650.8848,1.778319,0.9901356,Right,Up,0.3171355,0.3904495,TransSharp
76.73997,27.00409,0,0.9260702,0.4007782,0,0.03582296,651.965,1.776945,0.9899971,Right,Up,0.3083766,0.4134445,TransSharp
76.77998,27.00261,0,1.002975,0.4007782,0,-0.02278516,653.045,1.778157,0.9898577,Right,Up,0.3045456,0.4356537,TransSharp
76.81997,27.00568,0,1.074389,0.4007782,0,-0.07806098,654.1252,1.776721,0.9897172,Right,Up,0.2987072,0.4574509,TransSharp
76.85997,27.00308,0,1.150378,0.4007782,0,-0.1399363,655.2053,1.777858,0.989576,Right,Up,0.2927522,0.4786377,TransSharp
76.89997,27.00595,0,1.192492,0.4007782,0,-0.1981926,656.2855,1.777135,0.9894337,Right,Up,0.2880355,0.4991989,TransSharp
76.93997,27.0011,0,1.208972,0.4007782,0,-0.2620489,657.3655,1.777536,0.9892904,Right,Up,0.2804634,0.5193024,TransSharp
76.97997,27.00393,0,1.21538,0.4007782,0,-0.3233345,658.4457,1.778047,0.9891462,Right,Up,0.2762456,0.538681,TransSharp
77.01997,26.99757,0,1.21538,0.4007782,0,-0.3871898,659.5257,1.777279,0.9890012,Right,Up,0.2690692,0.5576248,TransSharp
77.05997,27.00031,0,1.21538,0.4007782,0,-0.4505401,660.6057,1.778777,0.988855,Right,Up,0.2639296,0.5758209,TransSharp
77.09998,26.99292,0,1.21538,0.4007782,0,-0.5126819,661.6855,1.777122,0.988708,Right,Up,0.2579304,0.5935516,TransSharp
77.13997,26.99093,0,1.204394,0.4007782,0,-0.5770537,662.7651,1.777642,0.98856,Right,Up,0.25101,0.6105804,TransSharp
77.17997,26.98777,0,1.137561,0.4007782,0,-0.6369964,663.8447,1.777367,0.988411,Right,Up,0.2478722,0.6270294,TransSharp
77.21997,26.98205,0,1.055163,0.4007782,0,-0.700491,664.924,1.776998,0.988261,Right,Up,0.2373883,0.6429825,TransSharp
77.25997,26.98203,0,0.9150839,0.4007782,0,-0.7613738,666.0032,1.777803,0.9881102,Right,Up,0.2373883,0.6580582,TransSharp
77.29997,26.97333,0,0.7786667,0.4007782,0,-0.8172344,667.0823,1.776668,0.9879583,Right,Up,0.2220564,0.6730728,TransSharp
77.33997,26.9691,0,0.6733811,0.4007782,0,-0.8780964,668.1611,1.777062,0.9878056,Right,Up,0.2220564,0.6866608,TransSharp
77.37997,26.96987,0,0.5287242,0.4007782,0,-0.9347127,669.2398,1.778059,0.9876519,Right,Up,0.2148914,0.7002258,TransSharp
77.41998,26.96164,0,0.3996348,0.4007782,0,-0.9858902,670.3184,1.776651,0.9874972,Right,Up,0.2055842,0.7129745,TransSharp
77.45998,26.95839,0,0.2256811,0.4007782,0,-1.042709,671.3967,1.776581,0.9873416,Right,Up,0.2055842,0.7249146,TransSharp
77.49997,26.95885,0,0.03433228,0.4007782,0,-1.095175,672.4751,1.776973,0.987185,Right,Up,0.191797,0.7368164,TransSharp
77.53997,26.95566,0,-0.0993365,0.4007782,0,-1.142604,673.5533,1.777436,0.9870275,Right,Up,0.1876719,0.7474289,TransSharp
77.57997,26.95314,0,-0.2623022,0.4007782,0,-1.191781,674.6315,1.776027,0.986869,Right,Up,0.1876719,0.7575455,TransSharp
77.61997,26.95401,0,-0.3529412,0.4007782,0,-1.241865,675.7096,1.776044,0.9867096,Right,Up,0.1735894,0.7676468,TransSharp
77.65997,26.95428,0,-0.4005486,0.4007782,0,-1.288069,676.7878,1.776424,0.9865493,Right,Up,0.165511,0.7763214,TransSharp
77.69997,26.95697,0,-0.4042107,0.4007782,0,-1.330772,677.866,1.776825,0.986388,Right,Up,0.165511,0.7843857,TransSharp
77.73997,26.95679,0,-0.4042107,0.4007782,0,-1.374771,678.9443,1.775313,0.9862257,Right,Up,0.1619255,0.7924423,TransSharp
77.77998,26.95958,0,-0.4042107,0.4007782,0,-1.422127,680.0226,1.77504,0.9860625,Right,Up,0.1398823,0.7999496,TransSharp
77.81997,26.96169,0,-0.4051262,0.4007782,0,-1.466599,681.1011,1.775182,0.9858983,Right,Up,0.1398823,0.8055725,TransSharp
77.85997,26.96405,0,-0.4170299,0.4007782,0,-1.507519,682.1797,1.775301,0.9857332,Right,Up,0.1398823,0.8111954,TransSharp
77.89997,26.96756,0,-0.4518199,0.4007782,0,-1.546226,683.2584,1.775591,0.9855672,Right,Up,0.1398823,0.816803,TransSharp
77.93997,26.96908,0,-0.4893565,0.4007782,0,-1.582606,684.3371,1.77401,0.9854001,Right,Up,0.1083524,0.8222427,TransSharp
77.97997,26.97184,0,-0.5470365,0.4007782,0,-1.628975,685.416,1.77375,0.9852322,Right,Up,0.1065312,0.8246765,TransSharp
78.01997,26.9758,0,-0.5598539,0.4007782,0,-1.675844,686.4949,1.774062,0.9850633,Right,Up,0.1065312,0.8271027,TransSharp
78.05997,26.97733,0,-0.5406278,0.4007782,0,-1.721095,687.574,1.774356,0.9848934,Right,Up,0.1065312,0.8295288,TransSharp
78.09998,26.98013,0,-0.4893565,0.3809415,0,-1.765586,688.6532,1.77451,0.9847227,Right,Up,0.1065312,0.8319473,TransSharp
78.13997,26.97998,0,-0.4472423,0.3650568,0,-1.809507,689.7324,1.774365,0.984551,Right,Up,0.0656106,0.8343658,TransSharp
78.17997,26.97624,0,-0.4042107,0.3571222,0,-1.853132,690.8115,1.774092,0.9843782,Straight,Up,0,0.8324356,TransSharp
78.21997,26.96959,0,-0.3694206,0.3571222,0,-1.89658,691.8904,1.77375,0.9842046,Straight,Up,0,0.8250046,TransSharp
78.25997,26.96222,0,-0.3456169,0.3571222,0,-1.9401,692.9689,1.773543,0.9840301,Straight,Up,0,0.8175735,TransSharp
78.29997,26.9547,0,-0.3282219,0.3571222,0,-1.983449,694.0472,1.773414,0.9838545,Straight,Up,0,0.8101425,TransSharp
78.33997,26.94707,0,-0.3089958,0.3571222,0,-2.027138,695.1252,1.773102,0.9836781,Straight,Up,0,0.8027191,TransSharp
78.37997,26.93931,0,-0.256809,0.3571222,0,-2.071293,696.2028,1.772703,0.9835008,Straight,Up,0,0.7952957,TransSharp
78.41998,26.9315,0,-0.2018774,0.3571222,0,-2.115858,697.2802,1.772362,0.9833224,Straight,Up,0,0.7878723,TransSharp
78.45997,26.92367,0,-0.09384334,0.3769741,0,-2.161278,698.3572,1.772025,0.9831432,Straight,Up,0,0.7804489,TransSharp
78.49997,26.91944,0,0.03890991,0.3769741,0,-2.207384,699.434,1.771879,0.9829628,Straight,Up,0,0.7730255,TransSharp
78.53997,26.91595,0,0.1515234,0.3769741,0,-2.254242,700.5107,1.771824,0.9827818,Straight,Up,0,0.7656021,TransSharp
78.57997,26.91249,0,0.2961767,0.3769741,0,-2.301628,701.5872,1.771702,0.9825996,Straight,Up,0,0.7581787,TransSharp
78.61997,26.90575,1,0.3794932,0.3769741,0,-2.350845,702.6635,1.771363,0.9824166,Straight,Up,0,0.7507553,TransSharp
78.65997,26.90422,1,0.05630493,0.3769741,0,-2.403064,703.7397,1.77001,0.9822326,Straight,Up,0,0.7433472,TransSharp
78.69997,26.90301,1,-0.1725787,0.3809415,0,-2.457325,704.8159,1.767995,0.9820477,Straight,Up,0,0.7359314,TransSharp
78.73997,26.90077,1,-0.5598539,0.3809415,0,-2.514183,705.8919,1.765532,0.9818618,Straight,Up,0,0.728508,TransSharp
78.77998,26.89577,2,-0.7209885,0.3809415,0,-2.575924,706.9678,1.762061,0.981675,Straight,Up,0,0.7210922,TransSharp
78.81997,26.89702,2,-0.9626913,0.3849088,0,-2.634377,708.0436,1.760516,0.9814873,Straight,Up,0,0.7136688,TransSharp
78.85997,26.8991,2,-1.198901,0.3849088,0,-2.693619,709.1196,1.759629,0.9812986,Straight,Up,0,0.7062454,TransSharp
78.89997,26.89842,2,-1.144885,0.3849088,0,-2.756467,710.1955,1.757089,0.981109,Straight,Up,0,0.6988068,TransSharp
78.93997,26.90058,2,-0.8674747,0.3849088,0,-2.823084,711.2715,1.753091,0.9809184,Straight,Up,0,0.6913681,TransSharp
78.97997,26.90154,2,-0.05722046,0.3849088,0,-2.892012,712.3475,1.748056,0.980727,Straight,Up,0,0.6839142,TransSharp
79.01997,26.90441,2,0.5177379,0.3849088,0,-2.952627,713.4237,1.745261,0.9805345,Left,Up,-0.07401875,0.6764679,TransSharp
79.05997,26.90771,2,0.903182,0.3849088,0,-3.015568,714.4999,1.741933,0.9803411,Left,Up,-0.1101434,0.6612167,TransSharp
79.09998,26.90898,2,0.9800863,0.3849088,0,-3.079375,715.5763,1.73822,0.9801468,Left,Up,-0.1101434,0.6427078,TransSharp
79.13997,26.91235,2,1.019454,0.3849088,0,-3.137105,716.6528,1.734327,0.9799516,Left,Up,-0.1101434,0.6241913,TransSharp
79.17997,26.91587,2,0.9745932,0.3928435,0,-3.192792,717.7294,1.730914,0.9797554,Left,Up,-0.1101434,0.6056671,TransSharp
79.21997,26.9199,2,0.9132528,0.4007782,0,-3.250689,718.8062,1.7275,0.9795582,Left,Up,-0.1493534,0.5871429,TransSharp
79.25997,26.92693,2,1.072558,0.4047455,0,-3.299271,719.8831,1.724469,0.9793602,Left,Up,-0.1519511,0.5646896,TransSharp
79.29997,26.935,2,1.226367,0.4047455,0,-3.347715,720.9604,1.72188,0.9791613,Left,Up,-0.1519511,0.542038,TransSharp
79.33997,26.94167,2,1.35546,0.4047455,0,-3.390893,722.038,1.71964,0.9789613,Left,Up,-0.1643245,0.5193787,TransSharp
79.37997,26.94937,2,1.52117,0.4047455,0,-3.427803,723.1159,1.718037,0.9787605,Left,Up,-0.1866263,0.495369,TransSharp
79.41998,26.95488,2,1.50286,0.4047455,0,-3.460703,724.1941,1.716202,0.9785588,Left,Up,-0.1866263,0.4692764,TransSharp
79.45997,26.96086,2,1.555964,0.4047455,0,-3.484326,725.2725,1.715248,0.978356,Left,Up,-0.2017412,0.4431839,TransSharp
79.49997,26.96539,2,1.544062,0.4047455,0,-3.501988,726.351,1.714562,0.9781524,Left,Up,-0.2167048,0.4155273,TransSharp
79.53997,26.96915,2,1.477225,0.4087129,0,-3.510186,727.4297,1.714575,0.9779478,Left,Up,-0.2167048,0.3863907,TransSharp
79.57997,26.97175,2,1.457083,0.4087129,0,-3.508678,728.5085,1.714873,0.9777423,Left,Up,-0.2454926,0.3572464,TransSharp
79.61997,26.97614,2,1.319754,0.4087129,0,-3.499168,729.5875,1.716258,0.9775358,Left,Up,-0.2454926,0.3252716,TransSharp
79.65997,26.97395,2,1.239184,0.4126802,0,-3.474811,730.6666,1.715132,0.9773284,Left,Up,-0.2646699,0.2932968,TransSharp
79.69997,26.9714,2,1.067065,0.4126802,0,-3.44499,731.7454,1.715968,0.9771202,Left,Up,-0.2719625,0.2593842,TransSharp
79.73997,26.97779,2,0.8912802,0.4126802,0,-3.409164,732.8245,1.720501,0.9769109,Left,Up,-0.289391,0.2248459,TransSharp
79.77997,26.97657,2,0.868392,0.4126802,0,-3.369393,733.9037,1.724643,0.9767007,Left,Up,-0.2967354,0.1885376,TransSharp
79.81997,26.97935,2,0.6770432,0.4126802,0,-3.325425,734.9828,1.727347,0.9764897,Left,Up,-0.3177519,0.1515427,TransSharp
79.85997,26.98291,2,0.4682994,0.4126802,0,-3.276741,736.0621,1.729568,0.9762776,Left,Flat,-0.3232465,0.1124573,TransSharp
79.89997,26.9862,2,0.4234385,0.4166476,0,-3.224068,737.1415,1.731631,0.9760647,Left,Flat,-0.3432113,0.07272339,TransSharp
79.93997,26.99031,2,0.2540624,0.4166476,0,-3.166975,738.2211,1.733794,0.9758508,Left,Flat,-0.1282043,0.03118134,TransSharp
79.97997,26.99301,2,0.1057434,0.4166476,0,-3.106311,739.3008,1.736358,0.975636,Right,Flat,0.07132626,-0.01997375,TransSharp
80.01997,26.99578,2,-0.1185626,0.4166476,0,-3.043967,740.3806,1.739923,0.9754203,Right,Flat,0.07132626,-0.07752991,TransSharp
80.05997,27.00877,2,-0.3437859,0.4166476,0,-2.979491,741.4608,1.74697,0.9752036,Right,Flat,0.07132626,-0.1350174,TransSharp
80.09997,27.01509,2,-0.594644,0.4166476,0,-2.91297,742.5413,1.752828,0.9749861,Right,Down,0.06852804,-0.1924896,TransSharp
80.13997,27.02881,2,-0.7667667,0.4166476,0,-2.843255,743.6223,1.755902,0.9747675,Right,Down,0.07132626,-0.2500458,TransSharp
80.17997,27.04487,2,-1.032273,0.4166476,0,-2.770624,744.7039,1.75785,0.9745481,Right,Down,0.06852804,-0.3076248,TransSharp
80.21997,27.06044,2,-1.23827,0.4166476,0,-2.696014,745.7862,1.759764,0.9743277,Right,Down,0.07132626,-0.3652191,TransSharp
80.25997,27.07607,2,-1.168689,0.4166476,0,-2.619713,746.8691,1.761449,0.9741064,Straight,Down,0.03956468,-0.422821,TransSharp
80.29997,27.0918,2,-1.079881,0.4166476,0,-2.541897,747.9526,1.763373,0.9738842,Straight,Down,-0.01978234,-0.459549,TransSharp
80.33997,27.10477,1,-0.9800863,0.4206149,0,-2.463737,749.0367,1.765128,0.9736611,Straight,Down,0,-0.4752121,TransSharp
80.37997,27.12285,1,-1.049668,0.4245823,0,-2.385992,750.1214,1.766354,0.973437,Straight,Down,-0.01978234,-0.49086,TransSharp
80.41998,27.14187,1,-1.320668,0.4285496,0,-2.30741,751.2069,1.76683,0.973212,Straight,Down,-0.01978234,-0.5065155,TransSharp
80.45997,27.16019,1,-1.427786,0.4285496,0,-2.228998,752.2932,1.767078,0.9729861,Straight,Down,-0.01978234,-0.522171,TransSharp
80.49997,27.17446,0,-1.566948,0.4285496,0,-2.154284,753.38,1.767312,0.9727593,Straight,Down,-0.01978234,-0.5378494,TransSharp
80.53997,27.19511,0,-1.479973,0.432517,0,-2.082124,754.4676,1.767252,0.9725316,Straight,Down,0,-0.5535355,TransSharp
80.57997,27.21496,0,-1.293202,0.432517,0,-2.010852,755.556,1.76676,0.9723029,Straight,Down,0,-0.5692368,TransSharp
80.61997,27.23416,0,-1.121081,0.432517,0,-1.939911,756.6452,1.765689,0.9720733,Straight,Down,0,-0.5849686,TransSharp
80.65997,27.25249,0,-1.068894,0.432517,0,-1.869935,757.7351,1.764704,0.9718428,Straight,Down,-0.01978234,-0.600708,TransSharp
80.69997,27.26988,0,-1.063401,0.432517,0,-1.801385,758.8257,1.763782,0.9716114,Straight,Down,0,-0.6164551,TransSharp
80.73997,27.28641,0,-1.055161,0.4047455,0,-1.734872,759.9171,1.762928,0.971379,Straight,Down,0,-0.632225,TransSharp
80.77997,27.297,0,-1.010301,0.4047455,0,-1.670587,761.0089,1.762197,0.9711457,Straight,Down,0,-0.6480179,TransSharp
80.81997,27.30609,0,-0.9489584,0.4047455,0,-1.609127,762.101,1.761586,0.9709115,Straight,Down,0,-0.663826,TransSharp
80.85997,27.31462,0,-0.9040976,0.4047455,0,-1.550485,763.1935,1.761133,0.9706764,Straight,Down,0,-0.6796417,TransSharp
80.89997,27.32266,0,-0.8262759,0.4047455,0,-1.494875,764.2863,1.76045,0.9704404,Straight,Down,-0.01978234,-0.6954803,TransSharp
80.93997,27.33041,0,-0.7338059,0.4047455,0,-1.443073,765.3795,1.759969,0.9702035,Straight,Down,0,-0.7113342,TransSharp
80.97997,27.33793,0,-0.5836576,0.4047455,0,-1.394913,766.4729,1.759549,0.9699656,Straight,Down,0,-0.7272034,TransSharp
81.01997,27.34569,0,-0.3987175,0.4047455,0,-1.350796,767.5667,1.759343,0.9697268,Straight,Down,-0.01978234,-0.7430954,TransSharp
81.05997,27.35325,0,-0.2613866,0.3968109,0,-1.310808,768.6607,1.759349,0.9694871,Straight,Down,0,-0.7590027,TransSharp
81.09997,27.35986,0,-0.07644832,0.3968109,0,-1.274489,769.755,1.758797,0.9692465,Straight,Down,-0.01978234,-0.7749252,TransSharp
81.13997,27.36671,0,0.0453186,0.3968109,0,-1.242369,770.8496,1.75825,0.969005,Straight,Down,-0.01978234,-0.790863,TransSharp
81.17997,27.37407,0,0.1652563,0.3968109,0,-1.213979,771.9445,1.758002,0.9687625,Straight,Down,0,-0.8068161,TransSharp
81.21997,27.3816,0,0.2540624,0.3809415,0,-1.189161,773.0397,1.757836,0.9685192,Straight,Down,-0.01978234,-0.8227921,TransSharp
81.25997,27.38786,0,0.3099096,0.3690242,0,-1.167893,774.1351,1.757648,0.9682749,Straight,Down,0,-0.8387756,TransSharp
81.29997,27.389,0,0.3740001,0.3690242,0,-1.148059,775.2307,1.757357,0.9680298,Straight,Down,0,-0.8547592,TransSharp
81.33997,27.39488,0,0.4042125,0.3690242,0,-1.123177,776.3265,1.760022,0.9677837,Straight,Down,-0.01978234,-0.8707504,TransSharp
81.37997,27.40071,0,0.4325938,0.3690242,0,-1.101169,777.4225,1.761864,0.9675367,Straight,Down,0,-0.8867493,TransSharp
81.41997,27.40471,0,0.4682994,0.3690242,0,-1.081876,778.5186,1.762252,0.9672888,Straight,Down,-0.01978234,-0.9027557,TransSharp
81.45997,27.41216,0,0.5049205,0.3690242,0,-1.06513,779.615,1.761707,0.9670399,Straight,Down,-0.01978234,-0.9187851,TransSharp
81.49997,27.41929,0,0.5470347,0.3610895,0,-1.050326,780.7117,1.760852,0.9667902,Straight,Down,0,-0.9348297,TransSharp
81.53997,27.42508,0,0.5644298,0.3571222,0,-1.037445,781.8087,1.760003,0.9665396,Straight,Down,0,-0.950882,TransSharp
81.57997,27.42943,0,0.5479503,0.3571222,0,-1.026397,782.9058,1.759373,0.966288,Straight,Down,0,-0.9669418,TransSharp
81.61997,27.4336,0,0.5104136,0.3571222,0,-1.016952,784.0031,1.758647,0.9660355,Straight,Down,-0.02797646,-0.9775162,TransSharp
81.65997,27.43765,0,0.439918,0.3571222,0,-1.008644,785.1006,1.757963,0.9657822,Straight,Down,-0.03426402,-0.9798203,TransSharp
81.69997,27.44157,0,0.3382909,0.3571222,0,-1.001372,786.1982,1.757281,0.9655279,Straight,Down,-0.02797646,-0.9821167,TransSharp
81.73997,27.44535,0,0.2778661,0.3571222,0,-0.9951301,787.296,1.756787,0.9652727,Straight,Down,-0.02797646,-0.9844131,TransSharp
81.77997,27.44917,0,0.2302587,0.3571222,0,-0.9897013,788.3939,1.756648,0.9650167,Straight,Down,-0.02797646,-0.9867096,TransSharp
81.81997,27.4527,0,0.2018774,0.3571222,0,-0.9853909,789.492,1.756917,0.9647596,Straight,Down,-0.03426402,-0.989006,TransSharp
81.85997,27.45581,0,0.1881444,0.3571222,0,-0.9813068,790.5902,1.755771,0.9645017,Straight,Down,-0.02797646,-0.9913101,TransSharp
81.89997,27.45933,0,0.1643407,0.3571222,0,-0.9775065,791.6885,1.754998,0.9642429,Straight,Down,-0.03426402,-0.9936142,TransSharp
81.93997,27.4608,0,0.1350439,0.3571222,0,-0.9739301,792.7869,1.754555,0.9639832,Straight,Down,-0.03426402,-0.995903,TransSharp
81.97997,27.46412,0,0.08102417,0.3571222,0,-0.9620486,793.8854,1.754998,0.9637226,Straight,Down,-0.02797646,-0.9981995,TransSharp
82.01997,27.4673,0,0.01419067,0.3571222,0,-0.9462953,794.9841,1.755666,0.9634611,Straight,Down,-0.02797646,-1.000504,TransSharp
82.05997,27.46941,0,-0.04806519,0.3571222,0,-0.9302555,796.0828,1.756032,0.9631987,Straight,Down,-0.02797646,-1.0028,TransSharp
82.09997,27.47291,0,-0.1414508,0.3571222,0,-0.9137686,797.1817,1.756121,0.9629353,Straight,Down,-0.02797646,-1.005096,TransSharp
82.13997,27.47633,0,-0.1954687,0.3571222,0,-0.8973234,798.2807,1.755945,0.962671,Straight,Down,-0.02797646,-1.007393,TransSharp
82.17997,27.47971,0,-0.2504003,0.3571222,0,-0.880914,799.3799,1.755649,0.9624059,Straight,Down,-0.02797646,-1.009689,TransSharp
82.21997,27.48301,0,-0.297094,0.3571222,0,-0.8643318,800.4792,1.755321,0.9621398,Straight,Down,-0.02797646,-1.011986,TransSharp
82.25997,27.48631,0,-0.3282219,0.3571222,0,-0.8475611,801.5786,1.754989,0.9618729,Straight,Down,-0.03426402,-1.01429,TransSharp
82.29997,27.48953,0,-0.3749138,0.3571222,0,-0.8306947,802.6782,1.754587,0.9616051,Straight,Down,-0.03956468,-1.014061,TransSharp
82.33997,27.49323,0,-0.4106212,0.3571222,0,-0.8141975,803.7779,1.754821,0.9613364,Straight,Down,-0.03956468,-1.01284,TransSharp
82.37997,27.49663,0,-0.4472423,0.3571222,0,-0.7978699,804.8777,1.753335,0.9610668,Straight,Down,-0.03956468,-1.011612,TransSharp
82.41997,27.49936,0,-0.5122447,0.3571222,0,-0.7812121,805.9776,1.752057,0.9607962,Straight,Down,-0.04423466,-1.010384,TransSharp
82.45997,27.50096,0,-0.5717558,0.3571222,0,-0.7621465,807.0776,1.751574,0.9605248,Straight,Down,-0.03956468,-1.009155,TransSharp
82.49997,27.50464,0,-0.67155,0.3571222,0,-0.734938,808.1778,1.752204,0.9602525,Straight,Down,-0.03956468,-1.007927,TransSharp
82.53997,27.50707,0,-0.737468,0.3571222,0,-0.7078545,809.2781,1.752666,0.9599792,Straight,Down,-0.03956468,-1.006699,TransSharp
82.57997,27.50957,0,-0.7988101,0.3571222,0,-0.6812299,810.3784,1.752741,0.9597051,Straight,Down,-0.04423466,-1.00547,TransSharp
82.61997,27.51264,0,-0.8372623,0.3571222,0,-0.6554784,811.4789,1.752578,0.9594301,Straight,Down,-0.03956468,-1.004242,TransSharp
82.65997,27.51548,0,-0.8381778,0.3571222,0,-0.6306728,812.5795,1.752432,0.9591541,Straight,Down,-0.03956468,-1.003006,TransSharp
82.69997,27.51814,0,-0.828107,0.3571222,0,-0.6069841,813.6802,1.752231,0.9588773,Straight,Down,-0.03956468,-1.00177,TransSharp
82.73997,27.52117,0,-0.8134586,0.3571222,0,-0.5848813,814.781,1.752191,0.9585996,Straight,Down,-0.03956468,-1.000534,TransSharp
82.77997,27.52308,0,-0.7722598,0.3571222,0,-0.5648475,815.8819,1.751319,0.958321,Left,Down,-0.05233916,-0.9991837,TransSharp
82.81997,27.5242,0,-0.7264817,0.3571222,0,-0.5460494,816.9828,1.749406,0.9580415,Straight,Down,-0.04845664,-0.9955521,TransSharp
82.85997,27.52444,0,-0.6834519,0.3571222,0,-0.5272996,818.0838,1.748304,0.9577611,Left,Down,-0.05233916,-0.9919205,TransSharp
82.89997,27.52625,0,-0.6376737,0.3571222,0,-0.5015648,819.1848,1.748727,0.9574798,Straight,Down,-0.04845664,-0.9882813,TransSharp
82.93997,27.52669,0,-0.6010526,0.3571222,0,-0.4775199,820.2859,1.749211,0.9571977,Left,Down,-0.05233916,-0.984642,TransSharp
82.97997,27.52681,0,-0.5525297,0.3571222,0,-0.455609,821.387,1.749464,0.9569147,Straight,Down,-0.04845664,-0.9810028,TransSharp
83.01997,27.5277,0,-0.5186534,0.3571222,0,-0.4359955,822.488,1.749539,0.9566306,Straight,Down,-0.04845664,-0.9773636,TransSharp
83.05997,27.52849,0,-0.5122447,0.3571222,0,-0.4191129,823.5892,1.749195,0.9563458,Straight,Down,-0.04845664,-0.9737167,TransSharp
83.09997,27.52979,0,-0.5067515,0.3571222,0,-0.4055333,824.6904,1.749266,0.9560601,Left,Down,-0.05233916,-0.9700699,TransSharp
83.13997,27.53028,0,-0.4994273,0.3571222,0,-0.3949274,825.7916,1.747378,0.9557734,Straight,Down,-0.04845664,-0.9664154,TransSharp
83.17997,27.52852,0,-0.4820323,0.3571222,0,-0.3870122,826.8928,1.74546,0.9554859,Left,Down,-0.05934703,-0.9627533,TransSharp
83.21997,27.52837,0,-0.4463267,0.3531548,0,-0.3751345,827.9939,1.745451,0.9551975,Left,Down,-0.05934703,-0.9574051,TransSharp
83.25997,27.52887,0,-0.4106212,0.3531548,0,-0.3627895,829.0951,1.746066,0.9549083,Left,Down,-0.05934703,-0.9516983,TransSharp
83.29997,27.52685,0,-0.3675896,0.3531548,0,-0.3532759,830.1962,1.746567,0.9546181,Left,Down,-0.05934703,-0.9459915,TransSharp
83.33997,27.52646,0,-0.3346306,0.3531548,0,-0.3467719,831.2972,1.746662,0.954327,Left,Down,-0.06255726,-0.9402847,TransSharp
83.37997,27.52641,0,-0.3053337,0.3531548,0,-0.34347,832.3983,1.746698,0.9540351,Left,Down,-0.05934703,-0.9345551,TransSharp
83.41997,27.52667,0,-0.2906835,0.3531548,0,-0.3442071,833.4994,1.746388,0.9537422,Left,Down,-0.05934703,-0.9288406,TransSharp
83.45997,27.52553,0,-0.2906835,0.3531548,0,-0.3473275,834.6005,1.744077,0.9534485,Left,Down,-0.06255726,-0.923111,TransSharp
83.49997,27.52397,0,-0.2906835,0.3531548,0,-0.3490977,835.7014,1.742912,0.9531538,Left,Down,-0.06255726,-0.9173813,TransSharp
83.53997,27.52446,0,-0.3208977,0.3531548,0,-0.3482571,836.8024,1.743582,0.9528584,Left,Down,-0.07132626,-0.9112091,TransSharp
83.57997,27.52256,0,-0.3767449,0.3491875,0,-0.3497636,837.9033,1.744304,0.952562,Left,Down,-0.07401875,-0.9035187,TransSharp
83.61997,27.52129,0,-0.4234385,0.3372854,0,-0.3546315,839.0042,1.744479,0.9522648,Left,Down,-0.07132626,-0.8958359,TransSharp
83.65997,27.5197,0,-0.4408336,0.3333181,0,-0.3629928,840.105,1.7449,0.9519666,Left,Down,-0.06852804,-0.8881454,TransSharp
83.69997,27.51555,0,-0.4454112,0.3333181,0,-0.3747343,841.2056,1.743287,0.9516677,Left,Down,-0.07132626,-0.8804474,TransSharp
83.73997,27.50802,0,-0.439918,0.3333181,0,-0.3874432,842.306,1.740993,0.9513677,Left,Down,-0.07132626,-0.8727417,TransSharp
83.77997,27.50418,0,-0.4298472,0.3333181,0,-0.3949382,843.4063,1.741704,0.951067,Left,Down,-0.07132626,-0.8650436,TransSharp
83.81997,27.49988,0,-0.4051262,0.3333181,0,-0.4048733,844.5063,1.742541,0.9507653,Left,Down,-0.08156469,-0.8573532,TransSharp
83.85997,27.49367,0,-0.3813225,0.3333181,0,-0.4173572,845.6061,1.742981,0.9504628,Left,Down,-0.08392937,-0.8479385,TransSharp
83.89997,27.49004,0,-0.3456169,0.3333181,0,-0.4337058,846.7057,1.74386,0.9501594,Left,Down,-0.08392937,-0.8382797,TransSharp
83.93997,27.48401,0,-0.3273064,0.3333181,0,-0.4523937,847.8052,1.740725,0.9498551,Left,Down,-0.08392937,-0.8286133,TransSharp
83.97997,27.47808,0,-0.3108269,0.3333181,0,-0.4667021,848.9044,1.739684,0.94955,Left,Down,-0.08156469,-0.8189468,TransSharp
84.01997,27.47515,0,-0.3099114,0.3333181,0,-0.4810666,850.0034,1.740395,0.9492439,Left,Down,-0.08392937,-0.8092804,TransSharp
84.05997,27.46849,0,-0.3099114,0.3333181,0,-0.4972056,851.1022,1.741129,0.9489369,Left,Down,-0.08846933,-0.7996216,TransSharp
84.09997,27.46495,0,-0.3099114,0.3333181,0,-0.5170105,852.2008,1.74247,0.9486291,Left,Down,-0.09487279,-0.7889557,TransSharp
84.13997,27.45823,0,-0.3099114,0.3333181,0,-0.5387542,853.2993,1.739466,0.9483205,Left,Down,-0.09487279,-0.7772675,TransSharp
84.17997,27.45263,0,-0.3099114,0.3333181,0,-0.5547584,854.3974,1.738512,0.948011,Left,Down,-0.09487279,-0.7655869,TransSharp
84.21997,27.45007,0,-0.3089958,0.3333181,0,-0.5722493,855.4954,1.739302,0.9477006,Left,Down,-0.09278741,-0.7539063,TransSharp
84.25997,27.44379,0,-0.3044182,0.3333181,0,-0.5916944,856.5933,1.740334,0.9473893,Left,Down,-0.09487279,-0.7422256,TransSharp
84.29997,27.44018,0,-0.3025872,0.3333181,0,-0.6141914,857.6909,1.739965,0.9470772,Left,Down,-0.1065312,-0.7305298,TransSharp
84.33997,27.4318,0,-0.3025872,0.3333181,0,-0.6342616,858.7883,1.737601,0.9467641,Left,Down,-0.1065312,-0.7168579,TransSharp
84.37997,27.42862,0,-0.3025872,0.3333181,0,-0.651448,859.8854,1.738083,0.9464502,Left,Down,-0.1083524,-0.7030792,TransSharp
84.41997,27.42383,0,-0.3025872,0.3333181,0,-0.6712579,860.9824,1.73924,0.9461354,Left,Down,-0.1065312,-0.6893005,TransSharp
84.45997,27.41806,0,-0.3025872,0.3333181,0,-0.6934322,862.0792,1.73838,0.9458198,Left,Down,-0.1065312,-0.675499,TransSharp
84.49997,27.41048,0,-0.3163201,0.3333181,0,-0.7107984,863.1757,1.736436,0.9455032,Left,Down,-0.1203313,-0.6616745,TransSharp
84.53997,27.40724,0,-0.3437859,0.3333181,0,-0.727271,864.272,1.736978,0.9451858,Left,Down,-0.1219466,-0.645668,TransSharp
84.57997,27.40291,0,-0.4234385,0.3333181,0,-0.7466649,865.3682,1.73906,0.9448676,Left,Down,-0.1219466,-0.6296616,TransSharp
84.61997,27.39367,0,-0.5241466,0.3333181,0,-0.7661237,866.4641,1.735321,0.9445485,Left,Down,-0.1219466,-0.6136475,TransSharp
84.65997,27.38804,0,-0.6056303,0.3333181,0,-0.7786888,867.5596,1.735425,0.9442285,Left,Down,-0.1297215,-0.5976334,TransSharp
84.69997,27.38758,0,-0.6742966,0.3333181,0,-0.7959242,868.6551,1.737458,0.9439077,Left,Down,-0.1370561,-0.5801697,TransSharp
84.73997,27.37532,0,-0.7090867,0.3333181,0,-0.8144027,869.7502,1.734127,0.943586,Left,Down,-0.1356209,-0.5618134,TransSharp
84.77997,27.36877,0,-0.7191575,0.3333181,0,-0.8243752,870.845,1.73449,0.9432634,Left,Down,-0.1370561,-0.5434647,TransSharp
84.81997,27.36884,0,-0.720073,0.3333181,0,-0.8394998,871.9398,1.736625,0.9429399,Left,Down,-0.1480375,-0.525116,TransSharp
84.85997,27.35407,0,-0.720073,0.3333181,0,-0.8540922,873.034,1.733291,0.9426156,Left,Down,-0.1519511,-0.5049133,TransSharp
84.89997,27.3473,0,-0.720073,0.3333181,0,-0.8621217,874.1279,1.733788,0.9422905,Left,Down,-0.1519511,-0.484108,TransSharp
84.93997,27.34579,0,-0.7255661,0.3333181,0,-0.8757061,875.2219,1.73506,0.9419645,Left,Down,-0.1545051,-0.463295,TransSharp
84.97997,27.33145,0,-0.7319748,0.3333181,0,-0.8833544,876.3152,1.732846,0.9416376,Left,Down,-0.1690205,-0.4417877,TransSharp
85.01997,27.32933,0,-0.754863,0.3333181,0,-0.8917659,877.4083,1.734832,0.9413098,Left,Down,-0.1690205,-0.4183502,TransSharp
85.05997,27.31622,0,-0.7841617,0.3333181,0,-0.8996493,878.5012,1.731478,0.9409813,Left,Down,-0.1701742,-0.3949051,TransSharp
85.09997,27.3052,0,-0.8336002,0.3333181,0,-0.9030238,879.5934,1.728653,0.9406517,Left,Down,-0.1866263,-0.3711853,TransSharp
85.13997,27.29972,0,-0.8848715,0.3333181,0,-0.9093736,880.6855,1.728127,0.9403214,Left,Down,-0.1866263,-0.3449326,TransSharp
85.17997,27.28136,0,-0.9050131,0.3333181,0,-0.909804,881.777,1.724278,0.9399902,Left,Down,-0.1897456,-0.3187103,TransSharp
85.21997,27.27276,0,-0.9095907,0.3333181,0,-0.9112217,882.8681,1.725418,0.9396582,Left,Down,-0.2065338,-0.291832,TransSharp
85.25997,27.25722,0,-0.9050131,0.3333181,0,-0.9084634,883.9586,1.723716,0.9393253,Left,Down,-0.2065338,-0.2627029,TransSharp
85.29997,27.2449,0,-0.8921957,0.3333181,0,-0.9033713,885.0486,1.726311,0.9389915,Left,Down,-0.2185032,-0.2335968,TransSharp
85.33997,27.23343,0,-0.8848715,0.3333181,0,-0.8975433,886.138,1.726907,0.9386569,Left,Down,-0.2264194,-0.2025452,TransSharp
85.37997,27.22072,0,-0.878461,0.3333181,0,-0.8870698,887.2269,1.728533,0.9383214,Left,Down,-0.2306999,-0.170372,TransSharp
85.41997,27.2061,0,-0.8574039,0.3333181,0,-0.8778372,888.3152,1.729549,0.9379851,Left,Flat,-0.2478722,-0.1373596,TransSharp
85.45997,27.19395,0,-0.8336002,0.3333181,0,-0.864397,889.4031,1.730407,0.9376478,Left,Flat,-0.2486604,-0.1019669,TransSharp
85.49997,27.17913,0,-0.7914859,0.3333181,0,-0.8521574,890.4904,1.730491,0.9373098,Left,Flat,-0.2712421,-0.0666275,TransSharp
85.53997,27.16879,0,-0.762189,0.3333181,0,-0.8366107,891.5772,1.731399,0.936971,Left,Flat,-0.2755364,-0.03131104,TransSharp
85.57997,27.15189,0,-0.7383835,0.3333181,0,-0.8220271,892.6635,1.729736,0.9366313,Left,Flat,-0.3109043,-0.005607605,TransSharp
85.61997,27.14377,0,-0.7127488,0.3293507,0,-0.8073723,893.7493,1.731658,0.9362906,Left,Flat,-0.3045456,-0.02503204,TransSharp
85.65997,27.12892,0,-0.6907761,0.3253834,0,-0.7911355,894.8346,1.730489,0.9359493,Left,Flat,-0.2920831,-0.04394531,TransSharp
85.69997,27.11671,0,-0.6614792,0.3253834,0,-0.7789499,895.9193,1.73157,0.9356069,Left,Flat,-0.2832403,-0.06214142,TransSharp
85.73997,27.1032,0,-0.6440824,0.3134814,0,-0.7610834,897.0036,1.730512,0.9352638,Left,Flat,-0.2741124,-0.0796814,TransSharp
85.77997,27.08236,0,-0.6422514,0.3055466,0,-0.7466477,898.0871,1.728223,0.9349197,Left,Flat,-0.2654082,-0.09666443,TransSharp
85.81997,27.0714,0,-0.6422514,0.3015793,0,-0.7337971,899.1702,1.730119,0.934575,Left,Flat,-0.2564087,-0.112999,TransSharp
85.85997,27.05274,0,-0.6422514,0.3015793,0,-0.7184982,900.2525,1.729306,0.9342293,Left,Flat,-0.2502292,-0.1288147,TransSharp
85.89997,27.03109,0,-0.6422514,0.3015793,0,-0.7065301,901.334,1.727308,0.9338828,Left,Flat,-0.2382111,-0.1441269,TransSharp
85.93997,27.01739,0,-0.6083769,0.3015793,0,-0.6958327,902.4149,1.728917,0.9335354,Left,Down,-0.2382111,-0.1587677,TransSharp
85.97997,26.99893,0,-0.5479521,0.3015793,0,-0.6830402,903.495,1.728235,0.9331872,Left,Down,-0.2211734,-0.1733093,TransSharp
86.01997,26.97951,0,-0.4124522,0.3015793,0,-0.6739575,904.5743,1.725949,0.9328381,Left,Down,-0.2211734,-0.1868057,TransSharp
86.05997,26.96603,0,-0.2604711,0.3015793,0,-0.668111,905.6531,1.727808,0.9324882,Left,Down,-0.2121421,-0.2002869,TransSharp
86.09997,26.94955,0,-0.06363094,0.3015793,0,-0.6577793,906.7313,1.726964,0.9321374,Left,Down,-0.2046302,-0.2131119,TransSharp
86.13997,26.93134,0,0.06454468,0.3015793,0,-0.650418,907.8088,1.725793,0.9317858,Left,Down,-0.2046302,-0.2254715,TransSharp
86.17997,26.91827,0,0.09292603,0.3015793,0,-0.6469844,908.8857,1.725961,0.9314333,Left,Down,-0.1907741,-0.2378006,TransSharp
86.21997,26.90515,0,0.09292603,0.3015793,0,-0.6407495,909.962,1.72662,0.9310802,Left,Down,-0.1876719,-0.2492676,TransSharp
86.25997,26.89002,0,0.07644653,0.3015793,0,-0.6330329,911.0378,1.725707,0.9307261,Left,Down,-0.1866263,-0.260498,TransSharp
86.29997,26.87692,0,0.03433228,0.2856947,0,-0.628431,912.113,1.724186,0.930371,Left,Down,-0.1735894,-0.2717209,TransSharp
86.33997,26.86115,0,0.02151489,0.2618906,0,-0.6272776,913.1876,1.724165,0.9300153,Left,Down,-0.1713202,-0.2820816,TransSharp
86.37997,26.84224,0,0.02151489,0.2579232,0,-0.6236191,914.2615,1.725032,0.9296586,Left,Down,-0.1713202,-0.2922211,TransSharp
86.41997,26.81932,0,0.03250122,0.2579232,0,-0.6172646,915.3345,1.72438,0.9293011,Left,Down,-0.1643245,-0.3023453,TransSharp
86.45997,26.79816,0,0.05081177,0.2579232,0,-0.6139984,916.4066,1.723536,0.9289428,Left,Down,-0.1545051,-0.3119278,TransSharp
86.49997,26.7755,0,0.06362915,0.2579232,0,-0.6132284,917.4778,1.722302,0.9285836,Left,Down,-0.1557664,-0.3209915,TransSharp
86.53997,26.75576,0,0.08651733,0.2579232,0,-0.6154383,918.5482,1.724347,0.9282237,Left,Down,-0.1545051,-0.33004,TransSharp
86.57997,26.73433,0,0.1057434,0.2579232,0,-0.6088533,919.6177,1.723965,0.9278629,Left,Down,-0.1398823,-0.3390656,TransSharp
86.61997,26.71219,0,0.140537,0.2579232,0,-0.6034117,920.6865,1.722848,0.9275012,Left,Down,-0.1384764,-0.3472137,TransSharp
86.65997,26.6927,0,0.1469457,0.2579232,0,-0.6001751,921.7544,1.721997,0.9271387,Left,Down,-0.1384764,-0.3551941,TransSharp
86.69997,26.67142,0,0.1368749,0.2579232,0,-0.5982058,922.8215,1.720767,0.9267753,Left,Down,-0.1384764,-0.3631592,TransSharp
86.73997,26.65173,0,0.04623413,0.2579232,0,-0.5979971,923.8877,1.721805,0.9264113,Left,Down,-0.1266688,-0.371109,TransSharp
86.77997,26.6319,0,-0.0590533,0.2579232,0,-0.5920381,924.9532,1.722268,0.9260463,Left,Down,-0.1219466,-0.3783646,TransSharp
86.81997,26.61046,0,-0.190891,0.2579232,0,-0.5827636,926.0178,1.721454,0.9256804,Left,Down,-0.1219466,-0.3852539,TransSharp
86.85997,26.59105,0,-0.2623022,0.2579232,0,-0.5753368,927.0816,1.720604,0.9253138,Left,Down,-0.1235407,-0.3921356,TransSharp
86.89997,26.57058,0,-0.3053337,0.2579232,0,-0.5693883,928.1447,1.720059,0.9249464,Left,Down,-0.1219466,-0.3990173,TransSharp
86.93997,26.54981,0,-0.3099114,0.2579232,0,-0.564638,929.2068,1.719388,0.9245781,Left,Down,-0.1065312,-0.4058838,TransSharp
86.97997,26.52961,0,-0.3053337,0.2579232,0,-0.5609118,930.2682,1.719917,0.9242089,Left,Down,-0.1065312,-0.4117508,TransSharp
87.01997,26.51086,0,-0.298925,0.2579232,0,-0.5565679,931.3288,1.721135,0.923839,Left,Down,-0.1065312,-0.4175568,TransSharp
87.05997,26.49036,0,-0.2861059,0.2579232,0,-0.5429867,932.3886,1.720551,0.9234682,Left,Down,-0.1065312,-0.4233551,TransSharp
87.09997,26.47022,0,-0.2787817,0.2579232,0,-0.5309694,933.4476,1.719789,0.9230967,Left,Down,-0.1065312,-0.4291458,TransSharp
87.13997,26.45113,0,-0.2787817,0.2579232,0,-0.5200084,934.5059,1.718994,0.9227241,Left,Down,-0.09691329,-0.4349289,TransSharp
87.17997,26.43131,0,-0.2815282,0.2579232,0,-0.5100813,935.5634,1.718443,0.922351,Left,Down,-0.09065409,-0.4401627,TransSharp
87.21997,26.41154,0,-0.3035027,0.2579232,0,-0.5012915,936.6201,1.718086,0.9219769,Left,Down,-0.08846933,-0.4448395,TransSharp
87.25997,26.39155,0,-0.3218132,0.2579232,0,-0.4933377,937.6759,1.717409,0.921602,Left,Down,-0.08846933,-0.4495087,TransSharp
87.29997,26.37197,0,-0.3447014,0.2579232,0,-0.4866189,938.731,1.71775,0.9212261,Left,Down,-0.09065409,-0.4541855,TransSharp
87.33997,26.35354,0,-0.3520256,0.2579232,0,-0.4811275,939.7853,1.718472,0.9208497,Left,Down,-0.08846933,-0.4588394,TransSharp
87.37997,26.33391,0,-0.3575188,0.2579232,0,-0.4677516,940.8389,1.718011,0.9204723,Left,Down,-0.08846933,-0.463501,TransSharp
87.41997,26.31436,0,-0.3639275,0.2579232,0,-0.4523464,941.8917,1.717129,0.9200941,Left,Down,-0.07132626,-0.4681549,TransSharp
87.45997,26.29574,0,-0.3685051,0.2579232,0,-0.4385865,942.9437,1.716395,0.919715,Left,Down,-0.07132626,-0.4717407,TransSharp
87.49997,26.27649,0,-0.3758293,0.2579232,0,-0.4263507,943.9949,1.715817,0.9193353,Left,Down,-0.06852804,-0.4751663,TransSharp
87.53997,26.25727,0,-0.3758293,0.2579232,0,-0.415526,945.0454,1.715255,0.9189546,Left,Down,-0.06852804,-0.4785919,TransSharp
87.57997,26.23807,0,-0.3584343,0.2579232,0,-0.4060069,946.0952,1.714887,0.9185733,Left,Down,-0.07132626,-0.4820175,TransSharp
87.61997,26.21893,0,-0.2449071,0.2579232,0,-0.398041,947.1441,1.714684,0.9181909,Left,Down,-0.07132626,-0.4854355,TransSharp
87.65997,26.19986,0,-0.1139849,0.2579232,0,-0.3914322,948.1923,1.714302,0.9178078,Left,Down,-0.06852804,-0.4888535,TransSharp
87.69997,26.18093,0,0.03433228,0.2579232,0,-0.3861893,949.2397,1.71378,0.9174239,Left,Down,-0.06852804,-0.4922638,TransSharp
87.73997,26.16193,0,0.110321,0.2579232,0,-0.3818398,950.2864,1.713235,0.9170392,Left,Down,-0.0656106,-0.4956741,TransSharp
87.77997,26.14344,0,0.1185644,0.2579232,0,-0.3781902,951.3323,1.712939,0.9166536,Straight,Down,-0.04423466,-0.4987335,TransSharp
87.81997,26.12497,0,0.1185644,0.2579232,0,-0.3756992,952.3776,1.713379,0.9162673,Straight,Down,-0.04423466,-0.5005341,TransSharp
87.85997,26.10683,0,0.1185644,0.2579232,0,-0.3743701,953.4221,1.71352,0.9158802,Straight,Down,-0.04423466,-0.502327,TransSharp
87.89997,26.0894,0,0.1112366,0.2579232,0,-0.373757,954.4658,1.713298,0.9154923,Straight,Down,-0.04423466,-0.5041275,TransSharp
87.93997,26.07114,0,0.1057434,0.2579232,0,-0.3688149,955.5089,1.712463,0.9151035,Straight,Down,-0.04423466,-0.5059204,TransSharp
87.97997,26.05321,0,0.1057434,0.2579232,0,-0.3629419,956.5511,1.711694,0.9147139,Straight,Down,-0.04423466,-0.5077209,TransSharp
88.01997,26.03568,0,0.1057434,0.2579232,0,-0.3582437,957.5927,1.711038,0.9143236,Straight,Down,-0.04423466,-0.5095062,TransSharp
88.05997,26.01774,0,0.1121521,0.2579232,0,-0.3547154,958.6335,1.71055,0.9139323,Straight,Down,-0.04423466,-0.5112991,TransSharp
88.09997,25.99989,0,0.1423681,0.2579232,0,-0.3523895,959.6738,1.710176,0.9135403,Straight,Down,-0.04423466,-0.5130844,TransSharp
88.13997,25.98215,0,0.1881444,0.2579232,0,-0.3508087,960.7133,1.709987,0.9131474,Straight,Down,-0.04423466,-0.5148773,TransSharp
88.17997,25.96448,0,0.2256811,0.2579232,0,-0.3499727,961.752,1.709763,0.9127539,Straight,Down,-0.04423466,-0.5166626,TransSharp
88.21997,25.9469,0,0.2851903,0.2579232,0,-0.3494868,962.79,1.709391,0.9123595,Straight,Down,-0.04423466,-0.5184402,TransSharp
88.25997,25.9294,0,0.3382909,0.2579232,0,-0.3494281,963.8274,1.709113,0.9119643,Straight,Down,-0.04423466,-0.5202255,TransSharp
88.29996,25.91193,0,0.3987193,0.2579232,0,-0.3496137,964.8641,1.708743,0.9115682,Straight,Down,-0.04845664,-0.5220032,TransSharp
88.33997,25.89452,0,0.4151988,0.2579232,0,-0.3498208,965.9,1.708337,0.9111714,Straight,Down,0,-0.5237808,TransSharp
88.37997,25.87716,0,0.4106212,0.2579232,0,-0.3499527,966.9352,1.708089,0.9107737,Straight,Down,0,-0.5226669,TransSharp
88.41997,25.8598,0,0.3694224,0.2579232,0,-0.3500827,967.9698,1.707789,0.9103753,Straight,Down,0,-0.5211029,TransSharp
88.45997,25.84246,0,0.3437841,0.2579232,0,-0.3501567,969.0037,1.707564,0.909976,Straight,Down,0,-0.5195389,TransSharp
88.49997,25.82514,0,0.3327978,0.2579232,0,-0.3501079,970.0369,1.707128,0.9095761,Straight,Down,0,-0.5179749,TransSharp
88.53997,25.8078,0,0.3327978,0.2579232,0,-0.3499107,971.0694,1.706681,0.9091753,Straight,Down,0,-0.5164108,TransSharp
88.57997,25.79048,0,0.3327978,0.2579232,0,-0.349469,972.1012,1.706365,0.9087735,Straight,Down,0,-0.5148544,TransSharp
88.61997,25.77315,0,0.3327978,0.2579232,0,-0.3484805,973.1323,1.70609,0.9083712,Straight,Down,0,-0.5132904,TransSharp
88.65997,25.75579,0,0.3327978,0.2579232,0,-0.3471617,974.1627,1.705848,0.9079679,Straight,Down,0,-0.511734,TransSharp
88.69997,25.73847,0,0.3318822,0.2579232,0,-0.3453725,975.1924,1.705662,0.9075639,Straight,Down,0,-0.5101776,TransSharp
88.73997,25.72111,0,0.3154027,0.27776,0,-0.3427666,976.2214,1.705463,0.9071591,Straight,Down,0,-0.5086212,TransSharp
88.77997,25.70792,0,0.3025854,0.27776,0,-0.3393255,977.2499,1.705095,0.9067535,Straight,Down,0,-0.5070648,TransSharp
88.81997,25.69491,0,0.2613866,0.27776,0,-0.335113,978.2778,1.70474,0.9063472,Straight,Down,0,-0.5055084,TransSharp
88.85997,25.68193,0,0.2174413,0.27776,0,-0.3297753,979.3052,1.704417,0.9059399,Straight,Down,0,-0.503952,TransSharp
88.89997,25.66888,0,0.140537,0.27776,0,-0.3236669,980.3321,1.704219,0.9055319,Straight,Down,0,-0.502388,TransSharp
88.93997,25.65607,0,0.06362915,0.27776,0,-0.316429,981.3585,1.703963,0.9051232,Straight,Down,0,-0.5008392,TransSharp
88.97997,25.64331,0,0.01602173,0.27776,0,-0.3081639,982.3843,1.703797,0.9047136,Straight,Down,0,-0.4992828,TransSharp
89.01997,25.63056,0,-0.01693726,0.27776,0,-0.2991101,983.4097,1.70365,0.9043032,Straight,Down,0,-0.4977341,TransSharp
89.05997,25.61794,0,-0.02151489,0.27776,0,-0.2890686,984.4346,1.703387,0.9038921,Straight,Down,0,-0.4961777,TransSharp
89.09997,25.6055,0,0.02059937,0.27776,0,-0.2779459,985.4589,1.703173,0.9034802,Straight,Down,0,-0.4946289,TransSharp
89.13997,25.59313,0,0.08102417,0.27776,0,-0.2659658,986.4827,1.702831,0.9030674,Straight,Down,0,-0.4930725,TransSharp
89.17997,25.58077,0,0.1185644,0.27776,0,-0.2527622,987.506,1.702485,0.9026539,Straight,Down,0,-0.4915237,TransSharp
89.21997,25.56847,0,0.140537,0.27776,0,-0.2386861,988.5288,1.702212,0.9022397,Straight,Down,0,-0.489975,TransSharp
89.25997,25.55622,0,0.1414526,0.27776,0,-0.2235174,989.5511,1.701912,0.9018246,Straight,Down,0,-0.4884262,TransSharp
89.29996,25.54493,0,0.1414526,0.27776,0,-0.2071581,990.5731,1.701843,0.9014088,Straight,Down,0,-0.4868698,TransSharp
89.33997,25.53178,0,0.1460302,0.27776,0,-0.1967177,991.5944,1.70075,0.9009921,Straight,Down,0,-0.485321,TransSharp
89.37997,25.51876,0,0.1643407,0.27776,0,-0.188078,992.6153,1.699327,0.9005747,Straight,Down,0,-0.4837723,TransSharp
89.41997,25.5066,0,0.206455,0.27776,0,-0.1782818,993.6357,1.69828,0.9001565,Straight,Down,0,-0.4822235,TransSharp
89.45997,25.49332,0,0.2485693,0.27776,0,-0.1677972,994.6556,1.697907,0.8997375,Straight,Down,0,-0.4806747,TransSharp
89.49997,25.4802,0,0.3135717,0.27776,0,-0.1562091,995.6749,1.697921,0.8993178,Straight,Down,0,-0.4791183,TransSharp
89.53997,25.46714,0,0.3749156,0.27776,0,-0.1436975,996.6937,1.697954,0.8988973,Straight,Down,0,-0.4775772,TransSharp
89.57997,25.45385,0,0.4151988,0.27776,0,-0.1295656,997.712,1.69743,0.8984759,Straight,Down,0,-0.4760361,TransSharp
89.61996,25.441,0,0.4463267,0.27776,0,-0.114228,998.7299,1.697991,0.8980539,Straight,Down,0,-0.4744797,TransSharp
89.65997,25.42888,0,0.4527354,0.27776,0,-0.09798923,999.7471,1.698864,0.8976309,Straight,Down,0,-0.4729385,TransSharp
89.69997,25.41632,0,0.4527354,0.27776,0,-0.08354738,1000.764,1.698852,0.8972074,Straight,Down,0,-0.4713974,TransSharp
89.73997,25.40247,0,0.4527354,0.27776,0,-0.07457101,1001.78,1.697288,0.8967829,Straight,Down,0,-0.4698486,TransSharp
89.77997,25.38973,0,0.4509044,0.2817273,0,-0.06457764,1002.796,1.695909,0.8963577,Right,Down,0.05934703,-0.4675827,TransSharp
89.81997,25.37753,0,0.4463267,0.2817273,0,-0.0532763,1003.811,1.694995,0.8959317,Right,Down,0.05595291,-0.4623184,TransSharp
89.85997,25.36424,0,0.4463267,0.2817273,0,-0.04042408,1004.826,1.694345,0.8955051,Right,Down,0.05595291,-0.4570541,TransSharp
89.89997,25.35157,0,0.4454112,0.2817273,0,-0.0258908,1005.84,1.694661,0.8950775,Right,Down,0.05595291,-0.4517899,TransSharp
89.93997,25.34139,0,0.4454112,0.2817273,0,-0.01014486,1006.854,1.696227,0.8946493,Right,Down,0.05595291,-0.4465332,TransSharp
89.97997,25.3273,0,0.4454112,0.2856947,0,0.0001836419,1007.867,1.695735,0.8942202,Right,Down,0.05934703,-0.4412766,TransSharp
90.01997,25.31419,0,0.4454112,0.2856947,0,0.00929445,1008.88,1.694139,0.8937904,Right,Down,0.05934703,-0.4360123,TransSharp
90.05997,25.30365,0,0.4454112,0.2856947,0,0.02002743,1009.892,1.692831,0.8933597,Right,Down,0.05595291,-0.430748,TransSharp
90.09997,25.29004,0,0.4454112,0.2856947,0,0.03295442,1010.904,1.691497,0.8929285,Right,Down,0.05595291,-0.4254913,TransSharp
90.13997,25.27969,0,0.4518199,0.2856947,0,0.04741022,1011.915,1.693144,0.8924964,Right,Down,0.07661668,-0.4202347,TransSharp
90.17997,25.26757,0,0.4573131,0.2856947,0,0.05835629,1012.926,1.693799,0.8920635,Right,Down,0.08392937,-0.4135895,TransSharp
90.21997,25.25331,0,0.4692149,0.2856947,0,0.06713313,1013.936,1.692307,0.8916299,Right,Down,0.08392937,-0.4064026,TransSharp
90.25997,25.24194,0,0.4765391,0.2856947,0,0.07761931,1014.946,1.690588,0.8911954,Right,Down,0.08392937,-0.3992004,TransSharp
90.29996,25.22872,0,0.4811168,0.2856947,0,0.09026194,1015.955,1.689954,0.8907603,Right,Down,0.08392937,-0.3920135,TransSharp
90.33997,25.21876,0,0.4811168,0.2856947,0,0.103056,1016.964,1.692048,0.8903244,Right,Down,0.08392937,-0.3848267,TransSharp
90.37997,25.20429,0,0.4811168,0.2856947,0,0.1097737,1017.972,1.690789,0.8898876,Right,Down,0.08392937,-0.3776474,TransSharp
90.41997,25.18948,0,0.4811168,0.2856947,0,0.1192223,1018.98,1.688827,0.8894501,Right,Down,0.1083524,-0.370369,TransSharp
90.45997,25.17982,0,0.4811168,0.2856947,0,0.1303978,1019.987,1.688983,0.889012,Right,Down,0.1083524,-0.3613815,TransSharp
90.49997,25.16735,0,0.4811168,0.2856947,0,0.1384141,1020.994,1.689932,0.8885731,Right,Down,0.1083524,-0.3524017,TransSharp
90.53997,25.15214,0,0.4756236,0.2856947,0,0.1441721,1022,1.688419,0.8881333,Right,Down,0.1101434,-0.3434219,TransSharp
90.57997,25.13908,0,0.4701304,0.2856947,0,0.1525979,1023.006,1.686605,0.8876928,Right,Down,0.1101434,-0.3344269,TransSharp
90.61996,25.12846,0,0.4637218,0.2856947,0,0.1593989,1024.011,1.688676,0.8872516,Right,Down,0.1282043,-0.3254471,TransSharp
90.65997,25.11331,0,0.4518199,0.2856947,0,0.1621453,1025.016,1.687287,0.8868095,Right,Down,0.132704,-0.3150253,TransSharp
90.69997,25.09912,0,0.4271007,0.2856947,0,0.1676581,1026.02,1.68595,0.8863668,Right,Down,0.132704,-0.3042679,TransSharp
90.73997,25.0881,0,0.4097056,0.2856947,0,0.1697746,1027.024,1.687055,0.8859233,Right,Down,0.1341704,-0.2935028,TransSharp
90.77997,25.07109,0,0.3996348,0.2856947,0,0.1699536,1028.027,1.684965,0.885479,Right,Down,0.1440177,-0.2827454,TransSharp
90.81997,25.06175,0,0.3813243,0.2856947,0,0.1724467,1029.029,1.686623,0.8850341,Right,Down,0.1582588,-0.2711945,TransSharp
90.85997,25.04643,0,0.3556895,0.2856947,0,0.1674136,1030.031,1.684718,0.8845883,Right,Down,0.1582588,-0.2586441,TransSharp
90.89997,25.0306,0,0.3282201,0.2856947,0,0.1647512,1031.033,1.683565,0.8841418,Right,Down,0.1582588,-0.2461014,TransSharp
90.93996,25.0207,0,0.289768,0.2856947,0,0.1570688,1032.034,1.684767,0.8836945,Right,Down,0.1769387,-0.2335587,TransSharp
90.97997,25.0067,0,0.2613866,0.2856947,0,0.1487445,1033.034,1.685166,0.8832465,Right,Down,0.183454,-0.2196198,TransSharp
91.01997,24.99281,0,0.2366674,0.2856947,0,0.1354278,1034.034,1.684294,0.8827977,Right,Down,0.183454,-0.2052612,TransSharp
91.05997,24.97911,0,0.206455,0.2856947,0,0.12044,1035.033,1.683388,0.8823483,Right,Down,0.1988102,-0.190918,TransSharp
91.09997,24.96639,0,0.1936376,0.2856947,0,0.1075127,1036.032,1.682546,0.881898,Right,Down,0.2093567,-0.1754379,TransSharp
91.13997,24.95357,0,0.1881444,0.2856947,0,0.09678781,1037.03,1.682517,0.8814471,Right,Down,0.20842,-0.1592255,TransSharp
91.17997,24.93934,0,0.1844823,0.2856947,0,0.078868,1038.028,1.681441,0.8809953,Right,Flat,0.2298502,-0.1430206,TransSharp
91.21997,24.92547,0,0.1936376,0.2856947,0,0.06166959,1039.025,1.680431,0.8805429,Right,Flat,0.235734,-0.1252899,TransSharp
91.25996,24.91249,0,0.2009618,0.2856947,0,0.04671246,1040.022,1.679804,0.8800896,Right,Flat,0.2422834,-0.1071548,TransSharp
91.29996,24.89853,0,0.2018774,0.2856947,0,0.033849,1041.018,1.679631,0.8796357,Right,Flat,0.2624426,-0.08851624,TransSharp
91.33997,24.88507,0,0.2018774,0.2856947,0,0.02041951,1042.013,1.679648,0.8791809,Right,Flat,0.2624426,-0.06839752,TransSharp
91.37997,24.87055,0,0.2018774,0.2856947,0,0.001095653,1043.008,1.67856,0.8787255,Right,Flat,0.2907402,-0.04827118,TransSharp
91.41997,24.85641,0,0.2018774,0.2856947,0,-0.0164282,1044.003,1.677748,0.8782693,Right,Flat,0.2907402,-0.02613831,TransSharp
91.45997,24.84283,0,0.2018774,0.2856947,0,-0.03224698,1044.996,1.677454,0.8778125,Right,Flat,0.1701742,-0.003997803,TransSharp
91.49997,24.82862,0,0.2018774,0.2856947,0,-0.04616231,1045.99,1.677305,0.8773549,Right,Flat,0.1690205,0.02742767,TransSharp
91.53997,24.81499,0,0.1954687,0.2856947,0,-0.05829546,1046.982,1.677405,0.8768965,Right,Flat,0.1701742,0.05892181,TransSharp
91.57997,24.80059,0,0.1936376,0.2856947,0,-0.07403326,1047.975,1.677206,0.8764374,Right,Flat,0.1607126,0.09040833,TransSharp
91.61996,24.78587,0,0.1936376,0.2856947,0,-0.09356672,1048.966,1.676318,0.8759775,Right,Flat,0.1356209,0.1206894,TransSharp
91.65997,24.77197,0,0.1698339,0.2856947,0,-0.111471,1049.957,1.675553,0.8755169,Right,Flat,0.1341704,0.1466675,TransSharp
91.69997,24.75752,0,0.1460302,0.2856947,0,-0.1280538,1050.948,1.675109,0.8750556,Right,Up,0.1356209,0.1726151,TransSharp
91.73997,24.74297,0,0.1130676,0.2856947,0,-0.1432202,1051.938,1.674951,0.8745936,Right,Up,0.1341704,0.1985397,TransSharp
91.77997,24.72856,0,0.09475708,0.2856947,0,-0.1571467,1052.927,1.674936,0.8741307,Right,Up,0.1203313,0.2244644,TransSharp
91.81997,24.71428,0,0.08651733,0.2856947,0,-0.169801,1053.916,1.674894,0.8736673,Right,Up,0.1083524,0.2472305,TransSharp
91.85997,24.70051,0,0.08651733,0.2658579,0,-0.1823859,1054.904,1.67524,0.873203,Right,Up,0.1083524,0.2677383,TransSharp
91.89997,24.68344,0,0.08651733,0.2618906,0,-0.2031734,1055.891,1.674087,0.8727381,Right,Up,0.1083524,0.2882462,TransSharp
91.93996,24.66358,0,0.08651733,0.2499886,0,-0.2226275,1056.878,1.67306,0.8722723,Right,Up,0.1083524,0.3087311,TransSharp
91.97997,24.64217,0,0.08651733,0.2420539,0,-0.2407755,1057.864,1.67246,0.8718059,Right,Up,0.1083524,0.3291931,TransSharp
92.01997,24.61836,0,0.08651733,0.2420539,0,-0.2579282,1058.849,1.672109,0.8713387,Right,Up,0.09065409,0.3496323,TransSharp
92.05997,24.59417,0,0.1057434,0.2420539,0,-0.2738976,1059.833,1.67211,0.8708709,Right,Up,0.08392937,0.3661423,TransSharp
92.09997,24.57011,0,0.110321,0.2420539,0,-0.2889028,1060.816,1.671966,0.8704023,Right,Up,0.08622923,0.3817444,TransSharp
92.13997,24.54615,0,0.110321,0.2420539,0,-0.3027872,1061.798,1.671641,0.8699331,Right,Up,0.08622923,0.3973236,TransSharp
92.17997,24.52229,0,0.110321,0.2420539,0,-0.3158618,1062.779,1.671425,0.869463,Right,Up,0.08392937,0.4128876,TransSharp
92.21997,24.4986,0,0.1176488,0.2380865,0,-0.3280406,1063.76,1.671422,0.8689922,Right,Up,0.08392937,0.4284439,TransSharp
92.25996,24.47399,0,0.1423681,0.2380865,0,-0.3426454,1064.739,1.671163,0.8685209,Right,Up,0.08622923,0.443985,TransSharp
92.29996,24.44877,0,0.171665,0.2380865,0,-0.3636945,1065.717,1.669995,0.8680485,Right,Up,0.07661668,0.4595108,TransSharp
92.33997,24.42378,0,0.2137792,0.2380865,0,-0.3836518,1066.694,1.668903,0.8675757,Right,Up,0.06255726,0.4733276,TransSharp
92.37997,24.39906,0,0.2430761,0.2380865,0,-0.4027296,1067.671,1.668286,0.867102,Right,Up,0.0656106,0.4845352,TransSharp
92.41997,24.37394,0,0.2659643,0.2380865,0,-0.420928,1068.646,1.66806,0.8666277,Right,Up,0.0656106,0.4957275,TransSharp
92.45997,24.34889,0,0.2732885,0.2380865,0,-0.4381489,1069.62,1.667937,0.8661526,Right,Up,0.06255726,0.5069046,TransSharp
92.49997,24.32394,0,0.2732885,0.2380865,0,-0.4544093,1070.593,1.66777,0.8656769,Right,Up,0.06255726,0.518074,TransSharp
92.53997,24.29906,0,0.2732885,0.2380865,0,-0.4697153,1071.565,1.667585,0.8652004,Right,Up,0.06255726,0.5292282,TransSharp
92.57996,24.27429,0,0.2732885,0.2579232,0,-0.4840836,1072.536,1.667313,0.8647232,Right,Up,0.0656106,0.5403748,TransSharp
92.61996,24.25386,0,0.2595556,0.2579232,0,-0.4973685,1073.507,1.667081,0.8642453,Right,Up,0.0656106,0.551506,TransSharp
92.65997,24.23357,0,0.2357519,0.2618906,0,-0.5099885,1074.476,1.666726,0.8637667,Right,Up,0.0656106,0.5626297,TransSharp
92.69997,24.21376,0,0.2183568,0.2618906,0,-0.5216932,1075.445,1.666447,0.8632873,Right,Up,0.05595291,0.5737457,TransSharp
92.73997,24.19446,0,0.1954687,0.27776,0,-0.5323992,1076.413,1.666203,0.8628073,Straight,Up,0.04845664,0.5828094,TransSharp
92.77997,24.17735,0,0.1936376,0.2817273,0,-0.5422099,1077.38,1.665845,0.8623266,Straight,Up,0.04423466,0.5899963,TransSharp
92.81997,24.16258,0,0.1936376,0.2817273,0,-0.5533793,1078.347,1.665645,0.8618452,Straight,Up,0.04423466,0.5971832,TransSharp
92.85997,24.14712,0,0.1936376,0.2817273,0,-0.5721428,1079.313,1.664512,0.861363,Straight,Up,0.04423466,0.6043625,TransSharp
92.89996,24.13167,0,0.1936376,0.2817273,0,-0.5900719,1080.278,1.663538,0.8608802,Straight,Up,0.04423466,0.6115341,TransSharp
92.93996,24.11682,0,0.1936376,0.2817273,0,-0.6067718,1081.243,1.662855,0.8603966,Straight,Up,0.04423466,0.6186981,TransSharp
92.97997,24.10141,0,0.18906,0.2817273,0,-0.6225017,1082.208,1.662498,0.8599123,Straight,Up,0.04423466,0.6258621,TransSharp
93.01997,24.08607,0,0.1780736,0.2817273,0,-0.6370848,1083.171,1.66234,0.8594273,Straight,Up,0.04423466,0.6330109,TransSharp
93.05997,24.07083,0,0.1643407,0.2817273,0,-0.6507882,1084.134,1.662124,0.8589417,Straight,Up,0.04845664,0.6401596,TransSharp
93.09997,24.05564,0,0.1533544,0.2817273,0,-0.6635588,1085.097,1.661885,0.8584554,Straight,Up,0.04845664,0.647316,TransSharp
93.13997,24.04054,0,0.1423681,0.2817273,0,-0.675396,1086.058,1.661547,0.8579683,Straight,Up,0.04423466,0.6544495,TransSharp
93.17997,24.02553,0,0.1304662,0.2817273,0,-0.6862237,1087.02,1.661229,0.8574806,Straight,Up,0.04423466,0.6615906,TransSharp
93.21997,24.01057,0,0.1121521,0.2817273,0,-0.6962095,1087.98,1.660937,0.856992,Straight,Up,0.04423466,0.6687164,TransSharp
93.25996,23.99566,0,0.08834839,0.2817273,0,-0.7052628,1088.94,1.660614,0.856503,Straight,Up,0.03956468,0.6758499,TransSharp
93.29996,23.98084,0,0.06546021,0.2817273,0,-0.7132999,1089.899,1.660244,0.856013,Straight,Up,0.02797646,0.6815948,TransSharp
93.33997,23.96608,0,0.03341675,0.2817273,0,-0.7204958,1090.858,1.659741,0.8555225,Straight,Up,0.02797646,0.6847534,TransSharp
93.37997,23.95138,0,0.003204346,0.2817273,0,-0.7269562,1091.816,1.659202,0.8550313,Straight,Up,0.02797646,0.687912,TransSharp
93.41997,23.93674,0,-0.03890991,0.2817273,0,-0.7325224,1092.774,1.658707,0.8545395,Straight,Up,0.02797646,0.6910782,TransSharp
93.45997,23.92217,0,-0.07187068,0.2817273,0,-0.7376208,1093.731,1.658289,0.8540468,Straight,Up,0.02797646,0.6942291,TransSharp
93.49997,23.9077,0,-0.0892657,0.2817273,0,-0.741954,1094.688,1.657855,0.8535534,Straight,Up,0.01978234,0.6973801,TransSharp
93.53997,23.89325,0,-0.100252,0.2817273,0,-0.7455685,1095.643,1.657375,0.8530594,Straight,Up,0.01978234,0.700531,TransSharp
93.57996,23.87888,0,-0.100252,0.2817273,0,-0.7486718,1096.599,1.656862,0.8525648,Straight,Up,0.01978234,0.7036819,TransSharp
93.61996,23.86457,0,-0.100252,0.2817273,0,-0.7511938,1097.553,1.656448,0.8520694,Straight,Up,0.02797646,0.7068329,TransSharp
93.65997,23.85033,0,-0.100252,0.2817273,0,-0.7530975,1098.508,1.65601,0.8515733,Straight,Up,0.01978234,0.7099838,TransSharp
93.69997,23.8361,0,-0.1011676,0.2817273,0,-0.7544033,1099.461,1.655589,0.8510765,Straight,Up,0.02797646,0.7131195,TransSharp
93.73997,23.82189,0,-0.1057452,0.2817273,0,-0.7554011,1100.414,1.654999,0.8505791,Straight,Up,0.02797646,0.7162628,TransSharp
93.77997,23.80776,0,-0.1066607,0.2817273,0,-0.7584975,1101.367,1.654453,0.8500811,Straight,Up,0.02797646,0.7193985,TransSharp
93.81997,23.79412,0,-0.1066607,0.2817273,0,-0.7687105,1102.318,1.654298,0.8495823,Straight,Up,0.02797646,0.7225418,TransSharp
93.85997,23.7805,0,-0.1066607,0.2817273,0,-0.7789003,1103.27,1.654085,0.8490828,Straight,Up,0.02797646,0.7256775,TransSharp
93.89996,23.76657,0,-0.100252,0.2817273,0,-0.7888127,1104.221,1.653797,0.8485826,Straight,Up,0.02797646,0.7288055,TransSharp
93.93996,23.75311,0,-0.07187068,0.2817273,0,-0.7985564,1105.171,1.653311,0.8480818,Straight,Up,0.02797646,0.7319412,TransSharp
93.97997,23.73967,0,-0.04074097,0.2817273,0,-0.8082598,1106.121,1.65274,0.8475802,Straight,Up,0.02797646,0.7350693,TransSharp
94.01997,23.72622,0,0.02243042,0.2817273,0,-0.8177818,1107.07,1.652149,0.8470781,Straight,Up,0.02797646,0.7381973,TransSharp
94.05997,23.71278,0,0.08926392,0.2817273,0,-0.8271883,1108.018,1.651602,0.8465751,Straight,Up,0.02797646,0.7413254,TransSharp
94.09997,23.69938,0,0.1350439,0.2817273,0,-0.8365029,1108.967,1.650906,0.8460717,Straight,Up,0.02797646,0.7444458,TransSharp
94.13997,23.68598,0,0.1963842,0.2817273,0,-0.8454639,1109.914,1.650135,0.8455674,Straight,Up,0.02797646,0.7475662,TransSharp
94.17997,23.67262,0,0.2302587,0.2817273,0,-0.8542901,1110.861,1.649575,0.8450626,Straight,Up,0.02797646,0.7506866,TransSharp
94.21996,23.6593,0,0.2504003,0.2817273,0,-0.862844,1111.808,1.649012,0.8445569,Straight,Up,0.01978234,0.7538071,TransSharp
94.25996,23.64602,0,0.2558935,0.2817273,0,-0.8711969,1112.754,1.648453,0.8440508,Straight,Up,0,0.7548065,TransSharp
94.29996,23.63278,0,0.2558935,0.2817273,0,-0.8793137,1113.699,1.648065,0.8435438,Straight,Up,0,0.7499847,TransSharp
94.33997,23.6196,0,0.2558935,0.2817273,0,-0.8872074,1114.644,1.647548,0.8430362,Straight,Up,0,0.7451553,TransSharp
94.37997,23.60643,0,0.2558935,0.2817273,0,-0.8949008,1115.589,1.647027,0.8425279,Straight,Up,0,0.7403336,TransSharp
94.41997,23.59329,0,0.2558935,0.2817273,0,-0.9024948,1116.532,1.646574,0.8420191,Straight,Up,0,0.7355194,TransSharp
94.45997,23.58018,0,0.2558935,0.2817273,0,-0.9096838,1117.476,1.646263,0.8415095,Straight,Up,0,0.7307053,TransSharp
94.49997,23.56712,0,0.2558935,0.2817273,0,-0.9165754,1118.418,1.645866,0.8409992,Straight,Up,0,0.7258911,TransSharp
94.53996,23.55408,0,0.2540624,0.2817273,0,-0.9232297,1119.361,1.645361,0.8404884,Straight,Up,0,0.721077,TransSharp
94.57996,23.54107,0,0.2439916,0.2817273,0,-0.9294168,1120.302,1.644893,0.8399767,Straight,Up,0,0.7162628,TransSharp
94.61996,23.52805,0,0.2265966,0.2817273,0,-0.9350113,1121.244,1.644472,0.8394645,Straight,Up,0,0.7114639,TransSharp
94.65997,23.51509,0,0.208286,0.2817273,0,-0.9400263,1122.185,1.643938,0.8389516,Straight,Up,0,0.706665,TransSharp
94.69997,23.50214,0,0.1936376,0.2817273,0,-0.9446447,1123.125,1.643539,0.838438,Straight,Up,0,0.7018585,TransSharp
94.73997,23.48925,0,0.1661718,0.2817273,0,-0.9486213,1124.065,1.64299,0.8379238,Straight,Up,0,0.6970596,TransSharp
94.77997,23.47638,0,0.1469457,0.2618906,0,-0.9520128,1125.004,1.64255,0.837409,Straight,Up,0,0.6922607,TransSharp
94.81997,23.4592,0,0.1130676,0.2618906,0,-0.954776,1125.942,1.64212,0.8368934,Straight,Up,0,0.6874771,TransSharp
94.85997,23.44207,0,0.08102417,0.2579232,0,-0.9570271,1126.88,1.641602,0.8363773,Straight,Up,0,0.6826782,TransSharp
94.89996,23.42413,0,0.06271362,0.2579232,0,-0.9588268,1127.817,1.641127,0.8358603,Straight,Up,0,0.6779022,TransSharp
94.93996,23.40627,0,0.02792358,0.2579232,0,-0.9598998,1128.754,1.64063,0.8353428,Straight,Up,0,0.6731186,TransSharp
94.97997,23.38845,0,-0.01144409,0.2579232,0,-0.9605516,1129.689,1.640161,0.8348246,Straight,Up,0,0.668335,TransSharp
95.01997,23.3707,0,-0.04074097,0.2579232,0,-0.9607579,1130.624,1.63962,0.8343058,Straight,Up,0,0.6635666,TransSharp
95.05997,23.35303,0,-0.07644832,0.2579232,0,-0.960403,1131.559,1.639053,0.8337864,Straight,Up,0,0.6587982,TransSharp
95.09997,23.33544,0,-0.1011676,0.2579232,0,-0.9594966,1132.492,1.638391,0.8332663,Straight,Up,0,0.6540298,TransSharp
95.13997,23.31791,0,-0.1231402,0.2579232,0,-0.9583585,1133.425,1.637845,0.8327456,Straight,Up,0,0.6492691,TransSharp
95.17997,23.30045,0,-0.1304644,0.2579232,0,-0.9567246,1134.357,1.637497,0.8322241,Straight,Up,0,0.6445084,TransSharp
95.21996,23.28304,0,-0.1304644,0.2539559,0,-0.9544031,1135.289,1.637089,0.8317021,Straight,Up,0,0.6397552,TransSharp
95.25996,23.26484,0,-0.1304644,0.2539559,0,-0.9516223,1136.22,1.636609,0.8311793,Straight,Up,0,0.6350021,TransSharp
95.29996,23.2467,0,-0.1304644,0.2539559,0,-0.9486029,1137.15,1.636091,0.830656,Straight,Up,0,0.630249,TransSharp
95.33997,23.22861,0,-0.1304644,0.2539559,0,-0.9451817,1138.079,1.635672,0.8301319,Straight,Up,0,0.6255035,TransSharp
95.37997,23.2106,0,-0.1304644,0.2539559,0,-0.9414402,1139.008,1.635203,0.8296074,Straight,Up,0,0.6207657,TransSharp
95.41997,23.19261,0,-0.1304644,0.2539559,0,-0.9375956,1139.936,1.634717,0.8290821,Straight,Up,0,0.6160355,TransSharp
95.45997,23.1747,0,-0.13138,0.2539559,0,-0.9335645,1140.863,1.634224,0.8285562,Straight,Up,0,0.6112976,TransSharp
95.49997,23.15682,0,-0.13138,0.2539559,0,-0.9294016,1141.789,1.633778,0.8280295,Straight,Up,0,0.6065674,TransSharp
95.53996,23.13899,0,-0.1377887,0.2539559,0,-0.9250922,1142.715,1.633317,0.8275024,Straight,Up,0,0.6018372,TransSharp
95.57996,23.12122,0,-0.1414508,0.2539559,0,-0.9208856,1143.64,1.632835,0.8269745,Straight,Up,0,0.5971222,TransSharp
95.61996,23.10349,0,-0.1414508,0.2539559,0,-0.9166865,1144.564,1.632393,0.8264461,Straight,Up,0,0.5923996,TransSharp
95.65997,23.08581,0,-0.1414508,0.2539559,0,-0.912721,1145.488,1.631876,0.8259168,Straight,Up,0,0.5876846,TransSharp
95.69997,23.06816,0,-0.1414508,0.2539559,0,-0.9089444,1146.411,1.631419,0.8253871,Straight,Up,0,0.5829773,TransSharp
95.73997,23.05058,0,-0.1414508,0.2539559,0,-0.9052709,1147.333,1.630911,0.8248568,Straight,Up,0,0.57827,TransSharp
95.77997,23.03304,0,-0.1414508,0.2539559,0,-0.9018947,1148.254,1.630427,0.8243258,Straight,Up,0,0.5735626,TransSharp
95.81997,23.01551,0,-0.1414508,0.2539559,0,-0.8987013,1149.175,1.629938,0.8237941,Straight,Up,0,0.5688629,TransSharp
95.85996,22.99806,0,-0.1414508,0.2539559,0,-0.8958783,1150.095,1.629401,0.8232619,Straight,Up,0,0.5641632,TransSharp
95.89996,22.98064,0,-0.1414508,0.2539559,0,-0.893365,1151.015,1.628726,0.8227288,Straight,Up,0,0.5594711,TransSharp
95.93996,22.96326,0,-0.1414508,0.2539559,0,-0.8912551,1151.933,1.62815,0.8221954,Straight,Up,0,0.5547791,TransSharp
95.97997,22.94595,0,-0.1414508,0.2539559,0,-0.8893474,1152.851,1.627693,0.8216611,Straight,Up,0,0.5500946,TransSharp
96.01997,22.92867,0,-0.1414508,0.2539559,0,-0.8877904,1153.769,1.627284,0.8211263,Straight,Up,0,0.5454102,TransSharp
96.05997,22.91144,0,-0.1414508,0.2539559,0,-0.8866343,1154.685,1.626818,0.820591,Straight,Up,0,0.5407257,TransSharp
96.09997,22.89424,0,-0.1414508,0.2539559,0,-0.8859566,1155.601,1.626216,0.8200549,Straight,Up,0,0.5360489,TransSharp
96.13997,22.87712,0,-0.1414508,0.2539559,0,-0.8857758,1156.516,1.625695,0.8195183,Straight,Up,0,0.5313797,TransSharp
96.17996,22.86003,0,-0.1414508,0.2539559,0,-0.8861404,1157.431,1.625103,0.8189809,Straight,Up,0,0.5267029,TransSharp
96.21996,22.84297,0,-0.1414508,0.2539559,0,-0.8870063,1158.345,1.624629,0.8184431,Straight,Up,0,0.5220413,TransSharp
96.25996,22.82598,0,-0.1414508,0.2539559,0,-0.888463,1159.258,1.624136,0.8179044,Straight,Up,0,0.5173798,TransSharp
96.29996,22.80902,0,-0.1414508,0.2539559,0,-0.8903297,1160.171,1.623677,0.8173653,Straight,Up,0,0.5127258,TransSharp
96.33997,22.7921,0,-0.1414508,0.2539559,0,-0.8927686,1161.083,1.623182,0.8168254,Straight,Up,0.01978234,0.5080643,TransSharp
96.37997,22.77525,0,-0.1414508,0.2539559,0,-0.8959749,1161.994,1.622764,0.8162853,Straight,Up,0,0.503418,TransSharp
96.41997,22.75845,0,-0.1414508,0.2539559,0,-0.8995873,1162.904,1.622296,0.8157441,Straight,Up,0,0.498764,TransSharp
96.45997,22.74168,0,-0.1359576,0.2539559,0,-0.9039289,1163.814,1.621804,0.8152025,Straight,Up,0,0.4941177,TransSharp
96.49997,22.72497,0,-0.1194781,0.2539559,0,-0.9089788,1164.723,1.621213,0.8146602,Straight,Up,0,0.4894714,TransSharp
96.53996,22.7083,0,-0.0956744,0.2539559,0,-0.9144906,1165.632,1.620685,0.8141174,Straight,Up,0,0.4848404,TransSharp
96.57996,22.69169,0,-0.07095516,0.2539559,0,-0.9205529,1166.54,1.620273,0.8135739,Straight,Up,0,0.4802094,TransSharp
96.61996,22.67515,0,-0.05355835,0.2539559,0,-0.9272454,1167.447,1.619803,0.8130298,Straight,Up,0,0.4755707,TransSharp
96.65997,22.65866,0,-0.03890991,0.2539559,0,-0.9343547,1168.353,1.619196,0.8124851,Straight,Up,0,0.4709473,TransSharp
96.69997,22.64034,0,-0.02792358,0.2539559,0,-0.9419511,1169.259,1.617929,0.81194,Straight,Up,0,0.4663239,TransSharp
96.73997,22.62669,0,-0.01052856,0.2539559,0,-0.9467602,1170.164,1.618436,0.811394,Straight,Up,0,0.4617004,TransSharp
96.77997,22.61282,0,0.0050354,0.2539559,0,-0.9499211,1171.069,1.620389,0.8108475,Straight,Up,0,0.4570923,TransSharp
96.81997,22.59731,0,0.0050354,0.2499886,0,-0.9536391,1171.973,1.621763,0.8103004,Straight,Up,0,0.4524841,TransSharp
96.85996,22.58228,0,0.0050354,0.2499886,0,-0.9575713,1172.876,1.621786,0.8097526,Straight,Up,0,0.447876,TransSharp
96.89996,22.56848,0,0.0050354,0.2499886,0,-0.961996,1173.779,1.620804,0.8092043,Straight,Up,0,0.4432602,TransSharp
96.93996,22.55446,0,0.0050354,0.2499886,0,-0.9669558,1174.681,1.619558,0.8086553,Straight,Up,0,0.4386597,TransSharp
96.97997,22.54033,0,0.0050354,0.2499886,0,-0.9721772,1175.583,1.618185,0.8081058,Straight,Up,0,0.4340515,TransSharp
97.01997,22.52614,0,0.00869751,0.2499886,0,-0.9779807,1176.484,1.616799,0.8075557,Straight,Up,0,0.429451,TransSharp
97.05997,22.51192,0,0.01419067,0.2499886,0,-0.9841008,1177.385,1.615567,0.807005,Straight,Up,0,0.4248505,TransSharp
97.09997,22.49772,0,0.0151062,0.2499886,0,-0.9906662,1178.285,1.614524,0.8064536,Straight,Up,0,0.4202499,TransSharp
97.13997,22.48355,0,0.01602173,0.2499886,0,-0.9978458,1179.185,1.613703,0.8059017,Straight,Up,0,0.4156647,TransSharp
97.17996,22.46941,0,0.02151489,0.2499886,0,-1.00528,1180.083,1.613026,0.8053491,Straight,Up,0,0.4110718,TransSharp
97.21996,22.45531,0,0.02151489,0.2499886,0,-1.013001,1180.982,1.612389,0.804796,Straight,Up,-0.03956468,0.4064789,TransSharp
97.25996,22.44124,0,0.02151489,0.2499886,0,-1.021033,1181.88,1.611775,0.8042423,Straight,Up,-0.03426402,0.3886719,TransSharp
97.29996,22.42723,0,0.02151489,0.2499886,0,-1.029235,1182.777,1.611079,0.8036879,Straight,Up,-0.03426402,0.3705597,TransSharp
97.33997,22.41247,0,0.02151489,0.2499886,0,-1.037608,1183.673,1.609387,0.803133,Straight,Up,-0.03426402,0.352478,TransSharp
97.37997,22.40053,0,0.02151489,0.2499886,0,-1.039262,1184.57,1.610922,0.8025776,Straight,Up,-0.03426402,0.334404,TransSharp
97.41997,22.38809,0,0.0151062,0.2499886,0,-1.040911,1185.465,1.611991,0.8020216,Straight,Up,-0.03426402,0.3163452,TransSharp
97.45997,22.37441,0,0.00869751,0.2499886,0,-1.042757,1186.36,1.612546,0.8014649,Straight,Up,-0.03956468,0.2982941,TransSharp
97.49996,22.36296,0,0.0050354,0.2499886,0,-1.044824,1187.255,1.612089,0.8009076,Straight,Up,-0.03426402,0.2802353,TransSharp
97.53996,22.35132,0,0.004119873,0.2499886,0,-1.047006,1188.149,1.611133,0.8003497,Straight,Up,-0.03426402,0.2621765,TransSharp
97.57996,22.33959,0,0.004119873,0.2499886,0,-1.049325,1189.043,1.610139,0.7997913,Straight,Up,-0.03426402,0.2441406,TransSharp
97.61996,22.32782,0,0.004119873,0.2499886,0,-1.051819,1189.936,1.609106,0.7992322,Straight,Up,-0.03956468,0.2261047,TransSharp
97.65997,22.31601,0,0.004119873,0.2499886,0,-1.054252,1190.829,1.608172,0.7986727,Straight,Up,-0.03426402,0.2080765,TransSharp
97.69997,22.30421,0,0.004119873,0.2499886,0,-1.056906,1191.721,1.607273,0.7981125,Straight,Up,-0.03956468,0.1900635,TransSharp
97.73997,22.29241,0,0.004119873,0.2499886,0,-1.059697,1192.613,1.606518,0.7975518,Straight,Up,-0.03426402,0.1720581,TransSharp
97.77997,22.28067,0,0.004119873,0.2499886,0,-1.062633,1193.504,1.605702,0.7969903,Straight,Up,-0.03956468,0.1540604,TransSharp
97.81996,22.26893,0,0.004119873,0.2499886,0,-1.065546,1194.395,1.604947,0.7964286,Straight,Flat,-0.02797646,0.1360779,TransSharp
97.85996,22.25723,0,0.004119873,0.2499886,0,-1.068581,1195.285,1.60431,0.795866,Straight,Flat,0,0.1207047,TransSharp
97.89996,22.24557,0,0.004119873,0.2460212,0,-1.071654,1196.175,1.603784,0.7953029,Straight,Flat,0,0.1166458,TransSharp
97.93996,22.23348,0,0.00869751,0.2460212,0,-1.074841,1197.065,1.603247,0.7947391,Straight,Flat,0,0.1125793,TransSharp
97.97997,22.22103,0,0.02151489,0.2460212,0,-1.077944,1197.954,1.602755,0.794175,Straight,Flat,0,0.1085129,TransSharp
98.01997,22.20861,0,0.02700806,0.2460212,0,-1.080994,1198.842,1.602187,0.7936102,Straight,Flat,0,0.104454,TransSharp
98.05997,22.19623,0,0.02700806,0.2460212,0,-1.084059,1199.73,1.601802,0.7930449,Straight,Flat,0,0.1004028,TransSharp
98.09997,22.18389,0,0.02700806,0.2460212,0,-1.087047,1200.618,1.601376,0.7924789,Straight,Flat,0,0.09634399,TransSharp
98.13997,22.17159,0,0.02700806,0.2460212,0,-1.090203,1201.505,1.600923,0.7919124,Straight,Flat,0,0.09229279,TransSharp
98.17996,22.15932,0,0.02700806,0.2460212,0,-1.093366,1202.392,1.60042,0.7913452,Straight,Flat,0,0.08824158,TransSharp
98.21996,22.14711,0,0.02700806,0.2460212,0,-1.096484,1203.278,1.600028,0.7907776,Straight,Flat,0,0.08419037,TransSharp
98.25996,22.13492,0,0.02700806,0.2460212,0,-1.099647,1204.163,1.599606,0.7902095,Straight,Flat,0,0.08014679,TransSharp
98.29996,22.12276,0,0.02700806,0.2460212,0,-1.102772,1205.049,1.599107,0.7896407,Straight,Flat,-0.01978234,0.07610321,TransSharp
98.33997,22.11064,0,0.02700806,0.2460212,0,-1.105861,1205.933,1.598581,0.7890714,Straight,Flat,0,0.07205963,TransSharp
98.37997,22.09856,0,0.02700806,0.2460212,0,-1.109064,1206.817,1.598177,0.7885014,Straight,Flat,0,0.06802368,TransSharp
98.41997,22.08651,0,0.02700806,0.2460212,0,-1.112275,1207.701,1.597688,0.787931,Straight,Flat,0,0.06398773,TransSharp
98.45997,22.07451,0,0.02243042,0.2460212,0,-1.115479,1208.584,1.597177,0.7873599,Straight,Flat,0,0.05995178,TransSharp
98.49996,22.05585,0,0.01419067,0.2460212,0,-1.119201,1209.467,1.59528,0.7867883,Straight,Flat,0,0.05592346,TransSharp
98.53996,22.05239,0,-0.0151062,0.2460212,0,-1.122368,1210.349,1.599614,0.7862161,Straight,Flat,0,0.05190277,TransSharp
98.57996,22.03959,0,-0.0453186,0.2460212,0,-1.125334,1211.231,1.597951,0.7856434,Straight,Flat,0,0.04786682,TransSharp
98.61996,22.0271,0,-0.06546199,0.2460212,0,-1.128109,1212.112,1.596883,0.7850701,Straight,Flat,0,0.04384613,TransSharp
98.65997,22.01798,0,-0.08285701,0.2460212,0,-1.131953,1212.993,1.594768,0.7844964,Straight,Flat,0,0.03981781,TransSharp
98.69997,22.00344,0,-0.08835018,0.2460212,0,-1.135164,1213.873,1.593274,0.783922,Straight,Flat,0,0.03578949,TransSharp
98.73997,21.99124,0,-0.08835018,0.2460212,0,-1.138245,1214.753,1.592467,0.7833471,Straight,Flat,0,0.0317688,TransSharp
98.77997,21.97926,0,-0.08835018,0.2460212,0,-1.141364,1215.632,1.59195,0.7827715,Straight,Flat,0,0.02775574,TransSharp
98.81996,21.96733,0,-0.08835018,0.2460212,0,-1.144407,1216.511,1.591425,0.7821955,Straight,Flat,-0.01978234,-0.07880402,TransSlide
98.85996,21.95546,0,-0.08835018,0.2460212,0,-1.147694,1217.389,1.591099,0.7816188,Straight,Flat,-0.01978234,-0.08808899,TransSlide
98.89996,21.94366,0,-0.08835018,0.2460212,0,-1.151111,1218.267,1.59077,0.7810417,Straight,Flat,0,-0.09735107,TransSlide
98.93996,21.93192,0,-0.08835018,0.2460212,0,-1.154596,1219.144,1.590333,0.780464,Straight,Flat,0,-0.1066208,TransSlide
98.97997,21.92022,0,-0.07095516,0.2460212,0,-1.158257,1220.021,1.589901,0.7798858,Straight,Flat,-0.01978234,-0.1158829,TransSlide
99.01997,21.90857,0,-0.04623413,0.2460212,0,-1.162003,1220.897,1.5895,0.7793072,Straight,Flat,0,-0.125145,TransSlide
99.05997,21.89695,0,-0.02243042,0.2460212,0,-1.165878,1221.773,1.588942,0.7787278,Straight,Flat,0,-0.1343994,TransSlide
99.09997,21.88538,0,0.01602173,0.2658579,0,-1.169852,1222.649,1.588301,0.7781479,Straight,Flat,0,-0.1436462,TransSlide
99.13996,21.87619,0,0.03250122,0.2737926,0,-1.174024,1223.524,1.587797,0.7775674,Straight,Down,0,-0.1528931,TransSlide
99.17996,21.87036,0,0.05081177,0.2817273,0,-1.178159,1224.399,1.587255,0.7769866,Straight,Down,-0.01978234,-0.1621323,TransSlide
99.21996,21.86674,0,0.06454468,0.2817273,0,-1.18256,1225.274,1.586824,0.776405,Straight,Down,0,-0.1713715,TransSlide
99.25996,21.86308,0,0.08102417,0.2817273,0,-1.18713,1226.148,1.586272,0.7758231,Straight,Down,0,-0.1806107,TransSlide
99.29996,21.85937,0,0.110321,0.2817273,0,-1.191699,1227.023,1.58562,0.7752404,Straight,Down,0,-0.1898499,TransSlide
99.33997,21.8558,0,0.1176488,0.2817273,0,-1.196032,1227.897,1.58472,0.7746574,Straight,Down,-0.01978234,-0.1990814,TransSlide
99.37997,21.85245,0,0.1176488,0.3015793,0,-1.200293,1228.771,1.5841,0.7740737,Straight,Down,0,-0.2083206,TransSlide
99.41997,21.85228,0,0.1176488,0.309514,0,-1.204708,1229.645,1.584254,0.7734896,Straight,Down,0,-0.2175446,TransSlide
99.45997,21.85419,0,0.1176488,0.309514,0,-1.208829,1230.519,1.584318,0.7729048,Straight,Down,0,-0.2267761,TransSlide
99.49996,21.85734,0,0.1176488,0.309514,0,-1.212907,1231.393,1.583886,0.7723196,Straight,Down,0,-0.2360153,TransSlide
99.53996,21.85989,0,0.1176488,0.309514,0,-1.216878,1232.268,1.583112,0.7717338,Straight,Down,0,-0.2452469,TransSlide
99.57996,21.86275,0,0.1176488,0.309514,0,-1.219617,1233.142,1.581928,0.7711475,Left,Down,-0.1101434,-0.2544785,TransSlide
99.61996,21.86782,0,0.1176488,0.309514,0,-1.218167,1234.017,1.583288,0.7705606,Left,Down,-0.1203313,-0.3318863,TransSlide
99.65997,21.87227,0,0.1176488,0.309514,0,-1.216669,1234.892,1.584253,0.7699733,Left,Down,-0.1203313,-0.418129,TransSlide
99.69997,21.87522,0,0.1057434,0.309514,0,-1.215129,1235.767,1.584426,0.7693856,Left,Down,-0.1203313,-0.504425,TransSlide
99.73997,21.87949,0,0.08743286,0.309514,0,-1.212728,1236.642,1.583092,0.7687971,Left,Down,-0.1203313,-0.5907669,TransSlide
99.77997,21.88397,0,0.06546021,0.309514,0,-1.210182,1237.517,1.581924,0.7682082,Left,Down,-0.1153499,-0.6770554,TransSlide
99.81996,21.89245,0,0.06271362,0.309514,0,-1.206192,1238.393,1.583262,0.7676187,Left,Down,-0.08622923,-0.7632675,TransSlide
99.85996,21.90075,0,0.06271362,0.3134814,0,-1.198375,1239.269,1.585568,0.7670287,Left,Down,-0.08392937,-0.8272781,TransSlide
99.89996,21.9074,0,0.06271362,0.3174487,0,-1.189594,1240.145,1.586299,0.7664382,Left,Down,-0.08392937,-0.8906174,TransSlide
99.93996,21.917,0,0.06271362,0.3214161,0,-1.181216,1241.022,1.585774,0.7658472,Left,Down,-0.08622923,-0.9540787,TransSlide
99.97997,21.92917,0,0.06271362,0.3253834,0,-1.17301,1241.899,1.584292,0.7652557,Left,Down,-0.08392937,-1.017616,TransSlide
100.02,21.94197,0,0.05813599,0.3253834,0,-1.164412,1242.776,1.582385,0.7646637,Left,Down,-0.08622923,-1.0812,TransSlide
100.06,21.95355,0,0.05722046,0.3253834,0,-1.154951,1243.654,1.580058,0.764071,Left,Down,-0.08622923,-1.144821,TransSlide
100.1,21.96596,0,0.05630493,0.3253834,0,-1.145004,1244.533,1.578327,0.763478,Left,Down,-0.08392937,-1.208435,TransSlide
100.14,21.97592,0,0.04714966,0.3253834,0,-1.135411,1245.412,1.577324,0.7628844,Left,Down,-0.05233916,-1.271988,TransSlide
100.18,21.99353,0,0.03433228,0.3253834,0,-1.122794,1246.292,1.57961,0.7622903,Straight,Down,0.01978234,-1.31955,TransSlide
100.22,22.01006,0,0.02334595,0.3253834,0,-1.108317,1247.172,1.582244,0.7616956,Straight,Down,0,-1.33548,TransSlide
100.26,22.0233,0,0.01052856,0.3253834,0,-1.094229,1248.052,1.583742,0.7611005,Straight,Down,0,-1.351448,TransSlide
100.3,22.04046,0,0.0050354,0.3293507,0,-1.080128,1248.934,1.583138,0.7605048,Straight,Down,0.01978234,-1.367439,TransSlide
100.34,22.06005,0,0.003204346,0.3293507,0,-1.065967,1249.816,1.58139,0.7599089,Straight,Down,0.01978234,-1.383469,TransSlide
100.38,22.07868,0,0.003204346,0.3293507,0,-1.051455,1250.699,1.579267,0.7593121,Straight,Down,0.01978234,-1.399506,TransSlide
100.42,22.09688,0,0.003204346,0.3293507,0,-1.036781,1251.583,1.576982,0.758715,Straight,Down,0.01978234,-1.415565,TransSlide
100.46,22.11476,0,0.003204346,0.3293507,0,-1.021819,1252.467,1.574998,0.7581173,Straight,Down,0.01978234,-1.431641,TransSlide
100.5,22.13247,0,0.003204346,0.3293507,0,-1.006575,1253.352,1.573357,0.7575191,Straight,Down,0.01978234,-1.447716,TransSlide
100.54,22.15006,0,0.003204346,0.309514,0,-0.9912062,1254.238,1.571952,0.7569205,Straight,Down,0,-1.463814,TransSlide
100.58,22.1652,0,0.003204346,0.3015793,0,-0.9754043,1255.125,1.570818,0.7563213,Straight,Down,0.01978234,-1.479919,TransSlide
100.62,22.17695,0,-0.0050354,0.3015793,0,-0.9596086,1256.011,1.569923,0.7557216,Straight,Down,0,-1.496033,TransSlide
100.66,22.18832,0,-0.0151062,0.3015793,0,-0.9435165,1256.899,1.569174,0.7551215,Straight,Down,0.01978234,-1.512154,TransSlide
100.7,22.19961,0,-0.01602173,0.3015793,0,-0.9271392,1257.787,1.56853,0.7545208,Straight,Down,0,-1.528282,TransSlide
100.74,22.21087,0,-0.01602173,0.3015793,0,-0.9106953,1258.675,1.567867,0.7539197,Straight,Down,0.01978234,-1.544418,TransSlide
100.78,22.22214,0,-0.01602173,0.3015793,0,-0.8939989,1259.564,1.567267,0.753318,Straight,Down,0,-1.560562,TransSlide
100.82,22.23335,0,-0.01602173,0.3015793,0,-0.8772266,1260.453,1.566744,0.7527158,Straight,Down,0,-1.576721,TransSlide
100.86,22.24456,0,-0.0004577637,0.3015793,0,-0.8605016,1261.343,1.566198,0.7521132,Straight,Down,0.01978234,-1.59288,TransSlide
100.9,22.25573,0,0.01602173,0.3015793,0,-0.8436143,1262.233,1.56574,0.75151,Straight,Down,0.01978234,-1.609047,TransSlide
100.94,22.26686,0,0.05172729,0.3015793,0,-0.8266371,1263.123,1.565227,0.7509064,Straight,Down,0,-1.625229,TransSlide
100.98,22.27798,0,0.09292603,0.3015793,0,-0.8094298,1264.014,1.564736,0.7503024,Straight,Down,0.01978234,-1.641411,TransSlide
101.02,22.28905,0,0.1130676,0.3015793,0,-0.7920408,1264.906,1.564258,0.7496978,Straight,Down,0.01978234,-1.6576,TransSlide
101.06,22.30003,0,0.1304662,0.297612,0,-0.7744468,1265.798,1.563736,0.7490926,Straight,Down,0.01978234,-1.673805,TransSlide
101.1,22.31062,0,0.1478612,0.289662,0,-0.7565146,1266.69,1.56295,0.7484871,Straight,Down,0.01978234,-1.69001,TransSlide
101.14,22.3192,0,0.1789892,0.2856947,0,-0.7382575,1267.583,1.562269,0.747881,Straight,Down,0.01978234,-1.706223,TransSlide
101.18,22.32686,0,0.2311742,0.2698253,0,-0.7198627,1268.476,1.562273,0.7472745,Straight,Down,0,-1.722443,TransSlide
101.22,22.33145,0,0.2595556,0.2658579,0,-0.7011142,1269.369,1.562094,0.7466673,Straight,Down,0.01978234,-1.738663,TransSlide
101.26,22.3351,0,0.2778661,0.2658579,0,-0.6819193,1270.262,1.561782,0.7460599,Straight,Down,0.01978234,-1.754883,TransSlide
101.3,22.33868,0,0.2796972,0.2658579,0,-0.6624033,1271.156,1.561466,0.7454521,Straight,Down,0,-1.771111,TransSlide
101.34,22.34216,0,0.2806127,0.2658579,0,-0.6425443,1272.049,1.560896,0.7448435,Straight,Down,0.01978234,-1.787338,TransSlide
101.38,22.34675,0,0.2906835,0.2658579,0,-0.6224909,1272.943,1.560527,0.7442346,Straight,Down,0.01978234,-1.803581,TransSlide
101.42,22.34867,0,0.3089941,0.2658579,0,-0.6067259,1273.837,1.559423,0.7436251,Right,Down,0.0656106,-1.812607,TransSlide
101.46,22.35101,0,0.3337133,0.2658579,0,-0.5940043,1274.731,1.557415,0.7430153,Right,Down,0.06852804,-1.78434,TransSlide
101.5,22.35372,0,0.3566051,0.2658579,0,-0.5808237,1275.625,1.555753,0.7424049,Right,Down,0.0656106,-1.756073,TransSlide
101.54,22.35625,0,0.3675914,0.2658579,0,-0.5668203,1276.52,1.554894,0.741794,Right,Down,0.0656106,-1.727814,TransSlide
101.58,22.35821,0,0.3758311,0.2658579,0,-0.552287,1277.414,1.554387,0.7411827,Right,Down,0.0656106,-1.699562,TransSlide
101.62,22.36008,0,0.3804088,0.2658579,0,-0.5370054,1278.308,1.554127,0.7405711,Right,Down,0.0656106,-1.671303,TransSlide
101.66,22.36147,0,0.3849864,0.2658579,0,-0.5201409,1279.203,1.553286,0.7399587,Right,Down,0.0656106,-1.643051,TransSlide
101.7,22.36379,0,0.3996348,0.2658579,0,-0.5025702,1280.097,1.553969,0.739346,Right,Down,0.0656106,-1.614815,TransSlide
101.74,22.37033,0,0.4115367,0.2658579,0,-0.4844677,1280.992,1.556309,0.7387329,Right,Down,0.07401875,-1.586571,TransSlide
101.78,22.36823,0,0.4289317,0.2658579,0,-0.4688634,1281.887,1.556143,0.7381192,Right,Down,0.1008706,-1.555664,TransSlide
101.82,22.36774,0,0.4454112,0.2658579,0,-0.4555108,1282.781,1.552077,0.7375051,Right,Down,0.09891172,-1.507805,TransSlide
101.86,22.36861,0,0.4811168,0.2658579,0,-0.4416689,1283.676,1.548458,0.7368905,Right,Down,0.09891172,-1.459923,TransSlide
101.9,22.36953,0,0.5305552,0.2618906,0,-0.4265167,1284.571,1.546602,0.7362754,Right,Down,0.09891172,-1.412094,TransSlide
101.94,22.36796,0,0.5891526,0.2579232,0,-0.4093969,1285.466,1.545229,0.73566,Right,Down,0.09891172,-1.364334,TransSlide
101.98,22.36652,0,0.6843674,0.2539559,0,-0.3910465,1286.36,1.54643,0.7350441,Right,Down,0.09891172,-1.316635,TransSlide
102.02,22.36528,0,0.7557786,0.2499886,0,-0.3716353,1287.255,1.551769,0.7344277,Right,Down,0.1203313,-1.268867,TransSlide
102.06,22.35739,0,0.8427572,0.2499886,0,-0.3571674,1288.15,1.548358,0.7338108,Right,Down,0.1266688,-1.208771,TransSlide
102.1,22.3505,0,0.8976889,0.2499886,0,-0.34076,1289.044,1.544804,0.7331934,Right,Down,0.1282043,-1.144196,TransSlide
102.14,22.34702,0,0.9260702,0.2499886,0,-0.3223559,1289.938,1.541751,0.7325757,Right,Down,0.1282043,-1.079674,TransSlide
102.18,22.33904,0,0.9324789,0.2420539,0,-0.3015141,1290.831,1.540367,0.7319574,Right,Down,0.1266688,-1.015327,TransSlide
102.22,22.33374,0,0.9324789,0.2341192,0,-0.2787533,1291.724,1.547262,0.7313387,Right,Down,0.1467098,-0.9509659,TransSlide
102.26,22.31969,0,0.9324789,0.2301518,0,-0.2609222,1292.617,1.54442,0.7307195,Right,Down,0.1532334,-0.8757629,TransSlide
102.3,22.30385,0,0.9324789,0.2182498,0,-0.2401443,1293.51,1.541066,0.7301,Right,Down,0.1532334,-0.7957611,TransSlide
102.34,22.29114,0,0.9370565,0.2023651,0,-0.216649,1294.401,1.536678,0.72948,Right,Down,0.1532334,-0.7158737,TransSlide
102.38,22.27641,0,0.9434652,0.1944305,0,-0.1909663,1295.293,1.540895,0.7288595,Right,Down,0.166689,-0.6361847,TransSlide
102.42,22.24951,0,0.9626913,0.1825284,0,-0.1672656,1296.183,1.541471,0.7282385,Right,Down,0.1791368,-0.5497055,TransSlide
102.46,22.22221,0,0.9983969,0.1825284,0,-0.1424449,1297.072,1.53858,0.7276172,Right,Down,0.1791368,-0.4550705,TransSlide
102.5,22.19628,0,1.044173,0.1825284,0,-0.1141036,1297.96,1.532677,0.7269953,Right,Down,0.1791368,-0.3605804,TransSlide
102.54,22.17096,0,1.079882,0.1825284,0,-0.08275819,1298.847,1.540625,0.7263731,Right,Down,0.2007689,-0.2662582,TransSlide
102.58,22.14069,0,1.121081,0.1825284,0,-0.05528474,1299.733,1.537183,0.7257503,Right,Down,0.2046302,-0.1596985,TransSlide
102.62,22.10798,0,1.1458,0.1825284,0,-0.02293742,1300.618,1.532559,0.7251273,Right,Flat,0.2046302,-0.05092621,TransSlide
102.66,22.08595,0,1.178759,0.1825284,0,0.01324585,1301.501,1.535813,0.7245038,Right,Flat,0.2220564,0.05770874,TransSlide
102.7,22.05081,0,1.203479,0.1825284,0,0.04690695,1302.384,1.535209,0.7238796,Right,Up,0.2306999,0.175354,TransSlide
102.74,22.01611,0,1.219958,0.1825284,0,0.08410916,1303.265,1.530639,0.7232552,Right,Up,0.2306999,0.2982864,TransSlide
102.78,21.99108,0,1.222705,0.1825284,0,0.1255371,1304.145,1.534233,0.7226303,Right,Up,0.2502292,0.4212036,TransSlide
102.82,21.95324,0,1.222705,0.1825284,0,0.1649058,1305.023,1.532523,0.722005,Right,Up,0.2571706,0.5545273,TransSlide
102.86,21.91818,0,1.222705,0.1825284,0,0.2083867,1305.9,1.526942,0.7213792,Right,Up,0.2624426,0.6915207,TransSlide
102.9,21.88567,0,1.220874,0.1825284,0,0.2546044,1306.776,1.533005,0.720753,Right,Up,0.2832403,0.8305283,TransSlide
102.94,21.84416,0,1.220874,0.1825284,0,0.2996556,1307.65,1.527418,0.7201265,Right,Up,0.2825486,0.9818192,TransSlide
102.98,21.80753,0,1.220874,0.1825284,0,0.3491099,1308.523,1.527534,0.7194994,Right,Up,0.5132,1.132629,TransSlide
103.02,21.77544,0,1.220874,0.1825284,0,0.397849,1309.395,1.53031,0.7188719,Right,Up,0.9276733,1.223442,TransSlide
103.06,21.74608,0,1.21538,0.1825284,0,0.4406596,1310.265,1.534541,0.718244,Right,Up,0.8681804,1.152122,TransSlide
103.1,21.71434,0,1.21538,0.2063325,0,0.476273,1311.133,1.532572,0.7176157,Right,Up,0.8134917,1.084267,TransSlide
103.14,21.68298,0,1.21538,0.2063325,0,0.5034035,1312.001,1.534424,0.7169869,Right,Up,0.7669383,1.020096,TransSlide
103.18,21.64915,0,1.21538,0.2063325,0,0.5249218,1312.867,1.53518,0.7163576,Right,Up,0.7217214,0.9590302,TransSlide
103.22,21.62009,0,1.208972,0.2063325,0,0.5416665,1313.732,1.535136,0.7157281,Right,Up,0.6792617,0.9009705,TransSlide
103.26,21.59645,0,1.174182,0.2063325,0,0.5539616,1314.596,1.534757,0.7150981,Right,Up,0.6394964,0.8457642,TransSlide
103.3,21.57219,0,1.131152,0.2063325,0,0.5627141,1315.459,1.533897,0.7144677,Right,Up,0.6013339,0.7931976,TransSlide
103.34,21.5428,0,1.090869,0.2063325,0,0.5685488,1316.321,1.532787,0.7138368,Right,Up,0.5664824,0.7431717,TransSlide
103.38,21.50903,0,1.03868,0.2063325,0,0.5711116,1317.182,1.532019,0.7132056,Right,Up,0.5337587,0.6954422,TransSlide
103.42,21.48169,0,1.00389,0.2063325,0,0.5703228,1318.042,1.534868,0.7125739,Right,Up,0.5008504,0.6502914,TransSlide
103.46,21.45989,0,0.9553671,0.2103151,0,0.5681873,1318.9,1.532667,0.7119418,Right,Up,0.4727124,0.6073151,TransSlide
103.5,21.43206,0,0.9077597,0.2142824,0,0.5654009,1319.758,1.53001,0.7113093,Right,Up,0.4502396,0.5660782,TransSlide
103.54,21.41101,0,0.8628988,0.2142824,0,0.5604317,1320.614,1.532643,0.7106763,Right,Up,0.414487,0.5266495,TransSlide
103.58,21.38815,0,0.8088791,0.2142824,0,0.5543274,1321.47,1.530525,0.710043,Right,Up,0.3995845,0.489563,TransSlide
103.62,21.35985,0,0.7658494,0.2182498,0,0.5495108,1322.325,1.528996,0.7094093,Right,Up,0.3642322,0.4531555,TransSlide
103.66,21.34562,0,0.6495774,0.2182498,0,0.5412694,1323.179,1.530355,0.7087752,Right,Up,0.3522151,0.4195938,TransSlide
103.7,21.3176,0,0.5159068,0.2182498,0,0.5362378,1324.031,1.526589,0.7081405,Right,Up,0.3208161,0.3864441,TransSlide
103.74,21.29986,0,0.3868175,0.2182498,0,0.5263518,1324.884,1.528661,0.7075056,Right,Up,0.3183671,0.3558731,TransSlide
103.78,21.27647,0,0.2375829,0.2182498,0,0.5200441,1325.735,1.527079,0.7068701,Right,Up,0.2804634,0.3253326,TransSlide
103.82,21.25831,0,0.1286352,0.2182498,0,0.5111971,1326.586,1.526074,0.7062344,Right,Up,0.2755364,0.2974091,TransSlide
103.86,21.24146,0,0.00869751,0.2182498,0,0.5030545,1327.436,1.528006,0.7055982,Right,Up,0.2564087,0.269928,TransSlide
103.9,21.22191,0,-0.08835018,0.2182498,0,0.4965205,1328.285,1.523511,0.7049616,Right,Up,0.2264194,0.2433014,TransSlide
103.94,21.20501,0,-0.16617,0.2182498,0,0.4857166,1329.133,1.523923,0.7043247,Right,Up,0.2264194,0.2190781,TransSlide
103.98,21.19047,0,-0.2751195,0.2182498,0,0.4766809,1329.981,1.525512,0.7036873,Right,Up,0.2193969,0.1948853,TransSlide
104.02,21.16878,0,-0.382238,0.2182498,0,0.470761,1330.828,1.521596,0.7030495,Right,Up,0.174713,0.1707382,TransSlide
104.06,21.15445,0,-0.5424589,0.2182498,0,0.4592783,1331.674,1.521117,0.7024113,Right,Flat,0.1701742,0.1498566,TransSlide
104.1,21.14068,0,-0.6550705,0.2182498,0,0.4479797,1332.52,1.521155,0.7017727,Right,Flat,0.1713202,0.1292801,TransSlide
104.14,21.12402,0,-0.7127488,0.2182498,0,0.4381173,1333.365,1.52281,0.7011338,Right,Flat,0.1713202,0.1087341,TransSlide
104.18,21.10656,0,-0.7502854,0.2182498,0,0.4299371,1334.209,1.520357,0.7004943,Right,Flat,0.1297215,0.08818817,TransSlide
104.22,21.09304,0,-0.762189,0.2182498,0,0.4180848,1335.053,1.518142,0.6998547,Right,Flat,0.09487279,0.06981659,TransSlide
104.26,21.08007,0,-0.7676822,0.2182498,0,0.4018689,1335.897,1.518047,0.6992147,Right,Flat,0.09487279,0.05403137,TransSlide
104.3,21.06583,0,-0.7676822,0.2182498,0,0.386751,1336.74,1.518387,0.6985741,Right,Flat,0.09691329,0.03826904,TransSlide
104.34,21.0503,0,-0.7676822,0.2182498,0,0.372205,1337.582,1.518237,0.6979332,Right,Flat,0.09691329,0.02251434,TransSlide
104.38,21.03619,0,-0.7676822,0.2182498,0,0.3580893,1338.423,1.517452,0.6972919,Right,Flat,0.09487279,0.006774902,TransSlide
104.42,21.02205,0,-0.7676822,0.2182498,0,0.3432883,1339.264,1.516886,0.6966503,Right,Flat,0.09487279,-0.008972168,TransSlide
104.46,21.0073,0,-0.7676822,0.2182498,0,0.3283785,1340.105,1.515557,0.6960081,Right,Flat,0.09691329,-0.02471161,TransSlide
104.5,20.99213,0,-0.7612717,0.2222171,0,0.3130603,1340.945,1.513403,0.6953657,Right,Flat,0.09691329,-0.04044342,TransSlide
104.54,20.97759,0,-0.7493699,0.2261845,0,0.296629,1341.784,1.510706,0.6947228,Straight,Flat,0,-0.05615234,TransSlide
104.58,20.96521,0,-0.7209885,0.2261845,0,0.2743994,1342.623,1.511664,0.6940798,Straight,Flat,-0.01978234,-0.06678009,TransSlide
104.62,20.9523,0,-0.702678,0.2261845,0,0.2515542,1343.461,1.51242,0.6934361,Straight,Flat,0,-0.07572937,TransSlide
104.66,20.93839,0,-0.6367582,0.2301518,0,0.2276652,1344.299,1.51291,0.6927922,Straight,Flat,-0.01978234,-0.08468628,TransSlide
104.7,20.92673,0,-0.5708402,0.2301518,0,0.2028147,1345.136,1.512574,0.6921478,Straight,Flat,-0.01978234,-0.09363556,TransSlide
104.74,20.91526,0,-0.5195689,0.2301518,0,0.1766201,1345.973,1.511932,0.691503,Straight,Flat,-0.01978234,-0.1026001,TransSlide
104.78,20.90372,0,-0.4692149,0.2301518,0,0.1489828,1346.809,1.511048,0.6908579,Straight,Flat,-0.01978234,-0.111557,TransSlide
104.82,20.89215,0,-0.4417491,0.2341192,0,0.1198407,1347.645,1.510028,0.6902125,Straight,Flat,-0.01978234,-0.1205139,TransSlide
104.86,20.88103,0,-0.4161143,0.2380865,0,0.08895242,1348.48,1.508886,0.6895666,Straight,Flat,-0.01978234,-0.1294708,TransSlide
104.9,20.87076,0,-0.3923088,0.2460212,0,0.05645517,1349.315,1.507815,0.6889206,Straight,Flat,0,-0.1384277,TransSlide
104.94,20.8623,0,-0.3685051,0.2539559,0,0.02204981,1350.15,1.506923,0.6882741,Straight,Flat,0,-0.1473846,TransSlide
104.98,20.85564,0,-0.3263909,0.2539559,0,-0.01414353,1350.984,1.506317,0.687627,Straight,Down,-0.01978234,-0.1563416,TransSlide
105.02,20.8494,0,-0.2851903,0.2539559,0,-0.05218995,1351.818,1.505907,0.6869798,Straight,Down,0,-0.1652985,TransSlide
105.06,20.84292,0,-0.2183568,0.2539559,0,-0.09202552,1352.651,1.50556,0.6863321,Straight,Down,0,-0.1742706,TransSlide
105.1,20.83676,0,-0.13138,0.2539559,0,-0.1336282,1353.485,1.504429,0.685684,Straight,Down,-0.01978234,-0.1832275,TransSlide
105.14,20.83053,0,-0.06637752,0.2539559,0,-0.17702,1354.318,1.503337,0.6850356,Straight,Down,-0.01978234,-0.1921997,TransSlide
105.18,20.82418,0,0.02334595,0.2539559,0,-0.2219808,1355.151,1.50257,0.6843869,Straight,Down,-0.01978234,-0.2011642,TransSlide
105.22,20.817,0,0.07095337,0.2539559,0,-0.2684314,1355.984,1.501534,0.6837377,Straight,Down,-0.01978234,-0.2101364,TransSlide
105.26,20.81239,0,0.1286352,0.2539559,0,-0.312839,1356.817,1.50097,0.6830884,Left,Down,-0.07132626,-0.2190933,TransSlide
105.3,20.80772,0,0.1844823,0.2539559,0,-0.3534429,1357.649,1.502095,0.6824385,Left,Down,-0.09691329,-0.2253265,TransSlide
105.34,20.8028,0,0.2201879,0.2539559,0,-0.3953766,1358.481,1.502975,0.6817884,Left,Down,-0.09891172,-0.22966,TransSlide
105.38,20.79734,0,0.2732885,0.2539559,0,-0.4380324,1359.313,1.503049,0.6811378,Left,Down,-0.09891172,-0.2340012,TransSlide
105.42,20.79397,0,0.2980077,0.2539559,0,-0.4820453,1360.145,1.502743,0.6804869,Left,Down,-0.09891172,-0.2383347,TransSlide
105.46,20.78973,0,0.3208959,0.2539559,0,-0.5270885,1360.976,1.50228,0.6798356,Left,Down,-0.09891172,-0.2426758,TransSlide
105.5,20.78341,0,0.3273046,0.2539559,0,-0.5724903,1361.808,1.499437,0.6791841,Left,Down,-0.09891172,-0.2470093,TransSlide
105.54,20.78045,0,0.3282201,0.2539559,0,-0.61406,1362.639,1.497835,0.6785321,Left,Down,-0.1203313,-0.2513504,TransSlide
105.58,20.77719,0,0.3282201,0.2539559,0,-0.6531352,1363.47,1.4982,0.6778799,Left,Down,-0.132704,-0.2546844,TransSlide
105.62,20.77349,0,0.3035009,0.2539559,0,-0.6923195,1364.301,1.498434,0.6772273,Left,Down,-0.132704,-0.2571869,TransSlide
105.66,20.76893,0,0.2494848,0.2539559,0,-0.7321448,1365.132,1.498748,0.6765743,Left,Down,-0.132704,-0.259697,TransSlide
105.7,20.76351,0,0.1661718,0.2539559,0,-0.7719012,1365.963,1.497302,0.675921,Left,Down,-0.132704,-0.2621918,TransSlide
105.74,20.76025,0,0.09841919,0.2539559,0,-0.8086489,1366.793,1.494734,0.6752673,Left,Down,-0.1426525,-0.2647018,TransSlide
105.78,20.75748,0,0.003204346,0.2539559,0,-0.8406423,1367.623,1.494613,0.6746133,Left,Down,-0.1582588,-0.2669067,TransSlide
105.82,20.7546,0,-0.08835018,0.2539559,0,-0.8735189,1368.454,1.495122,0.6739589,Left,Down,-0.1594904,-0.268074,TransSlide
105.86,20.7501,0,-0.1963842,0.2539559,0,-0.9063156,1369.284,1.496484,0.6733043,Left,Down,-0.1582588,-0.2692413,TransSlide
105.9,20.74456,0,-0.3053337,0.2539559,0,-0.9388053,1370.114,1.492517,0.6726493,Left,Down,-0.1594904,-0.2704086,TransSlide
105.94,20.74195,0,-0.3859001,0.2539559,0,-0.963007,1370.943,1.492361,0.6719939,Left,Down,-0.1758294,-0.2715683,TransSlide
105.98,20.73945,0,-0.4829478,0.2539559,0,-0.9881763,1371.773,1.492271,0.6713381,Left,Down,-0.1802258,-0.2719574,TransSlide
106.02,20.73451,0,-0.5589384,0.2539559,0,-1.014004,1372.602,1.493619,0.6706821,Left,Down,-0.1802258,-0.2720337,TransSlide
106.06,20.72995,0,-0.654155,0.2539559,0,-1.038357,1373.432,1.489798,0.6700257,Left,Down,-0.1813082,-0.27211,TransSlide
106.1,20.72738,0,-0.7447922,0.2539559,0,-1.055889,1374.261,1.489513,0.669369,Left,Down,-0.1958353,-0.2721863,TransSlide
106.14,20.72556,0,-0.8134586,0.2539559,0,-1.074898,1375.09,1.490035,0.668712,Left,Down,-0.199792,-0.2715836,TransSlide
106.18,20.71835,0,-0.8793783,0.2539559,0,-1.094305,1375.919,1.489809,0.6680546,Left,Down,-0.199792,-0.2707214,TransSlide
106.22,20.71619,0,-0.9141684,0.2539559,0,-1.109393,1376.747,1.487641,0.667397,Left,Down,-0.2036718,-0.2698517,TransSlide
106.26,20.71379,0,-0.9379721,0.2539559,0,-1.121953,1377.576,1.487576,0.666739,Left,Down,-0.2167048,-0.2689438,TransSlide
106.3,20.70978,0,-0.9626913,0.2539559,0,-1.136697,1378.404,1.488608,0.6660807,Left,Down,-0.2167048,-0.2672501,TransSlide
106.34,20.70519,0,-0.9791708,0.2539559,0,-1.148134,1379.232,1.485612,0.665422,Left,Down,-0.2167048,-0.2655563,TransSlide
106.38,20.70241,0,-0.9993142,0.2539559,0,-1.156518,1380.061,1.485616,0.664763,Left,Down,-0.2298502,-0.2638626,TransSlide
106.42,20.69771,0,-1.011216,0.2539559,0,-1.167641,1380.889,1.486529,0.6641037,Left,Down,-0.2315465,-0.2615738,TransSlide
106.46,20.69252,0,-1.016709,0.2539559,0,-1.175465,1381.716,1.483472,0.6634442,Left,Down,-0.23239,-0.25914,TransSlide
106.5,20.68956,0,-1.016709,0.2539559,0,-1.18135,1382.544,1.483817,0.6627842,Left,Down,-0.2438933,-0.2567062,TransSlide
106.54,20.68395,0,-1.016709,0.2539559,0,-1.18975,1383.371,1.483423,0.662124,Left,Down,-0.2470816,-0.2537689,TransSlide
106.58,20.67823,0,-1.011216,0.2539559,0,-1.193833,1384.198,1.481628,0.6614634,Left,Down,-0.2478722,-0.2506409,TransSlide
106.62,20.67559,0,-1.010301,0.2539559,0,-1.198241,1385.026,1.482368,0.6608025,Left,Down,-0.2586879,-0.2475128,TransSlide
106.66,20.66976,0,-1.010301,0.2539559,0,-1.20509,1385.852,1.479465,0.6601413,Left,Down,-0.2609472,-0.2438583,TransSlide
106.7,20.66465,0,-1.010301,0.2539559,0,-1.206555,1386.679,1.480183,0.6594799,Left,Down,-0.2646699,-0.240097,TransSlide
106.74,20.65844,0,-1.009385,0.2539559,0,-1.211086,1387.505,1.480625,0.6588179,Left,Down,-0.2733977,-0.2362671,TransSlide
106.78,20.65311,0,-1.003892,0.2539559,0,-1.213231,1388.332,1.478401,0.6581559,Left,Down,-0.2733977,-0.2319107,TransSlide
106.82,20.64991,0,-1.003892,0.2539559,0,-1.215643,1389.158,1.479351,0.6574933,Left,Down,-0.2818553,-0.2275467,TransSlide
106.86,20.64455,0,-1.003892,0.2539559,0,-1.21997,1389.984,1.476408,0.6568306,Left,Down,-0.2859903,-0.2228622,TransSlide
106.9,20.63928,0,-1.003892,0.2539559,0,-1.220207,1390.809,1.477352,0.6561676,Left,Down,-0.2880355,-0.217926,TransSlide
106.94,20.63143,0,-1.003892,0.2539559,0,-1.223841,1391.635,1.475688,0.6555043,Left,Down,-0.2980514,-0.2129745,TransSlide
106.98,20.62602,0,-1.003892,0.2539559,0,-1.22406,1392.46,1.475646,0.6548405,Left,Down,-0.2980514,-0.2074966,TransSlide
107.02,20.61953,0,-0.986495,0.2579232,0,-1.226397,1393.285,1.47609,0.6541767,Left,Down,-0.3064671,-0.2020035,TransSlide
107.06,20.61554,0,-0.9636068,0.2658579,0,-1.227387,1394.109,1.474207,0.6535123,Left,Down,-0.309643,-0.1961975,TransSlide
107.1,20.61065,0,-0.9269857,0.2737926,0,-1.228979,1394.934,1.475674,0.6528478,Left,Down,-0.3146578,-0.1901855,TransSlide
107.14,20.61149,0,-0.8976889,0.27776,0,-1.229688,1395.758,1.47282,0.6521828,Left,Down,-0.3202056,-0.1839981,TransSlide
107.18,20.60864,0,-0.8693057,0.27776,0,-1.230518,1396.583,1.474316,0.6515177,Left,Down,-0.3238513,-0.1774826,TransSlide
107.22,20.61129,0,-0.8574039,0.27776,0,-1.23083,1397.407,1.471324,0.6508524,Left,Down,-0.3310224,-0.1708984,TransSlide
107.26,20.60707,0,-0.8509952,0.27776,0,-1.230748,1398.231,1.47306,0.6501866,Left,Down,-0.3333784,-0.1639175,TransSlide
107.3,20.60899,0,-0.8509952,0.27776,0,-1.230132,1399.056,1.470206,0.6495206,Left,Down,-0.3414966,-0.1568985,TransSlide
107.34,20.60532,0,-0.8564883,0.27776,0,-1.228991,1399.88,1.471959,0.6488542,Left,Flat,-0.3426407,-0.1494446,TransSlide
107.38,20.60761,0,-0.8619815,0.27776,0,-1.227427,1400.704,1.469213,0.6481876,Left,Flat,-0.3511023,-0.1419907,TransSlide
107.42,20.60357,0,-0.8747989,0.27776,0,-1.225326,1401.529,1.470843,0.6475206,Left,Flat,-0.3527702,-0.1341019,TransSlide
107.46,20.608,0,-0.8921957,0.27776,0,-1.222036,1402.353,1.468295,0.6468535,Left,Flat,-0.3609945,-0.1261902,TransSlide
107.5,20.60266,0,-0.9159994,0.2817273,0,-1.219066,1403.177,1.468153,0.6461859,Left,Flat,-0.3631561,-0.1178741,TransSlide
107.54,20.61005,0,-0.9288168,0.2817273,0,-1.213976,1404.001,1.467416,0.6455183,Left,Flat,-0.3706227,-0.10952,TransSlide
107.58,20.6039,0,-0.9333944,0.2817273,0,-1.210321,1404.826,1.465049,0.6448502,Left,Flat,-0.3732531,-0.1007538,TransSlide
107.62,20.60799,0,-0.9333944,0.2817273,0,-1.203221,1405.65,1.467021,0.6441818,Left,Flat,-0.3800071,-0.09194946,TransSlide
107.66,20.60437,0,-0.9333944,0.2817273,0,-1.196686,1406.474,1.46413,0.6435131,Left,Flat,-0.3835945,-0.0827713,TransSlide
107.7,20.60304,0,-0.93431,0.2817273,0,-1.188866,1407.298,1.466653,0.6428443,Left,Flat,-0.3891652,-0.07348633,TransSlide
107.74,20.60545,0,-0.9452963,0.2817273,0,-1.179857,1408.123,1.463947,0.6421751,Left,Flat,-0.3936644,-0.06391144,TransSlide
107.78,20.60247,0,-0.9855795,0.2817273,0,-1.170807,1408.947,1.465292,0.6415057,Left,Flat,-0.3981127,-0.0541687,TransSlide
107.82,20.60525,0,-1.021287,0.2817273,0,-1.158747,1409.771,1.462353,0.6408359,Left,Flat,-0.4039677,-0.04418945,TransSlide
107.86,20.59812,0,-1.064317,0.2817273,0,-1.147198,1410.595,1.46115,0.640166,Left,Flat,-0.4073442,-0.03395081,TransSlide
107.9,20.59886,0,-1.085374,0.2817273,0,-1.133087,1411.419,1.456152,0.6394958,Left,Flat,-0.4140146,-0.02359009,TransSlide
107.94,20.59079,0,-1.085374,0.2817273,0,-1.118904,1412.242,1.455947,0.6388252,Left,Flat,-0.4111691,-0.01290894,TransSlide
107.98,20.58892,0,-1.080796,0.2817273,0,-1.104419,1413.066,1.453639,0.6381544,Left,Flat,-0.4073442,0.007667542,TransSlide
108.02,20.57828,0,-1.067979,0.2817273,0,-1.087666,1413.889,1.453904,0.6374832,Left,Flat,-0.3961419,0.05541992,TransSlide
108.06,20.5768,0,-1.056992,0.2817273,0,-1.072841,1414.712,1.454351,0.6368119,Left,Flat,-0.3886621,0.1082382,TransSlide
108.1,20.56683,0,-1.040513,0.2817273,0,-1.054686,1415.535,1.453445,0.6361402,Left,Up,-0.3753442,0.1662979,TransSlide
108.14,20.5648,0,-1.022202,0.2856947,0,-1.039585,1416.358,1.454378,0.6354684,Left,Up,-0.3700944,0.2223358,TransSlide
108.18,20.55744,0,-1.003892,0.289662,0,-1.020265,1417.18,1.453373,0.6347963,Left,Up,-0.3560827,0.2773285,TransSlide
108.22,20.55512,0,-0.9855795,0.3134814,0,-1.004332,1418.003,1.453199,0.6341239,Left,Up,-0.3527702,0.330101,TransSlide
108.26,20.5531,0,-0.9791708,0.3134814,0,-0.9855616,1418.825,1.453453,0.6334512,Left,Up,-0.339197,0.3820953,TransSlide
108.3,20.55512,0,-0.9791708,0.3134814,0,-0.9686159,1419.647,1.451328,0.6327782,Left,Up,-0.3345502,0.4319153,TransSlide
108.34,20.55052,0,-0.9791708,0.3134814,0,-0.9512876,1420.469,1.453161,0.632105,Left,Up,-0.3232465,0.4809189,TransSlide
108.38,20.54871,0,-0.9791708,0.3134814,0,-0.9335335,1421.291,1.450827,0.6314316,Left,Up,-0.3171355,0.5283127,TransSlide
108.42,20.5476,0,-0.9791708,0.3174487,0,-0.9190239,1422.113,1.452853,0.6307577,Left,Up,-0.3102743,0.5743027,TransSlide
108.46,20.54751,0,-0.9700155,0.3174487,0,-0.9003967,1422.935,1.450724,0.6300839,Left,Up,-0.2987072,0.6195831,TransSlide
108.5,20.54959,0,-0.9498739,0.3174487,0,-0.8855748,1423.757,1.449489,0.6294096,Left,Up,-0.2993615,0.66259,TransSlide
108.54,20.54903,0,-0.9324789,0.3174487,0,-0.8700001,1424.579,1.450489,0.6287352,Left,Up,-0.2853053,0.7056198,TransSlide
108.58,20.54358,0,-0.8986044,0.3174487,0,-0.8544376,1425.4,1.448402,0.6280606,Left,Up,-0.2818553,0.7463608,TransSlide
108.62,20.54288,0,-0.8564883,0.3293507,0,-0.842366,1426.222,1.449431,0.6273855,Left,Up,-0.2762456,0.7864609,TransSlide
108.66,20.54488,0,-0.8271915,0.3293507,0,-0.8271005,1427.044,1.448584,0.6267104,Left,Up,-0.2654082,0.825943,TransSlide
108.7,20.54368,0,-0.7988101,0.3333181,0,-0.8140048,1427.866,1.446518,0.6260348,Left,Up,-0.2654082,0.8631592,TransSlide
108.74,20.55,0,-0.7859927,0.3333181,0,-0.804474,1428.688,1.448501,0.6253592,Left,Up,-0.2564087,0.9003906,TransSlide
108.78,20.55008,0,-0.7795841,0.3333181,0,-0.7906371,1429.51,1.447082,0.6246831,Left,Up,-0.2486604,0.9363098,TransSlide
108.82,20.54765,0,-0.7795841,0.3333181,0,-0.7795464,1430.332,1.444943,0.6240069,Left,Up,-0.249446,0.9706726,TransSlide
108.86,20.55544,0,-0.777753,0.3333181,0,-0.7722557,1431.154,1.446684,0.6233305,Left,Up,-0.2390311,1.005058,TransSlide
108.9,20.55398,0,-0.7631046,0.3333181,0,-0.7609714,1431.976,1.445776,0.6226539,Left,Up,-0.2332305,1.037956,TransSlide
108.94,20.55228,0,-0.7557786,0.3333181,0,-0.7518131,1432.798,1.444065,0.6219769,Left,Up,-0.2332305,1.069519,TransSlide
108.98,20.55962,0,-0.6797898,0.3372854,0,-0.7462832,1433.62,1.443483,0.6212998,Left,Up,-0.2238118,1.101082,TransSlide
109.02,20.55828,0,-0.6193632,0.3412528,0,-0.7394202,1434.443,1.444429,0.6206223,Left,Up,-0.2167048,1.131531,TransSlide
109.06,20.56009,0,-0.5781645,0.3452201,0,-0.7324761,1435.265,1.443461,0.6199448,Left,Up,-0.2158,1.160324,TransSlide
109.1,20.56122,0,-0.5479521,0.3452201,0,-0.7274914,1436.087,1.440669,0.6192668,Left,Up,-0.2130625,1.189095,TransSlide
109.14,20.56822,0,-0.5369657,0.3452201,0,-0.7260888,1436.91,1.443193,0.6185887,Left,Up,-0.199792,1.217857,TransSlide
109.18,20.57073,0,-0.5177379,0.3452201,0,-0.7198232,1437.733,1.442015,0.6179104,Left,Up,-0.2007689,1.243912,TransSlide
109.22,20.5717,0,-0.505836,0.3452201,0,-0.715757,1438.556,1.440633,0.617232,Left,Up,-0.2007689,1.269943,TransSlide
109.26,20.58011,0,-0.5003428,0.3452201,0,-0.7147039,1439.379,1.438771,0.6165531,Left,Up,-0.1928145,1.295959,TransSlide
109.3,20.58153,0,-0.4994273,0.3452201,0,-0.7151973,1440.202,1.441078,0.6158741,Left,Up,-0.1845175,1.320892,TransSlide
109.34,20.58336,0,-0.4948497,0.3452201,0,-0.7120773,1441.025,1.440098,0.6151948,Left,Up,-0.1855749,1.344231,TransSlide
109.38,20.58396,0,-0.4875255,0.3452201,0,-0.7109224,1441.848,1.438681,0.6145154,Left,Up,-0.1855749,1.367554,TransSlide
109.42,20.58891,0,-0.4692149,0.3452201,0,-0.7126104,1442.672,1.436534,0.6138358,Left,Up,-0.1758294,1.390854,TransSlide
109.46,20.59335,0,-0.4582286,0.3452201,0,-0.717185,1443.496,1.43956,0.6131558,Left,Up,-0.1690205,1.412766,TransSlide
109.5,20.59495,0,-0.4518199,0.3452201,0,-0.7156808,1444.319,1.438448,0.6124758,Left,Up,-0.1701742,1.433365,TransSlide
109.54,20.59629,0,-0.4518199,0.3452201,0,-0.715993,1445.143,1.436993,0.6117954,Left,Up,-0.1701742,1.453949,TransSlide
109.58,20.60107,0,-0.4518199,0.3452201,0,-0.7186979,1445.967,1.435072,0.6111149,Left,Up,-0.1643245,1.474541,TransSlide
109.62,20.60511,0,-0.4463267,0.3571222,0,-0.7241673,1446.791,1.43456,0.610434,Left,Up,-0.1545051,1.494614,TransSlide
109.66,20.60828,0,-0.4234385,0.3610895,0,-0.7294869,1447.615,1.436393,0.609753,Left,Up,-0.1545051,1.512428,TransSlide
109.7,20.61282,0,-0.3575188,0.3610895,0,-0.7309244,1448.44,1.435416,0.6090717,Left,Up,-0.1545051,1.530235,TransSlide
109.74,20.6169,0,-0.291599,0.3610895,0,-0.7336775,1449.264,1.433883,0.6083903,Left,Up,-0.1532334,1.548035,TransSlide
109.78,20.6241,0,-0.1844823,0.3610895,0,-0.7386878,1450.089,1.432535,0.6077086,Left,Up,-0.14537,1.565834,TransSlide
109.82,20.63045,0,-0.07736385,0.3650568,0,-0.7455031,1450.914,1.431468,0.6070268,Left,Up,-0.1384764,1.582588,TransSlide
109.86,20.63782,0,-0.0050354,0.3650568,0,-0.7540064,1451.74,1.433896,0.6063448,Left,Up,-0.1384764,1.597565,TransSlide
109.9,20.64348,0,0.08651733,0.3650568,0,-0.7556165,1452.566,1.432927,0.6056626,Left,Up,-0.1384764,1.612541,TransSlide
109.94,20.64875,0,0.1359594,0.3650568,0,-0.7582451,1453.391,1.431564,0.6049801,Left,Up,-0.1384764,1.627518,TransSlide
109.98,20.65779,0,0.2027929,0.3650568,0,-0.7625676,1454.218,1.430171,0.6042974,Left,Up,-0.1356209,1.642494,TransSlide
110.02,20.66272,0,0.2842748,0.3769741,0,-0.7676885,1455.044,1.428989,0.6036145,Left,Up,-0.1219466,1.65744,TransSlide
110.06,20.67244,0,0.3254735,0.3809415,0,-0.7741107,1455.871,1.428748,0.6029314,Left,Up,-0.1235407,1.669495,TransSlide
110.1,20.68282,0,0.3318822,0.3809415,0,-0.7808475,1456.698,1.430769,0.6022481,Left,Up,-0.1219466,1.681549,TransSlide
110.14,20.69172,0,0.3318822,0.3809415,0,-0.7802288,1457.526,1.429721,0.6015646,Left,Up,-0.1219466,1.693604,TransSlide
110.18,20.70053,0,0.3318822,0.3809415,0,-0.7800699,1458.354,1.428275,0.6008811,Left,Up,-0.1219466,1.705666,TransSlide
110.22,20.71267,0,0.3318822,0.3809415,0,-0.7811798,1459.182,1.42698,0.6001972,Left,Up,-0.1203313,1.717728,TransSlide
110.26,20.72153,0,0.3373754,0.3809415,0,-0.782967,1460.011,1.42614,0.5995132,Left,Up,-0.1065312,1.729774,TransSlide
110.3,20.73041,0,0.3446996,0.3809415,0,-0.7848082,1460.84,1.42524,0.5988289,Left,Up,-0.1065312,1.73896,TransSlide
110.34,20.74084,0,0.3446996,0.3809415,0,-0.787122,1461.669,1.425646,0.5981444,Left,Up,-0.1046783,1.747894,TransSlide
110.38,20.7509,0,0.3208959,0.3809415,0,-0.7891577,1462.499,1.427185,0.5974597,Left,Up,-0.1065312,1.756828,TransSlide
110.42,20.7589,0,0.2604711,0.3809415,0,-0.782829,1463.33,1.426018,0.5967749,Left,Up,-0.1065312,1.76577,TransSlide
110.46,20.76761,0,0.1881444,0.3809415,0,-0.7763208,1464.16,1.424543,0.5960898,Left,Up,-0.1046783,1.774712,TransSlide
110.5,20.77883,0,0.06546021,0.3809415,0,-0.7700408,1464.991,1.423206,0.5954047,Left,Up,-0.1046783,1.783661,TransSlide
110.54,20.7872,0,-0.04714966,0.3849088,0,-0.7635065,1465.823,1.422396,0.5947192,Left,Up,-0.09065409,1.792595,TransSlide
110.58,20.79681,0,-0.1972997,0.3888762,0,-0.757185,1466.655,1.421975,0.5940337,Left,Up,-0.08622923,1.798813,TransSlide
110.62,20.80689,0,-0.314489,0.3888762,0,-0.7505722,1467.487,1.421206,0.5933479,Left,Up,-0.08622923,1.80426,TransSlide
110.66,20.81755,0,-0.3584343,0.3888762,0,-0.7442549,1468.319,1.420977,0.592662,Left,Up,-0.08846933,1.8097,TransSlide
110.7,20.83005,0,-0.3749138,0.3888762,0,-0.7380793,1469.152,1.421875,0.5919757,Left,Up,-0.08846933,1.81514,TransSlide
110.74,20.83948,0,-0.3749138,0.3888762,0,-0.7262636,1469.986,1.421761,0.5912895,Left,Up,-0.08622923,1.820587,TransSlide
110.78,20.84951,0,-0.3694206,0.3888762,0,-0.7108395,1470.82,1.420554,0.5906029,Left,Up,-0.08622923,1.826035,TransSlide
110.82,20.86065,0,-0.3694206,0.3888762,0,-0.6955323,1471.654,1.41938,0.5899165,Left,Up,-0.08622923,1.831474,TransSlide
110.86,20.87147,0,-0.3694206,0.3888762,0,-0.6803861,1472.489,1.41854,0.5892296,Left,Up,-0.08156469,1.836929,TransSlide
110.9,20.8817,0,-0.3749138,0.3888762,0,-0.6655477,1473.324,1.417853,0.5885426,Left,Up,-0.0656106,1.84169,TransSlide
110.94,20.89184,0,-0.3767449,0.3888762,0,-0.6509515,1474.16,1.41721,0.5878554,Left,Up,-0.0656106,1.842842,TransSlide
110.98,20.90197,0,-0.380407,0.3928435,0,-0.6363969,1474.996,1.416635,0.587168,Left,Up,-0.0656106,1.844002,TransSlide
111.02,20.91254,0,-0.380407,0.3928435,0,-0.6222214,1475.832,1.416013,0.5864805,Left,Up,-0.0656106,1.845161,TransSlide
111.06,20.92395,0,-0.380407,0.4007782,0,-0.6081676,1476.669,1.415115,0.5857927,Left,Up,-0.06852804,1.846313,TransSlide
111.1,20.93608,0,-0.3813225,0.4087129,0,-0.5948049,1477.506,1.415447,0.5851049,Left,Up,-0.06852804,1.847458,TransSlide
111.14,20.94994,0,-0.3813225,0.4126802,0,-0.5822586,1478.344,1.415514,0.5844169,Left,Up,-0.0656106,1.848618,TransSlide
111.18,20.96621,0,-0.3813225,0.4166476,0,-0.565605,1479.182,1.415216,0.5837287,Left,Up,-0.0656106,1.849762,TransSlide
111.22,20.98299,0,-0.3813225,0.4166476,0,-0.5425243,1480.022,1.41524,0.5830403,Left,Up,-0.0656106,1.850906,TransSlide
111.26,21.00031,0,-0.3813225,0.4166476,0,-0.5204253,1480.861,1.41499,0.5823519,Left,Up,-0.06852804,1.852066,TransSlide
111.3,21.01694,0,-0.3675896,0.4206149,0,-0.498982,1481.702,1.414373,0.5816631,Left,Up,-0.0656106,1.85321,TransSlide
111.34,21.0351,0,-0.3437859,0.4206149,0,-0.4788174,1482.543,1.413602,0.5809743,Straight,Up,-0.02797646,1.854362,TransSlide
111.38,21.05304,0,-0.2980095,0.4206149,0,-0.4595385,1483.385,1.412845,0.5802853,Straight,Up,-0.01978234,1.846573,TransSlide
111.42,21.07079,0,-0.2494848,0.4206149,0,-0.4411842,1484.228,1.411909,0.5795961,Straight,Up,0,1.835449,TransSlide
111.46,21.08849,0,-0.2183568,0.4206149,0,-0.4237365,1485.071,1.411024,0.5789067,Straight,Up,-0.01978234,1.824303,TransSlide
111.5,21.10609,0,-0.1844823,0.4206149,0,-0.4072889,1485.915,1.410169,0.5782174,Straight,Up,-0.01978234,1.813164,TransSlide
111.54,21.12367,0,-0.16617,0.4206149,0,-0.3914093,1486.76,1.409361,0.5775278,Straight,Up,-0.01978234,1.802017,TransSlide
111.58,21.14115,0,-0.148775,0.4206149,0,-0.3764991,1487.605,1.408501,0.576838,Straight,Up,0,1.790863,TransSlide
111.62,21.15862,0,-0.1423663,0.4206149,0,-0.3628094,1488.452,1.407804,0.5761482,Straight,Up,0,1.779701,TransSlide
111.66,21.17603,0,-0.1414508,0.4206149,0,-0.3501658,1489.298,1.407135,0.575458,Straight,Up,-0.01978234,1.768532,TransSlide
111.7,21.19345,0,-0.1414508,0.4206149,0,-0.3384772,1490.146,1.406576,0.5747678,Straight,Up,0,1.757355,TransSlide
111.74,21.2108,0,-0.1414508,0.4206149,0,-0.3278961,1490.994,1.406065,0.5740774,Straight,Up,-0.01978234,1.746178,TransSlide
111.78,21.22813,0,-0.1368731,0.4206149,0,-0.3184486,1491.843,1.405506,0.573387,Straight,Up,-0.01978234,1.734985,TransSlide
111.82,21.24545,0,-0.1304644,0.4206149,0,-0.3099755,1492.693,1.404742,0.5726964,Straight,Up,-0.01978234,1.723785,TransSlide
111.86,21.26269,0,-0.1240557,0.4206149,0,-0.3024265,1493.543,1.404012,0.5720056,Straight,Up,-0.01978234,1.712585,TransSlide
111.9,21.27987,0,-0.1112384,0.4206149,0,-0.2959424,1494.394,1.403366,0.5713146,Straight,Up,-0.01978234,1.701378,TransSlide
111.94,21.29709,0,-0.0993365,0.4206149,0,-0.2903224,1495.246,1.402726,0.5706236,Straight,Up,-0.01978234,1.690163,TransSlide
111.98,21.31423,0,-0.08102596,0.4206149,0,-0.2856593,1496.098,1.402166,0.5699323,Straight,Up,-0.01978234,1.67894,TransSlide
112.02,21.33135,0,-0.06546199,0.4007782,0,-0.2816846,1496.951,1.40152,0.569241,Straight,Up,-0.01978234,1.667709,TransSlide
112.06,21.3439,0,-0.05813599,0.3928435,0,-0.2786208,1497.805,1.400905,0.5685495,Straight,Up,-0.01978234,1.656471,TransSlide
112.1,21.35521,0,-0.04074097,0.3769741,0,-0.2763524,1498.659,1.400138,0.5678579,Straight,Up,-0.01978234,1.645241,TransSlide
112.14,21.36345,0,-0.02334595,0.3690242,0,-0.2747438,1499.514,1.399563,0.5671662,Straight,Up,-0.01978234,1.633995,TransSlide
112.18,21.36949,0,0.01602173,0.3650568,0,-0.2741561,1500.368,1.398928,0.5664744,Straight,Up,0,1.622757,TransSlide
112.22,21.37474,0,0.05813599,0.3650568,0,-0.2741448,1501.223,1.398327,0.5657823,Straight,Up,-0.01978234,1.611511,TransSlide
112.26,21.37952,0,0.08926392,0.3650568,0,-0.2746524,1502.078,1.397567,0.5650902,Straight,Up,-0.01978234,1.600266,TransSlide
112.3,21.38449,0,0.1167297,0.3491875,0,-0.2754946,1502.934,1.397044,0.5643979,Straight,Up,-0.01978234,1.589027,TransSlide
112.34,21.38706,0,0.1185644,0.3372854,0,-0.2767271,1503.789,1.396347,0.5637056,Straight,Up,-0.01978234,1.577774,TransSlide
112.38,21.38626,0,0.1185644,0.3333181,0,-0.278472,1504.645,1.395844,0.563013,Straight,Up,-0.01978234,1.566536,TransSlide
112.42,21.38416,0,0.1185644,0.3253834,0,-0.2805165,1505.5,1.395341,0.5623204,Straight,Up,-0.01978234,1.55529,TransSlide
112.46,21.38075,0,0.1185644,0.3134814,0,-0.2828632,1506.355,1.394707,0.5616278,Straight,Up,-0.01978234,1.544052,TransSlide
112.5,21.37527,0,0.1185644,0.289662,0,-0.2855868,1507.21,1.394023,0.5609349,Straight,Up,-0.01978234,1.532814,TransSlide
112.54,21.36493,0,0.1185644,0.2737926,0,-0.2887064,1508.065,1.393561,0.5602419,Straight,Up,-0.01978234,1.521584,TransSlide
112.58,21.35075,0,0.1112366,0.2698253,0,-0.2918314,1508.919,1.393044,0.5595487,Straight,Up,-0.01978234,1.510361,TransSlide
112.62,21.33537,0,0.09384155,0.2698253,0,-0.2952075,1509.773,1.392466,0.5588556,Straight,Up,0,1.499146,TransSlide
112.66,21.31974,0,0.08102417,0.2698253,0,-0.298835,1510.626,1.391915,0.5581622,Straight,Up,-0.01978234,1.487938,TransSlide
112.7,21.30443,0,0.07644653,0.2658579,0,-0.3026469,1511.478,1.391225,0.5574687,Straight,Up,-0.01978234,1.476738,TransSlide
112.74,21.28718,0,0.07644653,0.2658579,0,-0.3064352,1512.33,1.388953,0.5567751,Straight,Up,-0.01978234,1.465553,TransSlide
112.78,21.27362,0,0.07644653,0.2618906,0,-0.312514,1513.181,1.390774,0.5560816,Straight,Up,-0.01978234,1.454399,TransSlide
112.82,21.25828,0,0.05813599,0.2579232,0,-0.3187834,1514.031,1.392257,0.5553877,Straight,Up,0,1.443245,TransSlide
112.86,21.24032,0,0.03433228,0.2579232,0,-0.3248594,1514.881,1.393137,0.5546939,Straight,Up,0,1.432091,TransSlide
112.9,21.22568,0,0.00869751,0.2579232,0,-0.3310213,1515.73,1.392735,0.5539998,Straight,Up,-0.01978234,1.420937,TransSlide
112.94,21.2107,0,-0.01144409,0.2539559,0,-0.3371809,1516.579,1.391525,0.5533057,Straight,Up,0.03426402,1.409782,TransSlide
112.98,21.19472,0,-0.01693726,0.2539559,0,-0.3433457,1517.427,1.390073,0.5526115,Right,Up,0.05595291,1.39061,TransSlide
113.02,21.1787,0,-0.03341675,0.2460212,0,-0.349396,1518.274,1.388652,0.5519172,Right,Up,0.05595291,1.362701,TransSlide
113.06,21.16113,0,-0.04806519,0.2420539,0,-0.3551801,1519.121,1.386999,0.5512227,Right,Up,0.05233916,1.334824,TransSlide
113.1,21.14258,0,-0.07095516,0.2420539,0,-0.3608391,1519.967,1.385885,0.5505283,Right,Up,0.05595291,1.306969,TransSlide
113.14,21.12452,0,-0.08194149,0.2420539,0,-0.3668162,1520.812,1.385718,0.5498338,Right,Up,0.05595291,1.279144,TransSlide
113.18,21.1057,0,-0.08194149,0.2420539,0,-0.3726821,1521.656,1.384771,0.549139,Right,Up,0.05233916,1.25135,TransSlide
113.22,21.08904,0,-0.08194149,0.2420539,0,-0.3824397,1522.5,1.384425,0.5484443,Right,Up,0.05595291,1.223587,TransSlide
113.26,21.072,0,-0.08194149,0.2420539,0,-0.39513,1523.343,1.384723,0.5477493,Right,Up,0.05233916,1.195854,TransSlide
113.3,21.05498,0,-0.06454647,0.2618906,0,-0.4076819,1524.186,1.384683,0.5470544,Right,Up,0.05595291,1.168121,TransSlide
113.34,21.04048,0,-0.03433228,0.2698253,0,-0.4203643,1525.027,1.384035,0.5463592,Right,Up,0.05595291,1.140404,TransSlide
113.38,21.02979,0,-0.01144409,0.27776,0,-0.4328668,1525.869,1.383066,0.5456641,Right,Up,0.05934703,1.112694,TransSlide
113.42,21.02103,0,0.0151062,0.2856947,0,-0.4450595,1526.71,1.381378,0.5449687,Right,Up,0.08622923,1.084999,TransSlide
113.46,21.01458,0,0.03250122,0.2936446,0,-0.457402,1527.55,1.381282,0.5442736,Right,Up,0.08846933,1.048897,TransSlide
113.5,21.00982,0,0.04623413,0.297612,0,-0.470608,1528.391,1.380914,0.543578,Right,Up,0.08846933,1.011551,TransSlide
113.54,21.00631,0,0.05081177,0.297612,0,-0.4899733,1529.231,1.380998,0.5428826,Right,Up,0.08846933,0.9742355,TransSlide
113.58,21.00335,0,0.05081177,0.297612,0,-0.509179,1530.071,1.380675,0.5421869,Right,Up,0.09065409,0.9368973,TransSlide
113.62,21.00048,0,0.05081177,0.297612,0,-0.5284693,1530.911,1.380062,0.5414913,Right,Up,0.08846933,0.8995438,TransSlide
113.66,20.99792,0,0.05081177,0.297612,0,-0.5478377,1531.751,1.378205,0.5407954,Right,Up,0.08846933,0.8622055,TransSlide
113.7,20.99643,0,0.05081177,0.3015793,0,-0.5672036,1532.591,1.377913,0.5400996,Right,Up,0.1008706,0.8248749,TransSlide
113.74,20.99607,0,0.05081177,0.3015793,0,-0.5894115,1533.431,1.378078,0.5394036,Right,Up,0.1203313,0.7854996,TransSlide
113.78,20.99513,0,0.05081177,0.3015793,0,-0.6164725,1534.271,1.378066,0.5387078,Right,Up,0.1203313,0.7392654,TransSlide
113.82,20.99484,0,0.05813599,0.3015793,0,-0.6430845,1535.11,1.377341,0.5380117,Right,Up,0.1203313,0.6930084,TransSlide
113.86,20.994,0,0.07003784,0.3015793,0,-0.6697763,1535.95,1.375401,0.5373155,Right,Up,0.1203313,0.6467514,TransSlide
113.9,20.99528,0,0.08743286,0.3015793,0,-0.6966566,1536.79,1.374871,0.5366193,Right,Up,0.1203313,0.6005173,TransSlide
113.94,20.99802,0,0.1039124,0.3015793,0,-0.7293873,1537.63,1.375713,0.535923,Right,Up,0.1356209,0.5542908,TransSlide
113.98,20.99914,0,0.1121521,0.3015793,0,-0.7635821,1538.47,1.376304,0.5352266,Right,Up,0.1493534,0.5046997,TransSlide
114.02,21.00057,0,0.1167297,0.3015793,0,-0.7974823,1539.31,1.376091,0.5345302,Right,Up,0.1506579,0.4496613,TransSlide
114.06,21.0034,0,0.1167297,0.3015793,0,-0.8312935,1540.15,1.374859,0.5338337,Right,Up,0.1506579,0.3945694,TransSlide
114.1,21.00663,0,0.1167297,0.3055466,0,-0.8655123,1540.99,1.373642,0.5331371,Right,Up,0.1506579,0.339447,TransSlide
114.14,21.01024,0,0.1167297,0.3055466,0,-0.8995015,1541.831,1.37231,0.5324406,Right,Up,0.1735894,0.284317,TransSlide
114.18,21.01237,0,0.1167297,0.3055466,0,-0.9329852,1542.671,1.369984,0.5317438,Right,Up,0.1802258,0.222847,TransSlide
114.22,21.01858,0,0.1167297,0.3055466,0,-0.9665813,1543.512,1.371027,0.5310471,Right,Up,0.1802258,0.1588898,TransSlide
114.26,21.02255,0,0.1167297,0.3055466,0,-0.9912636,1544.353,1.370346,0.5303502,Right,Flat,0.1735894,0.09490967,TransSlide
114.3,21.02578,0,0.1167297,0.3055466,0,-1.015225,1545.194,1.369379,0.5296534,Left,Flat,-0.1153499,0.03090668,TransSlide
114.34,21.03056,0,0.1167297,0.3055466,0,-1.039155,1546.035,1.367496,0.5289564,Left,Flat,-0.1619255,-0.00138092,TransSlide
114.38,21.03609,0,0.1167297,0.3055466,0,-1.062747,1546.876,1.3663,0.5282594,Left,Flat,-0.1607126,-0.026474,TransSlide
114.42,21.04093,0,0.1167297,0.309514,0,-1.082078,1547.718,1.366806,0.5275624,Left,Flat,-0.1619255,-0.05157471,TransSlide
114.46,21.04617,0,0.1167297,0.309514,0,-1.096312,1548.56,1.366399,0.5268654,Left,Flat,-0.1582588,-0.07668304,TransSlide
114.5,21.05071,0,0.1240575,0.309514,0,-1.10988,1549.402,1.365431,0.5261682,Left,Flat,-0.1582588,-0.09715271,TransSlide
114.54,21.05738,0,0.1460302,0.309514,0,-1.123456,1550.244,1.364185,0.525471,Left,Flat,-0.1582588,-0.1164627,TransSlide
114.58,21.06277,0,0.1542699,0.309514,0,-1.136545,1551.086,1.362322,0.5247738,Left,Flat,-0.1570175,-0.1357803,TransSlide
114.62,21.07031,0,0.1606786,0.309514,0,-1.149438,1551.929,1.363072,0.5240764,Left,Down,-0.1519511,-0.155098,TransSlide
114.66,21.07665,0,0.1643407,0.309514,0,-1.153899,1552.772,1.362941,0.5233791,Left,Down,-0.1297215,-0.1741562,TransSlide
114.7,21.08244,0,0.1643407,0.309514,0,-1.156574,1553.615,1.362353,0.5226816,Left,Down,-0.1297215,-0.190773,TransSlide
114.74,21.08927,0,0.1643407,0.309514,0,-1.158604,1554.459,1.361359,0.5219842,Left,Down,-0.1297215,-0.2074127,TransSlide
114.78,21.09595,0,0.1542699,0.309514,0,-1.160502,1555.303,1.36032,0.5212868,Left,Down,-0.1297215,-0.2240524,TransSlide
114.82,21.10266,0,0.1423681,0.309514,0,-1.161801,1556.147,1.359375,0.5205893,Left,Down,-0.1297215,-0.240715,TransSlide
114.86,21.10908,0,0.1295507,0.309514,0,-1.162398,1556.991,1.358035,0.5198917,Left,Down,-0.1136409,-0.2573624,TransSlide
114.9,21.11594,0,0.1130676,0.309514,0,-1.162812,1557.836,1.357897,0.5191941,Left,Down,-0.09691329,-0.2728729,TransSlide
114.94,21.12345,0,0.1057434,0.309514,0,-1.159991,1558.68,1.358077,0.5184964,Left,Down,-0.09691329,-0.2866058,TransSlide
114.98,21.13037,0,0.1039124,0.309514,0,-1.149484,1559.526,1.358002,0.5177988,Left,Down,-0.09691329,-0.3003464,TransSlide
115.02,21.13755,0,0.09475708,0.309514,0,-1.138355,1560.371,1.35742,0.517101,Left,Down,-0.09891172,-0.3140869,TransSlide
115.06,21.14533,0,0.0819397,0.309514,0,-1.127195,1561.217,1.356602,0.5164033,Left,Down,-0.09891172,-0.3278503,TransSlide
115.1,21.15303,0,0.06546021,0.309514,0,-1.115636,1562.063,1.355565,0.5157056,Left,Down,-0.09891172,-0.3416214,TransSlide
115.14,21.16065,0,0.04623413,0.309514,0,-1.103608,1562.909,1.354425,0.5150078,Left,Down,-0.09891172,-0.3553925,TransSlide
115.18,21.16821,0,0.03433228,0.309514,0,-1.0911,1563.756,1.353492,0.5143099,Left,Down,-0.06852804,-0.3691788,TransSlide
115.22,21.1757,0,0.02059937,0.309514,0,-1.078254,1564.603,1.352608,0.5136121,Left,Down,-0.05595291,-0.3806076,TransSlide
115.26,21.18318,0,0.0050354,0.309514,0,-1.064924,1565.45,1.351836,0.5129141,Left,Down,-0.05595291,-0.3905716,TransSlide
115.3,21.19063,0,-0.01144409,0.309514,0,-1.051235,1566.297,1.351033,0.5122163,Left,Down,-0.05595291,-0.4005432,TransSlide
115.34,21.1979,0,-0.03890991,0.309514,0,-1.03716,1567.145,1.350085,0.5115182,Left,Down,-0.05934703,-0.4105225,TransSlide
115.38,21.20542,0,-0.05813599,0.309514,0,-1.022402,1567.993,1.348968,0.5108203,Left,Down,-0.05595291,-0.4204941,TransSlide
115.42,21.21284,0,-0.08194149,0.309514,0,-1.007569,1568.842,1.348671,0.5101225,Left,Down,-0.05595291,-0.430481,TransSlide
115.46,21.22081,0,-0.09475887,0.309514,0,-0.9925429,1569.691,1.348565,0.5094244,Left,Down,-0.05595291,-0.4404602,TransSlide
115.5,21.22812,0,-0.1048297,0.309514,0,-0.9773054,1570.54,1.347774,0.5087265,Left,Down,-0.05233916,-0.4504471,TransSlide
115.54,21.23675,0,-0.1048297,0.309514,0,-0.9569867,1571.389,1.347903,0.5080283,Left,Down,-0.05595291,-0.460434,TransSlide
115.58,21.24497,0,-0.1048297,0.309514,0,-0.9362783,1572.239,1.347864,0.5073304,Left,Down,-0.05595291,-0.4704285,TransSlide
115.62,21.25273,0,-0.1048297,0.309514,0,-0.9155282,1573.089,1.347463,0.5066322,Left,Down,-0.05595291,-0.480423,TransSlide
115.66,21.26154,0,-0.1048297,0.309514,0,-0.8947139,1573.939,1.346679,0.5059342,Left,Down,-0.05595291,-0.4904327,TransSlide
115.7,21.27009,0,-0.08285701,0.3134814,0,-0.8738494,1574.79,1.345821,0.505236,Left,Down,-0.05595291,-0.5004425,TransSlide
115.74,21.2795,0,-0.04074097,0.3134814,0,-0.8529388,1575.641,1.34482,0.5045381,Straight,Down,-0.04845664,-0.5104599,TransSlide
115.78,21.28878,0,-0.004119873,0.3174487,0,-0.8319134,1576.492,1.343929,0.5038399,Straight,Down,0,-0.5204773,TransSlide
115.82,21.2985,0,0.04440308,0.3174487,0,-0.8107414,1577.344,1.343202,0.5031418,Straight,Down,0,-0.524971,TransSlide
115.86,21.30852,0,0.06271362,0.3214161,0,-0.7893789,1578.196,1.342342,0.5024436,Straight,Down,0,-0.5294113,TransSlide
115.9,21.31942,0,0.06546021,0.3214161,0,-0.7677301,1579.049,1.341691,0.5017455,Straight,Down,0,-0.5338593,TransSlide
115.94,21.33026,0,0.06546021,0.3214161,0,-0.7459967,1579.902,1.341255,0.5010473,Straight,Down,0,-0.5382996,TransSlide
115.98,21.34106,0,0.06546021,0.3214161,0,-0.7244239,1580.756,1.340566,0.5003492,Straight,Down,0,-0.5427475,TransSlide
116.02,21.35182,0,0.05722046,0.3214161,0,-0.7025843,1581.61,1.339769,0.499651,Straight,Down,0,-0.5471878,TransSlide
116.06,21.36256,0,0.05722046,0.3214161,0,-0.6809804,1582.464,1.339124,0.4989531,Straight,Down,0,-0.5516434,TransSlide
116.1,21.37325,0,0.05722046,0.3214161,0,-0.6593122,1583.319,1.338382,0.498255,Straight,Down,0.01978234,-0.5560989,TransSlide
116.14,21.38395,0,0.05722046,0.3214161,0,-0.6378778,1584.174,1.337879,0.4975567,Straight,Down,0,-0.5605469,TransSlide
116.18,21.39459,0,0.05722046,0.3214161,0,-0.6163906,1585.03,1.337201,0.4968587,Straight,Down,0,-0.5650101,TransSlide
116.22,21.4052,0,0.05722046,0.3293507,0,-0.5946552,1585.886,1.336692,0.4961605,Straight,Down,0,-0.5694733,TransSlide
116.26,21.41717,0,0.05722046,0.3333181,0,-0.5730613,1586.743,1.335978,0.4954624,Straight,Down,0,-0.5739288,TransSlide
116.3,21.42994,0,0.05722046,0.3412528,0,-0.5515084,1587.6,1.335259,0.4947642,Straight,Down,0,-0.5783997,TransSlide
116.34,21.44442,0,0.06271362,0.3452201,0,-0.5297986,1588.457,1.334769,0.4940662,Straight,Down,0,-0.5828629,TransSlide
116.38,21.46005,0,0.06362915,0.3452201,0,-0.5078791,1589.315,1.334161,0.493368,Straight,Down,0,-0.5873337,TransSlide
116.42,21.47585,0,0.06362915,0.3452201,0,-0.4858626,1590.174,1.333278,0.4926701,Straight,Down,0,-0.5918045,TransSlide
116.46,21.49155,0,0.06362915,0.3452201,0,-0.4635908,1591.034,1.332784,0.491972,Straight,Down,0,-0.596283,TransSlide
116.5,21.50705,0,0.06362915,0.3491875,0,-0.441055,1591.894,1.332333,0.491274,Straight,Down,0,-0.600769,TransSlide
116.54,21.52319,0,0.06362915,0.3491875,0,-0.4185346,1592.755,1.331796,0.4905759,Straight,Down,0,-0.6052475,TransSlide
116.58,21.5398,0,0.06362915,0.3491875,0,-0.3957053,1593.616,1.331211,0.489878,Straight,Down,0.01978234,-0.6097336,TransSlide
116.62,21.55632,0,0.06362915,0.3531548,0,-0.3725808,1594.478,1.330553,0.4891799,Straight,Down,0,-0.6142197,TransSlide
116.66,21.57314,0,0.06362915,0.3531548,0,-0.3491641,1595.341,1.329793,0.488482,Straight,Down,0,-0.618721,TransSlide
116.7,21.59062,0,0.06362915,0.3571222,0,-0.3257928,1596.204,1.329118,0.487784,Straight,Down,0,-0.6232147,TransSlide
116.74,21.6082,0,0.06454468,0.3571222,0,-0.3078881,1597.068,1.328494,0.4870862,Straight,Down,0,-0.6277161,TransSlide
116.78,21.62616,0,0.08010864,0.3610895,0,-0.2925671,1597.933,1.327774,0.4863884,Straight,Down,0,-0.632225,TransSlide
116.82,21.64463,0,0.1222265,0.3610895,0,-0.2771079,1598.799,1.327197,0.4856905,Straight,Down,0,-0.6367416,TransSlide
116.86,21.6633,0,0.1725805,0.3610895,0,-0.2617982,1599.665,1.326516,0.4849927,Straight,Down,0,-0.6412582,TransSlide
116.9,21.6819,0,0.2623022,0.3610895,0,-0.2462595,1600.532,1.325845,0.4842948,Straight,Down,0,-0.6457672,TransSlide
116.94,21.70041,0,0.3511083,0.3610895,0,-0.2302095,1601.4,1.325259,0.483597,Straight,Down,0.01978234,-0.6502914,TransSlide
116.98,21.71866,0,0.3904796,0.3610895,0,-0.2135957,1602.269,1.324669,0.4828992,Straight,Down,0.03426402,-0.6548233,TransSlide
117.02,21.7373,0,0.4042125,0.3610895,0,-0.1961702,1603.138,1.323463,0.4822016,Right,Down,0.06255726,-0.6579666,TransSlide
117.06,21.75582,0,0.4042125,0.3610895,0,-0.178443,1604.008,1.323592,0.481504,Right,Down,0.06255726,-0.6583023,TransSlide
117.1,21.77544,0,0.4042125,0.3610895,0,-0.1602148,1604.879,1.323794,0.4808064,Right,Down,0.06255726,-0.658638,TransSlide
117.14,21.79343,0,0.4042125,0.3610895,0,-0.1436963,1605.75,1.32357,0.4801087,Right,Down,0.06255726,-0.6589737,TransSlide
117.18,21.81099,0,0.4042125,0.3610895,0,-0.1326871,1606.623,1.322154,0.4794112,Right,Down,0.05934703,-0.6593094,TransSlide
117.22,21.82936,0,0.4042125,0.3412528,0,-0.121199,1607.496,1.320795,0.4787136,Right,Down,0.06255726,-0.6596451,TransSlide
117.26,21.84571,0,0.4042125,0.3372854,0,-0.108931,1608.369,1.319799,0.4780161,Right,Down,0.06255726,-0.6599808,TransSlide
117.3,21.85815,0,0.4042125,0.3372854,0,-0.095925,1609.244,1.319073,0.4773186,Right,Down,0.05934703,-0.6603088,TransSlide
117.34,21.87014,0,0.422523,0.3372854,0,-0.08194265,1610.118,1.318063,0.4766213,Right,Down,0.06255726,-0.6606445,TransSlide
117.38,21.88274,0,0.4582286,0.3333181,0,-0.06722417,1610.993,1.318066,0.475924,Right,Down,0.0656106,-0.6609802,TransSlide
117.42,21.89662,0,0.523231,0.3293507,0,-0.051837,1611.869,1.318759,0.4752267,Right,Down,0.08392937,-0.6613159,TransSlide
117.46,21.90613,0,0.5827403,0.3293507,0,-0.04085413,1612.745,1.318214,0.4745294,Right,Down,0.08622923,-0.6600494,TransSlide
117.5,21.91606,0,0.6138718,0.3293507,0,-0.03146321,1613.622,1.31675,0.4738322,Right,Down,0.08622923,-0.658577,TransSlide
117.54,21.92741,0,0.6294358,0.3253834,0,-0.02095222,1614.499,1.315067,0.473135,Right,Down,0.08622923,-0.6571045,TransSlide
117.58,21.9363,0,0.6294358,0.3253834,0,-0.008497894,1615.376,1.313949,0.4724379,Right,Down,0.08622923,-0.6556168,TransSlide
117.62,21.94505,0,0.6175339,0.3253834,0,0.005445331,1616.254,1.312841,0.471741,Right,Down,0.08622923,-0.6541443,TransSlide
117.66,21.95695,0,0.5992234,0.3253834,0,0.02103242,1617.132,1.31389,0.4710439,Right,Down,0.08622923,-0.6526642,TransSlide
117.7,21.96473,0,0.5891526,0.3253834,0,0.03374982,1618.01,1.314095,0.4703471,Right,Down,0.09487279,-0.6511765,TransSlide
117.74,21.97227,0,0.5836558,0.3253834,0,0.04411706,1618.889,1.312803,0.4696501,Right,Down,0.1065312,-0.6493835,TransSlide
117.78,21.98128,0,0.5836558,0.3253834,0,0.055924,1619.768,1.311334,0.4689534,Right,Down,0.1065312,-0.6464462,TransSlide
117.82,21.98978,0,0.5900681,0.3214161,0,0.06984165,1620.648,1.309737,0.4682566,Right,Down,0.1065312,-0.6435089,TransSlide
117.86,21.99874,0,0.6010544,0.3214161,0,0.0853993,1621.528,1.310017,0.4675599,Right,Down,0.1065312,-0.640564,TransSlide
117.9,22.00694,0,0.619365,0.3174487,0,0.1010875,1622.408,1.311403,0.4668632,Right,Down,0.1065312,-0.637619,TransSlide
117.94,22.01192,0,0.6532395,0.3134814,0,0.1118387,1623.288,1.310212,0.4661667,Right,Down,0.1101434,-0.6346741,TransSlide
117.98,22.01727,0,0.6779587,0.309514,0,0.1246824,1624.169,1.308562,0.4654701,Right,Down,0.1251145,-0.6316452,TransSlide
118.02,22.02203,0,0.6880295,0.309514,0,0.1400084,1625.05,1.306284,0.4647737,Right,Down,0.1266688,-0.6274109,TransSlide
118.06,22.0298,0,0.6880295,0.309514,0,0.1573203,1625.931,1.307458,0.4640774,Right,Down,0.1251145,-0.6231766,TransSlide
118.1,22.03255,0,0.6779587,0.309514,0,0.1717486,1626.812,1.307853,0.4633811,Right,Down,0.1251145,-0.6189346,TransSlide
118.14,22.03535,0,0.6642258,0.309514,0,0.1850316,1627.693,1.306614,0.4626849,Right,Down,0.1251145,-0.6146851,TransSlide
118.18,22.039,0,0.6532395,0.309514,0,0.2008659,1628.575,1.304372,0.4619887,Right,Down,0.1384764,-0.6104279,TransSlide
118.22,22.0463,0,0.6495774,0.309514,0,0.2188132,1629.457,1.304277,0.4612926,Right,Down,0.1426525,-0.6052856,TransSlide
118.26,22.04993,0,0.6550705,0.309514,0,0.2360345,1630.339,1.305459,0.4605967,Right,Down,0.1426525,-0.5998383,TransSlide
118.3,22.05232,0,0.6724656,0.309514,0,0.2501226,1631.221,1.304187,0.4599006,Right,Down,0.1426525,-0.5943909,TransSlide
118.34,22.05339,0,0.7145798,0.309514,0,0.2671072,1632.103,1.30174,0.4592049,Right,Down,0.1467098,-0.5889206,TransSlide
118.38,22.06271,0,0.7539475,0.309514,0,0.2865531,1632.985,1.302262,0.4585092,Right,Down,0.1594904,-0.5833206,TransSlide
118.42,22.0645,0,0.7795823,0.309514,0,0.3034547,1633.868,1.302653,0.4578135,Right,Down,0.1594904,-0.5767212,TransSlide
118.46,22.06573,0,0.7841599,0.309514,0,0.3198058,1634.75,1.301231,0.4571179,Right,Down,0.1594904,-0.5701065,TransSlide
118.5,22.0685,0,0.7841599,0.309514,0,0.3388701,1635.633,1.298765,0.4564223,Right,Down,0.1594904,-0.5634842,TransSlide
118.54,22.07462,0,0.7841599,0.309514,0,0.3594356,1636.516,1.301164,0.4557269,Right,Down,0.174713,-0.5568619,TransSlide
118.58,22.07635,0,0.7841599,0.309514,0,0.3751684,1637.399,1.299701,0.4550315,Right,Down,0.1758294,-0.549202,TransSlide
118.62,22.07473,0,0.7850754,0.309514,0,0.3943284,1638.282,1.296669,0.4543363,Right,Down,0.1758294,-0.5414658,TransSlide
118.66,22.08423,0,0.7905686,0.309514,0,0.4161128,1639.166,1.298814,0.4536411,Right,Down,0.1813082,-0.5337219,TransSlide
118.7,22.08496,0,0.7850754,0.309514,0,0.43262,1640.049,1.297563,0.4529461,Right,Down,0.1928145,-0.525795,TransSlide
118.74,22.08311,0,0.7676804,0.309514,0,0.4518951,1640.932,1.294744,0.4522511,Right,Down,0.1938267,-0.5169601,TransSlide
118.78,22.09264,0,0.7420456,0.309514,0,0.4742932,1641.816,1.297256,0.4515562,Right,Down,0.1928145,-0.5081177,TransSlide
118.82,22.09241,0,0.702678,0.309514,0,0.4907838,1642.699,1.295596,0.4508613,Right,Down,0.2055842,-0.4992676,TransSlide
118.86,22.0916,0,0.67155,0.309514,0,0.5103463,1643.583,1.292743,0.4501667,Right,Down,0.20842,-0.4896393,TransSlide
118.9,22.09893,0,0.6495774,0.309514,0,0.5312663,1644.467,1.294913,0.449472,Right,Down,0.2093567,-0.4797134,TransSlide
118.94,22.09704,0,0.6413376,0.309514,0,0.5482137,1645.351,1.292727,0.4487775,Right,Down,0.2185032,-0.4697876,TransSlide
118.98,22.10024,0,0.6413376,0.309514,0,0.5686193,1646.235,1.292245,0.448083,Right,Down,0.2246844,-0.4592514,TransSlide
119.02,22.10333,0,0.6495774,0.309514,0,0.5862462,1647.119,1.292572,0.4473889,Right,Down,0.2246844,-0.4482574,TransSlide
119.06,22.10258,0,0.6843674,0.309514,0,0.6038347,1648.003,1.289553,0.4466947,Right,Down,0.235734,-0.4372635,TransSlide
119.1,22.10648,0,0.7255661,0.309514,0,0.6231439,1648.887,1.29193,0.4460005,Right,Down,0.2406627,-0.4255676,TransSlide
119.14,22.10505,0,0.8125412,0.309514,0,0.6382122,1649.771,1.289084,0.4453066,Right,Down,0.2422834,-0.4135132,TransSlide
119.18,22.10839,0,0.8784628,0.3333181,0,0.6569344,1650.656,1.290253,0.4446126,Right,Down,0.2564087,-0.4014435,TransSlide
119.22,22.11523,0,0.9425497,0.3333181,0,0.6714832,1651.54,1.288378,0.4439189,Right,Down,0.2571706,-0.3883972,TransSlide
119.26,22.12444,0,0.9562826,0.3333181,0,0.6882229,1652.425,1.287949,0.4432251,Right,Down,0.2639296,-0.3752594,TransSlide
119.3,22.13019,0,0.9562826,0.3333181,0,0.7026674,1653.31,1.287365,0.4425316,Right,Down,0.2741124,-0.3617401,TransSlide
119.34,22.13779,0,0.9425497,0.3333181,0,0.7174475,1654.195,1.285973,0.4418382,Right,Down,0.2748253,-0.3475342,TransSlide
119.38,22.13956,0,0.9379721,0.3333181,0,0.7309595,1655.081,1.286256,0.4411449,Right,Down,0.2900664,-0.3333054,TransSlide
119.42,22.14836,0,0.9379721,0.3333181,0,0.7437296,1655.967,1.284452,0.4404517,Right,Down,0.2900664,-0.3180695,TransSlide
119.46,22.14712,0,0.9562826,0.3333181,0,0.7554281,1656.853,1.284588,0.4397586,Right,Down,0.301316,-0.3027573,TransSlide
119.5,22.15721,0,0.9745932,0.3333181,0,0.7664016,1657.739,1.284039,0.4390655,Right,Down,0.3071049,-0.2867584,TransSlide
119.54,22.15414,0,1.019454,0.3333181,0,0.7749592,1658.625,1.282511,0.4383727,Right,Down,0.3165179,-0.2703552,TransSlide
119.58,22.16503,0,1.061572,0.3333181,0,0.7847794,1659.512,1.284723,0.4376799,Right,Down,0.3238513,-0.2534027,TransSlide
119.62,22.16711,0,1.125659,0.3333181,0,0.7901007,1660.398,1.280347,0.4369873,Right,Down,0.3322025,-0.2359085,TransSlide
119.66,22.17174,0,1.186999,0.3333181,0,0.7968346,1661.285,1.282506,0.4362947,Right,Down,0.3409232,-0.217926,TransSlide
119.7,22.17785,0,1.219958,0.3333181,0,0.8007237,1662.172,1.278704,0.4356025,Right,Down,0.3494264,-0.1993332,TransSlide
119.74,22.17478,0,1.233691,0.3333181,0,0.8034256,1663.059,1.28067,0.4349103,Right,Down,0.3577275,-0.1802216,TransSlide
119.78,22.18119,0,1.233691,0.3333181,0,0.8063519,1663.946,1.279779,0.434218,Right,Down,0.3690354,-0.1605377,TransSlide
119.82,22.18423,0,1.227282,0.3333181,0,0.8045155,1664.834,1.282271,0.4335261,Right,Flat,0.3748225,-0.1401291,TransSlide
119.86,22.18737,0,1.208972,0.3333181,0,0.8043271,1665.721,1.279558,0.4328341,Right,Flat,0.3901695,-0.1193466,TransSlide
119.9,22.1891,0,1.203479,0.3333181,0,0.8018314,1666.609,1.281171,0.4321425,Right,Flat,0.3976209,-0.09753418,TransSlide
119.94,22.19742,0,1.203479,0.3333181,0,0.7992673,1667.497,1.278043,0.4314508,Right,Flat,0.4087828,-0.07533264,TransSlide
119.98,22.1946,0,1.203479,0.3333181,0,0.7965592,1668.384,1.277831,0.4307593,Right,Flat,0.4210443,-0.05233002,TransSlide
120.02,22.2033,0,1.203479,0.3333181,0,0.7921522,1669.272,1.276409,0.430068,Right,Flat,0.4201138,-0.02859497,TransSlide
120.06,22.19916,0,1.19707,0.3333181,0,0.7897931,1670.16,1.275006,0.4293769,Right,Flat,0.393167,-0.00440979,TransSlide
120.1,22.20571,0,1.186999,0.3333181,0,0.7846926,1671.049,1.275084,0.4286858,Right,Flat,0.3871488,0.02029419,TransSlide
120.14,22.20208,0,1.168689,0.3134814,0,0.7826981,1671.937,1.272628,0.4279949,Right,Flat,0.3794918,0.04483032,TransSlide
120.18,22.20427,0,1.144885,0.309514,0,0.7772032,1672.825,1.273724,0.427304,Right,Flat,0.3758652,0.06903839,TransSlide
120.22,22.1966,0,1.102771,0.3055466,0,0.7756814,1673.713,1.270792,0.4266134,Right,Flat,0.3732531,0.09292603,TransSlide
120.26,22.19559,0,1.045089,0.3055466,0,0.7702271,1674.601,1.27248,0.4259228,Right,Flat,0.3674413,0.1165771,TransSlide
120.3,22.18791,0,0.9974813,0.3015793,0,0.7691392,1675.488,1.269532,0.4252325,Right,Flat,0.3658403,0.1397705,TransSlide
120.34,22.18471,0,0.920577,0.3015793,0,0.7641189,1676.376,1.271378,0.4245423,Right,Up,0.3593647,0.1628265,TransSlide
120.38,22.17675,0,0.8564901,0.3015793,0,0.7636234,1677.263,1.268379,0.4238523,Right,Up,0.3577275,0.1853104,TransSlide
120.42,22.17263,0,0.754863,0.3015793,0,0.7587472,1678.15,1.26985,0.4231623,Right,Up,0.3516591,0.2076874,TransSlide
120.46,22.16493,0,0.619365,0.3015793,0,0.7584729,1679.037,1.26765,0.4224726,Right,Up,0.3499859,0.2294998,TransSlide
120.5,22.16114,0,0.5360484,0.297612,0,0.7543223,1679.923,1.26847,0.4217829,Right,Up,0.3443497,0.2511597,TransSlide
120.54,22.15298,0,0.422523,0.297612,0,0.7536652,1680.809,1.266949,0.4210935,Right,Up,0.3414966,0.2722931,TransSlide
120.58,22.14843,0,0.3511083,0.297612,0,0.7497669,1681.695,1.266985,0.4204043,Right,Up,0.3357179,0.2932281,TransSlide
120.62,22.14156,0,0.2906835,0.297612,0,0.7480514,1682.581,1.266413,0.419715,Right,Up,0.332791,0.313652,TransSlide
120.66,22.13666,0,0.2504003,0.297612,0,0.7444704,1683.467,1.265363,0.4190262,Right,Up,0.3268584,0.3338699,TransSlide
120.7,22.13114,0,0.2485693,0.297612,0,0.7413294,1684.352,1.266126,0.4183373,Right,Up,0.3250574,0.3535461,TransSlide
120.74,22.12632,0,0.2439916,0.297612,0,0.737731,1685.237,1.263546,0.4176486,Right,Up,0.3177519,0.3730698,TransSlide
120.78,22.12364,0,0.2439916,0.297612,0,0.7324515,1686.122,1.264663,0.41696,Right,Up,0.3165179,0.3919678,TransSlide
120.82,22.11792,0,0.2311742,0.297612,0,0.7299247,1687.007,1.261701,0.4162717,Right,Up,0.3083766,0.4107819,TransSlide
120.86,22.1129,0,0.2018774,0.297612,0,0.7217344,1687.892,1.262281,0.4155835,Right,Up,0.3083766,0.4288712,TransSlide
120.9,22.10806,0,0.1707494,0.297612,0,0.7165394,1688.776,1.261923,0.4148954,Right,Up,0.3000144,0.4469528,TransSlide
120.94,22.1019,0,0.1240575,0.3174487,0,0.7091507,1689.66,1.260185,0.4142075,Right,Up,0.2987072,0.4642715,TransSlide
120.98,22.10433,0,0.09475708,0.3174487,0,0.7000395,1690.544,1.261246,0.4135199,Right,Up,0.2907402,0.4815216,TransSlide
121.02,22.10175,0,0.06362915,0.3214161,0,0.6932672,1691.428,1.258561,0.4128324,Right,Up,0.2880355,0.4981689,TransSlide
121.06,22.10271,0,0.04623413,0.3214161,0,0.6797909,1692.312,1.258843,0.412145,Right,Up,0.2839303,0.5145187,TransSlide
121.1,22.10472,0,0.04623413,0.3214161,0,0.6680874,1693.197,1.259429,0.4114578,Right,Up,0.2762456,0.530632,TransSlide
121.14,22.10203,0,0.04623413,0.3214161,0,0.6556876,1694.081,1.256966,0.4107708,Right,Up,0.2762456,0.5460434,TransSlide
121.18,22.10496,0,0.06546021,0.2856947,0,0.6388352,1694.965,1.257199,0.4100839,Right,Up,0.2661444,0.5614548,TransSlide
121.22,22.09734,0,0.1002502,0.2618906,0,0.6235081,1695.849,1.257096,0.4093973,Right,Up,0.2639296,0.5760956,TransSlide
121.26,22.08377,0,0.1460302,0.2539559,0,0.6057273,1696.732,1.255135,0.4087107,Right,Up,0.2601963,0.5905075,TransSlide
121.3,22.07072,0,0.1835668,0.2539559,0,0.5845779,1697.615,1.25525,0.4080245,Right,Up,0.25101,0.6046677,TransSlide
121.34,22.05548,0,0.2375829,0.2539559,0,0.5647713,1698.498,1.255291,0.4073385,Right,Up,0.2517883,0.618042,TransSlide
121.38,22.03983,0,0.2806127,0.2539559,0,0.5428602,1699.379,1.253203,0.4066525,Right,Up,0.2430897,0.6313858,TransSlide
121.42,22.02601,0,0.3520274,0.2539559,0,0.5167718,1700.26,1.252955,0.4059668,Right,Up,0.2373883,0.6441422,TransSlide
121.46,22.01297,0,0.4161143,0.2737926,0,0.4916904,1701.141,1.25416,0.4052811,Right,Up,0.2373883,0.6563797,TransSlide
121.5,21.9996,0,0.4628062,0.2737926,0,0.4680792,1702.021,1.251149,0.4045957,Right,Up,0.2272819,0.6685944,TransSlide
121.54,21.98982,0,0.5113292,0.2737926,0,0.4368961,1702.901,1.250893,0.4039105,Right,Up,0.2220564,0.6800308,TransSlide
121.58,21.98123,0,0.5461192,0.2737926,0,0.4066037,1703.78,1.251365,0.4032255,Right,Up,0.2229358,0.6910477,TransSlide
121.62,21.96782,0,0.6056321,0.2737926,0,0.3780497,1704.659,1.250978,0.4025406,Right,Up,0.2121421,0.7020493,TransSlide
121.66,21.95701,0,0.6596482,0.2737926,0,0.3480289,1705.537,1.248835,0.4018561,Right,Up,0.2055842,0.712326,TransSlide
121.7,21.947,0,0.702678,0.2737926,0,0.3133167,1706.415,1.248455,0.4011715,Right,Up,0.2055842,0.7220154,TransSlide
121.74,21.93752,0,0.7484543,0.2737926,0,0.2797959,1707.293,1.248959,0.4004873,Right,Up,0.2007689,0.7316818,TransSlide
121.78,21.9248,0,0.7795823,0.2737926,0,0.2481343,1708.17,1.249072,0.3998032,Right,Up,0.1876719,0.7411499,TransSlide
121.82,21.91263,0,0.8125412,0.2737926,0,0.2173685,1709.047,1.246688,0.3991193,Right,Up,0.1876719,0.7493668,TransSlide
121.86,21.90193,0,0.8317709,0.2737926,0,0.1798102,1709.923,1.246235,0.3984356,Right,Up,0.1876719,0.7575684,TransSlide
121.9,21.89146,0,0.8482504,0.2737926,0,0.1438129,1710.799,1.246278,0.3977522,Right,Up,0.1769387,0.7657471,TransSlide
121.94,21.87929,0,0.8628988,0.2737926,0,0.1099155,1711.674,1.246525,0.3970688,Right,Up,0.165511,0.7732773,TransSlide
121.98,21.86753,0,0.868392,0.2737926,0,0.07835969,1712.549,1.246072,0.3963859,Right,Up,0.165511,0.7798233,TransSlide
122.02,21.85482,0,0.868392,0.2737926,0,0.04858452,1713.423,1.243811,0.395703,Right,Up,0.165511,0.7863464,TransSlide
122.06,21.84361,0,0.8500814,0.2737926,0,0.0118387,1714.297,1.243426,0.3950203,Right,Up,0.1594904,0.7928619,TransSlide
122.1,21.8322,0,0.8262777,0.2737926,0,-0.02261934,1715.171,1.243339,0.3943379,Right,Up,0.1412742,0.7991638,TransSlide
122.14,21.81924,0,0.7676804,0.2539559,0,-0.05444866,1716.043,1.243319,0.3936555,Right,Up,0.1412742,0.8037109,TransSlide
122.18,21.80525,0,0.7081711,0.2499886,0,-0.08398014,1716.916,1.243029,0.3929735,Right,Up,0.1398823,0.8082504,TransSlide
122.22,21.78813,0,0.5946457,0.2499886,0,-0.1108949,1717.788,1.24315,0.3922916,Right,Up,0.1398823,0.8127899,TransSlide
122.26,21.77018,0,0.439918,0.2499886,0,-0.1351329,1718.659,1.241581,0.39161,Right,Up,0.1370561,0.8173141,TransSlide
122.3,21.75299,0,0.3089941,0.2499886,0,-0.1592939,1719.529,1.239903,0.3909286,Right,Up,0.1083524,0.8218307,TransSlide
122.34,21.73676,0,0.1542699,0.2499886,0,-0.1898567,1720.398,1.239839,0.3902474,Right,Up,0.1083524,0.8239517,TransSlide
122.38,21.72028,0,0.05172729,0.2499886,0,-0.2179477,1721.267,1.239831,0.3895664,Right,Up,0.1083524,0.8258972,TransSlide
122.42,21.70341,0,-0.05813599,0.2499886,0,-0.2439772,1722.136,1.239577,0.3888856,Right,Up,0.1083524,0.8278427,TransSlide
122.46,21.68753,0,-0.1423663,0.2499886,0,-0.2680316,1723.003,1.239107,0.388205,Right,Up,0.1065312,0.8297882,TransSlide
122.5,21.67192,0,-0.2183568,0.2499886,0,-0.2900035,1723.87,1.238508,0.3875247,Right,Up,0.1065312,0.8317261,TransSlide
122.54,21.65654,0,-0.3273064,0.2499886,0,-0.3102669,1724.737,1.237769,0.3868445,Right,Up,0.09691329,0.8336639,TransSlide
122.58,21.64137,0,-0.4408336,0.2499886,0,-0.3289325,1725.603,1.236949,0.3861646,Straight,Up,0,0.8355865,TransSlide
122.62,21.62644,0,-0.5827421,0.2499886,0,-0.3461714,1726.468,1.236197,0.3854849,Straight,Up,0,0.8301773,TransSlide
122.66,21.61172,0,-0.6971848,0.2499886,0,-0.3619286,1727.332,1.235633,0.3848056,Straight,Up,0,0.8242493,TransSlide
122.7,21.59714,0,-0.7731754,0.2499886,0,-0.3766428,1728.196,1.23508,0.3841262,Straight,Up,0,0.8183365,TransSlide
122.74,21.58266,0,-0.8262759,0.2499886,0,-0.3908004,1729.06,1.234476,0.3834473,Straight,Up,0,0.8124237,TransSlide
122.78,21.56824,0,-0.843671,0.2499886,0,-0.4040347,1729.923,1.233743,0.3827685,Straight,Up,0,0.8065033,TransSlide
122.82,21.55387,0,-0.8500797,0.2499886,0,-0.4169618,1730.785,1.233153,0.3820899,Straight,Up,0,0.8006058,TransSlide
122.86,21.53948,0,-0.861066,0.2499886,0,-0.4295384,1731.647,1.232521,0.3814116,Straight,Up,0,0.7947006,TransSlide
122.9,21.52504,0,-0.8738834,0.2499886,0,-0.4421235,1732.508,1.231929,0.3807334,Straight,Up,0,0.7888107,TransSlide
122.94,21.51052,0,-0.8867025,0.2499886,0,-0.4549726,1733.368,1.231235,0.3800556,Straight,Up,0,0.7829132,TransSlide
122.98,21.4958,0,-0.8986044,0.2499886,0,-0.4684558,1734.228,1.230555,0.379378,Straight,Up,0,0.7770157,TransSlide
123.02,21.48098,0,-0.9022665,0.2499886,0,-0.4826251,1735.088,1.229903,0.3787007,Straight,Up,0,0.7711411,TransSlide
123.06,21.46605,0,-0.9022665,0.2499886,0,-0.4977486,1735.947,1.229477,0.3780234,Straight,Up,0,0.7652512,TransSlide
123.1,21.4508,0,-0.8976889,0.2499886,0,-0.5139664,1736.805,1.2289,0.3773466,Straight,Up,0,0.7593689,TransSlide
123.14,21.43542,0,-0.8848715,0.2499886,0,-0.5316879,1737.662,1.227981,0.3766698,Straight,Up,0,0.7534866,TransSlide
123.18,21.42,0,-0.845502,0.2499886,0,-0.5509552,1738.519,1.227038,0.3759934,Straight,Up,0,0.747612,TransSlide
123.22,21.40417,0,-0.7988101,0.2499886,0,-0.5719808,1739.375,1.226128,0.3753171,Straight,Up,0,0.7417374,TransSlide
123.26,21.38828,0,-0.7081711,0.2499886,0,-0.5947571,1740.231,1.22555,0.3746412,Straight,Up,0,0.7358551,TransSlide
123.3,21.37233,0,-0.6266874,0.2499886,0,-0.6193798,1741.086,1.224805,0.3739655,Straight,Up,0,0.7299805,TransSlide
123.34,21.35558,0,-0.530557,0.2499886,0,-0.645722,1741.941,1.223362,0.3732901,Straight,Up,0,0.7241135,TransSlide
123.38,21.34158,0,-0.4646373,0.2499886,0,-0.6682694,1742.795,1.223505,0.3726148,Straight,Up,0,0.7182465,TransSlide
123.42,21.32713,0,-0.4298472,0.2499886,0,-0.69064,1743.648,1.224427,0.3719399,Straight,Up,0,0.7123795,TransSlide
123.46,21.31193,0,-0.4097039,0.2499886,0,-0.7148848,1744.5,1.225082,0.3712651,Straight,Up,0,0.7065125,TransSlide
123.5,21.29785,0,-0.4051262,0.2499886,0,-0.7415199,1745.352,1.22493,0.3705907,Straight,Up,0,0.7006454,TransSlide
123.54,21.28391,0,-0.399633,0.2499886,0,-0.7703989,1746.204,1.224546,0.3699164,Straight,Up,0,0.6947784,TransSlide
123.58,21.26853,0,-0.399633,0.2499886,0,-0.8016266,1747.055,1.221229,0.3692425,Straight,Up,0,0.6889038,TransSlide
123.62,21.25602,0,-0.399633,0.2499886,0,-0.8277456,1747.905,1.220696,0.3685689,Straight,Up,0,0.6830368,TransSlide
123.66,21.24318,0,-0.399633,0.2499886,0,-0.8552831,1748.755,1.220813,0.3678954,Left,Up,-0.06255726,0.6771698,TransSlide
123.7,21.22924,0,-0.399633,0.2499886,0,-0.8852792,1749.604,1.221206,0.3672222,Left,Up,-0.1101434,0.666893,TransSlide
123.74,21.21464,0,-0.399633,0.2499886,0,-0.9173572,1750.453,1.220018,0.3665492,Left,Up,-0.1101434,0.6523438,TransSlide
123.78,21.20291,0,-0.3987175,0.2499886,0,-0.94762,1751.301,1.217968,0.3658766,Left,Up,-0.1101434,0.6377869,TransSlide
123.82,21.19131,0,-0.3868157,0.2499886,0,-0.9754871,1752.149,1.217874,0.3652041,Left,Up,-0.1101434,0.6232376,TransSlide
123.86,21.18042,0,-0.3529412,0.2499886,0,-1.006314,1752.996,1.21888,0.364532,Left,Up,-0.1101434,0.6086884,TransSlide
123.9,21.16516,0,-0.3208977,0.2499886,0,-1.038628,1753.843,1.216262,0.36386,Left,Up,-0.132704,0.5941315,TransSlide
123.94,21.1547,0,-0.2604711,0.2499886,0,-1.065096,1754.689,1.215963,0.3631886,Left,Up,-0.1506579,0.5781021,TransSlide
123.98,21.14487,0,-0.18906,0.2499886,0,-1.093216,1755.535,1.216417,0.3625171,Left,Up,-0.1519511,0.5603409,TransSlide
124.02,21.13033,0,-0.1359576,0.2499886,0,-1.122995,1756.381,1.214936,0.3618461,Left,Up,-0.1519511,0.5425797,TransSlide
124.06,21.12095,0,-0.07736385,0.2499886,0,-1.147143,1757.225,1.214419,0.3611752,Left,Up,-0.1557664,0.5248108,TransSlide
124.1,21.11249,0,-0.04074097,0.2499886,0,-1.171909,1758.07,1.215013,0.3605047,Left,Up,-0.183454,0.5070419,TransSlide
124.14,21.10001,0,-0.009613037,0.2499886,0,-1.197897,1758.914,1.212759,0.3598343,Left,Up,-0.1866263,0.4868393,TransSlide
124.18,21.09121,0,0.009613037,0.2499886,0,-1.217021,1759.758,1.213374,0.3591644,Left,Up,-0.1866263,0.4664078,TransSlide
124.22,21.08132,0,0.03799438,0.2499886,0,-1.237859,1760.601,1.213941,0.3584945,Left,Up,-0.1978235,0.4459686,TransSlide
124.26,21.07231,0,0.08010864,0.2499886,0,-1.255071,1761.444,1.211931,0.3578252,Left,Up,-0.2167048,0.4249802,TransSlide
124.3,21.0646,0,0.1277196,0.2499886,0,-1.270077,1762.287,1.212678,0.3571561,Left,Up,-0.2167048,0.4021759,TransSlide
124.34,21.05716,0,0.2137792,0.2499886,0,-1.283698,1763.129,1.210614,0.3564872,Left,Up,-0.2229358,0.3793869,TransSlide
124.38,21.0494,0,0.2970922,0.2499886,0,-1.292488,1763.971,1.211722,0.3558186,Left,Up,-0.2454926,0.356514,TransSlide
124.42,21.04052,0,0.3611827,0.2499886,0,-1.300441,1764.813,1.210113,0.3551502,Left,Up,-0.2446942,0.3314972,TransSlide
124.46,21.03005,0,0.4161143,0.2499886,0,-1.302144,1765.654,1.208683,0.3544822,Left,Up,-0.2533378,0.3064957,TransSlide
124.5,21.02428,0,0.4444957,0.2499886,0,-1.304058,1766.495,1.206642,0.3538143,Left,Up,-0.2719625,0.2812119,TransSlide
124.54,21.01861,0,0.4573131,0.2499886,0,-1.304839,1767.336,1.208193,0.3531469,Left,Up,-0.2719625,0.2541962,TransSlide
124.58,21.0124,0,0.4573131,0.2499886,0,-1.305491,1768.177,1.209414,0.3524796,Left,Up,-0.2880355,0.2271881,TransSlide
124.62,21.00471,0,0.4573131,0.2499886,0,-1.306658,1769.017,1.209751,0.3518129,Left,Up,-0.2973941,0.1990814,TransSlide
124.66,20.99981,0,0.4573131,0.2499886,0,-1.307856,1769.857,1.209019,0.3511462,Left,Up,-0.3051875,0.1701202,TransSlide
124.7,20.99461,0,0.4573131,0.2499886,0,-1.309124,1770.697,1.207895,0.3504799,Left,Flat,-0.3208161,0.1407471,TransSlide
124.74,20.98929,0,0.4573131,0.2499886,0,-1.310417,1771.536,1.206643,0.3498138,Left,Flat,-0.3250574,0.1099472,TransSlide
124.78,20.98396,0,0.4518199,0.2499886,0,-1.311555,1772.376,1.205594,0.3491481,Left,Flat,-0.3426407,0.0790863,TransSlide
124.82,20.97807,0,0.4518199,0.2420539,0,-1.312678,1773.215,1.205081,0.3484825,Left,Flat,-0.272681,0.04655457,TransSlide
124.86,20.97112,0,0.4518199,0.2261845,0,-1.31325,1774.054,1.202747,0.3478174,Right,Flat,0.06852804,0.01383209,TransSlide
124.9,20.95962,0,0.4518199,0.2182498,0,-1.313616,1774.893,1.198183,0.3471525,Right,Flat,0.07132626,-0.03126526,TransSlide
124.94,20.95082,0,0.4518199,0.2182498,0,-1.317445,1775.731,1.201367,0.3464881,Right,Flat,0.07132626,-0.07628632,TransSlide
124.98,20.94034,0,0.4444957,0.2182498,0,-1.320742,1776.568,1.204226,0.3458238,Right,Flat,0.06852804,-0.121254,TransSlide
125.02,20.92731,0,0.4234385,0.2182498,0,-1.322892,1777.406,1.206085,0.3451598,Right,Down,0.06852804,-0.1662064,TransSlide
125.06,20.91856,0,0.3813243,0.2182498,0,-1.324155,1778.243,1.205874,0.3444962,Right,Down,0.06852804,-0.2112045,TransSlide
125.1,20.90966,0,0.3446996,0.2182498,0,-1.324532,1779.079,1.204611,0.3438327,Right,Down,0.06852804,-0.256218,TransSlide
125.14,20.90058,0,0.2806127,0.2420539,0,-1.32377,1779.915,1.202977,0.3431697,Right,Down,0.06852804,-0.3012009,TransSlide
125.18,20.89642,0,0.208286,0.2460212,0,-1.322147,1780.751,1.201363,0.3425069,Right,Down,0.06852804,-0.3461685,TransSlide
125.22,20.89326,0,0.1643407,0.2460212,0,-1.319662,1781.587,1.199772,0.3418445,Right,Down,0.06852804,-0.3911209,TransSlide
125.26,20.89003,0,0.1121521,0.2460212,0,-1.316148,1782.422,1.198496,0.3411824,Straight,Down,0.01978234,-0.436058,TransSlide
125.3,20.8868,0,0.08926392,0.2460212,0,-1.311568,1783.258,1.197341,0.3405206,Straight,Down,0,-0.4596939,TransSlide
125.34,20.88358,0,0.07644653,0.2460212,0,-1.306313,1784.093,1.19642,0.339859,Straight,Down,-0.01978234,-0.4719086,TransSlide
125.38,20.88041,0,0.07461548,0.2460212,0,-1.300007,1784.929,1.19548,0.3391979,Straight,Down,0,-0.4841232,TransSlide
125.42,20.87727,0,0.07461548,0.2460212,0,-1.292733,1785.764,1.194681,0.3385369,Straight,Down,0,-0.4963226,TransSlide
125.46,20.87414,0,0.07461548,0.2460212,0,-1.284586,1786.599,1.193999,0.3378764,Straight,Down,-0.01978234,-0.5085297,TransSlide
125.5,20.87106,0,0.07003784,0.2460212,0,-1.275362,1787.434,1.193311,0.3372161,Straight,Down,0,-0.5207214,TransSlide
125.54,20.86801,0,0.05722046,0.2261845,0,-1.265278,1788.268,1.192664,0.3365562,Straight,Down,0,-0.5329132,TransSlide
125.58,20.86044,0,0.02883911,0.2261845,0,-1.254181,1789.103,1.192035,0.3358966,Straight,Down,0,-0.5450974,TransSlide
125.62,20.85313,0,-0.0050354,0.2261845,0,-1.242051,1789.937,1.191565,0.3352373,Straight,Down,0,-0.5572891,TransSlide
125.66,20.84586,0,-0.06637752,0.2261845,0,-1.229172,1790.771,1.190926,0.3345783,Straight,Down,0,-0.569458,TransSlide
125.7,20.83864,0,-0.1130694,0.2261845,0,-1.215635,1791.605,1.19026,0.3339197,Straight,Down,0,-0.5816193,TransSlide
125.74,20.83148,0,-0.1542681,0.2261845,0,-1.201498,1792.438,1.189732,0.3332614,Straight,Down,0,-0.5937881,TransSlide
125.78,20.82436,0,-0.1670855,0.2261845,0,-1.187078,1793.271,1.189302,0.3326033,Straight,Down,0,-0.6059341,TransSlide
125.82,20.81728,0,-0.1670855,0.2261845,0,-1.17211,1794.104,1.188751,0.3319457,Straight,Down,-0.01978234,-0.6180878,TransSlide
125.86,20.81025,0,-0.1652545,0.2261845,0,-1.156768,1794.936,1.188127,0.3312882,Straight,Down,0,-0.6302338,TransSlide
125.9,20.80324,0,-0.1615924,0.2261845,0,-1.141022,1795.768,1.18782,0.3306313,Straight,Down,0,-0.6423721,TransSlide
125.94,20.79625,0,-0.1615924,0.2261845,0,-1.125,1796.6,1.187822,0.3299746,Straight,Down,-0.01978234,-0.6545029,TransSlide
125.98,20.7893,0,-0.1615924,0.2261845,0,-1.108836,1797.432,1.187544,0.3293183,Straight,Down,0,-0.6666336,TransSlide
126.02,20.78235,0,-0.1615924,0.2261845,0,-1.092439,1798.263,1.186936,0.3286622,Straight,Down,0,-0.6787567,TransSlide
126.06,20.77543,0,-0.1615924,0.2261845,0,-1.075849,1799.094,1.186253,0.3280065,Straight,Down,0,-0.6908798,TransSlide
126.1,20.76852,0,-0.1670855,0.2261845,0,-1.059283,1799.925,1.185382,0.3273511,Straight,Down,-0.01978234,-0.7029953,TransSlide
126.14,20.76163,0,-0.1780736,0.2261845,0,-1.042631,1800.756,1.184077,0.3266961,Straight,Down,-0.01978234,-0.7151031,TransSlide
126.18,20.75481,0,-0.1899755,0.2261845,0,-1.02611,1801.586,1.183136,0.3260413,Straight,Down,-0.01978234,-0.727211,TransSlide
126.22,20.74779,0,-0.1972997,0.2261845,0,-1.009745,1802.416,1.182866,0.325387,Straight,Down,-0.01978234,-0.7393188,TransSlide
126.26,20.74082,0,-0.2073705,0.2222171,0,-0.9934835,1803.246,1.182582,0.3247331,Straight,Down,-0.01978234,-0.7514114,TransSlide
126.3,20.73294,0,-0.2092016,0.2222171,0,-0.9775896,1804.075,1.181568,0.3240795,Straight,Down,-0.01978234,-0.7635117,TransSlide
126.34,20.72517,0,-0.2092016,0.2222171,0,-0.9620682,1804.904,1.180826,0.323426,Straight,Down,0,-0.7756042,TransSlide
126.38,20.71742,0,-0.2092016,0.2222171,0,-0.9468848,1805.733,1.180301,0.3227731,Straight,Down,-0.01978234,-0.7876968,TransSlide
126.42,20.70942,0,-0.2092016,0.2222171,0,-0.9319881,1806.562,1.179726,0.3221204,Straight,Down,-0.01978234,-0.7997742,TransSlide
126.46,20.7015,0,-0.2092016,0.2222171,0,-0.9172929,1807.39,1.178993,0.3214682,Straight,Down,0,-0.8118591,TransSlide
126.5,20.69362,0,-0.1954687,0.2222171,0,-0.9031186,1808.217,1.178287,0.3208162,Straight,Down,-0.01978234,-0.8239365,TransSlide
126.54,20.6858,0,-0.1670855,0.2222171,0,-0.8891248,1809.045,1.177469,0.3201646,Straight,Down,0,-0.8360138,TransSlide
126.58,20.67727,0,-0.1414508,0.2222171,0,-0.8755271,1809.872,1.17606,0.3195135,Straight,Down,0,-0.8480835,TransSlide
126.62,20.67123,0,-0.1231402,0.2222171,0,-0.8574762,1810.699,1.176346,0.3188626,Straight,Down,-0.01978234,-0.8601379,TransSlide
126.66,20.6647,0,-0.1057452,0.2222171,0,-0.8372618,1811.526,1.17738,0.3182121,Straight,Down,0,-0.8721848,TransSlide
126.7,20.65787,0,-0.100252,0.2222171,0,-0.8178876,1812.352,1.178091,0.3175618,Straight,Down,0,-0.8842316,TransSlide
126.74,20.65118,0,-0.100252,0.2222171,0,-0.7991273,1813.178,1.177963,0.316912,Straight,Down,0,-0.896286,TransSlide
126.78,20.64535,0,-0.100252,0.2222171,0,-0.7806275,1814.004,1.177172,0.3162625,Straight,Down,0,-0.9083405,TransSlide
126.82,20.63951,0,-0.100252,0.2222171,0,-0.7629328,1814.83,1.176238,0.3156134,Straight,Down,-0.01978234,-0.9204025,TransSlide
126.86,20.63365,0,-0.100252,0.2420539,0,-0.7460247,1815.655,1.175157,0.3149646,Straight,Down,0,-0.932457,TransSlide
126.9,20.63025,0,-0.100252,0.2460212,0,-0.7294573,1816.48,1.174063,0.3143164,Straight,Down,-0.01978234,-0.9445114,TransSlide
126.94,20.62911,0,-0.100252,0.2460212,0,-0.7134256,1817.306,1.173079,0.3136683,Straight,Down,0,-0.9565659,TransSlide
126.98,20.6284,0,-0.1240557,0.2499886,0,-0.698043,1818.131,1.172144,0.3130207,Straight,Down,0,-0.9686203,TransSlide
127.02,20.62816,0,-0.1414508,0.2499886,0,-0.6832818,1818.956,1.171338,0.3123733,Straight,Down,-0.02797646,-0.9771881,TransSlide
127.06,20.62829,0,-0.1533526,0.2499886,0,-0.6691262,1819.781,1.170686,0.3117264,Straight,Down,-0.02797646,-0.9789124,TransSlide
127.1,20.62842,0,-0.1606768,0.2499886,0,-0.6555104,1820.606,1.169954,0.3110798,Straight,Down,-0.02797646,-0.9806442,TransSlide
127.14,20.62855,0,-0.16617,0.2499886,0,-0.6426593,1821.432,1.169191,0.3104336,Straight,Down,-0.02797646,-0.9823608,TransSlide
127.18,20.62869,0,-0.16617,0.2499886,0,-0.6302218,1822.257,1.168596,0.3097877,Straight,Down,-0.02797646,-0.9840851,TransSlide
127.22,20.62896,0,-0.16617,0.2499886,0,-0.6184973,1823.082,1.168218,0.3091424,Straight,Down,-0.02797646,-0.9858093,TransSlide
127.26,20.62875,0,-0.16617,0.2499886,0,-0.6073511,1823.907,1.16798,0.3084974,Straight,Down,-0.03426402,-0.9875336,TransSlide
127.3,20.62868,0,-0.16617,0.2499886,0,-0.5968219,1824.732,1.166799,0.3078526,Straight,Down,-0.02797646,-0.9892578,TransSlide
127.34,20.62866,0,-0.16617,0.2499886,0,-0.5867665,1825.557,1.165662,0.3072083,Straight,Down,-0.02797646,-0.9909821,TransSlide
127.38,20.62834,0,-0.1716632,0.2499886,0,-0.5775691,1826.383,1.164903,0.3065643,Straight,Down,-0.02797646,-0.9927063,TransSlide
127.42,20.62799,0,-0.1789892,0.2499886,0,-0.5689374,1827.208,1.164333,0.3059207,Straight,Down,-0.02797646,-0.9944305,TransSlide
127.46,20.62763,0,-0.1799047,0.2499886,0,-0.5607488,1828.033,1.163458,0.3052774,Straight,Down,-0.03426402,-0.9961624,TransSlide
127.5,20.62785,0,-0.1799047,0.2499886,0,-0.5460728,1828.858,1.163339,0.3046347,Straight,Down,-0.03426402,-0.997879,TransSlide
127.54,20.6279,0,-0.1799047,0.2261845,0,-0.5306624,1829.683,1.163408,0.3039922,Straight,Down,-0.02797646,-0.9996109,TransSlide
127.58,20.62253,0,-0.1707476,0.2261845,0,-0.5158681,1830.508,1.16341,0.3033502,Straight,Down,-0.03426402,-1.001328,TransSlide
127.62,20.61753,0,-0.1377887,0.2261845,0,-0.5019555,1831.333,1.163121,0.3027085,Straight,Down,-0.02797646,-1.003052,TransSlide
127.66,20.61268,0,-0.0892657,0.2261845,0,-0.4883796,1832.158,1.162435,0.3020673,Straight,Down,-0.02797646,-1.004776,TransSlide
127.7,20.60783,0,-0.05264282,0.2261845,0,-0.4754503,1832.982,1.161847,0.3014262,Straight,Down,-0.02797646,-1.0065,TransSlide
127.74,20.60302,0,-0.02243042,0.2261845,0,-0.4630374,1833.806,1.161227,0.3007858,Straight,Down,-0.03426402,-1.008224,TransSlide
127.78,20.59819,0,-0.01602173,0.2261845,0,-0.4511987,1834.63,1.160436,0.3001456,Straight,Down,-0.03426402,-1.009941,TransSlide
127.82,20.59336,0,-0.01602173,0.2261845,0,-0.4399328,1835.454,1.159753,0.2995059,Straight,Down,-0.03426402,-1.011665,TransSlide
127.86,20.58858,0,-0.02975464,0.2261845,0,-0.4293492,1836.278,1.15906,0.2988664,Straight,Down,-0.03426402,-1.013382,TransSlide
127.9,20.58378,0,-0.05813599,0.2261845,0,-0.4194604,1837.101,1.158444,0.2982276,Straight,Down,-0.03956468,-1.014847,TransSlide
127.94,20.57903,0,-0.1048297,0.2261845,0,-0.4102014,1837.924,1.158149,0.2975891,Straight,Down,-0.03956468,-1.013931,TransSlide
127.98,20.57392,0,-0.1551837,0.2261845,0,-0.4014784,1838.747,1.157504,0.2969508,Straight,Down,-0.04423466,-1.013016,TransSlide
128.02,20.56895,0,-0.1972997,0.2261845,0,-0.3933207,1839.57,1.156092,0.2963131,Straight,Down,-0.03956468,-1.012093,TransSlide
128.06,20.56378,0,-0.2430761,0.2261845,0,-0.3859312,1840.393,1.154946,0.2956758,Straight,Down,-0.03956468,-1.011177,TransSlide
128.1,20.55821,0,-0.2751195,0.2261845,0,-0.3792351,1841.215,1.154068,0.2950387,Straight,Down,-0.04423466,-1.010254,TransSlide
128.14,20.55333,0,-0.3218132,0.2261845,0,-0.3713495,1842.037,1.153385,0.2944022,Straight,Down,-0.03956468,-1.009338,TransSlide
128.18,20.54838,0,-0.3767449,0.2261845,0,-0.3574435,1842.859,1.153568,0.293766,Straight,Down,-0.03956468,-1.008423,TransSlide
128.22,20.54327,0,-0.422523,0.2261845,0,-0.3443063,1843.681,1.153438,0.2931302,Straight,Down,-0.03956468,-1.007507,TransSlide
128.2599,20.53793,0,-0.471046,0.2261845,0,-0.3320445,1844.502,1.153324,0.2924948,Straight,Down,-0.03956468,-1.006584,TransSlide
128.3,20.53311,0,-0.505836,0.2261845,0,-0.3205059,1845.324,1.15292,0.2918598,Straight,Down,-0.03956468,-1.005661,TransSlide
128.34,20.52831,0,-0.5433744,0.2261845,0,-0.3098151,1846.145,1.152283,0.2912252,Straight,Down,-0.03956468,-1.004745,TransSlide
128.38,20.52345,0,-0.5781645,0.2460212,0,-0.3000883,1846.966,1.151791,0.2905911,Straight,Down,-0.04423466,-1.003822,TransSlide
128.42,20.52106,0,-0.6019682,0.2499886,0,-0.2915191,1847.787,1.151114,0.2899575,Straight,Down,-0.03956468,-1.002899,TransSlide
128.46,20.52133,0,-0.6358427,0.2499886,0,-0.2840623,1848.608,1.150559,0.289324,Straight,Down,-0.03956468,-1.001976,TransSlide
128.5,20.52168,0,-0.6431669,0.2499886,0,-0.2780044,1849.428,1.150274,0.2886912,Straight,Down,-0.04423466,-1.001053,TransSlide
128.5399,20.52123,0,-0.6431669,0.2499886,0,-0.2734025,1850.249,1.149919,0.2880585,Straight,Down,-0.04423466,-1.000137,TransSlide
128.58,20.52102,0,-0.6303495,0.2499886,0,-0.2700435,1851.07,1.148327,0.2874265,Left,Down,-0.05233916,-0.9989166,TransSlide
128.6199,20.5204,0,-0.6147856,0.2499886,0,-0.2680184,1851.891,1.146932,0.2867947,Straight,Down,-0.04845664,-0.9962006,TransSlide
128.66,20.51956,0,-0.5827421,0.2499886,0,-0.2675442,1852.712,1.145634,0.2861635,Straight,Down,-0.04845664,-0.9934845,TransSlide
128.7,20.5198,0,-0.5351347,0.2539559,0,-0.2625607,1853.532,1.145216,0.2855328,Left,Down,-0.05233916,-0.9907684,TransSlide
128.74,20.51978,0,-0.4994273,0.2539559,0,-0.2563362,1854.353,1.14519,0.2849022,Straight,Down,-0.04845664,-0.9880524,TransSlide
128.78,20.51999,0,-0.4637218,0.2539559,0,-0.2517091,1855.174,1.145269,0.2842723,Left,Down,-0.05233916,-0.9853363,TransSlide
128.82,20.52034,0,-0.4335093,0.2539559,0,-0.2485694,1855.995,1.14519,0.2836426,Left,Down,-0.05233916,-0.9826126,TransSlide
128.86,20.52098,0,-0.3813225,0.2539559,0,-0.2468484,1856.816,1.144884,0.2830135,Left,Down,-0.05233916,-0.9798889,TransSlide
128.8999,20.5217,0,-0.3035027,0.2539559,0,-0.2468651,1857.636,1.144578,0.2823846,Left,Down,-0.05233916,-0.9771729,TransSlide
128.94,20.52243,0,-0.2183568,0.2539559,0,-0.2484869,1858.457,1.143651,0.2817564,Straight,Down,-0.04845664,-0.9744492,TransSlide
128.9799,20.52336,0,-0.1121539,0.2539559,0,-0.2519792,1859.278,1.142997,0.2811283,Straight,Down,-0.04845664,-0.9717178,TransSlide
129.02,20.52377,0,-0.0453186,0.2539559,0,-0.2572905,1860.099,1.142567,0.280501,Left,Down,-0.05233916,-0.9689865,TransSlide
129.06,20.52397,0,0.02334595,0.2539559,0,-0.2635157,1860.92,1.141091,0.279874,Left,Down,-0.05233916,-0.9662628,TransSlide
129.1,20.52377,0,0.06362915,0.2539559,0,-0.2713604,1861.741,1.139966,0.2792473,Left,Down,-0.05595291,-0.9635315,TransSlide
129.14,20.52475,0,0.07553101,0.2539559,0,-0.2780288,1862.562,1.139245,0.2786212,Left,Down,-0.05934703,-0.9600525,TransSlide
129.1799,20.52587,0,0.07553101,0.2539559,0,-0.280446,1863.383,1.139364,0.2779953,Left,Down,-0.05934703,-0.9557953,TransSlide
129.22,20.52634,0,0.05630493,0.2539559,0,-0.2838058,1864.204,1.139264,0.27737,Left,Down,-0.05934703,-0.9515381,TransSlide
129.2599,20.52659,0,0.004119873,0.2539559,0,-0.2884635,1865.026,1.139081,0.2767451,Left,Down,-0.06255726,-0.9472656,TransSlide
129.3,20.52762,0,-0.03433228,0.2539559,0,-0.2941246,1865.847,1.13861,0.2761207,Left,Down,-0.06255726,-0.9430084,TransSlide
129.34,20.52867,0,-0.04806519,0.2539559,0,-0.3008791,1866.668,1.137967,0.2754966,Left,Down,-0.05934703,-0.938736,TransSlide
129.38,20.53015,0,-0.05172729,0.2539559,0,-0.308902,1867.489,1.137767,0.274873,Left,Down,-0.05934703,-0.9344711,TransSlide
129.42,20.53051,0,-0.05172729,0.2539559,0,-0.3179066,1868.31,1.137949,0.27425,Left,Down,-0.05934703,-0.930191,TransSlide
129.46,20.53076,0,-0.05172729,0.2539559,0,-0.3277777,1869.131,1.136029,0.2736271,Left,Down,-0.05934703,-0.9259186,TransSlide
129.5,20.53044,0,-0.05172729,0.2539559,0,-0.3381954,1869.953,1.13402,0.273005,Left,Down,-0.05934703,-0.9216385,TransSlide
129.5399,20.53179,0,-0.05172729,0.2539559,0,-0.3448706,1870.774,1.133083,0.272383,Left,Down,-0.06255726,-0.917366,TransSlide
129.58,20.53275,0,-0.05172729,0.2539559,0,-0.3488379,1871.595,1.133008,0.2717618,Left,Down,-0.07132626,-0.9130936,TransSlide
129.6199,20.53304,0,-0.05172729,0.2539559,0,-0.3532331,1872.417,1.133312,0.2711408,Left,Down,-0.07132626,-0.907402,TransSlide
129.66,20.5331,0,-0.0590533,0.2539559,0,-0.3580825,1873.238,1.133394,0.2705204,Left,Down,-0.07132626,-0.9016724,TransSlide
129.7,20.53381,0,-0.07736385,0.2539559,0,-0.3635149,1874.059,1.133183,0.2699005,Left,Down,-0.07132626,-0.8959427,TransSlide
129.74,20.53485,0,-0.0956744,0.2539559,0,-0.3698446,1874.88,1.133088,0.2692807,Left,Down,-0.07132626,-0.8902054,TransSlide
129.78,20.53532,0,-0.1231402,0.2539559,0,-0.3771461,1875.702,1.132882,0.2686617,Left,Down,-0.07132626,-0.8844604,TransSlide
129.82,20.53448,0,-0.1414508,0.2539559,0,-0.384608,1876.523,1.130638,0.2680429,Left,Down,-0.07132626,-0.8787155,TransSlide
129.86,20.53431,0,-0.1615924,0.2539559,0,-0.3916906,1877.344,1.128222,0.2674248,Left,Down,-0.07132626,-0.8729706,TransSlide
129.8999,20.53518,0,-0.1725787,0.2539559,0,-0.3925557,1878.166,1.128201,0.2668068,Left,Down,-0.07132626,-0.8672256,TransSlide
129.94,20.53561,0,-0.1725787,0.2539559,0,-0.3938178,1878.987,1.12846,0.2661896,Left,Down,-0.07401875,-0.8614807,TransSlide
129.9799,20.53495,0,-0.1734942,0.2539559,0,-0.3955333,1879.809,1.128514,0.2655726,Left,Down,-0.08392937,-0.8555756,TransSlide
130.02,20.53547,0,-0.1734942,0.2539559,0,-0.3976713,1880.63,1.128292,0.2649563,Left,Down,-0.08392937,-0.8483658,TransSlide
130.06,20.53593,0,-0.1734942,0.2579232,0,-0.4007795,1881.452,1.128874,0.2643405,Left,Down,-0.08392937,-0.8411636,TransSlide
130.1,20.53647,0,-0.18906,0.2579232,0,-0.4039086,1882.273,1.12775,0.2637248,Left,Down,-0.08392937,-0.8339462,TransSlide
130.14,20.53602,0,-0.2128637,0.2579232,0,-0.4077314,1883.095,1.12489,0.26311,Left,Down,-0.08392937,-0.8267365,TransSlide
130.1799,20.53781,0,-0.2613866,0.2579232,0,-0.4060313,1883.916,1.123976,0.2624952,Left,Down,-0.08156469,-0.8195267,TransSlide
130.22,20.53905,0,-0.3025872,0.2579232,0,-0.403194,1884.738,1.124036,0.2618812,Left,Down,-0.08156469,-0.8123093,TransSlide
130.2599,20.53899,0,-0.3520256,0.2579232,0,-0.4006904,1885.559,1.124267,0.2612674,Left,Down,-0.08156469,-0.8051071,TransSlide
130.3,20.53939,0,-0.3913933,0.2579232,0,-0.3991881,1886.381,1.124379,0.2606544,Left,Down,-0.09065409,-0.7978897,TransSlide
130.34,20.54017,0,-0.4060417,0.2579232,0,-0.3987528,1887.202,1.125333,0.2600417,Left,Down,-0.09487279,-0.7898178,TransSlide
130.38,20.539,0,-0.422523,0.2579232,0,-0.3986864,1888.024,1.123131,0.2594294,Left,Down,-0.09487279,-0.7810974,TransSlide
130.42,20.5392,0,-0.4234385,0.2579232,0,-0.3977994,1888.845,1.120416,0.2588176,Left,Down,-0.09691329,-0.772377,TransSlide
130.46,20.54054,0,-0.4280162,0.2579232,0,-0.3915383,1889.667,1.120114,0.2582062,Left,Down,-0.09487279,-0.7636566,TransSlide
130.5,20.54077,0,-0.4417491,0.2579232,0,-0.3862485,1890.489,1.120294,0.2575954,Left,Down,-0.09487279,-0.7549286,TransSlide
130.5399,20.53975,0,-0.4701304,0.2579232,0,-0.38182,1891.31,1.120727,0.256985,Left,Down,-0.09487279,-0.7462158,TransSlide
130.58,20.54037,0,-0.5433744,0.2579232,0,-0.3788075,1892.132,1.121873,0.2563752,Left,Down,-0.09691329,-0.7374802,TransSlide
130.6199,20.53756,0,-0.6083769,0.2579232,0,-0.3765887,1892.953,1.119318,0.2557657,Left,Down,-0.1065312,-0.7285309,TransSlide
130.66,20.53802,0,-0.7017624,0.2579232,0,-0.3722646,1893.775,1.116949,0.2551568,Left,Down,-0.1065312,-0.7182312,TransSlide
130.7,20.53879,0,-0.7859927,0.2341192,0,-0.3648116,1894.596,1.116726,0.2545485,Left,Down,-0.1083524,-0.7079315,TransSlide
130.74,20.53505,0,-0.8390933,0.2341192,0,-0.3590006,1895.418,1.117111,0.2539403,Left,Down,-0.1083524,-0.6976395,TransSlide
130.78,20.52851,0,-0.8931112,0.2341192,0,-0.3551859,1896.239,1.118461,0.2533329,Left,Down,-0.1083524,-0.6873398,TransSlide
130.8199,20.52039,0,-0.9214926,0.2341192,0,-0.3528757,1897.06,1.117071,0.2527258,Left,Down,-0.1083524,-0.6770248,TransSlide
130.86,20.51434,0,-0.9443808,0.2341192,0,-0.3499035,1897.88,1.114211,0.2521193,Left,Down,-0.1170339,-0.6667175,TransSlide
130.8999,20.50901,0,-0.9636068,0.2341192,0,-0.3432449,1898.701,1.113986,0.2515131,Left,Down,-0.1219466,-0.6555328,TransSlide
130.94,20.50293,0,-0.9736776,0.2341192,0,-0.3389177,1899.521,1.114434,0.2509077,Left,Down,-0.1219466,-0.6435852,TransSlide
130.9799,20.49492,0,-0.9755087,0.2341192,0,-0.3369349,1900.341,1.116132,0.2503024,Left,Down,-0.1219466,-0.6316147,TransSlide
131.02,20.48552,0,-0.9755087,0.2341192,0,-0.3367528,1901.16,1.112698,0.249698,Left,Down,-0.1219466,-0.6196594,TransSlide
131.06,20.47935,0,-0.9691,0.2341192,0,-0.3332355,1901.98,1.110928,0.249094,Left,Down,-0.1219466,-0.6076889,TransSlide
131.1,20.47337,0,-0.9571981,0.2341192,0,-0.329939,1902.799,1.110841,0.2484902,Left,Down,-0.132704,-0.5957336,TransSlide
131.14,20.4662,0,-0.9452963,0.2341192,0,-0.3298286,1903.617,1.112394,0.2478872,Left,Down,-0.1356209,-0.5826492,TransSlide
131.1799,20.45521,0,-0.9224081,0.2341192,0,-0.3312798,1904.436,1.110733,0.2472844,Left,Down,-0.1370561,-0.5689392,TransSlide
131.22,20.44842,0,-0.8967733,0.2341192,0,-0.3308127,1905.254,1.108266,0.2466824,Left,Down,-0.1370561,-0.5552368,TransSlide
131.2599,20.44172,0,-0.8509952,0.2539559,0,-0.3297701,1906.071,1.107969,0.2460806,Left,Down,-0.1370561,-0.5415421,TransSlide
131.3,20.43986,0,-0.8097965,0.2539559,0,-0.3340198,1906.889,1.109904,0.2454796,Left,Down,-0.1467098,-0.5278397,TransSlide
131.34,20.43126,0,-0.7859927,0.2539559,0,-0.3398807,1907.706,1.10715,0.2448789,Left,Down,-0.1519511,-0.5132751,TransSlide
131.38,20.42856,0,-0.762189,0.2539559,0,-0.3422306,1908.523,1.105508,0.2442787,Left,Down,-0.1519511,-0.4977341,TransSlide
131.42,20.4273,0,-0.7493699,0.2539559,0,-0.3455194,1909.34,1.106145,0.2436791,Left,Down,-0.1532334,-0.482193,TransSlide
131.46,20.42054,0,-0.7438767,0.2539559,0,-0.35223,1910.157,1.107831,0.2430798,Left,Down,-0.1532334,-0.4666595,TransSlide
131.5,20.41558,0,-0.7429612,0.2539559,0,-0.3586081,1910.974,1.104275,0.2424812,Left,Down,-0.166689,-0.4511185,TransSlide
131.5399,20.41293,0,-0.7392991,0.2539559,0,-0.3625115,1911.791,1.104672,0.241883,Left,Down,-0.1690205,-0.4339981,TransSlide
131.58,20.40945,0,-0.7383835,0.2539559,0,-0.3710456,1912.607,1.10785,0.2412853,Left,Down,-0.1690205,-0.4164963,TransSlide
131.6199,20.40103,0,-0.7383835,0.2539559,0,-0.3807292,1913.423,1.103848,0.2406881,Left,Down,-0.1690205,-0.3989792,TransSlide
131.66,20.3961,0,-0.7383835,0.2539559,0,-0.3869781,1914.239,1.102075,0.2400915,Left,Down,-0.1802258,-0.3814621,TransSlide
131.7,20.39338,0,-0.737468,0.2539559,0,-0.3961049,1915.055,1.101082,0.2394955,Left,Down,-0.1866263,-0.3627853,TransSlide
131.74,20.38438,0,-0.7209885,0.2579232,0,-0.4056293,1915.87,1.100737,0.2388998,Left,Down,-0.1866263,-0.3431931,TransSlide
131.78,20.37632,0,-0.6788743,0.2579232,0,-0.4130366,1916.685,1.097812,0.2383047,Left,Down,-0.1876719,-0.3236084,TransSlide
131.8199,20.37326,0,-0.6422514,0.2579232,0,-0.42375,1917.5,1.098491,0.23771,Left,Down,-0.2017412,-0.3040314,TransSlide
131.86,20.36634,0,-0.5891508,0.2579232,0,-0.4300574,1918.315,1.097938,0.237116,Left,Down,-0.2065338,-0.2829132,TransSlide
131.8999,20.36194,0,-0.5488676,0.2618906,0,-0.4378023,1919.13,1.096872,0.2365223,Left,Down,-0.2055842,-0.2611771,TransSlide
131.94,20.35539,0,-0.5415434,0.2618906,0,-0.4439253,1919.944,1.098991,0.2359292,Left,Down,-0.2139789,-0.2394257,TransSlide
131.9799,20.34879,0,-0.5406278,0.2618906,0,-0.4482341,1920.758,1.097268,0.2353368,Left,Down,-0.2255535,-0.2171402,TransSlide
132.02,20.34421,0,-0.5406278,0.2618906,0,-0.4545627,1921.572,1.099806,0.2347446,Left,Down,-0.2264194,-0.1931152,TransSlide
132.06,20.34,0,-0.5406278,0.2618906,0,-0.4558721,1922.385,1.098747,0.2341532,Left,Down,-0.2315465,-0.1690903,TransSlide
132.1,20.3369,0,-0.5406278,0.2618906,0,-0.4593752,1923.199,1.097681,0.233562,Left,Flat,-0.2478722,-0.1449051,TransSlide
132.14,20.33265,0,-0.5406278,0.2618906,0,-0.4617308,1924.012,1.099273,0.2329717,Left,Flat,-0.2470816,-0.1184616,TransSlide
132.1799,20.3256,0,-0.5781645,0.2618906,0,-0.4619507,1924.825,1.098124,0.2323815,Left,Flat,-0.2564087,-0.09203339,TransSlide
132.22,20.32225,0,-0.6083769,0.2618906,0,-0.4649189,1925.638,1.098049,0.2317922,Left,Flat,-0.2719625,-0.06562042,TransSlide
132.2599,20.31917,0,-0.6147856,0.2658579,0,-0.4649125,1926.451,1.098232,0.2312031,Left,Flat,-0.2712421,-0.03924561,TransSlide
132.3,20.31417,0,-0.6001371,0.2658579,0,-0.4645885,1927.264,1.096839,0.2306149,Left,Flat,-0.2973941,-0.01287842,TransSlide
132.34,20.31234,0,-0.5708402,0.2698253,0,-0.4667195,1928.076,1.09643,0.2300271,Left,Flat,-0.3109043,-0.01085663,TransSlide
132.38,20.31032,0,-0.523231,0.2698253,0,-0.4660283,1928.889,1.096982,0.2294396,Left,Flat,-0.3032579,-0.02536774,TransSlide
132.42,20.30715,0,-0.4930186,0.2698253,0,-0.4644081,1929.701,1.095834,0.2288529,Left,Flat,-0.2920831,-0.03968048,TransSlide
132.4599,20.30596,0,-0.4692149,0.2737926,0,-0.4646725,1930.513,1.093977,0.2282664,Left,Flat,-0.2920831,-0.05328369,TransSlide
132.5,20.30604,0,-0.4692149,0.2737926,0,-0.4645658,1931.326,1.095586,0.2276808,Left,Flat,-0.2776587,-0.0668869,TransSlide
132.5399,20.30493,0,-0.4692149,0.2737926,0,-0.4614021,1932.138,1.094691,0.2270954,Left,Flat,-0.2741124,-0.07983398,TransSlide
132.58,20.30157,0,-0.4692149,0.2737926,0,-0.4596216,1932.95,1.092528,0.2265108,Left,Flat,-0.2697954,-0.09255219,TransSlide
132.6199,20.30535,0,-0.4692149,0.2737926,0,-0.4603618,1933.762,1.093282,0.2259265,Left,Flat,-0.2564087,-0.1052017,TransSlide
132.66,20.30409,0,-0.4692149,0.2737926,0,-0.4569939,1934.574,1.093356,0.225343,Left,Flat,-0.2564087,-0.1170502,TransSlide
132.7,20.30299,0,-0.4692149,0.2737926,0,-0.4536457,1935.386,1.092494,0.2247599,Left,Flat,-0.2502292,-0.1289063,TransSlide
132.74,20.30162,0,-0.4692149,0.2737926,0,-0.4520218,1936.198,1.089936,0.2241773,Left,Flat,-0.2390311,-0.1405487,TransSlide
132.78,20.30446,0,-0.471046,0.2737926,0,-0.4528817,1937.011,1.091478,0.2235953,Left,Down,-0.2382111,-0.151535,TransSlide
132.8199,20.30388,0,-0.471046,0.2737926,0,-0.4487528,1937.823,1.091218,0.2230137,Left,Down,-0.234068,-0.1625214,TransSlide
132.86,20.30265,0,-0.471046,0.2737926,0,-0.4452375,1938.635,1.09036,0.2224328,Left,Down,-0.2211734,-0.1734161,TransSlide
132.8999,20.30253,0,-0.471046,0.2737926,0,-0.4433118,1939.447,1.088211,0.2218523,Left,Down,-0.2220564,-0.1835556,TransSlide
132.94,20.30517,0,-0.471046,0.2737926,0,-0.4435973,1940.259,1.088519,0.2212725,Left,Down,-0.220287,-0.1936951,TransSlide
132.9799,20.30462,0,-0.471046,0.2737926,0,-0.4411919,1941.072,1.089056,0.2206933,Left,Down,-0.2065338,-0.2038269,TransSlide
133.02,20.30412,0,-0.471046,0.2737926,0,-0.4368055,1941.884,1.088474,0.2201144,Left,Down,-0.2046302,-0.2133102,TransSlide
133.06,20.30321,0,-0.4545665,0.2737926,0,-0.4339491,1942.696,1.08697,0.2195363,Left,Down,-0.2046302,-0.2226181,TransSlide
133.1,20.30452,0,-0.4353404,0.2737926,0,-0.432996,1943.508,1.084854,0.2189585,Left,Down,-0.199792,-0.231926,TransSlide
133.14,20.30703,0,-0.4124522,0.2737926,0,-0.434206,1944.321,1.08658,0.2183814,Left,Down,-0.1876719,-0.241127,TransSlide
133.1799,20.30708,0,-0.3749138,0.2737926,0,-0.4303148,1945.133,1.08637,0.2178047,Left,Down,-0.1876719,-0.2496033,TransSlide
133.22,20.30714,0,-0.3346306,0.2737926,0,-0.426273,1945.945,1.085604,0.2172288,Left,Down,-0.1866263,-0.2580872,TransSlide
133.2599,20.30848,0,-0.2861059,0.2737926,0,-0.4239604,1946.757,1.084566,0.2166531,Left,Down,-0.1823843,-0.2665634,TransSlide
133.3,20.30887,0,-0.2330053,0.2737926,0,-0.4231513,1947.57,1.082908,0.2160784,Left,Down,-0.1713202,-0.2749329,TransSlide
133.34,20.31181,0,-0.2027929,0.2737926,0,-0.4242692,1948.382,1.083348,0.2155041,Left,Down,-0.1713202,-0.2826004,TransSlide
133.38,20.31209,0,-0.1780736,0.2737926,0,-0.4231863,1949.195,1.083983,0.2149301,Left,Down,-0.1713202,-0.2902679,TransSlide
133.42,20.31232,0,-0.1725787,0.2737926,0,-0.4185941,1950.007,1.083227,0.214357,Left,Down,-0.1701742,-0.2979355,TransSlide
133.4599,20.31329,0,-0.1725787,0.2737926,0,-0.415511,1950.82,1.082141,0.2137841,Left,Down,-0.1582588,-0.305603,TransSlide
133.5,20.31541,0,-0.1725787,0.27776,0,-0.4140406,1951.632,1.081146,0.2132121,Left,Down,-0.1557664,-0.3126526,TransSlide
133.5399,20.31724,0,-0.1725787,0.27776,0,-0.413734,1952.445,1.079734,0.2126403,Left,Down,-0.1557664,-0.319519,TransSlide
133.58,20.32137,0,-0.1725787,0.289662,0,-0.4150156,1953.258,1.080314,0.2120694,Left,Down,-0.1545051,-0.3263931,TransSlide
133.6199,20.32555,0,-0.1707476,0.2936446,0,-0.4146468,1954.071,1.080896,0.211499,Left,Down,-0.1532334,-0.333252,TransSlide
133.66,20.33065,0,-0.148775,0.2936446,0,-0.4097663,1954.884,1.080126,0.210929,Left,Down,-0.1384764,-0.3401184,TransSlide
133.7,20.33646,0,-0.1240557,0.2936446,0,-0.4061194,1955.697,1.079132,0.2103597,Left,Down,-0.1398823,-0.3462372,TransSlide
133.74,20.34335,0,-0.0993365,0.2936446,0,-0.4035866,1956.511,1.078144,0.2097908,Left,Down,-0.1398823,-0.3523178,TransSlide
133.78,20.34869,0,-0.07003963,0.2936446,0,-0.4022097,1957.325,1.07727,0.2092227,Left,Down,-0.1384764,-0.3583984,TransSlide
133.8199,20.35471,0,-0.05172729,0.2936446,0,-0.4017296,1958.139,1.076152,0.2086549,Left,Down,-0.1384764,-0.3644714,TransSlide
133.86,20.36256,0,-0.02426147,0.2936446,0,-0.4022835,1958.953,1.077029,0.2080879,Left,Down,-0.1282043,-0.3705368,TransSlide
133.8999,20.36814,0,0.003204346,0.2936446,0,-0.4003909,1959.768,1.077539,0.2075213,Left,Down,-0.1219466,-0.376236,TransSlide
133.94,20.37369,0,0.00869751,0.2936446,0,-0.3937951,1960.583,1.076705,0.2069555,Left,Down,-0.1219466,-0.3815155,TransSlide
133.9799,20.37977,0,0.00869751,0.297612,0,-0.3880778,1961.398,1.07573,0.2063902,Left,Down,-0.1219466,-0.3867874,TransSlide
134.02,20.3872,0,0.04440308,0.297612,0,-0.3830654,1962.213,1.074848,0.2058253,Left,Down,-0.1219466,-0.392067,TransSlide
134.06,20.39416,0,0.05172729,0.297612,0,-0.3788316,1963.029,1.074118,0.2052611,Left,Down,-0.1219466,-0.3973465,TransSlide
134.0999,20.40067,0,0.05813599,0.297612,0,-0.3750944,1963.845,1.07348,0.2046974,Left,Down,-0.1153499,-0.402626,TransSlide
134.14,20.40779,0,0.06271362,0.297612,0,-0.3718224,1964.661,1.072232,0.2041343,Left,Down,-0.1046783,-0.4076462,TransSlide
134.1799,20.41542,0,0.06271362,0.297612,0,-0.3693347,1965.478,1.072802,0.2035718,Left,Down,-0.1065312,-0.4121094,TransSlide
134.22,20.42312,0,0.06271362,0.297612,0,-0.3675533,1966.295,1.073418,0.2030099,Left,Down,-0.1065312,-0.4165802,TransSlide
134.2599,20.42973,0,0.06271362,0.297612,0,-0.3573546,1967.112,1.072527,0.2024485,Left,Down,-0.1046783,-0.421051,TransSlide
134.3,20.43672,0,0.03250122,0.297612,0,-0.347011,1967.929,1.071576,0.2018878,Left,Down,-0.1065312,-0.4255219,TransSlide
134.34,20.44482,0,0.003204346,0.297612,0,-0.3371673,1968.747,1.070625,0.2013277,Left,Down,-0.1046783,-0.4300003,TransSlide
134.38,20.45182,0,-0.04623413,0.297612,0,-0.3277723,1969.565,1.069908,0.2007679,Left,Down,-0.09891172,-0.4344711,TransSlide
134.42,20.45886,0,-0.08285701,0.297612,0,-0.318664,1970.383,1.069325,0.2002091,Left,Down,-0.09065409,-0.438736,TransSlide
134.4599,20.46586,0,-0.1048297,0.297612,0,-0.3099151,1971.202,1.068874,0.1996505,Left,Down,-0.08846933,-0.4423599,TransSlide
134.5,20.47271,0,-0.1423663,0.3015793,0,-0.3014323,1972.021,1.068246,0.1990928,Left,Down,-0.08846933,-0.4459839,TransSlide
134.5399,20.48038,0,-0.1835668,0.3015793,0,-0.2931487,1972.84,1.067408,0.1985353,Left,Down,-0.08622923,-0.4496155,TransSlide
134.58,20.48842,0,-0.2604711,0.3015793,0,-0.2853144,1973.659,1.067605,0.1979788,Left,Down,-0.08846933,-0.4532394,TransSlide
134.6199,20.4969,0,-0.3447014,0.3015793,0,-0.2780769,1974.479,1.067783,0.1974228,Left,Down,-0.08846933,-0.456871,TransSlide
134.66,20.50492,0,-0.4106212,0.3015793,0,-0.270723,1975.299,1.06811,0.1968672,Left,Down,-0.08846933,-0.460495,TransSlide
134.7,20.51277,0,-0.4893565,0.3015793,0,-0.2547443,1976.12,1.06723,0.1963124,Left,Down,-0.08846933,-0.464119,TransSlide
134.74,20.52096,0,-0.5296415,0.3015793,0,-0.2394226,1976.94,1.066298,0.1957579,Left,Down,-0.07132626,-0.4677582,TransSlide
134.78,20.52952,0,-0.5433744,0.3015793,0,-0.224959,1977.762,1.065317,0.1952044,Left,Down,-0.07132626,-0.4706955,TransSlide
134.8199,20.53732,0,-0.5433744,0.3015793,0,-0.2111735,1978.583,1.064651,0.1946511,Left,Down,-0.06852804,-0.4733734,TransSlide
134.86,20.54517,0,-0.5433744,0.3015793,0,-0.1981597,1979.405,1.063924,0.1940987,Left,Down,-0.07132626,-0.4760513,TransSlide
134.8999,20.55295,0,-0.5433744,0.3055466,0,-0.1857158,1980.227,1.063412,0.1935466,Left,Down,-0.06852804,-0.4787369,TransSlide
134.94,20.56164,0,-0.5433744,0.3055466,0,-0.1740573,1981.049,1.062917,0.1929954,Left,Down,-0.06852804,-0.4814224,TransSlide
134.9799,20.57022,0,-0.5433744,0.3055466,0,-0.1633572,1981.872,1.062423,0.1924447,Left,Down,-0.06852804,-0.484108,TransSlide
135.02,20.57874,0,-0.5369657,0.3055466,0,-0.1534913,1982.695,1.061783,0.1918945,Left,Down,-0.06852804,-0.4867935,TransSlide
135.06,20.58721,0,-0.530557,0.3055466,0,-0.1448462,1983.518,1.061251,0.191345,Left,Down,-0.06852804,-0.4894791,TransSlide
135.0999,20.59563,0,-0.523231,0.3055466,0,-0.1371716,1984.342,1.060747,0.190796,Left,Down,-0.06852804,-0.492157,TransSlide
135.14,20.60382,0,-0.5113292,0.3055466,0,-0.1307077,1985.166,1.060125,0.1902477,Left,Down,-0.07132626,-0.4948349,TransSlide
135.1799,20.61239,0,-0.4582286,0.3055466,0,-0.1253705,1985.99,1.059357,0.1896999,Straight,Down,-0.04845664,-0.4975204,TransSlide
135.22,20.62071,0,-0.3529412,0.3055466,0,-0.1213571,1986.815,1.059315,0.1891528,Straight,Down,-0.04423466,-0.4993286,TransSlide
135.2599,20.62932,0,-0.2632177,0.3055466,0,-0.1186796,1987.64,1.059177,0.1886064,Straight,Down,-0.04423466,-0.5007553,TransSlide
135.3,20.6379,0,-0.1295489,0.3055466,0,-0.1168118,1988.466,1.059072,0.1880604,Straight,Down,-0.04423466,-0.502182,TransSlide
135.34,20.64675,0,-0.04806519,0.3055466,0,-0.1161086,1989.292,1.058561,0.1875152,Straight,Down,-0.04423466,-0.5036011,TransSlide
135.38,20.65513,0,0.03799438,0.2856947,0,-0.1154096,1990.118,1.058177,0.1869704,Straight,Down,-0.04423466,-0.5050201,TransSlide
135.42,20.66113,0,0.07553101,0.2856947,0,-0.1108589,1990.944,1.05733,0.1864264,Straight,Down,-0.04423466,-0.5064468,TransSlide
135.4599,20.6655,0,0.08010864,0.2817273,0,-0.1074634,1991.771,1.056484,0.1858828,Straight,Down,-0.04423466,-0.5078659,TransSlide
135.5,20.66906,0,0.08010864,0.27776,0,-0.1052559,1992.597,1.055583,0.18534,Straight,Down,-0.04423466,-0.5092926,TransSlide
135.5399,20.67138,0,0.08010864,0.27776,0,-0.1038142,1993.424,1.055068,0.1847976,Straight,Down,-0.04423466,-0.5107117,TransSlide
135.58,20.67384,0,0.08010864,0.27776,0,-0.1032955,1994.251,1.054492,0.1842561,Straight,Down,-0.04423466,-0.5121307,TransSlide
135.6199,20.67633,0,0.07553101,0.27776,0,-0.1039053,1995.078,1.053695,0.1837153,Straight,Down,-0.04423466,-0.5135498,TransSlide
135.66,20.67884,0,0.07553101,0.27776,0,-0.1053151,1995.905,1.053325,0.1831747,Straight,Down,-0.03956468,-0.5149689,TransSlide
135.7,20.68139,0,0.1039124,0.2737926,0,-0.1073774,1996.732,1.053148,0.182635,Straight,Down,-0.04423466,-0.5163956,TransSlide
135.7399,20.68344,0,0.1542699,0.2737926,0,-0.1102351,1997.56,1.052911,0.1820958,Straight,Down,-0.04423466,-0.5178146,TransSlide
135.78,20.68517,0,0.2485693,0.2737926,0,-0.1135945,1998.387,1.05227,0.1815573,Straight,Down,-0.04423466,-0.5192337,TransSlide
135.8199,20.68687,0,0.3511083,0.2737926,0,-0.117644,1999.214,1.051546,0.1810192,Straight,Down,-0.04423466,-0.5206528,TransSlide
135.86,20.68858,0,0.4115367,0.2737926,0,-0.122259,2000.042,1.051129,0.1804821,Straight,Down,-0.04423466,-0.5220718,TransSlide
135.8999,20.69028,0,0.4573131,0.2737926,0,-0.1269833,2000.87,1.050687,0.1799452,Straight,Down,0,-0.5234909,TransSlide
135.94,20.69197,0,0.4582286,0.2737926,0,-0.131791,2001.697,1.050298,0.1794093,Straight,Down,0,-0.5232468,TransSlide
135.9799,20.69365,0,0.453651,0.2737926,0,-0.1365912,2002.525,1.050049,0.1788739,Straight,Down,0,-0.5219955,TransSlide
136.02,20.69532,0,0.4527354,0.2737926,0,-0.1411234,2003.353,1.049871,0.1783391,Straight,Down,0,-0.5207367,TransSlide
136.06,20.69693,0,0.4527354,0.2737926,0,-0.1455494,2004.181,1.049413,0.177805,Straight,Down,0,-0.5194855,TransSlide
136.0999,20.69848,0,0.4527354,0.2737926,0,-0.1498417,2005.009,1.04892,0.1772713,Straight,Down,0,-0.5182343,TransSlide
136.14,20.7,0,0.4527354,0.2737926,0,-0.1538272,2005.836,1.048527,0.1767385,Straight,Down,0,-0.5169907,TransSlide
136.1799,20.70144,0,0.4527354,0.2936446,0,-0.1572494,2006.665,1.048106,0.1762061,Straight,Down,0,-0.5157318,TransSlide
136.22,20.70705,0,0.4527354,0.2936446,0,-0.1605085,2007.493,1.047473,0.1756746,Straight,Down,0,-0.5144806,TransSlide
136.2599,20.71273,0,0.4518199,0.2936446,0,-0.1631453,2008.321,1.047171,0.1751436,Straight,Down,0,-0.5132294,TransSlide
136.3,20.71836,0,0.4353404,0.297612,0,-0.1650356,2009.15,1.046566,0.1746131,Straight,Down,0,-0.5119705,TransSlide
136.34,20.72441,0,0.4170299,0.3015793,0,-0.1662599,2009.979,1.046141,0.1740834,Straight,Down,0,-0.5107269,TransSlide
136.38,20.73128,0,0.3794932,0.3055466,0,-0.1668054,2010.808,1.04594,0.1735542,Straight,Down,0,-0.5094681,TransSlide
136.42,20.73896,0,0.3327978,0.3055466,0,-0.1664997,2011.637,1.045542,0.1730258,Straight,Down,0,-0.5082092,TransSlide
136.4599,20.74696,0,0.3016698,0.3055466,0,-0.1651034,2012.467,1.04505,0.1724979,Straight,Down,0,-0.5069504,TransSlide
136.5,20.75493,0,0.2604711,0.3055466,0,-0.1626974,2013.297,1.044574,0.1719707,Straight,Down,0,-0.5056992,TransSlide
136.5399,20.76291,0,0.2357519,0.3055466,0,-0.1593872,2014.128,1.044232,0.1714441,Straight,Down,0,-0.5044403,TransSlide
136.58,20.77077,0,0.2119482,0.3055466,0,-0.1549775,2014.958,1.043635,0.1709182,Straight,Down,0,-0.5031815,TransSlide
136.6199,20.77881,0,0.2009618,0.3055466,0,-0.1494462,2015.79,1.043113,0.170393,Straight,Down,0,-0.5019302,TransSlide
136.66,20.78676,0,0.2009618,0.3055466,0,-0.1428052,2016.621,1.042866,0.1698682,Straight,Down,0,-0.5006638,TransSlide
136.7,20.79472,0,0.2009618,0.3055466,0,-0.1352953,2017.453,1.042587,0.1693443,Straight,Down,0,-0.4994049,TransSlide
136.7399,20.80263,0,0.206455,0.309514,0,-0.1267939,2018.285,1.042162,0.1688208,Straight,Down,0,-0.4981461,TransSlide
136.78,20.81142,0,0.208286,0.309514,0,-0.1171632,2019.117,1.041777,0.1682983,Straight,Down,0,-0.4968872,TransSlide
136.8199,20.8203,0,0.208286,0.309514,0,-0.1065437,2019.95,1.041439,0.1677761,Straight,Down,0,-0.4956207,TransSlide
136.86,20.82916,0,0.208286,0.309514,0,-0.09480882,2020.783,1.040863,0.1672547,Straight,Down,0,-0.4943619,TransSlide
136.8999,20.83799,0,0.2027929,0.309514,0,-0.08197054,2021.616,1.039989,0.1667338,Straight,Down,0,-0.4930954,TransSlide
136.94,20.84673,0,0.1945531,0.3134814,0,-0.0682036,2022.45,1.039888,0.1662139,Straight,Down,0,-0.4918213,TransSlide
136.9799,20.85647,0,0.1789892,0.3134814,0,-0.05321625,2023.284,1.03922,0.1656945,Straight,Down,0,-0.4905624,TransSlide
137.02,20.86612,0,0.1652563,0.3134814,0,-0.03717858,2024.119,1.038697,0.1651755,Straight,Down,0,-0.489296,TransSlide
137.06,20.87576,0,0.1643407,0.3134814,0,-0.0202626,2024.954,1.038359,0.1646575,Straight,Down,0,-0.4880295,TransSlide
137.0999,20.88581,0,0.1643407,0.3134814,0,-0.002498537,2025.789,1.038236,0.1641399,Straight,Down,0,-0.4867554,TransSlide
137.14,20.8944,0,0.1643407,0.3134814,0,0.01098055,2026.625,1.037436,0.1636231,Straight,Down,0,-0.4854889,TransSlide
137.1799,20.90331,0,0.1643407,0.3134814,0,0.02299166,2027.461,1.036237,0.1631068,Straight,Down,0,-0.4842148,TransSlide
137.22,20.91252,0,0.1643407,0.3134814,0,0.0360589,2028.297,1.03483,0.1625914,Straight,Down,0,-0.4829483,TransSlide
137.2599,20.92137,0,0.1643407,0.3134814,0,0.05004823,2029.134,1.034444,0.1620765,Straight,Down,0,-0.4816742,TransSlide
137.3,20.92996,0,0.1643407,0.3134814,0,0.06486046,2029.971,1.034277,0.1615622,Straight,Down,0,-0.4804077,TransSlide
137.34,20.9385,0,0.1643407,0.3134814,0,0.08028135,2030.808,1.034069,0.1610487,Straight,Down,0,-0.479126,TransSlide
137.3799,20.94705,0,0.1643407,0.3134814,0,0.09658518,2031.646,1.033678,0.1605357,Straight,Down,0,-0.4778595,TransSlide
137.42,20.95542,0,0.1643407,0.3134814,0,0.1137127,2032.484,1.032942,0.1600235,Straight,Down,0,-0.4765778,TransSlide
137.4599,20.9641,0,0.1643407,0.3134814,0,0.1316945,2033.323,1.032665,0.1595119,Straight,Down,0,-0.4753113,TransSlide
137.5,20.97337,0,0.1643407,0.3134814,0,0.1502431,2034.162,1.032867,0.159001,Straight,Down,0,-0.4740295,TransSlide
137.5399,20.98293,0,0.1661718,0.3134814,0,0.1700954,2035.001,1.032966,0.1584907,Straight,Down,0,-0.4727554,TransSlide
137.58,20.99116,0,0.171665,0.3134814,0,0.1885239,2035.841,1.032725,0.1579812,Straight,Down,0,-0.4714813,TransSlide
137.6199,20.99911,0,0.1771581,0.3134814,0,0.2013479,2036.68,1.031623,0.1574724,Straight,Down,0,-0.4701996,TransSlide
137.66,21.00754,0,0.1771581,0.3134814,0,0.2149498,2037.521,1.030442,0.156964,Straight,Down,0.04423466,-0.4689255,TransSlide
137.7,21.0165,0,0.1771581,0.3134814,0,0.229201,2038.361,1.02987,0.1564565,Right,Down,0.05595291,-0.4653244,TransSlide
137.7399,21.02432,0,0.1771581,0.3134814,0,0.2440954,2039.202,1.029345,0.1559495,Right,Down,0.05595291,-0.4609604,TransSlide
137.78,21.03186,0,0.1771581,0.3134814,0,0.2597417,2040.043,1.02806,0.1554433,Right,Down,0.05595291,-0.4565964,TransSlide
137.8199,21.04004,0,0.1835668,0.3134814,0,0.2759402,2040.885,1.028257,0.1549377,Right,Down,0.05595291,-0.4522324,TransSlide
137.86,21.04979,0,0.1945531,0.3134814,0,0.2929933,2041.727,1.029015,0.1544328,Right,Down,0.05595291,-0.4478607,TransSlide
137.8999,21.05663,0,0.2192724,0.3134814,0,0.308272,2042.569,1.02985,0.1539287,Right,Down,0.05595291,-0.4434814,TransSlide
137.94,21.06359,0,0.2494848,0.3134814,0,0.3187551,2043.411,1.028416,0.1534251,Right,Down,0.05934703,-0.4391022,TransSlide
137.9799,21.07162,0,0.2961767,0.3134814,0,0.3297333,2044.254,1.027132,0.1529223,Right,Down,0.05934703,-0.4347153,TransSlide
138.02,21.08006,0,0.3382909,0.3134814,0,0.3415333,2045.097,1.025935,0.15242,Right,Down,0.05595291,-0.430336,TransSlide
138.06,21.08671,0,0.3556895,0.3134814,0,0.3545959,2045.941,1.024467,0.1519186,Right,Down,0.05595291,-0.4259567,TransSlide
138.0999,21.09521,0,0.3566051,0.3134814,0,0.3685732,2046.784,1.025192,0.1514176,Right,Down,0.06852804,-0.4215698,TransSlide
138.14,21.10318,0,0.3566051,0.3134814,0,0.3831692,2047.629,1.027168,0.1509175,Right,Down,0.08392937,-0.4165955,TransSlide
138.1799,21.10902,0,0.3501928,0.3134814,0,0.3908655,2048.473,1.025788,0.1504179,Right,Down,0.08392937,-0.4105835,TransSlide
138.22,21.11577,0,0.3392065,0.3134814,0,0.399341,2049.318,1.024388,0.1499193,Right,Down,0.08392937,-0.4045715,TransSlide
138.2599,21.12393,0,0.3373754,0.3134814,0,0.4088621,2050.162,1.022598,0.1494212,Right,Down,0.08392937,-0.3985519,TransSlide
138.3,21.1307,0,0.3373754,0.3134814,0,0.4191619,2051.008,1.022008,0.1489237,Right,Down,0.08156469,-0.3925323,TransSlide
138.34,21.13934,0,0.3373754,0.3174487,0,0.4302498,2051.853,1.0244,0.1484271,Right,Down,0.08392937,-0.3865204,TransSlide
138.3799,21.14565,0,0.3620982,0.3174487,0,0.435033,2052.699,1.023942,0.1479308,Right,Down,0.08392937,-0.3804932,TransSlide
138.42,21.15164,0,0.4042125,0.3174487,0,0.4397228,2053.545,1.022397,0.1474356,Right,Down,0.09691329,-0.3744583,TransSlide
138.4599,21.15984,0,0.4325938,0.3174487,0,0.4454192,2054.391,1.01989,0.1469408,Right,Down,0.1083524,-0.3678284,TransSlide
138.5,21.17056,0,0.4454112,0.3174487,0,0.4522302,2055.238,1.020706,0.1464469,Right,Down,0.1101434,-0.3602829,TransSlide
138.5399,21.17548,0,0.4463267,0.3174487,0,0.4561766,2056.084,1.021655,0.1459534,Right,Down,0.1083524,-0.3527298,TransSlide
138.58,21.18054,0,0.4463267,0.3174487,0,0.4571858,2056.932,1.020518,0.1454609,Right,Down,0.1083524,-0.3451691,TransSlide
138.6199,21.1854,0,0.4463267,0.3174487,0,0.4597014,2057.779,1.017616,0.144969,Right,Down,0.1083524,-0.3376083,TransSlide
138.66,21.19711,0,0.4463267,0.3174487,0,0.4634304,2058.627,1.019622,0.1444777,Right,Down,0.1153499,-0.33004,TransSlide
138.7,21.20209,0,0.4463267,0.3174487,0,0.4623313,2059.475,1.019519,0.1439872,Right,Down,0.132704,-0.3222122,TransSlide
138.7399,21.2055,0,0.4408336,0.3174487,0,0.4607568,2060.323,1.01778,0.1434973,Right,Down,0.132704,-0.3131256,TransSlide
138.78,21.21738,0,0.4408336,0.3174487,0,0.4603356,2061.171,1.016697,0.1430082,Right,Down,0.1341704,-0.304039,TransSlide
138.8199,21.22204,0,0.4408336,0.3174487,0,0.4576922,2062.02,1.018173,0.1425197,Right,Down,0.132704,-0.2949448,TransSlide
138.86,21.22582,0,0.4408336,0.3174487,0,0.4513449,2062.869,1.016582,0.142032,Right,Down,0.1370561,-0.2858505,TransSlide
138.8999,21.23343,0,0.4518199,0.3174487,0,0.4462421,2063.719,1.015126,0.141545,Right,Down,0.1582588,-0.2767487,TransSlide
138.94,21.23992,0,0.453651,0.3174487,0,0.4392997,2064.568,1.016704,0.1410585,Right,Down,0.1582588,-0.2661133,TransSlide
138.9799,21.24232,0,0.453651,0.3174487,0,0.4290251,2065.418,1.014624,0.140573,Right,Down,0.1582588,-0.2554779,TransSlide
139.0199,21.24879,0,0.453651,0.3174487,0,0.420294,2066.268,1.014396,0.1400879,Right,Down,0.1582588,-0.2448425,TransSlide
139.06,21.25667,0,0.4509044,0.3174487,0,0.4068819,2067.118,1.014947,0.1396037,Right,Down,0.1758294,-0.2342072,TransSlide
139.0999,21.26217,0,0.4353404,0.3174487,0,0.3927515,2067.968,1.015278,0.13912,Right,Down,0.183454,-0.2225189,TransSlide
139.14,21.26644,0,0.3978038,0.3174487,0,0.3770843,2068.819,1.014609,0.1386373,Right,Down,0.183454,-0.2103119,TransSlide
139.1799,21.27223,0,0.3556895,0.3174487,0,0.3569143,2069.67,1.013576,0.138155,Right,Down,0.1866263,-0.1980972,TransSlide
139.22,21.27757,0,0.289768,0.3174487,0,0.3382971,2070.521,1.012655,0.1376736,Right,Down,0.2074791,-0.1858826,TransSlide
139.2599,21.28315,0,0.2540624,0.3174487,0,0.3213772,2071.372,1.012093,0.137193,Right,Down,0.2093567,-0.1721573,TransSlide
139.3,21.28847,0,0.2192724,0.3174487,0,0.3061497,2072.224,1.012425,0.1367128,Right,Down,0.2093567,-0.1583405,TransSlide
139.34,21.29268,0,0.2027929,0.3174487,0,0.2841192,2073.075,1.011389,0.1362336,Right,Flat,0.2272819,-0.1445084,TransSlide
139.3799,21.29716,0,0.1954687,0.3174487,0,0.26279,2073.927,1.010342,0.1357549,Right,Flat,0.2349025,-0.1296158,TransSlide
139.42,21.30265,0,0.1899755,0.3174487,0,0.2430164,2074.779,1.009634,0.1352771,Right,Flat,0.235734,-0.1141205,TransSlide
139.4599,21.30672,0,0.1899755,0.3174487,0,0.2246398,2075.631,1.009244,0.1347998,Right,Flat,0.2548778,-0.09862518,TransSlide
139.5,21.31171,0,0.1899755,0.3174487,0,0.2076401,2076.484,1.009261,0.1343234,Right,Flat,0.2624426,-0.08196259,TransSlide
139.5399,21.31501,0,0.1835668,0.2936446,0,0.1874101,2077.336,1.009159,0.1338476,Right,Flat,0.2676108,-0.06473541,TransSlide
139.58,21.31366,0,0.1661718,0.2936446,0,0.1641801,2078.189,1.008385,0.1333725,Right,Flat,0.2907402,-0.04743958,TransSlide
139.6199,21.3123,0,0.1222265,0.2936446,0,0.1418456,2079.041,1.00745,0.1328982,Right,Flat,0.2907402,-0.02845764,TransSlide
139.66,21.31128,0,0.08010864,0.2936446,0,0.1209154,2079.894,1.006869,0.1324245,Right,Flat,0.199792,-0.009483337,TransSlide
139.7,21.30983,0,0.02700806,0.2936446,0,0.1010856,2080.746,1.006737,0.1319517,Right,Flat,0.1701742,0.01512909,TransSlide
139.7399,21.3084,0,0.003204346,0.2936446,0,0.08220571,2081.599,1.0065,0.1314794,Right,Flat,0.1690205,0.0421524,TransSlide
139.78,21.30737,0,0.003204346,0.2936446,0,0.0644246,2082.451,1.00663,0.131008,Right,Flat,0.1678588,0.06917572,TransSlide
139.8199,21.30517,0,0.003204346,0.2936446,0,0.04046592,2083.303,1.006065,0.1305372,Right,Flat,0.1557664,0.09620667,TransSlide
139.86,21.30328,0,0.02334595,0.2936446,0,0.01561654,2084.155,1.005052,0.1300672,Right,Flat,0.1341704,0.1218185,TransSlide
139.8999,21.302,0,0.07003784,0.2936446,0,-0.008222044,2085.007,1.004084,0.129598,Right,Flat,0.1341704,0.1441422,TransSlide
139.94,21.29994,0,0.1524389,0.2936446,0,-0.03105447,2085.859,1.003638,0.1291293,Right,Up,0.1341704,0.1664505,TransSlide
139.9799,21.29781,0,0.2256811,0.2936446,0,-0.05302331,2086.711,1.003486,0.1286615,Right,Up,0.1356209,0.1887589,TransSlide
140.0199,21.29568,0,0.3273046,0.2936446,0,-0.07400343,2087.563,1.003153,0.1281943,Right,Up,0.132704,0.2110596,TransSlide
140.06,21.29358,0,0.3859019,0.2936446,0,-0.09414709,2088.415,1.003046,0.1277279,Right,Up,0.1101434,0.2333603,TransSlide
140.0999,21.29175,0,0.453651,0.2936446,0,-0.1131575,2089.267,1.002928,0.1272622,Right,Up,0.1101434,0.2514191,TransSlide
140.14,21.28926,0,0.4994273,0.2936446,0,-0.132985,2090.118,1.003045,0.1267972,Right,Up,0.1083524,0.2690887,TransSlide
140.1799,21.2864,0,0.5122447,0.2936446,0,-0.1591846,2090.97,1.002,0.126333,Right,Up,0.1083524,0.2867584,TransSlide
140.22,21.28369,0,0.5122447,0.2936446,0,-0.1842773,2091.821,1.001094,0.1258695,Right,Up,0.1083524,0.3044281,TransSlide
140.2599,21.28141,0,0.5122447,0.2936446,0,-0.2084491,2092.672,1.000453,0.1254068,Right,Up,0.1101434,0.3220978,TransSlide
140.3,21.2783,0,0.5067515,0.2936446,0,-0.2316875,2093.523,1.000125,0.1249446,Right,Up,0.1008706,0.3397522,TransSlide
140.34,21.27521,0,0.5067515,0.2936446,0,-0.253673,2094.375,1.000073,0.1244834,Right,Up,0.08622923,0.3564606,TransSlide
140.3799,21.27213,0,0.5067515,0.2936446,0,-0.2745803,2095.226,0.9999304,0.1240227,Right,Up,0.08622923,0.369957,TransSlide
140.42,21.26907,0,0.5168223,0.2936446,0,-0.2946511,2096.076,0.9997519,0.1235629,Right,Up,0.08392937,0.3834534,TransSlide
140.4599,21.266,0,0.5305552,0.2936446,0,-0.3132237,2096.927,0.9995745,0.1231037,Right,Up,0.08392937,0.3969498,TransSlide
140.5,21.26289,0,0.5479503,0.2936446,0,-0.3306411,2097.777,0.9994147,0.1226454,Right,Up,0.08622923,0.4104462,TransSlide
140.5399,21.25977,0,0.5699229,0.2936446,0,-0.346794,2098.628,0.999212,0.1221879,Right,Up,0.08392937,0.4239426,TransSlide
140.58,21.25683,0,0.5818248,0.2936446,0,-0.3612052,2099.478,0.9993011,0.1217308,Right,Up,0.08622923,0.4374313,TransSlide
140.6199,21.25282,0,0.5827403,0.2936446,0,-0.382159,2100.328,0.9984478,0.1212748,Right,Up,0.08622923,0.4509201,TransSlide
140.6599,21.24901,0,0.5827403,0.2936446,0,-0.4028704,2101.178,0.9974658,0.1208192,Right,Up,0.07132626,0.4644165,TransSlide
140.7,21.24583,0,0.5708385,0.2936446,0,-0.4218888,2102.028,0.9966476,0.1203645,Right,Up,0.0656106,0.4754105,TransSlide
140.7399,21.24162,0,0.5461192,0.2936446,0,-0.439176,2102.878,0.9961686,0.1199106,Right,Up,0.0656106,0.4851685,TransSlide
140.78,21.23746,0,0.5003428,0.2936446,0,-0.45461,2103.728,0.9959308,0.1194574,Right,Up,0.0656106,0.4949112,TransSlide
140.8199,21.23335,0,0.422523,0.2936446,0,-0.4681972,2104.577,0.9956839,0.1190048,Right,Up,0.0656106,0.5046616,TransSlide
140.86,21.22933,0,0.3501928,0.2936446,0,-0.4801151,2105.426,0.9955868,0.1185531,Right,Up,0.06255726,0.5144043,TransSlide
140.8999,21.22534,0,0.2613866,0.2936446,0,-0.4904382,2106.275,0.9955918,0.1181023,Right,Up,0.0656106,0.524147,TransSlide
140.94,21.22148,0,0.1844823,0.2936446,0,-0.4992437,2107.124,0.9952871,0.1176519,Right,Up,0.0656106,0.5338898,TransSlide
140.9799,21.2177,0,0.1359594,0.2936446,0,-0.5066246,2107.973,0.9949685,0.1172025,Right,Up,0.0656106,0.5436325,TransSlide
141.0199,21.21403,0,0.08651733,0.2936446,0,-0.5127381,2108.821,0.9946164,0.1167536,Right,Up,0.06255726,0.5533752,TransSlide
141.06,21.21041,0,0.06546021,0.2856947,0,-0.517188,2109.67,0.9943237,0.1163058,Right,Up,0.0656106,0.5631027,TransSlide
141.0999,21.20551,0,0.04714966,0.2856947,0,-0.5202208,2110.518,0.9938857,0.1158584,Right,Up,0.05934703,0.5728378,TransSlide
141.14,21.20033,0,0.02792358,0.2817273,0,-0.5219215,2111.366,0.9935841,0.1154119,Straight,Up,0.04423466,0.581337,TransSlide
141.1799,21.19474,0,0.004119873,0.2817273,0,-0.5221651,2112.214,0.9933214,0.1149663,Straight,Up,0.04423466,0.5876312,TransSlide
141.22,21.18909,0,-0.04806519,0.2817273,0,-0.5209185,2113.062,0.993146,0.1145212,Straight,Up,0.04423466,0.5939331,TransSlide
141.2599,21.1826,0,-0.1066607,0.2817273,0,-0.5254909,2113.909,0.9923067,0.114077,Straight,Up,0.04845664,0.600235,TransSlide
141.3,21.17636,0,-0.2018774,0.2817273,0,-0.5316513,2114.756,0.9912615,0.1136333,Straight,Up,0.04423466,0.6065216,TransSlide
141.34,21.17055,0,-0.298925,0.2817273,0,-0.5369107,2115.603,0.9905283,0.1131908,Straight,Up,0.04845664,0.6128235,TransSlide
141.3799,21.16439,0,-0.3620964,0.2817273,0,-0.5413605,2116.45,0.9899432,0.1127487,Straight,Up,0.04423466,0.6191101,TransSlide
141.42,21.15816,0,-0.4161143,0.2817273,0,-0.5453072,2117.296,0.9897135,0.1123074,Straight,Up,0.04845664,0.6253967,TransSlide
141.4599,21.15203,0,-0.4280162,0.2817273,0,-0.5488191,2118.143,0.9894351,0.1118668,Straight,Up,0.04423466,0.6316833,TransSlide
141.5,21.14594,0,-0.4280162,0.2817273,0,-0.5519637,2118.989,0.9891413,0.1114273,Straight,Up,0.04845664,0.6379623,TransSlide
141.5399,21.13989,0,-0.422523,0.2817273,0,-0.5545964,2119.834,0.9888995,0.1109883,Straight,Up,0.04423466,0.6442413,TransSlide
141.58,21.13387,0,-0.4179454,0.27776,0,-0.5571074,2120.68,0.9886854,0.11055,Straight,Up,0.04845664,0.6505203,TransSlide
141.6199,21.12739,0,-0.4179454,0.27776,0,-0.5596007,2121.525,0.9882983,0.1101126,Straight,Up,0.04423466,0.6567917,TransSlide
141.6599,21.1205,0,-0.4179454,0.27776,0,-0.5621017,2122.37,0.9880224,0.1096759,Straight,Up,0.04423466,0.6630707,TransSlide
141.7,21.1136,0,-0.4115367,0.27776,0,-0.5647084,2123.214,0.9875663,0.10924,Straight,Up,0.04845664,0.669342,TransSlide
141.7399,21.10666,0,-0.3987175,0.27776,0,-0.567619,2124.059,0.9871268,0.1088047,Straight,Up,0.03956468,0.6756134,TransSlide
141.78,21.09972,0,-0.3694206,0.27776,0,-0.5706194,2124.903,0.9865955,0.1083703,Straight,Up,0.02797646,0.6811066,TransSlide
141.8199,21.09278,0,-0.3208977,0.27776,0,-0.5739013,2125.746,0.9860904,0.1079367,Straight,Up,0.02797646,0.6838913,TransSlide
141.86,21.08579,0,-0.2632177,0.27776,0,-0.5779079,2126.59,0.9858671,0.1075039,Straight,Up,0.02797646,0.6866684,TransSlide
141.8999,21.07884,0,-0.2018774,0.27776,0,-0.582356,2127.433,0.9854931,0.1070718,Straight,Up,0.02797646,0.6894531,TransSlide
141.94,21.07188,0,-0.1478595,0.27776,0,-0.5872834,2128.276,0.9849983,0.1066403,Straight,Up,0.01978234,0.6922302,TransSlide
141.9799,21.06491,0,-0.1112384,0.27776,0,-0.5925758,2129.119,0.9846167,0.1062099,Straight,Up,0.02797646,0.6950073,TransSlide
142.0199,21.05798,0,-0.07003963,0.27776,0,-0.598531,2129.961,0.9842533,0.10578,Straight,Up,0.02797646,0.6977921,TransSlide
142.06,21.05107,0,-0.0352478,0.27776,0,-0.6051253,2130.803,0.9838732,0.1053509,Straight,Up,0.02797646,0.7005615,TransSlide
142.0999,21.04418,0,0.0151062,0.27776,0,-0.6122866,2131.645,0.9834762,0.1049225,Straight,Up,0.02797646,0.7033386,TransSlide
142.14,21.03734,0,0.05813599,0.27776,0,-0.6202089,2132.487,0.9831533,0.1044952,Straight,Up,0.02797646,0.7061157,TransSlide
142.1799,21.03057,0,0.08926392,0.27776,0,-0.6286185,2133.328,0.9827755,0.1040685,Straight,Up,0.02797646,0.7088852,TransSlide
142.22,21.02381,0,0.1167297,0.27776,0,-0.6374775,2134.169,0.982558,0.1036424,Straight,Up,0.02797646,0.7116623,TransSlide
142.2599,21.01712,0,0.1460302,0.27776,0,-0.6470038,2135.01,0.982151,0.1032174,Straight,Up,0.02797646,0.7144318,TransSlide
142.2999,21.01019,0,0.1844823,0.27776,0,-0.6569973,2135.85,0.9815462,0.1027929,Straight,Up,0.03426402,0.7172012,TransSlide
142.34,21.00405,0,0.2357519,0.27776,0,-0.6719961,2136.69,0.9812649,0.1023693,Straight,Up,0.01978234,0.7199707,TransSlide
142.3799,20.99782,0,0.2778661,0.27776,0,-0.69164,2137.53,0.9812464,0.1019463,Straight,Up,0.02797646,0.7227402,TransSlide
142.42,20.9916,0,0.3273046,0.27776,0,-0.7116525,2138.37,0.9812387,0.1015244,Straight,Up,0.02797646,0.7255096,TransSlide
142.4599,20.98525,0,0.3456151,0.27776,0,-0.7318609,2139.209,0.9811073,0.1011029,Straight,Up,0.01978234,0.7282715,TransSlide
142.5,20.97921,0,0.3511083,0.27776,0,-0.7521181,2140.049,0.9807464,0.1006824,Straight,Up,0.02797646,0.731041,TransSlide
142.5399,20.97319,0,0.3511083,0.27776,0,-0.7721439,2140.888,0.9803196,0.1002627,Straight,Up,0.02797646,0.7338028,TransSlide
142.58,20.96717,0,0.3456151,0.27776,0,-0.7921134,2141.727,0.9801238,0.09984372,Straight,Up,0.02797646,0.7365723,TransSlide
142.6199,20.96114,0,0.3327978,0.27776,0,-0.8121219,2142.565,0.9799107,0.09942556,Straight,Up,0.02797646,0.7393265,TransSlide
142.6599,20.95507,0,0.3273046,0.3015793,0,-0.8321084,2143.403,0.9794173,0.09900803,Straight,Up,0.02797646,0.7420959,TransSlide
142.7,20.95411,0,0.3273046,0.3055466,0,-0.8517566,2144.242,0.9790639,0.09859139,Straight,Up,0.02797646,0.7448578,TransSlide
142.7399,20.95415,0,0.3273046,0.309514,0,-0.8713098,2145.08,0.9786219,0.09817559,Straight,Up,0.02797646,0.747612,TransSlide
142.78,20.95466,0,0.3273046,0.309514,0,-0.8905923,2145.918,0.978482,0.09776054,Straight,Up,0.02797646,0.7503815,TransSlide
142.8199,20.95549,0,0.3428686,0.309514,0,-0.9093422,2146.757,0.9778693,0.09734628,Straight,Up,0.01978234,0.7531433,TransSlide
142.86,20.9563,0,0.3611827,0.309514,0,-0.9278113,2147.595,0.9772443,0.09693266,Straight,Up,0,0.7558975,TransSlide
142.8999,20.95707,0,0.3758311,0.309514,0,-0.9455877,2148.434,0.9768327,0.0965201,Straight,Up,0,0.7521133,TransSlide
142.94,20.95784,0,0.3804088,0.2856947,0,-0.9627762,2149.272,0.9765333,0.09610806,Straight,Up,0,0.7478333,TransSlide
142.9799,20.9556,0,0.3804088,0.2817273,0,-0.9790778,2150.11,0.9763818,0.09569696,Straight,Up,0,0.7435608,TransSlide
143.0199,20.95067,0,0.3685069,0.27776,0,-0.9947354,2150.948,0.9759711,0.09528662,Straight,Up,0,0.7392731,TransSlide
143.06,20.94438,0,0.3428686,0.27776,0,-1.009514,2151.786,0.9756284,0.0948771,Straight,Up,0,0.7350006,TransSlide
143.0999,20.93814,0,0.291599,0.2698253,0,-1.023435,2152.624,0.97535,0.09446821,Straight,Up,0,0.7307205,TransSlide
143.14,20.93051,0,0.2366674,0.2499886,0,-1.03667,2153.461,0.9749832,0.09406025,Straight,Up,0,0.7264481,TransSlide
143.1799,20.91885,0,0.1963842,0.2420539,0,-1.049106,2154.298,0.9747067,0.09365321,Straight,Up,0,0.7221756,TransSlide
143.22,20.9052,0,0.1478612,0.2261845,0,-1.06077,2155.135,0.9742868,0.09324671,Straight,Up,0,0.7179031,TransSlide
143.2599,20.88846,0,0.110321,0.2261845,0,-1.071488,2155.97,0.9740611,0.09284113,Straight,Up,0,0.7136383,TransSlide
143.2999,20.87113,0,0.06546021,0.2261845,0,-1.081207,2156.805,0.9735383,0.0924362,Straight,Up,0,0.7093735,TransSlide
143.34,20.85384,0,0.03982544,0.2261845,0,-1.090324,2157.64,0.9732159,0.09203235,Straight,Up,0,0.7051086,TransSlide
143.3799,20.83663,0,0.03799438,0.2261845,0,-1.098593,2158.473,0.9728495,0.09162901,Straight,Up,0,0.7008591,TransSlide
143.42,20.81952,0,0.03799438,0.2261845,0,-1.106141,2159.306,0.9722611,0.09122662,Straight,Up,0,0.6966019,TransSlide
143.4599,20.80244,0,0.0453186,0.2261845,0,-1.112796,2160.139,0.9719518,0.09082485,Straight,Up,0,0.6923523,TransSlide
143.5,20.78543,0,0.06912231,0.2261845,0,-1.118675,2160.97,0.9714748,0.09042419,Straight,Up,0,0.6881027,TransSlide
143.5399,20.76852,0,0.09841919,0.2460212,0,-1.123432,2161.801,0.9710601,0.09002418,Straight,Up,0,0.6838608,TransSlide
143.58,20.7541,0,0.1176488,0.2460212,0,-1.127471,2162.631,0.9706873,0.08962483,Straight,Up,0,0.6796265,TransSlide
143.6199,20.74156,0,0.1368749,0.2460212,0,-1.1309,2163.461,0.9702579,0.08922655,Straight,Up,0,0.6753845,TransSlide
143.6599,20.72911,0,0.1524389,0.2460212,0,-1.133446,2164.291,0.9698189,0.08882881,Straight,Up,0,0.6711502,TransSlide
143.7,20.71671,0,0.1606786,0.2499886,0,-1.135144,2165.119,0.9693345,0.08843202,Straight,Up,0,0.6669235,TransSlide
143.7399,20.70524,0,0.1606786,0.2499886,0,-1.135915,2165.948,0.9692525,0.08803586,Straight,Up,0,0.6626968,TransSlide
143.78,20.69378,0,0.1606786,0.2499886,0,-1.136043,2166.776,0.968847,0.0876408,Straight,Up,0,0.6584702,TransSlide
143.8199,20.68237,0,0.1533544,0.2499886,0,-1.13537,2167.603,0.9683959,0.0872464,Straight,Up,0,0.6542435,TransSlide
143.86,20.67098,0,0.140537,0.2499886,0,-1.134395,2168.43,0.968083,0.08685268,Straight,Up,0,0.6500168,TransSlide
143.8999,20.65966,0,0.1048279,0.2499886,0,-1.132869,2169.256,0.9677215,0.08645988,Straight,Up,0,0.6457977,TransSlide
143.9399,20.64834,0,0.07095337,0.2499886,0,-1.130818,2170.083,0.9674646,0.08606792,Straight,Up,0,0.6415863,TransSlide
143.9799,20.63707,0,0.05264282,0.2499886,0,-1.128311,2170.908,0.9670836,0.08567674,Straight,Up,0,0.6373672,TransSlide
144.0199,20.62586,0,0.02792358,0.2499886,0,-1.125314,2171.733,0.9667401,0.08528624,Straight,Up,0,0.6331558,TransSlide
144.06,20.61468,0,0.004119873,0.2499886,0,-1.121897,2172.558,0.9661624,0.08489666,Straight,Up,0,0.6289444,TransSlide
144.0999,20.60354,0,-0.03433228,0.2499886,0,-1.118199,2173.382,0.9654575,0.08450792,Straight,Up,0,0.6247406,TransSlide
144.14,20.59247,0,-0.07187068,0.2499886,0,-1.114044,2174.206,0.9654571,0.08411998,Straight,Up,0,0.6205292,TransSlide
144.1799,20.58144,0,-0.1011676,0.2499886,0,-1.109379,2175.029,0.9651498,0.08373285,Straight,Up,0,0.6163254,TransSlide
144.22,20.57042,0,-0.1432818,0.2499886,0,-1.104391,2175.852,0.9646667,0.0833464,Straight,Up,0,0.6121216,TransSlide
144.2599,20.55946,0,-0.1707476,0.2499886,0,-1.099214,2176.675,0.9643711,0.08296103,Straight,Up,0,0.607933,TransSlide
144.2999,20.54854,0,-0.190891,0.2499886,0,-1.093935,2177.497,0.9639964,0.08257622,Straight,Up,0,0.6037292,TransSlide
144.34,20.53766,0,-0.208286,0.2499886,0,-1.088071,2178.318,0.9636768,0.08219234,Straight,Up,0,0.5995331,TransSlide
144.3799,20.52682,0,-0.2146947,0.2539559,0,-1.081843,2179.14,0.96361,0.08180914,Straight,Up,0,0.5953445,TransSlide
144.42,20.51651,0,-0.2146947,0.2539559,0,-1.075364,2179.96,0.9631373,0.08142702,Straight,Up,0,0.591156,TransSlide
144.4599,20.50658,0,-0.2146947,0.2539559,0,-1.068844,2180.781,0.9625378,0.08104558,Straight,Up,0,0.5869675,TransSlide
144.5,20.49669,0,-0.2146947,0.2579232,0,-1.06222,2181.601,0.9622014,0.08066485,Straight,Up,0,0.5827789,TransSlide
144.5399,20.48731,0,-0.208286,0.2579232,0,-1.055712,2182.42,0.9618165,0.08028517,Straight,Up,0,0.578598,TransSlide
144.58,20.47832,0,-0.1972997,0.2579232,0,-1.049385,2183.24,0.961395,0.07990605,Straight,Up,0,0.5744171,TransSlide
144.6199,20.46935,0,-0.1945531,0.2579232,0,-1.043424,2184.058,0.9606125,0.07952789,Straight,Up,0,0.5702362,TransSlide
144.6599,20.46042,0,-0.1899755,0.2618906,0,-1.037714,2184.877,0.9600293,0.07915042,Straight,Up,0,0.5660553,TransSlide
144.7,20.45239,0,-0.1844823,0.2618906,0,-1.03241,2185.695,0.9595948,0.07877404,Straight,Up,0,0.561882,TransSlide
144.7399,20.44436,0,-0.1780736,0.2618906,0,-1.027389,2186.513,0.9591615,0.07839821,Straight,Up,0,0.5577087,TransSlide
144.78,20.43633,0,-0.1734942,0.2618906,0,-1.022759,2187.33,0.9587821,0.07802332,Straight,Up,0,0.5535355,TransSlide
144.8199,20.42833,0,-0.1734942,0.2618906,0,-1.018416,2188.147,0.9585302,0.07764927,Straight,Up,0,0.5493622,TransSlide
144.86,20.42034,0,-0.1707476,0.2618906,0,-1.014472,2188.964,0.9582249,0.07727606,Straight,Up,0,0.5451889,TransSlide
144.8999,20.41235,0,-0.1533526,0.2618906,0,-1.010845,2189.781,0.9580057,0.07690365,Straight,Up,0,0.5410233,TransSlide
144.9399,20.40439,0,-0.1185626,0.2618906,0,-1.007644,2190.597,0.9575087,0.07653192,Straight,Up,0,0.5368576,TransSlide
144.9799,20.39646,0,-0.08835018,0.2618906,0,-1.004779,2191.413,0.9572275,0.07616115,Straight,Up,0,0.532692,TransSlide
145.0199,20.38856,0,-0.04074097,0.2618906,0,-1.002367,2192.229,0.956755,0.07579125,Straight,Up,0,0.5285263,TransSlide
145.06,20.3807,0,0.01052856,0.2618906,0,-1.000145,2193.044,0.9564329,0.07542215,Straight,Up,0,0.5243607,TransSlide
145.0999,20.37284,0,0.0453186,0.2618906,0,-0.9982129,2193.859,0.9560949,0.07505373,Straight,Up,0,0.520195,TransSlide
145.14,20.36504,0,0.08651733,0.2618906,0,-0.9965495,2194.674,0.955663,0.07468642,Straight,Up,0,0.5160446,TransSlide
145.1799,20.35726,0,0.1002502,0.2618906,0,-0.9954904,2195.488,0.9552929,0.07431979,Straight,Up,0,0.5118866,TransSlide
145.22,20.34951,0,0.1176488,0.2618906,0,-0.9945651,2196.302,0.9550787,0.07395387,Straight,Up,0,0.5077286,TransSlide
145.2599,20.34181,0,0.123142,0.2658579,0,-0.9940184,2197.116,0.9549186,0.07358892,Straight,Up,0,0.5035706,TransSlide
145.2999,20.33506,0,0.1240575,0.2658579,0,-0.9938387,2197.929,0.954686,0.07322479,Straight,Up,0,0.4994202,TransSlide
145.34,20.32829,0,0.1240575,0.2658579,0,-0.9941368,2198.743,0.9541476,0.0728615,Straight,Up,0,0.4952698,TransSlide
145.3799,20.32153,0,0.1240575,0.2658579,0,-0.9945689,2199.556,0.9539577,0.0724989,Straight,Up,0,0.4911118,TransSlide
145.42,20.31479,0,0.1240575,0.2658579,0,-0.9951231,2200.368,0.9537244,0.07213727,Straight,Up,0,0.486969,TransSlide
145.4599,20.30809,0,0.1240575,0.2698253,0,-0.9960353,2201.181,0.9536139,0.07177661,Straight,Up,0,0.4828262,TransSlide
145.5,20.30232,0,0.1240575,0.2698253,0,-0.9970803,2201.993,0.9528659,0.0714165,Straight,Up,0,0.4786758,TransSlide
145.5399,20.29652,0,0.1240575,0.2698253,0,-0.9980721,2202.805,0.9525896,0.07105739,Straight,Up,0,0.4745331,TransSlide
145.5799,20.29073,0,0.1240575,0.2698253,0,-0.9989467,2203.616,0.9522902,0.07069898,Straight,Up,0,0.4703827,TransSlide
145.6199,20.28344,0,0.1240575,0.2698253,0,-0.999924,2204.428,0.9509706,0.07034165,Straight,Up,0,0.4662476,TransSlide
145.6599,20.28059,0,0.1185644,0.2698253,0,-0.9980777,2205.239,0.9509752,0.06998492,Straight,Up,0,0.4621048,TransSlide
145.7,20.27695,0,0.1167297,0.2698253,0,-0.9940073,2206.05,0.953043,0.06962914,Straight,Up,0,0.4579773,TransSlide
145.7399,20.27325,0,0.1167297,0.2698253,0,-0.9897051,2206.861,0.9548687,0.06927408,Straight,Up,0,0.4538422,TransSlide
145.78,20.26834,0,0.1167297,0.2698253,0,-0.9852322,2207.672,0.9556398,0.06892011,Straight,Up,0,0.449707,TransSlide
145.8199,20.26575,0,0.1167297,0.2698253,0,-0.9807193,2208.482,0.956355,0.06856684,Straight,Up,0,0.4455719,TransSlide
145.86,20.26295,0,0.1167297,0.2698253,0,-0.9761375,2209.293,0.9553498,0.0682143,Straight,Up,0,0.4414291,TransSlide
145.8999,20.26005,0,0.1121521,0.2698253,0,-0.9715155,2210.103,0.9539034,0.06786285,Straight,Up,0,0.437294,TransSlide
145.9399,20.25708,0,0.1039124,0.2698253,0,-0.9670473,2210.914,0.952502,0.06751201,Straight,Up,0,0.4331512,TransSlide
145.9799,20.25403,0,0.1002502,0.2698253,0,-0.9622625,2211.724,0.9515457,0.0671621,Straight,Up,0,0.4290161,TransSlide
146.0199,20.25095,0,0.09933472,0.2698253,0,-0.9571854,2212.534,0.9510414,0.06681294,Straight,Up,0,0.4248734,TransSlide
146.06,20.24786,0,0.09475708,0.2698253,0,-0.9518185,2213.344,0.9503738,0.06646488,Straight,Up,0,0.4207458,TransSlide
146.0999,20.24478,0,0.09292603,0.2698253,0,-0.9460625,2214.154,0.9497144,0.0661175,Straight,Up,0,0.4166107,TransSlide
146.14,20.24169,0,0.08743286,0.2698253,0,-0.939833,2214.963,0.9488845,0.06577087,Straight,Up,0,0.412468,TransSlide
146.1799,20.23861,0,0.0819397,0.2698253,0,-0.9334179,2215.773,0.9477742,0.06542522,Straight,Up,-0.01978234,0.4083405,TransSlide
146.22,20.23553,0,0.08010864,0.2698253,0,-0.926658,2216.582,0.947367,0.06508041,Straight,Up,-0.03426402,0.3978043,TransSlide
146.2599,20.23251,0,0.07553101,0.2698253,0,-0.9196097,2217.392,0.9471012,0.06473643,Straight,Up,-0.03956468,0.3814697,TransSlide
146.2999,20.22862,0,0.06912231,0.2698253,0,-0.912271,2218.201,0.9467829,0.0643932,Straight,Up,-0.03956468,0.3651352,TransSlide
146.34,20.22668,0,0.05630493,0.2698253,0,-0.903378,2219.01,0.9459655,0.06405092,Straight,Up,-0.03956468,0.3488235,TransSlide
146.3799,20.22534,0,0.04623413,0.2698253,0,-0.8891309,2219.819,0.9473313,0.0637095,Straight,Up,-0.03426402,0.3325119,TransSlide
146.42,20.22352,0,0.03250122,0.2698253,0,-0.874403,2220.628,0.9481143,0.06336892,Straight,Up,-0.03956468,0.3162079,TransSlide
146.4599,20.22068,0,0.0151062,0.2698253,0,-0.8596447,2221.437,0.9485654,0.06302921,Straight,Up,-0.03956468,0.2998962,TransSlide
146.5,20.22005,0,-0.004119873,0.2698253,0,-0.8447644,2222.245,0.9483606,0.06269024,Straight,Up,-0.03426402,0.2835693,TransSlide
146.5399,20.21912,0,-0.02243042,0.2698253,0,-0.8298458,2223.054,0.9477174,0.06235234,Straight,Up,-0.03956468,0.2672501,TransSlide
146.5799,20.2181,0,-0.03890991,0.2698253,0,-0.8147287,2223.863,0.9467616,0.06201506,Straight,Up,-0.03956468,0.2509232,TransSlide
146.6199,20.21701,0,-0.06454647,0.2698253,0,-0.799436,2224.671,0.945829,0.06167874,Straight,Up,-0.03426402,0.2345963,TransSlide
146.6599,20.2159,0,-0.0993365,0.2737926,0,-0.7838687,2225.48,0.9451107,0.06134317,Straight,Up,-0.03956468,0.218277,TransSlide
146.7,20.21525,0,-0.1240557,0.2737926,0,-0.7682485,2226.288,0.9444268,0.0610087,Straight,Up,-0.03426402,0.2019501,TransSlide
146.7399,20.21494,0,-0.1432818,0.2737926,0,-0.7523913,2227.097,0.9438462,0.06067485,Straight,Up,-0.03956468,0.1856308,TransSlide
146.78,20.21465,0,-0.1597613,0.2737926,0,-0.7364883,2227.906,0.9433231,0.06034196,Straight,Up,-0.03426402,0.1693039,TransSlide
146.8199,20.21433,0,-0.16617,0.2737926,0,-0.7206845,2228.714,0.9429026,0.06001005,Straight,Up,-0.03426402,0.152977,TransSlide
146.86,20.21402,0,-0.16617,0.2737926,0,-0.7050414,2229.523,0.9423941,0.05967877,Straight,Flat,-0.02797646,0.1366653,TransSlide
146.8999,20.21372,0,-0.16617,0.2737926,0,-0.6893063,2230.331,0.9419736,0.05934844,Straight,Flat,0,0.1212082,TransSlide
146.9399,20.21342,0,-0.16617,0.2737926,0,-0.6733347,2231.14,0.9416451,0.05901889,Straight,Flat,0,0.1175232,TransSlide
146.9799,20.2131,0,-0.16617,0.2737926,0,-0.6576455,2231.948,0.9414456,0.0586904,Straight,Flat,0,0.1138306,TransSlide
147.0199,20.2128,0,-0.16617,0.2737926,0,-0.6418415,2232.757,0.9410749,0.05836255,Straight,Flat,0,0.1101303,TransSlide
147.06,20.21249,0,-0.1615924,0.2737926,0,-0.6263127,2233.566,0.9405892,0.05803568,Straight,Flat,0,0.1064377,TransSlide
147.0999,20.21217,0,-0.1615924,0.2737926,0,-0.6109441,2234.374,0.9404121,0.05770967,Straight,Flat,0,0.1027527,TransSlide
147.14,20.21183,0,-0.1542681,0.2499886,0,-0.5957431,2235.183,0.9400554,0.05738453,Straight,Flat,0,0.09905243,TransSlide
147.1799,20.20845,0,-0.1423663,0.2499886,0,-0.5810992,2235.991,0.9397472,0.05706022,Straight,Flat,0,0.0953598,TransSlide
147.22,20.20301,0,-0.1240557,0.2499886,0,-0.5665925,2236.799,0.9394313,0.05673671,Straight,Flat,0,0.0916748,TransSlide
147.2599,20.19751,0,-0.0993365,0.2460212,0,-0.5524971,2237.607,0.9389505,0.05641425,Straight,Flat,0,0.08797455,TransSlide
147.2999,20.19106,0,-0.07095516,0.2420539,0,-0.5385016,2238.415,0.9387292,0.05609245,Straight,Flat,0,0.08428955,TransSlide
147.34,20.18377,0,-0.03341675,0.2420539,0,-0.5249501,2239.222,0.9384689,0.05577163,Straight,Flat,0,0.08059692,TransSlide
147.3799,20.17656,0,0.003204346,0.2420539,0,-0.5115208,2240.03,0.9383407,0.05545155,Straight,Flat,0,0.07691193,TransSlide
147.42,20.16938,0,0.02883911,0.2380865,0,-0.4982817,2240.836,0.9380025,0.05513258,Straight,Flat,0,0.07322693,TransSlide
147.4599,20.16129,0,0.05813599,0.2341192,0,-0.4853493,2241.643,0.9378124,0.05481435,Straight,Flat,0,0.06954193,TransSlide
147.5,20.15238,0,0.08010864,0.2301518,0,-0.4728281,2242.449,0.9375224,0.05449686,Straight,Flat,0,0.06585693,TransSlide
147.5399,20.14304,0,0.08926392,0.2261845,0,-0.460602,2243.255,0.9370604,0.05418036,Straight,Flat,0,0.06217957,TransSlide
147.5799,20.13287,0,0.08926392,0.2222171,0,-0.4485177,2244.061,0.9368271,0.05386475,Straight,Flat,0,0.05849457,TransSlide
147.6199,20.11696,0,0.08010864,0.2142824,0,-0.4368641,2244.865,0.9353569,0.05354998,Straight,Flat,-0.01978234,0.05482483,TransSlide
147.6599,20.11014,0,0.02792358,0.2103151,0,-0.4251105,2245.67,0.9390438,0.05323602,Straight,Flat,0,0.05115509,TransSlide
147.7,20.09567,0,-0.03433228,0.2103151,0,-0.413531,2246.474,0.9379324,0.052923,Straight,Flat,0,0.04747772,TransSlide
147.7399,20.08134,0,-0.1176471,0.2103151,0,-0.4022798,2247.277,0.9370655,0.05261097,Straight,Flat,0,0.04381561,TransSlide
147.78,20.06957,0,-0.1734942,0.2103151,0,-0.3915862,2248.08,0.9355012,0.05229959,Straight,Flat,0,0.04013824,TransSlide
147.8199,20.05373,0,-0.2430761,0.2103151,0,-0.3812051,2248.882,0.9343983,0.05198918,Straight,Flat,0,0.03646851,TransSlide
147.86,20.03948,0,-0.2925146,0.2103151,0,-0.3710837,2249.684,0.9338717,0.05167956,Straight,Flat,0,0.0328064,TransSlide
147.8999,20.02548,0,-0.3208977,0.2103151,0,-0.3612899,2250.485,0.9335018,0.05137102,Straight,Flat,0,0.02914429,TransSlide
147.9399,20.01155,0,-0.3337151,0.2103151,0,-0.3519466,2251.286,0.9333495,0.05106312,Straight,Flat,0,-0.07475281,Normal
147.9799,19.99766,0,-0.3337151,0.1706264,0,-0.3435799,2252.086,0.9330639,0.05075625,Straight,Flat,0,-0.08319855,Normal
148.0199,19.97461,0,-0.3337151,0.1706264,0,-0.3350459,2252.885,0.9329467,0.05045012,Straight,Flat,0,-0.09164429,Normal
148.06,19.95212,0,-0.3337151,0.154757,0,-0.3270914,2253.683,0.9327763,0.05014506,Straight,Flat,0,-0.1000824,Normal
148.0999,19.92645,0,-0.3337151,0.1468223,0,-0.3195873,2254.48,0.9326294,0.04984082,Straight,Flat,0,-0.1084976,Normal
148.14,19.8992,0,-0.3337151,0.1468223,0,-0.3127546,2255.276,0.9324908,0.04953731,Straight,Flat,0,-0.1169128,Normal
148.1799,19.87173,0,-0.3291374,0.1468223,0,-0.3067234,2256.071,0.9322993,0.0492349,Straight,Flat,0,-0.1253128,Normal
148.2199,19.84431,0,-0.3291374,0.1468223,0,-0.3011119,2256.865,0.9320055,0.04893315,Straight,Flat,0,-0.1336975,Normal
148.2599,19.81696,0,-0.3282219,0.1468223,0,-0.2962714,2257.658,0.9317045,0.04863239,Straight,Flat,0,-0.1420746,Normal
148.2999,19.78967,0,-0.3282219,0.1468223,0,-0.2920333,2258.45,0.9315681,0.04833243,Straight,Down,-0.01978234,-0.1504364,Normal
148.34,19.76245,0,-0.3218132,0.1468223,0,-0.2885658,2259.241,0.9314628,0.04803354,Straight,Down,-0.01978234,-0.1587906,Normal
148.3799,19.73531,0,-0.3044182,0.1468223,0,-0.2856558,2260.031,0.9310833,0.04773531,Straight,Down,0,-0.1671371,Normal
148.42,19.70824,0,-0.291599,0.1468223,0,-0.2833719,2260.819,0.9305556,0.04743809,Straight,Down,0,-0.1754608,Normal
148.4599,19.68148,0,-0.2668798,0.1468223,0,-0.2819113,2261.607,0.929891,0.04714173,Straight,Down,0,-0.1837845,Normal
148.5,19.65473,0,-0.2320898,0.1468223,0,-0.2813789,2262.393,0.9297463,0.04684628,Straight,Down,0,-0.1920853,Normal
148.5399,19.62803,0,-0.1670855,0.1468223,0,-0.2814421,2263.178,0.930277,0.04655168,Straight,Down,-0.01978234,-0.200386,Normal
148.5799,19.60148,0,-0.08285701,0.1468223,0,-0.2822293,2263.963,0.9304577,0.04625789,Straight,Down,0,-0.2086639,Normal
148.6199,19.57533,0,-0.01602173,0.1468223,0,-0.2836194,2264.746,0.9301549,0.04596505,Straight,Down,0,-0.2169418,Normal
148.6599,19.54925,0,0.07553101,0.1468223,0,-0.2856352,2265.529,0.9299143,0.04567314,Straight,Down,0,-0.2252045,Normal
148.7,19.52329,0,0.1350439,0.1706264,0,-0.2883465,2266.31,0.9296061,0.04538209,Straight,Down,0,-0.2334518,Normal
148.7399,19.50053,0,0.1936376,0.1785611,0,-0.291628,2267.09,0.929261,0.04509193,Straight,Down,0,-0.2416992,Normal
148.78,19.48133,0,0.206455,0.1825284,0,-0.2953318,2267.869,0.92809,0.04480255,Left,Down,-0.06255726,-0.2499237,Normal
148.8199,19.46525,0,0.208286,0.1904631,0,-0.2962357,2268.648,0.9284922,0.04451428,Left,Down,-0.1203313,-0.2799301,Normal
148.86,19.45023,0,0.208286,0.1944305,0,-0.2957739,2269.426,0.9296731,0.04422668,Left,Down,-0.1203313,-0.3566437,Normal
148.8999,19.43626,0,0.2018774,0.1983978,0,-0.2958584,2270.204,0.9305967,0.04394007,Left,Down,-0.1203313,-0.4332962,Normal
148.9399,19.42279,0,0.1835668,0.2182498,0,-0.2962462,2270.981,0.930607,0.04365436,Left,Down,-0.1219466,-0.5099487,Normal
148.9799,19.41429,0,0.1707494,0.2341192,0,-0.2965608,2271.757,0.9285808,0.04336951,Left,Down,-0.1203313,-0.5865479,Normal
149.0199,19.4113,0,0.1643407,0.2460212,0,-0.2973271,2272.534,0.9292024,0.04308549,Left,Down,-0.1203313,-0.663063,Normal
149.06,19.41227,0,0.1643407,0.2460212,0,-0.2982391,2273.31,0.9298939,0.04280243,Left,Down,-0.09278741,-0.7395248,Normal
149.0999,19.41298,0,0.1643407,0.2460212,0,-0.2945109,2274.086,0.9320881,0.04252038,Left,Down,-0.08622923,-0.8026505,Normal
149.14,19.41337,0,0.1643407,0.2460212,0,-0.2902057,2274.863,0.9326643,0.04223902,Left,Down,-0.08622923,-0.8587952,Normal
149.1799,19.41473,0,0.1643407,0.2460212,0,-0.2859347,2275.639,0.932678,0.04195863,Left,Down,-0.08392937,-0.9149933,Normal
149.2199,19.41749,0,0.1643407,0.2460212,0,-0.2824145,2276.416,0.9320096,0.04167906,Left,Down,-0.08392937,-0.9712601,Normal
149.2599,19.42006,0,0.1643407,0.2499886,0,-0.2795336,2277.193,0.9309348,0.04140059,Left,Down,-0.08392937,-1.027534,Normal
149.2999,19.42313,0,0.1643407,0.2499886,0,-0.2759654,2277.97,0.9292964,0.0411228,Left,Down,-0.08392937,-1.083832,Normal
149.34,19.42691,0,0.1597631,0.2539559,0,-0.272112,2278.747,0.9267894,0.04084599,Left,Down,-0.08392937,-1.140114,Normal
149.3799,19.43138,0,0.1423681,0.2618906,0,-0.2680242,2279.524,0.9268141,0.04057017,Left,Down,-0.08392937,-1.196373,Normal
149.42,19.43517,0,0.1039124,0.27776,0,-0.2631406,2280.301,0.9267089,0.04029508,Left,Down,-0.07401875,-1.252594,Normal
149.4599,19.44794,0,0.06454468,0.2856947,0,-0.2572072,2281.079,0.9266771,0.04002098,Straight,Down,0.01978234,-1.308754,Normal
149.5,19.46328,0,0.03799438,0.2856947,0,-0.2491072,2281.857,0.9293433,0.03974766,Straight,Down,0.01978234,-1.326935,Normal
149.5399,19.47805,0,0.004119873,0.2856947,0,-0.240789,2282.636,0.9312473,0.03947544,Straight,Down,0.01978234,-1.341049,Normal
149.5799,19.49073,0,-0.009613037,0.2856947,0,-0.2324914,2283.416,0.932076,0.03920392,Straight,Down,0.01978234,-1.355179,Normal
149.6199,19.5081,0,-0.01144409,0.2856947,0,-0.2239532,2284.196,0.9312245,0.03893341,Straight,Down,0.01978234,-1.369347,Normal
149.6599,19.5246,0,-0.01144409,0.2856947,0,-0.2148773,2284.977,0.9299085,0.0386637,Straight,Down,0.01978234,-1.383537,Normal
149.7,19.54081,0,-0.01602173,0.2856947,0,-0.2057475,2285.758,0.9283785,0.03839505,Straight,Down,0.01978234,-1.397736,Normal
149.7399,19.55677,0,-0.03341675,0.289662,0,-0.1960943,2286.54,0.9268861,0.03812725,Straight,Down,0.01978234,-1.411949,Normal
149.78,19.57351,0,-0.04806519,0.289662,0,-0.1862974,2287.323,0.9256526,0.03786023,Straight,Down,0,-1.42617,Normal
149.8199,19.59012,0,-0.07003963,0.289662,0,-0.1762986,2288.106,0.9245666,0.03759421,Straight,Down,0.01978234,-1.440399,Normal
149.8599,19.6066,0,-0.08102596,0.289662,0,-0.1664361,2288.89,0.9235254,0.03732908,Straight,Down,0,-1.454651,Normal
149.8999,19.62302,0,-0.08194149,0.289662,0,-0.1564691,2289.675,0.9228095,0.03706486,Straight,Down,0.01978234,-1.468903,Normal
149.9399,19.63938,0,-0.08194149,0.289662,0,-0.1463769,2290.461,0.9222778,0.03680146,Straight,Down,0.01978234,-1.48317,Normal
149.9799,19.65572,0,-0.08194149,0.289662,0,-0.1359837,2291.247,0.9219288,0.03653906,Straight,Down,0.01978234,-1.497452,Normal
150.0199,19.67199,0,-0.08194149,0.2698253,0,-0.1254805,2292.034,0.9216806,0.03627754,Straight,Down,0.01978234,-1.511742,Normal
150.06,19.68558,0,-0.08194149,0.2618906,0,-0.1147595,2292.821,0.921302,0.03601692,Straight,Down,0.01978234,-1.526047,Normal
150.0999,19.69608,0,-0.08194149,0.2579232,0,-0.1041765,2293.609,0.9209695,0.03575723,Straight,Down,0.01978234,-1.540352,Normal
150.14,19.70524,0,-0.08194149,0.2539559,0,-0.09360391,2294.397,0.9206869,0.03549836,Straight,Down,0,-1.554672,Normal
150.1799,19.7139,0,-0.08194149,0.2420539,0,-0.08312237,2295.186,0.920518,0.03524053,Straight,Down,0.01978234,-1.568993,Normal
150.2199,19.72024,0,-0.08194149,0.2341192,0,-0.07272026,2295.974,0.9202798,0.03498346,Straight,Down,0.01978234,-1.583321,Normal
150.2599,19.72447,0,-0.08194149,0.2222171,0,-0.06219029,2296.763,0.9200715,0.03472741,Straight,Down,0,-1.597656,Normal
150.2999,19.72559,0,-0.08194149,0.2182498,0,-0.05173588,2297.552,0.9199447,0.03447215,Straight,Down,0.01978234,-1.611984,Normal
150.34,19.72594,0,-0.08194149,0.2103151,0,-0.04142597,2298.341,0.9198216,0.03421796,Straight,Down,0,-1.62632,Normal
150.3799,19.72491,0,-0.07187068,0.2103151,0,-0.03130436,2299.13,0.9197021,0.03396462,Straight,Down,0,-1.640648,Normal
150.42,19.72359,0,-0.06454647,0.2103151,0,-0.02122691,2299.919,0.9191512,0.03371206,Straight,Down,0.01978234,-1.654976,Normal
150.4599,19.72246,0,-0.05172729,0.2103151,0,-0.01128778,2300.708,0.9184375,0.03346062,Straight,Down,0.01978234,-1.669312,Normal
150.5,19.72129,0,-0.04074097,0.2103151,0,-0.001532286,2301.498,0.9183297,0.03320989,Straight,Down,0.01978234,-1.68364,Normal
150.5399,19.72009,0,-0.02883911,0.2103151,0,0.008236766,2302.286,0.9185911,0.03296018,Straight,Down,0,-1.69796,Normal
150.5799,19.71892,0,-0.01144409,0.2103151,0,0.01814297,2303.075,0.9187649,0.0327113,Straight,Down,0.01978234,-1.712288,Normal
150.6199,19.7181,0,-0.0050354,0.2103151,0,0.02797168,2303.864,0.9185595,0.03246347,Straight,Down,0.01978234,-1.726616,Normal
150.6599,19.71722,0,0.009613037,0.2103151,0,0.03772137,2304.652,0.9180543,0.03221641,Straight,Down,0.01978234,-1.740936,Normal
150.7,19.71631,0,0.02792358,0.2103151,0,0.04730329,2305.441,0.9177238,0.03197033,Straight,Down,0.01978234,-1.755257,Normal
150.7399,19.71536,0,0.05722046,0.2063325,0,0.05691156,2306.229,0.9176417,0.03172518,Straight,Down,0.01978234,-1.769585,Normal
150.78,19.71405,0,0.1002502,0.1983978,0,0.06651634,2307.018,0.9175346,0.03148091,Straight,Down,0.01978234,-1.783905,Normal
150.8199,19.71149,0,0.1359594,0.1864958,0,0.07587859,2307.806,0.9173723,0.03123758,Straight,Down,0,-1.798225,Normal
150.8599,19.70493,0,0.1789892,0.1825284,0,0.08478794,2308.595,0.9177103,0.03099508,Right,Down,0.05233916,-1.812561,Normal
150.8999,19.69701,0,0.2073705,0.1785611,0,0.08735853,2309.383,0.9162292,0.03075359,Right,Down,0.0656106,-1.800346,Normal
150.9399,19.68882,0,0.2430761,0.1745937,0,0.09000933,2310.17,0.9147148,0.03051299,Right,Down,0.06852804,-1.775444,Normal
150.9799,19.67996,0,0.272373,0.1706264,0,0.09264889,2310.958,0.9135891,0.03027332,Right,Down,0.0656106,-1.750557,Normal
151.0199,19.66903,0,0.2861059,0.1706264,0,0.09529543,2311.745,0.9133329,0.03003455,Right,Down,0.06852804,-1.725685,Normal
151.06,19.65826,0,0.3089941,0.1706264,0,0.09790012,2312.531,0.9133508,0.02979669,Right,Down,0.0656106,-1.700844,Normal
151.0999,19.64754,0,0.3263891,0.1706264,0,0.1011057,2313.317,0.9134071,0.02955977,Right,Down,0.06852804,-1.67601,Normal
151.14,19.63711,0,0.3511083,0.1706264,0,0.104722,2314.103,0.9126453,0.02932367,Right,Down,0.06852804,-1.651199,Normal
151.1799,19.62712,0,0.3675914,0.1706264,0,0.1085242,2314.888,0.9135801,0.02908859,Right,Down,0.06852804,-1.626419,Normal
151.2199,19.61771,0,0.3804088,0.166659,0,0.1126577,2315.673,0.9151386,0.02885441,Right,Down,0.06852804,-1.601654,Normal
151.2599,19.60602,0,0.4115367,0.166659,0,0.1173786,2316.457,0.9182701,0.02862114,Right,Down,0.08622923,-1.576859,Normal
151.2999,19.59298,0,0.4463267,0.166659,0,0.1174123,2317.241,0.9161406,0.02838875,Right,Down,0.09891172,-1.545158,Normal
151.34,19.58045,0,0.4756236,0.1626917,0,0.1165777,2318.024,0.9131342,0.02815733,Right,Down,0.09891172,-1.503235,Normal
151.3799,19.56762,0,0.4765391,0.1587244,0,0.1165526,2318.807,0.9105429,0.0279269,Right,Down,0.09891172,-1.461319,Normal
151.42,19.55325,0,0.4765391,0.1507896,0,0.11726,2319.59,0.9092271,0.02769724,Right,Down,0.09891172,-1.41951,Normal
151.4599,19.53681,0,0.4765391,0.1468223,0,0.1189597,2320.371,0.9079813,0.0274686,Right,Down,0.09891172,-1.377785,Normal
151.4999,19.5199,0,0.4765391,0.1468223,0,0.1214113,2321.152,0.9086894,0.02724076,Right,Down,0.09891172,-1.336143,Normal
151.5399,19.50345,0,0.4811168,0.1468223,0,0.1247409,2321.932,0.9128905,0.02701402,Right,Down,0.1065312,-1.294525,Normal
151.5799,19.48221,0,0.5049205,0.1468223,0,0.1264227,2322.712,0.9152859,0.02678807,Right,Down,0.1266688,-1.251694,Normal
151.6199,19.46254,0,0.523231,0.1468223,0,0.1257711,2323.49,0.9123759,0.02656308,Right,Down,0.1266688,-1.195457,Normal
151.6599,19.44381,0,0.5461192,0.1468223,0,0.1262279,2324.269,0.9090588,0.02633897,Right,Down,0.1266688,-1.139229,Normal
151.7,19.42488,0,0.5662608,0.142855,0,0.128115,2325.046,0.9059252,0.02611593,Right,Down,0.1266688,-1.08313,Normal
151.7399,19.40554,0,0.6248581,0.1349203,0,0.1315291,2325.822,0.9050726,0.02589372,Right,Down,0.1282043,-1.027222,Normal
151.78,19.38382,0,0.7539475,0.1309529,0,0.1363247,2326.598,0.910765,0.02567235,Right,Down,0.1384764,-0.9713516,Normal
151.8199,19.3571,0,0.8967733,0.1269856,0,0.1388104,2327.372,0.9125301,0.02545208,Right,Down,0.1545051,-0.9116669,Normal
151.8599,19.33125,0,1.089953,0.1190356,0,0.1407174,2328.146,0.9099501,0.02523259,Right,Down,0.1545051,-0.8423157,Normal
151.8999,19.30391,0,1.203479,0.1150683,0,0.1447985,2328.918,0.906338,0.02501408,Right,Down,0.1532334,-0.7729797,Normal
151.9399,19.27672,0,1.316092,0.1111009,0,0.1511183,2329.689,0.9022504,0.02479643,Right,Down,0.1532334,-0.7039261,Normal
151.9799,19.24699,0,1.409476,0.1071336,0,0.1599943,2330.46,0.9092156,0.02457986,Right,Down,0.166689,-0.6350098,Normal
152.0199,19.21303,0,1.461661,0.1071336,0,0.1672881,2331.229,0.9105131,0.02436415,Right,Down,0.1780411,-0.5611649,Normal
152.06,19.17948,0,1.537653,0.1071336,0,0.1749522,2331.996,0.9080865,0.02414928,Right,Down,0.1791368,-0.4794235,Normal
152.0999,19.14586,0,1.608149,0.1031662,0,0.1852749,2332.762,0.9028434,0.02393541,Right,Down,0.1791368,-0.397789,Normal
152.14,19.11317,0,1.712519,0.0991989,0,0.1987699,2333.527,0.9046181,0.02372247,Right,Down,0.1887116,-0.3164368,Normal
152.1799,19.07357,0,1.824217,0.09523156,0,0.213223,2334.291,0.9089619,0.02351046,Right,Down,0.2046302,-0.2327347,Normal
152.2199,19.03478,0,1.893797,0.09523156,0,0.227795,2335.052,0.9072008,0.02329931,Right,Flat,0.2046302,-0.1390076,Normal
152.2599,18.99646,0,1.937742,0.09126421,0,0.2460205,2335.813,0.9020915,0.02308915,Right,Flat,0.2046302,-0.04547882,Normal
152.2999,18.9554,0,1.938658,0.09126421,0,0.2686216,2336.571,0.9059793,0.02287994,Right,Flat,0.2193969,0.04785919,Normal
152.34,18.91136,0,1.926756,0.08729687,0,0.2916373,2337.328,0.9074138,0.02267164,Right,Flat,0.2306999,0.1467056,Normal
152.3799,18.86847,0,1.909361,0.08729687,0,0.3169105,2338.083,0.9043682,0.02246428,Right,Up,0.2306999,0.2521515,Normal
152.42,18.82624,0,1.893797,0.08729687,0,0.3461049,2338.837,0.901432,0.02225778,Right,Up,0.2382111,0.3574142,Normal
152.4599,18.77723,0,1.852598,0.08729687,0,0.3791965,2339.588,0.9079158,0.02205233,Right,Up,0.2564087,0.4632645,Normal
152.4999,18.73071,0,1.806822,0.08729687,0,0.4126294,2340.338,0.904504,0.0218477,Right,Up,0.2564087,0.5804825,Normal
152.5399,18.68716,0,1.730829,0.08729687,0,0.4505232,2341.086,0.9002838,0.02164406,Right,Up,0.2639296,0.6972961,Normal
152.5799,18.63667,0,1.63653,0.08729687,0,0.4932401,2341.832,0.9076119,0.02144129,Right,Up,0.2825486,0.814415,Normal
152.6199,18.58783,0,1.554133,0.08729687,0,0.5358493,2342.576,0.9033216,0.02123958,Right,Up,0.2825486,0.9431229,Normal
152.6599,18.54338,0,1.421378,0.08729687,0,0.5825357,2343.318,0.9001371,0.02103875,Right,Up,0.302612,1.071213,Normal
152.7,18.50035,0,1.309683,0.08729687,0,0.6330334,2344.059,0.9019498,0.02083878,Right,Up,0.7758168,1.200851,Normal
152.7399,18.45203,0,1.156787,0.08729687,0,0.6824152,2344.797,0.9044395,0.02063987,Right,Up,0.9069818,1.202583,Normal
152.78,18.40394,0,1.027694,0.08729687,0,0.7284226,2345.534,0.9049668,0.02044178,Right,Up,0.8586619,1.142853,Normal
152.8199,18.35853,0,0.9370565,0.08332952,0,0.7701105,2346.269,0.9060752,0.02024466,Right,Up,0.8144533,1.0858,Normal
152.8599,18.31419,0,0.8381796,0.08332952,0,0.8075463,2347.001,0.9066136,0.02004845,Right,Up,0.7735435,1.031319,Normal
152.8999,18.27079,0,0.7786667,0.08332952,0,0.842195,2347.733,0.9059982,0.01985327,Right,Up,0.7340872,0.9791565,Normal
152.9399,18.2257,0,0.737468,0.08332952,0,0.8731728,2348.462,0.9074805,0.01965893,Right,Up,0.6996954,0.9293289,Normal
152.9799,18.17902,0,0.7191575,0.08332952,0,0.9012707,2349.19,0.9096204,0.01946557,Right,Up,0.6667597,0.8818436,Normal
153.0199,18.13641,0,0.7127488,0.08332952,0,0.9275113,2349.916,0.9088361,0.01927314,Right,Up,0.6330382,0.8363342,Normal
153.06,18.09532,0,0.7063401,0.08332952,0,0.9522604,2350.64,0.9071138,0.01908166,Right,Up,0.6010084,0.7925873,Normal
153.0999,18.05574,0,0.6944382,0.08332952,0,0.9758604,2351.362,0.9049755,0.0188911,Right,Up,0.5716401,0.7505188,Normal
153.1399,18.01311,0,0.6779587,0.08332952,0,0.9961264,2352.083,0.9079327,0.01870144,Right,Up,0.5424856,0.7105484,Normal
153.1799,17.97335,0,0.6486619,0.08332952,0,1.015095,2352.802,0.9078478,0.01851285,Right,Up,0.518133,0.672287,Normal
153.2199,17.93341,0,0.6175339,0.1071336,0,1.033955,2353.52,0.9047456,0.01832503,Right,Up,0.4921804,0.6350861,Normal
153.2599,17.89551,0,0.5827403,0.1150683,0,1.049253,2354.236,0.9086867,0.01813827,Right,Up,0.466462,0.5999756,Normal
153.2999,17.86405,0,0.5598521,0.1150683,0,1.064282,2354.951,0.9052337,0.01795233,Right,Up,0.4502396,0.5659332,Normal
153.34,17.82978,0,0.5424571,0.1150683,0,1.077361,2355.665,0.9079658,0.01776749,Right,Up,0.4205793,0.533287,Normal
153.3799,17.79889,0,0.5342174,0.1150683,0,1.089163,2356.377,0.9050229,0.01758353,Right,Up,0.4068635,0.501976,Normal
153.42,17.76634,0,0.523231,0.1150683,0,1.099765,2357.088,0.9082677,0.01740042,Right,Up,0.3820612,0.4718094,Normal
153.4599,17.7371,0,0.4994273,0.1150683,0,1.109831,2357.798,0.9040143,0.01721833,Right,Up,0.3642322,0.442627,Normal
153.4999,17.70395,0,0.4701304,0.1190356,0,1.117609,2358.506,0.9077125,0.01703718,Right,Up,0.3471792,0.414917,Normal
153.5399,17.67599,0,0.4170299,0.1309529,0,1.126737,2359.213,0.9024275,0.01685697,Right,Up,0.3208161,0.3875198,Normal
153.5799,17.6491,0,0.3575206,0.1309529,0,1.131519,2359.92,0.9054601,0.01667765,Right,Up,0.3202056,0.3623123,Normal
153.6199,17.62122,0,0.3099096,0.1309529,0,1.138434,2360.625,0.9051987,0.01649932,Right,Up,0.2954137,0.3371048,Normal
153.6599,17.59612,0,0.2558935,0.1309529,0,1.144293,2361.329,0.9022695,0.01632199,Right,Up,0.2748253,0.3128586,Normal
153.7,17.57127,0,0.2128637,0.1309529,0,1.147375,2362.032,0.9043472,0.0161455,Right,Up,0.2748253,0.2902222,Normal
153.7399,17.54417,0,0.1359594,0.1309529,0,1.152168,2362.734,0.9046813,0.01597,Right,Up,0.2525642,0.2676163,Normal
153.78,17.51967,0,0.04623413,0.1349203,0,1.156485,2363.435,0.9019571,0.01579539,Right,Up,0.2264194,0.2455673,Normal
153.8199,17.49705,0,-0.02334595,0.1349203,0,1.156771,2364.135,0.9027131,0.01562185,Right,Up,0.2264194,0.2256546,Normal
153.8599,17.47258,0,-0.1011676,0.1349203,0,1.158089,2364.834,0.9048947,0.01544911,Right,Up,0.2264194,0.2057571,Normal
153.8999,17.44628,0,-0.148775,0.1388876,0,1.160538,2365.532,0.9039165,0.01527739,Right,Up,0.2027088,0.1859055,Normal
153.9399,17.42539,0,-0.2092016,0.1388876,0,1.161515,2366.229,0.9014945,0.01510657,Right,Up,0.1701742,0.1664886,Normal
153.9799,17.40425,0,-0.2668798,0.1388876,0,1.15831,2366.925,0.9014846,0.01493678,Right,Flat,0.1713202,0.1495743,Normal
154.0199,17.38261,0,-0.3154045,0.1388876,0,1.155571,2367.621,0.9023783,0.01476792,Right,Flat,0.1713202,0.1327057,Normal
154.06,17.35829,0,-0.382238,0.1388876,0,1.153473,2368.315,0.9047796,0.01459993,Right,Flat,0.1713202,0.11586,Normal
154.0999,17.33545,0,-0.4298472,0.142855,0,1.151645,2369.009,0.9032056,0.01443298,Right,Flat,0.1619255,0.09900665,Normal
154.1399,17.31602,0,-0.4939342,0.142855,0,1.150102,2369.702,0.9000694,0.01426688,Right,Flat,0.1119058,0.08218384,Normal
154.1799,17.29641,0,-0.5406278,0.142855,0,1.140697,2370.394,0.9004388,0.01410178,Right,Flat,0.09691329,0.0680542,Normal
154.2199,17.27612,0,-0.5589384,0.142855,0,1.131258,2371.085,0.900735,0.01393757,Right,Flat,0.09691329,0.05514526,Normal
154.2599,17.2556,0,-0.5763334,0.142855,0,1.121742,2371.776,0.9015182,0.01377443,Right,Flat,0.09487279,0.04225159,Normal
154.2999,17.23532,0,-0.5827421,0.142855,0,1.112343,2372.465,0.9019845,0.01361215,Right,Flat,0.09487279,0.02936554,Normal
154.34,17.21549,0,-0.5827421,0.142855,0,1.102614,2373.154,0.9020356,0.01345081,Right,Flat,0.09691329,0.01649475,Normal
154.3799,17.19559,0,-0.5827421,0.142855,0,1.092356,2373.842,0.9022839,0.01329044,Right,Flat,0.09487279,0.003623962,Normal
154.42,17.17555,0,-0.5763334,0.142855,0,1.081575,2374.529,0.9018566,0.01313103,Right,Flat,0.09691329,-0.009239197,Normal
154.4599,17.15525,0,-0.5653471,0.142855,0,1.070328,2375.216,0.9005241,0.01297257,Right,Flat,0.09487279,-0.02209473,Normal
154.4999,17.1354,0,-0.5525297,0.142855,0,1.058335,2375.901,0.8991895,0.01281501,Right,Flat,0.09487279,-0.034935,Normal
154.5399,17.11588,0,-0.5369657,0.142855,0,1.045594,2376.586,0.8973866,0.01265845,Right,Flat,0.05595291,-0.04774475,Normal
154.5799,17.09694,0,-0.5122447,0.142855,0,1.0295,2377.27,0.8975503,0.01250283,Straight,Flat,0,-0.06032562,Normal
154.6199,17.07737,0,-0.4875255,0.1468223,0,1.01136,2377.954,0.898618,0.01234818,Straight,Flat,-0.01978234,-0.06761932,Normal
154.6599,17.05827,0,-0.4454112,0.1507896,0,0.9925756,2378.636,0.8996496,0.01219446,Straight,Flat,-0.01978234,-0.07491302,Normal
154.7,17.04024,0,-0.4115367,0.1587244,0,0.9728833,2379.318,0.9001928,0.01204166,Straight,Flat,-0.01978234,-0.0821991,Normal
154.7399,17.02527,0,-0.3566033,0.166659,0,0.9523565,2379.999,0.9003825,0.01188991,Straight,Flat,-0.01978234,-0.08948517,Normal
154.7799,17.01179,0,-0.2806127,0.166659,0,0.9310467,2380.68,0.8999859,0.01173899,Straight,Flat,-0.01978234,-0.09677124,Normal
154.8199,16.99856,0,-0.2265966,0.166659,0,0.9087795,2381.36,0.8993992,0.01158909,Straight,Flat,-0.01978234,-0.1040573,Normal
154.8599,16.98538,0,-0.1432818,0.1785611,0,0.88545,2382.039,0.8990455,0.01144008,Straight,Flat,-0.01978234,-0.1113358,Normal
154.8999,16.97441,0,-0.08743465,0.1944305,0,0.8613143,2382.719,0.8986051,0.01129213,Straight,Flat,0,-0.1186142,Normal
154.9399,16.96703,0,0.003204346,0.2103151,0,0.8363506,2383.397,0.8981857,0.01114503,Straight,Flat,-0.01978234,-0.1258926,Normal
154.9799,16.9632,0,0.09384155,0.2261845,0,0.8104877,2384.076,0.8979058,0.01099894,Straight,Flat,-0.01978234,-0.1331635,Normal
155.0199,16.96327,0,0.1423681,0.2301518,0,0.7841207,2384.755,0.8976381,0.01085383,Straight,Flat,-0.01978234,-0.1404495,Normal
155.06,16.96445,0,0.1945531,0.2301518,0,0.7572742,2385.433,0.8974745,0.01070962,Straight,Flat,0,-0.147728,Normal
155.0999,16.96529,0,0.2174413,0.2301518,0,0.7298983,2386.112,0.897652,0.01056639,Straight,Down,-0.01978234,-0.1550064,Normal
155.1399,16.9662,0,0.2247655,0.2341192,0,0.7019336,2386.791,0.8976924,0.01042405,Straight,Down,0,-0.1622925,Normal
155.1799,16.96821,0,0.2247655,0.2341192,0,0.6736345,2387.469,0.8971648,0.01028276,Straight,Down,0,-0.1695786,Normal
155.2199,16.9698,0,0.2247655,0.2380865,0,0.6447644,2388.148,0.8966883,0.01014236,Straight,Down,-0.01978234,-0.1768723,Normal
155.2599,16.97204,0,0.2247655,0.2420539,0,0.6155243,2388.827,0.8964013,0.01000294,Straight,Down,0,-0.1841583,Normal
155.2999,16.97543,0,0.2247655,0.2460212,0,0.5859444,2389.506,0.8963839,0.009864486,Straight,Down,-0.01978234,-0.191452,Normal
155.34,16.97933,0,0.2247655,0.2499886,0,0.5562575,2390.185,0.8964807,0.009726973,Straight,Down,-0.01978234,-0.1987381,Normal
155.3799,16.98372,0,0.2247655,0.2539559,0,0.5262294,2390.864,0.8960234,0.00959042,Straight,Down,-0.01978234,-0.2060394,Normal
155.42,16.99095,0,0.2247655,0.2539559,0,0.4961183,2391.544,0.8947277,0.009454795,Straight,Down,-0.02797646,-0.2133331,Normal
155.4599,16.99784,0,0.2027929,0.2539559,0,0.4726009,2392.224,0.8958575,0.009320172,Left,Down,-0.08156469,-0.2206268,Normal
155.4999,17.00448,0,0.1698339,0.2539559,0,0.4490909,2392.904,0.8968482,0.009186449,Left,Down,-0.09891172,-0.2252655,Normal
155.5399,17.01107,0,0.09384155,0.2539559,0,0.4255789,2393.584,0.8976642,0.009053739,Left,Down,-0.09891172,-0.2287979,Normal
155.5799,17.01771,0,-0.0050354,0.2539559,0,0.4020045,2394.265,0.898088,0.00892193,Left,Down,-0.09891172,-0.2323227,Normal
155.6199,17.02482,0,-0.09475887,0.2539559,0,0.3782597,2394.946,0.8984746,0.008791155,Left,Down,-0.09691329,-0.2358627,Normal
155.6599,17.03156,0,-0.2256811,0.2539559,0,0.3543878,2395.627,0.8984521,0.008661308,Left,Down,-0.09891172,-0.2394028,Normal
155.7,17.03788,0,-0.3685051,0.2539559,0,0.3302087,2396.308,0.8969006,0.00853238,Left,Down,-0.09891172,-0.2429428,Normal
155.7399,17.04435,0,-0.4637218,0.2539559,0,0.3058432,2396.99,0.8946138,0.008404437,Left,Down,-0.09891172,-0.2464905,Normal
155.7799,17.05233,0,-0.5717558,0.2539559,0,0.2849096,2397.672,0.8939469,0.008277454,Left,Down,-0.1119058,-0.2500305,Normal
155.8199,17.05961,0,-0.6504929,0.2539559,0,0.2663455,2398.354,0.8946285,0.008151448,Left,Down,-0.132704,-0.2534637,Normal
155.8599,17.06597,0,-0.7392991,0.2539559,0,0.2471363,2399.037,0.8955116,0.008026336,Left,Down,-0.132704,-0.2555161,Normal
155.8999,17.0719,0,-0.8043033,0.2539559,0,0.227248,2399.72,0.8967304,0.007902243,Left,Down,-0.132704,-0.2575607,Normal
155.9399,17.07841,0,-0.8381778,0.2539559,0,0.2068629,2400.403,0.8976012,0.007779126,Left,Down,-0.132704,-0.259613,Normal
155.9799,17.08402,0,-0.8848715,0.2539559,0,0.185789,2401.086,0.8955649,0.007656903,Left,Down,-0.1341704,-0.2616653,Normal
156.0199,17.09224,0,-0.9288168,0.2539559,0,0.1661421,2401.77,0.8935397,0.007535675,Left,Down,-0.1341704,-0.2637177,Normal
156.06,17.10008,0,-0.9929037,0.2539559,0,0.150247,2402.454,0.8935536,0.007415389,Left,Down,-0.1506579,-0.26577,Normal
156.0999,17.10675,0,-1.056992,0.2539559,0,0.1332314,2403.138,0.8944442,0.007296122,Left,Down,-0.1582588,-0.2672043,Normal
156.1399,17.11158,0,-1.098191,0.2539559,0,0.1147805,2403.823,0.8963874,0.007177749,Left,Down,-0.1582588,-0.268158,Normal
156.1799,17.11578,0,-1.126574,0.2539559,0,0.09522918,2404.507,0.8960973,0.007060352,Left,Down,-0.1582588,-0.2691193,Normal
156.2199,17.12315,0,-1.12749,0.2579232,0,0.07435986,2405.192,0.8927444,0.006943883,Left,Down,-0.1582588,-0.2700806,Normal
156.2599,17.13095,0,-1.12749,0.2817273,0,0.0588088,2405.877,0.8929108,0.00682849,Left,Down,-0.166689,-0.2710419,Normal
156.2999,17.14328,0,-1.12749,0.3015793,0,0.04124931,2406.563,0.8935533,0.006713991,Left,Down,-0.1802258,-0.271904,Normal
156.34,17.15909,0,-1.12749,0.3134814,0,0.02167982,2407.249,0.8955531,0.006600411,Left,Down,-0.1813082,-0.2719727,Normal
156.3799,17.17442,0,-1.12749,0.3134814,0,0.0001545846,2407.936,0.8945467,0.006487883,Left,Down,-0.1802258,-0.2720337,Normal
156.4199,17.19469,0,-1.12749,0.3134814,0,-0.02123117,2408.623,0.892346,0.006376215,Left,Down,-0.1802258,-0.2720947,Normal
156.4599,17.21434,0,-1.121081,0.3134814,0,-0.03966743,2409.312,0.8923852,0.006265582,Left,Down,-0.1897456,-0.2721558,Normal
156.4999,17.2338,0,-1.1046,0.3134814,0,-0.06098577,2410.001,0.8937554,0.006155852,Left,Down,-0.199792,-0.2720032,Normal
156.5399,17.24705,0,-1.086289,0.3134814,0,-0.08485419,2410.691,0.8949789,0.006047164,Left,Down,-0.1988102,-0.2712784,Normal
156.5799,17.26694,0,-1.056992,0.3134814,0,-0.1105978,2411.381,0.891442,0.005939371,Left,Down,-0.199792,-0.2705536,Normal
156.6199,17.28646,0,-1.022202,0.3134814,0,-0.1323737,2412.073,0.8919101,0.005832554,Left,Down,-0.2027088,-0.2698288,Normal
156.6599,17.30655,0,-0.9498739,0.3134814,0,-0.1569422,2412.765,0.8936128,0.005726731,Left,Down,-0.2158,-0.2690887,Normal
156.7,17.32095,0,-0.8574039,0.3174487,0,-0.1843036,2413.457,0.8942451,0.005621852,Left,Down,-0.2167048,-0.2677536,Normal
156.7399,17.34097,0,-0.777753,0.3174487,0,-0.2118185,2414.151,0.8915916,0.005517933,Left,Down,-0.2167048,-0.2663269,Normal
156.7799,17.36138,0,-0.6797898,0.3174487,0,-0.2369907,2414.845,0.892258,0.005414966,Left,Down,-0.2220564,-0.2649002,Normal
156.8199,17.38194,0,-0.6321806,0.3174487,0,-0.2649837,2415.54,0.8942115,0.005312984,Left,Down,-0.2315465,-0.2634354,Normal
156.8599,17.39667,0,-0.6001371,0.3174487,0,-0.295259,2416.236,0.8922464,0.005211988,Left,Down,-0.23239,-0.2613907,Normal
156.8999,17.41745,0,-0.5891508,0.3174487,0,-0.322581,2416.932,0.8915626,0.005111934,Left,Down,-0.23239,-0.2593307,Normal
156.9399,17.43838,0,-0.5891508,0.3174487,0,-0.3507456,2417.63,0.8927401,0.005012841,Left,Down,-0.2406627,-0.2572632,Normal
156.9799,17.45529,0,-0.5891508,0.3174487,0,-0.3815199,2418.328,0.8933677,0.004914676,Left,Down,-0.2470816,-0.2549515,Normal
157.0199,17.47445,0,-0.5891508,0.3174487,0,-0.4116074,2419.027,0.8910913,0.004817554,Left,Down,-0.2462884,-0.2523041,Normal
157.06,17.49559,0,-0.5845731,0.3174487,0,-0.4402282,2419.726,0.8922303,0.00472135,Left,Down,-0.2517883,-0.249649,Normal
157.0999,17.5127,0,-0.5717558,0.3174487,0,-0.4713026,2420.427,0.8936942,0.004626099,Left,Down,-0.2601963,-0.2469864,Normal
157.1399,17.53096,0,-0.5534452,0.3174487,0,-0.5023432,2421.128,0.8907627,0.004531865,Left,Down,-0.2601963,-0.2437744,Normal
157.1799,17.55301,0,-0.5296415,0.3174487,0,-0.5309764,2421.83,0.8920728,0.004438551,Left,Down,-0.2631872,-0.2405624,Normal
157.2199,17.57061,0,-0.5122447,0.3174487,0,-0.5615932,2422.532,0.8932661,0.004346197,Left,Down,-0.2719625,-0.2373352,Normal
157.2599,17.5886,0,-0.4994273,0.3174487,0,-0.591554,2423.236,0.8907393,0.004254853,Left,Down,-0.2733977,-0.233696,Normal
157.2999,17.61024,0,-0.4838634,0.3174487,0,-0.6193109,2423.94,0.8923668,0.004164461,Left,Down,-0.2755364,-0.2299652,Normal
157.34,17.62802,0,-0.4783702,0.3174487,0,-0.6491823,2424.645,0.8927155,0.004075029,Left,Down,-0.2846186,-0.2262115,Normal
157.3799,17.64595,0,-0.4774547,0.3214161,0,-0.6771724,2425.351,0.8905688,0.003986541,Left,Down,-0.2859903,-0.2220612,Normal
157.4199,17.66911,0,-0.4774547,0.3214161,0,-0.7035283,2426.057,0.8924668,0.003899046,Left,Down,-0.2880355,-0.2178116,Normal
157.4599,17.68871,0,-0.4774547,0.3214161,0,-0.7318229,2426.764,0.8907474,0.003812528,Left,Down,-0.2973941,-0.2135544,Normal
157.4999,17.70794,0,-0.5186534,0.3214161,0,-0.7561818,2427.473,0.8909119,0.003726938,Left,Down,-0.2980514,-0.2088928,Normal
157.5399,17.72597,0,-0.5525297,0.3214161,0,-0.7809793,2428.182,0.8929752,0.003642357,Left,Down,-0.302612,-0.204155,Normal
157.5799,17.74953,0,-0.596475,0.3214161,0,-0.8062513,2428.891,0.8901147,0.003558703,Left,Down,-0.309643,-0.1993561,Normal
157.6199,17.77039,0,-0.6266874,0.3214161,0,-0.8280268,2429.602,0.8921243,0.00347606,Left,Down,-0.3090104,-0.1941681,Normal
157.6599,17.78733,0,-0.6504929,0.3214161,0,-0.8514592,2430.313,0.8909073,0.003394369,Left,Down,-0.3165179,-0.1889572,Normal
157.7,17.80772,0,-0.6596482,0.3214161,0,-0.8717625,2431.025,0.8909484,0.003313637,Left,Down,-0.3202056,-0.183548,Normal
157.7399,17.82499,0,-0.6596482,0.3214161,0,-0.8921634,2431.738,0.8929309,0.003233916,Left,Down,-0.3232465,-0.1779022,Normal
157.7799,17.84748,0,-0.6596482,0.3214161,0,-0.9116341,2432.452,0.8901004,0.003155089,Left,Down,-0.3310224,-0.1722565,Normal
157.8199,17.86422,0,-0.6596482,0.3214161,0,-0.9287297,2433.166,0.8923085,0.003077272,Left,Down,-0.3310224,-0.1662064,Normal
157.8599,17.88392,0,-0.6596482,0.3253834,0,-0.9471756,2433.881,0.8892184,0.003000415,Left,Down,-0.3380413,-0.1601257,Normal
157.8999,17.90558,0,-0.6614792,0.3333181,0,-0.9608182,2434.597,0.8916705,0.002924568,Left,Down,-0.3409232,-0.1538239,Normal
157.9399,17.92494,0,-0.6669724,0.3412528,0,-0.9760913,2435.314,0.8907884,0.00284964,Left,Flat,-0.3454843,-0.1473312,Normal
157.9799,17.95371,0,-0.6733811,0.3412528,0,-0.9881483,2436.032,0.8910433,0.002775672,Left,Flat,-0.3516591,-0.1407776,Normal
158.0199,17.97135,0,-0.6797898,0.3412528,0,-1.000212,2436.75,0.8920583,0.002702715,Left,Flat,-0.3533245,-0.133873,Normal
158.0599,17.99847,0,-0.6907761,0.3412528,0,-1.00974,2437.47,0.8904744,0.002630717,Left,Flat,-0.3599087,-0.1269531,Normal
158.0999,18.01535,0,-0.7127488,0.3412528,0,-1.018502,2438.19,0.8925249,0.002559663,Left,Flat,-0.3615361,-0.1197205,Normal
158.1399,18.04248,0,-0.7310593,0.3412528,0,-1.025778,2438.912,0.8901205,0.002489603,Left,Flat,-0.3679734,-0.1124115,Normal
158.1799,18.05995,0,-0.762189,0.3412528,0,-1.031688,2439.634,0.8924342,0.002420487,Left,Flat,-0.3711503,-0.1048584,Normal
158.2199,18.08675,0,-0.7905704,0.3412528,0,-1.036285,2440.357,0.8897372,0.002352363,Left,Flat,-0.3763854,-0.09716034,Normal
158.2599,18.10474,0,-0.8271915,0.3412528,0,-1.039331,2441.082,0.8920497,0.002285217,Left,Flat,-0.3800071,-0.08930206,Normal
158.2999,18.13191,0,-0.8738834,0.3452201,0,-1.041167,2441.806,0.8896068,0.002219023,Left,Flat,-0.3851218,-0.08122253,Normal
158.34,18.1503,0,-0.9159994,0.3452201,0,-1.041387,2442.532,0.8922037,0.002153822,Left,Flat,-0.3891652,-0.07302094,Normal
158.3799,18.17823,0,-0.9791708,0.3491875,0,-1.040091,2443.259,0.8897973,0.002089598,Left,Flat,-0.393167,-0.06456757,Normal
158.4199,18.19672,0,-1.027696,0.3610895,0,-1.037869,2443.987,0.8935807,0.002026293,Left,Flat,-0.3981127,-0.05600739,Normal
158.4599,18.22351,0,-1.086289,0.3690242,0,-1.033581,2444.716,0.8899108,0.001964006,Left,Flat,-0.4020255,-0.04718781,Normal
158.4999,18.24678,0,-1.140307,0.3729915,0,-1.029216,2445.446,0.890301,0.001902647,Left,Flat,-0.4059006,-0.03824615,Normal
158.5399,18.27129,0,-1.181506,0.3729915,0,-1.021747,2446.176,0.8868565,0.001842297,Left,Flat,-0.4102162,-0.02906036,Normal
158.5799,18.29827,0,-1.23827,0.3729915,0,-1.01558,2446.908,0.8862274,0.001782932,Left,Flat,-0.414487,-0.01976013,Normal
158.6199,18.31905,0,-1.279469,0.3729915,0,-1.00586,2447.641,0.8845315,0.001724486,Left,Flat,-0.409739,-0.01023865,Normal
158.6599,18.3456,0,-1.322499,0.3729915,0,-0.9980775,2448.374,0.885307,0.001667059,Left,Flat,-0.4073442,0.01436615,Normal
158.7,18.36187,0,-1.349967,0.3729915,0,-0.9870224,2449.109,0.8849975,0.001610584,Left,Flat,-0.3961419,0.05695343,Normal
158.7399,18.38944,0,-1.350882,0.3729915,0,-0.9779087,2449.844,0.8854288,0.00155506,Left,Flat,-0.3881583,0.1039352,Normal
158.7799,18.4073,0,-1.343556,0.3729915,0,-0.9666732,2450.58,0.8859575,0.001500522,Left,Up,-0.3779418,0.1558762,Normal
158.8199,18.43387,0,-1.327992,0.3729915,0,-0.9564232,2451.317,0.8846534,0.001446994,Left,Up,-0.3700944,0.2067337,Normal
158.8599,18.4511,0,-1.310597,0.3729915,0,-0.9455817,2452.055,0.8873444,0.001394368,Left,Up,-0.3620769,0.2560883,Normal
158.8999,18.4758,0,-1.292287,0.3729915,0,-0.9341085,2452.794,0.885444,0.001342777,Left,Up,-0.3522151,0.3047333,Normal
158.9399,18.49378,0,-1.270314,0.3729915,0,-0.9252393,2453.534,0.8884487,0.001292113,Left,Up,-0.3471792,0.3514938,Normal
158.9799,18.513,0,-1.240101,0.3729915,0,-0.913154,2454.274,0.8865001,0.001242467,Left,Up,-0.3345502,0.3982086,Normal
159.0199,18.53554,0,-1.209887,0.3729915,0,-0.9047003,2455.016,0.8870404,0.001193765,Left,Up,-0.3339648,0.4423599,Normal
159.0599,18.55603,0,-1.152209,0.3729915,0,-0.8946431,2455.758,0.8877535,0.001146024,Left,Up,-0.3220336,0.4865799,Normal
159.0999,18.57262,0,-1.090867,0.3729915,0,-0.8854297,2456.5,0.8860627,0.001099267,Left,Up,-0.3171355,0.5291672,Normal
159.1399,18.58862,0,-1.044175,0.3729915,0,-0.8796643,2457.243,0.8888057,0.001053487,Left,Up,-0.3109043,0.5707626,Normal
159.1799,18.60755,0,-0.9800863,0.3729915,0,-0.8700078,2457.988,0.8873181,0.001008693,Left,Up,-0.2993615,0.6121826,Normal
159.2199,18.63055,0,-0.9388876,0.3729915,0,-0.8636886,2458.732,0.8858132,0.0009648253,Left,Up,-0.2993615,0.6511383,Normal
159.2599,18.64609,0,-0.8848715,0.3729915,0,-0.8590825,2459.478,0.8881834,0.0009220011,Left,Up,-0.2907402,0.6901703,Normal
159.2999,18.66174,0,-0.8326846,0.3729915,0,-0.8521101,2460.224,0.8869228,0.0008800957,Left,Up,-0.2818553,0.7282562,Normal
159.34,18.682,0,-0.8088809,0.3729915,0,-0.8481873,2460.971,0.8855196,0.0008391754,Left,Up,-0.2825486,0.7646637,Normal
159.3799,18.69969,0,-0.7905704,0.3729915,0,-0.845709,2461.719,0.8881502,0.0007992155,Left,Up,-0.2712421,0.8011322,Normal
159.4199,18.71347,0,-0.7685977,0.3729915,0,-0.8408607,2462.467,0.8872111,0.0007602655,Left,Up,-0.2654082,0.8362198,Normal
159.4599,18.73043,0,-0.720073,0.3729915,0,-0.8390256,2463.216,0.8855282,0.0007222675,Left,Up,-0.2661444,0.8700943,Normal
159.4999,18.74969,0,-0.6431669,0.3729915,0,-0.8395579,2463.966,0.8881482,0.0006852216,Left,Up,-0.2548778,0.9040298,Normal
159.5399,18.76375,0,-0.5772489,0.3729915,0,-0.8363992,2464.716,0.8873713,0.0006491856,Left,Up,-0.249446,0.9366302,Normal
159.5799,18.7762,0,-0.4545665,0.3729915,0,-0.8358272,2465.467,0.8859796,0.00061411,Left,Up,-0.2486604,0.9679947,Normal
159.6199,18.79906,0,-0.3584343,0.3729915,0,-0.8380518,2466.219,0.8872946,0.0005799863,Left,Up,-0.2406627,0.9994125,Normal
159.6599,18.81348,0,-0.2330053,0.3729915,0,-0.8370788,2466.971,0.8878276,0.0005468809,Left,Up,-0.2332305,1.030052,Normal
159.6999,18.82809,0,-0.13138,0.3729915,0,-0.8368012,2467.724,0.8872647,0.0005146944,Left,Up,-0.23239,1.058952,Normal
159.7399,18.84459,0,-0.06546199,0.3729915,0,-0.838478,2468.478,0.8853731,0.0004835509,Left,Up,-0.2298502,1.087837,Normal
159.7799,18.86179,0,0.009613037,0.3729915,0,-0.8416607,2469.232,0.8887379,0.0004533264,Left,Up,-0.2176059,1.11676,Normal
159.8199,18.8776,0,0.03982544,0.3729915,0,-0.8399153,2469.987,0.8881919,0.0004240953,Left,Up,-0.2167048,1.143456,Normal
159.8599,18.89085,0,0.06271362,0.3729915,0,-0.8398501,2470.743,0.887275,0.000395808,Left,Up,-0.2158,1.169868,Normal
159.8999,18.91483,0,0.09292603,0.3729915,0,-0.841442,2471.499,0.8860884,0.0003685388,Left,Up,-0.2102893,1.196304,Normal
159.9399,18.92716,0,0.1112366,0.3769741,0,-0.8426083,2472.256,0.8889464,0.0003422217,Left,Up,-0.2007689,1.222282,Normal
159.9799,18.94219,0,0.1240575,0.3809415,0,-0.8397785,2473.014,0.8883673,0.0003168649,Left,Up,-0.2007689,1.246246,Normal
160.0199,18.95661,0,0.1277196,0.3809415,0,-0.8379607,2473.772,0.8874265,0.0002925181,Left,Up,-0.2007689,1.270218,Normal
160.0599,18.97997,0,0.1286352,0.3809415,0,-0.8370786,2474.531,0.8858051,0.0002691232,Left,Up,-0.1938267,1.294205,Normal
160.0999,18.99501,0,0.1286352,0.3809415,0,-0.8363252,2475.29,0.8890392,0.0002467053,Left,Up,-0.1845175,1.31752,Normal
160.1399,19.01063,0,0.1286352,0.3809415,0,-0.8297381,2476.051,0.8886266,0.0002252476,Left,Up,-0.1855749,1.339066,Normal
160.1799,19.02603,0,0.09841919,0.3809415,0,-0.8240446,2476.812,0.8881806,0.0002048082,Left,Up,-0.1845175,1.360641,Normal
160.2199,19.04509,0,0.05172729,0.3809415,0,-0.8190421,2477.573,0.8865558,0.0001853125,Left,Up,-0.1802258,1.38221,Normal
160.2599,19.06335,0,-0.04074097,0.3809415,0,-0.8148838,2478.335,0.8877406,0.0001667771,Left,Up,-0.1701742,1.403603,Normal
160.2999,19.07756,0,-0.148775,0.3809415,0,-0.8073289,2479.098,0.889214,0.0001492517,Left,Up,-0.1690205,1.422707,Normal
160.34,19.09277,0,-0.2137792,0.3809415,0,-0.7966367,2479.862,0.8888717,0.0001326866,Left,Up,-0.1690205,1.441826,Normal
160.3799,19.10678,0,-0.314489,0.3809415,0,-0.7865937,2480.626,0.88794,0.0001170652,Left,Up,-0.1690205,1.460953,Normal
160.4199,19.1232,0,-0.4005486,0.3809415,0,-0.7769436,2481.391,0.8865779,0.000102462,Left,Up,-0.1619255,1.48008,Normal
160.4599,19.14229,0,-0.5076671,0.3809415,0,-0.7681412,2482.156,0.8876823,8.88192E-05,Left,Up,-0.1545051,1.498192,Normal
160.4999,19.1559,0,-0.596475,0.3809415,0,-0.7567463,2482.922,0.8893958,7.61201E-05,Left,Up,-0.1545051,1.514786,Normal
160.5399,19.17013,0,-0.6486619,0.3809415,0,-0.7415352,2483.689,0.8891031,6.443924E-05,Left,Up,-0.1532334,1.531387,Normal
160.5799,19.18381,0,-0.6834519,0.3809415,0,-0.7271242,2484.456,0.8882248,5.371041E-05,Left,Up,-0.1545051,1.548004,Normal
160.6199,19.19974,0,-0.6953537,0.3809415,0,-0.7134192,2485.224,0.8872932,4.39667E-05,Left,Up,-0.1467098,1.564621,Normal
160.6599,19.21462,0,-0.7017624,0.3809415,0,-0.7006083,2485.992,0.8862792,3.519985E-05,Left,Up,-0.1384764,1.580582,Normal
160.6999,19.23068,0,-0.7017624,0.3809415,0,-0.6887474,2486.761,0.8892078,2.73933E-05,Left,Up,-0.1370561,1.594589,Normal
160.7399,19.24411,0,-0.7017624,0.3809415,0,-0.6714326,2487.531,0.889504,2.057188E-05,Left,Up,-0.1384764,1.608604,Normal
160.7799,19.25711,0,-0.6907761,0.3809415,0,-0.6536234,2488.301,0.8888537,1.472731E-05,Left,Up,-0.1384764,1.622627,Normal
160.8199,19.27195,0,-0.6834519,0.3809415,0,-0.6370113,2489.072,0.8879477,9.843045E-06,Left,Up,-0.1384764,1.63665,Normal
160.8599,19.28539,0,-0.6614792,0.3809415,0,-0.6215425,2489.843,0.8873888,5.935629E-06,Left,Up,-0.1282043,1.650673,Normal
160.8999,19.29882,0,-0.6074613,0.3809415,0,-0.6074169,2490.615,0.8865801,3.013346E-06,Left,Up,-0.1219466,1.663277,Normal
160.9399,19.31533,0,-0.5589384,0.3809415,0,-0.5948817,2491.387,0.8884916,1.076195E-06,Left,Up,-0.1219466,1.674576,Normal
160.9799,19.32725,0,-0.4701304,0.3809415,0,-0.5803443,2492.16,0.8898673,9.106265E-08,Left,Up,-0.1235407,1.685875,Normal
161.0199,19.33937,0,-0.4124522,0.3809415,0,-0.5623918,2492.934,0.8892974,9.106265E-08,Left,Up,-0.1219466,1.697189,Normal
161.0599,19.35241,0,-0.3465325,0.3809415,0,-0.545573,2493.708,0.8884742,1.076195E-06,Left,Up,-0.1219466,1.708504,Normal
161.0999,19.3672,0,-0.291599,0.3809415,0,-0.5301731,2494.482,0.8878257,3.013346E-06,Left,Up,-0.1186941,1.719826,Normal
161.1399,19.37982,0,-0.2558935,0.3809415,0,-0.5163871,2495.258,0.8875636,5.935629E-06,Left,Up,-0.1046783,1.731026,Normal
161.1799,19.39241,0,-0.2211034,0.3809415,0,-0.5036815,2496.033,0.8869662,9.843045E-06,Left,Up,-0.1046783,1.73941,Normal
161.2199,19.4066,0,-0.1972997,0.3809415,0,-0.4923961,2496.809,0.8878806,1.472731E-05,Left,Up,-0.1046783,1.747795,Normal
161.2599,19.42001,0,-0.1716632,0.3610895,0,-0.4825507,2497.586,0.8899965,2.057188E-05,Left,Up,-0.1046783,1.75618,Normal
161.2999,19.42704,0,-0.1368731,0.3571222,0,-0.4662288,2498.363,0.8898578,2.73933E-05,Left,Up,-0.1065312,1.764565,Normal
161.3399,19.43408,0,-0.1048297,0.3571222,0,-0.4506282,2499.14,0.8891147,3.517502E-05,Left,Up,-0.1065312,1.772949,Normal
161.3799,19.44361,0,-0.06637752,0.3531548,0,-0.4363816,2499.918,0.8882998,4.39667E-05,Left,Up,-0.1046783,1.781334,Normal
161.4199,19.45,0,-0.02334595,0.3531548,0,-0.4233781,2500.696,0.8879405,5.371041E-05,Left,Up,-0.09487279,1.789719,Normal
161.4599,19.4565,0,0.009613037,0.3491875,0,-0.4114218,2501.474,0.8878224,6.443924E-05,Left,Up,-0.08622923,1.796722,Normal
161.4999,19.46174,0,0.03799438,0.3452201,0,-0.4004627,2502.252,0.8877115,7.61201E-05,Left,Up,-0.08622923,1.801819,Normal
161.5399,19.46671,0,0.0453186,0.3452201,0,-0.3903797,2503.031,0.8874909,8.878608E-05,Left,Up,-0.08622923,1.806915,Normal
161.5799,19.4728,0,0.0453186,0.3372854,0,-0.3812135,2503.81,0.8886763,0.0001024372,Left,Up,-0.08622923,1.812004,Normal
161.6199,19.47642,0,0.0453186,0.3372854,0,-0.37301,2504.589,0.8903981,0.0001170652,Left,Up,-0.08846933,1.817101,Normal
161.6599,19.47901,0,0.0453186,0.3372854,0,-0.3578305,2505.368,0.8900771,0.0001326534,Left,Up,-0.08846933,1.822189,Normal
161.6999,19.48207,0,0.0453186,0.3372854,0,-0.3424379,2506.147,0.8894472,0.0001492268,Left,Up,-0.08846933,1.827278,Normal
161.7399,19.48643,0,0.0453186,0.3333181,0,-0.3278643,2506.927,0.8887616,0.0001667523,Left,Up,-0.08622923,1.832367,Normal
161.7799,19.48863,0,0.04623413,0.3253834,0,-0.3140873,2507.706,0.8885546,0.0001852877,Left,Up,-0.07912937,1.837456,Normal
161.8199,19.48937,0,0.05722046,0.3253834,0,-0.3008461,2508.486,0.8884727,0.0002047751,Left,Up,-0.0656106,1.841721,Normal
161.8599,19.48983,0,0.05722046,0.3214161,0,-0.2880791,2509.266,0.8885037,0.0002252228,Left,Up,-0.0656106,1.842804,Normal
161.8999,19.48978,0,0.05722046,0.3174487,0,-0.2759456,2510.046,0.8885714,0.0002466804,Left,Up,-0.0656106,1.84388,Normal
161.9399,19.4882,0,0.05722046,0.3174487,0,-0.2639775,2510.825,0.8885537,0.0002690901,Left,Up,-0.0656106,1.844955,Normal
161.9799,19.4874,0,0.05722046,0.3055466,0,-0.2521752,2511.604,0.8883233,0.000292485,Left,Up,-0.0656106,1.846031,Normal
162.0199,19.48454,0,0.05722046,0.297612,0,-0.240717,2512.384,0.8891532,0.0003168318,Left,Up,-0.0656106,1.847107,Normal
162.0599,19.4799,0,0.05722046,0.2856947,0,-0.229717,2513.163,0.8898492,0.0003421969,Left,Up,-0.0656106,1.848175,Normal
162.0999,19.47273,0,0.05722046,0.2698253,0,-0.2187667,2513.942,0.8900554,0.000368514,Left,Up,-0.0656106,1.849243,Normal
162.1399,19.46272,0,0.05722046,0.2698253,0,-0.1988377,2514.721,0.8904484,0.0003957831,Left,Up,-0.0656106,1.850311,Normal
162.1799,19.45227,0,0.05264282,0.2698253,0,-0.1773989,2515.499,0.8908127,0.0004240291,Left,Up,-0.0656106,1.851372,Normal
162.2199,19.44166,0,0.0453186,0.2698253,0,-0.1561115,2516.277,0.8911189,0.0004532685,Left,Up,-0.0656106,1.85244,Normal
162.2599,19.43139,0,0.03433228,0.2698253,0,-0.1351395,2517.054,0.8911591,0.0004834847,Left,Up,-0.05934703,1.8535,Normal
162.2999,19.42121,0,0.02151489,0.2698253,0,-0.1141772,2517.831,0.8910465,0.0005146613,Straight,Up,-0.02797646,1.854553,Normal
162.3399,19.41105,0,0.009613037,0.2698253,0,-0.09324089,2518.608,0.8907413,0.0005468146,Straight,Up,0,1.845451,Normal
162.3799,19.40088,0,-0.005950928,0.2698253,0,-0.07249555,2519.384,0.8905876,0.0005799615,Straight,Up,-0.01978234,1.83519,Normal
162.4199,19.39072,0,-0.02426147,0.2698253,0,-0.05166653,2520.159,0.8904604,0.000614052,Straight,Up,-0.01978234,1.824944,Normal
162.4599,19.38059,0,-0.04623413,0.2698253,0,-0.03094986,2520.935,0.890294,0.0006491277,Straight,Up,-0.01978234,1.814697,Normal
162.4999,19.37049,0,-0.08194149,0.2698253,0,-0.01025566,2521.71,0.8901798,0.0006851885,Straight,Up,-0.01978234,1.804451,Normal
162.5399,19.3604,0,-0.1194781,0.2698253,0,0.01013866,2522.484,0.8900993,0.0007222013,Straight,Up,-0.01978234,1.79422,Normal
162.5799,19.35036,0,-0.18906,0.2698253,0,0.03052291,2523.258,0.8900958,0.0007601993,Straight,Up,-0.01978234,1.783989,Normal
162.6199,19.34033,0,-0.2668798,0.2698253,0,0.05061969,2524.032,0.8900908,0.0007991824,Straight,Up,-0.01978234,1.773766,Normal
162.6599,19.33032,0,-0.3208977,0.2698253,0,0.07041892,2524.805,0.8900735,0.0008391175,Straight,Up,-0.01978234,1.763542,Normal
162.6999,19.32034,0,-0.3813225,0.2698253,0,0.08994076,2525.578,0.8900911,0.0008800377,Straight,Up,-0.01978234,1.753334,Normal
162.7399,19.3104,0,-0.4161143,0.2698253,0,0.109091,2526.351,0.890027,0.0009219431,Straight,Up,-0.01978234,1.743126,Normal
162.7799,19.30048,0,-0.4472423,0.2936446,0,0.1279601,2527.123,0.8901914,0.0009647922,Straight,Up,-0.01978234,1.732925,Normal
162.8199,19.2962,0,-0.4756236,0.297612,0,0.1463425,2527.895,0.8904853,0.001008635,Straight,Up,0,1.722725,Normal
162.8599,19.2925,0,-0.4939342,0.3055466,0,0.1643448,2528.667,0.8904719,0.001053429,Straight,Up,-0.01978234,1.712532,Normal
162.8999,19.29016,0,-0.523231,0.309514,0,0.181759,2529.438,0.8903775,0.001099234,Straight,Up,0,1.702339,Normal
162.9399,19.28859,0,-0.5470365,0.309514,0,0.1984503,2530.209,0.8903026,0.001145966,Straight,Up,-0.01978234,1.692146,Normal
162.9799,19.28731,0,-0.5717558,0.309514,0,0.2145271,2530.981,0.8903881,0.001193707,Straight,Up,-0.01978234,1.681961,Normal
163.0199,19.28605,0,-0.5827421,0.309514,0,0.2297624,2531.752,0.8904943,0.001242401,Straight,Up,0,1.671783,Normal
163.0599,19.28475,0,-0.5836576,0.309514,0,0.2441337,2532.524,0.8906118,0.001292055,Straight,Up,-0.01978234,1.661598,Normal
163.0999,19.28339,0,-0.5781645,0.309514,0,0.2574226,2533.295,0.890697,0.001342686,Straight,Up,-0.01978234,1.651421,Normal
163.1399,19.28201,0,-0.561685,0.309514,0,0.2697212,2534.067,0.890707,0.001394335,Straight,Up,-0.01978234,1.641243,Normal
163.1799,19.28061,0,-0.5250621,0.309514,0,0.2809958,2534.838,0.8906455,0.001446911,Straight,Up,-0.01978234,1.631073,Normal
163.2199,19.27917,0,-0.4591441,0.309514,0,0.2911185,2535.609,0.89053,0.001500464,Straight,Up,-0.01978234,1.620903,Normal
163.2599,19.2778,0,-0.4051262,0.309514,0,0.3000236,2536.38,0.8903576,0.001555002,Straight,Up,-0.01978234,1.610741,Normal
163.2999,19.27645,0,-0.3346306,0.309514,0,0.3078915,2537.151,0.8902436,0.001610493,Straight,Up,-0.01978234,1.600578,Normal
163.3399,19.27514,0,-0.2870214,0.309514,0,0.3146398,2537.922,0.8903921,0.001667001,Straight,Up,-0.01978234,1.590416,Normal
163.3799,19.27373,0,-0.2092016,0.309514,0,0.3203191,2538.693,0.8906837,0.001724395,Straight,Up,-0.01978234,1.580261,Normal
163.4199,19.27251,0,-0.1304644,0.309514,0,0.3250594,2539.464,0.8911216,0.001782841,Straight,Up,-0.01978234,1.570114,Normal
163.4599,19.27131,0,-0.07095516,0.309514,0,0.3285586,2540.235,0.8911817,0.001842239,Straight,Up,0,1.559967,Normal
163.4999,19.27028,0,-0.01602173,0.309514,0,0.3313873,2541.006,0.8911198,0.001902555,Straight,Up,-0.01978234,1.54982,Normal
163.5399,19.26926,0,0.03250122,0.309514,0,0.3331369,2541.777,0.8910843,0.001963915,Straight,Up,-0.01978234,1.539688,Normal
163.5799,19.26826,0,0.07553101,0.309514,0,0.3339513,2542.548,0.8911902,0.002026202,Straight,Up,0,1.529549,Normal
163.6199,19.26731,0,0.1359594,0.309514,0,0.333921,2543.318,0.8912148,0.002089507,Straight,Up,-0.01978234,1.519417,Normal
163.6599,19.26647,0,0.2018774,0.2817273,0,0.3329292,2544.089,0.8913772,0.002153731,Straight,Up,-0.01978234,1.509277,Normal
163.6999,19.25989,0,0.2961767,0.2817273,0,0.3311253,2544.859,0.8912953,0.00221894,Straight,Up,-0.01978234,1.499146,Normal
163.7399,19.25307,0,0.3630137,0.2817273,0,0.3287194,2545.629,0.8913215,0.002285126,Straight,Up,-0.01978234,1.489029,Normal
163.7799,19.24628,0,0.4509044,0.2817273,0,0.3258559,2546.399,0.8914142,0.002352305,Straight,Up,-0.01978234,1.478912,Normal
163.8199,19.23807,0,0.488441,0.27776,0,0.3224915,2547.169,0.8906268,0.002420404,Straight,Up,0,1.468811,Normal
163.8599,19.2337,0,0.4930186,0.27776,0,0.3178253,2547.938,0.8908148,0.002489479,Straight,Up,-0.01978234,1.45871,Normal
163.8999,19.22817,0,0.4930186,0.27776,0,0.311996,2548.707,0.893178,0.002559581,Straight,Up,-0.01978234,1.448624,Normal
163.9399,19.22209,0,0.4930186,0.27776,0,0.3059587,2549.476,0.8951777,0.002630593,Straight,Up,-0.01978234,1.438545,Normal
163.9799,19.21496,0,0.4930186,0.27776,0,0.2998171,2550.245,0.896304,0.002702599,Straight,Up,-0.01978234,1.428459,Normal
164.0199,19.21054,0,0.4930186,0.27776,0,0.2939247,2551.013,0.8966146,0.002775581,Straight,Up,-0.01978234,1.418358,Normal
164.0599,19.2058,0,0.4829478,0.27776,0,0.2882659,2551.782,0.8964083,0.002849557,Straight,Up,0.03956468,1.408264,Normal
164.0999,19.20091,0,0.4682994,0.27776,0,0.2828151,2552.55,0.8958514,0.002924444,Right,Up,0.05233916,1.389427,Normal
164.1399,19.1958,0,0.4444957,0.27776,0,0.2779703,2553.318,0.8951524,0.003000324,Right,Up,0.05595291,1.364136,Normal
164.1799,19.19095,0,0.4106212,0.27776,0,0.273444,2554.085,0.8942908,0.003077181,Right,Up,0.05595291,1.338852,Normal
164.2199,19.18596,0,0.3859019,0.27776,0,0.2694643,2554.853,0.8942026,0.003154998,Right,Up,0.05595291,1.313568,Normal
164.2599,19.18141,0,0.3666759,0.27776,0,0.2661208,2555.62,0.8945342,0.003233792,Right,Up,0.05595291,1.2883,Normal
164.2999,19.17628,0,0.3456151,0.27776,0,0.2633735,2556.387,0.8947667,0.003313513,Right,Up,0.05595291,1.263039,Normal
164.3399,19.17205,0,0.3446996,0.27776,0,0.2615061,2557.155,0.8940982,0.003394278,Right,Up,0.05595291,1.237778,Normal
164.3799,19.16842,0,0.3446996,0.27776,0,0.2542828,2557.921,0.895133,0.003475969,Right,Up,0.05595291,1.212517,Normal
164.4199,19.16475,0,0.3446996,0.27776,0,0.2473808,2558.688,0.8959663,0.003558637,Right,Up,0.05595291,1.187263,Normal
164.4599,19.16048,0,0.3392065,0.27776,0,0.2414996,2559.454,0.896511,0.003642233,Right,Up,0.05595291,1.161995,Normal
164.4999,19.15719,0,0.3208959,0.297612,0,0.2365835,2560.22,0.8965564,0.003726813,Right,Up,0.05595291,1.136711,Normal
164.5399,19.15634,0,0.2980077,0.3055466,0,0.2327208,2560.987,0.896075,0.003812404,Right,Up,0.05934703,1.111427,Normal
164.5799,19.15956,0,0.2494848,0.3134814,0,0.2299882,2561.753,0.8952802,0.003898922,Right,Up,0.08622923,1.086136,Normal
164.6199,19.16538,0,0.18906,0.3134814,0,0.2280217,2562.52,0.8959653,0.003986425,Right,Up,0.09065409,1.053627,Normal
164.6599,19.17052,0,0.1368749,0.3134814,0,0.2270201,2563.286,0.896024,0.004074905,Right,Up,0.08846933,1.01947,Normal
164.6999,19.17613,0,0.05813599,0.3134814,0,0.222156,2564.053,0.8964013,0.004164345,Right,Up,0.09065409,0.9852982,Normal
164.7399,19.18188,0,0.0050354,0.3134814,0,0.2162488,2564.82,0.8967964,0.004254704,Right,Up,0.09065409,0.9511032,Normal
164.7799,19.18814,0,-0.05813599,0.3134814,0,0.2109805,2565.588,0.8970755,0.004346106,Right,Up,0.09065409,0.9168701,Normal
164.8199,19.19383,0,-0.1011676,0.3134814,0,0.2065375,2566.355,0.8966446,0.004438435,Right,Up,0.08846933,0.8826218,Normal
164.8599,19.20084,0,-0.1295489,0.3134814,0,0.2026461,2567.124,0.8958351,0.004531716,Right,Up,0.08846933,0.8483505,Normal
164.8999,19.20846,0,-0.1542681,0.3134814,0,0.1994088,2567.892,0.8965811,0.004625983,Right,Up,0.1083524,0.8140869,Normal
164.9399,19.21607,0,-0.1670855,0.3134814,0,0.1937182,2568.66,0.8971069,0.004721201,Right,Up,0.1203313,0.7758865,Normal
164.9799,19.22326,0,-0.190891,0.3134814,0,0.1847546,2569.429,0.8973591,0.004817429,Right,Up,0.1203313,0.7333832,Normal
165.0199,19.23063,0,-0.2366674,0.3134814,0,0.1764129,2570.198,0.8973804,0.004914585,Right,Up,0.1203313,0.6908264,Normal
165.0599,19.23816,0,-0.2668798,0.3134814,0,0.1684597,2570.968,0.8961852,0.005012692,Right,Up,0.1203313,0.6482697,Normal
165.0999,19.24755,0,-0.314489,0.3134814,0,0.16078,2571.738,0.896817,0.005111785,Right,Up,0.1203313,0.6056976,Normal
165.1399,19.25791,0,-0.3511101,0.3134814,0,0.1502067,2572.508,0.8976607,0.005211839,Right,Up,0.1297215,0.5631256,Normal
165.1799,19.26702,0,-0.3941399,0.3134814,0,0.1357629,2573.278,0.8987939,0.005312868,Right,Up,0.1506579,0.5195236,Normal
165.2199,19.27644,0,-0.439918,0.3134814,0,0.1212575,2574.049,0.8991788,0.005414817,Right,Up,0.1493534,0.4687958,Normal
165.2599,19.28627,0,-0.4646373,0.3134814,0,0.1065805,2574.821,0.8991504,0.005517817,Right,Up,0.1506579,0.4179993,Normal
165.2999,19.29726,0,-0.4893565,0.3134814,0,0.09153038,2575.593,0.8986087,0.005621703,Right,Up,0.1506579,0.367157,Normal
165.3399,19.30796,0,-0.4994273,0.3134814,0,0.07589099,2576.365,0.8981602,0.005726582,Right,Up,0.1594904,0.3162918,Normal
165.3799,19.31765,0,-0.4994273,0.3134814,0,0.06002805,2577.137,0.8971541,0.005832405,Right,Up,0.1802258,0.2648468,Normal
165.4199,19.32892,0,-0.4994273,0.3134814,0,0.04350105,2577.91,0.8958011,0.005939247,Right,Up,0.1802258,0.2058258,Normal
165.4599,19.34081,0,-0.4994273,0.3134814,0,0.02637509,2578.684,0.8979022,0.006047015,Right,Flat,0.1802258,0.1467667,Normal
165.4999,19.35127,0,-0.4994273,0.3134814,0,0.01699811,2579.458,0.8980208,0.006155703,Right,Flat,0.1440177,0.087677,Normal
165.5399,19.36115,0,-0.4994273,0.3134814,0,0.007059753,2580.232,0.8976426,0.006265433,Left,Flat,-0.1251145,0.02854919,Normal
165.5799,19.37258,0,-0.4994273,0.3134814,0,-0.00342837,2581.007,0.8963105,0.006376066,Left,Flat,-0.1607126,-0.0003967285,Normal
165.6199,19.3845,0,-0.4994273,0.3134814,0,-0.01503268,2581.782,0.8958431,0.006487734,Left,Flat,-0.1619255,-0.02359009,Normal
165.6599,19.39629,0,-0.4994273,0.3134814,0,-0.02736226,2582.558,0.8975677,0.006600262,Left,Flat,-0.1607126,-0.04678345,Normal
165.6999,19.40712,0,-0.4994273,0.3134814,0,-0.03255731,2583.334,0.8977538,0.006713809,Left,Flat,-0.1582588,-0.06998444,Normal
165.7399,19.41731,0,-0.4994273,0.3134814,0,-0.03852877,2584.111,0.897516,0.006828316,Left,Flat,-0.1582588,-0.0905304,Normal
165.7799,19.4296,0,-0.4893565,0.3134814,0,-0.0457772,2584.888,0.8970248,0.006943825,Left,Flat,-0.1570175,-0.1083832,Normal
165.8199,19.44032,0,-0.4353404,0.3134814,0,-0.05412439,2585.665,0.895961,0.007060203,Left,Flat,-0.1582588,-0.126236,Normal
165.8599,19.45248,0,-0.3208977,0.3134814,0,-0.06383222,2586.443,0.8963873,0.007177566,Left,Flat,-0.1570175,-0.1440811,Normal
165.8999,19.46454,0,-0.1249713,0.3134814,0,-0.07470816,2587.222,0.8976492,0.007295973,Left,Down,-0.1426525,-0.1619339,Normal
165.9399,19.4758,0,0.01602173,0.3134814,0,-0.07805362,2588.001,0.8979142,0.007415207,Left,Down,-0.1282043,-0.1787643,Normal
165.9799,19.487,0,0.1121521,0.3134814,0,-0.08198681,2588.78,0.897863,0.007535526,Left,Down,-0.1297215,-0.1941299,Normal
166.0199,19.4998,0,0.1286352,0.3134814,0,-0.08664489,2589.56,0.8977084,0.007656754,Left,Down,-0.1297215,-0.2095032,Normal
166.0599,19.51188,0,0.1286352,0.3134814,0,-0.09244162,2590.34,0.8974068,0.007778977,Left,Down,-0.1297215,-0.224884,Normal
166.0999,19.52356,0,0.1286352,0.3134814,0,-0.09906512,2591.121,0.8970928,0.007902061,Left,Down,-0.1297215,-0.2402725,Normal
166.1399,19.53585,0,0.1286352,0.3134814,0,-0.1065111,2591.902,0.8962978,0.008026155,Left,Down,-0.1170339,-0.255661,Normal
166.1799,19.54877,0,0.1240575,0.3134814,0,-0.1149494,2592.684,0.897243,0.008151266,Left,Down,-0.09891172,-0.2704163,Normal
166.2199,19.56152,0,0.1240575,0.3134814,0,-0.1240532,2593.466,0.8981049,0.008277272,Left,Down,-0.09691329,-0.2831116,Normal
166.2599,19.57402,0,0.1240575,0.3134814,0,-0.1268063,2594.249,0.8986949,0.008404263,Left,Down,-0.09691329,-0.2958069,Normal
166.2999,19.58671,0,0.1240575,0.3134814,0,-0.1281282,2595.032,0.8990453,0.008532198,Left,Down,-0.09891172,-0.3085022,Normal
166.3399,19.60004,0,0.1240575,0.3134814,0,-0.1298867,2595.816,0.8989859,0.008661126,Left,Down,-0.09691329,-0.3212204,Normal
166.3799,19.61316,0,0.1240575,0.3134814,0,-0.1324442,2596.601,0.8988165,0.008790973,Left,Down,-0.09891172,-0.3339386,Normal
166.4199,19.62627,0,0.1240575,0.3134814,0,-0.1352685,2597.386,0.8990737,0.008921805,Left,Down,-0.09891172,-0.3466721,Normal
166.4599,19.63931,0,0.1240575,0.3134814,0,-0.1384559,2598.171,0.8992544,0.009053565,Left,Down,-0.09278741,-0.3594055,Normal
166.4999,19.65228,0,0.1240575,0.3134814,0,-0.1419323,2598.957,0.8992744,0.009186276,Left,Down,-0.06255726,-0.3721466,Normal
166.5399,19.66519,0,0.1130676,0.3134814,0,-0.1455114,2599.743,0.8991361,0.009319997,Left,Down,-0.05595291,-0.3820114,Normal
166.5799,19.67804,0,0.08010864,0.3214161,0,-0.1491347,2600.531,0.8990349,0.00945458,Left,Down,-0.05233916,-0.3912277,Normal
166.6199,19.69233,0,0.03250122,0.3214161,0,-0.1529121,2601.318,0.8989522,0.009590247,Left,Down,-0.05595291,-0.4004593,Normal
166.6599,19.70679,0,-0.0050354,0.3214161,0,-0.1569201,2602.106,0.8989302,0.009726799,Left,Down,-0.05595291,-0.4096832,Normal
166.6999,19.7215,0,-0.0352478,0.3214161,0,-0.1610447,2602.895,0.899232,0.009864337,Left,Down,-0.05595291,-0.4189224,Normal
166.7399,19.73612,0,-0.03982544,0.3253834,0,-0.165239,2603.684,0.8994671,0.01000274,Left,Down,-0.05595291,-0.4281616,Normal
166.7799,19.75125,0,-0.03982544,0.3253834,0,-0.1697308,2604.474,0.8997197,0.01014215,Left,Down,-0.05595291,-0.4374084,Normal
166.8199,19.76627,0,-0.0151062,0.3253834,0,-0.173941,2605.265,0.8997269,0.01028258,Left,Down,-0.05595291,-0.4466629,Normal
166.8599,19.78248,0,0.03433228,0.3253834,0,-0.1767856,2606.056,0.9000134,0.01042384,Left,Down,-0.05595291,-0.455925,Normal
166.8999,19.79874,0,0.1176488,0.3253834,0,-0.1763528,2606.848,0.9008536,0.01056618,Left,Down,-0.05595291,-0.4651871,Normal
166.9399,19.81482,0,0.1707494,0.3253834,0,-0.1758964,2607.64,0.9011551,0.01070941,Left,Down,-0.05595291,-0.4744644,Normal
166.9799,19.8304,0,0.2201879,0.3253834,0,-0.1752738,2608.433,0.901222,0.01085365,Left,Down,-0.05595291,-0.4837494,Normal
167.0199,19.84672,0,0.2485693,0.3293507,0,-0.1742448,2609.227,0.9014243,0.01099873,Left,Down,-0.05595291,-0.493042,Normal
167.0599,19.86343,0,0.2595556,0.3293507,0,-0.1734037,2610.021,0.9012417,0.01114488,Left,Down,-0.05595291,-0.5023499,Normal
167.0999,19.88037,0,0.272373,0.3293507,0,-0.1722147,2610.817,0.90106,0.01129193,Straight,Down,-0.03956468,-0.5116577,Normal
167.1399,19.89724,0,0.274204,0.3293507,0,-0.1708009,2611.612,0.9009032,0.01143993,Straight,Down,0,-0.5207596,Normal
167.1799,19.91404,0,0.274204,0.3333181,0,-0.1689695,2612.409,0.9007966,0.01158887,Straight,Down,0,-0.5248871,Normal
167.2199,19.9313,0,0.274204,0.3333181,0,-0.1667182,2613.206,0.9009062,0.01173878,Straight,Down,0,-0.5290222,Normal
167.2599,19.9488,0,0.274204,0.3333181,0,-0.1640922,2614.003,0.9010363,0.0118897,Straight,Down,0,-0.5331573,Normal
167.2999,19.96628,0,0.2540624,0.3333181,0,-0.1610861,2614.802,0.9011559,0.01204151,Straight,Down,0,-0.5373001,Normal
167.3399,19.98367,0,0.2494848,0.3333181,0,-0.1578321,2615.601,0.9011225,0.01219425,Straight,Down,0,-0.5414429,Normal
167.3799,20.00104,0,0.2494848,0.3333181,0,-0.1541294,2616.401,0.9011703,0.01234797,Straight,Down,0,-0.5455933,Normal
167.4199,20.01833,0,0.2494848,0.3333181,0,-0.1500521,2617.201,0.9012028,0.01250268,Straight,Down,0,-0.5497437,Normal
167.4599,20.03556,0,0.2494848,0.3333181,0,-0.1452704,2618.003,0.901306,0.01265825,Straight,Down,0,-0.5539017,Normal
167.4999,20.05274,0,0.2494848,0.3333181,0,-0.1399541,2618.805,0.9016248,0.01281479,Straight,Down,0.01978234,-0.5580673,Normal
167.5399,20.06987,0,0.2366674,0.3372854,0,-0.1341624,2619.607,0.90185,0.01297236,Straight,Down,0,-0.562233,Normal
167.5799,20.08786,0,0.2183568,0.3412528,0,-0.1276741,2620.411,0.9021168,0.01313082,Straight,Down,0,-0.5663986,Normal
167.6199,20.10625,0,0.1945531,0.3412528,0,-0.1208523,2621.215,0.9024305,0.01329023,Straight,Down,0,-0.5705795,Normal
167.6599,20.12494,0,0.171665,0.3412528,0,-0.1131986,2622.02,0.9023651,0.0134506,Straight,Down,0,-0.5747528,Normal
167.6999,20.1436,0,0.1460302,0.3412528,0,-0.1051327,2622.825,0.9024242,0.01361195,Straight,Down,0,-0.5789337,Normal
167.7399,20.16208,0,0.1176488,0.3412528,0,-0.09619465,2623.631,0.9024045,0.01377419,Straight,Down,0.01978234,-0.5831223,Normal
167.7799,20.18079,0,0.09841919,0.3412528,0,-0.086555,2624.438,0.902351,0.01393736,Straight,Down,0,-0.5873184,Normal
167.8199,20.19941,0,0.07003784,0.3412528,0,-0.07612965,2625.246,0.9026371,0.01410157,Straight,Down,0,-0.5915146,Normal
167.8599,20.21795,0,0.0453186,0.3412528,0,-0.06516963,2626.054,0.9030859,0.01426664,Straight,Down,0,-0.5957108,Normal
167.8999,20.23636,0,0.02334595,0.3412528,0,-0.05369782,2626.864,0.9033726,0.01443276,Straight,Down,0,-0.5999222,Normal
167.9399,20.255,0,0.02243042,0.3412528,0,-0.04169679,2627.674,0.9036022,0.01459969,Straight,Down,0,-0.604126,Normal
167.9799,20.27357,0,0.02243042,0.3412528,0,-0.02910918,2628.485,0.9037431,0.01476768,Straight,Down,0.01978234,-0.6083374,Normal
168.0199,20.29204,0,0.03341675,0.3412528,0,-0.01600397,2629.296,0.9039679,0.01493657,Straight,Down,0,-0.6125641,Normal
168.0599,20.31048,0,0.05264282,0.3412528,0,-0.002528757,2630.108,0.9040499,0.01510644,Straight,Down,0,-0.6167831,Normal
168.0999,20.32897,0,0.08926392,0.3412528,0,0.01147258,2630.921,0.9041629,0.01527715,Straight,Down,0,-0.6210098,Normal
168.1399,20.34735,0,0.1121521,0.3412528,0,0.02596015,2631.735,0.9041284,0.01544887,Straight,Down,0,-0.6252441,Normal
168.1799,20.36553,0,0.1130676,0.3412528,0,0.03338447,2632.55,0.9040971,0.01562161,Straight,Down,0,-0.6294785,Normal
168.2199,20.3837,0,0.1130676,0.3412528,0,0.04118034,2633.365,0.9041979,0.01579515,Straight,Down,0,-0.6337204,Normal
168.2599,20.40195,0,0.1130676,0.3412528,0,0.04953799,2634.181,0.9042607,0.01596976,Straight,Down,0,-0.63797,Normal
168.2999,20.4199,0,0.1176488,0.3412528,0,0.05824316,2634.997,0.9043183,0.01614527,Straight,Down,0,-0.6422195,Normal
168.3399,20.43785,0,0.1368749,0.3412528,0,0.06729004,2635.815,0.9043418,0.01632175,Straight,Down,0,-0.6464767,Normal
168.3799,20.45574,0,0.1643407,0.3412528,0,0.07696223,2636.633,0.9044507,0.01649908,Straight,Down,0,-0.6507263,Normal
168.4199,20.47325,0,0.2128637,0.3174487,0,0.08711523,2637.451,0.904422,0.01667739,Straight,Down,0.03426402,-0.6549911,Normal
168.4599,20.48632,0,0.2504003,0.3174487,0,0.09792686,2638.271,0.9042267,0.01685673,Right,Down,0.05934703,-0.657959,Normal
168.4999,20.49929,0,0.2980077,0.3134814,0,0.1092294,2639.091,0.9053087,0.01703692,Right,Down,0.06255726,-0.6582794,Normal
168.5399,20.51151,0,0.3373754,0.3015793,0,0.12118,2639.911,0.9060166,0.01721809,Right,Down,0.05934703,-0.6585999,Normal
168.5799,20.52095,0,0.3456151,0.297612,0,0.1336828,2640.732,0.906947,0.01740018,Right,Down,0.05934703,-0.6589127,Normal
168.6199,20.52892,0,0.3501928,0.297612,0,0.1387736,2641.553,0.9062412,0.01758325,Right,Down,0.05934703,-0.6592255,Normal
168.6599,20.5372,0,0.3501928,0.2936446,0,0.144305,2642.374,0.9055119,0.01776723,Right,Down,0.05934703,-0.6595383,Normal
168.6999,20.54523,0,0.3501928,0.2936446,0,0.1505159,2643.196,0.9049021,0.01795215,Right,Down,0.06255726,-0.6598511,Normal
168.7399,20.55184,0,0.3556895,0.2817273,0,0.1575613,2644.018,0.9047501,0.018138,Right,Down,0.06255726,-0.6601715,Normal
168.7799,20.55632,0,0.3575206,0.2698253,0,0.16538,2644.84,0.9045521,0.01832479,Right,Down,0.06255726,-0.6604843,Normal
168.8199,20.55887,0,0.3611827,0.2658579,0,0.1740604,2645.662,0.9046103,0.01851258,Right,Down,0.06255726,-0.6607971,Normal
168.8599,20.56053,0,0.3611827,0.2658579,0,0.1834687,2646.485,0.9059879,0.0187012,Right,Down,0.06852804,-0.6611023,Normal
168.8999,20.56206,0,0.3611827,0.2658579,0,0.1938472,2647.307,0.9078379,0.01889086,Right,Down,0.08622923,-0.6610565,Normal
168.9399,20.56203,0,0.3611827,0.2658579,0,0.1974391,2648.129,0.9071841,0.01908139,Right,Down,0.08622923,-0.6596756,Normal
168.9799,20.56254,0,0.3675914,0.2658579,0,0.2012591,2648.951,0.9064204,0.01927296,Right,Down,0.08622923,-0.6582947,Normal
169.0199,20.56428,0,0.3932261,0.2658579,0,0.2059788,2649.774,0.9057078,0.0194653,Right,Down,0.08392937,-0.6569138,Normal
169.0599,20.56418,0,0.4170299,0.2658579,0,0.211724,2650.597,0.9053374,0.01965872,Right,Down,0.08392937,-0.6555252,Normal
169.0999,20.56493,0,0.4509044,0.2658579,0,0.218561,2651.42,0.9051741,0.01985303,Right,Down,0.08846933,-0.6541443,Normal
169.1399,20.56749,0,0.4747081,0.2658579,0,0.2265269,2652.242,0.9070392,0.02004818,Right,Down,0.08622923,-0.6527557,Normal
169.1799,20.567,0,0.4774547,0.2658579,0,0.2328076,2653.065,0.9086502,0.0202444,Right,Down,0.09065409,-0.6513748,Normal
169.2199,20.56654,0,0.4774547,0.2658579,0,0.2351159,2653.888,0.9079927,0.0204415,Right,Down,0.1065312,-0.6499557,Normal
169.2599,20.56689,0,0.4774547,0.2658579,0,0.2385458,2654.711,0.9071772,0.02063961,Right,Down,0.1065312,-0.6472092,Normal
169.2999,20.5676,0,0.4774547,0.2658579,0,0.2433984,2655.533,0.9063841,0.0208385,Right,Down,0.1065312,-0.6444626,Normal
169.3399,20.56814,0,0.4829478,0.2658579,0,0.2497197,2656.356,0.9063867,0.02103848,Right,Down,0.1065312,-0.6417236,Normal
169.3799,20.56995,0,0.4875255,0.2856947,0,0.2573788,2657.179,0.9087712,0.02123932,Right,Down,0.1065312,-0.6389771,Normal
169.4199,20.5715,0,0.4994273,0.289662,0,0.2605464,2658.002,0.9092802,0.02144108,Right,Down,0.1065312,-0.6362228,Normal
169.4599,20.57551,0,0.5122447,0.2936446,0,0.2629287,2658.825,0.908697,0.0216438,Right,Down,0.1170339,-0.6334686,Normal
169.4999,20.58164,0,0.5397105,0.3015793,0,0.2666031,2659.648,0.9076903,0.02184744,Right,Down,0.1251145,-0.6302032,Normal
169.5399,20.58948,0,0.5708385,0.3055466,0,0.2720012,2660.471,0.9068,0.02205205,Right,Down,0.1251145,-0.6262589,Normal
169.5799,20.59986,0,0.5992234,0.3055466,0,0.2791632,2661.295,0.9094719,0.02225748,Right,Down,0.1251145,-0.6222992,Normal
169.6199,20.6069,0,0.6422532,0.309514,0,0.2818961,2662.12,0.9100391,0.02246398,Right,Down,0.1251145,-0.6183395,Normal
169.6599,20.6142,0,0.67155,0.309514,0,0.2843587,2662.944,0.9095638,0.02267135,Right,Down,0.1251145,-0.6143723,Normal
169.6999,20.62322,0,0.7081711,0.309514,0,0.288811,2663.769,0.9081386,0.02287972,Right,Down,0.1384764,-0.6103973,Normal
169.7399,20.63486,0,0.7475388,0.309514,0,0.2952822,2664.594,0.9086446,0.02308888,Right,Down,0.1440177,-0.6056061,Normal
169.7799,20.64305,0,0.772258,0.309514,0,0.3015904,2665.42,0.9110442,0.02329902,Right,Down,0.1440177,-0.6005173,Normal
169.8199,20.65043,0,0.8125412,0.309514,0,0.3036585,2666.246,0.9108293,0.02351017,Right,Down,0.1426525,-0.5954132,Normal
169.8599,20.65676,0,0.8445883,0.3134814,0,0.3079903,2667.072,0.9096122,0.02372218,Right,Down,0.1426525,-0.5903091,Normal
169.8999,20.67011,0,0.903182,0.3134814,0,0.3142171,2667.898,0.9091903,0.02393511,Right,Down,0.1557664,-0.5851974,Normal
169.9399,20.6786,0,0.9736776,0.3134814,0,0.3211095,2668.726,0.9120033,0.02414898,Right,Down,0.1594904,-0.5792465,Normal
169.9799,20.68603,0,1.015792,0.3174487,0,0.3238153,2669.553,0.9117672,0.02436385,Right,Down,0.1607126,-0.5730667,Normal
170.0199,20.69156,0,1.061572,0.3174487,0,0.3290386,2670.381,0.9101725,0.02457956,Right,Down,0.1607126,-0.5668716,Normal
170.0599,20.70717,0,1.068896,0.3174487,0,0.3369155,2671.209,0.9109805,0.02479614,Right,Down,0.166689,-0.5606766,Normal
170.0999,20.71359,0,1.068896,0.3174487,0,0.3433406,2672.037,0.9124926,0.02501378,Right,Down,0.1769387,-0.5541382,Normal
170.1399,20.72021,0,1.049666,0.3174487,0,0.3486128,2672.866,0.9117591,0.02523229,Right,Down,0.1769387,-0.5468903,Normal
170.1799,20.72758,0,1.03868,0.3174487,0,0.3567914,2673.695,0.9099563,0.02545179,Right,Down,0.1758294,-0.5396347,Normal
170.2199,20.73869,0,1.03868,0.3174487,0,0.3669634,2674.525,0.9133086,0.02567205,Right,Down,0.183454,-0.5323715,Normal
170.2599,20.74585,0,1.050582,0.3174487,0,0.3729515,2675.354,0.9126369,0.02589342,Right,Down,0.191797,-0.5247955,Normal
170.2999,20.74981,0,1.104602,0.3174487,0,0.3822084,2676.184,0.9106616,0.0261156,Right,Down,0.1928145,-0.51651,Normal
170.3399,20.76336,0,1.197985,0.3174487,0,0.3949374,2677.015,0.9140028,0.02633882,Right,Down,0.1938267,-0.5082016,Normal
170.3799,20.76861,0,1.243762,0.3174487,0,0.4028856,2677.845,0.9133,0.02656278,Right,Down,0.2046302,-0.4998932,Normal
170.4199,20.77189,0,1.255664,0.3174487,0,0.4144666,2678.676,0.9114829,0.02678777,Right,Down,0.2093567,-0.4909363,Normal
170.4599,20.78451,0,1.237353,0.3174487,0,0.4297523,2679.508,0.9151372,0.02701373,Right,Down,0.20842,-0.4816055,Normal
170.4999,20.78798,0,1.156787,0.3174487,0,0.4406112,2680.339,0.9141612,0.02724046,Right,Down,0.2158,-0.4722672,Normal
170.5399,20.79374,0,1.056994,0.3174487,0,0.4551216,2681.171,0.9125833,0.02746827,Right,Down,0.2246844,-0.4626617,Normal
170.5799,20.80314,0,0.9910727,0.3174487,0,0.4712329,2682.003,0.9154528,0.02769694,Right,Down,0.2246844,-0.4523087,Normal
170.6199,20.80453,0,0.9324789,0.3174487,0,0.4846434,2682.835,0.9135829,0.0279266,Right,Down,0.2298502,-0.4419708,Normal
170.6599,20.81247,0,0.9141684,0.3174487,0,0.5021657,2683.667,0.9145063,0.028157,Right,Down,0.2406627,-0.4314346,Normal
170.6999,20.82008,0,0.9132528,0.3174487,0,0.5177819,2684.5,0.9154772,0.02838851,Right,Down,0.2414744,-0.4200745,Normal
170.7399,20.82554,0,0.9196615,0.3174487,0,0.5344975,2685.333,0.9136539,0.02862084,Right,Down,0.2478722,-0.4087143,Normal
170.7799,20.83107,0,0.9196615,0.3174487,0,0.5539458,2686.166,0.916912,0.02885411,Right,Down,0.2579304,-0.3970642,Normal
170.8199,20.83358,0,0.9132528,0.3174487,0,0.5703294,2687,0.9143749,0.02908827,Right,Down,0.2571706,-0.384697,Normal
170.8599,20.84146,0,0.8976889,0.3174487,0,0.5910751,2687.833,0.9168729,0.02932337,Right,Down,0.2676108,-0.3723068,Normal
170.8999,20.84711,0,0.868392,0.3174487,0,0.6082991,2688.667,0.9153782,0.02955947,Right,Down,0.2733977,-0.3593674,Normal
170.9399,20.85605,0,0.8427572,0.3174487,0,0.6286222,2689.501,0.9159337,0.0297964,Right,Down,0.276953,-0.3459778,Normal
170.9799,20.86032,0,0.8372641,0.3174487,0,0.6473951,2690.335,0.9162998,0.03003422,Right,Down,0.2900664,-0.3325653,Normal
171.0199,20.86834,0,0.8372641,0.3174487,0,0.6671737,2691.17,0.9154438,0.030273,Right,Down,0.2900664,-0.3181534,Normal
171.0599,20.86801,0,0.8372641,0.3214161,0,0.6863163,2692.005,0.9167486,0.03051267,Right,Down,0.3006659,-0.3037186,Normal
171.0999,20.87926,0,0.8445883,0.3214161,0,0.7051651,2692.84,0.9156981,0.03075335,Right,Down,0.3064671,-0.2887268,Normal
171.1399,20.87727,0,0.8445883,0.3214161,0,0.7235336,2693.675,0.9168709,0.03099475,Right,Down,0.3134116,-0.2732697,Normal
171.1799,20.89013,0,0.8482504,0.3214161,0,0.7420121,2694.51,0.9169881,0.03123725,Right,Down,0.3238513,-0.2575302,Normal
171.2199,20.8875,0,0.8482504,0.3253834,0,0.758481,2695.346,0.9164765,0.03148059,Right,Down,0.3280534,-0.2410431,Normal
171.2599,20.90138,0,0.8482504,0.3293507,0,0.7763373,2696.182,0.9188409,0.03172484,Right,Down,0.3403488,-0.2244415,Normal
171.2999,20.90427,0,0.8482504,0.3293507,0,0.7900012,2697.018,0.9156375,0.03197,Right,Down,0.343781,-0.2069092,Normal
171.3399,20.9167,0,0.8482504,0.3293507,0,0.8053446,2697.854,0.9184664,0.03221617,Right,Down,0.3577275,-0.1893692,Normal
171.3799,20.92567,0,0.8482504,0.3293507,0,0.8169771,2698.691,0.9182668,0.03246314,Right,Down,0.3615361,-0.1707993,Normal
171.4199,20.93295,0,0.8482504,0.3293507,0,0.8282041,2699.528,0.9196795,0.03271095,Right,Down,0.3743001,-0.152153,Normal
171.4599,20.93966,0,0.8482504,0.3293507,0,0.8382567,2700.365,0.9210821,0.03295985,Right,Flat,0.3810355,-0.1325455,Normal
171.4999,20.95049,0,0.8482504,0.3293507,0,0.8462645,2701.203,0.9204392,0.03320957,Right,Flat,0.3911712,-0.1126709,Normal
171.5399,20.95425,0,0.8482504,0.3293507,0,0.8545536,2702.041,0.9201951,0.03346027,Right,Flat,0.4015385,-0.09200287,Normal
171.5799,20.96865,0,0.8482504,0.3293507,0,0.8602577,2702.88,0.9201345,0.03371174,Right,Flat,0.4087828,-0.07080841,Normal
171.6199,20.97003,0,0.8482504,0.3333181,0,0.8668979,2703.719,0.9191402,0.03396425,Right,Flat,0.4228991,-0.04909515,Normal
171.6599,20.98295,0,0.8482504,0.3333181,0,0.8701679,2704.558,0.91984,0.0342176,Right,Flat,0.4173099,-0.02654266,Normal
171.6999,20.98586,0,0.8482504,0.3333181,0,0.8752835,2705.397,0.9186243,0.03447178,Right,Flat,0.393167,-0.003669739,Normal
171.7399,20.99791,0,0.8482504,0.3333181,0,0.8768611,2706.237,0.9197668,0.03472704,Right,Flat,0.3876539,0.01967621,Normal
171.7799,21.00109,0,0.8482504,0.3333181,0,0.880437,2707.077,0.91871,0.03498313,Right,Flat,0.3794918,0.04289246,Normal
171.8199,21.01228,0,0.8546591,0.3372854,0,0.8801543,2707.917,0.9198917,0.03524018,Right,Flat,0.3763854,0.06578064,Normal
171.8599,21.01599,0,0.8784628,0.3372854,0,0.8818345,2708.758,0.9193293,0.035498,Right,Flat,0.3732531,0.08847809,Normal
171.8999,21.02744,0,0.8958578,0.3372854,0,0.8802445,2709.599,0.9203309,0.03575689,Right,Flat,0.3690354,0.1108551,Normal
171.9399,21.03125,0,0.9077597,0.3372854,0,0.8802937,2710.44,0.9201422,0.03601659,Right,Flat,0.3663747,0.1329727,Normal
171.9799,21.04207,0,0.9077597,0.3372854,0,0.8773186,2711.282,0.9205509,0.03627728,Right,Up,0.3615361,0.1548386,Normal
172.0199,21.04649,0,0.8967733,0.3372854,0,0.8755407,2712.124,0.9211161,0.0365387,Right,Up,0.3593647,0.176384,Normal
172.0599,21.05621,0,0.8775473,0.3372854,0,0.8719074,2712.966,0.9206567,0.03680111,Right,Up,0.3538778,0.1976776,Normal
172.0999,21.06129,0,0.8381796,0.3372854,0,0.8683202,2713.808,0.9226307,0.0370645,Right,Up,0.3516591,0.2186203,Normal
172.1399,21.07045,0,0.8015549,0.3372854,0,0.864695,2714.651,0.9211077,0.03732872,Right,Up,0.3466151,0.2393265,Normal
172.1799,21.07688,0,0.7777512,0.3372854,0,0.8591981,2715.494,0.9236276,0.03759385,Right,Up,0.3443497,0.2596817,Normal
172.2199,21.08531,0,0.7667649,0.3372854,0,0.8551072,2716.337,0.9211507,0.03785986,Right,Up,0.3386196,0.2797775,Normal
172.2599,21.09192,0,0.7667649,0.3372854,0,0.8476992,2717.181,0.9236448,0.03812686,Right,Up,0.3357179,0.2994995,Normal
172.2999,21.09719,0,0.7667649,0.3372854,0,0.843415,2718.024,0.9218788,0.0383947,Right,Up,0.3316129,0.3189545,Normal
172.3399,21.10363,0,0.7667649,0.3372854,0,0.8344727,2718.868,0.9232039,0.03866342,Right,Up,0.3268584,0.3380737,Normal
172.3799,21.10791,0,0.7667649,0.3372854,0,0.8282975,2719.713,0.9235991,0.03893304,Right,Up,0.3232465,0.3568344,Normal
172.4199,21.11278,0,0.7667649,0.3372854,0,0.8204175,2720.557,0.9230447,0.03920357,Right,Up,0.3177519,0.3753738,Normal
172.4599,21.1216,0,0.7667649,0.3372854,0,0.812142,2721.402,0.9250764,0.03947506,Right,Up,0.315899,0.3934326,Normal
172.4999,21.12697,0,0.7713425,0.3372854,0,0.8066076,2722.247,0.9229205,0.03974731,Right,Up,0.3090104,0.411377,Normal
172.5399,21.13405,0,0.7713425,0.3372854,0,0.7962267,2723.092,0.9245549,0.0400206,Right,Up,0.3083766,0.4286728,Normal
172.5799,21.13928,0,0.7713425,0.3372854,0,0.7890105,2723.938,0.9253827,0.04029471,Right,Up,0.3000144,0.445961,Normal
172.6199,21.14323,0,0.7713425,0.3372854,0,0.780656,2724.784,0.924466,0.04056982,Right,Up,0.2987072,0.4625854,Normal
172.6599,21.15232,0,0.7713425,0.3372854,0,0.7709601,2725.63,0.926183,0.04084561,Right,Up,0.2927522,0.4790878,Normal
172.6999,21.15623,0,0.7731736,0.3372854,0,0.7644432,2726.476,0.9250647,0.04112241,Right,Up,0.2880355,0.495163,Normal
172.7399,21.1606,0,0.7914841,0.3372854,0,0.7538419,2727.322,0.9254716,0.0414002,Right,Up,0.2859903,0.5108185,Normal
172.7799,21.1682,0,0.8134568,0.3372854,0,0.7449027,2728.169,0.9276322,0.0416787,Right,Up,0.2762456,0.5264664,Normal
172.8199,21.16952,0,0.8665609,0.3372854,0,0.7389169,2729.015,0.9255494,0.04195828,Right,Up,0.2762456,0.5412369,Normal
172.8599,21.17578,0,0.9077597,0.3372854,0,0.7276113,2729.862,0.9265577,0.04223863,Right,Up,0.2705197,0.5559769,Normal
172.8999,21.18321,0,0.9086752,0.3372854,0,0.719614,2730.709,0.9289684,0.04251999,Right,Up,0.2639296,0.5703506,Normal
172.9399,21.18349,0,0.8903646,0.3372854,0,0.7142136,2731.557,0.9268095,0.04280204,Right,Up,0.2639296,0.5841599,Normal
172.9799,21.18924,0,0.8564901,0.3372854,0,0.7038208,2732.404,0.9274629,0.04308519,Right,Up,0.254109,0.5979538,Normal
173.0199,21.19696,0,0.8024704,0.3412528,0,0.6966634,2733.252,0.9292288,0.04336915,Right,Up,0.25101,0.6110229,Normal
173.0599,21.19722,0,0.7484543,0.3452201,0,0.6928337,2734.1,0.9278213,0.04365397,Right,Up,0.249446,0.6238327,Normal
173.0999,21.20459,0,0.6651413,0.3452201,0,0.6844442,2734.948,0.9283083,0.04393969,Right,Up,0.2382111,0.6366272,Normal
173.1399,21.2138,0,0.5516124,0.3452201,0,0.6778091,2735.796,0.9297724,0.04422629,Right,Up,0.2373883,0.6484604,Normal
173.1799,21.21519,0,0.453651,0.3452201,0,0.6742358,2736.645,0.9305084,0.04451388,Right,Up,0.2365626,0.6601944,Normal
173.2199,21.22176,0,0.3446996,0.3452201,0,0.6707335,2737.493,0.9291353,0.04480225,Right,Up,0.2238118,0.6719208,Normal
173.2599,21.22906,0,0.291599,0.3452201,0,0.6639934,2738.343,0.9292769,0.04509155,Right,Up,0.2229358,0.6826019,Normal
173.2999,21.23804,0,0.274204,0.3452201,0,0.6598901,2739.192,0.9313622,0.0453817,Right,Up,0.2229358,0.6931763,Normal
173.3399,21.2401,0,0.2613866,0.3452201,0,0.6585128,2740.042,0.930936,0.04567275,Right,Up,0.2102893,0.7037506,Normal
173.3799,21.24741,0,0.2485693,0.3452201,0,0.6549081,2740.892,0.9302804,0.04596466,Right,Up,0.2055842,0.7134476,Normal
173.4199,21.25554,0,0.206455,0.3452201,0,0.6494225,2741.742,0.9307713,0.04625747,Right,Up,0.2065338,0.7227707,Normal
173.4599,21.26325,0,0.1240575,0.3452201,0,0.6465276,2742.592,0.9323189,0.04655129,Right,Up,0.2007689,0.7320709,Normal
173.4999,21.26767,0,0.05172729,0.3452201,0,0.6458659,2743.443,0.9325293,0.04684586,Right,Up,0.1866263,0.7411728,Normal
173.5399,21.27388,0,-0.05722046,0.3452201,0,0.6455966,2744.294,0.9312096,0.04714132,Right,Up,0.1876719,0.7490921,Normal
173.5799,21.28182,0,-0.1377887,0.3491875,0,0.6398723,2745.145,0.931655,0.04743767,Right,Up,0.1876719,0.7569962,Normal
173.6199,21.2904,0,-0.2668798,0.3571222,0,0.6357427,2745.996,0.9325119,0.04773501,Right,Up,0.1791368,0.7648926,Normal
173.6599,21.29909,0,-0.363012,0.3571222,0,0.6331555,2746.848,0.9336104,0.04803312,Right,Up,0.166689,0.7723694,Normal
173.6999,21.30838,0,-0.4765391,0.3571222,0,0.6316371,2747.7,0.9334435,0.04833201,Right,Up,0.165511,0.7786942,Normal
173.7399,21.31694,0,-0.5909818,0.3571222,0,0.631436,2748.553,0.9319586,0.048632,Right,Up,0.165511,0.7850113,Normal
173.7799,21.32782,0,-0.6797898,0.3571222,0,0.622722,2749.406,0.9324422,0.04893274,Right,Up,0.165511,0.7913284,Normal
173.8199,21.33792,0,-0.8134586,0.3571222,0,0.6145204,2750.26,0.9331978,0.04923449,Right,Up,0.1440177,0.7976303,Normal
173.8599,21.34634,0,-0.9214926,0.3571222,0,0.6067014,2751.113,0.9340081,0.04953689,Right,Up,0.1412742,0.8023758,Normal
173.8999,21.35677,0,-0.9736776,0.3571222,0,0.598895,2751.968,0.9346405,0.0498404,Right,Up,0.1412742,0.8067932,Normal
173.9399,21.36617,0,-1.002976,0.3571222,0,0.5908206,2752.822,0.9351121,0.05014465,Right,Up,0.1412742,0.8112183,Normal
173.9799,21.37466,0,-1.002976,0.3571222,0,0.5823599,2753.677,0.9341067,0.05044991,Right,Up,0.1412742,0.8156357,Normal
174.0199,21.38295,0,-0.9672689,0.3571222,0,0.5728794,2754.532,0.9329255,0.05075583,Right,Up,0.1203313,0.8200531,Normal
174.0599,21.39264,0,-0.8976889,0.3571222,0,0.5527784,2755.388,0.9340129,0.05106271,Right,Up,0.1065312,0.8231354,Normal
174.0999,21.40143,0,-0.8390933,0.3571222,0,0.5320811,2756.244,0.9349216,0.0513706,Right,Up,0.1083524,0.825058,Normal
174.1399,21.40894,0,-0.7383835,0.3571222,0,0.5104823,2757.1,0.935718,0.05167914,Right,Up,0.1083524,0.826973,Normal
174.1799,21.41764,0,-0.6596482,0.3571222,0,0.4878393,2757.957,0.9361893,0.05198875,Right,Up,0.1065312,0.8288956,Normal
174.2199,21.42605,0,-0.5534452,0.3650568,0,0.4640968,2758.814,0.9362767,0.05229918,Right,Up,0.1083524,0.8308105,Normal
174.2599,21.4357,0,-0.4838634,0.3650568,0,0.4390107,2759.671,0.9364137,0.05261055,Right,Up,0.1065312,0.8327255,Normal
174.2999,21.44553,0,-0.4353404,0.3650568,0,0.4124628,2760.529,0.936511,0.05292258,Right,Up,0.05233916,0.8346481,Normal
174.3399,21.45527,0,-0.3685051,0.3650568,0,0.3844811,2761.387,0.9367358,0.05323557,Straight,Up,0,0.8331223,Normal
174.3799,21.46496,0,-0.3208977,0.3650568,0,0.3544723,2762.245,0.937135,0.05354957,Straight,Up,0,0.8272171,Normal
174.4199,21.47466,0,-0.208286,0.3650568,0,0.3227739,2763.104,0.9371963,0.05386434,Straight,Up,0,0.8212967,Normal
174.4599,21.48437,0,-0.06454647,0.3650568,0,0.2890946,2763.964,0.9370254,0.05417994,Straight,Up,0,0.8153839,Normal
174.4999,21.49418,0,0.03341675,0.3650568,0,0.2539093,2764.823,0.9370442,0.05449644,Straight,Up,0,0.8094635,Normal
174.5399,21.50407,0,0.1606786,0.3650568,0,0.2173379,2765.683,0.9374447,0.0548139,Straight,Up,0,0.8035355,Normal
174.5799,21.5141,0,0.2320898,0.3650568,0,0.1794398,2766.544,0.9381881,0.05513213,Straight,Up,0,0.7975998,Normal
174.6199,21.52425,0,0.291599,0.3650568,0,0.1401761,2767.405,0.938233,0.05545122,Straight,Up,0,0.7916565,Normal
174.6599,21.53456,0,0.3144872,0.3650568,0,0.09973615,2768.266,0.9388493,0.05577118,Straight,Up,0,0.7857132,Normal
174.6999,21.54495,0,0.3144872,0.3650568,0,0.05800799,2769.128,0.9391286,0.056092,Straight,Up,0,0.7797623,Normal
174.7399,21.55546,0,0.3144872,0.3650568,0,0.01530427,2769.99,0.9391732,0.0564138,Straight,Up,0,0.773819,Normal
174.7799,21.56583,0,0.3144872,0.3650568,0,-0.02878451,2770.852,0.9393353,0.05673626,Straight,Up,0,0.7678604,Normal
174.8199,21.57618,0,0.3144872,0.3650568,0,-0.07360438,2771.715,0.9396279,0.0570598,Straight,Up,0,0.7618942,Normal
174.8599,21.5867,0,0.3254735,0.3650568,0,-0.1191627,2772.579,0.9401054,0.05738408,Straight,Up,0,0.7559357,Normal
174.8999,21.59715,0,0.3327978,0.3650568,0,-0.1654509,2773.442,0.940805,0.05770934,Straight,Up,0,0.7499619,Normal
174.9399,21.60734,0,0.3446996,0.3650568,0,-0.2123083,2774.307,0.941434,0.05803523,Straight,Up,0,0.743988,Normal
174.9799,21.61753,0,0.3520274,0.3650568,0,-0.2596146,2775.171,0.9419105,0.0583621,Straight,Up,0,0.7380142,Normal
175.0199,21.62782,0,0.3685069,0.3650568,0,-0.3070919,2776.036,0.9419307,0.05868996,Straight,Up,0,0.7320328,Normal
175.0599,21.63596,0,0.3794932,0.3650568,0,-0.3545691,2776.901,0.9413677,0.05901844,Straight,Up,0,0.726059,Normal
175.0999,21.6479,0,0.3794932,0.3650568,0,-0.3986298,2777.767,0.941737,0.05934799,Straight,Up,0,0.7200775,Normal
175.1399,21.65975,0,0.3620982,0.3650568,0,-0.4383732,2778.633,0.9438484,0.05967832,Straight,Up,0,0.7140961,Normal
175.1799,21.67094,0,0.3080785,0.3650568,0,-0.4778982,2779.5,0.9453999,0.0600096,Straight,Up,0,0.7081146,Normal
175.2199,21.68138,0,0.1826513,0.3650568,0,-0.5171292,2780.367,0.9460739,0.06034151,Straight,Up,0,0.7021255,Normal
175.2599,21.69381,0,0.05722046,0.3650568,0,-0.5562748,2781.235,0.9469662,0.06067449,Straight,Up,0,0.6961288,Normal
175.2999,21.70266,0,-0.0352478,0.3650568,0,-0.5951207,2782.103,0.9448788,0.06100825,Straight,Up,0,0.6901245,Normal
175.3399,21.71581,0,-0.1432818,0.3650568,0,-0.6281485,2782.971,0.9448853,0.06134284,Straight,Up,0.01978234,0.6841278,Normal
175.3799,21.72867,0,-0.2073705,0.3650568,0,-0.6584316,2783.841,0.9461989,0.0616783,Straight,Up,-0.04423466,0.6781235,Normal
175.4199,21.74026,0,-0.2513158,0.3650568,0,-0.6884912,2784.71,0.9475519,0.06201462,Left,Up,-0.1083524,0.6689301,Normal
175.4599,21.74936,0,-0.2632177,0.3650568,0,-0.7183039,2785.58,0.9477587,0.06235189,Left,Up,-0.1101434,0.6540298,Normal
175.4999,21.76214,0,-0.2632177,0.3650568,0,-0.7445056,2786.45,0.9461998,0.06268979,Left,Up,-0.1101434,0.6391144,Normal
175.5399,21.77583,0,-0.2604711,0.3650568,0,-0.7654644,2787.321,0.9470066,0.06302876,Left,Up,-0.1101434,0.6241989,Normal
175.5799,21.79104,0,-0.2558935,0.3650568,0,-0.7864581,2788.193,0.9489915,0.06336848,Left,Up,-0.1101434,0.6092682,Normal
175.6199,21.79768,0,-0.2375829,0.3650568,0,-0.8070624,2789.065,0.9469656,0.06370918,Left,Up,-0.132704,0.5943298,Normal
175.6599,21.81206,0,-0.2183568,0.3650568,0,-0.8193951,2789.937,0.9478378,0.06405047,Left,Up,-0.1519511,0.5778656,Normal
175.6999,21.82859,0,-0.2183568,0.3650568,0,-0.8312044,2790.81,0.9495366,0.06439272,Left,Up,-0.1519511,0.5596008,Normal
175.7399,21.83555,0,-0.2183568,0.3650568,0,-0.8427715,2791.683,0.9480642,0.06473599,Left,Up,-0.1519511,0.5413361,Normal
175.7799,21.851,0,-0.2183568,0.3650568,0,-0.8460757,2792.557,0.9490147,0.06507993,Left,Up,-0.1582588,0.523056,Normal
175.8199,21.86662,0,-0.2320898,0.3650568,0,-0.8493388,2793.432,0.950784,0.06542475,Left,Up,-0.1866263,0.5046158,Normal
175.8599,21.87614,0,-0.2494848,0.3650568,0,-0.8503705,2794.307,0.9492335,0.06577042,Left,Up,-0.1866263,0.4835587,Normal
175.8999,21.894,0,-0.2504003,0.3650568,0,-0.8450676,2795.182,0.9508554,0.06611706,Left,Up,-0.1866263,0.4624786,Normal
175.9399,21.906,0,-0.2504003,0.3650568,0,-0.8403138,2796.059,0.9501076,0.0664644,Left,Up,-0.2036718,0.4413681,Normal
175.9799,21.91897,0,-0.2504003,0.3650568,0,-0.8283374,2796.935,0.9513441,0.06681249,Left,Up,-0.2167048,0.4190826,Normal
176.0199,21.93206,0,-0.2211034,0.3650568,0,-0.815587,2797.813,0.951878,0.06716163,Left,Up,-0.2167048,0.3954926,Normal
176.0599,21.94613,0,-0.1670855,0.3650568,0,-0.7972205,2798.69,0.9519745,0.06751154,Left,Up,-0.2298502,0.3718948,Normal
176.0999,21.96157,0,-0.1130694,0.3650568,0,-0.7766557,2799.569,0.9534037,0.06786237,Left,Up,-0.2454926,0.3473663,Normal
176.1399,21.97586,0,-0.05172729,0.3650568,0,-0.7506233,2800.448,0.9521585,0.06821383,Left,Up,-0.2454926,0.3214264,Normal
176.1799,21.98664,0,-0.01693726,0.3650568,0,-0.7221908,2801.327,0.9502964,0.06856636,Left,Up,-0.2631872,0.2954636,Normal
176.2199,22.006,0,0.0050354,0.3650568,0,-0.6926675,2802.207,0.9521621,0.06891964,Left,Up,-0.2719625,0.2682266,Normal
176.2599,22.02158,0,0.00869751,0.3650568,0,-0.6631567,2803.088,0.9546807,0.06927384,Left,Up,-0.2776587,0.2401199,Normal
176.2999,22.03426,0,0.00869751,0.3650568,0,-0.6342319,2803.969,0.9564814,0.06962866,Left,Up,-0.2967354,0.2117233,Normal
176.3399,22.05161,0,0.00869751,0.3650568,0,-0.605794,2804.851,0.9567391,0.06998444,Left,Up,-0.2973941,0.1815262,Normal
176.3799,22.06886,0,0.00869751,0.3650568,0,-0.5778084,2805.733,0.956421,0.07034118,Left,Up,-0.3183671,0.1512833,Normal
176.4199,22.0857,0,0.00869751,0.3650568,0,-0.5503083,2806.617,0.955996,0.07069851,Left,Flat,-0.3208161,0.1193161,Normal
176.4599,22.10283,0,0.00869751,0.3650568,0,-0.5235546,2807.501,0.9560248,0.07105691,Left,Flat,-0.339197,0.08709717,Normal
176.4999,22.11906,0,0.00869751,0.3650568,0,-0.4971961,2808.385,0.9555758,0.07141603,Left,Flat,-0.339197,0.05336761,Normal
176.5399,22.13365,0,0.00869751,0.3650568,0,-0.471056,2809.271,0.9537861,0.07177613,Left,Flat,-0.05233916,0.01922607,Normal
176.5799,22.14598,0,-0.0004577637,0.3650568,0,-0.446171,2810.156,0.9509332,0.0721368,Right,Flat,0.06852804,-0.02631378,Normal
176.6199,22.16732,0,-0.0004577637,0.3650568,0,-0.4256343,2811.042,0.9552708,0.07249842,Right,Flat,0.06852804,-0.07366943,Normal
176.6599,22.1861,0,-0.0004577637,0.3650568,0,-0.4053283,2811.93,0.959157,0.07286099,Right,Flat,0.06852804,-0.121048,Normal
176.6999,22.19886,0,0.0050354,0.3650568,0,-0.385228,2812.818,0.9617978,0.07322428,Right,Down,0.06852804,-0.1685028,Normal
176.7399,22.22042,0,0.02151489,0.3650568,0,-0.3654077,2813.706,0.9625903,0.07358841,Right,Down,0.06852804,-0.2160797,Normal
176.7799,22.24096,0,0.02792358,0.3650568,0,-0.3457621,2814.595,0.962113,0.07395337,Right,Down,0.06852804,-0.2637329,Normal
176.8199,22.26082,0,0.02883911,0.3650568,0,-0.3264558,2815.486,0.9611989,0.07431928,Right,Down,0.06852804,-0.3114395,Normal
176.8599,22.28028,0,0.02883911,0.3650568,0,-0.3072128,2816.377,0.9604492,0.07468591,Right,Down,0.06852804,-0.3591919,Normal
176.8999,22.29947,0,0.02883911,0.3650568,0,-0.288379,2817.269,0.9596003,0.07505337,Right,Down,0.05934703,-0.4069901,Normal
176.9399,22.31849,0,0.02883911,0.3650568,0,-0.2697653,2818.161,0.958915,0.07542164,Straight,Down,0,-0.4525833,Normal
176.9799,22.33735,0,0.02700806,0.3650568,0,-0.2513151,2819.054,0.9585252,0.07579074,Straight,Down,0,-0.4656143,Normal
177.0199,22.35616,0,0.02334595,0.3650568,0,-0.2331977,2819.948,0.9584754,0.0761608,Straight,Down,0,-0.478653,Normal
177.0599,22.37487,0,0.02243042,0.3650568,0,-0.2154515,2820.843,0.958338,0.07653142,Straight,Down,0,-0.4916916,Normal
177.0999,22.39356,0,0.01602173,0.3650568,0,-0.1977107,2821.739,0.9586174,0.07690314,Straight,Down,-0.01978234,-0.5047607,Normal
177.1399,22.41217,0,-0.0004577637,0.3650568,0,-0.180155,2822.635,0.9588524,0.07727555,Straight,Down,-0.01978234,-0.5178299,Normal
177.1799,22.43074,0,-0.02883911,0.3650568,0,-0.1626498,2823.532,0.95912,0.07764877,Straight,Down,-0.01978234,-0.5309143,Normal
177.2199,22.44926,0,-0.06546199,0.3650568,0,-0.1454149,2824.43,0.9592646,0.07802282,Straight,Down,-0.01978234,-0.5440063,Normal
177.2599,22.46775,0,-0.1112384,0.3650568,0,-0.1284994,2825.329,0.9596787,0.07839782,Straight,Down,-0.01978234,-0.5571136,Normal
177.2999,22.48616,0,-0.1432818,0.3650568,0,-0.1118399,2826.228,0.9602636,0.07877354,Straight,Down,0,-0.5702286,Normal
177.3399,22.50454,0,-0.1844823,0.3650568,0,-0.09530473,2827.128,0.9604385,0.07914991,Straight,Down,0,-0.5833588,Normal
177.3799,22.52283,0,-0.2192724,0.3650568,0,-0.07936004,2828.029,0.9608378,0.07952739,Straight,Down,0,-0.5964966,Normal
177.4199,22.54112,0,-0.2375829,0.3650568,0,-0.06347075,2828.93,0.961058,0.07990555,Straight,Down,-0.01978234,-0.6096497,Normal
177.4599,22.55929,0,-0.2494848,0.3650568,0,-0.04794139,2829.832,0.9612708,0.08028466,Straight,Down,-0.01978234,-0.622818,Normal
177.4999,22.57741,0,-0.2549779,0.3650568,0,-0.03267005,2830.735,0.9615678,0.08066431,Straight,Down,-0.01978234,-0.6359863,Normal
177.5399,22.5955,0,-0.2604711,0.3650568,0,-0.01776949,2831.639,0.9619375,0.08104507,Straight,Down,0,-0.6491699,Normal
177.5799,22.6135,0,-0.2687109,0.3650568,0,-0.003173053,2832.543,0.9622866,0.08142651,Straight,Down,0,-0.6623688,Normal
177.6199,22.63146,0,-0.2806127,0.3650568,0,0.01087207,2833.448,0.9625875,0.08180875,Straight,Down,0,-0.6755753,Normal
177.6599,22.64943,0,-0.3035027,0.3650568,0,0.02464405,2834.354,0.9630524,0.0821918,Straight,Down,0,-0.6888046,Normal
177.6999,22.66705,0,-0.3208977,0.3650568,0,0.03776243,2835.26,0.9635969,0.08257569,Straight,Down,-0.01978234,-0.702034,Normal
177.7399,22.68464,0,-0.3447014,0.3650568,0,0.05025589,2836.168,0.9637725,0.08296052,Straight,Down,-0.01978234,-0.7152786,Normal
177.7799,22.70234,0,-0.363012,0.3650568,0,0.06174591,2837.076,0.9638641,0.0833459,Straight,Down,0,-0.7285385,Normal
177.8199,22.71976,0,-0.3694206,0.3650568,0,0.07240605,2837.984,0.964018,0.08373234,Straight,Down,0,-0.7418137,Normal
177.8599,22.73702,0,-0.3749138,0.3650568,0,0.08244902,2838.894,0.9641158,0.08411948,Straight,Down,0,-0.7550964,Normal
177.8999,22.75412,0,-0.3749138,0.3650568,0,0.09161368,2839.803,0.9643087,0.08450753,Straight,Down,0,-0.7683868,Normal
177.9399,22.77111,0,-0.3749138,0.3650568,0,0.09981868,2840.714,0.9646532,0.08489615,Straight,Down,0,-0.7816925,Normal
177.9799,22.78823,0,-0.3694206,0.3412528,0,0.1069075,2841.625,0.9648798,0.0852857,Straight,Down,0,-0.7950134,Normal
178.0199,22.80021,0,-0.3529412,0.3412528,0,0.1133412,2842.537,0.9651089,0.0856762,Straight,Down,0,-0.808342,Normal
178.0599,22.81181,0,-0.3163201,0.3412528,0,0.1186331,2843.45,0.9654122,0.08606739,Straight,Down,-0.01978234,-0.8216858,Normal
178.0999,22.82337,0,-0.2906835,0.3372854,0,0.1230598,2844.363,0.9660923,0.08645935,Straight,Down,0,-0.8350372,Normal
178.1399,22.83235,0,-0.2558935,0.3372854,0,0.1265448,2845.276,0.9656309,0.08685214,Straight,Down,0,-0.848381,Normal
178.1799,22.84531,0,-0.2311742,0.3372854,0,0.1365401,2846.189,0.9678901,0.08724586,Straight,Down,0,-0.8617325,Normal
178.2199,22.85761,0,-0.2146947,0.3372854,0,0.1459147,2847.103,0.9696617,0.08764026,Straight,Down,0,-0.8750916,Normal
178.2599,22.86778,0,-0.2018774,0.3372854,0,0.1544622,2848.018,0.9711331,0.08803547,Straight,Down,0,-0.8884659,Normal
178.2999,22.88097,0,-0.1945531,0.3333181,0,0.1617362,2848.933,0.9715864,0.08843148,Straight,Down,-0.01978234,-0.9018631,Normal
178.3399,22.89289,0,-0.1844823,0.3333181,0,0.1678375,2849.848,0.9717146,0.08882827,Straight,Down,0,-0.9152603,Normal
178.3799,22.90461,0,-0.1734942,0.3293507,0,0.1727857,2850.764,0.9717885,0.08922601,Straight,Down,-0.01978234,-0.9286804,Normal
178.4199,22.91525,0,-0.1597613,0.3293507,0,0.1764493,2851.681,0.9715454,0.08962429,Straight,Down,-0.01978234,-0.9421158,Normal
178.4599,22.92582,0,-0.1112384,0.3293507,0,0.1788529,2852.598,0.9712358,0.09002364,Straight,Down,0,-0.9555435,Normal
178.4999,22.93633,0,-0.06546199,0.3253834,0,0.1801279,2853.515,0.9711365,0.09042365,Straight,Down,-0.01978234,-0.9689865,Normal
178.5399,22.94591,0,-0.0004577637,0.3253834,0,0.1803844,2854.433,0.9711848,0.09082458,Straight,Down,-0.02797646,-0.9774475,Normal
178.5799,22.95552,0,0.05172729,0.3253834,0,0.1795774,2855.351,0.971308,0.09122605,Straight,Down,-0.02797646,-0.9793625,Normal
178.6199,22.96518,0,0.07095337,0.3253834,0,0.1776883,2856.27,0.9714221,0.09162847,Straight,Down,-0.03426402,-0.9812927,Normal
178.6599,22.97508,0,0.07461548,0.3253834,0,0.1749813,2857.189,0.9718644,0.09203178,Straight,Down,-0.02797646,-0.9832153,Normal
178.6999,22.98434,0,0.07461548,0.3214161,0,0.1713526,2858.108,0.9727117,0.09243564,Straight,Down,-0.02797646,-0.9851456,Normal
178.7399,22.99277,0,0.07461548,0.3174487,0,0.166655,2859.028,0.9723027,0.09284056,Straight,Down,-0.02797646,-0.9870758,Normal
178.7799,23.00081,0,0.07461548,0.3134814,0,0.1611156,2859.948,0.9719936,0.09324617,Straight,Down,-0.02797646,-0.9889984,Normal
178.8199,23.00717,0,0.07461548,0.309514,0,0.1545959,2860.868,0.9720266,0.09365267,Straight,Down,-0.02797646,-0.9909363,Normal
178.8599,23.01319,0,0.07461548,0.3055466,0,0.1473711,2861.788,0.9724025,0.09405968,Straight,Down,-0.02797646,-0.9928589,Normal
178.8999,23.01836,0,0.08102417,0.3015793,0,0.1397046,2862.709,0.9727284,0.0944678,Straight,Down,-0.02797646,-0.9947968,Normal
178.9399,23.02216,0,0.09841919,0.3015793,0,0.1340869,2863.63,0.9732131,0.09487654,Straight,Down,-0.02797646,-0.996727,Normal
178.9799,23.02672,0,0.1130676,0.3015793,0,0.1345014,2864.551,0.9746091,0.09528608,Straight,Down,-0.02797646,-0.9986496,Normal
179.0199,23.03109,0,0.1286352,0.3015793,0,0.1345103,2865.472,0.9756821,0.0956964,Straight,Down,-0.03426402,-1.000587,Normal
179.0599,23.03494,0,0.1588476,0.3015793,0,0.1341295,2866.393,0.9764777,0.09610752,Straight,Down,-0.02797646,-1.002518,Normal
179.0999,23.03964,0,0.1725805,0.3015793,0,0.1333581,2867.315,0.9767877,0.09651957,Straight,Down,-0.02797646,-1.004448,Normal
179.1399,23.04429,0,0.1844823,0.3015793,0,0.132455,2868.237,0.9771487,0.09693224,Straight,Down,-0.02797646,-1.006378,Normal
179.1799,23.04887,0,0.1844823,0.3015793,0,0.1312745,2869.158,0.9771989,0.09734572,Straight,Down,-0.03426402,-1.008308,Normal
179.2199,23.05339,0,0.1844823,0.3015793,0,0.1300154,2870.081,0.9774959,0.09775997,Straight,Down,-0.02797646,-1.010246,Normal
179.2599,23.05785,0,0.1780736,0.3293507,0,0.1288965,2871.003,0.9777271,0.09817503,Straight,Down,-0.03426402,-1.012177,Normal
179.2999,23.06802,0,0.1542699,0.3293507,0,0.127714,2871.926,0.9781921,0.09859098,Straight,Down,-0.03956468,-1.014107,Normal
179.3399,23.07854,0,0.1048279,0.3333181,0,0.1264026,2872.849,0.9790941,0.09900746,Straight,Down,-0.03956468,-1.014359,Normal
179.3799,23.08956,0,0.05813599,0.3372854,0,0.125047,2873.772,0.9789314,0.099425,Straight,Down,-0.03956468,-1.013313,Normal
179.4199,23.1013,0,0.02700806,0.3412528,0,0.1237681,2874.696,0.9782017,0.09984315,Straight,Down,-0.03956468,-1.012283,Normal
179.4599,23.11341,0,-0.02792358,0.3412528,0,0.1222951,2875.62,0.977866,0.1002621,Straight,Down,-0.03956468,-1.011253,Normal
179.4999,23.12495,0,-0.0590533,0.3412528,0,0.1206671,2876.545,0.9781133,0.1006818,Straight,Down,-0.03956468,-1.010216,Normal
179.5399,23.13766,0,-0.09384334,0.3412528,0,0.1231393,2877.47,0.9787999,0.1011025,Straight,Down,-0.03956468,-1.009186,Normal
179.5799,23.15037,0,-0.1240557,0.3412528,0,0.1311037,2878.396,0.980136,0.1015238,Straight,Down,-0.03956468,-1.008148,Normal
179.6199,23.16271,0,-0.1377887,0.3412528,0,0.138979,2879.322,0.9813744,0.1019457,Straight,Down,-0.04423466,-1.007111,Normal
179.6599,23.17496,0,-0.1432818,0.3412528,0,0.1468419,2880.249,0.981994,0.1023687,Straight,Down,-0.03956468,-1.006073,Normal
179.6999,23.18775,0,-0.1524371,0.3412528,0,0.1546532,2881.177,0.9823292,0.1027923,Straight,Down,-0.03956468,-1.005035,Normal
179.7399,23.20044,0,-0.1780736,0.3412528,0,0.1623363,2882.104,0.9827773,0.1032168,Straight,Down,-0.03956468,-1.00399,Normal
179.7799,23.2131,0,-0.2494848,0.3412528,0,0.1702155,2883.033,0.9830704,0.1036418,Straight,Down,-0.03956468,-1.002945,Normal
179.8199,23.22596,0,-0.3273064,0.3412528,0,0.1780501,2883.962,0.9834415,0.1040679,Straight,Down,-0.03956468,-1.0019,Normal
179.8599,23.23822,0,-0.4582286,0.3412528,0,0.1853637,2884.891,0.9843524,0.1044946,Straight,Down,-0.03956468,-1.000862,Normal
179.8999,23.25052,0,-0.5534452,0.3412528,0,0.1923603,2885.821,0.9833417,0.1049223,Straight,Down,-0.04845664,-0.9998169,Normal
179.9399,23.26188,0,-0.6733811,0.3452201,0,0.1986234,2886.752,0.9827035,0.1053504,Straight,Down,-0.04845664,-0.997612,Normal
179.9799,23.27382,0,-0.777753,0.3452201,0,0.2038596,2887.683,0.9827479,0.1057794,Left,Down,-0.05233916,-0.9945374,Normal
180.0199,23.2869,0,-0.828107,0.3452201,0,0.2130882,2888.614,0.9831613,0.1062093,Straight,Down,-0.04845664,-0.9914551,Normal
180.0599,23.29931,0,-0.8729678,0.3452201,0,0.2260717,2889.546,0.9841298,0.1066397,Straight,Down,-0.04845664,-0.9883728,Normal
180.0999,23.31134,0,-0.8848715,0.3452201,0,0.2381057,2890.478,0.9851751,0.1070712,Straight,Down,-0.04845664,-0.9852905,Normal
180.1399,23.32338,0,-0.8848715,0.3452201,0,0.2487898,2891.411,0.9858822,0.1075033,Left,Down,-0.05233916,-0.9822083,Normal
180.1799,23.33577,0,-0.8848715,0.3452201,0,0.258185,2892.344,0.9864554,0.1079363,Straight,Down,-0.04845664,-0.9791107,Normal
180.2199,23.34794,0,-0.8848715,0.3452201,0,0.2665152,2893.278,0.9868771,0.1083697,Straight,Down,-0.04845664,-0.9760208,Normal
180.2599,23.36039,0,-0.8793783,0.3452201,0,0.2731127,2894.213,0.9876105,0.1088041,Left,Down,-0.05233916,-0.9729233,Normal
180.2999,23.37194,0,-0.8693057,0.3452201,0,0.2776933,2895.147,0.9876,0.1092394,Left,Down,-0.05233916,-0.9698257,Normal
180.3399,23.38227,0,-0.8491641,0.3452201,0,0.2803333,2896.083,0.9865401,0.1096753,Left,Down,-0.05233916,-0.966713,Normal
180.3799,23.39244,0,-0.8143741,0.3452201,0,0.2807927,2897.018,0.9856706,0.110112,Left,Down,-0.05595291,-0.9636078,Normal
180.4199,23.40304,0,-0.7841617,0.3452201,0,0.2832014,2897.954,0.98587,0.1105494,Left,Down,-0.06255726,-0.9595871,Normal
180.4599,23.41368,0,-0.7493699,0.3452201,0,0.288496,2898.891,0.9871194,0.1109877,Left,Down,-0.06255726,-0.9547348,Normal
180.4999,23.42363,0,-0.7191575,0.3452201,0,0.2911553,2899.827,0.9883502,0.1114267,Left,Down,-0.05934703,-0.9498749,Normal
180.5399,23.43349,0,-0.6797898,0.3452201,0,0.29127,2900.765,0.9892776,0.1118664,Left,Down,-0.05934703,-0.9450073,Normal
180.5799,23.44391,0,-0.6495774,0.3452201,0,0.2889803,2901.702,0.9898467,0.1123068,Left,Down,-0.05934703,-0.9401398,Normal
180.6199,23.45483,0,-0.6367582,0.3452201,0,0.2835412,2902.64,0.9905387,0.1127481,Left,Down,-0.06255726,-0.9352646,Normal
180.6599,23.46487,0,-0.6147856,0.3452201,0,0.2751235,2903.579,0.9905601,0.1131902,Left,Down,-0.05934703,-0.9303818,Normal
180.6999,23.4735,0,-0.5955595,0.3452201,0,0.2638202,2904.518,0.9892516,0.1136327,Left,Down,-0.06255726,-0.9254913,Normal
180.7399,23.4822,0,-0.5607694,0.3452201,0,0.2492598,2905.457,0.9881988,0.1140764,Left,Down,-0.06255726,-0.9205933,Normal
180.7799,23.49276,0,-0.5131602,0.3452201,0,0.2404434,2906.397,0.9893699,0.1145206,Left,Down,-0.06852804,-0.9157028,Normal
180.8199,23.50227,0,-0.4545665,0.3452201,0,0.2294745,2907.337,0.9906819,0.1149657,Left,Down,-0.07132626,-0.9100723,Normal
180.8599,23.51087,0,-0.3575188,0.3452201,0,0.2153852,2908.277,0.9918455,0.1154113,Left,Down,-0.07132626,-0.9035034,Normal
180.8999,23.52122,0,-0.2687109,0.3452201,0,0.1984305,2909.218,0.9928227,0.1158578,Left,Down,-0.07132626,-0.8969269,Normal
180.9399,23.53211,0,-0.1597613,0.3452201,0,0.1783918,2910.159,0.9937015,0.1163052,Left,Down,-0.07132626,-0.8903427,Normal
180.9799,23.54231,0,-0.05355835,0.3452201,0,0.1558752,2911.101,0.9929401,0.116753,Left,Down,-0.07132626,-0.8837509,Normal
181.0199,23.55034,0,0.01052856,0.3452201,0,0.1308619,2912.042,0.9914775,0.1172019,Left,Down,-0.07132626,-0.8771439,Normal
181.0599,23.56139,0,0.07003784,0.3452201,0,0.1084704,2912.985,0.991523,0.1176513,Left,Down,-0.07132626,-0.8705444,Normal
181.0999,23.57281,0,0.09841919,0.3452201,0,0.08791411,2913.928,0.9928637,0.1181017,Left,Down,-0.07132626,-0.8639374,Normal
181.1399,23.58253,0,0.1222265,0.3452201,0,0.06522542,2914.871,0.9941917,0.1185525,Left,Down,-0.08156469,-0.8573303,Normal
181.1799,23.59285,0,0.140537,0.3452201,0,0.04022223,2915.815,0.9954447,0.1190044,Left,Down,-0.08392937,-0.8492661,Normal
181.2199,23.60462,0,0.1515234,0.3452201,0,0.01298434,2916.759,0.9971234,0.1194568,Left,Down,-0.08156469,-0.8409729,Normal
181.2599,23.61519,0,0.1606786,0.3452201,0,-0.01596949,2917.703,0.9955536,0.11991,Left,Down,-0.08156469,-0.8326492,Normal
181.2999,23.6239,0,0.1643407,0.3452201,0,-0.04541302,2918.648,0.9937641,0.1203639,Left,Down,-0.08156469,-0.8243332,Normal
181.3399,23.63596,0,0.1643407,0.3452201,0,-0.06864062,2919.594,0.995349,0.1208186,Left,Down,-0.08392937,-0.8160095,Normal
181.3799,23.64733,0,0.1588476,0.3452201,0,-0.09340632,2920.539,0.996977,0.1212742,Left,Down,-0.08156469,-0.8076935,Normal
181.4199,23.65654,0,0.1240575,0.3452201,0,-0.1194374,2921.486,0.9981226,0.1217303,Left,Down,-0.08846933,-0.7993698,Normal
181.4599,23.66853,0,0.06362915,0.3452201,0,-0.1467992,2922.432,0.9999129,0.1221872,Left,Down,-0.09487279,-0.7902527,Normal
181.4999,23.67717,0,-0.0004577637,0.3452201,0,-0.1751661,2923.379,0.9978092,0.1226448,Left,Down,-0.09487279,-0.7801743,Normal
181.5399,23.68682,0,-0.08285701,0.3452201,0,-0.2003525,2924.326,0.9968184,0.1231033,Left,Down,-0.09487279,-0.7700882,Normal
181.5799,23.69874,0,-0.1670855,0.3452201,0,-0.2218576,2925.274,0.9980582,0.1235623,Left,Down,-0.09487279,-0.7600021,Normal
181.6199,23.70875,0,-0.2275121,0.3452201,0,-0.244157,2926.222,0.9995855,0.1240221,Left,Down,-0.09487279,-0.7499161,Normal
181.6599,23.71876,0,-0.297094,0.3452201,0,-0.2678107,2927.171,1.00175,0.1244828,Left,Down,-0.09487279,-0.7398224,Normal
181.6999,23.72726,0,-0.3511101,0.3452201,0,-0.2923366,2928.12,1.000657,0.1249441,Left,Down,-0.1083524,-0.7296677,Normal
181.7399,23.7358,0,-0.4234385,0.3452201,0,-0.3138719,2929.069,0.9990266,0.1254061,Left,Down,-0.1065312,-0.7177429,Normal
181.7799,23.74724,0,-0.5067515,0.3452201,0,-0.3314368,2930.019,1.000043,0.1258688,Left,Down,-0.1083524,-0.7058105,Normal
181.8199,23.75719,0,-0.5671781,0.3452201,0,-0.3498938,2930.969,1.00158,0.1263325,Left,Down,-0.1083524,-0.6938858,Normal
181.8599,23.76661,0,-0.6550705,0.3214161,0,-0.3696954,2931.92,1.003834,0.1267967,Left,Down,-0.1065312,-0.6819305,Normal
181.8999,23.76672,0,-0.7154953,0.3214161,0,-0.390353,2932.871,1.000506,0.1272615,Left,Down,-0.1136409,-0.6699677,Normal
181.9399,23.77114,0,-0.7841617,0.3214161,0,-0.4028113,2933.821,1.001216,0.1277273,Left,Down,-0.1219466,-0.6573792,Normal
181.9799,23.77694,0,-0.8555728,0.3214161,0,-0.4170469,2934.772,1.002707,0.1281937,Left,Down,-0.1219466,-0.6435089,Normal
182.0199,23.78002,0,-0.9022665,0.3214161,0,-0.432942,2935.724,1.005773,0.128661,Left,Down,-0.1203313,-0.6296158,Normal
182.0599,23.77924,0,-0.9562826,0.3214161,0,-0.4500563,2936.675,1.001703,0.1291286,Left,Down,-0.1219466,-0.615715,Normal
182.0999,23.78295,0,-0.986495,0.3214161,0,-0.459493,2937.626,1.002312,0.1295974,Left,Down,-0.1266688,-0.6018143,Normal
182.1399,23.78911,0,-1.015794,0.3214161,0,-0.4716567,2938.578,1.004296,0.1300666,Left,Down,-0.1356209,-0.5873795,Normal
182.1799,23.78794,0,-1.027696,0.3214161,0,-0.486099,2939.529,1.005485,0.1305368,Left,Down,-0.1356209,-0.571434,Normal
182.2199,23.78819,0,-1.027696,0.3214161,0,-0.4983261,2940.481,1.003351,0.1310074,Left,Down,-0.1356209,-0.5554886,Normal
182.2599,23.79134,0,-1.027696,0.3174487,0,-0.5073323,2941.433,1.004277,0.1314788,Left,Down,-0.1356209,-0.5395432,Normal
182.2999,23.79651,0,-1.027696,0.3134814,0,-0.5197173,2942.384,1.007884,0.1319511,Left,Down,-0.1493534,-0.5235825,Normal
182.3399,23.78923,0,-1.022202,0.3134814,0,-0.5327514,2943.336,1.004358,0.1324238,Left,Down,-0.1519511,-0.5058975,Normal
182.3799,23.78915,0,-1.010301,0.309514,0,-0.5406445,2944.288,1.005258,0.1328976,Left,Down,-0.1519511,-0.4878006,Normal
182.4199,23.79336,0,-0.9919882,0.309514,0,-0.5528827,2945.239,1.008952,0.1333719,Left,Down,-0.1519511,-0.4696884,Normal
182.4599,23.78284,0,-0.9507895,0.3055466,0,-0.5654086,2946.19,1.005403,0.1338471,Left,Down,-0.165511,-0.4515915,Normal
182.4999,23.78117,0,-0.8986044,0.3055466,0,-0.5742099,2947.142,1.006696,0.1343227,Left,Down,-0.1690205,-0.4316406,Normal
182.5399,23.7805,0,-0.8134586,0.3015793,0,-0.5873426,2948.093,1.009153,0.1347991,Left,Down,-0.1690205,-0.4112396,Normal
182.5799,23.76935,0,-0.7136643,0.297612,0,-0.5980794,2949.043,1.006091,0.1352765,Left,Down,-0.1724585,-0.390831,Normal
182.6199,23.76234,0,-0.6358427,0.297612,0,-0.6084095,2949.994,1.004612,0.1357543,Left,Down,-0.1866263,-0.3700256,Normal
182.6599,23.75704,0,-0.5598539,0.297612,0,-0.6216846,2950.945,1.005829,0.1362329,Left,Down,-0.1876719,-0.3471909,Normal
182.6999,23.74523,0,-0.5195689,0.297612,0,-0.6300454,2951.895,1.003526,0.1367122,Left,Down,-0.1866263,-0.3243637,Normal
182.7399,23.73923,0,-0.488441,0.297612,0,-0.6420745,2952.844,1.005655,0.1371924,Left,Down,-0.2036718,-0.3015442,Normal
182.7799,23.72935,0,-0.4600596,0.297612,0,-0.6486279,2953.793,1.004891,0.1376731,Left,Down,-0.2055842,-0.2765427,Normal
182.8199,23.72163,0,-0.4362559,0.297612,0,-0.6586253,2954.742,1.007635,0.1381545,Left,Down,-0.2065338,-0.2512131,Normal
182.8599,23.71335,0,-0.382238,0.297612,0,-0.6625515,2955.691,1.007423,0.1386366,Left,Down,-0.2238118,-0.2258759,Normal
182.8999,23.70514,0,-0.3291374,0.297612,0,-0.6698639,2956.639,1.010295,0.1391194,Left,Down,-0.2264194,-0.1981888,Normal
182.9399,23.69772,0,-0.2513158,0.297612,0,-0.6720358,2957.587,1.011657,0.1396031,Left,Down,-0.2306999,-0.1701889,Normal
182.9799,23.68991,0,-0.1789892,0.297612,0,-0.6760027,2958.535,1.011899,0.1400872,Left,Flat,-0.2478722,-0.1417542,Normal
183.0199,23.68335,0,-0.1377887,0.297612,0,-0.6766096,2959.482,1.013952,0.1405723,Left,Flat,-0.2478722,-0.1109467,Normal
183.0599,23.67337,0,-0.1139849,0.297612,0,-0.6765151,2960.429,1.013644,0.1410579,Left,Flat,-0.2646699,-0.08017731,Normal
183.0999,23.67014,0,-0.1139849,0.297612,0,-0.6766164,2961.376,1.016461,0.1415444,Left,Flat,-0.2719625,-0.04942322,Normal
183.1399,23.66296,0,-0.1249713,0.297612,0,-0.67211,2962.323,1.016503,0.1420313,Left,Flat,-0.289391,-0.01869202,Normal
183.1799,23.65599,0,-0.1734942,0.3174487,0,-0.6698408,2963.269,1.016617,0.1425192,Left,Flat,-0.3109043,-0.01004791,Normal
183.2199,23.65455,0,-0.2311742,0.3214161,0,-0.6641564,2964.215,1.017995,0.1430076,Left,Flat,-0.3019647,-0.02695465,Normal
183.2599,23.65145,0,-0.291599,0.3293507,0,-0.6576073,2965.161,1.017238,0.1434966,Left,Flat,-0.2920831,-0.04341125,Normal
183.2999,23.65533,0,-0.3382927,0.3293507,0,-0.6532664,2966.107,1.018424,0.1439866,Left,Flat,-0.2859903,-0.05926514,Normal
183.3399,23.65657,0,-0.3941399,0.3293507,0,-0.6434642,2967.054,1.019691,0.1444771,Left,Flat,-0.2741124,-0.07480621,Normal
183.3799,23.65526,0,-0.4362559,0.3293507,0,-0.6340584,2968,1.019172,0.1449684,Left,Flat,-0.2733977,-0.08963776,Normal
183.4199,23.66072,0,-0.4637218,0.3293507,0,-0.6268343,2968.946,1.019918,0.1454602,Left,Flat,-0.2564087,-0.1044464,Normal
183.4599,23.66124,0,-0.4930186,0.3293507,0,-0.6149406,2969.893,1.021013,0.1459529,Left,Flat,-0.2564087,-0.1182632,Normal
183.4999,23.6611,0,-0.5076671,0.3293507,0,-0.6025214,2970.839,1.020326,0.1464462,Left,Flat,-0.2462884,-0.1320801,Normal
183.5399,23.66436,0,-0.5168223,0.3293507,0,-0.5918489,2971.785,1.01975,0.1469402,Left,Flat,-0.2390311,-0.1453247,Normal
183.5799,23.66712,0,-0.5195689,0.3293507,0,-0.5797544,2972.732,1.022206,0.1474348,Left,Down,-0.2382111,-0.1581421,Normal
183.6199,23.66833,0,-0.5241466,0.3293507,0,-0.5635025,2973.679,1.0223,0.1479302,Left,Down,-0.2229358,-0.1709595,Normal
183.6599,23.6673,0,-0.5250621,0.3293507,0,-0.5490504,2974.626,1.02138,0.1484264,Left,Down,-0.2211734,-0.1828918,Normal
183.6999,23.67345,0,-0.5360502,0.3293507,0,-0.5368349,2975.573,1.02267,0.1489229,Left,Down,-0.220287,-0.194725,Normal
183.7399,23.67486,0,-0.5525297,0.3293507,0,-0.5196733,2976.519,1.02378,0.1494205,Left,Down,-0.2046302,-0.2065048,Normal
183.7799,23.67531,0,-0.5726713,0.3333181,0,-0.5018827,2977.466,1.023787,0.1499186,Left,Down,-0.2046302,-0.2173767,Normal
183.8199,23.67876,0,-0.5827421,0.3333181,0,-0.4860938,2978.413,1.022489,0.1504175,Left,Down,-0.2046302,-0.228241,Normal
183.8599,23.6836,0,-0.5827421,0.3333181,0,-0.4727938,2979.36,1.024396,0.1509168,Left,Down,-0.1887116,-0.2390976,Normal
183.8999,23.68594,0,-0.5772489,0.3333181,0,-0.4553756,2980.308,1.025948,0.1514169,Left,Down,-0.1876719,-0.2490997,Normal
183.9399,23.68763,0,-0.5708402,0.3333181,0,-0.4364231,2981.255,1.026045,0.1519179,Left,Down,-0.1866263,-0.2590027,Normal
183.9799,23.69139,0,-0.5543607,0.3372854,0,-0.4198182,2982.203,1.025591,0.1524194,Left,Down,-0.1791368,-0.2689056,Normal
184.0199,23.69415,0,-0.5470365,0.3372854,0,-0.4053082,2983.15,1.024782,0.1529215,Left,Down,-0.1713202,-0.2783508,Normal
184.0599,23.70064,0,-0.5424589,0.3372854,0,-0.3934445,2984.098,1.027198,0.1534244,Left,Down,-0.1713202,-0.2873077,Normal
184.0999,23.70389,0,-0.5186534,0.3372854,0,-0.3740801,2985.047,1.027844,0.1539281,Left,Down,-0.1713202,-0.2962723,Normal
184.1399,23.70616,0,-0.5003428,0.3372854,0,-0.3567366,2985.995,1.027804,0.1544323,Left,Down,-0.1582588,-0.3052292,Normal
184.1799,23.71171,0,-0.471046,0.3372854,0,-0.3419722,2986.943,1.027385,0.154937,Left,Down,-0.1545051,-0.3134842,Normal
184.2199,23.71455,0,-0.4518199,0.3372854,0,-0.3295237,2987.892,1.026941,0.1554426,Left,Down,-0.1545051,-0.3215179,Normal
184.2599,23.72113,0,-0.4298472,0.3412528,0,-0.319776,2988.841,1.029106,0.1559489,Left,Down,-0.1545051,-0.3295364,Normal
184.2999,23.72513,0,-0.4060417,0.3412528,0,-0.3042346,2989.79,1.029822,0.1564559,Left,Down,-0.1440177,-0.3375626,Normal
184.3399,23.72865,0,-0.3877312,0.3412528,0,-0.2890342,2990.739,1.029954,0.1569633,Left,Down,-0.1384764,-0.3450089,Normal
184.3799,23.73548,0,-0.3620964,0.3412528,0,-0.2762184,2991.688,1.029802,0.1574717,Left,Down,-0.1384764,-0.3521042,Normal
184.4199,23.73952,0,-0.3401238,0.3412528,0,-0.2658922,2992.638,1.029552,0.1579806,Left,Down,-0.1384764,-0.3591995,Normal
184.4599,23.7446,0,-0.3044182,0.3412528,0,-0.2577682,2993.587,1.02964,0.1584903,Left,Down,-0.1384764,-0.3662949,Normal
184.4999,23.75201,0,-0.256809,0.3412528,0,-0.252212,2994.537,1.031272,0.1590003,Left,Down,-0.1235407,-0.3733826,Normal
184.5399,23.75651,0,-0.2192724,0.3452201,0,-0.2402691,2995.488,1.031546,0.1595112,Left,Down,-0.1219466,-0.3796005,Normal
184.5799,23.76186,0,-0.1542681,0.3452201,0,-0.2288314,2996.438,1.031244,0.1600229,Left,Down,-0.1235407,-0.3857498,Normal
184.6199,23.76997,0,-0.1066607,0.3452201,0,-0.2197516,2997.389,1.031193,0.160535,Left,Down,-0.1219466,-0.3919144,Normal
184.6599,23.77637,0,-0.05172729,0.3452201,0,-0.2125864,2998.34,1.030876,0.161048,Left,Down,-0.1219466,-0.3980713,Normal
184.6999,23.78252,0,0.01052856,0.3452201,0,-0.2071027,2999.291,1.030575,0.1615615,Left,Down,-0.1119058,-0.4042206,Normal
184.7399,23.78934,0,0.06362915,0.3452201,0,-0.2031045,3000.242,1.031373,0.1620759,Left,Down,-0.1065312,-0.4097366,Normal
184.7799,23.79831,0,0.1167297,0.3452201,0,-0.2011286,3001.194,1.033434,0.1625906,Left,Down,-0.1065312,-0.4149475,Normal
184.8199,23.80479,0,0.1423681,0.3452201,0,-0.1940084,3002.146,1.034418,0.1631063,Left,Down,-0.1046783,-0.4201584,Normal
184.8599,23.81169,0,0.1542699,0.3452201,0,-0.184275,3003.099,1.034664,0.1636224,Left,Down,-0.1065312,-0.4253693,Normal
184.8999,23.82025,0,0.1542699,0.3491875,0,-0.1761277,3004.052,1.03459,0.1641393,Left,Down,-0.1065312,-0.4305725,Normal
184.9399,23.82817,0,0.1542699,0.3491875,0,-0.1693403,3005.005,1.034892,0.1646567,Left,Down,-0.09487279,-0.4357834,Normal
184.9799,23.83643,0,0.1542699,0.3491875,0,-0.1638861,3005.958,1.035357,0.1651749,Left,Down,-0.08846933,-0.4403839,Normal
185.0199,23.84467,0,0.1542699,0.3491875,0,-0.1597441,3006.912,1.035739,0.1656938,Left,Down,-0.08846933,-0.4446106,Normal
185.0599,23.85262,0,0.1542699,0.3491875,0,-0.1564373,3007.866,1.035883,0.1662133,Left,Down,-0.08622923,-0.4488297,Normal
185.0999,23.86099,0,0.1698339,0.3491875,0,-0.1541333,3008.82,1.036982,0.1667333,Left,Down,-0.08622923,-0.4530487,Normal
185.1399,23.87012,0,0.1881444,0.3491875,0,-0.1526518,3009.775,1.038186,0.1672541,Left,Down,-0.08846933,-0.4572678,Normal
185.1799,23.87888,0,0.2128637,0.3491875,0,-0.148729,3010.73,1.039077,0.1677754,Left,Down,-0.08846933,-0.4614944,Normal
185.2199,23.88699,0,0.2357519,0.3491875,0,-0.1370418,3011.685,1.038968,0.1682977,Left,Down,-0.08156469,-0.4657135,Normal
185.2599,23.89572,0,0.2485693,0.3491875,0,-0.1257122,3012.641,1.038751,0.1688202,Left,Down,-0.06852804,-0.4696121,Normal
185.2999,23.90476,0,0.2494848,0.3491875,0,-0.1150187,3013.597,1.038751,0.1693436,Left,Down,-0.06852804,-0.4727325,Normal
185.3399,23.91313,0,0.2494848,0.3491875,0,-0.1044717,3014.553,1.039053,0.1698676,Left,Down,-0.06852804,-0.475853,Normal
185.3799,23.92144,0,0.2494848,0.3491875,0,-0.09417576,3015.51,1.039328,0.1703922,Left,Down,-0.06852804,-0.478981,Normal
185.4199,23.9297,0,0.2494848,0.3491875,0,-0.08394101,3016.467,1.039769,0.1709175,Left,Down,-0.06852804,-0.4821014,Normal
185.4599,23.93794,0,0.2494848,0.3491875,0,-0.07362762,3017.425,1.040212,0.1714436,Left,Down,-0.06852804,-0.4852219,Normal
185.4999,23.94612,0,0.2494848,0.3491875,0,-0.06295663,3018.383,1.040692,0.1719701,Left,Down,-0.06852804,-0.4883423,Normal
185.5399,23.95425,0,0.2494848,0.3491875,0,-0.05228332,3019.341,1.041398,0.1724971,Left,Down,-0.06852804,-0.4914627,Normal
185.5799,23.96204,0,0.2174413,0.3491875,0,-0.04094905,3020.299,1.042175,0.1730251,Left,Down,-0.07132626,-0.4945831,Normal
185.6199,23.97037,0,0.1643407,0.3491875,0,-0.02948073,3021.258,1.042666,0.1735535,Straight,Down,-0.04845664,-0.4977036,Normal
185.6599,23.97839,0,0.0819397,0.3491875,0,-0.01776871,3022.217,1.043825,0.1740828,Straight,Down,-0.04423466,-0.4996643,Normal
185.6999,23.98666,0,-0.0050354,0.3491875,0,-0.006274819,3023.176,1.044767,0.1746123,Straight,Down,-0.04423466,-0.5013199,Normal
185.7399,23.99514,0,-0.07187068,0.3491875,0,0.005727381,3024.136,1.045566,0.1751429,Straight,Down,-0.04423466,-0.5029755,Normal
185.7799,24.00368,0,-0.1597613,0.3491875,0,0.0179171,3025.096,1.046264,0.1756739,Straight,Down,-0.04423466,-0.504631,Normal
185.8199,24.0118,0,-0.2211034,0.3491875,0,0.03704259,3026.056,1.046577,0.1762053,Straight,Down,-0.04423466,-0.5062943,Normal
185.8599,24.01994,0,-0.3044182,0.3491875,0,0.05693868,3027.017,1.046998,0.1767377,Straight,Down,-0.04423466,-0.5079498,Normal
185.8999,24.02849,0,-0.3913933,0.3491875,0,0.07699826,3027.978,1.04696,0.1772706,Straight,Down,-0.04845664,-0.5096054,Normal
185.9399,24.03637,0,-0.4472423,0.3491875,0,0.09727791,3028.939,1.047444,0.1778043,Straight,Down,-0.04423466,-0.511261,Normal
185.9799,24.04438,0,-0.5113292,0.3491875,0,0.1173681,3029.901,1.047747,0.1783383,Straight,Down,-0.04423466,-0.5129242,Normal
186.0199,24.05237,0,-0.5360502,0.3491875,0,0.1372487,3030.863,1.048082,0.1788732,Straight,Down,-0.04423466,-0.5145798,Normal
186.0599,24.06037,0,-0.5479521,0.3491875,0,0.1568616,3031.825,1.048762,0.1794086,Straight,Down,-0.04845664,-0.516243,Normal
186.0999,24.06837,0,-0.5479521,0.3491875,0,0.1765915,3032.788,1.04924,0.1799448,Straight,Down,-0.04845664,-0.5178986,Normal
186.1399,24.07635,0,-0.5479521,0.3491875,0,0.1960935,3033.751,1.0497,0.1804813,Straight,Down,-0.04423466,-0.5195541,Normal
186.1799,24.08429,0,-0.5479521,0.3491875,0,0.2153027,3034.714,1.050101,0.1810185,Straight,Down,-0.04423466,-0.5212173,Normal
186.2199,24.09214,0,-0.5479521,0.3491875,0,0.2342511,3035.678,1.050502,0.1815566,Straight,Down,-0.02797646,-0.5228729,Normal
186.2599,24.09992,0,-0.5369657,0.3491875,0,0.2526568,3036.642,1.051137,0.1820951,Straight,Down,0,-0.5235748,Normal
186.2999,24.10761,0,-0.5067515,0.3491875,0,0.2701651,3037.606,1.051887,0.1826342,Straight,Down,0,-0.52211,Normal
186.3399,24.1152,0,-0.4591441,0.3491875,0,0.2866348,3038.571,1.052498,0.183174,Straight,Down,0,-0.5206451,Normal
186.3799,24.12274,0,-0.363012,0.3491875,0,0.3021715,3039.536,1.052476,0.1837145,Straight,Down,0,-0.5191803,Normal
186.4199,24.1302,0,-0.2687109,0.3491875,0,0.3167769,3040.501,1.052662,0.1842555,Straight,Down,0,-0.5177155,Normal
186.4599,24.13761,0,-0.1423663,0.3491875,0,0.3302997,3041.466,1.053618,0.1847971,Straight,Down,0,-0.5162506,Normal
186.4999,24.14503,0,-0.03433228,0.3491875,0,0.3429888,3042.432,1.054332,0.1853393,Straight,Down,0,-0.5147858,Normal
186.5399,24.15246,0,0.0151062,0.3491875,0,0.3545866,3043.398,1.054728,0.1858821,Straight,Down,0,-0.5133286,Normal
186.5799,24.15986,0,0.04714966,0.3491875,0,0.3651216,3044.364,1.055023,0.1864257,Straight,Down,0,-0.5118561,Normal
186.6199,24.16733,0,0.05630493,0.3491875,0,0.3745416,3045.331,1.055365,0.1869696,Straight,Down,0,-0.5103989,Normal
186.6599,24.17479,0,0.08010864,0.3491875,0,0.3829143,3046.298,1.055742,0.1875145,Straight,Down,0,-0.5089264,Normal
186.6999,24.18229,0,0.1469457,0.3491875,0,0.3900078,3047.265,1.056118,0.1880597,Straight,Down,0,-0.5074692,Normal
186.7399,24.18986,0,0.2201879,0.3491875,0,0.3962679,3048.232,1.05651,0.1886058,Straight,Down,0,-0.5059967,Normal
186.7799,24.1974,0,0.3273046,0.3491875,0,0.4019112,3049.2,1.056815,0.1891521,Straight,Down,0,-0.5045319,Normal
186.8199,24.20514,0,0.3978038,0.3491875,0,0.4067327,3050.168,1.057075,0.1896992,Straight,Down,0,-0.503067,Normal
186.8599,24.21289,0,0.453651,0.3491875,0,0.411139,3051.137,1.057731,0.190247,Straight,Down,0,-0.5016022,Normal
186.8999,24.2206,0,0.4985118,0.3491875,0,0.4153314,3052.106,1.058299,0.1907952,Straight,Down,0,-0.5001297,Normal
186.9399,24.22828,0,0.505836,0.3333181,0,0.4189236,3053.075,1.059096,0.1913442,Straight,Down,0,-0.4986725,Normal
186.9799,24.23272,0,0.505836,0.3293507,0,0.4223826,3054.044,1.059561,0.1918937,Straight,Down,0,-0.4972,Normal
187.0199,24.23628,0,0.505836,0.3293507,0,0.425508,3055.013,1.05976,0.192444,Straight,Down,0,-0.4957352,Normal
187.0599,24.23961,0,0.505836,0.3293507,0,0.4284556,3055.983,1.060022,0.1929945,Straight,Down,0,-0.4942627,Normal
187.0999,24.24302,0,0.5003428,0.3293507,0,0.4312792,3056.953,1.060629,0.193546,Straight,Down,0,-0.4927979,Normal
187.1399,24.24636,0,0.4994273,0.3293507,0,0.4340725,3057.922,1.061239,0.194098,Straight,Down,0,-0.4913254,Normal
187.1799,24.24962,0,0.4994273,0.3293507,0,0.4371201,3058.892,1.061746,0.1946504,Straight,Down,0,-0.4898605,Normal
187.2199,24.25277,0,0.4994273,0.3293507,0,0.4404907,3059.863,1.062279,0.1952035,Straight,Down,0,-0.4883881,Normal
187.2599,24.25661,0,0.4994273,0.3293507,0,0.4444049,3060.833,1.062898,0.1957572,Straight,Down,0,-0.4869232,Normal
187.2999,24.25878,0,0.4994273,0.3293507,0,0.4437815,3061.803,1.063184,0.1963117,Straight,Down,0,-0.4854507,Normal
187.3399,24.26071,0,0.4930186,0.3293507,0,0.4399355,3062.773,1.062782,0.1968665,Straight,Down,0,-0.4839859,Normal
187.3799,24.26339,0,0.4811168,0.3293507,0,0.4368984,3063.744,1.0624,0.197422,Straight,Down,0,-0.4825058,Normal
187.4199,24.26512,0,0.4582286,0.3293507,0,0.4350872,3064.715,1.062881,0.197978,Straight,Down,0,-0.481041,Normal
187.4599,24.26663,0,0.4234385,0.3293507,0,0.4344425,3065.685,1.063653,0.1985347,Straight,Down,0,-0.4795685,Normal
187.4999,24.26813,0,0.3923106,0.3293507,0,0.4350969,3066.656,1.064474,0.1990919,Straight,Down,0,-0.478096,Normal
187.5399,24.2693,0,0.3804088,0.3293507,0,0.4371584,3067.627,1.064885,0.1996497,Straight,Down,0,-0.4766312,Normal
187.5799,24.27092,0,0.3685069,0.3293507,0,0.4404,3068.597,1.066221,0.2002083,Straight,Down,0,-0.4751511,Normal
187.6199,24.27319,0,0.3685069,0.3293507,0,0.4450833,3069.568,1.067799,0.2007673,Straight,Down,0,-0.4736862,Normal
187.6599,24.27616,0,0.3685069,0.3293507,0,0.4512814,3070.539,1.069462,0.2013268,Straight,Down,0,-0.4722061,Normal
187.6999,24.2765,0,0.3758311,0.3293507,0,0.4522841,3071.51,1.069537,0.201887,Straight,Down,0,-0.4707336,Normal
187.7399,24.27764,0,0.3904796,0.3293507,0,0.4520973,3072.482,1.068815,0.2024479,Straight,Down,0.03426402,-0.4692612,Normal
187.7799,24.28007,0,0.4216075,0.3293507,0,0.4536269,3073.453,1.068379,0.2030092,Right,Down,0.05595291,-0.4658051,Normal
187.8199,24.28035,0,0.453651,0.3293507,0,0.4571409,3074.424,1.068675,0.2035709,Right,Down,0.05595291,-0.4607849,Normal
187.8599,24.28036,0,0.4811168,0.3293507,0,0.4626238,3075.395,1.068794,0.2041336,Right,Down,0.05934703,-0.4557495,Normal
187.8999,24.28157,0,0.5003428,0.3293507,0,0.4698997,3076.366,1.070841,0.2046966,Right,Down,0.05595291,-0.4507141,Normal
187.9399,24.28459,0,0.505836,0.3293507,0,0.4792171,3077.338,1.073193,0.2052604,Right,Down,0.05595291,-0.4456787,Normal
187.9799,24.28358,0,0.505836,0.3293507,0,0.4831669,3078.309,1.073203,0.2058244,Right,Down,0.05595291,-0.4406433,Normal
188.0199,24.28353,0,0.505836,0.3293507,0,0.4869901,3079.28,1.072448,0.2063894,Right,Down,0.05595291,-0.4356003,Normal
188.0599,24.28552,0,0.505836,0.3293507,0,0.4929941,3080.251,1.071925,0.2069547,Right,Down,0.05595291,-0.4305496,Normal
188.0999,24.28398,0,0.505836,0.3293507,0,0.5012398,3081.222,1.071579,0.2075208,Right,Down,0.05595291,-0.4255066,Normal
188.1399,24.28612,0,0.505836,0.3293507,0,0.5113471,3082.194,1.074103,0.2080871,Right,Down,0.07401875,-0.4204636,Normal
188.1799,24.28687,0,0.505836,0.3293507,0,0.5199937,3083.166,1.076186,0.2086542,Right,Down,0.08392937,-0.4141769,Normal
188.2199,24.28465,0,0.505836,0.3293507,0,0.5250621,3084.137,1.075545,0.209222,Right,Down,0.08392937,-0.4072647,Normal
188.2599,24.28474,0,0.505836,0.3293507,0,0.5322617,3085.108,1.074765,0.20979,Right,Down,0.08392937,-0.4003448,Normal
188.2999,24.28443,0,0.505836,0.3293507,0,0.5416231,3086.079,1.074495,0.2103589,Right,Down,0.08622923,-0.3934326,Normal
188.3399,24.28756,0,0.505836,0.3293507,0,0.5532635,3087.051,1.077775,0.2109282,Right,Down,0.08622923,-0.3865128,Normal
188.3799,24.2853,0,0.505836,0.3293507,0,0.5589254,3088.022,1.078065,0.2114983,Right,Down,0.08392937,-0.3795929,Normal
188.4199,24.2824,0,0.505836,0.3293507,0,0.5659751,3088.993,1.077407,0.2120685,Right,Down,0.1027921,-0.3726578,Normal
188.4599,24.28319,0,0.505836,0.3293507,0,0.5751358,3089.965,1.076665,0.2126396,Right,Down,0.1101434,-0.3644714,Normal
188.4999,24.28552,0,0.505836,0.3253834,0,0.5859382,3090.936,1.0801,0.2132113,Right,Down,0.1101434,-0.3558044,Normal
188.5399,24.28198,0,0.505836,0.3253834,0,0.5902728,3091.907,1.079644,0.2137834,Right,Down,0.1083524,-0.3471298,Normal
188.5799,24.27588,0,0.505836,0.3174487,0,0.5974236,3092.878,1.078028,0.2143561,Right,Down,0.1083524,-0.3384552,Normal
188.6199,24.27981,0,0.505836,0.3134814,0,0.6068431,3093.85,1.080716,0.2149293,Right,Down,0.1170339,-0.3297806,Normal
188.6599,24.27314,0,0.505836,0.3134814,0,0.611113,3094.821,1.081372,0.2155033,Right,Down,0.1341704,-0.3205795,Normal
188.6999,24.26327,0,0.5113292,0.3134814,0,0.6161233,3095.791,1.079785,0.2160777,Right,Down,0.1341704,-0.310173,Normal
188.7399,24.266,0,0.5168223,0.3134814,0,0.6234209,3096.762,1.082381,0.2166525,Right,Down,0.1341704,-0.2997665,Normal
188.7799,24.2583,0,0.523231,0.3134814,0,0.6248567,3097.732,1.082444,0.217228,Right,Down,0.1341704,-0.28936,Normal
188.8199,24.24786,0,0.5296397,0.3134814,0,0.6279531,3098.702,1.080689,0.217804,Right,Down,0.1532334,-0.2789536,Normal
188.8599,24.24956,0,0.5296397,0.3134814,0,0.6311284,3099.673,1.084062,0.2183808,Right,Down,0.1582588,-0.2671738,Normal
188.8999,24.23949,0,0.5296397,0.3134814,0,0.6293548,3100.642,1.08273,0.2189577,Right,Down,0.1582588,-0.2550278,Normal
188.9399,24.23385,0,0.5296397,0.3134814,0,0.6303195,3101.612,1.08439,0.2195355,Right,Down,0.1594904,-0.2428818,Normal
188.9799,24.23166,0,0.5241466,0.3134814,0,0.6249686,3102.581,1.085622,0.2201137,Right,Down,0.183454,-0.2307281,Normal
189.0199,24.22423,0,0.523231,0.3134814,0,0.6213974,3103.55,1.086754,0.2206926,Right,Down,0.183454,-0.2168198,Normal
189.0599,24.22019,0,0.5177379,0.3134814,0,0.6118425,3104.519,1.086617,0.2212717,Right,Down,0.1823843,-0.2029037,Normal
189.0999,24.21428,0,0.5049205,0.3134814,0,0.6029289,3105.487,1.086565,0.2218516,Right,Down,0.2027088,-0.1889801,Normal
189.1399,24.20924,0,0.5003428,0.3134814,0,0.5965968,3106.456,1.086742,0.2224322,Right,Down,0.20842,-0.1737442,Normal
189.1799,24.20401,0,0.4747081,0.3134814,0,0.5929805,3107.424,1.087862,0.2230128,Right,Down,0.20842,-0.1580048,Normal
189.2199,24.1973,0,0.4325938,0.3134814,0,0.5826039,3108.392,1.087685,0.2235945,Right,Flat,0.2315465,-0.1422729,Normal
189.2599,24.19095,0,0.3913951,0.3134814,0,0.5740801,3109.36,1.08753,0.2241765,Right,Flat,0.235734,-0.1249847,Normal
189.2999,24.1855,0,0.3254735,0.3134814,0,0.5680912,3110.327,1.087888,0.2247592,Right,Flat,0.2414744,-0.1073685,Normal
189.3399,24.17908,0,0.272373,0.3134814,0,0.5647694,3111.294,1.088758,0.2253421,Right,Flat,0.2631872,-0.08933258,Normal
189.3799,24.1734,0,0.1954687,0.3134814,0,0.562336,3112.261,1.09007,0.2259259,Right,Flat,0.2624426,-0.06977081,Normal
189.4199,24.16653,0,0.1423681,0.3134814,0,0.5535471,3113.228,1.090084,0.22651,Right,Flat,0.2880355,-0.05020905,Normal
189.4599,24.16011,0,0.123142,0.3134814,0,0.5470832,3114.194,1.090213,0.2270947,Right,Flat,0.2907402,-0.02887726,Normal
189.4999,24.15457,0,0.1130676,0.3134814,0,0.5428563,3115.161,1.090799,0.2276799,Right,Flat,0.1876719,-0.007331848,Normal
189.5399,24.14825,0,0.09933472,0.3134814,0,0.5407448,3116.126,1.091655,0.2282656,Right,Flat,0.1690205,0.0218277,Normal
189.5799,24.14212,0,0.08651733,0.3134814,0,0.5409025,3117.092,1.092385,0.2288521,Right,Flat,0.1690205,0.0524826,Normal
189.6199,24.13629,0,0.0453186,0.3134814,0,0.5405558,3118.058,1.093549,0.2294389,Right,Flat,0.1690205,0.08313751,Normal
189.6599,24.12952,0,0.003204346,0.3134814,0,0.5340524,3119.023,1.093654,0.2300262,Right,Flat,0.1356209,0.1138,Normal
189.6999,24.12303,0,-0.05264282,0.3134814,0,0.5293854,3119.988,1.093687,0.2306141,Right,Flat,0.1341704,0.1393356,Normal
189.7399,24.11735,0,-0.09475887,0.3134814,0,0.5263236,3120.953,1.094005,0.2312026,Right,Up,0.1341704,0.1646271,Normal
189.7799,24.11096,0,-0.1524371,0.3134814,0,0.5245673,3121.917,1.094803,0.2317913,Right,Up,0.1356209,0.1899033,Normal
189.8199,24.10474,0,-0.1835668,0.3134814,0,0.5238862,3122.882,1.095613,0.2323807,Right,Up,0.1282043,0.2151718,Normal
189.8599,24.09864,0,-0.1945531,0.3134814,0,0.5245817,3123.845,1.096182,0.2329709,Right,Up,0.1083524,0.2393723,Normal
189.8999,24.09344,0,-0.1945531,0.3134814,0,0.5263293,3124.809,1.097498,0.2335613,Right,Up,0.1083524,0.2593842,Normal
189.9399,24.08657,0,-0.1945531,0.3333181,0,0.5222965,3125.773,1.097823,0.2341523,Right,Up,0.1083524,0.2793961,Normal
189.9799,24.08209,0,-0.1945531,0.3333181,0,0.5155898,3126.736,1.097511,0.2347438,Right,Up,0.1083524,0.299408,Normal
190.0199,24.08097,0,-0.1780736,0.3333181,0,0.5099689,3127.699,1.09736,0.235336,Right,Up,0.1083524,0.3194122,Normal
190.0599,24.07839,0,-0.1542681,0.3333181,0,0.5053062,3128.663,1.097842,0.2359286,Right,Up,0.1008706,0.3394089,Normal
190.0999,24.07602,0,-0.1112384,0.3333181,0,0.5012696,3129.626,1.098687,0.2365214,Right,Up,0.08622923,0.3579941,Normal
190.1399,24.07372,0,-0.07736385,0.3333181,0,0.4978249,3130.589,1.099523,0.2371152,Right,Up,0.08622923,0.3732834,Normal
190.1799,24.07141,0,-0.04074097,0.3333181,0,0.4950122,3131.552,1.100281,0.2377092,Right,Up,0.08392937,0.3885651,Normal
190.2199,24.06913,0,-0.01602173,0.3333181,0,0.4928542,3132.514,1.100912,0.238304,Right,Up,0.08622923,0.4038467,Normal
190.2599,24.06693,0,0.0050354,0.3372854,0,0.4907532,3133.477,1.101563,0.2388989,Right,Up,0.08622923,0.4191208,Normal
190.2999,24.06596,0,0.02883911,0.3412528,0,0.4887316,3134.44,1.102405,0.2394947,Right,Up,0.08392937,0.4344025,Normal
190.3399,24.06445,0,0.04623413,0.3412528,0,0.4799268,3135.402,1.102696,0.2400908,Right,Up,0.08392937,0.4496918,Normal
190.3799,24.06322,0,0.06912231,0.3412528,0,0.4678859,3136.365,1.102473,0.2406876,Right,Up,0.06852804,0.4649658,Normal
190.4199,24.06304,0,0.08651733,0.3412528,0,0.4559856,3137.327,1.102662,0.2412845,Right,Up,0.0656106,0.4771042,Normal
190.4599,24.06147,0,0.1048279,0.3412528,0,0.444155,3138.289,1.1032,0.2418822,Right,Up,0.06255726,0.4881592,Normal
190.4999,24.06003,0,0.1368749,0.3412528,0,0.432469,3139.252,1.103956,0.2424805,Right,Up,0.0656106,0.4991989,Normal
190.5399,24.05867,0,0.1652563,0.3412528,0,0.4209569,3140.214,1.104738,0.2430789,Right,Up,0.0656106,0.5102463,Normal
190.5799,24.05739,0,0.206455,0.3412528,0,0.4095362,3141.177,1.105474,0.2436783,Right,Up,0.0656106,0.5212936,Normal
190.6199,24.05612,0,0.2384984,0.3412528,0,0.3985347,3142.139,1.106379,0.2442779,Right,Up,0.0656106,0.5323257,Normal
190.6599,24.05489,0,0.2604711,0.3412528,0,0.3877467,3143.101,1.107293,0.2448782,Right,Up,0.0656106,0.5433731,Normal
190.6999,24.05369,0,0.2668798,0.3412528,0,0.3773458,3144.063,1.108565,0.2454786,Right,Up,0.0656106,0.5544128,Normal
190.7399,24.05252,0,0.2668798,0.3412528,0,0.3671401,3145.025,1.10938,0.2460798,Right,Up,0.06255726,0.5654449,Normal
190.7799,24.0513,0,0.2668798,0.3412528,0,0.3572071,3145.987,1.110121,0.2466816,Straight,Up,0.04845664,0.5764847,Normal
190.8199,24.05009,0,0.2668798,0.3412528,0,0.3475257,3146.949,1.111513,0.2472837,Straight,Up,0.04423466,0.5845413,Normal
190.8599,24.04933,0,0.2668798,0.3412528,0,0.3381653,3147.911,1.112426,0.2478863,Straight,Up,0.04845664,0.5916901,Normal
190.8999,24.04775,0,0.2668798,0.3412528,0,0.3242314,3148.873,1.112992,0.2484894,Straight,Up,0.04845664,0.5988312,Normal
190.9399,24.04582,0,0.2668798,0.3412528,0,0.3045682,3149.835,1.112656,0.2490932,Straight,Up,0.04423466,0.6059875,Normal
190.9799,24.04432,0,0.2668798,0.3412528,0,0.285438,3150.797,1.112615,0.2496973,Straight,Up,0.04423466,0.6131287,Normal
191.0199,24.04256,0,0.2668798,0.3412528,0,0.2665593,3151.759,1.113375,0.2503018,Straight,Up,0.04423466,0.6202698,Normal
191.0599,24.04047,0,0.2668798,0.3412528,0,0.2484594,3152.72,1.114192,0.2509069,Straight,Up,0.04423466,0.6274109,Normal
191.0999,24.03843,0,0.2668798,0.3412528,0,0.2308092,3153.682,1.114792,0.2515124,Straight,Up,0.04845664,0.634552,Normal
191.1399,24.0364,0,0.2668798,0.3412528,0,0.2139304,3154.643,1.115903,0.2521186,Straight,Up,0.04423466,0.6416931,Normal
191.1799,24.03442,0,0.2668798,0.3412528,0,0.1977932,3155.604,1.116573,0.2527249,Straight,Up,0.04423466,0.6488266,Normal
191.2199,24.03244,0,0.2668798,0.3412528,0,0.1826079,3156.566,1.117445,0.2533321,Straight,Up,0.04423466,0.6559677,Normal
191.2599,24.0305,0,0.2604711,0.3412528,0,0.16824,3157.527,1.117721,0.2539396,Straight,Up,0.04845664,0.6631088,Normal
191.2999,24.02854,0,0.2320898,0.3412528,0,0.1547888,3158.488,1.118324,0.2545477,Straight,Up,0.04423466,0.6702423,Normal
191.3399,24.02658,0,0.206455,0.3412528,0,0.1423283,3159.449,1.119123,0.255156,Straight,Up,0.03426402,0.6773758,Normal
191.3799,24.02461,0,0.1707494,0.3412528,0,0.1306093,3160.41,1.119578,0.2557651,Straight,Up,0.01978234,0.6822815,Normal
191.4199,24.02271,0,0.1304662,0.3412528,0,0.119776,3161.371,1.119999,0.2563744,Straight,Up,0.02797646,0.6854477,Normal
191.4599,24.02078,0,0.1048279,0.3412528,0,0.1098733,3162.332,1.120284,0.2569841,Straight,Up,0.02797646,0.6886139,Normal
191.4999,24.01887,0,0.07644653,0.3412528,0,0.1008252,3163.293,1.120907,0.2575946,Straight,Up,0.02797646,0.6917801,Normal
191.5399,24.01698,0,0.06546021,0.3412528,0,0.09247223,3164.254,1.121472,0.2582054,Straight,Up,0.02797646,0.6949463,Normal
191.5799,24.01513,0,0.05081177,0.3412528,0,0.08514592,3165.214,1.122489,0.2588169,Straight,Up,0.02797646,0.6981201,Normal
191.6199,24.01327,0,0.02883911,0.3412528,0,0.07849839,3166.175,1.12276,0.2594284,Straight,Up,0.02797646,0.7012863,Normal
191.6599,24.01148,0,0.01602173,0.3412528,0,0.07254359,3167.135,1.123222,0.2600408,Straight,Up,0.02797646,0.7044525,Normal
191.6999,24.00973,0,0.00869751,0.3412528,0,0.06735319,3168.095,1.123822,0.2606535,Straight,Up,0.02797646,0.7076187,Normal
191.7399,24.00793,0,0.004119873,0.3412528,0,0.06284931,3169.056,1.124346,0.2612667,Straight,Up,0.02797646,0.7107849,Normal
191.7799,24.0062,0,-0.0050354,0.3412528,0,0.05913773,3170.016,1.124966,0.2618803,Straight,Up,0.02797646,0.7139511,Normal
191.8199,24.00405,0,-0.01052856,0.3412528,0,0.05606192,3170.977,1.125087,0.2624944,Straight,Up,0.02797646,0.7171173,Normal
191.8599,24.00272,0,-0.01602173,0.3412528,0,0.04834896,3171.937,1.125693,0.2631091,Straight,Up,0.02797646,0.7202835,Normal
191.8999,24.0015,0,-0.02334595,0.3412528,0,0.03678727,3172.896,1.127069,0.2637239,Straight,Up,0.02797646,0.7234421,Normal
191.9399,23.99982,0,-0.02426147,0.3412528,0,0.02582261,3173.856,1.12826,0.2643396,Straight,Up,0.02797646,0.7266083,Normal
191.9799,23.99858,0,-0.03433228,0.3412528,0,0.01550883,3174.816,1.12894,0.2649555,Straight,Up,0.02797646,0.7297745,Normal
192.0199,23.99748,0,-0.04623413,0.3412528,0,0.005638272,3175.776,1.129339,0.2655721,Straight,Up,0.02797646,0.7329407,Normal
192.0599,23.99634,0,-0.05355835,0.3412528,0,-0.003699183,3176.736,1.129589,0.2661887,Straight,Up,0.02797646,0.7360992,Normal
192.0999,23.99516,0,-0.0590533,0.3412528,0,-0.01275808,3177.696,1.129698,0.266806,Straight,Up,0.02797646,0.7392654,Normal
192.1399,23.99398,0,-0.0590533,0.3412528,0,-0.02118585,3178.656,1.130233,0.2674239,Straight,Up,0.02797646,0.742424,Normal
192.1799,23.99277,0,-0.0590533,0.3412528,0,-0.02944276,3179.616,1.131016,0.2680421,Straight,Up,0.02797646,0.7455902,Normal
192.2199,23.99158,0,-0.0590533,0.3412528,0,-0.03752726,3180.575,1.13152,0.2686608,Straight,Up,0.02797646,0.7487488,Normal
192.2599,23.99037,0,-0.0590533,0.3412528,0,-0.04531926,3181.535,1.131986,0.2692799,Straight,Up,0.01978234,0.751915,Normal
192.2999,23.98917,0,-0.0590533,0.3412528,0,-0.05292645,3182.494,1.13229,0.2698996,Straight,Up,0.01978234,0.7550735,Normal
192.3399,23.98797,0,-0.0590533,0.3412528,0,-0.06035194,3183.454,1.132723,0.2705196,Straight,Up,0,0.7527847,Normal
192.3799,23.98677,0,-0.0590533,0.3412528,0,-0.06750235,3184.413,1.133248,0.2711399,Straight,Up,0,0.7478867,Normal
192.4199,23.98557,0,-0.0590533,0.3412528,0,-0.07475039,3185.373,1.133793,0.271761,Straight,Up,0,0.742981,Normal
192.4599,23.98437,0,-0.0590533,0.3412528,0,-0.08185121,3186.332,1.134314,0.2723823,Straight,Up,0,0.7380905,Normal
192.4999,23.98322,0,-0.0590533,0.3412528,0,-0.08864093,3187.292,1.134846,0.2730043,Straight,Up,0,0.7331924,Normal
192.5399,23.98203,0,-0.0590533,0.3412528,0,-0.09553719,3188.251,1.135335,0.2736263,Straight,Up,0,0.7282944,Normal
192.5799,23.98082,0,-0.0590533,0.3412528,0,-0.1023788,3189.211,1.135909,0.2742492,Straight,Up,0,0.7233963,Normal
192.6199,23.97964,0,-0.0590533,0.3412528,0,-0.1091798,3190.17,1.136291,0.2748723,Straight,Up,0,0.7184982,Normal
192.6599,23.97846,0,-0.02426147,0.3412528,0,-0.1158668,3191.129,1.136822,0.275496,Straight,Up,0,0.7136002,Normal
192.6999,23.97729,0,0.05172729,0.3412528,0,-0.1227941,3192.088,1.137565,0.2761198,Straight,Up,0,0.7087021,Normal
192.7399,23.97609,0,0.1240575,0.3452201,0,-0.1295408,3193.047,1.138089,0.2767442,Straight,Up,0,0.703804,Normal
192.7799,23.97534,0,0.2073705,0.3452201,0,-0.1362402,3194.006,1.138542,0.2773693,Straight,Up,0,0.6989059,Normal
192.8199,23.97503,0,0.2668798,0.3491875,0,-0.1428684,3194.965,1.139161,0.2779944,Straight,Up,0,0.6940155,Normal
192.8599,23.97515,0,0.3080785,0.3491875,0,-0.1492943,3195.924,1.139793,0.2786203,Straight,Up,0,0.6891174,Normal
192.8999,23.97572,0,0.3446996,0.3491875,0,-0.1554707,3196.883,1.140351,0.2792464,Straight,Up,0,0.6842194,Normal
192.9399,23.97626,0,0.3575206,0.3491875,0,-0.1615952,3197.842,1.140914,0.2798733,Straight,Up,0,0.6793213,Normal
192.9799,23.97681,0,0.3611827,0.3491875,0,-0.1674194,3198.801,1.141327,0.2805001,Straight,Up,0,0.6744232,Normal
193.0199,23.97736,0,0.3611827,0.3531548,0,-0.1730294,3199.76,1.141828,0.2811277,Straight,Up,0,0.6695251,Normal
193.0599,23.97877,0,0.3611827,0.3531548,0,-0.1783965,3200.719,1.142501,0.2817556,Straight,Up,0,0.6646271,Normal
193.0999,23.98012,0,0.3611827,0.3571222,0,-0.1833126,3201.677,1.14319,0.2823839,Straight,Up,0,0.659729,Normal
193.1399,23.98234,0,0.3566051,0.3571222,0,-0.187782,3202.637,1.143947,0.2830126,Straight,Up,0,0.6548309,Normal
193.1799,23.98454,0,0.3566051,0.3571222,0,-0.1919011,3203.596,1.144505,0.2836417,Straight,Up,0,0.6499405,Normal
193.2199,23.98669,0,0.3566051,0.3571222,0,-0.1953799,3204.556,1.145063,0.2842715,Straight,Up,0,0.6450424,Normal
193.2599,23.98878,0,0.3566051,0.3571222,0,-0.1982116,3205.515,1.145667,0.2849015,Straight,Up,0,0.6401443,Normal
193.2999,23.99084,0,0.3428686,0.3571222,0,-0.2004107,3206.475,1.14623,0.2855319,Straight,Up,0,0.6352386,Normal
193.3399,23.99289,0,0.3154027,0.3571222,0,-0.2018628,3207.434,1.146688,0.2861627,Straight,Up,0,0.6303406,Normal
193.3799,23.99491,0,0.2851903,0.3571222,0,-0.202294,3208.394,1.147203,0.2867939,Straight,Up,0,0.6254349,Normal
193.4199,23.9969,0,0.2320898,0.3571222,0,-0.202029,3209.354,1.147892,0.2874258,Straight,Up,0,0.6205368,Normal
193.4599,23.99886,0,0.1963842,0.3571222,0,-0.2007442,3210.314,1.148386,0.2880576,Straight,Up,0,0.6156387,Normal
193.4999,24.00083,0,0.1652563,0.3571222,0,-0.1988563,3211.274,1.148916,0.2886903,Straight,Up,0,0.6107407,Normal
193.5399,24.00277,0,0.1542699,0.3571222,0,-0.1960807,3212.234,1.149475,0.2893232,Straight,Up,0,0.605835,Normal
193.5799,24.00474,0,0.1533544,0.3571222,0,-0.1924354,3213.194,1.150023,0.2899565,Straight,Up,0,0.6009293,Normal
193.6199,24.0067,0,0.1533544,0.3571222,0,-0.1877789,3214.155,1.150463,0.2905902,Straight,Up,0,0.5960312,Normal
193.6599,24.00865,0,0.1533544,0.3571222,0,-0.1820166,3215.115,1.150932,0.2912246,Straight,Up,0,0.5911255,Normal
193.6999,24.01062,0,0.140537,0.3571222,0,-0.1751661,3216.075,1.15147,0.2918591,Straight,Up,0,0.5862274,Normal
193.7399,24.01258,0,0.110321,0.3571222,0,-0.1673237,3217.036,1.152157,0.2924938,Straight,Up,0,0.5813217,Normal
193.7799,24.01456,0,0.03250122,0.3571222,0,-0.1583896,3217.996,1.152867,0.2931294,Straight,Up,0,0.576416,Normal
193.8199,24.0166,0,-0.06454647,0.3571222,0,-0.1484423,3218.957,1.153367,0.2937651,Straight,Up,0,0.5715103,Normal
193.8599,24.01864,0,-0.1377887,0.3571222,0,-0.1377028,3219.918,1.153921,0.2944014,Straight,Up,0,0.5666122,Normal
193.8999,24.02073,0,-0.2265966,0.3571222,0,-0.1262949,3220.879,1.154607,0.2950378,Straight,Up,0,0.5617065,Normal
193.9399,24.02288,0,-0.3099114,0.3571222,0,-0.1144101,3221.84,1.155166,0.2956749,Straight,Up,0,0.5568008,Normal
193.9799,24.02508,0,-0.363012,0.3571222,0,-0.102034,3222.801,1.155465,0.2963123,Straight,Up,0,0.5518951,Normal
194.0199,24.02728,0,-0.4179454,0.3571222,0,-0.08934063,3223.761,1.156082,0.2969498,Straight,Up,0,0.5469894,Normal
194.0599,24.02952,0,-0.439918,0.3571222,0,-0.07625711,3224.722,1.156455,0.2975881,Straight,Up,0.01978234,0.5420914,Normal
194.0999,24.03179,0,-0.4472423,0.3571222,0,-0.06286636,3225.684,1.157016,0.2982267,Straight,Up,0,0.537178,Normal
194.1399,24.03405,0,-0.4518199,0.3571222,0,-0.04939309,3226.645,1.157736,0.2988658,Straight,Up,0,0.5322723,Normal
194.1799,24.0363,0,-0.4518199,0.3571222,0,-0.0356614,3227.607,1.158368,0.2995049,Straight,Up,0,0.527359,Normal
194.2199,24.03847,0,-0.4527354,0.3571222,0,-0.02191034,3228.568,1.158719,0.3001448,Straight,Up,0,0.5224609,Normal
194.2599,24.04064,0,-0.4646373,0.3571222,0,-0.008304179,3229.53,1.159187,0.3007849,Straight,Up,0,0.5175476,Normal
194.2999,24.04273,0,-0.4893565,0.3571222,0,0.004986614,3230.491,1.159566,0.3014256,Straight,Up,0,0.5126419,Normal
194.3399,24.04476,0,-0.5122447,0.3571222,0,0.0178799,3231.453,1.160091,0.3020662,Straight,Up,0,0.5077286,Normal
194.3799,24.04671,0,-0.5168223,0.3571222,0,0.03009829,3232.415,1.16077,0.3027075,Straight,Up,0,0.5028229,Normal
194.4199,24.0486,0,-0.5168223,0.3571222,0,0.04172197,3233.377,1.161379,0.3033494,Straight,Up,0,0.4979095,Normal
194.4599,24.05037,0,-0.5122447,0.3571222,0,0.05251577,3234.339,1.161788,0.3039914,Straight,Up,0,0.4929962,Normal
194.4999,24.05205,0,-0.4994273,0.3571222,0,0.06244871,3235.301,1.162303,0.3046338,Straight,Up,0,0.4880905,Normal
194.5399,24.05366,0,-0.4701304,0.3571222,0,0.07124338,3236.263,1.16276,0.3052766,Straight,Up,0,0.4831772,Normal
194.5799,24.05522,0,-0.4454112,0.3571222,0,0.07903847,3237.225,1.163285,0.30592,Straight,Up,0,0.4782639,Normal
194.6199,24.05666,0,-0.4115367,0.3571222,0,0.08541247,3238.188,1.163856,0.3065635,Straight,Up,0,0.4733582,Normal
194.6599,24.058,0,-0.3932244,0.3571222,0,0.09061953,3239.15,1.164218,0.3072074,Straight,Up,0,0.4684448,Normal
194.6999,24.05707,0,-0.3749138,0.3571222,0,0.09593353,3240.112,1.163999,0.3078517,Straight,Up,0,0.4635315,Normal
194.7399,24.06216,0,-0.3575188,0.3571222,0,0.1047906,3241.075,1.167831,0.3084964,Straight,Up,0,0.4586334,Normal
194.7799,24.06599,0,-0.3401238,0.3571222,0,0.1121521,3242.037,1.170898,0.3091416,Straight,Up,0,0.4537277,Normal
194.8199,24.06629,0,-0.314489,0.3571222,0,0.1180934,3243,1.172315,0.3097868,Straight,Up,0,0.4488144,Normal
194.8599,24.07168,0,-0.2906835,0.3571222,0,0.1224527,3243.963,1.172578,0.3104329,Straight,Up,0,0.4439011,Normal
194.8999,24.0763,0,-0.2558935,0.3571222,0,0.1250888,3244.926,1.17201,0.311079,Straight,Up,0,0.4389801,Normal
194.9399,24.08057,0,-0.2137792,0.3571222,0,0.1263828,3245.889,1.171708,0.3117258,Straight,Up,0,0.4340591,Normal
194.9799,24.08463,0,-0.1725787,0.3571222,0,0.1258803,3246.852,1.171347,0.3123724,Straight,Up,0,0.4291382,Normal
195.0199,24.08856,0,-0.1130694,0.3571222,0,0.123684,3247.816,1.170993,0.3130197,Straight,Up,0,0.4242172,Normal
195.0599,24.09249,0,-0.07553279,0.3571222,0,0.1198442,3248.779,1.170997,0.3136675,Straight,Up,0,0.4192963,Normal
195.0999,24.09638,0,-0.03890991,0.3571222,0,0.1144969,3249.743,1.171036,0.3143153,Straight,Up,0,0.4143753,Normal
195.1399,24.1004,0,-0.01052856,0.3571222,0,0.1077529,3250.707,1.171243,0.3149638,Straight,Up,0,0.4094543,Normal
195.1799,24.10442,0,0.003204346,0.3571222,0,0.09942544,3251.671,1.171693,0.3156126,Straight,Up,-0.03956468,0.3990707,Normal
195.2199,24.10853,0,0.0050354,0.3571222,0,0.08966956,3252.635,1.17227,0.3162619,Straight,Up,-0.03426402,0.3796082,Normal
195.2599,24.1103,0,0.0050354,0.3571222,0,0.07846662,3253.6,1.172325,0.3169111,Straight,Up,-0.03426402,0.3601379,Normal
195.2999,24.1162,0,0.0050354,0.3571222,0,0.07052276,3254.564,1.173603,0.3175611,Straight,Up,-0.03426402,0.340683,Normal
195.3399,24.12268,0,0.0050354,0.3571222,0,0.06449744,3255.529,1.176141,0.3182112,Straight,Up,-0.03956468,0.321228,Normal
195.3799,24.12664,0,0.01419067,0.3571222,0,0.05722073,3256.494,1.178044,0.3188617,Straight,Up,-0.03426402,0.3017654,Normal
195.4199,24.13296,0,0.0453186,0.3571222,0,0.0487887,3257.459,1.178914,0.3195125,Straight,Up,-0.03426402,0.2822876,Normal
195.4599,24.13981,0,0.07003784,0.3571222,0,0.0394555,3258.425,1.179256,0.3201637,Straight,Up,-0.03426402,0.2627945,Normal
195.4999,24.14638,0,0.1057434,0.3571222,0,0.02916187,3259.391,1.179265,0.3208155,Straight,Up,-0.03956468,0.2432938,Normal
195.5399,24.15274,0,0.140537,0.3571222,0,0.01805541,3260.357,1.179146,0.3214674,Straight,Up,-0.03956468,0.2237854,Normal
195.5799,24.15901,0,0.1597631,0.3571222,0,0.006117135,3261.323,1.179289,0.3221196,Straight,Up,-0.03426402,0.204277,Normal
195.6199,24.16522,0,0.1844823,0.3571222,0,-0.006378263,3262.29,1.179503,0.3227722,Straight,Up,-0.03426402,0.1847687,Normal
195.6599,24.17135,0,0.1899755,0.3571222,0,-0.01962528,3263.257,1.179693,0.3234252,Straight,Up,-0.03956468,0.1652451,Normal
195.6999,24.17746,0,0.1936376,0.3571222,0,-0.03329149,3264.224,1.179981,0.3240784,Straight,Flat,-0.03956468,0.1457291,Normal
195.7399,24.18355,0,0.1936376,0.3571222,0,-0.04724827,3265.191,1.180375,0.3247321,Straight,Flat,-0.01978234,0.1261978,Normal
195.7799,24.18963,0,0.1936376,0.3571222,0,-0.06179202,3266.158,1.180826,0.3253863,Straight,Flat,-0.01978234,0.1181183,Normal
195.8199,24.19573,0,0.1936376,0.3571222,0,-0.07675225,3267.126,1.181413,0.3260406,Straight,Flat,0,0.1137009,Normal
195.8599,24.20177,0,0.1936376,0.3571222,0,-0.09189922,3268.094,1.18197,0.3266952,Straight,Flat,0,0.1092758,Normal
195.8999,24.20778,0,0.1936376,0.3571222,0,-0.1072213,3269.063,1.182686,0.3273502,Straight,Flat,0,0.1048508,Normal
195.9399,24.21379,0,0.2073705,0.3571222,0,-0.1226011,3270.031,1.183413,0.3280057,Straight,Flat,0,0.1004257,Normal
195.9799,24.21977,0,0.2311742,0.3571222,0,-0.1379806,3271,1.184015,0.3286614,Straight,Flat,0,0.09600067,Normal
196.0199,24.22573,0,0.2549779,0.3571222,0,-0.1532422,3271.969,1.184567,0.3293172,Straight,Flat,0,0.09157562,Normal
196.0599,24.23163,0,0.2677953,0.3571222,0,-0.1685953,3272.938,1.185122,0.3299737,Straight,Flat,0,0.08715057,Normal
196.0999,24.2375,0,0.2778661,0.3571222,0,-0.1835722,3273.907,1.185843,0.3306304,Straight,Flat,0,0.08272552,Normal
196.1399,24.24336,0,0.2787817,0.3571222,0,-0.198181,3274.877,1.186543,0.3312876,Straight,Flat,0,0.07829285,Normal
196.1799,24.24918,0,0.2787817,0.3571222,0,-0.2122746,3275.847,1.187168,0.3319447,Straight,Flat,0,0.07386017,Normal
196.2199,24.25496,0,0.2787817,0.3571222,0,-0.2260345,3276.817,1.187821,0.3326025,Straight,Flat,0,0.06942749,Normal
196.2599,24.26067,0,0.2787817,0.3571222,0,-0.2393962,3277.787,1.188447,0.3332605,Straight,Flat,0,0.06499481,Normal
196.2999,24.26639,0,0.272373,0.3571222,0,-0.2520253,3278.758,1.189113,0.333919,Straight,Flat,0,0.06056213,Normal
196.3399,24.27204,0,0.2504003,0.3571222,0,-0.2643498,3279.729,1.189803,0.3345774,Straight,Flat,0,0.05612946,Normal
196.3799,24.28068,0,0.2302587,0.3571222,0,-0.2762924,3280.7,1.193767,0.3352363,Straight,Flat,0,0.05169678,Normal
196.4199,24.28491,0,0.1936376,0.3571222,0,-0.2870807,3281.671,1.19316,0.3358958,Straight,Flat,0,0.0472641,Normal
196.4599,24.28958,0,0.1542699,0.3571222,0,-0.2970985,3282.643,1.193145,0.3365552,Straight,Flat,0,0.04282379,Normal
196.4999,24.29749,0,0.110321,0.3571222,0,-0.3070094,3283.614,1.19242,0.3372153,Straight,Flat,0,0.03837585,Normal
196.5399,24.30037,0,0.06454468,0.3571222,0,-0.3157835,3284.586,1.192206,0.3378755,Straight,Flat,0,0.03393555,Normal
196.5799,24.3055,0,0.03433228,0.3571222,0,-0.3237258,3285.558,1.192446,0.3385363,Straight,Flat,0,0.02948761,Normal
196.6199,24.31069,0,0.00869751,0.3571222,0,-0.3311037,3286.531,1.192975,0.3391969,Straight,Flat,-0.01978234,-0.07577515,TransSharp
196.6599,24.3159,0,-0.02883911,0.3333181,0,-0.3380464,3287.503,1.193631,0.3398581,Straight,Flat,0,-0.08605194,TransSharp
196.6999,24.31609,0,-0.02883911,0.3333181,0,-0.3439288,3288.476,1.194396,0.3405197,Straight,Flat,0,-0.09632111,TransSharp
196.7399,24.31625,0,-0.03982544,0.3333181,0,-0.349117,3289.448,1.195154,0.3411815,Straight,Flat,0,-0.1065979,TransSharp
196.7799,24.31647,0,-0.05722046,0.3293507,0,-0.3537937,3290.421,1.19584,0.3418436,Straight,Flat,0,-0.1168747,TransSharp
196.8199,24.31631,0,-0.07095516,0.3293507,0,-0.3579977,3291.394,1.196522,0.342506,Straight,Flat,0,-0.1271439,TransSharp
196.8599,24.31571,0,-0.08835018,0.3293507,0,-0.3613622,3292.366,1.197123,0.343169,Straight,Flat,0,-0.1374207,TransSharp
196.8999,24.31515,0,-0.1048297,0.3293507,0,-0.3642688,3293.339,1.197798,0.343832,Straight,Flat,0,-0.1476974,TransSharp
196.9399,24.31461,0,-0.1249713,0.3293507,0,-0.3669851,3294.312,1.198479,0.3444953,Straight,Down,0,-0.1579742,TransSharp
196.9799,24.31408,0,-0.1432818,0.3293507,0,-0.3692971,3295.284,1.199146,0.3451589,Straight,Down,0,-0.1682434,TransSharp
197.0199,24.31325,0,-0.1551837,0.3531548,0,-0.3709754,3296.257,1.199541,0.3458228,Straight,Down,-0.01978234,-0.1785202,TransSharp
197.0599,24.31777,0,-0.1789892,0.3571222,0,-0.3720814,3297.23,1.199758,0.3464873,Straight,Down,0,-0.1887894,TransSharp
197.0999,24.32359,0,-0.1945531,0.3650568,0,-0.3730062,3298.203,1.201121,0.3471516,Straight,Down,-0.01978234,-0.1990662,TransSharp
197.1399,24.32949,0,-0.2073705,0.3690242,0,-0.3737349,3299.176,1.202312,0.3478166,Straight,Down,0,-0.209343,TransSharp
197.1799,24.33796,0,-0.2137792,0.3690242,0,-0.3743335,3300.149,1.20313,0.3484817,Straight,Down,0,-0.2196274,TransSharp
197.2199,24.34674,0,-0.2183568,0.3690242,0,-0.3747172,3301.123,1.203713,0.3491474,Straight,Down,0,-0.2299042,TransSharp
197.2599,24.35504,0,-0.2183568,0.3690242,0,-0.3750797,3302.097,1.204326,0.3498128,Straight,Down,0,-0.2402039,TransSharp
197.2999,24.36126,0,-0.2183568,0.3690242,0,-0.3757691,3303.071,1.204199,0.3504789,Left,Down,-0.06852804,-0.2504883,TransSharp
197.3399,24.37227,0,-0.2183568,0.3690242,0,-0.3716581,3304.046,1.206188,0.3511454,Left,Down,-0.1203313,-0.3045273,TransSharp
197.3799,24.38303,0,-0.2183568,0.3690242,0,-0.3663524,3305.021,1.208527,0.3518117,Left,Down,-0.1203313,-0.4006653,TransSharp
197.4199,24.39083,0,-0.2183568,0.3690242,0,-0.3614053,3305.997,1.210092,0.3524788,Left,Down,-0.1203313,-0.4968643,TransSharp
197.4599,24.39983,0,-0.208286,0.3690242,0,-0.3561359,3306.973,1.209385,0.353146,Left,Down,-0.1186941,-0.5931168,TransSharp
197.4999,24.41015,0,-0.190891,0.3690242,0,-0.3514737,3307.949,1.211788,0.3538136,Left,Down,-0.1136409,-0.6893234,TransSharp
197.5399,24.42462,0,-0.16617,0.3690242,0,-0.3441719,3308.926,1.215054,0.3544811,Left,Down,-0.08622923,-0.780304,TransSharp
197.5799,24.43755,0,-0.1414508,0.3690242,0,-0.3335648,3309.903,1.217802,0.3551494,Left,Down,-0.08392937,-0.8509445,TransSharp
197.6199,24.44994,0,-0.1048297,0.3690242,0,-0.3237832,3310.881,1.21904,0.3558177,Left,Down,-0.08392937,-0.9216995,TransSharp
197.6599,24.46521,0,-0.07644832,0.3690242,0,-0.3145085,3311.859,1.218807,0.3564863,Left,Down,-0.08392937,-0.9925537,TransSharp
197.6999,24.48073,0,-0.04074097,0.3690242,0,-0.3057347,3312.838,1.217861,0.3571551,Left,Down,-0.08622923,-1.063499,TransSharp
197.7399,24.49428,0,-0.009613037,0.3690242,0,-0.2969222,3313.818,1.215716,0.3578243,Left,Down,-0.08622923,-1.13446,TransSharp
197.7799,24.50868,0,0.004119873,0.3690242,0,-0.2885886,3314.798,1.21632,0.3584939,Left,Down,-0.08392937,-1.205429,TransSharp
197.8199,24.51928,0,0.004119873,0.3690242,0,-0.2809035,3315.779,1.216317,0.3591633,Left,Down,-0.05233916,-1.276344,TransSharp
197.8599,24.53797,0,0.004119873,0.3690242,0,-0.2699803,3316.76,1.220142,0.3598335,Straight,Down,0.01978234,-1.322487,TransSharp
197.8999,24.55749,0,0.009613037,0.3690242,0,-0.2591168,3317.742,1.223787,0.3605038,Straight,Down,0.01978234,-1.340279,TransSharp
197.9399,24.57183,0,0.03982544,0.3690242,0,-0.2490103,3318.725,1.225719,0.3611745,Straight,Down,0.01978234,-1.358093,TransSharp
197.9799,24.59348,0,0.07644653,0.3690242,0,-0.2393834,3319.709,1.225575,0.3618451,Straight,Down,0.01978234,-1.375954,TransSharp
198.0199,24.61447,0,0.1368749,0.3690242,0,-0.229886,3320.693,1.224399,0.3625161,Straight,Down,0.01978234,-1.393837,TransSharp
198.0599,24.63426,0,0.1844823,0.3690242,0,-0.2209146,3321.678,1.222935,0.3631876,Straight,Down,0.01978234,-1.411736,TransSharp
198.0999,24.65349,0,0.2375829,0.3690242,0,-0.2122494,3322.665,1.221684,0.3638592,Straight,Down,0.01978234,-1.429649,TransSharp
198.1399,24.67238,0,0.2668798,0.3690242,0,-0.2037399,3323.651,1.220795,0.3645311,Straight,Down,0.01978234,-1.447571,TransSharp
198.1799,24.69107,0,0.2732885,0.3690242,0,-0.1954771,3324.639,1.220116,0.3652032,Straight,Down,0.01978234,-1.465515,TransSharp
198.2199,24.70963,0,0.2732885,0.3690242,0,-0.1872884,3325.627,1.219756,0.3658758,Straight,Down,0.01978234,-1.483467,TransSharp
198.2599,24.72813,0,0.2732885,0.3690242,0,-0.1791776,3326.616,1.219721,0.3665484,Straight,Down,0,-1.501434,TransSharp
198.2999,24.74656,0,0.2732885,0.3690242,0,-0.1711558,3327.605,1.219998,0.3672211,Straight,Down,0.01978234,-1.519417,TransSharp
198.3399,24.76494,0,0.289768,0.3690242,0,-0.1629524,3328.596,1.220361,0.3678945,Straight,Down,0.01978234,-1.537407,TransSharp
198.3799,24.78327,0,0.3208959,0.3690242,0,-0.1547377,3329.587,1.220851,0.3685679,Straight,Down,0.01978234,-1.555405,TransSharp
198.4199,24.80157,0,0.3575206,0.3690242,0,-0.1464835,3330.579,1.221393,0.3692418,Straight,Down,0,-1.573425,TransSharp
198.4599,24.81977,0,0.3749156,0.3690242,0,-0.1378643,3331.571,1.222023,0.3699155,Straight,Down,0.01978234,-1.591461,TransSharp
198.4999,24.83793,0,0.3913951,0.3690242,0,-0.1289654,3332.564,1.222697,0.3705899,Straight,Down,0.01978234,-1.609497,TransSharp
198.5399,24.856,0,0.3913951,0.3690242,0,-0.1197589,3333.558,1.223349,0.3712643,Straight,Down,0.01978234,-1.627556,TransSharp
198.5799,24.874,0,0.3913951,0.3690242,0,-0.1098062,3334.553,1.223991,0.3719392,Straight,Down,0.01978234,-1.64563,TransSharp
198.6199,24.89168,0,0.3913951,0.3452201,0,-0.09905002,3335.549,1.224302,0.3726139,Straight,Down,0,-1.663712,TransSharp
198.6599,24.90734,0,0.3913951,0.3372854,0,-0.08749065,3336.545,1.224827,0.3732891,Straight,Down,0.01978234,-1.681801,TransSharp
198.6999,24.91896,0,0.3813243,0.3333181,0,-0.07510489,3337.541,1.226115,0.3739648,Straight,Down,0,-1.699898,TransSharp
198.7399,24.92905,0,0.3611827,0.3293507,0,-0.06186756,3338.538,1.2271,0.3746402,Straight,Down,0.01978234,-1.71801,TransSharp
198.7799,24.93908,0,0.3373754,0.3293507,0,-0.04779804,3339.536,1.227929,0.3753164,Straight,Down,0.01978234,-1.736122,TransSharp
198.8199,24.94855,0,0.3044164,0.3174487,0,-0.03264603,3340.534,1.228718,0.3759925,Straight,Down,0,-1.75425,TransSharp
198.8599,24.95597,0,0.2778661,0.3134814,0,-0.01651034,3341.532,1.229373,0.3766691,Straight,Down,0,-1.772377,TransSharp
198.8999,24.96238,0,0.2613866,0.3134814,0,0.0004916489,3342.53,1.229941,0.3773455,Straight,Down,0,-1.790512,TransSharp
198.9399,24.96949,0,0.2549779,0.289662,0,0.01842347,3343.529,1.230852,0.3780226,Straight,Down,0.03956468,-1.808655,TransSharp
198.9799,24.97005,0,0.2540624,0.2698253,0,0.0297589,3344.528,1.229743,0.3786997,Right,Down,0.06852804,-1.800461,TransSharp
199.0199,24.9659,0,0.2504003,0.2539559,0,0.04124969,3345.526,1.228695,0.3793771,Right,Down,0.0656106,-1.768883,TransSharp
199.0599,24.95889,0,0.2504003,0.2539559,0,0.05416003,3346.525,1.228486,0.3800549,Right,Down,0.06852804,-1.73732,TransSharp
199.0999,24.94992,0,0.2504003,0.2539559,0,0.06828341,3347.523,1.229046,0.3807325,Right,Down,0.0656106,-1.705788,TransSharp
199.1399,24.94113,0,0.2504003,0.2539559,0,0.08381703,3348.521,1.229869,0.3814106,Right,Down,0.0656106,-1.674271,TransSharp
199.1799,24.93199,0,0.2504003,0.2539559,0,0.1015044,3349.518,1.229875,0.3820891,Right,Down,0.06852804,-1.642769,TransSharp
199.2199,24.92405,0,0.2504003,0.2499886,0,0.1200402,3350.515,1.233352,0.3827678,Right,Down,0.06852804,-1.61129,TransSharp
199.2599,24.91929,0,0.2732885,0.2341192,0,0.1399812,3351.512,1.23733,0.3834461,Right,Down,0.08156469,-1.579819,TransSharp
199.2999,24.90236,0,0.2980077,0.2261845,0,0.1557392,3352.508,1.235674,0.3841253,Right,Down,0.09891172,-1.538818,TransSharp
199.3399,24.88606,0,0.3437841,0.2182498,0,0.1703073,3353.504,1.232354,0.3848048,Right,Down,0.09891172,-1.48555,TransSharp
199.3799,24.87109,0,0.3849864,0.1983978,0,0.1863938,3354.499,1.229999,0.385484,Right,Down,0.09891172,-1.43232,TransSharp
199.4199,24.84753,0,0.453651,0.166659,0,0.2046244,3355.493,1.229272,0.3861636,Right,Down,0.09891172,-1.379227,TransSharp
199.4599,24.82027,0,0.5653453,0.142855,0,0.2243387,3356.486,1.231815,0.3868437,Right,Down,0.09891172,-1.326263,TransSharp
199.4999,24.78819,0,0.6596482,0.1388876,0,0.2459194,3357.478,1.23873,0.387524,Right,Down,0.1186941,-1.273338,TransSharp
199.5399,24.74928,0,0.8253622,0.1388876,0,0.2619082,3358.468,1.235936,0.3882041,Right,Down,0.1266688,-1.207878,TransSharp
199.5799,24.7111,0,0.9214926,0.1349203,0,0.2793895,3359.457,1.232974,0.3888846,Right,Down,0.1282043,-1.136459,TransSharp
199.6199,24.67389,0,1.00389,0.1150683,0,0.2997299,3360.444,1.230395,0.3895656,Right,Down,0.1282043,-1.065216,TransSharp
199.6599,24.63327,0,1.056079,0.1031662,0,0.322254,3361.43,1.233794,0.3902463,Right,Down,0.1297215,-0.9942551,TransSharp
199.6999,24.58596,0,1.078967,0.0991989,0,0.3443975,3362.414,1.23854,0.3909277,Right,Down,0.1532334,-0.9214325,TransSharp
199.7399,24.53632,0,1.102771,0.09126421,0,0.3646985,3363.396,1.236092,0.3916091,Right,Down,0.1532334,-0.8334503,TransSharp
199.7799,24.48615,0,1.115588,0.08332952,0,0.387572,3364.375,1.232476,0.3922909,Right,Down,0.1545051,-0.745575,TransSharp
199.8199,24.43554,0,1.140307,0.07142748,0,0.4129754,3365.354,1.235405,0.3929725,Right,Down,0.1607126,-0.6581039,TransSharp
199.8599,24.37732,0,1.178759,0.0555581,0,0.4380871,3366.329,1.239234,0.3936547,Right,Down,0.1802258,-0.5666733,TransSharp
199.8999,24.31741,0,1.203479,0.0555581,0,0.4630542,3367.302,1.236743,0.3943369,Right,Down,0.1791368,-0.4630737,TransSharp
199.9399,24.25611,0,1.25017,0.05159075,0,0.4911363,3368.273,1.232979,0.3950191,Right,Down,0.1791368,-0.3597717,TransSharp
199.9799,24.19171,0,1.284961,0.05159075,0,0.5222346,3369.242,1.24107,0.395702,Right,Down,0.2036718,-0.2567902,TransSharp
200.0199,24.12709,0,1.326163,0.05159075,0,0.5507231,3370.208,1.238636,0.3963851,Right,Flat,0.2046302,-0.1389236,TransSharp
200.0599,24.06299,0,1.356375,0.05159075,0,0.5840839,3371.171,1.233854,0.3970681,Right,Flat,0.2055842,-0.02046967,TransSharp
200.0999,23.99502,0,1.367362,0.04762341,0,0.6210777,3372.131,1.241968,0.3977511,Right,Flat,0.2298502,0.09763336,TransSharp
200.1399,23.92711,0,1.368277,0.04365606,0,0.6563427,3373.089,1.238848,0.3984348,Right,Up,0.2306999,0.2312622,TransSharp
200.1799,23.85818,0,1.368277,0.03967346,0,0.6967944,3374.044,1.237381,0.3991187,Right,Up,0.2398483,0.3646317,TransSharp
200.2199,23.78292,0,1.366446,0.03967346,0,0.7392896,3374.996,1.241899,0.3998025,Right,Up,0.2564087,0.5027313,TransSharp
200.2599,23.71209,0,1.361868,0.03967346,0,0.7829205,3375.945,1.236934,0.4004863,Right,Up,0.2564087,0.6510468,TransSharp
200.2999,23.63521,0,1.356375,0.03570611,0,0.8324476,3376.891,1.244853,0.4011708,Right,Up,0.2811602,0.7991791,TransSharp
200.3399,23.55877,0,1.338065,0.03570611,0,0.8799516,3377.834,1.239268,0.4018551,Right,Up,0.2832403,0.9612808,TransSharp
200.3799,23.48677,0,1.316092,0.03570611,0,0.9330202,3378.774,1.241074,0.4025395,Right,Up,0.4788812,1.123825,TransSharp
200.4199,23.40996,0,1.267565,0.03570611,0,0.9858952,3379.712,1.24629,0.4032246,Right,Up,0.9264069,1.222153,TransSharp
200.4599,23.33905,0,1.203479,0.03570611,0,1.032273,3380.646,1.246745,0.4039097,Right,Up,0.8616194,1.145638,TransSharp
200.4999,23.26414,0,1.154956,0.03570611,0,1.06915,3381.577,1.25073,0.4045949,Right,Up,0.8076981,1.073555,TransSharp
200.5399,23.19099,0,1.113757,0.03570611,0,1.098669,3382.506,1.254338,0.4052801,Right,Up,0.7582139,1.005432,TransSharp
200.5799,23.11913,0,1.104602,0.03570611,0,1.121737,3383.431,1.256313,0.4059658,Right,Up,0.7105184,0.940979,TransSharp
200.6199,23.04834,0,1.113757,0.007934691,0,1.138878,3384.354,1.256617,0.4066518,Right,Up,0.6652907,0.8800201,TransSharp
200.6599,22.97271,0,1.137561,0,0,1.1519,3385.274,1.257784,0.4073372,Right,Up,0.6236961,0.8224182,TransSharp
200.6999,22.89493,0,1.143969,0,0,1.161457,3386.19,1.25953,0.4080236,Right,Up,0.583833,0.7679138,TransSharp
200.7399,22.81683,0,1.143969,0,0,1.167589,3387.104,1.262115,0.40871,Right,Up,0.5467969,0.7163773,TransSharp
200.7799,22.73775,0,1.137561,0,0,1.171303,3388.014,1.26217,0.4093967,Right,Up,0.513962,0.6675949,TransSharp
200.8199,22.65971,0,1.120166,0,0,1.173748,3388.921,1.261483,0.4100829,Right,Up,0.4845679,0.6211853,TransSharp
200.8599,22.58168,0,1.097277,0,0,1.175354,3389.825,1.259651,0.4107699,Right,Up,0.4502396,0.5769119,TransSharp
200.8999,22.50461,0,1.067065,0,0,1.173884,3390.726,1.264875,0.4114571,Right,Up,0.4224361,0.5354843,TransSharp
200.9399,22.42757,0,0.9919882,0,0,1.172823,3391.624,1.263386,0.4121438,Right,Up,0.4063823,0.4959793,TransSharp
200.9799,22.35422,0,0.920577,0,0,1.173061,3392.519,1.262602,0.4128313,Right,Up,0.3685048,0.4578552,TransSharp
201.0199,22.27767,0,0.7978928,0,0,1.170539,3393.411,1.266292,0.4135191,Right,Up,0.3555328,0.4225159,TransSharp
201.0599,22.20377,0,0.6532395,0,0,1.171414,3394.3,1.262673,0.414207,Right,Up,0.3202056,0.3878632,TransSharp
201.0999,22.12984,0,0.5360484,0,0,1.168642,3395.186,1.267283,0.4148943,Right,Up,0.3189811,0.3561325,TransSharp
201.1399,22.05623,0,0.3932261,0,0,1.170794,3396.069,1.264313,0.4155825,Right,Up,0.2797648,0.3245087,TransSharp
201.1799,21.98627,0,0.3035009,0,0,1.169116,3396.949,1.266835,0.4162709,Right,Up,0.2748253,0.2957611,TransSharp
201.2199,21.91321,0,0.1945531,0,0,1.171014,3397.826,1.268227,0.4169595,Right,Up,0.2525642,0.2674637,TransSharp
201.2599,21.84621,0,0.07095337,0,0,1.173184,3398.701,1.266587,0.4176475,Right,Up,0.2264194,0.2404709,TransSharp
201.2999,21.77712,0,-0.04074097,0,0,1.173914,3399.573,1.268483,0.4183363,Right,Up,0.2264194,0.2156448,TransSharp
201.3399,21.70801,0,-0.2311742,0,0,1.178259,3400.441,1.270039,0.4190254,Right,Up,0.2121421,0.1909332,TransSharp
201.3799,21.64249,0,-0.3767449,0,0,1.184002,3401.308,1.267438,0.4197139,Right,Up,0.1713202,0.1666946,TransSharp
201.4199,21.57657,0,-0.5589384,0,0,1.185447,3402.172,1.268709,0.4204032,Right,Flat,0.1713202,0.1457443,TransSharp
201.4599,21.50941,0,-0.7127488,0,0,1.189042,3403.033,1.271108,0.4210927,Right,Flat,0.1724585,0.1248932,TransSharp
201.4999,21.44471,0,-0.7978946,0,0,1.195453,3403.891,1.27198,0.4217823,Right,Flat,0.1713202,0.1041031,TransSharp
201.5399,21.38123,0,-0.8729678,0,0,1.203856,3404.747,1.268784,0.4224714,Right,Flat,0.1153499,0.08338165,TransSharp
201.5799,21.31802,0,-0.9040976,0,0,1.204244,3405.6,1.269787,0.4231614,Right,Flat,0.09691329,0.06600952,TransSharp
201.6199,21.25443,0,-0.93431,0,0,1.205356,3406.451,1.271345,0.4238515,Right,Flat,0.09691329,0.05018616,TransSharp
201.6599,21.19279,0,-0.9626913,0,0,1.207798,3407.3,1.272893,0.4245413,Right,Flat,0.09691329,0.03440857,TransSharp
201.6999,21.13024,0,-0.9910727,0,0,1.211342,3408.146,1.273727,0.4252315,Right,Flat,0.09487279,0.01866913,TransSharp
201.7399,21.06767,0,-1.034104,0,0,1.214954,3408.989,1.274719,0.425922,Right,Flat,0.09691329,0.002983093,TransSharp
201.7799,21.00494,0,-1.056077,0,0,1.218664,3409.83,1.27432,0.4266127,Right,Flat,0.09691329,-0.01267242,TransSharp
201.8199,20.94238,0,-1.079881,0.007934691,0,1.222402,3410.668,1.273291,0.427303,Right,Flat,0.09691329,-0.02828979,TransSharp
201.8599,20.88198,0,-1.087205,0.01190204,0,1.225699,3411.504,1.272118,0.4279938,Right,Flat,0.07912937,-0.04384613,TransSharp
201.8999,20.82291,0,-1.087205,0.01586938,0,1.225564,3412.337,1.272557,0.4286849,Straight,Flat,0,-0.05934143,TransSharp
201.9399,20.76435,0,-1.081712,0.01983673,0,1.222639,3413.168,1.274628,0.4293757,Straight,Flat,-0.02797646,-0.06846619,TransSharp
201.9799,20.70645,0,-1.073472,0.02380407,0,1.218778,3413.997,1.276688,0.4300671,Straight,Flat,-0.01978234,-0.07726288,TransSharp
202.0199,20.64939,0,-1.051499,0.03570611,0,1.213517,3414.824,1.277812,0.4307584,Straight,Flat,0,-0.08604431,TransSharp
202.0599,20.59492,0,-1.044175,0.05952545,0,1.206642,3415.648,1.278413,0.4314501,Straight,Flat,-0.01978234,-0.09481049,TransSharp
202.0999,20.545,0,-1.039597,0.07539482,0,1.198157,3416.47,1.278632,0.4321414,Straight,Flat,-0.01978234,-0.103569,TransSharp
202.1399,20.49896,0,-1.02678,0.09523156,0,1.187721,3417.291,1.278762,0.4328333,Straight,Flat,-0.01978234,-0.1123123,TransSharp
202.1799,20.45685,0,-0.9919882,0.1071336,0,1.174926,3418.109,1.278976,0.4335251,Straight,Flat,-0.01978234,-0.1210403,TransSharp
202.2199,20.41808,0,-0.9150839,0.1111009,0,1.159734,3418.927,1.279101,0.4342174,Straight,Flat,-0.01978234,-0.1297607,TransSharp
202.2599,20.38014,0,-0.8262759,0.1150683,0,1.141912,3419.742,1.279409,0.4349092,Straight,Flat,0,-0.1384735,TransSharp
202.2999,20.34307,0,-0.7338059,0.1269856,0,1.121514,3420.556,1.28,0.4356017,Straight,Flat,-0.01978234,-0.1471786,TransSharp
202.3399,20.30824,0,-0.6074613,0.1388876,0,1.098395,3421.369,1.280694,0.436294,Straight,Down,-0.01978234,-0.1558762,TransSharp
202.3799,20.2763,0,-0.5250621,0.1507896,0,1.072919,3422.18,1.28056,0.4369862,Straight,Down,-0.01978234,-0.164566,TransSharp
202.4199,20.2474,0,-0.4472423,0.166659,0,1.045158,3422.991,1.280541,0.437679,Straight,Down,-0.01978234,-0.1732407,TransSharp
202.4599,20.22215,0,-0.4051262,0.1706264,0,1.014565,3423.8,1.280913,0.438372,Straight,Down,-0.01978234,-0.1819229,TransSharp
202.4999,20.19828,0,-0.3913933,0.1706264,0,0.9811782,3424.608,1.281431,0.4390648,Straight,Down,-0.01978234,-0.1905975,TransSharp
202.5399,20.17458,0,-0.3703362,0.1706264,0,0.9453223,3425.416,1.282051,0.4397575,Straight,Down,-0.01978234,-0.1992722,TransSharp
202.5799,20.15067,0,-0.3447014,0.1706264,0,0.9068947,3426.222,1.282314,0.4404508,Straight,Down,-0.01978234,-0.2079315,TransSharp
202.6199,20.12876,0,-0.297094,0.1706264,0,0.8700275,3427.028,1.283357,0.441144,Left,Down,-0.05595291,-0.2165909,TransSharp
202.6599,20.10667,0,-0.2275121,0.1706264,0,0.8343871,3427.832,1.285474,0.441837,Left,Down,-0.09891172,-0.2239685,TransSharp
202.6999,20.08456,0,-0.16617,0.1706264,0,0.7965112,3428.635,1.287432,0.4425307,Left,Down,-0.09891172,-0.2281418,TransSharp
202.7399,20.06251,0,-0.09384334,0.1706264,0,0.7567565,3429.438,1.288646,0.4432245,Left,Down,-0.09891172,-0.2323303,TransSharp
202.7799,20.04112,0,-0.04623413,0.1706264,0,0.7143298,3430.24,1.289963,0.4439181,Left,Down,-0.09691329,-0.2365112,TransSharp
202.8199,20.01959,0,0.00869751,0.1745937,0,0.6703294,3431.041,1.28936,0.4446116,Left,Down,-0.09891172,-0.2406921,TransSharp
202.8599,19.99856,0,0.02243042,0.1745937,0,0.6249617,3431.841,1.288134,0.4453057,Left,Down,-0.09891172,-0.244873,TransSharp
202.8999,19.9798,0,0.02243042,0.1745937,0,0.5809616,3432.641,1.287527,0.4459998,Left,Down,-0.1046783,-0.2490463,TransSharp
202.9399,19.96078,0,0.02243042,0.1745937,0,0.5401936,3433.439,1.28928,0.4466934,Left,Down,-0.132704,-0.253212,TransSharp
202.9799,19.94091,0,-0.004119873,0.1745937,0,0.4979567,3434.237,1.29111,0.4473878,Left,Down,-0.132704,-0.255661,TransSharp
203.0199,19.9208,0,-0.02151489,0.1745937,0,0.453943,3435.034,1.293399,0.4480823,Left,Down,-0.1341704,-0.2580719,TransSharp
203.0599,19.90125,0,-0.02334595,0.1745937,0,0.4090004,3435.83,1.293186,0.448777,Left,Down,-0.132704,-0.2604828,TransSharp
203.0999,19.88193,0,-0.02334595,0.1745937,0,0.3627927,3436.626,1.290912,0.4494709,Left,Down,-0.132704,-0.2628784,TransSharp
203.1399,19.86426,0,-0.02426147,0.1745937,0,0.323338,3437.42,1.292219,0.4501657,Left,Down,-0.1467098,-0.2652817,TransSharp
203.1799,19.84574,0,-0.03890991,0.1745937,0,0.2824405,3438.215,1.294004,0.4508606,Left,Down,-0.1582588,-0.267128,TransSharp
203.2199,19.82587,0,-0.07644832,0.1745937,0,0.2403702,3439.008,1.296935,0.4515549,Left,Down,-0.1582588,-0.2682419,TransSharp
203.2599,19.80544,0,-0.1469439,0.1745937,0,0.1980601,3439.8,1.295873,0.45225,Left,Down,-0.1582588,-0.2693634,TransSharp
203.2999,19.78806,0,-0.2183568,0.1745937,0,0.1582579,3440.592,1.294688,0.4529452,Left,Down,-0.1594904,-0.2704849,TransSharp
203.3399,19.77084,0,-0.3437859,0.1745937,0,0.1217073,3441.383,1.295922,0.4536405,Left,Down,-0.174713,-0.2715988,TransSharp
203.3799,19.75235,0,-0.4344249,0.1745937,0,0.08362293,3442.173,1.29855,0.4543351,Left,Down,-0.1802258,-0.2719574,TransSharp
203.4199,19.73088,0,-0.5470365,0.1745937,0,0.04520303,3442.962,1.298956,0.4550306,Left,Down,-0.1813082,-0.2720261,TransSharp
203.4599,19.71356,0,-0.6550705,0.1745937,0,0.008346409,3443.751,1.297332,0.4557261,Left,Down,-0.1802258,-0.2720947,TransSharp
203.4999,19.69606,0,-0.7255661,0.1745937,0,-0.02413496,3444.539,1.29838,0.4564217,Left,Down,-0.1928145,-0.272171,TransSharp
203.5399,19.67847,0,-0.8143741,0.1745937,0,-0.05896765,3445.327,1.301334,0.4571167,Left,Down,-0.199792,-0.2717667,TransSharp
203.5799,19.65736,0,-0.8674747,0.1745937,0,-0.0941622,3446.113,1.300739,0.4578125,Left,Down,-0.199792,-0.2709351,TransSharp
203.6199,19.64041,0,-0.9324789,0.1745937,0,-0.125976,3446.899,1.299852,0.4585084,Left,Down,-0.199792,-0.2701111,TransSharp
203.6599,19.6235,0,-0.9791708,0.1745937,0,-0.1564997,3447.684,1.301378,0.4592037,Left,Down,-0.2121421,-0.2692871,TransSharp
203.6999,19.60288,0,-1.002976,0.1785611,0,-0.1889857,3448.469,1.303761,0.4598997,Left,Down,-0.2167048,-0.2679214,TransSharp
203.7399,19.58444,0,-1.022202,0.1785611,0,-0.2202289,3449.252,1.301497,0.4605958,Left,Down,-0.2167048,-0.2663116,TransSharp
203.7799,19.568,0,-1.02678,0.1785611,0,-0.2475919,3450.035,1.302972,0.461292,Left,Down,-0.2238118,-0.2647018,TransSharp
203.8199,19.54978,0,-1.02678,0.1825284,0,-0.2777069,3450.817,1.305973,0.4619876,Left,Down,-0.23239,-0.2629013,TransSharp
203.8599,19.53134,0,-1.02678,0.1825284,0,-0.3081434,3451.599,1.302987,0.4626839,Left,Down,-0.23239,-0.2606049,TransSharp
203.8999,19.51579,0,-1.021287,0.1825284,0,-0.3338403,3452.379,1.304496,0.4633803,Left,Down,-0.235734,-0.2582932,TransSharp
203.9399,19.49903,0,-1.020371,0.1864958,0,-0.3622749,3453.159,1.30735,0.4640763,Left,Down,-0.2462884,-0.2559662,TransSharp
203.9799,19.481,0,-1.020371,0.1944305,0,-0.3916851,3453.939,1.3047,0.4647726,Left,Down,-0.2470816,-0.2530136,TransSharp
204.0199,19.46832,0,-1.020371,0.1944305,0,-0.4166949,3454.718,1.306485,0.4654693,Left,Down,-0.249446,-0.2500534,TransSharp
204.0599,19.45294,0,-1.020371,0.1944305,0,-0.4448588,3455.496,1.308757,0.466166,Left,Down,-0.2601963,-0.2471008,TransSharp
204.0999,19.43801,0,-1.020371,0.1944305,0,-0.4725581,3456.274,1.306328,0.4668623,Left,Down,-0.2609472,-0.2435684,TransSharp
204.1399,19.42494,0,-1.020371,0.1944305,0,-0.4982732,3457.051,1.308554,0.4675588,Left,Down,-0.2639296,-0.2400131,TransSharp
204.1799,19.40852,0,-1.020371,0.1944305,0,-0.5270703,3457.827,1.308431,0.4682558,Left,Down,-0.2733977,-0.236412,TransSharp
204.2199,19.39375,0,-1.020371,0.1944305,0,-0.5525748,3458.603,1.308133,0.4689522,Left,Down,-0.2733977,-0.2322998,TransSharp
204.2599,19.38,0,-1.020371,0.1983978,0,-0.5791754,3459.379,1.310601,0.4696492,Left,Down,-0.2804634,-0.2281876,TransSharp
204.2999,19.36636,0,-1.020371,0.1983978,0,-0.6085608,3460.153,1.308432,0.470346,Left,Down,-0.2859903,-0.2238693,TransSharp
204.3399,19.3529,0,-1.020371,0.1983978,0,-0.6338478,3460.927,1.31085,0.4710432,Left,Down,-0.2853053,-0.2192154,TransSharp
204.3799,19.33735,0,-1.022202,0.1983978,0,-0.6622794,3461.701,1.31169,0.4717399,Left,Down,-0.2947506,-0.2145691,TransSharp
204.4199,19.32318,0,-1.02678,0.1983978,0,-0.6892565,3462.474,1.311083,0.4724371,Left,Down,-0.2980514,-0.2095795,TransSharp
204.4599,19.30859,0,-1.027696,0.1983978,0,-0.7168576,3463.247,1.313894,0.4731342,Left,Down,-0.3019647,-0.2044144,TransSharp
204.4999,19.29635,0,-1.027696,0.1983978,0,-0.7460354,3464.019,1.311708,0.4738315,Left,Down,-0.3090104,-0.1991882,TransSharp
204.5399,19.28293,0,-1.046006,0.1983978,0,-0.7724938,3464.79,1.314656,0.4745284,Left,Down,-0.309643,-0.1935425,TransSharp
204.5799,19.26837,0,-1.056992,0.1983978,0,-0.8022618,3465.561,1.312623,0.4752259,Left,Down,-0.3183671,-0.187912,TransSharp
204.6199,19.2553,0,-1.051499,0.2023651,0,-0.8283589,3466.331,1.31555,0.4759232,Left,Down,-0.3208161,-0.1819382,TransSharp
204.6599,19.24089,0,-1.016709,0.2023651,0,-0.8572187,3467.101,1.315153,0.4766202,Left,Down,-0.3262592,-0.1758423,TransSharp
204.6999,19.22985,0,-0.9745932,0.2063325,0,-0.8846494,3467.87,1.316188,0.4773178,Left,Down,-0.3310224,-0.1695786,TransSharp
204.7399,19.21611,0,-0.8976889,0.2142824,0,-0.9131869,3468.639,1.317916,0.4780152,Left,Down,-0.3345502,-0.1630325,TransSharp
204.7799,19.20896,0,-0.7988101,0.2341192,0,-0.9409765,3469.408,1.316964,0.4787129,Left,Down,-0.3414966,-0.1564407,TransSharp
204.8199,19.20042,0,-0.7392991,0.2420539,0,-0.968781,3470.176,1.319753,0.4794101,Left,Flat,-0.3426407,-0.1494751,TransSharp
204.8599,19.19893,0,-0.6779587,0.2420539,0,-0.9964846,3470.944,1.318035,0.4801079,Left,Flat,-0.3505445,-0.1425095,TransSharp
204.8999,19.19218,0,-0.6477463,0.2420539,0,-1.022982,3471.712,1.32095,0.4808054,Left,Flat,-0.3522151,-0.13517,TransSharp
204.9399,19.19137,0,-0.6266874,0.2420539,0,-1.049164,3472.479,1.319194,0.4815028,Left,Flat,-0.3593647,-0.1277924,TransSharp
204.9799,19.18519,0,-0.6129545,0.2420539,0,-1.074307,3473.247,1.32222,0.4822007,Left,Flat,-0.3615361,-0.1201096,TransSharp
205.0199,19.18567,0,-0.594644,0.2420539,0,-1.099235,3474.014,1.320667,0.4828986,Left,Flat,-0.3685048,-0.1123199,TransSharp
205.0599,19.17972,0,-0.5708402,0.2460212,0,-1.123018,3474.782,1.323623,0.4835963,Left,Flat,-0.3706227,-0.1042786,TransSharp
205.0999,19.18106,0,-0.5424589,0.2460212,0,-1.145745,3475.549,1.322093,0.4842937,Left,Flat,-0.3769049,-0.09609985,TransSharp
205.1399,19.17573,0,-0.4994273,0.2460212,0,-1.167459,3476.316,1.324443,0.4849917,Left,Flat,-0.3800071,-0.08769989,TransSharp
205.1799,19.17907,0,-0.4600596,0.2499886,0,-1.18772,3477.083,1.323756,0.4856898,Left,Flat,-0.386643,-0.07914734,TransSharp
205.2199,19.17288,0,-0.4362559,0.2539559,0,-1.207398,3477.85,1.324296,0.4863871,Left,Flat,-0.3891652,-0.07035828,TransSharp
205.2599,19.17811,0,-0.4115367,0.2618906,0,-1.224053,3478.617,1.325788,0.4870852,Left,Flat,-0.3956476,-0.06143188,TransSharp
205.2999,19.17373,0,-0.4097039,0.2658579,0,-1.241404,3479.384,1.32625,0.4877833,Left,Flat,-0.3986039,-0.05226898,TransSharp
205.3399,19.17863,0,-0.4060417,0.2658579,0,-1.25404,3480.151,1.326075,0.4884814,Left,Flat,-0.4049353,-0.04296875,TransSharp
205.3799,19.17549,0,-0.4060417,0.2658579,0,-1.266618,3480.918,1.325796,0.4891789,Left,Flat,-0.4078243,-0.03339386,TransSharp
205.4199,19.1788,0,-0.4060417,0.2658579,0,-1.276261,3481.686,1.322572,0.489877,Left,Flat,-0.4140146,-0.02374268,TransSharp
205.4599,19.17513,0,-0.4161143,0.2658579,0,-1.284535,3482.453,1.323755,0.4905752,Left,Flat,-0.4116447,-0.01380157,TransSharp
205.4999,19.17648,0,-0.4289317,0.2658579,0,-1.290571,3483.22,1.322083,0.4912734,Left,Flat,-0.4073442,0.0004043579,TransSharp
205.5399,19.17129,0,-0.4582286,0.2658579,0,-1.294505,3483.987,1.324849,0.491971,Left,Flat,-0.3995845,0.04488373,TransSharp
205.5799,19.17187,0,-0.4948497,0.2658579,0,-1.296901,3484.754,1.324051,0.4926692,Left,Flat,-0.3881583,0.09146118,TransSharp
205.6199,19.1664,0,-0.523231,0.2658579,0,-1.297351,3485.52,1.327177,0.4933674,Left,Flat,-0.3805216,0.145546,TransSharp
205.6599,19.16641,0,-0.5525297,0.2460212,0,-1.295966,3486.287,1.326311,0.494065,Left,Up,-0.3700944,0.1989136,TransSharp
205.6999,19.15774,0,-0.5662626,0.2460212,0,-1.293736,3487.053,1.329639,0.4947633,Left,Up,-0.3631561,0.250145,TransSharp
205.7399,19.15114,0,-0.5708402,0.2380865,0,-1.288408,3487.819,1.328781,0.4954616,Left,Up,-0.3522151,0.3008423,TransSharp
205.7799,19.14117,0,-0.5708402,0.2301518,0,-1.284561,3488.585,1.33221,0.4961599,Left,Up,-0.3477423,0.3492279,TransSharp
205.8199,19.12911,0,-0.5708402,0.2301518,0,-1.275325,3489.351,1.331109,0.4968575,Left,Up,-0.3351346,0.3975601,TransSharp
205.8599,19.11833,0,-0.5708402,0.2301518,0,-1.268193,3490.115,1.332147,0.4975558,Left,Up,-0.3345502,0.4431076,TransSharp
205.8999,19.10683,0,-0.5763334,0.2301518,0,-1.257021,3490.88,1.333685,0.4982541,Left,Up,-0.3214254,0.4886398,TransSharp
205.9399,19.09369,0,-0.5891508,0.2301518,0,-1.245565,3491.644,1.332929,0.4989517,Left,Up,-0.3171355,0.5322876,TransSharp
205.9799,19.0787,0,-0.596475,0.2301518,0,-1.234882,3492.407,1.335955,0.4996501,Left,Up,-0.309643,0.5749893,TransSharp
206.0199,19.06595,0,-0.6010526,0.2301518,0,-1.219139,3493.17,1.33536,0.5003484,Left,Up,-0.2993615,0.6171112,TransSharp
206.0599,19.05519,0,-0.6010526,0.2460212,0,-1.205267,3493.932,1.334809,0.5010467,Left,Up,-0.2993615,0.6569824,TransSharp
206.0999,19.04441,0,-0.6010526,0.2499886,0,-1.189967,3494.694,1.337577,0.5017443,Left,Up,-0.2880355,0.6968689,TransSharp
206.1399,19.03284,0,-0.6010526,0.2539559,0,-1.172084,3495.455,1.337187,0.5024427,Left,Up,-0.2818553,0.7352524,TransSharp
206.1799,19.02573,0,-0.6083769,0.2579232,0,-1.155714,3496.217,1.337237,0.503141,Left,Up,-0.2811602,0.772377,TransSharp
206.2199,19.01758,0,-0.6257719,0.2579232,0,-1.137461,3496.977,1.339906,0.5038388,Left,Up,-0.268341,0.809494,TransSharp
206.2599,19.00763,0,-0.654155,0.2579232,0,-1.117076,3497.738,1.339747,0.5045369,Left,Up,-0.2654082,0.8445587,TransSharp
206.2999,19.00062,0,-0.6733811,0.2579232,0,-1.098214,3498.498,1.338927,0.5052351,Left,Up,-0.2639296,0.8789902,TransSharp
206.3399,18.99199,0,-0.6953537,0.2618906,0,-1.078638,3499.258,1.342027,0.5059335,Left,Up,-0.25101,0.9134064,TransSharp
206.3799,18.98351,0,-0.7090867,0.2618906,0,-1.056515,3500.017,1.342021,0.5066313,Left,Up,-0.249446,0.9457321,TransSharp
206.4199,18.9753,0,-0.720073,0.2698253,0,-1.035666,3500.776,1.341141,0.5073293,Left,Up,-0.2486604,0.9774857,TransSharp
206.4599,18.97027,0,-0.7264817,0.2817273,0,-1.01683,3501.535,1.344511,0.5080275,Left,Up,-0.2373883,1.009247,TransSharp
206.4999,18.9644,0,-0.7310593,0.2856947,0,-0.992952,3502.293,1.344524,0.5087253,Left,Up,-0.2332305,1.039391,TransSharp
206.5399,18.95888,0,-0.7310593,0.2856947,0,-0.9706715,3503.052,1.344219,0.5094235,Left,Up,-0.23239,1.06855,TransSharp
206.5799,18.9604,0,-0.7310593,0.2856947,0,-0.950404,3503.81,1.344173,0.5101215,Left,Up,-0.2255535,1.097694,TransSharp
206.6199,18.95427,0,-0.7209885,0.2856947,0,-0.9292604,3504.568,1.34689,0.5108196,Left,Up,-0.2158,1.126228,TransSharp
206.6599,18.94935,0,-0.7191575,0.2856947,0,-0.9060402,3505.326,1.347101,0.5115173,Left,Up,-0.2167048,1.152817,TransSharp
206.6999,18.94284,0,-0.7154953,0.2856947,0,-0.8841816,3506.084,1.346273,0.5122154,Left,Up,-0.2167048,1.179375,TransSharp
206.7399,18.94316,0,-0.7145798,0.2856947,0,-0.8649894,3506.842,1.347741,0.5129133,Left,Up,-0.2055842,1.205917,TransSharp
206.7799,18.93752,0,-0.7136643,0.2856947,0,-0.84358,3507.6,1.349458,0.5136114,Left,Up,-0.2007689,1.231079,TransSharp
206.8199,18.93228,0,-0.7127488,0.2856947,0,-0.8214851,3508.357,1.349676,0.5143089,Left,Up,-0.2007689,1.255096,TransSharp
206.8599,18.92519,0,-0.7072556,0.2856947,0,-0.8005699,3509.114,1.348758,0.5150067,Left,Up,-0.2007689,1.279091,TransSharp
206.8999,18.92473,0,-0.6953537,0.2856947,0,-0.7822005,3509.871,1.349818,0.5157048,Left,Up,-0.1897456,1.30307,TransSharp
206.9399,18.91886,0,-0.6797898,0.2856947,0,-0.7627177,3510.628,1.35241,0.5164022,Left,Up,-0.1845175,1.325447,TransSharp
206.9799,18.91326,0,-0.6614792,0.2856947,0,-0.7413552,3511.385,1.3527,0.5171002,Left,Up,-0.1855749,1.346947,TransSharp
207.0199,18.90643,0,-0.6495774,0.2856947,0,-0.7215354,3512.141,1.352288,0.5177978,Left,Up,-0.1845175,1.368431,TransSharp
207.0599,18.90324,0,-0.6440824,0.289662,0,-0.7038942,3512.897,1.351322,0.5184957,Left,Up,-0.1758294,1.389877,TransSharp
207.0999,18.89995,0,-0.6440824,0.2936446,0,-0.6890283,3513.653,1.35494,0.5191931,Left,Up,-0.1701742,1.410263,TransSharp
207.1399,18.89523,0,-0.6440824,0.297612,0,-0.6699201,3514.409,1.355807,0.5198908,Left,Up,-0.1690205,1.429222,TransSharp
207.1799,18.89089,0,-0.6422514,0.297612,0,-0.6513135,3515.165,1.355961,0.5205883,Left,Up,-0.1701742,1.448158,TransSharp
207.2199,18.88809,0,-0.6303495,0.297612,0,-0.6348301,3515.92,1.355485,0.5212856,Left,Up,-0.1690205,1.467102,TransSharp
207.2599,18.88559,0,-0.6074613,0.297612,0,-0.6205024,3516.676,1.354658,0.5219833,Left,Up,-0.1582588,1.486,TransSharp
207.2999,18.88441,0,-0.594644,0.297612,0,-0.6088701,3517.431,1.35795,0.5226809,Left,Up,-0.1532334,1.503113,TransSharp
207.3399,18.88051,0,-0.5598539,0.297612,0,-0.5940626,3518.187,1.359397,0.5233783,Left,Up,-0.1545051,1.519478,TransSharp
207.3799,18.8762,0,-0.523231,0.297612,0,-0.578724,3518.942,1.359624,0.5240753,Left,Up,-0.1532334,1.535843,TransSharp
207.4199,18.87284,0,-0.5003428,0.297612,0,-0.5654712,3519.697,1.359285,0.5247728,Left,Up,-0.1545051,1.552193,TransSharp
207.4599,18.87014,0,-0.4774547,0.297612,0,-0.5540734,3520.451,1.359016,0.5254703,Left,Up,-0.1440177,1.568512,TransSharp
207.4999,18.86868,0,-0.4637218,0.297612,0,-0.5450149,3521.206,1.359627,0.526167,Left,Up,-0.1384764,1.583611,TransSharp
207.5399,18.86528,0,-0.4417491,0.297612,0,-0.5380906,3521.961,1.363213,0.5268643,Left,Up,-0.1384764,1.597343,TransSharp
207.5799,18.8613,0,-0.4344249,0.297612,0,-0.5253288,3522.715,1.363652,0.5275616,Left,Up,-0.1384764,1.611069,TransSharp
207.6199,18.85726,0,-0.4234385,0.297612,0,-0.5139339,3523.47,1.363733,0.5282588,Left,Up,-0.1384764,1.624786,TransSharp
207.6599,18.85537,0,-0.4005486,0.297612,0,-0.5045373,3524.224,1.363446,0.5289553,Left,Up,-0.1384764,1.638496,TransSharp
207.6999,18.85125,0,-0.382238,0.297612,0,-0.4968922,3524.978,1.363453,0.5296524,Left,Up,-0.1266688,1.652184,TransSharp
207.7399,18.84816,0,-0.3529412,0.297612,0,-0.4908928,3525.732,1.363187,0.5303495,Left,Up,-0.1219466,1.664223,TransSharp
207.7799,18.84671,0,-0.3208977,0.297612,0,-0.4868806,3526.486,1.365979,0.5310465,Left,Up,-0.1219466,1.675232,TransSharp
207.8199,18.84223,0,-0.2851903,0.297612,0,-0.4813156,3527.24,1.368004,0.5317428,Left,Up,-0.1219466,1.686234,TransSharp
207.8599,18.83803,0,-0.2183568,0.3015793,0,-0.4724901,3527.993,1.368241,0.5324396,Left,Up,-0.1219466,1.697235,TransSharp
207.8999,18.8352,0,-0.1597613,0.3015793,0,-0.4651479,3528.747,1.368086,0.5331365,Left,Up,-0.1219466,1.708237,TransSharp
207.9399,18.83392,0,-0.07003963,0.3015793,0,-0.4592896,3529.5,1.36814,0.5338325,Left,Up,-0.1186941,1.719215,TransSharp
207.9799,18.83116,0,0.0151062,0.3015793,0,-0.4547218,3530.253,1.368404,0.5345292,Left,Up,-0.1065312,1.730186,TransSharp
208.0199,18.82863,0,0.05813599,0.3015793,0,-0.4511644,3531.007,1.368556,0.5352258,Left,Up,-0.1046783,1.738457,TransSharp
208.0599,18.82654,0,0.09933472,0.3015793,0,-0.4489026,3531.76,1.369768,0.5359224,Left,Up,-0.1046783,1.746574,TransSharp
208.0999,18.82495,0,0.1222265,0.3015793,0,-0.4477006,3532.512,1.372537,0.5366182,Left,Up,-0.1046783,1.754692,TransSharp
208.1399,18.82184,0,0.1295507,0.3015793,0,-0.44151,3533.265,1.373469,0.5373146,Left,Up,-0.1046783,1.762802,TransSharp
208.1799,18.81918,0,0.1304662,0.3015793,0,-0.4337357,3534.018,1.373411,0.538011,Left,Up,-0.1046783,1.770905,TransSharp
208.2199,18.81712,0,0.1304662,0.3015793,0,-0.4270017,3534.771,1.373203,0.5387065,Left,Up,-0.1065312,1.779015,TransSharp
208.2599,18.81514,0,0.1304662,0.3015793,0,-0.4209766,3535.523,1.373572,0.5394027,Left,Up,-0.09891172,1.787117,TransSharp
208.2999,18.81271,0,0.1304662,0.3015793,0,-0.415877,3536.276,1.374094,0.5400988,Left,Up,-0.08622923,1.79496,TransSharp
208.3399,18.80991,0,0.1304662,0.3015793,0,-0.4113004,3537.028,1.374677,0.5407948,Left,Up,-0.08846933,1.799881,TransSharp
208.3799,18.80762,0,0.1359594,0.3055466,0,-0.4068404,3537.781,1.374925,0.5414901,Left,Up,-0.08846933,1.804802,TransSharp
208.4199,18.80611,0,0.1423681,0.3055466,0,-0.4029704,3538.533,1.376181,0.542186,Left,Up,-0.08622923,1.809715,TransSharp
208.4599,18.80574,0,0.1597631,0.3055466,0,-0.399629,3539.286,1.378108,0.5428817,Left,Up,-0.08846933,1.814629,TransSharp
208.4999,18.80308,0,0.1725805,0.3055466,0,-0.393206,3540.038,1.379618,0.543577,Left,Up,-0.08622923,1.819542,TransSharp
208.5399,18.80132,0,0.1936376,0.3055466,0,-0.3815688,3540.79,1.379712,0.5442724,Left,Up,-0.08622923,1.82444,TransSharp
208.5799,18.79997,0,0.2009618,0.3055466,0,-0.3702624,3541.542,1.379601,0.5449679,Left,Up,-0.08622923,1.829353,TransSharp
208.6199,18.79912,0,0.2009618,0.3055466,0,-0.3589783,3542.293,1.3797,0.5456634,Left,Up,-0.08622923,1.834259,TransSharp
208.6599,18.79721,0,0.2009618,0.3055466,0,-0.3475735,3543.045,1.380115,0.5463583,Left,Up,-0.07401875,1.839165,TransSharp
208.6999,18.79536,0,0.171665,0.3055466,0,-0.336094,3543.797,1.38076,0.5470533,Left,Up,-0.06852804,1.842041,TransSharp
208.7399,18.7935,0,0.1240575,0.3055466,0,-0.3247285,3544.549,1.381538,0.5477484,Left,Up,-0.0656106,1.843086,TransSharp
208.7799,18.79168,0,0.07553101,0.3055466,0,-0.3133636,3545.301,1.382306,0.5484436,Left,Up,-0.0656106,1.844124,TransSharp
208.8199,18.78971,0,0.04440308,0.3055466,0,-0.3017853,3546.052,1.382845,0.5491381,Left,Up,-0.0656106,1.845161,TransSharp
208.8599,18.78821,0,-0.01052856,0.3055466,0,-0.2898129,3546.804,1.383377,0.5498328,Left,Up,-0.0656106,1.846199,TransSharp
208.8999,18.78692,0,-0.04806519,0.3055466,0,-0.2779207,3547.555,1.384818,0.5505276,Left,Up,-0.0656106,1.847237,TransSharp
208.9399,18.78558,0,-0.1066607,0.3055466,0,-0.2662463,3548.307,1.385818,0.5512218,Left,Up,-0.06852804,1.848267,TransSharp
208.9799,18.78437,0,-0.1716632,0.3055466,0,-0.2542995,3549.058,1.386468,0.5519162,Left,Up,-0.06852804,1.849297,TransSharp
209.0199,18.78353,0,-0.2201879,0.3055466,0,-0.2330672,3549.81,1.387539,0.5526106,Left,Up,-0.0656106,1.850327,TransSharp
209.0599,18.78295,0,-0.2861059,0.3055466,0,-0.2108511,3550.561,1.38855,0.553305,Left,Up,-0.06852804,1.851357,TransSharp
209.0999,18.78214,0,-0.3337151,0.3055466,0,-0.1887552,3551.313,1.389313,0.5539989,Left,Up,-0.0656106,1.852386,TransSharp
209.1399,18.78168,0,-0.3877312,0.3055466,0,-0.1669398,3552.064,1.389826,0.5546929,Left,Up,-0.06255726,1.853409,TransSharp
209.1799,18.78126,0,-0.4362559,0.3055466,0,-0.1451054,3552.815,1.390224,0.5553869,Straight,Up,-0.02797646,1.854431,TransSharp
209.2199,18.78085,0,-0.4829478,0.3055466,0,-0.1235945,3553.567,1.390599,0.5560804,Straight,Up,-0.01978234,1.846992,TransSharp
209.2599,18.7804,0,-0.5589384,0.3055466,0,-0.1023288,3554.318,1.391025,0.5567743,Straight,Up,0,1.837059,TransSharp
209.2999,18.77989,0,-0.6193632,0.3055466,0,-0.08148393,3555.069,1.391327,0.5574678,Straight,Up,-0.01978234,1.827133,TransSharp
209.3399,18.77933,0,-0.6898606,0.3055466,0,-0.06135809,3555.82,1.391743,0.5581614,Straight,Up,-0.01978234,1.8172,TransSharp
209.3799,18.77876,0,-0.7328904,0.3055466,0,-0.04195327,3556.571,1.392248,0.5588545,Straight,Up,-0.01978234,1.807281,TransSharp
209.4199,18.77811,0,-0.7429612,0.3055466,0,-0.02312765,3557.322,1.392842,0.5595479,Straight,Up,-0.01978234,1.797356,TransSharp
209.4599,18.77744,0,-0.7383835,0.3055466,0,-0.00545308,3558.073,1.39351,0.560241,Straight,Up,-0.01978234,1.78743,TransSharp
209.4999,18.77673,0,-0.7154953,0.309514,0,0.01140943,3558.824,1.394089,0.5609337,Straight,Up,-0.01978234,1.777512,TransSharp
209.5399,18.77689,0,-0.6834519,0.309514,0,0.02738357,3559.575,1.394678,0.5616267,Straight,Up,-0.01978234,1.767593,TransSharp
209.5799,18.77699,0,-0.6266874,0.3134814,0,0.04216248,3560.326,1.395044,0.5623197,Straight,Up,-0.01978234,1.757675,TransSharp
209.6199,18.778,0,-0.6001371,0.3174487,0,0.05568263,3561.077,1.395531,0.5630123,Straight,Up,-0.01978234,1.747765,TransSharp
209.6599,18.77979,0,-0.5589384,0.3174487,0,0.06832835,3561.828,1.396341,0.5637045,Straight,Up,-0.01978234,1.737854,TransSharp
209.6999,18.7815,0,-0.5168223,0.3174487,0,0.07972422,3562.579,1.397094,0.5643971,Straight,Up,0,1.727943,TransSharp
209.7399,18.78321,0,-0.4930186,0.3174487,0,0.08970132,3563.331,1.397683,0.5650895,Straight,Up,-0.01978234,1.71804,TransSharp
209.7799,18.78484,0,-0.4289317,0.3174487,0,0.09847584,3564.082,1.398283,0.5657812,Straight,Up,-0.01978234,1.70813,TransSharp
209.8199,18.78654,0,-0.3437859,0.3174487,0,0.1057363,3564.834,1.398878,0.5664734,Straight,Up,0,1.698235,TransSharp
209.8599,18.78823,0,-0.2375829,0.3174487,0,0.1116477,3565.585,1.399391,0.5671654,Straight,Up,-0.01978234,1.688332,TransSharp
209.8999,18.79,0,-0.1615924,0.3174487,0,0.1163038,3566.337,1.399989,0.5678573,Straight,Up,-0.01978234,1.678444,TransSharp
209.9399,18.79179,0,-0.07187068,0.3174487,0,0.119955,3567.088,1.400616,0.5685484,Straight,Up,-0.01978234,1.668541,TransSharp
209.9799,18.79365,0,0.004119873,0.3174487,0,0.1222982,3567.84,1.401281,0.5692401,Straight,Up,-0.01978234,1.658653,TransSharp
210.0199,18.79557,0,0.06271362,0.3174487,0,0.1233303,3568.592,1.402022,0.5699316,Straight,Up,0,1.648766,TransSharp
210.0599,18.79755,0,0.123142,0.3174487,0,0.1233748,3569.344,1.402693,0.570623,Straight,Up,-0.01978234,1.63887,TransSharp
210.0999,18.79958,0,0.1844823,0.3174487,0,0.1225546,3570.096,1.403261,0.5713136,Straight,Up,-0.01978234,1.628983,TransSharp
210.1399,18.80169,0,0.2302587,0.3174487,0,0.1207415,3570.848,1.404069,0.5720047,Straight,Up,-0.01978234,1.619102,TransSharp
210.1799,18.80377,0,0.3025854,0.3174487,0,0.1182972,3571.6,1.405045,0.5726957,Straight,Up,-0.01978234,1.609215,TransSharp
210.2199,18.80607,0,0.3611827,0.3174487,0,0.1148401,3572.352,1.405595,0.5733858,Straight,Up,-0.01978234,1.599335,TransSharp
210.2599,18.80834,0,0.422523,0.3174487,0,0.1109143,3573.104,1.406293,0.5740765,Straight,Up,-0.01978234,1.589455,TransSharp
210.2999,18.81063,0,0.4527354,0.3174487,0,0.1065398,3573.857,1.407193,0.5747671,Straight,Up,0,1.579575,TransSharp
210.3399,18.81289,0,0.4701304,0.3174487,0,0.101819,3574.609,1.408129,0.5754575,Straight,Up,-0.01978234,1.569687,TransSharp
210.3799,18.81518,0,0.4701304,0.3174487,0,0.0966216,3575.362,1.408874,0.576147,Straight,Up,-0.01978234,1.559814,TransSharp
210.4199,18.81751,0,0.4701304,0.3174487,0,0.09125027,3576.115,1.409637,0.5768371,Straight,Up,-0.01978234,1.549927,TransSharp
210.4599,18.81988,0,0.4701304,0.3174487,0,0.08571389,3576.867,1.410282,0.577527,Straight,Up,-0.01978234,1.540039,TransSharp
210.4999,18.82216,0,0.4701304,0.3174487,0,0.08028173,3577.62,1.410958,0.5782161,Straight,Up,0,1.530159,TransSharp
210.5399,18.82437,0,0.4701304,0.3174487,0,0.07512465,3578.373,1.411672,0.5789058,Straight,Up,-0.01978234,1.520271,TransSharp
210.5799,18.82659,0,0.4646373,0.3174487,0,0.07021242,3579.126,1.412308,0.5795953,Straight,Up,-0.01978234,1.510384,TransSharp
210.6199,18.8288,0,0.4637218,0.3174487,0,0.06564385,3579.879,1.412997,0.5802847,Straight,Up,-0.01978234,1.500496,TransSharp
210.6599,18.8309,0,0.4335093,0.3174487,0,0.06139413,3580.633,1.413645,0.5809731,Straight,Up,-0.01978234,1.490593,TransSharp
210.6999,18.83301,0,0.3740001,0.3174487,0,0.05768332,3581.386,1.414309,0.5816622,Straight,Up,0,1.480698,TransSharp
210.7399,18.83313,0,0.3208959,0.3174487,0,0.05466485,3582.139,1.414211,0.582351,Straight,Up,-0.01978234,1.470802,TransSharp
210.7799,18.83833,0,0.2668798,0.3174487,0,0.05135038,3582.893,1.414113,0.5830393,Straight,Up,0,1.460922,TransSharp
210.8199,18.8425,0,0.2302587,0.3174487,0,0.04748422,3583.646,1.416835,0.5837276,Straight,Up,-0.01978234,1.451027,TransSharp
210.8599,18.84609,0,0.2009618,0.3174487,0,0.04421392,3584.4,1.419173,0.584416,Straight,Up,-0.01978234,1.441139,TransSharp
210.8999,18.84799,0,0.1725805,0.3174487,0,0.04173747,3585.154,1.420961,0.5851042,Straight,Up,-0.01978234,1.431236,TransSharp
210.9399,18.85351,0,0.1515234,0.3174487,0,0.03973097,3585.908,1.421692,0.5857918,Straight,Up,-0.01978234,1.421318,TransSharp
210.9799,18.85848,0,0.1112366,0.3174487,0,0.03859967,3586.663,1.421926,0.5864794,Straight,Up,0.02797646,1.411392,TransSharp
211.0199,18.86324,0,0.08010864,0.3174487,0,0.038232,3587.417,1.421895,0.5871672,Right,Up,0.05233916,1.397682,TransSharp
211.0599,18.8679,0,0.04714966,0.3174487,0,0.03850862,3588.172,1.421797,0.5878547,Right,Up,0.05233916,1.372787,TransSharp
211.0999,18.87235,0,0.02700806,0.3174487,0,0.03984565,3588.927,1.421551,0.5885416,Right,Up,0.05595291,1.347885,TransSharp
211.1399,18.87718,0,0.0151062,0.3174487,0,0.04176497,3589.681,1.421325,0.5892286,Right,Up,0.05595291,1.322983,TransSharp
211.1799,18.88217,0,0.003204346,0.3174487,0,0.04428056,3590.437,1.422268,0.5899156,Right,Up,0.05595291,1.298065,TransSharp
211.2199,18.88721,0,-0.0050354,0.3174487,0,0.04734281,3591.192,1.423157,0.590602,Right,Up,0.05595291,1.27314,TransSharp
211.2599,18.89153,0,-0.01052856,0.3174487,0,0.0511342,3591.948,1.423225,0.5912884,Right,Up,0.05233916,1.248215,TransSharp
211.2999,18.89784,0,-0.02792358,0.3174487,0,0.05208805,3592.704,1.424002,0.591975,Right,Up,0.05595291,1.223282,TransSharp
211.3399,18.90404,0,-0.04074097,0.3174487,0,0.05060458,3593.46,1.425453,0.5926613,Right,Up,0.05233916,1.198341,TransSharp
211.3799,18.91,0,-0.07095516,0.3174487,0,0.04962787,3594.216,1.426687,0.593347,Right,Up,0.05595291,1.173378,TransSharp
211.4199,18.9156,0,-0.0993365,0.3174487,0,0.04907385,3594.973,1.427482,0.5940326,Right,Up,0.05233916,1.148399,TransSharp
211.4599,18.92222,0,-0.1469439,0.3174487,0,0.04893398,3595.729,1.427744,0.5947185,Right,Up,0.05595291,1.12339,TransSharp
211.4999,18.92885,0,-0.2018774,0.3174487,0,0.04939309,3596.487,1.427384,0.5954036,Right,Up,0.07401875,1.098389,TransSharp
211.5399,18.93581,0,-0.2430761,0.3174487,0,0.04966855,3597.244,1.427737,0.5960889,Right,Up,0.08846933,1.070557,TransSharp
211.5799,18.94247,0,-0.2870214,0.3174487,0,0.05000135,3598.002,1.428578,0.596774,Right,Up,0.08846933,1.036781,TransSharp
211.6199,18.95032,0,-0.3099114,0.3174487,0,0.04866898,3598.76,1.429296,0.597459,Right,Up,0.09065409,1.003014,TransSharp
211.6599,18.95787,0,-0.3218132,0.3174487,0,0.04270566,3599.518,1.430455,0.5981434,Right,Up,0.08846933,0.9692307,TransSharp
211.6999,18.96552,0,-0.3218132,0.3174487,0,0.03638202,3600.276,1.431387,0.598828,Right,Up,0.08846933,0.9354095,TransSharp
211.7399,18.97297,0,-0.3218132,0.3174487,0,0.02988791,3601.035,1.431959,0.5995122,Right,Up,0.09065409,0.9015656,TransSharp
211.7799,18.98096,0,-0.3208977,0.3174487,0,0.02360922,3601.794,1.431484,0.600196,Right,Up,0.08846933,0.8677139,TransSharp
211.8199,18.99007,0,-0.3154045,0.3174487,0,0.01687375,3602.554,1.43203,0.6008801,Right,Up,0.09487279,0.8338699,TransSharp
211.8599,18.9992,0,-0.3099114,0.3174487,0,0.00975433,3603.314,1.433118,0.6015639,Right,Up,0.1170339,0.8000031,TransSharp
211.8999,19.00805,0,-0.3099114,0.3174487,0,-0.003720105,3604.074,1.434356,0.6022474,Right,Up,0.1203313,0.7589493,TransSharp
211.9399,19.01649,0,-0.3099114,0.3174487,0,-0.0180124,3604.834,1.435116,0.6029304,Right,Up,0.1203313,0.7169571,TransSharp
211.9799,19.02528,0,-0.3089958,0.3174487,0,-0.03257164,3605.595,1.435165,0.6036137,Right,Up,0.1203313,0.6749268,TransSharp
212.0199,19.03546,0,-0.3089958,0.3174487,0,-0.04774922,3606.357,1.434584,0.6042967,Right,Up,0.1203313,0.6329041,TransSharp
212.0599,19.04633,0,-0.3044182,0.3174487,0,-0.06370553,3607.118,1.435814,0.6049793,Right,Up,0.1203313,0.5908661,TransSharp
212.0999,19.05766,0,-0.291599,0.3174487,0,-0.08605832,3607.881,1.437699,0.6056616,Right,Up,0.1384764,0.5488358,TransSharp
212.1399,19.06823,0,-0.2796972,0.3174487,0,-0.1098109,3608.643,1.439078,0.606344,Right,Up,0.1506579,0.5031662,TransSharp
212.1799,19.07919,0,-0.256809,0.3174487,0,-0.1343798,3609.406,1.439939,0.6070263,Right,Up,0.1506579,0.4530792,TransSharp
212.2199,19.09066,0,-0.239414,0.3174487,0,-0.1597967,3610.17,1.440156,0.6077076,Right,Up,0.1506579,0.4029236,TransSharp
212.2599,19.10283,0,-0.2146947,0.3174487,0,-0.1860389,3610.934,1.440145,0.6083894,Right,Up,0.1506579,0.3527374,TransSharp
212.2999,19.11477,0,-0.1789892,0.3174487,0,-0.2134113,3611.698,1.44019,0.6090711,Right,Up,0.165511,0.3025284,TransSharp
212.3399,19.1259,0,-0.1432818,0.3174487,0,-0.2410746,3612.463,1.439601,0.6097522,Right,Up,0.1802258,0.2496567,TransSharp
212.3799,19.13989,0,-0.1057452,0.3174487,0,-0.2696289,3613.228,1.439846,0.6104329,Right,Up,0.1802258,0.1914063,TransSharp
212.4199,19.15174,0,-0.08102596,0.3174487,0,-0.2965344,3613.994,1.441896,0.6111139,Right,Flat,0.1802258,0.13311,TransSharp
212.4599,19.16366,0,-0.06363094,0.3174487,0,-0.3184331,3614.76,1.442365,0.6117947,Right,Flat,0.09487279,0.07478333,TransSharp
212.4999,19.1749,0,-0.05355835,0.3174487,0,-0.3404188,3615.527,1.442502,0.6124745,Left,Flat,-0.1607126,0.01802826,TransSharp
212.5399,19.18806,0,-0.04806519,0.3174487,0,-0.3630118,3616.295,1.441651,0.6131548,Left,Flat,-0.1607126,-0.004859924,TransSharp
212.5799,19.20223,0,-0.04623413,0.3174487,0,-0.3865916,3617.063,1.442301,0.6138349,Left,Flat,-0.1607126,-0.02775574,TransSharp
212.6199,19.21478,0,-0.04623413,0.3174487,0,-0.4086821,3617.831,1.444156,0.6145148,Left,Flat,-0.1607126,-0.05065918,TransSharp
212.6599,19.22735,0,-0.04623413,0.3174487,0,-0.4254733,3618.6,1.444888,0.6151938,Left,Flat,-0.1582588,-0.07357788,TransSharp
212.6999,19.23935,0,-0.0352478,0.3174487,0,-0.4423134,3619.37,1.445166,0.6158732,Left,Flat,-0.1582588,-0.09307098,TransSharp
212.7399,19.25345,0,-0.02426147,0.3174487,0,-0.4601245,3620.14,1.445172,0.6165524,Left,Flat,-0.1582588,-0.1107178,TransSharp
212.7799,19.26596,0,-0.005950928,0.3174487,0,-0.4781778,3620.91,1.444604,0.6172307,Left,Flat,-0.1582588,-0.1283493,TransSharp
212.8199,19.2802,0,0.01052856,0.3174487,0,-0.4969712,3621.681,1.445511,0.6179094,Left,Flat,-0.1582588,-0.1459885,TransSharp
212.8599,19.29366,0,0.04440308,0.3174487,0,-0.5146561,3622.453,1.447249,0.6185879,Left,Down,-0.1398823,-0.1636505,TransSharp
212.8999,19.30668,0,0.06912231,0.3174487,0,-0.5257623,3623.225,1.448151,0.6192662,Left,Down,-0.1297215,-0.1800766,TransSharp
212.9399,19.31963,0,0.08651733,0.3174487,0,-0.5367291,3623.998,1.448662,0.6199436,Left,Down,-0.1297215,-0.1952744,TransSharp
212.9799,19.33406,0,0.1057434,0.3174487,0,-0.5484253,3624.771,1.448881,0.6206214,Left,Down,-0.1282043,-0.2104874,TransSharp
213.0199,19.34761,0,0.1222265,0.3174487,0,-0.5603468,3625.545,1.449163,0.621299,Left,Down,-0.1297215,-0.2257156,TransSharp
213.0599,19.36092,0,0.1350439,0.3174487,0,-0.572259,3626.319,1.449418,0.6219759,Left,Down,-0.1282043,-0.2409439,TransSharp
213.0999,19.37465,0,0.1414526,0.3174487,0,-0.5840828,3627.094,1.449165,0.6226528,Left,Down,-0.1153499,-0.2561798,TransSharp
213.1399,19.38879,0,0.1478612,0.3174487,0,-0.5965399,3627.869,1.450372,0.6233296,Left,Down,-0.09891172,-0.2707291,TransSharp
213.1799,19.40301,0,0.1542699,0.3174487,0,-0.6091331,3628.645,1.451536,0.6240063,Left,Down,-0.09691329,-0.2833099,TransSharp
213.2199,19.41681,0,0.1606786,0.3174487,0,-0.6131664,3629.422,1.452702,0.6246822,Left,Down,-0.09891172,-0.2958908,TransSharp
213.2599,19.43087,0,0.1652563,0.3174487,0,-0.6161554,3630.199,1.453467,0.6253581,Left,Down,-0.09891172,-0.3084793,TransSharp
213.2999,19.44541,0,0.1698339,0.3174487,0,-0.6193115,3630.977,1.454215,0.626034,Left,Down,-0.09891172,-0.3210907,TransSharp
213.3399,19.45991,0,0.1698339,0.3174487,0,-0.6226552,3631.755,1.454648,0.6267096,Left,Down,-0.09691329,-0.3337097,TransSharp
213.3799,19.47434,0,0.1698339,0.3174487,0,-0.6258917,3632.534,1.454879,0.6273844,Left,Down,-0.09891172,-0.3463364,TransSharp
213.4199,19.48868,0,0.1698339,0.3174487,0,-0.6288796,3633.313,1.455171,0.6280596,Left,Down,-0.09487279,-0.3589706,TransSharp
213.4599,19.50295,0,0.1698339,0.3174487,0,-0.6317105,3634.093,1.455503,0.6287345,Left,Down,-0.06255726,-0.3716125,TransSharp
213.4999,19.51716,0,0.1698339,0.3174487,0,-0.6343621,3634.874,1.455852,0.6294087,Left,Down,-0.05233916,-0.3815613,TransSharp
213.5399,19.5313,0,0.1698339,0.3174487,0,-0.636886,3635.655,1.456309,0.6300828,Left,Down,-0.05595291,-0.3907089,TransSharp
213.5799,19.5454,0,0.1698339,0.3174487,0,-0.6389712,3636.437,1.456798,0.630757,Left,Down,-0.05595291,-0.3998718,TransSharp
213.6199,19.55924,0,0.1698339,0.3174487,0,-0.6406067,3637.219,1.45734,0.6314309,Left,Down,-0.05595291,-0.4090424,TransSharp
213.6599,19.57356,0,0.1698339,0.3174487,0,-0.6418271,3638.001,1.457597,0.632104,Left,Down,-0.05595291,-0.4182129,TransSharp
213.6999,19.58757,0,0.1698339,0.3174487,0,-0.642719,3638.785,1.458769,0.6327772,Left,Down,-0.05595291,-0.4273987,TransSharp
213.7399,19.60197,0,0.1698339,0.3174487,0,-0.6436025,3639.569,1.459896,0.6334503,Left,Down,-0.05595291,-0.4365768,TransSharp
213.7799,19.61552,0,0.1698339,0.3214161,0,-0.64392,3640.353,1.460602,0.6341227,Left,Down,-0.05595291,-0.4457703,TransSharp
213.8199,19.6316,0,0.1698339,0.3214161,0,-0.6422438,3641.138,1.461102,0.6347954,Left,Down,-0.05595291,-0.4549713,TransSharp
213.8599,19.64721,0,0.1698339,0.3253834,0,-0.6373223,3641.924,1.462205,0.6354675,Left,Down,-0.05595291,-0.46418,TransSharp
213.8999,19.66331,0,0.1698339,0.3253834,0,-0.6320741,3642.71,1.463179,0.6361396,Left,Down,-0.05595291,-0.4733887,TransSharp
213.9399,19.67934,0,0.1698339,0.3293507,0,-0.6261349,3643.497,1.463986,0.6368109,Left,Down,-0.05595291,-0.4826202,TransSharp
213.9799,19.69664,0,0.1698339,0.3293507,0,-0.6198003,3644.285,1.464421,0.6374825,Left,Down,-0.05595291,-0.4918594,TransSharp
214.0199,19.71412,0,0.1698339,0.3293507,0,-0.6129818,3645.073,1.464705,0.6381535,Left,Down,-0.05595291,-0.5010986,TransSharp
214.0599,19.7315,0,0.1643407,0.3293507,0,-0.60561,3645.863,1.465058,0.638824,Straight,Down,-0.04845664,-0.5103607,TransSharp
214.0999,19.74881,0,0.1588476,0.3333181,0,-0.5977163,3646.652,1.465423,0.6394948,Straight,Down,0,-0.5196228,TransSharp
214.1399,19.76655,0,0.1515234,0.3333181,0,-0.5893433,3647.443,1.465878,0.6401653,Straight,Down,0,-0.5242615,TransSharp
214.1799,19.78455,0,0.1350439,0.3333181,0,-0.5804669,3648.234,1.466344,0.6408352,Straight,Down,0,-0.5283737,TransSharp
214.2199,19.80254,0,0.1167297,0.3333181,0,-0.5710653,3649.026,1.466836,0.6415046,Straight,Down,0,-0.5324936,TransSharp
214.2599,19.82043,0,0.08834839,0.3333181,0,-0.5613106,3649.819,1.467322,0.6421743,Straight,Down,0,-0.5366135,TransSharp
214.2999,19.8383,0,0.07461548,0.3372854,0,-0.5510179,3650.612,1.467884,0.6428437,Straight,Down,0,-0.5407257,TransSharp
214.3399,19.85664,0,0.07003784,0.3372854,0,-0.5403681,3651.406,1.468416,0.6435125,Straight,Down,0,-0.5448532,TransSharp
214.3799,19.87526,0,0.07003784,0.3372854,0,-0.5292453,3652.201,1.469032,0.6441808,Straight,Down,0.01978234,-0.5489883,TransSharp
214.4199,19.89386,0,0.07003784,0.3372854,0,-0.5176166,3652.996,1.469643,0.6448494,Straight,Down,0,-0.5531235,TransSharp
214.4599,19.9124,0,0.07003784,0.3372854,0,-0.5054761,3653.792,1.470215,0.6455176,Straight,Down,0,-0.5572662,TransSharp
214.4999,19.93088,0,0.06454468,0.3372854,0,-0.4929745,3654.59,1.470808,0.6461849,Straight,Down,0,-0.5614014,TransSharp
214.5399,19.94935,0,0.05630493,0.3372854,0,-0.4799146,3655.387,1.471451,0.6468526,Straight,Down,0,-0.5655594,TransSharp
214.5799,19.96771,0,0.0453186,0.3372854,0,-0.4665072,3656.186,1.471959,0.6475199,Straight,Down,0,-0.5697098,TransSharp
214.6199,19.98603,0,0.03433228,0.3372854,0,-0.4526519,3656.985,1.472612,0.6481869,Straight,Down,0,-0.5738602,TransSharp
214.6599,20.00432,0,0.02792358,0.3372854,0,-0.4382041,3657.785,1.473213,0.6488532,Straight,Down,0,-0.5780258,TransSharp
214.6999,20.02255,0,0.02792358,0.3372854,0,-0.4235956,3658.586,1.47378,0.6495197,Straight,Down,0,-0.5821915,TransSharp
214.7399,20.04066,0,0.02792358,0.3372854,0,-0.4085577,3659.387,1.474248,0.6501859,Straight,Down,0,-0.5863647,TransSharp
214.7799,20.05895,0,0.02700806,0.3372854,0,-0.393176,3660.189,1.474659,0.6508512,Straight,Down,0,-0.590538,TransSharp
214.8199,20.07712,0,0.02700806,0.3372854,0,-0.3774302,3660.992,1.475363,0.6515168,Straight,Down,0,-0.5947113,TransSharp
214.8599,20.09521,0,0.02700806,0.3372854,0,-0.3614398,3661.796,1.476253,0.6521822,Straight,Down,0,-0.5988846,TransSharp
214.8999,20.11325,0,0.02700806,0.3372854,0,-0.3451585,3662.6,1.476951,0.6528472,Straight,Down,0,-0.6030731,TransSharp
214.9399,20.13146,0,0.02700806,0.3372854,0,-0.328423,3663.405,1.47766,0.6535113,Straight,Down,0,-0.6072617,TransSharp
214.9799,20.14955,0,0.05172729,0.3372854,0,-0.3114547,3664.211,1.47824,0.6541757,Straight,Down,0,-0.6114578,TransSharp
215.0199,20.16753,0,0.07553101,0.3372854,0,-0.2944032,3665.018,1.478756,0.6548399,Straight,Down,0,-0.615654,TransSharp
215.0599,20.18556,0,0.1057434,0.3372854,0,-0.2771583,3665.825,1.47928,0.655503,Straight,Down,0,-0.6198578,TransSharp
215.0999,20.2036,0,0.1176488,0.3372854,0,-0.259574,3666.633,1.479913,0.6561666,Straight,Down,0,-0.6240616,TransSharp
215.1399,20.22135,0,0.1185644,0.3372854,0,-0.2480479,3667.442,1.480342,0.6568298,Straight,Down,0,-0.628273,TransSharp
215.1799,20.23912,0,0.1185644,0.3372854,0,-0.2377756,3668.251,1.480721,0.6574928,Straight,Down,0.01978234,-0.6324844,TransSharp
215.2199,20.2569,0,0.1185644,0.3372854,0,-0.2271189,3669.061,1.481266,0.6581547,Straight,Down,0,-0.6367035,TransSharp
215.2599,20.27454,0,0.1185644,0.3372854,0,-0.2159753,3669.872,1.481842,0.6588171,Straight,Down,0,-0.6409302,TransSharp
215.2999,20.29208,0,0.1286352,0.3372854,0,-0.2045248,3670.683,1.482444,0.659479,Straight,Down,0,-0.6451569,TransSharp
215.3399,20.30955,0,0.140537,0.3372854,0,-0.1928298,3671.496,1.483008,0.6601408,Straight,Down,0,-0.6493835,TransSharp
215.3799,20.32702,0,0.1652563,0.3372854,0,-0.1808389,3672.308,1.483524,0.6608015,Straight,Down,0.01978234,-0.6536179,TransSharp
215.4199,20.34431,0,0.208286,0.3372854,0,-0.1680897,3673.122,1.483821,0.6614625,Right,Down,0.05934703,-0.6578522,TransSharp
215.4599,20.36177,0,0.2549779,0.3372854,0,-0.1549016,3673.936,1.484818,0.6621233,Right,Down,0.06255726,-0.6581726,TransSharp
215.4999,20.3798,0,0.3520274,0.3372854,0,-0.1414899,3674.751,1.486176,0.662783,Right,Down,0.06255726,-0.6584854,TransSharp
215.5399,20.39767,0,0.4454112,0.3372854,0,-0.1276943,3675.567,1.487639,0.6634431,Right,Down,0.06255726,-0.6588058,TransSharp
215.5799,20.41446,0,0.5827403,0.3372854,0,-0.1191851,3676.384,1.487794,0.664103,Right,Down,0.06255726,-0.6591187,TransSharp
215.6199,20.43134,0,0.6880295,0.3174487,0,-0.1122157,3677.201,1.487586,0.6647624,Right,Down,0.05934703,-0.6594238,TransSharp
215.6599,20.44621,0,0.7255661,0.3134814,0,-0.1044585,3678.018,1.48744,0.6654209,Right,Down,0.06255726,-0.6597366,TransSharp
215.6999,20.45834,0,0.7310593,0.3134814,0,-0.09547326,3678.837,1.487734,0.6660798,Right,Down,0.06255726,-0.6600494,TransSharp
215.7399,20.46969,0,0.7246506,0.309514,0,-0.08556435,3679.655,1.488254,0.6667383,Right,Down,0.06255726,-0.6603699,TransSharp
215.7799,20.48033,0,0.7118332,0.3055466,0,-0.07427618,3680.474,1.488394,0.667396,Right,Down,0.05934703,-0.6606827,TransSharp
215.8199,20.49067,0,0.702678,0.3055466,0,-0.06200123,3681.294,1.489721,0.6680537,Right,Down,0.06255726,-0.6609879,TransSharp
215.8599,20.50161,0,0.702678,0.3055466,0,-0.04873136,3682.114,1.491759,0.6687112,Right,Down,0.08392937,-0.6613007,TransSharp
215.8999,20.50956,0,0.702678,0.3015793,0,-0.03877828,3682.934,1.492867,0.6693684,Right,Down,0.08622923,-0.660202,TransSharp
215.9399,20.51743,0,0.702678,0.3015793,0,-0.03063139,3683.755,1.49272,0.6700249,Right,Down,0.08622923,-0.6588211,TransSharp
215.9799,20.52598,0,0.7017624,0.2936446,0,-0.02136949,3684.575,1.492298,0.6706812,Right,Down,0.08622923,-0.6574402,TransSharp
216.0199,20.53318,0,0.6944382,0.2856947,0,-0.01084843,3685.397,1.492288,0.6713374,Right,Down,0.08622923,-0.6560593,TransSharp
216.0599,20.53755,0,0.6898606,0.2856947,0,0.002106071,3686.218,1.492185,0.6719928,Right,Down,0.08846933,-0.6546707,TransSharp
216.0999,20.54284,0,0.6880295,0.2856947,0,0.01638249,3687.04,1.493704,0.6726484,Right,Down,0.08622923,-0.6532898,TransSharp
216.1399,20.54772,0,0.6779587,0.2817273,0,0.03245348,3687.862,1.496456,0.6733034,Right,Down,0.08622923,-0.6518936,TransSharp
216.1799,20.54982,0,0.6532395,0.2817273,0,0.0424484,3688.683,1.496508,0.6739582,Right,Down,0.1008706,-0.6505127,TransSharp
216.2199,20.55282,0,0.6230271,0.2817273,0,0.05471289,3689.506,1.496275,0.6746123,Right,Down,0.1065312,-0.6482544,TransSharp
216.2599,20.5575,0,0.5827403,0.2817273,0,0.06869641,3690.328,1.495946,0.6752665,Right,Down,0.1065312,-0.6455078,TransSharp
216.2999,20.55968,0,0.523231,0.27776,0,0.08497041,3691.15,1.495512,0.6759201,Right,Down,0.1065312,-0.6427612,TransSharp
216.3399,20.56454,0,0.4774547,0.27776,0,0.1029948,3691.973,1.497723,0.6765732,Right,Down,0.1065312,-0.640007,TransSharp
216.3799,20.56575,0,0.4335093,0.27776,0,0.1200143,3692.795,1.499793,0.6772264,Right,Down,0.1065312,-0.6372528,TransSharp
216.4199,20.56692,0,0.4161143,0.27776,0,0.1338478,3693.618,1.499841,0.6778792,Right,Down,0.1101434,-0.634491,TransSharp
216.4599,20.5692,0,0.4161143,0.27776,0,0.1496821,3694.441,1.499472,0.6785314,Right,Down,0.1251145,-0.6316681,TransSharp
216.4999,20.57161,0,0.4161143,0.27776,0,0.1678076,3695.264,1.498542,0.6791831,Right,Down,0.1251145,-0.6277084,TransSharp
216.5399,20.57685,0,0.4161143,0.2737926,0,0.1879133,3696.087,1.500518,0.6798348,Right,Down,0.1251145,-0.6237411,TransSharp
216.5799,20.57671,0,0.3923106,0.2698253,0,0.2068044,3696.91,1.502677,0.6804863,Right,Down,0.1266688,-0.6197815,TransSharp
216.6199,20.57584,0,0.3511083,0.2658579,0,0.2226507,3697.733,1.502612,0.6811371,Right,Down,0.1266688,-0.6158142,TransSharp
216.6599,20.57494,0,0.3199804,0.2618906,0,0.2408468,3698.556,1.501952,0.6817874,Right,Down,0.1341704,-0.6118393,TransSharp
216.6999,20.57556,0,0.2787817,0.2499886,0,0.2607812,3699.379,1.501115,0.6824377,Right,Down,0.1426525,-0.6074448,TransSharp
216.7399,20.57372,0,0.2494848,0.2380865,0,0.2823572,3700.202,1.504618,0.6830875,Right,Down,0.1440177,-0.6023636,TransSharp
216.7799,20.56654,0,0.2174413,0.2261845,0,0.2982709,3701.025,1.505055,0.6837367,Right,Down,0.1426525,-0.5972748,TransSharp
216.8199,20.55652,0,0.2009618,0.2182498,0,0.3154019,3701.847,1.504715,0.684386,Right,Down,0.1440177,-0.592186,TransSharp
216.8599,20.54753,0,0.1963842,0.2142824,0,0.3341733,3702.669,1.503053,0.6850349,Right,Down,0.1519511,-0.5870895,TransSharp
216.8999,20.53748,0,0.1963842,0.2023651,0,0.3542208,3703.491,1.50646,0.6856833,Right,Down,0.1607126,-0.5815582,TransSharp
216.9399,20.52287,0,0.1963842,0.1983978,0,0.3690013,3704.312,1.507062,0.6863311,Right,Down,0.1594904,-0.5754166,TransSharp
216.9799,20.50648,0,0.2357519,0.1983978,0,0.3846016,3705.133,1.506709,0.6869789,Right,Down,0.1594904,-0.5692749,TransSharp
217.0199,20.49332,0,0.2970922,0.2142824,0,0.4013769,3705.952,1.505901,0.6876264,Right,Down,0.1619255,-0.5631256,TransSharp
217.0599,20.48071,0,0.3611827,0.2261845,0,0.4185788,3706.772,1.509369,0.6882728,Right,Down,0.174713,-0.5569839,TransSharp
217.0999,20.47041,0,0.4591441,0.2301518,0,0.4298402,3707.591,1.509249,0.6889196,Right,Down,0.1769387,-0.5499115,TransSharp
217.1399,20.45963,0,0.5424571,0.2341192,0,0.4435471,3708.409,1.507904,0.689566,Right,Down,0.1769387,-0.5427475,TransSharp
217.1799,20.45706,0,0.63676,0.2380865,0,0.4584651,3709.228,1.509737,0.690212,Right,Down,0.1780411,-0.5355759,TransSharp
217.2199,20.448,0,0.7237351,0.2380865,0,0.4694759,3710.045,1.510995,0.6908569,Right,Down,0.1907741,-0.5284042,TransSharp
217.2599,20.43902,0,0.7841599,0.2420539,0,0.4801632,3710.863,1.510358,0.6915022,Right,Down,0.1928145,-0.5203934,TransSharp
217.2999,20.43542,0,0.883956,0.2420539,0,0.4926911,3711.68,1.510723,0.6921471,Right,Down,0.1928145,-0.5122299,TransSharp
217.3399,20.42812,0,0.9901571,0.2420539,0,0.5027313,3712.498,1.512745,0.692791,Right,Down,0.1978235,-0.5040588,TransSharp
217.3799,20.41986,0,1.138476,0.2420539,0,0.5110332,3713.314,1.512171,0.6934351,Right,Down,0.20842,-0.4957504,TransSharp
217.4199,20.41518,0,1.302359,0.2420539,0,0.5216612,3714.131,1.512436,0.6940789,Right,Down,0.2093567,-0.4866104,TransSharp
217.4599,20.40786,0,1.414053,0.2142824,0,0.5304109,3714.947,1.514614,0.6947222,Right,Down,0.2093567,-0.4774475,TransSharp
217.4999,20.39504,0,1.501944,0.2103151,0,0.5376961,3715.763,1.51366,0.6953646,Right,Down,0.2211734,-0.4682922,TransSharp
217.5399,20.38255,0,1.536738,0.2103151,0,0.5478829,3716.579,1.514993,0.6960073,Right,Down,0.2246844,-0.4584579,TransSharp
217.5799,20.3675,0,1.542231,0.2023651,0,0.5554754,3717.394,1.516173,0.6966494,Right,Down,0.2255535,-0.4483337,TransSharp
217.6199,20.35036,0,1.542231,0.1785611,0,0.5636021,3718.208,1.514617,0.6972913,Right,Down,0.2349025,-0.4382248,TransSharp
217.6599,20.32907,0,1.531245,0.1468223,0,0.5751424,3719.021,1.518404,0.6979321,Right,Down,0.2406627,-0.4275894,TransSharp
217.6999,20.30105,0,1.525751,0.1111009,0,0.5815071,3719.833,1.517255,0.6985732,Right,Down,0.2406627,-0.4165192,TransSharp
217.7399,20.26664,0,1.525751,0.09126421,0,0.5916241,3720.644,1.517275,0.6992139,Right,Down,0.25101,-0.4054642,TransSharp
217.7799,20.22291,0,1.52117,0.08729687,0,0.6015024,3721.454,1.519512,0.6998536,Right,Down,0.2571706,-0.3938904,TransSharp
217.8199,20.17886,0,1.51293,0.08729687,0,0.6110584,3722.261,1.517628,0.7004935,Right,Down,0.2571706,-0.3819122,TransSharp
217.8599,20.13496,0,1.490042,0.08729687,0,0.6243736,3723.067,1.52148,0.7011331,Right,Down,0.2697954,-0.3699417,TransSharp
217.8999,20.09064,0,1.436026,0.08729687,0,0.6342027,3723.871,1.519585,0.7017722,Right,Down,0.2741124,-0.3572998,TransSharp
217.9399,20.04758,0,1.380179,0.08729687,0,0.6484965,3724.673,1.521788,0.7024102,Right,Down,0.2783625,-0.3444214,TransSharp
217.9799,20.00277,0,1.273059,0.08729687,0,0.6607738,3725.474,1.52145,0.7030486,Right,Down,0.2900664,-0.3314743,TransSharp
218.0199,19.9591,0,1.139392,0.08729687,0,0.6752102,3726.273,1.521607,0.7036866,Right,Down,0.2900664,-0.3176804,TransSharp
218.0599,19.91384,0,1.034102,0.08729687,0,0.690334,3727.07,1.52328,0.7043237,Right,Down,0.3006659,-0.3039017,TransSharp
218.0999,19.8709,0,0.901351,0.08729687,0,0.7057444,3727.865,1.522217,0.7049606,Right,Down,0.3064671,-0.2896576,TransSharp
218.1399,19.82638,0,0.8134568,0.08729687,0,0.7221184,3728.658,1.524585,0.7055973,Right,Down,0.3121605,-0.2749634,TransSharp
218.1799,19.78414,0,0.7136643,0.08729687,0,0.7382842,3729.45,1.523329,0.7062337,Right,Down,0.3232465,-0.2601929,TransSharp
218.2199,19.74011,0,0.6358445,0.08729687,0,0.7547504,3730.24,1.525409,0.7068692,Right,Down,0.324455,-0.244606,TransSharp
218.2599,19.69839,0,0.5937302,0.08729687,0,0.7718598,3731.029,1.524926,0.7075046,Right,Down,0.3380413,-0.2290573,TransSharp
218.2999,19.6554,0,0.5342174,0.08729687,0,0.7879509,3731.815,1.526025,0.7081398,Right,Down,0.3409232,-0.2127304,TransSharp
218.3399,19.61528,0,0.4756236,0.08729687,0,0.8050455,3732.6,1.52574,0.7087741,Right,Down,0.3522151,-0.1962738,TransSharp
218.3799,19.57461,0,0.3694224,0.08729687,0,0.8198147,3733.384,1.527533,0.7094084,Right,Down,0.3577275,-0.1792908,TransSharp
218.4199,19.53449,0,0.2623022,0.08729687,0,0.8354548,3734.166,1.527706,0.7100421,Right,Down,0.3679734,-0.1619568,TransSharp
218.4599,19.49475,0,0.2018774,0.08729687,0,0.8468322,3734.946,1.530833,0.7106756,Right,Flat,0.3743001,-0.1441422,TransSharp
218.4999,19.45507,0,0.1478612,0.08729687,0,0.8604348,3735.724,1.529391,0.7113083,Right,Flat,0.3856296,-0.1259155,TransSharp
218.5399,19.41627,0,0.1469457,0.08729687,0,0.8689881,3736.501,1.531729,0.711941,Right,Flat,0.3911712,-0.107193,TransSharp
218.5799,19.37699,0,0.1661718,0.08332952,0,0.8797912,3737.277,1.529667,0.7125731,Right,Flat,0.4044518,-0.08808136,TransSharp
218.6199,19.33768,0,0.2421606,0.07539482,0,0.8858238,3738.051,1.531395,0.7132049,Right,Flat,0.409739,-0.06835938,TransSharp
218.6599,19.29564,0,0.3089941,0.07539482,0,0.894209,3738.823,1.530135,0.7138359,Right,Flat,0.4238235,-0.04837036,TransSharp
218.6999,19.25419,0,0.4106212,0.07539482,0,0.8982573,3739.594,1.531502,0.714467,Right,Flat,0.4187142,-0.02764893,TransSharp
218.7399,19.2121,0,0.4939342,0.07539482,0,0.9037069,3740.363,1.531483,0.7150974,Right,Flat,0.393167,-0.006774902,TransSharp
218.7799,19.17099,0,0.571754,0.07539482,0,0.906004,3741.13,1.531578,0.7157272,Right,Flat,0.3901695,0.01454163,TransSharp
218.8199,19.1287,0,0.6056321,0.07539482,0,0.9086056,3741.895,1.532947,0.7163569,Right,Flat,0.3794918,0.03582764,TransSharp
218.8599,19.08738,0,0.6074631,0.07539482,0,0.9089023,3742.659,1.531913,0.716986,Right,Flat,0.3784592,0.05664063,TransSharp
218.8999,19.04454,0,0.6074631,0.07539482,0,0.9080244,3743.421,1.534824,0.717615,Right,Flat,0.373777,0.07740021,TransSharp
218.9399,19.00307,0,0.6175339,0.07539482,0,0.9070709,3744.182,1.532403,0.7182431,Right,Flat,0.3722032,0.0976944,TransSharp
218.9799,18.9611,0,0.6468308,0.06746013,0,0.9019611,3744.941,1.535326,0.7188711,Right,Flat,0.3669084,0.1179047,TransSharp
219.0199,18.91758,0,0.6944382,0.05952545,0,0.8987997,3745.698,1.533474,0.7194986,Right,Flat,0.3663747,0.1376648,TransSharp
219.0599,18.87294,0,0.753032,0.05952545,0,0.8900744,3746.453,1.535703,0.7201254,Right,Up,0.3609945,0.1572876,TransSharp
219.0999,18.82694,0,0.8436728,0.05159075,0,0.8831437,3747.207,1.536073,0.7207522,Right,Up,0.3588198,0.1765518,TransSharp
219.1399,18.78036,0,0.9095907,0.05159075,0,0.8735803,3747.958,1.535972,0.7213786,Right,Up,0.354982,0.1955643,TransSharp
219.1799,18.73249,0,0.9782553,0.04762341,0,0.8632716,3748.708,1.538595,0.7220043,Right,Up,0.3516591,0.2142944,TransSharp
219.2199,18.68415,0,1.025863,0.04762341,0,0.8540713,3749.456,1.536309,0.7226293,Right,Up,0.3483046,0.2326889,TransSharp
219.2599,18.63577,0,1.043258,0.04762341,0,0.8403291,3750.202,1.538795,0.7232544,Right,Up,0.343781,0.2509308,TransSharp
219.2999,18.58713,0,1.062487,0.04762341,0,0.8289298,3750.947,1.539024,0.723879,Right,Up,0.3426407,0.268692,TransSharp
219.3399,18.53896,0,1.075305,0.04762341,0,0.815389,3751.689,1.539006,0.7245026,Right,Up,0.3368816,0.2863693,TransSharp
219.3799,18.48998,0,1.090869,0.04762341,0,0.8017709,3752.429,1.541541,0.7251264,Right,Up,0.3357179,0.3035202,TransSharp
219.4199,18.44138,0,1.108264,0.04762341,0,0.7902197,3753.167,1.539356,0.7257497,Right,Up,0.3304307,0.320549,TransSharp
219.4599,18.39287,0,1.115588,0.04762341,0,0.7741622,3753.904,1.541437,0.7263725,Right,Up,0.3274564,0.3372345,TransSharp
219.4999,18.34374,0,1.126574,0.04762341,0,0.76099,3754.638,1.543123,0.7269944,Right,Up,0.324455,0.3535767,TransSharp
219.5399,18.29566,0,1.132067,0.04762341,0,0.747996,3755.37,1.541741,0.7276163,Right,Up,0.3183671,0.3698425,TransSharp
219.5799,18.24681,0,1.138476,0.07142748,0,0.7324821,3756.101,1.543643,0.7282379,Right,Up,0.3177519,0.3854828,TransSharp
219.6199,18.20281,0,1.138476,0.07142748,0,0.7197062,3756.829,1.544496,0.728859,Right,Up,0.3121605,0.401062,TransSharp
219.6599,18.16022,0,1.138476,0.07539482,0,0.7069098,3757.556,1.543628,0.729479,Right,Up,0.3083766,0.4162903,TransSharp
219.6999,18.11772,0,1.138476,0.07936218,0,0.6923901,3758.281,1.545452,0.7300993,Right,Up,0.3071049,0.4311447,TransSharp
219.7399,18.07514,0,1.131152,0.07936218,0,0.6811278,3759.005,1.546448,0.730719,Right,Up,0.3000144,0.4459457,TransSharp
219.7799,18.03414,0,1.115588,0.07936218,0,0.6703097,3759.726,1.545657,0.7313376,Right,Up,0.2987072,0.4601746,TransSharp
219.8199,17.99252,0,1.089953,0.07936218,0,0.6575202,3760.447,1.547196,0.7319565,Right,Up,0.2947506,0.4742279,TransSharp
219.8599,17.94983,0,1.056994,0.07936218,0,0.6477031,3761.165,1.548632,0.7325749,Right,Up,0.2880355,0.488205,TransSharp
219.8999,17.90894,0,0.9974813,0.08332952,0,0.639641,3761.882,1.547379,0.7331929,Right,Up,0.2880355,0.5014725,TransSharp
219.9399,17.86895,0,0.9324789,0.08332952,0,0.6287338,3762.597,1.548634,0.7338098,Right,Up,0.2839303,0.5147018,TransSharp
219.9799,17.82726,0,0.8262777,0.08332952,0,0.6207821,3763.31,1.55088,0.7344268,Right,Up,0.2762456,0.5278168,TransSharp
220.0199,17.78665,0,0.6962693,0.08729687,0,0.6160179,3764.022,1.549293,0.7350434,Right,Up,0.2762456,0.5402222,TransSharp
220.0599,17.74762,0,0.5955613,0.08729687,0,0.6075494,3764.732,1.549988,0.7356589,Right,Up,0.272681,0.5525894,TransSharp
220.0999,17.70848,0,0.4765391,0.08729687,0,0.6006516,3765.441,1.551721,0.7362745,Right,Up,0.2639296,0.5649109,TransSharp
220.1399,17.669,0,0.405128,0.09126421,0,0.5965239,3766.148,1.552478,0.7368898,Right,Up,0.2639296,0.5764389,TransSharp
220.1799,17.63178,0,0.3382909,0.09126421,0,0.5925717,3766.854,1.551598,0.7375045,Right,Up,0.261696,0.5879288,TransSharp
220.2199,17.59464,0,0.291599,0.09126421,0,0.586013,3767.558,1.552457,0.7381182,Right,Up,0.2525642,0.5993805,TransSharp
220.2599,17.55643,0,0.2659643,0.09126421,0,0.5813003,3768.26,1.554425,0.738732,Right,Up,0.2517883,0.6101608,TransSharp
220.2999,17.51882,0,0.2247655,0.09126421,0,0.5793995,3768.961,1.554314,0.7393454,Right,Up,0.25101,0.6207352,TransSharp
220.3399,17.48232,0,0.1835668,0.09126421,0,0.5759782,3769.661,1.553753,0.7399578,Right,Up,0.2438933,0.6312866,TransSharp
220.3799,17.44582,0,0.1057434,0.09126421,0,0.5708985,3770.359,1.554385,0.74057,Right,Up,0.2373883,0.6414795,TransSharp
220.4199,17.40834,0,0.02334595,0.09126421,0,0.5667825,3771.056,1.556453,0.741182,Right,Up,0.2382111,0.6511154,TransSharp
220.4599,17.37104,0,-0.04623413,0.09126421,0,0.5649643,3771.751,1.557019,0.7417935,Right,Up,0.235734,0.6607285,TransSharp
220.4999,17.33516,0,-0.1231402,0.09523156,0,0.5630984,3772.445,1.555906,0.742404,Right,Up,0.2246844,0.6703033,TransSharp
220.5399,17.3003,0,-0.1670855,0.09523156,0,0.5567933,3773.138,1.556436,0.7430144,Right,Up,0.2220564,0.679184,TransSharp
220.5799,17.26498,0,-0.2137792,0.0991989,0,0.5510292,3773.829,1.557699,0.7436244,Right,Up,0.2220564,0.6877975,TransSharp
220.6199,17.22946,0,-0.2275121,0.0991989,0,0.5469151,3774.518,1.559978,0.7442336,Right,Up,0.2193969,0.6963806,TransSharp
220.6599,17.19503,0,-0.2275121,0.1031662,0,0.5437137,3775.206,1.558905,0.7448427,Right,Up,0.2093567,0.7049561,TransSharp
220.6999,17.16221,0,-0.2275121,0.1111009,0,0.5375261,3775.893,1.558412,0.7454512,Right,Up,0.2055842,0.7127304,TransSharp
220.7399,17.13085,0,-0.2275121,0.1190356,0,0.5282611,3776.579,1.558878,0.7460593,Right,Up,0.2055842,0.720253,TransSharp
220.7799,17.10087,0,-0.2330053,0.123003,0,0.5192719,3777.263,1.560143,0.7466666,Right,Up,0.2055842,0.7277527,TransSharp
220.8199,17.07127,0,-0.256809,0.1309529,0,0.5110309,3777.946,1.562095,0.7472737,Right,Up,0.1948336,0.7352371,TransSharp
220.8599,17.04341,0,-0.2815282,0.1309529,0,0.5033698,3778.628,1.5619,0.7478802,Right,Up,0.1876719,0.7423172,TransSharp
220.8999,17.01691,0,-0.3154045,0.1309529,0,0.4951114,3779.309,1.560859,0.7484865,Right,Up,0.1866263,0.7486649,TransSharp
220.9399,16.99015,0,-0.3401238,0.1309529,0,0.4802406,3779.989,1.561243,0.7490918,Right,Up,0.1876719,0.7549973,TransSharp
220.9799,16.96331,0,-0.3511101,0.1309529,0,0.4651363,3780.668,1.562114,0.7496969,Right,Up,0.1866263,0.761322,TransSharp
221.0199,16.93617,0,-0.3620964,0.1309529,0,0.4503675,3781.345,1.56322,0.7503017,Right,Up,0.1724585,0.7676315,TransSharp
221.0599,16.90888,0,-0.3694206,0.1309529,0,0.435403,3782.022,1.56483,0.7509055,Right,Up,0.165511,0.7732773,TransSharp
221.0999,16.88142,0,-0.382238,0.1349203,0,0.4205272,3782.698,1.565228,0.7515093,Right,Up,0.166689,0.7783127,TransSharp
221.1399,16.85542,0,-0.3859001,0.1349203,0,0.4055964,3783.372,1.564368,0.7521124,Right,Up,0.166689,0.7833405,TransSharp
221.1799,16.82973,0,-0.3859001,0.1349203,0,0.386066,3784.046,1.56427,0.7527152,Right,Up,0.166689,0.788353,TransSharp
221.2199,16.80389,0,-0.3566033,0.1388876,0,0.3622821,3784.718,1.565132,0.7533171,Right,Up,0.1582588,0.7933578,TransSharp
221.2599,16.7787,0,-0.2925146,0.1468223,0,0.33822,3785.39,1.5661,0.7539189,Right,Up,0.1412742,0.7983398,TransSharp
221.2999,16.75507,0,-0.1853979,0.1587244,0,0.314059,3786.061,1.56708,0.7545201,Right,Up,0.1398823,0.8019409,TransSharp
221.3399,16.73403,0,-0.0590533,0.166659,0,0.2894592,3786.73,1.567937,0.7551205,Right,Up,0.1398823,0.8054352,TransSharp
221.3799,16.71456,0,0.06362915,0.1706264,0,0.2642797,3787.399,1.569031,0.7557209,Right,Up,0.1398823,0.8089142,TransSharp
221.4199,16.69608,0,0.2192724,0.1785611,0,0.2389642,3788.067,1.569887,0.7563207,Right,Up,0.1398823,0.8123932,TransSharp
221.4599,16.67941,0,0.3318822,0.1864958,0,0.2137123,3788.734,1.569571,0.7569197,Right,Up,0.1412742,0.8158722,TransSharp
221.4999,16.66539,0,0.4454112,0.1944305,0,0.1885278,3789.401,1.569001,0.7575182,Right,Up,0.1235407,0.8193359,TransSharp
221.5399,16.65304,0,0.5351329,0.1944305,0,0.1573203,3790.067,1.569424,0.7581165,Right,Up,0.1083524,0.8224106,TransSharp
221.5799,16.64072,0,0.5827403,0.1983978,0,0.1237696,3790.733,1.57046,0.7587144,Right,Up,0.1083524,0.8239136,TransSharp
221.6199,16.62861,0,0.619365,0.2023651,0,0.09074467,3791.398,1.571606,0.7593111,Right,Up,0.1065312,0.8254089,TransSharp
221.6599,16.6174,0,0.6358445,0.2063325,0,0.05787238,3792.063,1.572612,0.7599079,Right,Up,0.1065312,0.8269043,TransSharp
221.6999,16.60789,0,0.6605637,0.2142824,0,0.02533561,3792.728,1.573578,0.7605042,Right,Up,0.1065312,0.8283997,TransSharp
221.7399,16.6,0,0.6889451,0.2182498,0,-0.006861776,3793.392,1.574102,0.7611,Right,Up,0.1065312,0.829895,TransSharp
221.7799,16.59283,0,0.7127488,0.2261845,0,-0.03895029,3794.055,1.574679,0.7616947,Right,Up,0.1065312,0.831398,TransSharp
221.8199,16.58748,0,0.7484543,0.2301518,0,-0.07053322,3794.719,1.575218,0.7622895,Right,Up,0.1065312,0.8328857,TransSharp
221.8599,16.58289,0,0.772258,0.2380865,0,-0.1014389,3795.382,1.575679,0.7628837,Right,Up,0.0656106,0.8343735,TransSharp
221.8999,16.58045,0,0.7896531,0.2460212,0,-0.1317232,3796.045,1.576255,0.7634775,Straight,Up,0,0.8352966,TransSharp
221.9399,16.57941,0,0.7896531,0.2499886,0,-0.161066,3796.708,1.576868,0.7640701,Straight,Up,0,0.8307266,TransSharp
221.9799,16.57941,0,0.7658494,0.2539559,0,-0.189477,3797.372,1.577382,0.7646629,Straight,Up,0,0.826149,TransSharp
222.0199,16.57995,0,0.7127488,0.2539559,0,-0.2169454,3798.035,1.577732,0.7652552,Straight,Up,0,0.821579,TransSharp
222.0599,16.58065,0,0.63676,0.2579232,0,-0.2431636,3798.698,1.57823,0.7658462,Straight,Up,0,0.817009,TransSharp
222.0999,16.58237,0,0.5296397,0.2618906,0,-0.2683028,3799.361,1.578801,0.7664374,Straight,Up,0,0.812439,TransSharp
222.1399,16.58461,0,0.4032969,0.2658579,0,-0.2924951,3800.024,1.579389,0.767028,Straight,Up,0,0.8078766,TransSharp
222.1799,16.5877,0,0.3044164,0.2737926,0,-0.3156522,3800.688,1.579932,0.7676182,Straight,Up,0,0.8033066,TransSharp
222.2199,16.59227,0,0.1725805,0.2817273,0,-0.3377777,3801.351,1.580462,0.7682072,Straight,Up,0,0.7987442,TransSharp
222.2599,16.59888,0,0.06912231,0.2936446,0,-0.3590366,3802.015,1.581009,0.7687963,Straight,Up,0,0.7941742,TransSharp
222.2999,16.60831,0,-0.06637752,0.297612,0,-0.3793178,3802.679,1.581574,0.7693849,Straight,Up,0,0.7896118,TransSharp
222.3399,16.61848,0,-0.208286,0.297612,0,-0.3987983,3803.344,1.582129,0.7699723,Straight,Up,0,0.7850418,TransSharp
222.3799,16.62885,0,-0.3327996,0.297612,0,-0.4175641,3804.009,1.582637,0.7705598,Straight,Up,0,0.7804718,TransSharp
222.4199,16.63933,0,-0.4875255,0.297612,0,-0.435797,3804.675,1.58312,0.7711468,Straight,Up,0,0.7759094,TransSharp
222.4599,16.64979,0,-0.5955595,0.297612,0,-0.4536542,3805.341,1.583615,0.7717333,Straight,Up,0,0.7713318,TransSharp
222.4999,16.66022,0,-0.7338059,0.297612,0,-0.4712805,3806.007,1.584104,0.7723186,Straight,Up,0,0.7667542,TransSharp
222.5399,16.67056,0,-0.8619815,0.297612,0,-0.4891021,3806.674,1.584804,0.772904,Straight,Up,0,0.7621765,TransSharp
222.5799,16.68086,0,-0.9379721,0.297612,0,-0.5069135,3807.341,1.58533,0.7734889,Straight,Up,0,0.7575912,TransSharp
222.6199,16.69114,0,-0.9993142,0.297612,0,-0.5249257,3808.008,1.585551,0.7740728,Straight,Up,0,0.7530136,TransSharp
222.6599,16.70141,0,-1.014878,0.297612,0,-0.5433757,3808.676,1.585756,0.7746564,Straight,Up,0,0.7484207,TransSharp
222.6999,16.71131,0,-1.015794,0.297612,0,-0.5623906,3809.344,1.586128,0.7752397,Straight,Up,0,0.7438278,TransSharp
222.7399,16.72116,0,-1.015794,0.297612,0,-0.5819918,3810.013,1.586602,0.7758225,Straight,Up,0,0.7392349,TransSharp
222.7799,16.7309,0,-1.008469,0.297612,0,-0.6023631,3810.682,1.587029,0.7764043,Straight,Up,0,0.7346344,TransSharp
222.8199,16.74052,0,-0.9974831,0.297612,0,-0.6235468,3811.352,1.587505,0.7769856,Straight,Up,0,0.7300339,TransSharp
222.8599,16.74948,0,-0.9791708,0.297612,0,-0.6456324,3812.022,1.587416,0.7775668,Straight,Up,0,0.7254333,TransSharp
222.8999,16.76053,0,-0.9452963,0.297612,0,-0.6669552,3812.692,1.587324,0.7781473,Straight,Up,0,0.7208176,TransSharp
222.9399,16.77088,0,-0.903182,0.297612,0,-0.6852468,3813.363,1.589024,0.7787269,Straight,Up,0,0.7162094,TransSharp
222.9799,16.78089,0,-0.862897,0.297612,0,-0.704941,3814.034,1.590609,0.7793062,Straight,Up,0,0.7115936,TransSharp
223.0199,16.78995,0,-0.8079654,0.297612,0,-0.7260715,3814.705,1.592029,0.7798852,Straight,Up,0,0.7069778,TransSharp
223.0599,16.80086,0,-0.7493699,0.297612,0,-0.7488291,3815.377,1.592819,0.7804632,Straight,Up,0,0.7023468,TransSharp
223.0999,16.81117,0,-0.6660569,0.297612,0,-0.773591,3816.05,1.593744,0.7810411,Straight,Up,0,0.6977081,TransSharp
223.1399,16.82031,0,-0.5836576,0.297612,0,-0.7995509,3816.722,1.593511,0.7816182,Straight,Up,0,0.6930618,TransSharp
223.1799,16.83163,0,-0.5296415,0.297612,0,-0.8271844,3817.396,1.591564,0.7821949,Straight,Up,0,0.6884079,TransSharp
223.2199,16.84294,0,-0.4600596,0.297612,0,-0.8505672,3818.069,1.592266,0.7827708,Straight,Up,0,0.6837616,TransSharp
223.2599,16.85393,0,-0.4179454,0.297612,0,-0.8755355,3818.743,1.593305,0.7833462,Straight,Up,-0.03426402,0.6791077,TransSharp
223.2999,16.8649,0,-0.3767449,0.297612,0,-0.901908,3819.418,1.59474,0.7839212,Left,Up,-0.1065312,0.6744537,TransSharp
223.3399,16.87506,0,-0.3529412,0.297612,0,-0.9299909,3820.093,1.596401,0.7844954,Left,Up,-0.1101434,0.6631165,TransSharp
223.3799,16.88474,0,-0.3392082,0.297612,0,-0.9593171,3820.768,1.595987,0.7850694,Left,Up,-0.1101434,0.6515198,TransSharp
223.4199,16.89729,0,-0.2925146,0.297612,0,-0.9877343,3821.444,1.594955,0.7856426,Left,Up,-0.1101434,0.6399155,TransSharp
223.4599,16.90937,0,-0.2330053,0.297612,0,-1.013537,3822.12,1.595773,0.7862155,Left,Up,-0.1101434,0.6282959,TransSharp
223.4999,16.92173,0,-0.1423663,0.297612,0,-1.041813,3822.797,1.597176,0.7867875,Left,Up,-0.1101434,0.6166687,TransSharp
223.5399,16.93011,0,-0.03433228,0.297612,0,-1.070923,3823.474,1.599103,0.7873592,Left,Up,-0.1083524,0.6050186,TransSharp
223.5799,16.94313,0,0.03982544,0.297612,0,-1.100684,3824.151,1.59727,0.7879302,Left,Up,-0.1356209,0.5933685,TransSharp
223.6199,16.95624,0,0.1368749,0.297612,0,-1.125215,3824.83,1.598193,0.7885005,Left,Up,-0.1519511,0.5806808,TransSharp
223.6599,16.96962,0,0.2137792,0.297612,0,-1.150532,3825.508,1.599226,0.7890705,Left,Up,-0.1519511,0.5664215,TransSharp
223.6999,16.98034,0,0.2861059,0.297612,0,-1.17712,3826.188,1.601068,0.7896401,Left,Up,-0.1519511,0.5521469,TransSharp
223.7399,16.99334,0,0.3456151,0.297612,0,-1.203385,3826.867,1.599263,0.7902088,Left,Up,-0.1506579,0.5378571,TransSharp
223.7799,17.00691,0,0.3740001,0.297612,0,-1.22377,3827.547,1.600474,0.7907768,Left,Up,-0.1570175,0.5235519,TransSharp
223.8199,17.0209,0,0.3932261,0.2737926,0,-1.244975,3828.228,1.602049,0.7913446,Left,Up,-0.1802258,0.5092239,TransSharp
223.8599,17.02738,0,0.4106212,0.2698253,0,-1.26692,3828.909,1.602415,0.7919118,Left,Up,-0.1866263,0.4932938,TransSharp
223.8999,17.03455,0,0.4463267,0.2698253,0,-1.284273,3829.59,1.602034,0.792478,Left,Up,-0.1866263,0.476799,TransSharp
223.9399,17.0428,0,0.4985118,0.2658579,0,-1.299553,3830.271,1.603591,0.793044,Left,Up,-0.1866263,0.460289,TransSharp
223.9799,17.04852,0,0.5360484,0.2658579,0,-1.315181,3830.953,1.604416,0.7936096,Left,Up,-0.2007689,0.4437714,TransSharp
224.0199,17.05464,0,0.5754161,0.2618906,0,-1.326744,3831.635,1.603763,0.7941745,Left,Up,-0.2167048,0.4269028,TransSharp
224.0599,17.0625,0,0.5937302,0.2618906,0,-1.335263,3832.318,1.605515,0.7947384,Left,Up,-0.2167048,0.4084473,TransSharp
224.0999,17.0686,0,0.5992234,0.2618906,0,-1.343513,3833.001,1.605261,0.7953022,Left,Up,-0.2167048,0.3899994,TransSharp
224.1399,17.07453,0,0.588237,0.2618906,0,-1.346136,3833.684,1.605882,0.7958654,Left,Up,-0.2306999,0.3715515,TransSharp
224.1799,17.08087,0,0.5699229,0.2618906,0,-1.346862,3834.367,1.607881,0.796428,Left,Up,-0.2446942,0.3526611,TransSharp
224.2199,17.08813,0,0.5424571,0.2618906,0,-1.345783,3835.051,1.607252,0.7969896,Left,Up,-0.2454926,0.3323975,TransSharp
224.2599,17.09267,0,0.5186534,0.2618906,0,-1.338489,3835.734,1.607285,0.797551,Left,Up,-0.2486604,0.3121262,TransSharp
224.2999,17.10044,0,0.4829478,0.2618906,0,-1.330113,3836.418,1.605464,0.798112,Left,Up,-0.2654082,0.2918549,TransSharp
224.3399,17.10911,0,0.4573131,0.2618906,0,-1.320568,3837.102,1.606925,0.7986717,Left,Up,-0.2719625,0.2704849,TransSharp
224.3799,17.11621,0,0.4444957,0.2618906,0,-1.309326,3837.787,1.60904,0.7992315,Left,Up,-0.2719625,0.248558,TransSharp
224.4199,17.12314,0,0.422523,0.2618906,0,-1.297378,3838.472,1.611095,0.7997906,Left,Up,-0.2880355,0.2266388,TransSharp
224.4599,17.1299,0,0.4097056,0.2618906,0,-1.284446,3839.157,1.612407,0.8003493,Left,Up,-0.2967354,0.2039108,TransSharp
224.4999,17.13843,0,0.3913951,0.2618906,0,-1.27057,3839.842,1.612891,0.8009067,Left,Up,-0.2987072,0.1803741,TransSharp
224.5399,17.14687,0,0.3694224,0.2618906,0,-1.255804,3840.528,1.612974,0.8014641,Left,Up,-0.3146578,0.1568146,TransSharp
224.5799,17.15527,0,0.3575206,0.2618906,0,-1.24002,3841.214,1.612982,0.8020209,Left,Flat,-0.3202056,0.1323471,TransSharp
224.6199,17.16357,0,0.3327978,0.2618906,0,-1.223173,3841.901,1.612955,0.8025765,Left,Flat,-0.3268584,0.1072845,TransSharp
224.6599,17.17209,0,0.3135717,0.2618906,0,-1.205444,3842.587,1.613189,0.8031323,Left,Flat,-0.3420692,0.08222198,TransSharp
224.6999,17.17968,0,0.2806127,0.2618906,0,-1.187139,3843.274,1.613941,0.8036873,Left,Flat,-0.3432113,0.05580902,TransSharp
224.7399,17.18732,0,0.2375829,0.2618906,0,-1.167519,3843.962,1.613882,0.8042418,Left,Flat,-0.1119058,0.02928925,TransSharp
224.7799,17.19305,0,0.2119482,0.2618906,0,-1.147119,3844.649,1.611773,0.804795,Right,Flat,0.07132626,-0.001754761,TransSharp
224.8199,17.20496,0,0.1771581,0.2618906,0,-1.126724,3845.337,1.610175,0.8053484,Right,Flat,0.06852804,-0.03852081,TransSharp
224.8599,17.21545,0,0.1542699,0.2618906,0,-1.108392,3846.026,1.613636,0.8059011,Right,Flat,0.07132626,-0.07527161,TransSharp
224.8999,17.22521,0,0.1368749,0.2618906,0,-1.088975,3846.715,1.616873,0.8064528,Right,Flat,0.06852804,-0.1120224,TransSharp
224.9399,17.23211,0,0.1277196,0.2618906,0,-1.068595,3847.404,1.619622,0.8070041,Right,Flat,0.06852804,-0.1487885,TransSharp
224.9799,17.24393,0,0.123142,0.2618906,0,-1.047508,3848.094,1.620795,0.807555,Right,Down,0.07132626,-0.1856308,TransSharp
225.0199,17.25564,0,0.1185644,0.2618906,0,-1.025581,3848.784,1.620919,0.8081052,Right,Down,0.07132626,-0.2225342,TransSharp
225.0599,17.26721,0,0.1112366,0.2618906,0,-1.00288,3849.475,1.620636,0.8086545,Right,Down,0.06852804,-0.2594604,TransSharp
225.0999,17.27866,0,0.09475708,0.2618906,0,-0.9791943,3850.166,1.620318,0.8092034,Right,Down,0.06852804,-0.2964096,TransSharp
225.1399,17.29,0,0.08102417,0.2618906,0,-0.9548821,3850.857,1.620191,0.8097519,Right,Down,0.06852804,-0.3333664,TransSharp
225.1799,17.30128,0,0.07461548,0.2618906,0,-0.9301238,3851.549,1.619965,0.8102998,Right,Down,0.06852804,-0.3703384,TransSharp
225.2199,17.31248,0,0.06546021,0.2618906,0,-0.904579,3852.241,1.619932,0.8108467,Right,Down,0.05595291,-0.4073181,TransSharp
225.2599,17.32367,0,0.06454468,0.2618906,0,-0.8784919,3852.934,1.619967,0.8113932,Straight,Down,0.01978234,-0.4443359,TransSharp
225.2999,17.33483,0,0.06454468,0.2618906,0,-0.8517978,3853.627,1.620165,0.8119392,Straight,Down,0,-0.4598007,TransSharp
225.3399,17.34592,0,0.06454468,0.2618906,0,-0.8247135,3854.321,1.620521,0.8124843,Straight,Down,0,-0.4698792,TransSharp
225.3799,17.35701,0,0.06454468,0.2618906,0,-0.7971804,3855.015,1.62086,0.8130291,Straight,Down,0,-0.4799576,TransSharp
225.4199,17.36805,0,0.06454468,0.2618906,0,-0.7691596,3855.71,1.621261,0.8135732,Straight,Down,0,-0.4900513,TransSharp
225.4599,17.37906,0,0.06454468,0.2618906,0,-0.7406414,3856.405,1.621592,0.8141169,Straight,Down,0,-0.5001373,TransSharp
225.4999,17.39006,0,0.06454468,0.2618906,0,-0.7114702,3857.101,1.622021,0.8146595,Straight,Down,0,-0.510231,TransSharp
225.5399,17.40104,0,0.06454468,0.2618906,0,-0.6820792,3857.796,1.622485,0.8152017,Straight,Down,0,-0.5203323,TransSharp
225.5799,17.41196,0,0.06454468,0.2618906,0,-0.6522573,3858.493,1.623025,0.8157435,Straight,Down,-0.01978234,-0.5304413,TransSharp
225.6199,17.42287,0,0.06454468,0.2618906,0,-0.6219946,3859.189,1.62346,0.8162843,Straight,Down,-0.01978234,-0.5405579,TransSharp
225.6599,17.43375,0,0.06454468,0.2618906,0,-0.5913783,3859.887,1.62387,0.8168249,Straight,Down,0,-0.5506744,TransSharp
225.6999,17.4446,0,0.06454468,0.2618906,0,-0.5603329,3860.584,1.624435,0.8173646,Straight,Down,0,-0.5607986,TransSharp
225.7399,17.45542,0,0.06454468,0.2618906,0,-0.5292337,3861.283,1.624873,0.8179039,Straight,Down,0,-0.5709229,TransSharp
225.7799,17.46621,0,0.06454468,0.2618906,0,-0.4978315,3861.981,1.62543,0.8184422,Straight,Down,0,-0.5810547,TransSharp
225.8199,17.47696,0,0.06271362,0.2618906,0,-0.4661386,3862.68,1.62587,0.8189803,Straight,Down,0,-0.5911942,TransSharp
225.8599,17.48768,0,0.0453186,0.2618906,0,-0.4341907,3863.38,1.626269,0.8195176,Straight,Down,-0.01978234,-0.6013412,TransSharp
225.8999,17.49836,0,0.004119873,0.2618906,0,-0.4018223,3864.079,1.62665,0.8200541,Straight,Down,0,-0.6114883,TransSharp
225.9399,17.50904,0,-0.04806519,0.2618906,0,-0.3693829,3864.78,1.627024,0.8205902,Straight,Down,-0.01978234,-0.6216431,TransSharp
225.9799,17.51968,0,-0.0956744,0.2618906,0,-0.3365308,3865.48,1.627666,0.8211258,Straight,Down,0,-0.631813,TransSharp
226.0199,17.53026,0,-0.16617,0.2618906,0,-0.3037805,3866.181,1.628203,0.8216606,Straight,Down,0,-0.6419754,TransSharp
226.0599,17.54084,0,-0.2265966,0.2618906,0,-0.2711004,3866.883,1.628589,0.8221945,Straight,Down,0,-0.652153,TransSharp
226.0999,17.55139,0,-0.297094,0.2618906,0,-0.2383746,3867.585,1.629051,0.8227282,Straight,Down,0,-0.6623306,TransSharp
226.1399,17.5619,0,-0.3703362,0.2618906,0,-0.2059277,3868.287,1.629517,0.8232613,Straight,Down,0,-0.6725082,TransSharp
226.1799,17.57236,0,-0.4234385,0.2618906,0,-0.1735207,3868.99,1.630078,0.8237936,Straight,Down,-0.01978234,-0.6827011,TransSharp
226.2199,17.58274,0,-0.4820323,0.2618906,0,-0.1416185,3869.693,1.63051,0.824325,Straight,Down,0,-0.6929092,TransSharp
226.2599,17.59301,0,-0.5195689,0.2618906,0,-0.1101146,3870.397,1.631085,0.8248561,Straight,Down,-0.01978234,-0.7031097,TransSharp
226.2999,17.60326,0,-0.5708402,0.2618906,0,-0.07890752,3871.101,1.631698,0.8253866,Straight,Down,0,-0.7133179,TransSharp
226.3399,17.61347,0,-0.61387,0.2618906,0,-0.04811341,3871.805,1.631896,0.8259161,Straight,Down,0,-0.7235489,TransSharp
226.3799,17.62362,0,-0.6431669,0.2618906,0,-0.01811352,3872.51,1.632159,0.8264453,Straight,Down,0,-0.7337723,TransSharp
226.4199,17.63369,0,-0.6660569,0.2618906,0,0.01115063,3873.216,1.63234,0.8269739,Straight,Down,0,-0.7440109,TransSharp
226.4599,17.64344,0,-0.6779587,0.2618906,0,0.03978249,3873.921,1.632577,0.827502,Straight,Down,0,-0.7542572,TransSharp
226.4999,17.6532,0,-0.6797898,0.2618906,0,0.06744036,3874.627,1.632934,0.8280287,Straight,Down,-0.01978234,-0.7645035,TransSharp
226.5399,17.66291,0,-0.6797898,0.2618906,0,0.0943532,3875.334,1.633444,0.8285555,Straight,Down,-0.01978234,-0.7747726,TransSharp
226.5799,17.67265,0,-0.6797898,0.2618906,0,0.1203819,3876.041,1.633822,0.8290815,Straight,Down,0,-0.7850418,TransSharp
226.6199,17.68216,0,-0.6797898,0.2618906,0,0.1454789,3876.748,1.634201,0.8296064,Straight,Down,0,-0.7953186,TransSharp
226.6599,17.69158,0,-0.6733811,0.2618906,0,0.1693783,3877.455,1.634669,0.8301312,Straight,Down,0,-0.805603,TransSharp
226.6999,17.70094,0,-0.67155,0.2618906,0,0.1920457,3878.163,1.635155,0.8306554,Straight,Down,0,-0.8159027,TransSharp
226.7399,17.71026,0,-0.6614792,0.2618906,0,0.2134396,3878.872,1.635528,0.8311789,Straight,Down,0,-0.82621,TransSharp
226.7799,17.71956,0,-0.6504929,0.2618906,0,0.2335638,3879.58,1.636066,0.8317012,Straight,Down,0,-0.836525,TransSharp
226.8199,17.72912,0,-0.6431669,0.2618906,0,0.2522639,3880.289,1.635382,0.8322234,Straight,Down,-0.01978234,-0.8468475,TransSharp
226.8599,17.73974,0,-0.6202787,0.2618906,0,0.2745086,3880.999,1.63665,0.832745,Straight,Down,-0.01978234,-0.8571625,TransSharp
226.8999,17.74997,0,-0.6010526,0.2618906,0,0.2967111,3881.709,1.638346,0.8332654,Straight,Down,-0.01978234,-0.8675003,TransSharp
226.9399,17.75995,0,-0.5781645,0.2618906,0,0.3176261,3882.419,1.639963,0.8337857,Straight,Down,0,-0.8778381,TransSharp
226.9799,17.7697,0,-0.561685,0.2618906,0,0.3368953,3883.13,1.641046,0.8343052,Straight,Down,0,-0.8881989,TransSharp
227.0199,17.78055,0,-0.5479521,0.2618906,0,0.3546408,3883.841,1.641422,0.8348242,Straight,Down,0,-0.8985748,TransSharp
227.0599,17.79136,0,-0.5369657,0.2618906,0,0.370952,3884.552,1.641518,0.835342,Straight,Down,0,-0.9089584,TransSharp
227.0999,17.80214,0,-0.5296415,0.2618906,0,0.3855422,3885.264,1.641572,0.8358596,Straight,Down,0,-0.9193573,TransSharp
227.1399,17.81284,0,-0.5177379,0.2618906,0,0.3985742,3885.977,1.641516,0.8363767,Straight,Down,0,-0.9297714,TransSharp
227.1799,17.8235,0,-0.5076671,0.2618906,0,0.4098023,3886.689,1.641664,0.8368926,Straight,Down,0,-0.9401932,TransSharp
227.2199,17.83412,0,-0.4985118,0.2618906,0,0.4194548,3887.403,1.641837,0.8374081,Straight,Down,-0.01978234,-0.9506226,TransSharp
227.2599,17.84473,0,-0.4829478,0.2618906,0,0.4273417,3888.116,1.642178,0.8379231,Straight,Down,-0.01978234,-0.9610596,TransSharp
227.2999,17.85527,0,-0.4646373,0.2618906,0,0.4336064,3888.831,1.642514,0.8384375,Straight,Down,-0.01978234,-0.9715195,TransSharp
227.3399,17.86584,0,-0.4234385,0.2618906,0,0.4381715,3889.545,1.642795,0.8389509,Straight,Down,-0.02797646,-0.9773788,TransSharp
227.3799,17.8764,0,-0.382238,0.2618906,0,0.4412121,3890.26,1.643269,0.8394638,Straight,Down,-0.02797646,-0.9788742,TransSharp
227.4199,17.88697,0,-0.3163201,0.2817273,0,0.4426847,3890.975,1.643718,0.8399761,Straight,Down,-0.02797646,-0.9803696,TransSharp
227.4599,17.9006,0,-0.256809,0.2817273,0,0.4424197,3891.691,1.644174,0.8404878,Straight,Down,-0.02797646,-0.9818726,TransSharp
227.4999,17.91504,0,-0.2137792,0.2817273,0,0.4406728,3892.408,1.644991,0.8409984,Straight,Down,-0.03426402,-0.9833755,TransSharp
227.5399,17.92975,0,-0.1652545,0.2817273,0,0.4375594,3893.125,1.645511,0.8415088,Straight,Down,-0.03426402,-0.9848785,TransSharp
227.5799,17.94465,0,-0.1423663,0.2817273,0,0.4331729,3893.842,1.645329,0.8420185,Straight,Down,-0.03426402,-0.9863815,TransSharp
227.6199,17.95947,0,-0.1231402,0.2817273,0,0.4276079,3894.561,1.645605,0.8425272,Straight,Down,-0.02797646,-0.9878845,TransSharp
227.6599,17.97389,0,-0.1057452,0.2856947,0,0.4207201,3895.279,1.646084,0.8430354,Straight,Down,-0.03426402,-0.9893951,TransSharp
227.6999,17.98892,0,-0.1011676,0.2856947,0,0.4126345,3895.999,1.646481,0.8435432,Straight,Down,-0.02797646,-0.9909058,TransSharp
227.7399,18.00434,0,-0.1011676,0.2856947,0,0.4034008,3896.719,1.646913,0.8440502,Straight,Down,-0.02797646,-0.9924164,TransSharp
227.7799,18.01959,0,-0.1011676,0.2856947,0,0.3933924,3897.439,1.647381,0.8445563,Straight,Down,-0.02797646,-0.993927,TransSharp
227.8199,18.03466,0,-0.1011676,0.289662,0,0.3825912,3898.161,1.647645,0.8450618,Straight,Down,-0.02797646,-0.9954453,TransSharp
227.8599,18.05107,0,-0.1011676,0.289662,0,0.3749577,3898.883,1.648423,0.8455668,Straight,Down,-0.02797646,-0.9969559,TransSharp
227.8999,18.06756,0,-0.07187068,0.289662,0,0.3691919,3899.605,1.649559,0.8460709,Straight,Down,-0.02797646,-0.9984741,TransSharp
227.9399,18.08394,0,-0.009613037,0.289662,0,0.3624127,3900.328,1.65054,0.8465745,Straight,Down,-0.02797646,-0.9999924,TransSharp
227.9799,18.10011,0,0.03890991,0.289662,0,0.3552347,3901.052,1.651341,0.8470774,Straight,Down,-0.03426402,-1.001511,TransSharp
228.0199,18.11688,0,0.08651733,0.289662,0,0.3473877,3901.776,1.651832,0.8475797,Straight,Down,-0.02797646,-1.003029,TransSharp
228.0599,18.13357,0,0.1057434,0.289662,0,0.3390576,3902.502,1.65231,0.848081,Straight,Down,-0.02797646,-1.004555,TransSharp
228.0999,18.1502,0,0.1222265,0.289662,0,0.3303346,3903.228,1.652803,0.848582,Straight,Down,-0.03426402,-1.006073,TransSharp
228.1399,18.16675,0,0.1240575,0.289662,0,0.3210781,3903.954,1.653259,0.8490822,Straight,Down,-0.03426402,-1.007599,TransSharp
228.1799,18.18328,0,0.1240575,0.289662,0,0.3112742,3904.681,1.653488,0.8495814,Straight,Down,-0.02797646,-1.009132,TransSharp
228.2199,18.19975,0,0.1240575,0.289662,0,0.3012076,3905.409,1.653802,0.8500804,Straight,Down,-0.02797646,-1.010651,TransSharp
228.2599,18.21614,0,0.1222265,0.289662,0,0.2908001,3906.138,1.654081,0.8505785,Straight,Down,-0.03426402,-1.012184,TransSharp
228.2999,18.23263,0,0.1048279,0.289662,0,0.2799032,3906.867,1.654651,0.851076,Straight,Down,-0.03426402,-1.01371,TransSharp
228.3399,18.24865,0,0.08743286,0.289662,0,0.2684012,3907.597,1.655458,0.8515725,Straight,Down,-0.04423466,-1.014778,TransSharp
228.3799,18.26461,0,0.08743286,0.289662,0,0.2566655,3908.327,1.656007,0.8520688,Straight,Down,-0.03956468,-1.013962,TransSharp
228.4199,18.28065,0,0.08743286,0.289662,0,0.2448811,3909.058,1.655621,0.8525643,Straight,Down,-0.03956468,-1.013138,TransSharp
228.4599,18.29633,0,0.08743286,0.289662,0,0.233231,3909.79,1.655489,0.8530589,Straight,Down,-0.03956468,-1.012321,TransSharp
228.4999,18.31183,0,0.08743286,0.289662,0,0.2210603,3910.522,1.655828,0.8535527,Straight,Down,-0.03956468,-1.011497,TransSharp
228.5399,18.32736,0,0.07095337,0.289662,0,0.2085599,3911.255,1.656264,0.8540462,Straight,Down,-0.03956468,-1.010674,TransSharp
228.5799,18.34282,0,0.0453186,0.289662,0,0.1963481,3911.989,1.656458,0.8545389,Straight,Down,-0.04423466,-1.009857,TransSharp
228.6199,18.35853,0,-0.0004577637,0.289662,0,0.1899756,3912.723,1.657191,0.8550304,Straight,Down,-0.03956468,-1.009026,TransSharp
228.6599,18.37407,0,-0.05264282,0.289662,0,0.1852455,3913.458,1.658128,0.8555219,Straight,Down,-0.03956468,-1.008209,TransSharp
228.6999,18.38952,0,-0.0993365,0.2936446,0,0.1806107,3914.193,1.659202,0.8560125,Straight,Down,-0.03956468,-1.007378,TransSharp
228.7399,18.40542,0,-0.1707476,0.2936446,0,0.1758941,3914.929,1.659927,0.8565024,Straight,Down,-0.03956468,-1.006554,TransSharp
228.7799,18.42192,0,-0.2192724,0.2936446,0,0.1708451,3915.666,1.660519,0.8569913,Straight,Down,-0.03956468,-1.00573,TransSharp
228.8199,18.43846,0,-0.2604711,0.2936446,0,0.1655284,3916.403,1.660949,0.8574799,Straight,Down,-0.03956468,-1.004898,TransSharp
228.8599,18.45494,0,-0.2732885,0.2936446,0,0.159997,3917.141,1.661314,0.8579679,Straight,Down,-0.03956468,-1.004066,TransSharp
228.8999,18.47136,0,-0.274204,0.2936446,0,0.154284,3917.88,1.661597,0.8584545,Straight,Down,-0.03956468,-1.003235,TransSharp
228.9399,18.4877,0,-0.274204,0.2936446,0,0.1484028,3918.619,1.662,0.858941,Straight,Down,-0.03956468,-1.002403,TransSharp
228.9799,18.50409,0,-0.274204,0.2936446,0,0.1419773,3919.359,1.662686,0.8594268,Straight,Down,-0.04423466,-1.001572,TransSharp
229.0199,18.51985,0,-0.274204,0.2936446,0,0.1350926,3920.1,1.663544,0.8599119,Straight,Down,-0.03956468,-1.000732,TransSharp
229.0599,18.53578,0,-0.2787817,0.2936446,0,0.1282777,3920.841,1.662953,0.8603958,Straight,Down,-0.04845664,-0.9999008,TransSharp
229.0999,18.55124,0,-0.2815282,0.2936446,0,0.1212606,3921.583,1.662576,0.8608795,Left,Down,-0.05233916,-0.9984894,TransSharp
229.1399,18.56684,0,-0.3025872,0.2936446,0,0.1133148,3922.325,1.662646,0.8613625,Straight,Down,-0.04845664,-0.9960327,TransSharp
229.1799,18.58201,0,-0.3163201,0.2936446,0,0.1048297,3923.069,1.662683,0.8618443,Left,Down,-0.05233916,-0.9935608,TransSharp
229.2199,18.59789,0,-0.3401238,0.2936446,0,0.1018992,3923.813,1.663459,0.8623258,Left,Down,-0.05233916,-0.9910965,TransSharp
229.2599,18.61333,0,-0.3694206,0.2936446,0,0.100258,3924.557,1.664353,0.8628067,Straight,Down,-0.04845664,-0.9886322,TransSharp
229.2999,18.62872,0,-0.3923088,0.2936446,0,0.09805161,3925.302,1.665365,0.8632869,Left,Down,-0.05233916,-0.9861603,TransSharp
229.3399,18.64387,0,-0.4234385,0.2936446,0,0.09523964,3926.047,1.666251,0.8637659,Left,Down,-0.05233916,-0.9836884,TransSharp
229.3799,18.65937,0,-0.4463267,0.2936446,0,0.09177098,3926.794,1.66699,0.8642446,Left,Down,-0.05233916,-0.9812164,TransSharp
229.4199,18.67486,0,-0.4692149,0.2936446,0,0.08738604,3927.541,1.667235,0.8647227,Left,Down,-0.05233916,-0.9787369,TransSharp
229.4599,18.69028,0,-0.4783702,0.2936446,0,0.08215109,3928.288,1.66749,0.8652,Left,Down,-0.05233916,-0.9762573,TransSharp
229.4999,18.70601,0,-0.4820323,0.2936446,0,0.07574067,3929.036,1.667931,0.8656761,Straight,Down,-0.04845664,-0.9737701,TransSharp
229.5399,18.72064,0,-0.4875255,0.2936446,0,0.06790373,3929.785,1.668804,0.866152,Left,Down,-0.05233916,-0.9712753,TransSharp
229.5799,18.73554,0,-0.488441,0.2936446,0,0.05940235,3930.534,1.668341,0.8666272,Left,Down,-0.05233916,-0.9687881,TransSharp
229.6199,18.74977,0,-0.4930186,0.2936446,0,0.05022335,3931.284,1.66786,0.8671013,Left,Down,-0.05233916,-0.9662933,TransSharp
229.6599,18.76386,0,-0.4985118,0.2936446,0,0.03962985,3932.034,1.667439,0.867575,Left,Down,-0.05595291,-0.9637985,TransSharp
229.6999,18.77865,0,-0.4994273,0.2936446,0,0.02904952,3932.785,1.667404,0.868048,Left,Down,-0.05934703,-0.9608307,TransSharp
229.7399,18.79338,0,-0.4994273,0.2936446,0,0.02364022,3933.537,1.668442,0.8685204,Left,Down,-0.06255726,-0.9569321,TransSharp
229.7799,18.80762,0,-0.4994273,0.2936446,0,0.01733711,3934.289,1.669418,0.8689914,Left,Down,-0.05934703,-0.9530258,TransSharp
229.8199,18.82124,0,-0.4994273,0.2936446,0,0.009870559,3935.042,1.670334,0.8694623,Left,Down,-0.06255726,-0.9491119,TransSharp
229.8599,18.83596,0,-0.4994273,0.2936446,0,0.0008674562,3935.795,1.671091,0.8699325,Left,Down,-0.05934703,-0.9451981,TransSharp
229.8999,18.85048,0,-0.4939342,0.2936446,0,-0.00935179,3936.549,1.671669,0.8704016,Left,Down,-0.05934703,-0.9412766,TransSharp
229.9399,18.86493,0,-0.4820323,0.2936446,0,-0.02094603,3937.303,1.672092,0.8708702,Left,Down,-0.06255726,-0.937355,TransSharp
229.9799,18.87911,0,-0.439918,0.2936446,0,-0.03454638,3938.058,1.673138,0.8713382,Left,Down,-0.06255726,-0.9334259,TransSharp
230.0199,18.89316,0,-0.3520256,0.2936446,0,-0.04938611,3938.814,1.673333,0.8718054,Left,Down,-0.05934703,-0.9294891,TransSharp
230.0599,18.90638,0,-0.256809,0.2936446,0,-0.06541023,3939.57,1.672533,0.8722717,Left,Down,-0.05934703,-0.9255524,TransSharp
230.0999,18.91969,0,-0.2092016,0.2936446,0,-0.08271983,3940.327,1.671618,0.8727373,Left,Down,-0.06255726,-0.9216003,TransSharp
230.1399,18.93404,0,-0.1606768,0.2936446,0,-0.09738174,3941.084,1.671813,0.8732024,Left,Down,-0.06255726,-0.9176559,TransSharp
230.1799,18.94816,0,-0.1469439,0.2936446,0,-0.1098992,3941.842,1.672815,0.8736665,Left,Down,-0.07132626,-0.9137039,TransSharp
230.2199,18.96166,0,-0.1414508,0.2936446,0,-0.1232462,3942.6,1.674124,0.8741301,Left,Down,-0.07132626,-0.9086609,TransSharp
230.2599,18.97492,0,-0.1414508,0.2936446,0,-0.1377969,3943.359,1.675069,0.8745929,Left,Down,-0.07401875,-0.9033585,TransSharp
230.2999,18.98893,0,-0.1414508,0.2936446,0,-0.1534708,3944.118,1.675754,0.8750551,Left,Down,-0.07132626,-0.8980484,TransSharp
230.3399,19.00341,0,-0.1304644,0.2936446,0,-0.170286,3944.878,1.676494,0.8755162,Left,Down,-0.07132626,-0.8927383,TransSharp
230.3799,19.01672,0,-0.1048297,0.2936446,0,-0.1887796,3945.639,1.677815,0.8759769,Left,Down,-0.07132626,-0.8874054,TransSharp
230.4199,19.0298,0,-0.04623413,0.297612,0,-0.2078757,3946.4,1.677084,0.8764367,Left,Down,-0.07132626,-0.8820801,TransSharp
230.4599,19.04264,0,0.01602173,0.297612,0,-0.2278062,3947.161,1.676022,0.8768957,Left,Down,-0.07132626,-0.8767471,TransSharp
230.4999,19.05818,0,0.05630493,0.297612,0,-0.2456249,3947.924,1.675615,0.8773541,Left,Down,-0.07132626,-0.8714066,TransSharp
230.5399,19.07276,0,0.09292603,0.297612,0,-0.2607467,3948.686,1.676661,0.8778119,Left,Down,-0.07132626,-0.866066,TransSharp
230.5799,19.08657,0,0.1002502,0.297612,0,-0.2759472,3949.45,1.67794,0.8782688,Left,Down,-0.07661668,-0.8607254,TransSharp
230.6199,19.09996,0,0.1002502,0.297612,0,-0.2916315,3950.214,1.679155,0.8787248,Left,Down,-0.08156469,-0.8551102,TransSharp
230.6599,19.11432,0,0.1002502,0.297612,0,-0.3080949,3950.978,1.679871,0.8791804,Left,Down,-0.08392937,-0.8483963,TransSharp
230.6999,19.12864,0,0.1002502,0.297612,0,-0.3258966,3951.743,1.681112,0.8796352,Left,Down,-0.08392937,-0.8416672,TransSharp
230.7399,19.14234,0,0.1002502,0.297612,0,-0.3436936,3952.509,1.681094,0.8800892,Left,Down,-0.08156469,-0.8349304,TransSharp
230.7799,19.15478,0,0.09841919,0.3015793,0,-0.3617194,3953.275,1.679585,0.8805422,Left,Down,-0.08392937,-0.8282013,TransSharp
230.8199,19.17003,0,0.09841919,0.3015793,0,-0.376223,3954.041,1.679272,0.8809948,Left,Down,-0.08392937,-0.8214493,TransSharp
230.8599,19.18487,0,0.09841919,0.3015793,0,-0.3885481,3954.809,1.680356,0.8814465,Left,Down,-0.08156469,-0.8147049,TransSharp
230.8999,19.19915,0,0.08926392,0.3015793,0,-0.4005187,3955.576,1.681589,0.8818973,Left,Down,-0.08392937,-0.8079605,TransSharp
230.9399,19.21275,0,0.06271362,0.3015793,0,-0.4124648,3956.345,1.682739,0.8823476,Left,Down,-0.08622923,-0.8012009,TransSharp
230.9799,19.22768,0,0.02883911,0.3015793,0,-0.4252984,3957.114,1.684095,0.8827972,Left,Down,-0.09487279,-0.7943649,TransSharp
231.0199,19.24141,0,-0.02792358,0.3015793,0,-0.4383571,3957.883,1.684984,0.883246,Left,Down,-0.09487279,-0.7861862,TransSharp
231.0599,19.25357,0,-0.1011676,0.3015793,0,-0.4512522,3958.653,1.683391,0.8836939,Left,Down,-0.09487279,-0.7779999,TransSharp
231.0999,19.26838,0,-0.1707476,0.3015793,0,-0.4599552,3959.424,1.683269,0.8841412,Left,Down,-0.09487279,-0.7698059,TransSharp
231.1399,19.28296,0,-0.2604711,0.3015793,0,-0.4667108,3960.195,1.684711,0.8845879,Left,Down,-0.09487279,-0.7616119,TransSharp
231.1799,19.29668,0,-0.3208977,0.3015793,0,-0.4733694,3960.967,1.686384,0.8850333,Left,Down,-0.09487279,-0.7534103,TransSharp
231.2199,19.30989,0,-0.4161143,0.3015793,0,-0.4805502,3961.739,1.687948,0.8854784,Left,Down,-0.09487279,-0.7452011,TransSharp
231.2599,19.32381,0,-0.5314726,0.3015793,0,-0.4889022,3962.512,1.689633,0.8859228,Left,Down,-0.09891172,-0.7369843,TransSharp
231.2999,19.33447,0,-0.6303495,0.3015793,0,-0.4969604,3963.285,1.687423,0.8863664,Left,Down,-0.1083524,-0.7285309,TransSharp
231.3399,19.34872,0,-0.7859927,0.3015793,0,-0.5028201,3964.059,1.685334,0.8868089,Left,Down,-0.1083524,-0.7188187,TransSharp
231.3799,19.36335,0,-0.8931112,0.3015793,0,-0.5049994,3964.833,1.685874,0.887251,Left,Down,-0.1065312,-0.7091064,TransSharp
231.4199,19.37644,0,-1.028611,0.3015793,0,-0.508568,3965.608,1.687001,0.8876923,Left,Down,-0.1065312,-0.6993866,TransSharp
231.4599,19.38816,0,-1.133898,0.3015793,0,-0.5132203,3966.383,1.688971,0.8881325,Left,Down,-0.1083524,-0.6896515,TransSharp
231.4999,19.39989,0,-1.197985,0.3015793,0,-0.5188942,3967.159,1.690387,0.8885723,Left,Down,-0.1083524,-0.6799088,TransSharp
231.5399,19.41099,0,-1.263905,0.3015793,0,-0.5255053,3967.936,1.687738,0.8890114,Left,Down,-0.1119058,-0.6701508,TransSharp
231.5799,19.42397,0,-1.309682,0.3015793,0,-0.5262989,3968.712,1.688084,0.8894497,Left,Down,-0.1203313,-0.6601334,TransSharp
231.6199,19.43662,0,-1.349967,0.3015793,0,-0.5298445,3969.49,1.688932,0.8898869,Left,Down,-0.1219466,-0.6488037,TransSharp
231.6599,19.44783,0,-1.367362,0.3015793,0,-0.5356968,3970.268,1.690801,0.8903238,Left,Down,-0.1219466,-0.6374588,TransSharp
231.6999,19.45691,0,-1.367362,0.2817273,0,-0.5431275,3971.046,1.692099,0.8907598,Left,Down,-0.1203313,-0.626091,TransSharp
231.7399,19.4647,0,-1.367362,0.27776,0,-0.551582,3971.824,1.689077,0.8911951,Left,Down,-0.1219466,-0.6147156,TransSharp
231.7799,19.47095,0,-1.361868,0.2737926,0,-0.5556239,3972.603,1.689641,0.8916292,Left,Down,-0.1251145,-0.6033325,TransSharp
231.8199,19.47629,0,-1.344472,0.2698253,0,-0.5635355,3973.382,1.690764,0.892063,Left,Down,-0.1356209,-0.5919571,TransSharp
231.8599,19.47837,0,-1.311513,0.2618906,0,-0.5745954,3974.161,1.693273,0.8924959,Left,Down,-0.1356209,-0.5789642,TransSharp
231.8999,19.47767,0,-1.267567,0.2579232,0,-0.5874854,3974.941,1.69131,0.8929276,Left,Down,-0.1370561,-0.5659027,TransSharp
231.9399,19.47899,0,-1.151294,0.2539559,0,-0.5976448,3975.72,1.690734,0.8933592,Left,Down,-0.1356209,-0.5528488,TransSharp
231.9799,19.47925,0,-1.039597,0.2499886,0,-0.6091951,3976.499,1.691418,0.8937899,Left,Down,-0.1370561,-0.5397873,TransSharp
232.0199,19.47844,0,-0.9040976,0.2460212,0,-0.6254572,3977.279,1.694422,0.8942198,Left,Down,-0.1467098,-0.5267181,TransSharp
232.0599,19.47186,0,-0.7722598,0.2460212,0,-0.6432815,3978.057,1.69268,0.8946486,Left,Down,-0.1519511,-0.5127335,TransSharp
232.0999,19.46991,0,-0.6660569,0.2460212,0,-0.6583744,3978.836,1.692195,0.8950769,Left,Down,-0.1519511,-0.4979172,TransSharp
232.1399,19.46879,0,-0.5589384,0.2460212,0,-0.675113,3979.615,1.693338,0.8955046,Left,Down,-0.1519511,-0.4831009,TransSharp
232.1799,19.46524,0,-0.4756236,0.2460212,0,-0.6965288,3980.394,1.696764,0.8959311,Left,Down,-0.1519511,-0.4682846,TransSharp
232.2199,19.4607,0,-0.4362559,0.2460212,0,-0.7180079,3981.172,1.69318,0.8963571,Left,Down,-0.1643245,-0.4534683,TransSharp
232.2599,19.4591,0,-0.399633,0.2460212,0,-0.7358806,3981.95,1.693696,0.8967824,Left,Down,-0.1690205,-0.4374619,TransSharp
232.2999,19.45893,0,-0.363012,0.2460212,0,-0.7589511,3982.729,1.696388,0.8972069,Left,Down,-0.1690205,-0.4207687,TransSharp
232.3399,19.45173,0,-0.3044182,0.2460212,0,-0.7837773,3983.507,1.695896,0.8976304,Left,Down,-0.1690205,-0.4040756,TransSharp
232.3799,19.44889,0,-0.2256811,0.2460212,0,-0.803789,3984.285,1.694776,0.8980532,Left,Down,-0.174713,-0.3873672,TransSharp
232.4199,19.44615,0,-0.1652545,0.2698253,0,-0.8264266,3985.063,1.694046,0.8984754,Left,Down,-0.1876719,-0.3703079,TransSharp
232.4599,19.44806,0,-0.09384334,0.2737926,0,-0.8523379,3985.84,1.695649,0.8988966,Left,Down,-0.1866263,-0.3516159,TransSharp
232.4999,19.44864,0,-0.05722046,0.27776,0,-0.8724808,3986.618,1.694122,0.8993172,Left,Down,-0.1866263,-0.3329239,TransSharp
232.5399,19.45298,0,-0.0453186,0.2817273,0,-0.8937701,3987.396,1.692382,0.899737,Left,Down,-0.1938267,-0.3142471,TransSharp
232.5799,19.45642,0,-0.04074097,0.2856947,0,-0.9157854,3988.175,1.695523,0.9001561,Left,Down,-0.2065338,-0.2952347,TransSharp
232.6199,19.45761,0,-0.04074097,0.2856947,0,-0.9334177,3988.953,1.694772,0.9005741,Left,Down,-0.2065338,-0.2744675,TransSharp
232.6599,19.46301,0,-0.04074097,0.2856947,0,-0.9528229,3989.731,1.696787,0.9009916,Left,Down,-0.2055842,-0.2537003,TransSharp
232.6999,19.46817,0,-0.04074097,0.2856947,0,-0.9673886,3990.51,1.69764,0.9014082,Left,Down,-0.2193969,-0.2329102,TransSharp
232.7399,19.47249,0,-0.04074097,0.289662,0,-0.9820302,3991.289,1.697285,0.9018242,Left,Down,-0.2264194,-0.2109985,TransSharp
232.7799,19.4743,0,-0.04074097,0.289662,0,-0.9952995,3992.067,1.700409,0.9022391,Left,Down,-0.2264194,-0.1880035,TransSharp
232.8199,19.47866,0,-0.04074097,0.2936446,0,-1.004635,3992.847,1.70027,0.9026535,Left,Down,-0.2349025,-0.1650238,TransSharp
232.8599,19.48587,0,-0.04074097,0.2936446,0,-1.015153,3993.626,1.700658,0.903067,Left,Flat,-0.2478722,-0.1415329,TransSharp
232.8999,19.49258,0,-0.04074097,0.2936446,0,-1.022209,3994.406,1.702811,0.9034796,Left,Flat,-0.2470816,-0.1161957,TransSharp
232.9399,19.49616,0,-0.05264282,0.297612,0,-1.027006,3995.185,1.702529,0.9038916,Left,Flat,-0.2564087,-0.09086609,TransSharp
232.9799,19.50416,0,-0.0892657,0.297612,0,-1.032124,3995.966,1.702833,0.9043027,Left,Flat,-0.2719625,-0.06552887,TransSharp
233.0199,19.51232,0,-0.1432818,0.297612,0,-1.033173,3996.746,1.704162,0.9047132,Left,Flat,-0.2719625,-0.04019928,TransSharp
233.0599,19.51823,0,-0.2604711,0.297612,0,-1.032012,3997.527,1.703972,0.9051226,Left,Flat,-0.2947506,-0.01486969,TransSharp
233.0999,19.52575,0,-0.3465325,0.3015793,0,-1.031233,3998.308,1.703486,0.9055315,Left,Flat,-0.3109043,-0.00919342,TransSharp
233.1399,19.53445,0,-0.4783702,0.3015793,0,-1.027957,3999.089,1.705615,0.9059393,Left,Flat,-0.3064671,-0.02314758,TransSharp
233.1799,19.54213,0,-0.5827421,0.3015793,0,-1.021763,3999.871,1.705642,0.9063464,Left,Flat,-0.2920831,-0.03709412,TransSharp
233.2199,19.54902,0,-0.6495774,0.3015793,0,-1.015752,4000.652,1.704197,0.9067529,Left,Flat,-0.2920831,-0.05018616,TransSharp
233.2599,19.55953,0,-0.7310593,0.3015793,0,-1.010603,4001.435,1.70648,0.9071587,Left,Flat,-0.2818553,-0.06329346,TransSharp
233.2999,19.56711,0,-0.7786685,0.3015793,0,-0.9996224,4002.217,1.706531,0.9075634,Left,Flat,-0.2741124,-0.07601166,TransSharp
233.3399,19.57329,0,-0.8400089,0.3015793,0,-0.9894426,4003,1.706198,0.9079673,Left,Flat,-0.2741124,-0.08827972,TransSharp
233.3799,19.58514,0,-0.8848715,0.3015793,0,-0.9806616,4003.783,1.705571,0.9083706,Left,Flat,-0.2601963,-0.1005402,TransSharp
233.4199,19.59148,0,-0.9105062,0.3055466,0,-0.9704272,4004.567,1.707757,0.9087732,Left,Flat,-0.2564087,-0.112236,TransSharp
233.4599,19.59976,0,-0.93431,0.3055466,0,-0.9566676,4005.351,1.707881,0.9091745,Left,Flat,-0.2564087,-0.1236877,TransSharp
233.4999,19.60646,0,-0.9452963,0.3055466,0,-0.9433245,4006.135,1.707263,0.9095755,Left,Flat,-0.2422834,-0.1351318,TransSharp
233.5399,19.6194,0,-0.9507895,0.3055466,0,-0.9320095,4006.92,1.706474,0.9099756,Left,Flat,-0.2390311,-0.1459732,TransSharp
233.5799,19.62705,0,-0.9507895,0.3055466,0,-0.9198265,4007.705,1.708663,0.9103749,Left,Down,-0.2390311,-0.156601,TransSharp
233.6199,19.63518,0,-0.9507895,0.27776,0,-0.9042009,4008.49,1.708907,0.9107731,Left,Down,-0.2281412,-0.1672363,TransSharp
233.6599,19.63887,0,-0.9489584,0.2539559,0,-0.88979,4009.276,1.708746,0.9111708,Left,Down,-0.2211734,-0.1774445,TransSharp
233.6999,19.63807,0,-0.9398031,0.2460212,0,-0.877406,4010.062,1.70738,0.9115677,Left,Down,-0.2211734,-0.1872635,TransSharp
233.7399,19.63465,0,-0.9224081,0.2420539,0,-0.8677299,4010.847,1.709788,0.9119635,Left,Down,-0.2167048,-0.1970749,TransSharp
233.7799,19.62873,0,-0.8976889,0.2420539,0,-0.8526855,4011.632,1.710145,0.9123589,Left,Down,-0.2046302,-0.20681,TransSharp
233.8199,19.62242,0,-0.8638126,0.2261845,0,-0.8391457,4012.417,1.710223,0.9127533,Left,Down,-0.2046302,-0.2158203,TransSharp
233.8599,19.61518,0,-0.8088809,0.166659,0,-0.8274143,4013.202,1.70971,0.9131471,Left,Down,-0.2046302,-0.224823,TransSharp
233.8999,19.59648,0,-0.7612717,0.1309529,0,-0.8183764,4013.986,1.708952,0.9135396,Left,Down,-0.1968319,-0.2338028,TransSharp
233.9399,19.56814,0,-0.6779587,0.08729687,0,-0.81208,4014.769,1.711442,0.9139317,Left,Down,-0.1876719,-0.2425537,TransSharp
233.9799,19.53032,0,-0.6184477,0.07539482,0,-0.8002272,4015.55,1.711623,0.914323,Left,Down,-0.1876719,-0.2507095,TransSharp
234.0199,19.48941,0,-0.5909818,0.07539482,0,-0.7901518,4016.33,1.711588,0.9147136,Left,Down,-0.1876719,-0.2588577,TransSharp
234.0599,19.44853,0,-0.5598539,0.0991989,0,-0.7828585,4017.109,1.711208,0.9151028,Left,Down,-0.1813082,-0.2669907,TransSharp
234.0999,19.41086,0,-0.5351347,0.1031662,0,-0.7774831,4017.885,1.710467,0.9154918,Left,Down,-0.1713202,-0.2749863,TransSharp
234.1399,19.37689,0,-0.471046,0.1071336,0,-0.7750076,4018.661,1.711619,0.9158798,Left,Down,-0.1713202,-0.2823105,TransSharp
234.1799,19.34304,0,-0.4115367,0.1150683,0,-0.771795,4019.435,1.713184,0.9162667,Left,Down,-0.1713202,-0.2896194,TransSharp
234.2199,19.31103,0,-0.3675896,0.123003,0,-0.7658548,4020.208,1.713435,0.9166531,Left,Down,-0.1713202,-0.2969131,TransSharp
234.2599,19.2806,0,-0.297094,0.1309529,0,-0.7617186,4020.979,1.713149,0.9170387,Left,Down,-0.1607126,-0.3041916,TransSharp
234.2999,19.25307,0,-0.2320898,0.1349203,0,-0.7601719,4021.75,1.713125,0.9174236,Left,Down,-0.1545051,-0.3110352,TransSharp
234.3399,19.22682,0,-0.1359576,0.142855,0,-0.7601752,4022.519,1.712694,0.9178072,Left,Down,-0.1545051,-0.3175354,TransSharp
234.3799,19.20262,0,-0.05722046,0.1468223,0,-0.7625486,4023.287,1.713129,0.9181904,Left,Down,-0.1545051,-0.324028,TransSharp
234.4199,19.17904,0,-0.01144409,0.1468223,0,-0.7667323,4024.054,1.715307,0.9185728,Left,Down,-0.1545051,-0.330513,TransSharp
234.4599,19.15581,0,0.02883911,0.1468223,0,-0.7646598,4024.821,1.715646,0.9189541,Left,Down,-0.14537,-0.3369751,TransSharp
234.4999,19.13281,0,0.03982544,0.1468223,0,-0.7633686,4025.586,1.715575,0.9193347,Left,Down,-0.1384764,-0.3431015,TransSharp
234.5399,19.11045,0,0.06271362,0.1507896,0,-0.7641751,4026.351,1.715329,0.9197146,Left,Down,-0.1384764,-0.3488083,TransSharp
234.5799,19.0884,0,0.08743286,0.154757,0,-0.7664243,4027.115,1.715473,0.9200938,Left,Down,-0.1384764,-0.3545074,TransSharp
234.6199,19.0677,0,0.1185644,0.1626917,0,-0.769879,4027.878,1.715419,0.9204718,Left,Down,-0.1370561,-0.360199,TransSharp
234.6599,19.04896,0,0.1780736,0.1745937,0,-0.774657,4028.64,1.715391,0.9208491,Left,Down,-0.1384764,-0.3658752,TransSharp
234.6999,19.03337,0,0.2256811,0.1864958,0,-0.7807685,4029.401,1.717179,0.9212258,Left,Down,-0.1266688,-0.3715439,TransSharp
234.7399,19.01993,0,0.2778661,0.1944305,0,-0.7828368,4030.162,1.718124,0.9216014,Left,Down,-0.1235407,-0.3767624,TransSharp
234.7799,19.00797,0,0.3099096,0.1983978,0,-0.7816854,4030.923,1.718249,0.9219763,Left,Down,-0.1219466,-0.3816833,TransSharp
234.8199,18.99717,0,0.3254735,0.1983978,0,-0.7812787,4031.683,1.718246,0.9223504,Left,Down,-0.1235407,-0.3865967,TransSharp
234.8599,18.9871,0,0.3282201,0.2063325,0,-0.7816032,4032.442,1.718267,0.9227238,Left,Down,-0.1219466,-0.39151,TransSharp
234.8999,18.97817,0,0.3282201,0.2103151,0,-0.7826078,4033.201,1.718418,0.9230961,Left,Down,-0.1219466,-0.3964233,TransSharp
234.9399,18.97044,0,0.3282201,0.2182498,0,-0.783612,4033.96,1.718721,0.9234678,Left,Down,-0.1170339,-0.4013214,TransSharp
234.9799,18.96411,0,0.3035009,0.2341192,0,-0.7844408,4034.719,1.718646,0.9238385,Left,Down,-0.1065312,-0.4062195,TransSharp
235.0199,18.96127,0,0.2806127,0.2380865,0,-0.7854066,4035.477,1.719145,0.9242086,Left,Down,-0.1046783,-0.4103699,TransSharp
235.0599,18.95999,0,0.2384984,0.2380865,0,-0.7866625,4036.236,1.720579,0.9245775,Left,Down,-0.1046783,-0.4145126,TransSharp
235.0999,18.95804,0,0.2073705,0.2420539,0,-0.783587,4036.994,1.72151,0.924946,Left,Down,-0.1065312,-0.418663,TransSharp
235.1399,18.95742,0,0.1771581,0.2460212,0,-0.7760279,4037.752,1.721685,0.9253134,Left,Down,-0.1046783,-0.4228134,TransSharp
235.1799,18.95732,0,0.1350439,0.2539559,0,-0.7688506,4038.51,1.721778,0.9256799,Left,Down,-0.1065312,-0.4269562,TransSharp
235.2199,18.95938,0,0.1039124,0.2539559,0,-0.7616585,4039.269,1.721876,0.9260458,Left,Down,-0.1065312,-0.4311066,TransSharp
235.2599,18.96125,0,0.07461548,0.2539559,0,-0.7543409,4040.027,1.722032,0.9264108,Left,Down,-0.09691329,-0.4352493,TransSharp
235.2999,18.96312,0,0.03982544,0.2539559,0,-0.7469009,4040.785,1.722249,0.926775,Left,Down,-0.08622923,-0.4390945,TransSharp
235.3399,18.96498,0,-0.04714966,0.2579232,0,-0.7394686,4041.544,1.722478,0.9271382,Left,Down,-0.08846933,-0.4424591,TransSharp
235.3799,18.96776,0,-0.1716632,0.2579232,0,-0.7315395,4042.303,1.722848,0.9275007,Left,Down,-0.08846933,-0.445816,TransSharp
235.4199,18.9705,0,-0.2796972,0.2579232,0,-0.7232091,4043.062,1.722779,0.9278624,Left,Down,-0.08622923,-0.4491806,TransSharp
235.4599,18.97338,0,-0.399633,0.2579232,0,-0.7147917,4043.821,1.723062,0.9282231,Left,Down,-0.08846933,-0.4525375,TransSharp
235.4999,18.97681,0,-0.4655528,0.2579232,0,-0.7068554,4044.58,1.72401,0.9285831,Left,Down,-0.08846933,-0.4558945,TransSharp
235.5399,18.98012,0,-0.5314726,0.2579232,0,-0.6991372,4045.339,1.725244,0.9289424,Left,Down,-0.08846933,-0.459259,TransSharp
235.5799,18.98297,0,-0.5534452,0.2579232,0,-0.6845264,4046.098,1.725592,0.9293007,Left,Down,-0.08846933,-0.462616,TransSharp
235.6199,18.9859,0,-0.5534452,0.2579232,0,-0.6681807,4046.857,1.725446,0.9296581,Left,Down,-0.08156469,-0.4659729,TransSharp
235.6599,18.98918,0,-0.5534452,0.2579232,0,-0.6522869,4047.617,1.725266,0.9300148,Left,Down,-0.06852804,-0.4691772,TransSharp
235.6999,18.99246,0,-0.5534452,0.2579232,0,-0.6366342,4048.377,1.725331,0.9303707,Left,Down,-0.06852804,-0.4716644,TransSharp
235.7399,18.99552,0,-0.5534452,0.2579232,0,-0.6214764,4049.136,1.725595,0.9307253,Left,Down,-0.07132626,-0.474144,TransSharp
235.7799,18.9985,0,-0.5534452,0.2579232,0,-0.606737,4049.896,1.725839,0.9310796,Left,Down,-0.06852804,-0.4766235,TransSharp
235.8199,19.00145,0,-0.5534452,0.2579232,0,-0.5925103,4050.656,1.72617,0.931433,Left,Down,-0.06852804,-0.4791107,TransSharp
235.8599,19.00436,0,-0.5534452,0.2579232,0,-0.5788695,4051.417,1.726467,0.9317855,Left,Down,-0.06852804,-0.4815903,TransSharp
235.8999,19.00723,0,-0.5433744,0.2579232,0,-0.5659196,4052.177,1.726672,0.9321368,Left,Down,-0.06852804,-0.4840622,TransSharp
235.9399,19.01006,0,-0.5250621,0.2618906,0,-0.5538836,4052.937,1.7268,0.9324877,Left,Down,-0.07132626,-0.4865494,TransSharp
235.9799,19.01339,0,-0.4701304,0.2618906,0,-0.5427401,4053.698,1.727032,0.9328377,Left,Down,-0.06852804,-0.4890289,TransSharp
236.0199,19.01701,0,-0.422523,0.2618906,0,-0.5327961,4054.458,1.727441,0.9331868,Left,Down,-0.06852804,-0.4915085,TransSharp
236.0599,19.02062,0,-0.3447014,0.2618906,0,-0.5238391,4055.219,1.727826,0.9335349,Left,Down,-0.06852804,-0.493988,TransSharp
236.0999,19.02421,0,-0.2925146,0.2658579,0,-0.5157328,4055.98,1.727941,0.9338823,Left,Down,-0.05595291,-0.4964676,TransSharp
236.1399,19.02899,0,-0.2449071,0.2658579,0,-0.5087371,4056.741,1.728006,0.9342289,Straight,Down,-0.04423466,-0.4986725,TransSharp
236.1799,19.03352,0,-0.208286,0.2658579,0,-0.5025859,4057.502,1.728821,0.9345744,Straight,Down,-0.04423466,-0.4999771,TransSharp
236.2199,19.03842,0,-0.1780736,0.2658579,0,-0.4976897,4058.264,1.729354,0.9349193,Straight,Down,-0.04423466,-0.5012894,TransSharp
236.2599,19.04321,0,-0.1423663,0.2658579,0,-0.4934989,4059.025,1.729761,0.9352634,Straight,Down,-0.04423466,-0.5026016,TransSharp
236.2999,19.04822,0,-0.1194781,0.2658579,0,-0.4901075,4059.787,1.730181,0.9356067,Straight,Down,-0.04423466,-0.5039139,TransSharp
236.3399,19.0526,0,-0.08285701,0.2658579,0,-0.4850281,4060.549,1.730439,0.9359487,Straight,Down,-0.04423466,-0.5052338,TransSharp
236.3799,19.05737,0,-0.0590533,0.2658579,0,-0.4780133,4061.312,1.730485,0.9362902,Straight,Down,-0.04423466,-0.506546,TransSharp
236.4199,19.06219,0,-0.04714966,0.2658579,0,-0.4719171,4062.074,1.730376,0.9366308,Straight,Down,-0.04423466,-0.5078583,TransSharp
236.4599,19.06709,0,-0.03433228,0.2658579,0,-0.4666114,4062.837,1.730496,0.9369704,Straight,Down,-0.04423466,-0.5091705,TransSharp
236.4999,19.07171,0,-0.01052856,0.2658579,0,-0.4620349,4063.599,1.730781,0.9373094,Straight,Down,-0.04423466,-0.5104752,TransSharp
236.5399,19.07634,0,0.0453186,0.2658579,0,-0.4582604,4064.363,1.7312,0.9376475,Straight,Down,-0.04423466,-0.511795,TransSharp
236.5799,19.08099,0,0.1167297,0.2658579,0,-0.4553541,4065.126,1.731672,0.9379848,Straight,Down,-0.04423466,-0.5131073,TransSharp
236.6199,19.08568,0,0.1835668,0.2658579,0,-0.453211,4065.889,1.73207,0.9383209,Straight,Down,-0.04423466,-0.5144196,TransSharp
236.6599,19.09036,0,0.2595556,0.2658579,0,-0.4515968,4066.653,1.732409,0.9386564,Straight,Down,-0.04423466,-0.5157318,TransSharp
236.6999,19.09507,0,0.3080785,0.2658579,0,-0.4503777,4067.416,1.732803,0.9389911,Straight,Down,-0.04845664,-0.5170441,TransSharp
236.7399,19.09975,0,0.3556895,0.2658579,0,-0.4493603,4068.18,1.733202,0.9393248,Straight,Down,-0.04845664,-0.5183563,TransSharp
236.7799,19.10442,0,0.3694224,0.2658579,0,-0.4487373,4068.944,1.733498,0.9396576,Straight,Down,-0.04423466,-0.5196686,TransSharp
236.8199,19.1091,0,0.3694224,0.2658579,0,-0.4482767,4069.708,1.733828,0.9399898,Straight,Down,-0.04423466,-0.5209732,TransSharp
236.8599,19.11377,0,0.3694224,0.2658579,0,-0.4478772,4070.473,1.734346,0.940321,Straight,Down,-0.04423466,-0.5222931,TransSharp
236.8999,19.1184,0,0.3694224,0.2658579,0,-0.4477188,4071.238,1.734688,0.9406512,Straight,Down,0,-0.5236053,TransSharp
236.9399,19.123,0,0.3694224,0.2658579,0,-0.4474517,4072.003,1.735112,0.9409807,Straight,Down,0,-0.5232391,TransSharp
236.9799,19.12754,0,0.3694224,0.2658579,0,-0.4471175,4072.768,1.735256,0.9413095,Straight,Down,0,-0.5220795,TransSharp
237.0199,19.1321,0,0.3694224,0.2658579,0,-0.4468482,4073.533,1.735607,0.941637,Straight,Down,0,-0.5209198,TransSharp
237.0599,19.13655,0,0.3694224,0.2658579,0,-0.4464877,4074.298,1.735967,0.941964,Straight,Down,0,-0.5197601,TransSharp
237.0999,19.141,0,0.3694224,0.2658579,0,-0.4458306,4075.064,1.736361,0.9422901,Straight,Down,0,-0.5186081,TransSharp
237.1399,19.14539,0,0.3694224,0.2658579,0,-0.4446476,4075.83,1.73672,0.9426153,Straight,Down,0,-0.5174484,TransSharp
237.1799,19.14971,0,0.3694224,0.2658579,0,-0.4429625,4076.596,1.736956,0.9429395,Straight,Down,0,-0.5162811,TransSharp
237.2199,19.15404,0,0.3556895,0.2658579,0,-0.4405825,4077.362,1.737182,0.943263,Straight,Down,0,-0.5151215,TransSharp
237.2599,19.1583,0,0.3282201,0.2658579,0,-0.4375371,4078.128,1.737574,0.9435856,Straight,Down,0,-0.5139694,TransSharp
237.2999,19.16252,0,0.3016698,0.2658579,0,-0.4338602,4078.895,1.738029,0.9439074,Straight,Down,0,-0.5128098,TransSharp
237.3399,19.16673,0,0.2623022,0.2698253,0,-0.4296101,4079.661,1.738367,0.9442281,Straight,Down,0,-0.5116425,TransSharp
237.3799,19.17185,0,0.2421606,0.2698253,0,-0.4247389,4080.428,1.738652,0.9445481,Straight,Down,0,-0.5104828,TransSharp
237.4199,19.17691,0,0.2366674,0.2698253,0,-0.4192475,4081.195,1.738879,0.9448673,Straight,Down,0,-0.5093231,TransSharp
237.4599,19.18191,0,0.2366674,0.2698253,0,-0.4131497,4081.962,1.73902,0.9451854,Straight,Down,0,-0.5081558,TransSharp
237.4999,19.18689,0,0.2366674,0.2698253,0,-0.4061285,4082.73,1.739501,0.9455029,Straight,Down,0,-0.5069962,TransSharp
237.5399,19.19187,0,0.2366674,0.2698253,0,-0.3983735,4083.497,1.739838,0.9458194,Straight,Down,0,-0.5058365,TransSharp
237.5799,19.19682,0,0.2366674,0.2698253,0,-0.3898125,4084.265,1.740021,0.9461351,Straight,Down,0,-0.5046692,TransSharp
237.6199,19.20174,0,0.2366674,0.2698253,0,-0.3805053,4085.033,1.740328,0.9464498,Straight,Down,0,-0.5035019,TransSharp
237.6599,19.20662,0,0.2357519,0.2698253,0,-0.3700195,4085.801,1.740628,0.9467637,Straight,Down,0,-0.5023346,TransSharp
237.6999,19.21159,0,0.2247655,0.2698253,0,-0.3588378,4086.57,1.740791,0.9470767,Straight,Down,0,-0.5011749,TransSharp
237.7399,19.21654,0,0.2137792,0.2737926,0,-0.3466226,4087.338,1.740961,0.9473888,Straight,Down,0,-0.5000076,TransSharp
237.7799,19.22198,0,0.1945531,0.2737926,0,-0.3336775,4088.107,1.741423,0.9477001,Straight,Down,0,-0.4988403,TransSharp
237.8199,19.22773,0,0.1661718,0.2737926,0,-0.319738,4088.876,1.741866,0.9480106,Straight,Down,0,-0.497673,TransSharp
237.8599,19.23352,0,0.1277196,0.2737926,0,-0.3048328,4089.646,1.742256,0.9483202,Straight,Down,0,-0.4965134,TransSharp
237.8999,19.23938,0,0.09292603,0.2737926,0,-0.2891895,4090.415,1.742771,0.9486287,Straight,Down,0,-0.4953461,TransSharp
237.9399,19.24529,0,0.07003784,0.2737926,0,-0.2730852,4091.185,1.743104,0.9489366,Straight,Down,0,-0.4941711,TransSharp
237.9799,19.25114,0,0.04714966,0.2737926,0,-0.2562897,4091.955,1.743268,0.9492436,Straight,Down,0,-0.4929962,TransSharp
238.0199,19.25696,0,0.03982544,0.2737926,0,-0.2387221,4092.725,1.74366,0.9495494,Straight,Down,0,-0.4918289,TransSharp
238.0599,19.26286,0,0.03890991,0.2737926,0,-0.2208031,4093.496,1.743962,0.9498547,Straight,Down,0,-0.4906616,TransSharp
238.0999,19.26875,0,0.03890991,0.2737926,0,-0.2022653,4094.266,1.74426,0.9501591,Straight,Down,0,-0.4894867,TransSharp
238.1399,19.27465,0,0.03890991,0.2737926,0,-0.1832824,4095.037,1.744476,0.9504625,Straight,Down,0,-0.4883194,TransSharp
238.1799,19.28094,0,0.03890991,0.2737926,0,-0.163692,4095.808,1.744867,0.9507648,Straight,Down,0,-0.4871445,TransSharp
238.2199,19.28578,0,0.05172729,0.2737926,0,-0.1462266,4096.58,1.745184,0.9510666,Straight,Down,0,-0.4859772,TransSharp
238.2599,19.29099,0,0.07553101,0.2737926,0,-0.1329688,4097.351,1.7447,0.9513674,Straight,Down,0,-0.4848022,TransSharp
238.2999,19.29632,0,0.1048279,0.2737926,0,-0.119179,4098.123,1.744315,0.9516674,Straight,Down,0,-0.4836273,TransSharp
238.3399,19.30187,0,0.1240575,0.2737926,0,-0.1048541,4098.895,1.744171,0.9519662,Straight,Down,0,-0.4824524,TransSharp
238.3799,19.30669,0,0.1414526,0.2737926,0,-0.09001437,4099.667,1.744401,0.9522644,Straight,Down,0,-0.4812775,TransSharp
238.4199,19.31154,0,0.1478612,0.2737926,0,-0.07445168,4100.439,1.744807,0.9525618,Straight,Down,0,-0.4801025,TransSharp
238.4599,19.3164,0,0.1478612,0.2737926,0,-0.05842176,4101.212,1.745264,0.9528579,Straight,Down,0,-0.4789276,TransSharp
238.4999,19.32127,0,0.1478612,0.2737926,0,-0.04196605,4101.984,1.745782,0.9531535,Straight,Down,0,-0.4777527,TransSharp
238.5399,19.32605,0,0.1478612,0.2737926,0,-0.02476531,4102.757,1.74589,0.9534482,Straight,Down,0,-0.4765778,TransSharp
238.5799,19.33097,0,0.1515234,0.2499886,0,-0.00707835,4103.531,1.746284,0.953742,Straight,Down,0,-0.4754028,TransSharp
238.6199,19.33331,0,0.1533544,0.2499886,0,0.01073995,4104.304,1.747343,0.9540346,Straight,Down,0,-0.4742279,TransSharp
238.6599,19.33368,0,0.1661718,0.2499886,0,0.0289174,4105.078,1.748254,0.9543266,Straight,Down,0,-0.473053,TransSharp
238.6999,19.33316,0,0.1881444,0.2499886,0,0.04787552,4105.851,1.749463,0.9546177,Straight,Down,0,-0.4718781,TransSharp
238.7399,19.33232,0,0.2201879,0.2460212,0,0.05978203,4106.625,1.748727,0.9549077,Straight,Down,0,-0.4707031,TransSharp
238.7799,19.33144,0,0.2677953,0.2460212,0,0.07183653,4107.398,1.748145,0.9551971,Straight,Down,0.01978234,-0.4695282,TransSharp
238.8199,19.33076,0,0.3144872,0.2460212,0,0.08438385,4108.171,1.747635,0.9554856,Right,Down,0.05595291,-0.4677277,TransSharp
238.8599,19.32895,0,0.3868175,0.2460212,0,0.09743056,4108.945,1.74753,0.9557732,Right,Down,0.05595291,-0.4637222,TransSharp
238.8999,19.32701,0,0.4646373,0.2460212,0,0.1111533,4109.718,1.747738,0.9560596,Right,Down,0.05595291,-0.4597015,TransSharp
238.9399,19.3253,0,0.5177379,0.2420539,0,0.1262379,4110.492,1.747619,0.9563454,Right,Down,0.05595291,-0.4556961,TransSharp
238.9799,19.32351,0,0.5607677,0.2380865,0,0.1417743,4111.265,1.748529,0.9566303,Right,Down,0.05595291,-0.451683,TransSharp
239.0199,19.32168,0,0.588237,0.2341192,0,0.1580366,4112.037,1.750064,0.9569142,Right,Down,0.05595291,-0.44767,TransSharp
239.0599,19.31578,0,0.6010544,0.2301518,0,0.17316,4112.81,1.751507,0.9571972,Right,Down,0.05595291,-0.4436569,TransSharp
239.0999,19.30984,0,0.6047165,0.2301518,0,0.1844361,4113.582,1.751122,0.9574795,Right,Down,0.05595291,-0.4396439,TransSharp
239.1399,19.30457,0,0.6047165,0.2261845,0,0.1962601,4114.354,1.750409,0.9577608,Right,Down,0.05595291,-0.4356232,TransSharp
239.1799,19.29906,0,0.6047165,0.2261845,0,0.2090523,4115.126,1.749872,0.9580411,Right,Down,0.05595291,-0.4316101,TransSharp
239.2199,19.29214,0,0.6047165,0.2261845,0,0.2235081,4115.898,1.749421,0.9583206,Right,Down,0.05595291,-0.427597,TransSharp
239.2599,19.28592,0,0.6047165,0.2261845,0,0.2388468,4116.669,1.749768,0.9585993,Right,Down,0.05934703,-0.423584,TransSharp
239.2999,19.28028,0,0.6047165,0.2261845,0,0.2551844,4117.441,1.751853,0.958877,Right,Down,0.07912937,-0.4195786,TransSharp
239.3399,19.27253,0,0.6047165,0.2261845,0,0.2690261,4118.212,1.753215,0.9591538,Right,Down,0.08392937,-0.4143829,TransSharp
239.3799,19.26496,0,0.6047165,0.2261845,0,0.2809772,4118.982,1.752727,0.9594297,Right,Down,0.08622923,-0.4088898,TransSharp
239.4199,19.25814,0,0.6047165,0.2499886,0,0.2938054,4119.753,1.751993,0.9597048,Right,Down,0.08392937,-0.4034042,TransSharp
239.4599,19.25705,0,0.6047165,0.2539559,0,0.3085684,4120.523,1.750909,0.9599788,Right,Down,0.08392937,-0.3979111,TransSharp
239.4999,19.2567,0,0.6047165,0.2579232,0,0.3245053,4121.294,1.751078,0.960252,Right,Down,0.08392937,-0.3924179,TransSharp
239.5399,19.2573,0,0.6047165,0.2618906,0,0.3419912,4122.064,1.753764,0.9605244,Right,Down,0.08392937,-0.3869247,TransSharp
239.5799,19.25657,0,0.6047165,0.2658579,0,0.3548283,4122.835,1.754282,0.9607959,Right,Down,0.08392937,-0.3814316,TransSharp
239.6199,19.2564,0,0.6047165,0.2658579,0,0.3684062,4123.605,1.753807,0.9610664,Right,Down,0.09065409,-0.3759308,TransSharp
239.6599,19.25747,0,0.6047165,0.2658579,0,0.3839821,4124.376,1.752543,0.961336,Right,Down,0.1101434,-0.3703384,TransSharp
239.6999,19.26054,0,0.5955613,0.2698253,0,0.4009662,4125.146,1.752507,0.9616048,Right,Down,0.1083524,-0.3634644,TransSharp
239.7399,19.26253,0,0.5818248,0.2698253,0,0.4197918,4125.917,1.755755,0.9618725,Right,Down,0.1101434,-0.3565826,TransSharp
239.7799,19.26336,0,0.5342174,0.2698253,0,0.4329447,4126.688,1.755459,0.9621395,Right,Down,0.1083524,-0.3496933,TransSharp
239.8199,19.26303,0,0.4765391,0.2737926,0,0.4486709,4127.458,1.754552,0.9624056,Right,Down,0.1083524,-0.342804,TransSharp
239.8599,19.26783,0,0.3987193,0.27776,0,0.4656136,4128.229,1.752708,0.9626708,Right,Down,0.1083524,-0.3359146,TransSharp
239.8999,19.27189,0,0.3208959,0.27776,0,0.4839251,4128.999,1.756029,0.9629349,Right,Down,0.1186941,-0.32901,TransSharp
239.9399,19.27408,0,0.2851903,0.27776,0,0.4970764,4129.77,1.756268,0.9631983,Right,Down,0.132704,-0.3217926,TransSharp
239.9799,19.27519,0,0.2421606,0.27776,0,0.5116035,4130.541,1.755299,0.9634607,Right,Down,0.132704,-0.3135223,TransSharp
240.0199,19.28282,0,0.208286,0.27776,0,0.5273021,4131.313,1.754305,0.9637222,Right,Down,0.132704,-0.3052521,TransSharp
240.0599,19.28516,0,0.1606786,0.2817273,0,0.5426351,4132.084,1.757227,0.9639828,Right,Down,0.1341704,-0.2969666,TransSharp
240.0999,19.28809,0,0.1057434,0.2817273,0,0.5531554,4132.855,1.756635,0.9642426,Right,Down,0.1341704,-0.2886887,TransSharp
240.1399,19.28988,0,0.07461548,0.2856947,0,0.5657717,4133.627,1.754529,0.9645014,Right,Down,0.1493534,-0.2804031,TransSharp
240.1799,19.29902,0,0.05081177,0.289662,0,0.5791264,4134.398,1.757541,0.9647592,Right,Down,0.1582588,-0.2713318,TransSharp
240.2199,19.30267,0,0.03982544,0.297612,0,0.5866387,4135.171,1.757177,0.9650163,Right,Down,0.1582588,-0.2616577,TransSharp
240.2599,19.30745,0,0.02334595,0.309514,0,0.5952629,4135.943,1.755151,0.9652725,Right,Down,0.1582588,-0.251976,TransSharp
240.2999,19.31997,0,0.003204346,0.3293507,0,0.6046914,4136.716,1.757232,0.9655277,Right,Down,0.1594904,-0.2422867,TransSharp
240.3399,19.33337,0,-0.02151489,0.3372854,0,0.6076622,4137.489,1.757881,0.9657818,Right,Down,0.1791368,-0.2325821,TransSharp
240.3799,19.34815,0,-0.04623413,0.3372854,0,0.6114427,4138.263,1.758649,0.9660353,Right,Down,0.183454,-0.2217484,TransSharp
240.4199,19.36402,0,-0.06363094,0.3372854,0,0.6133194,4139.037,1.758683,0.9662878,Right,Down,0.183454,-0.2106171,TransSharp
240.4599,19.38003,0,-0.07553279,0.3372854,0,0.6100298,4139.812,1.758184,0.9665391,Right,Down,0.183454,-0.1994781,TransSharp
240.4999,19.39602,0,-0.07644832,0.3372854,0,0.6075394,4140.587,1.757957,0.9667899,Right,Down,0.2027088,-0.188324,TransSharp
240.5399,19.41225,0,-0.07644832,0.3372854,0,0.6059005,4141.364,1.757924,0.9670397,Right,Down,0.20842,-0.1761169,TransSharp
240.5799,19.42831,0,-0.07644832,0.3372854,0,0.604851,4142.141,1.75837,0.9672886,Right,Down,0.2093567,-0.1634979,TransSharp
240.6199,19.44284,0,-0.07644832,0.3372854,0,0.6004401,4142.918,1.758663,0.9675363,Right,Down,0.2167048,-0.1508636,TransSharp
240.6599,19.45776,0,-0.07644832,0.3372854,0,0.5921561,4143.696,1.758386,0.9677833,Right,Flat,0.235734,-0.1380463,TransSharp
240.6999,19.47276,0,-0.07644832,0.3372854,0,0.5842296,4144.475,1.758183,0.9680295,Right,Flat,0.235734,-0.1238785,TransSharp
240.7399,19.48805,0,-0.07644832,0.3372854,0,0.5764961,4145.254,1.758172,0.9682745,Right,Flat,0.2382111,-0.1096878,TransSharp
240.7799,19.50263,0,-0.06454647,0.3372854,0,0.5692717,4146.035,1.758475,0.9685189,Right,Flat,0.2601963,-0.09549713,TransSharp
240.8199,19.5176,0,-0.04623413,0.3134814,0,0.5622182,4146.815,1.759257,0.9687623,Right,Flat,0.2631872,-0.07993317,TransSharp
240.8599,19.52591,0,-0.0151062,0.3134814,0,0.5507348,4147.596,1.759526,0.9690048,Right,Flat,0.268341,-0.06414032,TransSharp
240.8999,19.53456,0,0.02243042,0.309514,0,0.5359918,4148.377,1.759243,0.9692461,Right,Flat,0.2907402,-0.04833984,TransSharp
240.9399,19.54284,0,0.05172729,0.3055466,0,0.5213264,4149.159,1.759047,0.9694868,Right,Flat,0.2907402,-0.03095245,TransSharp
240.9799,19.55041,0,0.09292603,0.3055466,0,0.5069171,4149.941,1.75927,0.9697266,Right,Flat,0.2220564,-0.01353455,TransSharp
241.0199,19.55712,0,0.1277196,0.3015793,0,0.4925567,4150.723,1.759709,0.9699652,Right,Flat,0.1690205,0.007133484,TransSharp
241.0599,19.56281,0,0.1780736,0.2936446,0,0.4785255,4151.505,1.760195,0.970203,Right,Flat,0.1690205,0.03194427,TransSharp
241.0999,19.56763,0,0.2311742,0.2856947,0,0.4648283,4152.288,1.76048,0.9704401,Right,Flat,0.1690205,0.05675507,TransSharp
241.1399,19.56935,0,0.2623022,0.2817273,0,0.4492815,4153.071,1.761127,0.9706762,Right,Flat,0.1678588,0.08158875,TransSharp
241.1799,19.57046,0,0.3016698,0.2737926,0,0.4277508,4153.854,1.760774,0.9709111,Right,Flat,0.1440177,0.1064148,TransSharp
241.2199,19.56993,0,0.3318822,0.2737926,0,0.4063403,4154.637,1.760479,0.9711454,Right,Flat,0.1341704,0.1284409,TransSharp
241.2599,19.56946,0,0.3913951,0.2698253,0,0.3852555,4155.42,1.760588,0.9713787,Right,Flat,0.1341704,0.1489334,TransSharp
241.2999,19.5672,0,0.4994273,0.2499886,0,0.3646609,4156.203,1.760845,0.971611,Right,Up,0.1341704,0.1694336,TransSharp
241.3399,19.56159,0,0.5937302,0.2341192,0,0.3447059,4156.985,1.761244,0.9718424,Right,Up,0.1356209,0.1899185,TransSharp
241.3799,19.55226,0,0.6953537,0.2142824,0,0.3253619,4157.768,1.761856,0.972073,Right,Up,0.1341704,0.2103958,TransSharp
241.4199,19.5385,0,0.7475388,0.2063325,0,0.306775,4158.549,1.762287,0.9723027,Right,Up,0.1119058,0.2308578,TransSharp
241.4599,19.52267,0,0.7731736,0.2023651,0,0.2892271,4159.331,1.76278,0.9725312,Right,Up,0.1083524,0.2479782,TransSharp
241.4999,19.50547,0,0.7768357,0.2023651,0,0.2725591,4160.111,1.763564,0.9727589,Right,Up,0.1083524,0.2641678,TransSharp
241.5399,19.48796,0,0.7768357,0.1983978,0,0.2492524,4160.891,1.763327,0.9729859,Right,Up,0.1083524,0.2803497,TransSharp
241.5799,19.46961,0,0.7621872,0.1983978,0,0.226155,4161.669,1.763067,0.9732118,Right,Up,0.1101434,0.2965164,TransSharp
241.6199,19.45151,0,0.7493699,0.1983978,0,0.2040885,4162.448,1.762893,0.9734366,Right,Up,0.1083524,0.3126602,TransSharp
241.6599,19.43297,0,0.7127488,0.1983978,0,0.1833986,4163.225,1.763021,0.9736608,Right,Up,0.1083524,0.3287964,TransSharp
241.6999,19.41438,0,0.6495774,0.1983978,0,0.1642809,4164.002,1.763452,0.973884,Right,Up,0.09487279,0.3449097,TransSharp
241.7399,19.39579,0,0.5955613,0.1983978,0,0.146413,4164.778,1.763931,0.9741061,Right,Up,0.08622923,0.3592224,TransSharp
241.7799,19.37723,0,0.5305552,0.1983978,0,0.1297694,4165.553,1.764331,0.9743273,Right,Up,0.08622923,0.371521,TransSharp
241.8199,19.35871,0,0.4820323,0.1944305,0,0.1147154,4166.328,1.76472,0.9745478,Right,Up,0.08392937,0.383812,TransSharp
241.8599,19.33933,0,0.4289317,0.1825284,0,0.1009209,4167.102,1.765183,0.9747673,Right,Up,0.08622923,0.3960876,TransSharp
241.8999,19.31809,0,0.3740001,0.1745937,0,0.08863977,4167.875,1.765485,0.9749857,Right,Up,0.08392937,0.4083557,TransSharp
241.9399,19.2953,0,0.3318822,0.1706264,0,0.07799318,4168.646,1.765704,0.9752033,Right,Up,0.08622923,0.4206009,TransSharp
241.9799,19.27143,0,0.2806127,0.1587244,0,0.06884828,4169.417,1.766114,0.9754201,Right,Up,0.08392937,0.4328384,TransSharp
242.0199,19.24419,0,0.2421606,0.1507896,0,0.05730712,4170.188,1.76634,0.9756356,Right,Up,0.08622923,0.4450607,TransSharp
242.0599,19.21562,0,0.1963842,0.1468223,0,0.04272231,4170.957,1.765999,0.9758505,Right,Up,0.07912937,0.4572678,TransSharp
242.0999,19.18646,0,0.1597631,0.1468223,0,0.02956441,4171.724,1.765763,0.9760644,Right,Up,0.0656106,0.4692993,TransSharp
242.1399,19.15707,0,0.1304662,0.142855,0,0.01800892,4172.491,1.765704,0.9762774,Right,Up,0.0656106,0.4781036,TransSharp
242.1799,19.12702,0,0.110321,0.1388876,0,0.008002758,4173.256,1.765742,0.9764894,Right,Up,0.0656106,0.4868851,TransSharp
242.2199,19.09622,0,0.09475708,0.1349203,0,-0.000721395,4174.02,1.76601,0.9767005,Right,Up,0.0656106,0.4956589,TransSharp
242.2599,19.06428,0,0.0819397,0.1349203,0,-0.00818795,4174.783,1.766396,0.9769106,Right,Up,0.06255726,0.5044098,TransSharp
242.2999,19.03252,0,0.07553101,0.1309529,0,-0.01439109,4175.545,1.766723,0.9771198,Right,Up,0.0656106,0.5131531,TransSharp
242.3399,18.99997,0,0.07553101,0.1309529,0,-0.01935175,4176.305,1.767023,0.9773282,Right,Up,0.06255726,0.5218811,TransSharp
242.3799,18.96761,0,0.07553101,0.1309529,0,-0.02320048,4177.064,1.767548,0.9775356,Right,Up,0.0656106,0.5305939,TransSharp
242.4199,18.93537,0,0.07553101,0.1309529,0,-0.02609614,4177.822,1.767938,0.977742,Right,Up,0.0656106,0.5392914,TransSharp
242.4599,18.90326,0,0.07553101,0.1309529,0,-0.02802631,4178.579,1.767972,0.9779475,Right,Up,0.06255726,0.547966,TransSharp
242.4999,18.87126,0,0.07553101,0.1309529,0,-0.02894491,4179.334,1.76795,0.9781521,Right,Up,0.0656106,0.556633,TransSharp
242.5399,18.83937,0,0.06912231,0.1309529,0,-0.02904177,4180.088,1.768301,0.9783558,Right,Up,0.06255726,0.5652847,TransSharp
242.5799,18.80757,0,0.03890991,0.1309529,0,-0.02849549,4180.84,1.768351,0.9785585,Right,Up,0.05595291,0.5739212,TransSharp
242.6199,18.7759,0,0.00869751,0.1309529,0,-0.02692756,4181.592,1.768415,0.9787602,Straight,Up,0.04423466,0.5813217,TransSharp
242.6599,18.74435,0,-0.02151489,0.154757,0,-0.02495593,4182.342,1.768738,0.9789612,Straight,Up,0.04423466,0.5868835,TransSharp
242.6999,18.71612,0,-0.02151489,0.1587244,0,-0.02241671,4183.091,1.768439,0.9791611,Straight,Up,0.04423466,0.592453,TransSharp
242.7399,18.69022,0,-0.02883911,0.1587244,0,-0.02266854,4183.839,1.768431,0.97936,Straight,Up,0.04423466,0.5980148,TransSharp
242.7799,18.66467,0,-0.1551837,0.1626917,0,-0.02772993,4184.586,1.768067,0.9795581,Straight,Up,0.04845664,0.603569,TransSharp
242.8199,18.63979,0,-0.2513158,0.1626917,0,-0.0326038,4185.332,1.767793,0.9797552,Straight,Up,0.04423466,0.609108,TransSharp
242.8599,18.61531,0,-0.2668798,0.1626917,0,-0.03713208,4186.076,1.767559,0.9799514,Straight,Up,0.04423466,0.6146393,TransSharp
242.8999,18.59063,0,-0.1304644,0.1626917,0,-0.04128456,4186.82,1.767618,0.9801465,Straight,Up,0.04845664,0.620163,TransSharp
242.9399,18.56603,0,-0.09475887,0.1626917,0,-0.04501241,4187.563,1.767494,0.9803408,Straight,Up,0.04423466,0.625679,TransSharp
242.9799,18.54152,0,-0.07095516,0.166659,0,-0.04854694,4188.304,1.768423,0.9805343,Straight,Up,0.04423466,0.6311951,TransSharp
243.0199,18.5176,0,-0.07095516,0.166659,0,-0.05188039,4189.045,1.768691,0.9807266,Straight,Up,0.04423466,0.6366959,TransSharp
243.0599,18.49406,0,-0.07553279,0.166659,0,-0.05503368,4189.785,1.768811,0.9809182,Straight,Up,0.04423466,0.642189,TransSharp
243.0999,18.47064,0,-0.08102596,0.166659,0,-0.05803937,4190.524,1.768791,0.9811088,Straight,Up,0.04423466,0.6476746,TransSharp
243.1399,18.44727,0,-0.08102596,0.166659,0,-0.06081182,4191.263,1.769036,0.9812984,Straight,Up,0.04423466,0.6531601,TransSharp
243.1799,18.42398,0,-0.08102596,0.1706264,0,-0.06356567,4192,1.769406,0.981487,Straight,Up,0.04423466,0.6586304,TransSharp
243.2199,18.4013,0,-0.08102596,0.1706264,0,-0.06604213,4192.736,1.769756,0.9816748,Straight,Up,0.04423466,0.664093,TransSharp
243.2599,18.37897,0,-0.08102596,0.1706264,0,-0.06862164,4193.472,1.769936,0.9818617,Straight,Up,0.04423466,0.6695633,TransSharp
243.2999,18.35674,0,-0.08102596,0.1706264,0,-0.07115155,4194.206,1.770139,0.9820473,Straight,Up,0.03956468,0.6750107,TransSharp
243.3399,18.33459,0,-0.08102596,0.1706264,0,-0.07421187,4194.939,1.770198,0.9822323,Straight,Up,0.02797646,0.6804504,TransSharp
243.3799,18.31249,0,-0.07003963,0.1785611,0,-0.07729116,4195.672,1.770464,0.9824164,Straight,Up,0.01978234,0.6828918,TransSharp
243.4199,18.29235,0,0.004119873,0.1825284,0,-0.08077958,4196.404,1.770841,0.9825995,Straight,Up,0.02797646,0.6853027,TransSharp
243.4599,18.27307,0,0.07095337,0.1864958,0,-0.08427265,4197.135,1.77125,0.9827814,Straight,Up,0.02797646,0.6877136,TransSharp
243.4999,18.25434,0,0.1643407,0.1904631,0,-0.08766538,4197.866,1.771312,0.9829627,Straight,Up,0.02797646,0.6901245,TransSharp
243.5399,18.23689,0,0.208286,0.1944305,0,-0.09114566,4198.595,1.771312,0.9831429,Straight,Up,0.02797646,0.6925278,TransSharp
243.5799,18.22041,0,0.2320898,0.1944305,0,-0.09443262,4199.324,1.771451,0.9833223,Straight,Up,0.02797646,0.694931,TransSharp
243.6199,18.20388,0,0.2320898,0.1944305,0,-0.09767193,4200.053,1.771602,0.9835004,Straight,Up,0.02797646,0.6973419,TransSharp
243.6599,18.18741,0,0.2320898,0.1944305,0,-0.1007334,4200.78,1.771733,0.9836779,Straight,Up,0.02797646,0.6997375,TransSharp
243.6999,18.17098,0,0.2119482,0.1983978,0,-0.1039076,4201.507,1.772041,0.9838544,Straight,Up,0.02797646,0.7021332,TransSharp
243.7399,18.15556,0,0.1835668,0.2023651,0,-0.1068354,4202.234,1.772015,0.9840298,Straight,Up,0.02797646,0.7045288,TransSharp
243.7799,18.14068,0,0.1304662,0.2023651,0,-0.109616,4202.959,1.772314,0.9842044,Straight,Up,0.01978234,0.7069244,TransSharp
243.8199,18.12611,0,0.08102417,0.2063325,0,-0.1122575,4203.685,1.772774,0.9843781,Straight,Up,0.01978234,0.7093124,TransSharp
243.8599,18.11256,0,0.05722046,0.2063325,0,-0.1150641,4204.409,1.773124,0.9845507,Straight,Up,0.02797646,0.7117004,TransSharp
243.8999,18.09896,0,0.04623413,0.2103151,0,-0.1178071,4205.133,1.773123,0.9847224,Straight,Up,0.02797646,0.7140884,TransSharp
243.9399,18.08581,0,0.0453186,0.2103151,0,-0.120337,4205.857,1.773153,0.9848932,Straight,Up,0.02797646,0.7164764,TransSharp
243.9799,18.07352,0,0.04440308,0.2142824,0,-0.123808,4206.58,1.773214,0.9850631,Straight,Up,0.02797646,0.7188568,TransSharp
244.0199,18.06176,0,0.04440308,0.2142824,0,-0.1338168,4207.303,1.77383,0.9852319,Straight,Up,0.02797646,0.7212372,TransSharp
244.0599,18.05027,0,0.03982544,0.2142824,0,-0.1435859,4208.025,1.774163,0.9853998,Straight,Up,0.02797646,0.7236176,TransSharp
244.0999,18.0387,0,0.03982544,0.2182498,0,-0.1533712,4208.747,1.774074,0.9855669,Straight,Up,0.02797646,0.7259979,TransSharp
244.1399,18.02839,0,0.03982544,0.2182498,0,-0.1626905,4209.468,1.77379,0.985733,Straight,Up,0.02797646,0.7283783,TransSharp
244.1799,18.01808,0,0.03982544,0.2182498,0,-0.1715859,4210.188,1.773861,0.9858981,Straight,Up,0.02797646,0.730751,TransSharp
244.2199,18.00781,0,0.03799438,0.2182498,0,-0.1804375,4210.909,1.774108,0.9860622,Straight,Up,0.02797646,0.7331238,TransSharp
244.2599,17.99755,0,0.02334595,0.2222171,0,-0.1889873,4211.629,1.774232,0.9862255,Straight,Up,0.02797646,0.7354965,TransSharp
244.2999,17.98788,0,0.00869751,0.2222171,0,-0.1974089,4212.349,1.774187,0.9863877,Straight,Up,0.02797646,0.7378693,TransSharp
244.3399,17.97852,0,0.003204346,0.2222171,0,-0.2056518,4213.068,1.774319,0.986549,Straight,Up,0.02797646,0.740242,TransSharp
244.3799,17.9692,0,-0.01144409,0.2222171,0,-0.2137755,4213.787,1.774315,0.9867094,Straight,Up,0.02797646,0.7426071,TransSharp
244.4199,17.95991,0,-0.02243042,0.2222171,0,-0.2219173,4214.505,1.77446,0.9868689,Straight,Up,0.02797646,0.7449722,TransSharp
244.4599,17.95065,0,-0.02883911,0.2222171,0,-0.2300444,4215.223,1.774446,0.9870273,Straight,Up,0.02797646,0.747345,TransSharp
244.4999,17.94142,0,-0.0453186,0.2222171,0,-0.2381499,4215.941,1.774475,0.9871849,Straight,Up,0.02797646,0.7497025,TransSharp
244.5399,17.93225,0,-0.05722046,0.2222171,0,-0.2460995,4216.659,1.774546,0.9873414,Straight,Up,0.01978234,0.7520676,TransSharp
244.5799,17.92306,0,-0.07187068,0.2222171,0,-0.2539012,4217.375,1.774788,0.987497,Straight,Up,0,0.7544327,TransSharp
244.6199,17.91392,0,-0.07736385,0.2222171,0,-0.2617044,4218.092,1.774877,0.9876517,Straight,Up,0,0.7550201,TransSharp
244.6599,17.90481,0,-0.07736385,0.2222171,0,-0.2695402,4218.809,1.774911,0.9878054,Straight,Up,0,0.751358,TransSharp
244.6999,17.89571,0,-0.07736385,0.2261845,0,-0.2773183,4219.524,1.774986,0.9879582,Straight,Up,0,0.7477036,TransSharp
244.7399,17.88723,0,-0.05355835,0.2261845,0,-0.2850599,4220.24,1.775024,0.9881099,Straight,Up,0,0.7440491,TransSharp
244.7799,17.87903,0,0.02151489,0.2261845,0,-0.2924997,4220.955,1.775039,0.9882609,Straight,Up,0,0.7404022,TransSharp
244.8199,17.87087,0,0.09475708,0.2261845,0,-0.300146,4221.67,1.775194,0.9884108,Straight,Up,0,0.7367477,TransSharp
244.8599,17.86274,0,0.123142,0.2261845,0,-0.3075998,4222.385,1.775331,0.9885597,Straight,Up,0,0.7331009,TransSharp
244.8999,17.85464,0,0.1304662,0.2261845,0,-0.314873,4223.099,1.775431,0.9887077,Straight,Up,0,0.729454,TransSharp
244.9399,17.84658,0,0.1304662,0.2261845,0,-0.3221397,4223.813,1.775559,0.9888548,Straight,Up,0,0.7258072,TransSharp
244.9799,17.83854,0,0.1304662,0.2261845,0,-0.3290524,4224.526,1.775781,0.9890009,Straight,Up,0,0.722168,TransSharp
245.0199,17.83053,0,0.1304662,0.2261845,0,-0.3360903,4225.24,1.775839,0.989146,Straight,Up,0,0.7185287,TransSharp
245.0599,17.82252,0,0.1304662,0.2261845,0,-0.3432374,4225.953,1.775921,0.9892902,Straight,Up,0,0.7148819,TransSharp
245.0999,17.81453,0,0.1304662,0.2261845,0,-0.3502859,4226.666,1.77605,0.9894335,Straight,Up,0,0.7112427,TransSharp
245.1399,17.80657,0,0.1304662,0.2261845,0,-0.357187,4227.378,1.7762,0.9895758,Straight,Up,0,0.7076035,TransSharp
245.1799,17.79867,0,0.1240575,0.2261845,0,-0.3640124,4228.09,1.776364,0.9897171,Straight,Up,0,0.7039719,TransSharp
245.2199,17.79075,0,0.1002502,0.2261845,0,-0.3706531,4228.802,1.776572,0.9898576,Straight,Up,0,0.7003403,TransSharp
245.2599,17.78289,0,0.08743286,0.2261845,0,-0.3771137,4229.513,1.776757,0.989997,Straight,Up,0,0.696701,TransSharp
245.2999,17.77503,0,0.07095337,0.2261845,0,-0.3835286,4230.224,1.776781,0.9901354,Straight,Up,0,0.6930771,TransSharp
245.3399,17.7672,0,0.06546021,0.2261845,0,-0.3897796,4230.935,1.776914,0.9902729,Straight,Up,0,0.6894455,TransSharp
245.3799,17.75938,0,0.05722046,0.2261845,0,-0.3958892,4231.646,1.777139,0.9904095,Straight,Up,0,0.6858139,TransSharp
245.4199,17.75159,0,0.04440308,0.2261845,0,-0.4017595,4232.355,1.777309,0.9905451,Straight,Up,0,0.6821899,TransSharp
245.4599,17.74385,0,0.02792358,0.2261845,0,-0.4074646,4233.065,1.777404,0.9906797,Straight,Up,0,0.678566,TransSharp
245.4999,17.73608,0,-0.0050354,0.2261845,0,-0.4130891,4233.775,1.777537,0.9908134,Straight,Up,0,0.674942,TransSharp
245.5399,17.72836,0,-0.02883911,0.2261845,0,-0.4186239,4234.484,1.77759,0.9909462,Straight,Up,0,0.6713257,TransSharp
245.5799,17.72068,0,-0.05172729,0.2261845,0,-0.4238591,4235.193,1.77784,0.9910778,Straight,Up,0,0.6677017,TransSharp
245.6199,17.71301,0,-0.06454647,0.2261845,0,-0.4290584,4235.902,1.777916,0.9912087,Straight,Up,0,0.6640854,TransSharp
245.6599,17.70536,0,-0.07187068,0.2261845,0,-0.434269,4236.61,1.777888,0.9913386,Straight,Up,0,0.6604691,TransSharp
245.6999,17.69775,0,-0.08835018,0.2261845,0,-0.4394146,4237.318,1.777886,0.9914675,Straight,Up,0,0.6568527,TransSharp
245.7399,17.69014,0,-0.0993365,0.2261845,0,-0.44445,4238.026,1.778028,0.9915954,Straight,Up,0,0.653244,TransSharp
245.7799,17.68258,0,-0.1048297,0.2261845,0,-0.4494438,4238.733,1.778181,0.9917223,Straight,Up,0,0.6496277,TransSharp
245.8199,17.67502,0,-0.1057452,0.2261845,0,-0.454357,4239.44,1.778357,0.9918485,Straight,Up,0,0.646019,TransSharp
245.8599,17.66749,0,-0.1057452,0.2261845,0,-0.459387,4240.147,1.77854,0.9919736,Straight,Up,0,0.6424103,TransSharp
245.8999,17.66,0,-0.1066607,0.2261845,0,-0.4642289,4240.854,1.778782,0.9920976,Straight,Up,0,0.6388016,TransSharp
245.9399,17.65251,0,-0.1139849,0.2261845,0,-0.4691136,4241.56,1.778941,0.9922208,Straight,Up,0,0.6352005,TransSharp
245.9799,17.64505,0,-0.1295489,0.2261845,0,-0.4740571,4242.266,1.779061,0.992343,Straight,Up,0,0.6315918,TransSharp
246.0199,17.6376,0,-0.1478595,0.2261845,0,-0.4793013,4242.971,1.779107,0.9924642,Straight,Up,0,0.6279907,TransSharp
246.0599,17.63018,0,-0.1615924,0.2261845,0,-0.4847091,4243.676,1.779218,0.9925845,Straight,Up,0,0.624382,TransSharp
246.0999,17.62276,0,-0.1835668,0.2261845,0,-0.490014,4244.381,1.779362,0.9927038,Straight,Up,0,0.6207886,TransSharp
246.1399,17.61537,0,-0.2073705,0.2261845,0,-0.4957189,4245.086,1.779532,0.9928222,Straight,Up,0,0.6171951,TransSharp
246.1799,17.60798,0,-0.2430761,0.2063325,0,-0.5016245,4245.791,1.779774,0.9929395,Straight,Up,0,0.6135941,TransSharp
246.2199,17.59583,0,-0.2806127,0.2063325,0,-0.5076351,4246.495,1.779952,0.9930559,Straight,Up,0,0.6100006,TransSharp
246.2599,17.58407,0,-0.3025872,0.2063325,0,-0.5141363,4247.198,1.780118,0.9931715,Straight,Up,0,0.6064072,TransSharp
246.2999,17.5724,0,-0.3044182,0.2063325,0,-0.5210266,4247.901,1.780324,0.9932859,Straight,Up,0,0.6028137,TransSharp
246.3399,17.56076,0,-0.3025872,0.2023651,0,-0.5283719,4248.604,1.780398,0.9933994,Straight,Up,0,0.5992279,TransSharp
246.3799,17.54854,0,-0.2623022,0.2023651,0,-0.5359508,4249.306,1.780576,0.993512,Straight,Up,0,0.5956421,TransSharp
246.4199,17.53613,0,-0.190891,0.2023651,0,-0.5441418,4250.007,1.780579,0.9936237,Straight,Up,0,0.5920639,TransSharp
246.4599,17.52373,0,-0.13138,0.2023651,0,-0.552675,4250.708,1.780421,0.9937344,Straight,Up,0,0.5884857,TransSharp
246.4999,17.51136,0,-0.06546199,0.2023651,0,-0.5617112,4251.409,1.780409,0.993844,Straight,Up,0,0.5849075,TransSharp
246.5399,17.49904,0,-0.0352478,0.2023651,0,-0.5711223,4252.109,1.780582,0.9939528,Straight,Up,0,0.581337,TransSharp
246.5799,17.48674,0,-0.02792358,0.2023651,0,-0.5806273,4252.809,1.780778,0.9940605,Straight,Up,0,0.5777588,TransSharp
246.6199,17.47449,0,-0.02792358,0.2023651,0,-0.5905432,4253.508,1.780862,0.9941673,Straight,Up,0,0.5741882,TransSharp
246.6599,17.46229,0,-0.02334595,0.2023651,0,-0.6008157,4254.207,1.780847,0.9942732,Straight,Up,0,0.5706253,TransSharp
246.6999,17.45012,0,0.02883911,0.2023651,0,-0.6113693,4254.905,1.780987,0.9943781,Straight,Up,0,0.5670624,TransSharp
246.7399,17.43801,0,0.09384155,0.2023651,0,-0.6223489,4255.603,1.78116,0.9944819,Straight,Up,0,0.5634918,TransSharp
246.7799,17.42595,0,0.1945531,0.2023651,0,-0.6334668,4256.3,1.781227,0.9945849,Straight,Up,0,0.5599365,TransSharp
246.8199,17.41393,0,0.2851903,0.2023651,0,-0.6448047,4256.997,1.781214,0.9946869,Straight,Up,0,0.5563736,TransSharp
246.8599,17.40193,0,0.3392065,0.2023651,0,-0.6562136,4257.693,1.781354,0.994788,Straight,Up,0,0.5528259,TransSharp
246.8999,17.38998,0,0.3849864,0.2023651,0,-0.6674961,4258.389,1.781512,0.9948879,Straight,Up,0,0.5492706,TransSharp
246.9399,17.37807,0,0.3978038,0.2023651,0,-0.6789007,4259.084,1.781559,0.9949871,Straight,Up,0,0.545723,TransSharp
246.9799,17.36621,0,0.4032969,0.2023651,0,-0.6901304,4259.779,1.781669,0.9950852,Straight,Up,0,0.5421677,TransSharp
247.0199,17.35438,0,0.4042125,0.2023651,0,-0.7013255,4260.474,1.781506,0.9951823,Straight,Up,0,0.5386276,TransSharp
247.0599,17.34257,0,0.4042125,0.2023651,0,-0.7123826,4261.167,1.781622,0.9952786,Straight,Up,0,0.5350876,TransSharp
247.0999,17.3308,0,0.4042125,0.2261845,0,-0.7233111,4261.861,1.781777,0.9953738,Straight,Up,0,0.5315475,TransSharp
247.1399,17.3226,0,0.4042125,0.2261845,0,-0.7339671,4262.554,1.781979,0.9954681,Straight,Up,0,0.5280075,TransSharp
247.1799,17.31584,0,0.3987193,0.2301518,0,-0.7442408,4263.247,1.782159,0.9955613,Straight,Up,0,0.5244751,TransSharp
247.2199,17.30988,0,0.3620982,0.2301518,0,-0.754054,4263.939,1.782282,0.9956537,Straight,Up,0,0.5209351,TransSharp
247.2599,17.30421,0,0.3208959,0.2301518,0,-0.7634273,4264.631,1.782337,0.9957451,Straight,Up,0,0.517395,TransSharp
247.2999,17.29857,0,0.2439916,0.2301518,0,-0.7722638,4265.324,1.782533,0.9958354,Straight,Up,0,0.5138626,TransSharp
247.3399,17.29296,0,0.1771581,0.2341192,0,-0.7806362,4266.015,1.78273,0.9959249,Straight,Up,0,0.5103378,TransSharp
247.3799,17.28795,0,0.07003784,0.2341192,0,-0.7885181,4266.707,1.782709,0.9960134,Straight,Up,0,0.5068054,TransSharp
247.4199,17.28322,0,-0.04714966,0.2341192,0,-0.7960246,4267.398,1.782732,0.9961008,Straight,Up,0,0.503273,TransSharp
247.4599,17.27855,0,-0.1286334,0.2380865,0,-0.8032319,4268.089,1.782875,0.9961873,Straight,Up,0,0.4997406,TransSharp
247.4999,17.27449,0,-0.2092016,0.2420539,0,-0.8101274,4268.781,1.783019,0.9962729,Straight,Up,0,0.4962158,TransSharp
247.5399,17.27167,0,-0.2449071,0.2499886,0,-0.8166955,4269.472,1.78312,0.9963576,Straight,Up,0,0.4926834,TransSharp
247.5799,17.27037,0,-0.2549779,0.2539559,0,-0.8234465,4270.162,1.783316,0.9964411,Straight,Up,0,0.4891586,TransSharp
247.6199,17.26987,0,-0.2504003,0.2658579,0,-0.829928,4270.853,1.783374,0.9965239,Straight,Up,0,0.4856262,TransSharp
247.6599,17.27213,0,-0.2504003,0.2737926,0,-0.8361063,4271.543,1.783388,0.9966055,Straight,Up,0,0.4821091,TransSharp
247.6999,17.27607,0,-0.2494848,0.2737926,0,-0.8422126,4272.234,1.78348,0.9966863,Straight,Up,0,0.4785767,TransSharp
247.7399,17.28016,0,-0.2604711,0.27776,0,-0.848107,4272.926,1.783563,0.996766,Straight,Up,0,0.4750519,TransSharp
247.7799,17.28524,0,-0.2980095,0.27776,0,-0.8540798,4273.617,1.783551,0.9968448,Straight,Up,0,0.4715195,TransSharp
247.8199,17.28869,0,-0.3584343,0.27776,0,-0.8598186,4274.309,1.783232,0.9969227,Straight,Up,0,0.4679871,TransSharp
247.8599,17.29605,0,-0.4106212,0.27776,0,-0.865553,4275,1.781389,0.9969995,Straight,Up,0,0.4644623,TransSharp
247.8999,17.30295,0,-0.4692149,0.2817273,0,-0.8673553,4275.692,1.783445,0.9970753,Straight,Up,0,0.4609299,TransSharp
247.9399,17.30993,0,-0.4948497,0.2817273,0,-0.8695139,4276.385,1.785224,0.9971503,Straight,Up,0,0.4574051,TransSharp
247.9799,17.31692,0,-0.4994273,0.2856947,0,-0.8717911,4277.077,1.786947,0.9972243,Straight,Up,0,0.4538727,TransSharp
248.0199,17.32493,0,-0.4646373,0.2856947,0,-0.8749373,4277.77,1.787408,0.9972972,Straight,Up,0,0.4503403,TransSharp
248.0599,17.33415,0,-0.4124522,0.289662,0,-0.878441,4278.463,1.787219,0.9973692,Straight,Up,0,0.4468002,TransSharp
248.0999,17.34433,0,-0.3291374,0.2936446,0,-0.8824569,4279.157,1.786697,0.9974402,Straight,Up,0,0.4432526,TransSharp
248.1399,17.35532,0,-0.256809,0.297612,0,-0.8870171,4279.851,1.786177,0.9975103,Straight,Up,0,0.4397125,TransSharp
248.1799,17.3671,0,-0.1725787,0.3015793,0,-0.8920546,4280.545,1.785657,0.9975794,Straight,Up,0,0.4361649,TransSharp
248.2199,17.37964,0,-0.0956744,0.3055466,0,-0.8974408,4281.241,1.785266,0.9976475,Straight,Up,0,0.4326172,TransSharp
248.2599,17.39298,0,-0.06363094,0.309514,0,-0.9035535,4281.936,1.784801,0.9977148,Straight,Up,0,0.4290619,TransSharp
248.2999,17.40681,0,-0.05172729,0.3134814,0,-0.9099463,4282.632,1.784633,0.9977809,Straight,Up,0,0.4255066,TransSharp
248.3399,17.42142,0,-0.05172729,0.3174487,0,-0.9167945,4283.329,1.784454,0.9978461,Straight,Up,0,0.4219513,TransSharp
248.3799,17.43685,0,-0.05172729,0.3214161,0,-0.9242798,4284.026,1.78437,0.9979103,Straight,Up,0,0.4183884,TransSharp
248.4199,17.45346,0,-0.03982544,0.3253834,0,-0.9324875,4284.725,1.784347,0.9979736,Straight,Up,0,0.4148178,TransSharp
248.4599,17.47094,0,-0.0151062,0.3293507,0,-0.941258,4285.423,1.784343,0.9980359,Straight,Up,0,0.4112549,TransSharp
248.4999,17.48893,0,0.0453186,0.3293507,0,-0.9505758,4286.123,1.784387,0.9980973,Straight,Up,-0.02797646,0.4076843,TransSharp
248.5399,17.5071,0,0.09384155,0.3333181,0,-0.9603786,4286.823,1.784409,0.9981576,Straight,Up,-0.03426402,0.3974152,TransSharp
248.5799,17.52621,0,0.1606786,0.3333181,0,-0.9706267,4287.523,1.784401,0.998217,Straight,Up,-0.03956468,0.3832703,TransSharp
248.6199,17.54492,0,0.2256811,0.3333181,0,-0.9809299,4288.225,1.784285,0.9982755,Straight,Up,-0.03956468,0.3691101,TransSharp
248.6599,17.56437,0,0.2659643,0.3372854,0,-0.9914422,4288.927,1.78341,0.9983329,Straight,Up,-0.03956468,0.3549423,TransSharp
248.6999,17.58545,0,0.2861059,0.3372854,0,-0.9977461,4289.63,1.784384,0.9983894,Straight,Up,-0.03426402,0.3407593,TransSharp
248.7399,17.60631,0,0.289768,0.3412528,0,-1.002969,4290.334,1.785678,0.9984449,Straight,Up,-0.03426402,0.3265686,TransSharp
248.7799,17.6279,0,0.289768,0.3452201,0,-1.008375,4291.04,1.7868,0.9984994,Straight,Up,-0.03426402,0.312355,TransSharp
248.8199,17.64952,0,0.289768,0.3452201,0,-1.01372,4291.745,1.787404,0.998553,Straight,Up,-0.03956468,0.2981186,TransSharp
248.8599,17.6727,0,0.289768,0.3491875,0,-1.019096,4292.452,1.78753,0.9986055,Straight,Up,-0.03426402,0.2838516,TransSharp
248.8999,17.69646,0,0.289768,0.3531548,0,-1.024526,4293.159,1.787293,0.9986572,Straight,Up,-0.03426402,0.2695618,TransSharp
248.9399,17.7209,0,0.291599,0.3610895,0,-1.029826,4293.868,1.786862,0.9987078,Straight,Up,-0.03426402,0.2552643,TransSharp
248.9799,17.74704,0,0.3025854,0.3690242,0,-1.034996,4294.577,1.786424,0.9987575,Straight,Up,-0.03956468,0.2409286,TransSharp
249.0199,17.77479,0,0.3144872,0.3769741,0,-1.040015,4295.288,1.786146,0.9988062,Straight,Up,-0.03956468,0.2265778,TransSharp
249.0599,17.80454,0,0.3199804,0.3809415,0,-1.044598,4296,1.785899,0.9988539,Straight,Up,-0.03956468,0.2122116,TransSharp
249.0999,17.83498,0,0.3199804,0.3849088,0,-1.048808,4296.713,1.785824,0.9989007,Straight,Up,-0.03426402,0.1978149,TransSharp
249.1399,17.86619,0,0.3199804,0.3849088,0,-1.052683,4297.427,1.785693,0.9989464,Straight,Up,-0.03956468,0.1833878,TransSharp
249.1799,17.89721,0,0.3044164,0.3849088,0,-1.055925,4298.143,1.785604,0.9989913,Straight,Up,-0.03426402,0.1689377,TransSharp
249.2199,17.92811,0,0.2732885,0.3849088,0,-1.058817,4298.859,1.785577,0.9990351,Straight,Up,-0.03956468,0.1544647,TransSharp
249.2599,17.95894,0,0.2494848,0.3849088,0,-1.061221,4299.578,1.785611,0.999078,Straight,Flat,-0.03426402,0.1399765,TransSharp
249.2999,17.98964,0,0.2183568,0.3849088,0,-1.06306,4300.297,1.785692,0.9991198,Straight,Flat,-0.01978234,0.1254501,TransSharp
249.3399,18.02027,0,0.1826513,0.3650568,0,-1.064358,4301.017,1.785774,0.9991608,Straight,Flat,0,0.1190796,TransSharp
249.3799,18.04792,0,0.1524389,0.3610895,0,-1.065122,4301.739,1.785777,0.9992007,Straight,Flat,0,0.1157837,TransSharp
249.4199,18.07326,0,0.1057434,0.3610895,0,-1.065544,4302.461,1.785761,0.9992397,Straight,Flat,0,0.1124802,TransSharp
249.4599,18.09844,0,0.06912231,0.3610895,0,-1.065432,4303.185,1.785772,0.9992777,Straight,Flat,0,0.109169,TransSharp
249.4999,18.12356,0,0.02243042,0.3610895,0,-1.064831,4303.91,1.785811,0.9993147,Straight,Flat,0,0.1058655,TransSharp
249.5399,18.1486,0,-0.02243042,0.3610895,0,-1.063735,4304.635,1.785881,0.9993508,Straight,Flat,0,0.1025467,TransSharp
249.5799,18.17355,0,-0.0453186,0.3610895,0,-1.062319,4305.362,1.785936,0.9993858,Straight,Flat,0,0.09922791,TransSharp
249.6199,18.19847,0,-0.07003963,0.3610895,0,-1.060766,4306.089,1.785954,0.99942,Straight,Flat,-0.01978234,0.09590149,TransSharp
249.6599,18.22333,0,-0.08743465,0.3610895,0,-1.058694,4306.818,1.785926,0.9994531,Straight,Flat,0,0.09257507,TransSharp
249.6999,18.2481,0,-0.1185626,0.3610895,0,-1.056349,4307.547,1.785872,0.9994853,Straight,Flat,0,0.08924103,TransSharp
249.7399,18.27282,0,-0.1615924,0.3571222,0,-1.053415,4308.278,1.786044,0.9995164,Straight,Flat,0,0.08589935,TransSharp
249.7799,18.2969,0,-0.2027929,0.3571222,0,-1.050406,4309.009,1.786105,0.9995466,Straight,Flat,0,0.08255768,TransSharp
249.8199,18.32066,0,-0.2613866,0.3571222,0,-1.047252,4309.742,1.786067,0.9995759,Straight,Flat,0,0.079216,TransSharp
249.8599,18.34428,0,-0.2925146,0.3571222,0,-1.043887,4310.475,1.786075,0.9996042,Straight,Flat,0,0.07585907,TransSharp
249.8999,18.36788,0,-0.314489,0.3571222,0,-1.040711,4311.209,1.786131,0.9996314,Straight,Flat,0,0.07250214,TransSharp
249.9399,18.39138,0,-0.314489,0.3571222,0,-1.037652,4311.945,1.786145,0.9996578,Straight,Flat,0,0.0691452,TransSharp
249.9799,18.41481,0,-0.314489,0.3571222,0,-1.034396,4312.681,1.786197,0.9996831,Straight,Flat,0,0.06578064,TransSharp
250.0199,18.43814,0,-0.297094,0.3571222,0,-1.031268,4313.418,1.786218,0.9997074,Straight,Flat,0,0.06240845,TransSharp
250.0599,18.46139,0,-0.2687109,0.3571222,0,-1.028278,4314.157,1.786174,0.9997308,Straight,Flat,0,0.05903625,TransSharp
250.0999,18.47478,0,-0.2256811,0.3571222,0,-1.026158,4314.896,1.784804,0.9997532,Straight,Flat,0,0.05566406,TransSharp
250.1399,18.50847,0,-0.1670855,0.3571222,0,-1.023764,4315.636,1.789676,0.9997747,Straight,Flat,0,0.05229187,TransSharp
250.1799,18.53163,0,-0.13138,0.3571222,0,-1.021136,4316.377,1.788685,0.9997951,Straight,Flat,0,0.04889679,TransSharp
250.2199,18.55401,0,-0.09475887,0.3571222,0,-1.018691,4317.12,1.788185,0.9998146,Straight,Flat,0,0.04550934,TransSharp
250.2599,18.56705,0,-0.08743465,0.3571222,0,-1.017131,4317.862,1.787247,0.9998332,Straight,Flat,0,0.04211426,TransSharp
250.2999,18.5953,0,-0.08285701,0.3571222,0,-1.015586,4318.606,1.785951,0.9998507,Straight,Flat,0,0.03871155,TransSharp
250.3399,18.62097,0,-0.08285701,0.3571222,0,-1.014071,4319.351,1.785373,0.9998673,Straight,Flat,0,0.03530884,TransSharp
250.3799,18.64425,0,-0.08285701,0.3571222,0,-1.013159,4320.097,1.785181,0.9998828,Straight,Flat,0,0.0318985,TransSharp
250.4199,18.66678,0,-0.08285701,0.3571222,0,-1.012559,4320.843,1.785202,0.9998975,Straight,Flat,0,0.02849579,TransSharp
250.4599,18.6891,0,-0.07553279,0.3571222,0,-1.012532,4321.591,1.785383,0.9999112,Straight,Flat,-0.01978234,-0.07570648,TransSlide
250.4999,18.71139,0,-0.03982544,0.3571222,0,-1.013198,4322.339,1.785383,0.9999238,Straight,Flat,0,-0.08361053,TransSlide
250.5399,18.73364,0,-0.03982544,0.3571222,0,-1.013896,4323.088,1.785571,0.9999356,Straight,Flat,-0.01978234,-0.09152985,TransSlide
250.5799,18.75584,0,-0.02426147,0.3571222,0,-1.015126,4323.838,1.785776,0.9999462,Straight,Flat,0,-0.09944916,TransSlide
250.6199,18.77799,0,-0.005950928,0.3571222,0,-1.016838,4324.589,1.785925,0.999956,Straight,Flat,0,-0.1073837,TransSlide
250.6599,18.8001,0,0.01602173,0.3571222,0,-1.018595,4325.341,1.786183,0.9999648,Straight,Flat,-0.01978234,-0.1153259,TransSlide
250.6999,18.82214,0,0.03799438,0.3571222,0,-1.020612,4326.094,1.78625,0.9999726,Straight,Flat,0,-0.1232758,TransSlide
250.7399,18.84412,0,0.05722046,0.3571222,0,-1.023017,4326.847,1.786233,0.9999794,Straight,Flat,0,-0.1312332,TransSlide
250.7799,18.86604,0,0.07003784,0.3571222,0,-1.025605,4327.602,1.786223,0.9999852,Straight,Flat,0,-0.1392059,TransSlide
250.8199,18.8879,0,0.07644653,0.3571222,0,-1.028392,4328.357,1.786186,0.9999901,Straight,Flat,0,-0.1471786,TransSlide
250.8599,18.9097,0,0.08010864,0.3571222,0,-1.031377,4329.113,1.786278,0.999994,Straight,Down,0,-0.1551743,TransSlide
250.8999,18.93146,0,0.08010864,0.3571222,0,-1.034583,4329.87,1.786328,0.999997,Straight,Down,0,-0.1631699,TransSlide
250.9399,18.95313,0,0.08102417,0.3571222,0,-1.037941,4330.628,1.786358,0.9999989,Straight,Down,0,-0.1711731,TransSlide
250.9799,18.97473,0,0.08926392,0.3571222,0,-1.041483,4331.387,1.78643,0.9999999,Straight,Down,-0.01978234,-0.179184,TransSlide

Participant ID:, 007
DateTime:, 2026-07-23 12:34:20
Target Speed:, 80 km/h
Camera xyz:, -0.2259974,-0.1250148,0.2366689
Trial Duration:, 180 s
Warmup Duration:, 30 s
